mtllib material.mtl
usemtl Opaque(38,83,134)
v 0.06837600 0.12498100 0.00120600
v 0.06837600 0.12498100 0.00120600
v 0.06837600 0.12498100 0.00120600
v 0.06880700 0.12172900 0.00095900
v 0.06880700 0.12172900 0.00095900
v 0.07007600 0.11869400 0.00096400
v 0.07007600 0.11869400 0.00096400
v 0.07098300 0.11736800 0.00104000
v 0.07098300 0.11736800 0.00104000
v 0.07193100 0.11630800 0.00113600
v 0.07193100 0.11630800 0.00113600
v 0.07364700 0.11491100 0.00132500
v 0.07364700 0.11491100 0.00132500
v 0.07519200 0.11403700 0.00148500
v 0.07519200 0.11403700 0.00148500
v 0.07685200 0.11340500 0.00163900
v 0.07685200 0.11340500 0.00163900
v 0.07859600 0.11302400 0.00177200
v 0.07859600 0.11302400 0.00177200
v 0.08037900 0.11290500 0.00187700
v 0.08037900 0.11290500 0.00187700
v 0.08037900 0.11290500 0.00187700
v 0.08036700 0.11377500 0.00680600
v 0.08036700 0.11377500 0.00680600
v 0.08036700 0.11377500 0.00680600
v 0.07856000 0.11389600 0.00669800
v 0.07856000 0.11389600 0.00669800
v 0.07679300 0.11428700 0.00656200
v 0.07679300 0.11428700 0.00656200
v 0.07511500 0.11493600 0.00640700
v 0.07511500 0.11493600 0.00640700
v 0.07355900 0.11583100 0.00624900
v 0.07355900 0.11583100 0.00624900
v 0.07187200 0.11722700 0.00607500
v 0.07187200 0.11722700 0.00607500
v 0.07093600 0.11828500 0.00599400
v 0.07093600 0.11828500 0.00599400
v 0.07004000 0.11961200 0.00594200
v 0.07004000 0.11961200 0.00594200
v 0.06878500 0.12265100 0.00601400
v 0.06878500 0.12265100 0.00601400
v 0.06836200 0.12589400 0.00637500
v 0.06836200 0.12589400 0.00637500
v 0.06836200 0.12589400 0.00637500
v 0.07730000 0.11359900 0.00348800
v 0.06866200 0.12278100 0.00376900
v 0.07529200 0.11431600 0.00335600
v 0.07344400 0.11537500 0.00316500
v 0.07181500 0.11673800 0.00292000
v 0.07046100 0.11836500 0.00263000
v 0.06951700 0.12000200 0.00233900
v 0.06866700 0.12245200 0.00190500
v 0.06952000 0.11983800 0.00140700
v 0.07046300 0.11820100 0.00169800
v 0.07181700 0.11657400 0.00198800
v 0.07344600 0.11521000 0.00223300
v 0.07529400 0.11415200 0.00242400
v 0.07730300 0.11343500 0.00255600
v 0.06951200 0.12033100 0.00420300
v 0.07045600 0.11869400 0.00449400
v 0.07181000 0.11706700 0.00478500
v 0.07343900 0.11570400 0.00502900
v 0.07528700 0.11464500 0.00522100
v 0.07729500 0.11392800 0.00535200
v 0.06836200 0.12910700 0.00702600
v 0.06836200 0.12910700 0.00702600
v 0.06836200 0.13225100 0.00795800
v 0.06836200 0.13225100 0.00795800
v 0.06836200 0.13529900 0.00916400
v 0.06836200 0.13529900 0.00916400
v 0.06836200 0.13822900 0.01063500
v 0.06836200 0.13822900 0.01063500
v 0.06836200 0.14101300 0.01235600
v 0.06836200 0.14101300 0.01235600
v 0.06836200 0.14363200 0.01431400
v 0.06836200 0.14363200 0.01431400
v 0.06836200 0.14607100 0.01649800
v 0.06836200 0.14607100 0.01649800
v 0.06836200 0.14831000 0.01889200
v 0.06836200 0.14831000 0.01889200
v 0.06836200 0.15032900 0.02147400
v 0.06836200 0.15032900 0.02147400
v 0.06836200 0.15211200 0.02422500
v 0.06836200 0.15211200 0.02422500
v 0.06836200 0.15364400 0.02712100
v 0.06836200 0.15364400 0.02712100
v 0.06836200 0.15491500 0.03014300
v 0.06836200 0.15491500 0.03014300
v 0.06836200 0.15591400 0.03326400
v 0.06836200 0.15591400 0.03326400
v 0.06836200 0.15663300 0.03646300
v 0.06836200 0.15663300 0.03646300
v 0.06836200 0.15706700 0.03971100
v 0.06836200 0.15706700 0.03971100
v 0.06836200 0.15721200 0.04298600
v 0.06836200 0.15721200 0.04298600
v 0.06836200 0.15706700 0.04626000
v 0.06836200 0.15706700 0.04626000
v 0.06836200 0.15663300 0.04950800
v 0.06836200 0.15663300 0.04950800
v 0.06836200 0.15591400 0.05270700
v 0.06836200 0.15591400 0.05270700
v 0.06836200 0.15491500 0.05582800
v 0.06836200 0.15491500 0.05582800
v 0.06836200 0.15364400 0.05885000
v 0.06836200 0.15364400 0.05885000
v 0.06836200 0.15211200 0.06174600
v 0.06836200 0.15211200 0.06174600
v 0.06836200 0.15032900 0.06449800
v 0.06836200 0.15032900 0.06449800
v 0.06836200 0.14831000 0.06707900
v 0.06836200 0.14831000 0.06707900
v 0.06836200 0.14607100 0.06947300
v 0.06836200 0.14607100 0.06947300
v 0.06836200 0.14363200 0.07165700
v 0.06836200 0.14363200 0.07165700
v 0.06836200 0.14101300 0.07361500
v 0.06836200 0.14101300 0.07361500
v 0.06836200 0.13822900 0.07533600
v 0.06836200 0.13822900 0.07533600
v 0.06836200 0.13529900 0.07680700
v 0.06836200 0.13529900 0.07680700
v 0.06836200 0.13225100 0.07801300
v 0.06836200 0.13225100 0.07801300
v 0.06836200 0.12910700 0.07894500
v 0.06836200 0.12910700 0.07894500
v 0.06836200 0.12589400 0.07959600
v 0.06836200 0.12589400 0.07959600
v 0.06836200 0.12589400 0.07959600
v 0.06837600 0.12498100 0.08476500
v 0.06837600 0.12498100 0.08476500
v 0.06837600 0.12498100 0.08476500
v 0.06837600 0.12875800 0.08415400
v 0.06837600 0.12875800 0.08415400
v 0.06837600 0.13246000 0.08320200
v 0.06837600 0.13246000 0.08320200
v 0.06837600 0.13606500 0.08191700
v 0.06837600 0.13606500 0.08191700
v 0.06837600 0.13954000 0.08030900
v 0.06837600 0.13954000 0.08030900
v 0.06837600 0.14284800 0.07839500
v 0.06837600 0.14284800 0.07839500
v 0.06837600 0.14596400 0.07619200
v 0.06837600 0.14596400 0.07619200
v 0.06837600 0.14887100 0.07371300
v 0.06837600 0.14887100 0.07371300
v 0.06837600 0.15154500 0.07097500
v 0.06837600 0.15154500 0.07097500
v 0.06837600 0.15395900 0.06800700
v 0.06837600 0.15395900 0.06800700
v 0.06837600 0.15609400 0.06483000
v 0.06837600 0.15609400 0.06483000
v 0.06837600 0.15793000 0.06147300
v 0.06837600 0.15793000 0.06147300
v 0.06837600 0.15945500 0.05796200
v 0.06837600 0.15945500 0.05796200
v 0.06837600 0.16065300 0.05432800
v 0.06837600 0.16065300 0.05432800
v 0.06837600 0.16151700 0.05060000
v 0.06837600 0.16151700 0.05060000
v 0.06837600 0.16203700 0.04680900
v 0.06837600 0.16203700 0.04680900
v 0.06837600 0.16221200 0.04298600
v 0.06837600 0.16221200 0.04298600
v 0.06837600 0.16203700 0.03916200
v 0.06837600 0.16203700 0.03916200
v 0.06837600 0.16151700 0.03537200
v 0.06837600 0.16151700 0.03537200
v 0.06837600 0.16065300 0.03164300
v 0.06837600 0.16065300 0.03164300
v 0.06837600 0.15945500 0.02800900
v 0.06837600 0.15945500 0.02800900
v 0.06837600 0.15793000 0.02449800
v 0.06837600 0.15793000 0.02449800
v 0.06837600 0.15609400 0.02114100
v 0.06837600 0.15609400 0.02114100
v 0.06837600 0.15395900 0.01796400
v 0.06837600 0.15395900 0.01796400
v 0.06837600 0.15154500 0.01499600
v 0.06837600 0.15154500 0.01499600
v 0.06837600 0.14887100 0.01225800
v 0.06837600 0.14887100 0.01225800
v 0.06837600 0.14596400 0.00977900
v 0.06837600 0.14596400 0.00977900
v 0.06837600 0.14284800 0.00757600
v 0.06837600 0.14284800 0.00757600
v 0.06837600 0.13954000 0.00566200
v 0.06837600 0.13954000 0.00566200
v 0.06837600 0.13606500 0.00405400
v 0.06837600 0.13606500 0.00405400
v 0.06837600 0.13246000 0.00276900
v 0.06837600 0.13246000 0.00276900
v 0.06837600 0.12875800 0.00181700
v 0.06837600 0.12875800 0.00181700
v 0.06836900 0.12875000 0.00436600
v 0.06836900 0.13271300 0.00546800
v 0.06836900 0.13654000 0.00697300
v 0.06836900 0.14019000 0.00886600
v 0.06836900 0.14362200 0.01113100
v 0.06836900 0.14680100 0.01374000
v 0.06836900 0.14969400 0.01666300
v 0.06836900 0.15226800 0.01987000
v 0.06836900 0.15449200 0.02333000
v 0.06836900 0.15634600 0.02700200
v 0.06836900 0.15781200 0.03084600
v 0.06836900 0.15887000 0.03482100
v 0.06836900 0.15950700 0.03888400
v 0.06836900 0.15971900 0.04299300
v 0.06836900 0.15950600 0.04710100
v 0.06836900 0.15886800 0.05116500
v 0.06836900 0.15780800 0.05513900
v 0.06836900 0.15634100 0.05898200
v 0.06836900 0.15448500 0.06265400
v 0.06836900 0.15225900 0.06611300
v 0.06836900 0.14968300 0.06932000
v 0.06836900 0.14678800 0.07224300
v 0.06836900 0.14360700 0.07485200
v 0.06836900 0.14017300 0.07711600
v 0.06836900 0.13652700 0.07900500
v 0.06836900 0.13270400 0.08050700
v 0.06836900 0.12874600 0.08160600
v 0.06850300 0.12318800 0.08493300
v 0.06850300 0.12318800 0.08493300
v 0.06888600 0.12142700 0.08502200
v 0.06888600 0.12142700 0.08502200
v 0.06952100 0.11974200 0.08503600
v 0.06952100 0.11974200 0.08503600
v 0.07040400 0.11816700 0.08498300
v 0.07040400 0.11816700 0.08498300
v 0.07186000 0.11637900 0.08483800
v 0.07186000 0.11637900 0.08483800
v 0.07424600 0.11453800 0.08458300
v 0.07424600 0.11453800 0.08458300
v 0.07720100 0.11331100 0.08430400
v 0.07720100 0.11331100 0.08430400
v 0.08037900 0.11290500 0.08409500
v 0.08037900 0.11290500 0.08409500
v 0.08037900 0.11290500 0.08409500
v 0.08904200 0.11300600 0.08352400
v 0.08904200 0.11300600 0.08352400
v 0.09768000 0.11315800 0.08266400
v 0.09768000 0.11315800 0.08266400
v 0.10628300 0.11336000 0.08151400
v 0.10628300 0.11336000 0.08151400
v 0.10628300 0.11336000 0.08151400
v 0.10628300 0.11953300 0.08210300
v 0.10628300 0.11953300 0.08210300
v 0.10628300 0.12572200 0.08171000
v 0.10628300 0.12572200 0.08171000
v 0.10628300 0.13177000 0.08034400
v 0.10628300 0.13177000 0.08034400
v 0.10628300 0.13752700 0.07803900
v 0.10628300 0.13752700 0.07803900
v 0.10628300 0.14284700 0.07485400
v 0.10628300 0.14284700 0.07485400
v 0.10628300 0.14759800 0.07086800
v 0.10628300 0.14759800 0.07086800
v 0.10628300 0.15165800 0.06618200
v 0.10628300 0.15165800 0.06618200
v 0.10628300 0.15492800 0.06091300
v 0.10628300 0.15492800 0.06091300
v 0.10628300 0.15732300 0.05519300
v 0.10628300 0.15732300 0.05519300
v 0.10628300 0.15878500 0.04916700
v 0.10628300 0.15878500 0.04916700
v 0.10628300 0.15927700 0.04298600
v 0.10628300 0.15927700 0.04298600
v 0.10628300 0.15878500 0.03680400
v 0.10628300 0.15878500 0.03680400
v 0.10628300 0.15732300 0.03077800
v 0.10628300 0.15732300 0.03077800
v 0.10628300 0.15492800 0.02505900
v 0.10628300 0.15492800 0.02505900
v 0.10628300 0.15165800 0.01978900
v 0.10628300 0.15165800 0.01978900
v 0.10628300 0.14759800 0.01510300
v 0.10628300 0.14759800 0.01510300
v 0.10628300 0.14284700 0.01111700
v 0.10628300 0.14284700 0.01111700
v 0.10628300 0.13752700 0.00793200
v 0.10628300 0.13752700 0.00793200
v 0.10628300 0.13177000 0.00562700
v 0.10628300 0.13177000 0.00562700
v 0.10628300 0.12572200 0.00426100
v 0.10628300 0.12572200 0.00426100
v 0.10628300 0.11953300 0.00386800
v 0.10628300 0.11953300 0.00386800
v 0.10628300 0.11336000 0.00445700
v 0.10628300 0.11336000 0.00445700
v 0.10628300 0.11336000 0.00445700
v 0.09768000 0.11315800 0.00330800
v 0.09768000 0.11315800 0.00330800
v 0.08904200 0.11300600 0.00244700
v 0.08904200 0.11300600 0.00244700
v 0.08105500 0.11920500 0.00128800
v 0.09370100 0.11922700 0.00226700
v 0.08105500 0.12552000 0.00162400
v 0.09370100 0.12539400 0.00259500
v 0.08105500 0.13171100 0.00291000
v 0.09370100 0.13144000 0.00385100
v 0.08105500 0.13763700 0.00511800
v 0.09370100 0.13722700 0.00600700
v 0.08105500 0.14316100 0.00819700
v 0.09370100 0.14262100 0.00901300
v 0.08105500 0.14815600 0.01207500
v 0.09370100 0.14749900 0.01280100
v 0.08105500 0.15250800 0.01666400
v 0.09370100 0.15174800 0.01728200
v 0.08105500 0.15611500 0.02185800
v 0.09370100 0.15527100 0.02235400
v 0.08105500 0.15889600 0.02753700
v 0.09370100 0.15798700 0.02790000
v 0.08105500 0.16078600 0.03357200
v 0.09370100 0.15983300 0.03379300
v 0.08105500 0.16174300 0.03982400
v 0.09370100 0.16076600 0.03989800
v 0.08105500 0.16174300 0.04614800
v 0.09370100 0.16076600 0.04607300
v 0.08105500 0.16078600 0.05239900
v 0.09370100 0.15983300 0.05217800
v 0.08105500 0.15889600 0.05843400
v 0.09370100 0.15798700 0.05807100
v 0.08105500 0.15611500 0.06411300
v 0.09370100 0.15527100 0.06361700
v 0.08105500 0.15250800 0.06930700
v 0.09370100 0.15174800 0.06868900
v 0.08105500 0.14815600 0.07389600
v 0.09370100 0.14749900 0.07317100
v 0.08105500 0.14316100 0.07777400
v 0.09370100 0.14262100 0.07695800
v 0.08105500 0.13763700 0.08085300
v 0.09370100 0.13722700 0.07996400
v 0.08105500 0.13171100 0.08306100
v 0.09370100 0.13144000 0.08212000
v 0.08105500 0.12552000 0.08434800
v 0.09370100 0.12539400 0.08337700
v 0.08105500 0.11920500 0.08468300
v 0.09370100 0.11922700 0.08370400
v 0.06855500 0.12367700 0.07987500
v 0.06855500 0.12367700 0.07987500
v 0.06913700 0.12151800 0.08001500
v 0.06913700 0.12151800 0.08001500
v 0.07010000 0.11950400 0.08002700
v 0.07010000 0.11950400 0.08002700
v 0.07144900 0.11767300 0.07993200
v 0.07144900 0.11767300 0.07993200
v 0.07323400 0.11606000 0.07975600
v 0.07323400 0.11606000 0.07975600
v 0.07542700 0.11479900 0.07953500
v 0.07542700 0.11479900 0.07953500
v 0.07784100 0.11402500 0.07932500
v 0.07784100 0.11402500 0.07932500
v 0.08036700 0.11377500 0.07916500
v 0.08036700 0.11377500 0.07916500
v 0.08036700 0.11377500 0.07916500
v 0.06877600 0.12199600 0.08398900
v 0.07776300 0.11349100 0.08246700
v 0.06950600 0.11985300 0.08457100
v 0.06950400 0.12001800 0.08363900
v 0.07058000 0.11803300 0.08424700
v 0.07196400 0.11642800 0.08396100
v 0.07361600 0.11509400 0.08372100
v 0.07527800 0.11416500 0.08355300
v 0.07776500 0.11332700 0.08339900
v 0.07057800 0.11819700 0.08331500
v 0.07196200 0.11659300 0.08302900
v 0.07361300 0.11525900 0.08278900
v 0.07527600 0.11432900 0.08262100
v 0.06877800 0.12183100 0.08492200
v 0.07775800 0.11382000 0.08060200
v 0.07527100 0.11465800 0.08075700
v 0.07360800 0.11558700 0.08092500
v 0.07195700 0.11692200 0.08116400
v 0.07057300 0.11852600 0.08145100
v 0.06949900 0.12034700 0.08177400
v 0.06877100 0.12232500 0.08212500
v 0.08820400 0.11386500 0.00731900
v 0.08820400 0.11386500 0.00731900
v 0.09602000 0.11399800 0.00807500
v 0.09602000 0.11399800 0.00807500
v 0.10380900 0.11417400 0.00907200
v 0.10380900 0.11417400 0.00907200
v 0.10380900 0.11417400 0.00907200
v 0.10380900 0.11986800 0.00855000
v 0.10380900 0.11986800 0.00855000
v 0.10380900 0.12556900 0.00897700
v 0.10380900 0.12556900 0.00897700
v 0.10380900 0.13112200 0.01034200
v 0.10380900 0.13112200 0.01034200
v 0.10380900 0.13637200 0.01260600
v 0.10380900 0.13637200 0.01260600
v 0.10380900 0.14117500 0.01570800
v 0.10380900 0.14117500 0.01570800
v 0.10380900 0.14539800 0.01956200
v 0.10380900 0.14539800 0.01956200
v 0.10380900 0.14892600 0.02406200
v 0.10380900 0.14892600 0.02406200
v 0.10380900 0.15166000 0.02908300
v 0.10380900 0.15166000 0.02908300
v 0.10380900 0.15352600 0.03448800
v 0.10380900 0.15352600 0.03448800
v 0.10380900 0.15447200 0.04012700
v 0.10380900 0.15447200 0.04012700
v 0.10380900 0.15447200 0.04584400
v 0.10380900 0.15447200 0.04584400
v 0.10380900 0.15352600 0.05148300
v 0.10380900 0.15352600 0.05148300
v 0.10380900 0.15166000 0.05688800
v 0.10380900 0.15166000 0.05688800
v 0.10380900 0.14892600 0.06190900
v 0.10380900 0.14892600 0.06190900
v 0.10380900 0.14539800 0.06640900
v 0.10380900 0.14539800 0.06640900
v 0.10380900 0.14117500 0.07026300
v 0.10380900 0.14117500 0.07026300
v 0.10380900 0.13637200 0.07336500
v 0.10380900 0.13637200 0.07336500
v 0.10380900 0.13112200 0.07562900
v 0.10380900 0.13112200 0.07562900
v 0.10380900 0.12556900 0.07699400
v 0.10380900 0.12556900 0.07699400
v 0.10380900 0.11986800 0.07742200
v 0.10380900 0.11986800 0.07742200
v 0.10380900 0.11417400 0.07690000
v 0.10380900 0.11417400 0.07690000
v 0.10380900 0.11417400 0.07690000
v 0.09602000 0.11399800 0.07789600
v 0.09602000 0.11399800 0.07789600
v 0.08820400 0.11386500 0.07865200
v 0.08820400 0.11386500 0.07865200
v 0.09203900 0.12579500 0.00756100
v 0.08021500 0.12593200 0.00669800
v 0.08021500 0.11984900 0.00624200
v 0.09203900 0.11985600 0.00711600
v 0.09203900 0.13157800 0.00898300
v 0.08021500 0.13185700 0.00815400
v 0.09203900 0.13704700 0.01134100
v 0.08021500 0.13745900 0.01057000
v 0.09203900 0.14205000 0.01457300
v 0.08021500 0.14258400 0.01388000
v 0.09203900 0.14644900 0.01858700
v 0.08021500 0.14709000 0.01799300
v 0.09203900 0.15012400 0.02327400
v 0.08021500 0.15085400 0.02279400
v 0.09203900 0.15297200 0.02850500
v 0.08021500 0.15377200 0.02815200
v 0.09203900 0.15491600 0.03413400
v 0.08021500 0.15576300 0.03391800
v 0.09203900 0.15590100 0.04000800
v 0.08021500 0.15677200 0.03993500
v 0.09203900 0.15590100 0.04596300
v 0.08021500 0.15677200 0.04603600
v 0.09203900 0.15491600 0.05183700
v 0.08021500 0.15576300 0.05205300
v 0.09203900 0.15297200 0.05746700
v 0.08021500 0.15377200 0.05781900
v 0.09203900 0.15012400 0.06269700
v 0.08021500 0.15085400 0.06317700
v 0.09203900 0.14644900 0.06738400
v 0.08021500 0.14709000 0.06797900
v 0.09203900 0.14205000 0.07139800
v 0.08021500 0.14258400 0.07209100
v 0.09203900 0.13704700 0.07463000
v 0.08021500 0.13745900 0.07540100
v 0.09203900 0.13157800 0.07698900
v 0.08021500 0.13185700 0.07781700
v 0.09203900 0.12579500 0.07841000
v 0.08021500 0.12593200 0.07927300
v 0.09203900 0.11985600 0.07885500
v 0.08021500 0.11984900 0.07972900
v 0.10511900 0.11426600 0.07638000
v 0.10511900 0.11426600 0.07638000
v 0.10604300 0.11445100 0.07532800
v 0.10604300 0.11445100 0.07532800
v 0.10637600 0.11469000 0.07397600
v 0.10637600 0.11469000 0.07397600
v 0.10637600 0.11469000 0.07397600
v 0.10637600 0.11526700 0.07070100
v 0.10637600 0.11526700 0.07070100
v 0.10637600 0.11526700 0.07070100
v 0.11137600 0.11526700 0.07070100
v 0.11137600 0.11526700 0.07070100
v 0.11137600 0.11526700 0.07070100
v 0.11137600 0.11439000 0.07567300
v 0.11137600 0.11439000 0.07567300
v 0.11137600 0.11439000 0.07567300
v 0.11100200 0.11402800 0.07772500
v 0.11100200 0.11402800 0.07772500
v 0.10992800 0.11371200 0.07952200
v 0.10992800 0.11371200 0.07952200
v 0.10828700 0.11347900 0.08084000
v 0.10828700 0.11347900 0.08084000
v 0.11137600 0.11526700 0.01527100
v 0.11137600 0.11526700 0.01527100
v 0.11137600 0.11526700 0.01527100
v 0.11137600 0.11603900 0.01745000
v 0.11137600 0.11603900 0.01745000
v 0.11137600 0.11747800 0.01925800
v 0.11137600 0.11747800 0.01925800
v 0.11137600 0.11942800 0.02050000
v 0.11137600 0.11942800 0.02050000
v 0.11137600 0.12167600 0.02103800
v 0.11137600 0.12167600 0.02103800
v 0.11137600 0.12167600 0.02103800
v 0.10637600 0.12167600 0.02103800
v 0.10637600 0.12167600 0.02103800
v 0.10637600 0.12167600 0.02103800
v 0.10637600 0.11942800 0.02050000
v 0.10637600 0.11942800 0.02050000
v 0.10637600 0.11747800 0.01925800
v 0.10637600 0.11747800 0.01925800
v 0.10637600 0.11603900 0.01745000
v 0.10637600 0.11603900 0.01745000
v 0.10637600 0.11526700 0.01527100
v 0.10637600 0.11526700 0.01527100
v 0.10637600 0.11526700 0.01527100
v 0.11137600 0.12631300 0.02186500
v 0.11137600 0.12631300 0.02186500
v 0.11137600 0.13066800 0.02366000
v 0.11137600 0.13066800 0.02366000
v 0.11137600 0.13454100 0.02634100
v 0.11137600 0.13454100 0.02634100
v 0.11137600 0.13775400 0.02978500
v 0.11137600 0.13775400 0.02978500
v 0.11137600 0.14016000 0.03383400
v 0.11137600 0.14016000 0.03383400
v 0.11137600 0.14165000 0.03830300
v 0.11137600 0.14165000 0.03830300
v 0.11137600 0.14215400 0.04298600
v 0.11137600 0.14215400 0.04298600
v 0.11137600 0.14165000 0.04766900
v 0.11137600 0.14165000 0.04766900
v 0.11137600 0.14016000 0.05213700
v 0.11137600 0.14016000 0.05213700
v 0.11137600 0.13775400 0.05618600
v 0.11137600 0.13775400 0.05618600
v 0.11137600 0.13454100 0.05963000
v 0.11137600 0.13454100 0.05963000
v 0.11137600 0.13066800 0.06231100
v 0.11137600 0.13066800 0.06231100
v 0.11137600 0.12631300 0.06410600
v 0.11137600 0.12631300 0.06410600
v 0.11137600 0.12167600 0.06493300
v 0.11137600 0.12167600 0.06493300
v 0.11137600 0.12167600 0.06493300
v 0.10637600 0.12167600 0.06493300
v 0.10637600 0.12167600 0.06493300
v 0.10637600 0.12167600 0.06493300
v 0.10637600 0.12631300 0.06410600
v 0.10637600 0.12631300 0.06410600
v 0.10637600 0.13066800 0.06231100
v 0.10637600 0.13066800 0.06231100
v 0.10637600 0.13454100 0.05963000
v 0.10637600 0.13454100 0.05963000
v 0.10637600 0.13775400 0.05618600
v 0.10637600 0.13775400 0.05618600
v 0.10637600 0.14016000 0.05213700
v 0.10637600 0.14016000 0.05213700
v 0.10637600 0.14165000 0.04766900
v 0.10637600 0.14165000 0.04766900
v 0.10637600 0.14215400 0.04298600
v 0.10637600 0.14215400 0.04298600
v 0.10637600 0.14165000 0.03830300
v 0.10637600 0.14165000 0.03830300
v 0.10637600 0.14016000 0.03383400
v 0.10637600 0.14016000 0.03383400
v 0.10637600 0.13775400 0.02978500
v 0.10637600 0.13775400 0.02978500
v 0.10637600 0.13454100 0.02634100
v 0.10637600 0.13454100 0.02634100
v 0.10637600 0.13066800 0.02366000
v 0.10637600 0.13066800 0.02366000
v 0.10637600 0.12631300 0.02186500
v 0.10637600 0.12631300 0.02186500
v 0.10637600 0.11942800 0.06547100
v 0.10637600 0.11942800 0.06547100
v 0.10637600 0.11747800 0.06671300
v 0.10637600 0.11747800 0.06671300
v 0.10637600 0.11603900 0.06852200
v 0.10637600 0.11603900 0.06852200
v 0.10637600 0.12015400 0.07445400
v 0.10637600 0.12015400 0.07445400
v 0.10637600 0.12561800 0.07397600
v 0.10637600 0.12561800 0.07397600
v 0.10637600 0.13091700 0.07255600
v 0.10637600 0.13091700 0.07255600
v 0.10637600 0.13588800 0.07023800
v 0.10637600 0.13588800 0.07023800
v 0.10637600 0.14038200 0.06709200
v 0.10637600 0.14038200 0.06709200
v 0.10637600 0.14426000 0.06321300
v 0.10637600 0.14426000 0.06321300
v 0.10637600 0.14740700 0.05872000
v 0.10637600 0.14740700 0.05872000
v 0.10637600 0.14972500 0.05374800
v 0.10637600 0.14972500 0.05374800
v 0.10637600 0.15114500 0.04845000
v 0.10637600 0.15114500 0.04845000
v 0.10637600 0.15162300 0.04298600
v 0.10637600 0.15162300 0.04298600
v 0.10637600 0.15114500 0.03752100
v 0.10637600 0.15114500 0.03752100
v 0.10637600 0.14972500 0.03222300
v 0.10637600 0.14972500 0.03222300
v 0.10637600 0.14740700 0.02725100
v 0.10637600 0.14740700 0.02725100
v 0.10637600 0.14426000 0.02275800
v 0.10637600 0.14426000 0.02275800
v 0.10637600 0.14038200 0.01887900
v 0.10637600 0.14038200 0.01887900
v 0.10637600 0.13588800 0.01573300
v 0.10637600 0.13588800 0.01573300
v 0.10637600 0.13091700 0.01341500
v 0.10637600 0.13091700 0.01341500
v 0.10637600 0.12561800 0.01199500
v 0.10637600 0.12561800 0.01199500
v 0.10637600 0.12015400 0.01151700
v 0.10637600 0.12015400 0.01151700
v 0.10637600 0.11469000 0.01199500
v 0.10637600 0.11469000 0.01199500
v 0.10637600 0.11469000 0.01199500
v 0.11137600 0.11942800 0.06547100
v 0.11137600 0.11942800 0.06547100
v 0.11137600 0.11747800 0.06671300
v 0.11137600 0.11747800 0.06671300
v 0.11137600 0.11603900 0.06852200
v 0.11137600 0.11603900 0.06852200
v 0.11137600 0.11439000 0.01029800
v 0.11137600 0.11439000 0.01029800
v 0.11137600 0.11439000 0.01029800
v 0.11137600 0.12015400 0.00979400
v 0.11137600 0.12015400 0.00979400
v 0.11137600 0.12591800 0.01029800
v 0.11137600 0.12591800 0.01029800
v 0.11137600 0.13150600 0.01179500
v 0.11137600 0.13150600 0.01179500
v 0.11137600 0.13675000 0.01424100
v 0.11137600 0.13675000 0.01424100
v 0.11137600 0.14148900 0.01755900
v 0.11137600 0.14148900 0.01755900
v 0.11137600 0.14558000 0.02165000
v 0.11137600 0.14558000 0.02165000
v 0.11137600 0.14889900 0.02639000
v 0.11137600 0.14889900 0.02639000
v 0.11137600 0.15134400 0.03163300
v 0.11137600 0.15134400 0.03163300
v 0.11137600 0.15284200 0.03722200
v 0.11137600 0.15284200 0.03722200
v 0.11137600 0.15334600 0.04298600
v 0.11137600 0.15334600 0.04298600
v 0.11137600 0.15284200 0.04874900
v 0.11137600 0.15284200 0.04874900
v 0.11137600 0.15134400 0.05433800
v 0.11137600 0.15134400 0.05433800
v 0.11137600 0.14889900 0.05958100
v 0.11137600 0.14889900 0.05958100
v 0.11137600 0.14558000 0.06432100
v 0.11137600 0.14558000 0.06432100
v 0.11137600 0.14148900 0.06841200
v 0.11137600 0.14148900 0.06841200
v 0.11137600 0.13675000 0.07173000
v 0.11137600 0.13675000 0.07173000
v 0.11137600 0.13150600 0.07417600
v 0.11137600 0.13150600 0.07417600
v 0.11137600 0.12591800 0.07567300
v 0.11137600 0.12591800 0.07567300
v 0.11137600 0.12015400 0.07617700
v 0.11137600 0.12015400 0.07617700
v 0.10511900 0.11426600 0.00959100
v 0.10511900 0.11426600 0.00959100
v 0.10604300 0.11445100 0.01064300
v 0.10604300 0.11445100 0.01064300
v 0.10604300 0.11988100 0.01014500
v 0.10511900 0.11987200 0.00907700
v 0.10604300 0.12531800 0.01055300
v 0.10511900 0.12548700 0.00949800
v 0.10604300 0.13061400 0.01185400
v 0.10511900 0.13095400 0.01084200
v 0.10604300 0.13562000 0.01401400
v 0.10511900 0.13612300 0.01307100
v 0.10604300 0.14020100 0.01697200
v 0.10511900 0.14085300 0.01612600
v 0.10604300 0.14422800 0.02064800
v 0.10511900 0.14501200 0.01992100
v 0.10604300 0.14759300 0.02493900
v 0.10511900 0.14848500 0.02435200
v 0.10604300 0.15020000 0.02972800
v 0.10511900 0.15117800 0.02929600
v 0.10604300 0.15198000 0.03488200
v 0.10511900 0.15301500 0.03461800
v 0.10604300 0.15288200 0.04025900
v 0.10511900 0.15394700 0.04017100
v 0.10604300 0.15288200 0.04571200
v 0.10511900 0.15394700 0.04580100
v 0.10604300 0.15198000 0.05108900
v 0.10511900 0.15301500 0.05135300
v 0.10604300 0.15020000 0.05624400
v 0.10511900 0.15117800 0.05667500
v 0.10604300 0.14759300 0.06103200
v 0.10511900 0.14848500 0.06161900
v 0.10604300 0.14422800 0.06532300
v 0.10511900 0.14501200 0.06605000
v 0.10604300 0.14020100 0.06899900
v 0.10511900 0.14085300 0.06984500
v 0.10604300 0.13562000 0.07195700
v 0.10511900 0.13612300 0.07290000
v 0.10604300 0.13061400 0.07411700
v 0.10511900 0.13095400 0.07513000
v 0.10604300 0.12531800 0.07541800
v 0.10511900 0.12548700 0.07647300
v 0.10604300 0.11988100 0.07582600
v 0.10511900 0.11987200 0.07689400
v 0.11100200 0.11402800 0.00824600
v 0.11100200 0.11402800 0.00824600
v 0.10992800 0.11371200 0.00644900
v 0.10992800 0.11371200 0.00644900
v 0.10828700 0.11347900 0.00513100
v 0.10828700 0.11347900 0.00513100
v 0.11100200 0.11959400 0.07825700
v 0.10992800 0.11956500 0.08008100
v 0.10828700 0.11954400 0.08141900
v 0.11100200 0.12517400 0.07790200
v 0.10992800 0.12543400 0.07970800
v 0.10828700 0.12562400 0.08103200
v 0.11100200 0.13062800 0.07667100
v 0.10992800 0.13117000 0.07841300
v 0.10828700 0.13156700 0.07969000
v 0.11100200 0.13581900 0.07459200
v 0.10992800 0.13662900 0.07622700
v 0.10828700 0.13722300 0.07742600
v 0.11100200 0.14061600 0.07172000
v 0.10992800 0.14167400 0.07320700
v 0.10828700 0.14245000 0.07429600
v 0.11100200 0.14489900 0.06812600
v 0.10992800 0.14617900 0.06942700
v 0.10828700 0.14711700 0.07038000
v 0.11100200 0.14856100 0.06390100
v 0.10992800 0.15003000 0.06498300
v 0.10828700 0.15110700 0.06577600
v 0.11100200 0.15150800 0.05915000
v 0.10992800 0.15313000 0.05998600
v 0.10828700 0.15431900 0.06059900
v 0.11100200 0.15366900 0.05399300
v 0.10992800 0.15540200 0.05456200
v 0.10828700 0.15667300 0.05498000
v 0.11100200 0.15498700 0.04855900
v 0.10992800 0.15678800 0.04884700
v 0.10828700 0.15810900 0.04905900
v 0.11100200 0.15498700 0.03741200
v 0.10992800 0.15678800 0.03712400
v 0.10828700 0.15810900 0.03691200
v 0.10828700 0.15859200 0.04298600
v 0.10992800 0.15725400 0.04298600
v 0.11100200 0.15543000 0.04298600
v 0.11100200 0.15366900 0.03197800
v 0.10992800 0.15540200 0.03140900
v 0.10828700 0.15667300 0.03099200
v 0.11100200 0.15150800 0.02682100
v 0.10992800 0.15313000 0.02598500
v 0.10828700 0.15431900 0.02537200
v 0.11100200 0.14856100 0.02207000
v 0.10992800 0.15003000 0.02098900
v 0.10828700 0.15110700 0.02019500
v 0.11100200 0.14489900 0.01784500
v 0.10992800 0.14617900 0.01654400
v 0.10828700 0.14711700 0.01559100
v 0.11100200 0.14061600 0.01425100
v 0.10992800 0.14167400 0.01276500
v 0.10828700 0.14245000 0.01167500
v 0.11100200 0.13581900 0.01137900
v 0.10992800 0.13662900 0.00974400
v 0.10828700 0.13722300 0.00854500
v 0.11100200 0.13062800 0.00930100
v 0.10992800 0.13117000 0.00755800
v 0.10828700 0.13156700 0.00628100
v 0.11100200 0.12517400 0.00806900
v 0.10992800 0.12543400 0.00626300
v 0.10828700 0.12562400 0.00493900
v 0.11100200 0.11959400 0.00771400
v 0.10992800 0.11956500 0.00589000
v 0.10828700 0.11954400 0.00455200
v 0.08037900 -0.11359700 0.00187700
v 0.08037900 -0.11359700 0.00187700
v 0.08037900 -0.11359700 0.00187700
v 0.07859600 -0.11371600 0.00177200
v 0.07859600 -0.11371600 0.00177200
v 0.07685200 -0.11409700 0.00163900
v 0.07685200 -0.11409700 0.00163900
v 0.07519200 -0.11472900 0.00148500
v 0.07519200 -0.11472900 0.00148500
v 0.07364700 -0.11560300 0.00132500
v 0.07364700 -0.11560300 0.00132500
v 0.07193100 -0.11700000 0.00113600
v 0.07193100 -0.11700000 0.00113600
v 0.07098300 -0.11806000 0.00104000
v 0.07098300 -0.11806000 0.00104000
v 0.07007600 -0.11938600 0.00096400
v 0.07007600 -0.11938600 0.00096400
v 0.06880700 -0.12242100 0.00095900
v 0.06880700 -0.12242100 0.00095900
v 0.06837600 -0.12567300 0.00120600
v 0.06837600 -0.12567300 0.00120600
v 0.06837600 -0.12567300 0.00120600
v 0.06836200 -0.12658600 0.00637500
v 0.06836200 -0.12658600 0.00637500
v 0.06836200 -0.12658600 0.00637500
v 0.06878500 -0.12334300 0.00601400
v 0.06878500 -0.12334300 0.00601400
v 0.07004000 -0.12030400 0.00594200
v 0.07004000 -0.12030400 0.00594200
v 0.07093600 -0.11897700 0.00599400
v 0.07093600 -0.11897700 0.00599400
v 0.07187200 -0.11791900 0.00607500
v 0.07187200 -0.11791900 0.00607500
v 0.07355900 -0.11652300 0.00624900
v 0.07355900 -0.11652300 0.00624900
v 0.07511500 -0.11562800 0.00640700
v 0.07511500 -0.11562800 0.00640700
v 0.07679300 -0.11497900 0.00656200
v 0.07679300 -0.11497900 0.00656200
v 0.07856000 -0.11458800 0.00669800
v 0.07856000 -0.11458800 0.00669800
v 0.08036700 -0.11446700 0.00680600
v 0.08036700 -0.11446700 0.00680600
v 0.08036700 -0.11446700 0.00680600
v 0.06866200 -0.12347300 0.00376900
v 0.07730000 -0.11429100 0.00348800
v 0.06952000 -0.12053000 0.00140700
v 0.07046300 -0.11889300 0.00169800
v 0.07181700 -0.11726600 0.00198800
v 0.07344600 -0.11590200 0.00223300
v 0.07529400 -0.11484400 0.00242400
v 0.07730300 -0.11412700 0.00255600
v 0.06866700 -0.12314400 0.00190500
v 0.06951700 -0.12069400 0.00233900
v 0.07046100 -0.11905700 0.00263000
v 0.07181500 -0.11743000 0.00292000
v 0.07344400 -0.11606700 0.00316500
v 0.07529200 -0.11500800 0.00335600
v 0.07729500 -0.11462000 0.00535200
v 0.07528700 -0.11533700 0.00522100
v 0.07343900 -0.11639600 0.00502900
v 0.07181000 -0.11775900 0.00478500
v 0.07045600 -0.11938600 0.00449400
v 0.06951200 -0.12102300 0.00420300
v 0.06837600 -0.12945000 0.00181700
v 0.06837600 -0.12945000 0.00181700
v 0.06837600 -0.13315200 0.00276900
v 0.06837600 -0.13315200 0.00276900
v 0.06837600 -0.13675700 0.00405400
v 0.06837600 -0.13675700 0.00405400
v 0.06837600 -0.14023200 0.00566200
v 0.06837600 -0.14023200 0.00566200
v 0.06837600 -0.14354000 0.00757600
v 0.06837600 -0.14354000 0.00757600
v 0.06837600 -0.14665600 0.00977900
v 0.06837600 -0.14665600 0.00977900
v 0.06837600 -0.14956300 0.01225800
v 0.06837600 -0.14956300 0.01225800
v 0.06837600 -0.15223700 0.01499600
v 0.06837600 -0.15223700 0.01499600
v 0.06837600 -0.15465100 0.01796400
v 0.06837600 -0.15465100 0.01796400
v 0.06837600 -0.15678600 0.02114100
v 0.06837600 -0.15678600 0.02114100
v 0.06837600 -0.15862200 0.02449800
v 0.06837600 -0.15862200 0.02449800
v 0.06837600 -0.16014700 0.02800900
v 0.06837600 -0.16014700 0.02800900
v 0.06837600 -0.16134500 0.03164300
v 0.06837600 -0.16134500 0.03164300
v 0.06837600 -0.16220900 0.03537200
v 0.06837600 -0.16220900 0.03537200
v 0.06837600 -0.16272900 0.03916200
v 0.06837600 -0.16272900 0.03916200
v 0.06837600 -0.16290400 0.04298600
v 0.06837600 -0.16290400 0.04298600
v 0.06837600 -0.16272900 0.04680900
v 0.06837600 -0.16272900 0.04680900
v 0.06837600 -0.16220900 0.05060000
v 0.06837600 -0.16220900 0.05060000
v 0.06837600 -0.16134500 0.05432800
v 0.06837600 -0.16134500 0.05432800
v 0.06837600 -0.16014700 0.05796200
v 0.06837600 -0.16014700 0.05796200
v 0.06837600 -0.15862200 0.06147300
v 0.06837600 -0.15862200 0.06147300
v 0.06837600 -0.15678600 0.06483000
v 0.06837600 -0.15678600 0.06483000
v 0.06837600 -0.15465100 0.06800700
v 0.06837600 -0.15465100 0.06800700
v 0.06837600 -0.15223700 0.07097500
v 0.06837600 -0.15223700 0.07097500
v 0.06837600 -0.14956300 0.07371300
v 0.06837600 -0.14956300 0.07371300
v 0.06837600 -0.14665600 0.07619200
v 0.06837600 -0.14665600 0.07619200
v 0.06837600 -0.14354000 0.07839500
v 0.06837600 -0.14354000 0.07839500
v 0.06837600 -0.14023200 0.08030900
v 0.06837600 -0.14023200 0.08030900
v 0.06837600 -0.13675700 0.08191700
v 0.06837600 -0.13675700 0.08191700
v 0.06837600 -0.13315200 0.08320200
v 0.06837600 -0.13315200 0.08320200
v 0.06837600 -0.12945000 0.08415400
v 0.06837600 -0.12945000 0.08415400
v 0.06837600 -0.12567300 0.08476500
v 0.06837600 -0.12567300 0.08476500
v 0.06837600 -0.12567300 0.08476500
v 0.06836200 -0.12658600 0.07959600
v 0.06836200 -0.12658600 0.07959600
v 0.06836200 -0.12658600 0.07959600
v 0.06836200 -0.12979900 0.07894500
v 0.06836200 -0.12979900 0.07894500
v 0.06836200 -0.13294300 0.07801300
v 0.06836200 -0.13294300 0.07801300
v 0.06836200 -0.13599100 0.07680700
v 0.06836200 -0.13599100 0.07680700
v 0.06836200 -0.13892100 0.07533600
v 0.06836200 -0.13892100 0.07533600
v 0.06836200 -0.14170500 0.07361500
v 0.06836200 -0.14170500 0.07361500
v 0.06836200 -0.14432400 0.07165700
v 0.06836200 -0.14432400 0.07165700
v 0.06836200 -0.14676300 0.06947300
v 0.06836200 -0.14676300 0.06947300
v 0.06836200 -0.14900200 0.06707900
v 0.06836200 -0.14900200 0.06707900
v 0.06836200 -0.15102100 0.06449800
v 0.06836200 -0.15102100 0.06449800
v 0.06836200 -0.15280400 0.06174600
v 0.06836200 -0.15280400 0.06174600
v 0.06836200 -0.15433600 0.05885000
v 0.06836200 -0.15433600 0.05885000
v 0.06836200 -0.15560700 0.05582800
v 0.06836200 -0.15560700 0.05582800
v 0.06836200 -0.15660600 0.05270700
v 0.06836200 -0.15660600 0.05270700
v 0.06836200 -0.15732500 0.04950800
v 0.06836200 -0.15732500 0.04950800
v 0.06836200 -0.15775900 0.04626000
v 0.06836200 -0.15775900 0.04626000
v 0.06836200 -0.15790400 0.04298600
v 0.06836200 -0.15790400 0.04298600
v 0.06836200 -0.15775900 0.03971100
v 0.06836200 -0.15775900 0.03971100
v 0.06836200 -0.15732500 0.03646300
v 0.06836200 -0.15732500 0.03646300
v 0.06836200 -0.15660600 0.03326400
v 0.06836200 -0.15660600 0.03326400
v 0.06836200 -0.15560700 0.03014300
v 0.06836200 -0.15560700 0.03014300
v 0.06836200 -0.15433600 0.02712100
v 0.06836200 -0.15433600 0.02712100
v 0.06836200 -0.15280400 0.02422500
v 0.06836200 -0.15280400 0.02422500
v 0.06836200 -0.15102100 0.02147400
v 0.06836200 -0.15102100 0.02147400
v 0.06836200 -0.14900200 0.01889200
v 0.06836200 -0.14900200 0.01889200
v 0.06836200 -0.14676300 0.01649800
v 0.06836200 -0.14676300 0.01649800
v 0.06836200 -0.14432400 0.01431400
v 0.06836200 -0.14432400 0.01431400
v 0.06836200 -0.14170500 0.01235600
v 0.06836200 -0.14170500 0.01235600
v 0.06836200 -0.13892100 0.01063500
v 0.06836200 -0.13892100 0.01063500
v 0.06836200 -0.13599100 0.00916400
v 0.06836200 -0.13599100 0.00916400
v 0.06836200 -0.13294300 0.00795800
v 0.06836200 -0.13294300 0.00795800
v 0.06836200 -0.12979900 0.00702600
v 0.06836200 -0.12979900 0.00702600
v 0.06836900 -0.12944100 0.00437300
v 0.06836900 -0.13340200 0.00547500
v 0.06836900 -0.13722900 0.00697900
v 0.06836900 -0.14087800 0.00887200
v 0.06836900 -0.14430900 0.01113700
v 0.06836900 -0.14748800 0.01374600
v 0.06836900 -0.15038000 0.01666800
v 0.06836900 -0.15295400 0.01987400
v 0.06836900 -0.15517700 0.02333200
v 0.06836900 -0.15703100 0.02700300
v 0.06836900 -0.15849600 0.03084500
v 0.06836900 -0.15955400 0.03481800
v 0.06836900 -0.16019100 0.03888000
v 0.06836900 -0.16040300 0.04298700
v 0.06836900 -0.16019100 0.04709300
v 0.06836900 -0.15955400 0.05115500
v 0.06836900 -0.15849500 0.05512800
v 0.06836900 -0.15703000 0.05897000
v 0.06836900 -0.15517600 0.06264000
v 0.06836900 -0.15295200 0.06609800
v 0.06836900 -0.15037800 0.06930500
v 0.06836900 -0.14748600 0.07222800
v 0.06836900 -0.14430700 0.07483600
v 0.06836900 -0.14087600 0.07710100
v 0.06836900 -0.13722700 0.07899300
v 0.06836900 -0.13340100 0.08049700
v 0.06836900 -0.12944000 0.08159800
v 0.08904200 -0.11369800 0.00244700
v 0.08904200 -0.11369800 0.00244700
v 0.09768000 -0.11385000 0.00330800
v 0.09768000 -0.11385000 0.00330800
v 0.10628300 -0.11405200 0.00445700
v 0.10628300 -0.11405200 0.00445700
v 0.10628300 -0.11405200 0.00445700
v 0.10628300 -0.12022500 0.00386800
v 0.10628300 -0.12022500 0.00386800
v 0.10628300 -0.12641400 0.00426100
v 0.10628300 -0.12641400 0.00426100
v 0.10628300 -0.13246200 0.00562700
v 0.10628300 -0.13246200 0.00562700
v 0.10628300 -0.13821900 0.00793200
v 0.10628300 -0.13821900 0.00793200
v 0.10628300 -0.14353900 0.01111700
v 0.10628300 -0.14353900 0.01111700
v 0.10628300 -0.14829000 0.01510300
v 0.10628300 -0.14829000 0.01510300
v 0.10628300 -0.15235000 0.01978900
v 0.10628300 -0.15235000 0.01978900
v 0.10628300 -0.15562000 0.02505900
v 0.10628300 -0.15562000 0.02505900
v 0.10628300 -0.15801500 0.03077800
v 0.10628300 -0.15801500 0.03077800
v 0.10628300 -0.15947700 0.03680400
v 0.10628300 -0.15947700 0.03680400
v 0.10628300 -0.15996900 0.04298600
v 0.10628300 -0.15996900 0.04298600
v 0.10628300 -0.15947700 0.04916700
v 0.10628300 -0.15947700 0.04916700
v 0.10628300 -0.15801500 0.05519300
v 0.10628300 -0.15801500 0.05519300
v 0.10628300 -0.15562000 0.06091300
v 0.10628300 -0.15562000 0.06091300
v 0.10628300 -0.15235000 0.06618200
v 0.10628300 -0.15235000 0.06618200
v 0.10628300 -0.14829000 0.07086800
v 0.10628300 -0.14829000 0.07086800
v 0.10628300 -0.14353900 0.07485400
v 0.10628300 -0.14353900 0.07485400
v 0.10628300 -0.13821900 0.07803900
v 0.10628300 -0.13821900 0.07803900
v 0.10628300 -0.13246200 0.08034400
v 0.10628300 -0.13246200 0.08034400
v 0.10628300 -0.12641400 0.08171000
v 0.10628300 -0.12641400 0.08171000
v 0.10628300 -0.12022500 0.08210300
v 0.10628300 -0.12022500 0.08210300
v 0.10628300 -0.11405200 0.08151400
v 0.10628300 -0.11405200 0.08151400
v 0.10628300 -0.11405200 0.08151400
v 0.09768000 -0.11385000 0.08266400
v 0.09768000 -0.11385000 0.08266400
v 0.08904200 -0.11369800 0.08352400
v 0.08904200 -0.11369800 0.08352400
v 0.08037900 -0.11359700 0.08409500
v 0.08037900 -0.11359700 0.08409500
v 0.08037900 -0.11359700 0.08409500
v 0.07720100 -0.11400300 0.08430400
v 0.07720100 -0.11400300 0.08430400
v 0.07424600 -0.11523000 0.08458300
v 0.07424600 -0.11523000 0.08458300
v 0.07186000 -0.11707100 0.08483800
v 0.07186000 -0.11707100 0.08483800
v 0.07040400 -0.11885900 0.08498300
v 0.07040400 -0.11885900 0.08498300
v 0.06952100 -0.12043400 0.08503600
v 0.06952100 -0.12043400 0.08503600
v 0.06888600 -0.12211900 0.08502200
v 0.06888600 -0.12211900 0.08502200
v 0.06850300 -0.12388000 0.08493300
v 0.06850300 -0.12388000 0.08493300
v 0.09370100 -0.12608600 0.00259500
v 0.08105500 -0.12621200 0.00162400
v 0.08105500 -0.11989700 0.00128800
v 0.09370100 -0.11991900 0.00226700
v 0.09370100 -0.13213200 0.00385100
v 0.08105500 -0.13240300 0.00291000
v 0.09370100 -0.13791900 0.00600700
v 0.08105500 -0.13832900 0.00511800
v 0.09370100 -0.14331300 0.00901300
v 0.08105500 -0.14385300 0.00819700
v 0.09370100 -0.14819100 0.01280100
v 0.08105500 -0.14884800 0.01207500
v 0.09370100 -0.15244000 0.01728200
v 0.08105500 -0.15320000 0.01666400
v 0.09370100 -0.15596300 0.02235400
v 0.08105500 -0.15680700 0.02185800
v 0.09370100 -0.15867900 0.02790000
v 0.08105500 -0.15958800 0.02753700
v 0.09370100 -0.16052500 0.03379300
v 0.08105500 -0.16147800 0.03357200
v 0.09370100 -0.16145800 0.03989800
v 0.08105500 -0.16243500 0.03982400
v 0.09370100 -0.16145800 0.04607300
v 0.08105500 -0.16243500 0.04614800
v 0.09370100 -0.16052500 0.05217800
v 0.08105500 -0.16147800 0.05239900
v 0.09370100 -0.15867900 0.05807100
v 0.08105500 -0.15958800 0.05843400
v 0.09370100 -0.15596300 0.06361700
v 0.08105500 -0.15680700 0.06411300
v 0.09370100 -0.15244000 0.06868900
v 0.08105500 -0.15320000 0.06930700
v 0.09370100 -0.14819100 0.07317100
v 0.08105500 -0.14884800 0.07389600
v 0.09370100 -0.14331300 0.07695800
v 0.08105500 -0.14385300 0.07777400
v 0.09370100 -0.13791900 0.07996400
v 0.08105500 -0.13832900 0.08085300
v 0.09370100 -0.13213200 0.08212000
v 0.08105500 -0.13240300 0.08306100
v 0.09370100 -0.12608600 0.08337700
v 0.08105500 -0.12621200 0.08434800
v 0.09370100 -0.11991900 0.08370400
v 0.08105500 -0.11989700 0.08468300
v 0.08036700 -0.11446700 0.07916500
v 0.08036700 -0.11446700 0.07916500
v 0.08036700 -0.11446700 0.07916500
v 0.07784100 -0.11471700 0.07932500
v 0.07784100 -0.11471700 0.07932500
v 0.07542700 -0.11549100 0.07953500
v 0.07542700 -0.11549100 0.07953500
v 0.07323400 -0.11675200 0.07975600
v 0.07323400 -0.11675200 0.07975600
v 0.07144900 -0.11836500 0.07993200
v 0.07144900 -0.11836500 0.07993200
v 0.07010000 -0.12019600 0.08002700
v 0.07010000 -0.12019600 0.08002700
v 0.06913700 -0.12221000 0.08001500
v 0.06913700 -0.12221000 0.08001500
v 0.06855500 -0.12436900 0.07987500
v 0.06855500 -0.12436900 0.07987500
v 0.07776300 -0.11418300 0.08246700
v 0.06877100 -0.12301700 0.08212500
v 0.07527600 -0.11502100 0.08262100
v 0.07361300 -0.11595100 0.08278900
v 0.07196200 -0.11728500 0.08302900
v 0.07057800 -0.11888900 0.08331500
v 0.06950400 -0.12071000 0.08363900
v 0.06877600 -0.12268800 0.08398900
v 0.06950600 -0.12054500 0.08457100
v 0.07058000 -0.11872500 0.08424700
v 0.07196400 -0.11712000 0.08396100
v 0.07361600 -0.11578600 0.08372100
v 0.07527800 -0.11485700 0.08355300
v 0.07776500 -0.11401900 0.08339900
v 0.06877800 -0.12252300 0.08492200
v 0.06949900 -0.12103900 0.08177400
v 0.07057300 -0.11921800 0.08145100
v 0.07195700 -0.11761400 0.08116400
v 0.07360800 -0.11627900 0.08092500
v 0.07527100 -0.11535000 0.08075700
v 0.07775800 -0.11451200 0.08060200
v 0.08820400 -0.11455700 0.07865200
v 0.08820400 -0.11455700 0.07865200
v 0.09602000 -0.11469000 0.07789600
v 0.09602000 -0.11469000 0.07789600
v 0.10380900 -0.11486600 0.07690000
v 0.10380900 -0.11486600 0.07690000
v 0.10380900 -0.11486600 0.07690000
v 0.10380900 -0.12056000 0.07742200
v 0.10380900 -0.12056000 0.07742200
v 0.10380900 -0.12626100 0.07699400
v 0.10380900 -0.12626100 0.07699400
v 0.10380900 -0.13181400 0.07562900
v 0.10380900 -0.13181400 0.07562900
v 0.10380900 -0.13706400 0.07336500
v 0.10380900 -0.13706400 0.07336500
v 0.10380900 -0.14186700 0.07026300
v 0.10380900 -0.14186700 0.07026300
v 0.10380900 -0.14609000 0.06640900
v 0.10380900 -0.14609000 0.06640900
v 0.10380900 -0.14961800 0.06190900
v 0.10380900 -0.14961800 0.06190900
v 0.10380900 -0.15235200 0.05688800
v 0.10380900 -0.15235200 0.05688800
v 0.10380900 -0.15421800 0.05148300
v 0.10380900 -0.15421800 0.05148300
v 0.10380900 -0.15516400 0.04584400
v 0.10380900 -0.15516400 0.04584400
v 0.10380900 -0.15516400 0.04012700
v 0.10380900 -0.15516400 0.04012700
v 0.10380900 -0.15421800 0.03448800
v 0.10380900 -0.15421800 0.03448800
v 0.10380900 -0.15235200 0.02908300
v 0.10380900 -0.15235200 0.02908300
v 0.10380900 -0.14961800 0.02406200
v 0.10380900 -0.14961800 0.02406200
v 0.10380900 -0.14609000 0.01956200
v 0.10380900 -0.14609000 0.01956200
v 0.10380900 -0.14186700 0.01570800
v 0.10380900 -0.14186700 0.01570800
v 0.10380900 -0.13706400 0.01260600
v 0.10380900 -0.13706400 0.01260600
v 0.10380900 -0.13181400 0.01034200
v 0.10380900 -0.13181400 0.01034200
v 0.10380900 -0.12626100 0.00897700
v 0.10380900 -0.12626100 0.00897700
v 0.10380900 -0.12056000 0.00855000
v 0.10380900 -0.12056000 0.00855000
v 0.10380900 -0.11486600 0.00907200
v 0.10380900 -0.11486600 0.00907200
v 0.10380900 -0.11486600 0.00907200
v 0.09602000 -0.11469000 0.00807500
v 0.09602000 -0.11469000 0.00807500
v 0.08820400 -0.11455700 0.00731900
v 0.08820400 -0.11455700 0.00731900
v 0.08021500 -0.12054100 0.00624200
v 0.09203900 -0.12054800 0.00711600
v 0.08021500 -0.12662400 0.00669800
v 0.09203900 -0.12648700 0.00756100
v 0.08021500 -0.13254900 0.00815400
v 0.09203900 -0.13227000 0.00898300
v 0.08021500 -0.13815100 0.01057000
v 0.09203900 -0.13773900 0.01134100
v 0.08021500 -0.14327600 0.01388000
v 0.09203900 -0.14274200 0.01457300
v 0.08021500 -0.14778200 0.01799300
v 0.09203900 -0.14714100 0.01858700
v 0.08021500 -0.15154600 0.02279400
v 0.09203900 -0.15081600 0.02327400
v 0.08021500 -0.15446400 0.02815200
v 0.09203900 -0.15366400 0.02850500
v 0.08021500 -0.15645500 0.03391800
v 0.09203900 -0.15560800 0.03413400
v 0.08021500 -0.15746400 0.03993500
v 0.09203900 -0.15659300 0.04000800
v 0.08021500 -0.15746400 0.04603600
v 0.09203900 -0.15659300 0.04596300
v 0.08021500 -0.15645500 0.05205300
v 0.09203900 -0.15560800 0.05183700
v 0.08021500 -0.15446400 0.05781900
v 0.09203900 -0.15366400 0.05746700
v 0.08021500 -0.15154600 0.06317700
v 0.09203900 -0.15081600 0.06269700
v 0.08021500 -0.14778200 0.06797900
v 0.09203900 -0.14714100 0.06738400
v 0.08021500 -0.14327600 0.07209100
v 0.09203900 -0.14274200 0.07139800
v 0.08021500 -0.13815100 0.07540100
v 0.09203900 -0.13773900 0.07463000
v 0.08021500 -0.13254900 0.07781700
v 0.09203900 -0.13227000 0.07698900
v 0.08021500 -0.12662400 0.07927300
v 0.09203900 -0.12648700 0.07841000
v 0.08021500 -0.12054100 0.07972900
v 0.09203900 -0.12054800 0.07885500
v 0.10828700 -0.11417100 0.08084000
v 0.10828700 -0.11417100 0.08084000
v 0.10992800 -0.11440400 0.07952200
v 0.10992800 -0.11440400 0.07952200
v 0.11100200 -0.11472000 0.07772500
v 0.11100200 -0.11472000 0.07772500
v 0.11137600 -0.11508200 0.07567300
v 0.11137600 -0.11508200 0.07567300
v 0.11137600 -0.11508200 0.07567300
v 0.11137600 -0.11595900 0.07070100
v 0.11137600 -0.11595900 0.07070100
v 0.11137600 -0.11595900 0.07070100
v 0.10637600 -0.11595900 0.07070100
v 0.10637600 -0.11595900 0.07070100
v 0.10637600 -0.11595900 0.07070100
v 0.10637600 -0.11538200 0.07397600
v 0.10637600 -0.11538200 0.07397600
v 0.10637600 -0.11538200 0.07397600
v 0.10604300 -0.11514300 0.07532800
v 0.10604300 -0.11514300 0.07532800
v 0.10511900 -0.11495800 0.07638000
v 0.10511900 -0.11495800 0.07638000
v 0.11137600 -0.12236800 0.02103800
v 0.11137600 -0.12236800 0.02103800
v 0.11137600 -0.12236800 0.02103800
v 0.11137600 -0.12012000 0.02050000
v 0.11137600 -0.12012000 0.02050000
v 0.11137600 -0.11817000 0.01925800
v 0.11137600 -0.11817000 0.01925800
v 0.11137600 -0.11673100 0.01745000
v 0.11137600 -0.11673100 0.01745000
v 0.11137600 -0.11595900 0.01527100
v 0.11137600 -0.11595900 0.01527100
v 0.11137600 -0.11595900 0.01527100
v 0.10637600 -0.11595900 0.01527100
v 0.10637600 -0.11595900 0.01527100
v 0.10637600 -0.11595900 0.01527100
v 0.10637600 -0.11673100 0.01745000
v 0.10637600 -0.11673100 0.01745000
v 0.10637600 -0.11817000 0.01925800
v 0.10637600 -0.11817000 0.01925800
v 0.10637600 -0.12012000 0.02050000
v 0.10637600 -0.12012000 0.02050000
v 0.10637600 -0.12236800 0.02103800
v 0.10637600 -0.12236800 0.02103800
v 0.10637600 -0.12236800 0.02103800
v 0.10637600 -0.12700500 0.02186500
v 0.10637600 -0.12700500 0.02186500
v 0.10637600 -0.13136000 0.02366000
v 0.10637600 -0.13136000 0.02366000
v 0.10637600 -0.13523300 0.02634100
v 0.10637600 -0.13523300 0.02634100
v 0.10637600 -0.13844600 0.02978500
v 0.10637600 -0.13844600 0.02978500
v 0.10637600 -0.14085200 0.03383400
v 0.10637600 -0.14085200 0.03383400
v 0.10637600 -0.14234200 0.03830300
v 0.10637600 -0.14234200 0.03830300
v 0.10637600 -0.14284600 0.04298600
v 0.10637600 -0.14284600 0.04298600
v 0.10637600 -0.14234200 0.04766900
v 0.10637600 -0.14234200 0.04766900
v 0.10637600 -0.14085200 0.05213700
v 0.10637600 -0.14085200 0.05213700
v 0.10637600 -0.13844600 0.05618600
v 0.10637600 -0.13844600 0.05618600
v 0.10637600 -0.13523300 0.05963000
v 0.10637600 -0.13523300 0.05963000
v 0.10637600 -0.13136000 0.06231100
v 0.10637600 -0.13136000 0.06231100
v 0.10637600 -0.12700500 0.06410600
v 0.10637600 -0.12700500 0.06410600
v 0.10637600 -0.12236800 0.06493300
v 0.10637600 -0.12236800 0.06493300
v 0.10637600 -0.12236800 0.06493300
v 0.11137600 -0.12236800 0.06493300
v 0.11137600 -0.12236800 0.06493300
v 0.11137600 -0.12236800 0.06493300
v 0.11137600 -0.12700500 0.06410600
v 0.11137600 -0.12700500 0.06410600
v 0.11137600 -0.13136000 0.06231100
v 0.11137600 -0.13136000 0.06231100
v 0.11137600 -0.13523300 0.05963000
v 0.11137600 -0.13523300 0.05963000
v 0.11137600 -0.13844600 0.05618600
v 0.11137600 -0.13844600 0.05618600
v 0.11137600 -0.14085200 0.05213700
v 0.11137600 -0.14085200 0.05213700
v 0.11137600 -0.14234200 0.04766900
v 0.11137600 -0.14234200 0.04766900
v 0.11137600 -0.14284600 0.04298600
v 0.11137600 -0.14284600 0.04298600
v 0.11137600 -0.14234200 0.03830300
v 0.11137600 -0.14234200 0.03830300
v 0.11137600 -0.14085200 0.03383400
v 0.11137600 -0.14085200 0.03383400
v 0.11137600 -0.13844600 0.02978500
v 0.11137600 -0.13844600 0.02978500
v 0.11137600 -0.13523300 0.02634100
v 0.11137600 -0.13523300 0.02634100
v 0.11137600 -0.13136000 0.02366000
v 0.11137600 -0.13136000 0.02366000
v 0.11137600 -0.12700500 0.02186500
v 0.11137600 -0.12700500 0.02186500
v 0.10637600 -0.11538200 0.01199500
v 0.10637600 -0.11538200 0.01199500
v 0.10637600 -0.11538200 0.01199500
v 0.10637600 -0.12084600 0.01151700
v 0.10637600 -0.12084600 0.01151700
v 0.10637600 -0.12631000 0.01199500
v 0.10637600 -0.12631000 0.01199500
v 0.10637600 -0.13160900 0.01341500
v 0.10637600 -0.13160900 0.01341500
v 0.10637600 -0.13658000 0.01573300
v 0.10637600 -0.13658000 0.01573300
v 0.10637600 -0.14107400 0.01887900
v 0.10637600 -0.14107400 0.01887900
v 0.10637600 -0.14495200 0.02275800
v 0.10637600 -0.14495200 0.02275800
v 0.10637600 -0.14809900 0.02725100
v 0.10637600 -0.14809900 0.02725100
v 0.10637600 -0.15041700 0.03222300
v 0.10637600 -0.15041700 0.03222300
v 0.10637600 -0.15183700 0.03752100
v 0.10637600 -0.15183700 0.03752100
v 0.10637600 -0.15231500 0.04298600
v 0.10637600 -0.15231500 0.04298600
v 0.10637600 -0.15183700 0.04845000
v 0.10637600 -0.15183700 0.04845000
v 0.10637600 -0.15041700 0.05374800
v 0.10637600 -0.15041700 0.05374800
v 0.10637600 -0.14809900 0.05872000
v 0.10637600 -0.14809900 0.05872000
v 0.10637600 -0.14495200 0.06321300
v 0.10637600 -0.14495200 0.06321300
v 0.10637600 -0.14107400 0.06709200
v 0.10637600 -0.14107400 0.06709200
v 0.10637600 -0.13658000 0.07023800
v 0.10637600 -0.13658000 0.07023800
v 0.10637600 -0.13160900 0.07255600
v 0.10637600 -0.13160900 0.07255600
v 0.10637600 -0.12631000 0.07397600
v 0.10637600 -0.12631000 0.07397600
v 0.10637600 -0.12084600 0.07445400
v 0.10637600 -0.12084600 0.07445400
v 0.10637600 -0.11673100 0.06852200
v 0.10637600 -0.11673100 0.06852200
v 0.10637600 -0.11817000 0.06671300
v 0.10637600 -0.11817000 0.06671300
v 0.10637600 -0.12012000 0.06547100
v 0.10637600 -0.12012000 0.06547100
v 0.11137600 -0.11673100 0.06852200
v 0.11137600 -0.11673100 0.06852200
v 0.11137600 -0.11817000 0.06671300
v 0.11137600 -0.11817000 0.06671300
v 0.11137600 -0.12012000 0.06547100
v 0.11137600 -0.12012000 0.06547100
v 0.11137600 -0.12084600 0.07617700
v 0.11137600 -0.12084600 0.07617700
v 0.11137600 -0.12661000 0.07567300
v 0.11137600 -0.12661000 0.07567300
v 0.11137600 -0.13219800 0.07417600
v 0.11137600 -0.13219800 0.07417600
v 0.11137600 -0.13744200 0.07173000
v 0.11137600 -0.13744200 0.07173000
v 0.11137600 -0.14218100 0.06841200
v 0.11137600 -0.14218100 0.06841200
v 0.11137600 -0.14627200 0.06432100
v 0.11137600 -0.14627200 0.06432100
v 0.11137600 -0.14959100 0.05958100
v 0.11137600 -0.14959100 0.05958100
v 0.11137600 -0.15203600 0.05433800
v 0.11137600 -0.15203600 0.05433800
v 0.11137600 -0.15353400 0.04874900
v 0.11137600 -0.15353400 0.04874900
v 0.11137600 -0.15403800 0.04298600
v 0.11137600 -0.15403800 0.04298600
v 0.11137600 -0.15353400 0.03722200
v 0.11137600 -0.15353400 0.03722200
v 0.11137600 -0.15203600 0.03163300
v 0.11137600 -0.15203600 0.03163300
v 0.11137600 -0.14959100 0.02639000
v 0.11137600 -0.14959100 0.02639000
v 0.11137600 -0.14627200 0.02165000
v 0.11137600 -0.14627200 0.02165000
v 0.11137600 -0.14218100 0.01755900
v 0.11137600 -0.14218100 0.01755900
v 0.11137600 -0.13744200 0.01424100
v 0.11137600 -0.13744200 0.01424100
v 0.11137600 -0.13219800 0.01179500
v 0.11137600 -0.13219800 0.01179500
v 0.11137600 -0.12661000 0.01029800
v 0.11137600 -0.12661000 0.01029800
v 0.11137600 -0.12084600 0.00979400
v 0.11137600 -0.12084600 0.00979400
v 0.11137600 -0.11508200 0.01029800
v 0.11137600 -0.11508200 0.01029800
v 0.11137600 -0.11508200 0.01029800
v 0.10604300 -0.11514300 0.01064300
v 0.10604300 -0.11514300 0.01064300
v 0.10511900 -0.11495800 0.00959100
v 0.10511900 -0.11495800 0.00959100
v 0.10511900 -0.12056400 0.00907700
v 0.10604300 -0.12057300 0.01014500
v 0.10511900 -0.12617800 0.00949800
v 0.10604300 -0.12601000 0.01055300
v 0.10511900 -0.13164600 0.01084200
v 0.10604300 -0.13130600 0.01185400
v 0.10511900 -0.13681500 0.01307100
v 0.10604300 -0.13631200 0.01401400
v 0.10511900 -0.14154500 0.01612600
v 0.10604300 -0.14089300 0.01697200
v 0.10511900 -0.14570400 0.01992100
v 0.10604300 -0.14492000 0.02064800
v 0.10511900 -0.14917700 0.02435200
v 0.10604300 -0.14828500 0.02493900
v 0.10511900 -0.15187000 0.02929600
v 0.10604300 -0.15089200 0.02972800
v 0.10511900 -0.15370700 0.03461800
v 0.10604300 -0.15267200 0.03488200
v 0.10511900 -0.15463900 0.04017100
v 0.10604300 -0.15357400 0.04025900
v 0.10511900 -0.15463900 0.04580100
v 0.10604300 -0.15357400 0.04571200
v 0.10511900 -0.15370700 0.05135300
v 0.10604300 -0.15267200 0.05108900
v 0.10511900 -0.15187000 0.05667500
v 0.10604300 -0.15089200 0.05624400
v 0.10511900 -0.14917700 0.06161900
v 0.10604300 -0.14828500 0.06103200
v 0.10511900 -0.14570400 0.06605000
v 0.10604300 -0.14492000 0.06532300
v 0.10511900 -0.14154500 0.06984500
v 0.10604300 -0.14089300 0.06899900
v 0.10511900 -0.13681500 0.07290000
v 0.10604300 -0.13631200 0.07195700
v 0.10511900 -0.13164600 0.07513000
v 0.10604300 -0.13130600 0.07411700
v 0.10511900 -0.12617800 0.07647300
v 0.10604300 -0.12601000 0.07541800
v 0.10511900 -0.12056400 0.07689400
v 0.10604300 -0.12057300 0.07582600
v 0.10828700 -0.11417100 0.00513100
v 0.10828700 -0.11417100 0.00513100
v 0.10992800 -0.11440400 0.00644900
v 0.10992800 -0.11440400 0.00644900
v 0.11100200 -0.11472000 0.00824600
v 0.11100200 -0.11472000 0.00824600
v 0.10828700 -0.12023600 0.08141900
v 0.10992800 -0.12025700 0.08008100
v 0.11100200 -0.12028600 0.07825700
v 0.10828700 -0.12631600 0.08103200
v 0.10992800 -0.12612600 0.07970800
v 0.11100200 -0.12586600 0.07790200
v 0.10828700 -0.13225900 0.07969000
v 0.10992800 -0.13186200 0.07841300
v 0.11100200 -0.13132000 0.07667100
v 0.10828700 -0.13791500 0.07742600
v 0.10992800 -0.13732100 0.07622700
v 0.11100200 -0.13651100 0.07459200
v 0.10828700 -0.14314200 0.07429600
v 0.10992800 -0.14236600 0.07320700
v 0.11100200 -0.14130800 0.07172000
v 0.10828700 -0.14780900 0.07038000
v 0.10992800 -0.14687100 0.06942700
v 0.11100200 -0.14559100 0.06812600
v 0.10828700 -0.15179900 0.06577600
v 0.10992800 -0.15072200 0.06498300
v 0.11100200 -0.14925300 0.06390100
v 0.10828700 -0.15501100 0.06059900
v 0.10992800 -0.15382200 0.05998600
v 0.11100200 -0.15220000 0.05915000
v 0.10828700 -0.15736500 0.05498000
v 0.10992800 -0.15609400 0.05456200
v 0.11100200 -0.15436100 0.05399300
v 0.10828700 -0.15880100 0.04905900
v 0.10992800 -0.15748000 0.04884700
v 0.11100200 -0.15567900 0.04855900
v 0.10828700 -0.15928400 0.04298600
v 0.10992800 -0.15794600 0.04298600
v 0.11100200 -0.15612200 0.04298600
v 0.10828700 -0.15880100 0.03691200
v 0.10992800 -0.15748000 0.03712400
v 0.11100200 -0.15567900 0.03741200
v 0.10828700 -0.15736500 0.03099200
v 0.10992800 -0.15609400 0.03140900
v 0.11100200 -0.15436100 0.03197800
v 0.10828700 -0.15501100 0.02537200
v 0.10992800 -0.15382200 0.02598500
v 0.11100200 -0.15220000 0.02682100
v 0.10828700 -0.15179900 0.02019500
v 0.10992800 -0.15072200 0.02098900
v 0.11100200 -0.14925300 0.02207000
v 0.10828700 -0.14780900 0.01559100
v 0.10992800 -0.14687100 0.01654400
v 0.11100200 -0.14559100 0.01784500
v 0.10828700 -0.14314200 0.01167500
v 0.10992800 -0.14236600 0.01276500
v 0.11100200 -0.14130800 0.01425100
v 0.10828700 -0.13791500 0.00854500
v 0.10992800 -0.13732100 0.00974400
v 0.11100200 -0.13651100 0.01137900
v 0.10828700 -0.13225900 0.00628100
v 0.10992800 -0.13186200 0.00755800
v 0.11100200 -0.13132000 0.00930100
v 0.10828700 -0.12631600 0.00493900
v 0.10992800 -0.12612600 0.00626300
v 0.11100200 -0.12586600 0.00806900
v 0.10828700 -0.12023600 0.00455200
v 0.10992800 -0.12025700 0.00589000
v 0.11100200 -0.12028600 0.00771400
vn 0.26470600 11.47814800 -99.33872400
vn -99.99965000 0.03038300 -0.26295600
vn -99.99965000 0.03039200 -0.26296800
vn 0.43367400 3.74468400 -99.92892100
vn -96.43302400 -26.10948900 4.35504900
vn 0.93145100 -3.47295500 -99.93533400
vn -86.03054900 -50.24095300 8.63662000
vn 1.28700500 -6.62731200 -99.77185200
vn -78.38344600 -61.18790700 10.58656700
vn -70.35195300 -70.01877900 12.16442900
vn 1.65901900 -9.14929000 -99.56675200
vn 2.33208300 -12.48421100 -99.19025100
vn -56.13536900 -81.52501100 14.23000000
vn 2.93776800 -14.57593700 -98.88837900
vn -43.26305300 -88.80649400 15.54718200
vn 3.58877200 -16.10027300 -98.63012700
vn -29.41463100 -94.13699400 16.52288800
vn -14.96774900 -97.37798300 17.13169400
vn 4.27273400 -17.03188400 -98.44622200
vn 0.00000000 -98.48077500 17.36481800
vn 4.97203300 -17.34334100 -98.35897200
vn 0.00000000 -98.48077500 17.36481800
vn 0.00000000 -98.48077500 17.36481800
vn -0.00000300 -98.48077500 17.36481800
vn -5.06640600 17.34251700 98.35430200
vn -4.34362600 16.97858000 98.45232700
vn -15.16503900 -97.34838500 17.12639700
vn -3.63713000 15.89184200 98.66215400
vn -29.79475500 -94.02099100 16.50229600
vn -43.80133600 -88.55019000 15.50183500
vn -2.96589800 14.11568100 98.95428700
vn -2.34345600 11.68317300 99.28752000
vn -56.75950300 -81.10468600 14.15587600
vn -1.66850100 7.90498900 99.67310200
vn -70.74258800 -69.63567700 12.09787900
vn -1.29422300 5.04643300 99.86420000
vn -78.67162200 -60.82770400 10.52456100
vn -86.22420000 -49.91737000 8.58157600
vn -0.93563000 1.46395200 99.98490600
vn -0.43379000 -6.73956900 99.77169000
vn -96.50202600 -25.86019000 4.31388500
vn -0.26470600 -15.48982000 98.79268900
vn -99.99965000 0.04100300 -0.26151100
vn -99.99965000 0.04110800 -0.26149000
vn -25.66587900 -95.19315200 16.71904700
vn -97.55853800 -21.66979700 3.57093500
vn -42.38107900 -89.21763200 15.62236400
vn -57.77778500 -80.40473300 14.02877500
vn -71.29315200 -69.08919300 11.99874400
vn -82.78060800 -55.28519300 9.53511700
vn -90.60156800 -41.72068500 7.12322400
vn -97.55789000 -21.67280300 3.57039400
vn -90.60107300 -41.72180400 7.12296900
vn -82.78004200 -55.28608300 9.53486600
vn -71.29258100 -69.08982400 11.99850500
vn -57.77726700 -80.40514200 14.02856200
vn -42.38067100 -89.21785600 15.62219400
vn -25.66562100 -95.19324100 16.71893500
vn -90.60262500 -41.71829300 7.12379000
vn -82.78181500 -55.28328800 9.53567900
vn -71.29437000 -69.08784300 11.99928100
vn -57.77888600 -80.40385900 14.02924800
vn -42.38194800 -89.21715400 15.62274000
vn -25.66642900 -95.19296000 16.71929200
vn -99.99965000 0.06406600 -0.25683700
vn -0.26470800 -24.16057300 97.03708900
vn -99.99965000 0.08637100 -0.25022400
vn -0.26470900 -32.64328200 94.52167000
vn -0.26470700 -40.86849200 91.26717000
vn -99.99965000 0.10802400 -0.24166000
vn -0.26470500 -48.77517400 87.29783700
vn -99.99965000 0.12903200 -0.23111600
vn -99.99965000 0.14911300 -0.21870700
vn -0.26470600 -56.28707200 82.65407100
vn -0.26470700 -63.35470300 77.36996500
vn -99.99965000 0.16778400 -0.20475100
vn -0.26470800 -69.93629100 71.47618600
vn -99.99965000 0.18508100 -0.18926000
vn -0.26470600 -75.97952600 65.01570200
vn -99.99965000 0.20101500 -0.17222300
vn -0.26470500 -81.42572300 58.04982000
vn -99.99965000 0.21553700 -0.15364400
vn -99.99965000 0.22835500 -0.13387400
vn -0.26470600 -86.23795500 50.62553800
vn -0.26470700 -90.37273600 42.81002800
vn -99.99965000 0.23925200 -0.11328000
vn -0.26470700 -93.80293000 34.65458600
vn -99.99965000 0.24826900 -0.09184300
vn -0.26470500 -96.49748000 26.23292400
vn -99.99965000 0.25539200 -0.06957900
vn -0.26470500 -98.43833500 17.60182100
vn -99.99965000 0.26058100 -0.04650200
vn -0.26470600 -99.60848000 8.83632500
vn -99.99965000 0.26368700 -0.02325400
vn -99.99965000 0.26471800 -0.00000800
vn -0.26470700 -99.99965000 0.00000400
vn -99.99965000 0.26368900 0.02324200
vn -0.26470600 -99.60848100 -8.83631800
vn -0.26470400 -98.43833600 -17.60181500
vn -99.99965000 0.26058200 0.04649900
vn -0.26470500 -96.49748200 -26.23291800
vn -99.99965000 0.25539100 0.06958700
vn -0.26470700 -93.80293100 -34.65458100
vn -99.99965000 0.24826500 0.09185800
vn -0.26470800 -90.37273900 -42.81002300
vn -99.99965000 0.23924700 0.11329400
vn -99.99965000 0.22835100 0.13388300
vn -0.26470600 -86.23795800 -50.62553300
vn -99.99965000 0.21554000 0.15364200
vn -0.26470500 -81.42572700 -58.04981500
vn -0.26470600 -75.97953100 -65.01569700
vn -99.99965000 0.20102600 0.17221300
vn -99.99965000 0.18509600 0.18924700
vn -0.26470800 -69.93629500 -71.47618200
vn -0.26470700 -63.35470800 -77.36996100
vn -99.99965000 0.16779900 0.20474000
vn -0.26470500 -56.28707600 -82.65406800
vn -99.99965000 0.14912300 0.21870200
vn -0.26470500 -48.77517400 -87.29783700
vn -99.99965000 0.12903100 0.23111700
vn -0.26470600 -40.86849000 -91.26717100
vn -99.99965000 0.10801400 0.24166300
vn -99.99965000 0.08635700 0.25022700
vn -0.26470800 -32.64328100 -94.52167000
vn -99.99965000 0.06405400 0.25683800
vn -0.26470800 -24.16057200 -97.03708900
vn -99.99965000 0.04100300 0.26151100
vn -0.26470600 -15.48982000 -98.79268900
vn -99.99965000 0.04110400 0.26149000
vn -99.99965000 0.03038300 0.26295600
vn 0.26470600 11.47814800 99.33872400
vn -99.99965000 0.03038300 0.26296600
vn 0.26470700 20.45760500 97.88470900
vn -99.99965000 0.05428200 0.25907700
vn 0.26470800 29.26068500 95.62291700
vn -99.99965000 0.07746900 0.25311900
vn 0.26470800 37.83181500 92.56718500
vn -99.99965000 0.10000300 0.24509000
vn 0.26470500 46.09366800 88.74290800
vn -99.99965000 0.12187100 0.23497300
vn 0.26470500 53.95807500 84.19296900
vn -99.99965000 0.14292200 0.22279800
vn -99.99965000 0.16256700 0.20891400
vn 0.26470700 61.36848600 78.95466400
vn 0.26470800 68.27909800 73.06089700
vn -99.99965000 0.18074200 0.19341200
vn 0.26470700 74.63848600 66.55093000
vn -99.99965000 0.19748000 0.17627300
vn -99.99965000 0.21272800 0.15751300
vn 0.26470500 80.37720700 59.49314700
vn 0.26470600 85.45377100 51.93826200
vn -99.99965000 0.22627500 0.13735700
vn -99.99965000 0.23779400 0.11631100
vn 0.26470800 89.81998600 43.95793600
vn 0.26470700 93.44470200 35.60923400
vn -99.99965000 0.24732200 0.09437000
vn 0.26470500 96.29415100 26.96973200
vn -99.99965000 0.25485000 0.07154500
vn 0.26470400 98.34729300 18.10359000
vn -99.99965000 0.26033900 0.04784000
vn -99.99965000 0.26362900 0.02391100
vn 0.26470600 99.58564500 9.09006300
vn -99.99965000 0.26471800 -0.00000800
vn 0.26470700 99.99965000 -0.00000500
vn -99.99965000 0.26362700 -0.02392400
vn 0.26470600 99.58564400 -9.09007100
vn -99.99965000 0.26033800 -0.04784300
vn 0.26470400 98.34729100 -18.10359700
vn -99.99965000 0.25485200 -0.07153600
vn 0.26470500 96.29414900 -26.96973900
vn -99.99965000 0.24732600 -0.09435600
vn 0.26470700 93.44470000 -35.60923900
vn -99.99965000 0.23779900 -0.11629700
vn 0.26470700 89.81998300 -43.95794200
vn -99.99965000 0.22627800 -0.13735000
vn 0.26470600 85.45376700 -51.93826800
vn -99.99965000 0.21272400 -0.15751700
vn 0.26470500 80.37720300 -59.49315300
vn -99.99965000 0.19746800 -0.17628400
vn 0.26470600 74.63848100 -66.55093600
vn 0.26470800 68.27909300 -73.06090200
vn -99.99965000 0.18072600 -0.19342500
vn -99.99965000 0.16255300 -0.20892400
vn 0.26470700 61.36848000 -78.95466800
vn -99.99965000 0.14291500 -0.22280200
vn 0.26470600 53.95807300 -84.19297000
vn 0.26470600 46.09367500 -88.74290400
vn -99.99965000 0.12187600 -0.23497100
vn -99.99965000 0.10001600 -0.24508600
vn 0.26470800 37.83182500 -92.56718100
vn 0.26470900 29.26069100 -95.62291500
vn -99.99965000 0.07748400 -0.25311600
vn 0.26470700 20.45760600 -97.88470900
vn -99.99965000 0.05429200 -0.25907600
vn -99.99965000 0.05765100 -0.25836900
vn -99.99965000 0.08401100 -0.25104700
vn -99.99965000 0.10947200 -0.24102000
vn -99.99965000 0.13402700 -0.22826100
vn -99.99965000 0.15712900 -0.21303100
vn -99.99965000 0.17828600 -0.19568000
vn -99.99965000 0.19752500 -0.17622500
vn -99.99965000 0.21482900 -0.15464000
vn -99.99965000 0.22981000 -0.13137200
vn -99.99965000 0.24215400 -0.10694500
vn -99.99965000 0.25189200 -0.08136800
vn -99.99965000 0.25899800 -0.05462500
vn -99.99965000 0.26329600 -0.02729100
vn -99.99965000 0.26471400 0.00004100
vn -99.99965000 0.26328400 0.02737600
vn -99.99965000 0.25897300 0.05472100
vn -99.99965000 0.25185600 0.08147000
vn -99.99965000 0.24210900 0.10704700
vn -99.99965000 0.22975800 0.13146600
vn -99.99965000 0.21477500 0.15471900
vn -99.99965000 0.19746600 0.17629300
vn -99.99965000 0.17821500 0.19574200
vn -99.99965000 0.15703900 0.21309100
vn -99.99965000 0.13391100 0.22832200
vn -99.99965000 0.10937200 0.24106100
vn -99.99965000 0.08393500 0.25107000
vn -99.99965000 0.05761000 0.25837800
vn 0.31474500 7.21428200 99.73893500
vn -98.94204100 -14.32874700 -2.27144300
vn -95.77866700 -28.35249500 -4.75216200
vn 0.46496500 3.02592600 99.95312700
vn 0.71386300 -0.97964500 99.99265300
vn -90.49293400 -41.94900500 -7.16309600
vn 1.06000000 -4.72581100 99.88264700
vn -83.13794400 -54.76260100 -9.44138500
vn 1.63129000 -8.98272100 99.58237600
vn -71.05592600 -69.32592300 -12.04042600
vn -50.91336900 -84.78356700 -14.81808200
vn 2.56695000 -13.37583000 99.06814800
vn 3.72574500 -16.32661800 98.58783100
vn -26.69225200 -94.91946700 -16.66788900
vn 4.97203300 -17.34334100 98.35897200
vn 0.00000300 -98.48077500 -17.36481800
vn 0.00000000 -98.48077500 -17.36481800
vn 8.36920700 -17.30389600 98.13527200
vn 0.00000000 -98.48077500 -17.36481800
vn 11.75667900 -17.24439200 97.79780900
vn 0.00000000 -98.48077500 -17.36481800
vn 0.00000000 -98.48077500 -17.36481800
vn 15.13052200 -17.16489800 97.34697500
vn 15.13052200 -17.16489800 97.34697500
vn 15.13052200 -1.56833000 98.83626700
vn 15.13052200 -1.56833000 98.83626700
vn 15.13052200 14.06763800 97.84257200
vn 15.13052200 14.06763800 97.84257200
vn 15.13052200 29.35019600 94.39085400
vn 15.13052200 29.35019600 94.39085400
vn 15.13052200 43.89541100 88.56782800
vn 15.13052200 43.89541100 88.56782800
vn 15.13052200 57.33787700 80.51978100
vn 15.13052200 57.33787700 80.51978100
vn 15.13052200 69.33988700 70.44889900
vn 15.13052200 69.33988700 70.44889900
vn 15.13052200 79.59992500 58.60818300
vn 15.13052200 79.59992500 58.60818300
vn 15.13052200 87.86023700 45.29510000
vn 15.13052200 87.86023700 45.29510000
vn 15.13052200 93.91330400 30.84410300
vn 15.13052200 93.91330400 30.84410300
vn 15.13052200 97.60706000 15.61823400
vn 15.13052200 97.60706000 15.61823400
vn 15.13052200 98.84870900 0.00000000
vn 15.13052200 98.84870900 -0.00000000
vn 15.13052200 97.60706000 -15.61823400
vn 15.13052200 97.60706000 -15.61823400
vn 15.13052200 93.91330400 -30.84410300
vn 15.13052200 93.91330400 -30.84410300
vn 15.13052200 87.86023700 -45.29510000
vn 15.13052200 87.86023700 -45.29510000
vn 15.13052200 79.59992500 -58.60818300
vn 15.13052200 79.59992500 -58.60818300
vn 15.13052200 69.33988700 -70.44889900
vn 15.13052200 69.33988700 -70.44889900
vn 15.13052200 57.33787700 -80.51978100
vn 15.13052200 57.33787700 -80.51978100
vn 15.13052200 43.89541100 -88.56782800
vn 15.13052200 43.89541100 -88.56782800
vn 15.13052200 29.35019600 -94.39085400
vn 15.13052200 29.35019600 -94.39085400
vn 15.13052200 14.06763800 -97.84257200
vn 15.13052200 14.06763800 -97.84257200
vn 15.13052200 -1.56833000 -98.83626700
vn 15.13052200 -1.56833000 -98.83626700
vn 0.00000000 -98.48077500 17.36481800
vn 15.13052200 -17.16489800 -97.34697500
vn 15.13052200 -17.16489800 -97.34697500
vn 0.00000000 -98.48077500 17.36481800
vn 11.75667900 -17.24439200 -97.79780900
vn 0.00000000 -98.48077500 17.36481800
vn 8.36920700 -17.30389600 -98.13527200
vn 5.23702500 -2.27319600 -99.83689800
vn 10.19638800 -2.26445600 -99.45303400
vn 5.23702500 12.84685600 -99.03298400
vn 10.19638800 12.79746100 -98.65221100
vn 5.23702500 27.67156700 -95.95237300
vn 10.19638800 27.56517300 -95.58344500
vn 5.23702500 41.86013000 -90.66588700
vn 10.19638800 41.69918200 -90.31728500
vn 5.23702500 55.08635800 -83.29505800
vn 10.19638800 54.87455600 -82.97479600
vn 5.23702500 67.04619100 -74.00933600
vn 10.19638800 66.78840500 -73.72477600
vn 5.23702500 77.46468100 -63.02219300
vn 10.19638800 77.16683600 -62.77987800
vn 5.23702500 86.10231400 -50.58621500
vn 10.19638800 85.77125800 -50.39171500
vn 5.23702500 92.76051700 -36.98729700
vn 10.19638800 92.40386100 -36.84508400
vn 5.23702500 97.28622300 -22.53806700
vn 10.19638800 96.91216600 -22.45141000
vn 5.23702500 99.57538900 -7.57070400
vn 10.19638800 99.19253000 -7.54159500
vn 5.23702500 99.57538900 7.57070400
vn 10.19638800 99.19253000 7.54159500
vn 5.23702500 97.28622300 22.53806700
vn 10.19638800 96.91216600 22.45141000
vn 5.23702500 92.76051700 36.98729700
vn 10.19638800 92.40386100 36.84508400
vn 5.23702500 86.10231400 50.58621500
vn 10.19638800 85.77125800 50.39171500
vn 5.23702500 77.46468100 63.02219300
vn 10.19638800 77.16683600 62.77987800
vn 5.23702500 67.04619100 74.00933600
vn 10.19638800 66.78840500 73.72477600
vn 5.23702500 55.08635800 83.29505800
vn 10.19638800 54.87455600 82.97479600
vn 5.23702500 41.86013000 90.66588700
vn 10.19638800 41.69918200 90.31728500
vn 5.23702500 27.67156700 95.95237300
vn 10.19638800 27.56517300 95.58344500
vn 5.23702500 12.84685600 99.03298400
vn 10.19638800 12.79746100 98.65221100
vn 5.23702500 -2.27319600 99.83689800
vn 10.19638800 -2.26445600 99.45303400
vn -98.40313300 -17.57029900 -2.84744600
vn -0.34188300 -9.50788000 -99.54638800
vn -93.59238200 -34.72523600 -5.88422000
vn -0.57462900 -3.68001600 -99.93061200
vn -85.54488600 -51.03885800 -8.78108600
vn -0.95984100 1.75354600 -99.98001700
vn -74.37861300 -65.85853500 -11.42257800
vn -1.49924800 6.69973600 -99.76405100
vn -59.30482400 -79.31924400 -13.83456900
vn -2.21327400 11.06251600 -99.36157300
vn -41.08462700 -89.80327100 -15.72977700
vn -3.09068600 14.49016900 -98.89632300
vn -4.05623700 16.61631400 -98.52636700
vn -21.32578500 -96.22462100 -16.91251900
vn 0.00000000 -98.48077500 -17.36481800
vn -5.06640600 17.34251700 -98.35430200
vn -0.00001900 -98.48077500 -17.36481800
vn -96.66942900 -25.24597300 -4.20265900
vn -22.03705100 -96.06943000 -16.88292000
vn -90.60655500 -41.71024800 -7.12091500
vn -90.60704900 -41.70913200 -7.12116400
vn -81.66241500 -56.87578700 -9.81808500
vn -70.17640300 -70.18937600 -12.19524700
vn -56.16287700 -81.50659400 -14.22696000
vn -42.39141200 -89.21290500 -15.62132400
vn -22.03682200 -96.06950200 -16.88281000
vn -81.66298300 -56.87492900 -9.81833600
vn -70.17697400 -70.18876300 -12.19548400
vn -56.16338100 -81.50620900 -14.22717400
vn -42.39181700 -89.21268100 -15.62150400
vn -96.66908300 -25.24733800 -4.20242600
vn -22.03754000 -96.06927900 -16.88314000
vn -42.39267600 -89.21220500 -15.62188800
vn -56.16445100 -81.50539000 -14.22764300
vn -70.17819100 -70.18745500 -12.19601500
vn -81.66419200 -56.87309500 -9.81889900
vn -90.60810100 -41.70674900 -7.12172800
vn -96.67016600 -25.24306100 -4.20319600
vn 0.00000000 -98.48077500 17.36481800
vn -8.20116700 17.30632200 98.14903000
vn 0.00000000 -98.48077500 17.36481800
vn -11.32783400 17.25304600 97.84688300
vn 0.00000000 -98.48077500 17.36481800
vn -14.44332000 17.18274000 97.44816000
vn -14.44332000 17.18274000 97.44816000
vn -14.44332000 0.82238500 98.94803800
vn -14.44332000 0.82238500 98.94803800
vn -14.44332000 -15.56064000 97.72030000
vn -14.44332000 -15.56064000 97.72030000
vn -14.44332000 -31.51471800 93.79879000
vn -14.44332000 -31.51471800 93.79879000
vn -14.44332000 -46.60005600 87.29161000
vn -14.44332000 -46.60005600 87.29161000
vn -14.44332000 -60.40081200 78.37813800
vn -14.44332000 -60.40081200 78.37813800
vn -14.44332000 -72.53655000 67.30408200
vn -14.44332000 -72.53655000 67.30408200
vn -14.44332000 -82.67273500 54.37471300
vn -14.44332000 -82.67273500 54.37471300
vn -14.44332000 -90.52995200 39.94644300
vn -14.44332000 -90.52995200 39.94644300
vn -14.44332000 -95.89160800 24.41700400
vn -14.44332000 -95.89160800 24.41700400
vn -14.44332000 -98.60990200 8.21448200
vn -14.44332000 -98.60990200 8.21448200
vn -14.44332000 -98.60990200 -8.21448200
vn -14.44332000 -98.60990200 -8.21448200
vn -14.44332000 -95.89160800 -24.41700400
vn -14.44332000 -95.89160800 -24.41700400
vn -14.44332000 -90.52995200 -39.94644300
vn -14.44332000 -90.52995200 -39.94644300
vn -14.44332000 -82.67273500 -54.37471300
vn -14.44332000 -82.67273500 -54.37471300
vn -14.44332000 -72.53655000 -67.30408200
vn -14.44332000 -72.53655000 -67.30408200
vn -14.44332000 -60.40081200 -78.37813800
vn -14.44332000 -60.40081200 -78.37813800
vn -14.44332000 -46.60005600 -87.29161000
vn -14.44332000 -46.60005600 -87.29161000
vn -14.44332000 -31.51471800 -93.79879000
vn -14.44332000 -31.51471800 -93.79879000
vn -14.44332000 -15.56064000 -97.72030000
vn -14.44332000 -15.56064000 -97.72030000
vn -14.44332000 0.82238500 -98.94803800
vn -14.44332000 0.82238500 -98.94803800
vn -14.44332000 17.18274000 -97.44816000
vn -14.44332000 17.18274000 -97.44816000
vn 0.00000000 -98.48077500 -17.36481800
vn 0.00000000 -98.48077500 -17.36481800
vn -11.32783400 17.25304600 -97.84688300
vn 0.00000000 -98.48077500 -17.36481800
vn -8.20116700 17.30632200 -98.14903000
vn -9.73546600 -15.65082900 98.28668400
vn -5.00571500 -15.70581500 98.63199400
vn -5.00571500 0.83005800 99.87118600
vn -9.73546600 0.82715200 99.52153800
vn -9.73546600 -31.69737600 94.34244600
vn -5.00571500 -31.80873800 94.67389800
vn -9.73546600 -46.87014900 87.79755000
vn -5.00571500 -47.03481800 88.10600900
vn -9.73546600 -60.75089300 78.83241500
vn -5.00571500 -60.96432900 79.10937700
vn -9.73546600 -72.95696900 67.69417500
vn -5.00571500 -73.21328900 67.93200400
vn -9.73546600 -83.15190400 54.68986700
vn -5.00571500 -83.44404100 54.88200900
vn -9.73546600 -91.05466100 40.17797100
vn -5.00571500 -91.37456300 40.31912800
vn -9.73546600 -96.44739300 24.55852400
vn -5.00571500 -96.78624100 24.64480500
vn -9.73546600 -99.18144200 8.26209300
vn -5.00571500 -99.52989600 8.29112000
vn -9.73546600 -99.18144200 -8.26209300
vn -5.00571500 -99.52989600 -8.29112000
vn -9.73546600 -96.44739300 -24.55852400
vn -5.00571500 -96.78624100 -24.64480500
vn -9.73546600 -91.05466100 -40.17797100
vn -5.00571500 -91.37456300 -40.31912800
vn -9.73546600 -83.15190400 -54.68986700
vn -5.00571500 -83.44404100 -54.88200900
vn -9.73546600 -72.95696900 -67.69417500
vn -5.00571500 -73.21328900 -67.93200400
vn -9.73546600 -60.75089300 -78.83241500
vn -5.00571500 -60.96432900 -79.10937700
vn -9.73546600 -46.87014900 -87.79755000
vn -5.00571500 -47.03481800 -88.10600900
vn -9.73546600 -31.69737600 -94.34244600
vn -5.00571500 -31.80873800 -94.67389800
vn -9.73546600 -15.65082900 -98.28668400
vn -5.00571500 -15.70581500 -98.63199400
vn -9.73546600 0.82715200 -99.52153800
vn -5.00571500 0.83005800 -99.87118600
vn -58.12187000 14.13057500 -80.13847400
vn 0.00000000 -98.48077500 -17.36481800
vn -88.91621600 7.94600600 -45.06403700
vn 0.00000000 -98.48077500 -17.36481800
vn -100.00000000 -0.00000000 -0.00000000
vn -100.00000000 -0.00000000 -0.00000000
vn 0.00000000 -98.48077500 -17.36481800
vn 0.00000000 -98.48077500 -17.36481800
vn 0.00000000 -98.48077500 -17.36481800
vn -100.00000000 -0.00000000 -0.00000000
vn 0.00000000 -98.48077500 -17.36481800
vn 0.00000000 -98.48077500 -17.36481800
vn 100.00000000 0.00000000 0.00000000
vn 100.00000000 0.00000000 0.00000000
vn 0.00000000 -98.48077500 -17.36481800
vn 100.00000000 0.00000000 0.00000000
vn 0.00000000 -98.48077500 -17.36481800
vn 93.77413700 -6.03139700 34.20575300
vn 0.00000000 -98.48077500 -17.36481800
vn 75.87177400 -11.31178100 64.15229900
vn 0.00000000 -98.48077500 -17.36481800
vn 48.52206600 -15.18365300 86.11077600
vn 0.00000000 -98.48077500 17.36481800
vn 100.00000000 0.00000000 0.00000000
vn 0.00000000 -98.48077500 17.36481800
vn 100.00000000 0.00000000 0.00000000
vn 0.00000000 -87.45519300 48.49318800
vn 0.00000000 -66.89228100 74.33318700
vn 100.00000000 0.00000000 0.00000000
vn 0.00000000 -39.03450600 92.06686300
vn 100.00000000 0.00000000 0.00000000
vn -0.00000000 -6.91986700 99.76029000
vn 100.00000000 0.00000000 0.00000000
vn -0.00000000 -6.91986700 99.76029000
vn -0.00000000 -6.91986700 99.76029000
vn -0.00000000 -6.91986700 99.76029000
vn -100.00000000 -0.00000000 -0.00000000
vn -100.00000000 -0.00000000 -0.00000000
vn 0.00000000 -39.03450600 92.06686300
vn -100.00000000 -0.00000000 -0.00000000
vn 0.00000000 -66.89228100 74.33318700
vn -100.00000000 -0.00000000 -0.00000000
vn 0.00000000 -87.45519300 48.49318800
vn 0.00000000 -98.48077500 17.36481800
vn -100.00000000 -0.00000000 -0.00000000
vn 0.00000000 -98.48077500 17.36481800
vn 100.00000000 0.00000000 0.00000000
vn 0.00000000 -27.99673100 96.00095300
vn 0.00000000 -47.79031800 87.84125200
vn 100.00000000 0.00000000 0.00000000
vn 0.00000000 -65.39335500 75.65519800
vn 100.00000000 0.00000000 0.00000000
vn 100.00000000 0.00000000 0.00000000
vn 0.00000000 -79.99897800 60.00136200
vn 100.00000000 0.00000000 0.00000000
vn 0.00000000 -90.93771400 41.59726200
vn 100.00000000 0.00000000 0.00000000
vn 0.00000000 -97.70816600 21.28648200
vn 100.00000000 0.00000000 0.00000000
vn 0.00000000 -100.00000000 0.00000000
vn 0.00000000 -97.70816600 -21.28648200
vn 100.00000000 0.00000000 0.00000000
vn 0.00000000 -90.93771400 -41.59726200
vn 100.00000000 0.00000000 0.00000000
vn 0.00000000 -79.99897800 -60.00136200
vn 100.00000000 0.00000000 0.00000000
vn 0.00000000 -65.39335500 -75.65519800
vn 100.00000000 0.00000000 0.00000000
vn 100.00000000 0.00000000 0.00000000
vn 0.00000000 -47.79031800 -87.84125200
vn 0.00000000 -27.99673100 -96.00095300
vn 100.00000000 0.00000000 0.00000000
vn 0.00000000 -6.91986700 -99.76029000
vn 100.00000000 0.00000000 0.00000000
vn 0.00000000 -6.91986700 -99.76029000
vn 0.00000000 -6.91986700 -99.76029000
vn 0.00000000 -6.91986700 -99.76029000
vn -100.00000000 -0.00000000 -0.00000000
vn 0.00000000 -27.99673100 -96.00095300
vn -100.00000000 -0.00000000 -0.00000000
vn 0.00000000 -47.79031800 -87.84125200
vn -100.00000000 -0.00000000 -0.00000000
vn -100.00000000 -0.00000000 -0.00000000
vn 0.00000000 -65.39335500 -75.65519800
vn 0.00000000 -79.99897800 -60.00136200
vn -100.00000000 -0.00000000 -0.00000000
vn -100.00000000 -0.00000000 -0.00000000
vn 0.00000000 -90.93771400 -41.59726200
vn 0.00000000 -97.70816600 -21.28648200
vn -100.00000000 -0.00000000 -0.00000000
vn -100.00000000 -0.00000000 -0.00000000
vn 0.00000000 -100.00000000 -0.00000000
vn -100.00000000 -0.00000000 -0.00000000
vn 0.00000000 -97.70816600 21.28648200
vn 0.00000000 -90.93771400 41.59726200
vn -100.00000000 -0.00000000 -0.00000000
vn -100.00000000 -0.00000000 -0.00000000
vn 0.00000000 -79.99897800 60.00136200
vn 0.00000000 -65.39335500 75.65519800
vn -100.00000000 -0.00000000 -0.00000000
vn 0.00000000 -47.79031800 87.84125200
vn -100.00000000 -0.00000000 -0.00000000
vn -100.00000000 -0.00000000 -0.00000000
vn 0.00000000 -27.99673100 96.00095300
vn -100.00000000 -0.00000000 -0.00000000
vn 0.00000000 -39.03450600 -92.06686300
vn 0.00000000 -66.89228100 -74.33318700
vn -100.00000000 -0.00000000 -0.00000000
vn -100.00000000 -0.00000000 -0.00000000
vn 0.00000000 -87.45519300 -48.49318800
vn -100.00000000 -0.00000000 -0.00000000
vn -100.00000000 -0.00000000 -0.00000000
vn -100.00000000 -0.00000000 -0.00000000
vn -100.00000000 -0.00000000 -0.00000000
vn -100.00000000 -0.00000000 -0.00000000
vn -100.00000000 -0.00000000 -0.00000000
vn -100.00000000 -0.00000000 -0.00000000
vn -100.00000000 -0.00000000 -0.00000000
vn -100.00000000 -0.00000000 -0.00000000
vn -100.00000000 -0.00000000 -0.00000000
vn -100.00000000 -0.00000000 -0.00000000
vn -100.00000000 -0.00000000 -0.00000000
vn -100.00000000 -0.00000000 -0.00000000
vn -100.00000000 -0.00000000 -0.00000000
vn -100.00000000 -0.00000000 -0.00000000
vn -100.00000000 -0.00000000 -0.00000000
vn -100.00000000 -0.00000000 -0.00000000
vn -100.00000000 -0.00000000 -0.00000000
vn -100.00000000 -0.00000000 -0.00000000
vn -100.00000000 -0.00000000 -0.00000000
vn -100.00000000 -0.00000000 -0.00000000
vn -100.00000000 -0.00000000 -0.00000000
vn -100.00000000 -0.00000000 -0.00000000
vn -100.00000000 -0.00000000 -0.00000000
vn -100.00000000 -0.00000000 -0.00000000
vn -100.00000000 -0.00000000 -0.00000000
vn -100.00000000 -0.00000000 -0.00000000
vn -100.00000000 -0.00000000 -0.00000000
vn -100.00000000 -0.00000000 -0.00000000
vn -100.00000000 -0.00000000 -0.00000000
vn -100.00000000 -0.00000000 -0.00000000
vn -100.00000000 -0.00000000 -0.00000000
vn -100.00000000 -0.00000000 -0.00000000
vn -100.00000000 -0.00000000 -0.00000000
vn -100.00000000 -0.00000000 -0.00000000
vn -100.00000000 -0.00000000 -0.00000000
vn -100.00000000 -0.00000000 -0.00000000
vn -100.00000000 -0.00000000 -0.00000000
vn 0.00000000 -98.48077500 17.36481800
vn -100.00000000 -0.00000000 -0.00000000
vn -100.00000000 -0.00000000 -0.00000000
vn 0.00000000 -39.03450600 -92.06686300
vn 100.00000000 0.00000000 0.00000000
vn 0.00000000 -66.89228100 -74.33318700
vn 100.00000000 0.00000000 0.00000000
vn 100.00000000 0.00000000 0.00000000
vn 0.00000000 -87.45519300 -48.49318800
vn 100.00000000 0.00000000 0.00000000
vn 100.00000000 0.00000000 0.00000000
vn 0.00000000 -98.48077500 17.36481800
vn 100.00000000 0.00000000 0.00000000
vn 100.00000000 0.00000000 0.00000000
vn 100.00000000 0.00000000 0.00000000
vn 100.00000000 0.00000000 0.00000000
vn 100.00000000 0.00000000 0.00000000
vn 100.00000000 0.00000000 0.00000000
vn 100.00000000 0.00000000 0.00000000
vn 100.00000000 0.00000000 0.00000000
vn 100.00000000 0.00000000 0.00000000
vn 100.00000000 0.00000000 0.00000000
vn 100.00000000 0.00000000 0.00000000
vn 100.00000000 0.00000000 0.00000000
vn 100.00000000 0.00000000 0.00000000
vn 100.00000000 0.00000000 0.00000000
vn 100.00000000 0.00000000 0.00000000
vn 100.00000000 0.00000000 0.00000000
vn 100.00000000 0.00000000 0.00000000
vn 100.00000000 0.00000000 0.00000000
vn 100.00000000 0.00000000 0.00000000
vn 100.00000000 0.00000000 0.00000000
vn 100.00000000 0.00000000 0.00000000
vn 100.00000000 0.00000000 0.00000000
vn 100.00000000 0.00000000 0.00000000
vn 100.00000000 0.00000000 0.00000000
vn 100.00000000 0.00000000 0.00000000
vn 100.00000000 0.00000000 0.00000000
vn 100.00000000 0.00000000 0.00000000
vn 100.00000000 0.00000000 0.00000000
vn 100.00000000 0.00000000 0.00000000
vn 100.00000000 0.00000000 0.00000000
vn 100.00000000 0.00000000 0.00000000
vn 100.00000000 0.00000000 0.00000000
vn 100.00000000 0.00000000 0.00000000
vn 100.00000000 0.00000000 0.00000000
vn 100.00000000 0.00000000 0.00000000
vn 100.00000000 0.00000000 0.00000000
vn 100.00000000 0.00000000 0.00000000
vn 100.00000000 0.00000000 0.00000000
vn 0.00000000 -98.48077500 17.36481800
vn -58.12187000 14.13057500 80.13847400
vn -88.91621600 7.94600600 45.06403700
vn 0.00000000 -98.48077500 17.36481800
vn -88.91621600 0.38030500 45.75764200
vn -58.12187000 0.67630500 81.37192900
vn -88.91621600 -7.19588000 45.18988600
vn -58.12187000 -12.79660800 80.36227300
vn -88.91621600 -14.57370200 43.37641900
vn -58.12187000 -25.91676800 77.13734100
vn -88.91621600 -21.54978300 40.36723100
vn -58.12187000 -38.32250300 71.78602900
vn -88.91621600 -27.93182000 36.24527500
vn -58.12187000 -49.67183400 64.45585400
vn -88.91621600 -33.54388400 31.12417600
vn -58.12187000 -59.65190500 55.34887900
vn -88.91621600 -38.23127300 25.14510400
vn -58.12187000 -67.98760300 44.71615000
vn -88.91621600 -41.86477300 18.47287800
vn -58.12187000 -74.44914500 32.85076900
vn -88.91621600 -44.34422400 11.29142700
vn -58.12187000 -78.85841100 20.07981900
vn -88.91621600 -45.60127500 3.79871400
vn -58.12187000 -81.09385600 6.75534600
vn -88.91621600 -45.60127500 -3.79871400
vn -58.12187000 -81.09385600 -6.75534600
vn -88.91621600 -44.34422400 -11.29142700
vn -58.12187000 -78.85841100 -20.07981900
vn -88.91621600 -41.86477300 -18.47287800
vn -58.12187000 -74.44914500 -32.85076900
vn -88.91621600 -38.23127300 -25.14510400
vn -58.12187000 -67.98760300 -44.71615000
vn -88.91621600 -33.54388400 -31.12417600
vn -58.12187000 -59.65190500 -55.34887900
vn -88.91621600 -27.93182000 -36.24527500
vn -58.12187000 -49.67183400 -64.45585400
vn -88.91621600 -21.54978300 -40.36723100
vn -58.12187000 -38.32250300 -71.78602900
vn -88.91621600 -14.57370200 -43.37641900
vn -58.12187000 -25.91676800 -77.13734100
vn -88.91621600 -7.19588000 -45.18988600
vn -58.12187000 -12.79660800 -80.36227300
vn -88.91621600 0.38030500 -45.75764200
vn -58.12187000 0.67630500 -81.37192900
vn 93.77413700 -6.03139700 -34.20575300
vn 0.00000000 -98.48077500 17.36481800
vn 0.00000000 -98.48077500 17.36481800
vn 75.87177400 -11.31178100 -64.15229900
vn 48.52206600 -15.18365300 -86.11077600
vn 0.00000000 -98.48077500 17.36481800
vn 93.77413700 -0.55107900 34.72906000
vn 75.87177400 -1.03354000 65.13375200
vn 48.52206600 -1.38730700 87.42816800
vn 93.77413700 4.94308300 34.37989600
vn 75.87177400 9.27066600 64.47890100
vn 48.52206600 12.44389200 86.54916900
vn 93.77413700 10.31306400 33.16703200
vn 75.87177400 19.34197300 62.20419600
vn 48.52206600 25.96247200 83.49586300
vn 93.77413700 15.42395700 31.12093900
vn 75.87177400 28.92736600 58.36678300
vn 48.52206600 38.82881800 78.34495600
vn 93.77413700 20.14736700 28.29301800
vn 75.87177400 37.78603900 53.06306700
vn 48.52206600 50.71969700 71.22584800
vn 93.77413700 24.36463000 24.75431500
vn 75.87177400 45.69544300 46.42628900
vn 48.52206600 61.33638500 62.31739000
vn 93.77413700 27.96980000 20.59372700
vn 75.87177400 52.45687600 38.62318000
vn 48.52206600 70.41216600 51.84338000
vn 93.77413700 30.87230600 15.91578000
vn 75.87177400 57.90047600 29.84977000
vn 48.52206600 77.71903700 40.06694900
vn 93.77413700 32.99923100 10.83799200
vn 75.87177400 61.88948700 20.32646800
vn 48.52206600 83.07343400 27.28394700
vn 93.77413700 34.29714100 5.48793100
vn 75.87177400 64.32369700 10.29251900
vn 48.52206600 86.34084100 13.81551200
vn 93.77413700 34.29714100 -5.48793100
vn 75.87177400 64.32369700 -10.29251900
vn 48.52206600 86.34084100 -13.81551200
vn 48.52206600 87.43917400 0.00000000
vn 75.87177400 65.14195200 0.00000000
vn 93.77413700 34.73343200 0.00000000
vn 93.77413700 32.99923100 -10.83799200
vn 75.87177400 61.88948700 -20.32646800
vn 48.52206600 83.07343400 -27.28394700
vn 93.77413700 30.87230600 -15.91578000
vn 75.87177400 57.90047600 -29.84977000
vn 48.52206600 77.71903700 -40.06694900
vn 93.77413700 27.96980000 -20.59372700
vn 75.87177400 52.45687600 -38.62318000
vn 48.52206600 70.41216600 -51.84338000
vn 93.77413700 24.36463000 -24.75431500
vn 75.87177400 45.69544300 -46.42628900
vn 48.52206600 61.33638500 -62.31739000
vn 93.77413700 20.14736700 -28.29301800
vn 75.87177400 37.78603900 -53.06306700
vn 48.52206600 50.71969700 -71.22584800
vn 93.77413700 15.42395700 -31.12093900
vn 75.87177400 28.92736600 -58.36678300
vn 48.52206600 38.82881800 -78.34495600
vn 93.77413700 10.31306400 -33.16703200
vn 75.87177400 19.34197300 -62.20419600
vn 48.52206600 25.96247200 -83.49586300
vn 93.77413700 4.94308300 -34.37989600
vn 75.87177400 9.27066600 -64.47890100
vn 48.52206600 12.44389200 -86.54916900
vn 93.77413700 -0.55107900 -34.72906000
vn 75.87177400 -1.03354000 -65.13375200
vn 48.52206600 -1.38730700 -87.42816800
vn -0.00000000 98.48077500 17.36481800
vn 0.00000000 98.48077500 17.36481800
vn 4.97203300 17.34334100 -98.35897200
vn 4.27273400 17.03188400 -98.44622200
vn -14.96774900 97.37798300 17.13169400
vn 3.58877200 16.10027300 -98.63012700
vn -29.41463100 94.13699400 16.52288800
vn 2.93776800 14.57593700 -98.88837900
vn -43.26305300 88.80649400 15.54718200
vn -56.13536900 81.52501100 14.23000000
vn 2.33208300 12.48421100 -99.19025100
vn -70.35195300 70.01877900 12.16442900
vn 1.65901900 9.14929000 -99.56675200
vn -78.38344600 61.18790700 10.58656700
vn 1.28700500 6.62731200 -99.77185200
vn -86.03054900 50.24095300 8.63662000
vn 0.93145100 3.47295500 -99.93533400
vn -96.43302400 26.10948900 4.35504900
vn 0.43367400 -3.74468400 -99.92892100
vn -99.99965000 -0.03038300 -0.26295600
vn -99.99965000 -0.03039200 -0.26296800
vn 0.26470600 -11.47814800 -99.33872400
vn -99.99965000 -0.04100300 -0.26151100
vn -99.99965000 -0.04110800 -0.26149000
vn -0.26470600 15.48982000 98.79268900
vn -96.50202600 25.86019000 4.31388500
vn -0.43379000 6.73956900 99.77169000
vn -0.93563000 -1.46395200 99.98490600
vn -86.22420000 49.91737000 8.58157600
vn -1.29422300 -5.04643300 99.86420000
vn -78.67162200 60.82770400 10.52456100
vn -70.74258800 69.63567700 12.09787900
vn -1.66850100 -7.90498900 99.67310200
vn -56.75950300 81.10468600 14.15587600
vn -2.34345600 -11.68317300 99.28752000
vn -43.80133600 88.55019000 15.50183500
vn -2.96589800 -14.11568100 98.95428700
vn -29.79475500 94.02099100 16.50229600
vn -3.63713000 -15.89184200 98.66215400
vn -4.34362600 -16.97858000 98.45232700
vn -15.16503900 97.34838500 17.12639700
vn -0.00000000 98.48077500 17.36481800
vn -0.00000300 98.48077500 17.36481800
vn -5.06640600 -17.34251700 98.35430200
vn -97.55853800 21.66979700 3.57093500
vn -25.66587900 95.19315200 16.71904700
vn -90.60107300 41.72180400 7.12296900
vn -82.78004200 55.28608300 9.53486600
vn -71.29258100 69.08982400 11.99850500
vn -57.77726700 80.40514200 14.02856200
vn -42.38067100 89.21785600 15.62219400
vn -25.66562100 95.19324100 16.71893500
vn -97.55789000 21.67280300 3.57039400
vn -90.60156800 41.72068500 7.12322400
vn -82.78060800 55.28519300 9.53511700
vn -71.29315200 69.08919300 11.99874400
vn -57.77778500 80.40473300 14.02877500
vn -42.38107900 89.21763200 15.62236400
vn -25.66642900 95.19296000 16.71929200
vn -42.38194800 89.21715400 15.62274000
vn -57.77888600 80.40385900 14.02924800
vn -71.29437000 69.08784300 11.99928100
vn -82.78181500 55.28328800 9.53567900
vn -90.60262500 41.71829300 7.12379000
vn 0.26470700 -20.45760700 -97.88470900
vn -99.99965000 -0.05429200 -0.25907600
vn -99.99965000 -0.07748400 -0.25311600
vn 0.26470900 -29.26069100 -95.62291500
vn -99.99965000 -0.10001600 -0.24508600
vn 0.26470800 -37.83182500 -92.56718100
vn 0.26470600 -46.09367500 -88.74290400
vn -99.99965000 -0.12187600 -0.23497100
vn -99.99965000 -0.14291500 -0.22280200
vn 0.26470600 -53.95807400 -84.19297000
vn -99.99965000 -0.16255300 -0.20892400
vn 0.26470700 -61.36848000 -78.95466800
vn -99.99965000 -0.18072600 -0.19342500
vn 0.26470800 -68.27909300 -73.06090200
vn -99.99965000 -0.19746800 -0.17628400
vn 0.26470600 -74.63848100 -66.55093600
vn -99.99965000 -0.21272400 -0.15751700
vn 0.26470500 -80.37720300 -59.49315300
vn 0.26470600 -85.45376700 -51.93826800
vn -99.99965000 -0.22627800 -0.13735000
vn -99.99965000 -0.23779900 -0.11629700
vn 0.26470700 -89.81998300 -43.95794100
vn -99.99965000 -0.24732600 -0.09435600
vn 0.26470700 -93.44470000 -35.60923900
vn -99.99965000 -0.25485200 -0.07153600
vn 0.26470500 -96.29414900 -26.96973800
vn -99.99965000 -0.26033800 -0.04784300
vn 0.26470400 -98.34729100 -18.10359600
vn -99.99965000 -0.26362700 -0.02392400
vn 0.26470600 -99.58564400 -9.09007000
vn 0.26470700 -99.99965000 -0.00000400
vn -99.99965000 -0.26471800 -0.00000800
vn -99.99965000 -0.26362900 0.02391100
vn 0.26470600 -99.58564500 9.09006300
vn 0.26470400 -98.34729300 18.10359000
vn -99.99965000 -0.26033900 0.04784000
vn -99.99965000 -0.25485000 0.07154500
vn 0.26470500 -96.29415100 26.96973200
vn -99.99965000 -0.24732200 0.09437000
vn 0.26470700 -93.44470200 35.60923500
vn 0.26470800 -89.81998600 43.95793600
vn -99.99965000 -0.23779400 0.11631100
vn 0.26470600 -85.45377100 51.93826200
vn -99.99965000 -0.22627500 0.13735700
vn -99.99965000 -0.21272800 0.15751300
vn 0.26470500 -80.37720700 59.49314700
vn -99.99965000 -0.19748000 0.17627300
vn 0.26470700 -74.63848600 66.55093100
vn -99.99965000 -0.18074200 0.19341200
vn 0.26470800 -68.27909800 73.06089700
vn 0.26470700 -61.36848600 78.95466400
vn -99.99965000 -0.16256700 0.20891400
vn -99.99965000 -0.14292200 0.22279800
vn 0.26470500 -53.95807500 84.19296900
vn -99.99965000 -0.12187100 0.23497300
vn 0.26470500 -46.09366800 88.74290800
vn -99.99965000 -0.10000300 0.24509000
vn 0.26470800 -37.83181500 92.56718500
vn -99.99965000 -0.07746900 0.25311900
vn 0.26470800 -29.26068500 95.62291700
vn -99.99965000 -0.05428200 0.25907700
vn 0.26470700 -20.45760500 97.88470900
vn -99.99965000 -0.03038300 0.26296600
vn 0.26470600 -11.47814800 99.33872400
vn -99.99965000 -0.03038300 0.26295600
vn -0.26470600 15.48982000 -98.79268900
vn -99.99965000 -0.04100300 0.26151100
vn -99.99965000 -0.04110400 0.26149000
vn -0.26470800 24.16057200 -97.03708900
vn -99.99965000 -0.06405400 0.25683800
vn -99.99965000 -0.08635700 0.25022700
vn -0.26470800 32.64328100 -94.52167000
vn -99.99965000 -0.10801400 0.24166300
vn -0.26470600 40.86849000 -91.26717100
vn -99.99965000 -0.12903100 0.23111700
vn -0.26470500 48.77517400 -87.29783700
vn -99.99965000 -0.14912300 0.21870200
vn -0.26470500 56.28707600 -82.65406800
vn -99.99965000 -0.16779900 0.20474000
vn -0.26470700 63.35470800 -77.36996100
vn -0.26470800 69.93629500 -71.47618200
vn -99.99965000 -0.18509600 0.18924700
vn -0.26470600 75.97953100 -65.01569700
vn -99.99965000 -0.20102600 0.17221300
vn -0.26470500 81.42572600 -58.04981500
vn -99.99965000 -0.21554000 0.15364200
vn -99.99965000 -0.22835100 0.13388300
vn -0.26470600 86.23795800 -50.62553300
vn -99.99965000 -0.23924700 0.11329400
vn -0.26470800 90.37273900 -42.81002300
vn -0.26470700 93.80293100 -34.65458100
vn -99.99965000 -0.24826500 0.09185800
vn -99.99965000 -0.25539100 0.06958700
vn -0.26470500 96.49748200 -26.23291800
vn -0.26470400 98.43833600 -17.60181500
vn -99.99965000 -0.26058200 0.04649900
vn -99.99965000 -0.26368900 0.02324200
vn -0.26470600 99.60848100 -8.83631800
vn -0.26470700 99.99965000 0.00000400
vn -99.99965000 -0.26471800 -0.00000800
vn -0.26470600 99.60848000 8.83632500
vn -99.99965000 -0.26368700 -0.02325400
vn -0.26470500 98.43833500 17.60182100
vn -99.99965000 -0.26058100 -0.04650200
vn -99.99965000 -0.25539200 -0.06957900
vn -0.26470500 96.49748000 26.23292400
vn -99.99965000 -0.24826900 -0.09184300
vn -0.26470700 93.80293000 34.65458600
vn -99.99965000 -0.23925200 -0.11328000
vn -0.26470700 90.37273600 42.81002800
vn -0.26470600 86.23795500 50.62553800
vn -99.99965000 -0.22835500 -0.13387400
vn -99.99965000 -0.21553700 -0.15364400
vn -0.26470500 81.42572300 58.04982000
vn -99.99965000 -0.20101500 -0.17222300
vn -0.26470600 75.97952600 65.01570200
vn -0.26470800 69.93629000 71.47618600
vn -99.99965000 -0.18508100 -0.18926000
vn -0.26470700 63.35470300 77.36996500
vn -99.99965000 -0.16778400 -0.20475100
vn -0.26470600 56.28707200 82.65407100
vn -99.99965000 -0.14911300 -0.21870700
vn -0.26470500 48.77517400 87.29783700
vn -99.99965000 -0.12903200 -0.23111600
vn -99.99965000 -0.10802400 -0.24166000
vn -0.26470700 40.86849200 91.26717000
vn -99.99965000 -0.08637100 -0.25022400
vn -0.26470900 32.64328200 94.52167000
vn -99.99965000 -0.06406600 -0.25683700
vn -0.26470800 24.16057300 97.03708900
vn -99.99965000 -0.05765100 -0.25836900
vn -99.99965000 -0.08401100 -0.25104700
vn -99.99965000 -0.10947200 -0.24102000
vn -99.99965000 -0.13402700 -0.22826100
vn -99.99965000 -0.15712900 -0.21303100
vn -99.99965000 -0.17828600 -0.19568000
vn -99.99965000 -0.19752500 -0.17622500
vn -99.99965000 -0.21482900 -0.15464000
vn -99.99965000 -0.22980700 -0.13137800
vn -99.99965000 -0.24214900 -0.10695700
vn -99.99965000 -0.25188600 -0.08138700
vn -99.99965000 -0.25899200 -0.05465200
vn -99.99965000 -0.26329200 -0.02732500
vn -99.99965000 -0.26471400 -0.00000000
vn -99.99965000 -0.26328900 0.02732800
vn -99.99965000 -0.25898500 0.05466600
vn -99.99965000 -0.25187500 0.08141200
vn -99.99965000 -0.24213600 0.10698400
vn -99.99965000 -0.22979600 0.13140100
vn -99.99965000 -0.21482400 0.15465200
vn -99.99965000 -0.19752500 0.17622700
vn -99.99965000 -0.17828500 0.19567700
vn -99.99965000 -0.15712100 0.21303000
vn -99.99965000 -0.13400700 0.22826600
vn -99.99965000 -0.10944700 0.24102700
vn -99.99965000 -0.08398700 0.25105300
vn -99.99965000 -0.05763600 0.25837200
vn 8.36920700 17.30389600 -98.13527200
vn -0.00000000 98.48077500 17.36481800
vn 11.75667900 17.24439200 -97.79780900
vn -0.00000000 98.48077500 17.36481800
vn 15.13052200 17.16489800 -97.34697500
vn 15.13052200 17.16489800 -97.34697500
vn -0.00000000 98.48077500 17.36481800
vn 15.13052200 1.56833000 -98.83626700
vn 15.13052200 1.56833000 -98.83626700
vn 15.13052200 -14.06763800 -97.84257200
vn 15.13052200 -14.06763800 -97.84257200
vn 15.13052200 -29.35019600 -94.39085400
vn 15.13052200 -29.35019600 -94.39085400
vn 15.13052200 -43.89541100 -88.56782800
vn 15.13052200 -43.89541100 -88.56782800
vn 15.13052200 -57.33787700 -80.51978100
vn 15.13052200 -57.33787700 -80.51978100
vn 15.13052200 -69.33988700 -70.44889900
vn 15.13052200 -69.33988700 -70.44889900
vn 15.13052200 -79.59992500 -58.60818300
vn 15.13052200 -79.59992500 -58.60818300
vn 15.13052200 -87.86023700 -45.29510000
vn 15.13052200 -87.86023700 -45.29510000
vn 15.13052200 -93.91330400 -30.84410300
vn 15.13052200 -93.91330400 -30.84410300
vn 15.13052200 -97.60706000 -15.61823400
vn 15.13052200 -97.60706000 -15.61823400
vn 15.13052200 -98.84870900 -0.00000000
vn 15.13052200 -98.84870900 -0.00000000
vn 15.13052200 -97.60706000 15.61823400
vn 15.13052200 -97.60706000 15.61823400
vn 15.13052200 -93.91330400 30.84410300
vn 15.13052200 -93.91330400 30.84410300
vn 15.13052200 -87.86023700 45.29510000
vn 15.13052200 -87.86023700 45.29510000
vn 15.13052200 -79.59992500 58.60818300
vn 15.13052200 -79.59992500 58.60818300
vn 15.13052200 -69.33988700 70.44889900
vn 15.13052200 -69.33988700 70.44889900
vn 15.13052200 -57.33787700 80.51978100
vn 15.13052200 -57.33787700 80.51978100
vn 15.13052200 -43.89541100 88.56782800
vn 15.13052200 -43.89541100 88.56782800
vn 15.13052200 -29.35019600 94.39085400
vn 15.13052200 -29.35019600 94.39085400
vn 15.13052200 -14.06763800 97.84257200
vn 15.13052200 -14.06763800 97.84257200
vn 15.13052200 1.56833000 98.83626700
vn 15.13052200 1.56833000 98.83626700
vn 15.13052200 17.16489800 97.34697500
vn 15.13052200 17.16489800 97.34697500
vn -0.00000000 98.48077500 -17.36481800
vn -0.00000000 98.48077500 -17.36481800
vn 11.75667900 17.24439200 97.79780900
vn 8.36920700 17.30389600 98.13527200
vn -0.00000000 98.48077500 -17.36481800
vn -0.00000000 98.48077500 -17.36481800
vn 4.97203300 17.34334100 98.35897200
vn 0.00000300 98.48077500 -17.36481800
vn -26.69225200 94.91946700 -16.66788900
vn 3.72574500 16.32661800 98.58783100
vn -50.91336900 84.78356700 -14.81808200
vn 2.56695000 13.37583000 99.06814800
vn -71.05592600 69.32592300 -12.04042600
vn 1.63129000 8.98272100 99.58237600
vn -83.13794400 54.76260100 -9.44138500
vn 1.06000000 4.72581100 99.88264700
vn 0.71386300 0.97964500 99.99265300
vn -90.49293400 41.94900500 -7.16309600
vn -95.77866700 28.35249500 -4.75216200
vn 0.46496500 -3.02592600 99.95312700
vn -98.94204100 14.32874700 -2.27144300
vn 0.31474500 -7.21428200 99.73893500
vn 10.19638800 -12.79746100 -98.65221100
vn 5.23702500 -12.84685600 -99.03298400
vn 5.23702500 2.27319600 -99.83689800
vn 10.19638800 2.26445600 -99.45303400
vn 10.19638800 -27.56517300 -95.58344500
vn 5.23702500 -27.67156700 -95.95237300
vn 10.19638800 -41.69918200 -90.31728500
vn 5.23702500 -41.86013000 -90.66588700
vn 10.19638800 -54.87455600 -82.97479600
vn 5.23702500 -55.08635800 -83.29505800
vn 10.19638800 -66.78840500 -73.72477600
vn 5.23702500 -67.04619100 -74.00933600
vn 10.19638800 -77.16683600 -62.77987800
vn 5.23702500 -77.46468100 -63.02219300
vn 10.19638800 -85.77125800 -50.39171500
vn 5.23702500 -86.10231400 -50.58621500
vn 10.19638800 -92.40386100 -36.84508400
vn 5.23702500 -92.76051700 -36.98729700
vn 10.19638800 -96.91216600 -22.45141000
vn 5.23702500 -97.28622300 -22.53806700
vn 10.19638800 -99.19253000 -7.54159500
vn 5.23702500 -99.57538900 -7.57070400
vn 10.19638800 -99.19253000 7.54159500
vn 5.23702500 -99.57538900 7.57070400
vn 10.19638800 -96.91216600 22.45141000
vn 5.23702500 -97.28622300 22.53806700
vn 10.19638800 -92.40386100 36.84508400
vn 5.23702500 -92.76051700 36.98729700
vn 10.19638800 -85.77125800 50.39171500
vn 5.23702500 -86.10231400 50.58621500
vn 10.19638800 -77.16683600 62.77987800
vn 5.23702500 -77.46468100 63.02219300
vn 10.19638800 -66.78840500 73.72477600
vn 5.23702500 -67.04619100 74.00933600
vn 10.19638800 -54.87455600 82.97479600
vn 5.23702500 -55.08635800 83.29505800
vn 10.19638800 -41.69918200 90.31728500
vn 5.23702500 -41.86013000 90.66588700
vn 10.19638800 -27.56517300 95.58344500
vn 5.23702500 -27.67156700 95.95237300
vn 10.19638800 -12.79746100 98.65221100
vn 5.23702500 -12.84685600 99.03298400
vn 10.19638800 2.26445600 99.45303400
vn 5.23702500 2.27319600 99.83689800
vn -5.06640600 -17.34251700 -98.35430200
vn -0.00000000 98.48077500 -17.36481800
vn -0.00001900 98.48077500 -17.36481800
vn -21.32578500 96.22462100 -16.91251900
vn -4.05623700 -16.61631400 -98.52636700
vn -41.08462700 89.80327100 -15.72977700
vn -3.09068600 -14.49016900 -98.89632300
vn -59.30482400 79.31924400 -13.83456900
vn -2.21327400 -11.06251600 -99.36157300
vn -1.49924800 -6.69973600 -99.76405100
vn -74.37861300 65.85853500 -11.42257800
vn -85.54488600 51.03885800 -8.78108600
vn -0.95984100 -1.75354600 -99.98001700
vn -0.57462900 3.68001600 -99.93061200
vn -93.59238200 34.72523600 -5.88422000
vn -98.40313300 17.57029900 -2.84744600
vn -0.34188300 9.50788000 -99.54638800
vn -22.03705100 96.06943000 -16.88292000
vn -96.67016600 25.24306100 -4.20319600
vn -42.39181700 89.21268100 -15.62150400
vn -56.16338100 81.50620900 -14.22717400
vn -70.17697400 70.18876300 -12.19548400
vn -81.66298300 56.87492900 -9.81833600
vn -90.60704900 41.70913200 -7.12116400
vn -96.66942900 25.24597300 -4.20265900
vn -90.60655500 41.71024800 -7.12091500
vn -81.66241500 56.87578700 -9.81808500
vn -70.17640300 70.18937600 -12.19524700
vn -56.16287700 81.50659400 -14.22696000
vn -42.39141200 89.21290500 -15.62132400
vn -22.03682200 96.06950200 -16.88281000
vn -96.66908300 25.24733800 -4.20242600
vn -90.60810100 41.70674900 -7.12172800
vn -81.66419200 56.87309500 -9.81889900
vn -70.17819100 70.18745500 -12.19601500
vn -56.16445100 81.50539000 -14.22764300
vn -42.39267600 89.21220500 -15.62188800
vn -22.03754000 96.06927900 -16.88314000
vn -8.20116700 -17.30632200 -98.14903000
vn -0.00000000 98.48077500 -17.36481800
vn -11.32783400 -17.25304600 -97.84688300
vn -0.00000000 98.48077500 -17.36481800
vn -14.44332000 -17.18274000 -97.44816000
vn -14.44332000 -17.18274000 -97.44816000
vn -0.00000000 98.48077500 -17.36481800
vn -14.44332000 -0.82238500 -98.94803800
vn -14.44332000 -0.82238500 -98.94803800
vn -14.44332000 15.56064000 -97.72030000
vn -14.44332000 15.56064000 -97.72030000
vn -14.44332000 31.51471800 -93.79879000
vn -14.44332000 31.51471800 -93.79879000
vn -14.44332000 46.60005600 -87.29161000
vn -14.44332000 46.60005600 -87.29161000
vn -14.44332000 60.40081200 -78.37813800
vn -14.44332000 60.40081200 -78.37813800
vn -14.44332000 72.53655000 -67.30408200
vn -14.44332000 72.53655000 -67.30408200
vn -14.44332000 82.67273500 -54.37471300
vn -14.44332000 82.67273500 -54.37471300
vn -14.44332000 90.52995200 -39.94644300
vn -14.44332000 90.52995200 -39.94644300
vn -14.44332000 95.89160800 -24.41700400
vn -14.44332000 95.89160800 -24.41700400
vn -14.44332000 98.60990200 -8.21448200
vn -14.44332000 98.60990200 -8.21448200
vn -14.44332000 98.60990200 8.21448200
vn -14.44332000 98.60990200 8.21448200
vn -14.44332000 95.89160800 24.41700400
vn -14.44332000 95.89160800 24.41700400
vn -14.44332000 90.52995200 39.94644300
vn -14.44332000 90.52995200 39.94644300
vn -14.44332000 82.67273500 54.37471300
vn -14.44332000 82.67273500 54.37471300
vn -14.44332000 72.53655000 67.30408200
vn -14.44332000 72.53655000 67.30408200
vn -14.44332000 60.40081200 78.37813800
vn -14.44332000 60.40081200 78.37813800
vn -14.44332000 46.60005600 87.29161000
vn -14.44332000 46.60005600 87.29161000
vn -14.44332000 31.51471800 93.79879000
vn -14.44332000 31.51471800 93.79879000
vn -14.44332000 15.56064000 97.72030000
vn -14.44332000 15.56064000 97.72030000
vn -14.44332000 -0.82238500 98.94803800
vn -14.44332000 -0.82238500 98.94803800
vn -14.44332000 -17.18274000 97.44816000
vn -0.00000000 98.48077500 17.36481800
vn -14.44332000 -17.18274000 97.44816000
vn -11.32783400 -17.25304600 97.84688300
vn -0.00000000 98.48077500 17.36481800
vn -8.20116700 -17.30632200 98.14903000
vn -0.00000000 98.48077500 17.36481800
vn -5.00571500 -0.83005800 99.87118600
vn -9.73546600 -0.82715200 99.52153800
vn -5.00571500 15.70581500 98.63199400
vn -9.73546600 15.65082900 98.28668400
vn -5.00571500 31.80873800 94.67389800
vn -9.73546600 31.69737600 94.34244600
vn -5.00571500 47.03481800 88.10600900
vn -9.73546600 46.87014900 87.79755000
vn -5.00571500 60.96432900 79.10937700
vn -9.73546600 60.75089300 78.83241500
vn -5.00571500 73.21328900 67.93200400
vn -9.73546600 72.95696900 67.69417500
vn -5.00571500 83.44404100 54.88200900
vn -9.73546600 83.15190400 54.68986700
vn -5.00571500 91.37456300 40.31912800
vn -9.73546600 91.05466100 40.17797100
vn -5.00571500 96.78624100 24.64480500
vn -9.73546600 96.44739300 24.55852400
vn -5.00571500 99.52989600 8.29112000
vn -9.73546600 99.18144200 8.26209300
vn -5.00571500 99.52989600 -8.29112000
vn -9.73546600 99.18144200 -8.26209300
vn -5.00571500 96.78624100 -24.64480500
vn -9.73546600 96.44739300 -24.55852400
vn -5.00571500 91.37456300 -40.31912800
vn -9.73546600 91.05466100 -40.17797100
vn -5.00571500 83.44404100 -54.88200900
vn -9.73546600 83.15190400 -54.68986700
vn -5.00571500 73.21328900 -67.93200400
vn -9.73546600 72.95696900 -67.69417500
vn -5.00571500 60.96432900 -79.10937700
vn -9.73546600 60.75089300 -78.83241500
vn -5.00571500 47.03481800 -88.10600900
vn -9.73546600 46.87014900 -87.79755000
vn -5.00571500 31.80873800 -94.67389800
vn -9.73546600 31.69737600 -94.34244600
vn -5.00571500 15.70581500 -98.63199400
vn -9.73546600 15.65082900 -98.28668400
vn -5.00571500 -0.83005800 -99.87118600
vn -9.73546600 -0.82715200 -99.52153800
vn 48.52206600 15.18365300 86.11077600
vn -0.00000000 98.48077500 -17.36481800
vn 75.87177400 11.31178100 64.15229900
vn -0.00000000 98.48077500 -17.36481800
vn -0.00000000 98.48077500 -17.36481800
vn 93.77413700 6.03139700 34.20575300
vn 100.00000000 -0.00000000 0.00000000
vn 100.00000000 -0.00000000 0.00000000
vn -0.00000000 98.48077500 -17.36481800
vn 100.00000000 -0.00000000 0.00000000
vn -0.00000000 98.48077500 -17.36481800
vn -0.00000000 98.48077500 -17.36481800
vn -100.00000000 0.00000000 -0.00000000
vn -0.00000000 98.48077500 -17.36481800
vn -0.00000000 98.48077500 -17.36481800
vn -100.00000000 0.00000000 -0.00000000
vn -100.00000000 0.00000000 -0.00000000
vn -0.00000000 98.48077500 -17.36481800
vn -0.00000000 98.48077500 -17.36481800
vn -88.91621600 -7.94600600 -45.06403700
vn -0.00000000 98.48077500 -17.36481800
vn -58.12187000 -14.13057500 -80.13847400
vn -0.00000000 6.91986700 99.76029000
vn -0.00000000 6.91986700 99.76029000
vn 100.00000000 -0.00000000 0.00000000
vn 100.00000000 -0.00000000 0.00000000
vn 0.00000000 39.03450600 92.06686300
vn 100.00000000 -0.00000000 0.00000000
vn 0.00000000 66.89228100 74.33318700
vn 0.00000000 87.45519300 48.49318800
vn 100.00000000 -0.00000000 0.00000000
vn 0.00000000 98.48077500 17.36481800
vn 100.00000000 -0.00000000 0.00000000
vn 0.00000000 98.48077500 17.36481800
vn 0.00000000 98.48077500 17.36481800
vn 0.00000000 98.48077500 17.36481800
vn -100.00000000 0.00000000 -0.00000000
vn -100.00000000 0.00000000 -0.00000000
vn 0.00000000 87.45519300 48.49318800
vn -100.00000000 0.00000000 -0.00000000
vn 0.00000000 66.89228100 74.33318700
vn 0.00000000 39.03450600 92.06686300
vn -100.00000000 0.00000000 -0.00000000
vn -100.00000000 0.00000000 -0.00000000
vn -0.00000000 6.91986700 99.76029000
vn -0.00000000 6.91986700 99.76029000
vn -0.00000000 27.99673100 96.00095300
vn -100.00000000 0.00000000 -0.00000000
vn 0.00000000 47.79031800 87.84125200
vn -100.00000000 0.00000000 -0.00000000
vn 0.00000000 65.39335500 75.65519800
vn -100.00000000 0.00000000 -0.00000000
vn 0.00000000 79.99897800 60.00136200
vn -100.00000000 0.00000000 -0.00000000
vn -100.00000000 0.00000000 -0.00000000
vn 0.00000000 90.93771400 41.59726200
vn 0.00000000 97.70816600 21.28648200
vn -100.00000000 0.00000000 -0.00000000
vn -100.00000000 0.00000000 -0.00000000
vn 0.00000000 100.00000000 -0.00000000
vn -100.00000000 0.00000000 -0.00000000
vn 0.00000000 97.70816600 -21.28648200
vn 0.00000000 90.93771400 -41.59726200
vn -100.00000000 0.00000000 -0.00000000
vn 0.00000000 79.99897800 -60.00136200
vn -100.00000000 0.00000000 -0.00000000
vn 0.00000000 65.39335500 -75.65519800
vn -100.00000000 0.00000000 -0.00000000
vn -100.00000000 0.00000000 -0.00000000
vn 0.00000000 47.79031800 -87.84125200
vn -100.00000000 0.00000000 -0.00000000
vn 0.00000000 27.99673100 -96.00095300
vn 0.00000000 6.91986700 -99.76029000
vn -100.00000000 0.00000000 -0.00000000
vn 0.00000000 6.91986700 -99.76029000
vn 0.00000000 6.91986700 -99.76029000
vn 0.00000000 6.91986700 -99.76029000
vn 100.00000000 -0.00000000 0.00000000
vn 100.00000000 -0.00000000 0.00000000
vn 0.00000000 27.99673100 -96.00095300
vn 0.00000000 47.79031800 -87.84125200
vn 100.00000000 -0.00000000 0.00000000
vn 100.00000000 -0.00000000 0.00000000
vn 0.00000000 65.39335500 -75.65519800
vn 100.00000000 -0.00000000 0.00000000
vn 0.00000000 79.99897800 -60.00136200
vn 100.00000000 -0.00000000 0.00000000
vn 0.00000000 90.93771400 -41.59726200
vn 0.00000000 97.70816600 -21.28648200
vn 100.00000000 -0.00000000 0.00000000
vn 0.00000000 100.00000000 0.00000000
vn 100.00000000 -0.00000000 0.00000000
vn 0.00000000 97.70816600 21.28648200
vn 100.00000000 -0.00000000 0.00000000
vn 100.00000000 -0.00000000 0.00000000
vn 0.00000000 90.93771400 41.59726200
vn 0.00000000 79.99897800 60.00136200
vn 100.00000000 -0.00000000 0.00000000
vn 100.00000000 -0.00000000 0.00000000
vn 0.00000000 65.39335500 75.65519800
vn 100.00000000 -0.00000000 0.00000000
vn 0.00000000 47.79031800 87.84125200
vn -0.00000000 27.99673100 96.00095300
vn 100.00000000 -0.00000000 0.00000000
vn -0.00000000 98.48077500 17.36481800
vn -100.00000000 0.00000000 -0.00000000
vn -100.00000000 0.00000000 -0.00000000
vn -100.00000000 0.00000000 -0.00000000
vn -100.00000000 0.00000000 -0.00000000
vn -100.00000000 0.00000000 -0.00000000
vn -100.00000000 0.00000000 -0.00000000
vn -100.00000000 0.00000000 -0.00000000
vn -100.00000000 0.00000000 -0.00000000
vn -100.00000000 0.00000000 -0.00000000
vn -100.00000000 0.00000000 -0.00000000
vn -100.00000000 0.00000000 -0.00000000
vn -100.00000000 0.00000000 -0.00000000
vn -100.00000000 0.00000000 -0.00000000
vn -100.00000000 0.00000000 -0.00000000
vn -100.00000000 0.00000000 -0.00000000
vn -100.00000000 0.00000000 -0.00000000
vn -100.00000000 0.00000000 -0.00000000
vn -100.00000000 0.00000000 -0.00000000
vn -100.00000000 0.00000000 -0.00000000
vn -100.00000000 0.00000000 -0.00000000
vn -100.00000000 0.00000000 -0.00000000
vn -100.00000000 0.00000000 -0.00000000
vn -100.00000000 0.00000000 -0.00000000
vn -100.00000000 0.00000000 -0.00000000
vn -100.00000000 0.00000000 -0.00000000
vn -100.00000000 0.00000000 -0.00000000
vn -100.00000000 0.00000000 -0.00000000
vn -100.00000000 0.00000000 -0.00000000
vn -100.00000000 0.00000000 -0.00000000
vn -100.00000000 0.00000000 -0.00000000
vn -100.00000000 0.00000000 -0.00000000
vn -100.00000000 0.00000000 -0.00000000
vn -100.00000000 0.00000000 -0.00000000
vn -100.00000000 0.00000000 -0.00000000
vn -100.00000000 0.00000000 -0.00000000
vn -100.00000000 0.00000000 -0.00000000
vn -100.00000000 0.00000000 -0.00000000
vn -100.00000000 0.00000000 -0.00000000
vn -100.00000000 0.00000000 -0.00000000
vn -100.00000000 0.00000000 -0.00000000
vn 0.00000000 87.45519300 -48.49318800
vn -100.00000000 0.00000000 -0.00000000
vn -100.00000000 0.00000000 -0.00000000
vn 0.00000000 66.89228100 -74.33318700
vn 0.00000000 39.03450600 -92.06686300
vn -100.00000000 0.00000000 -0.00000000
vn 100.00000000 -0.00000000 0.00000000
vn 0.00000000 87.45519300 -48.49318800
vn 100.00000000 -0.00000000 0.00000000
vn 0.00000000 66.89228100 -74.33318700
vn 100.00000000 -0.00000000 0.00000000
vn 0.00000000 39.03450600 -92.06686300
vn 100.00000000 -0.00000000 0.00000000
vn 100.00000000 -0.00000000 0.00000000
vn 100.00000000 -0.00000000 0.00000000
vn 100.00000000 -0.00000000 0.00000000
vn 100.00000000 -0.00000000 0.00000000
vn 100.00000000 -0.00000000 0.00000000
vn 100.00000000 -0.00000000 0.00000000
vn 100.00000000 -0.00000000 0.00000000
vn 100.00000000 -0.00000000 0.00000000
vn 100.00000000 -0.00000000 0.00000000
vn 100.00000000 -0.00000000 0.00000000
vn 100.00000000 -0.00000000 0.00000000
vn 100.00000000 -0.00000000 0.00000000
vn 100.00000000 -0.00000000 0.00000000
vn 100.00000000 -0.00000000 0.00000000
vn 100.00000000 -0.00000000 0.00000000
vn 100.00000000 -0.00000000 0.00000000
vn 100.00000000 -0.00000000 0.00000000
vn 100.00000000 -0.00000000 0.00000000
vn 100.00000000 -0.00000000 0.00000000
vn 100.00000000 -0.00000000 0.00000000
vn 100.00000000 -0.00000000 0.00000000
vn 100.00000000 -0.00000000 0.00000000
vn 100.00000000 -0.00000000 0.00000000
vn 100.00000000 -0.00000000 0.00000000
vn 100.00000000 -0.00000000 0.00000000
vn 100.00000000 -0.00000000 0.00000000
vn 100.00000000 -0.00000000 0.00000000
vn 100.00000000 -0.00000000 0.00000000
vn 100.00000000 -0.00000000 0.00000000
vn 100.00000000 -0.00000000 0.00000000
vn 100.00000000 -0.00000000 0.00000000
vn 100.00000000 -0.00000000 0.00000000
vn 100.00000000 -0.00000000 0.00000000
vn 100.00000000 -0.00000000 0.00000000
vn 100.00000000 -0.00000000 0.00000000
vn 100.00000000 -0.00000000 0.00000000
vn 100.00000000 -0.00000000 0.00000000
vn -0.00000000 98.48077500 17.36481800
vn 100.00000000 -0.00000000 0.00000000
vn 100.00000000 -0.00000000 0.00000000
vn -88.91621600 -7.94600600 45.06403700
vn -0.00000000 98.48077500 17.36481800
vn -58.12187000 -14.13057500 80.13847400
vn -0.00000000 98.48077500 17.36481800
vn -58.12187000 -0.67630500 81.37192900
vn -88.91621600 -0.38030500 45.75764200
vn -58.12187000 12.79660800 80.36227300
vn -88.91621600 7.19588000 45.18988600
vn -58.12187000 25.91676800 77.13734100
vn -88.91621600 14.57370200 43.37641900
vn -58.12187000 38.32250300 71.78602900
vn -88.91621600 21.54978300 40.36723100
vn -58.12187000 49.67183400 64.45585400
vn -88.91621600 27.93182000 36.24527500
vn -58.12187000 59.65190500 55.34887900
vn -88.91621600 33.54388400 31.12417600
vn -58.12187000 67.98760300 44.71615000
vn -88.91621600 38.23127300 25.14510400
vn -58.12187000 74.44914500 32.85076900
vn -88.91621600 41.86477300 18.47287800
vn -58.12187000 78.85841100 20.07981900
vn -88.91621600 44.34422400 11.29142700
vn -58.12187000 81.09385600 6.75534600
vn -88.91621600 45.60127500 3.79871400
vn -58.12187000 81.09385600 -6.75534600
vn -88.91621600 45.60127500 -3.79871400
vn -58.12187000 78.85841100 -20.07981900
vn -88.91621600 44.34422400 -11.29142700
vn -58.12187000 74.44914500 -32.85076900
vn -88.91621600 41.86477300 -18.47287800
vn -58.12187000 67.98760300 -44.71615000
vn -88.91621600 38.23127300 -25.14510400
vn -58.12187000 59.65190500 -55.34887900
vn -88.91621600 33.54388400 -31.12417600
vn -58.12187000 49.67183400 -64.45585400
vn -88.91621600 27.93182000 -36.24527500
vn -58.12187000 38.32250300 -71.78602900
vn -88.91621600 21.54978300 -40.36723100
vn -58.12187000 25.91676800 -77.13734100
vn -88.91621600 14.57370200 -43.37641900
vn -58.12187000 12.79660800 -80.36227300
vn -88.91621600 7.19588000 -45.18988600
vn -58.12187000 -0.67630500 -81.37192900
vn -88.91621600 -0.38030500 -45.75764200
vn -0.00000000 98.48077500 17.36481800
vn 48.52206600 15.18365300 -86.11077600
vn -0.00000000 98.48077500 17.36481800
vn 75.87177400 11.31178100 -64.15229900
vn -0.00000000 98.48077500 17.36481800
vn 93.77413700 6.03139700 -34.20575300
vn 48.52206600 1.38730700 87.42816800
vn 75.87177400 1.03354000 65.13375200
vn 93.77413700 0.55107900 34.72906000
vn 48.52206600 -12.44389200 86.54916900
vn 75.87177400 -9.27066600 64.47890100
vn 93.77413700 -4.94308300 34.37989600
vn 48.52206600 -25.96247200 83.49586300
vn 75.87177400 -19.34197300 62.20419600
vn 93.77413700 -10.31306400 33.16703200
vn 48.52206600 -38.82881800 78.34495600
vn 75.87177400 -28.92736600 58.36678300
vn 93.77413700 -15.42395700 31.12093900
vn 48.52206600 -50.71969700 71.22584800
vn 75.87177400 -37.78603900 53.06306700
vn 93.77413700 -20.14736700 28.29301800
vn 48.52206600 -61.33638500 62.31739000
vn 75.87177400 -45.69544300 46.42628900
vn 93.77413700 -24.36463000 24.75431500
vn 48.52206600 -70.41216600 51.84338000
vn 75.87177400 -52.45687600 38.62318000
vn 93.77413700 -27.96980000 20.59372700
vn 48.52206600 -77.71903700 40.06694900
vn 75.87177400 -57.90047600 29.84977000
vn 93.77413700 -30.87230600 15.91578000
vn 48.52206600 -83.07343400 27.28394700
vn 75.87177400 -61.88948700 20.32646800
vn 93.77413700 -32.99923100 10.83799200
vn 48.52206600 -86.34084100 13.81551200
vn 75.87177400 -64.32369700 10.29251900
vn 93.77413700 -34.29714100 5.48793100
vn 48.52206600 -87.43917400 0.00000000
vn 75.87177400 -65.14195200 0.00000000
vn 93.77413700 -34.73343200 0.00000000
vn 48.52206600 -86.34084100 -13.81551200
vn 75.87177400 -64.32369700 -10.29251900
vn 93.77413700 -34.29714100 -5.48793100
vn 48.52206600 -83.07343400 -27.28394700
vn 75.87177400 -61.88948700 -20.32646800
vn 93.77413700 -32.99923100 -10.83799200
vn 48.52206600 -77.71903700 -40.06694900
vn 75.87177400 -57.90047600 -29.84977000
vn 93.77413700 -30.87230600 -15.91578000
vn 48.52206600 -70.41216600 -51.84338000
vn 75.87177400 -52.45687600 -38.62318000
vn 93.77413700 -27.96980000 -20.59372700
vn 48.52206600 -61.33638500 -62.31739000
vn 75.87177400 -45.69544300 -46.42628900
vn 93.77413700 -24.36463000 -24.75431500
vn 48.52206600 -50.71969700 -71.22584800
vn 75.87177400 -37.78603900 -53.06306700
vn 93.77413700 -20.14736700 -28.29301800
vn 48.52206600 -38.82881800 -78.34495600
vn 75.87177400 -28.92736600 -58.36678300
vn 93.77413700 -15.42395700 -31.12093900
vn 48.52206600 -25.96247200 -83.49586300
vn 75.87177400 -19.34197300 -62.20419600
vn 93.77413700 -10.31306400 -33.16703200
vn 48.52206600 -12.44389200 -86.54916900
vn 75.87177400 -9.27066600 -64.47890100
vn 93.77413700 -4.94308300 -34.37989600
vn 48.52206600 1.38730700 -87.42816800
vn 75.87177400 1.03354000 -65.13375200
vn 93.77413700 0.55107900 -34.72906000
vt -0.06750000 13.44911400
vt -5.75948000 -0.00000000
vt 1.88571100 0.52491300
vt -0.11058700 13.12872900
vt 1.56576700 0.60582000
vt -0.23752300 12.83058500
vt 1.24001000 0.65840100
vt -0.32819500 12.70012900
vt 1.07975000 0.67415300
vt 0.93738300 0.68329800
vt -0.42306900 12.59561900
vt -0.59473500 12.45698600
vt 0.71508400 0.68939600
vt -0.74923900 12.36967800
vt 0.53678200 0.68917300
vt -0.91533400 12.30580000
vt 0.35826700 0.68548900
vt 0.17908100 0.67940500
vt -1.08987900 12.26656900
vt 0.00000000 0.67161300
vt -1.26839100 12.25326400
vt -0.80606300 -0.05293800
vt -0.80733000 0.44762900
vt 0.00000000 0.17101900
vt 1.26714400 -12.06344300
vt 1.08624800 -12.04977300
vt 0.18147300 0.17907000
vt 0.90948300 -12.00949000
vt 0.36305300 0.18528000
vt 0.54384900 0.18883100
vt 0.74158300 -11.94397600
vt 0.58591800 -11.85462700
vt 0.72418300 0.18845500
vt 0.41714500 -11.71643400
vt 0.94391700 0.18093600
vt 0.32356500 -11.61219800
vt 1.08512100 0.17031100
vt 1.24452700 0.15217300
vt 0.23391100 -11.48178500
vt 0.10844800 -11.18316400
vt 1.56886500 0.09201400
vt 0.06617700 -10.86275400
vt 1.88571100 -0.00000000
vt -5.59928800 -0.49995000
vt 0.31112100 0.50008900
vt 1.62225800 0.31078200
vt 0.52517700 0.50008900
vt 0.73923300 0.50008900
vt 0.95328900 0.50008900
vt 1.16734500 0.50008900
vt 1.35880400 0.50008900
vt 1.62225800 0.50008900
vt 1.35880400 0.59474300
vt 1.16734500 0.59474300
vt 0.95328900 0.59474300
vt 0.73923300 0.59474300
vt 0.52517700 0.59474300
vt 0.31112100 0.59474300
vt 1.35880400 0.31078200
vt 1.16734500 0.31078200
vt 0.95328900 0.31078200
vt 0.73923300 0.31078200
vt 0.52517700 0.31078200
vt 0.31112100 0.31078200
vt -5.24918300 -0.49978600
vt 0.06617700 -10.54082200
vt -4.89906400 -0.49973300
vt 0.06617700 -10.21884900
vt 0.06617700 -9.89695400
vt -4.54900400 -0.49987900
vt 0.06617600 -9.57500700
vt -4.19882100 -0.50006900
vt -3.84924400 -0.50000600
vt 0.06617600 -9.25363200
vt 0.06617700 -8.93250500
vt -3.50000300 -0.49983600
vt 0.06617700 -8.61100600
vt -3.15040300 -0.49982000
vt 0.06617700 -8.28908500
vt -2.80031800 -0.49998300
vt 0.06617600 -7.96731600
vt -2.45033400 -0.50011200
vt -2.10014200 -0.49997200
vt 0.06617700 -7.64535600
vt 0.06617700 -7.32359900
vt -1.75023100 -0.49982900
vt 0.06617700 -7.00163900
vt -1.40012000 -0.49987400
vt 0.06617600 -6.67986900
vt -1.05017300 -0.50005900
vt 0.06617600 -6.35793900
vt -0.70000300 -0.50010900
vt 0.06617700 -6.03613200
vt -0.35000600 -0.49993800
vt 0.00000100 -0.49984900
vt 0.06617700 -5.71426300
vt 0.35001000 -0.49995700
vt 0.06617700 -5.39239300
vt 0.06617600 -5.07058600
vt 0.70001600 -0.50013900
vt 0.06617600 -4.74865600
vt 1.05019300 -0.50008500
vt 0.06617700 -4.42688600
vt 1.40014400 -0.49988600
vt 0.06617700 -4.10492600
vt 1.75025200 -0.49982200
vt 2.10015400 -0.49994900
vt 0.06617700 -3.78317000
vt 2.45033400 -0.50008400
vt 0.06617600 -3.46120900
vt 0.06617700 -3.13944100
vt 2.80030700 -0.49996700
vt 3.15038700 -0.49982500
vt 0.06617700 -2.81752000
vt 0.06617700 -2.49602000
vt 3.49998900 -0.49986600
vt 0.06617600 -2.17489300
vt 3.84923800 -0.50005500
vt 0.06617600 -1.85351800
vt 4.19882500 -0.50012400
vt 0.06617700 -1.53157100
vt 4.54901400 -0.49992500
vt 4.89907400 -0.49976300
vt 0.06617700 -1.20967600
vt 5.24918900 -0.49979800
vt 0.06617700 -0.88770300
vt 0.00000000 0.00000000
vt 0.06617700 -0.56577100
vt 5.59928900 -0.49995100
vt 5.75948000 -0.00000000
vt -0.06750000 25.47302000
vt 0.00000000 0.52491300
vt -0.06750000 25.09722800
vt 5.39947600 0.00013800
vt -0.06750100 24.72174300
vt 5.03980200 0.00026300
vt -0.06750000 24.34582200
vt 4.67970800 0.00015700
vt -0.06750000 23.96971500
vt 4.31936900 -0.00009800
vt -0.06750000 23.59436500
vt 3.95970100 -0.00014100
vt 3.60051400 0.00008100
vt -0.06750000 23.21946200
vt -0.06750100 22.84424300
vt 3.24109300 0.00019200
vt -0.06750000 22.46827700
vt 2.88095600 0.00006700
vt 2.52092500 -0.00010900
vt -0.06750000 22.09248400
vt -0.06750000 21.71645800
vt 2.16065300 0.00000400
vt 1.80065200 0.00017500
vt -0.06750100 21.34065600
vt -0.06750000 20.96464900
vt 1.44048200 0.00013200
vt -0.06750000 20.58882200
vt 1.08043700 -0.00009600
vt -0.06750000 20.21285100
vt 0.72019500 -0.00018200
vt 0.36008900 0.00002500
vt -0.06750000 19.83698600
vt 0.00000100 0.00015400
vt -0.06750000 19.46106700
vt -0.36008500 0.00004600
vt -0.06750000 19.08514800
vt -0.72018200 -0.00014800
vt -0.06750000 18.70928300
vt -1.08041600 -0.00006600
vt -0.06750000 18.33331100
vt -1.44045800 0.00014300
vt -0.06750000 17.95748400
vt -1.80063200 0.00016300
vt -0.06750000 17.58147800
vt -2.16064300 -0.00002400
vt -0.06750000 17.20567500
vt -2.52092800 -0.00014000
vt -0.06750000 16.82965000
vt -2.88096900 0.00005300
vt -0.06750000 16.45385700
vt -0.06750100 16.07789100
vt -3.24110900 0.00020500
vt -3.60052500 0.00012200
vt -0.06750000 15.70267200
vt -3.95970400 -0.00008100
vt -0.06750000 15.32776900
vt -0.06750000 14.95241900
vt -4.31936200 -0.00003800
vt -4.67969700 0.00020200
vt -0.06750100 14.57631300
vt -0.06750100 14.20039100
vt -5.03979300 0.00028800
vt -0.06750000 13.82490600
vt -5.39947200 0.00014600
vt -5.34808800 -0.24910100
vt -4.93669700 -0.24910100
vt -4.52530600 -0.24910100
vt -4.11391400 -0.24910100
vt -3.70252300 -0.24910100
vt -3.29113100 -0.24910100
vt -2.87974000 -0.24910100
vt -2.46834900 -0.24910100
vt -2.05683500 -0.24910100
vt -1.64532200 -0.24910100
vt -1.23380800 -0.24910100
vt -0.82229500 -0.24910100
vt -0.41078100 -0.24910100
vt 0.00073200 -0.24910100
vt 0.41224600 -0.24910100
vt 0.82375900 -0.24910100
vt 1.23527300 -0.24910100
vt 1.64678600 -0.24910100
vt 2.05830000 -0.24910100
vt 2.46981300 -0.24910100
vt 2.88132700 -0.24910100
vt 3.29284000 -0.24910100
vt 3.70435400 -0.24910100
vt 4.11586700 -0.24910100
vt 4.52677000 -0.24910100
vt 4.93767300 -0.24910100
vt 5.34857700 -0.24910100
vt -0.08026000 25.64989600
vt 0.17435600 0.57261300
vt 0.35073500 0.61206600
vt -0.11856700 25.82310500
vt -0.18203700 25.98854800
vt 0.52835500 0.64280500
vt -0.27030500 26.14333800
vt 0.70773200 0.66517700
vt -0.41599700 26.31960500
vt 0.93844500 0.68238500
vt 1.24177900 0.68978200
vt -0.65464400 26.50232400
vt -0.95028500 26.62584700
vt 1.56383800 0.68441500
vt -1.26839100 26.66887000
vt 1.88571200 0.67161300
vt -0.80606300 0.05293800
vt -2.13664700 26.66887000
vt 0.06021600 -0.00498600
vt -3.00490300 26.66887000
vt 0.92402200 -0.09236600
vt 1.78435200 -0.20910200
vt -3.87315800 26.66887000
vt 0.09113300 -6.47522500
vt -3.87315800 26.01361500
vt 0.09113300 -5.88656800
vt -3.87315800 25.35836000
vt 0.09113300 -5.29791100
vt -3.87315800 24.70310500
vt 0.09113300 -4.70925400
vt -3.87315800 24.04785000
vt 0.09113300 -4.12059800
vt -3.87315800 23.39259600
vt 0.09113300 -3.53194100
vt -3.87315800 22.73734100
vt 0.09113300 -2.94328400
vt 0.09113300 -2.35462700
vt -3.87315800 22.08208600
vt 0.09113300 -1.76597000
vt -3.87315800 21.42683100
vt -3.87315800 20.77157700
vt 0.09113300 -1.17731400
vt 0.09113300 -0.58865700
vt -3.87315800 20.11632200
vt 0.09113300 0.00000000
vt -3.87315800 19.46106700
vt 0.09113300 0.58865700
vt -3.87315800 18.80581200
vt 0.09113300 1.17731400
vt -3.87315800 18.15055700
vt 0.09113300 1.76597000
vt -3.87315800 17.49530300
vt -3.87315800 16.84004800
vt 0.09113300 2.35462700
vt -3.87315800 16.18479300
vt 0.09113300 2.94328400
vt 0.09113300 3.53194100
vt -3.87315800 15.52953800
vt -3.87315800 14.87428400
vt 0.09113300 4.12059800
vt 0.09113300 4.70925400
vt -3.87315800 14.21902900
vt 0.09113300 5.29791100
vt -3.87315800 13.56377400
vt 0.09113300 5.88656800
vt -3.87315800 12.90851900
vt 1.78435200 0.20910200
vt 0.09113300 6.47522500
vt -3.87315800 12.25326400
vt 0.92402200 0.09236600
vt -3.00490300 12.25326400
vt 0.06021600 0.00498600
vt -2.13664700 12.25326400
vt -1.33605300 12.88003000
vt -2.60460500 12.88003000
vt -1.33605300 13.50679500
vt -2.60460500 13.50679500
vt -1.33605300 14.13356100
vt -2.60460500 14.13356100
vt -1.33605300 14.76032600
vt -2.60460500 14.76032600
vt -1.33605300 15.38709200
vt -2.60460500 15.38709200
vt -1.33605300 16.01385700
vt -2.60460500 16.01385700
vt -1.33605300 16.64062300
vt -2.60460500 16.64062300
vt -1.33605300 17.26738800
vt -2.60460500 17.26738800
vt -1.33605300 17.89415300
vt -2.60460500 17.89415300
vt -1.33605300 18.52091900
vt -2.60460500 18.52091900
vt -1.33605300 19.14768400
vt -2.60460500 19.14768400
vt -1.33605300 19.77445000
vt -2.60460500 19.77445000
vt -1.33605300 20.40121500
vt -2.60460500 20.40121500
vt -1.33605300 21.02798100
vt -2.60460500 21.02798100
vt -1.33605300 21.65474600
vt -2.60460500 21.65474600
vt -1.33605300 22.28151100
vt -2.60460500 22.28151100
vt -1.33605300 22.90827700
vt -2.60460500 22.90827700
vt -1.33605300 23.53504200
vt -2.60460500 23.53504200
vt -1.33605300 24.16180800
vt -2.60460500 24.16180800
vt -1.33605300 24.78857300
vt -2.60460500 24.78857300
vt -1.33605300 25.41533900
vt -2.60460500 25.41533900
vt -1.33605300 26.04210400
vt -2.60460500 26.04210400
vt 0.21467200 0.06597800
vt 0.08547100 -0.34640400
vt 0.43319500 0.11744200
vt 0.14365800 -0.13390500
vt 0.65371600 0.15382800
vt 0.23996400 0.06379700
vt 0.88040900 0.17667800
vt 0.37482600 0.24393400
vt 1.12182900 0.18771200
vt 0.55336400 0.40335800
vt 1.37639700 0.18839200
vt 0.77279500 0.52924200
vt 1.01433700 0.60779200
vt 1.63110300 0.18182500
vt -0.80733000 -0.44762900
vt 1.26714400 0.63491800
vt 1.88571200 0.17101900
vt 0.31112300 0.50046500
vt 1.62225900 0.50046500
vt 0.52517900 0.59512300
vt 0.52517900 0.50046500
vt 0.73923400 0.59512300
vt 0.95329000 0.59512300
vt 1.16734600 0.59512300
vt 1.35880600 0.59512300
vt 1.62225900 0.59512300
vt 0.73923400 0.50046500
vt 0.95329000 0.50046500
vt 1.16734600 0.50046500
vt 1.35880600 0.50046500
vt 0.31112300 0.59512300
vt 1.62225900 0.31114700
vt 1.35880600 0.31114700
vt 1.16734600 0.31114700
vt 0.95329000 0.31114700
vt 0.73923400 0.31114700
vt 0.52517900 0.31114700
vt 0.31112300 0.31114700
vt -0.02363900 0.49973900
vt 2.05259700 -12.06344300
vt 0.75802700 0.57644100
vt 2.83805000 -12.06344300
vt 1.53689900 0.67765900
vt 3.62350400 -12.06344300
vt -0.04348200 5.83476700
vt -0.04348200 5.27907500
vt 3.62350400 -11.45875900
vt -0.04348200 4.72338300
vt 3.62350400 -10.85407500
vt -0.04348200 4.16769100
vt 3.62350400 -10.24939200
vt -0.04348200 3.61199900
vt 3.62350400 -9.64470800
vt -0.04348200 3.05630700
vt 3.62350400 -9.04002400
vt -0.04348200 2.50061400
vt 3.62350400 -8.43534000
vt 3.62350400 -7.83065600
vt -0.04348200 1.94492200
vt 3.62350400 -7.22597200
vt -0.04348200 1.38923000
vt 3.62350400 -6.62128800
vt -0.04348200 0.83353800
vt -0.04348200 0.27784600
vt 3.62350400 -6.01660400
vt 3.62350400 -5.41192100
vt -0.04348200 -0.27784600
vt 3.62350400 -4.80723700
vt -0.04348200 -0.83353800
vt 3.62350400 -4.20255300
vt -0.04348200 -1.38923000
vt 3.62350400 -3.59786900
vt -0.04348200 -1.94492200
vt 3.62350400 -2.99318500
vt -0.04348200 -2.50061400
vt -0.04348200 -3.05630700
vt 3.62350400 -2.38850100
vt -0.04348200 -3.61199900
vt 3.62350400 -1.78381700
vt -0.04348200 -4.16769100
vt 3.62350400 -1.17913400
vt -0.04348200 -4.72338300
vt 3.62350400 -0.57445000
vt 3.62350400 0.03023400
vt -0.04348200 -5.27907500
vt -0.04348200 -5.83476700
vt 3.62350400 0.63491800
vt 1.53689900 -0.67765900
vt 0.75802700 -0.57644100
vt 2.83805000 0.63491800
vt -0.02363900 -0.49973900
vt 2.05259700 0.63491800
vt 2.43772800 -10.85407500
vt 1.25195200 -10.85407500
vt 1.25195200 -11.45875900
vt 2.43772800 -11.45875900
vt 2.43772800 -10.24939200
vt 1.25195200 -10.24939200
vt 2.43772800 -9.64470800
vt 1.25195200 -9.64470800
vt 2.43772800 -9.04002400
vt 1.25195200 -9.04002400
vt 2.43772800 -8.43534000
vt 1.25195200 -8.43534000
vt 2.43772800 -7.83065600
vt 1.25195200 -7.83065600
vt 2.43772800 -7.22597200
vt 1.25195200 -7.22597200
vt 2.43772800 -6.62128800
vt 1.25195200 -6.62128800
vt 2.43772800 -6.01660400
vt 1.25195200 -6.01660400
vt 2.43772800 -5.41192100
vt 1.25195200 -5.41192100
vt 2.43772800 -4.80723700
vt 1.25195200 -4.80723700
vt 2.43772800 -4.20255300
vt 1.25195200 -4.20255300
vt 2.43772800 -3.59786900
vt 1.25195200 -3.59786900
vt 2.43772800 -2.99318500
vt 1.25195200 -2.99318500
vt 2.43772800 -2.38850100
vt 1.25195200 -2.38850100
vt 2.43772800 -1.78381700
vt 1.25195200 -1.78381700
vt 2.43772800 -1.17913400
vt 1.25195200 -1.17913400
vt 2.43772800 -0.57445000
vt 1.25195200 -0.57445000
vt 2.43772800 0.03023400
vt 1.25195200 0.03023400
vt -0.18606800 -5.83476700
vt 1.66793400 -0.73038900
vt -0.32865300 -5.83476700
vt 1.76031700 -0.83723600
vt 0.54644600 3.09905200
vt -0.47123900 -5.83476700
vt 1.79356900 -0.97451400
vt 1.79356900 -1.30712400
vt -0.20000000 0.46445300
vt 0.48868900 2.77149500
vt 2.29356900 -1.30712400
vt 0.30000000 0.46445300
vt -0.48868900 2.77149500
vt -0.57636900 3.26875300
vt 2.29356900 -0.80219400
vt 0.94247800 -6.47522500
vt 2.25621300 -0.59379400
vt 0.72964200 -6.47522500
vt 2.14879900 -0.41134300
vt 0.51680500 -6.47522500
vt 1.98470100 -0.27755900
vt 0.30396900 -6.47522500
vt 2.29356900 1.30712400
vt -0.48868900 -2.77149500
vt 0.30000000 -0.46445300
vt -0.41151000 -2.55359600
vt 0.30000000 -0.23222700
vt 0.30000000 0.00000000
vt -0.26757000 -2.37271600
vt 0.30000000 0.23222700
vt -0.07256500 -2.24858000
vt 0.30000000 -3.30339300
vt 0.15223700 -2.19472600
vt 0.30000000 0.46445300
vt -0.20000000 -3.30339300
vt -0.20000000 0.46445300
vt -0.15223700 -2.19472600
vt 0.07256500 -2.24858000
vt -0.20000000 0.23222700
vt 0.26757000 -2.37271600
vt -0.20000000 0.00000000
vt 0.41151000 -2.55359600
vt -0.20000000 -0.23222700
vt -0.20000000 -0.46445300
vt 0.48868900 -2.77149500
vt 1.79356900 1.30712400
vt 0.61592800 -2.11202100
vt 0.30000000 -2.83148000
vt 0.30000000 -2.35956600
vt 1.05138700 -1.93250800
vt 0.30000000 -1.88765300
vt 1.43865400 -1.66441400
vt 1.75997800 -1.32003000
vt 0.30000000 -1.41574000
vt 2.00063000 -0.91514000
vt 0.30000000 -0.94382700
vt 2.14958000 -0.46830300
vt 0.30000000 -0.47191300
vt 2.20000000 -0.00000000
vt 0.30000000 0.00000000
vt 0.30000000 0.47191300
vt 2.14958000 0.46830300
vt 0.30000000 0.94382700
vt 2.00063000 0.91514000
vt 0.30000000 1.41574000
vt 1.75997800 1.32003000
vt 0.30000000 1.88765300
vt 1.43865400 1.66441400
vt 1.05138700 1.93250800
vt 0.30000000 2.35956600
vt 0.30000000 2.83148000
vt 0.61592800 2.11202100
vt 0.30000000 -0.46445300
vt 0.15223700 2.19472600
vt 0.30000000 3.30339300
vt -0.20000000 3.30339300
vt -0.20000000 -0.46445300
vt -0.15223700 2.19472600
vt -0.20000000 2.83148000
vt -0.61592800 2.11202100
vt -0.20000000 2.35956600
vt -1.05138700 1.93250800
vt -1.43865400 1.66441400
vt -0.20000000 1.88765300
vt -0.20000000 1.41574000
vt -1.75997800 1.32003000
vt -2.00063000 0.91514000
vt -0.20000000 0.94382700
vt -0.20000000 0.47191300
vt -2.14958000 0.46830300
vt -2.20000000 -0.00000000
vt -0.20000000 0.00000000
vt -2.14958000 -0.46830300
vt -0.20000000 -0.47191300
vt -0.20000000 -0.94382700
vt -2.00063000 -0.91514000
vt -1.75997800 -1.32003000
vt -0.20000000 -1.41574000
vt -0.20000000 -1.88765300
vt -1.43865400 -1.66441400
vt -0.20000000 -2.35956600
vt -1.05138700 -1.93250800
vt -0.61592800 -2.11202100
vt -0.20000000 -2.83148000
vt 0.07256500 2.24858000
vt -0.20000000 -0.23222700
vt -0.20000000 -0.00000000
vt 0.26757000 2.37271600
vt 0.41151000 2.55359600
vt -0.20000000 0.23222700
vt -0.47123900 -5.25129000
vt -0.00000000 3.14686000
vt -0.47123900 -4.66781400
vt -0.54644600 3.09905200
vt -0.47123900 -4.08433700
vt -1.07628900 2.95708100
vt -0.47123900 -3.50086000
vt -1.57343000 2.72526100
vt -0.47123900 -2.91738400
vt -2.02276200 2.41063400
vt -0.47123900 -2.33390700
vt -2.41063400 2.02276200
vt -0.47123900 -1.75043000
vt -2.72526100 1.57343000
vt -0.47123900 -1.16695300
vt -2.95708100 1.07628900
vt -0.47123900 -0.58347700
vt -3.09905200 0.54644600
vt -3.14686000 -0.00000000
vt -0.47123900 0.00000000
vt -3.09905200 -0.54644600
vt -0.47123900 0.58347700
vt -2.95708100 -1.07628900
vt -0.47123900 1.16695300
vt -2.72526100 -1.57343000
vt -0.47123900 1.75043000
vt -0.47123900 2.33390700
vt -2.41063400 -2.02276200
vt -0.47123900 2.91738400
vt -2.02276200 -2.41063400
vt -1.57343000 -2.72526100
vt -0.47123900 3.50086000
vt -0.47123900 4.08433700
vt -1.07628900 -2.95708100
vt -0.47123900 4.66781400
vt -0.54644600 -3.09905200
vt -0.47123900 5.25129000
vt -0.00000000 -3.14686000
vt 1.79356900 0.97451400
vt -0.47123900 5.83476700
vt 0.54644600 -3.09905200
vt 0.30000000 -0.23222700
vt -0.07256500 2.24858000
vt 0.30000000 -0.00000000
vt -0.26757000 2.37271600
vt -0.41151000 2.55359600
vt 0.30000000 0.23222700
vt 0.94247800 6.47522500
vt -0.57636900 -3.26875300
vt 2.29356900 0.80219400
vt 0.94247800 5.82770200
vt -0.00000000 -3.31917900
vt 0.57636900 -3.26875300
vt 0.94247800 5.18018000
vt 1.13522600 -3.11900800
vt 0.94247800 4.53265700
vt 1.65958900 -2.87449300
vt 0.94247800 3.88513500
vt 2.13352700 -2.54263900
vt 0.94247800 3.23761200
vt 0.94247800 2.59009000
vt 2.54263900 -2.13352700
vt 0.94247800 1.94256700
vt 2.87449300 -1.65958900
vt 3.11900800 -1.13522600
vt 0.94247800 1.29504500
vt 0.94247800 0.64752200
vt 3.26875300 -0.57636900
vt 0.94247800 0.00000000
vt 3.31917900 -0.00000000
vt 3.26875300 0.57636900
vt 0.94247800 -0.64752200
vt 0.94247800 -1.29504500
vt 3.11900800 1.13522600
vt 2.87449300 1.65958900
vt 0.94247800 -1.94256700
vt 2.54263900 2.13352700
vt 0.94247800 -2.59009000
vt 2.13352700 2.54263900
vt 0.94247800 -3.23761200
vt 1.65958900 2.87449300
vt 0.94247800 -3.88513500
vt 0.94247800 -4.53265700
vt 1.13522600 3.11900800
vt 0.57636900 3.26875300
vt 0.94247800 -5.18018000
vt -0.00000000 3.31917900
vt 0.94247800 -5.82770200
vt 1.66793400 0.73038900
vt -0.18606800 5.83476700
vt -0.32865300 5.83476700
vt 1.76031700 0.83723600
vt -0.32865300 5.27907500
vt -0.18606800 5.27907500
vt -0.32865300 4.72338300
vt -0.18606800 4.72338300
vt -0.32865300 4.16769100
vt -0.18606800 4.16769100
vt -0.32865300 3.61199900
vt -0.18606800 3.61199900
vt -0.32865300 3.05630700
vt -0.18606800 3.05630700
vt -0.32865300 2.50061400
vt -0.18606800 2.50061400
vt -0.32865300 1.94492200
vt -0.18606800 1.94492200
vt -0.32865300 1.38923000
vt -0.18606800 1.38923000
vt -0.32865300 0.83353800
vt -0.18606800 0.83353800
vt -0.32865300 0.27784600
vt -0.18606800 0.27784600
vt -0.32865300 -0.27784600
vt -0.18606800 -0.27784600
vt -0.32865300 -0.83353800
vt -0.18606800 -0.83353800
vt -0.32865300 -1.38923000
vt -0.18606800 -1.38923000
vt -0.32865300 -1.94492200
vt -0.18606800 -1.94492200
vt -0.32865300 -2.50061400
vt -0.18606800 -2.50061400
vt -0.32865300 -3.05630700
vt -0.18606800 -3.05630700
vt -0.32865300 -3.61199900
vt -0.18606800 -3.61199900
vt -0.32865300 -4.16769100
vt -0.18606800 -4.16769100
vt -0.32865300 -4.72338300
vt -0.18606800 -4.72338300
vt -0.32865300 -5.27907500
vt -0.18606800 -5.27907500
vt 0.72964200 6.47522500
vt 2.25621300 0.59379400
vt 2.14879900 0.41134300
vt 0.51680500 6.47522500
vt 0.30396900 6.47522500
vt 1.98470100 0.27755900
vt 0.72964200 -5.88656800
vt 0.51680500 -5.88656800
vt 0.30396900 -5.88656800
vt 0.72964200 -5.29791100
vt 0.51680500 -5.29791100
vt 0.30396900 -5.29791100
vt 0.72964200 -4.70925400
vt 0.51680500 -4.70925400
vt 0.30396900 -4.70925400
vt 0.72964200 -4.12059800
vt 0.51680500 -4.12059800
vt 0.30396900 -4.12059800
vt 0.72964200 -3.53194100
vt 0.51680500 -3.53194100
vt 0.30396900 -3.53194100
vt 0.72964200 -2.94328400
vt 0.51680500 -2.94328400
vt 0.30396900 -2.94328400
vt 0.72964200 -2.35462700
vt 0.51680500 -2.35462700
vt 0.30396900 -2.35462700
vt 0.72964200 -1.76597000
vt 0.51680500 -1.76597000
vt 0.30396900 -1.76597000
vt 0.72964200 -1.17731400
vt 0.51680500 -1.17731400
vt 0.30396900 -1.17731400
vt 0.72964200 -0.58865700
vt 0.51680500 -0.58865700
vt 0.30396900 -0.58865700
vt 0.72964200 0.58865700
vt 0.51680500 0.58865700
vt 0.30396900 0.58865700
vt 0.30396900 0.00000000
vt 0.51680500 0.00000000
vt 0.72964200 0.00000000
vt 0.72964200 1.17731400
vt 0.51680500 1.17731400
vt 0.30396900 1.17731400
vt 0.72964200 1.76597000
vt 0.51680500 1.76597000
vt 0.30396900 1.76597000
vt 0.72964200 2.35462700
vt 0.51680500 2.35462700
vt 0.30396900 2.35462700
vt 0.72964200 2.94328400
vt 0.51680500 2.94328400
vt 0.30396900 2.94328400
vt 0.72964200 3.53194100
vt 0.51680500 3.53194100
vt 0.30396900 3.53194100
vt 0.72964200 4.12059800
vt 0.51680500 4.12059800
vt 0.30396900 4.12059800
vt 0.72964200 4.70925400
vt 0.51680500 4.70925400
vt 0.30396900 4.70925400
vt 0.72964200 5.29791100
vt 0.51680500 5.29791100
vt 0.30396900 5.29791100
vt 0.72964200 5.88656800
vt 0.51680500 5.88656800
vt 0.30396900 5.88656800
vt 0.80606300 -0.05293800
vt -0.00000000 0.67161300
vt 1.26839100 -0.72078000
vt 1.08987900 -0.70747500
vt -0.17908100 0.67940500
vt 0.91533400 -0.66824500
vt -0.35826700 0.68548900
vt 0.74923900 -0.60436700
vt -0.53678200 0.68917300
vt -0.71508400 0.68939600
vt 0.59473500 -0.51705900
vt -0.93738300 0.68329800
vt 0.42306900 -0.37842600
vt -1.07975000 0.67415300
vt 0.32819500 -0.27391600
vt -1.24001000 0.65840100
vt 0.23752300 -0.14346000
vt -1.56576700 0.60582000
vt 0.11058700 0.15468400
vt 5.75948000 -0.00000000
vt -1.88571100 0.52491300
vt 0.06750000 0.47506900
vt -1.88571100 0.00000000
vt 5.59928800 -0.49995000
vt -0.06617700 0.56577100
vt -1.56886500 0.09201400
vt -0.10844800 0.24536100
vt -0.23391100 -0.05326000
vt -1.24452700 0.15217300
vt -0.32356500 -0.18367300
vt -1.08512100 0.17031100
vt -0.94391700 0.18093600
vt -0.41714500 -0.28790900
vt -0.72418300 0.18845500
vt -0.58591800 -0.42610200
vt -0.54384900 0.18883100
vt -0.74158300 -0.51545100
vt -0.36305300 0.18528000
vt -0.90948300 -0.58096500
vt -1.08624800 -0.62124800
vt -0.18147300 0.17907000
vt 0.80733000 0.44762900
vt -0.00000000 0.17101900
vt -1.26714400 -0.63491800
vt -1.62225800 0.31078200
vt -0.31112100 0.50008900
vt -1.35880400 0.59474300
vt -1.16734500 0.59474300
vt -0.95328900 0.59474300
vt -0.73923300 0.59474300
vt -0.52517700 0.59474300
vt -0.31112100 0.59474300
vt -1.62225800 0.50008900
vt -1.35880400 0.50008900
vt -1.16734500 0.50008900
vt -0.95328900 0.50008900
vt -0.73923300 0.50008900
vt -0.52517700 0.50008900
vt -0.31112100 0.31078200
vt -0.52517700 0.31078200
vt -0.73923300 0.31078200
vt -0.95328900 0.31078200
vt -1.16734500 0.31078200
vt -1.35880400 0.31078200
vt 0.06750000 0.85086100
vt 5.39947200 0.00014600
vt 5.03979300 0.00028800
vt 0.06750100 1.22634700
vt 4.67969700 0.00020200
vt 0.06750100 1.60226800
vt 0.06750000 1.97837400
vt 4.31936200 -0.00003800
vt 3.95970400 -0.00008100
vt 0.06750000 2.35372500
vt 3.60052500 0.00012200
vt 0.06750000 2.72862700
vt 3.24110900 0.00020500
vt 0.06750100 3.10384600
vt 2.88096900 0.00005300
vt 0.06750000 3.47981200
vt 2.52092800 -0.00014000
vt 0.06750000 3.85560500
vt 0.06750000 4.23163100
vt 2.16064300 -0.00002400
vt 1.80063200 0.00016300
vt 0.06750000 4.60743300
vt 1.44045800 0.00014300
vt 0.06750000 4.98344000
vt 1.08041600 -0.00006600
vt 0.06750000 5.35926700
vt 0.72018200 -0.00014800
vt 0.06750000 5.73523800
vt 0.36008500 0.00004600
vt 0.06750000 6.11110300
vt 0.06750000 6.48702200
vt -0.00000100 0.00015400
vt -0.36008900 0.00002500
vt 0.06750000 6.86294100
vt 0.06750000 7.23880600
vt -0.72019500 -0.00018200
vt -1.08043700 -0.00009600
vt 0.06750000 7.61477800
vt -1.44048200 0.00013200
vt 0.06750000 7.99060500
vt 0.06750100 8.36661100
vt -1.80065200 0.00017500
vt 0.06750000 8.74241400
vt -2.16065300 0.00000400
vt -2.52092500 -0.00010900
vt 0.06750000 9.11843900
vt -2.88095600 0.00006700
vt 0.06750000 9.49423200
vt -3.24109300 0.00019200
vt 0.06750100 9.87019800
vt 0.06750000 10.24541700
vt -3.60051400 0.00008100
vt -3.95970100 -0.00014100
vt 0.06750000 10.62032000
vt -4.31936900 -0.00009800
vt 0.06750000 10.99567100
vt -4.67970800 0.00015700
vt 0.06750000 11.37177700
vt -5.03980200 0.00026300
vt 0.06750100 11.74769800
vt -5.39947600 0.00013800
vt 0.06750000 12.12318300
vt -0.00000000 0.52491300
vt 0.06750000 12.49897500
vt -5.75948000 -0.00000000
vt -0.06617700 10.86275400
vt -0.00000000 -0.00000000
vt -5.59928900 -0.49995100
vt -0.06617700 10.54082200
vt -5.24918900 -0.49979800
vt -4.89907400 -0.49976300
vt -0.06617700 10.21884900
vt -4.54901400 -0.49992500
vt -0.06617700 9.89695400
vt -4.19882500 -0.50012400
vt -0.06617600 9.57500700
vt -3.84923800 -0.50005500
vt -0.06617600 9.25363200
vt -3.49998900 -0.49986600
vt -0.06617700 8.93250500
vt -0.06617700 8.61100600
vt -3.15038700 -0.49982500
vt -0.06617700 8.28908400
vt -2.80030700 -0.49996700
vt -0.06617600 7.96731600
vt -2.45033400 -0.50008400
vt -2.10015400 -0.49994900
vt -0.06617700 7.64535500
vt -1.75025200 -0.49982200
vt -0.06617700 7.32359900
vt -0.06617700 7.00163900
vt -1.40014400 -0.49988600
vt -1.05019300 -0.50008500
vt -0.06617600 6.67986900
vt -0.06617600 6.35793900
vt -0.70001600 -0.50013900
vt -0.35001000 -0.49995700
vt -0.06617700 6.03613200
vt -0.06617700 5.71426200
vt -0.00000100 -0.49984900
vt -0.06617700 5.39239300
vt 0.35000600 -0.49993800
vt -0.06617600 5.07058600
vt 0.70000300 -0.50010900
vt 1.05017300 -0.50005900
vt -0.06617600 4.74865600
vt 1.40012000 -0.49987400
vt -0.06617700 4.42688600
vt 1.75023100 -0.49982900
vt -0.06617700 4.10492600
vt -0.06617700 3.78316900
vt 2.10014200 -0.49997200
vt 2.45033400 -0.50011200
vt -0.06617600 3.46120900
vt 2.80031800 -0.49998300
vt -0.06617700 3.13944000
vt -0.06617700 2.81751900
vt 3.15040300 -0.49982000
vt -0.06617700 2.49602000
vt 3.50000300 -0.49983600
vt -0.06617600 2.17489300
vt 3.84924400 -0.50000600
vt -0.06617600 1.85351800
vt 4.19882100 -0.50006900
vt 4.54900400 -0.49987900
vt -0.06617700 1.53157100
vt 4.89906400 -0.49973300
vt -0.06617700 1.20967600
vt 5.24918300 -0.49978600
vt -0.06617700 0.88770300
vt 5.34808800 -0.24985900
vt 4.93669700 -0.24985900
vt 4.52530600 -0.24985900
vt 4.11391400 -0.24985900
vt 3.70252300 -0.24985900
vt 3.29113100 -0.24985900
vt 2.87974000 -0.24985900
vt 2.46834900 -0.24985900
vt 2.05693800 -0.24985900
vt 1.64552700 -0.24985900
vt 1.23411600 -0.24985900
vt 0.82270500 -0.24985900
vt 0.41129400 -0.24985900
vt -0.00011700 -0.24985900
vt -0.41152800 -0.24985900
vt -0.82293900 -0.24985900
vt -1.23435000 -0.24985900
vt -1.64576100 -0.24985900
vt -2.05717200 -0.24985900
vt -2.46858300 -0.24985900
vt -2.87999400 -0.24985900
vt -3.29140500 -0.24985900
vt -3.70281500 -0.24985900
vt -4.11422600 -0.24985900
vt -4.52554000 -0.24985900
vt -4.93685300 -0.24985900
vt -5.34816700 -0.24985900
vt 2.13664700 -0.72078000
vt -0.06021600 0.00498600
vt 3.00490300 -0.72078000
vt -0.92402200 0.09236600
vt 0.09113300 -6.47522500
vt 3.87315800 -0.72078000
vt -1.78435200 0.20910200
vt 0.09113300 -5.88656800
vt 3.87315800 -0.06552500
vt 0.09113300 -5.29791100
vt 3.87315800 0.58972900
vt 3.87315800 1.24498400
vt 0.09113300 -4.70925400
vt 3.87315800 1.90023900
vt 0.09113300 -4.12059800
vt 3.87315800 2.55549400
vt 0.09113300 -3.53194100
vt 0.09113300 -2.94328400
vt 3.87315800 3.21074800
vt 0.09113300 -2.35462700
vt 3.87315800 3.86600300
vt 0.09113300 -1.76597000
vt 3.87315800 4.52125800
vt 3.87315800 5.17651300
vt 0.09113300 -1.17731400
vt 3.87315800 5.83176800
vt 0.09113300 -0.58865700
vt 3.87315800 6.48702200
vt 0.09113300 -0.00000000
vt 3.87315800 7.14227700
vt 0.09113300 0.58865700
vt 3.87315800 7.79753200
vt 0.09113300 1.17731400
vt 3.87315800 8.45278700
vt 0.09113300 1.76597000
vt 3.87315800 9.10804100
vt 0.09113300 2.35462700
vt 0.09113300 2.94328400
vt 3.87315800 9.76329600
vt 3.87315800 10.41855100
vt 0.09113300 3.53194100
vt 3.87315800 11.07380600
vt 0.09113300 4.12059800
vt 3.87315800 11.72906100
vt 0.09113300 4.70925400
vt 0.09113300 5.29791100
vt 3.87315800 12.38431500
vt 0.09113300 5.88656800
vt 3.87315800 13.03957000
vt 3.87315800 13.69482500
vt 0.09113300 6.47522500
vt -1.78435200 -0.20910200
vt -0.92402200 -0.09236600
vt 3.00490300 13.69482500
vt 2.13664700 13.69482500
vt -0.06021600 -0.00498600
vt 0.80606300 0.05293800
vt 1.26839100 13.69482500
vt -1.88571200 0.67161300
vt -1.56383800 0.68441500
vt 0.95028500 13.65180300
vt -1.24177900 0.68978200
vt 0.65464400 13.52828000
vt -0.93844500 0.68238500
vt 0.41599700 13.34556000
vt -0.70773200 0.66517700
vt 0.27030500 13.16929300
vt 0.18203700 13.01450300
vt -0.52835500 0.64280500
vt -0.35073500 0.61206600
vt 0.11856700 12.84906100
vt -0.17435600 0.57261300
vt 0.08026000 12.67585100
vt 2.60460500 0.53275100
vt 1.33605300 0.53275100
vt 1.33605300 -0.09401500
vt 2.60460500 -0.09401500
vt 2.60460500 1.15951600
vt 1.33605300 1.15951600
vt 2.60460500 1.78628200
vt 1.33605300 1.78628200
vt 2.60460500 2.41304700
vt 1.33605300 2.41304700
vt 2.60460500 3.03981200
vt 1.33605300 3.03981200
vt 2.60460500 3.66657800
vt 1.33605300 3.66657800
vt 2.60460500 4.29334300
vt 1.33605300 4.29334300
vt 2.60460500 4.92010900
vt 1.33605300 4.92010900
vt 2.60460500 5.54687400
vt 1.33605300 5.54687400
vt 2.60460500 6.17364000
vt 1.33605300 6.17364000
vt 2.60460500 6.80040500
vt 1.33605300 6.80040500
vt 2.60460500 7.42717000
vt 1.33605300 7.42717000
vt 2.60460500 8.05393600
vt 1.33605300 8.05393600
vt 2.60460500 8.68070100
vt 1.33605300 8.68070100
vt 2.60460500 9.30746700
vt 1.33605300 9.30746700
vt 2.60460500 9.93423200
vt 1.33605300 9.93423200
vt 2.60460500 10.56099800
vt 1.33605300 10.56099800
vt 2.60460500 11.18776300
vt 1.33605300 11.18776300
vt 2.60460500 11.81452900
vt 1.33605300 11.81452900
vt 2.60460500 12.44129400
vt 1.33605300 12.44129400
vt 2.60460500 13.06805900
vt 1.33605300 13.06805900
vt -1.26714400 12.06344300
vt 0.80733000 -0.44762900
vt -1.88571200 0.17101900
vt -1.63110300 0.18182500
vt -1.01433700 12.03631700
vt -1.37639700 0.18839200
vt -0.77279500 11.95776700
vt -1.12182900 0.18771200
vt -0.55336400 11.83188300
vt -0.37482600 11.67245900
vt -0.88040900 0.17667800
vt -0.65371600 0.15382800
vt -0.23996400 11.49232200
vt -0.14365800 11.29462100
vt -0.43319500 0.11744200
vt -0.21467200 0.06597800
vt -0.08547100 11.08212100
vt -1.62225900 0.50046500
vt -0.31112300 0.31114700
vt -1.35880600 0.50046500
vt -1.16734600 0.50046500
vt -0.95329000 0.50046500
vt -0.73923400 0.50046500
vt -0.52517900 0.50046500
vt -0.31112300 0.50046500
vt -0.52517900 0.59512300
vt -0.73923400 0.59512300
vt -0.95329000 0.59512300
vt -1.16734600 0.59512300
vt -1.35880600 0.59512300
vt -1.62225900 0.59512300
vt -0.31112300 0.59512300
vt -0.52517900 0.31114700
vt -0.73923400 0.31114700
vt -0.95329000 0.31114700
vt -1.16734600 0.31114700
vt -1.35880600 0.31114700
vt -1.62225900 0.31114700
vt -2.05259700 12.06344300
vt 0.02363900 -0.49973900
vt -2.83805000 12.06344300
vt -0.75802700 -0.57644100
vt -3.62350400 12.06344300
vt -0.04348200 5.83476700
vt -1.53689900 -0.67765900
vt -3.62350400 11.45875900
vt -0.04348200 5.27907500
vt -0.04348200 4.72338300
vt -3.62350400 10.85407500
vt -0.04348200 4.16769100
vt -3.62350400 10.24939200
vt -0.04348200 3.61199900
vt -3.62350400 9.64470800
vt -0.04348200 3.05630700
vt -3.62350400 9.04002400
vt -0.04348200 2.50061400
vt -3.62350400 8.43534000
vt -3.62350400 7.83065600
vt -0.04348200 1.94492200
vt -3.62350400 7.22597200
vt -0.04348200 1.38923000
vt -3.62350400 6.62128800
vt -0.04348200 0.83353800
vt -3.62350400 6.01660400
vt -0.04348200 0.27784600
vt -3.62350400 5.41192100
vt -0.04348200 -0.27784600
vt -0.04348200 -0.83353800
vt -3.62350400 4.80723700
vt -0.04348200 -1.38923000
vt -3.62350400 4.20255300
vt -0.04348200 -1.94492200
vt -3.62350400 3.59786900
vt -0.04348200 -2.50061400
vt -3.62350400 2.99318500
vt -3.62350400 2.38850100
vt -0.04348200 -3.05630700
vt -3.62350400 1.78381700
vt -0.04348200 -3.61199900
vt -3.62350400 1.17913400
vt -0.04348200 -4.16769100
vt -0.04348200 -4.72338300
vt -3.62350400 0.57445000
vt -3.62350400 -0.03023400
vt -0.04348200 -5.27907500
vt -0.04348200 -5.83476700
vt -1.53689900 0.67765900
vt -3.62350400 -0.63491800
vt -2.83805000 -0.63491800
vt -0.75802700 0.57644100
vt -2.05259700 -0.63491800
vt 0.02363900 0.49973900
vt -1.25195200 -0.03023400
vt -2.43772800 -0.03023400
vt -1.25195200 0.57445000
vt -2.43772800 0.57445000
vt -1.25195200 1.17913400
vt -2.43772800 1.17913400
vt -1.25195200 1.78381700
vt -2.43772800 1.78381700
vt -1.25195200 2.38850100
vt -2.43772800 2.38850100
vt -1.25195200 2.99318500
vt -2.43772800 2.99318500
vt -1.25195200 3.59786900
vt -2.43772800 3.59786900
vt -1.25195200 4.20255300
vt -2.43772800 4.20255300
vt -1.25195200 4.80723700
vt -2.43772800 4.80723700
vt -1.25195200 5.41192100
vt -2.43772800 5.41192100
vt -1.25195200 6.01660400
vt -2.43772800 6.01660400
vt -1.25195200 6.62128800
vt -2.43772800 6.62128800
vt -1.25195200 7.22597200
vt -2.43772800 7.22597200
vt -1.25195200 7.83065600
vt -2.43772800 7.83065600
vt -1.25195200 8.43534000
vt -2.43772800 8.43534000
vt -1.25195200 9.04002400
vt -2.43772800 9.04002400
vt -1.25195200 9.64470800
vt -2.43772800 9.64470800
vt -1.25195200 10.24939200
vt -2.43772800 10.24939200
vt -1.25195200 10.85407500
vt -2.43772800 10.85407500
vt -1.25195200 11.45875900
vt -2.43772800 11.45875900
vt 0.30396900 6.47522500
vt -1.98470100 -0.27755900
vt 0.51680500 6.47522500
vt -2.14879900 -0.41134300
vt -2.25621300 -0.59379400
vt 0.72964200 6.47522500
vt 0.57636900 3.26875300
vt 0.94247800 6.47522500
vt -2.29356900 -0.80219400
vt 0.48868900 2.77149500
vt -2.29356900 -1.30712400
vt -0.30000000 0.46445300
vt -0.48868900 2.77149500
vt 0.20000000 0.46445300
vt -1.79356900 -1.30712400
vt -0.47123900 5.83476700
vt -0.54644600 3.09905200
vt -1.79356900 -0.97451400
vt -1.76031700 -0.83723600
vt -0.32865300 5.83476700
vt -1.66793400 -0.73038900
vt -0.18606800 5.83476700
vt -0.30000000 0.46445300
vt -0.30000000 -3.30339300
vt -0.15223700 -2.19472600
vt 0.07256500 -2.24858000
vt -0.30000000 0.23222700
vt 0.26757000 -2.37271600
vt -0.30000000 0.00000000
vt -0.30000000 -0.23222700
vt 0.41151000 -2.55359600
vt -0.30000000 -0.46445300
vt 0.48868900 -2.77149500
vt -2.29356900 1.30712400
vt -1.79356900 1.30712400
vt 0.20000000 -0.46445300
vt -0.48868900 -2.77149500
vt -0.41151000 -2.55359600
vt 0.20000000 -0.23222700
vt -0.26757000 -2.37271600
vt 0.20000000 0.00000000
vt 0.20000000 0.23222700
vt -0.07256500 -2.24858000
vt 0.15223700 -2.19472600
vt 0.20000000 0.46445300
vt 0.20000000 -3.30339300
vt 0.20000000 -2.83148000
vt 0.61592800 -2.11202100
vt 0.20000000 -2.35956600
vt 1.05138700 -1.93250800
vt 0.20000000 -1.88765300
vt 1.43865400 -1.66441400
vt 0.20000000 -1.41574000
vt 1.75997800 -1.32003000
vt 2.00063000 -0.91514000
vt 0.20000000 -0.94382700
vt 0.20000000 -0.47191300
vt 2.14958000 -0.46830300
vt 2.20000000 -0.00000000
vt 0.20000000 0.00000000
vt 2.14958000 0.46830300
vt 0.20000000 0.47191300
vt 0.20000000 0.94382700
vt 2.00063000 0.91514000
vt 0.20000000 1.41574000
vt 1.75997800 1.32003000
vt 0.20000000 1.88765300
vt 1.43865400 1.66441400
vt 1.05138700 1.93250800
vt 0.20000000 2.35956600
vt 0.61592800 2.11202100
vt 0.20000000 2.83148000
vt 0.20000000 -0.46445300
vt 0.15223700 2.19472600
vt 0.20000000 3.30339300
vt -0.30000000 3.30339300
vt -0.30000000 -0.46445300
vt -0.15223700 2.19472600
vt -0.61592800 2.11202100
vt -0.30000000 2.83148000
vt -0.30000000 2.35956600
vt -1.05138700 1.93250800
vt -1.43865400 1.66441400
vt -0.30000000 1.88765300
vt -1.75997800 1.32003000
vt -0.30000000 1.41574000
vt -2.00063000 0.91514000
vt -0.30000000 0.94382700
vt -0.30000000 0.47191300
vt -2.14958000 0.46830300
vt -0.30000000 0.00000000
vt -2.20000000 -0.00000000
vt -0.30000000 -0.47191300
vt -2.14958000 -0.46830300
vt -2.00063000 -0.91514000
vt -0.30000000 -0.94382700
vt -0.30000000 -1.41574000
vt -1.75997800 -1.32003000
vt -1.43865400 -1.66441400
vt -0.30000000 -1.88765300
vt -1.05138700 -1.93250800
vt -0.30000000 -2.35956600
vt -0.30000000 -2.83148000
vt -0.61592800 -2.11202100
vt -1.79356900 0.97451400
vt -0.47123900 -5.83476700
vt -0.54644600 -3.09905200
vt 0.00000000 -3.14686000
vt -0.47123900 -5.25129000
vt 0.54644600 -3.09905200
vt -0.47123900 -4.66781400
vt 1.07628900 -2.95708100
vt -0.47123900 -4.08433700
vt -0.47123900 -3.50086000
vt 1.57343000 -2.72526100
vt 2.02276200 -2.41063400
vt -0.47123900 -2.91738400
vt -0.47123900 -2.33390700
vt 2.41063400 -2.02276200
vt 2.72526100 -1.57343000
vt -0.47123900 -1.75043000
vt 2.95708100 -1.07628900
vt -0.47123900 -1.16695300
vt 3.09905200 -0.54644600
vt -0.47123900 -0.58347700
vt -0.47123900 -0.00000000
vt 3.14686000 -0.00000000
vt 3.09905200 0.54644600
vt -0.47123900 0.58347700
vt 2.95708100 1.07628900
vt -0.47123900 1.16695300
vt 2.72526100 1.57343000
vt -0.47123900 1.75043000
vt -0.47123900 2.33390700
vt 2.41063400 2.02276200
vt 2.02276200 2.41063400
vt -0.47123900 2.91738400
vt 1.57343000 2.72526100
vt -0.47123900 3.50086000
vt -0.47123900 4.08433700
vt 1.07628900 2.95708100
vt -0.47123900 4.66781400
vt 0.54644600 3.09905200
vt -0.47123900 5.25129000
vt 0.00000000 3.14686000
vt 0.20000000 0.23222700
vt -0.41151000 2.55359600
vt -0.26757000 2.37271600
vt 0.20000000 -0.00000000
vt 0.20000000 -0.23222700
vt -0.07256500 2.24858000
vt 0.41151000 2.55359600
vt -0.30000000 0.23222700
vt 0.26757000 2.37271600
vt -0.30000000 -0.00000000
vt 0.07256500 2.24858000
vt -0.30000000 -0.23222700
vt 0.00000000 3.31917900
vt 0.94247800 5.82770200
vt 0.94247800 5.18018000
vt -0.57636900 3.26875300
vt 0.94247800 4.53265700
vt -1.13522600 3.11900800
vt 0.94247800 3.88513500
vt -1.65958900 2.87449300
vt -2.13352700 2.54263900
vt 0.94247800 3.23761200
vt 0.94247800 2.59009000
vt -2.54263900 2.13352700
vt 0.94247800 1.94256700
vt -2.87449300 1.65958900
vt 0.94247800 1.29504500
vt -3.11900800 1.13522600
vt 0.94247800 0.64752200
vt -3.26875300 0.57636900
vt 0.94247800 -0.00000000
vt -3.31917900 -0.00000000
vt 0.94247800 -0.64752200
vt -3.26875300 -0.57636900
vt 0.94247800 -1.29504500
vt -3.11900800 -1.13522600
vt 0.94247800 -1.94256700
vt -2.87449300 -1.65958900
vt 0.94247800 -2.59009000
vt -2.54263900 -2.13352700
vt -2.13352700 -2.54263900
vt 0.94247800 -3.23761200
vt 0.94247800 -3.88513500
vt -1.65958900 -2.87449300
vt -1.13522600 -3.11900800
vt 0.94247800 -4.53265700
vt 0.94247800 -5.18018000
vt -0.57636900 -3.26875300
vt 0.94247800 -5.82770200
vt 0.00000000 -3.31917900
vt -2.29356900 0.80219400
vt 0.57636900 -3.26875300
vt 0.94247800 -6.47522500
vt -0.32865300 -5.83476700
vt -1.76031700 0.83723600
vt -0.18606800 -5.83476700
vt -1.66793400 0.73038900
vt -0.18606800 -5.27907500
vt -0.32865300 -5.27907500
vt -0.18606800 -4.72338300
vt -0.32865300 -4.72338300
vt -0.18606800 -4.16769100
vt -0.32865300 -4.16769100
vt -0.18606800 -3.61199900
vt -0.32865300 -3.61199900
vt -0.18606800 -3.05630700
vt -0.32865300 -3.05630700
vt -0.18606800 -2.50061400
vt -0.32865300 -2.50061400
vt -0.18606800 -1.94492200
vt -0.32865300 -1.94492200
vt -0.18606800 -1.38923000
vt -0.32865300 -1.38923000
vt -0.18606800 -0.83353800
vt -0.32865300 -0.83353800
vt -0.18606800 -0.27784600
vt -0.32865300 -0.27784600
vt -0.18606800 0.27784600
vt -0.32865300 0.27784600
vt -0.18606800 0.83353800
vt -0.32865300 0.83353800
vt -0.18606800 1.38923000
vt -0.32865300 1.38923000
vt -0.18606800 1.94492200
vt -0.32865300 1.94492200
vt -0.18606800 2.50061400
vt -0.32865300 2.50061400
vt -0.18606800 3.05630700
vt -0.32865300 3.05630700
vt -0.18606800 3.61199900
vt -0.32865300 3.61199900
vt -0.18606800 4.16769100
vt -0.32865300 4.16769100
vt -0.18606800 4.72338300
vt -0.32865300 4.72338300
vt -0.18606800 5.27907500
vt -0.32865300 5.27907500
vt -1.98470100 0.27755900
vt 0.30396900 -6.47522500
vt -2.14879900 0.41134300
vt 0.51680500 -6.47522500
vt -2.25621300 0.59379400
vt 0.72964200 -6.47522500
vt 0.30396900 5.88656800
vt 0.51680500 5.88656800
vt 0.72964200 5.88656800
vt 0.30396900 5.29791100
vt 0.51680500 5.29791100
vt 0.72964200 5.29791100
vt 0.30396900 4.70925400
vt 0.51680500 4.70925400
vt 0.72964200 4.70925400
vt 0.30396900 4.12059800
vt 0.51680500 4.12059800
vt 0.72964200 4.12059800
vt 0.30396900 3.53194100
vt 0.51680500 3.53194100
vt 0.72964200 3.53194100
vt 0.30396900 2.94328400
vt 0.51680500 2.94328400
vt 0.72964200 2.94328400
vt 0.30396900 2.35462700
vt 0.51680500 2.35462700
vt 0.72964200 2.35462700
vt 0.30396900 1.76597000
vt 0.51680500 1.76597000
vt 0.72964200 1.76597000
vt 0.30396900 1.17731400
vt 0.51680500 1.17731400
vt 0.72964200 1.17731400
vt 0.30396900 0.58865700
vt 0.51680500 0.58865700
vt 0.72964200 0.58865700
vt 0.30396900 -0.00000000
vt 0.51680500 -0.00000000
vt 0.72964200 -0.00000000
vt 0.30396900 -0.58865700
vt 0.51680500 -0.58865700
vt 0.72964200 -0.58865700
vt 0.30396900 -1.17731400
vt 0.51680500 -1.17731400
vt 0.72964200 -1.17731400
vt 0.30396900 -1.76597000
vt 0.51680500 -1.76597000
vt 0.72964200 -1.76597000
vt 0.30396900 -2.35462700
vt 0.51680500 -2.35462700
vt 0.72964200 -2.35462700
vt 0.30396900 -2.94328400
vt 0.51680500 -2.94328400
vt 0.72964200 -2.94328400
vt 0.30396900 -3.53194100
vt 0.51680500 -3.53194100
vt 0.72964200 -3.53194100
vt 0.30396900 -4.12059800
vt 0.51680500 -4.12059800
vt 0.72964200 -4.12059800
vt 0.30396900 -4.70925400
vt 0.51680500 -4.70925400
vt 0.72964200 -4.70925400
vt 0.30396900 -5.29791100
vt 0.51680500 -5.29791100
vt 0.72964200 -5.29791100
vt 0.30396900 -5.88656800
vt 0.51680500 -5.88656800
vt 0.72964200 -5.88656800
f 5/5/5 52/52/52 3/3/3
f 3/3/3 52/52/52 46/46/46
f 3/3/3 46/46/46 43/43/43
f 43/43/43 46/46/46 41/41/41
f 41/41/41 46/46/46 59/59/59
f 41/41/41 59/59/59 38/38/38
f 38/38/38 59/59/59 60/60/60
f 38/38/38 60/60/60 37/37/37
f 37/37/37 60/60/60 61/61/61
f 37/37/37 61/61/61 35/35/35
f 35/35/35 61/61/61 62/62/62
f 35/35/35 62/62/62 33/33/33
f 33/33/33 62/62/62 30/30/30
f 30/30/30 62/62/62 63/63/63
f 30/30/30 63/63/63 29/29/29
f 29/29/29 63/63/63 64/64/64
f 29/29/29 64/64/64 27/27/27
f 27/27/27 64/64/64 45/45/45
f 27/27/27 45/45/45 58/58/58
f 58/58/58 45/45/45 47/47/47
f 58/58/58 47/47/47 57/57/57
f 57/57/57 47/47/47 48/48/48
f 57/57/57 48/48/48 56/56/56
f 56/56/56 48/48/48 49/49/49
f 56/56/56 49/49/49 55/55/55
f 55/55/55 49/49/49 50/50/50
f 55/55/55 50/50/50 54/54/54
f 54/54/54 50/50/50 51/51/51
f 54/54/54 51/51/51 53/53/53
f 53/53/53 51/51/51 5/5/5
f 53/53/53 5/5/5 7/7/7
f 53/53/53 7/7/7 54/54/54
f 54/54/54 7/7/7 9/9/9
f 54/54/54 9/9/9 55/55/55
f 55/55/55 9/9/9 10/10/10
f 55/55/55 10/10/10 56/56/56
f 56/56/56 10/10/10 13/13/13
f 56/56/56 13/13/13 57/57/57
f 57/57/57 13/13/13 15/15/15
f 57/57/57 15/15/15 17/17/17
f 57/57/57 17/17/17 58/58/58
f 58/58/58 17/17/17 18/18/18
f 58/58/58 18/18/18 20/20/20
f 24/24/24 27/27/27 20/20/20
f 20/20/20 27/27/27 58/58/58
f 64/64/64 63/63/63 45/45/45
f 45/45/45 63/63/63 47/47/47
f 63/63/63 62/62/62 47/47/47
f 47/47/47 62/62/62 48/48/48
f 62/62/62 61/61/61 48/48/48
f 48/48/48 61/61/61 49/49/49
f 61/61/61 60/60/60 49/49/49
f 49/49/49 60/60/60 50/50/50
f 46/46/46 52/52/52 51/51/51
f 51/51/51 52/52/52 5/5/5
f 60/60/60 59/59/59 50/50/50
f 50/50/50 59/59/59 51/51/51
f 59/59/59 46/46/46 51/51/51
f 194/194/194 2/2/2 195/195/195
f 195/195/195 2/2/2 44/44/44
f 195/195/195 44/44/44 65/65/65
f 195/195/195 65/65/65 196/196/196
f 196/196/196 65/65/65 67/67/67
f 196/196/196 67/67/67 197/197/197
f 197/197/197 67/67/67 70/70/70
f 197/197/197 70/70/70 72/72/72
f 197/197/197 72/72/72 198/198/198
f 198/198/198 72/72/72 73/73/73
f 198/198/198 73/73/73 199/199/199
f 199/199/199 73/73/73 76/76/76
f 199/199/199 76/76/76 200/200/200
f 200/200/200 76/76/76 78/78/78
f 200/200/200 78/78/78 201/201/201
f 201/201/201 78/78/78 80/80/80
f 201/201/201 80/80/80 202/202/202
f 202/202/202 80/80/80 82/82/82
f 202/202/202 82/82/82 83/83/83
f 202/202/202 83/83/83 203/203/203
f 203/203/203 83/83/83 86/86/86
f 203/203/203 86/86/86 204/204/204
f 204/204/204 86/86/86 88/88/88
f 204/204/204 88/88/88 205/205/205
f 205/205/205 88/88/88 90/90/90
f 205/205/205 90/90/90 206/206/206
f 206/206/206 90/90/90 92/92/92
f 206/206/206 92/92/92 207/207/207
f 207/207/207 92/92/92 94/94/94
f 207/207/207 94/94/94 208/208/208
f 208/208/208 94/94/94 95/95/95
f 208/208/208 95/95/95 97/97/97
f 208/208/208 97/97/97 209/209/209
f 209/209/209 97/97/97 100/100/100
f 209/209/209 100/100/100 210/210/210
f 210/210/210 100/100/100 102/102/102
f 210/210/210 102/102/102 211/211/211
f 211/211/211 102/102/102 104/104/104
f 211/211/211 104/104/104 212/212/212
f 212/212/212 104/104/104 106/106/106
f 212/212/212 106/106/106 213/213/213
f 213/213/213 106/106/106 107/107/107
f 213/213/213 107/107/107 214/214/214
f 214/214/214 107/107/107 109/109/109
f 214/214/214 109/109/109 112/112/112
f 214/214/214 112/112/112 215/215/215
f 215/215/215 112/112/112 113/113/113
f 215/215/215 113/113/113 216/216/216
f 216/216/216 113/113/113 116/116/116
f 216/216/216 116/116/116 217/217/217
f 217/217/217 116/116/116 118/118/118
f 217/217/217 118/118/118 218/218/218
f 218/218/218 118/118/118 120/120/120
f 218/218/218 120/120/120 219/219/219
f 219/219/219 120/120/120 122/122/122
f 219/219/219 122/122/122 123/123/123
f 219/219/219 123/123/123 220/220/220
f 220/220/220 123/123/123 125/125/125
f 220/220/220 125/125/125 221/221/221
f 221/221/221 125/125/125 129/129/129
f 221/221/221 129/129/129 130/130/130
f 130/130/130 134/134/134 221/221/221
f 221/221/221 134/134/134 136/136/136
f 221/221/221 136/136/136 220/220/220
f 220/220/220 136/136/136 138/138/138
f 220/220/220 138/138/138 219/219/219
f 219/219/219 138/138/138 140/140/140
f 219/219/219 140/140/140 218/218/218
f 218/218/218 140/140/140 142/142/142
f 218/218/218 142/142/142 217/217/217
f 217/217/217 142/142/142 143/143/143
f 217/217/217 143/143/143 216/216/216
f 216/216/216 143/143/143 146/146/146
f 216/216/216 146/146/146 215/215/215
f 215/215/215 146/146/146 148/148/148
f 215/215/215 148/148/148 149/149/149
f 215/215/215 149/149/149 214/214/214
f 214/214/214 149/149/149 152/152/152
f 214/214/214 152/152/152 213/213/213
f 213/213/213 152/152/152 153/153/153
f 213/213/213 153/153/153 212/212/212
f 212/212/212 153/153/153 156/156/156
f 212/212/212 156/156/156 211/211/211
f 211/211/211 156/156/156 158/158/158
f 211/211/211 158/158/158 210/210/210
f 210/210/210 158/158/158 160/160/160
f 210/210/210 160/160/160 209/209/209
f 209/209/209 160/160/160 161/161/161
f 209/209/209 161/161/161 208/208/208
f 208/208/208 161/161/161 163/163/163
f 208/208/208 163/163/163 165/165/165
f 208/208/208 165/165/165 207/207/207
f 207/207/207 165/165/165 167/167/167
f 207/207/207 167/167/167 206/206/206
f 206/206/206 167/167/167 169/169/169
f 206/206/206 169/169/169 205/205/205
f 205/205/205 169/169/169 171/171/171
f 205/205/205 171/171/171 204/204/204
f 204/204/204 171/171/171 173/173/173
f 204/204/204 173/173/173 203/203/203
f 203/203/203 173/173/173 175/175/175
f 203/203/203 175/175/175 202/202/202
f 202/202/202 175/175/175 177/177/177
f 202/202/202 177/177/177 201/201/201
f 201/201/201 177/177/177 179/179/179
f 201/201/201 179/179/179 182/182/182
f 201/201/201 182/182/182 200/200/200
f 200/200/200 182/182/182 183/183/183
f 200/200/200 183/183/183 199/199/199
f 199/199/199 183/183/183 185/185/185
f 199/199/199 185/185/185 198/198/198
f 198/198/198 185/185/185 188/188/188
f 198/198/198 188/188/188 197/197/197
f 197/197/197 188/188/188 189/189/189
f 197/197/197 189/189/189 196/196/196
f 196/196/196 189/189/189 192/192/192
f 196/196/196 192/192/192 195/195/195
f 195/195/195 192/192/192 194/194/194
f 19/19/19 16/16/16 21/21/21
f 21/21/21 16/16/16 14/14/14
f 21/21/21 14/14/14 12/12/12
f 12/12/12 11/11/11 21/21/21
f 21/21/21 11/11/11 295/295/295
f 21/21/21 295/295/295 294/294/294
f 294/294/294 295/295/295 296/296/296
f 294/294/294 296/296/296 292/292/292
f 292/292/292 296/296/296 287/287/287
f 292/292/292 287/287/287 290/290/290
f 11/11/11 8/8/8 295/295/295
f 295/295/295 8/8/8 6/6/6
f 295/295/295 6/6/6 4/4/4
f 295/295/295 4/4/4 297/297/297
f 297/297/297 4/4/4 1/1/1
f 297/297/297 1/1/1 193/193/193
f 297/297/297 193/193/193 299/299/299
f 299/299/299 193/193/193 191/191/191
f 299/299/299 191/191/191 190/190/190
f 299/299/299 190/190/190 301/301/301
f 301/301/301 190/190/190 187/187/187
f 301/301/301 187/187/187 303/303/303
f 303/303/303 187/187/187 186/186/186
f 303/303/303 186/186/186 184/184/184
f 303/303/303 184/184/184 305/305/305
f 305/305/305 184/184/184 181/181/181
f 305/305/305 181/181/181 180/180/180
f 305/305/305 180/180/180 307/307/307
f 307/307/307 180/180/180 178/178/178
f 307/307/307 178/178/178 309/309/309
f 309/309/309 178/178/178 176/176/176
f 309/309/309 176/176/176 174/174/174
f 309/309/309 174/174/174 311/311/311
f 311/311/311 174/174/174 172/172/172
f 311/311/311 172/172/172 170/170/170
f 311/311/311 170/170/170 313/313/313
f 313/313/313 170/170/170 168/168/168
f 313/313/313 168/168/168 315/315/315
f 315/315/315 168/168/168 166/166/166
f 315/315/315 166/166/166 164/164/164
f 315/315/315 164/164/164 317/317/317
f 317/317/317 164/164/164 162/162/162
f 317/317/317 162/162/162 159/159/159
f 317/317/317 159/159/159 319/319/319
f 319/319/319 159/159/159 157/157/157
f 319/319/319 157/157/157 321/321/321
f 321/321/321 157/157/157 155/155/155
f 321/321/321 155/155/155 154/154/154
f 321/321/321 154/154/154 323/323/323
f 323/323/323 154/154/154 151/151/151
f 323/323/323 151/151/151 150/150/150
f 323/323/323 150/150/150 325/325/325
f 325/325/325 150/150/150 147/147/147
f 325/325/325 147/147/147 327/327/327
f 327/327/327 147/147/147 145/145/145
f 327/327/327 145/145/145 144/144/144
f 327/327/327 144/144/144 329/329/329
f 329/329/329 144/144/144 141/141/141
f 329/329/329 141/141/141 139/139/139
f 329/329/329 139/139/139 331/331/331
f 331/331/331 139/139/139 137/137/137
f 331/331/331 137/137/137 333/333/333
f 333/333/333 137/137/137 135/135/135
f 333/333/333 135/135/135 133/133/133
f 333/333/333 133/133/133 335/335/335
f 335/335/335 133/133/133 131/131/131
f 335/335/335 131/131/131 222/222/222
f 222/222/222 225/225/225 335/335/335
f 335/335/335 225/225/225 337/337/337
f 335/335/335 337/337/337 338/338/338
f 338/338/338 337/337/337 239/239/239
f 338/338/338 239/239/239 241/241/241
f 225/225/225 226/226/226 337/337/337
f 337/337/337 226/226/226 228/228/228
f 337/337/337 228/228/228 230/230/230
f 230/230/230 233/233/233 337/337/337
f 337/337/337 233/233/233 234/234/234
f 337/337/337 234/234/234 239/239/239
f 239/239/239 234/234/234 236/236/236
f 244/244/244 246/246/246 241/241/241
f 241/241/241 246/246/246 338/338/338
f 338/338/338 246/246/246 336/336/336
f 336/336/336 246/246/246 248/248/248
f 336/336/336 248/248/248 334/334/334
f 334/334/334 248/248/248 250/250/250
f 334/334/334 250/250/250 332/332/332
f 332/332/332 250/250/250 252/252/252
f 332/332/332 252/252/252 330/330/330
f 330/330/330 252/252/252 254/254/254
f 330/330/330 254/254/254 328/328/328
f 328/328/328 254/254/254 256/256/256
f 328/328/328 256/256/256 326/326/326
f 326/326/326 256/256/256 259/259/259
f 326/326/326 259/259/259 324/324/324
f 324/324/324 259/259/259 261/261/261
f 324/324/324 261/261/261 322/322/322
f 322/322/322 261/261/261 262/262/262
f 322/322/322 262/262/262 320/320/320
f 320/320/320 262/262/262 265/265/265
f 320/320/320 265/265/265 318/318/318
f 318/318/318 265/265/265 267/267/267
f 318/318/318 267/267/267 316/316/316
f 316/316/316 267/267/267 269/269/269
f 316/316/316 269/269/269 314/314/314
f 314/314/314 269/269/269 271/271/271
f 314/314/314 271/271/271 312/312/312
f 312/312/312 271/271/271 273/273/273
f 312/312/312 273/273/273 310/310/310
f 310/310/310 273/273/273 274/274/274
f 310/310/310 274/274/274 308/308/308
f 308/308/308 274/274/274 276/276/276
f 308/308/308 276/276/276 306/306/306
f 306/306/306 276/276/276 279/279/279
f 306/306/306 279/279/279 304/304/304
f 304/304/304 279/279/279 280/280/280
f 304/304/304 280/280/280 302/302/302
f 302/302/302 280/280/280 283/283/283
f 302/302/302 283/283/283 300/300/300
f 300/300/300 283/283/283 285/285/285
f 300/300/300 285/285/285 298/298/298
f 298/298/298 285/285/285 287/287/287
f 298/298/298 287/287/287 296/296/296
f 298/298/298 296/296/296 295/295/295
f 300/300/300 298/298/298 297/297/297
f 297/297/297 298/298/298 295/295/295
f 302/302/302 300/300/300 299/299/299
f 299/299/299 300/300/300 297/297/297
f 304/304/304 302/302/302 301/301/301
f 301/301/301 302/302/302 299/299/299
f 306/306/306 304/304/304 303/303/303
f 303/303/303 304/304/304 301/301/301
f 308/308/308 306/306/306 305/305/305
f 305/305/305 306/306/306 303/303/303
f 310/310/310 308/308/308 307/307/307
f 307/307/307 308/308/308 305/305/305
f 312/312/312 310/310/310 309/309/309
f 309/309/309 310/310/310 307/307/307
f 314/314/314 312/312/312 311/311/311
f 311/311/311 312/312/312 309/309/309
f 316/316/316 314/314/314 313/313/313
f 313/313/313 314/314/314 311/311/311
f 318/318/318 316/316/316 315/315/315
f 315/315/315 316/316/316 313/313/313
f 320/320/320 318/318/318 317/317/317
f 317/317/317 318/318/318 315/315/315
f 322/322/322 320/320/320 319/319/319
f 319/319/319 320/320/320 317/317/317
f 324/324/324 322/322/322 321/321/321
f 321/321/321 322/322/322 319/319/319
f 326/326/326 324/324/324 323/323/323
f 323/323/323 324/324/324 321/321/321
f 328/328/328 326/326/326 325/325/325
f 325/325/325 326/326/326 323/323/323
f 330/330/330 328/328/328 327/327/327
f 327/327/327 328/328/328 325/325/325
f 332/332/332 330/330/330 329/329/329
f 329/329/329 330/330/330 327/327/327
f 334/334/334 332/332/332 331/331/331
f 331/331/331 332/332/332 329/329/329
f 336/336/336 334/334/334 333/333/333
f 333/333/333 334/334/334 331/331/331
f 338/338/338 336/336/336 335/335/335
f 335/335/335 336/336/336 333/333/333
f 235/235/235 364/364/364 237/237/237
f 237/237/237 364/364/364 357/357/357
f 237/237/237 357/357/357 355/355/355
f 355/355/355 357/357/357 370/370/370
f 355/355/355 370/370/370 352/352/352
f 352/352/352 370/370/370 349/349/349
f 349/349/349 370/370/370 371/371/371
f 349/349/349 371/371/371 372/372/372
f 372/372/372 371/371/371 367/367/367
f 372/372/372 367/367/367 366/366/366
f 366/366/366 367/367/367 361/361/361
f 366/366/366 361/361/361 360/360/360
f 360/360/360 361/361/361 231/231/231
f 360/360/360 231/231/231 229/229/229
f 364/364/364 235/235/235 363/363/363
f 363/363/363 235/235/235 232/232/232
f 363/363/363 232/232/232 362/362/362
f 362/362/362 232/232/232 231/231/231
f 362/362/362 231/231/231 361/361/361
f 360/360/360 229/229/229 358/358/358
f 358/358/358 229/229/229 227/227/227
f 358/358/358 227/227/227 224/224/224
f 223/223/223 369/369/369 224/224/224
f 224/224/224 369/369/369 356/356/356
f 224/224/224 356/356/356 359/359/359
f 359/359/359 356/356/356 375/375/375
f 359/359/359 375/375/375 374/374/374
f 374/374/374 375/375/375 343/343/343
f 374/374/374 343/343/343 345/345/345
f 369/369/369 223/223/223 356/356/356
f 356/356/356 223/223/223 132/132/132
f 356/356/356 132/132/132 339/339/339
f 339/339/339 132/132/132 127/127/127
f 356/356/356 339/339/339 376/376/376
f 376/376/376 339/339/339 341/341/341
f 376/376/376 341/341/341 375/375/375
f 375/375/375 341/341/341 343/343/343
f 374/374/374 345/345/345 373/373/373
f 373/373/373 345/345/345 347/347/347
f 373/373/373 347/347/347 372/372/372
f 372/372/372 347/347/347 349/349/349
f 375/375/375 356/356/356 376/376/376
f 224/224/224 359/359/359 358/358/358
f 358/358/358 359/359/359 365/365/365
f 358/358/358 365/365/365 360/360/360
f 360/360/360 365/365/365 366/366/366
f 361/361/361 367/367/367 362/362/362
f 362/362/362 367/367/367 368/368/368
f 362/362/362 368/368/368 363/363/363
f 363/363/363 368/368/368 357/357/357
f 363/363/363 357/357/357 364/364/364
f 359/359/359 374/374/374 365/365/365
f 365/365/365 374/374/374 373/373/373
f 365/365/365 373/373/373 366/366/366
f 366/366/366 373/373/373 372/372/372
f 370/370/370 357/357/357 368/368/368
f 370/370/370 368/368/368 371/371/371
f 371/371/371 368/368/368 367/367/367
f 66/66/66 42/42/42 432/432/432
f 432/432/432 42/42/42 40/40/40
f 432/432/432 40/40/40 433/433/433
f 433/433/433 40/40/40 39/39/39
f 433/433/433 39/39/39 36/36/36
f 36/36/36 34/34/34 433/433/433
f 433/433/433 34/34/34 32/32/32
f 433/433/433 32/32/32 25/25/25
f 25/25/25 32/32/32 31/31/31
f 25/25/25 31/31/31 28/28/28
f 28/28/28 26/26/26 25/25/25
f 25/25/25 378/378/378 433/433/433
f 433/433/433 378/378/378 434/434/434
f 433/433/433 434/434/434 432/432/432
f 432/432/432 434/434/434 431/431/431
f 432/432/432 431/431/431 436/436/436
f 436/436/436 431/431/431 435/435/435
f 436/436/436 435/435/435 438/438/438
f 438/438/438 435/435/435 437/437/437
f 438/438/438 437/437/437 440/440/440
f 440/440/440 437/437/437 439/439/439
f 440/440/440 439/439/439 442/442/442
f 442/442/442 439/439/439 441/441/441
f 442/442/442 441/441/441 444/444/444
f 444/444/444 441/441/441 443/443/443
f 444/444/444 443/443/443 446/446/446
f 446/446/446 443/443/443 445/445/445
f 446/446/446 445/445/445 448/448/448
f 448/448/448 445/445/445 447/447/447
f 448/448/448 447/447/447 450/450/450
f 450/450/450 447/447/447 449/449/449
f 450/450/450 449/449/449 452/452/452
f 452/452/452 449/449/449 451/451/451
f 452/452/452 451/451/451 454/454/454
f 454/454/454 451/451/451 453/453/453
f 454/454/454 453/453/453 456/456/456
f 456/456/456 453/453/453 455/455/455
f 456/456/456 455/455/455 458/458/458
f 458/458/458 455/455/455 457/457/457
f 458/458/458 457/457/457 460/460/460
f 460/460/460 457/457/457 459/459/459
f 460/460/460 459/459/459 462/462/462
f 462/462/462 459/459/459 461/461/461
f 462/462/462 461/461/461 464/464/464
f 464/464/464 461/461/461 463/463/463
f 464/464/464 463/463/463 466/466/466
f 466/466/466 463/463/463 465/465/465
f 466/466/466 465/465/465 468/468/468
f 468/468/468 465/465/465 467/467/467
f 468/468/468 467/467/467 470/470/470
f 470/470/470 467/467/467 469/469/469
f 470/470/470 469/469/469 430/430/430
f 430/430/430 469/469/469 428/428/428
f 428/428/428 469/469/469 422/422/422
f 428/428/428 422/422/422 425/425/425
f 378/378/378 380/380/380 434/434/434
f 434/434/434 380/380/380 385/385/385
f 434/434/434 385/385/385 431/431/431
f 431/431/431 385/385/385 387/387/387
f 431/431/431 387/387/387 435/435/435
f 435/435/435 387/387/387 389/389/389
f 435/435/435 389/389/389 437/437/437
f 437/437/437 389/389/389 391/391/391
f 437/437/437 391/391/391 439/439/439
f 439/439/439 391/391/391 393/393/393
f 439/439/439 393/393/393 441/441/441
f 441/441/441 393/393/393 395/395/395
f 441/441/441 395/395/395 443/443/443
f 443/443/443 395/395/395 396/396/396
f 443/443/443 396/396/396 445/445/445
f 445/445/445 396/396/396 398/398/398
f 445/445/445 398/398/398 447/447/447
f 447/447/447 398/398/398 400/400/400
f 447/447/447 400/400/400 449/449/449
f 449/449/449 400/400/400 403/403/403
f 449/449/449 403/403/403 451/451/451
f 451/451/451 403/403/403 404/404/404
f 451/451/451 404/404/404 453/453/453
f 453/453/453 404/404/404 406/406/406
f 453/453/453 406/406/406 455/455/455
f 455/455/455 406/406/406 408/408/408
f 455/455/455 408/408/408 457/457/457
f 457/457/457 408/408/408 410/410/410
f 457/457/457 410/410/410 459/459/459
f 459/459/459 410/410/410 412/412/412
f 459/459/459 412/412/412 461/461/461
f 461/461/461 412/412/412 415/415/415
f 461/461/461 415/415/415 463/463/463
f 463/463/463 415/415/415 417/417/417
f 463/463/463 417/417/417 465/465/465
f 465/465/465 417/417/417 419/419/419
f 465/465/465 419/419/419 467/467/467
f 467/467/467 419/419/419 421/421/421
f 467/467/467 421/421/421 469/469/469
f 469/469/469 421/421/421 422/422/422
f 380/380/380 382/382/382 385/385/385
f 430/430/430 354/354/354 470/470/470
f 470/470/470 354/354/354 351/351/351
f 470/470/470 351/351/351 350/350/350
f 350/350/350 348/348/348 470/470/470
f 470/470/470 348/348/348 346/346/346
f 470/470/470 346/346/346 344/344/344
f 344/344/344 342/342/342 470/470/470
f 470/470/470 342/342/342 468/468/468
f 342/342/342 340/340/340 468/468/468
f 468/468/468 340/340/340 128/128/128
f 468/468/468 128/128/128 126/126/126
f 468/468/468 126/126/126 466/466/466
f 466/466/466 126/126/126 124/124/124
f 466/466/466 124/124/124 121/121/121
f 466/466/466 121/121/121 464/464/464
f 464/464/464 121/121/121 119/119/119
f 464/464/464 119/119/119 117/117/117
f 464/464/464 117/117/117 462/462/462
f 462/462/462 117/117/117 115/115/115
f 462/462/462 115/115/115 114/114/114
f 462/462/462 114/114/114 460/460/460
f 460/460/460 114/114/114 111/111/111
f 460/460/460 111/111/111 458/458/458
f 458/458/458 111/111/111 110/110/110
f 458/458/458 110/110/110 108/108/108
f 458/458/458 108/108/108 456/456/456
f 456/456/456 108/108/108 105/105/105
f 456/456/456 105/105/105 103/103/103
f 456/456/456 103/103/103 454/454/454
f 454/454/454 103/103/103 101/101/101
f 454/454/454 101/101/101 99/99/99
f 454/454/454 99/99/99 452/452/452
f 452/452/452 99/99/99 98/98/98
f 452/452/452 98/98/98 96/96/96
f 452/452/452 96/96/96 450/450/450
f 450/450/450 96/96/96 93/93/93
f 450/450/450 93/93/93 91/91/91
f 450/450/450 91/91/91 448/448/448
f 448/448/448 91/91/91 89/89/89
f 448/448/448 89/89/89 87/87/87
f 448/448/448 87/87/87 446/446/446
f 446/446/446 87/87/87 85/85/85
f 446/446/446 85/85/85 84/84/84
f 446/446/446 84/84/84 444/444/444
f 444/444/444 84/84/84 81/81/81
f 444/444/444 81/81/81 79/79/79
f 444/444/444 79/79/79 442/442/442
f 442/442/442 79/79/79 77/77/77
f 442/442/442 77/77/77 440/440/440
f 440/440/440 77/77/77 75/75/75
f 440/440/440 75/75/75 74/74/74
f 440/440/440 74/74/74 438/438/438
f 438/438/438 74/74/74 71/71/71
f 438/438/438 71/71/71 69/69/69
f 438/438/438 69/69/69 436/436/436
f 436/436/436 69/69/69 68/68/68
f 436/436/436 68/68/68 66/66/66
f 436/436/436 66/66/66 432/432/432
f 238/238/238 353/353/353 240/240/240
f 240/240/240 353/353/353 429/429/429
f 240/240/240 429/429/429 242/242/242
f 242/242/242 429/429/429 427/427/427
f 242/242/242 427/427/427 243/243/243
f 243/243/243 427/427/427 426/426/426
f 243/243/243 426/426/426 491/491/491
f 491/491/491 426/426/426 489/489/489
f 489/489/489 426/426/426 487/487/487
f 487/487/487 426/426/426 472/472/472
f 487/487/487 472/472/472 485/485/485
f 485/485/485 472/472/472 474/474/474
f 485/485/485 474/474/474 477/477/477
f 478/478/478 481/481/481 477/477/477
f 477/477/477 481/481/481 485/485/485
f 514/514/514 495/495/495 513/513/513
f 513/513/513 495/495/495 497/497/497
f 513/513/513 497/497/497 511/511/511
f 511/511/511 497/497/497 498/498/498
f 511/511/511 498/498/498 509/509/509
f 509/509/509 498/498/498 500/500/500
f 509/509/509 500/500/500 506/506/506
f 506/506/506 500/500/500 504/504/504
f 505/505/505 502/502/502 574/574/574
f 574/574/574 502/502/502 518/518/518
f 574/574/574 518/518/518 571/571/571
f 571/571/571 518/518/518 519/519/519
f 571/571/571 519/519/519 569/569/569
f 569/569/569 519/519/519 521/521/521
f 569/569/569 521/521/521 568/568/568
f 568/568/568 521/521/521 524/524/524
f 568/568/568 524/524/524 565/565/565
f 565/565/565 524/524/524 526/526/526
f 565/565/565 526/526/526 564/564/564
f 564/564/564 526/526/526 528/528/528
f 564/564/564 528/528/528 562/562/562
f 562/562/562 528/528/528 530/530/530
f 562/562/562 530/530/530 559/559/559
f 559/559/559 530/530/530 531/531/531
f 559/559/559 531/531/531 558/558/558
f 558/558/558 531/531/531 533/533/533
f 558/558/558 533/533/533 555/555/555
f 555/555/555 533/533/533 535/535/535
f 555/555/555 535/535/535 554/554/554
f 554/554/554 535/535/535 537/537/537
f 554/554/554 537/537/537 551/551/551
f 551/551/551 537/537/537 540/540/540
f 551/551/551 540/540/540 549/549/549
f 549/549/549 540/540/540 541/541/541
f 549/549/549 541/541/541 546/546/546
f 546/546/546 541/541/541 545/545/545
f 621/621/621 515/515/515 618/618/618
f 618/618/618 515/515/515 512/512/512
f 618/618/618 512/512/512 510/510/510
f 510/510/510 508/508/508 618/618/618
f 618/618/618 508/508/508 507/507/507
f 618/618/618 507/507/507 616/616/616
f 616/616/616 507/507/507 573/573/573
f 616/616/616 573/573/573 614/614/614
f 614/614/614 573/573/573 572/572/572
f 614/614/614 572/572/572 611/611/611
f 611/611/611 572/572/572 570/570/570
f 611/611/611 570/570/570 610/610/610
f 610/610/610 570/570/570 567/567/567
f 610/610/610 567/567/567 608/608/608
f 608/608/608 567/567/567 566/566/566
f 608/608/608 566/566/566 605/605/605
f 605/605/605 566/566/566 563/563/563
f 605/605/605 563/563/563 603/603/603
f 603/603/603 563/563/563 601/601/601
f 601/601/601 563/563/563 561/561/561
f 601/601/601 561/561/561 599/599/599
f 599/599/599 561/561/561 598/598/598
f 598/598/598 561/561/561 560/560/560
f 598/598/598 560/560/560 596/596/596
f 596/596/596 560/560/560 594/594/594
f 594/594/594 560/560/560 557/557/557
f 594/594/594 557/557/557 592/592/592
f 592/592/592 557/557/557 556/556/556
f 592/592/592 556/556/556 590/590/590
f 590/590/590 556/556/556 553/553/553
f 590/590/590 553/553/553 588/588/588
f 588/588/588 553/553/553 552/552/552
f 588/588/588 552/552/552 586/586/586
f 586/586/586 552/552/552 550/550/550
f 586/586/586 550/550/550 584/584/584
f 584/584/584 550/550/550 548/548/548
f 584/584/584 548/548/548 582/582/582
f 582/582/582 548/548/548 575/575/575
f 582/582/582 575/575/575 578/578/578
f 578/578/578 579/579/579 582/582/582
f 582/582/582 579/579/579 480/480/480
f 582/582/582 480/480/480 475/475/475
f 547/547/547 543/543/543 576/576/576
f 576/576/576 543/543/543 622/622/622
f 576/576/576 622/622/622 577/577/577
f 577/577/577 622/622/622 624/624/624
f 577/577/577 624/624/624 580/580/580
f 580/580/580 624/624/624 627/627/627
f 580/580/580 627/627/627 479/479/479
f 479/479/479 627/627/627 482/482/482
f 501/501/501 632/632/632 503/503/503
f 503/503/503 632/632/632 633/633/633
f 503/503/503 633/633/633 517/517/517
f 517/517/517 633/633/633 635/635/635
f 517/517/517 635/635/635 520/520/520
f 520/520/520 635/635/635 637/637/637
f 520/520/520 637/637/637 522/522/522
f 522/522/522 637/637/637 639/639/639
f 522/522/522 639/639/639 523/523/523
f 523/523/523 639/639/639 642/642/642
f 523/523/523 642/642/642 525/525/525
f 525/525/525 642/642/642 644/644/644
f 525/525/525 644/644/644 527/527/527
f 527/527/527 644/644/644 645/645/645
f 527/527/527 645/645/645 648/648/648
f 501/501/501 499/499/499 632/632/632
f 632/632/632 499/499/499 496/496/496
f 632/632/632 496/496/496 494/494/494
f 494/494/494 629/629/629 632/632/632
f 527/527/527 648/648/648 529/529/529
f 529/529/529 648/648/648 650/650/650
f 529/529/529 650/650/650 651/651/651
f 529/529/529 651/651/651 532/532/532
f 532/532/532 651/651/651 654/654/654
f 532/532/532 654/654/654 655/655/655
f 532/532/532 655/655/655 534/534/534
f 534/534/534 655/655/655 657/657/657
f 534/534/534 657/657/657 536/536/536
f 536/536/536 657/657/657 659/659/659
f 536/536/536 659/659/659 538/538/538
f 538/538/538 659/659/659 661/661/661
f 538/538/538 661/661/661 539/539/539
f 539/539/539 661/661/661 664/664/664
f 539/539/539 664/664/664 542/542/542
f 542/542/542 664/664/664 665/665/665
f 542/542/542 665/665/665 544/544/544
f 544/544/544 665/665/665 667/667/667
f 544/544/544 667/667/667 623/623/623
f 623/623/623 667/667/667 625/625/625
f 625/625/625 667/667/667 626/626/626
f 626/626/626 667/667/667 483/483/483
f 483/483/483 667/667/667 484/484/484
f 383/383/383 670/670/670 384/384/384
f 384/384/384 670/670/670 674/674/674
f 384/384/384 674/674/674 386/386/386
f 386/386/386 674/674/674 676/676/676
f 386/386/386 676/676/676 388/388/388
f 388/388/388 676/676/676 678/678/678
f 388/388/388 678/678/678 390/390/390
f 390/390/390 678/678/678 680/680/680
f 390/390/390 680/680/680 392/392/392
f 392/392/392 680/680/680 682/682/682
f 392/392/392 682/682/682 394/394/394
f 394/394/394 682/682/682 684/684/684
f 394/394/394 684/684/684 397/397/397
f 397/397/397 684/684/684 686/686/686
f 397/397/397 686/686/686 399/399/399
f 399/399/399 686/686/686 688/688/688
f 399/399/399 688/688/688 401/401/401
f 401/401/401 688/688/688 690/690/690
f 401/401/401 690/690/690 402/402/402
f 402/402/402 690/690/690 692/692/692
f 402/402/402 692/692/692 405/405/405
f 405/405/405 692/692/692 694/694/694
f 405/405/405 694/694/694 407/407/407
f 407/407/407 694/694/694 696/696/696
f 407/407/407 696/696/696 409/409/409
f 409/409/409 696/696/696 698/698/698
f 409/409/409 698/698/698 411/411/411
f 411/411/411 698/698/698 700/700/700
f 411/411/411 700/700/700 413/413/413
f 413/413/413 700/700/700 702/702/702
f 413/413/413 702/702/702 414/414/414
f 414/414/414 702/702/702 704/704/704
f 414/414/414 704/704/704 416/416/416
f 416/416/416 704/704/704 706/706/706
f 416/416/416 706/706/706 418/418/418
f 418/418/418 706/706/706 708/708/708
f 418/418/418 708/708/708 420/420/420
f 420/420/420 708/708/708 710/710/710
f 420/420/420 710/710/710 423/423/423
f 423/423/423 710/710/710 712/712/712
f 423/423/423 712/712/712 424/424/424
f 424/424/424 712/712/712 471/471/471
f 471/471/471 712/712/712 711/711/711
f 471/471/471 711/711/711 473/473/473
f 473/473/473 711/711/711 476/476/476
f 476/476/476 711/711/711 581/581/581
f 581/581/581 711/711/711 709/709/709
f 581/581/581 709/709/709 583/583/583
f 583/583/583 709/709/709 707/707/707
f 583/583/583 707/707/707 585/585/585
f 585/585/585 707/707/707 705/705/705
f 585/585/585 705/705/705 587/587/587
f 587/587/587 705/705/705 703/703/703
f 587/587/587 703/703/703 589/589/589
f 589/589/589 703/703/703 701/701/701
f 589/589/589 701/701/701 591/591/591
f 591/591/591 701/701/701 699/699/699
f 591/591/591 699/699/699 593/593/593
f 593/593/593 699/699/699 697/697/697
f 593/593/593 697/697/697 595/595/595
f 595/595/595 697/697/697 695/695/695
f 595/595/595 695/695/695 597/597/597
f 597/597/597 695/695/695 693/693/693
f 597/597/597 693/693/693 600/600/600
f 600/600/600 693/693/693 691/691/691
f 600/600/600 691/691/691 602/602/602
f 602/602/602 691/691/691 689/689/689
f 602/602/602 689/689/689 604/604/604
f 604/604/604 689/689/689 687/687/687
f 604/604/604 687/687/687 606/606/606
f 606/606/606 687/687/687 685/685/685
f 606/606/606 685/685/685 607/607/607
f 607/607/607 685/685/685 683/683/683
f 607/607/607 683/683/683 609/609/609
f 609/609/609 683/683/683 681/681/681
f 609/609/609 681/681/681 612/612/612
f 612/612/612 681/681/681 679/679/679
f 612/612/612 679/679/679 613/613/613
f 613/613/613 679/679/679 677/677/677
f 613/613/613 677/677/677 615/615/615
f 615/615/615 677/677/677 675/675/675
f 615/615/615 675/675/675 617/617/617
f 617/617/617 675/675/675 673/673/673
f 617/617/617 673/673/673 620/620/620
f 620/620/620 673/673/673 671/671/671
f 671/671/671 673/673/673 674/674/674
f 671/671/671 674/674/674 670/670/670
f 676/676/676 674/674/674 673/673/673
f 678/678/678 676/676/676 675/675/675
f 675/675/675 676/676/676 673/673/673
f 680/680/680 678/678/678 677/677/677
f 677/677/677 678/678/678 675/675/675
f 682/682/682 680/680/680 679/679/679
f 679/679/679 680/680/680 677/677/677
f 684/684/684 682/682/682 681/681/681
f 681/681/681 682/682/682 679/679/679
f 686/686/686 684/684/684 683/683/683
f 683/683/683 684/684/684 681/681/681
f 688/688/688 686/686/686 685/685/685
f 685/685/685 686/686/686 683/683/683
f 690/690/690 688/688/688 687/687/687
f 687/687/687 688/688/688 685/685/685
f 692/692/692 690/690/690 689/689/689
f 689/689/689 690/690/690 687/687/687
f 694/694/694 692/692/692 691/691/691
f 691/691/691 692/692/692 689/689/689
f 696/696/696 694/694/694 693/693/693
f 693/693/693 694/694/694 691/691/691
f 698/698/698 696/696/696 695/695/695
f 695/695/695 696/696/696 693/693/693
f 700/700/700 698/698/698 697/697/697
f 697/697/697 698/698/698 695/695/695
f 702/702/702 700/700/700 699/699/699
f 699/699/699 700/700/700 697/697/697
f 704/704/704 702/702/702 701/701/701
f 701/701/701 702/702/702 699/699/699
f 706/706/706 704/704/704 703/703/703
f 703/703/703 704/704/704 701/701/701
f 708/708/708 706/706/706 705/705/705
f 705/705/705 706/706/706 703/703/703
f 710/710/710 708/708/708 707/707/707
f 707/707/707 708/708/708 705/705/705
f 712/712/712 710/710/710 709/709/709
f 709/709/709 710/710/710 707/707/707
f 711/711/711 712/712/712 709/709/709
f 245/245/245 492/492/492 247/247/247
f 247/247/247 492/492/492 721/721/721
f 247/247/247 721/721/721 249/249/249
f 249/249/249 721/721/721 724/724/724
f 249/249/249 724/724/724 251/251/251
f 251/251/251 724/724/724 727/727/727
f 251/251/251 727/727/727 253/253/253
f 253/253/253 727/727/727 730/730/730
f 253/253/253 730/730/730 255/255/255
f 255/255/255 730/730/730 733/733/733
f 255/255/255 733/733/733 257/257/257
f 257/257/257 733/733/733 736/736/736
f 257/257/257 736/736/736 258/258/258
f 258/258/258 736/736/736 739/739/739
f 258/258/258 739/739/739 260/260/260
f 260/260/260 739/739/739 742/742/742
f 260/260/260 742/742/742 263/263/263
f 263/263/263 742/742/742 745/745/745
f 263/263/263 745/745/745 264/264/264
f 264/264/264 745/745/745 748/748/748
f 264/264/264 748/748/748 266/266/266
f 266/266/266 748/748/748 752/752/752
f 266/266/266 752/752/752 268/268/268
f 268/268/268 752/752/752 751/751/751
f 268/268/268 751/751/751 270/270/270
f 270/270/270 751/751/751 757/757/757
f 270/270/270 757/757/757 272/272/272
f 272/272/272 757/757/757 760/760/760
f 272/272/272 760/760/760 275/275/275
f 275/275/275 760/760/760 763/763/763
f 275/275/275 763/763/763 277/277/277
f 277/277/277 763/763/763 766/766/766
f 277/277/277 766/766/766 278/278/278
f 278/278/278 766/766/766 769/769/769
f 278/278/278 769/769/769 281/281/281
f 281/281/281 769/769/769 772/772/772
f 281/281/281 772/772/772 282/282/282
f 282/282/282 772/772/772 775/775/775
f 282/282/282 775/775/775 284/284/284
f 284/284/284 775/775/775 778/778/778
f 284/284/284 778/778/778 286/286/286
f 286/286/286 778/778/778 781/781/781
f 286/286/286 781/781/781 289/289/289
f 289/289/289 781/781/781 717/717/717
f 717/717/717 781/781/781 780/780/780
f 717/717/717 780/780/780 716/716/716
f 716/716/716 780/780/780 779/779/779
f 716/716/716 779/779/779 713/713/713
f 713/713/713 779/779/779 628/628/628
f 628/628/628 779/779/779 631/631/631
f 631/631/631 779/779/779 776/776/776
f 631/631/631 776/776/776 634/634/634
f 634/634/634 776/776/776 773/773/773
f 634/634/634 773/773/773 636/636/636
f 636/636/636 773/773/773 770/770/770
f 636/636/636 770/770/770 638/638/638
f 638/638/638 770/770/770 767/767/767
f 638/638/638 767/767/767 640/640/640
f 640/640/640 767/767/767 764/764/764
f 640/640/640 764/764/764 641/641/641
f 641/641/641 764/764/764 761/761/761
f 641/641/641 761/761/761 643/643/643
f 643/643/643 761/761/761 758/758/758
f 643/643/643 758/758/758 646/646/646
f 646/646/646 758/758/758 755/755/755
f 646/646/646 755/755/755 647/647/647
f 647/647/647 755/755/755 749/749/749
f 647/647/647 749/749/749 649/649/649
f 649/649/649 749/749/749 754/754/754
f 649/649/649 754/754/754 746/746/746
f 746/746/746 754/754/754 753/753/753
f 746/746/746 753/753/753 747/747/747
f 747/747/747 753/753/753 752/752/752
f 747/747/747 752/752/752 748/748/748
f 492/492/492 490/490/490 721/721/721
f 721/721/721 490/490/490 720/720/720
f 721/721/721 720/720/720 724/724/724
f 724/724/724 720/720/720 723/723/723
f 724/724/724 723/723/723 727/727/727
f 727/727/727 723/723/723 726/726/726
f 727/727/727 726/726/726 730/730/730
f 730/730/730 726/726/726 729/729/729
f 730/730/730 729/729/729 733/733/733
f 733/733/733 729/729/729 732/732/732
f 733/733/733 732/732/732 736/736/736
f 736/736/736 732/732/732 735/735/735
f 736/736/736 735/735/735 739/739/739
f 739/739/739 735/735/735 738/738/738
f 739/739/739 738/738/738 742/742/742
f 742/742/742 738/738/738 741/741/741
f 742/742/742 741/741/741 745/745/745
f 745/745/745 741/741/741 744/744/744
f 745/745/745 744/744/744 748/748/748
f 748/748/748 744/744/744 747/747/747
f 490/490/490 488/488/488 720/720/720
f 720/720/720 488/488/488 719/719/719
f 720/720/720 719/719/719 723/723/723
f 723/723/723 719/719/719 722/722/722
f 723/723/723 722/722/722 726/726/726
f 726/726/726 722/722/722 725/725/725
f 726/726/726 725/725/725 729/729/729
f 729/729/729 725/725/725 728/728/728
f 729/729/729 728/728/728 732/732/732
f 732/732/732 728/728/728 731/731/731
f 732/732/732 731/731/731 735/735/735
f 735/735/735 731/731/731 734/734/734
f 735/735/735 734/734/734 738/738/738
f 738/738/738 734/734/734 737/737/737
f 738/738/738 737/737/737 741/741/741
f 741/741/741 737/737/737 740/740/740
f 741/741/741 740/740/740 744/744/744
f 744/744/744 740/740/740 743/743/743
f 744/744/744 743/743/743 747/747/747
f 747/747/747 743/743/743 746/746/746
f 488/488/488 486/486/486 719/719/719
f 719/719/719 486/486/486 668/668/668
f 719/719/719 668/668/668 722/722/722
f 722/722/722 668/668/668 666/666/666
f 722/722/722 666/666/666 725/725/725
f 725/725/725 666/666/666 663/663/663
f 725/725/725 663/663/663 728/728/728
f 728/728/728 663/663/663 662/662/662
f 728/728/728 662/662/662 731/731/731
f 731/731/731 662/662/662 660/660/660
f 731/731/731 660/660/660 734/734/734
f 734/734/734 660/660/660 658/658/658
f 734/734/734 658/658/658 737/737/737
f 737/737/737 658/658/658 656/656/656
f 737/737/737 656/656/656 740/740/740
f 740/740/740 656/656/656 653/653/653
f 740/740/740 653/653/653 743/743/743
f 743/743/743 653/653/653 652/652/652
f 743/743/743 652/652/652 746/746/746
f 746/746/746 652/652/652 649/649/649
f 753/753/753 754/754/754 750/750/750
f 750/750/750 754/754/754 749/749/749
f 750/750/750 749/749/749 756/756/756
f 756/756/756 749/749/749 755/755/755
f 756/756/756 755/755/755 759/759/759
f 759/759/759 755/755/755 758/758/758
f 759/759/759 758/758/758 762/762/762
f 762/762/762 758/758/758 761/761/761
f 762/762/762 761/761/761 765/765/765
f 765/765/765 761/761/761 764/764/764
f 765/765/765 764/764/764 768/768/768
f 768/768/768 764/764/764 767/767/767
f 768/768/768 767/767/767 771/771/771
f 771/771/771 767/767/767 770/770/770
f 771/771/771 770/770/770 774/774/774
f 774/774/774 770/770/770 773/773/773
f 774/774/774 773/773/773 777/777/777
f 777/777/777 773/773/773 776/776/776
f 777/777/777 776/776/776 780/780/780
f 780/780/780 776/776/776 779/779/779
f 752/752/752 753/753/753 751/751/751
f 751/751/751 753/753/753 750/750/750
f 751/751/751 750/750/750 757/757/757
f 757/757/757 750/750/750 756/756/756
f 757/757/757 756/756/756 760/760/760
f 760/760/760 756/756/756 759/759/759
f 760/760/760 759/759/759 763/763/763
f 763/763/763 759/759/759 762/762/762
f 763/763/763 762/762/762 766/766/766
f 766/766/766 762/762/762 765/765/765
f 766/766/766 765/765/765 769/769/769
f 769/769/769 765/765/765 768/768/768
f 769/769/769 768/768/768 772/772/772
f 772/772/772 768/768/768 771/771/771
f 772/772/772 771/771/771 775/775/775
f 775/775/775 771/771/771 774/774/774
f 775/775/775 774/774/774 778/778/778
f 778/778/778 774/774/774 777/777/777
f 778/778/778 777/777/777 781/781/781
f 781/781/781 777/777/777 780/780/780
f 22/22/22 293/293/293 23/23/23
f 23/23/23 293/293/293 377/377/377
f 377/377/377 293/293/293 291/291/291
f 377/377/377 291/291/291 379/379/379
f 379/379/379 291/291/291 288/288/288
f 379/379/379 288/288/288 381/381/381
f 381/381/381 288/288/288 718/718/718
f 381/381/381 718/718/718 715/715/715
f 715/715/715 714/714/714 381/381/381
f 381/381/381 714/714/714 669/669/669
f 669/669/669 714/714/714 630/630/630
f 669/669/669 630/630/630 672/672/672
f 672/672/672 630/630/630 619/619/619
f 619/619/619 630/630/630 493/493/493
f 619/619/619 493/493/493 516/516/516
f 824/824/824 783/783/783 827/827/827
f 827/827/827 783/783/783 786/786/786
f 827/827/827 786/786/786 833/833/833
f 833/833/833 786/786/786 788/788/788
f 833/833/833 788/788/788 832/832/832
f 832/832/832 788/788/788 790/790/790
f 832/832/832 790/790/790 791/791/791
f 832/832/832 791/791/791 831/831/831
f 831/831/831 791/791/791 793/793/793
f 831/831/831 793/793/793 830/830/830
f 830/830/830 793/793/793 795/795/795
f 830/830/830 795/795/795 829/829/829
f 829/829/829 795/795/795 797/797/797
f 829/829/829 797/797/797 828/828/828
f 828/828/828 797/797/797 799/799/799
f 828/828/828 799/799/799 835/835/835
f 835/835/835 799/799/799 834/834/834
f 835/835/835 834/834/834 845/845/845
f 845/845/845 834/834/834 826/826/826
f 845/845/845 826/826/826 807/807/807
f 807/807/807 826/826/826 804/804/804
f 804/804/804 826/826/826 802/802/802
f 802/802/802 826/826/826 834/834/834
f 802/802/802 834/834/834 799/799/799
f 807/807/807 810/810/810 845/845/845
f 845/845/845 810/810/810 844/844/844
f 845/845/845 844/844/844 835/835/835
f 835/835/835 844/844/844 836/836/836
f 835/835/835 836/836/836 828/828/828
f 828/828/828 836/836/836 829/829/829
f 810/810/810 812/812/812 844/844/844
f 844/844/844 812/812/812 843/843/843
f 844/844/844 843/843/843 836/836/836
f 836/836/836 843/843/843 837/837/837
f 836/836/836 837/837/837 829/829/829
f 829/829/829 837/837/837 830/830/830
f 812/812/812 813/813/813 843/843/843
f 843/843/843 813/813/813 842/842/842
f 843/843/843 842/842/842 837/837/837
f 837/837/837 842/842/842 838/838/838
f 837/837/837 838/838/838 830/830/830
f 830/830/830 838/838/838 831/831/831
f 813/813/813 815/815/815 842/842/842
f 842/842/842 815/815/815 817/817/817
f 842/842/842 817/817/817 841/841/841
f 841/841/841 817/817/817 819/819/819
f 841/841/841 819/819/819 840/840/840
f 840/840/840 819/819/819 822/822/822
f 840/840/840 822/822/822 824/824/824
f 840/840/840 824/824/824 827/827/827
f 827/827/827 833/833/833 832/832/832
f 832/832/832 831/831/831 839/839/839
f 839/839/839 831/831/831 838/838/838
f 839/839/839 838/838/838 841/841/841
f 841/841/841 838/838/838 842/842/842
f 840/840/840 827/827/827 839/839/839
f 839/839/839 827/827/827 832/832/832
f 840/840/840 839/839/839 841/841/841
f 974/974/974 805/805/805 976/976/976
f 976/976/976 805/805/805 801/801/801
f 976/976/976 801/801/801 847/847/847
f 847/847/847 848/848/848 976/976/976
f 976/976/976 848/848/848 977/977/977
f 976/976/976 977/977/977 974/974/974
f 974/974/974 977/977/977 972/972/972
f 972/972/972 977/977/977 978/978/978
f 972/972/972 978/978/978 970/970/970
f 970/970/970 978/978/978 969/969/969
f 969/969/969 978/978/978 979/979/979
f 969/969/969 979/979/979 967/967/967
f 967/967/967 979/979/979 980/980/980
f 967/967/967 980/980/980 965/965/965
f 965/965/965 980/980/980 981/981/981
f 965/965/965 981/981/981 963/963/963
f 963/963/963 981/981/981 982/982/982
f 963/963/963 982/982/982 960/960/960
f 960/960/960 982/982/982 983/983/983
f 960/960/960 983/983/983 958/958/958
f 958/958/958 983/983/983 957/957/957
f 957/957/957 983/983/983 984/984/984
f 957/957/957 984/984/984 954/954/954
f 954/954/954 984/984/984 985/985/985
f 954/954/954 985/985/985 952/952/952
f 952/952/952 985/985/985 986/986/986
f 952/952/952 986/986/986 950/950/950
f 950/950/950 986/986/986 987/987/987
f 950/950/950 987/987/987 949/949/949
f 949/949/949 987/987/987 988/988/988
f 949/949/949 988/988/988 947/947/947
f 947/947/947 988/988/988 989/989/989
f 947/947/947 989/989/989 945/945/945
f 945/945/945 989/989/989 942/942/942
f 942/942/942 989/989/989 990/990/990
f 942/942/942 990/990/990 941/941/941
f 941/941/941 990/990/990 991/991/991
f 941/941/941 991/991/991 938/938/938
f 938/938/938 991/991/991 992/992/992
f 938/938/938 992/992/992 937/937/937
f 937/937/937 992/992/992 993/993/993
f 937/937/937 993/993/993 934/934/934
f 934/934/934 993/993/993 994/994/994
f 934/934/934 994/994/994 932/932/932
f 932/932/932 994/994/994 995/995/995
f 932/932/932 995/995/995 931/931/931
f 931/931/931 995/995/995 929/929/929
f 929/929/929 995/995/995 996/996/996
f 929/929/929 996/996/996 927/927/927
f 927/927/927 996/996/996 997/997/997
f 927/927/927 997/997/997 924/924/924
f 924/924/924 997/997/997 998/998/998
f 924/924/924 998/998/998 922/922/922
f 922/922/922 998/998/998 999/999/999
f 922/922/922 999/999/999 920/920/920
f 920/920/920 999/999/999 1000/1000/1000
f 920/920/920 1000/1000/1000 918/918/918
f 918/918/918 1000/1000/1000 916/916/916
f 916/916/916 1000/1000/1000 1001/1001/1001
f 916/916/916 1001/1001/1001 915/915/915
f 915/915/915 1001/1001/1001 1002/1002/1002
f 915/915/915 1002/1002/1002 913/913/913
f 913/913/913 1002/1002/1002 910/910/910
f 910/910/910 1002/1002/1002 906/906/906
f 906/906/906 1002/1002/1002 904/904/904
f 904/904/904 1002/1002/1002 1001/1001/1001
f 904/904/904 1001/1001/1001 902/902/902
f 902/902/902 1001/1001/1001 1000/1000/1000
f 902/902/902 1000/1000/1000 900/900/900
f 900/900/900 1000/1000/1000 999/999/999
f 900/900/900 999/999/999 898/898/898
f 898/898/898 999/999/999 998/998/998
f 898/898/898 998/998/998 897/897/897
f 897/897/897 998/998/998 997/997/997
f 897/897/897 997/997/997 894/894/894
f 894/894/894 997/997/997 996/996/996
f 894/894/894 996/996/996 892/892/892
f 892/892/892 996/996/996 890/890/890
f 890/890/890 996/996/996 995/995/995
f 890/890/890 995/995/995 889/889/889
f 889/889/889 995/995/995 994/994/994
f 889/889/889 994/994/994 887/887/887
f 887/887/887 994/994/994 993/993/993
f 887/887/887 993/993/993 884/884/884
f 884/884/884 993/993/993 992/992/992
f 884/884/884 992/992/992 882/882/882
f 882/882/882 992/992/992 991/991/991
f 882/882/882 991/991/991 881/881/881
f 881/881/881 991/991/991 990/990/990
f 881/881/881 990/990/990 878/878/878
f 878/878/878 990/990/990 989/989/989
f 878/878/878 989/989/989 877/877/877
f 877/877/877 989/989/989 874/874/874
f 874/874/874 989/989/989 988/988/988
f 874/874/874 988/988/988 872/872/872
f 872/872/872 988/988/988 987/987/987
f 872/872/872 987/987/987 870/870/870
f 870/870/870 987/987/987 986/986/986
f 870/870/870 986/986/986 868/868/868
f 868/868/868 986/986/986 985/985/985
f 868/868/868 985/985/985 866/866/866
f 866/866/866 985/985/985 984/984/984
f 866/866/866 984/984/984 865/865/865
f 865/865/865 984/984/984 983/983/983
f 865/865/865 983/983/983 862/862/862
f 862/862/862 983/983/983 982/982/982
f 862/862/862 982/982/982 860/860/860
f 860/860/860 982/982/982 858/858/858
f 858/858/858 982/982/982 981/981/981
f 858/858/858 981/981/981 856/856/856
f 856/856/856 981/981/981 980/980/980
f 856/856/856 980/980/980 854/854/854
f 854/854/854 980/980/980 979/979/979
f 854/854/854 979/979/979 853/853/853
f 853/853/853 979/979/979 978/978/978
f 853/853/853 978/978/978 850/850/850
f 850/850/850 978/978/978 977/977/977
f 850/850/850 977/977/977 848/848/848
f 846/846/846 803/803/803 1077/1077/1077
f 1077/1077/1077 803/803/803 800/800/800
f 1077/1077/1077 800/800/800 1078/1078/1078
f 1078/1078/1078 800/800/800 798/798/798
f 1078/1078/1078 798/798/798 796/796/796
f 796/796/796 794/794/794 1078/1078/1078
f 1078/1078/1078 794/794/794 784/784/784
f 1078/1078/1078 784/784/784 1003/1003/1003
f 794/794/794 792/792/792 784/784/784
f 784/784/784 792/792/792 789/789/789
f 784/784/784 789/789/789 787/787/787
f 787/787/787 785/785/785 784/784/784
f 1078/1078/1078 1003/1003/1003 1079/1079/1079
f 1079/1079/1079 1003/1003/1003 1005/1005/1005
f 1079/1079/1079 1005/1005/1005 1011/1011/1011
f 1011/1011/1011 1005/1005/1005 1008/1008/1008
f 1079/1079/1079 1011/1011/1011 1076/1076/1076
f 1076/1076/1076 1011/1011/1011 1013/1013/1013
f 1076/1076/1076 1013/1013/1013 1080/1080/1080
f 1080/1080/1080 1013/1013/1013 1014/1014/1014
f 1080/1080/1080 1014/1014/1014 1082/1082/1082
f 1082/1082/1082 1014/1014/1014 1016/1016/1016
f 1082/1082/1082 1016/1016/1016 1084/1084/1084
f 1084/1084/1084 1016/1016/1016 1018/1018/1018
f 1084/1084/1084 1018/1018/1018 1086/1086/1086
f 1086/1086/1086 1018/1018/1018 1021/1021/1021
f 1086/1086/1086 1021/1021/1021 1088/1088/1088
f 1088/1088/1088 1021/1021/1021 1023/1023/1023
f 1088/1088/1088 1023/1023/1023 1090/1090/1090
f 1090/1090/1090 1023/1023/1023 1025/1025/1025
f 1090/1090/1090 1025/1025/1025 1092/1092/1092
f 1092/1092/1092 1025/1025/1025 1026/1026/1026
f 1092/1092/1092 1026/1026/1026 1094/1094/1094
f 1094/1094/1094 1026/1026/1026 1028/1028/1028
f 1094/1094/1094 1028/1028/1028 1096/1096/1096
f 1096/1096/1096 1028/1028/1028 1030/1030/1030
f 1096/1096/1096 1030/1030/1030 1098/1098/1098
f 1098/1098/1098 1030/1030/1030 1032/1032/1032
f 1098/1098/1098 1032/1032/1032 1100/1100/1100
f 1100/1100/1100 1032/1032/1032 1034/1034/1034
f 1100/1100/1100 1034/1034/1034 1102/1102/1102
f 1102/1102/1102 1034/1034/1034 1036/1036/1036
f 1102/1102/1102 1036/1036/1036 1104/1104/1104
f 1104/1104/1104 1036/1036/1036 1038/1038/1038
f 1104/1104/1104 1038/1038/1038 1106/1106/1106
f 1106/1106/1106 1038/1038/1038 1041/1041/1041
f 1106/1106/1106 1041/1041/1041 1108/1108/1108
f 1108/1108/1108 1041/1041/1041 1042/1042/1042
f 1108/1108/1108 1042/1042/1042 1110/1110/1110
f 1110/1110/1110 1042/1042/1042 1044/1044/1044
f 1110/1110/1110 1044/1044/1044 1112/1112/1112
f 1112/1112/1112 1044/1044/1044 1046/1046/1046
f 1112/1112/1112 1046/1046/1046 1114/1114/1114
f 1114/1114/1114 1046/1046/1046 1049/1049/1049
f 1114/1114/1114 1049/1049/1049 1116/1116/1116
f 1116/1116/1116 1049/1049/1049 1051/1051/1051
f 1116/1116/1116 1051/1051/1051 1118/1118/1118
f 1118/1118/1118 1051/1051/1051 1056/1056/1056
f 1118/1118/1118 1056/1056/1056 1057/1057/1057
f 1051/1051/1051 1052/1052/1052 1056/1056/1056
f 1118/1118/1118 1057/1057/1057 1119/1119/1119
f 1119/1119/1119 1057/1057/1057 1060/1060/1060
f 1119/1119/1119 1060/1060/1060 1063/1063/1063
f 1063/1063/1063 1065/1065/1065 1119/1119/1119
f 1119/1119/1119 1065/1065/1065 1067/1067/1067
f 1119/1119/1119 1067/1067/1067 1069/1069/1069
f 1069/1069/1069 1070/1070/1070 1119/1119/1119
f 1119/1119/1119 1070/1070/1070 1073/1073/1073
f 1119/1119/1119 1073/1073/1073 1117/1117/1117
f 1117/1117/1117 1073/1073/1073 1075/1075/1075
f 1117/1117/1117 1075/1075/1075 909/909/909
f 909/909/909 907/907/907 1117/1117/1117
f 1117/1117/1117 907/907/907 1115/1115/1115
f 1117/1117/1117 1115/1115/1115 1114/1114/1114
f 1114/1114/1114 1115/1115/1115 1112/1112/1112
f 907/907/907 905/905/905 1115/1115/1115
f 1115/1115/1115 905/905/905 903/903/903
f 1115/1115/1115 903/903/903 1113/1113/1113
f 1113/1113/1113 903/903/903 901/901/901
f 1113/1113/1113 901/901/901 1111/1111/1111
f 1111/1111/1111 901/901/901 899/899/899
f 1111/1111/1111 899/899/899 896/896/896
f 1111/1111/1111 896/896/896 1109/1109/1109
f 1109/1109/1109 896/896/896 895/895/895
f 1109/1109/1109 895/895/895 893/893/893
f 1109/1109/1109 893/893/893 1107/1107/1107
f 1107/1107/1107 893/893/893 891/891/891
f 1107/1107/1107 891/891/891 1105/1105/1105
f 1105/1105/1105 891/891/891 888/888/888
f 1105/1105/1105 888/888/888 886/886/886
f 1105/1105/1105 886/886/886 1103/1103/1103
f 1103/1103/1103 886/886/886 885/885/885
f 1103/1103/1103 885/885/885 883/883/883
f 1103/1103/1103 883/883/883 1101/1101/1101
f 1101/1101/1101 883/883/883 880/880/880
f 1101/1101/1101 880/880/880 1099/1099/1099
f 1099/1099/1099 880/880/880 879/879/879
f 1099/1099/1099 879/879/879 876/876/876
f 1099/1099/1099 876/876/876 1097/1097/1097
f 1097/1097/1097 876/876/876 875/875/875
f 1097/1097/1097 875/875/875 873/873/873
f 1097/1097/1097 873/873/873 1095/1095/1095
f 1095/1095/1095 873/873/873 871/871/871
f 1095/1095/1095 871/871/871 1093/1093/1093
f 1093/1093/1093 871/871/871 869/869/869
f 1093/1093/1093 869/869/869 867/867/867
f 1093/1093/1093 867/867/867 1091/1091/1091
f 1091/1091/1091 867/867/867 864/864/864
f 1091/1091/1091 864/864/864 863/863/863
f 1091/1091/1091 863/863/863 1089/1089/1089
f 1089/1089/1089 863/863/863 861/861/861
f 1089/1089/1089 861/861/861 1087/1087/1087
f 1087/1087/1087 861/861/861 859/859/859
f 1087/1087/1087 859/859/859 857/857/857
f 1087/1087/1087 857/857/857 1085/1085/1085
f 1085/1085/1085 857/857/857 855/855/855
f 1085/1085/1085 855/855/855 852/852/852
f 1085/1085/1085 852/852/852 1083/1083/1083
f 1083/1083/1083 852/852/852 851/851/851
f 1083/1083/1083 851/851/851 1081/1081/1081
f 1081/1081/1081 851/851/851 849/849/849
f 1081/1081/1081 849/849/849 846/846/846
f 1081/1081/1081 846/846/846 1077/1077/1077
f 1078/1078/1078 1079/1079/1079 1077/1077/1077
f 1077/1077/1077 1079/1079/1079 1076/1076/1076
f 1077/1077/1077 1076/1076/1076 1081/1081/1081
f 1081/1081/1081 1076/1076/1076 1080/1080/1080
f 1081/1081/1081 1080/1080/1080 1083/1083/1083
f 1083/1083/1083 1080/1080/1080 1082/1082/1082
f 1083/1083/1083 1082/1082/1082 1085/1085/1085
f 1085/1085/1085 1082/1082/1082 1084/1084/1084
f 1085/1085/1085 1084/1084/1084 1087/1087/1087
f 1087/1087/1087 1084/1084/1084 1086/1086/1086
f 1087/1087/1087 1086/1086/1086 1089/1089/1089
f 1089/1089/1089 1086/1086/1086 1088/1088/1088
f 1089/1089/1089 1088/1088/1088 1091/1091/1091
f 1091/1091/1091 1088/1088/1088 1090/1090/1090
f 1091/1091/1091 1090/1090/1090 1093/1093/1093
f 1093/1093/1093 1090/1090/1090 1092/1092/1092
f 1093/1093/1093 1092/1092/1092 1095/1095/1095
f 1095/1095/1095 1092/1092/1092 1094/1094/1094
f 1095/1095/1095 1094/1094/1094 1097/1097/1097
f 1097/1097/1097 1094/1094/1094 1096/1096/1096
f 1097/1097/1097 1096/1096/1096 1099/1099/1099
f 1099/1099/1099 1096/1096/1096 1098/1098/1098
f 1099/1099/1099 1098/1098/1098 1101/1101/1101
f 1101/1101/1101 1098/1098/1098 1100/1100/1100
f 1101/1101/1101 1100/1100/1100 1103/1103/1103
f 1103/1103/1103 1100/1100/1100 1102/1102/1102
f 1103/1103/1103 1102/1102/1102 1105/1105/1105
f 1105/1105/1105 1102/1102/1102 1104/1104/1104
f 1105/1105/1105 1104/1104/1104 1107/1107/1107
f 1107/1107/1107 1104/1104/1104 1106/1106/1106
f 1107/1107/1107 1106/1106/1106 1109/1109/1109
f 1109/1109/1109 1106/1106/1106 1108/1108/1108
f 1109/1109/1109 1108/1108/1108 1111/1111/1111
f 1111/1111/1111 1108/1108/1108 1110/1110/1110
f 1111/1111/1111 1110/1110/1110 1113/1113/1113
f 1113/1113/1113 1110/1110/1110 1112/1112/1112
f 1113/1113/1113 1112/1112/1112 1115/1115/1115
f 1119/1119/1119 1117/1117/1117 1116/1116/1116
f 1116/1116/1116 1117/1117/1117 1114/1114/1114
f 1118/1118/1118 1119/1119/1119 1116/1116/1116
f 1074/1074/1074 1144/1144/1144 908/908/908
f 908/908/908 1144/1144/1144 1138/1138/1138
f 908/908/908 1138/1138/1138 1135/1135/1135
f 1135/1135/1135 1138/1138/1138 1134/1134/1134
f 1134/1134/1134 1138/1138/1138 1152/1152/1152
f 1134/1134/1134 1152/1152/1152 1131/1131/1131
f 1131/1131/1131 1152/1152/1152 1153/1153/1153
f 1131/1131/1131 1153/1153/1153 1130/1130/1130
f 1130/1130/1130 1153/1153/1153 1154/1154/1154
f 1130/1130/1130 1154/1154/1154 1127/1127/1127
f 1127/1127/1127 1154/1154/1154 1155/1155/1155
f 1127/1127/1127 1155/1155/1155 1125/1125/1125
f 1125/1125/1125 1155/1155/1155 1156/1156/1156
f 1125/1125/1125 1156/1156/1156 1157/1157/1157
f 1157/1157/1157 1156/1156/1156 1137/1137/1137
f 1157/1157/1157 1137/1137/1137 1123/1123/1123
f 1123/1123/1123 1137/1137/1137 1150/1150/1150
f 1123/1123/1123 1150/1150/1150 1061/1061/1061
f 1061/1061/1061 1150/1150/1150 1062/1062/1062
f 1062/1062/1062 1150/1150/1150 1149/1149/1149
f 1062/1062/1062 1149/1149/1149 1064/1064/1064
f 1064/1064/1064 1149/1149/1149 1148/1148/1148
f 1064/1064/1064 1148/1148/1148 1066/1066/1066
f 1066/1066/1066 1148/1148/1148 1147/1147/1147
f 1066/1066/1066 1147/1147/1147 1146/1146/1146
f 1146/1146/1146 1147/1147/1147 1142/1142/1142
f 1146/1146/1146 1142/1142/1142 1143/1143/1143
f 1143/1143/1143 1142/1142/1142 1152/1152/1152
f 1143/1143/1143 1152/1152/1152 1138/1138/1138
f 1144/1144/1144 1074/1074/1074 1151/1151/1151
f 1151/1151/1151 1074/1074/1074 1072/1072/1072
f 1151/1151/1151 1072/1072/1072 1144/1144/1144
f 1144/1144/1144 1072/1072/1072 1143/1143/1143
f 1144/1144/1144 1143/1143/1143 1138/1138/1138
f 1143/1143/1143 1072/1072/1072 1145/1145/1145
f 1145/1145/1145 1072/1072/1072 1071/1071/1071
f 1145/1145/1145 1071/1071/1071 1068/1068/1068
f 1145/1145/1145 1068/1068/1068 1146/1146/1146
f 1146/1146/1146 1068/1068/1068 1066/1066/1066
f 1061/1061/1061 1122/1122/1122 1123/1123/1123
f 1123/1123/1123 1125/1125/1125 1157/1157/1157
f 1135/1135/1135 912/912/912 908/908/908
f 1149/1149/1149 1150/1150/1150 1139/1139/1139
f 1139/1139/1139 1150/1150/1150 1137/1137/1137
f 1139/1139/1139 1137/1137/1137 1156/1156/1156
f 1148/1148/1148 1149/1149/1149 1140/1140/1140
f 1140/1140/1140 1149/1149/1149 1139/1139/1139
f 1140/1140/1140 1139/1139/1139 1155/1155/1155
f 1155/1155/1155 1139/1139/1139 1156/1156/1156
f 1147/1147/1147 1148/1148/1148 1141/1141/1141
f 1141/1141/1141 1148/1148/1148 1140/1140/1140
f 1141/1141/1141 1140/1140/1140 1154/1154/1154
f 1154/1154/1154 1140/1140/1140 1155/1155/1155
f 1147/1147/1147 1141/1141/1141 1142/1142/1142
f 1142/1142/1142 1141/1141/1141 1153/1153/1153
f 1142/1142/1142 1153/1153/1153 1152/1152/1152
f 1153/1153/1153 1141/1141/1141 1154/1154/1154
f 1145/1145/1145 1146/1146/1146 1143/1143/1143
f 825/825/825 821/821/821 1210/1210/1210
f 1210/1210/1210 821/821/821 1212/1212/1212
f 1210/1210/1210 1212/1212/1212 1213/1213/1213
f 1213/1213/1213 1212/1212/1212 1215/1215/1215
f 1213/1213/1213 1215/1215/1215 1202/1202/1202
f 1202/1202/1202 1215/1215/1215 1199/1199/1199
f 1199/1199/1199 1215/1215/1215 1217/1217/1217
f 1199/1199/1199 1217/1217/1217 1197/1197/1197
f 1197/1197/1197 1217/1217/1217 1219/1219/1219
f 1197/1197/1197 1219/1219/1219 1195/1195/1195
f 1195/1195/1195 1219/1219/1219 1221/1221/1221
f 1195/1195/1195 1221/1221/1221 1194/1194/1194
f 1194/1194/1194 1221/1221/1221 1223/1223/1223
f 1194/1194/1194 1223/1223/1223 1192/1192/1192
f 1192/1192/1192 1223/1223/1223 1225/1225/1225
f 1192/1192/1192 1225/1225/1225 1190/1190/1190
f 1190/1190/1190 1225/1225/1225 1227/1227/1227
f 1190/1190/1190 1227/1227/1227 1188/1188/1188
f 1188/1188/1188 1227/1227/1227 1229/1229/1229
f 1188/1188/1188 1229/1229/1229 1185/1185/1185
f 1185/1185/1185 1229/1229/1229 1231/1231/1231
f 1185/1185/1185 1231/1231/1231 1183/1183/1183
f 1183/1183/1183 1231/1231/1231 1233/1233/1233
f 1183/1183/1183 1233/1233/1233 1181/1181/1181
f 1181/1181/1181 1233/1233/1233 1235/1235/1235
f 1181/1181/1181 1235/1235/1235 1179/1179/1179
f 1179/1179/1179 1235/1235/1235 1237/1237/1237
f 1179/1179/1179 1237/1237/1237 1177/1177/1177
f 1177/1177/1177 1237/1237/1237 1239/1239/1239
f 1177/1177/1177 1239/1239/1239 1176/1176/1176
f 1176/1176/1176 1239/1239/1239 1241/1241/1241
f 1176/1176/1176 1241/1241/1241 1174/1174/1174
f 1174/1174/1174 1241/1241/1241 1243/1243/1243
f 1174/1174/1174 1243/1243/1243 1172/1172/1172
f 1172/1172/1172 1243/1243/1243 1245/1245/1245
f 1172/1172/1172 1245/1245/1245 1170/1170/1170
f 1170/1170/1170 1245/1245/1245 1247/1247/1247
f 1170/1170/1170 1247/1247/1247 1168/1168/1168
f 1168/1168/1168 1247/1247/1247 1249/1249/1249
f 1168/1168/1168 1249/1249/1249 1165/1165/1165
f 1165/1165/1165 1249/1249/1249 1251/1251/1251
f 1165/1165/1165 1251/1251/1251 1160/1160/1160
f 1160/1160/1160 1251/1251/1251 1158/1158/1158
f 1158/1158/1158 1251/1251/1251 1250/1250/1250
f 1158/1158/1158 1250/1250/1250 1124/1124/1124
f 1124/1124/1124 1250/1250/1250 1126/1126/1126
f 1126/1126/1126 1250/1250/1250 1128/1128/1128
f 1128/1128/1128 1250/1250/1250 1129/1129/1129
f 1129/1129/1129 1250/1250/1250 1132/1132/1132
f 1132/1132/1132 1250/1250/1250 1133/1133/1133
f 1133/1133/1133 1250/1250/1250 1248/1248/1248
f 1133/1133/1133 1248/1248/1248 1136/1136/1136
f 1136/1136/1136 1248/1248/1248 911/911/911
f 911/911/911 1248/1248/1248 914/914/914
f 914/914/914 1248/1248/1248 1246/1246/1246
f 914/914/914 1246/1246/1246 917/917/917
f 917/917/917 1246/1246/1246 919/919/919
f 919/919/919 1246/1246/1246 1244/1244/1244
f 919/919/919 1244/1244/1244 921/921/921
f 921/921/921 1244/1244/1244 923/923/923
f 923/923/923 1244/1244/1244 1242/1242/1242
f 923/923/923 1242/1242/1242 925/925/925
f 925/925/925 1242/1242/1242 926/926/926
f 926/926/926 1242/1242/1242 1240/1240/1240
f 926/926/926 1240/1240/1240 928/928/928
f 928/928/928 1240/1240/1240 1238/1238/1238
f 928/928/928 1238/1238/1238 930/930/930
f 930/930/930 1238/1238/1238 933/933/933
f 933/933/933 1238/1238/1238 1236/1236/1236
f 933/933/933 1236/1236/1236 935/935/935
f 935/935/935 1236/1236/1236 936/936/936
f 936/936/936 1236/1236/1236 1234/1234/1234
f 936/936/936 1234/1234/1234 939/939/939
f 939/939/939 1234/1234/1234 940/940/940
f 940/940/940 1234/1234/1234 1232/1232/1232
f 940/940/940 1232/1232/1232 943/943/943
f 943/943/943 1232/1232/1232 944/944/944
f 944/944/944 1232/1232/1232 1230/1230/1230
f 944/944/944 1230/1230/1230 946/946/946
f 946/946/946 1230/1230/1230 948/948/948
f 948/948/948 1230/1230/1230 1228/1228/1228
f 948/948/948 1228/1228/1228 951/951/951
f 951/951/951 1228/1228/1228 953/953/953
f 953/953/953 1228/1228/1228 1226/1226/1226
f 953/953/953 1226/1226/1226 955/955/955
f 955/955/955 1226/1226/1226 956/956/956
f 956/956/956 1226/1226/1226 1224/1224/1224
f 956/956/956 1224/1224/1224 959/959/959
f 959/959/959 1224/1224/1224 961/961/961
f 961/961/961 1224/1224/1224 1222/1222/1222
f 961/961/961 1222/1222/1222 962/962/962
f 962/962/962 1222/1222/1222 1220/1220/1220
f 962/962/962 1220/1220/1220 964/964/964
f 964/964/964 1220/1220/1220 966/966/966
f 966/966/966 1220/1220/1220 1218/1218/1218
f 966/966/966 1218/1218/1218 968/968/968
f 968/968/968 1218/1218/1218 971/971/971
f 971/971/971 1218/1218/1218 1216/1216/1216
f 971/971/971 1216/1216/1216 973/973/973
f 973/973/973 1216/1216/1216 975/975/975
f 975/975/975 1216/1216/1216 1214/1214/1214
f 975/975/975 1214/1214/1214 806/806/806
f 806/806/806 1214/1214/1214 808/808/808
f 808/808/808 1214/1214/1214 1212/1212/1212
f 808/808/808 1212/1212/1212 809/809/809
f 809/809/809 1212/1212/1212 811/811/811
f 811/811/811 1212/1212/1212 814/814/814
f 814/814/814 1212/1212/1212 821/821/821
f 814/814/814 821/821/821 816/816/816
f 816/816/816 821/821/821 818/818/818
f 818/818/818 821/821/821 820/820/820
f 1124/1124/1124 1120/1120/1120 1158/1158/1158
f 1160/1160/1160 1162/1162/1162 1165/1165/1165
f 1202/1202/1202 1203/1203/1203 1213/1213/1213
f 1213/1213/1213 1203/1203/1203 1208/1208/1208
f 1213/1213/1213 1208/1208/1208 1210/1210/1210
f 1203/1203/1203 1207/1207/1207 1208/1208/1208
f 1217/1217/1217 1215/1215/1215 1214/1214/1214
f 1214/1214/1214 1215/1215/1215 1212/1212/1212
f 1219/1219/1219 1217/1217/1217 1216/1216/1216
f 1216/1216/1216 1217/1217/1217 1214/1214/1214
f 1221/1221/1221 1219/1219/1219 1218/1218/1218
f 1218/1218/1218 1219/1219/1219 1216/1216/1216
f 1223/1223/1223 1221/1221/1221 1220/1220/1220
f 1220/1220/1220 1221/1221/1221 1218/1218/1218
f 1225/1225/1225 1223/1223/1223 1222/1222/1222
f 1222/1222/1222 1223/1223/1223 1220/1220/1220
f 1227/1227/1227 1225/1225/1225 1224/1224/1224
f 1224/1224/1224 1225/1225/1225 1222/1222/1222
f 1229/1229/1229 1227/1227/1227 1226/1226/1226
f 1226/1226/1226 1227/1227/1227 1224/1224/1224
f 1231/1231/1231 1229/1229/1229 1228/1228/1228
f 1228/1228/1228 1229/1229/1229 1226/1226/1226
f 1233/1233/1233 1231/1231/1231 1230/1230/1230
f 1230/1230/1230 1231/1231/1231 1228/1228/1228
f 1235/1235/1235 1233/1233/1233 1232/1232/1232
f 1232/1232/1232 1233/1233/1233 1230/1230/1230
f 1237/1237/1237 1235/1235/1235 1234/1234/1234
f 1234/1234/1234 1235/1235/1235 1232/1232/1232
f 1239/1239/1239 1237/1237/1237 1236/1236/1236
f 1236/1236/1236 1237/1237/1237 1234/1234/1234
f 1241/1241/1241 1239/1239/1239 1238/1238/1238
f 1238/1238/1238 1239/1239/1239 1236/1236/1236
f 1243/1243/1243 1241/1241/1241 1240/1240/1240
f 1240/1240/1240 1241/1241/1241 1238/1238/1238
f 1245/1245/1245 1243/1243/1243 1242/1242/1242
f 1242/1242/1242 1243/1243/1243 1240/1240/1240
f 1247/1247/1247 1245/1245/1245 1244/1244/1244
f 1244/1244/1244 1245/1245/1245 1242/1242/1242
f 1249/1249/1249 1247/1247/1247 1246/1246/1246
f 1246/1246/1246 1247/1247/1247 1244/1244/1244
f 1251/1251/1251 1249/1249/1249 1248/1248/1248
f 1248/1248/1248 1249/1249/1249 1246/1246/1246
f 1250/1250/1250 1251/1251/1251 1248/1248/1248
f 1059/1059/1059 1058/1058/1058 1121/1121/1121
f 1121/1121/1121 1058/1058/1058 1159/1159/1159
f 1159/1159/1159 1058/1058/1058 1055/1055/1055
f 1159/1159/1159 1055/1055/1055 1161/1161/1161
f 1161/1161/1161 1055/1055/1055 1054/1054/1054
f 1161/1161/1161 1054/1054/1054 1164/1164/1164
f 1164/1164/1164 1054/1054/1054 1253/1253/1253
f 1164/1164/1164 1253/1253/1253 1255/1255/1255
f 1255/1255/1255 1256/1256/1256 1164/1164/1164
f 1164/1164/1164 1256/1256/1256 1272/1272/1272
f 1272/1272/1272 1256/1256/1256 1260/1260/1260
f 1272/1272/1272 1260/1260/1260 1270/1270/1270
f 1270/1270/1270 1260/1260/1260 1269/1269/1269
f 1269/1269/1269 1260/1260/1260 1262/1262/1262
f 1269/1269/1269 1262/1262/1262 1266/1266/1266
f 1296/1296/1296 1274/1274/1274 1293/1293/1293
f 1293/1293/1293 1274/1274/1274 1278/1278/1278
f 1293/1293/1293 1278/1278/1278 1292/1292/1292
f 1292/1292/1292 1278/1278/1278 1280/1280/1280
f 1292/1292/1292 1280/1280/1280 1290/1290/1290
f 1290/1290/1290 1280/1280/1280 1281/1281/1281
f 1290/1290/1290 1281/1281/1281 1287/1287/1287
f 1287/1287/1287 1281/1281/1281 1283/1283/1283
f 1275/1275/1275 1297/1297/1297 1354/1354/1354
f 1354/1354/1354 1297/1297/1297 1298/1298/1298
f 1354/1354/1354 1298/1298/1298 1353/1353/1353
f 1353/1353/1353 1298/1298/1298 1300/1300/1300
f 1353/1353/1353 1300/1300/1300 1351/1351/1351
f 1351/1351/1351 1300/1300/1300 1302/1302/1302
f 1351/1351/1351 1302/1302/1302 1348/1348/1348
f 1348/1348/1348 1302/1302/1302 1304/1304/1304
f 1348/1348/1348 1304/1304/1304 1347/1347/1347
f 1347/1347/1347 1304/1304/1304 1307/1307/1307
f 1347/1347/1347 1307/1307/1307 1344/1344/1344
f 1344/1344/1344 1307/1307/1307 1308/1308/1308
f 1344/1344/1344 1308/1308/1308 1342/1342/1342
f 1342/1342/1342 1308/1308/1308 1311/1311/1311
f 1342/1342/1342 1311/1311/1311 1340/1340/1340
f 1340/1340/1340 1311/1311/1311 1313/1313/1313
f 1340/1340/1340 1313/1313/1313 1339/1339/1339
f 1339/1339/1339 1313/1313/1313 1314/1314/1314
f 1339/1339/1339 1314/1314/1314 1337/1337/1337
f 1337/1337/1337 1314/1314/1314 1316/1316/1316
f 1337/1337/1337 1316/1316/1316 1335/1335/1335
f 1335/1335/1335 1316/1316/1316 1318/1318/1318
f 1335/1335/1335 1318/1318/1318 1332/1332/1332
f 1332/1332/1332 1318/1318/1318 1321/1321/1321
f 1332/1332/1332 1321/1321/1321 1331/1331/1331
f 1331/1331/1331 1321/1321/1321 1323/1323/1323
f 1331/1331/1331 1323/1323/1323 1327/1327/1327
f 1327/1327/1327 1323/1323/1323 1326/1326/1326
f 1294/1294/1294 1359/1359/1359 1295/1295/1295
f 1295/1295/1295 1359/1359/1359 1361/1361/1361
f 1295/1295/1295 1361/1361/1361 1299/1299/1299
f 1299/1299/1299 1361/1361/1361 1363/1363/1363
f 1299/1299/1299 1363/1363/1363 1301/1301/1301
f 1301/1301/1301 1363/1363/1363 1366/1366/1366
f 1301/1301/1301 1366/1366/1366 1303/1303/1303
f 1303/1303/1303 1366/1366/1366 1367/1367/1367
f 1303/1303/1303 1367/1367/1367 1305/1305/1305
f 1305/1305/1305 1367/1367/1367 1370/1370/1370
f 1305/1305/1305 1370/1370/1370 1306/1306/1306
f 1306/1306/1306 1370/1370/1370 1371/1371/1371
f 1306/1306/1306 1371/1371/1371 1309/1309/1309
f 1309/1309/1309 1371/1371/1371 1373/1373/1373
f 1309/1309/1309 1373/1373/1373 1375/1375/1375
f 1294/1294/1294 1291/1291/1291 1359/1359/1359
f 1359/1359/1359 1291/1291/1291 1289/1289/1289
f 1359/1359/1359 1289/1289/1289 1288/1288/1288
f 1288/1288/1288 1358/1358/1358 1359/1359/1359
f 1309/1309/1309 1375/1375/1375 1310/1310/1310
f 1310/1310/1310 1375/1375/1375 1378/1378/1378
f 1310/1310/1310 1378/1378/1378 1379/1379/1379
f 1310/1310/1310 1379/1379/1379 1312/1312/1312
f 1312/1312/1312 1379/1379/1379 1381/1381/1381
f 1312/1312/1312 1381/1381/1381 1383/1383/1383
f 1312/1312/1312 1383/1383/1383 1315/1315/1315
f 1315/1315/1315 1383/1383/1383 1386/1386/1386
f 1315/1315/1315 1386/1386/1386 1317/1317/1317
f 1317/1317/1317 1386/1386/1386 1387/1387/1387
f 1317/1317/1317 1387/1387/1387 1319/1319/1319
f 1319/1319/1319 1387/1387/1387 1389/1389/1389
f 1319/1319/1319 1389/1389/1389 1320/1320/1320
f 1320/1320/1320 1389/1389/1389 1392/1392/1392
f 1320/1320/1320 1392/1392/1392 1322/1322/1322
f 1322/1322/1322 1392/1392/1392 1394/1394/1394
f 1322/1322/1322 1394/1394/1394 1325/1325/1325
f 1325/1325/1325 1394/1394/1394 1396/1396/1396
f 1325/1325/1325 1396/1396/1396 1402/1402/1402
f 1402/1402/1402 1396/1396/1396 1399/1399/1399
f 1399/1399/1399 1396/1396/1396 1398/1398/1398
f 1398/1398/1398 1396/1396/1396 1264/1264/1264
f 1264/1264/1264 1396/1396/1396 1268/1268/1268
f 1265/1265/1265 1263/1263/1263 1397/1397/1397
f 1397/1397/1397 1263/1263/1263 1404/1404/1404
f 1397/1397/1397 1404/1404/1404 1400/1400/1400
f 1400/1400/1400 1404/1404/1404 1406/1406/1406
f 1400/1400/1400 1406/1406/1406 1401/1401/1401
f 1401/1401/1401 1406/1406/1406 1408/1408/1408
f 1401/1401/1401 1408/1408/1408 1324/1324/1324
f 1324/1324/1324 1408/1408/1408 1328/1328/1328
f 1448/1448/1448 1284/1284/1284 1446/1446/1446
f 1446/1446/1446 1284/1284/1284 1282/1282/1282
f 1446/1446/1446 1282/1282/1282 1279/1279/1279
f 1279/1279/1279 1277/1277/1277 1446/1446/1446
f 1446/1446/1446 1277/1277/1277 1276/1276/1276
f 1446/1446/1446 1276/1276/1276 1444/1444/1444
f 1444/1444/1444 1276/1276/1276 1355/1355/1355
f 1444/1444/1444 1355/1355/1355 1441/1441/1441
f 1441/1441/1441 1355/1355/1355 1352/1352/1352
f 1441/1441/1441 1352/1352/1352 1440/1440/1440
f 1440/1440/1440 1352/1352/1352 1350/1350/1350
f 1440/1440/1440 1350/1350/1350 1437/1437/1437
f 1437/1437/1437 1350/1350/1350 1349/1349/1349
f 1437/1437/1437 1349/1349/1349 1436/1436/1436
f 1436/1436/1436 1349/1349/1349 1346/1346/1346
f 1436/1436/1436 1346/1346/1346 1434/1434/1434
f 1434/1434/1434 1346/1346/1346 1345/1345/1345
f 1434/1434/1434 1345/1345/1345 1432/1432/1432
f 1432/1432/1432 1345/1345/1345 1430/1430/1430
f 1430/1430/1430 1345/1345/1345 1343/1343/1343
f 1430/1430/1430 1343/1343/1343 1428/1428/1428
f 1428/1428/1428 1343/1343/1343 1426/1426/1426
f 1426/1426/1426 1343/1343/1343 1341/1341/1341
f 1426/1426/1426 1341/1341/1341 1424/1424/1424
f 1424/1424/1424 1341/1341/1341 1422/1422/1422
f 1422/1422/1422 1341/1341/1341 1338/1338/1338
f 1422/1422/1422 1338/1338/1338 1420/1420/1420
f 1420/1420/1420 1338/1338/1338 1336/1336/1336
f 1420/1420/1420 1336/1336/1336 1417/1417/1417
f 1417/1417/1417 1336/1336/1336 1334/1334/1334
f 1417/1417/1417 1334/1334/1334 1416/1416/1416
f 1416/1416/1416 1334/1334/1334 1333/1333/1333
f 1416/1416/1416 1333/1333/1333 1414/1414/1414
f 1414/1414/1414 1333/1333/1333 1330/1330/1330
f 1414/1414/1414 1330/1330/1330 1412/1412/1412
f 1412/1412/1412 1330/1330/1330 1329/1329/1329
f 1412/1412/1412 1329/1329/1329 1409/1409/1409
f 1409/1409/1409 1329/1329/1329 1407/1407/1407
f 1409/1409/1409 1407/1407/1407 1405/1405/1405
f 1405/1405/1405 1403/1403/1403 1409/1409/1409
f 1409/1409/1409 1403/1403/1403 1261/1261/1261
f 1409/1409/1409 1261/1261/1261 1258/1258/1258
f 1360/1360/1360 1357/1357/1357 1455/1455/1455
f 1455/1455/1455 1357/1357/1357 1450/1450/1450
f 1455/1455/1455 1450/1450/1450 1452/1452/1452
f 1455/1455/1455 1452/1452/1452 1454/1454/1454
f 1454/1454/1454 1452/1452/1452 1205/1205/1205
f 1454/1454/1454 1205/1205/1205 1204/1204/1204
f 1454/1454/1454 1204/1204/1204 1456/1456/1456
f 1456/1456/1456 1204/1204/1204 1201/1201/1201
f 1456/1456/1456 1201/1201/1201 1458/1458/1458
f 1458/1458/1458 1201/1201/1201 1200/1200/1200
f 1458/1458/1458 1200/1200/1200 1460/1460/1460
f 1460/1460/1460 1200/1200/1200 1198/1198/1198
f 1460/1460/1460 1198/1198/1198 1462/1462/1462
f 1462/1462/1462 1198/1198/1198 1196/1196/1196
f 1462/1462/1462 1196/1196/1196 1464/1464/1464
f 1464/1464/1464 1196/1196/1196 1193/1193/1193
f 1464/1464/1464 1193/1193/1193 1466/1466/1466
f 1466/1466/1466 1193/1193/1193 1191/1191/1191
f 1466/1466/1466 1191/1191/1191 1468/1468/1468
f 1468/1468/1468 1191/1191/1191 1189/1189/1189
f 1468/1468/1468 1189/1189/1189 1470/1470/1470
f 1470/1470/1470 1189/1189/1189 1187/1187/1187
f 1470/1470/1470 1187/1187/1187 1472/1472/1472
f 1472/1472/1472 1187/1187/1187 1186/1186/1186
f 1472/1472/1472 1186/1186/1186 1474/1474/1474
f 1474/1474/1474 1186/1186/1186 1184/1184/1184
f 1474/1474/1474 1184/1184/1184 1476/1476/1476
f 1476/1476/1476 1184/1184/1184 1182/1182/1182
f 1476/1476/1476 1182/1182/1182 1478/1478/1478
f 1478/1478/1478 1182/1182/1182 1180/1180/1180
f 1478/1478/1478 1180/1180/1180 1480/1480/1480
f 1480/1480/1480 1180/1180/1180 1178/1178/1178
f 1480/1480/1480 1178/1178/1178 1482/1482/1482
f 1482/1482/1482 1178/1178/1178 1175/1175/1175
f 1482/1482/1482 1175/1175/1175 1484/1484/1484
f 1484/1484/1484 1175/1175/1175 1173/1173/1173
f 1484/1484/1484 1173/1173/1173 1486/1486/1486
f 1486/1486/1486 1173/1173/1173 1171/1171/1171
f 1486/1486/1486 1171/1171/1171 1488/1488/1488
f 1488/1488/1488 1171/1171/1171 1169/1169/1169
f 1488/1488/1488 1169/1169/1169 1490/1490/1490
f 1490/1490/1490 1169/1169/1169 1167/1167/1167
f 1490/1490/1490 1167/1167/1167 1492/1492/1492
f 1492/1492/1492 1167/1167/1167 1166/1166/1166
f 1492/1492/1492 1166/1166/1166 1273/1273/1273
f 1273/1273/1273 1166/1166/1166 1163/1163/1163
f 1273/1273/1273 1271/1271/1271 1492/1492/1492
f 1492/1492/1492 1271/1271/1271 1493/1493/1493
f 1492/1492/1492 1493/1493/1493 1490/1490/1490
f 1490/1490/1490 1493/1493/1493 1491/1491/1491
f 1490/1490/1490 1491/1491/1491 1488/1488/1488
f 1488/1488/1488 1491/1491/1491 1489/1489/1489
f 1488/1488/1488 1489/1489/1489 1486/1486/1486
f 1486/1486/1486 1489/1489/1489 1487/1487/1487
f 1486/1486/1486 1487/1487/1487 1484/1484/1484
f 1484/1484/1484 1487/1487/1487 1485/1485/1485
f 1484/1484/1484 1485/1485/1485 1482/1482/1482
f 1482/1482/1482 1485/1485/1485 1483/1483/1483
f 1482/1482/1482 1483/1483/1483 1480/1480/1480
f 1480/1480/1480 1483/1483/1483 1481/1481/1481
f 1480/1480/1480 1481/1481/1481 1478/1478/1478
f 1478/1478/1478 1481/1481/1481 1479/1479/1479
f 1478/1478/1478 1479/1479/1479 1476/1476/1476
f 1476/1476/1476 1479/1479/1479 1477/1477/1477
f 1476/1476/1476 1477/1477/1477 1474/1474/1474
f 1474/1474/1474 1477/1477/1477 1475/1475/1475
f 1474/1474/1474 1475/1475/1475 1472/1472/1472
f 1472/1472/1472 1475/1475/1475 1473/1473/1473
f 1472/1472/1472 1473/1473/1473 1470/1470/1470
f 1470/1470/1470 1473/1473/1473 1471/1471/1471
f 1470/1470/1470 1471/1471/1471 1468/1468/1468
f 1468/1468/1468 1471/1471/1471 1469/1469/1469
f 1468/1468/1468 1469/1469/1469 1466/1466/1466
f 1466/1466/1466 1469/1469/1469 1467/1467/1467
f 1466/1466/1466 1467/1467/1467 1464/1464/1464
f 1464/1464/1464 1467/1467/1467 1465/1465/1465
f 1464/1464/1464 1465/1465/1465 1462/1462/1462
f 1462/1462/1462 1465/1465/1465 1463/1463/1463
f 1462/1462/1462 1463/1463/1463 1460/1460/1460
f 1460/1460/1460 1463/1463/1463 1461/1461/1461
f 1460/1460/1460 1461/1461/1461 1458/1458/1458
f 1458/1458/1458 1461/1461/1461 1459/1459/1459
f 1458/1458/1458 1459/1459/1459 1456/1456/1456
f 1456/1456/1456 1459/1459/1459 1457/1457/1457
f 1456/1456/1456 1457/1457/1457 1454/1454/1454
f 1454/1454/1454 1457/1457/1457 1455/1455/1455
f 1271/1271/1271 1267/1267/1267 1493/1493/1493
f 1493/1493/1493 1267/1267/1267 1395/1395/1395
f 1493/1493/1493 1395/1395/1395 1491/1491/1491
f 1491/1491/1491 1395/1395/1395 1393/1393/1393
f 1491/1491/1491 1393/1393/1393 1489/1489/1489
f 1489/1489/1489 1393/1393/1393 1391/1391/1391
f 1489/1489/1489 1391/1391/1391 1487/1487/1487
f 1487/1487/1487 1391/1391/1391 1390/1390/1390
f 1487/1487/1487 1390/1390/1390 1485/1485/1485
f 1485/1485/1485 1390/1390/1390 1388/1388/1388
f 1485/1485/1485 1388/1388/1388 1483/1483/1483
f 1483/1483/1483 1388/1388/1388 1385/1385/1385
f 1483/1483/1483 1385/1385/1385 1481/1481/1481
f 1481/1481/1481 1385/1385/1385 1384/1384/1384
f 1481/1481/1481 1384/1384/1384 1479/1479/1479
f 1479/1479/1479 1384/1384/1384 1382/1382/1382
f 1479/1479/1479 1382/1382/1382 1477/1477/1477
f 1477/1477/1477 1382/1382/1382 1380/1380/1380
f 1477/1477/1477 1380/1380/1380 1475/1475/1475
f 1475/1475/1475 1380/1380/1380 1377/1377/1377
f 1475/1475/1475 1377/1377/1377 1473/1473/1473
f 1473/1473/1473 1377/1377/1377 1376/1376/1376
f 1473/1473/1473 1376/1376/1376 1471/1471/1471
f 1471/1471/1471 1376/1376/1376 1374/1374/1374
f 1471/1471/1471 1374/1374/1374 1469/1469/1469
f 1469/1469/1469 1374/1374/1374 1372/1372/1372
f 1469/1469/1469 1372/1372/1372 1467/1467/1467
f 1467/1467/1467 1372/1372/1372 1369/1369/1369
f 1467/1467/1467 1369/1369/1369 1465/1465/1465
f 1465/1465/1465 1369/1369/1369 1368/1368/1368
f 1465/1465/1465 1368/1368/1368 1463/1463/1463
f 1463/1463/1463 1368/1368/1368 1365/1365/1365
f 1463/1463/1463 1365/1365/1365 1461/1461/1461
f 1461/1461/1461 1365/1365/1365 1364/1364/1364
f 1461/1461/1461 1364/1364/1364 1459/1459/1459
f 1459/1459/1459 1364/1364/1364 1362/1362/1362
f 1459/1459/1459 1362/1362/1362 1457/1457/1457
f 1457/1457/1457 1362/1362/1362 1360/1360/1360
f 1457/1457/1457 1360/1360/1360 1455/1455/1455
f 1410/1410/1410 1259/1259/1259 1502/1502/1502
f 1502/1502/1502 1259/1259/1259 1257/1257/1257
f 1502/1502/1502 1257/1257/1257 1254/1254/1254
f 1502/1502/1502 1254/1254/1254 1501/1501/1501
f 1501/1501/1501 1254/1254/1254 1252/1252/1252
f 1501/1501/1501 1252/1252/1252 1500/1500/1500
f 1500/1500/1500 1252/1252/1252 1053/1053/1053
f 1500/1500/1500 1053/1053/1053 1050/1050/1050
f 1500/1500/1500 1050/1050/1050 1503/1503/1503
f 1503/1503/1503 1050/1050/1050 1048/1048/1048
f 1503/1503/1503 1048/1048/1048 1506/1506/1506
f 1506/1506/1506 1048/1048/1048 1047/1047/1047
f 1506/1506/1506 1047/1047/1047 1509/1509/1509
f 1509/1509/1509 1047/1047/1047 1045/1045/1045
f 1509/1509/1509 1045/1045/1045 1512/1512/1512
f 1512/1512/1512 1045/1045/1045 1043/1043/1043
f 1512/1512/1512 1043/1043/1043 1515/1515/1515
f 1515/1515/1515 1043/1043/1043 1040/1040/1040
f 1515/1515/1515 1040/1040/1040 1518/1518/1518
f 1518/1518/1518 1040/1040/1040 1039/1039/1039
f 1518/1518/1518 1039/1039/1039 1521/1521/1521
f 1521/1521/1521 1039/1039/1039 1037/1037/1037
f 1521/1521/1521 1037/1037/1037 1524/1524/1524
f 1524/1524/1524 1037/1037/1037 1035/1035/1035
f 1524/1524/1524 1035/1035/1035 1527/1527/1527
f 1527/1527/1527 1035/1035/1035 1033/1033/1033
f 1527/1527/1527 1033/1033/1033 1530/1530/1530
f 1530/1530/1530 1033/1033/1033 1031/1031/1031
f 1530/1530/1530 1031/1031/1031 1533/1533/1533
f 1533/1533/1533 1031/1031/1031 1029/1029/1029
f 1533/1533/1533 1029/1029/1029 1536/1536/1536
f 1536/1536/1536 1029/1029/1029 1027/1027/1027
f 1536/1536/1536 1027/1027/1027 1539/1539/1539
f 1539/1539/1539 1027/1027/1027 1024/1024/1024
f 1539/1539/1539 1024/1024/1024 1542/1542/1542
f 1542/1542/1542 1024/1024/1024 1022/1022/1022
f 1542/1542/1542 1022/1022/1022 1545/1545/1545
f 1545/1545/1545 1022/1022/1022 1020/1020/1020
f 1545/1545/1545 1020/1020/1020 1548/1548/1548
f 1548/1548/1548 1020/1020/1020 1019/1019/1019
f 1548/1548/1548 1019/1019/1019 1551/1551/1551
f 1551/1551/1551 1019/1019/1019 1017/1017/1017
f 1551/1551/1551 1017/1017/1017 1554/1554/1554
f 1554/1554/1554 1017/1017/1017 1015/1015/1015
f 1554/1554/1554 1015/1015/1015 1557/1557/1557
f 1557/1557/1557 1015/1015/1015 1012/1012/1012
f 1557/1557/1557 1012/1012/1012 1560/1560/1560
f 1560/1560/1560 1012/1012/1012 1010/1010/1010
f 1560/1560/1560 1010/1010/1010 1495/1495/1495
f 1495/1495/1495 1010/1010/1010 1007/1007/1007
f 1495/1495/1495 1497/1497/1497 1560/1560/1560
f 1560/1560/1560 1497/1497/1497 1561/1561/1561
f 1560/1560/1560 1561/1561/1561 1557/1557/1557
f 1557/1557/1557 1561/1561/1561 1558/1558/1558
f 1557/1557/1557 1558/1558/1558 1554/1554/1554
f 1554/1554/1554 1558/1558/1558 1555/1555/1555
f 1554/1554/1554 1555/1555/1555 1551/1551/1551
f 1551/1551/1551 1555/1555/1555 1552/1552/1552
f 1551/1551/1551 1552/1552/1552 1548/1548/1548
f 1548/1548/1548 1552/1552/1552 1549/1549/1549
f 1548/1548/1548 1549/1549/1549 1545/1545/1545
f 1545/1545/1545 1549/1549/1549 1546/1546/1546
f 1545/1545/1545 1546/1546/1546 1542/1542/1542
f 1542/1542/1542 1546/1546/1546 1543/1543/1543
f 1542/1542/1542 1543/1543/1543 1539/1539/1539
f 1539/1539/1539 1543/1543/1543 1540/1540/1540
f 1539/1539/1539 1540/1540/1540 1536/1536/1536
f 1536/1536/1536 1540/1540/1540 1537/1537/1537
f 1536/1536/1536 1537/1537/1537 1533/1533/1533
f 1533/1533/1533 1537/1537/1537 1534/1534/1534
f 1533/1533/1533 1534/1534/1534 1530/1530/1530
f 1530/1530/1530 1534/1534/1534 1531/1531/1531
f 1530/1530/1530 1531/1531/1531 1527/1527/1527
f 1527/1527/1527 1531/1531/1531 1528/1528/1528
f 1527/1527/1527 1528/1528/1528 1524/1524/1524
f 1524/1524/1524 1528/1528/1528 1525/1525/1525
f 1524/1524/1524 1525/1525/1525 1521/1521/1521
f 1521/1521/1521 1525/1525/1525 1522/1522/1522
f 1521/1521/1521 1522/1522/1522 1518/1518/1518
f 1518/1518/1518 1522/1522/1522 1519/1519/1519
f 1518/1518/1518 1519/1519/1519 1515/1515/1515
f 1515/1515/1515 1519/1519/1519 1516/1516/1516
f 1515/1515/1515 1516/1516/1516 1512/1512/1512
f 1512/1512/1512 1516/1516/1516 1513/1513/1513
f 1512/1512/1512 1513/1513/1513 1509/1509/1509
f 1509/1509/1509 1513/1513/1513 1510/1510/1510
f 1509/1509/1509 1510/1510/1510 1506/1506/1506
f 1506/1506/1506 1510/1510/1510 1507/1507/1507
f 1506/1506/1506 1507/1507/1507 1503/1503/1503
f 1503/1503/1503 1507/1507/1507 1504/1504/1504
f 1503/1503/1503 1504/1504/1504 1500/1500/1500
f 1500/1500/1500 1504/1504/1504 1501/1501/1501
f 1497/1497/1497 1499/1499/1499 1561/1561/1561
f 1561/1561/1561 1499/1499/1499 1562/1562/1562
f 1561/1561/1561 1562/1562/1562 1558/1558/1558
f 1558/1558/1558 1562/1562/1562 1559/1559/1559
f 1558/1558/1558 1559/1559/1559 1555/1555/1555
f 1555/1555/1555 1559/1559/1559 1556/1556/1556
f 1555/1555/1555 1556/1556/1556 1552/1552/1552
f 1552/1552/1552 1556/1556/1556 1553/1553/1553
f 1552/1552/1552 1553/1553/1553 1549/1549/1549
f 1549/1549/1549 1553/1553/1553 1550/1550/1550
f 1549/1549/1549 1550/1550/1550 1546/1546/1546
f 1546/1546/1546 1550/1550/1550 1547/1547/1547
f 1546/1546/1546 1547/1547/1547 1543/1543/1543
f 1543/1543/1543 1547/1547/1547 1544/1544/1544
f 1543/1543/1543 1544/1544/1544 1540/1540/1540
f 1540/1540/1540 1544/1544/1544 1541/1541/1541
f 1540/1540/1540 1541/1541/1541 1537/1537/1537
f 1537/1537/1537 1541/1541/1541 1538/1538/1538
f 1537/1537/1537 1538/1538/1538 1534/1534/1534
f 1534/1534/1534 1538/1538/1538 1535/1535/1535
f 1534/1534/1534 1535/1535/1535 1531/1531/1531
f 1531/1531/1531 1535/1535/1535 1532/1532/1532
f 1531/1531/1531 1532/1532/1532 1528/1528/1528
f 1528/1528/1528 1532/1532/1532 1529/1529/1529
f 1528/1528/1528 1529/1529/1529 1525/1525/1525
f 1525/1525/1525 1529/1529/1529 1526/1526/1526
f 1525/1525/1525 1526/1526/1526 1522/1522/1522
f 1522/1522/1522 1526/1526/1526 1523/1523/1523
f 1522/1522/1522 1523/1523/1523 1519/1519/1519
f 1519/1519/1519 1523/1523/1523 1520/1520/1520
f 1519/1519/1519 1520/1520/1520 1516/1516/1516
f 1516/1516/1516 1520/1520/1520 1517/1517/1517
f 1516/1516/1516 1517/1517/1517 1513/1513/1513
f 1513/1513/1513 1517/1517/1517 1514/1514/1514
f 1513/1513/1513 1514/1514/1514 1510/1510/1510
f 1510/1510/1510 1514/1514/1514 1511/1511/1511
f 1510/1510/1510 1511/1511/1511 1507/1507/1507
f 1507/1507/1507 1511/1511/1511 1508/1508/1508
f 1507/1507/1507 1508/1508/1508 1504/1504/1504
f 1504/1504/1504 1508/1508/1508 1505/1505/1505
f 1504/1504/1504 1505/1505/1505 1501/1501/1501
f 1501/1501/1501 1505/1505/1505 1502/1502/1502
f 1499/1499/1499 1449/1449/1449 1562/1562/1562
f 1562/1562/1562 1449/1449/1449 1445/1445/1445
f 1562/1562/1562 1445/1445/1445 1559/1559/1559
f 1559/1559/1559 1445/1445/1445 1443/1443/1443
f 1559/1559/1559 1443/1443/1443 1556/1556/1556
f 1556/1556/1556 1443/1443/1443 1442/1442/1442
f 1556/1556/1556 1442/1442/1442 1553/1553/1553
f 1553/1553/1553 1442/1442/1442 1439/1439/1439
f 1553/1553/1553 1439/1439/1439 1550/1550/1550
f 1550/1550/1550 1439/1439/1439 1438/1438/1438
f 1550/1550/1550 1438/1438/1438 1547/1547/1547
f 1547/1547/1547 1438/1438/1438 1435/1435/1435
f 1547/1547/1547 1435/1435/1435 1544/1544/1544
f 1544/1544/1544 1435/1435/1435 1433/1433/1433
f 1544/1544/1544 1433/1433/1433 1541/1541/1541
f 1541/1541/1541 1433/1433/1433 1431/1431/1431
f 1541/1541/1541 1431/1431/1431 1538/1538/1538
f 1538/1538/1538 1431/1431/1431 1429/1429/1429
f 1538/1538/1538 1429/1429/1429 1535/1535/1535
f 1535/1535/1535 1429/1429/1429 1427/1427/1427
f 1535/1535/1535 1427/1427/1427 1532/1532/1532
f 1532/1532/1532 1427/1427/1427 1529/1529/1529
f 1427/1427/1427 1425/1425/1425 1529/1529/1529
f 1529/1529/1529 1425/1425/1425 1526/1526/1526
f 1425/1425/1425 1423/1423/1423 1526/1526/1526
f 1526/1526/1526 1423/1423/1423 1523/1523/1523
f 1423/1423/1423 1421/1421/1421 1523/1523/1523
f 1523/1523/1523 1421/1421/1421 1520/1520/1520
f 1421/1421/1421 1419/1419/1419 1520/1520/1520
f 1520/1520/1520 1419/1419/1419 1517/1517/1517
f 1419/1419/1419 1418/1418/1418 1517/1517/1517
f 1517/1517/1517 1418/1418/1418 1514/1514/1514
f 1418/1418/1418 1415/1415/1415 1514/1514/1514
f 1514/1514/1514 1415/1415/1415 1511/1511/1511
f 1415/1415/1415 1413/1413/1413 1511/1511/1511
f 1511/1511/1511 1413/1413/1413 1508/1508/1508
f 1413/1413/1413 1411/1411/1411 1508/1508/1508
f 1508/1508/1508 1411/1411/1411 1505/1505/1505
f 1411/1411/1411 1410/1410/1410 1505/1505/1505
f 1505/1505/1505 1410/1410/1410 1502/1502/1502
f 782/782/782 823/823/823 1004/1004/1004
f 1004/1004/1004 823/823/823 1211/1211/1211
f 1004/1004/1004 1211/1211/1211 1006/1006/1006
f 1006/1006/1006 1211/1211/1211 1209/1209/1209
f 1006/1006/1006 1209/1209/1209 1009/1009/1009
f 1009/1009/1009 1209/1209/1209 1206/1206/1206
f 1009/1009/1009 1206/1206/1206 1494/1494/1494
f 1494/1494/1494 1206/1206/1206 1496/1496/1496
f 1496/1496/1496 1206/1206/1206 1498/1498/1498
f 1498/1498/1498 1206/1206/1206 1453/1453/1453
f 1498/1498/1498 1453/1453/1453 1447/1447/1447
f 1447/1447/1447 1453/1453/1453 1451/1451/1451
f 1447/1447/1447 1451/1451/1451 1356/1356/1356
f 1286/1286/1286 1285/1285/1285 1356/1356/1356
f 1356/1356/1356 1285/1285/1285 1447/1447/1447

