mtllib material.mtl
usemtl Opaque(245,245,246)
v -0.30000000 0.07082500 0.01750000
v -0.30000000 0.07082500 0.01750000
v -0.30000000 0.07082500 0.01750000
v -0.30376200 0.07082500 0.01709100
v -0.30376200 0.07082500 0.01709100
v -0.30734800 0.07082500 0.01588300
v -0.30734800 0.07082500 0.01588300
v -0.31059100 0.07082500 0.01393200
v -0.31059100 0.07082500 0.01393200
v -0.31333800 0.07082500 0.01132900
v -0.31333800 0.07082500 0.01132900
v -0.31546100 0.07082500 0.00819700
v -0.31546100 0.07082500 0.00819700
v -0.31686200 0.07082500 0.00468200
v -0.31686200 0.07082500 0.00468200
v -0.31747400 0.07082500 0.00094700
v -0.31747400 0.07082500 0.00094700
v -0.31726900 0.07082500 -0.00283100
v -0.31726900 0.07082500 -0.00283100
v -0.31625700 0.07082500 -0.00647700
v -0.31625700 0.07082500 -0.00647700
v -0.31448500 0.07082500 -0.00982100
v -0.31448500 0.07082500 -0.00982100
v -0.31203500 0.07082500 -0.01270500
v -0.31203500 0.07082500 -0.01270500
v -0.30902200 0.07082500 -0.01499500
v -0.30902200 0.07082500 -0.01499500
v -0.30558800 0.07082500 -0.01658400
v -0.30558800 0.07082500 -0.01658400
v -0.30189200 0.07082500 -0.01739700
v -0.30189200 0.07082500 -0.01739700
v -0.29810800 0.07082500 -0.01739700
v -0.29810800 0.07082500 -0.01739700
v -0.29441200 0.07082500 -0.01658400
v -0.29441200 0.07082500 -0.01658400
v -0.29097800 0.07082500 -0.01499500
v -0.29097800 0.07082500 -0.01499500
v -0.28796500 0.07082500 -0.01270500
v -0.28796500 0.07082500 -0.01270500
v -0.28551500 0.07082500 -0.00982100
v -0.28551500 0.07082500 -0.00982100
v -0.28374300 0.07082500 -0.00647700
v -0.28374300 0.07082500 -0.00647700
v -0.28273100 0.07082500 -0.00283100
v -0.28273100 0.07082500 -0.00283100
v -0.28252600 0.07082500 0.00094700
v -0.28252600 0.07082500 0.00094700
v -0.28313800 0.07082500 0.00468200
v -0.28313800 0.07082500 0.00468200
v -0.28453900 0.07082500 0.00819700
v -0.28453900 0.07082500 0.00819700
v -0.28666200 0.07082500 0.01132900
v -0.28666200 0.07082500 0.01132900
v -0.28940900 0.07082500 0.01393200
v -0.28940900 0.07082500 0.01393200
v -0.29265200 0.07082500 0.01588300
v -0.29265200 0.07082500 0.01588300
v -0.29623800 0.07082500 0.01709100
v -0.29623800 0.07082500 0.01709100
v -0.30000000 0.06522500 0.01750000
v -0.30000000 0.06522500 0.01750000
v -0.30000000 0.06522500 0.01750000
v -0.29623800 0.06522500 0.01709100
v -0.29623800 0.06522500 0.01709100
v -0.29265200 0.06522500 0.01588300
v -0.29265200 0.06522500 0.01588300
v -0.28940900 0.06522500 0.01393200
v -0.28940900 0.06522500 0.01393200
v -0.28666200 0.06522500 0.01132900
v -0.28666200 0.06522500 0.01132900
v -0.28453900 0.06522500 0.00819700
v -0.28453900 0.06522500 0.00819700
v -0.28313800 0.06522500 0.00468200
v -0.28313800 0.06522500 0.00468200
v -0.28252600 0.06522500 0.00094700
v -0.28252600 0.06522500 0.00094700
v -0.28273100 0.06522500 -0.00283100
v -0.28273100 0.06522500 -0.00283100
v -0.28374300 0.06522500 -0.00647700
v -0.28374300 0.06522500 -0.00647700
v -0.28551500 0.06522500 -0.00982100
v -0.28551500 0.06522500 -0.00982100
v -0.28796500 0.06522500 -0.01270500
v -0.28796500 0.06522500 -0.01270500
v -0.29097800 0.06522500 -0.01499500
v -0.29097800 0.06522500 -0.01499500
v -0.29441200 0.06522500 -0.01658400
v -0.29441200 0.06522500 -0.01658400
v -0.29810800 0.06522500 -0.01739700
v -0.29810800 0.06522500 -0.01739700
v -0.30189200 0.06522500 -0.01739700
v -0.30189200 0.06522500 -0.01739700
v -0.30558800 0.06522500 -0.01658400
v -0.30558800 0.06522500 -0.01658400
v -0.30902200 0.06522500 -0.01499500
v -0.30902200 0.06522500 -0.01499500
v -0.31203500 0.06522500 -0.01270500
v -0.31203500 0.06522500 -0.01270500
v -0.31448500 0.06522500 -0.00982100
v -0.31448500 0.06522500 -0.00982100
v -0.31625700 0.06522500 -0.00647700
v -0.31625700 0.06522500 -0.00647700
v -0.31726900 0.06522500 -0.00283100
v -0.31726900 0.06522500 -0.00283100
v -0.31747400 0.06522500 0.00094700
v -0.31747400 0.06522500 0.00094700
v -0.31686200 0.06522500 0.00468200
v -0.31686200 0.06522500 0.00468200
v -0.31546100 0.06522500 0.00819700
v -0.31546100 0.06522500 0.00819700
v -0.31333800 0.06522500 0.01132900
v -0.31333800 0.06522500 0.01132900
v -0.31059100 0.06522500 0.01393200
v -0.31059100 0.06522500 0.01393200
v -0.30734800 0.06522500 0.01588300
v -0.30734800 0.06522500 0.01588300
v -0.30376200 0.06522500 0.01709100
v -0.30376200 0.06522500 0.01709100
v -0.29500000 0.06522500 0.01781700
v -0.29500000 0.06522500 0.01781700
v -0.29500000 0.06522500 0.01781700
v -0.29491500 0.06522500 0.01741300
v -0.29491500 0.06522500 0.01741300
v -0.29467400 0.06522500 0.01707800
v -0.29467400 0.06522500 0.01707800
v -0.29431900 0.06522500 0.01686900
v -0.29431900 0.06522500 0.01686900
v -0.29431900 0.06522500 0.01686900
v -0.29103900 0.06522500 0.01538000
v -0.29103900 0.06522500 0.01538000
v -0.28812600 0.06522500 0.01326000
v -0.28812600 0.06522500 0.01326000
v -0.28569900 0.06522500 0.01059800
v -0.28569900 0.06522500 0.01059800
v -0.28385800 0.06522500 0.00750100
v -0.28385800 0.06522500 0.00750100
v -0.28267800 0.06522500 0.00409700
v -0.28267800 0.06522500 0.00409700
v -0.28220800 0.06522500 0.00052600
v -0.28220800 0.06522500 0.00052600
v -0.28246600 0.06522500 -0.00306800
v -0.28246600 0.06522500 -0.00306800
v -0.28344300 0.06522500 -0.00653500
v -0.28344300 0.06522500 -0.00653500
v -0.28509800 0.06522500 -0.00973500
v -0.28509800 0.06522500 -0.00973500
v -0.28736400 0.06522500 -0.01253600
v -0.28736400 0.06522500 -0.01253600
v -0.29014700 0.06522500 -0.01482400
v -0.29014700 0.06522500 -0.01482400
v -0.29014700 0.06522500 -0.01482400
v -0.29043600 0.06522500 -0.01511800
v -0.29043600 0.06522500 -0.01511800
v -0.29058100 0.06522500 -0.01550400
v -0.29058100 0.06522500 -0.01550400
v -0.29055900 0.06522500 -0.01591600
v -0.29055900 0.06522500 -0.01591600
v -0.29055900 0.06522500 -0.01591600
v -0.28994000 0.06522500 -0.01822500
v -0.28994000 0.06522500 -0.01822500
v -0.28994000 0.06522500 -0.01822500
v -0.28992500 0.06522500 -0.01867900
v -0.28992500 0.06522500 -0.01867900
v -0.29011300 0.06522500 -0.01909300
v -0.29011300 0.06522500 -0.01909300
v -0.29046500 0.06522500 -0.01938100
v -0.29046500 0.06522500 -0.01938100
v -0.29046500 0.06522500 -0.01938100
v -0.29429100 0.06522500 -0.02083200
v -0.29429100 0.06522500 -0.02083200
v -0.29832100 0.06522500 -0.02153500
v -0.29832100 0.06522500 -0.02153500
v -0.30241200 0.06522500 -0.02146500
v -0.30241200 0.06522500 -0.02146500
v -0.30641700 0.06522500 -0.02062500
v -0.30641700 0.06522500 -0.02062500
v -0.31019100 0.06522500 -0.01904500
v -0.31019100 0.06522500 -0.01904500
v -0.31360000 0.06522500 -0.01678100
v -0.31360000 0.06522500 -0.01678100
v -0.31652000 0.06522500 -0.01391600
v -0.31652000 0.06522500 -0.01391600
v -0.31884800 0.06522500 -0.01055100
v -0.31884800 0.06522500 -0.01055100
v -0.32049900 0.06522500 -0.00680700
v -0.32049900 0.06522500 -0.00680700
v -0.32141500 0.06522500 -0.00281900
v -0.32141500 0.06522500 -0.00281900
v -0.32156300 0.06522500 0.00127000
v -0.32156300 0.06522500 0.00127000
v -0.32093600 0.06522500 0.00531300
v -0.32093600 0.06522500 0.00531300
v -0.31955900 0.06522500 0.00916600
v -0.31955900 0.06522500 0.00916600
v -0.31748000 0.06522500 0.01269000
v -0.31748000 0.06522500 0.01269000
v -0.31477300 0.06522500 0.01575800
v -0.31477300 0.06522500 0.01575800
v -0.31153600 0.06522500 0.01826100
v -0.31153600 0.06522500 0.01826100
v -0.30788600 0.06522500 0.02010900
v -0.30788600 0.06522500 0.02010900
v -0.30395200 0.06522500 0.02123500
v -0.30395200 0.06522500 0.02123500
v -0.29987700 0.06522500 0.02160000
v -0.29987700 0.06522500 0.02160000
v -0.29580600 0.06522500 0.02118900
v -0.29580600 0.06522500 0.02118900
v -0.29580600 0.06522500 0.02118900
v -0.29539200 0.06522500 0.02100200
v -0.29539200 0.06522500 0.02100200
v -0.29510300 0.06522500 0.02065000
v -0.29510300 0.06522500 0.02065000
v -0.29500000 0.06522500 0.02020800
v -0.29500000 0.06522500 0.02020800
v -0.29500000 0.06522500 0.02020800
v -0.29457100 0.06522500 -0.02792700
v -0.29457100 0.06522500 -0.02792700
v -0.29457100 0.06522500 -0.02792700
v -0.29291500 0.06522500 -0.02760500
v -0.29291500 0.06522500 -0.02760500
v -0.29291500 0.06522500 -0.02760500
v -0.29291500 0.06522500 -0.02760500
v -0.29291500 0.01252500 -0.02760500
v -0.29291500 0.01252500 -0.02760500
v -0.29291500 0.01252500 -0.02760500
v -0.29457100 0.01252500 -0.02792700
v -0.29457100 0.01252500 -0.02792700
v -0.29457100 0.01252500 -0.02792700
v -0.28847800 0.06522500 -0.02606700
v -0.28847800 0.06522500 -0.02606700
v -0.28435400 0.06522500 -0.02382100
v -0.28435400 0.06522500 -0.02382100
v -0.28065500 0.06522500 -0.02092900
v -0.28065500 0.06522500 -0.02092900
v -0.27748100 0.06522500 -0.01746900
v -0.27748100 0.06522500 -0.01746900
v -0.27491900 0.06522500 -0.01353400
v -0.27491900 0.06522500 -0.01353400
v -0.27303700 0.06522500 -0.00923200
v -0.27303700 0.06522500 -0.00923200
v -0.27188700 0.06522500 -0.00468000
v -0.27188700 0.06522500 -0.00468000
v -0.27150000 0.06522500 0.00000000
v -0.27150000 0.06522500 0.00000000
v -0.27188700 0.06522500 0.00468000
v -0.27188700 0.06522500 0.00468000
v -0.27303700 0.06522500 0.00923200
v -0.27303700 0.06522500 0.00923200
v -0.27491900 0.06522500 0.01353400
v -0.27491900 0.06522500 0.01353400
v -0.27748100 0.06522500 0.01746900
v -0.27748100 0.06522500 0.01746900
v -0.28065500 0.06522500 0.02092900
v -0.28065500 0.06522500 0.02092900
v -0.28435400 0.06522500 0.02382100
v -0.28435400 0.06522500 0.02382100
v -0.28847800 0.06522500 0.02606700
v -0.28847800 0.06522500 0.02606700
v -0.29291500 0.06522500 0.02760500
v -0.29291500 0.06522500 0.02760500
v -0.29291500 0.06522500 0.02760500
v -0.29291500 0.01252500 0.02760500
v -0.29291500 0.01252500 0.02760500
v -0.29291500 0.01252500 0.02760500
v -0.28847800 0.01252500 0.02606700
v -0.28847800 0.01252500 0.02606700
v -0.28435400 0.01252500 0.02382100
v -0.28435400 0.01252500 0.02382100
v -0.28065500 0.01252500 0.02092900
v -0.28065500 0.01252500 0.02092900
v -0.27748100 0.01252500 0.01746900
v -0.27748100 0.01252500 0.01746900
v -0.27491900 0.01252500 0.01353400
v -0.27491900 0.01252500 0.01353400
v -0.27303700 0.01252500 0.00923200
v -0.27303700 0.01252500 0.00923200
v -0.27188700 0.01252500 0.00468000
v -0.27188700 0.01252500 0.00468000
v -0.27150000 0.01252500 0.00000000
v -0.27150000 0.01252500 0.00000000
v -0.27188700 0.01252500 -0.00468000
v -0.27188700 0.01252500 -0.00468000
v -0.27303700 0.01252500 -0.00923200
v -0.27303700 0.01252500 -0.00923200
v -0.27491900 0.01252500 -0.01353400
v -0.27491900 0.01252500 -0.01353400
v -0.27748100 0.01252500 -0.01746900
v -0.27748100 0.01252500 -0.01746900
v -0.28065500 0.01252500 -0.02092900
v -0.28065500 0.01252500 -0.02092900
v -0.28435400 0.01252500 -0.02382100
v -0.28435400 0.01252500 -0.02382100
v -0.28847800 0.01252500 -0.02606700
v -0.28847800 0.01252500 -0.02606700
v -0.29457100 0.01252500 0.02792700
v -0.29457100 0.01252500 0.02792700
v -0.29457100 0.01252500 0.02792700
v -0.29931400 0.01252500 0.02844200
v -0.29931400 0.01252500 0.02844200
v -0.30407600 0.01252500 0.02815600
v -0.30407600 0.01252500 0.02815600
v -0.30872400 0.01252500 0.02707900
v -0.30872400 0.01252500 0.02707900
v -0.31312600 0.01252500 0.02524100
v -0.31312600 0.01252500 0.02524100
v -0.31715900 0.01252500 0.02269300
v -0.31715900 0.01252500 0.02269300
v -0.32071000 0.01252500 0.01950700
v -0.32071000 0.01252500 0.01950700
v -0.32367800 0.01252500 0.01577200
v -0.32367800 0.01252500 0.01577200
v -0.32598100 0.01252500 0.01159300
v -0.32598100 0.01252500 0.01159300
v -0.32755300 0.01252500 0.00708900
v -0.32755300 0.01252500 0.00708900
v -0.32835000 0.01252500 0.00238500
v -0.32835000 0.01252500 0.00238500
v -0.32835000 0.01252500 -0.00238500
v -0.32835000 0.01252500 -0.00238500
v -0.32755300 0.01252500 -0.00708900
v -0.32755300 0.01252500 -0.00708900
v -0.32598100 0.01252500 -0.01159300
v -0.32598100 0.01252500 -0.01159300
v -0.32367800 0.01252500 -0.01577200
v -0.32367800 0.01252500 -0.01577200
v -0.32071000 0.01252500 -0.01950700
v -0.32071000 0.01252500 -0.01950700
v -0.31715900 0.01252500 -0.02269300
v -0.31715900 0.01252500 -0.02269300
v -0.31312600 0.01252500 -0.02524100
v -0.31312600 0.01252500 -0.02524100
v -0.30872400 0.01252500 -0.02707900
v -0.30872400 0.01252500 -0.02707900
v -0.30407600 0.01252500 -0.02815600
v -0.30407600 0.01252500 -0.02815600
v -0.29931400 0.01252500 -0.02844200
v -0.29931400 0.01252500 -0.02844200
v -0.25700000 0.06522500 -0.02062400
v -0.25700000 0.06522500 -0.02062400
v -0.25700000 0.06522500 -0.02062400
v -0.25523800 0.06522500 -0.01995100
v -0.25523800 0.06522500 -0.01995100
v -0.25380600 0.06522500 -0.01872300
v -0.25380600 0.06522500 -0.01872300
v -0.25287400 0.06522500 -0.01708300
v -0.25287400 0.06522500 -0.01708300
v -0.25255000 0.06522500 -0.01522500
v -0.25255000 0.06522500 -0.01522500
v -0.25255000 0.06522500 -0.01522500
v -0.25255000 0.06522500 0.01522500
v -0.25255000 0.06522500 0.01522500
v -0.25255000 0.06522500 0.01522500
v -0.25287400 0.06522500 0.01708300
v -0.25287400 0.06522500 0.01708300
v -0.25380600 0.06522500 0.01872300
v -0.25380600 0.06522500 0.01872300
v -0.25523800 0.06522500 0.01995100
v -0.25523800 0.06522500 0.01995100
v -0.25700000 0.06522500 0.02062400
v -0.25700000 0.06522500 0.02062400
v -0.25700000 0.06522500 0.02062400
v -0.29580600 0.06840000 0.02118900
v -0.29580600 0.06840000 0.02118900
v -0.29580600 0.06840000 0.02118900
v -0.29539200 0.06840000 0.02100200
v -0.29539200 0.06840000 0.02100200
v -0.29510300 0.06840000 0.02065000
v -0.29510300 0.06840000 0.02065000
v -0.29500000 0.06840000 0.02020800
v -0.29500000 0.06840000 0.02020800
v -0.29500000 0.06840000 0.02020800
v -0.29046500 0.06840000 -0.01938100
v -0.29046500 0.06840000 -0.01938100
v -0.29046500 0.06840000 -0.01938100
v -0.29429100 0.06840000 -0.02083200
v -0.29429100 0.06840000 -0.02083200
v -0.29832100 0.06840000 -0.02153500
v -0.29832100 0.06840000 -0.02153500
v -0.30241200 0.06840000 -0.02146500
v -0.30241200 0.06840000 -0.02146500
v -0.30641700 0.06840000 -0.02062500
v -0.30641700 0.06840000 -0.02062500
v -0.31019100 0.06840000 -0.01904500
v -0.31019100 0.06840000 -0.01904500
v -0.31360000 0.06840000 -0.01678100
v -0.31360000 0.06840000 -0.01678100
v -0.31652000 0.06840000 -0.01391600
v -0.31652000 0.06840000 -0.01391600
v -0.31884800 0.06840000 -0.01055100
v -0.31884800 0.06840000 -0.01055100
v -0.32049900 0.06840000 -0.00680700
v -0.32049900 0.06840000 -0.00680700
v -0.32141500 0.06840000 -0.00281900
v -0.32141500 0.06840000 -0.00281900
v -0.32156300 0.06840000 0.00127000
v -0.32156300 0.06840000 0.00127000
v -0.32093600 0.06840000 0.00531300
v -0.32093600 0.06840000 0.00531300
v -0.31955900 0.06840000 0.00916600
v -0.31955900 0.06840000 0.00916600
v -0.31748000 0.06840000 0.01269000
v -0.31748000 0.06840000 0.01269000
v -0.31477300 0.06840000 0.01575800
v -0.31477300 0.06840000 0.01575800
v -0.31153600 0.06840000 0.01826100
v -0.31153600 0.06840000 0.01826100
v -0.30788600 0.06840000 0.02010900
v -0.30788600 0.06840000 0.02010900
v -0.30395200 0.06840000 0.02123500
v -0.30395200 0.06840000 0.02123500
v -0.29987700 0.06840000 0.02160000
v -0.29987700 0.06840000 0.02160000
v -0.29500000 0.06840000 0.01781700
v -0.29500000 0.06840000 0.01781700
v -0.29500000 0.06840000 0.01781700
v -0.29491500 0.06840000 0.01741300
v -0.29491500 0.06840000 0.01741300
v -0.29467400 0.06840000 0.01707800
v -0.29467400 0.06840000 0.01707800
v -0.29431900 0.06840000 0.01686900
v -0.29431900 0.06840000 0.01686900
v -0.29431900 0.06840000 0.01686900
v -0.28994000 0.06840000 -0.01822500
v -0.28994000 0.06840000 -0.01822500
v -0.28994000 0.06840000 -0.01822500
v -0.28992500 0.06840000 -0.01867900
v -0.28992500 0.06840000 -0.01867900
v -0.29011300 0.06840000 -0.01909300
v -0.29011300 0.06840000 -0.01909300
v -0.29055900 0.06840000 -0.01591600
v -0.29055900 0.06840000 -0.01591600
v -0.29055900 0.06840000 -0.01591600
v -0.29014700 0.06840000 -0.01482400
v -0.29014700 0.06840000 -0.01482400
v -0.29014700 0.06840000 -0.01482400
v -0.29043600 0.06840000 -0.01511800
v -0.29043600 0.06840000 -0.01511800
v -0.29058100 0.06840000 -0.01550400
v -0.29058100 0.06840000 -0.01550400
v -0.25255000 0.06840000 0.01522500
v -0.25255000 0.06840000 0.01522500
v -0.25255000 0.06840000 0.01522500
v -0.25287400 0.06840000 0.01708300
v -0.25287400 0.06840000 0.01708300
v -0.25380600 0.06840000 0.01872300
v -0.25380600 0.06840000 0.01872300
v -0.25523800 0.06840000 0.01995100
v -0.25523800 0.06840000 0.01995100
v -0.25700000 0.06840000 0.02062400
v -0.25700000 0.06840000 0.02062400
v -0.25700000 0.06840000 0.02062400
v -0.29457100 0.06840000 0.02792700
v -0.29457100 0.06840000 0.02792700
v -0.29457100 0.06840000 0.02792700
v -0.25255000 0.06840000 -0.01522500
v -0.25255000 0.06840000 -0.01522500
v -0.25255000 0.06840000 -0.01522500
v -0.25287400 0.06840000 -0.01708300
v -0.25287400 0.06840000 -0.01708300
v -0.25380600 0.06840000 -0.01872300
v -0.25380600 0.06840000 -0.01872300
v -0.25523800 0.06840000 -0.01995100
v -0.25523800 0.06840000 -0.01995100
v -0.25700000 0.06840000 -0.02062400
v -0.25700000 0.06840000 -0.02062400
v -0.25700000 0.06840000 -0.02062400
v -0.29457100 0.06840000 -0.02792700
v -0.29457100 0.06840000 -0.02792700
v -0.29457100 0.06840000 -0.02792700
v -0.29931400 0.06840000 -0.02844200
v -0.29931400 0.06840000 -0.02844200
v -0.30407600 0.06840000 -0.02815600
v -0.30407600 0.06840000 -0.02815600
v -0.30872400 0.06840000 -0.02707900
v -0.30872400 0.06840000 -0.02707900
v -0.31312600 0.06840000 -0.02524100
v -0.31312600 0.06840000 -0.02524100
v -0.31715900 0.06840000 -0.02269300
v -0.31715900 0.06840000 -0.02269300
v -0.32071000 0.06840000 -0.01950700
v -0.32071000 0.06840000 -0.01950700
v -0.32367800 0.06840000 -0.01577200
v -0.32367800 0.06840000 -0.01577200
v -0.32598100 0.06840000 -0.01159300
v -0.32598100 0.06840000 -0.01159300
v -0.32755300 0.06840000 -0.00708900
v -0.32755300 0.06840000 -0.00708900
v -0.32835000 0.06840000 -0.00238500
v -0.32835000 0.06840000 -0.00238500
v -0.32835000 0.06840000 0.00238500
v -0.32835000 0.06840000 0.00238500
v -0.32755300 0.06840000 0.00708900
v -0.32755300 0.06840000 0.00708900
v -0.32598100 0.06840000 0.01159300
v -0.32598100 0.06840000 0.01159300
v -0.32367800 0.06840000 0.01577200
v -0.32367800 0.06840000 0.01577200
v -0.32071000 0.06840000 0.01950700
v -0.32071000 0.06840000 0.01950700
v -0.31715900 0.06840000 0.02269300
v -0.31715900 0.06840000 0.02269300
v -0.31312600 0.06840000 0.02524100
v -0.31312600 0.06840000 0.02524100
v -0.30872400 0.06840000 0.02707900
v -0.30872400 0.06840000 0.02707900
v -0.30407600 0.06840000 0.02815600
v -0.30407600 0.06840000 0.02815600
v -0.29931400 0.06840000 0.02844200
v -0.29931400 0.06840000 0.02844200
v -0.28736400 0.06840000 -0.01253600
v -0.28736400 0.06840000 -0.01253600
v -0.28509800 0.06840000 -0.00973500
v -0.28509800 0.06840000 -0.00973500
v -0.28344300 0.06840000 -0.00653500
v -0.28344300 0.06840000 -0.00653500
v -0.28246600 0.06840000 -0.00306800
v -0.28246600 0.06840000 -0.00306800
v -0.28220800 0.06840000 0.00052600
v -0.28220800 0.06840000 0.00052600
v -0.28267800 0.06840000 0.00409700
v -0.28267800 0.06840000 0.00409700
v -0.28385800 0.06840000 0.00750100
v -0.28385800 0.06840000 0.00750100
v -0.28569900 0.06840000 0.01059800
v -0.28569900 0.06840000 0.01059800
v -0.28812600 0.06840000 0.01326000
v -0.28812600 0.06840000 0.01326000
v -0.29103900 0.06840000 0.01538000
v -0.29103900 0.06840000 0.01538000
v -0.01750000 0.00582500 -0.00000000
v -0.01750000 0.00582500 -0.00000000
v -0.01750000 0.00582500 -0.00000000
v -0.01709100 0.00582500 -0.00376200
v -0.01709100 0.00582500 -0.00376200
v -0.01588300 0.00582500 -0.00734800
v -0.01588300 0.00582500 -0.00734800
v -0.01393200 0.00582500 -0.01059100
v -0.01393200 0.00582500 -0.01059100
v -0.01132900 0.00582500 -0.01333800
v -0.01132900 0.00582500 -0.01333800
v -0.00819700 0.00582500 -0.01546100
v -0.00819700 0.00582500 -0.01546100
v -0.00468200 0.00582500 -0.01686200
v -0.00468200 0.00582500 -0.01686200
v -0.00094700 0.00582500 -0.01747400
v -0.00094700 0.00582500 -0.01747400
v 0.00283100 0.00582500 -0.01726900
v 0.00283100 0.00582500 -0.01726900
v 0.00647700 0.00582500 -0.01625700
v 0.00647700 0.00582500 -0.01625700
v 0.00982100 0.00582500 -0.01448500
v 0.00982100 0.00582500 -0.01448500
v 0.01270500 0.00582500 -0.01203500
v 0.01270500 0.00582500 -0.01203500
v 0.01499500 0.00582500 -0.00902200
v 0.01499500 0.00582500 -0.00902200
v 0.01658400 0.00582500 -0.00558800
v 0.01658400 0.00582500 -0.00558800
v 0.01739700 0.00582500 -0.00189200
v 0.01739700 0.00582500 -0.00189200
v 0.01739700 0.00582500 0.00189200
v 0.01739700 0.00582500 0.00189200
v 0.01658400 0.00582500 0.00558800
v 0.01658400 0.00582500 0.00558800
v 0.01499500 0.00582500 0.00902200
v 0.01499500 0.00582500 0.00902200
v 0.01270500 0.00582500 0.01203500
v 0.01270500 0.00582500 0.01203500
v 0.00982100 0.00582500 0.01448500
v 0.00982100 0.00582500 0.01448500
v 0.00647700 0.00582500 0.01625700
v 0.00647700 0.00582500 0.01625700
v 0.00283100 0.00582500 0.01726900
v 0.00283100 0.00582500 0.01726900
v -0.00094700 0.00582500 0.01747400
v -0.00094700 0.00582500 0.01747400
v -0.00468200 0.00582500 0.01686200
v -0.00468200 0.00582500 0.01686200
v -0.00819700 0.00582500 0.01546100
v -0.00819700 0.00582500 0.01546100
v -0.01132900 0.00582500 0.01333800
v -0.01132900 0.00582500 0.01333800
v -0.01393200 0.00582500 0.01059100
v -0.01393200 0.00582500 0.01059100
v -0.01588300 0.00582500 0.00734800
v -0.01588300 0.00582500 0.00734800
v -0.01709100 0.00582500 0.00376200
v -0.01709100 0.00582500 0.00376200
v -0.01750000 -0.00000000 0.00000000
v -0.01750000 -0.00000000 0.00000000
v -0.01750000 -0.00000000 0.00000000
v -0.01709100 0.00000000 0.00376200
v -0.01709100 0.00000000 0.00376200
v -0.01588300 0.00000000 0.00734800
v -0.01588300 0.00000000 0.00734800
v -0.01393200 0.00000000 0.01059100
v -0.01393200 0.00000000 0.01059100
v -0.01132900 0.00000000 0.01333800
v -0.01132900 0.00000000 0.01333800
v -0.00819700 0.00000000 0.01546100
v -0.00819700 0.00000000 0.01546100
v -0.00468200 0.00000000 0.01686200
v -0.00468200 0.00000000 0.01686200
v -0.00094700 0.00000000 0.01747400
v -0.00094700 0.00000000 0.01747400
v 0.00283100 0.00000000 0.01726900
v 0.00283100 0.00000000 0.01726900
v 0.00647700 0.00000000 0.01625700
v 0.00647700 0.00000000 0.01625700
v 0.00982100 0.00000000 0.01448500
v 0.00982100 0.00000000 0.01448500
v 0.01270500 0.00000000 0.01203500
v 0.01270500 0.00000000 0.01203500
v 0.01499500 0.00000000 0.00902200
v 0.01499500 0.00000000 0.00902200
v 0.01658400 0.00000000 0.00558800
v 0.01658400 0.00000000 0.00558800
v 0.01739700 0.00000000 0.00189200
v 0.01739700 0.00000000 0.00189200
v 0.01739700 -0.00000000 -0.00189200
v 0.01739700 -0.00000000 -0.00189200
v 0.01658400 -0.00000000 -0.00558800
v 0.01658400 -0.00000000 -0.00558800
v 0.01499500 -0.00000000 -0.00902200
v 0.01499500 -0.00000000 -0.00902200
v 0.01270500 -0.00000000 -0.01203500
v 0.01270500 -0.00000000 -0.01203500
v 0.00982100 -0.00000000 -0.01448500
v 0.00982100 -0.00000000 -0.01448500
v 0.00647700 -0.00000000 -0.01625700
v 0.00647700 -0.00000000 -0.01625700
v 0.00283100 -0.00000000 -0.01726900
v 0.00283100 -0.00000000 -0.01726900
v -0.00094700 -0.00000000 -0.01747400
v -0.00094700 -0.00000000 -0.01747400
v -0.00468200 -0.00000000 -0.01686200
v -0.00468200 -0.00000000 -0.01686200
v -0.00819700 -0.00000000 -0.01546100
v -0.00819700 -0.00000000 -0.01546100
v -0.01132900 -0.00000000 -0.01333800
v -0.01132900 -0.00000000 -0.01333800
v -0.01393200 -0.00000000 -0.01059100
v -0.01393200 -0.00000000 -0.01059100
v -0.01588300 -0.00000000 -0.00734800
v -0.01588300 -0.00000000 -0.00734800
v -0.01709100 -0.00000000 -0.00376200
v -0.01709100 -0.00000000 -0.00376200
v -0.00568100 0.00582500 -0.01686900
v -0.00568100 0.00582500 -0.01686900
v -0.00568100 0.00582500 -0.01686900
v -0.00532600 0.00582500 -0.01707800
v -0.00532600 0.00582500 -0.01707800
v -0.00508500 0.00582500 -0.01741300
v -0.00508500 0.00582500 -0.01741300
v -0.00500000 0.00582500 -0.01781700
v -0.00500000 0.00582500 -0.01781700
v -0.00500000 0.00582500 -0.01781700
v -0.00500000 0.00582500 -0.02020800
v -0.00500000 0.00582500 -0.02020800
v -0.00500000 0.00582500 -0.02020800
v -0.00489700 0.00582500 -0.02065000
v -0.00489700 0.00582500 -0.02065000
v -0.00460800 0.00582500 -0.02100200
v -0.00460800 0.00582500 -0.02100200
v -0.00419400 0.00582500 -0.02118900
v -0.00419400 0.00582500 -0.02118900
v -0.00419400 0.00582500 -0.02118900
v -0.00012300 0.00582500 -0.02160000
v -0.00012300 0.00582500 -0.02160000
v 0.00395200 0.00582500 -0.02123500
v 0.00395200 0.00582500 -0.02123500
v 0.00788600 0.00582500 -0.02010900
v 0.00788600 0.00582500 -0.02010900
v 0.01153600 0.00582500 -0.01826100
v 0.01153600 0.00582500 -0.01826100
v 0.01477300 0.00582500 -0.01575800
v 0.01477300 0.00582500 -0.01575800
v 0.01748000 0.00582500 -0.01269000
v 0.01748000 0.00582500 -0.01269000
v 0.01955900 0.00582500 -0.00916600
v 0.01955900 0.00582500 -0.00916600
v 0.02093600 0.00582500 -0.00531300
v 0.02093600 0.00582500 -0.00531300
v 0.02156300 0.00582500 -0.00127000
v 0.02156300 0.00582500 -0.00127000
v 0.02141500 0.00582500 0.00281900
v 0.02141500 0.00582500 0.00281900
v 0.02049900 0.00582500 0.00680700
v 0.02049900 0.00582500 0.00680700
v 0.01884800 0.00582500 0.01055100
v 0.01884800 0.00582500 0.01055100
v 0.01652000 0.00582500 0.01391600
v 0.01652000 0.00582500 0.01391600
v 0.01360000 0.00582500 0.01678100
v 0.01360000 0.00582500 0.01678100
v 0.01019100 0.00582500 0.01904500
v 0.01019100 0.00582500 0.01904500
v 0.00641700 0.00582500 0.02062500
v 0.00641700 0.00582500 0.02062500
v 0.00241200 0.00582500 0.02146500
v 0.00241200 0.00582500 0.02146500
v -0.00167900 0.00582500 0.02153500
v -0.00167900 0.00582500 0.02153500
v -0.00570900 0.00582500 0.02083200
v -0.00570900 0.00582500 0.02083200
v -0.00953500 0.00582500 0.01938100
v -0.00953500 0.00582500 0.01938100
v -0.00953500 0.00582500 0.01938100
v -0.00988700 0.00582500 0.01909300
v -0.00988700 0.00582500 0.01909300
v -0.01007500 0.00582500 0.01867900
v -0.01007500 0.00582500 0.01867900
v -0.01006000 0.00582500 0.01822500
v -0.01006000 0.00582500 0.01822500
v -0.01006000 0.00582500 0.01822500
v -0.00944100 0.00582500 0.01591600
v -0.00944100 0.00582500 0.01591600
v -0.00944100 0.00582500 0.01591600
v -0.00941900 0.00582500 0.01550400
v -0.00941900 0.00582500 0.01550400
v -0.00956400 0.00582500 0.01511800
v -0.00956400 0.00582500 0.01511800
v -0.00985300 0.00582500 0.01482400
v -0.00985300 0.00582500 0.01482400
v -0.00985300 0.00582500 0.01482400
v -0.01263600 0.00582500 0.01253600
v -0.01263600 0.00582500 0.01253600
v -0.01490200 0.00582500 0.00973500
v -0.01490200 0.00582500 0.00973500
v -0.01655700 0.00582500 0.00653500
v -0.01655700 0.00582500 0.00653500
v -0.01753400 0.00582500 0.00306800
v -0.01753400 0.00582500 0.00306800
v -0.01779200 0.00582500 -0.00052600
v -0.01779200 0.00582500 -0.00052600
v -0.01732200 0.00582500 -0.00409700
v -0.01732200 0.00582500 -0.00409700
v -0.01614200 0.00582500 -0.00750100
v -0.01614200 0.00582500 -0.00750100
v -0.01430100 0.00582500 -0.01059800
v -0.01430100 0.00582500 -0.01059800
v -0.01187400 0.00582500 -0.01326000
v -0.01187400 0.00582500 -0.01326000
v -0.00896100 0.00582500 -0.01538000
v -0.00896100 0.00582500 -0.01538000
v -0.00708500 0.00582500 0.02760500
v -0.00708500 0.00582500 0.02760500
v -0.00708500 0.00582500 0.02760500
v -0.00708500 0.00582500 0.02760500
v -0.00542900 0.00582500 0.02792700
v -0.00542900 0.00582500 0.02792700
v -0.00542900 0.00582500 0.02792700
v -0.00542900 0.05852500 0.02792700
v -0.00542900 0.05852500 0.02792700
v -0.00542900 0.05852500 0.02792700
v -0.00708500 0.05852500 0.02760500
v -0.00708500 0.05852500 0.02760500
v -0.00708500 0.05852500 0.02760500
v -0.00708500 0.00582500 -0.02760500
v -0.00708500 0.00582500 -0.02760500
v -0.00708500 0.00582500 -0.02760500
v -0.01152200 0.00582500 -0.02606700
v -0.01152200 0.00582500 -0.02606700
v -0.01564600 0.00582500 -0.02382100
v -0.01564600 0.00582500 -0.02382100
v -0.01934500 0.00582500 -0.02092900
v -0.01934500 0.00582500 -0.02092900
v -0.02251900 0.00582500 -0.01746900
v -0.02251900 0.00582500 -0.01746900
v -0.02508100 0.00582500 -0.01353400
v -0.02508100 0.00582500 -0.01353400
v -0.02696300 0.00582500 -0.00923200
v -0.02696300 0.00582500 -0.00923200
v -0.02811300 0.00582500 -0.00468000
v -0.02811300 0.00582500 -0.00468000
v -0.02850000 0.00582500 -0.00000000
v -0.02850000 0.00582500 -0.00000000
v -0.02811300 0.00582500 0.00468000
v -0.02811300 0.00582500 0.00468000
v -0.02696300 0.00582500 0.00923200
v -0.02696300 0.00582500 0.00923200
v -0.02508100 0.00582500 0.01353400
v -0.02508100 0.00582500 0.01353400
v -0.02251900 0.00582500 0.01746900
v -0.02251900 0.00582500 0.01746900
v -0.01934500 0.00582500 0.02092900
v -0.01934500 0.00582500 0.02092900
v -0.01564600 0.00582500 0.02382100
v -0.01564600 0.00582500 0.02382100
v -0.01152200 0.00582500 0.02606700
v -0.01152200 0.00582500 0.02606700
v -0.01152200 0.05852500 0.02606700
v -0.01152200 0.05852500 0.02606700
v -0.01564600 0.05852500 0.02382100
v -0.01564600 0.05852500 0.02382100
v -0.01934500 0.05852500 0.02092900
v -0.01934500 0.05852500 0.02092900
v -0.02251900 0.05852500 0.01746900
v -0.02251900 0.05852500 0.01746900
v -0.02508100 0.05852500 0.01353400
v -0.02508100 0.05852500 0.01353400
v -0.02696300 0.05852500 0.00923200
v -0.02696300 0.05852500 0.00923200
v -0.02811300 0.05852500 0.00468000
v -0.02811300 0.05852500 0.00468000
v -0.02850000 0.05852500 -0.00000000
v -0.02850000 0.05852500 -0.00000000
v -0.02811300 0.05852500 -0.00468000
v -0.02811300 0.05852500 -0.00468000
v -0.02696300 0.05852500 -0.00923200
v -0.02696300 0.05852500 -0.00923200
v -0.02508100 0.05852500 -0.01353400
v -0.02508100 0.05852500 -0.01353400
v -0.02251900 0.05852500 -0.01746900
v -0.02251900 0.05852500 -0.01746900
v -0.01934500 0.05852500 -0.02092900
v -0.01934500 0.05852500 -0.02092900
v -0.01564600 0.05852500 -0.02382100
v -0.01564600 0.05852500 -0.02382100
v -0.01152200 0.05852500 -0.02606700
v -0.01152200 0.05852500 -0.02606700
v -0.00708500 0.05852500 -0.02760500
v -0.00708500 0.05852500 -0.02760500
v -0.00708500 0.05852500 -0.02760500
v -0.00068600 0.05852500 0.02844200
v -0.00068600 0.05852500 0.02844200
v 0.00407600 0.05852500 0.02815600
v 0.00407600 0.05852500 0.02815600
v 0.00872400 0.05852500 0.02707900
v 0.00872400 0.05852500 0.02707900
v 0.01312600 0.05852500 0.02524100
v 0.01312600 0.05852500 0.02524100
v 0.01715900 0.05852500 0.02269300
v 0.01715900 0.05852500 0.02269300
v 0.02071000 0.05852500 0.01950700
v 0.02071000 0.05852500 0.01950700
v 0.02367800 0.05852500 0.01577200
v 0.02367800 0.05852500 0.01577200
v 0.02598100 0.05852500 0.01159300
v 0.02598100 0.05852500 0.01159300
v 0.02755300 0.05852500 0.00708900
v 0.02755300 0.05852500 0.00708900
v 0.02835000 0.05852500 0.00238500
v 0.02835000 0.05852500 0.00238500
v 0.02835000 0.05852500 -0.00238500
v 0.02835000 0.05852500 -0.00238500
v 0.02755300 0.05852500 -0.00708900
v 0.02755300 0.05852500 -0.00708900
v 0.02598100 0.05852500 -0.01159300
v 0.02598100 0.05852500 -0.01159300
v 0.02367800 0.05852500 -0.01577200
v 0.02367800 0.05852500 -0.01577200
v 0.02071000 0.05852500 -0.01950700
v 0.02071000 0.05852500 -0.01950700
v 0.01715900 0.05852500 -0.02269300
v 0.01715900 0.05852500 -0.02269300
v 0.01312600 0.05852500 -0.02524100
v 0.01312600 0.05852500 -0.02524100
v 0.00872400 0.05852500 -0.02707900
v 0.00872400 0.05852500 -0.02707900
v 0.00407600 0.05852500 -0.02815600
v 0.00407600 0.05852500 -0.02815600
v -0.00068600 0.05852500 -0.02844200
v -0.00068600 0.05852500 -0.02844200
v -0.00542900 0.05852500 -0.02792700
v -0.00542900 0.05852500 -0.02792700
v -0.00542900 0.05852500 -0.02792700
v -0.04300000 0.00582500 -0.02062400
v -0.04300000 0.00582500 -0.02062400
v -0.04300000 0.00582500 -0.02062400
v -0.04476200 0.00582500 -0.01995100
v -0.04476200 0.00582500 -0.01995100
v -0.04619400 0.00582500 -0.01872300
v -0.04619400 0.00582500 -0.01872300
v -0.04712600 0.00582500 -0.01708300
v -0.04712600 0.00582500 -0.01708300
v -0.04745000 0.00582500 -0.01522500
v -0.04745000 0.00582500 -0.01522500
v -0.04745000 0.00582500 -0.01522500
v -0.04745000 0.00582500 0.01522500
v -0.04745000 0.00582500 0.01522500
v -0.04745000 0.00582500 0.01522500
v -0.04712600 0.00582500 0.01708300
v -0.04712600 0.00582500 0.01708300
v -0.04619400 0.00582500 0.01872300
v -0.04619400 0.00582500 0.01872300
v -0.04476200 0.00582500 0.01995100
v -0.04476200 0.00582500 0.01995100
v -0.04300000 0.00582500 0.02062400
v -0.04300000 0.00582500 0.02062400
v -0.04300000 0.00582500 0.02062400
v -0.00500000 0.00265000 -0.02020800
v -0.00500000 0.00265000 -0.02020800
v -0.00500000 0.00265000 -0.02020800
v -0.00489700 0.00265000 -0.02065000
v -0.00489700 0.00265000 -0.02065000
v -0.00460800 0.00265000 -0.02100200
v -0.00460800 0.00265000 -0.02100200
v -0.00419400 0.00265000 -0.02118900
v -0.00419400 0.00265000 -0.02118900
v -0.00419400 0.00265000 -0.02118900
v -0.00012300 0.00265000 -0.02160000
v -0.00012300 0.00265000 -0.02160000
v 0.00395200 0.00265000 -0.02123500
v 0.00395200 0.00265000 -0.02123500
v 0.00788600 0.00265000 -0.02010900
v 0.00788600 0.00265000 -0.02010900
v 0.01153600 0.00265000 -0.01826100
v 0.01153600 0.00265000 -0.01826100
v 0.01477300 0.00265000 -0.01575800
v 0.01477300 0.00265000 -0.01575800
v 0.01748000 0.00265000 -0.01269000
v 0.01748000 0.00265000 -0.01269000
v 0.01955900 0.00265000 -0.00916600
v 0.01955900 0.00265000 -0.00916600
v 0.02093600 0.00265000 -0.00531300
v 0.02093600 0.00265000 -0.00531300
v 0.02156300 0.00265000 -0.00127000
v 0.02156300 0.00265000 -0.00127000
v 0.02141500 0.00265000 0.00281900
v 0.02141500 0.00265000 0.00281900
v 0.02049900 0.00265000 0.00680700
v 0.02049900 0.00265000 0.00680700
v 0.01884800 0.00265000 0.01055100
v 0.01884800 0.00265000 0.01055100
v 0.01652000 0.00265000 0.01391600
v 0.01652000 0.00265000 0.01391600
v 0.01360000 0.00265000 0.01678100
v 0.01360000 0.00265000 0.01678100
v 0.01019100 0.00265000 0.01904500
v 0.01019100 0.00265000 0.01904500
v 0.00641700 0.00265000 0.02062500
v 0.00641700 0.00265000 0.02062500
v 0.00241200 0.00265000 0.02146500
v 0.00241200 0.00265000 0.02146500
v -0.00167900 0.00265000 0.02153500
v -0.00167900 0.00265000 0.02153500
v -0.00570900 0.00265000 0.02083200
v -0.00570900 0.00265000 0.02083200
v -0.00953500 0.00265000 0.01938100
v -0.00953500 0.00265000 0.01938100
v -0.00953500 0.00265000 0.01938100
v -0.00568100 0.00265000 -0.01686900
v -0.00568100 0.00265000 -0.01686900
v -0.00568100 0.00265000 -0.01686900
v -0.00532600 0.00265000 -0.01707800
v -0.00532600 0.00265000 -0.01707800
v -0.00508500 0.00265000 -0.01741300
v -0.00508500 0.00265000 -0.01741300
v -0.00500000 0.00265000 -0.01781700
v -0.00500000 0.00265000 -0.01781700
v -0.00500000 0.00265000 -0.01781700
v -0.04745000 0.00265000 -0.01522500
v -0.04745000 0.00265000 -0.01522500
v -0.04745000 0.00265000 -0.01522500
v -0.04712600 0.00265000 -0.01708300
v -0.04712600 0.00265000 -0.01708300
v -0.04619400 0.00265000 -0.01872300
v -0.04619400 0.00265000 -0.01872300
v -0.04476200 0.00265000 -0.01995100
v -0.04476200 0.00265000 -0.01995100
v -0.04300000 0.00265000 -0.02062400
v -0.04300000 0.00265000 -0.02062400
v -0.04300000 0.00265000 -0.02062400
v -0.00542900 0.00265000 -0.02792700
v -0.00542900 0.00265000 -0.02792700
v -0.00542900 0.00265000 -0.02792700
v -0.00068600 0.00265000 -0.02844200
v -0.00068600 0.00265000 -0.02844200
v 0.00407600 0.00265000 -0.02815600
v 0.00407600 0.00265000 -0.02815600
v 0.00872400 0.00265000 -0.02707900
v 0.00872400 0.00265000 -0.02707900
v 0.01312600 0.00265000 -0.02524100
v 0.01312600 0.00265000 -0.02524100
v 0.01715900 0.00265000 -0.02269300
v 0.01715900 0.00265000 -0.02269300
v 0.02071000 0.00265000 -0.01950700
v 0.02071000 0.00265000 -0.01950700
v 0.02367800 0.00265000 -0.01577200
v 0.02367800 0.00265000 -0.01577200
v 0.02598100 0.00265000 -0.01159300
v 0.02598100 0.00265000 -0.01159300
v 0.02755300 0.00265000 -0.00708900
v 0.02755300 0.00265000 -0.00708900
v 0.02835000 0.00265000 -0.00238500
v 0.02835000 0.00265000 -0.00238500
v 0.02835000 0.00265000 0.00238500
v 0.02835000 0.00265000 0.00238500
v 0.02755300 0.00265000 0.00708900
v 0.02755300 0.00265000 0.00708900
v 0.02598100 0.00265000 0.01159300
v 0.02598100 0.00265000 0.01159300
v 0.02367800 0.00265000 0.01577200
v 0.02367800 0.00265000 0.01577200
v 0.02071000 0.00265000 0.01950700
v 0.02071000 0.00265000 0.01950700
v 0.01715900 0.00265000 0.02269300
v 0.01715900 0.00265000 0.02269300
v 0.01312600 0.00265000 0.02524100
v 0.01312600 0.00265000 0.02524100
v 0.00872400 0.00265000 0.02707900
v 0.00872400 0.00265000 0.02707900
v 0.00407600 0.00265000 0.02815600
v 0.00407600 0.00265000 0.02815600
v -0.00068600 0.00265000 0.02844200
v -0.00068600 0.00265000 0.02844200
v -0.00542900 0.00265000 0.02792700
v -0.00542900 0.00265000 0.02792700
v -0.00542900 0.00265000 0.02792700
v -0.04300000 0.00265000 0.02062400
v -0.04300000 0.00265000 0.02062400
v -0.04300000 0.00265000 0.02062400
v -0.04476200 0.00265000 0.01995100
v -0.04476200 0.00265000 0.01995100
v -0.04619400 0.00265000 0.01872300
v -0.04619400 0.00265000 0.01872300
v -0.04712600 0.00265000 0.01708300
v -0.04712600 0.00265000 0.01708300
v -0.04745000 0.00265000 0.01522500
v -0.04745000 0.00265000 0.01522500
v -0.04745000 0.00265000 0.01522500
v -0.00896100 0.00265000 -0.01538000
v -0.00896100 0.00265000 -0.01538000
v -0.01187400 0.00265000 -0.01326000
v -0.01187400 0.00265000 -0.01326000
v -0.01430100 0.00265000 -0.01059800
v -0.01430100 0.00265000 -0.01059800
v -0.01614200 0.00265000 -0.00750100
v -0.01614200 0.00265000 -0.00750100
v -0.01732200 0.00265000 -0.00409700
v -0.01732200 0.00265000 -0.00409700
v -0.01779200 0.00265000 -0.00052600
v -0.01779200 0.00265000 -0.00052600
v -0.01753400 0.00265000 0.00306800
v -0.01753400 0.00265000 0.00306800
v -0.01655700 0.00265000 0.00653500
v -0.01655700 0.00265000 0.00653500
v -0.01490200 0.00265000 0.00973500
v -0.01490200 0.00265000 0.00973500
v -0.01263600 0.00265000 0.01253600
v -0.01263600 0.00265000 0.01253600
v -0.00985300 0.00265000 0.01482400
v -0.00985300 0.00265000 0.01482400
v -0.00985300 0.00265000 0.01482400
v -0.00956400 0.00265000 0.01511800
v -0.00956400 0.00265000 0.01511800
v -0.00941900 0.00265000 0.01550400
v -0.00941900 0.00265000 0.01550400
v -0.00944100 0.00265000 0.01591600
v -0.00944100 0.00265000 0.01591600
v -0.00944100 0.00265000 0.01591600
v -0.01006000 0.00265000 0.01822500
v -0.01006000 0.00265000 0.01822500
v -0.01006000 0.00265000 0.01822500
v -0.01007500 0.00265000 0.01867900
v -0.01007500 0.00265000 0.01867900
v -0.00988700 0.00265000 0.01909300
v -0.00988700 0.00265000 0.01909300
vn 0.00000000 0.00000000 100.00000000
vn 0.00000000 0.00000000 100.00000000
vn 0.00000000 100.00000000 -0.00000000
vn -21.49704400 0.00000000 97.66205600
vn 0.00000000 100.00000000 -0.00000000
vn -41.98891000 0.00000000 90.75754200
vn 0.00000000 100.00000000 -0.00000000
vn 0.00000000 100.00000000 -0.00000000
vn -60.51742200 0.00000000 79.60930700
vn 0.00000000 100.00000000 -0.00000000
vn -76.21620600 0.00000000 64.73862800
vn 0.00000000 100.00000000 -0.00000000
vn -88.35120400 0.00000000 46.84084400
vn -96.35499900 0.00000000 26.75283400
vn 0.00000000 100.00000000 -0.00000000
vn 0.00000000 100.00000000 -0.00000000
vn -99.85334100 0.00000000 5.41389100
vn 0.00000000 100.00000000 -0.00000000
vn -98.68265200 -0.00000000 -16.17820000
vn -92.89767200 -0.00000000 -37.01381600
vn 0.00000000 100.00000000 -0.00000000
vn -82.76890000 -0.00000000 -56.11870700
vn 0.00000000 100.00000000 -0.00000000
vn 0.00000000 100.00000000 -0.00000000
vn -68.76994600 -0.00000000 -72.59954900
vn 0.00000000 100.00000000 -0.00000000
vn -51.55538600 -0.00000000 -85.68571800
vn 0.00000000 100.00000000 -0.00000000
vn -31.93015300 -0.00000000 -94.76531700
vn 0.00000000 100.00000000 -0.00000000
vn -10.81190200 -0.00000000 -99.41379600
vn 0.00000000 100.00000000 -0.00000000
vn 10.81190200 -0.00000000 -99.41379600
vn 0.00000000 100.00000000 -0.00000000
vn 31.93015300 -0.00000000 -94.76531700
vn 0.00000000 100.00000000 -0.00000000
vn 51.55538600 -0.00000000 -85.68571800
vn 68.76994600 -0.00000000 -72.59954900
vn 0.00000000 100.00000000 -0.00000000
vn 0.00000000 100.00000000 -0.00000000
vn 82.76890000 -0.00000000 -56.11870700
vn 0.00000000 100.00000000 -0.00000000
vn 92.89767200 -0.00000000 -37.01381600
vn 98.68265200 -0.00000000 -16.17820000
vn 0.00000000 100.00000000 -0.00000000
vn 99.85334100 0.00000000 5.41389100
vn 0.00000000 100.00000000 -0.00000000
vn 0.00000000 100.00000000 -0.00000000
vn 96.35499900 0.00000000 26.75283400
vn 0.00000000 100.00000000 -0.00000000
vn 88.35120400 0.00000000 46.84084400
vn 76.21620600 0.00000000 64.73862800
vn 0.00000000 100.00000000 -0.00000000
vn 0.00000000 100.00000000 -0.00000000
vn 60.51742200 0.00000000 79.60930700
vn 0.00000000 100.00000000 -0.00000000
vn 41.98891000 0.00000000 90.75754200
vn 21.49704400 0.00000000 97.66205600
vn 0.00000000 100.00000000 -0.00000000
vn 0.00000000 100.00000000 -0.00000000
vn 0.00000000 0.00000000 100.00000000
vn 0.00000000 0.00000000 100.00000000
vn 21.49704400 0.00000000 97.66205600
vn 0.00000000 100.00000000 -0.00000000
vn 41.98891000 0.00000000 90.75754200
vn 0.00000000 100.00000000 -0.00000000
vn 0.00000000 100.00000000 -0.00000000
vn 60.51742200 0.00000000 79.60930700
vn 76.21620600 0.00000000 64.73862800
vn 0.00000000 100.00000000 -0.00000000
vn 88.35120400 0.00000000 46.84084400
vn 0.00000000 100.00000000 -0.00000000
vn 96.35499900 0.00000000 26.75283400
vn 0.00000000 100.00000000 -0.00000000
vn 99.85334100 0.00000000 5.41389100
vn 0.00000000 100.00000000 -0.00000000
vn 98.68265200 -0.00000000 -16.17820000
vn 0.00000000 100.00000000 -0.00000000
vn 0.00000000 100.00000000 -0.00000000
vn 92.89767200 -0.00000000 -37.01381600
vn 0.00000000 100.00000000 -0.00000000
vn 82.76890000 -0.00000000 -56.11870700
vn 0.00000000 100.00000000 -0.00000000
vn 68.76994600 -0.00000000 -72.59954900
vn 0.00000000 100.00000000 -0.00000000
vn 51.55538600 -0.00000000 -85.68571800
vn 31.93015300 -0.00000000 -94.76531700
vn 0.00000000 100.00000000 -0.00000000
vn 0.00000000 100.00000000 -0.00000000
vn 10.81190200 -0.00000000 -99.41379600
vn 0.00000000 100.00000000 -0.00000000
vn -10.81190200 -0.00000000 -99.41379600
vn 0.00000000 100.00000000 -0.00000000
vn -31.93015300 -0.00000000 -94.76531700
vn 0.00000000 100.00000000 -0.00000000
vn -51.55538600 -0.00000000 -85.68571800
vn -68.76994600 -0.00000000 -72.59954900
vn 0.00000000 100.00000000 -0.00000000
vn -82.76890000 -0.00000000 -56.11870700
vn 0.00000000 100.00000000 -0.00000000
vn 0.00000000 100.00000000 -0.00000000
vn -92.89767200 -0.00000000 -37.01381600
vn -98.68265200 -0.00000000 -16.17820000
vn 0.00000000 100.00000000 -0.00000000
vn -99.85334100 0.00000000 5.41389100
vn 0.00000000 100.00000000 -0.00000000
vn 0.00000000 100.00000000 -0.00000000
vn -96.35499900 0.00000000 26.75283400
vn 0.00000000 100.00000000 -0.00000000
vn -88.35120400 0.00000000 46.84084400
vn 0.00000000 100.00000000 -0.00000000
vn -76.21620600 0.00000000 64.73862800
vn 0.00000000 100.00000000 -0.00000000
vn -60.51742200 0.00000000 79.60930700
vn -41.98891000 0.00000000 90.75754200
vn 0.00000000 100.00000000 -0.00000000
vn 0.00000000 100.00000000 -0.00000000
vn -21.49704400 0.00000000 97.66205600
vn 0.00000000 100.00000000 -0.00000000
vn -100.00000000 0.00000000 0.00000000
vn -100.00000000 0.00000000 0.00000000
vn 0.00000000 100.00000000 -0.00000000
vn -91.49865800 -0.00000000 -40.34842700
vn 0.00000000 100.00000000 -0.00000000
vn -67.44008800 -0.00000000 -73.83653900
vn 0.00000000 100.00000000 -0.00000000
vn -31.91489400 -0.00000000 -94.77045700
vn -31.91489400 -0.00000000 -94.77045700
vn -50.34356400 -0.00000000 -86.40327300
vn 0.00000000 100.00000000 -0.00000000
vn -66.71003200 -0.00000000 -74.49678900
vn 0.00000000 100.00000000 -0.00000000
vn 0.00000000 100.00000000 -0.00000000
vn -80.34388700 -0.00000000 -59.53872600
vn -90.68665000 -0.00000000 -42.14180300
vn 0.00000000 100.00000000 -0.00000000
vn -97.31465500 -0.00000000 -23.01864400
vn 0.00000000 100.00000000 -0.00000000
vn -99.95640200 -0.00000000 -2.95258300
vn 0.00000000 100.00000000 -0.00000000
vn -98.50367800 0.00000000 17.23442400
vn 0.00000000 100.00000000 -0.00000000
vn 0.00000000 100.00000000 -0.00000000
vn -93.01599100 0.00000000 36.71546500
vn 0.00000000 100.00000000 -0.00000000
vn -83.71813100 0.00000000 54.69254600
vn -70.99096100 0.00000000 70.42928000
vn 0.00000000 100.00000000 -0.00000000
vn -55.35581900 0.00000000 83.28105000
vn 0.00000000 100.00000000 -0.00000000
vn -55.35581900 0.00000000 83.28105000
vn -84.25242600 0.00000000 53.86584100
vn 0.00000000 100.00000000 -0.00000000
vn -98.82385800 0.00000000 15.29199300
vn 0.00000000 100.00000000 -0.00000000
vn -96.59258300 -0.00000000 -25.88190500
vn 0.00000000 100.00000000 -0.00000000
vn -96.59258300 -0.00000000 -25.88190500
vn -96.59258300 -0.00000000 -25.88190500
vn -96.59258300 -0.00000000 -25.88190500
vn 0.00000000 100.00000000 -0.00000000
vn -98.07245300 0.00000000 19.53954700
vn 0.00000000 100.00000000 -0.00000000
vn -79.29743700 0.00000000 60.92550000
vn 0.00000000 100.00000000 -0.00000000
vn -44.14513400 0.00000000 89.72851900
vn 0.00000000 100.00000000 -0.00000000
vn -44.14513400 0.00000000 89.72851900
vn -26.43253200 0.00000000 96.44335800
vn 0.00000000 100.00000000 -0.00000000
vn 0.00000000 100.00000000 -0.00000000
vn -7.77146400 0.00000000 99.69756400
vn 0.00000000 100.00000000 -0.00000000
vn 11.16846400 0.00000000 99.37437000
vn 29.70763900 0.00000000 95.48537200
vn 0.00000000 100.00000000 -0.00000000
vn 47.18082800 0.00000000 88.17011600
vn 0.00000000 100.00000000 -0.00000000
vn 0.00000000 100.00000000 -0.00000000
vn 62.96105100 0.00000000 77.69109400
vn 0.00000000 100.00000000 -0.00000000
vn 76.48207100 0.00000000 64.42431900
vn 87.25872100 0.00000000 48.84583500
vn 0.00000000 100.00000000 -0.00000000
vn 0.00000000 100.00000000 -0.00000000
vn 94.90430700 0.00000000 31.51464000
vn 0.00000000 100.00000000 -0.00000000
vn 99.14448600 0.00000000 13.05261900
vn 0.00000000 100.00000000 -0.00000000
vn 99.82711000 -0.00000000 -5.87776200
vn 0.00000000 100.00000000 -0.00000000
vn 96.92768500 -0.00000000 -24.59723500
vn 0.00000000 100.00000000 -0.00000000
vn 90.55024800 -0.00000000 -42.43409600
vn 0.00000000 100.00000000 -0.00000000
vn 80.92364000 -0.00000000 -58.74831500
vn 0.00000000 100.00000000 -0.00000000
vn 68.39328600 -0.00000000 -72.95449600
vn 53.40880800 -0.00000000 -84.54288400
vn 0.00000000 100.00000000 -0.00000000
vn 36.50788700 -0.00000000 -93.09765900
vn 0.00000000 100.00000000 -0.00000000
vn 0.00000000 100.00000000 -0.00000000
vn 18.29697000 -0.00000000 -98.31185500
vn -0.57048800 -0.00000000 -99.99837300
vn 0.00000000 100.00000000 -0.00000000
vn -19.41747600 -0.00000000 -98.09669500
vn -19.41747600 -0.00000000 -98.09669500
vn 0.00000000 100.00000000 -0.00000000
vn -60.82676300 -0.00000000 -79.37320000
vn 0.00000000 100.00000000 -0.00000000
vn -89.67350900 -0.00000000 -44.25677200
vn 0.00000000 100.00000000 -0.00000000
vn -100.00000000 0.00000000 0.00000000
vn -100.00000000 0.00000000 0.00000000
vn 0.00000000 100.00000000 -0.00000000
vn 19.08254200 -0.00000000 -98.16239900
vn 19.08254200 -0.00000000 -98.16239900
vn 19.08254200 -0.00000000 -98.16239900
vn 19.08254200 -0.00000000 -98.16239900
vn 24.86115200 -0.00000000 -96.86032800
vn 19.08254200 -0.00000000 -98.16239900
vn -0.00000000 -100.00000000 0.00000000
vn 19.08254200 -0.00000000 -98.16239900
vn 24.86115200 -0.00000000 -96.86032800
vn -0.00000000 -100.00000000 0.00000000
vn 19.08254200 -0.00000000 -98.16239900
vn -0.00000000 -100.00000000 0.00000000
vn 19.08254200 -0.00000000 -98.16239900
vn -0.00000000 -100.00000000 0.00000000
vn 40.42788400 -0.00000000 -91.46357800
vn -0.00000000 -100.00000000 0.00000000
vn 54.89721000 -0.00000000 -83.58406800
vn 67.87636100 -0.00000000 -73.43568400
vn -0.00000000 -100.00000000 0.00000000
vn -0.00000000 -100.00000000 0.00000000
vn 79.01302200 -0.00000000 -61.29390200
vn 88.00488900 -0.00000000 -47.48830900
vn -0.00000000 -100.00000000 0.00000000
vn 94.60788100 -0.00000000 -32.39365600
vn -0.00000000 -100.00000000 0.00000000
vn 98.64276000 -0.00000000 -16.41968200
vn -0.00000000 -100.00000000 0.00000000
vn 100.00000000 -0.00000000 0.00000000
vn -0.00000000 -100.00000000 0.00000000
vn 98.64276000 0.00000000 16.41968200
vn -0.00000000 -100.00000000 0.00000000
vn 94.60788100 0.00000000 32.39365600
vn -0.00000000 -100.00000000 0.00000000
vn 88.00488900 0.00000000 47.48830900
vn -0.00000000 -100.00000000 0.00000000
vn 79.01302200 0.00000000 61.29390200
vn -0.00000000 -100.00000000 0.00000000
vn 67.87636100 0.00000000 73.43568400
vn -0.00000000 -100.00000000 0.00000000
vn 54.89721000 0.00000000 83.58406800
vn -0.00000000 -100.00000000 0.00000000
vn 40.42788400 0.00000000 91.46357800
vn -0.00000000 -100.00000000 0.00000000
vn -0.00000000 -100.00000000 0.00000000
vn 19.08254200 0.00000000 98.16239900
vn 24.86115200 0.00000000 96.86032800
vn 19.08254200 0.00000000 98.16239900
vn -0.00000000 -100.00000000 0.00000000
vn 24.86115200 0.00000000 96.86032800
vn 40.42788400 0.00000000 91.46357800
vn -0.00000000 -100.00000000 0.00000000
vn 54.89721000 0.00000000 83.58406800
vn -0.00000000 -100.00000000 0.00000000
vn -0.00000000 -100.00000000 0.00000000
vn 67.87636100 0.00000000 73.43568400
vn -0.00000000 -100.00000000 0.00000000
vn 79.01302200 0.00000000 61.29390200
vn -0.00000000 -100.00000000 0.00000000
vn 88.00488900 0.00000000 47.48830900
vn -0.00000000 -100.00000000 0.00000000
vn 94.60788100 0.00000000 32.39365600
vn 98.64276000 0.00000000 16.41968200
vn -0.00000000 -100.00000000 0.00000000
vn -0.00000000 -100.00000000 0.00000000
vn 100.00000000 -0.00000000 0.00000000
vn 98.64276000 -0.00000000 -16.41968200
vn -0.00000000 -100.00000000 0.00000000
vn -0.00000000 -100.00000000 0.00000000
vn 94.60788100 -0.00000000 -32.39365600
vn 88.00488900 -0.00000000 -47.48830900
vn -0.00000000 -100.00000000 0.00000000
vn -0.00000000 -100.00000000 0.00000000
vn 79.01302200 -0.00000000 -61.29390200
vn -0.00000000 -100.00000000 0.00000000
vn 67.87636100 -0.00000000 -73.43568400
vn 54.89721000 -0.00000000 -83.58406800
vn -0.00000000 -100.00000000 0.00000000
vn 40.42788400 -0.00000000 -91.46357800
vn -0.00000000 -100.00000000 0.00000000
vn -0.00000000 -100.00000000 0.00000000
vn 19.08254200 0.00000000 98.16239900
vn 19.08254200 0.00000000 98.16239900
vn 2.41149700 0.00000000 99.97091900
vn -0.00000000 -100.00000000 0.00000000
vn -14.32735900 0.00000000 98.96831200
vn -0.00000000 -100.00000000 0.00000000
vn -0.00000000 -100.00000000 0.00000000
vn -30.66333600 0.00000000 95.18277000
vn -0.00000000 -100.00000000 0.00000000
vn -46.13707800 0.00000000 88.72074200
vn -0.00000000 -100.00000000 0.00000000
vn -60.31347100 0.00000000 79.76393500
vn -0.00000000 -100.00000000 0.00000000
vn -72.79388200 0.00000000 68.56420900
vn -0.00000000 -100.00000000 0.00000000
vn -83.22736800 0.00000000 55.43649600
vn -91.32054800 0.00000000 40.74994000
vn -0.00000000 -100.00000000 0.00000000
vn -96.84584300 0.00000000 24.91751700
vn -0.00000000 -100.00000000 0.00000000
vn -0.00000000 -100.00000000 0.00000000
vn -99.64788700 0.00000000 8.38442700
vn -99.64788700 -0.00000000 -8.38442800
vn -0.00000000 -100.00000000 0.00000000
vn -0.00000000 -100.00000000 0.00000000
vn -96.84584300 -0.00000000 -24.91751700
vn -0.00000000 -100.00000000 0.00000000
vn -91.32054800 -0.00000000 -40.74994000
vn -0.00000000 -100.00000000 0.00000000
vn -83.22736800 -0.00000000 -55.43649600
vn -72.79388100 -0.00000000 -68.56420900
vn -0.00000000 -100.00000000 0.00000000
vn -60.31347100 -0.00000000 -79.76393500
vn -0.00000000 -100.00000000 0.00000000
vn -0.00000000 -100.00000000 0.00000000
vn -46.13707800 -0.00000000 -88.72074200
vn -30.66333600 -0.00000000 -95.18277000
vn -0.00000000 -100.00000000 0.00000000
vn -14.32735900 -0.00000000 -98.96831200
vn -0.00000000 -100.00000000 0.00000000
vn -0.00000000 -100.00000000 0.00000000
vn 2.41149700 -0.00000000 -99.97091900
vn -0.00000000 -100.00000000 0.00000000
vn 19.08254200 -0.00000000 -98.16239900
vn 19.08254200 -0.00000000 -98.16239900
vn -0.00000000 -100.00000000 0.00000000
vn 51.13038700 -0.00000000 -85.93999900
vn 77.16299100 -0.00000000 -63.60717600
vn -0.00000000 -100.00000000 0.00000000
vn -0.00000000 -100.00000000 0.00000000
vn 94.11774300 -0.00000000 -33.79127800
vn -0.00000000 -100.00000000 0.00000000
vn 100.00000000 -0.00000000 -0.00000000
vn 100.00000000 -0.00000000 -0.00000000
vn 100.00000000 -0.00000000 -0.00000000
vn 100.00000000 -0.00000000 -0.00000000
vn -0.00000000 -100.00000000 0.00000000
vn 94.11774300 0.00000000 33.79127800
vn -0.00000000 -100.00000000 0.00000000
vn -0.00000000 -100.00000000 0.00000000
vn 77.16299100 0.00000000 63.60717600
vn -0.00000000 -100.00000000 0.00000000
vn 51.13038700 0.00000000 85.93999900
vn 19.08254200 0.00000000 98.16239900
vn -0.00000000 -100.00000000 0.00000000
vn 19.08254200 0.00000000 98.16239900
vn 0.00000000 100.00000000 -0.00000000
vn -19.41747600 -0.00000000 -98.09669500
vn -19.41747600 -0.00000000 -98.09669500
vn 0.00000000 100.00000000 -0.00000000
vn -60.82676300 -0.00000000 -79.37320000
vn 0.00000000 100.00000000 -0.00000000
vn -89.67350900 -0.00000000 -44.25677200
vn 0.00000000 100.00000000 -0.00000000
vn -100.00000000 0.00000000 0.00000000
vn -100.00000000 0.00000000 0.00000000
vn -44.14513400 0.00000000 89.72851900
vn -44.14513400 0.00000000 89.72851900
vn 0.00000000 100.00000000 -0.00000000
vn -26.43253200 0.00000000 96.44335800
vn 0.00000000 100.00000000 -0.00000000
vn 0.00000000 100.00000000 -0.00000000
vn -7.77146400 0.00000000 99.69756400
vn 11.16846400 0.00000000 99.37437000
vn 0.00000000 100.00000000 -0.00000000
vn 29.70763900 0.00000000 95.48537200
vn 0.00000000 100.00000000 -0.00000000
vn 47.18082800 0.00000000 88.17011600
vn 0.00000000 100.00000000 -0.00000000
vn 0.00000000 100.00000000 -0.00000000
vn 62.96105100 0.00000000 77.69109400
vn 0.00000000 100.00000000 -0.00000000
vn 76.48207100 0.00000000 64.42431900
vn 0.00000000 100.00000000 -0.00000000
vn 87.25872100 0.00000000 48.84583500
vn 0.00000000 100.00000000 -0.00000000
vn 94.90430700 0.00000000 31.51464000
vn 0.00000000 100.00000000 -0.00000000
vn 99.14448600 0.00000000 13.05261900
vn 0.00000000 100.00000000 -0.00000000
vn 99.82711000 -0.00000000 -5.87776200
vn 96.92768500 -0.00000000 -24.59723500
vn 0.00000000 100.00000000 -0.00000000
vn 0.00000000 100.00000000 -0.00000000
vn 90.55024800 -0.00000000 -42.43409600
vn 80.92364000 -0.00000000 -58.74831500
vn 0.00000000 100.00000000 -0.00000000
vn 0.00000000 100.00000000 -0.00000000
vn 68.39328600 -0.00000000 -72.95449600
vn 0.00000000 100.00000000 -0.00000000
vn 53.40880800 -0.00000000 -84.54288400
vn 36.50788700 -0.00000000 -93.09765900
vn 0.00000000 100.00000000 -0.00000000
vn 0.00000000 100.00000000 -0.00000000
vn 18.29697000 -0.00000000 -98.31185500
vn 0.00000000 100.00000000 -0.00000000
vn -0.57048800 -0.00000000 -99.99837300
vn 0.00000000 100.00000000 -0.00000000
vn -100.00000000 0.00000000 -0.00000000
vn -100.00000000 0.00000000 -0.00000000
vn -91.49865800 -0.00000000 -40.34842700
vn 0.00000000 100.00000000 -0.00000000
vn -67.44008800 -0.00000000 -73.83653900
vn 0.00000000 100.00000000 -0.00000000
vn -31.91489400 -0.00000000 -94.77045700
vn 0.00000000 100.00000000 -0.00000000
vn -31.91489400 -0.00000000 -94.77045700
vn -96.59258300 -0.00000000 -25.88190500
vn 0.00000000 100.00000000 -0.00000000
vn -96.59258300 -0.00000000 -25.88190500
vn -98.07245300 0.00000000 19.53954700
vn 0.00000000 100.00000000 -0.00000000
vn -79.29743700 0.00000000 60.92550000
vn 0.00000000 100.00000000 -0.00000000
vn -96.59258300 -0.00000000 -25.88190500
vn 0.00000000 100.00000000 -0.00000000
vn -96.59258300 -0.00000000 -25.88190500
vn -55.35581900 0.00000000 83.28105000
vn 0.00000000 100.00000000 -0.00000000
vn -55.35581900 0.00000000 83.28105000
vn -84.25242600 0.00000000 53.86584100
vn 0.00000000 100.00000000 -0.00000000
vn -98.82385800 0.00000000 15.29199300
vn 0.00000000 100.00000000 -0.00000000
vn 100.00000000 -0.00000000 -0.00000000
vn 100.00000000 -0.00000000 -0.00000000
vn 0.00000000 100.00000000 -0.00000000
vn 0.00000000 100.00000000 -0.00000000
vn 94.11774300 0.00000000 33.79127800
vn 0.00000000 100.00000000 -0.00000000
vn 77.16299100 0.00000000 63.60717600
vn 0.00000000 100.00000000 -0.00000000
vn 51.13038700 0.00000000 85.93999900
vn 0.00000000 100.00000000 -0.00000000
vn 19.08254200 0.00000000 98.16239900
vn 19.08254200 0.00000000 98.16239900
vn 0.00000000 100.00000000 -0.00000000
vn 19.08254200 0.00000000 98.16239900
vn 19.08254200 0.00000000 98.16239900
vn 0.00000000 100.00000000 -0.00000000
vn 100.00000000 -0.00000000 -0.00000000
vn 100.00000000 -0.00000000 -0.00000000
vn 0.00000000 100.00000000 -0.00000000
vn 94.11774300 -0.00000000 -33.79127800
vn 77.16299100 -0.00000000 -63.60717600
vn 0.00000000 100.00000000 -0.00000000
vn 51.13038700 -0.00000000 -85.93999900
vn 0.00000000 100.00000000 -0.00000000
vn 19.08254200 -0.00000000 -98.16239900
vn 19.08254200 -0.00000000 -98.16239900
vn 0.00000000 100.00000000 -0.00000000
vn 19.08254200 -0.00000000 -98.16239900
vn 19.08254200 -0.00000000 -98.16239900
vn 0.00000000 100.00000000 -0.00000000
vn 2.41149700 -0.00000000 -99.97091900
vn 0.00000000 100.00000000 -0.00000000
vn -14.32735900 -0.00000000 -98.96831200
vn 0.00000000 100.00000000 -0.00000000
vn -30.66333600 -0.00000000 -95.18277000
vn 0.00000000 100.00000000 -0.00000000
vn 0.00000000 100.00000000 -0.00000000
vn -46.13707800 -0.00000000 -88.72074200
vn -60.31347100 -0.00000000 -79.76393500
vn 0.00000000 100.00000000 -0.00000000
vn -72.79388100 -0.00000000 -68.56420900
vn 0.00000000 100.00000000 -0.00000000
vn -83.22736800 -0.00000000 -55.43649600
vn 0.00000000 100.00000000 -0.00000000
vn -91.32054800 -0.00000000 -40.74994000
vn 0.00000000 100.00000000 -0.00000000
vn 0.00000000 100.00000000 -0.00000000
vn -96.84584300 -0.00000000 -24.91751700
vn 0.00000000 100.00000000 -0.00000000
vn -99.64788700 -0.00000000 -8.38442800
vn -99.64788700 0.00000000 8.38442700
vn 0.00000000 100.00000000 -0.00000000
vn 0.00000000 100.00000000 -0.00000000
vn -96.84584300 0.00000000 24.91751700
vn 0.00000000 100.00000000 -0.00000000
vn -91.32054800 0.00000000 40.74994000
vn -83.22736800 0.00000000 55.43649600
vn 0.00000000 100.00000000 -0.00000000
vn 0.00000000 100.00000000 -0.00000000
vn -72.79388200 0.00000000 68.56420900
vn 0.00000000 100.00000000 -0.00000000
vn -60.31347100 0.00000000 79.76393500
vn 0.00000000 100.00000000 -0.00000000
vn -46.13707800 0.00000000 88.72074200
vn -30.66333600 0.00000000 95.18277000
vn 0.00000000 100.00000000 -0.00000000
vn 0.00000000 100.00000000 -0.00000000
vn -14.32735900 0.00000000 98.96831200
vn 0.00000000 100.00000000 -0.00000000
vn 2.41149700 0.00000000 99.97091900
vn -70.99096100 0.00000000 70.42928000
vn 0.00000000 100.00000000 -0.00000000
vn 0.00000000 100.00000000 -0.00000000
vn -83.71813100 0.00000000 54.69254600
vn -93.01599100 0.00000000 36.71546500
vn 0.00000000 100.00000000 -0.00000000
vn 0.00000000 100.00000000 -0.00000000
vn -98.50367800 0.00000000 17.23442400
vn -99.95640200 -0.00000000 -2.95258300
vn 0.00000000 100.00000000 -0.00000000
vn 0.00000000 100.00000000 -0.00000000
vn -97.31465500 -0.00000000 -23.01864400
vn -90.68665000 -0.00000000 -42.14180300
vn 0.00000000 100.00000000 -0.00000000
vn 0.00000000 100.00000000 -0.00000000
vn -80.34388700 -0.00000000 -59.53872600
vn 0.00000000 100.00000000 -0.00000000
vn -66.71003200 -0.00000000 -74.49678900
vn 0.00000000 100.00000000 -0.00000000
vn -50.34356400 -0.00000000 -86.40327300
vn -100.00000000 0.00000000 -0.00000000
vn -100.00000000 0.00000000 -0.00000000
vn -0.00000000 -100.00000000 0.00000000
vn -97.66205600 -0.00000000 -21.49704400
vn -0.00000000 -100.00000000 0.00000000
vn -90.75754200 -0.00000000 -41.98891000
vn -0.00000000 -100.00000000 0.00000000
vn -79.60930700 -0.00000000 -60.51742200
vn -0.00000000 -100.00000000 0.00000000
vn -0.00000000 -100.00000000 0.00000000
vn -64.73862800 -0.00000000 -76.21620600
vn -46.84084400 -0.00000000 -88.35120400
vn -0.00000000 -100.00000000 0.00000000
vn -0.00000000 -100.00000000 0.00000000
vn -26.75283400 -0.00000000 -96.35499900
vn -0.00000000 -100.00000000 0.00000000
vn -5.41389100 -0.00000000 -99.85334100
vn 16.17820000 -0.00000000 -98.68265200
vn -0.00000000 -100.00000000 0.00000000
vn -0.00000000 -100.00000000 0.00000000
vn 37.01381600 -0.00000000 -92.89767200
vn -0.00000000 -100.00000000 0.00000000
vn 56.11870700 -0.00000000 -82.76890000
vn -0.00000000 -100.00000000 0.00000000
vn 72.59954900 -0.00000000 -68.76994600
vn -0.00000000 -100.00000000 0.00000000
vn 85.68571800 -0.00000000 -51.55538600
vn -0.00000000 -100.00000000 0.00000000
vn 94.76531700 -0.00000000 -31.93015300
vn -0.00000000 -100.00000000 0.00000000
vn 99.41379600 -0.00000000 -10.81190200
vn 99.41379600 0.00000000 10.81190200
vn -0.00000000 -100.00000000 0.00000000
vn -0.00000000 -100.00000000 0.00000000
vn 94.76531700 0.00000000 31.93015300
vn -0.00000000 -100.00000000 0.00000000
vn 85.68571800 0.00000000 51.55538600
vn -0.00000000 -100.00000000 0.00000000
vn 72.59954900 0.00000000 68.76994600
vn 56.11870700 0.00000000 82.76890000
vn -0.00000000 -100.00000000 0.00000000
vn -0.00000000 -100.00000000 0.00000000
vn 37.01381600 0.00000000 92.89767200
vn -0.00000000 -100.00000000 0.00000000
vn 16.17820000 0.00000000 98.68265200
vn -0.00000000 -100.00000000 0.00000000
vn -5.41389100 0.00000000 99.85334100
vn -26.75283400 0.00000000 96.35499900
vn -0.00000000 -100.00000000 0.00000000
vn -0.00000000 -100.00000000 0.00000000
vn -46.84084400 0.00000000 88.35120400
vn -0.00000000 -100.00000000 0.00000000
vn -64.73862800 0.00000000 76.21620600
vn -0.00000000 -100.00000000 0.00000000
vn -79.60930700 0.00000000 60.51742200
vn -90.75754200 0.00000000 41.98891000
vn -0.00000000 -100.00000000 0.00000000
vn -0.00000000 -100.00000000 0.00000000
vn -97.66205600 0.00000000 21.49704400
vn -100.00000000 0.00000000 -0.00000000
vn -0.00000000 -100.00000000 0.00000000
vn -100.00000000 0.00000000 -0.00000000
vn -0.00000000 -100.00000000 0.00000000
vn -97.66205600 0.00000000 21.49704400
vn -0.00000000 -100.00000000 0.00000000
vn -90.75754200 0.00000000 41.98891000
vn -0.00000000 -100.00000000 0.00000000
vn -79.60930700 0.00000000 60.51742200
vn -0.00000000 -100.00000000 0.00000000
vn -64.73862800 0.00000000 76.21620600
vn -46.84084400 0.00000000 88.35120400
vn -0.00000000 -100.00000000 0.00000000
vn -26.75283400 0.00000000 96.35499900
vn -0.00000000 -100.00000000 0.00000000
vn -5.41389100 0.00000000 99.85334100
vn -0.00000000 -100.00000000 0.00000000
vn -0.00000000 -100.00000000 0.00000000
vn 16.17820000 0.00000000 98.68265200
vn 37.01381600 0.00000000 92.89767200
vn -0.00000000 -100.00000000 0.00000000
vn 56.11870700 0.00000000 82.76890000
vn -0.00000000 -100.00000000 0.00000000
vn 72.59954900 0.00000000 68.76994600
vn -0.00000000 -100.00000000 0.00000000
vn 85.68571800 0.00000000 51.55538600
vn -0.00000000 -100.00000000 0.00000000
vn 94.76531700 0.00000000 31.93015300
vn -0.00000000 -100.00000000 0.00000000
vn 99.41379600 0.00000000 10.81190200
vn -0.00000000 -100.00000000 0.00000000
vn -0.00000000 -100.00000000 0.00000000
vn 99.41379600 -0.00000000 -10.81190200
vn 94.76531700 -0.00000000 -31.93015300
vn -0.00000000 -100.00000000 0.00000000
vn 85.68571800 -0.00000000 -51.55538600
vn -0.00000000 -100.00000000 0.00000000
vn 72.59954900 -0.00000000 -68.76994600
vn -0.00000000 -100.00000000 0.00000000
vn 56.11870700 -0.00000000 -82.76890000
vn -0.00000000 -100.00000000 0.00000000
vn 37.01381600 -0.00000000 -92.89767200
vn -0.00000000 -100.00000000 0.00000000
vn -0.00000000 -100.00000000 0.00000000
vn 16.17820000 -0.00000000 -98.68265200
vn -5.41389100 -0.00000000 -99.85334100
vn -0.00000000 -100.00000000 0.00000000
vn -26.75283400 -0.00000000 -96.35499900
vn -0.00000000 -100.00000000 0.00000000
vn -46.84084400 -0.00000000 -88.35120400
vn -0.00000000 -100.00000000 0.00000000
vn -64.73862800 -0.00000000 -76.21620600
vn -0.00000000 -100.00000000 0.00000000
vn -0.00000000 -100.00000000 0.00000000
vn -79.60930700 -0.00000000 -60.51742200
vn -90.75754200 -0.00000000 -41.98891000
vn -0.00000000 -100.00000000 0.00000000
vn -97.66205600 -0.00000000 -21.49704400
vn -0.00000000 -100.00000000 0.00000000
vn 31.91489400 0.00000000 94.77045700
vn 31.91489400 0.00000000 94.77045700
vn -0.00000000 -100.00000000 0.00000000
vn -0.00000000 -100.00000000 0.00000000
vn 67.44008800 0.00000000 73.83653900
vn 91.49865800 0.00000000 40.34842700
vn -0.00000000 -100.00000000 0.00000000
vn -0.00000000 -100.00000000 0.00000000
vn 100.00000000 -0.00000000 0.00000000
vn 100.00000000 -0.00000000 0.00000000
vn -0.00000000 -100.00000000 0.00000000
vn 100.00000000 -0.00000000 -0.00000000
vn 100.00000000 -0.00000000 -0.00000000
vn -0.00000000 -100.00000000 0.00000000
vn 89.67350900 0.00000000 44.25677200
vn -0.00000000 -100.00000000 0.00000000
vn 60.82676300 0.00000000 79.37320000
vn -0.00000000 -100.00000000 0.00000000
vn 19.41747600 0.00000000 98.09669500
vn 19.41747600 0.00000000 98.09669500
vn 0.57048800 0.00000000 99.99837300
vn -0.00000000 -100.00000000 0.00000000
vn -0.00000000 -100.00000000 0.00000000
vn -18.29697000 0.00000000 98.31185500
vn -0.00000000 -100.00000000 0.00000000
vn -36.50788700 0.00000000 93.09765900
vn -53.40880800 0.00000000 84.54288400
vn -0.00000000 -100.00000000 0.00000000
vn -0.00000000 -100.00000000 0.00000000
vn -68.39328600 0.00000000 72.95449600
vn -0.00000000 -100.00000000 0.00000000
vn -80.92364000 0.00000000 58.74831500
vn -0.00000000 -100.00000000 0.00000000
vn -90.55024800 0.00000000 42.43409600
vn -0.00000000 -100.00000000 0.00000000
vn -96.92768500 0.00000000 24.59723500
vn -0.00000000 -100.00000000 0.00000000
vn -99.82711000 0.00000000 5.87776200
vn -99.14448600 -0.00000000 -13.05261900
vn -0.00000000 -100.00000000 0.00000000
vn -0.00000000 -100.00000000 0.00000000
vn -94.90430700 -0.00000000 -31.51464000
vn -87.25872100 -0.00000000 -48.84583500
vn -0.00000000 -100.00000000 0.00000000
vn -0.00000000 -100.00000000 0.00000000
vn -76.48207100 -0.00000000 -64.42431900
vn -0.00000000 -100.00000000 0.00000000
vn -62.96105100 -0.00000000 -77.69109400
vn -0.00000000 -100.00000000 0.00000000
vn -47.18082800 -0.00000000 -88.17011600
vn -29.70763900 -0.00000000 -95.48537200
vn -0.00000000 -100.00000000 0.00000000
vn -11.16846400 -0.00000000 -99.37437000
vn -0.00000000 -100.00000000 0.00000000
vn -0.00000000 -100.00000000 0.00000000
vn 7.77146400 -0.00000000 -99.69756400
vn 26.43253200 -0.00000000 -96.44335800
vn -0.00000000 -100.00000000 0.00000000
vn -0.00000000 -100.00000000 0.00000000
vn 44.14513400 -0.00000000 -89.72851900
vn 44.14513400 -0.00000000 -89.72851900
vn 79.29743700 -0.00000000 -60.92550000
vn -0.00000000 -100.00000000 0.00000000
vn 98.07245300 -0.00000000 -19.53954700
vn -0.00000000 -100.00000000 0.00000000
vn 96.59258300 0.00000000 25.88190500
vn -0.00000000 -100.00000000 0.00000000
vn 96.59258300 0.00000000 25.88190500
vn 96.59258300 0.00000000 25.88190500
vn 96.59258300 0.00000000 25.88190500
vn -0.00000000 -100.00000000 0.00000000
vn -0.00000000 -100.00000000 0.00000000
vn 98.82385800 -0.00000000 -15.29199300
vn 84.25242600 -0.00000000 -53.86584100
vn -0.00000000 -100.00000000 0.00000000
vn 55.35581900 -0.00000000 -83.28105000
vn 55.35581900 -0.00000000 -83.28105000
vn -0.00000000 -100.00000000 0.00000000
vn 70.99096100 -0.00000000 -70.42928000
vn -0.00000000 -100.00000000 0.00000000
vn -0.00000000 -100.00000000 0.00000000
vn 83.71813100 -0.00000000 -54.69254600
vn -0.00000000 -100.00000000 0.00000000
vn 93.01599100 -0.00000000 -36.71546500
vn -0.00000000 -100.00000000 0.00000000
vn 98.50367800 -0.00000000 -17.23442400
vn 99.95640200 0.00000000 2.95258300
vn -0.00000000 -100.00000000 0.00000000
vn -0.00000000 -100.00000000 0.00000000
vn 97.31465500 0.00000000 23.01864400
vn 90.68665000 0.00000000 42.14180300
vn -0.00000000 -100.00000000 0.00000000
vn -0.00000000 -100.00000000 0.00000000
vn 80.34388700 0.00000000 59.53872600
vn -0.00000000 -100.00000000 0.00000000
vn 66.71003200 0.00000000 74.49678900
vn 50.34356400 0.00000000 86.40327300
vn -0.00000000 -100.00000000 0.00000000
vn 0.00000000 100.00000000 -0.00000000
vn -24.86115200 0.00000000 96.86032800
vn -19.08254200 0.00000000 98.16239900
vn -19.08254200 0.00000000 98.16239900
vn -19.08254200 0.00000000 98.16239900
vn -19.08254200 0.00000000 98.16239900
vn -19.08254200 0.00000000 98.16239900
vn -19.08254200 0.00000000 98.16239900
vn -19.08254200 0.00000000 98.16239900
vn 0.00000000 100.00000000 -0.00000000
vn 0.00000000 100.00000000 -0.00000000
vn -24.86115200 0.00000000 96.86032800
vn -19.08254200 0.00000000 98.16239900
vn 0.00000000 100.00000000 -0.00000000
vn -19.08254200 -0.00000000 -98.16239900
vn -24.86115200 -0.00000000 -96.86032800
vn -40.42788400 -0.00000000 -91.46357800
vn 0.00000000 100.00000000 -0.00000000
vn -54.89721000 -0.00000000 -83.58406800
vn 0.00000000 100.00000000 -0.00000000
vn 0.00000000 100.00000000 -0.00000000
vn -67.87636100 -0.00000000 -73.43568400
vn -79.01302200 -0.00000000 -61.29390200
vn 0.00000000 100.00000000 -0.00000000
vn -88.00488900 -0.00000000 -47.48830900
vn 0.00000000 100.00000000 -0.00000000
vn 0.00000000 100.00000000 -0.00000000
vn -94.60788100 -0.00000000 -32.39365600
vn -98.64276000 -0.00000000 -16.41968200
vn 0.00000000 100.00000000 -0.00000000
vn -100.00000000 0.00000000 -0.00000000
vn 0.00000000 100.00000000 -0.00000000
vn -98.64276000 0.00000000 16.41968200
vn 0.00000000 100.00000000 -0.00000000
vn -94.60788100 0.00000000 32.39365500
vn 0.00000000 100.00000000 -0.00000000
vn 0.00000000 100.00000000 -0.00000000
vn -88.00488900 0.00000000 47.48830900
vn -79.01302200 0.00000000 61.29390200
vn 0.00000000 100.00000000 -0.00000000
vn -67.87636100 0.00000000 73.43568300
vn 0.00000000 100.00000000 -0.00000000
vn 0.00000000 100.00000000 -0.00000000
vn -54.89721000 0.00000000 83.58406800
vn 0.00000000 100.00000000 -0.00000000
vn -40.42788400 0.00000000 91.46357800
vn -40.42788400 0.00000000 91.46357800
vn 0.00000000 100.00000000 -0.00000000
vn -54.89721000 0.00000000 83.58406800
vn 0.00000000 100.00000000 -0.00000000
vn 0.00000000 100.00000000 -0.00000000
vn -67.87636100 0.00000000 73.43568300
vn 0.00000000 100.00000000 -0.00000000
vn -79.01302200 0.00000000 61.29390200
vn 0.00000000 100.00000000 -0.00000000
vn -88.00488900 0.00000000 47.48830900
vn 0.00000000 100.00000000 -0.00000000
vn -94.60788100 0.00000000 32.39365500
vn 0.00000000 100.00000000 -0.00000000
vn -98.64276000 0.00000000 16.41968200
vn 0.00000000 100.00000000 -0.00000000
vn -100.00000000 0.00000000 -0.00000000
vn 0.00000000 100.00000000 -0.00000000
vn -98.64276000 -0.00000000 -16.41968200
vn -94.60788100 -0.00000000 -32.39365600
vn 0.00000000 100.00000000 -0.00000000
vn -88.00488900 -0.00000000 -47.48830900
vn 0.00000000 100.00000000 -0.00000000
vn 0.00000000 100.00000000 -0.00000000
vn -79.01302200 -0.00000000 -61.29390200
vn 0.00000000 100.00000000 -0.00000000
vn -67.87636100 -0.00000000 -73.43568400
vn 0.00000000 100.00000000 -0.00000000
vn -54.89721000 -0.00000000 -83.58406800
vn 0.00000000 100.00000000 -0.00000000
vn -40.42788400 -0.00000000 -91.46357800
vn 0.00000000 100.00000000 -0.00000000
vn -19.08254200 -0.00000000 -98.16239900
vn -24.86115200 -0.00000000 -96.86032800
vn -2.41149700 0.00000000 99.97091900
vn 0.00000000 100.00000000 -0.00000000
vn 0.00000000 100.00000000 -0.00000000
vn 14.32735900 0.00000000 98.96831200
vn 0.00000000 100.00000000 -0.00000000
vn 30.66333600 0.00000000 95.18277000
vn 46.13707800 0.00000000 88.72074200
vn 0.00000000 100.00000000 -0.00000000
vn 0.00000000 100.00000000 -0.00000000
vn 60.31347100 0.00000000 79.76393500
vn 72.79388100 0.00000000 68.56420900
vn 0.00000000 100.00000000 -0.00000000
vn 0.00000000 100.00000000 -0.00000000
vn 83.22736800 0.00000000 55.43649600
vn 0.00000000 100.00000000 -0.00000000
vn 91.32054800 0.00000000 40.74994000
vn 96.84584300 0.00000000 24.91751700
vn 0.00000000 100.00000000 -0.00000000
vn 0.00000000 100.00000000 -0.00000000
vn 99.64788700 0.00000000 8.38442800
vn 0.00000000 100.00000000 -0.00000000
vn 99.64788700 -0.00000000 -8.38442700
vn 0.00000000 100.00000000 -0.00000000
vn 96.84584300 -0.00000000 -24.91751700
vn 0.00000000 100.00000000 -0.00000000
vn 91.32054800 -0.00000000 -40.74994000
vn 0.00000000 100.00000000 -0.00000000
vn 83.22736800 -0.00000000 -55.43649600
vn 0.00000000 100.00000000 -0.00000000
vn 72.79388200 -0.00000000 -68.56420900
vn 0.00000000 100.00000000 -0.00000000
vn 60.31347100 -0.00000000 -79.76393500
vn 46.13707800 -0.00000000 -88.72074200
vn 0.00000000 100.00000000 -0.00000000
vn 0.00000000 100.00000000 -0.00000000
vn 30.66333600 -0.00000000 -95.18277000
vn 14.32735900 -0.00000000 -98.96831200
vn 0.00000000 100.00000000 -0.00000000
vn -2.41149700 -0.00000000 -99.97091900
vn 0.00000000 100.00000000 -0.00000000
vn -19.08254200 -0.00000000 -98.16239900
vn -19.08254200 -0.00000000 -98.16239900
vn 0.00000000 100.00000000 -0.00000000
vn 0.00000000 100.00000000 -0.00000000
vn -19.08254200 -0.00000000 -98.16239900
vn -19.08254200 -0.00000000 -98.16239900
vn 0.00000000 100.00000000 -0.00000000
vn -51.13038700 -0.00000000 -85.93999900
vn 0.00000000 100.00000000 -0.00000000
vn -77.16299100 -0.00000000 -63.60717600
vn 0.00000000 100.00000000 -0.00000000
vn -94.11774300 -0.00000000 -33.79127800
vn 0.00000000 100.00000000 -0.00000000
vn -100.00000000 0.00000000 -0.00000000
vn -100.00000000 0.00000000 -0.00000000
vn 0.00000000 100.00000000 -0.00000000
vn -100.00000000 0.00000000 0.00000000
vn -100.00000000 0.00000000 0.00000000
vn -94.11774300 0.00000000 33.79127800
vn 0.00000000 100.00000000 -0.00000000
vn 0.00000000 100.00000000 -0.00000000
vn -77.16299100 0.00000000 63.60717600
vn -51.13038700 0.00000000 85.93999900
vn 0.00000000 100.00000000 -0.00000000
vn -19.08254200 0.00000000 98.16239900
vn -19.08254200 0.00000000 98.16239900
vn 0.00000000 100.00000000 -0.00000000
vn -0.00000000 -100.00000000 0.00000000
vn 100.00000000 -0.00000000 0.00000000
vn 100.00000000 -0.00000000 0.00000000
vn -0.00000000 -100.00000000 0.00000000
vn 89.67350900 0.00000000 44.25677200
vn -0.00000000 -100.00000000 0.00000000
vn 60.82676300 0.00000000 79.37320000
vn -0.00000000 -100.00000000 0.00000000
vn 19.41747600 0.00000000 98.09669500
vn 19.41747600 0.00000000 98.09669500
vn -0.00000000 -100.00000000 0.00000000
vn 0.57048800 0.00000000 99.99837300
vn -0.00000000 -100.00000000 0.00000000
vn -18.29697000 0.00000000 98.31185500
vn -0.00000000 -100.00000000 0.00000000
vn -36.50788700 0.00000000 93.09765900
vn -0.00000000 -100.00000000 0.00000000
vn -53.40880800 0.00000000 84.54288400
vn -0.00000000 -100.00000000 0.00000000
vn -68.39328600 0.00000000 72.95449600
vn -80.92364000 0.00000000 58.74831500
vn -0.00000000 -100.00000000 0.00000000
vn -90.55024800 0.00000000 42.43409600
vn -0.00000000 -100.00000000 0.00000000
vn -96.92768500 0.00000000 24.59723500
vn -0.00000000 -100.00000000 0.00000000
vn -0.00000000 -100.00000000 0.00000000
vn -99.82711000 0.00000000 5.87776200
vn -0.00000000 -100.00000000 0.00000000
vn -99.14448600 -0.00000000 -13.05261900
vn -0.00000000 -100.00000000 0.00000000
vn -94.90430700 -0.00000000 -31.51464000
vn -87.25872100 -0.00000000 -48.84583500
vn -0.00000000 -100.00000000 0.00000000
vn -76.48207100 -0.00000000 -64.42431900
vn -0.00000000 -100.00000000 0.00000000
vn -0.00000000 -100.00000000 0.00000000
vn -62.96105100 -0.00000000 -77.69109400
vn -47.18082800 -0.00000000 -88.17011600
vn -0.00000000 -100.00000000 0.00000000
vn -29.70763900 -0.00000000 -95.48537200
vn -0.00000000 -100.00000000 0.00000000
vn -0.00000000 -100.00000000 0.00000000
vn -11.16846400 -0.00000000 -99.37437000
vn -0.00000000 -100.00000000 0.00000000
vn 7.77146400 -0.00000000 -99.69756400
vn -0.00000000 -100.00000000 0.00000000
vn 26.43253200 -0.00000000 -96.44335800
vn -0.00000000 -100.00000000 0.00000000
vn 44.14513400 -0.00000000 -89.72851900
vn 44.14513400 -0.00000000 -89.72851900
vn -0.00000000 -100.00000000 0.00000000
vn 31.91489400 0.00000000 94.77045700
vn 31.91489400 0.00000000 94.77045700
vn -0.00000000 -100.00000000 0.00000000
vn 67.44008800 0.00000000 73.83653900
vn -0.00000000 -100.00000000 0.00000000
vn 91.49865800 0.00000000 40.34842700
vn 100.00000000 -0.00000000 -0.00000000
vn 100.00000000 -0.00000000 -0.00000000
vn -0.00000000 -100.00000000 0.00000000
vn -100.00000000 0.00000000 -0.00000000
vn -0.00000000 -100.00000000 0.00000000
vn -100.00000000 0.00000000 -0.00000000
vn -94.11774300 -0.00000000 -33.79127800
vn -0.00000000 -100.00000000 0.00000000
vn -0.00000000 -100.00000000 0.00000000
vn -77.16299100 -0.00000000 -63.60717600
vn -51.13038700 -0.00000000 -85.93999900
vn -0.00000000 -100.00000000 0.00000000
vn -0.00000000 -100.00000000 0.00000000
vn -19.08254200 -0.00000000 -98.16239900
vn -19.08254200 -0.00000000 -98.16239900
vn -19.08254200 -0.00000000 -98.16239900
vn -0.00000000 -100.00000000 0.00000000
vn -19.08254200 -0.00000000 -98.16239900
vn -0.00000000 -100.00000000 0.00000000
vn -2.41149700 -0.00000000 -99.97091900
vn 14.32735900 -0.00000000 -98.96831200
vn -0.00000000 -100.00000000 0.00000000
vn 30.66333600 -0.00000000 -95.18277000
vn -0.00000000 -100.00000000 0.00000000
vn 46.13707800 -0.00000000 -88.72074200
vn -0.00000000 -100.00000000 0.00000000
vn -0.00000000 -100.00000000 0.00000000
vn 60.31347100 -0.00000000 -79.76393500
vn -0.00000000 -100.00000000 0.00000000
vn 72.79388200 -0.00000000 -68.56420900
vn 83.22736800 -0.00000000 -55.43649600
vn -0.00000000 -100.00000000 0.00000000
vn -0.00000000 -100.00000000 0.00000000
vn 91.32054800 -0.00000000 -40.74994000
vn 96.84584300 -0.00000000 -24.91751700
vn -0.00000000 -100.00000000 0.00000000
vn 99.64788700 -0.00000000 -8.38442700
vn -0.00000000 -100.00000000 0.00000000
vn 99.64788700 0.00000000 8.38442800
vn -0.00000000 -100.00000000 0.00000000
vn -0.00000000 -100.00000000 0.00000000
vn 96.84584300 0.00000000 24.91751700
vn 91.32054800 0.00000000 40.74994000
vn -0.00000000 -100.00000000 0.00000000
vn -0.00000000 -100.00000000 0.00000000
vn 83.22736800 0.00000000 55.43649600
vn 72.79388100 0.00000000 68.56420900
vn -0.00000000 -100.00000000 0.00000000
vn 60.31347100 0.00000000 79.76393500
vn -0.00000000 -100.00000000 0.00000000
vn 46.13707800 0.00000000 88.72074200
vn -0.00000000 -100.00000000 0.00000000
vn 30.66333600 0.00000000 95.18277000
vn -0.00000000 -100.00000000 0.00000000
vn 14.32735900 0.00000000 98.96831200
vn -0.00000000 -100.00000000 0.00000000
vn -2.41149700 0.00000000 99.97091900
vn -0.00000000 -100.00000000 0.00000000
vn -19.08254200 0.00000000 98.16239900
vn -0.00000000 -100.00000000 0.00000000
vn -19.08254200 0.00000000 98.16239900
vn -0.00000000 -100.00000000 0.00000000
vn -19.08254200 0.00000000 98.16239900
vn -19.08254200 0.00000000 98.16239900
vn -51.13038700 0.00000000 85.93999900
vn -0.00000000 -100.00000000 0.00000000
vn -77.16299100 0.00000000 63.60717600
vn -0.00000000 -100.00000000 0.00000000
vn -94.11774300 0.00000000 33.79127800
vn -0.00000000 -100.00000000 0.00000000
vn -100.00000000 0.00000000 0.00000000
vn -100.00000000 0.00000000 0.00000000
vn -0.00000000 -100.00000000 0.00000000
vn -0.00000000 -100.00000000 0.00000000
vn 50.34356400 0.00000000 86.40327300
vn -0.00000000 -100.00000000 0.00000000
vn 66.71003200 0.00000000 74.49678900
vn -0.00000000 -100.00000000 0.00000000
vn 80.34388700 0.00000000 59.53872600
vn -0.00000000 -100.00000000 0.00000000
vn 90.68665000 0.00000000 42.14180300
vn 97.31465500 0.00000000 23.01864400
vn -0.00000000 -100.00000000 0.00000000
vn 99.95640200 0.00000000 2.95258300
vn -0.00000000 -100.00000000 0.00000000
vn 98.50367800 -0.00000000 -17.23442400
vn -0.00000000 -100.00000000 0.00000000
vn -0.00000000 -100.00000000 0.00000000
vn 93.01599100 -0.00000000 -36.71546500
vn 83.71813100 -0.00000000 -54.69254600
vn -0.00000000 -100.00000000 0.00000000
vn -0.00000000 -100.00000000 0.00000000
vn 70.99096100 -0.00000000 -70.42928000
vn 55.35581900 -0.00000000 -83.28105000
vn 55.35581900 -0.00000000 -83.28105000
vn -0.00000000 -100.00000000 0.00000000
vn 84.25242600 -0.00000000 -53.86584100
vn -0.00000000 -100.00000000 0.00000000
vn 98.82385800 -0.00000000 -15.29199300
vn -0.00000000 -100.00000000 0.00000000
vn -0.00000000 -100.00000000 0.00000000
vn 96.59258300 0.00000000 25.88190500
vn 96.59258300 0.00000000 25.88190500
vn 96.59258300 0.00000000 25.88190500
vn 96.59258300 0.00000000 25.88190500
vn -0.00000000 -100.00000000 0.00000000
vn -0.00000000 -100.00000000 0.00000000
vn 98.07245300 -0.00000000 -19.53954700
vn -0.00000000 -100.00000000 0.00000000
vn 79.29743700 -0.00000000 -60.92550000
vt 0.00000000 -5.49778700
vt 0.00000000 5.49778700
vt 0.00000000 -1.56000000
vt -0.00000000 -5.11862900
vt -0.37619800 -1.51908600
vt -0.00000000 -4.73947200
vt -0.73480600 -1.39825700
vt -1.05905500 -1.20316300
vt -0.00000000 -4.36031400
vt -1.33378400 -0.94292600
vt -0.00000000 -3.98115600
vt -1.54614600 -0.62971500
vt -0.00000000 -3.60199800
vt 0.00000000 -3.22284100
vt -1.68621200 -0.27817500
vt -1.74743300 0.09525700
vt -0.00000000 -2.84368300
vt -1.72694600 0.47311800
vt -0.00000000 -2.46452500
vt -0.00000000 -2.08536800
vt -1.62570900 0.83774200
vt -0.00000000 -1.70621000
vt -1.44845600 1.17207700
vt -1.20347400 1.46049200
vt -0.00000000 -1.32705200
vt -0.90221900 1.68950000
vt -0.00000000 -0.94789400
vt -0.55877800 1.84839300
vt -0.00000000 -0.56873700
vt -0.18920800 1.92974100
vt -0.00000000 -0.18957900
vt 0.18920800 1.92974100
vt -0.00000000 0.18957900
vt 0.55877800 1.84839300
vt -0.00000000 0.56873700
vt 0.90221900 1.68950000
vt 0.00000000 0.94789400
vt 0.00000000 1.32705200
vt 1.20347400 1.46049200
vt 1.44845600 1.17207700
vt 0.00000000 1.70621000
vt 1.62570900 0.83774200
vt 0.00000000 2.08536800
vt 0.00000000 2.46452500
vt 1.72694600 0.47311800
vt 0.00000000 2.84368300
vt 1.74743300 0.09525700
vt 1.68621200 -0.27817500
vt 0.00000000 3.22284100
vt 1.54614600 -0.62971500
vt 0.00000000 3.60199800
vt 0.00000000 3.98115600
vt 1.33378400 -0.94292600
vt 1.05905500 -1.20316300
vt -0.00000000 4.36031400
vt 0.73480600 -1.39825700
vt 0.00000000 4.73947200
vt 0.00000000 5.11862900
vt 0.37619800 -1.51908600
vt 0.00250000 1.75000000
vt -0.55998000 -5.49778700
vt -0.55998000 5.49778700
vt -0.55998000 5.11862900
vt -0.37369800 1.70908600
vt -0.55998000 4.73947200
vt -0.73230600 1.58825700
vt -1.05655500 1.39316300
vt -0.55998000 4.36031400
vt -0.55998000 3.98115600
vt -1.33128400 1.13292600
vt -0.55998000 3.60199800
vt -1.54364600 0.81971500
vt -0.55998000 3.22284100
vt -1.68371200 0.46817500
vt -0.55998000 2.84368300
vt -1.74493300 0.09474300
vt -0.55998000 2.46452500
vt -1.72444600 -0.28311800
vt -1.62320900 -0.64774200
vt -0.55998000 2.08536800
vt -1.44595600 -0.98207700
vt -0.55998000 1.70621000
vt -1.20097400 -1.27049200
vt -0.55998000 1.32705200
vt -0.89971900 -1.49950000
vt -0.55998000 0.94789400
vt -0.55998000 0.56873700
vt -0.55627800 -1.65839300
vt -0.18670800 -1.73974100
vt -0.55998000 0.18957900
vt 0.19170800 -1.73974100
vt -0.55998000 -0.18957900
vt 0.56127800 -1.65839300
vt -0.55998000 -0.56873700
vt 0.90471900 -1.49950000
vt -0.55998000 -0.94789400
vt -0.55998000 -1.32705200
vt 1.20597400 -1.27049200
vt -0.55998000 -1.70621000
vt 1.45095600 -0.98207700
vt 1.62820900 -0.64774200
vt -0.55998000 -2.08536800
vt -0.55998000 -2.46452500
vt 1.72944600 -0.28311800
vt -0.55998000 -2.84368300
vt 1.74993300 0.09474300
vt 1.68871200 0.46817500
vt -0.55998000 -3.22284100
vt 1.54864600 0.81971500
vt -0.55998000 -3.60199800
vt 1.33628400 1.13292600
vt -0.55998000 -3.98115600
vt 1.06155500 1.39316300
vt -0.55998000 -4.36031400
vt -0.55998000 -4.73947200
vt 0.73730600 1.58825700
vt 0.37869800 1.70908600
vt -0.55998000 -5.11862900
vt -0.49750000 1.78168500
vt 0.31750000 0.06229800
vt -0.31964800 -0.00000000
vt -0.50600100 1.74133600
vt 0.31750000 0.02076600
vt -0.53006000 1.70784800
vt 0.31750000 -0.02076600
vt -0.56558500 1.68691400
vt 0.31750000 -0.06229800
vt 0.31750000 1.98481600
vt 0.31750000 1.62394100
vt -0.89361500 1.53797800
vt 0.31750000 1.26306500
vt -1.18493900 1.32604300
vt -1.42762100 1.05978900
vt 0.31750000 0.90218900
vt 0.31750000 0.54131400
vt -1.61172200 0.75012400
vt 0.31750000 0.18043800
vt -1.72970100 0.40973200
vt 0.31750000 -0.18043800
vt -1.77672400 0.05255600
vt 0.31750000 -0.54131400
vt -1.75086500 -0.30677300
vt -1.65318500 -0.65353500
vt 0.31750000 -0.90218900
vt -1.48768300 -0.97352700
vt 0.31750000 -1.26306500
vt 0.31750000 -1.62394100
vt -1.26113900 -1.25364100
vt 0.31750000 -1.98481600
vt -0.98283400 -1.48240300
vt -0.31750000 -0.06229800
vt -0.31750000 -0.02076600
vt -0.95393700 -1.51181800
vt -0.31750000 0.02076600
vt -0.93936600 -1.55039200
vt -0.31750000 0.06229800
vt -0.94159700 -1.59156600
vt -0.07335200 -0.00000000
vt -0.31245900 0.00000000
vt -0.00000000 -0.06876900
vt -1.00348200 -1.82252600
vt 0.00000000 -0.02292300
vt -1.00496200 -1.86794700
vt -0.00000000 0.02292300
vt -0.98618700 -1.90933300
vt -0.00000000 -4.38050600
vt -0.95103500 -1.93813600
vt -0.00000000 0.06876900
vt -0.00000000 -3.97072900
vt -0.56844300 -2.08317700
vt -0.16536400 -2.15346700
vt 0.00000000 -3.56095300
vt 0.24373900 -2.14648600
vt 0.00000000 -3.15117700
vt -0.00000000 -2.74140100
vt 0.64418500 -2.06248400
vt -0.00000000 -2.33162400
vt 1.02160600 -1.90447500
vt 1.36245900 -1.67812800
vt -0.00000000 -1.92184800
vt 1.65451300 -1.39156500
vt -0.00000000 -1.51207200
vt -0.00000000 -1.10229600
vt 1.88728800 -1.05507000
vt 2.05243300 -0.68071600
vt -0.00000000 -0.69252000
vt 2.14402100 -0.28193700
vt -0.00000000 -0.28274300
vt 2.15876600 0.12696000
vt -0.00000000 0.12703300
vt 2.09613800 0.53130000
vt -0.00000000 0.53680900
vt 1.95838500 0.91657600
vt -0.00000000 0.94658500
vt 1.75045100 1.26896400
vt -0.00000000 1.35636200
vt 1.47979500 1.57581700
vt -0.00000000 1.76613800
vt 0.00000000 2.17591400
vt 1.15613000 1.82612600
vt 0.00000000 2.58569000
vt 0.79107000 2.01090900
vt 0.39771500 2.12353600
vt 0.00000000 2.99546600
vt 0.00000000 3.40524300
vt -0.00982300 2.15996500
vt 0.00000000 -0.06876900
vt 0.00000000 3.81501900
vt -0.41691700 2.11888900
vt -0.00000000 -0.02292300
vt -0.45832700 2.10016500
vt 0.00000000 0.02292300
vt -0.48717400 2.06504900
vt -0.08054100 -0.00000000
vt 0.00000000 0.06876900
vt -0.49750000 2.02079200
vt -0.00000000 0.31750000
vt 0.00000000 0.00000000
vt -0.31750000 5.01516400
vt 0.16874500 -0.00000000
vt -0.00000000 -3.76071700
vt 0.16874500 0.31750000
vt 0.24145700 2.76051900
vt 0.16874500 5.27000000
vt -5.27000000 -3.76071700
vt 0.70604300 -2.76051900
vt -5.58750000 5.01516400
vt 0.54039800 -2.79272000
vt 0.00000000 5.27000000
vt -0.20219500 2.60671200
vt -0.00000000 -3.29062700
vt -0.61457000 2.38214600
vt -0.00000000 -2.82053800
vt 0.00000000 -2.35044800
vt -0.98447600 2.09291700
vt -1.30187100 1.74687600
vt 0.00000000 -1.88035900
vt -0.00000000 -1.41026900
vt -1.55813900 1.35341700
vt -0.00000000 -0.94017900
vt -1.74632500 0.92321900
vt 0.00000000 -0.47009000
vt -1.86131900 0.46796100
vt -0.00000000 0.00000000
vt -1.90000000 -0.00000000
vt -0.00000000 0.47009000
vt -1.86131900 -0.46796100
vt -0.00000000 0.94017900
vt -1.74632500 -0.92321900
vt -0.00000000 1.41026900
vt -1.55813900 -1.35341700
vt 0.00000000 1.88035900
vt -1.30187100 -1.74687600
vt 0.00000000 2.35044800
vt -0.98447600 -2.09291700
vt 0.00000000 2.82053800
vt -0.61457000 -2.38214600
vt 0.00000000 3.29062700
vt -0.20219500 -2.60671200
vt 0.24145700 -2.76051900
vt 4.11202000 0.31750000
vt -0.00000000 3.76071700
vt 4.11202000 5.58750000
vt 0.70604300 2.76051900
vt -5.27000000 3.76071700
vt -5.27000000 3.29062700
vt 1.14969500 2.60671200
vt -5.27000000 2.82053800
vt 1.56207000 2.38214600
vt 1.93197600 2.09291700
vt -5.27000000 2.35044800
vt 2.24937100 1.74687600
vt -5.27000000 1.88035900
vt 2.50563900 1.35341700
vt -5.27000000 1.41026900
vt 2.69382500 0.92321900
vt -5.27000000 0.94017900
vt -5.27000000 0.47009000
vt 2.80881900 0.46796100
vt 2.84750000 0.00000000
vt -5.27000000 0.00000000
vt -5.27000000 -0.47009000
vt 2.80881900 -0.46796100
vt 2.69382500 -0.92321900
vt -5.27000000 -0.94017900
vt -5.27000000 -1.41026900
vt 2.50563900 -1.35341700
vt 2.24937100 -1.74687600
vt -5.27000000 -1.88035900
vt 1.93197600 -2.09291700
vt -5.27000000 -2.35044800
vt -5.27000000 -2.82053800
vt 1.56207000 -2.38214600
vt -5.27000000 -3.29062700
vt 1.14969500 -2.60671200
vt 0.54039800 2.79272000
vt 4.28076500 5.58750000
vt -5.58750000 -5.01516400
vt -5.58750000 -4.53752900
vt 0.06610700 2.84417300
vt -5.58750000 -4.05989500
vt -0.41011300 2.81564800
vt -0.87487200 2.70795000
vt -5.58750000 -3.58226000
vt -1.31510000 2.52410500
vt -5.58750000 -3.10462500
vt -1.71841800 2.26928400
vt -5.58750000 -2.62699100
vt -2.07348600 1.95065200
vt -5.58750000 -2.14935600
vt -2.37031900 1.57716800
vt -5.58750000 -1.67172100
vt -5.58750000 -1.19408700
vt -2.60057000 1.15933600
vt -5.58750000 -0.71645200
vt -2.75776400 0.70890300
vt -2.83748200 0.23853700
vt -5.58750000 -0.23881700
vt -5.58750000 0.23881700
vt -2.83748200 -0.23853700
vt -2.75776400 -0.70890300
vt -5.58750000 0.71645200
vt -2.60057000 -1.15933600
vt -5.58750000 1.19408700
vt -2.37031900 -1.57716800
vt -5.58750000 1.67172100
vt -5.58750000 2.14935600
vt -2.07348600 -1.95065200
vt -5.58750000 2.62699100
vt -1.71841800 -2.26928400
vt -1.31510000 -2.52410500
vt -5.58750000 3.10462500
vt -5.58750000 3.58226000
vt -0.87487200 -2.70795000
vt -5.58750000 4.05989500
vt -0.41011300 -2.81564800
vt 0.06610700 -2.84417300
vt -5.58750000 4.53752900
vt -3.34995400 2.06235700
vt -0.31750000 -0.37916800
vt 3.82738800 0.31750000
vt -3.52621700 1.99513400
vt -0.31750000 -0.18958400
vt -0.31750000 0.00000000
vt -3.66939600 1.87230400
vt -3.76264800 1.70831600
vt -0.31750000 0.18958400
vt -3.79500000 1.52246400
vt 0.45337700 0.31750000
vt -0.31750000 0.37916800
vt 3.49830600 0.31750000
vt -0.31750000 -0.37916800
vt -3.79500000 -1.52246400
vt -0.31750000 -0.18958400
vt -3.76264800 -1.70831600
vt -3.66939600 -1.87230400
vt -0.31750000 -0.00000000
vt -3.52621700 -1.99513400
vt -0.31750000 0.18958400
vt -0.31750000 0.37916800
vt -3.34995400 -2.06235700
vt 0.45337700 0.31750000
vt -0.53058300 -2.11888900
vt 0.31750000 3.81501900
vt 0.31750000 -0.06876900
vt -0.48917300 -2.10016500
vt 0.31750000 -0.02292300
vt -0.46032600 -2.06504900
vt 0.31750000 0.02292300
vt -0.45000000 -2.02079200
vt 0.31750000 0.06876900
vt -0.08054100 0.31750000
vt 0.31750000 0.06876900
vt 0.31750000 -4.38050600
vt 0.00353500 1.93813600
vt 0.31750000 -3.97072900
vt -0.37905700 2.08317700
vt -0.78213600 2.15346700
vt 0.31750000 -3.56095300
vt 0.31750000 -3.15117700
vt -1.19123900 2.14648600
vt 0.31750000 -2.74140100
vt -1.59168500 2.06248400
vt 0.31750000 -2.33162400
vt -1.96910600 1.90447500
vt -2.30995900 1.67812800
vt 0.31750000 -1.92184800
vt -2.60201300 1.39156500
vt 0.31750000 -1.51207200
vt -2.83478800 1.05507000
vt 0.31750000 -1.10229600
vt -2.99993300 0.68071600
vt 0.31750000 -0.69252000
vt -3.09152100 0.28193700
vt 0.31750000 -0.28274300
vt -3.10626600 -0.12696000
vt 0.31750000 0.12703300
vt 0.31750000 0.53680900
vt -3.04363800 -0.53130000
vt -2.90588500 -0.91657600
vt 0.31750000 0.94658500
vt 0.31750000 1.35636200
vt -2.69795100 -1.26896400
vt -2.42729500 -1.57581700
vt 0.31750000 1.76613800
vt -2.10363000 -1.82612600
vt 0.31750000 2.17591400
vt 0.31750000 2.58569000
vt -1.73857000 -2.01090900
vt -1.34521500 -2.12353600
vt 0.31750000 2.99546600
vt -0.93767700 -2.15996500
vt 0.31750000 3.40524300
vt -0.45000000 -1.78168500
vt -0.31964800 0.31750000
vt 0.00000000 0.06229800
vt 0.00000000 0.02076600
vt -0.44149900 -1.74133600
vt 0.00000000 -0.02076600
vt -0.41744000 -1.70784800
vt 0.00000000 -0.06229800
vt -0.38191500 -1.68691400
vt -0.00000000 1.98481600
vt -0.31245900 0.31750000
vt 0.05598200 1.82252600
vt 0.31750000 -0.06876900
vt 0.31750000 -0.02292300
vt 0.05746200 1.86794700
vt 0.31750000 0.02292300
vt 0.03868700 1.90933300
vt 0.00000000 0.06229800
vt -0.00590300 1.59156600
vt -0.07335200 0.31750000
vt -0.00000000 -0.06229800
vt 0.03533400 1.48240300
vt 0.00000000 -1.98481600
vt 0.00000000 -0.02076600
vt 0.00643700 1.51181800
vt -0.00000000 0.02076600
vt -0.00813400 1.55039200
vt 0.00000000 -0.37916800
vt 3.49830600 -0.00000000
vt 3.79500000 -1.52246400
vt 3.76264800 -1.70831600
vt 0.00000000 -0.18958400
vt 3.66939600 -1.87230400
vt -0.00000000 -0.00000000
vt 3.52621700 -1.99513400
vt 0.00000000 0.18958400
vt 3.34995400 -2.06235700
vt 0.45337700 0.00000000
vt -0.00000000 0.37916800
vt -0.40710200 -2.79272000
vt 4.28076500 0.00000000
vt -0.00000000 -5.01516400
vt 3.79500000 1.52246400
vt 0.45337700 0.00000000
vt 0.00000000 0.37916800
vt 3.76264800 1.70831600
vt 0.00000000 0.18958400
vt 0.00000000 0.00000000
vt 3.66939600 1.87230400
vt -0.00000000 -0.18958400
vt 3.52621700 1.99513400
vt 3.82738800 -0.00000000
vt 0.00000000 -0.37916800
vt 3.34995400 2.06235700
vt -0.00000000 -0.00000000
vt -0.00000000 5.01516400
vt -0.40710200 2.79272000
vt -0.00000000 4.53752900
vt -0.88139300 2.84417300
vt 0.00000000 4.05989500
vt -1.35761300 2.81564800
vt 0.00000000 3.58226000
vt -1.82237200 2.70795000
vt -2.26260000 2.52410500
vt 0.00000000 3.10462500
vt 0.00000000 2.62699100
vt -2.66591800 2.26928400
vt 0.00000000 2.14935600
vt -3.02098600 1.95065200
vt 0.00000000 1.67172100
vt -3.31781900 1.57716800
vt -0.00000000 1.19408700
vt -3.54807000 1.15933600
vt -3.70526400 0.70890300
vt 0.00000000 0.71645200
vt -3.78498200 0.23853700
vt -0.00000000 0.23881700
vt 0.00000000 -0.23881700
vt -3.78498200 -0.23853700
vt -3.70526400 -0.70890300
vt -0.00000000 -0.71645200
vt -3.54807000 -1.15933600
vt 0.00000000 -1.19408700
vt 0.00000000 -1.67172100
vt -3.31781900 -1.57716800
vt -3.02098600 -1.95065200
vt 0.00000000 -2.14935600
vt -2.66591800 -2.26928400
vt 0.00000000 -2.62699100
vt -2.26260000 -2.52410500
vt -0.00000000 -3.10462500
vt -0.00000000 -3.58226000
vt -1.82237200 -2.70795000
vt -1.35761300 -2.81564800
vt -0.00000000 -4.05989500
vt -0.88139300 -2.84417300
vt 0.00000000 -4.53752900
vt -0.00000000 -1.62394100
vt 0.31363900 1.25364100
vt 0.54018300 0.97352700
vt -0.00000000 -1.26306500
vt -0.00000000 -0.90218900
vt 0.70568500 0.65353500
vt 0.80336500 0.30677300
vt -0.00000000 -0.54131400
vt 0.00000000 -0.18043800
vt 0.82922400 -0.05255600
vt 0.78220100 -0.40973200
vt -0.00000000 0.18043800
vt -0.00000000 0.54131400
vt 0.66422200 -0.75012400
vt 0.48012100 -1.05978900
vt -0.00000000 0.90218900
vt 0.23743900 -1.32604300
vt 0.00000000 1.26306500
vt -0.05388500 -1.53797800
vt -0.00000000 1.62394100
vt -0.00000000 -5.49778700
vt -0.00000000 5.49778700
vt -1.74750000 -0.00000000
vt 0.00000000 -5.11862900
vt -1.70658600 -0.37619800
vt 0.00000000 -4.73947200
vt -1.58575700 -0.73480600
vt -0.00000000 -4.36031400
vt -1.39066300 -1.05905500
vt -1.13042600 -1.33378400
vt -0.00000000 -3.98115600
vt -0.00000000 -3.60199800
vt -0.81721500 -1.54614600
vt -0.46567500 -1.68621200
vt 0.00000000 -3.22284100
vt -0.09224300 -1.74743300
vt -0.00000000 -2.84368300
vt 0.00000000 -2.46452500
vt 0.28561800 -1.72694600
vt 0.65024200 -1.62570900
vt 0.00000000 -2.08536800
vt 0.98457700 -1.44845600
vt -0.00000000 -1.70621000
vt 1.27299200 -1.20347400
vt 0.00000000 -1.32705200
vt 1.50200000 -0.90221900
vt 0.00000000 -0.94789400
vt 1.66089300 -0.55877800
vt 0.00000000 -0.56873700
vt 1.74224100 -0.18920800
vt 0.00000000 -0.18957900
vt -0.00000000 0.18957900
vt 1.74224100 0.18920800
vt 1.66089300 0.55877800
vt -0.00000000 0.56873700
vt 1.50200000 0.90221900
vt 0.00000000 0.94789400
vt 1.27299200 1.20347400
vt 0.00000000 1.32705200
vt -0.00000000 1.70621000
vt 0.98457700 1.44845600
vt 0.65024200 1.62570900
vt -0.00000000 2.08536800
vt 0.28561800 1.72694600
vt 0.00000000 2.46452500
vt -0.09224300 1.74743300
vt -0.00000000 2.84368300
vt 0.00000000 3.22284100
vt -0.46567500 1.68621200
vt -0.81721500 1.54614600
vt -0.00000000 3.60199800
vt -1.13042600 1.33378400
vt 0.00000000 3.98115600
vt -1.39066300 1.05905500
vt -0.00000000 4.36031400
vt 0.00000000 4.73947200
vt -1.58575700 0.73480600
vt -1.70658600 0.37619800
vt -0.00000000 5.11862900
vt -0.58250000 5.49778700
vt -1.75000000 -0.00000000
vt -0.58250000 -5.49778700
vt -1.70908600 0.37619800
vt -0.58250000 5.11862900
vt -1.58825700 0.73480600
vt -0.58250000 4.73947200
vt -1.39316300 1.05905500
vt -0.58250000 4.36031400
vt -1.13292600 1.33378400
vt -0.58250000 3.98115600
vt -0.58250000 3.60199800
vt -0.81971500 1.54614600
vt -0.58250000 3.22284100
vt -0.46817500 1.68621200
vt -0.58250000 2.84368300
vt -0.09474300 1.74743300
vt 0.28311800 1.72694600
vt -0.58250000 2.46452500
vt -0.58250000 2.08536800
vt 0.64774200 1.62570900
vt -0.58250000 1.70621000
vt 0.98207700 1.44845600
vt -0.58250000 1.32705200
vt 1.27049200 1.20347400
vt -0.58250000 0.94789400
vt 1.49950000 0.90221900
vt -0.58250000 0.56873700
vt 1.65839300 0.55877800
vt -0.58250000 0.18957900
vt 1.73974100 0.18920800
vt 1.73974100 -0.18920800
vt -0.58250000 -0.18957900
vt -0.58250000 -0.56873700
vt 1.65839300 -0.55877800
vt -0.58250000 -0.94789400
vt 1.49950000 -0.90221900
vt -0.58250000 -1.32705200
vt 1.27049200 -1.20347400
vt -0.58250000 -1.70621000
vt 0.98207700 -1.44845600
vt -0.58250000 -2.08536800
vt 0.64774200 -1.62570900
vt 0.28311800 -1.72694600
vt -0.58250000 -2.46452500
vt -0.58250000 -2.84368300
vt -0.09474300 -1.74743300
vt -0.58250000 -3.22284100
vt -0.46817500 -1.68621200
vt -0.58250000 -3.60199800
vt -0.81971500 -1.54614600
vt -0.58250000 -3.98115600
vt -1.13292600 -1.33378400
vt -1.39316300 -1.05905500
vt -0.58250000 -4.36031400
vt -0.58250000 -4.73947200
vt -1.58825700 -0.73480600
vt -0.58250000 -5.11862900
vt -1.70908600 -0.37619800
vt -0.00000000 -0.06229800
vt 0.00000000 1.98481600
vt -0.56558500 -1.68691400
vt -0.53006000 -1.70784800
vt -0.00000000 -0.02076600
vt 0.00000000 0.02076600
vt -0.50600100 -1.74133600
vt -0.49750000 -1.78168500
vt -0.31964800 0.31750000
vt -0.00000000 0.06229800
vt -0.49750000 -2.02079200
vt 0.31750000 0.06876900
vt -0.08054100 0.31750000
vt -0.48717400 -2.06504900
vt 0.31750000 0.02292300
vt -0.45832700 -2.10016500
vt 0.31750000 -0.02292300
vt -0.41691700 -2.11888900
vt 0.31750000 3.81501900
vt 0.31750000 -0.06876900
vt 0.31750000 3.40524300
vt -0.00982300 -2.15996500
vt 0.39771500 -2.12353600
vt 0.31750000 2.99546600
vt 0.79107000 -2.01090900
vt 0.31750000 2.58569000
vt 0.31750000 2.17591400
vt 1.15613000 -1.82612600
vt 1.47979500 -1.57581700
vt 0.31750000 1.76613800
vt 1.75045100 -1.26896400
vt 0.31750000 1.35636200
vt 1.95838500 -0.91657600
vt 0.31750000 0.94658500
vt 2.09613800 -0.53130000
vt 0.31750000 0.53680900
vt 2.15876600 -0.12696000
vt 0.31750000 0.12703300
vt 0.31750000 -0.28274300
vt 2.14402100 0.28193700
vt 2.05243300 0.68071600
vt 0.31750000 -0.69252000
vt 0.31750000 -1.10229600
vt 1.88728800 1.05507000
vt 1.65451300 1.39156500
vt 0.31750000 -1.51207200
vt 1.36245900 1.67812800
vt 0.31750000 -1.92184800
vt 1.02160600 1.90447500
vt 0.31750000 -2.33162400
vt 0.31750000 -2.74140100
vt 0.64418500 2.06248400
vt 0.31750000 -3.15117700
vt 0.24373900 2.14648600
vt -0.16536400 2.15346700
vt 0.31750000 -3.56095300
vt 0.31750000 -3.97072900
vt -0.56844300 2.08317700
vt -0.95103500 1.93813600
vt 0.31750000 0.06876900
vt 0.31750000 -4.38050600
vt 0.31750000 0.02292300
vt -0.98618700 1.90933300
vt 0.31750000 -0.02292300
vt -1.00496200 1.86794700
vt 0.31750000 -0.06876900
vt -1.00348200 1.82252600
vt -0.31245900 0.31750000
vt -0.07335200 0.31750000
vt -0.00000000 0.06229800
vt -0.94159700 1.59156600
vt -0.93936600 1.55039200
vt -0.00000000 0.02076600
vt -0.00000000 -0.02076600
vt -0.95393700 1.51181800
vt 0.00000000 -1.98481600
vt 0.00000000 -0.06229800
vt -0.98283400 1.48240300
vt 0.00000000 -1.62394100
vt -1.26113900 1.25364100
vt -1.48768300 0.97352700
vt -0.00000000 -1.26306500
vt -1.65318500 0.65353500
vt -0.00000000 -0.90218900
vt -1.75086500 0.30677300
vt 0.00000000 -0.54131400
vt -0.00000000 -0.18043800
vt -1.77672400 -0.05255600
vt -1.72970100 -0.40973200
vt -0.00000000 0.18043800
vt 0.00000000 0.54131400
vt -1.61172200 -0.75012400
vt -1.42762100 -1.05978900
vt -0.00000000 0.90218900
vt -1.18493900 -1.32604300
vt 0.00000000 1.26306500
vt 0.00000000 1.62394100
vt -0.89361500 -1.53797800
vt -0.24145700 2.76051900
vt 0.00000000 3.76071700
vt 0.16874500 0.00000000
vt -0.00000000 0.00000000
vt -0.00000000 0.00000000
vt 0.16874500 0.00000000
vt -0.00000000 5.01516400
vt 0.16874500 5.27000000
vt 5.27000000 5.01516400
vt 0.54039800 2.79272000
vt 0.70604300 2.76051900
vt -5.27000000 3.76071700
vt 0.00000000 5.27000000
vt -0.24145700 -2.76051900
vt 4.11202000 -0.00000000
vt 0.00000000 -3.76071700
vt -0.00000000 -3.29062700
vt 0.20219500 -2.60671200
vt -0.00000000 -2.82053800
vt 0.61457000 -2.38214600
vt 0.98447600 -2.09291700
vt -0.00000000 -2.35044800
vt -0.00000000 -1.88035900
vt 1.30187100 -1.74687600
vt -0.00000000 -1.41026900
vt 1.55813900 -1.35341700
vt 1.74632500 -0.92321900
vt -0.00000000 -0.94017900
vt -0.00000000 -0.47009000
vt 1.86131900 -0.46796100
vt -0.00000000 -0.00000000
vt 1.90000000 -0.00000000
vt -0.00000000 0.47009000
vt 1.86131900 0.46796100
vt -0.00000000 0.94017900
vt 1.74632500 0.92321900
vt 1.55813900 1.35341700
vt -0.00000000 1.41026900
vt -0.00000000 1.88035800
vt 1.30187100 1.74687600
vt -0.00000000 2.35044800
vt 0.98447600 2.09291700
vt 0.61457000 2.38214600
vt -0.00000000 2.82053800
vt 0.20219500 2.60671200
vt -0.00000000 3.29062700
vt -5.27000000 3.29062700
vt 1.14969500 2.60671200
vt -5.27000000 2.82053800
vt 1.56207000 2.38214600
vt 1.93197600 2.09291700
vt -5.27000000 2.35044800
vt 2.24937100 1.74687600
vt -5.27000000 1.88035800
vt 2.50563900 1.35341700
vt -5.27000000 1.41026900
vt 2.69382500 0.92321900
vt -5.27000000 0.94017900
vt 2.80881900 0.46796100
vt -5.27000000 0.47009000
vt 2.84750000 -0.00000000
vt -5.27000000 -0.00000000
vt 2.80881900 -0.46796100
vt -5.27000000 -0.47009000
vt -5.27000000 -0.94017900
vt 2.69382500 -0.92321900
vt -5.27000000 -1.41026900
vt 2.50563900 -1.35341700
vt 2.24937100 -1.74687600
vt -5.27000000 -1.88035900
vt 1.93197600 -2.09291700
vt -5.27000000 -2.35044800
vt 1.56207000 -2.38214600
vt -5.27000000 -2.82053800
vt 1.14969500 -2.60671200
vt -5.27000000 -3.29062700
vt 0.70604300 -2.76051900
vt 4.11202000 -5.27000000
vt -5.27000000 -3.76071700
vt 5.27000000 4.53752900
vt 0.06610700 2.84417300
vt -0.41011300 2.81564800
vt 5.27000000 4.05989500
vt -0.87487200 2.70795000
vt 5.27000000 3.58226000
vt 5.27000000 3.10462500
vt -1.31510000 2.52410500
vt -1.71841800 2.26928400
vt 5.27000000 2.62699100
vt 5.27000000 2.14935600
vt -2.07348600 1.95065200
vt -2.37031900 1.57716800
vt 5.27000000 1.67172100
vt -2.60057000 1.15933600
vt 5.27000000 1.19408700
vt 5.27000000 0.71645200
vt -2.75776400 0.70890300
vt -2.83748200 0.23853700
vt 5.27000000 0.23881700
vt -2.83748200 -0.23853700
vt 5.27000000 -0.23881700
vt -2.75776400 -0.70890300
vt 5.27000000 -0.71645200
vt -2.60057000 -1.15933600
vt 5.27000000 -1.19408700
vt -2.37031900 -1.57716800
vt 5.27000000 -1.67172100
vt -2.07348600 -1.95065200
vt 5.27000000 -2.14935600
vt -1.71841800 -2.26928400
vt 5.27000000 -2.62699100
vt 5.27000000 -3.10462500
vt -1.31510000 -2.52410500
vt -0.87487200 -2.70795000
vt 5.27000000 -3.58226000
vt 5.27000000 -4.05989500
vt -0.41011300 -2.81564800
vt 5.27000000 -4.53752900
vt 0.06610700 -2.84417300
vt 4.28076500 -5.27000000
vt 5.27000000 -5.01516400
vt 0.54039800 -2.79272000
vt 3.34995400 -2.06235700
vt 0.45337700 0.00000000
vt -0.00000000 0.37916800
vt 3.52621700 -1.99513400
vt 0.00000000 0.18958400
vt 3.66939600 -1.87230400
vt -0.00000000 -0.00000000
vt 3.76264800 -1.70831600
vt 0.00000000 -0.18958400
vt 3.79500000 -1.52246400
vt 3.49830600 0.00000000
vt -0.00000000 -0.37916800
vt 3.79500000 1.52246400
vt 0.45337700 -0.00000000
vt -0.00000000 0.37916800
vt -0.00000000 0.18958400
vt 3.76264800 1.70831600
vt 3.66939600 1.87230400
vt 0.00000000 -0.00000000
vt -0.00000000 -0.18958400
vt 3.52621700 1.99513400
vt 3.82738800 0.00000000
vt 0.00000000 -0.37916800
vt 3.34995400 2.06235700
vt 0.45000000 -2.02079200
vt -0.08054100 0.00000000
vt -0.00000000 0.06876900
vt 0.46032600 -2.06504900
vt 0.00000000 0.02292300
vt 0.48917300 -2.10016500
vt -0.00000000 -0.02292300
vt 0.53058300 -2.11888900
vt -0.00000000 -0.06876900
vt -0.00000000 3.81501900
vt 0.93767700 -2.15996500
vt 0.00000000 3.40524300
vt 1.34521500 -2.12353600
vt -0.00000000 2.99546600
vt 1.73857000 -2.01090900
vt 0.00000000 2.58569000
vt 2.10363000 -1.82612600
vt 0.00000000 2.17591400
vt 2.42729500 -1.57581700
vt 0.00000000 1.76613800
vt -0.00000000 1.35636200
vt 2.69795100 -1.26896400
vt 0.00000000 0.94658500
vt 2.90588500 -0.91657600
vt -0.00000000 0.53680900
vt 3.04363800 -0.53130000
vt 3.10626600 -0.12696000
vt 0.00000000 0.12703300
vt 3.09152100 0.28193700
vt -0.00000000 -0.28274300
vt 2.99993300 0.68071600
vt 0.00000000 -0.69252000
vt -0.00000000 -1.10229600
vt 2.83478800 1.05507000
vt -0.00000000 -1.51207200
vt 2.60201300 1.39156500
vt 2.30995900 1.67812800
vt -0.00000000 -1.92184800
vt -0.00000000 -2.33162400
vt 1.96910600 1.90447500
vt -0.00000000 -2.74140100
vt 1.59168500 2.06248400
vt 1.19123900 2.14648600
vt -0.00000000 -3.15117700
vt 0.78213600 2.15346700
vt -0.00000000 -3.56095300
vt 0.37905700 2.08317700
vt -0.00000000 -3.97072900
vt -0.00353500 1.93813600
vt -0.00000000 -4.38050600
vt 0.00000000 0.06876900
vt 0.38191500 -1.68691400
vt 0.31750000 -0.06229800
vt 0.31750000 1.98481600
vt 0.41744000 -1.70784800
vt 0.31750000 -0.02076600
vt 0.44149900 -1.74133600
vt 0.31750000 0.02076600
vt -0.31964800 -0.00000000
vt 0.31750000 0.06229800
vt 0.45000000 -1.78168500
vt -0.31750000 -0.37916800
vt -3.79500000 -1.52246400
vt 3.49830600 0.31750000
vt -0.31750000 -0.18958400
vt -3.76264800 -1.70831600
vt -3.66939600 -1.87230400
vt -0.31750000 -0.00000000
vt -0.31750000 0.18958400
vt -3.52621700 -1.99513400
vt -3.34995400 -2.06235700
vt -0.31750000 0.37916800
vt 0.45337700 0.31750000
vt -0.31750000 -5.01516400
vt 0.40710200 -2.79272000
vt 4.28076500 0.31750000
vt 0.88139300 -2.84417300
vt -0.31750000 -4.53752900
vt -0.31750000 -4.05989500
vt 1.35761300 -2.81564800
vt -0.31750000 -3.58226000
vt 1.82237200 -2.70795000
vt -0.31750000 -3.10462500
vt 2.26260000 -2.52410500
vt 2.66591800 -2.26928400
vt -0.31750000 -2.62699100
vt 3.02098600 -1.95065200
vt -0.31750000 -2.14935600
vt -0.31750000 -1.67172100
vt 3.31781900 -1.57716800
vt 3.54807000 -1.15933600
vt -0.31750000 -1.19408700
vt -0.31750000 -0.71645200
vt 3.70526400 -0.70890300
vt -0.31750000 -0.23881700
vt 3.78498200 -0.23853700
vt -0.31750000 0.23881700
vt 3.78498200 0.23853700
vt 3.70526400 0.70890300
vt -0.31750000 0.71645200
vt -0.31750000 1.19408700
vt 3.54807000 1.15933600
vt 3.31781900 1.57716800
vt -0.31750000 1.67172100
vt -0.31750000 2.14935600
vt 3.02098600 1.95065200
vt -0.31750000 2.62699100
vt 2.66591800 2.26928400
vt -0.31750000 3.10462500
vt 2.26260000 2.52410500
vt -0.31750000 3.58226000
vt 1.82237200 2.70795000
vt -0.31750000 4.05989500
vt 1.35761300 2.81564800
vt -0.31750000 4.53752900
vt 0.88139300 2.84417300
vt -0.00000000 0.31750000
vt 0.40710200 2.79272000
vt -0.31750000 5.01516400
vt -3.34995400 2.06235700
vt 3.82738800 0.31750000
vt -0.31750000 -0.37916800
vt -0.31750000 -0.18958400
vt -3.52621700 1.99513400
vt -0.31750000 -0.00000000
vt -3.66939600 1.87230400
vt -0.31750000 0.18958400
vt -3.76264800 1.70831600
vt -0.31750000 0.37916800
vt 0.45337700 0.31750000
vt -3.79500000 1.52246400
vt 0.05388500 -1.53797800
vt 0.31750000 1.62394100
vt -0.23743900 -1.32604300
vt 0.31750000 1.26306500
vt -0.48012100 -1.05978900
vt 0.31750000 0.90218900
vt -0.66422200 -0.75012400
vt 0.31750000 0.54131400
vt 0.31750000 0.18043800
vt -0.78220100 -0.40973200
vt 0.31750000 -0.18043800
vt -0.82922400 -0.05255600
vt 0.31750000 -0.54131400
vt -0.80336500 0.30677300
vt -0.70568500 0.65353500
vt 0.31750000 -0.90218900
vt 0.31750000 -1.26306500
vt -0.54018300 0.97352700
vt -0.31363900 1.25364100
vt 0.31750000 -1.62394100
vt 0.31750000 -1.98481600
vt -0.31750000 -0.06229800
vt -0.03533400 1.48240300
vt -0.31750000 -0.02076600
vt -0.00643700 1.51181800
vt -0.31750000 0.02076600
vt 0.00813400 1.55039200
vt 0.00590300 1.59156600
vt -0.07335200 -0.00000000
vt -0.31750000 0.06229800
vt 0.00000000 -0.06876900
vt -0.31245900 -0.00000000
vt -0.05598200 1.82252600
vt -0.05746200 1.86794700
vt 0.00000000 -0.02292300
vt -0.03868700 1.90933300
vt 0.00000000 0.02292300
f 4/4/4 118/118/118 1/1/1
f 1/1/1 118/118/118 61/61/61
f 2/2/2 62/62/62 58/58/58
f 58/58/58 62/62/62 63/63/63
f 58/58/58 63/63/63 57/57/57
f 57/57/57 63/63/63 65/65/65
f 57/57/57 65/65/65 55/55/55
f 55/55/55 65/65/65 68/68/68
f 55/55/55 68/68/68 52/52/52
f 52/52/52 68/68/68 69/69/69
f 52/52/52 69/69/69 51/51/51
f 51/51/51 69/69/69 71/71/71
f 51/51/51 71/71/71 49/49/49
f 49/49/49 71/71/71 73/73/73
f 49/49/49 73/73/73 46/46/46
f 46/46/46 73/73/73 75/75/75
f 46/46/46 75/75/75 44/44/44
f 44/44/44 75/75/75 77/77/77
f 44/44/44 77/77/77 43/43/43
f 43/43/43 77/77/77 80/80/80
f 43/43/43 80/80/80 41/41/41
f 41/41/41 80/80/80 82/82/82
f 41/41/41 82/82/82 38/38/38
f 38/38/38 82/82/82 84/84/84
f 38/38/38 84/84/84 37/37/37
f 37/37/37 84/84/84 86/86/86
f 37/37/37 86/86/86 35/35/35
f 35/35/35 86/86/86 87/87/87
f 35/35/35 87/87/87 33/33/33
f 33/33/33 87/87/87 90/90/90
f 33/33/33 90/90/90 31/31/31
f 31/31/31 90/90/90 92/92/92
f 31/31/31 92/92/92 29/29/29
f 29/29/29 92/92/92 94/94/94
f 29/29/29 94/94/94 27/27/27
f 27/27/27 94/94/94 96/96/96
f 27/27/27 96/96/96 25/25/25
f 25/25/25 96/96/96 97/97/97
f 25/25/25 97/97/97 22/22/22
f 22/22/22 97/97/97 99/99/99
f 22/22/22 99/99/99 20/20/20
f 20/20/20 99/99/99 102/102/102
f 20/20/20 102/102/102 19/19/19
f 19/19/19 102/102/102 103/103/103
f 19/19/19 103/103/103 17/17/17
f 17/17/17 103/103/103 105/105/105
f 17/17/17 105/105/105 14/14/14
f 14/14/14 105/105/105 108/108/108
f 14/14/14 108/108/108 13/13/13
f 13/13/13 108/108/108 110/110/110
f 13/13/13 110/110/110 11/11/11
f 11/11/11 110/110/110 112/112/112
f 11/11/11 112/112/112 9/9/9
f 9/9/9 112/112/112 114/114/114
f 9/9/9 114/114/114 6/6/6
f 6/6/6 114/114/114 115/115/115
f 6/6/6 115/115/115 4/4/4
f 4/4/4 115/115/115 118/118/118
f 3/3/3 59/59/59 5/5/5
f 5/5/5 59/59/59 7/7/7
f 7/7/7 59/59/59 56/56/56
f 7/7/7 56/56/56 8/8/8
f 8/8/8 56/56/56 54/54/54
f 8/8/8 54/54/54 10/10/10
f 10/10/10 54/54/54 53/53/53
f 10/10/10 53/53/53 12/12/12
f 12/12/12 53/53/53 50/50/50
f 12/12/12 50/50/50 15/15/15
f 15/15/15 50/50/50 48/48/48
f 15/15/15 48/48/48 16/16/16
f 16/16/16 48/48/48 47/47/47
f 16/16/16 47/47/47 18/18/18
f 18/18/18 47/47/47 45/45/45
f 18/18/18 45/45/45 21/21/21
f 21/21/21 45/45/45 42/42/42
f 21/21/21 42/42/42 23/23/23
f 23/23/23 42/42/42 40/40/40
f 23/23/23 40/40/40 24/24/24
f 24/24/24 40/40/40 39/39/39
f 24/24/24 39/39/39 26/26/26
f 26/26/26 39/39/39 36/36/36
f 26/26/26 36/36/36 28/28/28
f 28/28/28 36/36/36 34/34/34
f 28/28/28 34/34/34 30/30/30
f 30/30/30 34/34/34 32/32/32
f 216/216/216 119/119/119 64/64/64
f 64/64/64 119/119/119 122/122/122
f 64/64/64 122/122/122 124/124/124
f 124/124/124 126/126/126 64/64/64
f 64/64/64 126/126/126 66/66/66
f 66/66/66 126/126/126 130/130/130
f 66/66/66 130/130/130 67/67/67
f 67/67/67 130/130/130 132/132/132
f 67/67/67 132/132/132 70/70/70
f 70/70/70 132/132/132 133/133/133
f 70/70/70 133/133/133 72/72/72
f 72/72/72 133/133/133 136/136/136
f 72/72/72 136/136/136 74/74/74
f 74/74/74 136/136/136 138/138/138
f 74/74/74 138/138/138 76/76/76
f 76/76/76 138/138/138 140/140/140
f 76/76/76 140/140/140 78/78/78
f 78/78/78 140/140/140 142/142/142
f 78/78/78 142/142/142 79/79/79
f 79/79/79 142/142/142 143/143/143
f 79/79/79 143/143/143 145/145/145
f 79/79/79 145/145/145 81/81/81
f 81/81/81 145/145/145 148/148/148
f 81/81/81 148/148/148 83/83/83
f 83/83/83 148/148/148 150/150/150
f 83/83/83 150/150/150 85/85/85
f 85/85/85 150/150/150 153/153/153
f 85/85/85 153/153/153 155/155/155
f 155/155/155 157/157/157 85/85/85
f 85/85/85 157/157/157 88/88/88
f 88/88/88 157/157/157 161/161/161
f 88/88/88 161/161/161 167/167/167
f 167/167/167 161/161/161 165/165/165
f 165/165/165 161/161/161 163/163/163
f 167/167/167 170/170/170 88/88/88
f 88/88/88 170/170/170 89/89/89
f 89/89/89 170/170/170 171/171/171
f 89/89/89 171/171/171 91/91/91
f 91/91/91 171/171/171 173/173/173
f 91/91/91 173/173/173 176/176/176
f 91/91/91 176/176/176 93/93/93
f 93/93/93 176/176/176 178/178/178
f 93/93/93 178/178/178 95/95/95
f 95/95/95 178/178/178 179/179/179
f 95/95/95 179/179/179 98/98/98
f 98/98/98 179/179/179 181/181/181
f 98/98/98 181/181/181 100/100/100
f 100/100/100 181/181/181 184/184/184
f 100/100/100 184/184/184 101/101/101
f 101/101/101 184/184/184 185/185/185
f 101/101/101 185/185/185 104/104/104
f 104/104/104 185/185/185 187/187/187
f 104/104/104 187/187/187 106/106/106
f 106/106/106 187/187/187 189/189/189
f 106/106/106 189/189/189 191/191/191
f 106/106/106 191/191/191 107/107/107
f 107/107/107 191/191/191 193/193/193
f 107/107/107 193/193/193 109/109/109
f 109/109/109 193/193/193 195/195/195
f 109/109/109 195/195/195 111/111/111
f 111/111/111 195/195/195 197/197/197
f 111/111/111 197/197/197 113/113/113
f 113/113/113 197/197/197 200/200/200
f 113/113/113 200/200/200 116/116/116
f 116/116/116 200/200/200 202/202/202
f 116/116/116 202/202/202 117/117/117
f 117/117/117 202/202/202 203/203/203
f 117/117/117 203/203/203 60/60/60
f 60/60/60 203/203/203 206/206/206
f 60/60/60 206/206/206 209/209/209
f 211/211/211 216/216/216 209/209/209
f 209/209/209 216/216/216 64/64/64
f 209/209/209 64/64/64 60/60/60
f 211/211/211 213/213/213 216/216/216
f 218/218/218 220/220/220 229/229/229
f 229/229/229 220/220/220 224/224/224
f 225/225/225 221/221/221 294/294/294
f 294/294/294 221/221/221 231/231/231
f 294/294/294 231/231/231 292/292/292
f 292/292/292 231/231/231 233/233/233
f 292/292/292 233/233/233 291/291/291
f 291/291/291 233/233/233 234/234/234
f 291/291/291 234/234/234 289/289/289
f 289/289/289 234/234/234 237/237/237
f 289/289/289 237/237/237 286/286/286
f 286/286/286 237/237/237 238/238/238
f 286/286/286 238/238/238 285/285/285
f 285/285/285 238/238/238 240/240/240
f 285/285/285 240/240/240 282/282/282
f 282/282/282 240/240/240 242/242/242
f 282/282/282 242/242/242 281/281/281
f 281/281/281 242/242/242 244/244/244
f 281/281/281 244/244/244 278/278/278
f 278/278/278 244/244/244 246/246/246
f 278/278/278 246/246/246 277/277/277
f 277/277/277 246/246/246 248/248/248
f 277/277/277 248/248/248 275/275/275
f 275/275/275 248/248/248 250/250/250
f 275/275/275 250/250/250 273/273/273
f 273/273/273 250/250/250 252/252/252
f 273/273/273 252/252/252 271/271/271
f 271/271/271 252/252/252 254/254/254
f 271/271/271 254/254/254 268/268/268
f 268/268/268 254/254/254 256/256/256
f 268/268/268 256/256/256 266/266/266
f 266/266/266 256/256/256 258/258/258
f 266/266/266 258/258/258 265/265/265
f 265/265/265 258/258/258 262/262/262
f 226/226/226 295/295/295 228/228/228
f 228/228/228 295/295/295 337/337/337
f 337/337/337 295/295/295 336/336/336
f 336/336/336 295/295/295 334/334/334
f 334/334/334 295/295/295 331/331/331
f 331/331/331 295/295/295 330/330/330
f 330/330/330 295/295/295 328/328/328
f 328/328/328 295/295/295 325/325/325
f 325/325/325 295/295/295 323/323/323
f 323/323/323 295/295/295 321/321/321
f 321/321/321 295/295/295 320/320/320
f 320/320/320 295/295/295 293/293/293
f 320/320/320 293/293/293 290/290/290
f 290/290/290 288/288/288 320/320/320
f 320/320/320 288/288/288 287/287/287
f 320/320/320 287/287/287 284/284/284
f 284/284/284 283/283/283 320/320/320
f 320/320/320 283/283/283 280/280/280
f 320/320/320 280/280/280 279/279/279
f 279/279/279 276/276/276 320/320/320
f 320/320/320 276/276/276 274/274/274
f 320/320/320 274/274/274 272/272/272
f 272/272/272 270/270/270 320/320/320
f 320/320/320 270/270/270 269/269/269
f 320/320/320 269/269/269 267/267/267
f 264/264/264 296/296/296 267/267/267
f 267/267/267 296/296/296 303/303/303
f 267/267/267 303/303/303 305/305/305
f 296/296/296 300/300/300 303/303/303
f 303/303/303 300/300/300 302/302/302
f 305/305/305 307/307/307 267/267/267
f 267/267/267 307/307/307 309/309/309
f 267/267/267 309/309/309 311/311/311
f 311/311/311 314/314/314 267/267/267
f 267/267/267 314/314/314 316/316/316
f 267/267/267 316/316/316 317/317/317
f 317/317/317 320/320/320 267/267/267
f 260/260/260 259/259/259 361/361/361
f 361/361/361 259/259/259 257/257/257
f 361/361/361 257/257/257 255/255/255
f 255/255/255 253/253/253 361/361/361
f 361/361/361 253/253/253 251/251/251
f 361/361/361 251/251/251 249/249/249
f 249/249/249 247/247/247 361/361/361
f 361/361/361 247/247/247 353/353/353
f 361/361/361 353/353/353 358/358/358
f 358/358/358 353/353/353 356/356/356
f 356/356/356 353/353/353 355/355/355
f 247/247/247 245/245/245 353/353/353
f 353/353/353 245/245/245 348/348/348
f 348/348/348 245/245/245 243/243/243
f 348/348/348 243/243/243 339/339/339
f 339/339/339 243/243/243 241/241/241
f 339/339/339 241/241/241 239/239/239
f 239/239/239 236/236/236 339/339/339
f 339/339/339 236/236/236 235/235/235
f 339/339/339 235/235/235 232/232/232
f 232/232/232 230/230/230 339/339/339
f 339/339/339 230/230/230 223/223/223
f 339/339/339 342/342/342 348/348/348
f 348/348/348 342/342/342 345/345/345
f 348/348/348 345/345/345 346/346/346
f 371/371/371 215/215/215 369/369/369
f 369/369/369 215/215/215 212/212/212
f 369/369/369 212/212/212 367/367/367
f 367/367/367 212/212/212 210/210/210
f 367/367/367 210/210/210 365/365/365
f 365/365/365 210/210/210 207/207/207
f 364/364/364 208/208/208 413/413/413
f 413/413/413 208/208/208 205/205/205
f 413/413/413 205/205/205 204/204/204
f 413/413/413 204/204/204 411/411/411
f 411/411/411 204/204/204 201/201/201
f 411/411/411 201/201/201 408/408/408
f 408/408/408 201/201/201 199/199/199
f 408/408/408 199/199/199 407/407/407
f 407/407/407 199/199/199 198/198/198
f 407/407/407 198/198/198 405/405/405
f 405/405/405 198/198/198 196/196/196
f 405/405/405 196/196/196 402/402/402
f 402/402/402 196/196/196 194/194/194
f 402/402/402 194/194/194 401/401/401
f 401/401/401 194/194/194 192/192/192
f 401/401/401 192/192/192 398/398/398
f 398/398/398 192/192/192 190/190/190
f 398/398/398 190/190/190 397/397/397
f 397/397/397 190/190/190 188/188/188
f 397/397/397 188/188/188 395/395/395
f 395/395/395 188/188/188 186/186/186
f 395/395/395 186/186/186 393/393/393
f 393/393/393 186/186/186 183/183/183
f 393/393/393 183/183/183 391/391/391
f 391/391/391 183/183/183 182/182/182
f 391/391/391 182/182/182 389/389/389
f 389/389/389 182/182/182 180/180/180
f 389/389/389 180/180/180 387/387/387
f 387/387/387 180/180/180 177/177/177
f 387/387/387 177/177/177 384/384/384
f 384/384/384 177/177/177 175/175/175
f 384/384/384 175/175/175 382/382/382
f 382/382/382 175/175/175 174/174/174
f 382/382/382 174/174/174 380/380/380
f 380/380/380 174/174/174 172/172/172
f 380/380/380 172/172/172 379/379/379
f 379/379/379 172/172/172 169/169/169
f 379/379/379 169/169/169 376/376/376
f 376/376/376 169/169/169 374/374/374
f 374/374/374 169/169/169 166/166/166
f 120/120/120 416/416/416 123/123/123
f 123/123/123 416/416/416 417/417/417
f 123/123/123 417/417/417 125/125/125
f 125/125/125 417/417/417 419/419/419
f 125/125/125 419/419/419 127/127/127
f 127/127/127 419/419/419 421/421/421
f 372/372/372 415/415/415 214/214/214
f 214/214/214 415/415/415 121/121/121
f 373/373/373 168/168/168 429/429/429
f 429/429/429 168/168/168 164/164/164
f 429/429/429 164/164/164 427/427/427
f 427/427/427 164/164/164 162/162/162
f 427/427/427 162/162/162 426/426/426
f 426/426/426 162/162/162 160/160/160
f 159/159/159 158/158/158 424/424/424
f 424/424/424 158/158/158 433/433/433
f 431/431/431 156/156/156 439/439/439
f 439/439/439 156/156/156 154/154/154
f 439/439/439 154/154/154 437/437/437
f 437/437/437 154/154/154 152/152/152
f 437/437/437 152/152/152 434/434/434
f 434/434/434 152/152/152 151/151/151
f 452/452/452 360/360/360 449/449/449
f 449/449/449 360/360/360 359/359/359
f 449/449/449 359/359/359 447/447/447
f 447/447/447 359/359/359 357/357/357
f 447/447/447 357/357/357 445/445/445
f 445/445/445 357/357/357 354/354/354
f 445/445/445 354/354/354 441/441/441
f 441/441/441 354/354/354 352/352/352
f 362/362/362 451/451/451 261/261/261
f 261/261/261 451/451/451 454/454/454
f 261/261/261 454/454/454 297/297/297
f 297/297/297 263/263/263 261/261/261
f 448/448/448 446/446/446 450/450/450
f 450/450/450 446/446/446 444/444/444
f 450/450/450 444/444/444 443/443/443
f 456/456/456 520/520/520 443/443/443
f 443/443/443 520/520/520 521/521/521
f 443/443/443 521/521/521 524/524/524
f 459/459/459 467/467/467 456/456/456
f 456/456/456 467/467/467 516/516/516
f 456/456/456 516/516/516 517/517/517
f 459/459/459 462/462/462 467/467/467
f 467/467/467 462/462/462 464/464/464
f 470/470/470 430/430/430 467/467/467
f 467/467/467 430/430/430 428/428/428
f 467/467/467 428/428/428 512/512/512
f 512/512/512 428/428/428 425/425/425
f 512/512/512 425/425/425 435/435/435
f 435/435/435 425/425/425 432/432/432
f 435/435/435 432/432/432 440/440/440
f 472/472/472 378/378/378 470/470/470
f 470/470/470 378/378/378 377/377/377
f 470/470/470 377/377/377 375/375/375
f 378/378/378 472/472/472 381/381/381
f 381/381/381 472/472/472 474/474/474
f 381/381/381 474/474/474 476/476/476
f 381/381/381 476/476/476 383/383/383
f 383/383/383 476/476/476 477/477/477
f 383/383/383 477/477/477 385/385/385
f 385/385/385 477/477/477 480/480/480
f 385/385/385 480/480/480 386/386/386
f 386/386/386 480/480/480 482/482/482
f 386/386/386 482/482/482 388/388/388
f 388/388/388 482/482/482 484/484/484
f 388/388/388 484/484/484 390/390/390
f 390/390/390 484/484/484 486/486/486
f 390/390/390 486/486/486 392/392/392
f 392/392/392 486/486/486 487/487/487
f 392/392/392 487/487/487 394/394/394
f 394/394/394 487/487/487 489/489/489
f 394/394/394 489/489/489 396/396/396
f 396/396/396 489/489/489 492/492/492
f 396/396/396 492/492/492 399/399/399
f 399/399/399 492/492/492 493/493/493
f 399/399/399 493/493/493 400/400/400
f 400/400/400 493/493/493 495/495/495
f 400/400/400 495/495/495 403/403/403
f 403/403/403 495/495/495 498/498/498
f 403/403/403 498/498/498 404/404/404
f 404/404/404 498/498/498 499/499/499
f 404/404/404 499/499/499 406/406/406
f 406/406/406 499/499/499 501/501/501
f 406/406/406 501/501/501 503/503/503
f 406/406/406 503/503/503 409/409/409
f 409/409/409 503/503/503 506/506/506
f 409/409/409 506/506/506 410/410/410
f 410/410/410 506/506/506 507/507/507
f 410/410/410 507/507/507 412/412/412
f 412/412/412 507/507/507 509/509/509
f 412/412/412 509/509/509 453/453/453
f 450/450/450 368/368/368 453/453/453
f 453/453/453 368/368/368 366/366/366
f 453/453/453 366/366/366 363/363/363
f 420/420/420 418/418/418 422/422/422
f 422/422/422 418/418/418 414/414/414
f 422/422/422 414/414/414 370/370/370
f 422/422/422 370/370/370 529/529/529
f 529/529/529 370/370/370 368/368/368
f 529/529/529 368/368/368 450/450/450
f 363/363/363 412/412/412 453/453/453
f 375/375/375 430/430/430 470/470/470
f 440/440/440 438/438/438 435/435/435
f 512/512/512 513/513/513 467/467/467
f 467/467/467 513/513/513 516/516/516
f 517/517/517 520/520/520 456/456/456
f 443/443/443 524/524/524 450/450/450
f 450/450/450 524/524/524 525/525/525
f 450/450/450 525/525/525 527/527/527
f 527/527/527 529/529/529 450/450/450
f 458/458/458 350/350/350 460/460/460
f 460/460/460 350/350/350 347/347/347
f 460/460/460 347/347/347 461/461/461
f 461/461/461 347/347/347 344/344/344
f 461/461/461 344/344/344 463/463/463
f 463/463/463 344/344/344 343/343/343
f 463/463/463 343/343/343 466/466/466
f 466/466/466 343/343/343 340/340/340
f 341/341/341 222/222/222 465/465/465
f 465/465/465 222/222/222 468/468/468
f 468/468/468 222/222/222 217/217/217
f 128/128/128 423/423/423 129/129/129
f 129/129/129 423/423/423 530/530/530
f 129/129/129 530/530/530 131/131/131
f 131/131/131 530/530/530 528/528/528
f 131/131/131 528/528/528 134/134/134
f 134/134/134 528/528/528 526/526/526
f 134/134/134 526/526/526 135/135/135
f 135/135/135 526/526/526 523/523/523
f 135/135/135 523/523/523 137/137/137
f 137/137/137 523/523/523 522/522/522
f 137/137/137 522/522/522 139/139/139
f 139/139/139 522/522/522 519/519/519
f 139/139/139 519/519/519 141/141/141
f 141/141/141 519/519/519 518/518/518
f 141/141/141 518/518/518 144/144/144
f 144/144/144 518/518/518 515/515/515
f 144/144/144 515/515/515 146/146/146
f 146/146/146 515/515/515 514/514/514
f 146/146/146 514/514/514 147/147/147
f 147/147/147 514/514/514 511/511/511
f 147/147/147 511/511/511 149/149/149
f 149/149/149 511/511/511 436/436/436
f 351/351/351 349/349/349 442/442/442
f 442/442/442 349/349/349 457/457/457
f 298/298/298 455/455/455 299/299/299
f 299/299/299 455/455/455 510/510/510
f 299/299/299 510/510/510 301/301/301
f 301/301/301 510/510/510 508/508/508
f 301/301/301 508/508/508 304/304/304
f 304/304/304 508/508/508 505/505/505
f 304/304/304 505/505/505 306/306/306
f 306/306/306 505/505/505 504/504/504
f 306/306/306 504/504/504 308/308/308
f 308/308/308 504/504/504 502/502/502
f 308/308/308 502/502/502 310/310/310
f 310/310/310 502/502/502 500/500/500
f 310/310/310 500/500/500 312/312/312
f 312/312/312 500/500/500 497/497/497
f 312/312/312 497/497/497 313/313/313
f 313/313/313 497/497/497 496/496/496
f 313/313/313 496/496/496 315/315/315
f 315/315/315 496/496/496 494/494/494
f 315/315/315 494/494/494 318/318/318
f 318/318/318 494/494/494 491/491/491
f 318/318/318 491/491/491 319/319/319
f 319/319/319 491/491/491 490/490/490
f 319/319/319 490/490/490 322/322/322
f 322/322/322 490/490/490 488/488/488
f 322/322/322 488/488/488 324/324/324
f 324/324/324 488/488/488 485/485/485
f 324/324/324 485/485/485 326/326/326
f 326/326/326 485/485/485 483/483/483
f 326/326/326 483/483/483 327/327/327
f 327/327/327 483/483/483 481/481/481
f 327/327/327 481/481/481 329/329/329
f 329/329/329 481/481/481 479/479/479
f 329/329/329 479/479/479 332/332/332
f 332/332/332 479/479/479 478/478/478
f 332/332/332 478/478/478 333/333/333
f 333/333/333 478/478/478 475/475/475
f 333/333/333 475/475/475 335/335/335
f 335/335/335 475/475/475 473/473/473
f 335/335/335 473/473/473 338/338/338
f 338/338/338 473/473/473 471/471/471
f 338/338/338 471/471/471 219/219/219
f 219/219/219 471/471/471 469/469/469
f 219/219/219 227/227/227 338/338/338
f 534/534/534 647/647/647 531/531/531
f 531/531/531 647/647/647 592/592/592
f 532/532/532 590/590/590 589/589/589
f 589/589/589 590/590/590 594/594/594
f 589/589/589 594/594/594 586/586/586
f 586/586/586 594/594/594 596/596/596
f 586/586/586 596/596/596 585/585/585
f 585/585/585 596/596/596 598/598/598
f 585/585/585 598/598/598 583/583/583
f 583/583/583 598/598/598 600/600/600
f 583/583/583 600/600/600 581/581/581
f 581/581/581 600/600/600 601/601/601
f 581/581/581 601/601/601 578/578/578
f 578/578/578 601/601/601 603/603/603
f 578/578/578 603/603/603 577/577/577
f 577/577/577 603/603/603 605/605/605
f 577/577/577 605/605/605 575/575/575
f 575/575/575 605/605/605 608/608/608
f 575/575/575 608/608/608 573/573/573
f 573/573/573 608/608/608 609/609/609
f 573/573/573 609/609/609 570/570/570
f 570/570/570 609/609/609 611/611/611
f 570/570/570 611/611/611 569/569/569
f 569/569/569 611/611/611 613/613/613
f 569/569/569 613/613/613 567/567/567
f 567/567/567 613/613/613 615/615/615
f 567/567/567 615/615/615 565/565/565
f 565/565/565 615/615/615 617/617/617
f 565/565/565 617/617/617 562/562/562
f 562/562/562 617/617/617 619/619/619
f 562/562/562 619/619/619 561/561/561
f 561/561/561 619/619/619 622/622/622
f 561/561/561 622/622/622 559/559/559
f 559/559/559 622/622/622 623/623/623
f 559/559/559 623/623/623 557/557/557
f 557/557/557 623/623/623 625/625/625
f 557/557/557 625/625/625 555/555/555
f 555/555/555 625/625/625 627/627/627
f 555/555/555 627/627/627 553/553/553
f 553/553/553 627/627/627 629/629/629
f 553/553/553 629/629/629 551/551/551
f 551/551/551 629/629/629 631/631/631
f 551/551/551 631/631/631 548/548/548
f 548/548/548 631/631/631 634/634/634
f 548/548/548 634/634/634 547/547/547
f 547/547/547 634/634/634 635/635/635
f 547/547/547 635/635/635 545/545/545
f 545/545/545 635/635/635 637/637/637
f 545/545/545 637/637/637 542/542/542
f 542/542/542 637/637/637 639/639/639
f 542/542/542 639/639/639 541/541/541
f 541/541/541 639/639/639 641/641/641
f 541/541/541 641/641/641 538/538/538
f 538/538/538 641/641/641 644/644/644
f 538/538/538 644/644/644 536/536/536
f 536/536/536 644/644/644 645/645/645
f 536/536/536 645/645/645 534/534/534
f 534/534/534 645/645/645 647/647/647
f 593/593/593 591/591/591 630/630/630
f 630/630/630 591/591/591 648/648/648
f 630/630/630 648/648/648 646/646/646
f 646/646/646 643/643/643 630/630/630
f 630/630/630 643/643/643 642/642/642
f 630/630/630 642/642/642 640/640/640
f 630/630/630 640/640/640 632/632/632
f 632/632/632 640/640/640 638/638/638
f 632/632/632 638/638/638 633/633/633
f 633/633/633 638/638/638 636/636/636
f 628/628/628 612/612/612 630/630/630
f 630/630/630 612/612/612 610/610/610
f 630/630/630 610/610/610 607/607/607
f 612/612/612 628/628/628 614/614/614
f 614/614/614 628/628/628 626/626/626
f 614/614/614 626/626/626 616/616/616
f 616/616/616 626/626/626 624/624/624
f 616/616/616 624/624/624 618/618/618
f 618/618/618 624/624/624 621/621/621
f 618/618/618 621/621/621 620/620/620
f 607/607/607 606/606/606 630/630/630
f 630/630/630 606/606/606 604/604/604
f 630/630/630 604/604/604 602/602/602
f 602/602/602 599/599/599 630/630/630
f 630/630/630 599/599/599 597/597/597
f 630/630/630 597/597/597 595/595/595
f 595/595/595 593/593/593 630/630/630
f 652/652/652 544/544/544 651/651/651
f 651/651/651 544/544/544 543/543/543
f 651/651/651 543/543/543 746/746/746
f 746/746/746 543/543/543 540/540/540
f 746/746/746 540/540/540 743/743/743
f 743/743/743 540/540/540 539/539/539
f 743/743/743 539/539/539 741/741/741
f 741/741/741 539/539/539 537/537/537
f 741/741/741 537/537/537 740/740/740
f 740/740/740 537/537/537 737/737/737
f 737/737/737 537/537/537 535/535/535
f 737/737/737 535/535/535 736/736/736
f 736/736/736 535/535/535 533/533/533
f 736/736/736 533/533/533 733/733/733
f 733/733/733 533/533/533 588/588/588
f 733/733/733 588/588/588 731/731/731
f 731/731/731 588/588/588 587/587/587
f 731/731/731 587/587/587 729/729/729
f 729/729/729 587/587/587 584/584/584
f 729/729/729 584/584/584 728/728/728
f 728/728/728 584/584/584 582/582/582
f 728/728/728 582/582/582 726/726/726
f 726/726/726 582/582/582 580/580/580
f 726/726/726 580/580/580 723/723/723
f 723/723/723 580/580/580 720/720/720
f 720/720/720 580/580/580 719/719/719
f 719/719/719 580/580/580 715/715/715
f 715/715/715 580/580/580 707/707/707
f 715/715/715 707/707/707 711/711/711
f 652/652/652 655/655/655 544/544/544
f 544/544/544 655/655/655 656/656/656
f 544/544/544 656/656/656 546/546/546
f 546/546/546 656/656/656 659/659/659
f 546/546/546 659/659/659 666/666/666
f 666/666/666 659/659/659 664/664/664
f 664/664/664 659/659/659 662/662/662
f 666/666/666 670/670/670 546/546/546
f 546/546/546 670/670/670 549/549/549
f 549/549/549 670/670/670 671/671/671
f 549/549/549 671/671/671 550/550/550
f 550/550/550 671/671/671 673/673/673
f 550/550/550 673/673/673 676/676/676
f 550/550/550 676/676/676 552/552/552
f 552/552/552 676/676/676 677/677/677
f 552/552/552 677/677/677 554/554/554
f 554/554/554 677/677/677 679/679/679
f 554/554/554 679/679/679 556/556/556
f 556/556/556 679/679/679 681/681/681
f 556/556/556 681/681/681 558/558/558
f 558/558/558 681/681/681 683/683/683
f 558/558/558 683/683/683 560/560/560
f 560/560/560 683/683/683 685/685/685
f 560/560/560 685/685/685 563/563/563
f 563/563/563 685/685/685 688/688/688
f 563/563/563 688/688/688 564/564/564
f 564/564/564 688/688/688 689/689/689
f 564/564/564 689/689/689 692/692/692
f 564/564/564 692/692/692 566/566/566
f 566/566/566 692/692/692 693/693/693
f 566/566/566 693/693/693 568/568/568
f 568/568/568 693/693/693 695/695/695
f 568/568/568 695/695/695 571/571/571
f 571/571/571 695/695/695 697/697/697
f 571/571/571 697/697/697 572/572/572
f 572/572/572 697/697/697 700/700/700
f 572/572/572 700/700/700 574/574/574
f 574/574/574 700/700/700 702/702/702
f 574/574/574 702/702/702 576/576/576
f 576/576/576 702/702/702 703/703/703
f 576/576/576 703/703/703 579/579/579
f 579/579/579 703/703/703 706/706/706
f 579/579/579 706/706/706 707/707/707
f 711/711/711 713/713/713 715/715/715
f 580/580/580 579/579/579 707/707/707
f 750/750/750 752/752/752 759/759/759
f 759/759/759 752/752/752 754/754/754
f 825/825/825 762/762/762 822/822/822
f 822/822/822 762/762/762 763/763/763
f 822/822/822 763/763/763 820/820/820
f 820/820/820 763/763/763 765/765/765
f 820/820/820 765/765/765 818/818/818
f 818/818/818 765/765/765 768/768/768
f 818/818/818 768/768/768 816/816/816
f 816/816/816 768/768/768 769/769/769
f 816/816/816 769/769/769 813/813/813
f 813/813/813 769/769/769 771/771/771
f 813/813/813 771/771/771 811/811/811
f 811/811/811 771/771/771 774/774/774
f 811/811/811 774/774/774 810/810/810
f 810/810/810 774/774/774 775/775/775
f 810/810/810 775/775/775 808/808/808
f 808/808/808 775/775/775 777/777/777
f 808/808/808 777/777/777 806/806/806
f 806/806/806 777/777/777 779/779/779
f 806/806/806 779/779/779 804/804/804
f 804/804/804 779/779/779 781/781/781
f 804/804/804 781/781/781 802/802/802
f 802/802/802 781/781/781 784/784/784
f 802/802/802 784/784/784 800/800/800
f 800/800/800 784/784/784 785/785/785
f 800/800/800 785/785/785 798/798/798
f 798/798/798 785/785/785 787/787/787
f 798/798/798 787/787/787 795/795/795
f 795/795/795 787/787/787 790/790/790
f 795/795/795 790/790/790 793/793/793
f 793/793/793 790/790/790 792/792/792
f 793/793/793 792/792/792 758/758/758
f 758/758/758 792/792/792 748/748/748
f 823/823/823 821/821/821 868/868/868
f 868/868/868 821/821/821 865/865/865
f 865/865/865 821/821/821 863/863/863
f 863/863/863 821/821/821 860/860/860
f 860/860/860 821/821/821 859/859/859
f 859/859/859 821/821/821 856/856/856
f 856/856/856 821/821/821 854/854/854
f 854/854/854 821/821/821 852/852/852
f 852/852/852 821/821/821 850/850/850
f 850/850/850 821/821/821 848/848/848
f 848/848/848 821/821/821 846/846/846
f 846/846/846 821/821/821 819/819/819
f 846/846/846 819/819/819 817/817/817
f 817/817/817 815/815/815 846/846/846
f 846/846/846 815/815/815 814/814/814
f 846/846/846 814/814/814 812/812/812
f 812/812/812 809/809/809 846/846/846
f 846/846/846 809/809/809 807/807/807
f 846/846/846 807/807/807 805/805/805
f 805/805/805 803/803/803 846/846/846
f 846/846/846 803/803/803 801/801/801
f 846/846/846 801/801/801 799/799/799
f 799/799/799 797/797/797 846/846/846
f 846/846/846 797/797/797 796/796/796
f 846/846/846 796/796/796 794/794/794
f 757/757/757 756/756/756 794/794/794
f 794/794/794 756/756/756 830/830/830
f 794/794/794 830/830/830 833/833/833
f 756/756/756 827/827/827 830/830/830
f 830/830/830 827/827/827 828/828/828
f 833/833/833 834/834/834 794/794/794
f 794/794/794 834/834/834 837/837/837
f 794/794/794 837/837/837 838/838/838
f 838/838/838 840/840/840 794/794/794
f 794/794/794 840/840/840 843/843/843
f 794/794/794 843/843/843 844/844/844
f 844/844/844 846/846/846 794/794/794
f 747/747/747 791/791/791 892/892/892
f 892/892/892 791/791/791 789/789/789
f 892/892/892 789/789/789 788/788/788
f 788/788/788 786/786/786 892/892/892
f 892/892/892 786/786/786 783/783/783
f 892/892/892 783/783/783 782/782/782
f 782/782/782 780/780/780 892/892/892
f 892/892/892 780/780/780 881/881/881
f 892/892/892 881/881/881 889/889/889
f 889/889/889 881/881/881 886/886/886
f 886/886/886 881/881/881 885/885/885
f 780/780/780 778/778/778 881/881/881
f 881/881/881 778/778/778 878/878/878
f 878/878/878 778/778/778 776/776/776
f 878/878/878 776/776/776 869/869/869
f 869/869/869 776/776/776 773/773/773
f 869/869/869 773/773/773 772/772/772
f 772/772/772 770/770/770 869/869/869
f 869/869/869 770/770/770 767/767/767
f 869/869/869 767/767/767 766/766/766
f 766/766/766 764/764/764 869/869/869
f 869/869/869 764/764/764 760/760/760
f 869/869/869 872/872/872 878/878/878
f 878/878/878 872/872/872 874/874/874
f 878/878/878 874/874/874 876/876/876
f 660/660/660 895/895/895 663/663/663
f 663/663/663 895/895/895 897/897/897
f 663/663/663 897/897/897 665/665/665
f 665/665/665 897/897/897 899/899/899
f 665/665/665 899/899/899 668/668/668
f 668/668/668 899/899/899 901/901/901
f 667/667/667 902/902/902 669/669/669
f 669/669/669 902/902/902 904/904/904
f 669/669/669 904/904/904 906/906/906
f 669/669/669 906/906/906 672/672/672
f 672/672/672 906/906/906 908/908/908
f 672/672/672 908/908/908 674/674/674
f 674/674/674 908/908/908 910/910/910
f 674/674/674 910/910/910 675/675/675
f 675/675/675 910/910/910 912/912/912
f 675/675/675 912/912/912 678/678/678
f 678/678/678 912/912/912 913/913/913
f 678/678/678 913/913/913 680/680/680
f 680/680/680 913/913/913 915/915/915
f 680/680/680 915/915/915 682/682/682
f 682/682/682 915/915/915 917/917/917
f 682/682/682 917/917/917 684/684/684
f 684/684/684 917/917/917 920/920/920
f 684/684/684 920/920/920 686/686/686
f 686/686/686 920/920/920 922/922/922
f 686/686/686 922/922/922 687/687/687
f 687/687/687 922/922/922 924/924/924
f 687/687/687 924/924/924 690/690/690
f 690/690/690 924/924/924 925/925/925
f 690/690/690 925/925/925 691/691/691
f 691/691/691 925/925/925 927/927/927
f 691/691/691 927/927/927 694/694/694
f 694/694/694 927/927/927 930/930/930
f 694/694/694 930/930/930 696/696/696
f 696/696/696 930/930/930 931/931/931
f 696/696/696 931/931/931 698/698/698
f 698/698/698 931/931/931 933/933/933
f 698/698/698 933/933/933 699/699/699
f 699/699/699 933/933/933 936/936/936
f 699/699/699 936/936/936 701/701/701
f 701/701/701 936/936/936 938/938/938
f 701/701/701 938/938/938 704/704/704
f 704/704/704 938/938/938 940/940/940
f 704/704/704 940/940/940 705/705/705
f 705/705/705 940/940/940 709/709/709
f 709/709/709 940/940/940 942/942/942
f 952/952/952 658/658/658 950/950/950
f 950/950/950 658/658/658 654/654/654
f 950/950/950 654/654/654 948/948/948
f 948/948/948 654/654/654 653/653/653
f 948/948/948 653/653/653 945/945/945
f 945/945/945 653/653/653 649/649/649
f 661/661/661 657/657/657 894/894/894
f 894/894/894 657/657/657 951/951/951
f 958/958/958 963/963/963 955/955/955
f 955/955/955 963/963/963 1030/1030/1030
f 955/955/955 1030/1030/1030 1033/1033/1033
f 958/958/958 959/959/959 963/963/963
f 963/963/963 959/959/959 962/962/962
f 967/967/967 896/896/896 963/963/963
f 963/963/963 896/896/896 1024/1024/1024
f 963/963/963 1024/1024/1024 1026/1026/1026
f 969/969/969 903/903/903 967/967/967
f 967/967/967 903/903/903 900/900/900
f 967/967/967 900/900/900 898/898/898
f 969/969/969 972/972/972 903/903/903
f 903/903/903 972/972/972 905/905/905
f 905/905/905 972/972/972 974/974/974
f 905/905/905 974/974/974 907/907/907
f 907/907/907 974/974/974 976/976/976
f 907/907/907 976/976/976 909/909/909
f 909/909/909 976/976/976 977/977/977
f 909/909/909 977/977/977 979/979/979
f 909/909/909 979/979/979 911/911/911
f 911/911/911 979/979/979 982/982/982
f 911/911/911 982/982/982 914/914/914
f 914/914/914 982/982/982 983/983/983
f 914/914/914 983/983/983 916/916/916
f 916/916/916 983/983/983 986/986/986
f 916/916/916 986/986/986 918/918/918
f 918/918/918 986/986/986 988/988/988
f 918/918/918 988/988/988 919/919/919
f 919/919/919 988/988/988 990/990/990
f 919/919/919 990/990/990 921/921/921
f 921/921/921 990/990/990 991/991/991
f 921/921/921 991/991/991 923/923/923
f 923/923/923 991/991/991 994/994/994
f 923/923/923 994/994/994 926/926/926
f 926/926/926 994/994/994 995/995/995
f 926/926/926 995/995/995 928/928/928
f 928/928/928 995/995/995 998/998/998
f 928/928/928 998/998/998 929/929/929
f 929/929/929 998/998/998 1000/1000/1000
f 929/929/929 1000/1000/1000 932/932/932
f 932/932/932 1000/1000/1000 1002/1002/1002
f 932/932/932 1002/1002/1002 934/934/934
f 934/934/934 1002/1002/1002 1004/1004/1004
f 934/934/934 1004/1004/1004 935/935/935
f 935/935/935 1004/1004/1004 1006/1006/1006
f 935/935/935 1006/1006/1006 1008/1008/1008
f 935/935/935 1008/1008/1008 937/937/937
f 937/937/937 1008/1008/1008 1010/1010/1010
f 937/937/937 1010/1010/1010 939/939/939
f 939/939/939 1010/1010/1010 941/941/941
f 941/941/941 1010/1010/1010 1059/1059/1059
f 1059/1059/1059 1010/1010/1010 1012/1012/1012
f 1059/1059/1059 1012/1012/1012 1057/1057/1057
f 1057/1057/1057 1012/1012/1012 1042/1042/1042
f 1057/1057/1057 1042/1042/1042 1056/1056/1056
f 1056/1056/1056 1042/1042/1042 1046/1046/1046
f 1056/1056/1056 1046/1046/1046 1051/1051/1051
f 1051/1051/1051 1046/1046/1046 1050/1050/1050
f 1050/1050/1050 1046/1046/1046 1048/1048/1048
f 1016/1016/1016 1018/1018/1018 1012/1012/1012
f 1012/1012/1012 1018/1018/1018 1020/1020/1020
f 1012/1012/1012 1020/1020/1020 1023/1023/1023
f 955/955/955 1035/1035/1035 1023/1023/1023
f 1023/1023/1023 1035/1035/1035 1037/1037/1037
f 1023/1023/1023 1037/1037/1037 1038/1038/1038
f 893/893/893 953/953/953 944/944/944
f 944/944/944 953/953/953 949/949/949
f 944/944/944 949/949/949 947/947/947
f 944/944/944 1024/1024/1024 893/893/893
f 893/893/893 1024/1024/1024 896/896/896
f 1026/1026/1026 1028/1028/1028 963/963/963
f 963/963/963 1028/1028/1028 1030/1030/1030
f 1033/1033/1033 1035/1035/1035 955/955/955
f 1023/1023/1023 1038/1038/1038 1012/1012/1012
f 1012/1012/1012 1038/1038/1038 1041/1041/1041
f 1012/1012/1012 1041/1041/1041 1042/1042/1042
f 898/898/898 896/896/896 967/967/967
f 708/708/708 943/943/943 710/710/710
f 710/710/710 943/943/943 1060/1060/1060
f 710/710/710 1060/1060/1060 712/712/712
f 712/712/712 1060/1060/1060 1058/1058/1058
f 712/712/712 1058/1058/1058 714/714/714
f 714/714/714 1058/1058/1058 1054/1054/1054
f 1055/1055/1055 1052/1052/1052 716/716/716
f 716/716/716 1052/1052/1052 717/717/717
f 718/718/718 1053/1053/1053 721/721/721
f 721/721/721 1053/1053/1053 1049/1049/1049
f 721/721/721 1049/1049/1049 722/722/722
f 722/722/722 1049/1049/1049 1047/1047/1047
f 722/722/722 1047/1047/1047 725/725/725
f 725/725/725 1047/1047/1047 1045/1045/1045
f 871/871/871 964/964/964 873/873/873
f 873/873/873 964/964/964 961/961/961
f 873/873/873 961/961/961 875/875/875
f 875/875/875 961/961/961 960/960/960
f 875/875/875 960/960/960 877/877/877
f 877/877/877 960/960/960 957/957/957
f 877/877/877 957/957/957 880/880/880
f 880/880/880 957/957/957 954/954/954
f 870/870/870 761/761/761 965/965/965
f 965/965/965 761/761/761 968/968/968
f 968/968/968 761/761/761 866/866/866
f 866/866/866 761/761/761 824/824/824
f 883/883/883 1021/1021/1021 884/884/884
f 884/884/884 1021/1021/1021 1019/1019/1019
f 884/884/884 1019/1019/1019 887/887/887
f 887/887/887 1019/1019/1019 1017/1017/1017
f 887/887/887 1017/1017/1017 888/888/888
f 888/888/888 1017/1017/1017 1015/1015/1015
f 888/888/888 1015/1015/1015 891/891/891
f 891/891/891 1015/1015/1015 1014/1014/1014
f 890/890/890 1013/1013/1013 749/749/749
f 749/749/749 1013/1013/1013 1009/1009/1009
f 749/749/749 1009/1009/1009 751/751/751
f 946/946/946 650/650/650 1025/1025/1025
f 1025/1025/1025 650/650/650 745/745/745
f 1025/1025/1025 745/745/745 1027/1027/1027
f 1027/1027/1027 745/745/745 744/744/744
f 1027/1027/1027 744/744/744 1029/1029/1029
f 1029/1029/1029 744/744/744 742/742/742
f 1029/1029/1029 742/742/742 1031/1031/1031
f 1031/1031/1031 742/742/742 739/739/739
f 1031/1031/1031 739/739/739 1032/1032/1032
f 1032/1032/1032 739/739/739 738/738/738
f 1032/1032/1032 738/738/738 1034/1034/1034
f 1034/1034/1034 738/738/738 735/735/735
f 1034/1034/1034 735/735/735 1036/1036/1036
f 1036/1036/1036 735/735/735 734/734/734
f 1036/1036/1036 734/734/734 1039/1039/1039
f 1039/1039/1039 734/734/734 732/732/732
f 1039/1039/1039 732/732/732 1040/1040/1040
f 1040/1040/1040 732/732/732 730/730/730
f 1040/1040/1040 730/730/730 1043/1043/1043
f 1043/1043/1043 730/730/730 727/727/727
f 1043/1043/1043 727/727/727 1044/1044/1044
f 1044/1044/1044 727/727/727 724/724/724
f 956/956/956 1022/1022/1022 879/879/879
f 879/879/879 1022/1022/1022 882/882/882
f 1011/1011/1011 1007/1007/1007 753/753/753
f 753/753/753 1007/1007/1007 826/826/826
f 753/753/753 826/826/826 755/755/755
f 826/826/826 1007/1007/1007 829/829/829
f 829/829/829 1007/1007/1007 1005/1005/1005
f 829/829/829 1005/1005/1005 831/831/831
f 831/831/831 1005/1005/1005 1003/1003/1003
f 831/831/831 1003/1003/1003 832/832/832
f 832/832/832 1003/1003/1003 1001/1001/1001
f 832/832/832 1001/1001/1001 835/835/835
f 835/835/835 1001/1001/1001 999/999/999
f 835/835/835 999/999/999 836/836/836
f 836/836/836 999/999/999 997/997/997
f 836/836/836 997/997/997 839/839/839
f 839/839/839 997/997/997 996/996/996
f 839/839/839 996/996/996 841/841/841
f 841/841/841 996/996/996 993/993/993
f 841/841/841 993/993/993 842/842/842
f 842/842/842 993/993/993 992/992/992
f 842/842/842 992/992/992 845/845/845
f 845/845/845 992/992/992 989/989/989
f 845/845/845 989/989/989 847/847/847
f 847/847/847 989/989/989 987/987/987
f 847/847/847 987/987/987 849/849/849
f 849/849/849 987/987/987 985/985/985
f 849/849/849 985/985/985 851/851/851
f 851/851/851 985/985/985 984/984/984
f 851/851/851 984/984/984 853/853/853
f 853/853/853 984/984/984 981/981/981
f 853/853/853 981/981/981 855/855/855
f 855/855/855 981/981/981 980/980/980
f 855/855/855 980/980/980 857/857/857
f 857/857/857 980/980/980 978/978/978
f 857/857/857 978/978/978 858/858/858
f 858/858/858 978/978/978 975/975/975
f 858/858/858 975/975/975 861/861/861
f 861/861/861 975/975/975 973/973/973
f 861/861/861 973/973/973 862/862/862
f 862/862/862 973/973/973 971/971/971
f 862/862/862 971/971/971 864/864/864
f 864/864/864 971/971/971 970/970/970
f 864/864/864 970/970/970 867/867/867
f 867/867/867 970/970/970 966/966/966

