mtllib material.mtl
usemtl Opaque(40,79,210)
v -0.08989800 0.04018800 0.05628600
v -0.08989800 0.04018800 0.05628600
v -0.08989800 0.04018800 0.05628600
v -0.08989800 0.03868800 0.05628600
v -0.08989800 0.03868800 0.05628600
v -0.08989800 0.03868800 0.05628600
v -0.01539800 0.03868800 0.05628600
v -0.01539800 0.03868800 0.05628600
v -0.01539800 0.03868800 0.05628600
v -0.01539800 0.04018800 0.05628600
v -0.01539800 0.04018800 0.05628600
v -0.01539800 0.04018800 0.05628600
v -0.01189800 0.04018800 0.05628600
v -0.01189800 0.04018800 0.05628600
v -0.01189800 0.04018800 0.05628600
v -0.01151800 0.04026400 0.05628600
v -0.01151800 0.04026400 0.05628600
v -0.01129500 0.04039000 0.05628600
v -0.01129500 0.04039000 0.05628600
v -0.01101100 0.04072500 0.05628600
v -0.01101100 0.04072500 0.05628600
v -0.01091200 0.04101900 0.05628600
v -0.01091200 0.04101900 0.05628600
v -0.01091200 0.04101900 0.05628600
v -0.01004900 0.04324300 0.05628600
v -0.01004900 0.04324300 0.05628600
v -0.00838800 0.04495500 0.05628600
v -0.00838800 0.04495500 0.05628600
v -0.00619100 0.04588400 0.05628600
v -0.00619100 0.04588400 0.05628600
v -0.00380600 0.04588400 0.05628600
v -0.00380600 0.04588400 0.05628600
v -0.00160900 0.04495500 0.05628600
v -0.00160900 0.04495500 0.05628600
v 0.00005300 0.04324300 0.05628600
v 0.00005300 0.04324300 0.05628600
v 0.00091500 0.04101900 0.05628600
v 0.00091500 0.04101900 0.05628600
v 0.00091500 0.04101900 0.05628600
v 0.00099100 0.04077400 0.05628600
v 0.00099100 0.04077400 0.05628600
v 0.00121500 0.04046000 0.05628600
v 0.00121500 0.04046000 0.05628600
v 0.00147100 0.04028600 0.05628600
v 0.00147100 0.04028600 0.05628600
v 0.00190100 0.04018800 0.05628600
v 0.00190100 0.04018800 0.05628600
v 0.00190100 0.04018800 0.05628600
v 0.01363000 0.04018800 0.05628600
v 0.01363000 0.04018800 0.05628600
v 0.01363000 0.04018800 0.05628600
v 0.01391000 0.04014800 0.05628600
v 0.01391000 0.04014800 0.05628600
v 0.01416800 0.04003100 0.05628600
v 0.01416800 0.04003100 0.05628600
v 0.01438200 0.03984600 0.05628600
v 0.01438200 0.03984600 0.05628600
v 0.01438200 0.03984600 0.05628600
v 0.01733700 0.03647000 0.05628600
v 0.01733700 0.03647000 0.05628600
v 0.01733700 0.03647000 0.05628600
v 0.01747200 0.03627200 0.05628600
v 0.01747200 0.03627200 0.05628600
v 0.01755600 0.03604900 0.05628600
v 0.01755600 0.03604900 0.05628600
v 0.01758400 0.03581100 0.05628600
v 0.01758400 0.03581100 0.05628600
v 0.01758400 0.03581100 0.05628600
v 0.01758400 -0.03650300 0.05628600
v 0.01758400 -0.03650300 0.05628600
v 0.01758400 -0.03650300 0.05628600
v 0.01755600 -0.03674100 0.05628600
v 0.01755600 -0.03674100 0.05628600
v 0.01747200 -0.03696400 0.05628600
v 0.01747200 -0.03696400 0.05628600
v 0.01733700 -0.03716200 0.05628600
v 0.01733700 -0.03716200 0.05628600
v 0.01733700 -0.03716200 0.05628600
v 0.01438200 -0.04053800 0.05628600
v 0.01438200 -0.04053800 0.05628600
v 0.01438200 -0.04053800 0.05628600
v 0.01416800 -0.04072300 0.05628600
v 0.01416800 -0.04072300 0.05628600
v 0.01391000 -0.04084000 0.05628600
v 0.01391000 -0.04084000 0.05628600
v 0.01363000 -0.04088000 0.05628600
v 0.01363000 -0.04088000 0.05628600
v 0.01363000 -0.04088000 0.05628600
v 0.00190100 -0.04088000 0.05628600
v 0.00190100 -0.04088000 0.05628600
v 0.00190100 -0.04088000 0.05628600
v 0.00152200 -0.04095600 0.05628600
v 0.00152200 -0.04095600 0.05628600
v 0.00129800 -0.04108200 0.05628600
v 0.00129800 -0.04108200 0.05628600
v 0.00101500 -0.04141700 0.05628600
v 0.00101500 -0.04141700 0.05628600
v 0.00091500 -0.04171100 0.05628600
v 0.00091500 -0.04171100 0.05628600
v 0.00091500 -0.04171100 0.05628600
v 0.00005300 -0.04393500 0.05628600
v 0.00005300 -0.04393500 0.05628600
v -0.00160900 -0.04564700 0.05628600
v -0.00160900 -0.04564700 0.05628600
v -0.00380600 -0.04657600 0.05628600
v -0.00380600 -0.04657600 0.05628600
v -0.00619100 -0.04657600 0.05628600
v -0.00619100 -0.04657600 0.05628600
v -0.00838800 -0.04564700 0.05628600
v -0.00838800 -0.04564700 0.05628600
v -0.01004900 -0.04393500 0.05628600
v -0.01004900 -0.04393500 0.05628600
v -0.01091200 -0.04171100 0.05628600
v -0.01091200 -0.04171100 0.05628600
v -0.01091200 -0.04171100 0.05628600
v -0.01098700 -0.04146600 0.05628600
v -0.01098700 -0.04146600 0.05628600
v -0.01121200 -0.04115200 0.05628600
v -0.01121200 -0.04115200 0.05628600
v -0.01146800 -0.04097800 0.05628600
v -0.01146800 -0.04097800 0.05628600
v -0.01189800 -0.04088000 0.05628600
v -0.01189800 -0.04088000 0.05628600
v -0.01189800 -0.04088000 0.05628600
v -0.01539800 -0.04088000 0.05628600
v -0.01539800 -0.04088000 0.05628600
v -0.01539800 -0.04088000 0.05628600
v -0.01539800 -0.03938000 0.05628600
v -0.01539800 -0.03938000 0.05628600
v -0.01539800 -0.03938000 0.05628600
v -0.08989800 -0.03938000 0.05628600
v -0.08989800 -0.03938000 0.05628600
v -0.08989800 -0.03938000 0.05628600
v -0.08989800 -0.04088000 0.05628600
v -0.08989800 -0.04088000 0.05628600
v -0.08989800 -0.04088000 0.05628600
v -0.09309900 -0.04088000 0.05628600
v -0.09309900 -0.04088000 0.05628600
v -0.09309900 -0.04088000 0.05628600
v -0.09347800 -0.04095600 0.05628600
v -0.09347800 -0.04095600 0.05628600
v -0.09370200 -0.04108200 0.05628600
v -0.09370200 -0.04108200 0.05628600
v -0.09398500 -0.04141700 0.05628600
v -0.09398500 -0.04141700 0.05628600
v -0.09408500 -0.04171100 0.05628600
v -0.09408500 -0.04171100 0.05628600
v -0.09408500 -0.04171100 0.05628600
v -0.09494700 -0.04393500 0.05628600
v -0.09494700 -0.04393500 0.05628600
v -0.09660900 -0.04564700 0.05628600
v -0.09660900 -0.04564700 0.05628600
v -0.09880600 -0.04657600 0.05628600
v -0.09880600 -0.04657600 0.05628600
v -0.10119100 -0.04657600 0.05628600
v -0.10119100 -0.04657600 0.05628600
v -0.10338800 -0.04564700 0.05628600
v -0.10338800 -0.04564700 0.05628600
v -0.10504900 -0.04393500 0.05628600
v -0.10504900 -0.04393500 0.05628600
v -0.10591200 -0.04171100 0.05628600
v -0.10591200 -0.04171100 0.05628600
v -0.10591200 -0.04171100 0.05628600
v -0.10598700 -0.04146600 0.05628600
v -0.10598700 -0.04146600 0.05628600
v -0.10621200 -0.04115200 0.05628600
v -0.10621200 -0.04115200 0.05628600
v -0.10646800 -0.04097800 0.05628600
v -0.10646800 -0.04097800 0.05628600
v -0.10689800 -0.04088000 0.05628600
v -0.10689800 -0.04088000 0.05628600
v -0.10689800 -0.04088000 0.05628600
v -0.11854000 -0.04088000 0.05628600
v -0.11854000 -0.04088000 0.05628600
v -0.11854000 -0.04088000 0.05628600
v -0.12071600 -0.04053800 0.05628600
v -0.12071600 -0.04053800 0.05628600
v -0.12267800 -0.03954600 0.05628600
v -0.12267800 -0.03954600 0.05628600
v -0.12423400 -0.03800100 0.05628600
v -0.12423400 -0.03800100 0.05628600
v -0.12523300 -0.03605300 0.05628600
v -0.12523300 -0.03605300 0.05628600
v -0.12557800 -0.03389300 0.05628600
v -0.12557800 -0.03389300 0.05628600
v -0.12557800 -0.03389300 0.05628600
v -0.12557800 -0.02269000 0.05628600
v -0.12557800 -0.02269000 0.05628600
v -0.12557800 -0.02269000 0.05628600
v -0.12561800 -0.02224200 0.05628600
v -0.12561800 -0.02224200 0.05628600
v -0.12573700 -0.02180800 0.05628600
v -0.12573700 -0.02180800 0.05628600
v -0.12593100 -0.02140100 0.05628600
v -0.12593100 -0.02140100 0.05628600
v -0.12593100 -0.02140100 0.05628600
v -0.12673500 -0.02004100 0.05628600
v -0.12673500 -0.02004100 0.05628600
v -0.12673500 -0.02004100 0.05628600
v -0.12693000 -0.01963400 0.05628600
v -0.12693000 -0.01963400 0.05628600
v -0.12704900 -0.01920000 0.05628600
v -0.12704900 -0.01920000 0.05628600
v -0.12708900 -0.01875200 0.05628600
v -0.12708900 -0.01875200 0.05628600
v -0.12708900 -0.01875200 0.05628600
v -0.12708900 0.01806000 0.05628600
v -0.12708900 0.01806000 0.05628600
v -0.12708900 0.01806000 0.05628600
v -0.12704900 0.01850800 0.05628600
v -0.12704900 0.01850800 0.05628600
v -0.12693000 0.01894200 0.05628600
v -0.12693000 0.01894200 0.05628600
v -0.12673500 0.01934900 0.05628600
v -0.12673500 0.01934900 0.05628600
v -0.12673500 0.01934900 0.05628600
v -0.12593100 0.02070900 0.05628600
v -0.12593100 0.02070900 0.05628600
v -0.12593100 0.02070900 0.05628600
v -0.12573700 0.02111600 0.05628600
v -0.12573700 0.02111600 0.05628600
v -0.12561800 0.02155000 0.05628600
v -0.12561800 0.02155000 0.05628600
v -0.12557800 0.02199800 0.05628600
v -0.12557800 0.02199800 0.05628600
v -0.12557800 0.02199800 0.05628600
v -0.12557800 0.03320100 0.05628600
v -0.12557800 0.03320100 0.05628600
v -0.12557800 0.03320100 0.05628600
v -0.12523300 0.03536100 0.05628600
v -0.12523300 0.03536100 0.05628600
v -0.12423400 0.03730900 0.05628600
v -0.12423400 0.03730900 0.05628600
v -0.12267800 0.03885400 0.05628600
v -0.12267800 0.03885400 0.05628600
v -0.12071600 0.03984600 0.05628600
v -0.12071600 0.03984600 0.05628600
v -0.11854000 0.04018800 0.05628600
v -0.11854000 0.04018800 0.05628600
v -0.11854000 0.04018800 0.05628600
v -0.10689800 0.04018800 0.05628600
v -0.10689800 0.04018800 0.05628600
v -0.10689800 0.04018800 0.05628600
v -0.10651800 0.04026400 0.05628600
v -0.10651800 0.04026400 0.05628600
v -0.10629500 0.04039000 0.05628600
v -0.10629500 0.04039000 0.05628600
v -0.10601100 0.04072500 0.05628600
v -0.10601100 0.04072500 0.05628600
v -0.10591200 0.04101900 0.05628600
v -0.10591200 0.04101900 0.05628600
v -0.10591200 0.04101900 0.05628600
v -0.10504900 0.04324300 0.05628600
v -0.10504900 0.04324300 0.05628600
v -0.10338800 0.04495500 0.05628600
v -0.10338800 0.04495500 0.05628600
v -0.10119100 0.04588400 0.05628600
v -0.10119100 0.04588400 0.05628600
v -0.09880600 0.04588400 0.05628600
v -0.09880600 0.04588400 0.05628600
v -0.09660900 0.04495500 0.05628600
v -0.09660900 0.04495500 0.05628600
v -0.09494700 0.04324300 0.05628600
v -0.09494700 0.04324300 0.05628600
v -0.09408500 0.04101900 0.05628600
v -0.09408500 0.04101900 0.05628600
v -0.09408500 0.04101900 0.05628600
v -0.09400900 0.04077400 0.05628600
v -0.09400900 0.04077400 0.05628600
v -0.09378500 0.04046000 0.05628600
v -0.09378500 0.04046000 0.05628600
v -0.09352900 0.04028600 0.05628600
v -0.09352900 0.04028600 0.05628600
v -0.09309900 0.04018800 0.05628600
v -0.09309900 0.04018800 0.05628600
v -0.09309900 0.04018800 0.05628600
v -0.08989800 -0.03948800 0.06248600
v -0.08989800 -0.03948800 0.06248600
v -0.08989800 -0.03948800 0.06248600
v -0.08989800 -0.04080600 0.06248600
v -0.08989800 -0.04080600 0.06248600
v -0.08989800 -0.04080600 0.06248600
v -0.08989800 -0.04089700 0.05728600
v -0.08989800 -0.04089700 0.05728600
v -0.08989800 -0.04089700 0.05728600
v -0.01539800 -0.03948800 0.06248600
v -0.01539800 -0.03948800 0.06248600
v -0.01539800 -0.03948800 0.06248600
v -0.01586700 -0.03951800 0.06423600
v -0.01586700 -0.03951800 0.06423600
v -0.01714800 -0.03954100 0.06551700
v -0.01714800 -0.03954100 0.06551700
v -0.01889800 -0.03954900 0.06598600
v -0.01889800 -0.03954900 0.06598600
v -0.01889800 -0.03954900 0.06598600
v -0.08639800 -0.03954900 0.06598600
v -0.08639800 -0.03954900 0.06598600
v -0.08639800 -0.03954900 0.06598600
v -0.08814800 -0.03954100 0.06551700
v -0.08814800 -0.03954100 0.06551700
v -0.08942900 -0.03951800 0.06423600
v -0.08942900 -0.03951800 0.06423600
v -0.01539800 -0.04089700 0.05728600
v -0.01539800 -0.04089700 0.05728600
v -0.01539800 -0.04089700 0.05728600
v -0.01539800 -0.04080600 0.06248600
v -0.01539800 -0.04080600 0.06248600
v -0.01539800 -0.04080600 0.06248600
v -0.01189400 -0.04089700 0.05728600
v -0.01189400 -0.04089700 0.05728600
v -0.01189400 -0.04089700 0.05728600
v -0.01189400 -0.04089700 0.05728600
v -0.01090900 -0.04172600 0.05728600
v -0.01090900 -0.04172600 0.05728600
v -0.01090900 -0.04172600 0.05728600
v -0.01103000 -0.04139500 0.05728600
v -0.01103000 -0.04139500 0.05728600
v -0.01117800 -0.04120000 0.05728600
v -0.01117800 -0.04120000 0.05728600
v -0.01155300 -0.04095900 0.05728600
v -0.01155300 -0.04095900 0.05728600
v -0.01109700 -0.04128700 0.05676000
v -0.01122700 -0.04114500 0.05676300
v -0.01168600 -0.04091100 0.05676800
v 0.00091300 -0.04172600 0.05728600
v 0.00091300 -0.04172600 0.05728600
v 0.00091300 -0.04172600 0.05728600
v 0.00093600 -0.04158300 0.06678900
v 0.00093600 -0.04158300 0.06678900
v 0.00093600 -0.04158300 0.06678900
v 0.00093600 -0.04158300 0.06678900
v 0.00010200 -0.04385700 0.06678900
v 0.00010200 -0.04385700 0.06678900
v -0.00156300 -0.04561500 0.06678900
v -0.00156300 -0.04561500 0.06678900
v -0.00378700 -0.04657300 0.06678900
v -0.00378700 -0.04657300 0.06678900
v -0.00620900 -0.04657300 0.06678900
v -0.00620900 -0.04657300 0.06678900
v -0.00843300 -0.04561500 0.06678900
v -0.00843300 -0.04561500 0.06678900
v -0.01009800 -0.04385700 0.06678900
v -0.01009800 -0.04385700 0.06678900
v -0.01093200 -0.04158300 0.06678900
v -0.01093200 -0.04158300 0.06678900
v -0.01093200 -0.04158300 0.06678900
v -0.01093200 -0.04158300 0.06678900
v 0.00189800 -0.04089700 0.05728600
v 0.00189800 -0.04089700 0.05728600
v 0.00189800 -0.04089700 0.05728600
v 0.00189800 -0.04089700 0.05728600
v 0.00151900 -0.04097300 0.05728600
v 0.00151900 -0.04097300 0.05728600
v 0.00128900 -0.04110500 0.05728600
v 0.00128900 -0.04110500 0.05728600
v 0.00102400 -0.04141200 0.05728600
v 0.00102400 -0.04141200 0.05728600
v 0.00168900 -0.04091100 0.05676500
v 0.00123000 -0.04114500 0.05676000
v 0.00110100 -0.04128600 0.05675700
v 0.01364700 -0.04089700 0.05728600
v 0.01364700 -0.04089700 0.05728600
v 0.01364700 -0.04089700 0.05728600
v 0.01364700 -0.04089700 0.05728600
v 0.01440000 -0.04055600 0.05728200
v 0.01440000 -0.04055600 0.05728200
v 0.01440000 -0.04055600 0.05728200
v 0.01440000 -0.04055600 0.05728200
v 0.01435400 -0.04060400 0.05728300
v 0.01435400 -0.04060400 0.05728300
v 0.01402600 -0.04082100 0.05728400
v 0.01402600 -0.04082100 0.05728400
v 0.01384100 -0.04087800 0.05728400
v 0.01384100 -0.04087800 0.05728400
v 0.01735400 -0.03717900 0.05728500
v 0.01735400 -0.03717900 0.05728500
v 0.01735400 -0.03717900 0.05728500
v 0.01735400 -0.03717900 0.05728500
v 0.01660700 -0.03803300 0.05728500
v 0.01660700 -0.03803300 0.05728500
v 0.01585100 -0.03889700 0.05728400
v 0.01585100 -0.03889700 0.05728400
v 0.01512600 -0.03972600 0.05728300
v 0.01512600 -0.03972600 0.05728300
v 0.01760200 -0.03652100 0.05728600
v 0.01760200 -0.03652100 0.05728600
v 0.01760200 -0.03652100 0.05728600
v 0.01760200 -0.03652100 0.05728600
v 0.01757300 -0.03675800 0.05728500
v 0.01757300 -0.03675800 0.05728500
v 0.01748900 -0.03698200 0.05728500
v 0.01748900 -0.03698200 0.05728500
v 0.01760200 0.03582900 0.05728600
v 0.01760200 0.03582900 0.05728600
v 0.01760200 0.03582900 0.05728600
v 0.01760200 0.03582900 0.05728600
v 0.01735400 0.03648700 0.05728500
v 0.01735400 0.03648700 0.05728500
v 0.01735400 0.03648700 0.05728500
v 0.01735400 0.03648700 0.05728500
v 0.01748900 0.03629000 0.05728500
v 0.01748900 0.03629000 0.05728500
v 0.01757300 0.03606600 0.05728500
v 0.01757300 0.03606600 0.05728500
v 0.01440000 0.03986400 0.05728200
v 0.01440000 0.03986400 0.05728200
v 0.01440000 0.03986400 0.05728200
v 0.01440000 0.03986400 0.05728200
v 0.01512600 0.03903400 0.05728300
v 0.01512600 0.03903400 0.05728300
v 0.01585100 0.03820500 0.05728400
v 0.01585100 0.03820500 0.05728400
v 0.01660700 0.03734100 0.05728500
v 0.01660700 0.03734100 0.05728500
v 0.01364700 0.04020500 0.05728600
v 0.01364700 0.04020500 0.05728600
v 0.01364700 0.04020500 0.05728600
v 0.01364700 0.04020500 0.05728600
v 0.01409300 0.04010000 0.05728300
v 0.01409300 0.04010000 0.05728300
v 0.00189800 0.04020500 0.05728600
v 0.00189800 0.04020500 0.05728600
v 0.00189800 0.04020500 0.05728600
v 0.00189800 0.04020500 0.05728600
v 0.00091300 0.04103400 0.05728600
v 0.00091300 0.04103400 0.05728600
v 0.00091300 0.04103400 0.05728600
v 0.00101400 0.04073900 0.05728600
v 0.00101400 0.04073900 0.05728600
v 0.00129500 0.04040800 0.05728600
v 0.00129500 0.04040800 0.05728600
v 0.00151900 0.04028100 0.05728600
v 0.00151900 0.04028100 0.05728600
v 0.00110100 0.04059500 0.05676000
v 0.00123000 0.04045300 0.05676200
v 0.00168900 0.04021900 0.05676800
v -0.01090900 0.04103400 0.05728600
v -0.01090900 0.04103400 0.05728600
v -0.01090900 0.04103400 0.05728600
v -0.01093200 0.04089100 0.06678900
v -0.01093200 0.04089100 0.06678900
v -0.01093200 0.04089100 0.06678900
v -0.01093200 0.04089100 0.06678900
v -0.01009800 0.04316500 0.06678900
v -0.01009800 0.04316500 0.06678900
v -0.00843300 0.04492300 0.06678900
v -0.00843300 0.04492300 0.06678900
v -0.00620900 0.04588100 0.06678900
v -0.00620900 0.04588100 0.06678900
v -0.00378700 0.04588100 0.06678900
v -0.00378700 0.04588100 0.06678900
v -0.00156300 0.04492300 0.06678900
v -0.00156300 0.04492300 0.06678900
v 0.00010200 0.04316500 0.06678900
v 0.00010200 0.04316500 0.06678900
v 0.00093600 0.04089100 0.06678900
v 0.00093600 0.04089100 0.06678900
v 0.00093600 0.04089100 0.06678900
v 0.00093600 0.04089100 0.06678900
v -0.01189400 0.04020500 0.05728600
v -0.01189400 0.04020500 0.05728600
v -0.01189400 0.04020500 0.05728600
v -0.01189400 0.04020500 0.05728600
v -0.01155300 0.04026700 0.05728600
v -0.01155300 0.04026700 0.05728600
v -0.01117800 0.04050800 0.05728600
v -0.01117800 0.04050800 0.05728600
v -0.01103000 0.04070300 0.05728600
v -0.01103000 0.04070300 0.05728600
v -0.01168600 0.04021900 0.05676500
v -0.01122700 0.04045300 0.05676000
v -0.01109700 0.04059400 0.05675700
v -0.01539800 0.03879600 0.06248600
v -0.01539800 0.03879600 0.06248600
v -0.01539800 0.03879600 0.06248600
v -0.01539800 0.04011400 0.06248600
v -0.01539800 0.04011400 0.06248600
v -0.01539800 0.04011400 0.06248600
v -0.01539800 0.04020500 0.05728600
v -0.01539800 0.04020500 0.05728600
v -0.01539800 0.04020500 0.05728600
v -0.09310200 0.04020500 0.05728600
v -0.09310200 0.04020500 0.05728600
v -0.09310200 0.04020500 0.05728600
v -0.09310200 0.04020500 0.05728600
v -0.08989800 0.04020500 0.05728600
v -0.08989800 0.04020500 0.05728600
v -0.08989800 0.04020500 0.05728600
v -0.08989800 0.03879600 0.06248600
v -0.08989800 0.03879600 0.06248600
v -0.08989800 0.03879600 0.06248600
v -0.08942900 0.03882600 0.06423600
v -0.08942900 0.03882600 0.06423600
v -0.08814800 0.03884900 0.06551700
v -0.08814800 0.03884900 0.06551700
v -0.08639800 0.03885700 0.06598600
v -0.08639800 0.03885700 0.06598600
v -0.08639800 0.03885700 0.06598600
v -0.01889800 0.03885700 0.06598600
v -0.01889800 0.03885700 0.06598600
v -0.01889800 0.03885700 0.06598600
v -0.01714800 0.03884900 0.06551700
v -0.01714800 0.03884900 0.06551700
v -0.01586700 0.03882600 0.06423600
v -0.01586700 0.03882600 0.06423600
v -0.00955900 -0.04101300 0.06899500
v -0.00955900 -0.04101300 0.06899500
v -0.00955900 -0.04101300 0.06899500
v -0.00918700 -0.04102100 0.06918100
v -0.00918700 -0.04102100 0.06918100
v -0.00915900 -0.04101700 0.06919000
v -0.00915900 -0.04101700 0.06919000
v -0.00904500 -0.04099400 0.06921900
v -0.00904500 -0.04099400 0.06921900
v -0.00904500 -0.04099400 0.06921900
v -0.00904500 -0.04099400 0.06921900
v -0.00921000 -0.04075000 0.06942900
v -0.00921000 -0.04075000 0.06942900
v -0.00947400 -0.04055800 0.06959500
v -0.00947400 -0.04055800 0.06959500
v -0.00947400 -0.04055800 0.06959500
v -0.00958400 -0.04066700 0.06947600
v -0.00958400 -0.04066700 0.06947600
v -0.00969000 -0.04074700 0.06933300
v -0.00969000 -0.04074700 0.06933300
v -0.00978700 -0.04079400 0.06917100
v -0.00978700 -0.04079400 0.06917100
v -0.00978700 -0.04079400 0.06917100
v -0.00978700 -0.04079400 0.06917100
v -0.00969900 -0.04083800 0.06914900
v -0.00969900 -0.04083800 0.06914900
v -0.00963000 -0.04089000 0.06911200
v -0.00963000 -0.04089000 0.06911200
v -0.00958300 -0.04094900 0.06906000
v -0.00958300 -0.04094900 0.06906000
v -0.00941900 -0.04085000 0.06929500
v -0.00913200 -0.04108200 0.06913400
v -0.00913200 -0.04108200 0.06913400
v -0.00913200 -0.04108200 0.06913400
v -0.00955600 -0.04106100 0.06894100
v -0.00955600 -0.04106100 0.06894100
v -0.00955600 -0.04106100 0.06894100
v -0.00955600 -0.04106100 0.06894100
v -0.00943000 -0.04108900 0.06901200
v -0.00943000 -0.04108900 0.06901200
v -0.00929500 -0.04110400 0.06906900
v -0.00929500 -0.04110400 0.06906900
v -0.00915300 -0.04110400 0.06911100
v -0.00915300 -0.04110400 0.06911100
v -0.00915300 -0.04110400 0.06911100
v -0.00929600 -0.04106600 0.06910500
v -0.00999400 -0.04157200 0.06821300
v -0.00999400 -0.04157200 0.06821300
v -0.00999400 -0.04157200 0.06821300
v -0.00969200 -0.04132200 0.06859800
v -0.00969200 -0.04132200 0.06859800
v -0.00940900 -0.04136600 0.06878300
v -0.09444300 -0.04034500 0.06977800
v -0.09444300 -0.04034500 0.06977800
v -0.09444300 -0.04034500 0.06977800
v -0.09444300 -0.04052900 0.06956800
v -0.09444300 -0.04052900 0.06956800
v -0.09444300 -0.04064800 0.06931500
v -0.09444300 -0.04064800 0.06931500
v -0.09444300 -0.04069200 0.06903800
v -0.09444300 -0.04069200 0.06903800
v -0.09444300 -0.04069200 0.06903800
v -0.09444300 -0.04069200 0.06903800
v -0.01055400 -0.04069200 0.06903800
v -0.01055400 -0.04069200 0.06903800
v -0.01055400 -0.04069200 0.06903800
v -0.01055400 -0.04069200 0.06903800
v -0.01055400 -0.04064800 0.06931500
v -0.01055400 -0.04064800 0.06931500
v -0.01055400 -0.04052900 0.06956800
v -0.01055400 -0.04052900 0.06956800
v -0.01055400 -0.04034500 0.06977800
v -0.01055400 -0.04034500 0.06977800
v -0.01055400 -0.04034500 0.06977800
v -0.08605400 -0.04059700 0.06944500
v -0.07766500 -0.04059700 0.06944500
v -0.06927600 -0.04059700 0.06944500
v -0.06088700 -0.04059700 0.06944500
v -0.05249800 -0.04059700 0.06944500
v -0.04410900 -0.04059700 0.06944500
v -0.03572000 -0.04059700 0.06944500
v -0.02733200 -0.04059700 0.06944500
v -0.01894300 -0.04059700 0.06944500
v -0.01011000 -0.04071600 0.06915500
v -0.01011000 -0.04071600 0.06915500
v -0.00994900 -0.04039800 0.06973200
v -0.00994900 -0.04039800 0.06973200
v -0.00995800 -0.04061200 0.06948000
v -0.09595200 -0.04099400 0.06921900
v -0.09595200 -0.04099400 0.06921900
v -0.09595200 -0.04099400 0.06921900
v -0.09595200 -0.04099400 0.06921900
v -0.09583800 -0.04101700 0.06919000
v -0.09583800 -0.04101700 0.06919000
v -0.09581000 -0.04102100 0.06918100
v -0.09581000 -0.04102100 0.06918100
v -0.09543700 -0.04101300 0.06899500
v -0.09543700 -0.04101300 0.06899500
v -0.09543700 -0.04101300 0.06899500
v -0.09541400 -0.04094900 0.06906000
v -0.09541400 -0.04094900 0.06906000
v -0.09536700 -0.04089000 0.06911200
v -0.09536700 -0.04089000 0.06911200
v -0.09529800 -0.04083800 0.06914900
v -0.09529800 -0.04083800 0.06914900
v -0.09521000 -0.04079400 0.06917100
v -0.09521000 -0.04079400 0.06917100
v -0.09521000 -0.04079400 0.06917100
v -0.09521000 -0.04079400 0.06917100
v -0.09530700 -0.04074700 0.06933300
v -0.09530700 -0.04074700 0.06933300
v -0.09541300 -0.04066700 0.06947600
v -0.09541300 -0.04066700 0.06947600
v -0.09552200 -0.04055800 0.06959500
v -0.09552200 -0.04055800 0.06959500
v -0.09552200 -0.04055800 0.06959500
v -0.09578700 -0.04075000 0.06942900
v -0.09578700 -0.04075000 0.06942900
v -0.09557900 -0.04085100 0.06929400
v -0.09488700 -0.04071600 0.06915500
v -0.09488700 -0.04071600 0.06915500
v -0.09504700 -0.04039800 0.06973200
v -0.09504700 -0.04039800 0.06973200
v -0.09504100 -0.04061200 0.06948000
v -0.09586500 -0.04108200 0.06913400
v -0.09586500 -0.04108200 0.06913400
v -0.09586500 -0.04108200 0.06913400
v -0.09585900 -0.04108800 0.06912800
v -0.09585900 -0.04108800 0.06912800
v -0.09585400 -0.04109300 0.06912200
v -0.09585400 -0.04109300 0.06912200
v -0.09584900 -0.04109800 0.06911700
v -0.09584900 -0.04109800 0.06911700
v -0.09584300 -0.04110400 0.06911100
v -0.09584300 -0.04110400 0.06911100
v -0.09584300 -0.04110400 0.06911100
v -0.09570200 -0.04110400 0.06906900
v -0.09570200 -0.04110400 0.06906900
v -0.09556600 -0.04108900 0.06901200
v -0.09556600 -0.04108900 0.06901200
v -0.09544000 -0.04106100 0.06894100
v -0.09544000 -0.04106100 0.06894100
v -0.09544000 -0.04106100 0.06894100
v -0.09544000 -0.04106100 0.06894100
v -0.09570100 -0.04106600 0.06910500
v -0.09500200 -0.04157200 0.06821300
v -0.09500200 -0.04157200 0.06821300
v -0.09500200 -0.04157200 0.06821300
v -0.09530500 -0.04132200 0.06859800
v -0.09530500 -0.04132200 0.06859800
v -0.09558500 -0.04137200 0.06877700
v -0.00970200 -0.04086700 0.06908500
v -0.00970200 -0.04086700 0.06908500
v -0.00962400 -0.04095700 0.06900800
v -0.00962400 -0.04095700 0.06900800
v -0.00963900 -0.04090700 0.06907200
v -0.01079400 -0.04069600 0.06880100
v -0.01079400 -0.04069600 0.06880100
v -0.01103400 -0.04070000 0.06856400
v -0.01103400 -0.04070000 0.06856400
v -0.01127300 -0.04070400 0.06832700
v -0.01127300 -0.04070400 0.06832700
v -0.01127300 -0.04070400 0.06832700
v -0.01094700 -0.04082400 0.06799900
v -0.01094700 -0.04082400 0.06799900
v -0.01069500 -0.04114400 0.06775100
v -0.01069500 -0.04114400 0.06775100
v -0.01057500 -0.04159200 0.06763700
v -0.01057500 -0.04159200 0.06763700
v -0.01057500 -0.04159200 0.06763700
v -0.01057500 -0.04159200 0.06763700
v -0.01038200 -0.04158600 0.06782900
v -0.01038200 -0.04158600 0.06782900
v -0.01018800 -0.04157900 0.06802100
v -0.01018800 -0.04157900 0.06802100
v -0.00995300 -0.04135900 0.06832500
v -0.01004100 -0.04112200 0.06841000
v -0.01016900 -0.04092500 0.06853500
v -0.01028400 -0.04081500 0.06865000
v -0.09420300 -0.04069600 0.06880100
v -0.09420300 -0.04069600 0.06880100
v -0.09396300 -0.04070000 0.06856400
v -0.09396300 -0.04070000 0.06856400
v -0.09372300 -0.04070400 0.06832700
v -0.09372300 -0.04070400 0.06832700
v -0.09372300 -0.04070400 0.06832700
v -0.09324500 -0.04071700 0.06761300
v -0.09324500 -0.04071700 0.06761300
v -0.09307500 -0.04073100 0.06677100
v -0.09307500 -0.04073100 0.06677100
v -0.09307500 -0.04073100 0.06677100
v -0.09310200 -0.04089700 0.05728600
v -0.09310200 -0.04089700 0.05728600
v -0.09310200 -0.04089700 0.05728600
v -0.09310200 -0.04089700 0.05728600
v -0.08942900 -0.04077600 0.06423600
v -0.08942900 -0.04077600 0.06423600
v -0.08814800 -0.04075300 0.06551700
v -0.08814800 -0.04075300 0.06551700
v -0.08639800 -0.04074500 0.06598600
v -0.08639800 -0.04074500 0.06598600
v -0.08639800 -0.04074500 0.06598600
v -0.01889800 -0.04074500 0.06598600
v -0.01889800 -0.04074500 0.06598600
v -0.01889800 -0.04074500 0.06598600
v -0.01714800 -0.04075300 0.06551700
v -0.01714800 -0.04075300 0.06551700
v -0.01586700 -0.04077600 0.06423600
v -0.01586700 -0.04077600 0.06423600
v -0.01192100 -0.04073100 0.06677100
v -0.01192100 -0.04073100 0.06677100
v -0.01192100 -0.04073100 0.06677100
v -0.01175200 -0.04071700 0.06761200
v -0.01175200 -0.04071700 0.06761200
v -0.09543700 0.04032100 0.06899500
v -0.09543700 0.04032100 0.06899500
v -0.09543700 0.04032100 0.06899500
v -0.09581000 0.04032900 0.06918100
v -0.09581000 0.04032900 0.06918100
v -0.09583800 0.04032500 0.06919000
v -0.09583800 0.04032500 0.06919000
v -0.09595200 0.04030200 0.06921900
v -0.09595200 0.04030200 0.06921900
v -0.09595200 0.04030200 0.06921900
v -0.09595200 0.04030200 0.06921900
v -0.09578700 0.04005800 0.06942900
v -0.09578700 0.04005800 0.06942900
v -0.09552200 0.03986600 0.06959500
v -0.09552200 0.03986600 0.06959500
v -0.09552200 0.03986600 0.06959500
v -0.09541300 0.03997500 0.06947600
v -0.09541300 0.03997500 0.06947600
v -0.09530700 0.04005500 0.06933300
v -0.09530700 0.04005500 0.06933300
v -0.09521000 0.04010200 0.06917100
v -0.09521000 0.04010200 0.06917100
v -0.09521000 0.04010200 0.06917100
v -0.09521000 0.04010200 0.06917100
v -0.09529800 0.04014600 0.06914900
v -0.09529800 0.04014600 0.06914900
v -0.09536700 0.04019800 0.06911200
v -0.09536700 0.04019800 0.06911200
v -0.09541400 0.04025700 0.06906000
v -0.09541400 0.04025700 0.06906000
v -0.09557800 0.04015800 0.06929500
v -0.09586500 0.04039000 0.06913400
v -0.09586500 0.04039000 0.06913400
v -0.09586500 0.04039000 0.06913400
v -0.09544000 0.04036900 0.06894100
v -0.09544000 0.04036900 0.06894100
v -0.09544000 0.04036900 0.06894100
v -0.09544000 0.04036900 0.06894100
v -0.09556600 0.04039700 0.06901200
v -0.09556600 0.04039700 0.06901200
v -0.09570200 0.04041200 0.06906900
v -0.09570200 0.04041200 0.06906900
v -0.09584300 0.04041200 0.06911100
v -0.09584300 0.04041200 0.06911100
v -0.09584300 0.04041200 0.06911100
v -0.09570100 0.04037400 0.06910500
v -0.09500200 0.04088000 0.06821300
v -0.09500200 0.04088000 0.06821300
v -0.09500200 0.04088000 0.06821300
v -0.09530500 0.04063000 0.06859800
v -0.09530500 0.04063000 0.06859800
v -0.09558700 0.04067400 0.06878300
v -0.01055400 0.03965300 0.06977800
v -0.01055400 0.03965300 0.06977800
v -0.01055400 0.03965300 0.06977800
v -0.01055400 0.03983700 0.06956800
v -0.01055400 0.03983700 0.06956800
v -0.01055400 0.03995600 0.06931500
v -0.01055400 0.03995600 0.06931500
v -0.01055400 0.04000000 0.06903800
v -0.01055400 0.04000000 0.06903800
v -0.01055400 0.04000000 0.06903800
v -0.01055400 0.04000000 0.06903800
v -0.09444300 0.04000000 0.06903800
v -0.09444300 0.04000000 0.06903800
v -0.09444300 0.04000000 0.06903800
v -0.09444300 0.04000000 0.06903800
v -0.09444300 0.03995600 0.06931500
v -0.09444300 0.03995600 0.06931500
v -0.09444300 0.03983700 0.06956800
v -0.09444300 0.03983700 0.06956800
v -0.09444300 0.03965300 0.06977800
v -0.09444300 0.03965300 0.06977800
v -0.09444300 0.03965300 0.06977800
v -0.01894300 0.03990500 0.06944500
v -0.02733200 0.03990500 0.06944500
v -0.03572000 0.03990500 0.06944500
v -0.04410900 0.03990500 0.06944500
v -0.05249800 0.03990500 0.06944500
v -0.06088700 0.03990500 0.06944500
v -0.06927600 0.03990500 0.06944500
v -0.07766500 0.03990500 0.06944500
v -0.08605400 0.03990500 0.06944500
v -0.09488700 0.04002400 0.06915500
v -0.09488700 0.04002400 0.06915500
v -0.09504700 0.03970600 0.06973200
v -0.09504700 0.03970600 0.06973200
v -0.09503900 0.03992000 0.06948000
v -0.00904500 0.04030200 0.06921900
v -0.00904500 0.04030200 0.06921900
v -0.00904500 0.04030200 0.06921900
v -0.00904500 0.04030200 0.06921900
v -0.00915900 0.04032500 0.06919000
v -0.00915900 0.04032500 0.06919000
v -0.00918700 0.04032900 0.06918100
v -0.00918700 0.04032900 0.06918100
v -0.00955900 0.04032100 0.06899500
v -0.00955900 0.04032100 0.06899500
v -0.00955900 0.04032100 0.06899500
v -0.00958300 0.04025700 0.06906000
v -0.00958300 0.04025700 0.06906000
v -0.00963000 0.04019800 0.06911200
v -0.00963000 0.04019800 0.06911200
v -0.00969900 0.04014600 0.06914900
v -0.00969900 0.04014600 0.06914900
v -0.00978700 0.04010200 0.06917100
v -0.00978700 0.04010200 0.06917100
v -0.00978700 0.04010200 0.06917100
v -0.00978700 0.04010200 0.06917100
v -0.00969000 0.04005500 0.06933300
v -0.00969000 0.04005500 0.06933300
v -0.00958400 0.03997500 0.06947600
v -0.00958400 0.03997500 0.06947600
v -0.00947400 0.03986600 0.06959500
v -0.00947400 0.03986600 0.06959500
v -0.00947400 0.03986600 0.06959500
v -0.00921000 0.04005800 0.06942900
v -0.00921000 0.04005800 0.06942900
v -0.00941800 0.04015900 0.06929400
v -0.01011000 0.04002400 0.06915500
v -0.01011000 0.04002400 0.06915500
v -0.00994900 0.03970600 0.06973200
v -0.00994900 0.03970600 0.06973200
v -0.00995500 0.03992000 0.06948000
v -0.00913200 0.04039000 0.06913400
v -0.00913200 0.04039000 0.06913400
v -0.00913200 0.04039000 0.06913400
v -0.00913700 0.04039600 0.06912800
v -0.00913700 0.04039600 0.06912800
v -0.00914200 0.04040100 0.06912200
v -0.00914200 0.04040100 0.06912200
v -0.00914800 0.04040600 0.06911700
v -0.00914800 0.04040600 0.06911700
v -0.00915300 0.04041200 0.06911100
v -0.00915300 0.04041200 0.06911100
v -0.00915300 0.04041200 0.06911100
v -0.00929500 0.04041200 0.06906900
v -0.00929500 0.04041200 0.06906900
v -0.00943000 0.04039700 0.06901200
v -0.00943000 0.04039700 0.06901200
v -0.00955600 0.04036900 0.06894100
v -0.00955600 0.04036900 0.06894100
v -0.00955600 0.04036900 0.06894100
v -0.00955600 0.04036900 0.06894100
v -0.00929600 0.04037400 0.06910500
v -0.00999400 0.04088000 0.06821300
v -0.00999400 0.04088000 0.06821300
v -0.00999400 0.04088000 0.06821300
v -0.00969200 0.04063000 0.06859800
v -0.00969200 0.04063000 0.06859800
v -0.00941200 0.04068000 0.06877700
v -0.09529500 0.04017600 0.06908500
v -0.09529500 0.04017600 0.06908500
v -0.09537200 0.04026500 0.06900800
v -0.09537200 0.04026500 0.06900800
v -0.09535700 0.04021500 0.06907200
v -0.09420300 0.04000400 0.06880100
v -0.09420300 0.04000400 0.06880100
v -0.09396300 0.04000800 0.06856400
v -0.09396300 0.04000800 0.06856400
v -0.09372300 0.04001200 0.06832700
v -0.09372300 0.04001200 0.06832700
v -0.09372300 0.04001200 0.06832700
v -0.09404900 0.04013200 0.06799900
v -0.09404900 0.04013200 0.06799900
v -0.09430100 0.04045200 0.06775100
v -0.09430100 0.04045200 0.06775100
v -0.09442100 0.04090000 0.06763700
v -0.09442100 0.04090000 0.06763700
v -0.09442100 0.04090000 0.06763700
v -0.09442100 0.04090000 0.06763700
v -0.09461500 0.04089400 0.06782900
v -0.09461500 0.04089400 0.06782900
v -0.09480900 0.04088700 0.06802100
v -0.09480900 0.04088700 0.06802100
v -0.09504300 0.04066700 0.06832500
v -0.09495500 0.04043000 0.06841000
v -0.09482800 0.04023300 0.06853500
v -0.09471300 0.04012300 0.06865000
v -0.01079400 0.04000400 0.06880100
v -0.01079400 0.04000400 0.06880100
v -0.01103400 0.04000800 0.06856400
v -0.01103400 0.04000800 0.06856400
v -0.01127300 0.04001200 0.06832700
v -0.01127300 0.04001200 0.06832700
v -0.01127300 0.04001200 0.06832700
v -0.01175200 0.04002500 0.06761300
v -0.01175200 0.04002500 0.06761300
v -0.01192100 0.04004000 0.06677100
v -0.01192100 0.04004000 0.06677100
v -0.01192100 0.04004000 0.06677100
v -0.01586700 0.04008400 0.06423600
v -0.01586700 0.04008400 0.06423600
v -0.01714800 0.04006100 0.06551700
v -0.01714800 0.04006100 0.06551700
v -0.01889800 0.04005300 0.06598600
v -0.01889800 0.04005300 0.06598600
v -0.01889800 0.04005300 0.06598600
v -0.08639800 0.04005300 0.06598600
v -0.08639800 0.04005300 0.06598600
v -0.08639800 0.04005300 0.06598600
v -0.08814800 0.04006100 0.06551700
v -0.08814800 0.04006100 0.06551700
v -0.08942900 0.04008400 0.06423600
v -0.08942900 0.04008400 0.06423600
v -0.08989800 0.04011400 0.06248600
v -0.08989800 0.04011400 0.06248600
v -0.08989800 0.04011400 0.06248600
v -0.09307500 0.04004000 0.06677100
v -0.09307500 0.04004000 0.06677100
v -0.09307500 0.04004000 0.06677100
v -0.09324500 0.04002500 0.06761200
v -0.09324500 0.04002500 0.06761200
v -0.10455900 -0.04101300 0.06899500
v -0.10455900 -0.04101300 0.06899500
v -0.10455900 -0.04101300 0.06899500
v -0.10418700 -0.04102100 0.06918100
v -0.10418700 -0.04102100 0.06918100
v -0.10415900 -0.04101700 0.06919000
v -0.10415900 -0.04101700 0.06919000
v -0.10404500 -0.04099400 0.06921900
v -0.10404500 -0.04099400 0.06921900
v -0.10404500 -0.04099400 0.06921900
v -0.10404500 -0.04099400 0.06921900
v -0.10421000 -0.04075000 0.06942900
v -0.10421000 -0.04075000 0.06942900
v -0.10447400 -0.04055800 0.06959500
v -0.10447400 -0.04055800 0.06959500
v -0.10447400 -0.04055800 0.06959500
v -0.10458400 -0.04066700 0.06947600
v -0.10458400 -0.04066700 0.06947600
v -0.10469000 -0.04074700 0.06933300
v -0.10469000 -0.04074700 0.06933300
v -0.10478700 -0.04079400 0.06917100
v -0.10478700 -0.04079400 0.06917100
v -0.10478700 -0.04079400 0.06917100
v -0.10478700 -0.04079400 0.06917100
v -0.10469900 -0.04083800 0.06914900
v -0.10469900 -0.04083800 0.06914900
v -0.10463000 -0.04089000 0.06911200
v -0.10463000 -0.04089000 0.06911200
v -0.10458300 -0.04094900 0.06906000
v -0.10458300 -0.04094900 0.06906000
v -0.10441900 -0.04085000 0.06929500
v -0.10413200 -0.04108200 0.06913400
v -0.10413200 -0.04108200 0.06913400
v -0.10413200 -0.04108200 0.06913400
v -0.10455600 -0.04106100 0.06894100
v -0.10455600 -0.04106100 0.06894100
v -0.10455600 -0.04106100 0.06894100
v -0.10455600 -0.04106100 0.06894100
v -0.10443000 -0.04108900 0.06901200
v -0.10443000 -0.04108900 0.06901200
v -0.10429500 -0.04110400 0.06906900
v -0.10429500 -0.04110400 0.06906900
v -0.10415300 -0.04110400 0.06911100
v -0.10415300 -0.04110400 0.06911100
v -0.10415300 -0.04110400 0.06911100
v -0.10429600 -0.04106600 0.06910500
v -0.10499400 -0.04157200 0.06821300
v -0.10499400 -0.04157200 0.06821300
v -0.10499400 -0.04157200 0.06821300
v -0.10469200 -0.04132200 0.06859800
v -0.10469200 -0.04132200 0.06859800
v -0.10440900 -0.04136600 0.06878300
v -0.12503400 0.02586300 0.07327800
v -0.12503400 0.02586300 0.07327800
v -0.12503400 0.02586300 0.07327800
v -0.12507200 0.02570300 0.07342900
v -0.12507200 0.02570300 0.07342900
v -0.12507000 0.02551200 0.07354400
v -0.12507000 0.02551200 0.07354400
v -0.12502800 0.02530400 0.07361500
v -0.12502800 0.02530400 0.07361500
v -0.12502800 0.02530400 0.07361500
v -0.12502800 0.02530400 0.07361500
v -0.12496600 0.02531600 0.07366000
v -0.12496600 0.02531600 0.07366000
v -0.12489700 0.02530100 0.07371200
v -0.12489700 0.02530100 0.07371200
v -0.12489700 0.02530100 0.07371200
v -0.12478100 0.02559600 0.07371900
v -0.12478100 0.02559600 0.07371900
v -0.12461000 0.02584400 0.07362400
v -0.12461000 0.02584400 0.07362400
v -0.12440900 0.02600800 0.07344100
v -0.12440900 0.02600800 0.07344100
v -0.12440900 0.02600800 0.07344100
v -0.12440900 0.02600800 0.07344100
v -0.12472200 0.02599000 0.07338200
v -0.12472200 0.02599000 0.07338200
v -0.12494000 0.02558800 0.07362000
v -0.12491200 0.02569400 0.07358300
v -0.12481000 0.02591100 0.07344600
v -0.12524400 0.02568100 0.07315600
v -0.12524400 0.02568100 0.07315600
v -0.12538000 0.02545700 0.07300200
v -0.12538000 0.02545700 0.07300200
v -0.12542900 0.02520900 0.07283100
v -0.12542900 0.02520900 0.07283100
v -0.12542900 0.02520900 0.07283100
v -0.12542900 0.02520900 0.07283100
v -0.12542900 0.02520900 0.07283100
v -0.12537800 0.02524500 0.07312900
v -0.12537800 0.02524500 0.07312900
v -0.12524000 0.02527800 0.07339900
v -0.12524000 0.02527800 0.07339900
v -0.12532500 0.02544400 0.07320800
v -0.12502800 -0.02599600 0.07361500
v -0.12502800 -0.02599600 0.07361500
v -0.12502800 -0.02599600 0.07361500
v -0.12502800 -0.02599600 0.07361500
v -0.12507000 -0.02620400 0.07354400
v -0.12507000 -0.02620400 0.07354400
v -0.12507200 -0.02639500 0.07342900
v -0.12507200 -0.02639500 0.07342900
v -0.12503400 -0.02655500 0.07327800
v -0.12503400 -0.02655500 0.07327800
v -0.12503400 -0.02655500 0.07327800
v -0.12472200 -0.02668200 0.07338200
v -0.12472200 -0.02668200 0.07338200
v -0.12440900 -0.02670000 0.07344100
v -0.12440900 -0.02670000 0.07344100
v -0.12440900 -0.02670000 0.07344100
v -0.12440900 -0.02670000 0.07344100
v -0.12461000 -0.02653600 0.07362400
v -0.12461000 -0.02653600 0.07362400
v -0.12478100 -0.02628800 0.07371900
v -0.12478100 -0.02628800 0.07371900
v -0.12489700 -0.02599300 0.07371200
v -0.12489700 -0.02599300 0.07371200
v -0.12489700 -0.02599300 0.07371200
v -0.12496600 -0.02600800 0.07366000
v -0.12496600 -0.02600800 0.07366000
v -0.12487500 -0.02648400 0.07353300
v -0.12491200 -0.02638600 0.07358300
v -0.12496400 -0.02612400 0.07365100
v -0.12524000 -0.02597000 0.07339900
v -0.12524000 -0.02597000 0.07339900
v -0.12537800 -0.02593700 0.07312900
v -0.12537800 -0.02593700 0.07312900
v -0.12542900 -0.02590100 0.07283100
v -0.12542900 -0.02590100 0.07283100
v -0.12542900 -0.02590100 0.07283100
v -0.12542900 -0.02590100 0.07283100
v -0.12542900 -0.02590100 0.07283100
v -0.12538000 -0.02614900 0.07300200
v -0.12538000 -0.02614900 0.07300200
v -0.12524400 -0.02637300 0.07315600
v -0.12524400 -0.02637300 0.07315600
v -0.12532500 -0.02612600 0.07321400
v -0.12246100 -0.03845900 0.07140300
v -0.12246100 -0.03845900 0.07140300
v -0.12246100 -0.03845900 0.07140300
v -0.12360800 -0.03738500 0.07090600
v -0.12360800 -0.03738500 0.07090600
v -0.12444100 -0.03603900 0.07051400
v -0.12444100 -0.03603900 0.07051400
v -0.12481300 -0.03489300 0.07033000
v -0.12481300 -0.03489300 0.07033000
v -0.12494200 -0.03368700 0.07026400
v -0.12494200 -0.03368700 0.07026400
v -0.12494200 -0.03368700 0.07026400
v -0.12522800 -0.03368700 0.07004700
v -0.12522800 -0.03368700 0.07004700
v -0.12541900 -0.03368700 0.06974200
v -0.12541900 -0.03368700 0.06974200
v -0.12548900 -0.03368700 0.06939000
v -0.12548900 -0.03368700 0.06939000
v -0.12548900 -0.03368700 0.06939000
v -0.12548900 -0.03368700 0.06939000
v -0.12532300 -0.03518800 0.06946600
v -0.12532300 -0.03518800 0.06946600
v -0.12484400 -0.03660400 0.06967100
v -0.12484400 -0.03660400 0.06967100
v -0.12408700 -0.03786400 0.06997800
v -0.12408700 -0.03786400 0.06997800
v -0.12309700 -0.03892400 0.07035400
v -0.12309700 -0.03892400 0.07035400
v -0.12309700 -0.03892400 0.07035400
v -0.12295800 -0.03885500 0.07088300
v -0.12295800 -0.03885500 0.07088300
v -0.12267200 -0.03860200 0.07128000
v -0.12267200 -0.03860200 0.07128000
v -0.12267200 -0.03860200 0.07128000
v -0.12326500 -0.03801000 0.07104100
v -0.12344600 -0.03830700 0.07077200
v -0.12348300 -0.03840900 0.07062300
v -0.12445400 -0.03635900 0.07049200
v -0.12468700 -0.03653700 0.07021800
v -0.12474800 -0.03660000 0.07007500
v -0.12478000 -0.03555500 0.07033200
v -0.12502700 -0.03567800 0.07005600
v -0.12509400 -0.03572200 0.06991400
v -0.12494200 -0.02892800 0.07026400
v -0.12494200 -0.02892800 0.07026400
v -0.12494200 -0.02892800 0.07026400
v -0.12494200 -0.02892800 0.07026400
v -0.12522800 -0.02892800 0.07004700
v -0.12522800 -0.02892800 0.07004700
v -0.12541900 -0.02892800 0.06974200
v -0.12541900 -0.02892800 0.06974200
v -0.12548900 -0.02892800 0.06939000
v -0.12548900 -0.02892800 0.06939000
v -0.12548900 -0.02892800 0.06939000
v -0.12485100 -0.02865200 0.07035100
v -0.12485100 -0.02865200 0.07035100
v -0.12473000 -0.02839000 0.07052200
v -0.12473000 -0.02839000 0.07052200
v -0.12459300 -0.02816100 0.07075400
v -0.12459300 -0.02816100 0.07075400
v -0.12445100 -0.02797900 0.07102900
v -0.12445100 -0.02797900 0.07102900
v -0.12445100 -0.02797900 0.07102900
v -0.12445100 -0.02797900 0.07102900
v -0.12483700 -0.02791400 0.07100100
v -0.12483700 -0.02791400 0.07100100
v -0.12516700 -0.02772300 0.07090600
v -0.12516700 -0.02772300 0.07090600
v -0.12538800 -0.02743500 0.07075700
v -0.12538800 -0.02743500 0.07075700
v -0.12546800 -0.02709500 0.07057800
v -0.12546800 -0.02709500 0.07057800
v -0.12546800 -0.02709500 0.07057800
v -0.12547700 -0.02742100 0.07010900
v -0.12547700 -0.02742100 0.07010900
v -0.12548300 -0.02785200 0.06973300
v -0.12548300 -0.02785200 0.06973300
v -0.12548800 -0.02836600 0.06948200
v -0.12548800 -0.02836600 0.06948200
v -0.12499700 -0.02851700 0.07032600
v -0.12516200 -0.02846600 0.07021500
v -0.12527700 -0.02841400 0.07010100
v -0.12539400 -0.02833400 0.06992400
v -0.12546500 -0.02824600 0.06972700
v -0.12478800 -0.02804700 0.07082400
v -0.12501400 -0.02795900 0.07076200
v -0.12517600 -0.02785400 0.07068700
v -0.12534200 -0.02767600 0.07055800
v -0.12544400 -0.02747000 0.07040600
v -0.12546000 -0.02796200 0.06989800
v -0.12538000 -0.02809000 0.07008700
v -0.12524800 -0.02820400 0.07025400
v -0.12512000 -0.02827600 0.07036000
v -0.12493600 -0.02834500 0.07045800
v -0.11849600 -0.04034500 0.06977800
v -0.11849600 -0.04034500 0.06977800
v -0.11849600 -0.04034500 0.06977800
v -0.11849600 -0.04052900 0.06956800
v -0.11849600 -0.04052900 0.06956800
v -0.11849600 -0.04064800 0.06931500
v -0.11849600 -0.04064800 0.06931500
v -0.11849600 -0.04069200 0.06903800
v -0.11849600 -0.04069200 0.06903800
v -0.11849600 -0.04069200 0.06903800
v -0.11849600 -0.04069200 0.06903800
v -0.10555400 -0.04069200 0.06903800
v -0.10555400 -0.04069200 0.06903800
v -0.10555400 -0.04069200 0.06903800
v -0.10555400 -0.04069200 0.06903800
v -0.10555400 -0.04064800 0.06931500
v -0.10555400 -0.04064800 0.06931500
v -0.10555400 -0.04052900 0.06956800
v -0.10555400 -0.04052900 0.06956800
v -0.10555400 -0.04034500 0.06977800
v -0.10555400 -0.04034500 0.06977800
v -0.10555400 -0.04034500 0.06977800
v -0.11202500 -0.04059700 0.06944500
v -0.12208900 -0.03967800 0.06979500
v -0.12208900 -0.03967800 0.06979500
v -0.12096200 -0.04023500 0.06938100
v -0.12096200 -0.04023500 0.06938100
v -0.11975100 -0.04057700 0.06912600
v -0.11975100 -0.04057700 0.06912600
v -0.11965100 -0.04023100 0.06987700
v -0.11965100 -0.04023100 0.06987700
v -0.12075900 -0.03989200 0.07016800
v -0.12075900 -0.03989200 0.07016800
v -0.12177900 -0.03934300 0.07064200
v -0.12177900 -0.03934300 0.07064200
v -0.12208000 -0.03960300 0.07016700
v -0.12200000 -0.03958200 0.07028600
v -0.12178900 -0.03946400 0.07052500
v -0.12082800 -0.04022000 0.06967200
v -0.12077500 -0.04018400 0.06979000
v -0.12064000 -0.04003700 0.07003300
v -0.11968200 -0.04053500 0.06941800
v -0.11965500 -0.04049100 0.06953600
v -0.11958700 -0.04033000 0.06978100
v -0.12502800 -0.02261400 0.07361500
v -0.12502800 -0.02261400 0.07361500
v -0.12502800 -0.02261400 0.07361500
v -0.12524000 -0.02261400 0.07339900
v -0.12524000 -0.02261400 0.07339900
v -0.12537800 -0.02261400 0.07312900
v -0.12537800 -0.02261400 0.07312900
v -0.12542900 -0.02261400 0.07283100
v -0.12542900 -0.02261400 0.07283100
v -0.12542900 -0.02261400 0.07283100
v -0.12542900 -0.02261400 0.07283100
v -0.12552800 -0.02086400 0.07322800
v -0.12552800 -0.02086400 0.07322800
v -0.12552800 -0.02086400 0.07322800
v -0.12569700 -0.02105800 0.07302500
v -0.12569700 -0.02105800 0.07302500
v -0.12578100 -0.02123000 0.07276000
v -0.12578100 -0.02123000 0.07276000
v -0.12577100 -0.02136400 0.07246200
v -0.12577100 -0.02136400 0.07246200
v -0.12577100 -0.02136400 0.07246200
v -0.12577100 -0.02136400 0.07246200
v -0.12552100 -0.02195500 0.07273500
v -0.12552100 -0.02195500 0.07273500
v -0.12516200 -0.02169200 0.07351400
v -0.12516200 -0.02169200 0.07351400
v -0.12548400 -0.02195100 0.07298900
v -0.12540300 -0.02188700 0.07321300
v -0.12641500 -0.01942600 0.07247800
v -0.12641500 -0.01942600 0.07247800
v -0.12641500 -0.01942600 0.07247800
v -0.12656300 -0.01961700 0.07228000
v -0.12656300 -0.01961700 0.07228000
v -0.12663100 -0.01978900 0.07202800
v -0.12663100 -0.01978900 0.07202800
v -0.12661300 -0.01992600 0.07174800
v -0.12661300 -0.01992600 0.07174800
v -0.12661300 -0.01992600 0.07174800
v -0.12661300 -0.01992600 0.07174800
v -0.12611700 -0.02027900 0.07269600
v -0.12619700 -0.02042400 0.07249900
v -0.12663000 -0.01867600 0.07228200
v -0.12663000 -0.01867600 0.07228200
v -0.12663000 -0.01867600 0.07228200
v -0.12680100 -0.01867600 0.07207500
v -0.12680100 -0.01867600 0.07207500
v -0.12691100 -0.01867600 0.07183000
v -0.12691100 -0.01867600 0.07183000
v -0.12695100 -0.01867600 0.07156500
v -0.12695100 -0.01867600 0.07156500
v -0.12695100 -0.01867600 0.07156500
v -0.12695100 -0.01867600 0.07156500
v -0.12686000 -0.01933800 0.07161500
v -0.12686000 -0.01933800 0.07161500
v -0.12657200 -0.01907300 0.07233500
v -0.12657200 -0.01907300 0.07233500
v -0.12678900 -0.01919300 0.07202900
v -0.12663000 0.01798400 0.07228200
v -0.12663000 0.01798400 0.07228200
v -0.12663000 0.01798400 0.07228200
v -0.12680100 0.01798400 0.07207500
v -0.12680100 0.01798400 0.07207500
v -0.12691100 0.01798400 0.07183000
v -0.12691100 0.01798400 0.07183000
v -0.12695100 0.01798400 0.07156500
v -0.12695100 0.01798400 0.07156500
v -0.12695100 0.01798400 0.07156500
v -0.12695100 0.01798400 0.07156500
v -0.12686400 0.01065200 0.07195600
v -0.12686400 0.00332000 0.07195600
v -0.12686400 -0.00401200 0.07195600
v -0.12686400 -0.01134400 0.07195600
v -0.12641500 0.01873400 0.07247800
v -0.12641500 0.01873400 0.07247800
v -0.12641500 0.01873400 0.07247800
v -0.12656300 0.01892500 0.07228000
v -0.12656300 0.01892500 0.07228000
v -0.12663100 0.01909700 0.07202800
v -0.12663100 0.01909700 0.07202800
v -0.12661300 0.01923400 0.07174800
v -0.12661300 0.01923400 0.07174800
v -0.12661300 0.01923400 0.07174800
v -0.12661300 0.01923400 0.07174800
v -0.12686000 0.01864600 0.07161500
v -0.12686000 0.01864600 0.07161500
v -0.12657200 0.01838100 0.07233500
v -0.12657200 0.01838100 0.07233500
v -0.12679700 0.01846700 0.07202300
v -0.12552800 0.02017200 0.07322800
v -0.12552800 0.02017200 0.07322800
v -0.12552800 0.02017200 0.07322800
v -0.12569700 0.02036600 0.07302500
v -0.12569700 0.02036600 0.07302500
v -0.12578100 0.02053800 0.07276000
v -0.12578100 0.02053800 0.07276000
v -0.12577100 0.02067200 0.07246200
v -0.12577100 0.02067200 0.07246200
v -0.12577100 0.02067200 0.07246200
v -0.12577100 0.02067200 0.07246200
v -0.12619700 0.01973200 0.07249900
v -0.12611700 0.01958700 0.07269600
v -0.12502800 0.02192200 0.07361500
v -0.12502800 0.02192200 0.07361500
v -0.12502800 0.02192200 0.07361500
v -0.12524000 0.02192200 0.07339900
v -0.12524000 0.02192200 0.07339900
v -0.12537800 0.02192200 0.07312900
v -0.12537800 0.02192200 0.07312900
v -0.12542900 0.02192200 0.07283100
v -0.12542900 0.02192200 0.07283100
v -0.12542900 0.02192200 0.07283100
v -0.12542900 0.02192200 0.07283100
v -0.12552100 0.02126300 0.07273500
v -0.12552100 0.02126300 0.07273500
v -0.12516200 0.02100000 0.07351400
v -0.12516200 0.02100000 0.07351400
v -0.12549500 0.02121900 0.07297800
v -0.12541600 0.02115100 0.07320300
v -0.12267200 0.03791000 0.07128000
v -0.12267200 0.03791000 0.07128000
v -0.12267200 0.03791000 0.07128000
v -0.12177900 0.03865100 0.07064200
v -0.12177900 0.03865100 0.07064200
v -0.12075900 0.03920000 0.07016800
v -0.12075900 0.03920000 0.07016800
v -0.11965100 0.03953900 0.06987700
v -0.11965100 0.03953900 0.06987700
v -0.11849600 0.03965300 0.06977800
v -0.11849600 0.03965300 0.06977800
v -0.11849600 0.03965300 0.06977800
v -0.11849600 0.03983700 0.06956800
v -0.11849600 0.03983700 0.06956800
v -0.11849600 0.03995600 0.06931500
v -0.11849600 0.03995600 0.06931500
v -0.11849600 0.04000000 0.06903800
v -0.11849600 0.04000000 0.06903800
v -0.11849600 0.04000000 0.06903800
v -0.11849600 0.04000000 0.06903800
v -0.11975100 0.03988500 0.06912600
v -0.11975100 0.03988500 0.06912600
v -0.12096200 0.03954300 0.06938100
v -0.12096200 0.03954300 0.06938100
v -0.12208900 0.03898600 0.06979500
v -0.12208900 0.03898600 0.06979500
v -0.12309700 0.03823200 0.07035400
v -0.12309700 0.03823200 0.07035400
v -0.12309700 0.03823200 0.07035400
v -0.12295800 0.03816400 0.07088300
v -0.12295800 0.03816400 0.07088300
v -0.12184700 0.03873400 0.07055700
v -0.12206300 0.03885100 0.07031900
v -0.12214400 0.03887100 0.07020000
v -0.12076900 0.03929500 0.07007600
v -0.12091300 0.03943900 0.06983300
v -0.12096900 0.03947400 0.06971600
v -0.11965500 0.03962500 0.06979200
v -0.11972700 0.03978500 0.06954700
v -0.11975600 0.03982900 0.06943000
v -0.12445100 0.02728700 0.07102900
v -0.12445100 0.02728700 0.07102900
v -0.12445100 0.02728700 0.07102900
v -0.12445100 0.02728700 0.07102900
v -0.12483700 0.02722200 0.07100100
v -0.12483700 0.02722200 0.07100100
v -0.12516700 0.02703100 0.07090600
v -0.12516700 0.02703100 0.07090600
v -0.12538800 0.02674300 0.07075700
v -0.12538800 0.02674300 0.07075700
v -0.12546800 0.02640300 0.07057800
v -0.12546800 0.02640300 0.07057800
v -0.12546800 0.02640300 0.07057800
v -0.12459300 0.02746900 0.07075400
v -0.12459300 0.02746900 0.07075400
v -0.12473000 0.02769800 0.07052200
v -0.12473000 0.02769800 0.07052200
v -0.12485100 0.02796000 0.07035100
v -0.12485100 0.02796000 0.07035100
v -0.12494200 0.02823600 0.07026400
v -0.12494200 0.02823600 0.07026400
v -0.12494200 0.02823600 0.07026400
v -0.12494200 0.02823600 0.07026400
v -0.12522800 0.02823600 0.07004700
v -0.12522800 0.02823600 0.07004700
v -0.12541900 0.02823600 0.06974200
v -0.12541900 0.02823600 0.06974200
v -0.12548900 0.02823600 0.06939000
v -0.12548900 0.02823600 0.06939000
v -0.12548900 0.02823600 0.06939000
v -0.12548800 0.02767400 0.06948200
v -0.12548800 0.02767400 0.06948200
v -0.12548300 0.02716000 0.06973300
v -0.12548300 0.02716000 0.06973300
v -0.12547700 0.02672900 0.07010900
v -0.12547700 0.02672900 0.07010900
v -0.12488200 0.02752800 0.07058500
v -0.12508200 0.02744900 0.07049900
v -0.12522300 0.02736300 0.07040300
v -0.12536600 0.02722300 0.07024700
v -0.12545400 0.02706500 0.07006900
v -0.12506500 0.02807800 0.07020400
v -0.12520900 0.02805700 0.07008200
v -0.12530900 0.02803600 0.06996200
v -0.12541000 0.02800500 0.06978200
v -0.12547100 0.02797200 0.06958500
v -0.12546000 0.02727000 0.06989800
v -0.12538000 0.02739800 0.07008700
v -0.12524800 0.02751200 0.07025400
v -0.12512000 0.02758400 0.07036000
v -0.12493600 0.02765300 0.07045800
v -0.12494200 0.03299500 0.07026400
v -0.12494200 0.03299500 0.07026400
v -0.12494200 0.03299500 0.07026400
v -0.12522800 0.03299500 0.07004700
v -0.12522800 0.03299500 0.07004700
v -0.12541900 0.03299500 0.06974200
v -0.12541900 0.03299500 0.06974200
v -0.12548900 0.03299500 0.06939000
v -0.12548900 0.03299500 0.06939000
v -0.12548900 0.03299500 0.06939000
v -0.12548900 0.03299500 0.06939000
v -0.12408800 0.03717400 0.06997800
v -0.12408800 0.03717400 0.06997800
v -0.12484400 0.03591100 0.06967100
v -0.12484400 0.03591100 0.06967100
v -0.12532200 0.03449400 0.06946700
v -0.12532200 0.03449400 0.06946700
v -0.12471400 0.03459100 0.07038000
v -0.12471400 0.03459100 0.07038000
v -0.12406900 0.03605200 0.07069300
v -0.12406900 0.03605200 0.07069300
v -0.12334800 0.03699100 0.07102300
v -0.12334800 0.03699100 0.07102300
v -0.12246100 0.03776700 0.07140300
v -0.12246100 0.03776700 0.07140300
v -0.12246100 0.03776700 0.07140300
v -0.12534200 0.03394100 0.06979600
v -0.12461300 0.03617400 0.07013600
v -0.12417200 0.03689100 0.07033100
v -0.12412200 0.03680700 0.07047700
v -0.12391200 0.03656600 0.07074900
v -0.12527000 0.03392100 0.06993700
v -0.12501300 0.03386400 0.07021400
v -0.12432700 0.03591000 0.07055300
v -0.12455500 0.03610500 0.07028000
v -0.10555400 0.03965300 0.06977800
v -0.10555400 0.03965300 0.06977800
v -0.10555400 0.03965300 0.06977800
v -0.10555400 0.03983700 0.06956800
v -0.10555400 0.03983700 0.06956800
v -0.10555400 0.03995600 0.06931500
v -0.10555400 0.03995600 0.06931500
v -0.10555400 0.04000000 0.06903800
v -0.10555400 0.04000000 0.06903800
v -0.10555400 0.04000000 0.06903800
v -0.10555400 0.04000000 0.06903800
v -0.11202500 0.03990500 0.06944500
v -0.10511000 -0.04071600 0.06915500
v -0.10511000 -0.04071600 0.06915500
v -0.10494900 -0.04039800 0.06973200
v -0.10494900 -0.04039800 0.06973200
v -0.10495800 -0.04061200 0.06948000
v -0.10404500 0.04030200 0.06921900
v -0.10404500 0.04030200 0.06921900
v -0.10404500 0.04030200 0.06921900
v -0.10404500 0.04030200 0.06921900
v -0.10415900 0.04032500 0.06919000
v -0.10415900 0.04032500 0.06919000
v -0.10418700 0.04032900 0.06918100
v -0.10418700 0.04032900 0.06918100
v -0.10455900 0.04032100 0.06899500
v -0.10455900 0.04032100 0.06899500
v -0.10455900 0.04032100 0.06899500
v -0.10458300 0.04025700 0.06906000
v -0.10458300 0.04025700 0.06906000
v -0.10463000 0.04019800 0.06911200
v -0.10463000 0.04019800 0.06911200
v -0.10469900 0.04014600 0.06914900
v -0.10469900 0.04014600 0.06914900
v -0.10478700 0.04010200 0.06917100
v -0.10478700 0.04010200 0.06917100
v -0.10478700 0.04010200 0.06917100
v -0.10478700 0.04010200 0.06917100
v -0.10469000 0.04005500 0.06933300
v -0.10469000 0.04005500 0.06933300
v -0.10458400 0.03997500 0.06947600
v -0.10458400 0.03997500 0.06947600
v -0.10447400 0.03986600 0.06959500
v -0.10447400 0.03986600 0.06959500
v -0.10447400 0.03986600 0.06959500
v -0.10421000 0.04005800 0.06942900
v -0.10421000 0.04005800 0.06942900
v -0.10441800 0.04015900 0.06929400
v -0.10511000 0.04002400 0.06915500
v -0.10511000 0.04002400 0.06915500
v -0.10494900 0.03970600 0.06973200
v -0.10494900 0.03970600 0.06973200
v -0.10495500 0.03992000 0.06948000
v -0.10413200 0.04039000 0.06913400
v -0.10413200 0.04039000 0.06913400
v -0.10413200 0.04039000 0.06913400
v -0.10413700 0.04039600 0.06912800
v -0.10413700 0.04039600 0.06912800
v -0.10414200 0.04040100 0.06912200
v -0.10414200 0.04040100 0.06912200
v -0.10414800 0.04040600 0.06911700
v -0.10414800 0.04040600 0.06911700
v -0.10415300 0.04041200 0.06911100
v -0.10415300 0.04041200 0.06911100
v -0.10415300 0.04041200 0.06911100
v -0.10429500 0.04041200 0.06906900
v -0.10429500 0.04041200 0.06906900
v -0.10443000 0.04039700 0.06901200
v -0.10443000 0.04039700 0.06901200
v -0.10455600 0.04036900 0.06894100
v -0.10455600 0.04036900 0.06894100
v -0.10455600 0.04036900 0.06894100
v -0.10455600 0.04036900 0.06894100
v -0.10429600 0.04037400 0.06910500
v -0.10499400 0.04088000 0.06821300
v -0.10499400 0.04088000 0.06821300
v -0.10499400 0.04088000 0.06821300
v -0.10469200 0.04063000 0.06859800
v -0.10469200 0.04063000 0.06859800
v -0.10441200 0.04068000 0.06877700
v -0.00871900 -0.04077200 0.06941000
v -0.00871900 -0.04077200 0.06941000
v -0.00830100 -0.04068500 0.06948600
v -0.00830100 -0.04068500 0.06948600
v -0.00830100 -0.04068500 0.06948600
v -0.00169500 -0.04068500 0.06948600
v -0.00169500 -0.04068500 0.06948600
v -0.00169500 -0.04068500 0.06948600
v -0.00127800 -0.04077200 0.06941000
v -0.00127800 -0.04077200 0.06941000
v -0.00095200 -0.04099400 0.06921900
v -0.00095200 -0.04099400 0.06921900
v -0.00095200 -0.04099400 0.06921900
v -0.00095200 -0.04099400 0.06921900
v -0.00078700 -0.04075000 0.06942900
v -0.00078700 -0.04075000 0.06942900
v -0.00052200 -0.04055800 0.06959500
v -0.00052200 -0.04055800 0.06959500
v -0.00052200 -0.04055800 0.06959500
v -0.00004700 -0.04039800 0.06973200
v -0.00004700 -0.04039800 0.06973200
v 0.00055700 -0.04034500 0.06977800
v 0.00055700 -0.04034500 0.06977800
v 0.00055700 -0.04034500 0.06977800
v 0.00160500 -0.04034500 0.06977800
v 0.00160500 -0.04034500 0.06977800
v 0.00160500 -0.04034500 0.06977800
v 0.00160500 -0.04034500 0.06977800
v 0.00160500 -0.03690400 0.07274300
v 0.00160500 -0.03690400 0.07274300
v 0.00160500 -0.03690400 0.07274300
v 0.00160500 -0.03690400 0.07274300
v -0.11855300 -0.03690400 0.07274300
v -0.11855300 -0.03690400 0.07274300
v -0.11855300 -0.03690400 0.07274300
v -0.10372100 -0.04077300 0.06940900
v -0.10372100 -0.04077300 0.06940900
v -0.10330100 -0.04068500 0.06948600
v -0.10330100 -0.04068500 0.06948600
v -0.10330100 -0.04068500 0.06948600
v -0.09669500 -0.04068500 0.06948600
v -0.09669500 -0.04068500 0.06948600
v -0.09669500 -0.04068500 0.06948600
v -0.09627500 -0.04077300 0.06940900
v -0.09627500 -0.04077300 0.06940900
v -0.10470200 -0.04086700 0.06908500
v -0.10470200 -0.04086700 0.06908500
v -0.10462400 -0.04095700 0.06900800
v -0.10462400 -0.04095700 0.06900800
v -0.10463900 -0.04090700 0.06907200
v -0.10579400 -0.04069600 0.06880100
v -0.10579400 -0.04069600 0.06880100
v -0.10603400 -0.04070000 0.06856400
v -0.10603400 -0.04070000 0.06856400
v -0.10627300 -0.04070400 0.06832700
v -0.10627300 -0.04070400 0.06832700
v -0.10627300 -0.04070400 0.06832700
v -0.10594700 -0.04082400 0.06799900
v -0.10594700 -0.04082400 0.06799900
v -0.10569500 -0.04114400 0.06775100
v -0.10569500 -0.04114400 0.06775100
v -0.10557500 -0.04159200 0.06763700
v -0.10557500 -0.04159200 0.06763700
v -0.10557500 -0.04159200 0.06763700
v -0.10557500 -0.04159200 0.06763700
v -0.10538200 -0.04158600 0.06782900
v -0.10538200 -0.04158600 0.06782900
v -0.10518800 -0.04157900 0.06802100
v -0.10518800 -0.04157900 0.06802100
v -0.10495300 -0.04135900 0.06832500
v -0.10504100 -0.04112200 0.06841000
v -0.10516900 -0.04092500 0.06853500
v -0.10528400 -0.04081500 0.06865000
v -0.11870100 -0.04089700 0.05728900
v -0.11870100 -0.04089700 0.05728900
v -0.11870100 -0.04089700 0.05728900
v -0.11866300 -0.04089700 0.05728600
v -0.11866300 -0.04089700 0.05728600
v -0.11866300 -0.04089700 0.05728600
v -0.10689400 -0.04089700 0.05728600
v -0.10689400 -0.04089700 0.05728600
v -0.10689400 -0.04089700 0.05728600
v -0.10689400 -0.04089700 0.05728600
v -0.10692100 -0.04073100 0.06677100
v -0.10692100 -0.04073100 0.06677100
v -0.10692100 -0.04073100 0.06677100
v -0.10675200 -0.04071700 0.06761200
v -0.10675200 -0.04071700 0.06761200
v -0.12570000 -0.03389800 0.05728600
v -0.12570000 -0.03389800 0.05728600
v -0.12570000 -0.03389800 0.05728600
v -0.12570000 -0.03391100 0.05728500
v -0.12570000 -0.03391100 0.05728500
v -0.12570000 -0.03391100 0.05728500
v -0.12556500 -0.03526700 0.05727500
v -0.12556500 -0.03526700 0.05727500
v -0.12518000 -0.03654300 0.05727900
v -0.12518000 -0.03654300 0.05727900
v -0.12454100 -0.03775400 0.05729500
v -0.12454100 -0.03775400 0.05729500
v -0.12366700 -0.03882800 0.05731900
v -0.12366700 -0.03882800 0.05731900
v -0.12260500 -0.03970300 0.05734900
v -0.12260500 -0.03970300 0.05734900
v -0.12142700 -0.04034200 0.05737300
v -0.12142700 -0.04034200 0.05737300
v -0.12007700 -0.04075900 0.05737700
v -0.12007700 -0.04075900 0.05737700
v -0.12570000 -0.02261400 0.05728600
v -0.12570000 -0.02261400 0.05728600
v -0.12570000 -0.02261400 0.05728600
v -0.12603100 -0.02136400 0.05752900
v -0.12603100 -0.02136400 0.05752900
v -0.12603100 -0.02136400 0.05752900
v -0.12578800 -0.02195400 0.05736000
v -0.12578800 -0.02195400 0.05736000
v -0.12570100 -0.02258400 0.05728700
v -0.12570100 -0.02258400 0.05728700
v -0.12570100 -0.02258400 0.05728700
v -0.12686700 -0.01992600 0.05720700
v -0.12686700 -0.01992600 0.05720700
v -0.12686700 -0.01992600 0.05720700
v -0.12587900 -0.02163800 0.05720700
v -0.12587900 -0.02163800 0.05720700
v -0.12587900 -0.02163800 0.05720700
v -0.12595800 -0.02149400 0.05741800
v -0.12595800 -0.02149400 0.05741800
v -0.12720200 -0.01867600 0.05720700
v -0.12720200 -0.01867600 0.05720700
v -0.12720200 -0.01867600 0.05720700
v -0.12716400 -0.01911000 0.05720700
v -0.12716400 -0.01911000 0.05720700
v -0.12705100 -0.01953100 0.05720700
v -0.12705100 -0.01953100 0.05720700
v -0.12720200 0.01798400 0.05720700
v -0.12720200 0.01798400 0.05720700
v -0.12720200 0.01798400 0.05720700
v -0.12720200 0.01796300 0.05720700
v -0.12720200 0.01796300 0.05720700
v -0.12720200 0.01796300 0.05720700
v -0.12720200 0.01796300 0.05720700
v -0.12720200 -0.01865500 0.05720700
v -0.12720200 -0.01865500 0.05720700
v -0.12720200 -0.01865500 0.05720700
v -0.12720200 -0.01865500 0.05720700
v -0.12686700 0.01923400 0.05720700
v -0.12686700 0.01923400 0.05720700
v -0.12686700 0.01923400 0.05720700
v -0.12705100 0.01883900 0.05720700
v -0.12705100 0.01883900 0.05720700
v -0.12716400 0.01841800 0.05720700
v -0.12716400 0.01841800 0.05720700
v -0.12603100 0.02067200 0.05752900
v -0.12603100 0.02067200 0.05752900
v -0.12603100 0.02067200 0.05752900
v -0.12595800 0.02080200 0.05741800
v -0.12595800 0.02080200 0.05741800
v -0.12587900 0.02094600 0.05720700
v -0.12587900 0.02094600 0.05720700
v -0.12587900 0.02094600 0.05720700
v -0.12570000 0.02192200 0.05728600
v -0.12570000 0.02192200 0.05728600
v -0.12570000 0.02192200 0.05728600
v -0.12570100 0.02189200 0.05728700
v -0.12570100 0.02189200 0.05728700
v -0.12570100 0.02189200 0.05728700
v -0.12578800 0.02126200 0.05736000
v -0.12578800 0.02126200 0.05736000
v -0.12570000 0.03320600 0.05728600
v -0.12570000 0.03320600 0.05728600
v -0.12570000 0.03320600 0.05728600
v -0.11870100 0.04020500 0.05728900
v -0.11870100 0.04020500 0.05728900
v -0.11870100 0.04020500 0.05728900
v -0.12007700 0.04006700 0.05737700
v -0.12007700 0.04006700 0.05737700
v -0.12142700 0.03965000 0.05737300
v -0.12142700 0.03965000 0.05737300
v -0.12260500 0.03901100 0.05734900
v -0.12260500 0.03901100 0.05734900
v -0.12366700 0.03813600 0.05731900
v -0.12366700 0.03813600 0.05731900
v -0.12454100 0.03706200 0.05729500
v -0.12454100 0.03706200 0.05729500
v -0.12518000 0.03585100 0.05727900
v -0.12518000 0.03585100 0.05727900
v -0.12556500 0.03457500 0.05727500
v -0.12556500 0.03457500 0.05727500
v -0.12570000 0.03321900 0.05728500
v -0.12570000 0.03321900 0.05728500
v -0.12570000 0.03321900 0.05728500
v -0.10579400 0.04000400 0.06880100
v -0.10579400 0.04000400 0.06880100
v -0.10603400 0.04000800 0.06856400
v -0.10603400 0.04000800 0.06856400
v -0.10627300 0.04001200 0.06832700
v -0.10627300 0.04001200 0.06832700
v -0.10627300 0.04001200 0.06832700
v -0.10675200 0.04002500 0.06761300
v -0.10675200 0.04002500 0.06761300
v -0.10692100 0.04004000 0.06677100
v -0.10692100 0.04004000 0.06677100
v -0.10692100 0.04004000 0.06677100
v -0.10689400 0.04020500 0.05728600
v -0.10689400 0.04020500 0.05728600
v -0.10689400 0.04020500 0.05728600
v -0.10689400 0.04020500 0.05728600
v -0.11866300 0.04020500 0.05728600
v -0.11866300 0.04020500 0.05728600
v -0.11866300 0.04020500 0.05728600
v -0.10399000 -0.02649800 0.07398600
v -0.10399000 -0.02649800 0.07398600
v -0.10399000 -0.02649800 0.07398600
v -0.10399600 -0.02621500 0.07403700
v -0.10399600 -0.02621500 0.07403700
v -0.10400000 -0.02596900 0.07418500
v -0.10400000 -0.02596900 0.07418500
v -0.10400400 -0.02579100 0.07441100
v -0.10400400 -0.02579100 0.07441100
v -0.10400400 -0.02579100 0.07441100
v -0.10400400 -0.02579100 0.07441100
v -0.10942000 -0.02589600 0.07441100
v -0.10942000 -0.02589600 0.07441100
v -0.10942000 -0.02589600 0.07441100
v -0.10941700 -0.02607400 0.07418500
v -0.10941700 -0.02607400 0.07418500
v -0.10941200 -0.02632000 0.07403700
v -0.10941200 -0.02632000 0.07403700
v -0.10940600 -0.02660300 0.07398600
v -0.10940600 -0.02660300 0.07398600
v -0.10940600 -0.02660300 0.07398600
v -0.10940600 -0.02660300 0.07398600
v -0.12125000 -0.02798100 0.07187500
v -0.12125000 -0.02798100 0.07187500
v -0.11739400 -0.02727200 0.07304200
v -0.11739400 -0.02727200 0.07304200
v -0.11342800 -0.02681100 0.07374900
v -0.11342800 -0.02681100 0.07374900
v -0.11329600 -0.02608500 0.07419700
v -0.11329600 -0.02608500 0.07419700
v -0.11712400 -0.02649800 0.07355500
v -0.11712400 -0.02649800 0.07355500
v -0.12085800 -0.02713200 0.07249500
v -0.12085800 -0.02713200 0.07249500
v -0.12117100 -0.02783300 0.07191300
v -0.12126400 -0.02754300 0.07199800
v -0.12131000 -0.02744000 0.07206500
v -0.11719400 -0.02711700 0.07309600
v -0.11725700 -0.02682800 0.07319200
v -0.11728800 -0.02672500 0.07326300
v -0.11332700 -0.02667800 0.07376800
v -0.11336200 -0.02639000 0.07387100
v -0.11337800 -0.02628700 0.07394400
v -0.10385900 -0.02648400 0.07398600
v -0.10385900 -0.02648400 0.07398600
v -0.10373200 -0.02644800 0.07398600
v -0.10373200 -0.02644800 0.07398600
v -0.10361500 -0.02638900 0.07398600
v -0.10361500 -0.02638900 0.07398600
v -0.10351200 -0.02630800 0.07398600
v -0.10351200 -0.02630800 0.07398600
v -0.10351200 -0.02630800 0.07398600
v -0.10368400 -0.02612900 0.07402500
v -0.10368400 -0.02612900 0.07402500
v -0.10383900 -0.02596700 0.07414000
v -0.10383900 -0.02596700 0.07414000
v -0.10396100 -0.02583900 0.07431800
v -0.10396100 -0.02583900 0.07431800
v -0.10396100 -0.02583900 0.07431800
v -0.10396900 -0.02583100 0.07433400
v -0.10396900 -0.02583100 0.07433400
v -0.10398400 -0.02581500 0.07436500
v -0.10398400 -0.02581500 0.07436500
v -0.10399500 -0.02587000 0.07429000
v -0.10397100 -0.02621600 0.07403600
v -0.10398400 -0.02621500 0.07403700
v -0.10398800 -0.02610500 0.07408800
v -0.10381500 -0.02620200 0.07402900
v -0.10385500 -0.02610700 0.07407200
v -0.10394400 -0.02589600 0.07424700
v -0.10397900 -0.02610700 0.07408700
v -0.10399800 -0.02586700 0.07429400
v -0.10343500 -0.02609400 0.07398800
v -0.10343500 -0.02609400 0.07398800
v -0.10343500 -0.02609400 0.07398800
v -0.10360300 -0.02605600 0.07402100
v -0.10360300 -0.02605600 0.07402100
v -0.10375200 -0.02599400 0.07408800
v -0.10375200 -0.02599400 0.07408800
v -0.10336700 -0.02610300 0.07398600
v -0.10336700 -0.02610300 0.07398600
v -0.10336700 -0.02610300 0.07398600
v -0.10339500 -0.02609900 0.07398600
v -0.10339500 -0.02609900 0.07398600
v -0.10342400 -0.02609600 0.07398800
v -0.10342400 -0.02609600 0.07398800
v -0.10342900 -0.02609500 0.07398800
v -0.10342900 -0.02609500 0.07398800
v -0.10375500 -0.02599200 0.07409000
v -0.10360300 -0.02610600 0.07401300
v -0.10359000 -0.02608400 0.07401300
v -0.10363400 -0.02614500 0.07401200
v -0.10377100 -0.02601700 0.07408800
v -0.10255000 -0.02645800 0.08387000
v -0.10255000 -0.02645800 0.08387000
v -0.10255000 -0.02645800 0.08387000
v -0.10294100 -0.02631600 0.08391000
v -0.10294100 -0.02631600 0.08391000
v -0.10324000 -0.02602700 0.08394700
v -0.10324000 -0.02602700 0.08394700
v -0.10339500 -0.02564000 0.08397500
v -0.10339500 -0.02564000 0.08397500
v -0.10339500 -0.02564000 0.08397500
v -0.10339500 -0.02564000 0.08397500
v -0.10417100 -0.02532000 0.07530600
v -0.10417100 -0.02532000 0.07530600
v -0.10417100 -0.02532000 0.07530600
v -0.10316900 -0.02623500 0.07896500
v -0.10354700 -0.02600600 0.07900800
v -0.10366600 -0.02586700 0.07902300
v -0.10212600 -0.02627500 0.07398600
v -0.10212600 -0.02627500 0.07398600
v -0.10212600 -0.02627500 0.07398600
v -0.10122800 -0.02664400 0.08400600
v -0.10122800 -0.02664400 0.08400600
v -0.10122800 -0.02664400 0.08400600
v -0.10099200 -0.02670300 0.08508200
v -0.10099200 -0.02670300 0.08508200
v -0.10050200 -0.02679500 0.08607400
v -0.10050200 -0.02679500 0.08607400
v -0.09951900 -0.02695700 0.08714700
v -0.09951900 -0.02695700 0.08714700
v -0.09797000 -0.02719100 0.08794700
v -0.09797000 -0.02719100 0.08794700
v -0.09797000 -0.02719100 0.08794700
v -0.09239800 -0.02800000 0.08949100
v -0.09239800 -0.02800000 0.08949100
v -0.08678100 -0.02881100 0.09086200
v -0.08678100 -0.02881100 0.09086200
v -0.08112400 -0.02962300 0.09206000
v -0.08112400 -0.02962300 0.09206000
v -0.08112400 -0.02962300 0.09206000
v -0.08112400 -0.02962300 0.09206000
v -0.07866200 -0.02997400 0.09249400
v -0.07866200 -0.02997400 0.09249400
v -0.07866200 -0.02997400 0.09249400
v -0.07886100 -0.02997400 0.09362400
v -0.07886100 -0.02997400 0.09362400
v -0.07886100 -0.02997400 0.09362400
v -0.08863900 -0.02857100 0.09158400
v -0.08863900 -0.02857100 0.09158400
v -0.09829400 -0.02717300 0.08903000
v -0.09829400 -0.02717300 0.08903000
v -0.09829400 -0.02717300 0.08903000
v -0.09851000 -0.02714100 0.08896300
v -0.09851000 -0.02714100 0.08896300
v -0.09872300 -0.02711000 0.08889000
v -0.09872300 -0.02711000 0.08889000
v -0.09893500 -0.02707900 0.08881100
v -0.09893500 -0.02707900 0.08881100
v -0.09893500 -0.02707900 0.08881100
v -0.10028800 -0.02687300 0.08805600
v -0.10028800 -0.02687300 0.08805600
v -0.10139400 -0.02669300 0.08696500
v -0.10139400 -0.02669300 0.08696500
v -0.10216200 -0.02655400 0.08561100
v -0.10216200 -0.02655400 0.08561100
v -0.10252900 -0.02646600 0.08409300
v -0.10252900 -0.02646600 0.08409300
v -0.10252900 -0.02646600 0.08409300
v -0.10940600 -0.03662300 0.07398600
v -0.10940600 -0.03662300 0.07398600
v -0.10940600 -0.03662300 0.07398600
v -0.07793700 -0.03662300 0.07398600
v -0.07793700 -0.03662300 0.07398600
v -0.07793700 -0.03662300 0.07398600
v -0.07793700 -0.02684600 0.07398600
v -0.07793700 -0.02684600 0.07398600
v -0.07793700 -0.02684600 0.07398600
v -0.07910100 -0.02684600 0.07398600
v -0.07910100 -0.02684600 0.07398600
v -0.07910100 -0.02684600 0.07398600
v -0.07910100 0.02615400 0.07398600
v -0.07910100 0.02615400 0.07398600
v -0.07910100 0.02615400 0.07398600
v -0.07793700 0.02615400 0.07398600
v -0.07793700 0.02615400 0.07398600
v -0.07793700 0.02615400 0.07398600
v -0.07793700 0.03593100 0.07398600
v -0.07793700 0.03593100 0.07398600
v -0.07793700 0.03593100 0.07398600
v -0.10940600 0.03593100 0.07398600
v -0.10940600 0.03593100 0.07398600
v -0.10940600 0.03593100 0.07398600
v -0.10940600 0.02591100 0.07398600
v -0.10940600 0.02591100 0.07398600
v -0.10940600 0.02591100 0.07398600
v -0.10940600 0.02591100 0.07398600
v -0.10399000 0.02580600 0.07398600
v -0.10399000 0.02580600 0.07398600
v -0.10399000 0.02580600 0.07398600
v -0.10385900 0.02579200 0.07398600
v -0.10385900 0.02579200 0.07398600
v -0.10373200 0.02575600 0.07398600
v -0.10373200 0.02575600 0.07398600
v -0.10361500 0.02569700 0.07398600
v -0.10361500 0.02569700 0.07398600
v -0.10351200 0.02561600 0.07398600
v -0.10351200 0.02561600 0.07398600
v -0.10351200 0.02561600 0.07398600
v -0.10336700 0.02541100 0.07398600
v -0.10336700 0.02541100 0.07398600
v -0.10336700 0.02541100 0.07398600
v -0.10212600 0.02558300 0.07398600
v -0.10212600 0.02558300 0.07398600
v -0.10212600 0.02558300 0.07398600
v -0.10270400 0.01262600 0.07398600
v -0.10270400 0.01262600 0.07398600
v -0.10289600 -0.00034600 0.07398600
v -0.10289600 -0.00034600 0.07398600
v -0.10270400 -0.01331800 0.07398600
v -0.10270400 -0.01331800 0.07398600
v -0.10422400 -0.02253700 0.08055200
v -0.10422400 -0.02253700 0.08055200
v -0.10422400 -0.02253700 0.08055200
v -0.10423800 -0.02234500 0.08075400
v -0.10423800 -0.02234500 0.08075400
v -0.10425800 -0.02208300 0.08088500
v -0.10425800 -0.02208300 0.08088500
v -0.10427300 -0.02184800 0.08091700
v -0.10427300 -0.02184800 0.08091700
v -0.10427300 -0.02184800 0.08091700
v -0.11857100 -0.02429600 0.07681700
v -0.11857100 -0.02429600 0.07681700
v -0.11857100 -0.02429600 0.07681700
v -0.11857100 -0.02429600 0.07681700
v -0.11851100 -0.02458200 0.07677800
v -0.11851100 -0.02458200 0.07677800
v -0.11842900 -0.02482900 0.07664000
v -0.11842900 -0.02482900 0.07664000
v -0.11833700 -0.02500300 0.07642200
v -0.11833700 -0.02500300 0.07642200
v -0.11833700 -0.02500300 0.07642200
v -0.10422300 -0.02258600 0.08046900
v -0.10422300 -0.02258600 0.08046900
v -0.10422300 -0.02258600 0.08046900
v -0.10422300 -0.02257100 0.08049800
v -0.10422300 -0.02257100 0.08049800
v -0.10422400 -0.02255400 0.08052500
v -0.10422400 -0.02255400 0.08052500
v -0.10889700 -0.02319600 0.07937300
v -0.11366300 -0.02401200 0.07800700
v -0.10897900 -0.02294900 0.07951100
v -0.11374500 -0.02376600 0.07814500
v -0.12150500 -0.02571100 0.07520100
v -0.12150500 -0.02571100 0.07520100
v -0.12187200 -0.02500500 0.07554500
v -0.12187200 -0.02500500 0.07554500
v -0.12158700 -0.02550800 0.07545000
v -0.12164600 -0.02540500 0.07551200
v -0.12176200 -0.02511400 0.07558500
v -0.11857100 0.02360400 0.07681700
v -0.11857100 0.02360400 0.07681700
v -0.11857100 0.02360400 0.07681700
v -0.11857100 0.02360400 0.07681700
v -0.12187200 0.02431300 0.07554500
v -0.12187200 0.02431300 0.07554500
v -0.10427400 -0.02183400 0.08091700
v -0.10427400 -0.02183400 0.08091700
v -0.10427400 -0.02182000 0.08091600
v -0.10427400 -0.02182000 0.08091600
v -0.10427500 -0.02180600 0.08091600
v -0.10427500 -0.02180600 0.08091600
v -0.10427500 -0.02180600 0.08091600
v -0.10475300 -0.00750200 0.08077900
v -0.10475300 -0.00750200 0.08077900
v -0.10475300 0.00681000 0.08077900
v -0.10475300 0.00681000 0.08077900
v -0.10427500 0.02111400 0.08091600
v -0.10427500 0.02111400 0.08091600
v -0.10427500 0.02111400 0.08091600
v -0.10427400 0.02112800 0.08091600
v -0.10427400 0.02112800 0.08091600
v -0.10427400 0.02114200 0.08091700
v -0.10427400 0.02114200 0.08091700
v -0.10427300 0.02115600 0.08091700
v -0.10427300 0.02115600 0.08091700
v -0.10427300 0.02115600 0.08091700
v -0.11851100 0.02389000 0.07677800
v -0.11851100 0.02389000 0.07677800
v -0.11842900 0.02413700 0.07664000
v -0.11842900 0.02413700 0.07664000
v -0.11833700 0.02431100 0.07642200
v -0.11833700 0.02431100 0.07642200
v -0.11833700 0.02431100 0.07642200
v -0.12150500 0.02501900 0.07520100
v -0.12150500 0.02501900 0.07520100
v -0.12183700 0.02444300 0.07554800
v -0.12172000 0.02473400 0.07547600
v -0.12166100 0.02483700 0.07541400
v -0.10422400 0.02184500 0.08055200
v -0.10422400 0.02184500 0.08055200
v -0.10422400 0.02184500 0.08055200
v -0.10422400 0.02186200 0.08052500
v -0.10422400 0.02186200 0.08052500
v -0.10422300 0.02187900 0.08049800
v -0.10422300 0.02187900 0.08049800
v -0.10422300 0.02189400 0.08046900
v -0.10422300 0.02189400 0.08046900
v -0.10422300 0.02189400 0.08046900
v -0.10424600 0.02154600 0.08082200
v -0.10424600 0.02154600 0.08082200
v -0.11366300 0.02332000 0.07800700
v -0.10889700 0.02250400 0.07937300
v -0.11374500 0.02307400 0.07814500
v -0.10897900 0.02225700 0.07951100
v -0.12085800 0.02644000 0.07249500
v -0.12085800 0.02644000 0.07249500
v -0.11712400 0.02580600 0.07355500
v -0.11712400 0.02580600 0.07355500
v -0.11329600 0.02539300 0.07419700
v -0.11329600 0.02539300 0.07419700
v -0.10942000 0.02520400 0.07441100
v -0.10942000 0.02520400 0.07441100
v -0.10942000 0.02520400 0.07441100
v -0.10941700 0.02538200 0.07418500
v -0.10941700 0.02538200 0.07418500
v -0.10941200 0.02562800 0.07403700
v -0.10941200 0.02562800 0.07403700
v -0.11342800 0.02611900 0.07374900
v -0.11342800 0.02611900 0.07374900
v -0.11739400 0.02658000 0.07304200
v -0.11739400 0.02658000 0.07304200
v -0.12125000 0.02728900 0.07187500
v -0.12125000 0.02728900 0.07187500
v -0.12142600 0.02677200 0.07202200
v -0.11752900 0.02606800 0.07320600
v -0.11350100 0.02560500 0.07392900
v -0.12137700 0.02687500 0.07195600
v -0.12127900 0.02716400 0.07187400
v -0.11749300 0.02617100 0.07313600
v -0.11741700 0.02645700 0.07304300
v -0.11348200 0.02570800 0.07385600
v -0.11344100 0.02599500 0.07375500
v -0.10400400 0.02509900 0.07441100
v -0.10400400 0.02509900 0.07441100
v -0.10400400 0.02509900 0.07441100
v -0.10400400 0.02509900 0.07441100
v -0.10400000 0.02527700 0.07418500
v -0.10400000 0.02527700 0.07418500
v -0.10399600 0.02552300 0.07403700
v -0.10399600 0.02552300 0.07403700
v -0.10396100 0.02514700 0.07431800
v -0.10396100 0.02514700 0.07431800
v -0.10396100 0.02514700 0.07431800
v -0.10383900 0.02527500 0.07414000
v -0.10383900 0.02527500 0.07414000
v -0.10368400 0.02543700 0.07402500
v -0.10368400 0.02543700 0.07402500
v -0.10397100 0.02519300 0.07426800
v -0.10397100 0.02552400 0.07403600
v -0.10398800 0.02541300 0.07408800
v -0.10397900 0.02541500 0.07408700
v -0.10398400 0.02552300 0.07403700
v -0.10399800 0.02517500 0.07429400
v -0.10380400 0.02550600 0.07402800
v -0.10384600 0.02541300 0.07407100
v -0.10394100 0.02520500 0.07424400
v -0.10389800 0.02552500 0.07403200
v -0.10392100 0.02542100 0.07407900
v -0.10399500 0.02517800 0.07429000
v -0.10343500 0.02540200 0.07398800
v -0.10343500 0.02540200 0.07398800
v -0.10343500 0.02540200 0.07398800
v -0.10375200 0.02530200 0.07408900
v -0.10375200 0.02530200 0.07408900
v -0.10360300 0.02536400 0.07402100
v -0.10360300 0.02536400 0.07402100
v -0.10360300 0.02541400 0.07401300
v -0.10376200 0.02531300 0.07408900
v -0.10361800 0.02543400 0.07401300
v -0.10359000 0.02539200 0.07401300
v -0.10375500 0.02530000 0.07409000
v -0.10417100 0.02462800 0.07530600
v -0.10417100 0.02462800 0.07530600
v -0.10417100 0.02462800 0.07530600
v -0.10339500 0.02494800 0.08397500
v -0.10339500 0.02494800 0.08397500
v -0.10339500 0.02494800 0.08397500
v -0.10339500 0.02494800 0.08397500
v -0.10339500 0.02494800 0.08397500
v -0.10324000 0.02533500 0.08394700
v -0.10324000 0.02533500 0.08394700
v -0.10294100 0.02562400 0.08391000
v -0.10294100 0.02562400 0.08391000
v -0.10255000 0.02576600 0.08387000
v -0.10255000 0.02576600 0.08387000
v -0.10255000 0.02576600 0.08387000
v -0.10366600 0.02517500 0.07902300
v -0.10354700 0.02531400 0.07900700
v -0.10316900 0.02554300 0.07896500
v -0.01439800 0.02015400 0.08748600
v -0.01439800 0.02015400 0.08748600
v -0.01439800 0.02015400 0.08748600
v -0.01439800 0.02015400 0.08748600
v -0.00739800 0.02015400 0.08748600
v -0.00739800 0.02015400 0.08748600
v -0.00739800 0.02015400 0.08748600
v -0.00739800 0.02022100 0.08773600
v -0.00739800 0.02022100 0.08773600
v -0.00739800 0.02040400 0.08791900
v -0.00739800 0.02040400 0.08791900
v -0.00739800 0.02065400 0.08798600
v -0.00739800 0.02065400 0.08798600
v -0.00739800 0.02065400 0.08798600
v -0.01489800 0.02065400 0.08798600
v -0.01489800 0.02065400 0.08798600
v -0.01489800 0.02065400 0.08798600
v -0.01470700 0.02046300 0.08794800
v -0.01470700 0.02046300 0.08794800
v -0.01454500 0.02030000 0.08783900
v -0.01454500 0.02030000 0.08783900
v -0.01443600 0.02019200 0.08767700
v -0.01443600 0.02019200 0.08767700
v -0.01440800 0.02016400 0.08758300
v -0.01440800 0.02016400 0.08758300
v -0.01114800 0.02022100 0.08773600
v -0.01114800 0.02040400 0.08791900
v -0.01489800 -0.02134600 0.08798600
v -0.01489800 -0.02134600 0.08798600
v -0.01489800 -0.02134600 0.08798600
v -0.00739800 -0.02134600 0.08798600
v -0.00739800 -0.02134600 0.08798600
v -0.00739800 -0.02134600 0.08798600
v -0.00739800 -0.02109600 0.08791900
v -0.00739800 -0.02109600 0.08791900
v -0.00739800 -0.02091300 0.08773600
v -0.00739800 -0.02091300 0.08773600
v -0.00739800 -0.02084600 0.08748600
v -0.00739800 -0.02084600 0.08748600
v -0.00739800 -0.02084600 0.08748600
v -0.01439800 -0.02084600 0.08748600
v -0.01439800 -0.02084600 0.08748600
v -0.01439800 -0.02084600 0.08748600
v -0.01439800 -0.02084600 0.08748600
v -0.01440800 -0.02085600 0.08758300
v -0.01440800 -0.02085600 0.08758300
v -0.01443600 -0.02088400 0.08767700
v -0.01443600 -0.02088400 0.08767700
v -0.01454500 -0.02099200 0.08783900
v -0.01454500 -0.02099200 0.08783900
v -0.01470700 -0.02115500 0.08794800
v -0.01470700 -0.02115500 0.08794800
v -0.01114800 -0.02109600 0.08791900
v -0.01114800 -0.02091300 0.08773600
v -0.01464800 -0.01609600 0.08791900
v -0.01464800 -0.01084600 0.08791900
v -0.01464800 -0.00559600 0.08791900
v -0.01464800 -0.00034600 0.08791900
v -0.01464800 0.00490400 0.08791900
v -0.01464800 0.01015400 0.08791900
v -0.01464800 0.01540400 0.08791900
v -0.01446500 -0.01609600 0.08773600
v -0.01446500 -0.01084600 0.08773600
v -0.01446500 -0.00559600 0.08773600
v -0.01446500 -0.00034600 0.08773600
v -0.01446500 0.00490400 0.08773600
v -0.01446500 0.01015400 0.08773600
v -0.01446500 0.01540400 0.08773600
v -0.00739800 0.02015400 0.07398600
v -0.00739800 0.02015400 0.07398600
v -0.00739800 0.02015400 0.07398600
v -0.00739800 0.02165400 0.07398600
v -0.00739800 0.02165400 0.07398600
v -0.00739800 0.02165400 0.07398600
v -0.00739800 0.02165400 0.08798600
v -0.00739800 0.02165400 0.08798600
v -0.00739800 0.02165400 0.08798600
v -0.01439800 0.02015400 0.07398600
v -0.01439800 0.02015400 0.07398600
v -0.01439800 0.02015400 0.07398600
v -0.01439800 -0.02084600 0.07398600
v -0.01439800 -0.02084600 0.07398600
v -0.01439800 -0.02084600 0.07398600
v -0.00739800 -0.02084600 0.07398600
v -0.00739800 -0.02084600 0.07398600
v -0.00739800 -0.02084600 0.07398600
v 0.01336200 0.04016500 0.05959200
v 0.01336200 0.04016500 0.05959200
v 0.01264000 0.04012600 0.06180200
v 0.01264000 0.04012600 0.06180200
v 0.01151400 0.04009100 0.06383500
v 0.01151400 0.04009100 0.06383500
v 0.01001700 0.04006000 0.06561200
v 0.01001700 0.04006000 0.06561200
v 0.00820300 0.04003400 0.06706700
v 0.00820300 0.04003400 0.06706700
v 0.00614500 0.04001500 0.06814800
v 0.00614500 0.04001500 0.06814800
v 0.00391800 0.04000400 0.06881200
v 0.00391800 0.04000400 0.06881200
v 0.00160500 0.04000000 0.06903800
v 0.00160500 0.04000000 0.06903800
v 0.00160500 0.04000000 0.06903800
v 0.00160500 0.03995600 0.06931500
v 0.00160500 0.03995600 0.06931500
v 0.00160500 0.03983700 0.06956800
v 0.00160500 0.03983700 0.06956800
v 0.00160500 0.03965300 0.06977800
v 0.00160500 0.03965300 0.06977800
v 0.00160500 0.03965300 0.06977800
v 0.00160500 0.03965300 0.06977800
v 0.00406300 0.03965700 0.06953800
v 0.00406300 0.03965700 0.06953800
v 0.00643000 0.03966900 0.06883200
v 0.00643000 0.03966900 0.06883200
v 0.00861800 0.03968800 0.06768300
v 0.00861800 0.03968800 0.06768300
v 0.01054500 0.03971400 0.06613600
v 0.01054500 0.03971400 0.06613600
v 0.01213600 0.03974600 0.06424600
v 0.01213600 0.03974600 0.06424600
v 0.01333200 0.03978300 0.06208400
v 0.01333200 0.03978300 0.06208400
v 0.01409800 0.03982200 0.05973500
v 0.01409800 0.03982200 0.05973500
v 0.01349600 0.04006700 0.06060400
v 0.01249100 0.04002600 0.06298700
v 0.01101900 0.03998900 0.06511200
v 0.00913300 0.03995800 0.06688200
v 0.00692300 0.03993500 0.06822700
v 0.00567200 0.03992600 0.06873700
v 0.00366700 0.03991700 0.06924900
v 0.00055700 0.04000000 0.06903800
v 0.00055700 0.04000000 0.06903800
v 0.00055700 0.04000000 0.06903800
v 0.00055700 0.04000000 0.06903800
v 0.00055700 0.03995600 0.06931500
v 0.00055700 0.03995600 0.06931500
v 0.00055700 0.03983700 0.06956800
v 0.00055700 0.03983700 0.06956800
v 0.00055700 0.03965300 0.06977800
v 0.00055700 0.03965300 0.06977800
v 0.00055700 0.03965300 0.06977800
v -0.00043700 0.04032100 0.06899500
v -0.00043700 0.04032100 0.06899500
v -0.00043700 0.04032100 0.06899500
v -0.00081000 0.04032900 0.06918100
v -0.00081000 0.04032900 0.06918100
v -0.00083800 0.04032500 0.06919000
v -0.00083800 0.04032500 0.06919000
v -0.00095200 0.04030200 0.06921900
v -0.00095200 0.04030200 0.06921900
v -0.00095200 0.04030200 0.06921900
v -0.00095200 0.04030200 0.06921900
v -0.00078700 0.04005800 0.06942900
v -0.00078700 0.04005800 0.06942900
v -0.00052200 0.03986600 0.06959500
v -0.00052200 0.03986600 0.06959500
v -0.00052200 0.03986600 0.06959500
v -0.00041300 0.03997500 0.06947600
v -0.00041300 0.03997500 0.06947600
v -0.00030700 0.04005500 0.06933300
v -0.00030700 0.04005500 0.06933300
v -0.00021000 0.04010200 0.06917100
v -0.00021000 0.04010200 0.06917100
v -0.00021000 0.04010200 0.06917100
v -0.00021000 0.04010200 0.06917100
v -0.00029800 0.04014600 0.06914900
v -0.00029800 0.04014600 0.06914900
v -0.00036700 0.04019800 0.06911200
v -0.00036700 0.04019800 0.06911200
v -0.00041400 0.04025700 0.06906000
v -0.00041400 0.04025700 0.06906000
v -0.00057800 0.04015800 0.06929500
v -0.00004700 0.03970600 0.06973200
v -0.00004700 0.03970600 0.06973200
v 0.00011300 0.04002400 0.06915500
v 0.00011300 0.04002400 0.06915500
v -0.00003300 0.03993400 0.06945600
v -0.00086500 0.04039000 0.06913400
v -0.00086500 0.04039000 0.06913400
v -0.00086500 0.04039000 0.06913400
v -0.00044000 0.04036900 0.06894100
v -0.00044000 0.04036900 0.06894100
v -0.00044000 0.04036900 0.06894100
v -0.00044000 0.04036900 0.06894100
v -0.00056600 0.04039700 0.06901200
v -0.00056600 0.04039700 0.06901200
v -0.00070200 0.04041200 0.06906900
v -0.00070200 0.04041200 0.06906900
v -0.00084300 0.04041200 0.06911100
v -0.00084300 0.04041200 0.06911100
v -0.00084300 0.04041200 0.06911100
v -0.00068500 0.04037400 0.06909900
v -0.00000200 0.04088000 0.06821300
v -0.00000200 0.04088000 0.06821300
v -0.00000200 0.04088000 0.06821300
v -0.00030500 0.04063000 0.06859800
v -0.00030500 0.04063000 0.06859800
v -0.00058700 0.04067400 0.06878300
v -0.09627800 0.04008000 0.06941000
v -0.09627800 0.04008000 0.06941000
v -0.09669500 0.03999300 0.06948600
v -0.09669500 0.03999300 0.06948600
v -0.09669500 0.03999300 0.06948600
v -0.10330100 0.03999300 0.06948600
v -0.10330100 0.03999300 0.06948600
v -0.10330100 0.03999300 0.06948600
v -0.10371900 0.04008000 0.06941000
v -0.10371900 0.04008000 0.06941000
v -0.11855300 0.03621200 0.07274300
v -0.11855300 0.03621200 0.07274300
v -0.11855300 0.03621200 0.07274300
v 0.00160500 0.03621200 0.07274300
v 0.00160500 0.03621200 0.07274300
v 0.00160500 0.03621200 0.07274300
v 0.00160500 0.03621200 0.07274300
v -0.00127500 0.04008100 0.06940900
v -0.00127500 0.04008100 0.06940900
v -0.00169500 0.03999300 0.06948600
v -0.00169500 0.03999300 0.06948600
v -0.00169500 0.03999300 0.06948600
v -0.00830100 0.03999300 0.06948600
v -0.00830100 0.03999300 0.06948600
v -0.00830100 0.03999300 0.06948600
v -0.00872100 0.04008100 0.06940900
v -0.00872100 0.04008100 0.06940900
v -0.00029500 0.04017600 0.06908500
v -0.00029500 0.04017600 0.06908500
v -0.00037200 0.04026500 0.06900800
v -0.00037200 0.04026500 0.06900800
v -0.00035700 0.04021500 0.06907200
v 0.00079700 0.04000400 0.06880100
v 0.00079700 0.04000400 0.06880100
v 0.00103700 0.04000800 0.06856400
v 0.00103700 0.04000800 0.06856400
v 0.00127700 0.04001200 0.06832700
v 0.00127700 0.04001200 0.06832700
v 0.00127700 0.04001200 0.06832700
v 0.00095100 0.04013200 0.06799900
v 0.00095100 0.04013200 0.06799900
v 0.00069900 0.04045200 0.06775100
v 0.00069900 0.04045200 0.06775100
v 0.00057900 0.04090000 0.06763700
v 0.00057900 0.04090000 0.06763700
v 0.00057900 0.04090000 0.06763700
v 0.00057900 0.04090000 0.06763700
v 0.00038500 0.04089400 0.06782900
v 0.00038500 0.04089400 0.06782900
v 0.00019100 0.04088700 0.06802100
v 0.00019100 0.04088700 0.06802100
v -0.00004300 0.04066700 0.06832500
v 0.00004500 0.04043000 0.06841000
v 0.00017200 0.04023300 0.06853500
v 0.00028700 0.04012300 0.06865000
v -0.00083800 -0.04101700 0.06919000
v -0.00083800 -0.04101700 0.06919000
v -0.00081000 -0.04102100 0.06918100
v -0.00081000 -0.04102100 0.06918100
v -0.00043700 -0.04101300 0.06899500
v -0.00043700 -0.04101300 0.06899500
v -0.00043700 -0.04101300 0.06899500
v -0.00041400 -0.04094900 0.06906000
v -0.00041400 -0.04094900 0.06906000
v -0.00036700 -0.04089000 0.06911200
v -0.00036700 -0.04089000 0.06911200
v -0.00029800 -0.04083800 0.06914900
v -0.00029800 -0.04083800 0.06914900
v -0.00021000 -0.04079400 0.06917100
v -0.00021000 -0.04079400 0.06917100
v -0.00021000 -0.04079400 0.06917100
v -0.00021000 -0.04079400 0.06917100
v -0.00030700 -0.04074700 0.06933300
v -0.00030700 -0.04074700 0.06933300
v -0.00041300 -0.04066700 0.06947600
v -0.00041300 -0.04066700 0.06947600
v -0.00057900 -0.04085100 0.06929400
v 0.01409800 -0.04051400 0.05973500
v 0.01409800 -0.04051400 0.05973500
v 0.01333200 -0.04047500 0.06208400
v 0.01333200 -0.04047500 0.06208400
v 0.01213600 -0.04043800 0.06424600
v 0.01213600 -0.04043800 0.06424600
v 0.01054500 -0.04040600 0.06613600
v 0.01054500 -0.04040600 0.06613600
v 0.00861800 -0.04038000 0.06768300
v 0.00861800 -0.04038000 0.06768300
v 0.00643000 -0.04036100 0.06883200
v 0.00643000 -0.04036100 0.06883200
v 0.00406300 -0.04034900 0.06953800
v 0.00406300 -0.04034900 0.06953800
v 0.00160500 -0.04052900 0.06956800
v 0.00160500 -0.04052900 0.06956800
v 0.00160500 -0.04064800 0.06931500
v 0.00160500 -0.04064800 0.06931500
v 0.00160500 -0.04069200 0.06903800
v 0.00160500 -0.04069200 0.06903800
v 0.00160500 -0.04069200 0.06903800
v 0.00391800 -0.04069600 0.06881200
v 0.00391800 -0.04069600 0.06881200
v 0.00614500 -0.04070700 0.06814800
v 0.00614500 -0.04070700 0.06814800
v 0.00820300 -0.04072600 0.06706700
v 0.00820300 -0.04072600 0.06706700
v 0.01001700 -0.04075200 0.06561200
v 0.01001700 -0.04075200 0.06561200
v 0.01151400 -0.04078300 0.06383500
v 0.01151400 -0.04078300 0.06383500
v 0.01264000 -0.04081800 0.06180200
v 0.01264000 -0.04081800 0.06180200
v 0.01336200 -0.04085700 0.05959200
v 0.01336200 -0.04085700 0.05959200
v 0.01177400 -0.04069800 0.06414000
v 0.01037000 -0.04066900 0.06580700
v 0.01368000 -0.04077000 0.05993500
v 0.01276500 -0.04072700 0.06245600
v 0.00869400 -0.04064500 0.06720200
v 0.00680100 -0.04062600 0.06828400
v 0.00474900 -0.04061300 0.06901700
v 0.00055700 -0.04052900 0.06956800
v 0.00055700 -0.04052900 0.06956800
v 0.00055700 -0.04064800 0.06931500
v 0.00055700 -0.04064800 0.06931500
v 0.00055700 -0.04069200 0.06903800
v 0.00055700 -0.04069200 0.06903800
v 0.00055700 -0.04069200 0.06903800
v 0.00055700 -0.04069200 0.06903800
v 0.00011300 -0.04071600 0.06915500
v 0.00011300 -0.04071600 0.06915500
v -0.00003100 -0.04062500 0.06945600
v -0.00086500 -0.04108200 0.06913400
v -0.00086500 -0.04108200 0.06913400
v -0.00086500 -0.04108200 0.06913400
v -0.00084300 -0.04110400 0.06911100
v -0.00084300 -0.04110400 0.06911100
v -0.00084300 -0.04110400 0.06911100
v -0.00070200 -0.04110400 0.06906900
v -0.00070200 -0.04110400 0.06906900
v -0.00056600 -0.04108900 0.06901200
v -0.00056600 -0.04108900 0.06901200
v -0.00044000 -0.04106100 0.06894100
v -0.00044000 -0.04106100 0.06894100
v -0.00044000 -0.04106100 0.06894100
v -0.00044000 -0.04106100 0.06894100
v -0.00068500 -0.04106600 0.06909900
v -0.00000200 -0.04157200 0.06821300
v -0.00000200 -0.04157200 0.06821300
v -0.00000200 -0.04157200 0.06821300
v -0.00030500 -0.04132200 0.06859800
v -0.00030500 -0.04132200 0.06859800
v -0.00058500 -0.04137200 0.06877700
v 0.01700000 -0.03712500 0.06031700
v 0.01700000 -0.03712500 0.06031700
v 0.01607100 -0.03707300 0.06322300
v 0.01607100 -0.03707300 0.06322300
v 0.01459800 -0.03702600 0.06589500
v 0.01459800 -0.03702600 0.06589500
v 0.01263700 -0.03698400 0.06823300
v 0.01263700 -0.03698400 0.06823300
v 0.01026400 -0.03695000 0.07015000
v 0.01026400 -0.03695000 0.07015000
v 0.00756400 -0.03692500 0.07157200
v 0.00756400 -0.03692500 0.07157200
v 0.00464100 -0.03691000 0.07244700
v 0.00464100 -0.03691000 0.07244700
v 0.00631200 -0.03864000 0.07046100
v 0.00791500 -0.03865200 0.06978800
v 0.01562900 -0.03882900 0.05963100
v 0.01500100 -0.03878900 0.06190900
v 0.01400500 -0.03875200 0.06405300
v 0.01266700 -0.03871800 0.06600300
v 0.01081900 -0.03868500 0.06788700
v 0.00943200 -0.03866700 0.06892200
v 0.00463800 -0.03863200 0.07093300
v 0.00464100 0.03621800 0.07244700
v 0.00464100 0.03621800 0.07244700
v 0.00756400 0.03623300 0.07157200
v 0.00756400 0.03623300 0.07157200
v 0.01026400 0.03625800 0.07015000
v 0.01026400 0.03625800 0.07015000
v 0.01263700 0.03629200 0.06823300
v 0.01263700 0.03629200 0.06823300
v 0.01459800 0.03633400 0.06589500
v 0.01459800 0.03633400 0.06589500
v 0.01607100 0.03638100 0.06322300
v 0.01607100 0.03638100 0.06322300
v 0.01700000 0.03643300 0.06031700
v 0.01700000 0.03643300 0.06031700
v 0.01498200 0.03809500 0.06196700
v 0.01427900 0.03806700 0.06355300
v 0.01232300 0.03801700 0.06641400
v 0.01338800 0.03804100 0.06504300
v 0.01040000 0.03798600 0.06822700
v 0.00842300 0.03796300 0.06952700
v 0.00625700 0.03794600 0.07048000
v 0.00396300 0.03793600 0.07106300
v 0.01548700 0.03812400 0.06030800
v 0.00192500 0.04004000 0.06677100
v 0.00192500 0.04004000 0.06677100
v 0.00192500 0.04004000 0.06677100
v 0.00175500 0.04002500 0.06761200
v 0.00175500 0.04002500 0.06761200
v -0.10518800 0.04088700 0.06802100
v -0.10518800 0.04088700 0.06802100
v -0.10538200 0.04089400 0.06782900
v -0.10538200 0.04089400 0.06782900
v -0.10557500 0.04090000 0.06763700
v -0.10557500 0.04090000 0.06763700
v -0.10557500 0.04090000 0.06763700
v -0.10557500 0.04090000 0.06763700
v -0.10569500 0.04045200 0.06775100
v -0.10569500 0.04045200 0.06775100
v -0.10594700 0.04013200 0.06799900
v -0.10594700 0.04013200 0.06799900
v -0.10470200 0.04017600 0.06908500
v -0.10470200 0.04017600 0.06908500
v -0.10462400 0.04026500 0.06900800
v -0.10462400 0.04026500 0.06900800
v -0.10492800 0.04066700 0.06835000
v -0.10501600 0.04043000 0.06843500
v -0.10514400 0.04023300 0.06856100
v -0.10525900 0.04012200 0.06867500
v -0.10583900 0.04088700 0.06724800
v -0.10583900 0.04088700 0.06724800
v -0.10593200 0.04089100 0.06678900
v -0.10593200 0.04089100 0.06678900
v -0.10593200 0.04089100 0.06678900
v -0.10593200 0.04089100 0.06678900
v -0.10610900 0.04045600 0.06678000
v -0.10610900 0.04045600 0.06678000
v -0.10646500 0.04015000 0.06677400
v -0.10646500 0.04015000 0.06677400
v -0.10589900 0.04068000 0.06723900
v -0.10601700 0.04044500 0.06728100
v -0.10618600 0.04025100 0.06734400
v -0.10633600 0.04014400 0.06740100
v -0.10590900 0.04103400 0.05728600
v -0.10590900 0.04103400 0.05728600
v -0.10590900 0.04103400 0.05728600
v -0.10601000 0.04073900 0.05728600
v -0.10601000 0.04073900 0.05728600
v -0.10629200 0.04040800 0.05728600
v -0.10629200 0.04040800 0.05728600
v -0.10651500 0.04028100 0.05728600
v -0.10651500 0.04028100 0.05728600
v -0.10669700 0.04014500 0.06207200
v -0.10623500 0.04038200 0.06207800
v -0.10610600 0.04052600 0.06208000
v -0.10668600 0.04021900 0.05676500
v -0.10622700 0.04045300 0.05676000
v -0.10609700 0.04059400 0.05675700
v -0.10463900 0.04021500 0.06907200
v -0.09408700 0.04103400 0.05728600
v -0.09408700 0.04103400 0.05728600
v -0.09408700 0.04103400 0.05728600
v -0.09396700 0.04070300 0.05728600
v -0.09396700 0.04070300 0.05728600
v -0.09381900 0.04050800 0.05728600
v -0.09381900 0.04050800 0.05728600
v -0.09344400 0.04026700 0.05728600
v -0.09344400 0.04026700 0.05728600
v -0.09389900 0.04059500 0.05676000
v -0.09377000 0.04045300 0.05676300
v -0.09331100 0.04021900 0.05676800
v -0.09406400 0.04089100 0.06678900
v -0.09406400 0.04089100 0.06678900
v -0.09406400 0.04089100 0.06678900
v -0.09406400 0.04089100 0.06678900
v -0.09388800 0.04045600 0.06678000
v -0.09388800 0.04045600 0.06678000
v -0.09353200 0.04015000 0.06677400
v -0.09353200 0.04015000 0.06677400
v -0.09389100 0.04052600 0.06208100
v -0.09376100 0.04038200 0.06207800
v -0.09329900 0.04014500 0.06207200
v -0.09415700 0.04088700 0.06724800
v -0.09415700 0.04088700 0.06724800
v -0.09411800 0.04068000 0.06728900
v -0.09400300 0.04044500 0.06733600
v -0.09383700 0.04025100 0.06740600
v -0.09368900 0.04014300 0.06746900
v -0.09701900 0.04143000 0.06948600
v -0.09701900 0.04143000 0.06948600
v -0.09793500 0.04258300 0.06948600
v -0.09793500 0.04258300 0.06948600
v -0.09926200 0.04322400 0.06948600
v -0.09926200 0.04322400 0.06948600
v -0.10073500 0.04322400 0.06948600
v -0.10073500 0.04322400 0.06948600
v -0.10206100 0.04258300 0.06948600
v -0.10206100 0.04258300 0.06948600
v -0.10297800 0.04143000 0.06948600
v -0.10297800 0.04143000 0.06948600
v -0.09653900 0.04229900 0.06913400
v -0.09653900 0.04229900 0.06913400
v -0.09803500 0.04366200 0.06913400
v -0.09803500 0.04366200 0.06913400
v -0.09999800 0.04415500 0.06913400
v -0.09999800 0.04415500 0.06913400
v -0.10196100 0.04366200 0.06913400
v -0.10196100 0.04366200 0.06913400
v -0.10345800 0.04229900 0.06913400
v -0.10345800 0.04229900 0.06913400
v -0.10339200 0.04162800 0.06939400
v -0.10234800 0.04294200 0.06939400
v -0.10083700 0.04367100 0.06939400
v -0.09915900 0.04367100 0.06939400
v -0.09764800 0.04294200 0.06939400
v -0.09660500 0.04162800 0.06939400
v -0.09522000 0.04301700 0.06763700
v -0.09522000 0.04301700 0.06763700
v -0.09678600 0.04465000 0.06763700
v -0.09678600 0.04465000 0.06763700
v -0.09886700 0.04553800 0.06763700
v -0.09886700 0.04553800 0.06763700
v -0.10113000 0.04553800 0.06763700
v -0.10113000 0.04553800 0.06763700
v -0.10321100 0.04465000 0.06763700
v -0.10321100 0.04465000 0.06763700
v -0.10477600 0.04301700 0.06763700
v -0.10477600 0.04301700 0.06763700
v -0.09489800 0.04316500 0.06678900
v -0.09489800 0.04316500 0.06678900
v -0.09656300 0.04492300 0.06678900
v -0.09656300 0.04492300 0.06678900
v -0.09878700 0.04588100 0.06678900
v -0.09878700 0.04588100 0.06678900
v -0.10120900 0.04588100 0.06678900
v -0.10120900 0.04588100 0.06678900
v -0.10343300 0.04492300 0.06678900
v -0.10343300 0.04492300 0.06678900
v -0.10509800 0.04316500 0.06678900
v -0.10509800 0.04316500 0.06678900
v -0.10502100 0.04311700 0.06724800
v -0.10338100 0.04484800 0.06724800
v -0.10118600 0.04579200 0.06724800
v -0.09881000 0.04579200 0.06724800
v -0.09661500 0.04484800 0.06724800
v -0.09497600 0.04311700 0.06724800
v -0.01018800 0.04088700 0.06802100
v -0.01018800 0.04088700 0.06802100
v -0.01038200 0.04089400 0.06782900
v -0.01038200 0.04089400 0.06782900
v -0.01057500 0.04090000 0.06763700
v -0.01057500 0.04090000 0.06763700
v -0.01057500 0.04090000 0.06763700
v -0.01057500 0.04090000 0.06763700
v -0.01069500 0.04045200 0.06775100
v -0.01069500 0.04045200 0.06775100
v -0.01094700 0.04013200 0.06799900
v -0.01094700 0.04013200 0.06799900
v -0.00970200 0.04017600 0.06908500
v -0.00970200 0.04017600 0.06908500
v -0.00962400 0.04026500 0.06900800
v -0.00962400 0.04026500 0.06900800
v -0.00992800 0.04066700 0.06835000
v -0.01001600 0.04043000 0.06843500
v -0.01014400 0.04023300 0.06856100
v -0.01025900 0.04012200 0.06867500
v -0.01083900 0.04088700 0.06724800
v -0.01083900 0.04088700 0.06724800
v -0.01110900 0.04045600 0.06678000
v -0.01110900 0.04045600 0.06678000
v -0.01146500 0.04015000 0.06677400
v -0.01146500 0.04015000 0.06677400
v -0.01089900 0.04068000 0.06723900
v -0.01101700 0.04044500 0.06728100
v -0.01118600 0.04025100 0.06734400
v -0.01133600 0.04014400 0.06740100
v -0.01169700 0.04014500 0.06207200
v -0.01123500 0.04038200 0.06207700
v -0.01110600 0.04052600 0.06208000
v -0.00963900 0.04021500 0.06907200
v 0.00111200 0.04045600 0.06678000
v 0.00111200 0.04045600 0.06678000
v 0.00146800 0.04015000 0.06677400
v 0.00146800 0.04015000 0.06677400
v 0.00110900 0.04052600 0.06208100
v 0.00123900 0.04038200 0.06207800
v 0.00170100 0.04014500 0.06207300
v 0.00084300 0.04088700 0.06724800
v 0.00084300 0.04088700 0.06724800
v 0.00088200 0.04068000 0.06728900
v 0.00099700 0.04044500 0.06733600
v 0.00116300 0.04025100 0.06740600
v 0.00131100 0.04014300 0.06746900
v -0.00201900 0.04143000 0.06948600
v -0.00201900 0.04143000 0.06948600
v -0.00293500 0.04258300 0.06948600
v -0.00293500 0.04258300 0.06948600
v -0.00426200 0.04322400 0.06948600
v -0.00426200 0.04322400 0.06948600
v -0.00573500 0.04322400 0.06948600
v -0.00573500 0.04322400 0.06948600
v -0.00706100 0.04258300 0.06948600
v -0.00706100 0.04258300 0.06948600
v -0.00797800 0.04143000 0.06948600
v -0.00797800 0.04143000 0.06948600
v -0.00153900 0.04229900 0.06913400
v -0.00153900 0.04229900 0.06913400
v -0.00303500 0.04366200 0.06913400
v -0.00303500 0.04366200 0.06913400
v -0.00499800 0.04415500 0.06913400
v -0.00499800 0.04415500 0.06913400
v -0.00696100 0.04366200 0.06913400
v -0.00696100 0.04366200 0.06913400
v -0.00845800 0.04229900 0.06913400
v -0.00845800 0.04229900 0.06913400
v -0.00839200 0.04162800 0.06939400
v -0.00734800 0.04294200 0.06939400
v -0.00583700 0.04367100 0.06939400
v -0.00415900 0.04367100 0.06939400
v -0.00264800 0.04294200 0.06939400
v -0.00160500 0.04162800 0.06939400
v -0.00022000 0.04301700 0.06763700
v -0.00022000 0.04301700 0.06763700
v -0.00178600 0.04465000 0.06763700
v -0.00178600 0.04465000 0.06763700
v -0.00386700 0.04553800 0.06763700
v -0.00386700 0.04553800 0.06763700
v -0.00613000 0.04553800 0.06763700
v -0.00613000 0.04553800 0.06763700
v -0.00821100 0.04465000 0.06763700
v -0.00821100 0.04465000 0.06763700
v -0.00977600 0.04301700 0.06763700
v -0.00977600 0.04301700 0.06763700
v -0.01002100 0.04311700 0.06724800
v -0.00838100 0.04484800 0.06724800
v -0.00618600 0.04579200 0.06724800
v -0.00381000 0.04579200 0.06724800
v -0.00161500 0.04484800 0.06724800
v 0.00002400 0.04311700 0.06724800
v -0.09344400 -0.04095900 0.05728600
v -0.09344400 -0.04095900 0.05728600
v -0.09381900 -0.04120000 0.05728600
v -0.09381900 -0.04120000 0.05728600
v -0.09396700 -0.04139500 0.05728600
v -0.09396700 -0.04139500 0.05728600
v -0.09408700 -0.04172600 0.05728600
v -0.09408700 -0.04172600 0.05728600
v -0.09408700 -0.04172600 0.05728600
v -0.09331100 -0.04091100 0.05676500
v -0.09377000 -0.04114500 0.05676000
v -0.09389900 -0.04128600 0.05675700
v -0.09480900 -0.04157900 0.06802100
v -0.09480900 -0.04157900 0.06802100
v -0.09461500 -0.04158600 0.06782900
v -0.09461500 -0.04158600 0.06782900
v -0.09442100 -0.04159200 0.06763700
v -0.09442100 -0.04159200 0.06763700
v -0.09442100 -0.04159200 0.06763700
v -0.09442100 -0.04159200 0.06763700
v -0.09430100 -0.04114400 0.06775100
v -0.09430100 -0.04114400 0.06775100
v -0.09404900 -0.04082400 0.06799900
v -0.09404900 -0.04082400 0.06799900
v -0.09529500 -0.04086700 0.06908500
v -0.09529500 -0.04086700 0.06908500
v -0.09537200 -0.04095700 0.06900800
v -0.09537200 -0.04095700 0.06900800
v -0.09506800 -0.04135800 0.06835000
v -0.09498000 -0.04112200 0.06843500
v -0.09485300 -0.04092500 0.06856100
v -0.09473800 -0.04081400 0.06867500
v -0.09415700 -0.04157900 0.06724800
v -0.09415700 -0.04157900 0.06724800
v -0.09406400 -0.04158300 0.06678900
v -0.09406400 -0.04158300 0.06678900
v -0.09406400 -0.04158300 0.06678900
v -0.09406400 -0.04158300 0.06678900
v -0.09388800 -0.04114800 0.06678000
v -0.09388800 -0.04114800 0.06678000
v -0.09353200 -0.04084200 0.06677400
v -0.09353200 -0.04084200 0.06677400
v -0.09409700 -0.04137200 0.06723900
v -0.09398000 -0.04113700 0.06728100
v -0.09381100 -0.04094300 0.06734400
v -0.09366000 -0.04083600 0.06740100
v -0.09329900 -0.04083700 0.06207200
v -0.09376100 -0.04107400 0.06207700
v -0.09389100 -0.04121800 0.06208000
v -0.09535700 -0.04090700 0.06907200
v -0.10590900 -0.04172600 0.05728600
v -0.10590900 -0.04172600 0.05728600
v -0.10590900 -0.04172600 0.05728600
v -0.10601000 -0.04143100 0.05728600
v -0.10601000 -0.04143100 0.05728600
v -0.10629200 -0.04110000 0.05728600
v -0.10629200 -0.04110000 0.05728600
v -0.10651500 -0.04097300 0.05728600
v -0.10651500 -0.04097300 0.05728600
v -0.10609700 -0.04128700 0.05676000
v -0.10622700 -0.04114500 0.05676200
v -0.10668600 -0.04091100 0.05676800
v -0.10593200 -0.04158300 0.06678900
v -0.10593200 -0.04158300 0.06678900
v -0.10593200 -0.04158300 0.06678900
v -0.10593200 -0.04158300 0.06678900
v -0.10610900 -0.04114800 0.06678000
v -0.10610900 -0.04114800 0.06678000
v -0.10646500 -0.04084200 0.06677400
v -0.10646500 -0.04084200 0.06677400
v -0.10610600 -0.04121800 0.06208100
v -0.10623500 -0.04107400 0.06207800
v -0.10669700 -0.04083700 0.06207200
v -0.10583900 -0.04157900 0.06724800
v -0.10583900 -0.04157900 0.06724800
v -0.10587800 -0.04137200 0.06728900
v -0.10599300 -0.04113700 0.06733600
v -0.10616000 -0.04094300 0.06740600
v -0.10630800 -0.04083500 0.06746900
v -0.10297800 -0.04212200 0.06948600
v -0.10297800 -0.04212200 0.06948600
v -0.10206100 -0.04327500 0.06948600
v -0.10206100 -0.04327500 0.06948600
v -0.10073500 -0.04391600 0.06948600
v -0.10073500 -0.04391600 0.06948600
v -0.09926200 -0.04391600 0.06948600
v -0.09926200 -0.04391600 0.06948600
v -0.09793500 -0.04327500 0.06948600
v -0.09793500 -0.04327500 0.06948600
v -0.09701900 -0.04212200 0.06948600
v -0.09701900 -0.04212200 0.06948600
v -0.10345800 -0.04299100 0.06913400
v -0.10345800 -0.04299100 0.06913400
v -0.10196100 -0.04435400 0.06913400
v -0.10196100 -0.04435400 0.06913400
v -0.09999800 -0.04484700 0.06913400
v -0.09999800 -0.04484700 0.06913400
v -0.09803500 -0.04435400 0.06913400
v -0.09803500 -0.04435400 0.06913400
v -0.09653900 -0.04299100 0.06913400
v -0.09653900 -0.04299100 0.06913400
v -0.09660500 -0.04232000 0.06939400
v -0.09764800 -0.04363400 0.06939400
v -0.09915900 -0.04436300 0.06939400
v -0.10083700 -0.04436300 0.06939400
v -0.10234800 -0.04363400 0.06939400
v -0.10339200 -0.04232000 0.06939400
v -0.10477600 -0.04370900 0.06763700
v -0.10477600 -0.04370900 0.06763700
v -0.10321100 -0.04534200 0.06763700
v -0.10321100 -0.04534200 0.06763700
v -0.10113000 -0.04623000 0.06763700
v -0.10113000 -0.04623000 0.06763700
v -0.09886700 -0.04623000 0.06763700
v -0.09886700 -0.04623000 0.06763700
v -0.09678600 -0.04534200 0.06763700
v -0.09678600 -0.04534200 0.06763700
v -0.09522000 -0.04370900 0.06763700
v -0.09522000 -0.04370900 0.06763700
v -0.10509800 -0.04385700 0.06678900
v -0.10509800 -0.04385700 0.06678900
v -0.10343300 -0.04561500 0.06678900
v -0.10343300 -0.04561500 0.06678900
v -0.10120900 -0.04657300 0.06678900
v -0.10120900 -0.04657300 0.06678900
v -0.09878700 -0.04657300 0.06678900
v -0.09878700 -0.04657300 0.06678900
v -0.09656300 -0.04561500 0.06678900
v -0.09656300 -0.04561500 0.06678900
v -0.09489800 -0.04385700 0.06678900
v -0.09489800 -0.04385700 0.06678900
v -0.09497600 -0.04380900 0.06724800
v -0.09661500 -0.04554000 0.06724800
v -0.09881000 -0.04648400 0.06724800
v -0.10118600 -0.04648400 0.06724800
v -0.10338100 -0.04554000 0.06724800
v -0.10502100 -0.04380900 0.06724800
v 0.00019100 -0.04157900 0.06802100
v 0.00019100 -0.04157900 0.06802100
v 0.00038500 -0.04158600 0.06782900
v 0.00038500 -0.04158600 0.06782900
v 0.00057900 -0.04159200 0.06763700
v 0.00057900 -0.04159200 0.06763700
v 0.00057900 -0.04159200 0.06763700
v 0.00057900 -0.04159200 0.06763700
v 0.00069900 -0.04114400 0.06775100
v 0.00069900 -0.04114400 0.06775100
v 0.00095100 -0.04082400 0.06799900
v 0.00095100 -0.04082400 0.06799900
v 0.00127700 -0.04070400 0.06832700
v 0.00127700 -0.04070400 0.06832700
v 0.00127700 -0.04070400 0.06832700
v 0.00103700 -0.04070000 0.06856400
v 0.00103700 -0.04070000 0.06856400
v 0.00079700 -0.04069600 0.06880100
v 0.00079700 -0.04069600 0.06880100
v -0.00029500 -0.04086700 0.06908500
v -0.00029500 -0.04086700 0.06908500
v -0.00037200 -0.04095700 0.06900800
v -0.00037200 -0.04095700 0.06900800
v -0.00006800 -0.04135800 0.06835000
v 0.00002000 -0.04112200 0.06843500
v 0.00014700 -0.04092500 0.06856100
v 0.00026200 -0.04081400 0.06867500
v 0.00084300 -0.04157900 0.06724800
v 0.00084300 -0.04157900 0.06724800
v 0.00111200 -0.04114800 0.06678000
v 0.00111200 -0.04114800 0.06678000
v 0.00146800 -0.04084200 0.06677400
v 0.00146800 -0.04084200 0.06677400
v 0.00192500 -0.04073100 0.06677100
v 0.00192500 -0.04073100 0.06677100
v 0.00192500 -0.04073100 0.06677100
v 0.00175500 -0.04071700 0.06761300
v 0.00175500 -0.04071700 0.06761300
v 0.00090300 -0.04137200 0.06723900
v 0.00102000 -0.04113700 0.06728100
v 0.00118900 -0.04094300 0.06734400
v 0.00134000 -0.04083600 0.06740100
v 0.00170100 -0.04083700 0.06207200
v 0.00123900 -0.04107400 0.06207800
v 0.00110900 -0.04121800 0.06208100
v -0.00035700 -0.04090700 0.06907200
v -0.01110900 -0.04114800 0.06678000
v -0.01110900 -0.04114800 0.06678000
v -0.01146500 -0.04084200 0.06677400
v -0.01146500 -0.04084200 0.06677400
v -0.01110600 -0.04121800 0.06208100
v -0.01123500 -0.04107400 0.06207800
v -0.01169700 -0.04083700 0.06207200
v -0.01083900 -0.04157900 0.06724800
v -0.01083900 -0.04157900 0.06724800
v -0.01087800 -0.04137200 0.06728900
v -0.01099300 -0.04113700 0.06733600
v -0.01116000 -0.04094300 0.06740600
v -0.01130800 -0.04083500 0.06746900
v -0.00797800 -0.04212200 0.06948600
v -0.00797800 -0.04212200 0.06948600
v -0.00706100 -0.04327500 0.06948600
v -0.00706100 -0.04327500 0.06948600
v -0.00573500 -0.04391600 0.06948600
v -0.00573500 -0.04391600 0.06948600
v -0.00426200 -0.04391600 0.06948600
v -0.00426200 -0.04391600 0.06948600
v -0.00293500 -0.04327500 0.06948600
v -0.00293500 -0.04327500 0.06948600
v -0.00201900 -0.04212200 0.06948600
v -0.00201900 -0.04212200 0.06948600
v -0.00845800 -0.04299100 0.06913400
v -0.00845800 -0.04299100 0.06913400
v -0.00696100 -0.04435400 0.06913400
v -0.00696100 -0.04435400 0.06913400
v -0.00499800 -0.04484700 0.06913400
v -0.00499800 -0.04484700 0.06913400
v -0.00303500 -0.04435400 0.06913400
v -0.00303500 -0.04435400 0.06913400
v -0.00153900 -0.04299100 0.06913400
v -0.00153900 -0.04299100 0.06913400
v -0.00160500 -0.04232000 0.06939400
v -0.00264800 -0.04363400 0.06939400
v -0.00415900 -0.04436300 0.06939400
v -0.00583700 -0.04436300 0.06939400
v -0.00734800 -0.04363400 0.06939400
v -0.00839200 -0.04232000 0.06939400
v -0.00977600 -0.04370900 0.06763700
v -0.00977600 -0.04370900 0.06763700
v -0.00821100 -0.04534200 0.06763700
v -0.00821100 -0.04534200 0.06763700
v -0.00613000 -0.04623000 0.06763700
v -0.00613000 -0.04623000 0.06763700
v -0.00386700 -0.04623000 0.06763700
v -0.00386700 -0.04623000 0.06763700
v -0.00178600 -0.04534200 0.06763700
v -0.00178600 -0.04534200 0.06763700
v -0.00022000 -0.04370900 0.06763700
v -0.00022000 -0.04370900 0.06763700
v 0.00002400 -0.04380900 0.06724800
v -0.00161500 -0.04554000 0.06724800
v -0.00381000 -0.04648400 0.06724800
v -0.00618600 -0.04648400 0.06724800
v -0.00838100 -0.04554000 0.06724800
v -0.01002100 -0.04380900 0.06724800
v -0.04367100 0.03562700 0.07298300
v -0.04367100 0.03562700 0.07298300
v -0.04367100 0.03562700 0.07298300
v -0.04328800 0.03556000 0.07298600
v -0.04328800 0.03556000 0.07298600
v -0.04328800 0.03556000 0.07298600
v 0.00160500 0.03556000 0.07298600
v 0.00160500 0.03556000 0.07298600
v 0.00160500 0.03556000 0.07298600
v 0.00160500 0.03556000 0.07298600
v 0.00160500 0.03579400 0.07295800
v 0.00160500 0.03579400 0.07295800
v 0.00160500 0.03601600 0.07287500
v 0.00160500 0.03601600 0.07287500
v -0.11791200 0.03593100 0.07291400
v -0.11791200 0.03593100 0.07291400
v -0.11791200 0.03593100 0.07291400
v -0.04714400 0.03593100 0.07291400
v -0.04714400 0.03593100 0.07291400
v -0.04714400 0.03593100 0.07291400
v -0.00590500 0.03590800 0.07292300
v -0.01341500 0.03590800 0.07292300
v -0.02092500 0.03590800 0.07292300
v -0.02843500 0.03590800 0.07292300
v -0.03594500 0.03590800 0.07292300
v -0.04345500 0.03590800 0.07292300
v 0.00468900 0.03556500 0.07268500
v 0.00468900 0.03556500 0.07268500
v 0.00765800 0.03558000 0.07179600
v 0.00765800 0.03558000 0.07179600
v 0.01040100 0.03560500 0.07035100
v 0.01040100 0.03560500 0.07035100
v 0.01281100 0.03563800 0.06840400
v 0.01281100 0.03563800 0.06840400
v 0.01480200 0.03567900 0.06602900
v 0.01480200 0.03567900 0.06602900
v 0.01629900 0.03572500 0.06331600
v 0.01629900 0.03572500 0.06331600
v 0.01724200 0.03577600 0.06036400
v 0.01724200 0.03577600 0.06036400
v 0.00687100 0.03590800 0.07203300
v 0.00866000 0.03592100 0.07128100
v 0.01727300 0.03611900 0.05991500
v 0.01657300 0.03607500 0.06246700
v 0.01546100 0.03603300 0.06486700
v 0.01396600 0.03599500 0.06705000
v 0.01190100 0.03595800 0.06915700
v 0.01035600 0.03593800 0.07031100
v 0.00500300 0.03589900 0.07256100
v -0.11226800 0.03593100 0.07386600
v -0.11226800 0.03593100 0.07386600
v -0.11511000 0.03593100 0.07350800
v -0.11511000 0.03593100 0.07350800
v 0.01724200 -0.03646800 0.06036400
v 0.01724200 -0.03646800 0.06036400
v 0.01629900 -0.03641700 0.06331600
v 0.01629900 -0.03641700 0.06331600
v 0.01480200 -0.03637100 0.06602900
v 0.01480200 -0.03637100 0.06602900
v 0.01281100 -0.03633000 0.06840400
v 0.01281100 -0.03633000 0.06840400
v 0.01040100 -0.03629700 0.07035100
v 0.01040100 -0.03629700 0.07035100
v 0.00765800 -0.03627200 0.07179600
v 0.00765800 -0.03627200 0.07179600
v 0.00468900 -0.03625700 0.07268500
v 0.00468900 -0.03625700 0.07268500
v 0.00160500 -0.03625200 0.07298600
v 0.00160500 -0.03625200 0.07298600
v 0.00160500 -0.03625200 0.07298600
v 0.00160500 -0.03625200 0.07298600
v 0.00160500 -0.03648600 0.07295800
v 0.00160500 -0.03648600 0.07295800
v 0.00160500 -0.03670800 0.07287500
v 0.00160500 -0.03670800 0.07287500
v 0.01707800 -0.03679600 0.06081300
v 0.00818100 -0.03660900 0.07150800
v 0.01514800 -0.03671600 0.06539300
v 0.01629300 -0.03675400 0.06317900
v 0.01367100 -0.03668100 0.06740200
v 0.01190100 -0.03665000 0.06915700
v 0.01016700 -0.03662800 0.07043300
v 0.00606400 -0.03659600 0.07229100
v 0.00385700 -0.03658700 0.07276700
v -0.04328800 -0.03625200 0.07298600
v -0.04328800 -0.03625200 0.07298600
v -0.04328800 -0.03625200 0.07298600
v -0.04367100 -0.03631900 0.07298300
v -0.04367100 -0.03631900 0.07298300
v -0.04367100 -0.03631900 0.07298300
v -0.04714400 -0.03662300 0.07291400
v -0.04714400 -0.03662300 0.07291400
v -0.04714400 -0.03662300 0.07291400
v -0.11791200 -0.03662300 0.07291400
v -0.11791200 -0.03662300 0.07291400
v -0.11791200 -0.03662300 0.07291400
v -0.04345500 -0.03660000 0.07292300
v -0.03594500 -0.03660000 0.07292300
v -0.02843500 -0.03660000 0.07292300
v -0.02092500 -0.03660000 0.07292300
v -0.01341500 -0.03660000 0.07292300
v -0.00590500 -0.03660000 0.07292300
v -0.11511000 -0.03662300 0.07350800
v -0.11511000 -0.03662300 0.07350800
v -0.11226800 -0.03662300 0.07386600
v -0.11226800 -0.03662300 0.07386600
v 0.00160500 -0.03320500 0.07298600
v 0.00160500 -0.03320500 0.07298600
v 0.00160500 -0.03320500 0.07298600
v -0.00047800 -0.03402100 0.07298600
v -0.00047800 -0.03402100 0.07298600
v -0.00266000 -0.03451700 0.07298600
v -0.00266000 -0.03451700 0.07298600
v -0.00489000 -0.03468400 0.07298600
v -0.00489000 -0.03468400 0.07298600
v -0.00489000 -0.03468400 0.07298600
v -0.03264900 -0.03468400 0.07298600
v -0.03264900 -0.03468400 0.07298600
v -0.03264900 -0.03468400 0.07298600
v -0.03381100 -0.03471800 0.07298600
v -0.03381100 -0.03471800 0.07298600
v -0.03497000 -0.03481900 0.07298600
v -0.03497000 -0.03481900 0.07298600
v -0.03612100 -0.03498800 0.07298600
v -0.03612100 -0.03498800 0.07298600
v -0.03612100 -0.03498800 0.07298600
v 0.00160500 0.03251300 0.07298600
v 0.00160500 0.03251300 0.07298600
v 0.00160500 0.03251300 0.07298600
v 0.00335900 0.03151900 0.07288800
v 0.00335900 0.03151900 0.07288800
v 0.00501700 0.03025400 0.07261700
v 0.00501700 0.03025400 0.07261700
v 0.00640800 0.02885800 0.07224700
v 0.00640800 0.02885800 0.07224700
v 0.00759100 0.02730600 0.07182100
v 0.00759100 0.02730600 0.07182100
v 0.00858600 0.02557500 0.07138100
v 0.00858600 0.02557500 0.07138100
v 0.00934900 0.02370700 0.07098600
v 0.00934900 0.02370700 0.07098600
v 0.00985300 0.02175400 0.07069500
v 0.00985300 0.02175400 0.07069500
v 0.01008900 0.01977700 0.07055100
v 0.01008900 0.01977700 0.07055100
v 0.01008900 0.01977700 0.07055100
v 0.01086900 0.00488800 0.07003000
v 0.01086900 0.00488800 0.07003000
v 0.01086900 0.00488800 0.07003000
v 0.01100600 -0.00034600 0.06993200
v 0.01100600 -0.00034600 0.06993200
v 0.01086900 -0.00558000 0.07003000
v 0.01086900 -0.00558000 0.07003000
v 0.01086900 -0.00558000 0.07003000
v 0.01008900 -0.02046900 0.07055100
v 0.01008900 -0.02046900 0.07055100
v 0.01008900 -0.02046900 0.07055100
v 0.00985300 -0.02244600 0.07069500
v 0.00985300 -0.02244600 0.07069500
v 0.00934900 -0.02439900 0.07098600
v 0.00934900 -0.02439900 0.07098600
v 0.00858600 -0.02626700 0.07138100
v 0.00858600 -0.02626700 0.07138100
v 0.00759100 -0.02799800 0.07182100
v 0.00759100 -0.02799800 0.07182100
v 0.00640800 -0.02955000 0.07224700
v 0.00640800 -0.02955000 0.07224700
v 0.00501700 -0.03094600 0.07261700
v 0.00501700 -0.03094600 0.07261700
v 0.00335900 -0.03221100 0.07288800
v 0.00335900 -0.03221100 0.07288800
v -0.00839800 -0.02234600 0.08698600
v -0.00839800 -0.02234600 0.08698600
v -0.00839800 -0.02234600 0.08698600
v -0.00839800 -0.02234600 0.08698600
v -0.00739800 -0.02234600 0.08698600
v -0.00739800 -0.02234600 0.08698600
v -0.00739800 -0.02234600 0.08698600
v -0.00739800 -0.02154600 0.08798600
v -0.00739800 -0.02154600 0.08798600
v -0.00739800 -0.02154600 0.08798600
v -0.00873000 -0.02154600 0.08798600
v -0.00873000 -0.02154600 0.08798600
v -0.00873000 -0.02154600 0.08798600
v -0.01258500 -0.02540200 0.08798600
v -0.01258500 -0.02540200 0.08798600
v -0.01258500 -0.02540200 0.08798600
v -0.01202000 -0.02596700 0.08698600
v -0.01202000 -0.02596700 0.08698600
v -0.01202000 -0.02596700 0.08698600
v -0.01202000 -0.02596700 0.08698600
v -0.01414100 -0.02604600 0.08798600
v -0.01414100 -0.02604600 0.08798600
v -0.01414100 -0.02604600 0.08798600
v -0.01414100 -0.02684600 0.08698600
v -0.01414100 -0.02684600 0.08698600
v -0.01414100 -0.02684600 0.08698600
v -0.01414100 -0.02684600 0.08698600
v -0.01336400 -0.02674400 0.08698600
v -0.01336400 -0.02674400 0.08698600
v -0.01264100 -0.02644400 0.08698600
v -0.01264100 -0.02644400 0.08698600
v -0.01304100 -0.02575100 0.08798600
v -0.01304100 -0.02575100 0.08798600
v -0.01357200 -0.02597100 0.08798600
v -0.01357200 -0.02597100 0.08798600
v -0.07786700 -0.02604600 0.08798600
v -0.07786700 -0.02604600 0.08798600
v -0.07786700 -0.02604600 0.08798600
v -0.07769100 -0.02684600 0.08698600
v -0.07769100 -0.02684600 0.08698600
v -0.07769100 -0.02684600 0.08698600
v -0.00953000 0.02165400 0.08798600
v -0.00953000 0.02165400 0.08798600
v -0.00953000 0.02165400 0.08798600
v -0.01258500 0.02471000 0.08798600
v -0.01258500 0.02471000 0.08798600
v -0.01258500 0.02471000 0.08798600
v -0.01304100 0.02505900 0.08798600
v -0.01304100 0.02505900 0.08798600
v -0.01357200 0.02527900 0.08798600
v -0.01357200 0.02527900 0.08798600
v -0.01414100 0.02535400 0.08798600
v -0.01414100 0.02535400 0.08798600
v -0.01414100 0.02535400 0.08798600
v -0.07786700 0.02535400 0.08798600
v -0.07786700 0.02535400 0.08798600
v -0.07786700 0.02535400 0.08798600
v -0.07769100 0.02615400 0.08698600
v -0.07769100 0.02615400 0.08698600
v -0.07769100 0.02615400 0.08698600
v -0.01414100 0.02615400 0.08698600
v -0.01414100 0.02615400 0.08698600
v -0.01414100 0.02615400 0.08698600
v -0.01414100 0.02615400 0.08698600
v -0.01202000 0.02527500 0.08698600
v -0.01202000 0.02527500 0.08698600
v -0.01202000 0.02527500 0.08698600
v -0.01202000 0.02527500 0.08698600
v -0.01264100 0.02575200 0.08698600
v -0.01264100 0.02575200 0.08698600
v -0.01336400 0.02605200 0.08698600
v -0.01336400 0.02605200 0.08698600
v -0.00839800 0.02165400 0.08698600
v -0.00839800 0.02165400 0.08698600
v -0.00839800 0.02165400 0.08698600
v -0.00739800 -0.02234600 0.07398600
v -0.00739800 -0.02234600 0.07398600
v -0.00739800 -0.02234600 0.07398600
v -0.10337300 0.02495600 0.08420500
v -0.10337300 0.02495600 0.08420500
v -0.10337300 0.02495600 0.08420500
v -0.10337300 0.02495600 0.08420500
v -0.10327300 0.02525300 0.08418400
v -0.10327300 0.02525300 0.08418400
v -0.10308500 0.02550400 0.08415700
v -0.10308500 0.02550400 0.08415700
v -0.10282800 0.02568300 0.08412500
v -0.10282800 0.02568300 0.08412500
v -0.10252900 0.02577400 0.08409300
v -0.10252900 0.02577400 0.08409300
v -0.10252900 0.02577400 0.08409300
v -0.10271800 0.02572800 0.08400000
v -0.10309500 0.02550000 0.08404300
v -0.10321400 0.02536100 0.08405900
v -0.07903300 0.02839800 0.09460100
v -0.07903300 0.02839800 0.09460100
v -0.07903300 0.02839800 0.09460100
v -0.07901500 0.02874300 0.09449500
v -0.07901500 0.02874300 0.09449500
v -0.07897600 0.02902800 0.09427700
v -0.07897600 0.02902800 0.09427700
v -0.07892300 0.02921500 0.09397400
v -0.07892300 0.02921500 0.09397400
v -0.07886100 0.02928200 0.09362400
v -0.07886100 0.02928200 0.09362400
v -0.07886100 0.02928200 0.09362400
v -0.08863900 0.02787900 0.09158400
v -0.08863900 0.02787900 0.09158400
v -0.09829400 0.02648100 0.08903000
v -0.09829400 0.02648100 0.08903000
v -0.09829400 0.02648100 0.08903000
v -0.09840700 0.02636300 0.08947300
v -0.09840700 0.02636300 0.08947300
v -0.09846400 0.02605000 0.08982300
v -0.09846400 0.02605000 0.08982300
v -0.09845300 0.02561300 0.09000100
v -0.09845300 0.02561300 0.09000100
v -0.09845300 0.02561300 0.09000100
v -0.09845300 0.02561300 0.09000100
v -0.08880400 0.02700300 0.09255700
v -0.08880400 0.02700300 0.09255700
v -0.08386700 0.02816100 0.09347800
v -0.08379900 0.02855600 0.09288200
v -0.08383800 0.02846300 0.09313000
v -0.08386100 0.02830900 0.09334800
v -0.09353000 0.02715400 0.09058000
v -0.09358100 0.02705900 0.09082500
v -0.09361500 0.02690500 0.09103900
v -0.09362800 0.02675800 0.09116800
v -0.08876100 0.02745900 0.09238800
v -0.08875300 0.02760600 0.09225800
v -0.08872600 0.02776000 0.09204100
v -0.08868300 0.02785400 0.09179500
v -0.09851000 0.02644900 0.08896300
v -0.09851000 0.02644900 0.08896300
v -0.09872300 0.02641800 0.08889000
v -0.09872300 0.02641800 0.08889000
v -0.09893500 0.02638700 0.08881100
v -0.09893500 0.02638700 0.08881100
v -0.09893500 0.02638700 0.08881100
v -0.09908400 0.02626500 0.08923900
v -0.09908400 0.02626500 0.08923900
v -0.09917000 0.02595300 0.08957800
v -0.09917000 0.02595300 0.08957800
v -0.09917400 0.02551800 0.08975400
v -0.09917400 0.02551800 0.08975400
v -0.09917400 0.02551800 0.08975400
v -0.09917400 0.02551800 0.08975400
v -0.09893600 0.02554700 0.08984400
v -0.09893600 0.02554700 0.08984400
v -0.09869600 0.02557900 0.08992600
v -0.09869600 0.02557900 0.08992600
v -0.09868200 0.02640500 0.08913100
v -0.09875000 0.02631000 0.08936900
v -0.09879800 0.02615400 0.08957800
v -0.09882000 0.02600700 0.08970500
v -0.10294500 0.02503600 0.08598500
v -0.10294500 0.02503600 0.08598500
v -0.10205100 0.02516300 0.08757800
v -0.10205100 0.02516300 0.08757800
v -0.10076100 0.02532800 0.08886400
v -0.10076100 0.02532800 0.08886400
v -0.10029000 0.02618100 0.08805700
v -0.10029000 0.02618100 0.08805700
v -0.10139400 0.02600100 0.08696500
v -0.10139400 0.02600100 0.08696500
v -0.10216000 0.02586200 0.08560900
v -0.10216000 0.02586200 0.08560900
v -0.10006000 0.02583900 0.08913400
v -0.10102300 0.02570700 0.08843800
v -0.10070200 0.02610000 0.08798900
v -0.10295900 0.02540600 0.08546100
v -0.10285400 0.02554300 0.08541900
v -0.10247800 0.02579000 0.08528400
v -0.10244800 0.02549400 0.08666700
v -0.10235400 0.02563300 0.08660000
v -0.10200800 0.02588100 0.08638200
v -0.10184400 0.02558800 0.08757900
v -0.10176200 0.02572900 0.08749300
v -0.10145400 0.02597700 0.08721000
v -0.10001400 0.02598600 0.08901700
v -0.09982100 0.02623600 0.08861700
v -0.10095800 0.02585000 0.08833500
v -0.07866200 0.02928200 0.09249400
v -0.07866200 0.02928200 0.09249400
v -0.07866200 0.02928200 0.09249400
v -0.08112400 0.02893100 0.09206000
v -0.08112400 0.02893100 0.09206000
v -0.08112400 0.02893100 0.09206000
v -0.08112400 0.02893100 0.09206000
v -0.08678100 0.02811900 0.09086200
v -0.08678100 0.02811900 0.09086200
v -0.09239800 0.02730800 0.08949100
v -0.09239800 0.02730800 0.08949100
v -0.09797000 0.02649900 0.08794700
v -0.09797000 0.02649900 0.08794700
v -0.09797000 0.02649900 0.08794700
v -0.09952900 0.02626400 0.08714000
v -0.09952900 0.02626400 0.08714000
v -0.10050900 0.02610200 0.08606300
v -0.10050900 0.02610200 0.08606300
v -0.10099500 0.02601000 0.08507600
v -0.10099500 0.02601000 0.08507600
v -0.10122800 0.02595200 0.08400600
v -0.10122800 0.02595200 0.08400600
v -0.10122800 0.02595200 0.08400600
v -0.07909300 0.02561800 0.09494000
v -0.07909300 0.02561800 0.09494000
v -0.07909300 0.02561800 0.09494000
v -0.07909800 0.02536800 0.09496500
v -0.07909800 0.02536800 0.09496500
v -0.07910000 0.02511700 0.09498000
v -0.07910000 0.02511700 0.09498000
v -0.07910100 0.02486500 0.09498600
v -0.07910100 0.02486500 0.09498600
v -0.07910100 0.02486500 0.09498600
v -0.07910100 -0.02555700 0.09498600
v -0.07910100 -0.02555700 0.09498600
v -0.07910100 -0.02555700 0.09498600
v -0.07910000 -0.02580900 0.09498000
v -0.07910000 -0.02580900 0.09498000
v -0.07909800 -0.02606000 0.09496500
v -0.07909800 -0.02606000 0.09496500
v -0.07909300 -0.02631000 0.09494000
v -0.07909300 -0.02631000 0.09494000
v -0.07909300 -0.02631000 0.09494000
v -0.07903300 -0.02909000 0.09460100
v -0.07903300 -0.02909000 0.09460100
v -0.07903300 -0.02909000 0.09460100
v -0.07901500 -0.02943500 0.09449500
v -0.07901500 -0.02943500 0.09449500
v -0.07897600 -0.02972000 0.09427700
v -0.07897600 -0.02972000 0.09427700
v -0.07892300 -0.02990700 0.09397400
v -0.07892300 -0.02990700 0.09397400
v -0.07866200 -0.03562300 0.09249400
v -0.07866200 -0.03562300 0.09249400
v -0.07866200 -0.03562300 0.09249400
v -0.07863900 -0.03612300 0.09236200
v -0.07863900 -0.03612300 0.09236200
v -0.07857500 -0.03648900 0.09200200
v -0.07857500 -0.03648900 0.09200200
v -0.07848800 -0.03662300 0.09150900
v -0.07848800 -0.03662300 0.09150900
v -0.07848800 -0.03662300 0.09150900
v -0.07539800 -0.03662300 0.07398600
v -0.07539800 -0.03662300 0.07398600
v -0.07539800 -0.03662300 0.07398600
v -0.07539800 -0.02684600 0.07398600
v -0.07539800 -0.02684600 0.07398600
v -0.07539800 -0.02684600 0.07398600
v -0.07539800 0.02615400 0.07398600
v -0.07539800 0.02615400 0.07398600
v -0.07539800 0.02615400 0.07398600
v -0.07539800 0.03593100 0.07398600
v -0.07539800 0.03593100 0.07398600
v -0.07539800 0.03593100 0.07398600
v -0.07848800 0.03593100 0.09150900
v -0.07848800 0.03593100 0.09150900
v -0.07848800 0.03593100 0.09150900
v -0.07857500 0.03579700 0.09200200
v -0.07857500 0.03579700 0.09200200
v -0.07863900 0.03543100 0.09236200
v -0.07863900 0.03543100 0.09236200
v -0.07866200 0.03493100 0.09249400
v -0.07866200 0.03493100 0.09249400
v -0.07866200 0.03493100 0.09249400
v -0.09818200 0.02286500 0.09044100
v -0.09818200 0.02286500 0.09044100
v -0.09818200 0.02286500 0.09044100
v -0.09818200 0.02286500 0.09044100
v -0.08869600 0.02423900 0.09293700
v -0.08869600 0.02423900 0.09293700
v -0.08865200 0.02563900 0.09276900
v -0.10282800 -0.02637500 0.08412500
v -0.10282800 -0.02637500 0.08412500
v -0.10308500 -0.02619600 0.08415700
v -0.10308500 -0.02619600 0.08415700
v -0.10327300 -0.02594500 0.08418400
v -0.10327300 -0.02594500 0.08418400
v -0.10337300 -0.02564800 0.08420500
v -0.10337300 -0.02564800 0.08420500
v -0.10337300 -0.02564800 0.08420500
v -0.10337300 -0.02564800 0.08420500
v -0.10321400 -0.02605300 0.08405900
v -0.10309500 -0.02619200 0.08404300
v -0.10271800 -0.02642000 0.08400000
v -0.09908400 -0.02695700 0.08923900
v -0.09908400 -0.02695700 0.08923900
v -0.09917000 -0.02664500 0.08957800
v -0.09917000 -0.02664500 0.08957800
v -0.09917400 -0.02621000 0.08975400
v -0.09917400 -0.02621000 0.08975400
v -0.09917400 -0.02621000 0.08975400
v -0.09917400 -0.02621000 0.08975400
v -0.10075900 -0.02602000 0.08886200
v -0.10075900 -0.02602000 0.08886200
v -0.10205100 -0.02585500 0.08757800
v -0.10205100 -0.02585500 0.08757800
v -0.10294700 -0.02572700 0.08598700
v -0.10294700 -0.02572700 0.08598700
v -0.10256300 -0.02646300 0.08498800
v -0.10294500 -0.02621600 0.08510000
v -0.10305200 -0.02608000 0.08513600
v -0.10164000 -0.02663800 0.08696500
v -0.10196100 -0.02638900 0.08722900
v -0.10204700 -0.02624900 0.08730900
v -0.10100700 -0.02674300 0.08770300
v -0.10128500 -0.02649300 0.08802700
v -0.10135700 -0.02635100 0.08812300
v -0.10007400 -0.02688900 0.08845900
v -0.10028500 -0.02663900 0.08884600
v -0.10033600 -0.02649400 0.08895900
v -0.09840700 -0.02705500 0.08947300
v -0.09840700 -0.02705500 0.08947300
v -0.09846400 -0.02674200 0.08982300
v -0.09846400 -0.02674200 0.08982300
v -0.09845300 -0.02630500 0.09000100
v -0.09845300 -0.02630500 0.09000100
v -0.09845300 -0.02630500 0.09000100
v -0.09845300 -0.02630500 0.09000100
v -0.09869600 -0.02627100 0.08992600
v -0.09869600 -0.02627100 0.08992600
v -0.09893600 -0.02623900 0.08984400
v -0.09893600 -0.02623900 0.08984400
v -0.09882000 -0.02669900 0.08970400
v -0.09879900 -0.02684600 0.08957800
v -0.09875000 -0.02700100 0.08936900
v -0.09868300 -0.02709700 0.08913000
v -0.08880400 -0.02769500 0.09255700
v -0.08880400 -0.02769500 0.09255700
v -0.09363800 -0.02744800 0.09116500
v -0.08387700 -0.02885200 0.09347600
v -0.08387100 -0.02899900 0.09334600
v -0.08384800 -0.02915400 0.09312800
v -0.08380900 -0.02924700 0.09288000
v -0.09362500 -0.02759600 0.09103600
v -0.09359100 -0.02775000 0.09082200
v -0.09354000 -0.02784400 0.09057800
v -0.08869300 -0.02854400 0.09179200
v -0.08874800 -0.02844900 0.09203600
v -0.08878800 -0.02829300 0.09225000
v -0.08880500 -0.02814500 0.09237800
v -0.08865400 -0.02418700 0.09299400
v -0.08865400 -0.02418700 0.09299400
v -0.09809300 -0.02282100 0.09051500
v -0.09809300 -0.02282100 0.09051500
v -0.09809300 -0.02282100 0.09051500
v -0.09812600 -0.02306700 0.09050000
v -0.09812600 -0.02306700 0.09050000
v -0.09815500 -0.02331200 0.09047600
v -0.09815500 -0.02331200 0.09047600
v -0.09818200 -0.02355700 0.09044100
v -0.09818200 -0.02355700 0.09044100
v -0.09818200 -0.02355700 0.09044100
v -0.09818200 -0.02355700 0.09044100
v -0.08869600 -0.02493100 0.09293700
v -0.08869600 -0.02493100 0.09293700
v -0.08867800 -0.02455900 0.09297700
v -0.09880800 -0.02269000 0.09030600
v -0.09880800 -0.02269000 0.09030600
v -0.09880800 -0.02269000 0.09030600
v -0.09886100 -0.02295300 0.09028400
v -0.09886100 -0.02295300 0.09028400
v -0.09891100 -0.02321600 0.09025000
v -0.09891100 -0.02321600 0.09025000
v -0.09895800 -0.02347700 0.09020500
v -0.09895800 -0.02347700 0.09020500
v -0.09895800 -0.02347700 0.09020500
v -0.09895800 -0.02347700 0.09020500
v -0.09851400 -0.02313600 0.09038000
v -0.10387900 -0.02268500 0.08436000
v -0.10387900 -0.02268500 0.08436000
v -0.10387900 -0.02268500 0.08436000
v -0.10387900 -0.02268500 0.08436000
v -0.10332700 -0.02281600 0.08634800
v -0.10332700 -0.02281600 0.08634800
v -0.10236700 -0.02299500 0.08790600
v -0.10236700 -0.02299500 0.08790600
v -0.10117300 -0.02319900 0.08906100
v -0.10117300 -0.02319900 0.08906100
v -0.09983100 -0.02341500 0.08986300
v -0.09983100 -0.02341500 0.08986300
v -0.09983100 -0.02341500 0.08986300
v -0.09955000 -0.02314100 0.09002400
v -0.09955000 -0.02314100 0.09002400
v -0.09925700 -0.02286500 0.09015800
v -0.09925700 -0.02286500 0.09015800
v -0.09895300 -0.02258700 0.09026300
v -0.09895300 -0.02258700 0.09026300
v -0.09895300 -0.02258700 0.09026300
v -0.09895300 -0.02258700 0.09026300
v -0.10050600 -0.02238400 0.08959600
v -0.10050600 -0.02238400 0.08959600
v -0.10195800 -0.02220000 0.08847900
v -0.10195800 -0.02220000 0.08847900
v -0.10317800 -0.02204300 0.08684000
v -0.10317800 -0.02204300 0.08684000
v -0.10392500 -0.02193300 0.08464100
v -0.10392500 -0.02193300 0.08464100
v -0.10392500 -0.02193300 0.08464100
v -0.10343400 -0.02240200 0.08623900
v -0.10313500 -0.02245200 0.08686100
v -0.10198400 -0.02262700 0.08841600
v -0.10061500 -0.02282700 0.08950700
v -0.10394300 -0.02192900 0.08452300
v -0.10394300 -0.02192900 0.08452300
v -0.10395900 -0.02192700 0.08440500
v -0.10395900 -0.02192700 0.08440500
v -0.10397300 -0.02192500 0.08428700
v -0.10397300 -0.02192500 0.08428700
v -0.10397300 -0.02192500 0.08428700
v -0.10396100 -0.02217400 0.08423600
v -0.10396100 -0.02217400 0.08423600
v -0.10393800 -0.02242300 0.08418400
v -0.10393800 -0.02242300 0.08418400
v -0.10390400 -0.02267000 0.08413000
v -0.10390400 -0.02267000 0.08413000
v -0.10390400 -0.02267000 0.08413000
v -0.10390400 -0.02267000 0.08413000
v -0.10389700 -0.02267600 0.08420700
v -0.10389700 -0.02267600 0.08420700
v -0.10388800 -0.02268100 0.08428300
v -0.10388800 -0.02268100 0.08428300
v -0.10393400 -0.02230400 0.08435800
v -0.09888800 -0.02265000 0.09028300
v -0.09888800 -0.02265000 0.09028300
v -0.09911300 -0.02306600 0.09019600
v -0.10422400 -0.02253700 0.08056200
v -0.10422400 -0.02253700 0.08056200
v -0.10390700 -0.02266800 0.08411000
v -0.10390700 -0.02266800 0.08411000
v -0.10390700 -0.02266800 0.08411000
v -0.10394400 -0.02242100 0.08412200
v -0.10394400 -0.02242100 0.08412200
v -0.10397000 -0.02217400 0.08413400
v -0.10397000 -0.02217400 0.08413400
v -0.10398700 -0.02192500 0.08414400
v -0.10398700 -0.02192500 0.08414400
v -0.10398700 -0.02192500 0.08414400
v -0.10398700 -0.02192500 0.08414400
v -0.10411700 -0.02223200 0.08234900
v -0.10395500 -0.02229700 0.08416900
v -0.08866300 -0.02632900 0.09276700
v -0.09869100 -0.02488200 0.09010700
v -0.10147800 -0.02454000 0.08852500
v -0.10295000 -0.02430400 0.08657100
v -0.10342700 -0.02421500 0.08532800
v -0.10224900 -0.02442000 0.08768700
v -0.10034100 -0.02471200 0.08937500
v -0.10363900 -0.02415900 0.08416800
v -0.10403800 -0.02399500 0.07971800
v -0.10398700 0.02123300 0.08414400
v -0.10398700 0.02123300 0.08414400
v -0.10398700 0.02123300 0.08414400
v -0.10398700 0.02123300 0.08414400
v -0.10397000 0.02148200 0.08413400
v -0.10397000 0.02148200 0.08413400
v -0.10394400 0.02172900 0.08412200
v -0.10394400 0.02172900 0.08412200
v -0.10390700 0.02197600 0.08411000
v -0.10390700 0.02197600 0.08411000
v -0.10390700 0.02197600 0.08411000
v -0.10422400 0.02184500 0.08056200
v -0.10422400 0.02184500 0.08056200
v -0.10411700 0.02154000 0.08234900
v -0.10392500 0.02124100 0.08464100
v -0.10392500 0.02124100 0.08464100
v -0.10392500 0.02124100 0.08464100
v -0.10317800 0.02135100 0.08684000
v -0.10317800 0.02135100 0.08684000
v -0.10195800 0.02150800 0.08847900
v -0.10195800 0.02150800 0.08847900
v -0.10050600 0.02169200 0.08959600
v -0.10050600 0.02169200 0.08959600
v -0.09895300 0.02189500 0.09026300
v -0.09895300 0.02189500 0.09026300
v -0.09895300 0.02189500 0.09026300
v -0.09895300 0.02189500 0.09026300
v -0.09925700 0.02217300 0.09015800
v -0.09925700 0.02217300 0.09015800
v -0.09955000 0.02244900 0.09002400
v -0.09955000 0.02244900 0.09002400
v -0.09983100 0.02272300 0.08986300
v -0.09983100 0.02272300 0.08986300
v -0.09983100 0.02272300 0.08986300
v -0.10117300 0.02250700 0.08906100
v -0.10117300 0.02250700 0.08906100
v -0.10236700 0.02230300 0.08790600
v -0.10236700 0.02230300 0.08790600
v -0.10332700 0.02212400 0.08634800
v -0.10332700 0.02212400 0.08634800
v -0.10387900 0.02199300 0.08436000
v -0.10387900 0.02199300 0.08436000
v -0.10387900 0.02199300 0.08436000
v -0.10387900 0.02199300 0.08436000
v -0.10157000 0.02199600 0.08880700
v -0.10271500 0.02182500 0.08753800
v -0.10358700 0.02168400 0.08584500
v -0.10105800 0.02207100 0.08921200
v -0.10388800 0.02198900 0.08428300
v -0.10388800 0.02198900 0.08428300
v -0.10389700 0.02198400 0.08420700
v -0.10389700 0.02198400 0.08420700
v -0.10390400 0.02197800 0.08413000
v -0.10390400 0.02197800 0.08413000
v -0.10390400 0.02197800 0.08413000
v -0.10390400 0.02197800 0.08413000
v -0.10393800 0.02173100 0.08418400
v -0.10393800 0.02173100 0.08418400
v -0.10396100 0.02148200 0.08423600
v -0.10396100 0.02148200 0.08423600
v -0.10397300 0.02123300 0.08428700
v -0.10397300 0.02123300 0.08428700
v -0.10397300 0.02123300 0.08428700
v -0.10395900 0.02123500 0.08440500
v -0.10395900 0.02123500 0.08440500
v -0.10394300 0.02123700 0.08452300
v -0.10394300 0.02123700 0.08452300
v -0.10393500 0.02161200 0.08435700
v -0.10395500 0.02160500 0.08416900
v -0.09809300 0.02212900 0.09051500
v -0.09809300 0.02212900 0.09051500
v -0.09809300 0.02212900 0.09051500
v -0.09812600 0.02237500 0.09050000
v -0.09812600 0.02237500 0.09050000
v -0.09815500 0.02262000 0.09047600
v -0.09815500 0.02262000 0.09047600
v -0.09895800 0.02278500 0.09020500
v -0.09895800 0.02278500 0.09020500
v -0.09895800 0.02278500 0.09020500
v -0.09895800 0.02278500 0.09020500
v -0.09891100 0.02252400 0.09025000
v -0.09891100 0.02252400 0.09025000
v -0.09886100 0.02226100 0.09028400
v -0.09886100 0.02226100 0.09028400
v -0.09880800 0.02199800 0.09030600
v -0.09880800 0.02199800 0.09030600
v -0.09880800 0.02199800 0.09030600
v -0.09851200 0.02244400 0.09038000
v -0.08865500 0.02349500 0.09299400
v -0.08865500 0.02349500 0.09299400
v -0.08867800 0.02386700 0.09297700
v -0.09888800 0.02195800 0.09028300
v -0.09888800 0.02195800 0.09028300
v -0.09907900 0.02237800 0.09020800
v -0.10403800 0.02330300 0.07971800
v -0.10363900 0.02346700 0.08416800
v -0.10003900 0.02406400 0.08954700
v -0.10110000 0.02390600 0.08885200
v -0.10331400 0.02354500 0.08569200
v -0.10271700 0.02365100 0.08699300
v -0.10202200 0.02376400 0.08796500
v -0.09869200 0.02419000 0.09010600
v -0.10439500 -0.01114000 0.08402600
v -0.10439500 -0.01114000 0.08402600
v -0.10453100 -0.00034600 0.08398700
v -0.10453100 -0.00034600 0.08398700
v -0.10439500 0.01044800 0.08402600
v -0.10439500 0.01044800 0.08402600
v -0.10442300 -0.01114000 0.08370300
v -0.10455500 -0.00034600 0.08371500
v -0.10442300 0.01044800 0.08370300
v -0.09902000 -0.02133000 0.09024300
v -0.09902000 -0.02133000 0.09024300
v -0.09908300 -0.02007200 0.09022500
v -0.09908300 -0.02007200 0.09022500
v -0.09914300 -0.01881500 0.09020700
v -0.09914300 -0.01881500 0.09020700
v -0.09914300 -0.01881500 0.09020700
v -0.09914300 -0.01881500 0.09020700
v -0.10032600 -0.01855100 0.08973700
v -0.10032600 -0.01855100 0.08973700
v -0.10136600 -0.01814100 0.08909900
v -0.10136600 -0.01814100 0.08909900
v -0.10223200 -0.01762800 0.08835300
v -0.10223200 -0.01762800 0.08835300
v -0.10317900 -0.01677700 0.08717300
v -0.10317900 -0.01677700 0.08717300
v -0.10317900 -0.01677700 0.08717300
v -0.10339900 -0.01578100 0.08684700
v -0.10339900 -0.01578100 0.08684700
v -0.10339900 -0.01578100 0.08684700
v -0.10367800 -0.00034600 0.08676400
v -0.10367800 -0.00034600 0.08676400
v -0.10339900 0.01508800 0.08684700
v -0.10339900 0.01508800 0.08684700
v -0.10339900 0.01508800 0.08684700
v -0.10317900 0.01608500 0.08717200
v -0.10317900 0.01608500 0.08717200
v -0.10317900 0.01608500 0.08717200
v -0.10223200 0.01693600 0.08835300
v -0.10223200 0.01693600 0.08835300
v -0.10136600 0.01744900 0.08909900
v -0.10136600 0.01744900 0.08909900
v -0.10032600 0.01785900 0.08973700
v -0.10032600 0.01785900 0.08973700
v -0.09914300 0.01812300 0.09020700
v -0.09914300 0.01812300 0.09020700
v -0.09914300 0.01812300 0.09020700
v -0.09914300 0.01812300 0.09020700
v -0.09908300 0.01938000 0.09022500
v -0.09908300 0.01938000 0.09022500
v -0.09902000 0.02063800 0.09024300
v -0.09902000 0.02063800 0.09024300
v -0.10364000 0.00811500 0.08670400
v -0.10426200 0.00531600 0.08525900
v -0.10368800 -0.00595900 0.08668900
v -0.10357600 -0.01159500 0.08672300
v -0.10415100 -0.01162200 0.08529200
v -0.10430000 -0.00034600 0.08524800
v -0.10372500 -0.00034600 0.08667800
v -0.10368700 0.00530300 0.08668900
v -0.10415000 0.01095400 0.08529200
v -0.10357500 0.01092700 0.08672300
v -0.10421600 0.00813500 0.08527300
v -0.10426300 -0.00597200 0.08525900
v -0.09125800 0.01931800 0.09236200
v -0.09125800 0.01931800 0.09236200
v -0.08328800 0.02019000 0.09417600
v -0.08328800 0.02019000 0.09417600
v -0.08328800 0.02019000 0.09417600
v -0.08242900 0.02017900 0.09435000
v -0.08242900 0.02017900 0.09435000
v -0.08160300 0.01992400 0.09451300
v -0.08160300 0.01992400 0.09451300
v -0.08125900 0.01966500 0.09458100
v -0.08125900 0.01966500 0.09458100
v -0.08099700 0.01931800 0.09463100
v -0.08099700 0.01931800 0.09463100
v -0.08079900 0.01847400 0.09466900
v -0.08079900 0.01847400 0.09466900
v -0.08079900 0.01847400 0.09466900
v -0.08079900 -0.01916600 0.09466900
v -0.08079900 -0.01916600 0.09466900
v -0.08079900 -0.01916600 0.09466900
v -0.08099700 -0.02001700 0.09463100
v -0.08099700 -0.02001700 0.09463100
v -0.08125700 -0.02036000 0.09458100
v -0.08125700 -0.02036000 0.09458100
v -0.08160600 -0.02061700 0.09451300
v -0.08160600 -0.02061700 0.09451300
v -0.08242400 -0.02087700 0.09435100
v -0.08242400 -0.02087700 0.09435100
v -0.08328800 -0.02088200 0.09417600
v -0.08328800 -0.02088200 0.09417600
v -0.08328800 -0.02088200 0.09417600
v -0.09125800 -0.02001000 0.09236200
v -0.09125800 -0.02001000 0.09236200
v -0.10310700 0.01487300 0.08693500
v -0.10310700 0.01487300 0.08693500
v -0.10276400 0.01475800 0.08703700
v -0.10276400 0.01475800 0.08703700
v -0.10240900 0.01473500 0.08714300
v -0.10240900 0.01473500 0.08714300
v -0.10205300 0.01477500 0.08725000
v -0.10205300 0.01477500 0.08725000
v -0.10205300 0.01477500 0.08725000
v -0.10210800 0.01504500 0.08727400
v -0.10210800 0.01504500 0.08727400
v -0.10218100 0.01529500 0.08736900
v -0.10218100 0.01529500 0.08736900
v -0.10226600 0.01550500 0.08752900
v -0.10226600 0.01550500 0.08752900
v -0.10226600 0.01550500 0.08752900
v -0.10226600 0.01550500 0.08752900
v -0.10267000 0.01536900 0.08729700
v -0.10267000 0.01536900 0.08729700
v -0.10285300 0.01536500 0.08720300
v -0.10285300 0.01536500 0.08720300
v -0.10300800 0.01541500 0.08713500
v -0.10300800 0.01541500 0.08713500
v -0.10312200 0.01552300 0.08709900
v -0.10312200 0.01552300 0.08709900
v -0.10318600 0.01568200 0.08709800
v -0.10318600 0.01568200 0.08709800
v -0.10318000 0.01526200 0.08696000
v -0.10272600 0.01509100 0.08711100
v -0.10257500 0.01509300 0.08716400
v -0.08385000 0.01798400 0.09269400
v -0.08385000 0.01798400 0.09269400
v -0.08385000 0.01798400 0.09269400
v -0.08390500 0.01825500 0.09271800
v -0.08390500 0.01825500 0.09271800
v -0.08397700 0.01850500 0.09281300
v -0.08397700 0.01850500 0.09281300
v -0.08406200 0.01871500 0.09297400
v -0.08406200 0.01871500 0.09297400
v -0.08406200 0.01871500 0.09297400
v -0.08406200 0.01871500 0.09297400
v -0.09000700 0.01731400 0.09094200
v -0.09607500 0.01624400 0.08912700
v -0.08290500 0.01751000 0.09297600
v -0.08290500 0.01751000 0.09297600
v -0.08290500 0.01751000 0.09297600
v -0.08275200 0.01751000 0.09303600
v -0.08275200 0.01751000 0.09303600
v -0.08261000 0.01751000 0.09312100
v -0.08261000 0.01751000 0.09312100
v -0.08248500 0.01751000 0.09322700
v -0.08248500 0.01751000 0.09322700
v -0.08248500 0.01751000 0.09322700
v -0.08248500 0.01751000 0.09322700
v -0.08266000 0.01798100 0.09314200
v -0.08266000 0.01798100 0.09314200
v -0.08299700 0.01835300 0.09306800
v -0.08299700 0.01835300 0.09306800
v -0.08347500 0.01860300 0.09301100
v -0.08347500 0.01860300 0.09301100
v -0.08345700 0.01801000 0.09281100
v -0.08345700 0.01801000 0.09281100
v -0.08315700 0.01793500 0.09290100
v -0.08315700 0.01793500 0.09290100
v -0.08304800 0.01786100 0.09293400
v -0.08304800 0.01786100 0.09293400
v -0.08296900 0.01776500 0.09295700
v -0.08296900 0.01776500 0.09295700
v -0.08292100 0.01764700 0.09297200
v -0.08292100 0.01764700 0.09297200
v -0.08274400 0.01774000 0.09304800
v -0.08306900 0.01814400 0.09295700
v -0.08329000 0.01826000 0.09290200
v -0.08290500 -0.01820200 0.09297600
v -0.08290500 -0.01820200 0.09297600
v -0.08290500 -0.01820200 0.09297600
v -0.08275200 -0.01820200 0.09303600
v -0.08275200 -0.01820200 0.09303600
v -0.08261000 -0.01820200 0.09312100
v -0.08261000 -0.01820200 0.09312100
v -0.08248500 -0.01820200 0.09322700
v -0.08248500 -0.01820200 0.09322700
v -0.08248500 -0.01820200 0.09322700
v -0.08248500 -0.01820200 0.09322700
v -0.08385000 -0.01867600 0.09269400
v -0.08385000 -0.01867600 0.09269400
v -0.08385000 -0.01867600 0.09269400
v -0.08390500 -0.01894700 0.09271800
v -0.08390500 -0.01894700 0.09271800
v -0.08397700 -0.01919700 0.09281300
v -0.08397700 -0.01919700 0.09281300
v -0.08406200 -0.01940700 0.09297400
v -0.08406200 -0.01940700 0.09297400
v -0.08406200 -0.01940700 0.09297400
v -0.08406200 -0.01940700 0.09297400
v -0.08347500 -0.01929500 0.09301100
v -0.08347500 -0.01929500 0.09301100
v -0.08299700 -0.01904500 0.09306800
v -0.08299700 -0.01904500 0.09306800
v -0.08266000 -0.01867300 0.09314200
v -0.08266000 -0.01867300 0.09314200
v -0.08292100 -0.01833900 0.09297200
v -0.08292100 -0.01833900 0.09297200
v -0.08296900 -0.01845700 0.09295700
v -0.08296900 -0.01845700 0.09295700
v -0.08304800 -0.01855300 0.09293400
v -0.08304800 -0.01855300 0.09293400
v -0.08315700 -0.01862700 0.09290100
v -0.08315700 -0.01862700 0.09290100
v -0.08345700 -0.01870200 0.09281100
v -0.08345700 -0.01870200 0.09281100
v -0.08321700 -0.01892100 0.09292000
v -0.08285400 -0.01863000 0.09301400
v -0.10205300 -0.01546600 0.08725000
v -0.10205300 -0.01546600 0.08725000
v -0.10205300 -0.01546600 0.08725000
v -0.10210800 -0.01573700 0.08727400
v -0.10210800 -0.01573700 0.08727400
v -0.10218100 -0.01598700 0.08736900
v -0.10218100 -0.01598700 0.08736900
v -0.10226600 -0.01619700 0.08753000
v -0.10226600 -0.01619700 0.08753000
v -0.10226600 -0.01619700 0.08753000
v -0.10226600 -0.01619700 0.08753000
v -0.09607500 -0.01693600 0.08912700
v -0.09000700 -0.01800600 0.09094200
v -0.10319000 -0.01637600 0.08709600
v -0.10319000 -0.01637600 0.08709600
v -0.10312300 -0.01621800 0.08709900
v -0.10312300 -0.01621800 0.08709900
v -0.10300800 -0.01610800 0.08713500
v -0.10300800 -0.01610800 0.08713500
v -0.10285400 -0.01605700 0.08720300
v -0.10285400 -0.01605700 0.08720300
v -0.10267100 -0.01606400 0.08729700
v -0.10267100 -0.01606400 0.08729700
v -0.10240900 -0.01542800 0.08714300
v -0.10240900 -0.01542800 0.08714300
v -0.10276600 -0.01545300 0.08703700
v -0.10276600 -0.01545300 0.08703700
v -0.10310700 -0.01556300 0.08693500
v -0.10310700 -0.01556300 0.08693500
v -0.10321500 -0.01599000 0.08695000
v -0.10336100 -0.01621600 0.08691000
v -0.10300000 -0.01584200 0.08701800
v -0.10164700 0.01613500 0.08827600
v -0.10164700 0.01613500 0.08827600
v -0.10088200 0.01668000 0.08894700
v -0.10088200 0.01668000 0.08894700
v -0.09997100 0.01711200 0.08951200
v -0.09997100 0.01711200 0.08951200
v -0.09893200 0.01739200 0.08992700
v -0.09893200 0.01739200 0.08992700
v -0.09893200 0.01739200 0.08992700
v -0.09901700 0.01760200 0.09008700
v -0.09901700 0.01760200 0.09008700
v -0.09908800 0.01785200 0.09018300
v -0.09908800 0.01785200 0.09018300
v -0.10174300 0.01623500 0.08835500
v -0.10200700 0.01647800 0.08841200
v -0.10210100 0.01659900 0.08840500
v -0.10051000 0.01700500 0.08932400
v -0.10069000 0.01725000 0.08942900
v -0.10075700 0.01736700 0.08944700
v -0.08316200 0.01945900 0.09387400
v -0.08316200 0.01945900 0.09387400
v -0.08316200 0.01945900 0.09387400
v -0.08316200 0.01945900 0.09387400
v -0.08321400 0.01967000 0.09404100
v -0.08321400 0.01967000 0.09404100
v -0.08325800 0.01992000 0.09414400
v -0.08325800 0.01992000 0.09414400
v -0.09108900 0.01858700 0.09207000
v -0.09108900 0.01858700 0.09207000
v -0.09118300 0.01889800 0.09228200
v -0.08236700 0.01955800 0.09414900
v -0.08236700 0.01955800 0.09414900
v -0.08199200 0.01951700 0.09427000
v -0.08199200 0.01951700 0.09427000
v -0.08166900 0.01938900 0.09436400
v -0.08166900 0.01938900 0.09436400
v -0.08143400 0.01915700 0.09441900
v -0.08143400 0.01915700 0.09441900
v -0.08131500 0.01884000 0.09443000
v -0.08131500 0.01884000 0.09443000
v -0.08131800 0.01847400 0.09439400
v -0.08131800 0.01847400 0.09439400
v -0.08131800 0.01847400 0.09439400
v -0.08131800 0.01847400 0.09439400
v -0.08116500 0.01847400 0.09452000
v -0.08116500 0.01847400 0.09452000
v -0.08098900 0.01847400 0.09461300
v -0.08098900 0.01847400 0.09461300
v -0.08183900 0.01974400 0.09442800
v -0.08154000 0.01958900 0.09449300
v -0.08108400 0.01886200 0.09458000
v -0.08131800 -0.01916600 0.09439400
v -0.08131800 -0.01916600 0.09439400
v -0.08131800 -0.01916600 0.09439400
v -0.08131800 -0.01916600 0.09439400
v -0.08116500 -0.01916600 0.09452000
v -0.08116500 -0.01916600 0.09452000
v -0.08098900 -0.01916600 0.09461300
v -0.08098900 -0.01916600 0.09461300
v -0.08107900 -0.01289300 0.09457000
v -0.08107900 -0.00661900 0.09457000
v -0.08107900 -0.00034600 0.09457000
v -0.08107900 0.00592700 0.09457000
v -0.08107900 0.01220100 0.09457000
v -0.08131200 -0.01949000 0.09442600
v -0.08131200 -0.01949000 0.09442600
v -0.08139100 -0.01978100 0.09442700
v -0.08139100 -0.01978100 0.09442700
v -0.08156700 -0.02000700 0.09439000
v -0.08156700 -0.02000700 0.09439000
v -0.08182300 -0.02015900 0.09432000
v -0.08182300 -0.02015900 0.09432000
v -0.08246000 -0.02025400 0.09411900
v -0.08246000 -0.02025400 0.09411900
v -0.08316200 -0.02015100 0.09387400
v -0.08316200 -0.02015100 0.09387400
v -0.08316200 -0.02015100 0.09387400
v -0.08316200 -0.02015100 0.09387400
v -0.08321400 -0.02036200 0.09404100
v -0.08321400 -0.02036200 0.09404100
v -0.08325800 -0.02061200 0.09414400
v -0.08325800 -0.02061200 0.09414400
v -0.08120600 -0.01991100 0.09456000
v -0.08174800 -0.02039900 0.09444800
v -0.09893200 -0.01808400 0.08992700
v -0.09893200 -0.01808400 0.08992700
v -0.09893200 -0.01808400 0.08992700
v -0.09901700 -0.01829400 0.09008700
v -0.09901700 -0.01829400 0.09008700
v -0.09908800 -0.01854400 0.09018300
v -0.09908800 -0.01854400 0.09018300
v -0.09108900 -0.01927900 0.09207000
v -0.09108900 -0.01927900 0.09207000
v -0.09118300 -0.01959000 0.09228200
v -0.09997100 -0.01780400 0.08951200
v -0.09997100 -0.01780400 0.08951200
v -0.10088200 -0.01737200 0.08894700
v -0.10088200 -0.01737200 0.08894700
v -0.10164700 -0.01682700 0.08827600
v -0.10164700 -0.01682700 0.08827600
v -0.09976600 -0.01839100 0.08994300
v -0.10197200 -0.01738600 0.08852900
v -0.10112400 -0.01736800 0.08890100
v -0.10188000 -0.01726600 0.08853400
v -0.10162400 -0.01702200 0.08847100
v -0.09972100 -0.01827600 0.08991300
v -0.09959800 -0.01803100 0.08978500
v -0.10134500 -0.01761300 0.08898500
v -0.10142600 -0.01773200 0.08899200
v -0.12604400 0.02061200 0.05720700
v -0.12604400 0.02061200 0.05720700
v -0.12604400 0.02061200 0.05720700
v -0.12598400 0.02072000 0.05720700
v -0.12598400 0.02072000 0.05720700
v -0.12592900 0.02083200 0.05720700
v -0.12592900 0.02083200 0.05720700
v -0.12684800 0.01925200 0.05720700
v -0.12684800 0.01925200 0.05720700
v -0.12684800 0.01925200 0.05720700
v -0.12704300 0.01884500 0.05720700
v -0.12704300 0.01884500 0.05720700
v -0.12716200 0.01841100 0.05720700
v -0.12716200 0.01841100 0.05720700
v -0.12592900 -0.02152400 0.05720700
v -0.12592900 -0.02152400 0.05720700
v -0.12598400 -0.02141200 0.05720700
v -0.12598400 -0.02141200 0.05720700
v -0.12604400 -0.02130400 0.05720700
v -0.12604400 -0.02130400 0.05720700
v -0.12604400 -0.02130400 0.05720700
v -0.12684800 -0.01994400 0.05720700
v -0.12684800 -0.01994400 0.05720700
v -0.12684800 -0.01994400 0.05720700
v -0.12704300 -0.01953700 0.05720700
v -0.12704300 -0.01953700 0.05720700
v -0.12716200 -0.01910300 0.05720700
v -0.12716200 -0.01910300 0.05720700
v -0.08095000 0.03593100 0.09107500
v -0.08095000 0.03593100 0.09107500
v -0.08095000 0.03593100 0.09107500
v -0.08103700 0.03579700 0.09156700
v -0.08103700 0.03579700 0.09156700
v -0.08110100 0.03543100 0.09192800
v -0.08110100 0.03543100 0.09192800
v -0.08112400 0.03493100 0.09206000
v -0.08112400 0.03493100 0.09206000
v -0.08112400 0.03493100 0.09206000
v -0.07910100 0.02615400 0.08058900
v -0.07910100 0.02615400 0.08058900
v -0.07910100 0.02615400 0.08058900
v -0.07910100 -0.02684600 0.08058900
v -0.07910100 -0.02684600 0.08058900
v -0.07910100 -0.02684600 0.08058900
v -0.08095000 -0.03662300 0.09107500
v -0.08095000 -0.03662300 0.09107500
v -0.08095000 -0.03662300 0.09107500
v -0.08103700 -0.03648900 0.09156700
v -0.08103700 -0.03648900 0.09156700
v -0.08110100 -0.03612300 0.09192800
v -0.08110100 -0.03612300 0.09192800
v -0.08112400 -0.03562300 0.09206000
v -0.08112400 -0.03562300 0.09206000
v -0.08112400 -0.03562300 0.09206000
v -0.01202000 0.02527500 0.08198600
v -0.01202000 0.02527500 0.08198600
v -0.01202000 0.02527500 0.08198600
v -0.01264100 0.02575200 0.08198600
v -0.01264100 0.02575200 0.08198600
v -0.01336400 0.02605200 0.08198600
v -0.01336400 0.02605200 0.08198600
v -0.01414100 0.02615400 0.08198600
v -0.01414100 0.02615400 0.08198600
v -0.01414100 0.02615400 0.08198600
v -0.00839800 0.02165400 0.08198600
v -0.00839800 0.02165400 0.08198600
v -0.00839800 0.02165400 0.08198600
v -0.01414100 -0.02684600 0.08198600
v -0.01414100 -0.02684600 0.08198600
v -0.01414100 -0.02684600 0.08198600
v -0.01336400 -0.02674400 0.08198600
v -0.01336400 -0.02674400 0.08198600
v -0.01264100 -0.02644400 0.08198600
v -0.01264100 -0.02644400 0.08198600
v -0.01202000 -0.02596700 0.08198600
v -0.01202000 -0.02596700 0.08198600
v -0.01202000 -0.02596700 0.08198600
v -0.00839800 -0.02234600 0.08198600
v -0.00839800 -0.02234600 0.08198600
v -0.00839800 -0.02234600 0.08198600
v -0.06039800 0.02615400 0.08198600
v -0.06039800 0.02615400 0.08198600
v -0.06039800 0.02615400 0.08198600
v -0.06039800 0.02615400 0.07398600
v -0.06039800 0.02615400 0.07398600
v -0.06039800 0.02615400 0.07398600
v -0.06039800 0.02165400 0.08198600
v -0.06039800 0.02165400 0.08198600
v -0.06039800 0.02165400 0.08198600
v -0.06039800 0.02165400 0.07398600
v -0.06039800 0.02165400 0.07398600
v -0.06039800 0.02165400 0.07398600
v -0.06039800 -0.02684600 0.08198600
v -0.06039800 -0.02684600 0.08198600
v -0.06039800 -0.02684600 0.08198600
v -0.06039800 -0.02684600 0.07398600
v -0.06039800 -0.02684600 0.07398600
v -0.06039800 -0.02684600 0.07398600
v -0.06039800 -0.02234600 0.07398600
v -0.06039800 -0.02234600 0.07398600
v -0.06039800 -0.02234600 0.07398600
v -0.06039800 -0.02234600 0.08198600
v -0.06039800 -0.02234600 0.08198600
v -0.06039800 -0.02234600 0.08198600
v -0.10183700 0.01281200 0.08382900
v -0.10183700 0.01281200 0.08382900
v -0.10204000 -0.00034600 0.08377000
v -0.10204000 -0.00034600 0.08377000
v -0.10183700 -0.01350400 0.08382900
v -0.10183700 -0.01350400 0.08382900
v -0.10193600 0.01282700 0.08268500
v -0.10213300 -0.00031000 0.08270200
v -0.10193800 -0.01348300 0.08268500
v -0.09831600 0.02053900 0.08784500
v -0.09831600 0.02053900 0.08784500
v -0.09857600 0.01457300 0.08776800
v -0.09857600 0.01457300 0.08776800
v -0.09882200 0.00413000 0.08769500
v -0.09882200 0.00413000 0.08769500
v -0.09880300 -0.00631700 0.08770100
v -0.09880300 -0.00631700 0.08770100
v -0.09851900 -0.01675900 0.08778500
v -0.09851900 -0.01675900 0.08778500
v -0.10183700 0.00646500 0.08459700
v -0.10037300 0.00643100 0.08685900
v -0.10042800 -0.00031800 0.08684300
v -0.10021000 0.01316400 0.08690800
v -0.10074600 0.01318600 0.08638400
v -0.10167500 0.01323200 0.08464500
v -0.10096300 -0.00032400 0.08631800
v -0.10189100 -0.00033900 0.08458100
v -0.10090800 0.00644200 0.08633500
v -0.10021200 -0.01381300 0.08690800
v -0.10074700 -0.01383500 0.08638300
v -0.10167600 -0.01388100 0.08464400
v -0.04714400 -0.03662300 0.07398600
v -0.04714400 -0.03662300 0.07398600
v -0.04714400 -0.03662300 0.07398600
v -0.04598100 -0.03658900 0.07398600
v -0.04598100 -0.03658900 0.07398600
v -0.04482200 -0.03648800 0.07398600
v -0.04482200 -0.03648800 0.07398600
v -0.04367100 -0.03631900 0.07398600
v -0.04367100 -0.03631900 0.07398600
v -0.04367100 -0.03631900 0.07398600
v -0.03612100 -0.03498800 0.07398600
v -0.03612100 -0.03498800 0.07398600
v -0.03612100 -0.03498800 0.07398600
v -0.03497000 -0.03481900 0.07398600
v -0.03497000 -0.03481900 0.07398600
v -0.03381100 -0.03471800 0.07398600
v -0.03381100 -0.03471800 0.07398600
v -0.03264900 -0.03468400 0.07398600
v -0.03264900 -0.03468400 0.07398600
v -0.03264900 -0.03468400 0.07398600
v -0.00489000 -0.03468400 0.07398600
v -0.00489000 -0.03468400 0.07398600
v -0.00489000 -0.03468400 0.07398600
v -0.00113500 -0.03420600 0.07398600
v -0.00113500 -0.03420600 0.07398600
v 0.00238200 -0.03280300 0.07398600
v 0.00238200 -0.03280300 0.07398600
v 0.00543500 -0.03056500 0.07398600
v 0.00543500 -0.03056500 0.07398600
v 0.00783000 -0.02763300 0.07398600
v 0.00783000 -0.02763300 0.07398600
v 0.00941500 -0.02419500 0.07398600
v 0.00941500 -0.02419500 0.07398600
v 0.01008900 -0.02046900 0.07398600
v 0.01008900 -0.02046900 0.07398600
v 0.01008900 -0.02046900 0.07398600
v 0.01086900 -0.00558000 0.07398600
v 0.01086900 -0.00558000 0.07398600
v 0.01086900 -0.00558000 0.07398600
v 0.01099100 -0.00209100 0.07398600
v 0.01099100 -0.00209100 0.07398600
v 0.01099100 0.00139900 0.07398600
v 0.01099100 0.00139900 0.07398600
v 0.01086900 0.00488800 0.07398600
v 0.01086900 0.00488800 0.07398600
v 0.01086900 0.00488800 0.07398600
v 0.01008900 0.01977700 0.07398600
v 0.01008900 0.01977700 0.07398600
v 0.01008900 0.01977700 0.07398600
v 0.00941500 0.02350300 0.07398600
v 0.00941500 0.02350300 0.07398600
v 0.00783000 0.02694100 0.07398600
v 0.00783000 0.02694100 0.07398600
v 0.00543500 0.02987300 0.07398600
v 0.00543500 0.02987300 0.07398600
v 0.00238200 0.03211100 0.07398600
v 0.00238200 0.03211100 0.07398600
v -0.00113500 0.03351400 0.07398600
v -0.00113500 0.03351400 0.07398600
v -0.00489000 0.03399200 0.07398600
v -0.00489000 0.03399200 0.07398600
v -0.00489000 0.03399200 0.07398600
v -0.03264900 0.03399200 0.07398600
v -0.03264900 0.03399200 0.07398600
v -0.03264900 0.03399200 0.07398600
v -0.03381100 0.03402600 0.07398600
v -0.03381100 0.03402600 0.07398600
v -0.03497000 0.03412700 0.07398600
v -0.03497000 0.03412700 0.07398600
v -0.03612100 0.03429600 0.07398600
v -0.03612100 0.03429600 0.07398600
v -0.03612100 0.03429600 0.07398600
v -0.04367100 0.03562700 0.07398600
v -0.04367100 0.03562700 0.07398600
v -0.04367100 0.03562700 0.07398600
v -0.04482200 0.03579600 0.07398600
v -0.04482200 0.03579600 0.07398600
v -0.04598100 0.03589700 0.07398600
v -0.04598100 0.03589700 0.07398600
v -0.04714400 0.03593100 0.07398600
v -0.04714400 0.03593100 0.07398600
v -0.04714400 0.03593100 0.07398600
v -0.03612100 0.03429600 0.07298600
v -0.03612100 0.03429600 0.07298600
v -0.03612100 0.03429600 0.07298600
v -0.03264900 0.03399200 0.07298600
v -0.03264900 0.03399200 0.07298600
v -0.03264900 0.03399200 0.07298600
v -0.03381100 0.03402600 0.07298600
v -0.03381100 0.03402600 0.07298600
v -0.03497000 0.03412700 0.07298600
v -0.03497000 0.03412700 0.07298600
v -0.00489000 0.03399200 0.07298600
v -0.00489000 0.03399200 0.07298600
v -0.00489000 0.03399200 0.07298600
v -0.00266000 0.03382500 0.07298600
v -0.00266000 0.03382500 0.07298600
v -0.00047800 0.03332900 0.07298600
v -0.00047800 0.03332900 0.07298600
vn -0.00000000 -0.00000000 -100.00000000
vn -0.00000000 99.98477000 -1.74524100
vn 100.00000000 0.00000000 -0.00000000
vn -0.00000000 -0.00000000 -100.00000000
vn -0.00000000 99.98477000 -1.74524100
vn 100.00000000 0.00000000 -0.00000000
vn -100.00000000 -0.00000000 -0.00000000
vn -0.00000000 -0.00000000 -100.00000000
vn -0.00000000 99.98477000 -1.74524100
vn -100.00000000 -0.00000000 -0.00000000
vn -0.00000000 99.98477000 -1.74524100
vn -0.00000000 -0.00000000 -100.00000000
vn -0.00000000 99.98477000 -1.74524100
vn -0.00000000 -0.00000000 -100.00000000
vn -0.00000000 99.98477000 -1.74524100
vn -38.03777100 92.47095600 -1.50009900
vn -0.00000000 -0.00000000 -100.00000000
vn -59.92574100 80.04638800 -1.21713100
vn -0.00000000 -0.00000000 -100.00000000
vn -0.00000000 -0.00000000 -100.00000000
vn -88.66821600 46.23477300 -0.54146700
vn -0.00000000 -0.00000000 -100.00000000
vn -98.55971500 16.91101700 0.00000000
vn -98.55971100 16.91104500 -0.00000000
vn -84.18064100 53.97795500 0.00000000
vn -0.00000000 -0.00000000 -100.00000000
vn -56.49500100 82.51251300 0.00000000
vn -0.00000000 -0.00000000 -100.00000000
vn -19.87910800 98.00418900 0.00000000
vn -0.00000000 -0.00000000 -100.00000000
vn -0.00000000 -0.00000000 -100.00000000
vn 19.87910800 98.00418900 -0.00000000
vn -0.00000000 -0.00000000 -100.00000000
vn 56.49500100 82.51251300 -0.00000000
vn -0.00000000 -0.00000000 -100.00000000
vn 84.18064100 53.97795500 -0.00000000
vn -0.00000000 -0.00000000 -100.00000000
vn 98.55971500 16.91101700 -0.00000000
vn 98.55971100 16.91104500 -0.00000000
vn 91.03154800 41.38906900 -0.44965200
vn -0.00000000 -0.00000000 -100.00000000
vn 68.33562000 73.00068400 -1.06922100
vn -0.00000000 -0.00000000 -100.00000000
vn -0.00000000 -0.00000000 -100.00000000
vn 42.94268100 90.29856800 -1.44730500
vn -0.00000000 99.98477000 -1.74524100
vn -0.00000000 99.98477000 -1.74524100
vn -0.00000000 -0.00000000 -100.00000000
vn -0.00000000 99.98477000 -1.74524100
vn -0.00000000 99.98477000 -1.74524100
vn -0.00000000 -0.00000000 -100.00000000
vn 28.00890200 95.97300700 -2.16411200
vn -0.00000000 -0.00000000 -100.00000000
vn 53.77494000 84.27603000 -2.40968900
vn -0.00000000 -0.00000000 -100.00000000
vn 75.23485200 65.83049500 -2.46230500
vn -0.00000000 -0.00000000 -100.00000000
vn 75.23485200 65.83049500 -2.46230500
vn -0.00000000 -0.00000000 -100.00000000
vn 75.23485200 65.83049500 -2.46230500
vn 75.23485200 65.83049500 -2.46230500
vn 88.71198900 46.09388500 -2.35304500
vn -0.00000000 -0.00000000 -100.00000000
vn 97.12208400 23.72448900 -2.10938500
vn -0.00000000 -0.00000000 -100.00000000
vn 99.98477000 0.00000000 -1.74524100
vn -0.00000000 -0.00000000 -100.00000000
vn 99.98477000 0.00000000 -1.74524100
vn -0.00000000 -0.00000000 -100.00000000
vn 99.98477000 -0.00000000 -1.74524100
vn 99.98477000 -0.00000000 -1.74524100
vn -0.00000000 -0.00000000 -100.00000000
vn 97.12208400 -23.72448900 -2.10938500
vn 88.71198900 -46.09388500 -2.35304500
vn -0.00000000 -0.00000000 -100.00000000
vn 75.23485200 -65.83049500 -2.46230500
vn 75.23485200 -65.83049500 -2.46230500
vn -0.00000000 -0.00000000 -100.00000000
vn 75.23485200 -65.83049500 -2.46230500
vn 75.23485200 -65.83049500 -2.46230500
vn -0.00000000 -0.00000000 -100.00000000
vn 53.77494000 -84.27603000 -2.40968900
vn -0.00000000 -0.00000000 -100.00000000
vn 28.00890200 -95.97300700 -2.16411200
vn -0.00000000 -0.00000000 -100.00000000
vn 0.00000000 -99.98477000 -1.74524100
vn 0.00000000 -99.98477000 -1.74524100
vn -0.00000000 -0.00000000 -100.00000000
vn 0.00000000 -99.98477000 -1.74524100
vn 0.00000000 -99.98477000 -1.74524100
vn -0.00000000 -0.00000000 -100.00000000
vn 38.03833400 -92.47072400 -1.50009400
vn -0.00000000 -0.00000000 -100.00000000
vn -0.00000000 -0.00000000 -100.00000000
vn 59.92587700 -80.04628600 -1.21712900
vn -0.00000000 -0.00000000 -100.00000000
vn 88.66788200 -46.23541400 -0.54147700
vn 98.55971500 -16.91101700 -0.00000000
vn -0.00000000 -0.00000000 -100.00000000
vn 98.55971100 -16.91104500 -0.00000000
vn 84.18064100 -53.97795500 -0.00000000
vn -0.00000000 -0.00000000 -100.00000000
vn -0.00000000 -0.00000000 -100.00000000
vn 56.49500100 -82.51251300 -0.00000000
vn 19.87910800 -98.00418900 -0.00000000
vn -0.00000000 -0.00000000 -100.00000000
vn -0.00000000 -0.00000000 -100.00000000
vn -19.87910800 -98.00418900 0.00000000
vn -0.00000000 -0.00000000 -100.00000000
vn -56.49500100 -82.51251300 0.00000000
vn -84.18064100 -53.97795500 0.00000000
vn -0.00000000 -0.00000000 -100.00000000
vn -0.00000000 -0.00000000 -100.00000000
vn -98.55971500 -16.91101700 0.00000000
vn -98.55971100 -16.91104500 -0.00000000
vn -91.03180800 -41.38849900 -0.44964300
vn -0.00000000 -0.00000000 -100.00000000
vn -68.33560000 -73.00070300 -1.06922200
vn -0.00000000 -0.00000000 -100.00000000
vn -42.94216400 -90.29881400 -1.44731000
vn -0.00000000 -0.00000000 -100.00000000
vn -0.00000000 -0.00000000 -100.00000000
vn 0.00000000 -99.98477000 -1.74524100
vn 0.00000000 -99.98477000 -1.74524100
vn -100.00000000 -0.00000000 -0.00000000
vn 0.00000000 -99.98477000 -1.74524100
vn -0.00000000 -0.00000000 -100.00000000
vn -100.00000000 -0.00000000 -0.00000000
vn -0.00000000 -0.00000000 -100.00000000
vn -0.00000000 -99.98477000 -1.74524100
vn -0.00000000 -99.98477000 -1.74524100
vn 100.00000000 0.00000000 -0.00000000
vn -0.00000000 -0.00000000 -100.00000000
vn -0.00000000 -0.00000000 -100.00000000
vn 100.00000000 0.00000000 -0.00000000
vn 0.00000000 -99.98477000 -1.74524100
vn 0.00000000 -99.98477000 -1.74524100
vn -0.00000000 -0.00000000 -100.00000000
vn 0.00000000 -99.98477000 -1.74524100
vn -0.00000000 -0.00000000 -100.00000000
vn 38.03760800 -92.47102300 -1.50010100
vn 59.92570200 -80.04641700 -1.21713100
vn -0.00000000 -0.00000000 -100.00000000
vn -0.00000000 -0.00000000 -100.00000000
vn 88.66831300 -46.23458800 -0.54146400
vn -0.00000000 -0.00000000 -100.00000000
vn 98.55971500 -16.91101700 -0.00000000
vn 98.55971100 -16.91104500 -0.00000000
vn 84.18064100 -53.97795500 -0.00000000
vn -0.00000000 -0.00000000 -100.00000000
vn 56.49500100 -82.51251300 -0.00000000
vn -0.00000000 -0.00000000 -100.00000000
vn -0.00000000 -0.00000000 -100.00000000
vn 19.87910800 -98.00418900 -0.00000000
vn -0.00000000 -0.00000000 -100.00000000
vn -19.87910800 -98.00418900 0.00000000
vn -56.49500100 -82.51251300 0.00000000
vn -0.00000000 -0.00000000 -100.00000000
vn -0.00000000 -0.00000000 -100.00000000
vn -84.18064100 -53.97795500 0.00000000
vn -98.55971100 -16.91104500 -0.00000000
vn -0.00000000 -0.00000000 -100.00000000
vn -98.55971500 -16.91101700 0.00000000
vn -0.00000000 -0.00000000 -100.00000000
vn -91.03161100 -41.38893000 -0.44965000
vn -68.33561500 -73.00068900 -1.06922100
vn -0.00000000 -0.00000000 -100.00000000
vn -0.00000000 -0.00000000 -100.00000000
vn -42.94255600 -90.29862800 -1.44730600
vn -0.00000000 -99.98477000 -1.74524100
vn -0.00000000 -99.98477000 -1.74524100
vn -0.00000000 -0.00000000 -100.00000000
vn -0.00000000 -0.00000000 -100.00000000
vn 0.00000000 -99.98477000 -1.74524100
vn 0.00000000 -99.98477000 -1.74524100
vn -30.63127500 -95.03867200 -5.41995400
vn -0.00000000 -0.00000000 -100.00000000
vn -0.00000000 -0.00000000 -100.00000000
vn -58.27219400 -80.81449600 -8.56554800
vn -80.22433500 -58.70086700 -10.87493700
vn -0.00000000 -0.00000000 -100.00000000
vn -0.00000000 -0.00000000 -100.00000000
vn -94.34463700 -30.85661000 -12.12266900
vn -99.25461500 -0.00000000 -12.18693400
vn -99.25461500 -0.00000000 -12.18693400
vn -0.00000000 -0.00000000 -100.00000000
vn -99.25461500 0.00000000 -12.18693400
vn -99.25461500 0.00000000 -12.18693400
vn -0.00000000 -0.00000000 -100.00000000
vn -0.00000000 -0.00000000 -100.00000000
vn -97.89750700 -17.68686600 -10.16133800
vn -0.00000000 -0.00000000 -100.00000000
vn -93.41972100 -34.80992800 -7.81182900
vn -0.00000000 -0.00000000 -100.00000000
vn -85.96399300 -50.82335400 -5.21330100
vn -85.96399300 -50.82335400 -5.21330100
vn -85.96399300 -50.82335400 -5.21330100
vn -85.96399300 -50.82335400 -5.21330100
vn -0.00000000 -0.00000000 -100.00000000
vn -0.00000000 -0.00000000 -100.00000000
vn -93.41972100 -34.80992800 -7.81182900
vn -97.89750700 -17.68686600 -10.16133800
vn -0.00000000 -0.00000000 -100.00000000
vn -99.25461500 -0.00000000 -12.18693400
vn -0.00000000 -0.00000000 -100.00000000
vn -99.25461500 -0.00000000 -12.18693400
vn -99.25461500 0.00000000 -12.18693400
vn -99.25461500 0.00000000 -12.18693400
vn -0.00000000 -0.00000000 -100.00000000
vn -97.89750700 17.68686600 -10.16133800
vn -0.00000000 -0.00000000 -100.00000000
vn -93.41972100 34.80992800 -7.81182900
vn -0.00000000 -0.00000000 -100.00000000
vn -85.96399300 50.82335400 -5.21330100
vn -85.96399300 50.82335400 -5.21330100
vn -0.00000000 -0.00000000 -100.00000000
vn -0.00000000 -0.00000000 -100.00000000
vn -85.96399300 50.82335400 -5.21330100
vn -85.96399300 50.82335400 -5.21330100
vn -0.00000000 -0.00000000 -100.00000000
vn -93.41972100 34.80992800 -7.81182900
vn -97.89750700 17.68686600 -10.16133800
vn -0.00000000 -0.00000000 -100.00000000
vn -99.25461500 -0.00000000 -12.18693400
vn -99.25461500 -0.00000000 -12.18693400
vn -0.00000000 -0.00000000 -100.00000000
vn -99.25461500 -0.00000000 -12.18693400
vn -99.25461500 -0.00000000 -12.18693400
vn -0.00000000 -0.00000000 -100.00000000
vn -0.00000000 -0.00000000 -100.00000000
vn -94.34463700 30.85661000 -12.12266900
vn -0.00000000 -0.00000000 -100.00000000
vn -80.22433500 58.70086700 -10.87493700
vn -58.27219400 80.81449600 -8.56554800
vn -0.00000000 -0.00000000 -100.00000000
vn -30.63127500 95.03867200 -5.41995400
vn -0.00000000 -0.00000000 -100.00000000
vn -0.00000000 -0.00000000 -100.00000000
vn 0.00000000 99.98477000 -1.74524100
vn 0.00000000 99.98477000 -1.74524100
vn -0.00000000 99.98477000 -1.74524100
vn -0.00000000 -0.00000000 -100.00000000
vn -0.00000000 99.98477000 -1.74524100
vn -0.00000000 -0.00000000 -100.00000000
vn -38.03819700 92.47078100 -1.50009500
vn -0.00000000 -0.00000000 -100.00000000
vn -59.92584400 80.04631100 -1.21712900
vn -88.66796300 46.23525800 -0.54147500
vn -0.00000000 -0.00000000 -100.00000000
vn -0.00000000 -0.00000000 -100.00000000
vn -98.55971500 16.91101700 0.00000000
vn -98.55971100 16.91104500 -0.00000000
vn -84.18064100 53.97795500 0.00000000
vn -0.00000000 -0.00000000 -100.00000000
vn -0.00000000 -0.00000000 -100.00000000
vn -56.49500100 82.51251300 0.00000000
vn -0.00000000 -0.00000000 -100.00000000
vn -19.87910800 98.00418900 0.00000000
vn 19.87910800 98.00418900 -0.00000000
vn -0.00000000 -0.00000000 -100.00000000
vn 56.49500100 82.51251300 -0.00000000
vn -0.00000000 -0.00000000 -100.00000000
vn 84.18064100 53.97795500 -0.00000000
vn -0.00000000 -0.00000000 -100.00000000
vn -0.00000000 -0.00000000 -100.00000000
vn 98.55971100 16.91104500 -0.00000000
vn 98.55971500 16.91101700 -0.00000000
vn -0.00000000 -0.00000000 -100.00000000
vn 91.03188200 41.38833400 -0.44964000
vn -0.00000000 -0.00000000 -100.00000000
vn 68.33559400 73.00070800 -1.06922200
vn 42.94201500 90.29888500 -1.44731200
vn -0.00000000 -0.00000000 -100.00000000
vn -0.00000000 99.98477000 -1.74524100
vn -0.00000000 99.98477000 -1.74524100
vn -0.00000000 -0.00000000 -100.00000000
vn -0.00000000 -99.98477000 -1.74524100
vn 100.00000000 0.00000000 -0.00000000
vn 100.00000000 0.00000000 -0.00000000
vn 0.00000000 -99.98477000 1.74524100
vn 100.00000000 0.00000000 -0.00000000
vn 100.00000000 0.00000000 -0.00000000
vn 0.00000000 -99.98477000 1.74524100
vn 100.00000000 0.00000000 -0.00000000
vn 0.00000000 -99.98477000 -1.74524100
vn -0.00000000 -99.98477000 -1.74524100
vn -100.00000000 -0.00000000 -0.00000000
vn -100.00000000 -0.00000000 -0.00000000
vn -86.60254000 -0.00000000 -50.00000000
vn -0.00000000 -99.98477000 -1.74524100
vn -0.00000000 -99.98477000 -1.74524100
vn -50.00000000 -0.00000000 -86.60254000
vn -0.00000000 -99.98477000 -1.74524100
vn -0.00000000 -0.00000000 -100.00000000
vn -0.00000000 -0.00000000 -100.00000000
vn -0.00000000 -99.98477000 -1.74524100
vn 0.00000000 -0.00000000 -100.00000000
vn 0.00000000 -0.00000000 -100.00000000
vn 50.00000000 0.00000000 -86.60254000
vn -0.00000000 -99.98477000 -1.74524100
vn 86.60254000 0.00000000 -50.00000000
vn -0.00000000 -99.98477000 -1.74524100
vn 0.00000000 -99.98477000 1.74524100
vn 0.00000000 -99.98477000 -1.74524100
vn -100.00000000 -0.00000000 -0.00000000
vn -100.00000000 -0.00000000 -0.00000000
vn -100.00000000 -0.00000000 -0.00000000
vn 0.00000000 -99.98477000 1.74524100
vn 0.00008900 -99.98477000 -1.74524100
vn 0.00000000 -99.98477000 -1.74524100
vn 0.00009300 -99.98477000 1.74524100
vn 0.00000000 -99.98477000 1.74524100
vn -98.51660500 -17.16037500 -0.00000000
vn -98.51660500 -17.16037500 0.00000000
vn -98.51660500 -17.16037500 0.00000000
vn -86.54855800 -50.08965500 0.61128500
vn -86.54867200 -50.08945600 -0.61127900
vn -71.54454600 -69.85967600 -1.00176700
vn -71.54470200 -69.85951700 1.00177000
vn -34.41320500 -93.87959200 1.53411000
vn -34.41266100 -93.87979300 -1.53405100
vn -79.98041400 -60.02068600 -0.80660300
vn -66.63185200 -74.55861400 -1.09969100
vn -21.47021400 -97.65420300 -1.63909200
vn 98.51660500 -17.16037500 -0.00000000
vn 98.51660600 -17.16037400 0.00000000
vn 98.51660400 -17.16038400 0.00000000
vn 98.90012100 -14.79073900 -0.00000000
vn 98.90012100 -14.79073900 -0.00000000
vn 98.90012100 -14.79073900 -0.00000000
vn 98.90012100 -14.79073900 0.00000000
vn 84.99867800 -52.68040200 -0.00000000
vn 84.99867800 -52.68040200 -0.00000000
vn 57.25199700 -81.98907700 -0.00000000
vn 57.25199700 -81.98907700 -0.00000000
vn 20.17967200 -97.94274300 -0.00000000
vn 20.17967200 -97.94274300 -0.00000000
vn -20.17967200 -97.94274300 0.00000000
vn -20.17967200 -97.94274300 0.00000000
vn -57.25199700 -81.98907700 0.00000000
vn -57.25199700 -81.98907700 0.00000000
vn -84.99867800 -52.68040200 0.00000000
vn -84.99867800 -52.68040200 0.00000000
vn -98.90012100 -14.79073900 0.00000000
vn -98.90012100 -14.79073900 0.00000000
vn -98.90012100 -14.79073900 0.00000000
vn -98.90012100 -14.79073900 -0.00000000
vn -0.00009300 -99.98477000 1.74524100
vn 0.00000000 -99.98477000 -1.74524100
vn 0.00000000 -99.98477000 1.74524100
vn -0.00008900 -99.98477000 -1.74524100
vn 38.03643500 -92.47153300 1.49838500
vn 38.03605200 -92.47169200 -1.49832900
vn 60.58099400 -79.55183300 1.20379800
vn 60.58084000 -79.55195000 -1.20378000
vn 87.45659100 -48.48719200 0.58050300
vn 87.45683700 -48.48674800 -0.58049300
vn 21.47062500 -97.65411200 -1.63909200
vn 66.63217500 -74.55832600 -1.09969100
vn 79.98027600 -60.02087000 -0.80661400
vn 0.03063300 -99.98475200 1.74599000
vn 0.00000000 -99.98477000 1.74524100
vn 0.00000000 -99.98477000 -1.74524100
vn 0.00000100 -99.98477000 -1.74524100
vn 75.23485200 -65.83049500 -2.46230500
vn 75.22345300 -65.82594000 2.89444400
vn 75.22346800 -65.82595100 2.89380300
vn 75.22249000 -65.84461900 -2.46233600
vn 70.45802200 -70.90421200 2.87399400
vn 70.66781900 -70.71046300 -2.46776700
vn 38.03968400 -92.44819600 2.51267300
vn 37.92458300 -92.50158400 -2.27659700
vn 19.32079100 -98.09437600 -2.04948900
vn 19.81901100 -97.99198100 2.18596000
vn 75.23094000 -65.83042300 2.58093100
vn 75.23460000 -65.83078400 -2.46230500
vn 75.23485200 -65.83049500 -2.46230500
vn 75.23067700 -65.83072300 2.58093100
vn 75.23485200 -65.83049500 -2.46230500
vn 75.22918200 -65.82973100 2.64890500
vn 75.22746800 -65.82859500 2.72470600
vn 75.23485200 -65.83049500 -2.46230500
vn 75.23485200 -65.83049500 -2.46230500
vn 75.22559700 -65.82735700 2.80512500
vn 99.98240500 -0.00042900 1.87581600
vn 99.98477000 0.00042000 -1.74523300
vn 99.98477000 0.00000000 -1.74524100
vn 99.98242000 0.00000000 1.87500000
vn 97.12243600 -23.72304900 -2.10936600
vn 97.06461100 -23.94708900 2.23568800
vn 88.81520500 -45.88850800 2.47066200
vn 88.71246600 -46.09296600 -2.35303800
vn 99.98477000 0.00000000 -1.74524100
vn 99.98240500 0.00042900 1.87581600
vn 99.98242000 0.00000000 1.87500000
vn 99.98477000 -0.00042000 -1.74523300
vn 75.23485200 65.83049500 -2.46230500
vn 75.23451600 65.83088000 -2.46230600
vn 75.23085200 65.83052300 2.58093100
vn 75.23067700 65.83072300 2.58093200
vn 88.71242700 46.09304200 -2.35303800
vn 88.81516600 45.88858300 2.47066300
vn 97.12242500 23.72309100 -2.10936600
vn 97.06460100 23.94713000 2.23568800
vn 75.22249000 65.84461900 -2.46233600
vn 75.22345900 65.82594400 2.89419300
vn 75.23485200 65.83049500 -2.46230500
vn 75.22346800 65.82595100 2.89380300
vn 75.23485200 65.83049500 -2.46230500
vn 75.22560100 65.82736000 2.80494900
vn 75.23485200 65.83049500 -2.46230500
vn 75.22747100 65.82859700 2.72459900
vn 75.23485200 65.83049500 -2.46230500
vn 75.22918300 65.82973200 2.64885400
vn -0.00000000 99.98477000 -1.74524100
vn -0.00000000 99.98477000 -1.74524100
vn -0.00000000 99.98477000 1.74524100
vn 0.03063600 99.98475200 1.74599000
vn 44.50741500 89.51135700 2.60900300
vn 44.59787800 89.47375400 -2.34022900
vn -0.00000000 99.98477000 1.74524100
vn -0.00009300 99.98477000 1.74524100
vn -0.00000000 99.98477000 -1.74524100
vn -0.00008900 99.98477000 -1.74524100
vn 98.51660500 17.16037900 -0.00000000
vn 98.51660500 17.16037400 -0.00000000
vn 98.51660500 17.16037900 0.00000000
vn 88.48879800 46.57721300 0.54396500
vn 88.48903200 46.57676700 -0.54395500
vn 59.92886000 80.04409500 1.21436800
vn 59.92869400 80.04421900 -1.21434800
vn 38.03643500 92.47153300 1.49838500
vn 38.03605200 92.47169200 -1.49832900
vn 79.97999200 60.02124900 -0.80661100
vn 66.63190200 74.55856900 -1.09968700
vn 21.47051100 97.65413700 -1.63908900
vn -98.51660500 17.16037500 0.00000000
vn -98.51660500 17.16037500 0.00000000
vn -98.51660500 17.16037500 0.00000000
vn -98.90012100 14.79073900 0.00000000
vn -98.90012100 14.79073900 0.00000000
vn -98.90012100 14.79073900 0.00000000
vn -98.90012100 14.79073900 0.00000000
vn -84.99867800 52.68040200 0.00000000
vn -84.99867800 52.68040200 0.00000000
vn -57.25199700 81.98907700 0.00000000
vn -57.25199700 81.98907700 0.00000000
vn -20.17967200 97.94274300 0.00000000
vn -20.17967200 97.94274300 0.00000000
vn 20.17967200 97.94274300 -0.00000000
vn 20.17967200 97.94274300 -0.00000000
vn 57.25199700 81.98907700 -0.00000000
vn 57.25199700 81.98907700 -0.00000000
vn 84.99867800 52.68040200 -0.00000000
vn 84.99867800 52.68040200 -0.00000000
vn 98.90012100 14.79073900 -0.00000000
vn 98.90012100 14.79073900 -0.00000000
vn 98.90012100 14.79073900 -0.00000000
vn 98.90012100 14.79073900 -0.00000000
vn -0.00000000 99.98477000 1.74524100
vn 0.00008900 99.98477000 -1.74524100
vn -0.00000000 99.98477000 -1.74524100
vn 0.00009300 99.98477000 1.74524100
vn -34.41266100 93.87979300 -1.53405100
vn -34.41320500 93.87959200 1.53411000
vn -71.54470200 69.85951700 1.00177000
vn -71.54454600 69.85967600 -1.00176700
vn -86.54855800 50.08965500 0.61128500
vn -86.54867200 50.08945600 -0.61127900
vn -21.47032700 97.65417800 -1.63909400
vn -66.63212100 74.55837400 -1.09969500
vn -79.98069400 60.02031300 -0.80660600
vn -0.00000000 99.98477000 -1.74524100
vn -100.00000000 -0.00000000 -0.00000000
vn -100.00000000 -0.00000000 -0.00000000
vn -0.00000000 99.98477000 1.74524100
vn -100.00000000 -0.00000000 -0.00000000
vn -100.00000000 -0.00000000 -0.00000000
vn -0.00000000 99.98477000 1.74524100
vn -0.00000000 99.98477000 -1.74524100
vn -100.00000000 -0.00000000 -0.00000000
vn -0.00009300 99.98477000 1.74524100
vn -0.00008900 99.98477000 -1.74524100
vn -0.00000000 99.98477000 -1.74524100
vn -0.00000000 99.98477000 1.74524100
vn -0.00000000 99.98477000 1.74524100
vn 100.00000000 0.00000000 -0.00000000
vn -0.00000000 99.98477000 -1.74524100
vn -0.00000000 99.98477000 -1.74524100
vn 100.00000000 0.00000000 0.00000000
vn 100.00000000 0.00000000 0.00000000
vn -0.00000000 99.98477000 -1.74524100
vn 86.60254000 0.00000000 -50.00000000
vn -0.00000000 99.98477000 -1.74524100
vn 50.00000000 0.00000000 -86.60254000
vn -0.00000000 -0.00000000 -100.00000000
vn -0.00000000 99.98477000 -1.74524100
vn -0.00000000 -0.00000000 -100.00000000
vn -0.00000000 99.98477000 -1.74524100
vn 0.00000000 -0.00000000 -100.00000000
vn 0.00000000 -0.00000000 -100.00000000
vn -0.00000000 99.98477000 -1.74524100
vn -50.00000000 -0.00000000 -86.60254000
vn -0.00000000 99.98477000 -1.74524100
vn -86.60254000 -0.00000000 -50.00000000
vn -51.41730300 -67.13317800 53.37974700
vn -51.44433300 -67.09202300 53.40544000
vn -51.44433300 -67.09202300 53.40544000
vn -14.34128200 -67.90438300 71.99529500
vn -14.34128200 -67.90438300 71.99529500
vn -11.52075400 -67.50436000 72.87272200
vn -11.52075400 -67.50436000 72.87272200
vn -0.00000000 -65.27826200 75.75452800
vn 0.00000000 -65.27826200 75.75452800
vn -62.70668600 -4.62503100 77.75911900
vn -0.00000000 -65.27826200 75.75452800
vn 0.00000000 -65.27826200 75.75452800
vn -0.02349300 -65.29151600 75.74310100
vn -0.00000000 -65.27826200 75.75452800
vn -0.00000000 -65.27826200 75.75452800
vn 0.00000000 -65.27826200 75.75452800
vn -11.03993500 -76.23661500 63.76596600
vn -11.03993500 -76.23661400 63.76596600
vn -21.48477800 -84.11776600 49.62464900
vn -21.48478000 -84.11776400 49.62465100
vn -31.27194500 -88.95603100 33.30000100
vn -31.27194500 -88.95603100 33.30000100
vn -31.16382200 -89.03408900 33.19257900
vn -31.27194500 -88.95603100 33.30000100
vn -36.76524200 -84.51254600 38.80652700
vn -37.02923300 -84.36559700 38.87520900
vn -42.05390700 -79.29412300 44.08980500
vn -42.12843800 -79.32198300 43.96837100
vn -46.97925500 -73.43700400 48.98934700
vn -46.88639000 -73.66013500 48.74270200
vn -21.44487200 -74.84356300 62.75793600
vn -11.41401700 -66.72801800 73.60089600
vn -70.40636300 -6.57928800 70.70825300
vn -70.40394800 -6.57906200 70.71067800
vn -54.32801700 -62.33238700 56.24180000
vn -54.47778200 -62.07030000 56.38660400
vn -54.32801700 -62.33238700 56.24180000
vn -54.32801700 -62.33238700 56.24180000
vn -41.54914900 -65.24806900 63.37474000
vn -41.64311300 -65.22303000 63.33883100
vn -28.15103400 -66.66545000 69.01620900
vn -28.20047300 -66.65514300 69.00597900
vn -13.99110400 -66.66165500 73.21525000
vn -14.14660100 -66.66212200 73.18493800
vn -70.37230200 -6.90935400 70.71067800
vn -26.78849600 -67.88014900 68.37149900
vn -69.64840100 -12.21004100 70.71078500
vn -69.64813300 -12.21219000 70.71067800
vn -69.64813300 -12.21219000 70.71067800
vn -64.91431900 -36.97996500 66.47265100
vn -64.92392100 -36.65873100 66.64099300
vn -40.36976700 -55.32631200 72.86481400
vn 0.00000000 -65.27826200 75.75452800
vn -0.00000000 -65.27826200 75.75452800
vn 0.00000000 -65.27826200 75.75452800
vn 0.00000000 -83.70935500 54.70597700
vn -0.02830600 -83.91176300 54.39499300
vn 0.07797400 -95.47844100 29.72980400
vn 0.00000000 -95.58812500 29.37533400
vn -0.00099800 -99.98478700 1.74423000
vn 0.00000000 -99.98476800 1.74535300
vn 0.00000000 -99.98477000 1.74524100
vn 0.00000000 -99.98476800 1.74534700
vn 0.00107700 -99.98478900 1.74415000
vn -0.00000000 -99.98476800 1.74534000
vn 0.00000000 -99.98476800 1.74533500
vn 0.00000000 -99.98477000 1.74524100
vn -0.07797400 -95.47844300 29.72979600
vn 0.00000000 -95.58812800 29.37532700
vn 0.02830600 -83.91176500 54.39499000
vn 0.00000000 -83.70935700 54.70597400
vn -0.00000000 -65.27826200 75.75452800
vn 0.00000000 -65.27826200 75.75452800
vn 0.00000000 -65.27826200 75.75452800
vn 0.00000000 -90.53898300 42.45812800
vn 0.00000000 -90.53898300 42.45812800
vn 0.00000000 -90.53898300 42.45812800
vn 0.00000000 -90.53898300 42.45812800
vn 0.00000000 -90.53898300 42.45812800
vn 0.00000000 -90.53898300 42.45812800
vn 0.00000000 -90.53898300 42.45812800
vn 0.00000000 -90.53898300 42.45812800
vn 0.00000000 -90.53898300 42.45812800
vn -16.08972700 -97.01988500 18.11802000
vn -16.12438200 -97.02702500 18.04884500
vn -0.01688000 -65.32739500 75.71216000
vn 0.00000000 -65.27826200 75.75452800
vn -9.62367400 -84.75116900 52.19793400
vn 62.70668600 -4.62503100 77.75911900
vn 0.00000000 -65.27826200 75.75452800
vn 0.00000000 -65.27826200 75.75452800
vn 0.00000000 -65.27826200 75.75452800
vn 11.51709600 -67.50380300 72.87381600
vn 11.51709600 -67.50380400 72.87381600
vn 14.34128200 -67.90438300 71.99529500
vn 14.34128200 -67.90438300 71.99529500
vn 51.44433300 -67.09202300 53.40544000
vn 51.41730300 -67.13317800 53.37974700
vn 51.44433300 -67.09202300 53.40544000
vn 46.88635400 -73.66028400 48.74251000
vn 46.97931300 -73.43692900 48.98940400
vn 42.05390300 -79.29412800 44.08980100
vn 42.12852800 -79.32199200 43.96826900
vn 37.02943100 -84.36550600 38.87521900
vn 36.76516800 -84.51261200 38.80645300
vn 31.27194500 -88.95603100 33.30000100
vn 31.27194500 -88.95603100 33.30000100
vn 31.27194500 -88.95603100 33.30000100
vn 31.16371500 -89.03416500 33.19247300
vn 21.48478000 -84.11776400 49.62465100
vn 21.48477800 -84.11776600 49.62464900
vn 11.03993500 -76.23661400 63.76596600
vn 11.03993500 -76.23661500 63.76596600
vn -0.00000000 -65.27826200 75.75452800
vn 0.00000000 -65.27826200 75.75452800
vn -0.00000000 -65.27826200 75.75452800
vn 0.00000000 -65.27826200 75.75452800
vn 0.02349300 -65.29151600 75.74310100
vn 21.47198500 -74.81323000 62.78482700
vn 16.08977500 -97.01984900 18.11817000
vn 16.12426200 -97.02706700 18.04872300
vn 0.01688000 -65.32739500 75.71216000
vn 0.00000000 -65.27826200 75.75452800
vn 9.66584400 -84.72328200 52.23539900
vn 70.40401800 -6.57831100 70.71067800
vn 11.41052800 -66.72811400 73.60134900
vn 70.40401800 -6.57831100 70.71067800
vn 12.09903300 -66.72773100 73.49165400
vn 70.39615000 -6.66199100 70.71067800
vn 12.78586800 -66.71675300 73.38526100
vn 70.38827600 -6.74466900 70.71067800
vn 13.46893900 -66.69521600 73.28257500
vn 70.38042400 -6.82612000 70.71067800
vn 70.37230200 -6.90935400 70.71067800
vn 14.14660100 -66.66212200 73.18493800
vn 13.99110400 -66.66165500 73.21525000
vn 28.20047300 -66.65514300 69.00597900
vn 28.15103400 -66.66545000 69.01620900
vn 41.64311300 -65.22303000 63.33883100
vn 41.54914900 -65.24806900 63.37474000
vn 54.47784900 -62.07018400 56.38666800
vn 54.32801700 -62.33238700 56.24180000
vn 54.32801700 -62.33238700 56.24180000
vn 54.32801700 -62.33238700 56.24180000
vn 26.78777500 -67.88119300 68.37074500
vn 69.64813300 -12.21219000 70.71067800
vn 69.64840100 -12.21004100 70.71078500
vn 69.64813300 -12.21219000 70.71067800
vn 64.91435700 -36.97984000 66.47268400
vn 64.92392100 -36.65873100 66.64099300
vn 40.47738000 -55.08179300 72.99025800
vn -39.82773600 -81.61933700 41.85732100
vn -39.88422900 -81.56396800 41.91142400
vn -47.79756000 -72.36844700 49.78153500
vn -47.51247100 -72.74489400 49.50500600
vn -43.56294100 -77.61493800 45.58718700
vn -0.00031300 -99.98476400 1.74555700
vn 0.00000000 -99.98477000 1.74524100
vn 0.00000000 -99.98477000 1.74524100
vn -0.00095400 -99.98475300 1.74620500
vn 0.00000000 -99.98477000 1.74524100
vn 0.00000000 -99.98477000 1.74524100
vn -0.00000000 -99.98477000 1.74524100
vn -32.50755200 -88.10134200 34.37168200
vn -32.50892400 -88.10142600 34.37016900
vn -57.86817500 -55.85872600 59.42286600
vn -57.86773800 -55.85861300 59.42339800
vn -69.81534000 -11.21687600 70.71067800
vn -69.81534000 -11.21687600 70.71067800
vn -69.81534000 -11.21687600 70.71067800
vn -69.81534000 -11.21687600 70.71067800
vn -69.76468600 -11.53170200 70.71003000
vn -69.76461900 -11.52813500 70.71067800
vn -69.70910300 -11.85921500 70.71067800
vn -69.70929000 -11.86099100 70.71019600
vn -65.81862900 -33.84166100 67.25065100
vn -57.24825300 -56.96807300 58.96843400
vn -44.58485200 -76.49855300 46.47754700
vn -32.76221100 -87.87443200 34.70910200
vn 0.00000000 -99.98477000 1.74524100
vn 0.00031300 -99.98476400 1.74555700
vn 0.00095400 -99.98475300 1.74620500
vn 0.00000000 -99.98477000 1.74524100
vn 0.00000000 -99.98477000 1.74524100
vn -0.00000000 -99.98477000 1.74524100
vn 0.00000000 -99.98477000 1.74524100
vn 0.00713200 -99.98471700 1.74821300
vn 0.00000000 -99.98477000 1.74524100
vn 0.00000000 -99.98477000 1.74524100
vn 0.00000000 -99.98477000 1.74524100
vn 0.00000000 -99.98477000 1.74524100
vn 0.00000000 -99.98477000 -1.74524100
vn 0.00000000 -99.98477000 1.74524100
vn -0.00008900 -99.98477000 -1.74524100
vn -0.00009300 -99.98477000 1.74524100
vn 0.00000000 -99.98477000 1.74524100
vn 86.60254000 0.00000000 -50.00000000
vn 0.00000000 -99.98477000 1.74524100
vn 50.00000000 0.00000000 -86.60254000
vn -0.00000000 -0.00000000 -100.00000000
vn -0.00000000 -0.00000000 -100.00000000
vn 0.00000000 -99.98477000 1.74524100
vn -0.00000000 -0.00000000 -100.00000000
vn -0.00000000 -0.00000000 -100.00000000
vn 0.00000000 -99.98477000 1.74524100
vn 0.00000000 -99.98477000 1.74524100
vn -50.00000000 -0.00000000 -86.60254000
vn -86.60254000 -0.00000000 -50.00000000
vn 0.00000000 -99.98477000 1.74524100
vn -0.00000000 -99.98477000 1.74524100
vn 0.00000000 -99.98477000 1.74524100
vn 0.00000000 -99.98477000 1.74524100
vn -0.00712900 -99.98471700 1.74820900
vn 0.00000000 -99.98477000 1.74524100
vn 51.44433300 67.09202300 53.40544000
vn 51.44433300 67.09202300 53.40544000
vn 51.41730300 67.13317800 53.37974700
vn 14.34128200 67.90438300 71.99529500
vn 14.34128200 67.90438300 71.99529500
vn 11.52075400 67.50436000 72.87272200
vn 11.52075400 67.50436000 72.87272200
vn 0.00000000 65.27826200 75.75452800
vn 62.70668600 4.62503100 77.75911900
vn -0.00000000 65.27826200 75.75452800
vn 0.00000000 65.27826200 75.75452800
vn 0.02349300 65.29151600 75.74310100
vn -0.00000000 65.27826200 75.75452800
vn 0.00000000 65.27826200 75.75452800
vn 0.00000000 65.27826200 75.75452800
vn -0.00000000 65.27826200 75.75452800
vn 11.03993500 76.23661500 63.76596600
vn 11.03993500 76.23661400 63.76596600
vn 21.48477800 84.11776600 49.62464900
vn 21.48478000 84.11776400 49.62465100
vn 31.16371500 89.03416500 33.19247300
vn 31.27194500 88.95603100 33.30000100
vn 31.27194500 88.95603100 33.30000100
vn 31.27194500 88.95603100 33.30000100
vn 37.02923300 84.36559700 38.87520900
vn 36.76524200 84.51254600 38.80652700
vn 42.12843800 79.32198300 43.96837100
vn 42.05390700 79.29412300 44.08980500
vn 46.88639000 73.66013500 48.74270200
vn 46.97925500 73.43700400 48.98934700
vn 21.44487200 74.84356300 62.75793600
vn 11.41401700 66.72801800 73.60089600
vn 70.40394800 6.57906200 70.71067800
vn 70.40636300 6.57928800 70.70825300
vn 54.32801700 62.33238700 56.24180000
vn 54.32801700 62.33238700 56.24180000
vn 54.47784900 62.07018400 56.38666700
vn 54.32801700 62.33238700 56.24180000
vn 41.64311300 65.22303000 63.33883100
vn 41.54914900 65.24806900 63.37474000
vn 28.15103400 66.66545000 69.01620900
vn 28.20047300 66.65514300 69.00597900
vn 13.99110400 66.66165500 73.21525000
vn 14.14660100 66.66212200 73.18493800
vn 70.37230200 6.90935400 70.71067800
vn 26.78849600 67.88014900 68.37149900
vn 69.64840100 12.21004100 70.71078500
vn 69.64813300 12.21219000 70.71067800
vn 69.64813300 12.21219000 70.71067800
vn 64.92392100 36.65873100 66.64099300
vn 64.91435700 36.97984000 66.47268400
vn 40.36976700 55.32631200 72.86481400
vn 0.00000000 65.27826200 75.75452800
vn -0.00000000 65.27826200 75.75452800
vn -0.00000000 65.27826200 75.75452800
vn 0.02830600 83.91176300 54.39499300
vn -0.00000000 83.70935500 54.70597700
vn -0.07797400 95.47844100 29.72980400
vn -0.00000000 95.58812500 29.37533400
vn -0.00000000 99.98476800 1.74535300
vn 0.00099800 99.98478700 1.74423000
vn -0.00000000 99.98477000 1.74524100
vn -0.00000000 99.98476800 1.74534700
vn 0.00000000 99.98476800 1.74534000
vn -0.00000000 99.98477000 1.74524100
vn -0.00000000 99.98476800 1.74533500
vn -0.00107700 99.98478900 1.74415000
vn -0.00000000 95.58812800 29.37532700
vn 0.07797400 95.47844300 29.72979600
vn -0.02830600 83.91176500 54.39499000
vn -0.00000000 83.70935700 54.70597400
vn -0.00000000 65.27826200 75.75452800
vn 0.00000000 65.27826200 75.75452800
vn -0.00000000 65.27826200 75.75452800
vn -0.00000000 90.53898300 42.45812800
vn -0.00000000 90.53898300 42.45812800
vn -0.00000000 90.53898300 42.45812800
vn -0.00000000 90.53898300 42.45812800
vn -0.00000000 90.53898300 42.45812800
vn -0.00000000 90.53898300 42.45812800
vn -0.00000000 90.53898300 42.45812800
vn -0.00000000 90.53898300 42.45812800
vn -0.00000000 90.53898300 42.45812800
vn 16.08972700 97.01988500 18.11802000
vn 16.12426700 97.02706500 18.04872800
vn -0.00000000 65.27826200 75.75452800
vn 0.01688000 65.32739500 75.71216000
vn 9.62367400 84.75116900 52.19793400
vn -62.70668600 4.62503100 77.75911900
vn -0.00000000 65.27826200 75.75452800
vn -0.00000000 65.27826200 75.75452800
vn -0.00000000 65.27826200 75.75452800
vn -11.51709600 67.50380300 72.87381600
vn -11.51709600 67.50380400 72.87381600
vn -14.34128200 67.90438300 71.99529500
vn -14.34128200 67.90438300 71.99529500
vn -51.41730300 67.13317800 53.37974700
vn -51.44433300 67.09202300 53.40544000
vn -51.44433300 67.09202300 53.40544000
vn -46.88635400 73.66028400 48.74251000
vn -46.97931300 73.43692900 48.98940400
vn -42.12852800 79.32199200 43.96826900
vn -42.05390300 79.29412800 44.08980100
vn -36.76516800 84.51261200 38.80645300
vn -37.02943100 84.36550600 38.87521900
vn -31.27194500 88.95603100 33.30000100
vn -31.27194500 88.95603100 33.30000100
vn -31.16382200 89.03408900 33.19257900
vn -31.27194500 88.95603100 33.30000100
vn -21.48477800 84.11776600 49.62464900
vn -21.48478000 84.11776400 49.62465100
vn -11.03993500 76.23661500 63.76596600
vn -11.03993500 76.23661400 63.76596600
vn 0.00000000 65.27826200 75.75452800
vn 0.00000000 65.27826200 75.75452800
vn 0.00000000 65.27826200 75.75452800
vn -0.02349300 65.29151600 75.74310100
vn -0.00000000 65.27826200 75.75452800
vn -21.47198500 74.81323000 62.78482700
vn -16.12437700 97.02702600 18.04884000
vn -16.08977500 97.01984900 18.11817000
vn -0.00000000 65.27826200 75.75452800
vn -0.01688000 65.32739500 75.71216000
vn -9.66584400 84.72328200 52.23539900
vn -11.41052800 66.72811400 73.60134900
vn -70.40401800 6.57831100 70.71067800
vn -70.40401800 6.57831100 70.71067800
vn -70.39615000 6.66199100 70.71067800
vn -12.09903300 66.72773100 73.49165400
vn -12.78586800 66.71675300 73.38526100
vn -70.38827600 6.74466900 70.71067800
vn -70.38042400 6.82612000 70.71067800
vn -13.46893900 66.69521600 73.28257500
vn -13.99110400 66.66165500 73.21525000
vn -70.37230200 6.90935400 70.71067800
vn -14.14660100 66.66212200 73.18493800
vn -28.20047300 66.65514300 69.00597900
vn -28.15103400 66.66545000 69.01620900
vn -41.64311300 65.22303000 63.33883100
vn -41.54914900 65.24806900 63.37474000
vn -54.32801700 62.33238700 56.24180000
vn -54.47778200 62.07030000 56.38660400
vn -54.32801700 62.33238700 56.24180000
vn -54.32801700 62.33238700 56.24180000
vn -26.78777500 67.88119300 68.37074500
vn -69.64813300 12.21219000 70.71067800
vn -69.64840100 12.21004100 70.71078500
vn -69.64813300 12.21219000 70.71067800
vn -64.91431900 36.97996500 66.47265100
vn -64.92392100 36.65873100 66.64099300
vn -40.47738000 55.08179300 72.99025800
vn 39.88419400 81.56400300 41.91138900
vn 39.82773600 81.61933700 41.85732100
vn 47.51247100 72.74489400 49.50500600
vn 47.79759700 72.36839700 49.78157100
vn 43.56294100 77.61493800 45.58718700
vn -0.00000000 99.98477000 1.74524100
vn 0.00031300 99.98476400 1.74555700
vn -0.00000000 99.98477000 1.74524100
vn 0.00095400 99.98475300 1.74620500
vn -0.00000000 99.98477000 1.74524100
vn -0.00000000 99.98477000 1.74524100
vn -0.00000000 99.98477000 1.74524100
vn 32.50881600 88.10150900 34.37005900
vn 32.50744600 88.10142300 34.37157600
vn 57.86780500 55.85846500 59.42347100
vn 57.86824500 55.85858300 59.42293300
vn 69.81534000 11.21687600 70.71067800
vn 69.81534000 11.21687600 70.71067800
vn 69.81534000 11.21687600 70.71067800
vn 69.81534000 11.21687600 70.71067800
vn 69.76461900 11.52813500 70.71067800
vn 69.76468600 11.53170200 70.71003000
vn 69.70910300 11.85921500 70.71067800
vn 69.70929000 11.86099100 70.71019600
vn 65.81864800 33.84159400 67.25066600
vn 57.24830700 56.96797000 58.96848100
vn 44.58486000 76.49854800 46.47754800
vn 32.76209700 87.87452100 34.70898400
vn -0.00000000 99.98477000 1.74524100
vn -0.00031300 99.98476400 1.74555700
vn -0.00095400 99.98475300 1.74620500
vn -0.00000000 99.98477000 1.74524100
vn 0.00000000 99.98477000 1.74524100
vn -0.00000000 99.98477000 1.74524100
vn -0.00000000 99.98477000 1.74524100
vn -0.00000000 99.98477000 1.74524100
vn -0.00713200 99.98471700 1.74821300
vn -0.00000000 99.98477000 1.74524100
vn -0.00000000 99.98477000 1.74524100
vn 0.00000000 99.98477000 1.74524100
vn -86.60254000 -0.00000000 -50.00000000
vn -0.00000000 99.98477000 1.74524100
vn -50.00000000 -0.00000000 -86.60254000
vn -0.00000000 99.98477000 1.74524100
vn 0.00000000 -0.00000000 -100.00000000
vn -0.00000000 99.98477000 1.74524100
vn 0.00000000 -0.00000000 -100.00000000
vn -0.00000000 99.98477000 1.74524100
vn -0.00000000 -0.00000000 -100.00000000
vn -0.00000000 -0.00000000 -100.00000000
vn 50.00000000 0.00000000 -86.60254000
vn -0.00000000 99.98477000 1.74524100
vn -0.00000000 99.98477000 1.74524100
vn 86.60254000 0.00000000 -50.00000000
vn -0.00000000 99.98477000 1.74524100
vn 100.00000000 0.00000000 0.00000000
vn 100.00000000 0.00000000 0.00000000
vn -0.00000000 99.98477000 1.74524100
vn -0.00000000 99.98477000 1.74524100
vn -0.00000000 99.98477000 1.74524100
vn -0.00000000 99.98477000 1.74524100
vn 0.00712900 99.98471700 1.74820900
vn -51.41730300 -67.13317800 53.37974700
vn -51.44433300 -67.09202300 53.40544000
vn -51.44433300 -67.09202300 53.40544000
vn -14.34128200 -67.90438300 71.99529500
vn -14.34128200 -67.90438300 71.99529500
vn -11.52075400 -67.50436000 72.87272200
vn -11.52075400 -67.50436000 72.87272200
vn 0.00000000 -65.27826200 75.75452800
vn -0.00000000 -65.27826200 75.75452800
vn -0.00000000 -65.27826200 75.75452800
vn -62.70668600 -4.62503100 77.75911900
vn 0.00000000 -65.27826200 75.75452800
vn -0.02349300 -65.29151600 75.74310100
vn -0.00000000 -65.27826200 75.75452800
vn -0.00000000 -65.27826200 75.75452800
vn -0.00000000 -65.27826200 75.75452800
vn -11.03993500 -76.23661500 63.76596600
vn -11.03993500 -76.23661400 63.76596600
vn -21.48478000 -84.11776400 49.62465100
vn -21.48477800 -84.11776600 49.62464900
vn -31.27194500 -88.95603100 33.30000100
vn -31.16402300 -89.03394300 33.19277900
vn -31.27194500 -88.95603100 33.30000100
vn -31.27194500 -88.95603100 33.30000100
vn -36.76524200 -84.51254600 38.80652700
vn -37.02923300 -84.36559700 38.87520900
vn -42.05390700 -79.29412300 44.08980500
vn -42.12843800 -79.32198300 43.96837100
vn -46.97925500 -73.43700400 48.98934700
vn -46.88639000 -73.66013500 48.74270200
vn -21.44487200 -74.84356300 62.75793600
vn -70.40636300 -6.57928800 70.70825300
vn -70.40394800 -6.57906200 70.71067800
vn -11.41401700 -66.72801800 73.60089600
vn -54.32801700 -62.33238700 56.24180000
vn -54.32801700 -62.33238700 56.24180000
vn -54.47765600 -62.07052100 56.38648300
vn -54.32801700 -62.33238700 56.24180000
vn -41.64311300 -65.22303000 63.33883100
vn -41.54914900 -65.24806900 63.37474000
vn -28.20047300 -66.65514300 69.00597900
vn -28.15103400 -66.66545000 69.01620900
vn -13.99110400 -66.66165500 73.21525000
vn -14.14660100 -66.66212200 73.18493800
vn -70.37230200 -6.90935400 70.71067800
vn -26.78849600 -67.88014900 68.37149900
vn -69.64840100 -12.21004100 70.71078500
vn -69.64813300 -12.21219000 70.71067800
vn -69.64813300 -12.21219000 70.71067800
vn -64.92392100 -36.65873100 66.64099300
vn -64.91424800 -36.98020000 66.47258900
vn -40.36976700 -55.32631200 72.86481400
vn -60.58128100 69.85557100 38.08027900
vn -60.58128100 69.85557100 38.08027900
vn -60.58128100 69.85557100 38.08027900
vn -65.42356000 49.85261500 56.87244100
vn -65.42226500 49.55033500 57.13747900
vn -65.17774200 26.26939000 71.14619500
vn -65.16096700 25.89871600 71.29729900
vn -59.84757800 -0.00000000 80.11409000
vn -59.84757800 -0.00000000 80.11409000
vn -59.84757800 -0.00000000 80.11409000
vn -59.84757800 -0.00000000 80.11409000
vn -59.53684600 0.05154400 80.34526300
vn -59.53899700 -0.00000000 80.34368600
vn -59.19179800 0.00000000 80.59982000
vn -59.19179800 0.00000000 80.59982000
vn -59.19179800 -0.00000000 80.59982000
vn -44.82849500 36.75850700 81.48139800
vn -44.78635300 36.74130200 81.51232600
vn -23.30868400 67.98030300 69.53692300
vn -23.32676400 67.98767900 69.52364800
vn 1.71181200 88.35703000 46.79855700
vn 1.71181200 88.35703000 46.79855700
vn 1.71181200 88.35703000 46.79855700
vn 1.71181200 88.35703000 46.79855700
vn -29.44803700 84.20315200 45.19560100
vn -29.51687900 84.20671500 45.14402600
vn -55.84250600 33.88308500 75.72021600
vn -52.34385200 47.17107400 70.95781100
vn -39.60123600 74.26963800 53.99780500
vn -81.60970600 50.46165400 28.16872900
vn -81.79871900 51.02733300 26.55524100
vn -95.15813300 26.44263700 15.67535300
vn -94.92639000 28.30874300 13.69655100
vn -99.98475000 0.00069700 1.74633500
vn -99.98474100 -0.00022400 1.74689000
vn -99.98477000 -0.00000000 1.74524100
vn -99.98477000 -0.00000000 1.74524100
vn -99.98477000 -0.00000000 1.74524100
vn -94.88040200 -0.00000000 31.58653600
vn -94.60155800 -2.61841000 32.30617800
vn -81.07970100 -0.00000000 58.53274400
vn -81.24498700 -1.69325300 58.27851200
vn -90.11295500 22.37168100 37.13708800
vn -59.84757800 0.00000000 80.11409000
vn -59.84757800 -0.00000000 80.11409000
vn -59.84757800 -0.00000000 80.11409000
vn -59.84757800 -0.00000000 80.11409000
vn -65.16096700 -25.89871600 71.29729900
vn -65.17774200 -26.26939000 71.14619500
vn -65.42226500 -49.55033500 57.13747900
vn -65.42356000 -49.85261500 56.87244100
vn -60.58128100 -69.85557100 38.08027900
vn -60.58128100 -69.85557100 38.08027900
vn -60.58128100 -69.85557100 38.08027900
vn -29.44803200 -84.20313700 45.19563100
vn -29.51687300 -84.20671600 45.14402600
vn 1.71181200 -88.35703000 46.79855700
vn 1.71181200 -88.35703000 46.79855700
vn 1.71181200 -88.35703000 46.79855700
vn 1.71181200 -88.35703000 46.79855700
vn -23.30868400 -67.98030300 69.53692300
vn -23.32676400 -67.98767900 69.52364800
vn -44.78635300 -36.74130200 81.51232600
vn -44.82849500 -36.75850700 81.48139800
vn -59.19179800 -0.00000000 80.59982000
vn -59.19179800 -0.00000000 80.59982000
vn -59.19179800 -0.00000000 80.59982000
vn -59.53684600 -0.05154300 80.34526300
vn -59.53899700 -0.00000000 80.34368600
vn -47.65090600 -59.54611500 64.68115100
vn -52.34401600 -47.17098100 70.95775200
vn -58.79545900 -14.63983900 79.55356100
vn -81.24498700 1.69325300 58.27851200
vn -81.07970100 -0.00000000 58.53274400
vn -94.88040200 -0.00000000 31.58653600
vn -94.60155800 2.61841000 32.30617800
vn -99.98475000 -0.00064100 1.74636900
vn -99.98475900 -0.00156300 1.74581500
vn -99.98477000 -0.00000000 1.74524100
vn -99.98477000 -0.00000000 1.74524100
vn -99.98477000 -0.00000000 1.74524100
vn -94.92639000 -28.30874300 13.69655100
vn -95.15813300 -26.44263700 15.67535300
vn -81.60970600 -50.46165400 28.16872900
vn -81.79871900 -51.02733300 26.55524100
vn -90.09796800 -20.94477500 37.99569200
vn 0.00000000 -65.27826200 75.75452800
vn -38.07208100 -0.00000000 92.46900400
vn -38.07208100 -0.00000000 92.46900400
vn -41.41528200 -0.00000000 91.02073600
vn -41.45724500 -0.04584100 91.00161900
vn -43.87040200 -0.06259600 89.86314000
vn -43.84502900 -0.00000000 89.87554400
vn -44.93109600 -0.00000000 89.33754300
vn -44.94854300 0.01752000 89.32876500
vn -45.30774100 -0.00000000 89.14711800
vn -45.30774100 -0.00000000 89.14711800
vn -45.30774100 -0.00000000 89.14711800
vn -73.81734100 0.00012700 67.46110100
vn -73.87792900 -0.00000000 67.39474500
vn -92.95530500 -0.00009900 36.86884000
vn -92.92213800 -0.00000000 36.95235000
vn -99.98477000 -0.00000000 1.74524100
vn -99.98477000 -0.00000000 1.74524100
vn -99.98477000 -0.00000000 1.74524100
vn -99.98477000 -0.00000000 1.74524100
vn -97.63999300 -21.50180400 2.02586800
vn -97.64663700 -21.46651900 2.07912800
vn -90.85748700 -41.70801600 2.31484400
vn -90.84176200 -41.74228700 2.31426300
vn -80.10385800 -59.81143300 2.44223000
vn -80.09399200 -59.82457900 2.44381000
vn -66.09860600 -74.99941100 2.46226700
vn -66.04593900 -75.04577700 2.46276500
vn -65.92411600 -75.15583100 2.36896300
vn -39.38595600 -80.03736000 45.19698400
vn -66.44929500 -56.29076800 49.15120100
vn -50.70593100 -20.79548000 83.64482400
vn 0.00000000 -65.27826200 75.75452800
vn -0.00003800 -65.27828300 75.75451000
vn -50.94158900 -13.66452800 84.96019800
vn -68.91442300 -43.25419300 58.13671100
vn -72.65315100 -53.55142200 43.05537000
vn -56.27033800 -8.07318300 82.27072900
vn -79.48101000 -25.75768000 54.94825800
vn -85.60793500 -32.13124500 40.48289200
vn -57.68675000 -5.55516700 81.49465600
vn -82.26393500 -17.77881500 54.00517300
vn -89.05418400 -22.22249800 39.69273000
vn -45.30774100 0.00000000 89.14711800
vn -45.30774100 -0.00000000 89.14711800
vn -45.30774100 -0.00000000 89.14711800
vn -45.30774100 0.00000000 89.14711800
vn -73.87792900 -0.00000000 67.39474500
vn -73.83424900 -0.01036800 67.44259500
vn -92.94717300 0.01088900 36.88933200
vn -92.92213800 -0.00000000 36.95235000
vn -99.98477000 -0.00000000 1.74524100
vn -99.98477000 -0.00000000 1.74524100
vn -99.98477000 -0.00000000 1.74524100
vn -36.30749700 -28.64148500 88.66471100
vn -36.21083700 -28.73720400 88.67326800
vn -24.63057700 -53.83051300 80.59535000
vn -24.64636000 -53.70541100 80.67394700
vn -11.66677500 -74.00584900 66.23458800
vn -11.66620700 -73.96681200 66.27828000
vn 1.70867200 -88.35438000 46.80367500
vn 1.71181200 -88.35703000 46.79855700
vn 1.71181200 -88.35703000 46.79855700
vn 1.71181200 -88.35703000 46.79855700
vn -36.88467100 -81.85961000 44.02868700
vn -36.74001700 -81.91854600 44.04001500
vn -70.25959700 -62.30807400 34.36994200
vn -69.80247400 -62.75927200 34.48026000
vn -91.86223400 -34.23170400 19.73627100
vn -91.97364800 -33.99666000 19.62333200
vn -99.98477000 0.00000000 1.74524100
vn -99.98477000 0.00000000 1.74524100
vn -99.98477000 0.00000000 1.74524100
vn -99.98477000 -0.00000000 1.74524100
vn -99.98213000 -0.15558700 1.88398300
vn -99.98206300 -0.09779600 1.89143200
vn -99.98477000 -0.00000000 1.74524100
vn -99.98415700 -0.01131900 1.77994900
vn -99.98477000 -0.00000000 1.74524100
vn -50.99371700 -34.63799500 78.73912700
vn -67.49627300 -29.57597500 67.59818700
vn -79.27722200 -24.19973900 55.94188700
vn -90.90762500 -16.24585800 38.36503500
vn -97.86338200 -7.67055800 19.07671300
vn -31.44615300 -75.84650700 57.08280700
vn -53.89637500 -67.12491400 50.88641000
vn -70.58477600 -56.15464100 43.17922900
vn -87.11070600 -38.58367100 30.38133100
vn -97.00825200 -18.63565300 15.55992900
vn -97.61117900 -11.22815000 18.60071100
vn -89.81518300 -23.59815600 37.09932500
vn -76.77114800 -34.91998300 53.72881500
vn -63.55703600 -42.41415600 64.51001900
vn -45.26386400 -49.17548800 74.38382900
vn -0.00000000 -65.27826200 75.75452800
vn 0.00000000 -65.27826200 75.75452800
vn 0.00000000 -65.27826200 75.75452800
vn 0.00000000 -83.70937400 54.70594800
vn 0.00005200 -83.69207700 54.73240600
vn -0.00003000 -95.59742700 29.34505000
vn 0.00000000 -95.58814600 29.37526700
vn 0.00000000 -99.98477000 1.74524100
vn 0.00000000 -99.98477000 1.74524100
vn 0.00000000 -99.98477000 1.74524100
vn 0.00000000 -99.98477000 1.74524100
vn 0.00107700 -99.98478900 1.74415000
vn -0.00000000 -99.98476800 1.74534000
vn 0.00000000 -99.98477000 1.74524100
vn 0.00000000 -99.98476800 1.74533500
vn 0.00000000 -95.58812800 29.37532700
vn -0.07797400 -95.47844300 29.72979600
vn 0.02830600 -83.91176500 54.39499000
vn 0.00000000 -83.70935700 54.70597400
vn 0.00000000 -65.27826200 75.75452800
vn 0.00000000 -65.27826200 75.75452800
vn -0.00000000 -65.27826200 75.75452800
vn 0.00000000 -90.53900300 42.45808500
vn -51.50635300 -85.68174400 2.39462700
vn -51.32247500 -85.80023100 2.07943200
vn -35.29524200 -93.53709900 2.24877700
vn -35.42513400 -93.49495800 1.93716700
vn -18.31623500 -98.28988800 1.90093600
vn -17.93870200 -98.35691300 2.02994800
vn 0.00000000 -65.27826200 75.75452800
vn -0.11472400 -65.60033300 75.47571200
vn -0.37683400 -65.79443700 75.30571100
vn 0.00000000 -65.27826200 75.75452800
vn -0.29257600 -65.52865700 75.53747100
vn 0.00000000 -65.27826200 75.75452800
vn -38.07027800 -86.65654000 32.26915000
vn -30.01125500 -84.50980100 44.24271800
vn -8.99466900 -72.62833400 68.14852200
vn -24.58139300 -91.65829800 31.53587700
vn -19.29506100 -88.00368100 43.39415600
vn -5.74536900 -73.38658600 67.68603800
vn -12.59752300 -94.18705500 31.14644700
vn -9.87256700 -89.77400600 42.93204300
vn -2.93313000 -73.77402700 67.44471500
vn -59.84757800 -0.00000000 80.11409000
vn -59.84757800 -0.00000000 80.11409000
vn -59.84757800 0.00000000 80.11409000
vn -81.35471000 -0.00000000 58.14990300
vn -81.07970100 -0.00000000 58.53274400
vn -94.88040200 -0.00000000 31.58653600
vn -94.73045600 -0.00000000 32.03343000
vn -99.98477000 -0.00000000 1.74524100
vn -99.98477000 -0.00000000 1.74524100
vn -99.98477000 -0.00000000 1.74524100
vn -99.98477000 -0.00000000 1.74524100
vn -62.34962100 -0.00000000 78.18263700
vn -62.34962100 -0.00000000 78.18263700
vn -62.34962100 -0.00000000 78.18263700
vn -79.44319700 -19.70471200 57.45000300
vn -79.43429900 -19.71990000 57.45709400
vn -87.52712900 -36.35440500 31.89606300
vn -87.55090800 -36.31377000 31.87708500
vn -86.58935000 -50.00000000 1.51142300
vn -86.58935000 -50.00000000 1.51142300
vn -86.58935000 -50.00000000 1.51142300
vn -86.58935000 -50.00000000 1.51142300
vn -96.44923200 -26.35737900 1.68352800
vn -96.44414600 -26.37899700 1.63558200
vn -60.51685100 -0.00000000 79.60974000
vn -60.57033400 -0.01667300 79.56905400
vn -94.58568400 -19.06060100 26.27245400
vn -86.71795200 -12.82427200 48.12000400
vn -66.78488400 -0.00000000 74.42969400
vn -66.78488400 -0.00000000 74.42969400
vn -66.78488400 -0.00000000 74.42969400
vn -81.73071300 -19.39733400 54.25711000
vn -81.74504700 -19.37289700 54.24424600
vn -88.33616300 -36.04948600 29.95257700
vn -88.30598000 -36.10090200 29.97963900
vn -86.58935000 -50.00000000 1.51142300
vn -86.58935000 -50.00000000 1.51142300
vn -86.58935000 -50.00000000 1.51142300
vn -86.58935000 -50.00000000 1.51142300
vn -78.20902300 -15.97916000 60.23300800
vn -86.05223200 -30.05574100 41.12986500
vn -67.85982300 -0.00000000 73.45096600
vn -67.85982300 -0.00000000 73.45096600
vn -67.85982300 0.00000000 73.45096600
vn -84.94890000 -0.00000000 52.76063300
vn -85.12098500 0.00000000 52.48254900
vn -95.92058200 -0.00000000 28.27086700
vn -95.82761700 0.00000000 28.58439700
vn -99.98477000 -0.00000000 1.74524100
vn -99.98477000 -0.00000000 1.74524100
vn -99.98477000 -0.00000000 1.74524100
vn -99.98477000 0.00000000 1.74524100
vn -96.41351400 -26.49233700 1.60950700
vn -96.41800300 -26.47142200 1.68298300
vn -67.56901100 -0.00000000 73.71857800
vn -67.62458100 -0.03558400 73.66759600
vn -89.09729800 -13.43126400 43.37364000
vn -67.85982300 -0.00000000 73.45096600
vn -67.85982300 0.00000000 73.45096600
vn -67.85982300 -0.00000000 73.45096600
vn -85.12098500 0.00000000 52.48254900
vn -84.94890000 -0.00000000 52.76063300
vn -95.92058200 -0.00000000 28.27086700
vn -95.82761700 0.00000000 28.58439700
vn -99.98477000 0.00000000 1.74524100
vn -99.98477000 -0.00000000 1.74524100
vn -99.98477000 -0.00000000 1.74524100
vn -99.98477000 -0.00000000 1.74524100
vn -91.25995600 -0.00000000 40.88545500
vn -91.25995600 -0.00000000 40.88545500
vn -91.25995600 -0.00000000 40.88545500
vn -91.25995600 -0.00000000 40.88545500
vn -66.78488400 -0.00000000 74.42969400
vn -66.78488400 0.00000000 74.42969400
vn -66.78488400 -0.00000000 74.42969400
vn -81.73071300 19.39733400 54.25711000
vn -81.74504700 19.37289700 54.24424600
vn -88.30598000 36.10090200 29.97963900
vn -88.33616300 36.04948600 29.95257700
vn -86.58935000 50.00000000 1.51142300
vn -86.58935000 50.00000000 1.51142300
vn -86.58935000 50.00000000 1.51142300
vn -86.58935000 50.00000000 1.51142300
vn -96.41351300 26.49233700 1.60951400
vn -96.41800300 26.47142300 1.68298300
vn -67.56901200 -0.00000000 73.71857700
vn -67.62458200 0.03558400 73.66759600
vn -89.24578500 12.58201600 43.32300500
vn -62.34962100 -0.00000000 78.18263700
vn -62.34962100 -0.00000000 78.18263700
vn -62.34962100 -0.00000000 78.18263700
vn -79.44319700 19.70471200 57.45000300
vn -79.43429900 19.71990000 57.45709400
vn -87.52712900 36.35440500 31.89606300
vn -87.55090800 36.31377000 31.87708500
vn -86.58935000 50.00000000 1.51142300
vn -86.58935000 50.00000000 1.51142300
vn -86.58935000 50.00000000 1.51142300
vn -86.58935000 50.00000000 1.51142300
vn -86.05193900 30.05581600 41.13042400
vn -78.20843500 15.97922500 60.23375300
vn -59.84757800 -0.00000000 80.11409000
vn -59.84757800 -0.00000000 80.11409000
vn -59.84757800 -0.00000000 80.11409000
vn -81.35471000 0.00000000 58.14990300
vn -81.07970100 -0.00000000 58.53274400
vn -94.73045600 0.00000000 32.03343000
vn -94.88040200 -0.00000000 31.58653600
vn -99.98477000 0.00000000 1.74524100
vn -99.98477000 -0.00000000 1.74524100
vn -99.98477000 -0.00000000 1.74524100
vn -99.98477000 -0.00000000 1.74524100
vn -96.44414700 26.37899500 1.63559600
vn -96.44923100 26.35738100 1.68352800
vn -60.51684900 -0.00000000 79.60974100
vn -60.57033200 0.01667400 79.56905500
vn -94.35601700 20.18134000 26.26129400
vn -86.61342500 13.57950000 48.10105900
vn -0.00000000 65.27826200 75.75452800
vn -0.00001900 65.27827200 75.75451900
vn -50.70022000 20.79231200 83.64907300
vn -0.00000000 65.27826200 75.75452800
vn -0.29255800 65.52863600 75.53748900
vn -0.00000000 65.27826200 75.75452800
vn -0.37684000 65.79443400 75.30571300
vn -0.00000000 65.27826200 75.75452800
vn -0.11472900 65.60034100 75.47570500
vn -0.00000000 65.27826200 75.75452800
vn -0.00000000 65.27826200 75.75452800
vn -0.00000000 65.27826200 75.75452800
vn 0.00005200 83.69207700 54.73240600
vn -0.00000000 83.70937400 54.70594800
vn -0.00000000 95.58814600 29.37526700
vn -0.00003000 95.59742700 29.34505000
vn -0.00000000 99.98477000 1.74524100
vn -0.00000000 99.98477000 1.74524100
vn -0.00000000 99.98477000 1.74524100
vn -0.00000000 99.98477000 1.74524100
vn -17.93856900 98.35693700 2.02994600
vn -18.31596300 98.28992100 1.90180500
vn -35.29498900 93.53719400 2.24877400
vn -35.42463000 93.49513100 1.93804900
vn -51.50600600 85.68195300 2.39462500
vn -51.32178200 85.80062300 2.08032900
vn -66.02009500 75.06644400 2.52509600
vn -65.92329000 75.15652600 2.36988400
vn -66.04553300 75.04613500 2.46276400
vn -66.41296000 56.30795100 49.18062000
vn -39.38719500 80.03686900 45.19677400
vn -9.16962600 72.57649900 68.18042000
vn -30.58149700 84.27422900 44.30153900
vn -38.78205700 86.32080000 32.32138000
vn -6.09749600 73.32147700 67.72578200
vn -20.46700600 87.70208400 43.46775900
vn -26.06560200 91.22577500 31.59813700
vn -3.11428300 73.75590100 67.45641800
vn -10.48182400 89.69347400 42.95593100
vn -13.37425500 94.07299400 31.16730700
vn 1.71181200 88.35703000 46.79855700
vn 1.70867200 88.35438000 46.80367500
vn 1.71181200 88.35703000 46.79855700
vn 1.71181200 88.35703000 46.79855700
vn -36.74001700 81.91854600 44.04001500
vn -36.88467100 81.85961000 44.02868700
vn -69.80247400 62.75927200 34.48026000
vn -70.25959700 62.30807400 34.36994200
vn -91.97364800 33.99666000 19.62333200
vn -91.86223400 34.23170400 19.73627100
vn -99.98477000 -0.00000000 1.74524100
vn -99.98477000 0.00000000 1.74524100
vn -99.98477000 0.00000000 1.74524100
vn -11.66687400 74.00584900 66.23457100
vn -11.66629000 73.96670400 66.27838500
vn -24.63072600 53.83024300 80.59548500
vn -24.64659500 53.70529300 80.67395400
vn -36.30754800 28.64135600 88.66473200
vn -36.21096400 28.73673600 88.67336800
vn -45.30774100 -0.00000000 89.14711800
vn -45.30774100 -0.00000000 89.14711800
vn -45.30774100 -0.00000000 89.14711800
vn -45.30774100 -0.00000000 89.14711800
vn -73.87792900 -0.00000000 67.39474500
vn -73.83424900 0.01036800 67.44259500
vn -92.94717300 -0.01088900 36.88933200
vn -92.92213800 -0.00000000 36.95235000
vn -99.98477000 -0.00000000 1.74524100
vn -99.98477000 -0.00000000 1.74524100
vn -99.98477000 0.00000000 1.74524100
vn -99.98477000 -0.00000000 1.74524100
vn -99.98415700 0.01131900 1.77995100
vn -99.98206300 0.09779900 1.89143600
vn -99.98477000 -0.00000000 1.74524100
vn -99.98477000 -0.00000000 1.74524100
vn -99.98213000 0.15558800 1.88398400
vn -40.23486300 60.12438100 69.03777700
vn -60.07375400 52.33931700 60.42962900
vn -74.55373400 43.32838100 50.63982800
vn -88.85008000 29.44684500 35.19299000
vn -97.39213200 14.09422500 17.77991800
vn -57.61727800 13.55147900 80.60153000
vn -71.99030800 11.47781000 68.45184700
vn -82.13074300 9.31678100 56.28266700
vn -92.15028600 6.19985700 38.33910000
vn -98.15106300 2.90245900 18.91942200
vn -97.61119000 11.22812000 18.60067100
vn -89.81523300 23.59809000 37.09924700
vn -76.77125400 34.91988800 53.72872600
vn -63.55718500 42.41404800 64.50994300
vn -45.26406100 49.17537100 74.38378700
vn -45.30774100 -0.00000000 89.14711800
vn -45.30774100 -0.00000000 89.14711800
vn -45.30774100 -0.00000000 89.14711800
vn -73.81734100 -0.00012700 67.46110100
vn -73.87792900 -0.00000000 67.39474500
vn -92.95530500 0.00009900 36.86884000
vn -92.92213800 -0.00000000 36.95235000
vn -99.98477000 -0.00000000 1.74524100
vn -99.98477000 -0.00000000 1.74524100
vn -99.98477000 -0.00000000 1.74524100
vn -99.98477000 -0.00000000 1.74524100
vn -80.09957600 59.81288700 2.54489200
vn -80.09270900 59.82635900 2.44229600
vn -90.95969000 41.48890100 2.23736300
vn -90.84634600 41.73231400 2.31416900
vn -97.65178900 21.44310200 2.07880900
vn -97.61893500 21.60111300 1.98378900
vn -44.64157100 -0.00000000 89.48256900
vn -44.66499700 0.00429500 89.47087800
vn -42.79733600 0.10710600 90.37907100
vn -42.76013300 -0.00000000 90.39674200
vn -40.65732400 -0.00000000 91.36181900
vn -40.72290100 0.03894300 91.33260000
vn -0.00000000 65.27826200 75.75452800
vn -38.07208100 0.00000000 92.46900400
vn -38.07208100 -0.00000000 92.46900400
vn -91.45438800 10.43585700 39.07925000
vn -84.34307600 35.02827600 40.73408100
vn -79.79414800 43.51587000 41.70447300
vn -74.76180500 35.00641600 56.43778300
vn -53.88643900 11.01880200 83.51549400
vn -84.20457000 8.31585500 53.29575000
vn -58.68535700 2.53361500 80.92965900
vn -55.72538200 8.84868500 82.56138700
vn -78.45061600 28.11422500 55.27288000
vn -0.00000000 65.27826200 75.75452800
vn 0.00000000 65.27826200 75.75452800
vn -0.00000000 65.27826200 75.75452800
vn -0.00000000 83.70935500 54.70597700
vn 0.02830600 83.91176300 54.39499300
vn -0.00000000 95.58812500 29.37533400
vn -0.07797400 95.47844100 29.72980400
vn -0.00000000 99.98476800 1.74534700
vn 0.00099800 99.98478700 1.74423000
vn -0.00000000 99.98476800 1.74535300
vn -0.00000000 99.98477000 1.74524100
vn -0.00000000 90.53900300 42.45808500
vn -16.12460100 -97.02694700 18.04906500
vn -16.08972700 -97.01988500 18.11802000
vn -0.01688000 -65.32739500 75.71216000
vn 0.00000000 -65.27826200 75.75452800
vn -9.62367400 -84.75116900 52.19793400
vn 0.00000000 65.27826200 75.75452800
vn -0.00000000 65.27826200 75.75452800
vn 0.00000000 65.27826200 75.75452800
vn -62.70668600 4.62503100 77.75911900
vn -11.51709600 67.50380400 72.87381600
vn -11.51709600 67.50380300 72.87381600
vn -14.34128200 67.90438300 71.99529500
vn -14.34128200 67.90438300 71.99529500
vn -51.41730300 67.13317800 53.37974700
vn -51.44433300 67.09202300 53.40544000
vn -51.44433300 67.09202300 53.40544000
vn -46.97931300 73.43692900 48.98940400
vn -46.88635400 73.66028400 48.74251000
vn -42.05390300 79.29412800 44.08980100
vn -42.12852800 79.32199200 43.96826900
vn -37.02943100 84.36550600 38.87521900
vn -36.76516800 84.51261200 38.80645300
vn -31.27194500 88.95603100 33.30000100
vn -31.27194500 88.95603100 33.30000100
vn -31.16402300 89.03394300 33.19277900
vn -31.27194500 88.95603100 33.30000100
vn -21.48478000 84.11776400 49.62465100
vn -21.48477800 84.11776600 49.62464900
vn -11.03993500 76.23661400 63.76596600
vn -11.03993500 76.23661500 63.76596600
vn -0.00000000 65.27826200 75.75452800
vn 0.00000000 65.27826200 75.75452800
vn 0.00000000 65.27826200 75.75452800
vn -0.02349300 65.29151600 75.74310100
vn -0.00000000 65.27826200 75.75452800
vn -21.47198500 74.81323000 62.78482700
vn -16.12459600 97.02694900 18.04906000
vn -16.08977500 97.01984900 18.11817000
vn -0.01688000 65.32739500 75.71216000
vn -0.00000000 65.27826200 75.75452800
vn -9.66584400 84.72328200 52.23539900
vn -11.41052800 66.72811400 73.60134900
vn -70.40401800 6.57831100 70.71067800
vn -70.40401800 6.57831100 70.71067800
vn -70.39615000 6.66199100 70.71067800
vn -12.09903300 66.72773100 73.49165400
vn -70.38827600 6.74466900 70.71067800
vn -12.78586800 66.71675300 73.38526100
vn -70.38042400 6.82612000 70.71067800
vn -13.46893900 66.69521600 73.28257500
vn -13.99110400 66.66165500 73.21525000
vn -70.37230200 6.90935400 70.71067800
vn -14.14660100 66.66212200 73.18493800
vn -28.20047300 66.65514300 69.00597900
vn -28.15103400 66.66545000 69.01620900
vn -41.64311300 65.22303000 63.33883100
vn -41.54914900 65.24806900 63.37474000
vn -54.47765600 62.07052100 56.38648300
vn -54.32801700 62.33238700 56.24180000
vn -54.32801700 62.33238700 56.24180000
vn -54.32801700 62.33238700 56.24180000
vn -26.78777500 67.88119300 68.37074500
vn -69.64813300 12.21219000 70.71067800
vn -69.64840100 12.21004100 70.71078500
vn -69.64813300 12.21219000 70.71067800
vn -64.91424800 36.98020000 66.47258900
vn -64.92392100 36.65873100 66.64099300
vn -40.47738000 55.08179300 72.99025800
vn -34.83392200 -0.71155700 93.73415400
vn 0.00000000 -65.27826200 75.75452800
vn 0.00000000 -65.27826200 75.75452800
vn 0.00000000 0.00000000 100.00000000
vn 0.00000000 0.00000000 100.00000000
vn 0.00000000 0.00000000 100.00000000
vn 0.00000000 0.00000000 100.00000000
vn 0.00000000 -65.27826200 75.75452800
vn 34.83392200 -0.71155700 93.73415400
vn 0.00000000 -65.27826200 75.75452800
vn -0.00000000 -65.27826200 75.75452800
vn 0.00000000 -65.27826200 75.75452800
vn 62.70668600 -4.62503100 77.75911900
vn 0.00000000 -65.27826200 75.75452800
vn 0.02349300 -65.29151600 75.74310100
vn 0.00000000 -65.27826200 75.75452800
vn 0.00000000 -65.27826200 75.75452800
vn 0.00000000 -65.27826200 75.75452800
vn 0.00000000 -65.27826200 75.75452800
vn 0.01688000 -65.32739500 75.71216000
vn 0.00000000 -65.27826200 75.75452800
vn -0.00000000 -65.27826200 75.75452800
vn 0.00000000 -65.27826200 75.75452800
vn 0.00000000 -65.27826200 75.75452800
vn 0.00000000 -65.27826200 75.75452800
vn 0.00000000 -65.27826200 75.75452800
vn 0.00000000 -65.27826200 75.75452800
vn 0.00000000 -65.27826200 75.75452800
vn 0.00000000 -65.27826200 75.75452800
vn 0.00000000 -65.27826200 75.75452800
vn 0.00000000 -65.27826200 75.75452800
vn 0.00000000 -65.27826200 75.75452800
vn 0.00000000 -65.27826200 75.75452800
vn 0.00000000 -65.27826200 75.75452800
vn -26.67493800 -0.00000000 96.37659300
vn 0.00000000 -65.27826200 75.75452800
vn -35.05312500 -0.72658100 93.65228500
vn 0.00000000 0.00000000 100.00000000
vn 0.00000000 0.00000000 100.00000000
vn 0.00000000 -65.27826200 75.75452800
vn 0.00000000 -65.27826200 75.75452800
vn 0.00000000 0.00000000 100.00000000
vn 0.00000000 0.00000000 100.00000000
vn 35.05312500 -0.72658100 93.65228500
vn 0.00000000 -65.27826200 75.75452800
vn -39.82773600 -81.61933700 41.85732100
vn -39.88429500 -81.56390200 41.91148900
vn -47.79748900 -72.36854000 49.78146700
vn -47.51247100 -72.74489400 49.50500600
vn -43.56294100 -77.61493800 45.58718700
vn 0.00000000 -99.98477000 1.74524100
vn -0.00031300 -99.98476400 1.74555700
vn 0.00000000 -99.98477000 1.74524100
vn -0.00095400 -99.98475300 1.74620500
vn 0.00000000 -99.98477000 1.74524100
vn 0.00000000 -99.98477000 1.74524100
vn 0.00000000 -99.98477000 1.74524100
vn -32.50919800 -88.10121500 34.37045100
vn -32.50775400 -88.10119000 34.37188100
vn -57.86804300 -55.85899600 59.42274100
vn -57.86756800 -55.85898800 59.42321100
vn -69.81534000 -11.21687600 70.71067800
vn -69.81534000 -11.21687600 70.71067800
vn -69.81534000 -11.21687600 70.71067800
vn -69.81534000 -11.21687600 70.71067800
vn -69.76468600 -11.53170200 70.71003000
vn -69.76461900 -11.52813500 70.71067800
vn -69.70910300 -11.85921500 70.71067800
vn -69.70929000 -11.86099100 70.71019600
vn -65.81859400 -33.84178800 67.25062100
vn -57.24815000 -56.96826900 58.96834400
vn -44.58483700 -76.49856400 46.47754300
vn -32.76242700 -87.87426300 34.70932500
vn 0.00000000 -99.98477000 1.74524100
vn -0.53792000 -99.98214900 -1.81124300
vn 0.00000000 -99.98477000 1.74524100
vn 0.00000000 -99.98477000 -1.74524100
vn 0.00000000 -99.98477000 1.74524100
vn 0.00000000 -99.98477000 -1.74524100
vn 0.00000000 -99.98477000 1.74524100
vn 0.00000000 -99.98477000 -1.74524100
vn 0.00008900 -99.98477000 -1.74524100
vn 0.00009300 -99.98477000 1.74524100
vn 0.00000000 -99.98477000 1.74524100
vn -0.00000000 -99.98477000 1.74524100
vn -0.00000000 -99.98477000 1.74524100
vn 0.00000000 -99.98477000 1.74524100
vn -0.00712900 -99.98471700 1.74820900
vn -99.25461500 -0.00000000 -12.18693400
vn -99.98477000 -0.00000000 1.74524100
vn -99.98477000 -0.00000000 1.74524100
vn -99.25461500 -0.00000000 -12.18693400
vn -99.25461500 -0.00000000 -12.18693400
vn -99.98454800 -0.18216400 1.74841600
vn -98.04795500 -19.55465700 2.05276100
vn -97.33115200 -19.38107100 -12.28906100
vn -92.56112400 -37.77912400 2.27509700
vn -91.88405200 -37.61373900 -11.93849300
vn -83.42740500 -55.08196600 2.41769000
vn -82.82125500 -54.92549100 -11.12789900
vn -70.94287400 -70.43450000 2.46775100
vn -70.44149300 -70.28840900 -9.87601600
vn -55.78815900 -82.95671200 2.42180100
vn -55.42691600 -82.82375000 -8.25126400
vn -38.95569300 -92.07183700 2.28709400
vn -38.77381500 -91.95687100 -6.36593900
vn -19.74280100 -97.94454600 -4.13374000
vn -19.66223900 -98.02640600 2.05426300
vn -99.25461500 -0.00000000 -12.18693400
vn -99.98477000 -0.00000000 1.74524100
vn -99.98477000 -0.00000000 1.74524100
vn -87.99929000 -47.13697800 -5.85065800
vn -86.58935000 -50.00000000 1.51142300
vn -86.58935000 -50.00000000 1.51142300
vn -96.48363400 -24.59957200 -9.26118100
vn -96.43979400 -26.39190000 1.68336300
vn -99.97782800 -1.17835800 1.74511900
vn -99.25461500 -0.00000000 -12.18693400
vn -99.25461500 -0.00000000 -12.18693400
vn -86.58935000 -50.00000000 1.51142300
vn -86.58935000 -50.00000000 1.51142300
vn -0.00000000 -0.00000000 -100.00000000
vn -86.58935000 -50.00000000 1.51142300
vn -92.32431400 -37.70760200 -7.37277200
vn -0.00000000 -0.00000000 -100.00000000
vn -86.58935000 -50.00000000 1.51142300
vn -90.28595800 -42.48070700 -6.62082000
vn -0.00000000 -0.00000000 -100.00000000
vn -99.98477000 -0.00000000 1.74524100
vn -99.98477000 -0.00000000 1.74524100
vn -98.46577600 -17.36481800 1.71872700
vn -0.00000000 -0.00000000 -100.00000000
vn -93.95495000 -34.20201400 1.63999000
vn -0.00000000 -0.00000000 -100.00000000
vn -0.00000000 -0.00000000 -100.00000000
vn -99.98477000 -0.00000000 1.74524100
vn -99.98477000 -0.00000000 1.74524100
vn -99.98477000 -0.00000000 1.74524100
vn -99.25461500 -0.00000000 -12.18693400
vn -99.25461500 -0.00000000 -12.18693400
vn -0.00000000 -0.00000000 -100.00000000
vn -99.98477000 -0.00000000 1.74524100
vn -99.25461500 0.00000000 -12.18693400
vn -0.00000000 -0.00000000 -100.00000000
vn -99.25461500 0.00000000 -12.18693400
vn -86.58935000 50.00000000 1.51142300
vn -0.00000000 -0.00000000 -100.00000000
vn -86.58935000 50.00000000 1.51142300
vn -0.00000000 -0.00000000 -100.00000000
vn -93.95495000 34.20201400 1.63999000
vn -98.46577600 17.36481800 1.71872700
vn -0.00000000 -0.00000000 -100.00000000
vn -87.99929000 47.13697800 -5.85065800
vn -86.58935000 50.00000000 1.51142300
vn -86.58935000 50.00000000 1.51142300
vn -90.28595800 42.48070700 -6.62082000
vn -86.58935000 50.00000000 1.51142300
vn -0.00000000 -0.00000000 -100.00000000
vn -92.32431400 37.70760200 -7.37277200
vn -86.58935000 50.00000000 1.51142300
vn -99.25461500 -0.00000000 -12.18693400
vn -99.98477000 -0.00000000 1.74524100
vn -99.98477000 -0.00000000 1.74524100
vn -99.25461500 0.00000000 -12.18693400
vn -99.97782800 1.17835800 1.74511900
vn -99.25461500 0.00000000 -12.18693400
vn -96.48363400 24.59957200 -9.26118100
vn -96.43979400 26.39190000 1.68336300
vn -99.98477000 -0.00000000 1.74524100
vn -99.98477000 -0.00000000 1.74524100
vn -99.25461500 -0.00000000 -12.18693400
vn 0.00000000 99.98477000 1.74524100
vn 0.00000000 99.98477000 1.74524100
vn -0.53792000 99.98214900 -1.81124300
vn -19.66223900 98.02640600 2.05426300
vn -19.74280100 97.94454600 -4.13374000
vn -38.95569300 92.07183700 2.28709400
vn -38.77381500 91.95687100 -6.36593900
vn -55.78815900 82.95671200 2.42180100
vn -55.42691600 82.82375000 -8.25126400
vn -70.94287400 70.43450000 2.46775100
vn -70.44149300 70.28840900 -9.87601600
vn -82.82125500 54.92549100 -11.12789900
vn -83.42740500 55.08196600 2.41769000
vn -91.88405200 37.61373900 -11.93849300
vn -92.56112400 37.77912400 2.27509700
vn -97.33115200 19.38107100 -12.28906100
vn -98.04795500 19.55465700 2.05276100
vn -99.98454800 0.18216400 1.74841600
vn -99.25461500 -0.00000000 -12.18693400
vn -99.25461500 -0.00000000 -12.18693400
vn -0.00000000 99.98477000 1.74524100
vn -0.00031300 99.98476400 1.74555700
vn -0.00000000 99.98477000 1.74524100
vn -0.00095400 99.98475300 1.74620500
vn -0.00000000 99.98477000 1.74524100
vn 0.00000000 99.98477000 1.74524100
vn -0.00000000 99.98477000 1.74524100
vn -0.00000000 99.98477000 1.74524100
vn -0.00713200 99.98471700 1.74821300
vn -0.00000000 99.98477000 1.74524100
vn -0.00000000 99.98477000 1.74524100
vn 0.00000000 99.98477000 1.74524100
vn 0.00009300 99.98477000 1.74524100
vn -0.00000000 99.98477000 -1.74524100
vn -0.00000000 99.98477000 1.74524100
vn 0.00008900 99.98477000 -1.74524100
vn 0.00000000 99.98477000 -1.74524100
vn -0.00000000 99.98477000 1.74524100
vn 0.00000000 99.98477000 -1.74524100
vn 0.00000000 -0.00000000 100.00000000
vn 0.00000000 -0.00000000 100.00000000
vn 0.00000000 -0.00000000 100.00000000
vn 0.69005100 -35.27764000 93.56822100
vn 0.68464900 -35.33888600 93.54514600
vn 1.28091100 -66.11562500 75.01388800
vn 1.27784000 -66.16696100 74.96866300
vn 1.71181200 -88.35703000 46.79855700
vn 1.71181200 -88.35703000 46.79855700
vn -73.86004400 -67.28712200 4.13969800
vn 1.71181200 -88.35703000 46.79855700
vn 1.71181200 -88.35703000 46.79855700
vn 1.71181200 -88.35703000 46.79855700
vn 1.71181200 -88.35703000 46.79855700
vn 1.28091100 -66.11562500 75.01388800
vn 1.28194800 -66.16823000 74.96747200
vn 0.68336600 -35.27325500 93.56992300
vn 0.68464900 -35.33888600 93.54514600
vn -0.00000000 0.00000000 100.00000000
vn -0.00000000 0.00000000 100.00000000
vn -0.00000000 0.00000000 100.00000000
vn -0.00000000 0.00000000 100.00000000
vn -34.53960600 -0.00000000 93.84570100
vn -34.43835900 -0.13009200 93.88281300
vn -23.25786200 -0.25993100 97.25741300
vn -23.29472300 -0.00000000 97.24893800
vn -11.72830400 -0.00000000 99.30985300
vn -11.79604300 -0.15402400 99.30171000
vn 1.71181200 -88.35703000 46.79855700
vn 1.71121300 -88.35497400 46.80246000
vn 1.71181200 -88.35703000 46.79855700
vn 1.70815800 -88.35060200 46.81082500
vn 1.70497300 -88.34909300 46.81378800
vn 1.71181200 -88.35703000 46.79855700
vn -30.71068500 -15.97191900 93.81765100
vn -19.19499600 -52.08233700 83.18042100
vn -13.37092100 -65.08378900 74.73499100
vn -20.22713200 -15.84065600 96.64334800
vn -12.31825500 -51.76375100 84.66861700
vn -8.38366800 -64.76650700 75.72987300
vn -10.08382800 -15.77537500 98.23163400
vn -5.72515200 -51.57335100 85.48340200
vn -3.61184000 -64.57417800 76.27011300
vn 0.00000000 0.00000000 100.00000000
vn 0.00245000 -0.01275300 99.99999900
vn 0.00000000 0.00000000 100.00000000
vn 0.00736700 -0.01887600 99.99999800
vn 0.00000000 0.00000000 100.00000000
vn 0.00510100 -0.00807400 100.00000000
vn 0.00000000 0.00000000 100.00000000
vn 0.00000000 0.00000000 100.00000000
vn 0.00000000 -0.00000000 100.00000000
vn 21.44713500 -22.36994800 95.07684200
vn 21.82177800 -22.76020900 94.89880300
vn 40.53087700 -42.28064400 81.05303900
vn 40.85443200 -42.61238200 80.71617100
vn 33.85131100 -75.68537100 55.90897400
vn -68.68970900 -72.59204100 3.48130900
vn 49.33558200 -64.55580200 58.29707300
vn -69.62711000 -71.68762700 3.59856600
vn 38.08584200 -73.19395100 56.49879800
vn 21.13745200 -82.39779900 52.57195800
vn -71.42316500 -69.88630200 3.82574800
vn 5.48085600 -78.17433800 62.11870200
vn 2.34007500 -34.89324600 93.68556700
vn 1.52154900 -35.16971400 93.59901800
vn 2.05924400 -49.15481400 87.06069000
vn 12.58129100 -29.77237400 94.63253600
vn 17.62172700 -41.75154900 89.14192600
vn 29.10745900 -67.78220400 67.51539600
vn 3.20568900 -48.78380800 87.23453300
vn 3.63729600 -78.66779300 61.62912000
vn -13.70587500 -99.02680700 -2.41671600
vn 7.79699300 -3.84750300 99.62130100
vn -13.70587500 -99.02680700 -2.41671600
vn -30.80614700 -95.13375400 -0.74169800
vn 25.09554000 -15.50296800 95.55036300
vn 38.79182200 -29.27901100 87.39527500
vn -45.93170700 -88.82321500 0.84539800
vn -13.70587500 -99.02680700 -2.41671600
vn 0.00000000 -0.00000000 100.00000000
vn 0.00000000 -0.00000000 100.00000000
vn -13.70587500 -99.02680700 -2.41671600
vn 3.30895300 -1.55460100 99.93314800
vn -13.70587500 -99.02680700 -2.41671600
vn 6.50491300 -3.16653200 99.73795300
vn -13.70587500 -99.02680700 -2.41671600
vn 7.15187100 -3.50461500 99.68233800
vn 39.02587100 -29.64700700 87.16671600
vn 20.80197000 -15.66305400 96.55022900
vn 21.81916800 -14.59335000 96.49330600
vn 18.71060400 -17.74650400 96.61767400
vn 35.19576900 -33.54260200 87.38507700
vn -13.70587500 -99.02680700 -2.41671600
vn -13.70587500 -99.02680700 -2.41671600
vn -13.70587500 -99.02680700 -2.41671600
vn -52.68245500 -84.98248200 1.59269000
vn -52.68244600 -84.98248800 1.59268900
vn -82.77614100 -55.85127800 5.36145800
vn -82.77613500 -55.85128700 5.36145700
vn -98.15786800 -17.27584000 8.15955700
vn -98.15786800 -17.27584000 8.15955700
vn -98.15786800 -17.27584000 8.15955700
vn -98.15786800 -17.27584000 8.15955700
vn -98.16986300 -17.20706900 8.16056400
vn -98.16984800 -17.20715700 8.16056000
vn 1.71181200 -88.35703000 46.79855700
vn -31.72086000 -94.83336200 -0.64843800
vn -69.29230200 -72.01334300 3.55745000
vn -81.30337300 -57.99348300 5.14950700
vn 0.00000000 0.00000000 100.00000000
vn 99.44524000 5.91172300 -8.70033100
vn -13.70587500 -99.02680700 -2.41671600
vn -13.70587500 -99.02680700 -2.41671600
vn 99.44021200 5.99556500 -8.70043000
vn 99.44023600 5.99594000 -8.69989300
vn -13.70587500 -99.02680700 -2.41671600
vn 94.32508200 5.25962500 -32.78894900
vn -13.70587500 -99.02680700 -2.41671600
vn 83.82443000 4.23669100 -54.36465200
vn 62.04975400 2.45888400 -78.38228100
vn -13.70587500 -99.02680700 -2.41671600
vn -13.70587500 -99.02680700 -2.41671600
vn 28.18551800 -0.00000000 -95.94569600
vn 28.18551800 -0.00000000 -95.94569600
vn -13.70587500 -99.02680700 -2.41671600
vn 25.21371600 0.00000000 -96.76915100
vn -13.70587500 -99.02680700 -2.41671600
vn 22.21793600 0.00000000 -97.50058100
vn 19.20102700 0.00000000 -98.13929200
vn -17.36481800 -0.00000000 98.48077500
vn -98.48077500 -0.00000000 -17.36481800
vn -13.70587500 -99.02680700 -2.41671600
vn -17.36481800 -0.00000000 98.48077500
vn 98.48077500 0.00000000 17.36481800
vn -13.70587500 -99.02680700 -2.41671600
vn 98.48077500 0.00000000 17.36481800
vn -13.70587500 -99.02680700 -2.41671500
vn -13.70587500 -99.02680700 -2.41671600
vn -13.70587500 -99.02680700 -2.41671600
vn -13.70590800 -99.02680600 -2.41657500
vn -13.70587500 -99.02680700 -2.41671600
vn -13.70587500 -99.02680700 -2.41671600
vn -13.70587500 -99.02680700 -2.41671600
vn -13.70487100 -99.02687000 -2.41983200
vn -13.70587500 -99.02680700 -2.41671600
vn -13.70352500 -99.02697000 -2.42335500
vn -13.70587500 -99.02680700 -2.41671600
vn -13.70587500 -99.02680700 -2.41671600
vn -13.70587500 -99.02680700 -2.41671600
vn -13.70587500 -99.02680700 -2.41671600
vn -13.73951700 -99.02324600 -2.37115700
vn -13.70587500 -99.02680700 -2.41671600
vn -13.73329800 -99.02353100 -2.39518000
vn -13.70587500 -99.02680700 -2.41671600
vn -13.70593900 -99.02679900 -2.41669000
vn -13.70587500 -99.02680700 -2.41671600
vn -13.70587500 -99.02680700 -2.41671600
vn -13.70586800 -99.02680800 -2.41671600
vn -13.70588000 -99.02680600 -2.41671500
vn 0.00000000 0.00000000 100.00000000
vn 0.00000000 -100.00000000 0.00000000
vn 0.00000000 0.00000000 100.00000000
vn 0.00000000 -100.00000000 0.00000000
vn 0.00000000 0.00000000 100.00000000
vn -98.48077500 -0.00000000 -17.36481800
vn 0.00000000 -100.00000000 0.00000000
vn -98.48077500 -0.00000000 -17.36481800
vn 0.00000000 0.00000000 100.00000000
vn 0.00000000 -100.00000000 0.00000000
vn -100.00000000 -0.00000000 0.00000000
vn 0.00000000 0.00000000 100.00000000
vn 0.00000000 0.00000000 100.00000000
vn -100.00000000 -0.00000000 0.00000000
vn -0.00000000 100.00000000 -0.00000000
vn -0.00000000 100.00000000 -0.00000000
vn 0.00000000 0.00000000 100.00000000
vn -98.48077500 -0.00000000 -17.36481800
vn -98.48077500 -0.00000000 -17.36481800
vn -0.00000000 100.00000000 -0.00000000
vn 0.00000000 0.00000000 100.00000000
vn -0.00000000 100.00000000 -0.00000000
vn 0.00000000 0.00000000 100.00000000
vn 0.00000000 0.00000000 100.00000000
vn 0.00000000 0.00000000 100.00000000
vn -0.00000000 -0.00000000 100.00000000
vn 0.00000000 0.00000000 100.00000000
vn 0.00000000 0.00000000 100.00000000
vn 0.00000000 0.00000000 100.00000000
vn 0.00000000 0.00000000 100.00000000
vn 0.00000000 0.00000000 100.00000000
vn 0.00253300 0.01318600 99.99999900
vn 0.00000000 0.00000000 100.00000000
vn 0.00734900 0.01882600 99.99999800
vn 0.00000000 0.00000000 100.00000000
vn 0.00506000 0.00800600 100.00000000
vn 0.00000000 0.00000000 100.00000000
vn 0.00000000 0.00000000 100.00000000
vn 0.00000000 0.00000000 100.00000000
vn 0.00000000 0.00000000 100.00000000
vn 0.00000000 0.00000000 100.00000000
vn 0.00000000 0.00000000 100.00000000
vn -13.70587500 99.02680700 -2.41671600
vn 0.00000000 0.00000000 100.00000000
vn -13.70587500 99.02680700 -2.41671600
vn 99.44524000 -5.91172300 -8.70033100
vn 0.00000000 0.00000000 100.00000000
vn 99.57592900 -2.95626700 -8.71176500
vn 0.00000000 0.00000000 100.00000000
vn 99.61947000 -0.00000000 -8.71557400
vn 0.00000000 0.00000000 100.00000000
vn 99.57592900 2.95626700 -8.71176500
vn -98.16497800 -17.24656600 8.13590700
vn -1.91601600 -82.75588200 56.10519400
vn -98.16497800 -17.24656600 8.13590700
vn -12.28919100 -60.26486600 78.84872600
vn -98.67613700 -13.93183100 8.30205000
vn -21.81840600 -28.75000000 93.25982300
vn -99.18352700 -9.49916500 8.50846100
vn -27.56373500 -0.00000100 96.12617000
vn -27.56373600 -0.00000000 96.12617000
vn -99.46733600 -5.56439000 8.67679200
vn -27.56373600 -0.00000000 96.12617000
vn -27.56373600 0.00000000 96.12617000
vn -27.56373600 -0.00000000 96.12617000
vn -27.56373600 -0.00000000 96.12617000
vn -20.07497100 -35.59545800 91.26860800
vn -20.05661600 -35.66500200 91.24549200
vn -9.83750100 -66.50748800 74.02687100
vn -9.81502300 -66.56258300 73.98032100
vn 1.71181200 -88.35703000 46.79855700
vn 1.71181200 -88.35703000 46.79855700
vn 1.71181200 -88.35703000 46.79855700
vn 1.71181200 -88.35703000 46.79855700
vn -98.16505000 -17.24595100 8.13634000
vn 1.71181200 -88.35703000 46.79855700
vn 0.50534200 -86.61938200 49.96826300
vn -98.16502500 -17.24616200 8.13620400
vn -0.70449100 -84.75175000 53.07206900
vn -98.16500100 -17.24636700 8.13605900
vn -9.83750100 -66.50748800 74.02687100
vn -9.83750100 -66.50748800 74.02687100
vn -20.05661600 -35.66500200 91.24549200
vn -20.05661600 -35.66500200 91.24549200
vn 1.65238800 -88.30859200 46.89202700
vn 1.71181200 -88.35703000 46.79855700
vn -44.06777000 0.00543900 89.76654000
vn -44.06696700 -0.00000000 89.76693400
vn -17.55415300 -65.53886400 73.46093600
vn -24.95405500 -52.58083700 81.31759200
vn -39.40624700 -16.36479700 90.43971000
vn -27.56373600 -0.00000000 96.12617000
vn -27.56373600 -0.00000000 96.12617000
vn -27.56373600 -0.00000000 96.12617000
vn -27.56373600 -0.00000000 96.12617000
vn -44.06696700 -0.00000000 89.76693400
vn -44.06777000 -0.00543900 89.76654000
vn -99.47926700 -5.33134700 8.68632600
vn -27.56373600 -0.00000000 96.12617000
vn -99.49065600 -5.09825300 8.69581300
vn -27.56373600 -0.00000000 96.12617000
vn -99.50150400 -4.86510800 8.70525400
vn -27.56373600 -0.00000000 96.12617000
vn -99.50150400 -4.86510700 8.70525400
vn -99.60636000 -1.62226300 8.71442700
vn -27.56373600 -0.00000000 96.12617000
vn -99.60636000 1.62226300 8.71442700
vn -27.56373600 -0.00000000 96.12617000
vn -99.50150400 4.86510800 8.70525400
vn -27.56373600 -0.00000000 96.12617000
vn -99.50150400 4.86510700 8.70525400
vn -27.56373600 -0.00000000 96.12617000
vn -99.49065600 5.09825300 8.69581300
vn -99.47926700 5.33134700 8.68632600
vn -27.56373600 -0.00000000 96.12617000
vn -99.46733600 5.56439000 8.67679200
vn -27.56373500 0.00000100 96.12617000
vn -27.56373600 -0.00000000 96.12617000
vn -20.07497100 35.59545800 91.26860800
vn -20.05661600 35.66500200 91.24549200
vn -9.83750100 66.50748800 74.02687100
vn -9.81502300 66.56258300 73.98032100
vn 1.71181200 88.35703000 46.79855700
vn 1.71181200 88.35703000 46.79855700
vn 1.71181200 88.35703000 46.79855700
vn 1.71181200 88.35703000 46.79855700
vn 1.65238800 88.30859200 46.89202700
vn -39.75116700 16.37161900 90.28740100
vn -25.18469800 52.59773600 81.23551600
vn -17.72204600 65.55570200 73.40557900
vn -1.91601600 82.75588200 56.10519400
vn -98.16497800 17.24656600 8.13590700
vn -98.16497800 17.24656600 8.13590700
vn -0.70449100 84.75175100 53.07206900
vn -98.16500100 17.24636700 8.13605900
vn 0.50534200 86.61938200 49.96826300
vn -98.16502500 17.24616200 8.13620400
vn 1.71181200 88.35703000 46.79855700
vn 1.71181200 88.35703000 46.79855700
vn -98.16505000 17.24595100 8.13634000
vn -16.65372200 47.46694700 86.42651500
vn -98.90864600 12.11219600 8.38894900
vn -9.83750100 66.50748800 74.02687100
vn -9.83750100 66.50748800 74.02687100
vn -20.05661600 35.66500200 91.24549200
vn -20.05661600 35.66500200 91.24549200
vn 1.70497300 88.34909300 46.81378800
vn 1.71181200 88.35703000 46.79855700
vn 1.71181200 88.35703000 46.79855700
vn 1.70815800 88.35060200 46.81082500
vn 1.71121300 88.35497400 46.80246000
vn 1.71181200 88.35703000 46.79855700
vn 1.71181200 88.35703000 46.79855700
vn 1.71181200 88.35703000 46.79855700
vn 1.71181200 88.35703000 46.79855700
vn 1.28194800 66.16823000 74.96747200
vn 1.28091100 66.11562500 75.01388800
vn 0.68336600 35.27325500 93.56992300
vn 0.68464900 35.33888600 93.54514600
vn -11.72830400 -0.00000000 99.30985300
vn -11.79604300 0.15402400 99.30171000
vn -23.29472300 -0.00000000 97.24893800
vn -23.25786200 0.25993100 97.25741300
vn -34.43835900 0.13009200 93.88281300
vn -34.53960600 -0.00000000 93.84570100
vn -13.51723400 65.09504000 74.69886300
vn -8.67890800 64.78186900 75.68345900
vn -3.76183000 64.57864600 76.25907900
vn -19.39264400 52.09352400 83.12755300
vn -30.99621500 15.97660500 93.72290400
vn -12.71831100 51.77875300 84.60026800
vn -20.81234400 15.84606200 96.51812600
vn -5.92876200 51.57768100 85.46691000
vn -10.38401000 15.77665000 98.20015100
vn -73.86004400 67.28712200 4.13969800
vn 1.71181200 88.35703000 46.79855700
vn 1.71181200 88.35703000 46.79855700
vn 1.71181200 88.35703000 46.79855700
vn 1.28091100 66.11562500 75.01388800
vn 1.27784000 66.16696000 74.96866400
vn 0.69005100 35.27764000 93.56822100
vn 0.68464900 35.33888600 93.54514600
vn 49.25635300 64.62023800 58.29268000
vn -68.68970900 72.59204100 3.48130900
vn 45.98569700 67.41462500 57.79778600
vn 40.85443200 42.61238200 80.71617100
vn 40.53236500 42.27921700 81.05303900
vn 21.44713500 22.36994800 95.07684200
vn 21.82165400 22.76032800 94.89880300
vn 16.47653800 74.29882500 64.87070400
vn 2.33926300 34.89323100 93.68559300
vn 2.05992400 49.15487200 87.06064100
vn 3.20430200 48.78396800 87.23449400
vn 1.52181500 35.16962400 93.59904700
vn 3.64086300 78.66760900 61.62914400
vn 13.31831900 29.27194200 94.68778000
vn 18.66164300 41.05505000 89.25371700
vn 30.83910000 66.69335800 67.83027200
vn 7.17329400 32.87119000 94.17021100
vn 9.99049000 46.03546300 88.20955900
vn 5.47611500 78.17472000 62.11863900
vn 7.78310000 3.87734400 99.62123000
vn -13.70587500 99.02680700 -2.41671600
vn -13.70587600 99.02680700 -2.41671500
vn -45.95197500 88.81271100 0.84760000
vn 38.87768600 29.20737300 87.38109000
vn -30.82418700 95.12792500 -0.73986700
vn 25.11009800 15.51864000 95.54399400
vn 20.83797800 15.61645400 96.55001300
vn 37.15527500 31.58891100 87.30192600
vn 19.78047400 16.70672400 96.58994900
vn 21.80088600 14.62199100 96.49310200
vn 39.10985900 29.54590500 87.16340100
vn -98.16986300 17.20706900 8.16056400
vn 1.71181200 88.35703000 46.79855700
vn -98.16984800 17.20715700 8.16056000
vn -98.15786800 17.27584000 8.15955700
vn -98.15786800 17.27584000 8.15955700
vn -98.15786800 17.27584000 8.15955700
vn -98.15786800 17.27584000 8.15955700
vn -98.15786800 17.27584000 8.15955700
vn -82.77614100 55.85127800 5.36145800
vn -82.77613500 55.85128700 5.36145700
vn -52.68244600 84.98248800 1.59268900
vn -52.68245500 84.98248200 1.59269000
vn -13.70587500 99.02680700 -2.41671600
vn -13.70587500 99.02680700 -2.41671600
vn -13.70587500 99.02680700 -2.41671600
vn -81.30337400 57.99348300 5.14950700
vn -69.29230200 72.01334200 3.55745000
vn -31.72086000 94.83336200 -0.64843800
vn 100.00000000 0.00000000 -0.00000000
vn 0.00000000 -100.00000000 0.00000000
vn 100.00000000 0.00000000 -0.00000000
vn 0.00000000 -100.00000000 0.00000000
vn 0.00000000 -100.00000000 0.00000000
vn 0.00000000 -100.00000000 0.00000000
vn 100.00000000 0.00000000 -0.00000000
vn 100.00000000 0.00000000 -0.00000000
vn 0.00000000 -86.60254000 50.00000000
vn 100.00000000 0.00000000 -0.00000000
vn 0.00000000 -50.00000000 86.60254000
vn 0.00000000 -0.00000000 100.00000000
vn 100.00000000 0.00000000 -0.00000000
vn 0.00000000 -0.00000000 100.00000000
vn 0.00000000 -0.00000000 100.00000000
vn 0.00000000 -0.00000000 100.00000000
vn 0.00000000 -0.00000000 100.00000000
vn 0.00000000 -38.26834300 92.38795300
vn 38.26834300 0.00000000 92.38795300
vn 0.00000000 -70.71067800 70.71067800
vn 70.71067800 0.00000000 70.71067800
vn 92.38795300 0.00000000 38.26834300
vn 0.00000000 -92.38795300 38.26834300
vn 0.00000000 -98.07852800 19.50903200
vn 98.07852800 0.00000000 19.50903200
vn 0.00000000 -86.60254000 50.00000000
vn 0.00000000 -50.00000000 86.60254000
vn 0.00000000 -0.00000000 100.00000000
vn 0.00000000 -0.00000000 100.00000000
vn 0.00000000 -0.00000000 100.00000000
vn 100.00000000 0.00000000 -0.00000000
vn 0.00000000 0.00000000 100.00000000
vn 0.00000000 0.00000000 100.00000000
vn -0.00000000 50.00000000 86.60254000
vn 100.00000000 0.00000000 -0.00000000
vn 100.00000000 0.00000000 -0.00000000
vn -0.00000000 86.60254000 50.00000000
vn -0.00000000 100.00000000 0.00000000
vn -0.00000000 100.00000000 0.00000000
vn 100.00000000 0.00000000 -0.00000000
vn -0.00000000 100.00000000 0.00000000
vn 100.00000000 0.00000000 0.00000000
vn 100.00000000 0.00000000 0.00000000
vn -0.00000000 100.00000000 0.00000000
vn 98.07852800 0.00000000 19.50903200
vn -0.00000000 98.07852800 19.50903200
vn -0.00000000 92.38795300 38.26834300
vn 92.38795300 0.00000000 38.26834300
vn 70.71067800 0.00000000 70.71067800
vn -0.00000000 70.71067800 70.71067800
vn 38.26834300 0.00000000 92.38795300
vn -0.00000000 38.26834300 92.38795300
vn -0.00000000 50.00000000 86.60254000
vn -0.00000000 86.60254000 50.00000000
vn 50.00000000 0.00000000 86.60254000
vn 50.00000000 0.00000000 86.60254000
vn 50.00000000 0.00000000 86.60254000
vn 50.00000000 0.00000000 86.60254000
vn 50.00000000 0.00000000 86.60254000
vn 50.00000000 0.00000000 86.60254000
vn 50.00000000 0.00000000 86.60254000
vn 86.60254000 0.00000000 50.00000000
vn 86.60254000 0.00000000 50.00000000
vn 86.60254000 0.00000000 50.00000000
vn 86.60254000 0.00000000 50.00000000
vn 86.60254000 0.00000000 50.00000000
vn 86.60254000 0.00000000 50.00000000
vn 86.60254000 0.00000000 50.00000000
vn 0.00000000 -100.00000000 0.00000000
vn 0.00000000 0.00000000 100.00000000
vn 100.00000000 0.00000000 -0.00000000
vn 0.00000000 0.00000000 100.00000000
vn 100.00000000 0.00000000 -0.00000000
vn -0.00000000 100.00000000 -0.00000000
vn 0.00000000 0.00000000 100.00000000
vn 100.00000000 0.00000000 -0.00000000
vn -0.00000000 100.00000000 -0.00000000
vn 0.00000000 0.00000000 100.00000000
vn 0.00000000 -100.00000000 0.00000000
vn 100.00000000 0.00000000 -0.00000000
vn 0.00000000 0.00000000 100.00000000
vn -0.00000000 100.00000000 -0.00000000
vn 100.00000000 0.00000000 -0.00000000
vn 100.00000000 0.00000000 -0.00000000
vn 0.00000000 0.00000000 100.00000000
vn -0.00000000 100.00000000 -0.00000000
vn 0.00245900 99.98476000 1.74579100
vn -0.00000000 99.98477000 1.74524100
vn -0.00000000 99.98477000 1.74524100
vn 0.00225100 99.98475200 1.74622000
vn -0.00000000 99.98477000 1.74524100
vn 0.00139400 99.98475300 1.74619800
vn 0.00138400 99.98474500 1.74666100
vn -0.00000000 99.98477000 1.74524100
vn -0.00000000 99.98477000 1.74524100
vn 0.00166900 99.98472500 1.74778700
vn -0.00000000 99.98477000 1.74524100
vn 0.00110100 99.98472200 1.74794800
vn 0.00022200 99.98475000 1.74637300
vn -0.00000000 99.98477000 1.74524100
vn 0.00000000 99.98477000 1.74524100
vn -0.00000000 99.98477000 1.74524100
vn -0.00000000 99.98477000 1.74524100
vn 0.00000000 95.47849100 29.72974600
vn -0.00000000 95.58814600 29.37526700
vn 0.00000000 83.91178500 54.39496600
vn -0.00000000 83.70937400 54.70594800
vn 0.00000000 65.27826200 75.75452800
vn 0.00000000 65.27826200 75.75452800
vn -0.00000000 65.27826200 75.75452800
vn 0.00000000 65.27826200 75.75452800
vn 14.39456500 65.27429200 74.37784200
vn 14.36370700 65.28412400 74.37517800
vn 28.15600700 65.29341300 70.31365100
vn 28.12555000 65.31761400 70.30336200
vn 41.00634300 65.36600100 63.60633400
vn 40.99816300 65.33820000 63.64016200
vn 52.22963600 65.43365900 54.68547700
vn 52.25853800 65.40534900 54.69173300
vn 61.67409700 65.52075400 43.62724500
vn 61.79270000 65.48382200 43.51472500
vn 68.83594200 65.56919600 31.02085700
vn 68.78093600 65.61332600 31.04954600
vn 73.33965600 65.69133900 17.49121900
vn 73.36691100 65.71571700 17.28412100
vn 37.36105900 91.83987900 13.02259100
vn 34.18660500 91.74855000 20.33419900
vn 29.46221000 91.66951900 26.99402500
vn 23.51388900 91.59779300 32.51063600
vn 16.60072500 91.54557600 36.65819800
vn 12.67911600 91.52503000 38.24145600
vn 6.46122700 91.50545600 39.81211100
vn 0.00000000 99.98476800 1.74535300
vn -0.00000000 99.98476800 1.74534700
vn -0.00000000 99.98477000 1.74524100
vn -0.00099800 99.98478700 1.74423000
vn 0.07797400 95.47844100 29.72980400
vn -0.00000000 95.58812500 29.37533400
vn -0.02830600 83.91176300 54.39499300
vn -0.00000000 83.70935500 54.70597700
vn -0.00000000 65.27826200 75.75452800
vn -0.00000000 65.27826200 75.75452800
vn -0.00000000 65.27826200 75.75452800
vn 51.44433300 67.09202300 53.40544000
vn 51.44433300 67.09202300 53.40544000
vn 51.41730300 67.13317800 53.37974700
vn 14.34128200 67.90438300 71.99529500
vn 14.34128200 67.90438300 71.99529500
vn 11.52075400 67.50436000 72.87272200
vn 11.52075400 67.50436000 72.87272200
vn -0.00000000 65.27826200 75.75452800
vn 62.70668600 4.62503100 77.75911900
vn -0.00000000 65.27826200 75.75452800
vn 0.00000000 65.27826200 75.75452800
vn -0.00000000 65.27826200 75.75452800
vn 0.02349300 65.29151600 75.74310100
vn -0.00000000 65.27826200 75.75452800
vn -0.00000000 65.27826200 75.75452800
vn -0.00000000 65.27826200 75.75452800
vn 11.03993500 76.23661400 63.76596600
vn 11.03993500 76.23661500 63.76596600
vn 21.48478000 84.11776400 49.62465100
vn 21.48477800 84.11776600 49.62464900
vn 31.27194500 88.95603100 33.30000100
vn 31.27194500 88.95603100 33.30000100
vn 31.16411700 89.03387600 33.19287200
vn 31.27194500 88.95603100 33.30000100
vn 36.76524200 84.51254600 38.80652700
vn 37.02923300 84.36559700 38.87520900
vn 42.05390700 79.29412300 44.08980500
vn 42.12843800 79.32198300 43.96837100
vn 46.97925500 73.43700400 48.98934700
vn 46.88639000 73.66013500 48.74270200
vn 21.44487200 74.84356300 62.75793600
vn 0.01688000 65.32739500 75.71216000
vn -0.00000000 65.27826200 75.75452800
vn 16.12469700 97.02691300 18.04916300
vn 16.08977500 97.01984900 18.11817000
vn 10.47645500 86.03200200 49.88725800
vn 70.40636300 6.57928800 70.70825300
vn 70.40394800 6.57906200 70.71067800
vn 11.41401700 66.72801800 73.60089600
vn 54.32801700 62.33238700 56.24180000
vn 54.32801700 62.33238700 56.24180000
vn 54.32801700 62.33238700 56.24180000
vn 54.47759700 62.07062300 56.38642700
vn 41.54914900 65.24806900 63.37474000
vn 41.64311300 65.22303000 63.33883100
vn 28.15103400 66.66545000 69.01620900
vn 28.20047300 66.65514300 69.00597900
vn 13.99110400 66.66165500 73.21525000
vn 14.14660100 66.66212200 73.18493800
vn 70.37230200 6.90935400 70.71067800
vn 28.34139200 67.86938800 67.75331500
vn 69.64813300 12.21219000 70.71067800
vn 69.64813300 12.21219000 70.71067800
vn 69.64840100 12.21004100 70.71078500
vn 64.92392100 36.65873100 66.64099300
vn 64.91421500 36.98031000 66.47256100
vn 40.36976700 55.32631200 72.86481400
vn 34.83392200 0.71155700 93.73415400
vn -0.00000000 65.27826200 75.75452800
vn 0.00000000 0.00000000 100.00000000
vn -0.00000000 65.27826200 75.75452800
vn 0.00000000 0.00000000 100.00000000
vn 0.00000000 0.00000000 100.00000000
vn -0.00000000 65.27826200 75.75452800
vn -0.00000000 -0.00000000 100.00000000
vn -34.83392200 0.71155700 93.73415400
vn -0.00000000 65.27826200 75.75452800
vn -0.00000000 65.27826200 75.75452800
vn -0.00000000 65.27826200 75.75452800
vn -26.67493800 -0.00000000 96.37659300
vn -0.00000000 65.27826200 75.75452800
vn -0.00000000 65.27826200 75.75452800
vn -0.00000000 65.27826200 75.75452800
vn -0.00000000 65.27826200 75.75452800
vn 35.05312500 0.72658100 93.65228500
vn -0.00000000 65.27826200 75.75452800
vn 0.00000000 0.00000000 100.00000000
vn 0.00000000 0.00000000 100.00000000
vn -0.00000000 65.27826200 75.75452800
vn 0.00000000 0.00000000 100.00000000
vn -0.00000000 65.27826200 75.75452800
vn 0.00000000 0.00000000 100.00000000
vn -0.00000000 65.27826200 75.75452800
vn -35.05312500 0.72658100 93.65228500
vn 39.82773600 81.61933700 41.85732100
vn 39.88432600 81.56387100 41.91151900
vn 47.51247100 72.74489400 49.50500600
vn 47.79745700 72.36858400 49.78143500
vn 43.56294100 77.61493800 45.58718700
vn 0.00031300 99.98476400 1.74555700
vn -0.00000000 99.98477000 1.74524100
vn 0.00095400 99.98475300 1.74620500
vn -0.00000000 99.98477000 1.74524100
vn -0.00000000 99.98477000 1.74524100
vn -0.00000000 99.98477000 1.74524100
vn -0.00000000 99.98477000 1.74524100
vn 32.50929000 88.10114400 34.37054600
vn 32.50784800 88.10112000 34.37197400
vn 57.86751000 55.85911400 59.42314900
vn 57.86798200 55.85912200 59.42268200
vn 69.81534000 11.21687600 70.71067800
vn 69.81534000 11.21687600 70.71067800
vn 69.81534000 11.21687600 70.71067800
vn 69.81534000 11.21687600 70.71067800
vn 69.76461900 11.52813500 70.71067800
vn 69.76468600 11.53170200 70.71003000
vn 69.70910300 11.85921500 70.71067800
vn 69.70929000 11.86099100 70.71019600
vn 65.81857800 33.84184800 67.25060700
vn 57.24810200 56.96836000 58.96830200
vn 44.58483000 76.49856900 46.47754200
vn 32.76252800 87.87418500 34.70942900
vn 11.51709600 -67.50380300 72.87381600
vn 11.51709600 -67.50380400 72.87381600
vn 14.34128200 -67.90438300 71.99529500
vn 14.34128200 -67.90438300 71.99529500
vn 51.44433300 -67.09202300 53.40544000
vn 51.41730300 -67.13317800 53.37974700
vn 51.44433300 -67.09202300 53.40544000
vn 46.88635400 -73.66028400 48.74251000
vn 46.97931300 -73.43692900 48.98940400
vn 42.12852800 -79.32199200 43.96826900
vn 42.05390300 -79.29412800 44.08980100
vn 37.02943100 -84.36550600 38.87521900
vn 36.76516800 -84.51261200 38.80645300
vn 31.16411700 -89.03387600 33.19287200
vn 31.27194500 -88.95603100 33.30000100
vn 31.27194500 -88.95603100 33.30000100
vn 31.27194500 -88.95603100 33.30000100
vn 21.48477800 -84.11776600 49.62464900
vn 21.48478000 -84.11776400 49.62465100
vn 11.03993500 -76.23661400 63.76596600
vn 11.03993500 -76.23661500 63.76596600
vn 21.47198500 -74.81323000 62.78482700
vn 73.36361100 -65.71310900 17.30803200
vn 73.33965600 -65.69133900 17.49121900
vn 68.79987300 -65.61355600 31.00707600
vn 68.83594200 -65.56919600 31.02085700
vn 61.79270000 -65.48382200 43.51472500
vn 61.63818900 -65.51485600 43.68681000
vn 52.25853800 -65.40534900 54.69173300
vn 52.32553700 -65.43553600 54.59147100
vn 40.94557500 -65.37015200 63.64120600
vn 40.99816300 -65.33820000 63.64016200
vn 28.15600700 -65.29341300 70.31365100
vn 28.16844500 -65.31900800 70.28489000
vn 14.39456500 -65.27429200 74.37784200
vn 14.33945700 -65.28685400 74.37746000
vn 0.00000000 -83.91178500 54.39496600
vn 0.00000000 -83.70937400 54.70594800
vn 0.00000000 -95.58814600 29.37526700
vn 0.00000000 -95.47849100 29.72974600
vn 0.00000000 -99.98477000 1.74524100
vn 0.00000000 -99.98477000 1.74524100
vn 0.00000000 -99.98477000 1.74524100
vn 0.00022200 -99.98475000 1.74637300
vn 0.00000000 -99.98477000 1.74524100
vn 0.00110100 -99.98472200 1.74794800
vn 0.00000000 -99.98477000 1.74524100
vn 0.00166900 -99.98472500 1.74778700
vn 0.00000000 -99.98477000 1.74524100
vn 0.00138400 -99.98474500 1.74666100
vn 0.00000000 -99.98477000 1.74524100
vn 0.00000000 -99.98477000 1.74524100
vn 0.00139400 -99.98475300 1.74619800
vn 0.00000000 -99.98477000 1.74524100
vn 0.00225100 -99.98475200 1.74622000
vn 0.00245900 -99.98476000 1.74579100
vn 0.00000000 -99.98477000 1.74524100
vn 31.90474700 -91.70678700 23.91552600
vn 27.39108600 -91.64130300 29.18218800
vn 37.95086500 -91.86757500 10.95812500
vn 35.05448000 -91.76796800 18.70356800
vn 22.14625400 -91.58522600 33.49163800
vn 16.21517000 -91.54330600 36.83600700
vn 9.81313600 -91.51397900 39.10107300
vn -0.02830600 -83.91176300 54.39499300
vn 0.00000000 -83.70935500 54.70597700
vn 0.00000000 -95.58812500 29.37533400
vn 0.07797400 -95.47844100 29.72980400
vn -0.00099800 -99.98478700 1.74423000
vn 0.00000000 -99.98476800 1.74534700
vn 0.00000000 -99.98476800 1.74535300
vn 0.00000000 -99.98477000 1.74524100
vn 16.08975000 -97.01987700 18.11804200
vn 16.12472500 -97.02690300 18.04919100
vn 10.43066200 -86.06136000 49.84619900
vn 11.41052800 -66.72811400 73.60134900
vn 70.40401800 -6.57831100 70.71067800
vn 70.40401800 -6.57831100 70.71067800
vn 70.37230200 -6.90935400 70.71067800
vn 14.14660100 -66.66212200 73.18493800
vn 13.99110400 -66.66165500 73.21525000
vn 28.15103400 -66.66545000 69.01620900
vn 28.20047300 -66.65514300 69.00597900
vn 41.64311300 -65.22303000 63.33883100
vn 41.54914900 -65.24806900 63.37474000
vn 54.32801700 -62.33238700 56.24180000
vn 54.32801700 -62.33238700 56.24180000
vn 54.47759700 -62.07062300 56.38642700
vn 54.32801700 -62.33238700 56.24180000
vn 28.34215200 -67.86827900 67.75410800
vn 69.64813300 -12.21219000 70.71067800
vn 69.64840100 -12.21004100 70.71078500
vn 69.64813300 -12.21219000 70.71067800
vn 64.91421500 -36.98031000 66.47256100
vn 64.92392100 -36.65873100 66.64099300
vn 40.47738000 -55.08179300 72.99025800
vn 73.42026500 -65.71739800 17.04958300
vn 73.41625100 -65.72220400 17.04834300
vn 68.88000400 -65.62988000 30.79389400
vn 68.88999600 -65.61709300 30.79879200
vn 61.74582800 -65.51772800 43.53022000
vn 61.73067700 -65.53663900 43.52324000
vn 52.42871200 -65.43743100 54.49011600
vn 52.41340400 -65.45961100 54.47820100
vn 41.03200300 -65.39167500 63.56338200
vn 41.03979600 -65.37136700 63.57923900
vn 28.23747000 -65.33479200 70.24251000
vn 28.24198500 -65.31958200 70.25484000
vn 14.37781300 -65.28700200 74.36992600
vn 14.37655800 -65.29465700 74.36344700
vn 24.61184400 -65.30912600 71.61686400
vn 33.01297400 -65.33540900 68.12802500
vn 73.83232400 -65.73129000 15.10580800
vn 70.44793500 -65.64369400 26.98136100
vn 65.08425100 -65.55878500 38.28950100
vn 58.02392100 -65.47961700 48.43185400
vn 48.30705700 -65.41156000 58.20443300
vn 40.95030800 -65.37059800 63.63770200
vn 15.85220900 -65.28932900 74.06761100
vn 14.40312200 65.28426900 74.36742800
vn 14.37655800 65.29465700 74.36344700
vn 28.19732200 65.31819900 70.27406200
vn 28.23747000 65.33479200 70.24251000
vn 41.10222200 65.36718100 63.54320600
vn 41.03200300 65.39167500 63.56338200
vn 52.33101700 65.43564800 54.58608400
vn 52.41340400 65.45961100 54.47820100
vn 61.78205000 65.52355300 43.47001600
vn 61.73067700 65.53663900 43.52324000
vn 68.88000400 65.62988000 30.79389400
vn 68.87140400 65.61694500 30.84065900
vn 73.42340300 65.71996000 17.02617800
vn 73.41625100 65.72220400 17.04834300
vn 70.31833900 65.64265900 27.31981800
vn 66.55986900 65.58026800 35.62319900
vn 56.15166100 65.46791900 50.60575600
vn 61.83758200 65.52343600 43.39116000
vn 46.05969200 65.39217500 60.01973200
vn 35.71769700 65.34509600 66.74027600
vn 24.28568800 65.30546500 71.73145500
vn 12.36774300 65.28193400 74.73491800
vn 73.04827300 65.70714700 18.61506600
vn -0.00000000 99.98477000 1.74524100
vn 0.00000000 99.98477000 1.74524100
vn -0.00000000 99.98477000 1.74524100
vn -0.00000000 99.98477000 1.74524100
vn 0.00712900 99.98471700 1.74820900
vn -69.70929000 11.86099100 70.71019600
vn -69.70910300 11.85921500 70.71067800
vn -69.76468600 11.53170200 70.71003000
vn -69.76461900 11.52813500 70.71067800
vn -69.81534000 11.21687600 70.71067800
vn -69.81534000 11.21687600 70.71067800
vn -69.81534000 11.21687600 70.71067800
vn -69.81534000 11.21687600 70.71067800
vn -57.86804300 55.85899600 59.42274100
vn -57.86756800 55.85898800 59.42321100
vn -32.50775400 88.10119000 34.37188100
vn -32.50919800 88.10121500 34.37045100
vn -39.88429500 81.56390200 41.91148900
vn -39.82773600 81.61933700 41.85732100
vn -47.79748900 72.36854000 49.78146700
vn -47.51247100 72.74489400 49.50500600
vn -65.80465000 33.88057900 67.24473600
vn -57.23141700 56.99535300 58.95841500
vn -44.56921400 76.51400500 46.46710900
vn -32.75020200 87.88215400 34.70088300
vn -91.34605100 13.69883300 38.31763300
vn -91.33463700 13.80065300 38.30830200
vn -98.90012100 14.79073900 -0.00000000
vn -98.90012100 14.79073900 -0.00000000
vn -98.90012100 14.79073900 0.00000000
vn -98.90012100 14.79073900 0.00000000
vn -81.33458600 58.17250100 0.80334600
vn -81.33150300 58.17681300 0.80308400
vn -45.51430000 89.03027400 1.43486500
vn -45.50966100 89.03263500 1.43551300
vn -87.02325400 34.96983300 34.69962700
vn -75.57408700 57.88554900 30.62385700
vn -58.76533500 77.15070200 24.38041300
vn -43.26353600 88.23972200 18.49372700
vn -98.51660500 17.16037900 0.00000000
vn -98.51660500 17.16037900 -0.00000000
vn -98.51660500 17.16037400 0.00000000
vn -88.48887900 46.57705800 0.54396300
vn -88.48913300 46.57657600 -0.54395200
vn -59.92875900 80.04417000 1.21436900
vn -59.92854900 80.04432700 -1.21435000
vn -38.03630800 92.47158500 1.49838700
vn -38.03584200 92.47177800 -1.49833100
vn -21.62211100 97.62063000 1.64221800
vn -67.04568200 74.18662700 1.10491300
vn -80.39756700 59.46068700 0.81113800
vn -21.47055300 97.65412800 -1.63909300
vn -66.63216200 74.55833700 -1.09969200
vn -79.98037700 60.02073500 -0.80661200
vn -43.55577200 77.62316400 45.58002900
vn 98.51660500 17.16037500 -0.00000000
vn 98.51660500 17.16037500 0.00000000
vn 98.51660500 17.16037500 0.00000000
vn 86.54877100 50.08928500 -0.61127600
vn 86.54865100 50.08949300 0.61128300
vn 71.54457500 69.85964700 -1.00176600
vn 71.54473800 69.85948000 1.00176900
vn 34.41306800 93.87964300 1.53411100
vn 34.41249800 93.87985200 -1.53405300
vn 79.98053600 60.02052400 -0.80660100
vn 66.63183800 74.55862700 -1.09969200
vn 21.47012800 97.65422100 -1.63909200
vn 98.90012100 14.79073900 -0.00000000
vn 98.90012100 14.79073900 -0.00000000
vn 98.90012100 14.79073900 -0.00000000
vn 98.90012100 14.79073900 0.00000000
vn 81.33494500 58.17199800 0.80333700
vn 81.33185300 58.17632500 0.80307100
vn 45.50913400 89.03290400 1.43552100
vn 45.51374200 89.03055900 1.43487100
vn 80.39797700 59.46013300 0.81113100
vn 67.04565400 74.18665200 1.10491700
vn 21.62184000 97.62069000 1.64222000
vn 91.34605000 13.69883400 38.31763300
vn 91.33463700 13.80065300 38.30830200
vn 85.55650000 34.80963400 38.31937700
vn 74.31566500 57.76346600 33.77223600
vn 57.79266500 77.07073000 26.83487400
vn 42.54753600 88.19028000 20.30225800
vn 0.00000000 0.00000000 100.00000000
vn 0.00000000 0.00000000 100.00000000
vn 0.00000000 0.00000000 100.00000000
vn 0.00000000 0.00000000 100.00000000
vn 0.00000000 0.00000000 100.00000000
vn 0.00000000 0.00000000 100.00000000
vn 0.00000000 0.00000000 100.00000000
vn 0.00000000 0.00000000 100.00000000
vn 0.00000000 0.00000000 100.00000000
vn 0.00000000 0.00000000 100.00000000
vn 0.00000000 0.00000000 100.00000000
vn 0.00000000 0.00000000 100.00000000
vn 58.92432500 39.08866700 70.71067800
vn 58.92432500 39.08866700 70.71067800
vn 33.43646600 62.30572000 70.71067800
vn 33.43646600 62.30572000 70.71067800
vn -0.00032900 70.71067800 70.71067800
vn -0.00032900 70.71067800 70.71067800
vn -33.43704600 62.30540900 70.71067800
vn -33.43704600 62.30540900 70.71067800
vn -58.92468900 39.08811800 70.71067800
vn -58.92468900 39.08811800 70.71067800
vn -34.52037500 16.52062500 92.38729700
vn -23.90463300 29.88571400 92.38729700
vn -8.53404300 37.30626600 92.38729700
vn 8.53404300 37.30626600 92.38729700
vn 23.90463300 29.88571400 92.38729700
vn 34.52037500 16.52062500 92.38729700
vn 59.81260700 37.71540800 70.71067800
vn 59.81260700 37.71540800 70.71067800
vn 40.21321900 58.16267700 70.71067800
vn 40.21321900 58.16267700 70.71067800
vn 14.16180500 69.27801400 70.71067800
vn 14.16180500 69.27801400 70.71067800
vn -14.16180500 69.27801400 70.71067800
vn -14.16180500 69.27801400 70.71067800
vn -40.21321900 58.16267700 70.71067800
vn -40.21321900 58.16267700 70.71067800
vn -59.81260700 37.71540800 70.71067800
vn -59.81260700 37.71540800 70.71067800
vn 84.99867800 52.68040200 0.00000000
vn 84.99867800 52.68040200 0.00000000
vn 57.25199700 81.98907700 0.00000000
vn 57.25199700 81.98907700 0.00000000
vn 20.17967200 97.94274300 0.00000000
vn 20.17967200 97.94274300 0.00000000
vn -20.17967200 97.94274300 -0.00000000
vn -20.17967200 97.94274300 -0.00000000
vn -57.25199700 81.98907700 -0.00000000
vn -57.25199700 81.98907700 -0.00000000
vn -84.99867800 52.68040200 -0.00000000
vn -84.99867800 52.68040200 -0.00000000
vn -78.52853900 48.67034500 38.26834300
vn -52.89394800 75.74803000 38.26834300
vn -18.57344400 90.50171900 38.26834300
vn 18.57344400 90.50171900 38.26834300
vn 52.89394800 75.74803000 38.26834300
vn 78.52853900 48.67034500 38.26834300
vn -69.70929000 11.86099100 70.71019600
vn -69.70910300 11.85921500 70.71067800
vn -69.76461900 11.52813500 70.71067800
vn -69.76468600 11.53170200 70.71003000
vn -69.81534000 11.21687600 70.71067800
vn -69.81534000 11.21687600 70.71067800
vn -69.81534000 11.21687600 70.71067800
vn -69.81534000 11.21687600 70.71067800
vn -57.86817500 55.85872600 59.42286600
vn -57.86773900 55.85861300 59.42339800
vn -32.50755200 88.10134200 34.37168200
vn -32.50892400 88.10142600 34.37016900
vn -39.88422900 81.56396800 41.91142400
vn -39.82773600 81.61933700 41.85732100
vn -47.79756000 72.36844700 49.78153500
vn -47.51247100 72.74489400 49.50500600
vn -65.80468200 33.88045900 67.24476400
vn -57.23151600 56.99516200 58.95850300
vn -44.56922600 76.51399700 46.46711000
vn -32.74998400 87.88232400 34.70065900
vn -91.34605100 13.69883300 38.31763300
vn -91.33463700 13.80065300 38.30830200
vn -81.33484600 58.17213600 0.80334000
vn -81.33175400 58.17646300 0.80307500
vn -45.50928200 89.03282800 1.43551900
vn -45.51389600 89.03048000 1.43486900
vn -87.02330700 34.96965400 34.69967400
vn -75.57425500 57.88527800 30.62395400
vn -58.76534700 77.15068200 24.38044800
vn -43.26313600 88.23994600 18.49359500
vn -21.62190600 97.62067600 1.64221900
vn -67.04564200 74.18666300 1.10491600
vn -80.39784300 59.46031300 0.81113300
vn -43.55577200 77.62316400 45.58002900
vn 81.33450200 58.17261800 0.80334800
vn 81.33141900 58.17693100 0.80308700
vn 45.51443100 89.03020700 1.43486400
vn 45.50978800 89.03257000 1.43551200
vn 80.39750800 59.46076600 0.81114000
vn 67.04572400 74.18658900 1.10491300
vn 21.62218900 97.62061300 1.64221700
vn 91.34605000 13.69883400 38.31763300
vn 91.33463700 13.80065300 38.30830200
vn 85.55638100 34.80994300 38.31936200
vn 74.31535600 57.76393500 33.77211400
vn 57.79262900 77.07076300 26.83485800
vn 42.54820400 88.18989000 20.30255200
vn 0.00000000 0.00000000 100.00000000
vn 0.00000000 0.00000000 100.00000000
vn 0.00000000 0.00000000 100.00000000
vn 0.00000000 0.00000000 100.00000000
vn 0.00000000 0.00000000 100.00000000
vn 0.00000000 0.00000000 100.00000000
vn 0.00000000 0.00000000 100.00000000
vn 0.00000000 0.00000000 100.00000000
vn 0.00000000 0.00000000 100.00000000
vn 0.00000000 0.00000000 100.00000000
vn 0.00000000 0.00000000 100.00000000
vn 0.00000000 0.00000000 100.00000000
vn 58.92432500 39.08866700 70.71067800
vn 58.92432500 39.08866700 70.71067800
vn 33.43646600 62.30572000 70.71067800
vn 33.43646600 62.30572000 70.71067800
vn -0.00032900 70.71067800 70.71067800
vn -0.00032900 70.71067800 70.71067800
vn -33.43704600 62.30540900 70.71067800
vn -33.43704600 62.30540900 70.71067800
vn -58.92468900 39.08811800 70.71067800
vn -58.92468900 39.08811800 70.71067800
vn -34.52037500 16.52062500 92.38729700
vn -23.90463300 29.88571400 92.38729700
vn -8.53404300 37.30626600 92.38729700
vn 8.53404300 37.30626600 92.38729700
vn 23.90463300 29.88571400 92.38729700
vn 34.52037500 16.52062500 92.38729700
vn 59.81260700 37.71540800 70.71067800
vn 59.81260700 37.71540800 70.71067800
vn 40.21321900 58.16267700 70.71067800
vn 40.21321900 58.16267700 70.71067800
vn 14.16180500 69.27801400 70.71067800
vn 14.16180500 69.27801400 70.71067800
vn -14.16180500 69.27801400 70.71067800
vn -14.16180500 69.27801400 70.71067800
vn -40.21321900 58.16267700 70.71067800
vn -40.21321900 58.16267700 70.71067800
vn -59.81260700 37.71540800 70.71067800
vn -59.81260700 37.71540800 70.71067800
vn -78.52853900 48.67034500 38.26834300
vn -52.89394800 75.74803000 38.26834300
vn -18.57344400 90.50171900 38.26834300
vn 18.57344400 90.50171900 38.26834300
vn 52.89394800 75.74803000 38.26834300
vn 78.52853900 48.67034500 38.26834300
vn 34.41249800 -93.87985200 -1.53405300
vn 34.41306800 -93.87964300 1.53411100
vn 71.54457500 -69.85964700 -1.00176600
vn 71.54473800 -69.85948000 1.00176900
vn 86.54877100 -50.08928500 -0.61127600
vn 86.54865100 -50.08949300 0.61128300
vn 98.51660500 -17.16037500 0.00000000
vn 98.51660500 -17.16037500 0.00000000
vn 98.51660500 -17.16037500 -0.00000000
vn 21.47024000 -97.65419700 -1.63909500
vn 66.63210600 -74.55838700 -1.09969600
vn 79.98081500 -60.02015200 -0.80660300
vn 69.70910300 -11.85921500 70.71067800
vn 69.70929000 -11.86099100 70.71019600
vn 69.76461900 -11.52813500 70.71067800
vn 69.76468600 -11.53170200 70.71003000
vn 69.81534000 -11.21687600 70.71067800
vn 69.81534000 -11.21687600 70.71067800
vn 69.81534000 -11.21687600 70.71067800
vn 69.81534000 -11.21687600 70.71067800
vn 57.86824500 -55.85858300 59.42293300
vn 57.86780600 -55.85846500 59.42347100
vn 32.50881600 -88.10150900 34.37005900
vn 32.50744600 -88.10142300 34.37157600
vn 39.82773600 -81.61933700 41.85732100
vn 39.88419400 -81.56400300 41.91138900
vn 47.51247100 -72.74489400 49.50500600
vn 47.79759700 -72.36839700 49.78157100
vn 65.80469900 -33.88039600 67.24477900
vn 57.23156900 -56.99506200 58.95854900
vn 44.56923200 -76.51399300 46.46711100
vn 32.74986800 -87.88241400 34.70054000
vn 91.34605100 -13.69883300 38.31763300
vn 91.33463700 -13.80065300 38.30830200
vn 98.90012100 -14.79073900 0.00000000
vn 98.90012100 -14.79073900 0.00000000
vn 98.90012100 -14.79073900 0.00000000
vn 98.90012100 -14.79073900 0.00000000
vn 81.33185300 -58.17632500 0.80307200
vn 81.33494500 -58.17199800 0.80333700
vn 45.51374200 -89.03055900 1.43487100
vn 45.50913400 -89.03290400 1.43552100
vn 87.02332700 -34.96958300 34.69969300
vn 75.57432100 -57.88517100 30.62399200
vn 58.76535100 -77.15067400 24.38046200
vn 43.26297900 -88.24003400 18.49354300
vn 21.62182800 -97.62069300 1.64222000
vn 67.04562700 -74.18667700 1.10491700
vn 80.39794800 -59.46017200 0.81113100
vn 43.55577200 -77.62316400 45.58002900
vn -98.51660500 -17.16037400 0.00000000
vn -98.51660500 -17.16037900 -0.00000000
vn -98.51660500 -17.16037900 0.00000000
vn -88.48886900 -46.57707800 0.54396300
vn -88.48911400 -46.57661300 -0.54395300
vn -59.92883600 -80.04411300 1.21436800
vn -59.92866200 -80.04424300 -1.21434900
vn -38.03631700 -92.47158200 1.49838700
vn -38.03591600 -92.47174800 -1.49833000
vn -79.98009400 -60.02111300 -0.80660900
vn -66.63189000 -74.55858000 -1.09968800
vn -21.47043900 -97.65415300 -1.63909000
vn -98.90012100 -14.79073900 -0.00000000
vn -98.90012100 -14.79073900 -0.00000000
vn -98.90012100 -14.79073900 -0.00000000
vn -98.90012100 -14.79073900 0.00000000
vn -81.33458600 -58.17250100 0.80334600
vn -81.33150300 -58.17681300 0.80308400
vn -45.50966100 -89.03263500 1.43551300
vn -45.51430000 -89.03027400 1.43486500
vn -80.39759700 -59.46064600 0.81113900
vn -67.04571100 -74.18660100 1.10491400
vn -21.62212300 -97.62062800 1.64221800
vn -91.33463700 -13.80065300 38.30830200
vn -91.34605000 -13.69883400 38.31763300
vn -85.55640400 -34.80988300 38.31936500
vn -74.31541600 -57.76384400 33.77213800
vn -57.79263600 -77.07075600 26.83486100
vn -42.54807400 -88.18996600 20.30249500
vn 0.00000000 0.00000000 100.00000000
vn 0.00000000 0.00000000 100.00000000
vn 0.00000000 0.00000000 100.00000000
vn 0.00000000 0.00000000 100.00000000
vn 0.00000000 0.00000000 100.00000000
vn 0.00000000 0.00000000 100.00000000
vn 0.00000000 0.00000000 100.00000000
vn 0.00000000 0.00000000 100.00000000
vn 0.00000000 0.00000000 100.00000000
vn 0.00000000 0.00000000 100.00000000
vn 0.00000000 0.00000000 100.00000000
vn 0.00000000 0.00000000 100.00000000
vn -58.92432500 -39.08866700 70.71067800
vn -58.92432500 -39.08866700 70.71067800
vn -33.43646600 -62.30572000 70.71067800
vn -33.43646600 -62.30572000 70.71067800
vn 0.00032900 -70.71067800 70.71067800
vn 0.00032900 -70.71067800 70.71067800
vn 33.43704600 -62.30540900 70.71067800
vn 33.43704600 -62.30540900 70.71067800
vn 58.92468900 -39.08811800 70.71067800
vn 58.92468900 -39.08811800 70.71067800
vn 34.52037500 -16.52062500 92.38729700
vn 23.90463300 -29.88571400 92.38729700
vn 8.53404300 -37.30626600 92.38729700
vn -8.53404300 -37.30626600 92.38729700
vn -23.90463300 -29.88571400 92.38729700
vn -34.52037500 -16.52062500 92.38729700
vn -59.81260700 -37.71540800 70.71067800
vn -59.81260700 -37.71540800 70.71067800
vn -40.21321900 -58.16267700 70.71067800
vn -40.21321900 -58.16267700 70.71067800
vn -14.16180500 -69.27801400 70.71067800
vn -14.16180500 -69.27801400 70.71067800
vn 14.16180500 -69.27801400 70.71067800
vn 14.16180500 -69.27801400 70.71067800
vn 40.21321900 -58.16267700 70.71067800
vn 40.21321900 -58.16267700 70.71067800
vn 59.81260700 -37.71540800 70.71067800
vn 59.81260700 -37.71540800 70.71067800
vn -84.99867800 -52.68040200 -0.00000000
vn -84.99867800 -52.68040200 -0.00000000
vn -57.25199700 -81.98907700 -0.00000000
vn -57.25199700 -81.98907700 -0.00000000
vn -20.17967200 -97.94274300 -0.00000000
vn -20.17967200 -97.94274300 -0.00000000
vn 20.17967200 -97.94274300 0.00000000
vn 20.17967200 -97.94274300 0.00000000
vn 57.25199700 -81.98907700 0.00000000
vn 57.25199700 -81.98907700 0.00000000
vn 84.99867800 -52.68040200 0.00000000
vn 84.99867800 -52.68040200 0.00000000
vn 78.52853900 -48.67034500 38.26834300
vn 52.89394800 -75.74803000 38.26834300
vn 18.57344400 -90.50171900 38.26834300
vn -18.57344400 -90.50171900 38.26834300
vn -52.89394800 -75.74803000 38.26834300
vn -78.52853900 -48.67034500 38.26834300
vn 69.70910300 -11.85921500 70.71067800
vn 69.70929000 -11.86099100 70.71019600
vn 69.76468600 -11.53170200 70.71003000
vn 69.76461900 -11.52813500 70.71067800
vn 69.81534000 -11.21687600 70.71067800
vn 69.81534000 -11.21687600 70.71067800
vn 69.81534000 -11.21687600 70.71067800
vn 69.81534000 -11.21687600 70.71067800
vn 57.86751100 -55.85911400 59.42314800
vn 57.86798200 -55.85912200 59.42268200
vn 32.50929000 -88.10114400 34.37054600
vn 32.50784800 -88.10112000 34.37197400
vn -0.00000000 -99.98477000 1.74524100
vn 0.00000000 -99.98477000 1.74524100
vn 0.00000000 -99.98477000 1.74524100
vn 0.00095400 -99.98475300 1.74620500
vn 0.00000000 -99.98477000 1.74524100
vn 0.00031300 -99.98476400 1.74555700
vn 0.00000000 -99.98477000 1.74524100
vn 39.88432600 -81.56387100 41.91151900
vn 39.82773600 -81.61933700 41.85732100
vn 47.79745700 -72.36858400 49.78143500
vn 47.51247100 -72.74489400 49.50500600
vn 65.80463400 -33.88063400 67.24472300
vn 57.23137100 -56.99544100 58.95837400
vn 44.56920900 -76.51400800 46.46710800
vn 32.75030400 -87.88207500 34.70098800
vn 91.33463700 -13.80065300 38.30830200
vn 91.34605100 -13.69883300 38.31763300
vn 81.33450200 -58.17261800 0.80334800
vn 81.33141900 -58.17693100 0.80308700
vn 45.51443100 -89.03020700 1.43486400
vn 45.50978800 -89.03257000 1.43551200
vn -0.00000000 -99.98477000 1.74524100
vn -0.00000000 -99.98477000 1.74524100
vn 0.00000000 -99.98477000 1.74524100
vn 0.00713200 -99.98471700 1.74821300
vn 0.00000000 -99.98477000 1.74524100
vn 87.02323600 -34.96989300 34.69961100
vn 75.57403000 -57.88564000 30.62382400
vn 58.76533100 -77.15070900 24.38040100
vn 43.26367000 -88.23964700 18.49377200
vn 21.62217700 -97.62061600 1.64221700
vn 67.04569500 -74.18661600 1.10491200
vn 80.39747800 -59.46080700 0.81114000
vn 43.55577200 -77.62316400 45.58002900
vn -81.33175400 -58.17646300 0.80307500
vn -81.33484600 -58.17213600 0.80334000
vn -45.50928200 -89.03282800 1.43551900
vn -45.51389600 -89.03048000 1.43486900
vn -80.39787200 -59.46027400 0.81113300
vn -67.04567000 -74.18663800 1.10491600
vn -21.62191800 -97.62067300 1.64221900
vn -91.34605000 -13.69883400 38.31763300
vn -91.33463700 -13.80065300 38.30830200
vn -85.55647300 -34.80970400 38.31937400
vn -74.31559500 -57.76357300 33.77220800
vn -57.79265700 -77.07073700 26.83487000
vn -42.54768800 -88.19019100 20.30232500
vn 0.00000000 0.00000000 100.00000000
vn 0.00000000 0.00000000 100.00000000
vn 0.00000000 0.00000000 100.00000000
vn 0.00000000 0.00000000 100.00000000
vn 0.00000000 0.00000000 100.00000000
vn 0.00000000 0.00000000 100.00000000
vn 0.00000000 0.00000000 100.00000000
vn 0.00000000 0.00000000 100.00000000
vn 0.00000000 0.00000000 100.00000000
vn 0.00000000 0.00000000 100.00000000
vn 0.00000000 0.00000000 100.00000000
vn 0.00000000 0.00000000 100.00000000
vn -58.92432500 -39.08866700 70.71067800
vn -58.92432500 -39.08866700 70.71067800
vn -33.43646600 -62.30572000 70.71067800
vn -33.43646600 -62.30572000 70.71067800
vn 0.00032900 -70.71067800 70.71067800
vn 0.00032900 -70.71067800 70.71067800
vn 33.43704600 -62.30540900 70.71067800
vn 33.43704600 -62.30540900 70.71067800
vn 58.92468900 -39.08811800 70.71067800
vn 58.92468900 -39.08811800 70.71067800
vn 34.52037500 -16.52062500 92.38729700
vn 23.90463300 -29.88571400 92.38729700
vn 8.53404300 -37.30626600 92.38729700
vn -8.53404300 -37.30626600 92.38729700
vn -23.90463300 -29.88571400 92.38729700
vn -34.52037500 -16.52062500 92.38729700
vn -59.81260700 -37.71540800 70.71067800
vn -59.81260700 -37.71540800 70.71067800
vn -40.21321900 -58.16267700 70.71067800
vn -40.21321900 -58.16267700 70.71067800
vn -14.16180500 -69.27801400 70.71067800
vn -14.16180500 -69.27801400 70.71067800
vn 14.16180500 -69.27801400 70.71067800
vn 14.16180500 -69.27801400 70.71067800
vn 40.21321900 -58.16267700 70.71067800
vn 40.21321900 -58.16267700 70.71067800
vn 59.81260700 -37.71540800 70.71067800
vn 59.81260700 -37.71540800 70.71067800
vn 78.52853900 -48.67034500 38.26834300
vn 52.89394800 -75.74803000 38.26834300
vn 18.57344400 -90.50171900 38.26834300
vn -18.57344400 -90.50171900 38.26834300
vn -52.89394800 -75.74803000 38.26834300
vn -78.52853900 -48.67034500 38.26834300
vn 0.00000000 6.75723000 99.77143800
vn 17.36481800 98.48077500 -0.00000000
vn 17.36481800 98.48077500 -0.00000000
vn 17.36481800 98.48077500 -0.00000000
vn 0.00000000 -0.00000000 100.00000000
vn 0.00000000 -0.00000000 100.00000000
vn 0.00000000 -0.00000000 100.00000000
vn 0.00000000 -0.00000000 100.00000000
vn 0.00000000 -0.00000000 100.00000000
vn 0.00000000 -0.00000000 100.00000000
vn 0.00000000 23.70382200 97.15003200
vn -0.00000000 23.48691500 97.20270000
vn 0.00000000 45.46113400 89.06899200
vn -0.00000000 45.65983100 88.96729600
vn -0.00000000 100.00000000 -0.00000000
vn -24.80370600 -0.00000000 96.87505400
vn -0.00000000 37.14172400 92.84660700
vn -0.00000000 100.00000000 -0.00000000
vn -0.00000000 100.00000000 -0.00000000
vn -0.00000000 37.14172400 92.84660700
vn -0.00000000 34.81771900 93.74287400
vn -0.00000000 34.81771900 93.74287400
vn -0.00000000 34.81771900 93.74287400
vn -0.00000000 34.81771900 93.74287400
vn -0.00000000 34.81771900 93.74287400
vn -0.00000000 34.81771900 93.74287400
vn 19.27304200 -0.01455400 98.12517300
vn 19.28012300 0.00000000 98.12378300
vn 37.84030800 -0.02828500 92.56408700
vn 37.83709200 0.00000000 92.56540700
vn 54.97454000 0.00000000 83.53322700
vn 54.94601300 -0.03807500 83.55198500
vn 70.04632500 0.00000000 71.36884700
vn 70.11010600 -0.04043700 71.30618100
vn 82.49284600 0.00000000 56.52371500
vn 82.45875500 -0.03678800 56.57342500
vn 91.84089300 0.00000000 39.56324400
vn 91.86478000 -0.02226900 39.50774300
vn 97.74533800 0.00000000 21.11513400
vn 97.74051000 -0.00967700 21.13747100
vn 30.94909000 33.36907000 89.04301800
vn 41.48207900 33.38466400 84.64455900
vn 92.45971000 33.62244500 17.90902600
vn 88.28726100 33.57089500 32.83830900
vn 81.61546800 33.51840900 47.06837100
vn 72.79536100 33.47010900 59.83800800
vn 60.63824800 33.43092700 72.14829200
vn 51.45078300 33.40593300 78.97379700
vn 19.96152500 33.35701900 92.13493800
vn -8.34539800 -0.00000000 99.65116300
vn -0.00000000 100.00000000 -0.00000000
vn -16.63257300 -0.00000000 98.60708700
vn -0.00000000 100.00000000 -0.00000000
vn 97.74051000 0.00967700 21.13747100
vn 97.74533800 0.00000000 21.11513500
vn 91.86477900 0.02226900 39.50774400
vn 91.84089300 0.00000000 39.56324500
vn 82.45875400 0.03678800 56.57342500
vn 82.49284500 0.00000000 56.52371600
vn 70.04632500 0.00000000 71.36884800
vn 70.11010500 0.04043700 71.30618100
vn 54.97454000 0.00000000 83.53322700
vn 54.94601300 0.03807500 83.55198500
vn 37.83709100 0.00000000 92.56540700
vn 37.84030800 0.02828500 92.56408700
vn 19.28012300 0.00000000 98.12378300
vn 19.27304200 0.01455400 98.12517300
vn 0.00000000 -0.00000000 100.00000000
vn 0.00000000 -0.00000000 100.00000000
vn 0.00000000 -0.00000000 100.00000000
vn 0.00000000 -0.00000000 100.00000000
vn 0.00000000 -23.70382200 97.15003200
vn 0.00000000 -23.48691500 97.20270000
vn 0.00000000 -45.65983100 88.96729600
vn 0.00000000 -45.46113400 89.06899200
vn 91.29343100 -33.60365700 23.15823000
vn 38.67130700 -33.37998300 85.96689300
vn 79.75301400 -33.50607500 50.16771700
vn 86.61616800 -33.55661400 37.03502400
vn 71.06785800 -33.46323300 61.88353200
vn 60.63824700 -33.43092700 72.14829200
vn 50.33569200 -33.40317500 79.69031300
vn 26.18416500 -33.36315000 90.56097300
vn 13.25458600 -33.35299400 93.33752600
vn 0.00000000 0.00000000 100.00000000
vn 17.36481800 -98.48077500 -0.00000000
vn 0.00000000 0.00000000 100.00000000
vn 17.36481800 -98.48077500 -0.00000000
vn 17.36481800 -98.48077500 -0.00000000
vn 0.00000000 -6.75723000 99.77143800
vn 0.00000000 -37.14172400 92.84660700
vn 0.00000000 -100.00000000 0.00000000
vn 0.00000000 -100.00000000 0.00000000
vn -24.80370600 -0.00000000 96.87505400
vn 0.00000000 -37.14172400 92.84660700
vn 0.00000000 -100.00000000 0.00000000
vn 0.00000000 -34.81771900 93.74287400
vn 0.00000000 -34.81771900 93.74287400
vn 0.00000000 -34.81771900 93.74287400
vn 0.00000000 -34.81771900 93.74287400
vn 0.00000000 -34.81771900 93.74287400
vn 0.00000000 -34.81771900 93.74287400
vn 0.00000000 -100.00000000 0.00000000
vn -16.63257300 -0.00000000 98.60708700
vn -8.34539800 -0.00000000 99.65116300
vn 0.00000000 -100.00000000 0.00000000
vn 43.29950000 -90.13963200 -0.00000000
vn 0.00000000 0.00000000 100.00000000
vn 0.00000000 0.00000000 100.00000000
vn 0.00000000 0.00000000 100.00000000
vn 29.41268600 -95.57663900 -0.00000000
vn 14.87172000 -98.88797700 -0.00000000
vn 0.00000000 0.00000000 100.00000000
vn 0.00000000 -100.00000000 0.00000000
vn 0.00000000 0.00000000 100.00000000
vn 0.00000000 -100.00000000 0.00000000
vn 0.00000000 0.00000000 100.00000000
vn 0.00000000 -100.00000000 0.00000000
vn 0.00000000 -100.00000000 0.00000000
vn 0.00000000 0.00000000 100.00000000
vn 5.81448300 -99.83081600 -0.00000000
vn 11.60929100 -99.32383600 -0.00000000
vn 0.00000000 0.00000000 100.00000000
vn 17.36481800 -98.48077500 -0.00000000
vn 17.36481800 -98.48077500 -0.00000000
vn 0.00000000 0.00000000 100.00000000
vn -0.00000000 0.00000000 100.00000000
vn 43.29950000 90.13963200 -0.00000000
vn -0.00000000 0.00000000 100.00000000
vn 54.99692000 83.51849400 -0.00000000
vn 10.96417800 0.00000000 99.39711700
vn 66.05060500 75.08207300 -0.00000000
vn 21.32611400 0.00000000 97.69952300
vn 30.02384900 0.00000000 95.38641700
vn 75.32587800 65.77242600 -0.00000000
vn 37.41967500 0.00000000 92.73493400
vn 83.22536000 55.43951200 -0.00000000
vn 43.63831800 0.00000000 89.97609300
vn 89.85264600 43.89193500 -0.00000000
vn 48.40297000 0.00000000 87.50515700
vn 94.93041600 31.43590500 -0.00000000
vn 98.29065900 18.41049600 -0.00000000
vn 51.55421100 0.00000000 85.68642400
vn 99.86295300 5.23359600 -0.00000000
vn 99.86295300 5.23359600 -0.00000000
vn 53.02823800 0.00000000 84.78210900
vn 99.86295300 5.23359600 -0.00000000
vn 57.90529100 0.00000000 81.52899600
vn 99.86295300 5.23359600 -0.00000000
vn 100.00000000 0.00000000 -0.00000000
vn 58.76183200 0.00000000 80.91382500
vn 57.90529100 0.00000000 81.52899600
vn 99.86295300 -5.23359600 -0.00000000
vn 99.86295300 -5.23359600 -0.00000000
vn 99.86295300 -5.23359600 -0.00000000
vn 53.02823800 0.00000000 84.78210900
vn 99.86295300 -5.23359600 -0.00000000
vn 51.55421100 0.00000000 85.68642400
vn 98.29065900 -18.41049600 -0.00000000
vn 94.93041600 -31.43590500 -0.00000000
vn 48.40297000 0.00000000 87.50515700
vn 43.63831800 0.00000000 89.97609300
vn 89.85264600 -43.89193500 -0.00000000
vn 37.41967500 0.00000000 92.73493400
vn 83.22536000 -55.43951200 -0.00000000
vn 30.02384900 0.00000000 95.38641700
vn 75.32587800 -65.77242600 -0.00000000
vn 66.05060500 -75.08207300 -0.00000000
vn 21.32611400 0.00000000 97.69952300
vn 10.96417800 0.00000000 99.39711700
vn 54.99692000 -83.51849400 -0.00000000
vn 0.00000000 -78.08688100 62.46950500
vn 55.21576300 -55.21576300 62.46950500
vn 70.71067800 -70.71067800 -0.00000000
vn 0.00000000 -100.00000000 0.00000000
vn 100.00000000 0.00000000 -0.00000000
vn 0.00000000 -100.00000000 0.00000000
vn 0.00000000 -78.08688100 62.46950500
vn 0.00000000 -78.08688100 62.46950500
vn 100.00000000 0.00000000 -0.00000000
vn 0.00000000 0.00000000 100.00000000
vn 0.00000000 0.00000000 100.00000000
vn 0.00000000 -78.08688100 62.46950500
vn 55.21576300 -55.21576300 62.46950500
vn 0.00000000 0.00000000 100.00000000
vn 55.21576300 -55.21576300 62.46950500
vn 55.21576300 -55.21576300 62.46950500
vn 70.71067800 -70.71067800 -0.00000000
vn 55.21576300 -55.21576300 62.46950500
vn 70.71067800 -70.71067800 -0.00000000
vn 55.21576300 -55.21576300 62.46950500
vn 0.00000000 -78.08688100 62.46950500
vn 0.00000000 -78.08688100 62.46950500
vn 0.00000000 0.00000000 100.00000000
vn 0.00000000 -78.08688100 62.46950500
vn 0.00000000 -78.08688100 62.46950500
vn 0.00000000 -100.00000000 0.00000000
vn 0.00000000 -100.00000000 0.00000000
vn 20.21037200 -75.42613500 62.46950500
vn 25.88190500 -96.59258300 -0.00000000
vn 39.04344000 -67.62522300 62.46950500
vn 50.00000000 -86.60254000 -0.00000000
vn 39.04344000 -67.62522300 62.46950500
vn 0.00000000 0.00000000 100.00000000
vn 20.21037200 -75.42613500 62.46950500
vn 0.00000000 0.00000000 100.00000000
vn 0.00000000 0.00000000 100.00000000
vn 0.00000000 -78.08688100 62.46950500
vn 98.48077500 0.00000000 17.36481800
vn 98.48077500 0.00000000 17.36481800
vn 0.00000000 -78.08688100 62.46950500
vn 0.00000000 -100.00000000 0.00000000
vn -0.00000000 100.00000000 -0.00000000
vn 0.00000000 0.00000000 100.00000000
vn 55.21576300 55.21576300 62.46950500
vn 55.21576300 55.21576300 62.46950500
vn 0.00000000 0.00000000 100.00000000
vn 55.21576300 55.21576300 62.46950500
vn 39.04344000 67.62522300 62.46950500
vn 0.00000000 0.00000000 100.00000000
vn 20.21037200 75.42613500 62.46950500
vn 0.00000000 0.00000000 100.00000000
vn -0.00000000 78.08688100 62.46950500
vn -0.00000000 78.08688100 62.46950500
vn 0.00000000 0.00000000 100.00000000
vn 98.48077500 0.00000000 17.36481800
vn -0.00000000 78.08688100 62.46950500
vn 0.00000000 0.00000000 100.00000000
vn -0.00000000 78.08688100 62.46950500
vn 98.48077500 0.00000000 17.36481800
vn -0.00000000 100.00000000 -0.00000000
vn -0.00000000 100.00000000 -0.00000000
vn -0.00000000 78.08688100 62.46950500
vn -0.00000000 78.08688100 62.46950500
vn -0.00000000 100.00000000 -0.00000000
vn 55.21576300 55.21576300 62.46950500
vn 70.71067800 70.71067800 -0.00000000
vn 70.71067800 70.71067800 -0.00000000
vn 55.21576300 55.21576300 62.46950500
vn 50.00000000 86.60254000 -0.00000000
vn 39.04344000 67.62522300 62.46950500
vn 25.88190500 96.59258300 -0.00000000
vn 20.21037200 75.42613500 62.46950500
vn 70.71067800 70.71067800 -0.00000000
vn 55.21576300 55.21576300 62.46950500
vn -0.00000000 100.00000000 -0.00000000
vn 100.00000000 0.00000000 -0.00000000
vn 0.00000000 0.00000000 100.00000000
vn 0.00000000 -100.00000000 0.00000000
vn -98.11960200 17.20851900 8.74131600
vn -98.11108700 17.21180700 8.82996400
vn -98.11960200 17.20851900 8.74131600
vn -98.11110800 17.21169000 8.82996500
vn -88.07194500 46.88195200 6.73907200
vn -88.03248100 46.96789500 6.65576300
vn -69.03429700 72.24063600 3.94414800
vn -69.27721800 72.00916000 3.91763900
vn -43.67020300 89.95713600 0.79188300
vn -43.77544500 89.90558200 0.83473200
vn -13.70588000 99.02680600 -2.41671500
vn -13.70586800 99.02680800 -2.41671600
vn -13.70587500 99.02680700 -2.41671600
vn -31.71340700 94.83622500 -0.59180700
vn -69.26965200 72.02606700 3.73645000
vn -81.27673300 58.01076900 5.37060700
vn -19.44371100 12.27057700 97.32099000
vn -19.44376800 12.27063000 97.32097200
vn 98.48077500 0.00000000 17.36481800
vn -22.17464300 45.93464500 86.01333400
vn 98.48077500 0.00000000 17.36481800
vn -22.06556100 74.34832700 63.13032000
vn 98.48077500 0.00000000 17.36481800
vn -19.16660800 92.47070300 32.89088400
vn 98.48077500 0.00000000 17.36481800
vn -13.70587500 99.02680700 -2.41671600
vn 98.48077500 0.00000000 17.36481800
vn -13.70587500 99.02680700 -2.41671500
vn -13.70590800 99.02680600 -2.41657500
vn -13.70587500 99.02680700 -2.41671600
vn -13.70587500 99.02680700 -2.41671600
vn -13.70587500 99.02680700 -2.41671600
vn -13.70587500 99.02680700 -2.41671600
vn -24.96680700 87.34351400 41.80632900
vn -24.96503200 87.34376400 41.80686500
vn -30.71238100 55.87749600 77.03541500
vn -30.70936500 55.87794900 77.03628900
vn -29.55238400 12.24856700 94.74507500
vn -29.54879300 12.24909000 94.74612700
vn -29.54879300 12.24908900 94.74612700
vn -29.55238400 12.24856700 94.74507500
vn -24.53417900 12.25950500 96.16537100
vn -24.53412900 12.25915900 96.16542800
vn -24.53822500 56.88092700 78.50118200
vn -17.86247200 96.48928100 19.25489000
vn -21.61578000 87.41485500 43.49024200
vn -23.91439600 72.08306900 65.05484400
vn -18.95197200 96.35560000 18.87911700
vn -23.93166800 87.18827400 42.72563800
vn -27.32816200 71.83936400 63.97091000
vn -28.64404000 56.67700900 77.24788400
vn -26.60044100 56.77864500 77.90123200
vn -25.62997200 71.96078800 64.53487000
vn -22.78034400 87.30114100 43.12269300
vn -18.41068700 96.42216800 19.07385900
vn -13.70587500 99.02680700 -2.41671600
vn -13.70487100 99.02687000 -2.41983200
vn -13.70587500 99.02680700 -2.41671600
vn -13.70352500 99.02697000 -2.42335600
vn -13.70587500 99.02680700 -2.41671600
vn -13.70587500 99.02680700 -2.41671600
vn -13.70587500 99.02680700 -2.41671600
vn -28.58195400 86.97638800 40.22660600
vn -28.58203900 86.97638500 40.22655200
vn -37.27065000 55.52820700 74.34727200
vn -37.27062400 55.52819400 74.34729500
vn -37.68367300 12.18182400 91.82343900
vn -37.68367300 12.18182400 91.82343900
vn -37.68367300 12.18182400 91.82343900
vn -37.68367300 12.18182400 91.82343900
vn -34.97922300 11.96713600 92.91523900
vn -34.97991300 11.96537600 92.91520600
vn -32.26594600 11.99017900 93.88900000
vn -32.26505200 11.98946400 93.88939900
vn -20.37073500 96.16608300 18.36076600
vn -26.93649600 86.84359500 41.62469400
vn -31.75827200 71.41913900 62.37562600
vn -33.97615300 56.23773000 75.38526900
vn -92.13801300 16.32853000 35.26989800
vn -92.13269400 16.31221800 35.29133400
vn -79.49598300 15.15799700 58.74201000
vn -79.53112600 15.13593800 58.70011400
vn -60.73369900 13.77760700 78.24062500
vn -60.73014100 13.77039800 78.24465600
vn -13.74596700 99.02256400 -2.36226800
vn -13.70587500 99.02680700 -2.41671600
vn -13.70587500 99.02680700 -2.41671600
vn -13.75112800 99.02138700 -2.38149000
vn -13.71708700 99.02536600 -2.41214800
vn -13.70587500 99.02680700 -2.41671600
vn -47.71406100 55.98470600 67.74275700
vn -58.73170100 56.00703600 58.42772600
vn -26.86850700 95.34121600 13.71626400
vn -79.91128900 56.17227200 21.42105600
vn -69.18083700 70.15843200 17.08233700
vn -32.10200000 94.63493100 3.70019700
vn -74.62010200 56.06353300 35.89875500
vn -64.93420500 70.27673200 29.06424000
vn -30.83267900 94.82696000 7.56264800
vn -68.06022800 56.01987300 47.21842000
vn -59.63006600 70.45527100 38.47479700
vn -29.21742500 95.04418200 10.62758200
vn -43.04098900 71.01652200 55.71469100
vn -24.04297700 95.68130700 16.34083100
vn -52.04561900 70.72200900 47.85029800
vn -17.36481800 -0.00000000 98.48077500
vn 98.48077500 0.00000000 17.36481800
vn -13.70587500 99.02680700 -2.41671600
vn -17.36481800 -0.00000000 98.48077500
vn -13.70587500 99.02680700 -2.41671600
vn -98.48077500 -0.00000000 -17.36481800
vn 19.20102700 0.00000000 -98.13929200
vn -13.70587500 99.02680700 -2.41671600
vn 22.21793600 0.00000000 -97.50058100
vn -13.70587500 99.02680700 -2.41671600
vn 25.21371600 0.00000000 -96.76915100
vn 28.18551800 0.00000000 -95.94569600
vn 28.18551800 0.00000000 -95.94569600
vn -13.70587500 99.02680700 -2.41671600
vn -13.70587500 99.02680700 -2.41671600
vn 62.25570900 -2.47469100 -78.21830100
vn 83.97539700 -4.25011700 -54.13011400
vn -13.70587500 99.02680700 -2.41671600
vn 94.36879900 -5.26452100 -32.66212700
vn -13.70587500 99.02680700 -2.41671600
vn -13.70587500 99.02680700 -2.41671600
vn 99.44021200 -5.99556500 -8.70043000
vn 99.44023600 -5.99594000 -8.69989300
vn -19.44591000 12.29768700 97.31712800
vn 98.48077500 0.00000000 17.36481800
vn -19.44607700 12.29766300 97.31709800
vn 98.48077500 0.00000000 17.36481800
vn -18.95720600 8.20873600 97.84294000
vn 98.48077500 0.00000000 17.36481800
vn -18.43655600 4.10954800 98.19982200
vn -17.88381400 -0.00000000 98.38785100
vn -17.88385800 -0.00000600 98.38784300
vn 98.48077500 0.00000000 17.36481800
vn 98.48077500 0.00000000 17.36481800
vn -17.88381400 -0.00000000 98.38785100
vn -17.88385800 0.00000600 98.38784300
vn 98.48077500 0.00000000 17.36481800
vn -18.43655600 -4.10954800 98.19982200
vn 98.48077500 0.00000000 17.36481800
vn -18.95720600 -8.20873600 97.84294000
vn -19.44591000 -12.29768700 97.31712800
vn -19.44607700 -12.29766300 97.31709800
vn 98.48077500 0.00000000 17.36481800
vn -19.44371100 -12.27057700 97.32099000
vn -19.44376800 -12.27063000 97.32097200
vn 98.48077500 0.00000000 17.36481800
vn -22.17468200 -45.93554400 86.01284300
vn 98.48077500 0.00000000 17.36481800
vn -22.06551400 -74.34902800 63.12951100
vn 98.48077500 0.00000000 17.36481800
vn 98.48077500 0.00000000 17.36481800
vn -19.16654800 -92.47088400 32.89041000
vn -17.36481800 -0.00000000 98.48077500
vn -17.36481800 -0.00000000 98.48077500
vn 98.48077500 0.00000000 17.36481800
vn -15.03837300 -50.00000000 85.28685300
vn 98.48077500 0.00000000 17.36481800
vn -8.68240900 -86.60254000 49.24038800
vn 98.48077500 0.00000000 17.36481800
vn 0.00000000 -100.00000000 -0.00000000
vn 0.00000000 -100.00000000 -0.00000000
vn 98.48077500 0.00000000 17.36481800
vn 0.00000000 0.00000000 100.00000000
vn 98.48077500 0.00000000 17.36481800
vn 0.00000000 -100.00000000 0.00000000
vn 0.00000000 -100.00000000 0.00000000
vn 98.48077500 0.00000000 17.36481800
vn 0.00000000 0.00000000 100.00000000
vn -0.00000000 100.00000000 -0.00000000
vn 98.48077500 0.00000000 17.36481800
vn 0.00000000 0.00000000 100.00000000
vn -0.00000000 100.00000000 -0.00000000
vn 0.00000000 0.00000000 100.00000000
vn 98.48077500 0.00000000 17.36481800
vn -0.00000000 100.00000000 0.00000000
vn 98.48077500 0.00000000 17.36481800
vn -0.00000000 100.00000000 0.00000000
vn 98.48077500 0.00000000 17.36481800
vn -8.68240900 86.60254000 49.24038800
vn 98.48077500 0.00000000 17.36481800
vn -15.03837300 50.00000000 85.28685300
vn -17.36481800 0.00000000 98.48077500
vn 98.48077500 0.00000000 17.36481800
vn -17.36481800 0.00000000 98.48077500
vn -29.36410000 12.27592400 94.80006000
vn -29.36409900 12.27592000 94.80006000
vn -29.36241300 12.27616900 94.80055000
vn -29.36241300 12.27616900 94.80055000
vn -24.43961400 12.28681800 96.18596300
vn -24.43965800 12.28681100 96.18595200
vn -24.43629000 12.27325700 96.18853800
vn -43.67020300 -89.95713600 0.79188300
vn -43.77544700 -89.90558100 0.83470900
vn -69.03429900 -72.24063500 3.94413000
vn -69.27721800 -72.00916000 3.91763900
vn -88.03248100 -46.96789500 6.65576300
vn -88.07194500 -46.88195200 6.73906600
vn -98.11960200 -17.20851900 8.74131600
vn -98.11960200 -17.20851900 8.74131600
vn -98.11108700 -17.21180700 8.82996200
vn -98.11110800 -17.21169000 8.82996500
vn -81.27673300 -58.01076700 5.37062400
vn -69.26965200 -72.02606600 3.73646300
vn -31.71340700 -94.83622500 -0.59180300
vn -28.58195400 -86.97638800 40.22660600
vn -28.58203900 -86.97638500 40.22655200
vn -37.27062400 -55.52819400 74.34729500
vn -37.27065000 -55.52820700 74.34727200
vn -37.68367300 -12.18182400 91.82343900
vn -37.68367300 -12.18182400 91.82343900
vn -37.68367300 -12.18182400 91.82343900
vn -37.68367300 -12.18182400 91.82343900
vn -60.83556300 -13.70428800 78.17433600
vn -60.82111900 -13.72488000 78.18196200
vn -79.28069200 -15.17721900 59.02731500
vn -79.28818500 -15.19994800 59.01139900
vn -92.17456900 -16.33678300 35.17041900
vn -92.17598600 -16.33996000 35.16522900
vn -32.32810300 -94.59360600 2.63504600
vn -69.93634800 -70.13923900 13.76206300
vn -80.86261100 -56.20015200 17.40060900
vn -29.72413800 -94.97981700 9.76268400
vn -61.29975500 -70.41621400 35.83150700
vn -70.12332900 -56.05992900 44.04546600
vn -27.81804900 -95.22294800 12.59946000
vn -55.10516800 -70.60786800 44.47414400
vn -62.48781200 -55.99850600 54.40074100
vn -24.90165100 -95.57677300 15.65209800
vn -45.75724400 -70.90532100 53.65361200
vn -51.02931700 -55.95018500 65.31145100
vn -24.96681100 -87.34351300 41.80632800
vn -24.96513800 -87.34374900 41.80683400
vn -30.71238400 -55.87749500 77.03541400
vn -30.70942400 -55.87794000 77.03627100
vn -29.54879300 -12.24908900 94.74612700
vn -29.54879300 -12.24908900 94.74612700
vn -29.55238400 -12.24856700 94.74507500
vn -29.55238400 -12.24856700 94.74507500
vn -32.26505200 -11.98946500 93.88939900
vn -32.26593300 -11.99018000 93.88900400
vn -34.97991300 -11.96537600 92.91520600
vn -34.97923700 -11.96713400 92.91523400
vn -33.98157800 -56.23743500 75.38304400
vn -31.76276800 -71.41879900 62.37372600
vn -26.93954100 -86.84328600 41.62336800
vn -20.37217000 -96.16590200 18.36011900
vn -24.53417900 -12.25950500 96.16537100
vn -24.53412900 -12.25915900 96.16542800
vn -28.64822200 -56.67680100 77.24648700
vn -24.54248100 -56.88071700 78.50000400
vn -23.91793600 -72.08281800 65.05382100
vn -21.61818300 -87.41462200 43.48951700
vn -17.86360300 -96.48914200 19.25453400
vn -27.33163700 -71.83911600 63.96970400
vn -23.93402400 -87.18804300 42.72478900
vn -18.95308000 -96.35546400 18.87870300
vn -18.41181100 -96.42203000 19.07347100
vn -22.78568100 -87.30061800 43.12093200
vn -25.64218300 -71.95991500 64.53099300
vn -26.61897100 -56.77772500 77.89557300
vn -22.91189700 -0.00000000 97.33984300
vn -22.91188500 0.00000400 97.33984500
vn -27.87951700 -0.00000000 96.03505900
vn -27.87951700 -0.00000000 96.03505900
vn -27.87951700 -0.00000000 96.03505900
vn -28.42363200 -4.10253800 95.78761100
vn -28.42304200 -4.10262600 95.78778200
vn -28.91850300 -8.19450900 95.37594200
vn -28.91734800 -8.19468200 95.37627700
vn -29.36240300 -12.27617000 94.80055300
vn -29.36241300 -12.27616900 94.80055000
vn -29.36409900 -12.27592000 94.80006000
vn -29.36410000 -12.27592400 94.80006000
vn -24.43965800 -12.28681100 96.18595200
vn -24.43961400 -12.28681800 96.18596300
vn -23.72049900 -6.14640100 96.95132600
vn -28.25569900 -0.00000000 95.92505100
vn -28.25569900 -0.00000000 95.92505100
vn -28.25569900 0.00000000 95.92505100
vn -29.14874800 -4.39010600 95.55667100
vn -29.14888700 -4.39007400 95.55663000
vn -29.98283900 -8.76675400 94.99564900
vn -29.98268400 -8.76678900 94.99569500
vn -30.75635700 -13.13031300 94.24246100
vn -30.75635700 -13.13031300 94.24246100
vn -30.75635700 -13.13031300 94.24246100
vn -30.75635700 -13.13031300 94.24246100
vn -29.10011500 -6.22950800 95.46924400
vn -97.86271800 -17.28928300 11.13414400
vn -97.87049300 -17.27337000 11.09041000
vn -97.86827900 -17.28789300 11.08731900
vn -97.86272500 -17.28928100 11.13408000
vn -90.57582600 -16.62484500 38.98248700
vn -90.58330600 -16.62414600 38.96540100
vn -77.59820800 -15.88024200 61.04372300
vn -77.58901100 -15.84297900 61.06509100
vn -61.43664900 -14.81872200 77.49802400
vn -61.33495000 -14.86444200 77.56979000
vn -42.96677200 -13.81178900 89.23615300
vn -43.17440200 -13.76881400 89.14253100
vn -42.96677200 -13.81178900 89.23615300
vn -38.27118500 -9.23900800 91.92364800
vn -38.27144600 -9.23869400 91.92357100
vn -33.38831800 -4.64077900 94.14713700
vn -33.38673700 -4.64268000 94.14760400
vn -28.33233100 -0.00000000 95.90244500
vn -28.33233100 -0.00000000 95.90244500
vn -28.33233100 -0.00000000 95.90244500
vn -28.33233100 -0.00000000 95.90244500
vn -50.28051300 -1.29096800 86.43033900
vn -50.33135700 -1.21883100 86.40178800
vn -70.77620600 -2.60836200 70.59692000
vn -70.88832200 -2.57888500 70.48542500
vn -88.13969200 -3.78113200 47.08606800
vn -88.10672000 -3.72292600 47.15236800
vn -98.59559900 -4.74113500 16.01341600
vn -98.63027800 -4.74644000 15.79681900
vn -98.63044800 -4.74610100 15.79586300
vn -91.87448600 -10.37461600 38.09784900
vn -87.77846600 -10.03531100 46.84264600
vn -71.78870200 -9.06062800 69.02381700
vn -52.75472600 -7.88770100 84.58559600
vn -98.88321500 -4.78186700 14.11536600
vn -98.85730800 -4.77860400 14.29676800
vn -99.10664200 -4.81842000 12.43609200
vn -99.09030300 -4.81502400 12.56691900
vn -99.30251000 -4.85227700 10.74555100
vn -99.30251000 -4.85227700 10.74555200
vn -99.29406900 -4.85037200 10.82413100
vn -99.10041900 -9.01324500 9.89284800
vn -99.10041700 -9.01324700 9.89285800
vn -98.71963300 -13.15406200 9.02245700
vn -98.71963600 -13.15405700 9.02243000
vn -98.16002100 -17.27495300 8.13550000
vn -98.16002100 -17.27495300 8.13550000
vn -98.16002100 -17.27495300 8.13550000
vn -98.16002100 -17.27495300 8.13550000
vn -98.06881400 -17.30100800 9.12046400
vn -98.06874900 -17.30095500 9.12126000
vn -97.97171800 -17.30479000 10.10379700
vn -97.97155300 -17.30530200 10.10452100
vn -98.71801000 -11.06593900 11.50215200
vn -28.29861100 -0.00105900 95.91240100
vn -28.29784200 -0.00000000 95.91262800
vn -32.29479000 -6.69409500 94.40463800
vn -98.16496400 -17.24664900 8.13590600
vn -98.16496400 -17.24664900 8.13590600
vn -98.16005000 -17.27479000 8.13548900
vn -98.16005000 -17.27479000 8.13548900
vn -98.16005000 -17.27479000 8.13548900
vn -98.77798900 -13.16641500 8.33992300
vn -98.77798600 -13.16641700 8.33996100
vn -99.22469500 -9.03884400 8.52990000
vn -99.22470000 -9.03884200 8.52984300
vn -99.50016000 -4.89175900 8.70567900
vn -99.50019200 -4.89206900 8.70513900
vn -99.50018600 -4.89206800 8.70520500
vn -99.50019200 -4.89206900 8.70513900
vn -99.02531300 -11.08150800 8.43727600
vn -98.98006300 -11.08635700 8.94649900
vn -24.44162400 -12.27324600 96.18718400
vn -31.76685000 -12.21264000 94.03041400
vn -68.19037200 -14.84277000 71.62238000
vn -88.81899000 -16.27959600 42.96698600
vn -95.28198600 -16.88929600 25.22092200
vn -78.96606700 -15.59105700 59.34036700
vn -52.43500900 -13.75618300 84.03176400
vn -98.07973300 -17.28564200 9.03175400
vn -98.16494800 -17.24101500 8.14802900
vn -99.50019200 4.89206900 8.70513900
vn -99.50016000 4.89175900 8.70567900
vn -99.50019200 4.89206900 8.70513900
vn -99.50018600 4.89206800 8.70520500
vn -99.22469500 9.03884400 8.52990000
vn -99.22470000 9.03884200 8.52984300
vn -98.77798600 13.16641700 8.33996100
vn -98.77798900 13.16641500 8.33992300
vn -98.16005000 17.27479000 8.13548900
vn -98.16005000 17.27479000 8.13548900
vn -98.16005000 17.27479000 8.13548900
vn -98.16496400 17.24664900 8.13590600
vn -98.16496400 17.24664900 8.13590600
vn -99.02531300 11.08150800 8.43727600
vn -98.63027800 4.74644000 15.79681900
vn -98.63044800 4.74610100 15.79586300
vn -98.59559900 4.74113500 16.01341600
vn -88.13967800 3.78113100 47.08609400
vn -88.10673800 3.72290500 47.15233500
vn -70.88831100 2.57888400 70.48543600
vn -70.77618400 2.60841300 70.59694000
vn -50.33131400 1.21890100 86.40181200
vn -50.28051700 1.29096800 86.43033600
vn -28.33233100 -0.00000000 95.90244500
vn -28.33233100 -0.00000000 95.90244500
vn -28.33233100 0.00000000 95.90244500
vn -28.33233100 0.00000000 95.90244500
vn -33.38674600 4.64268800 94.14760000
vn -33.38832700 4.64078800 94.14713300
vn -38.27120200 9.23902400 91.92364000
vn -38.27146400 9.23871000 91.92356200
vn -42.96677200 13.81178900 89.23615300
vn -42.96677200 13.81178900 89.23615300
vn -42.99915100 13.80869900 89.22103400
vn -61.32761900 14.91267000 77.56632900
vn -61.43661100 14.81878400 77.49804200
vn -77.59818700 15.88028800 61.04373700
vn -77.85460500 15.78724600 60.74062300
vn -90.51605900 16.61060700 39.12711200
vn -90.57584200 16.62482800 38.98245800
vn -97.86272500 17.28928100 11.13408000
vn -97.86271600 17.28928400 11.13415600
vn -97.87049300 17.27337000 11.09041000
vn -97.86827900 17.28789300 11.08731900
vn -66.13485100 8.58203400 74.51530200
vn -81.94370700 9.68006600 56.49358500
vn -93.96903300 10.55839000 32.53215600
vn -59.00293000 8.16733400 80.32402400
vn -97.97155300 17.30530200 10.10452100
vn -97.97171800 17.30479000 10.10379700
vn -98.06881400 17.30100800 9.12046400
vn -98.06874900 17.30095500 9.12126000
vn -98.16002100 17.27495300 8.13550000
vn -98.16002100 17.27495300 8.13550000
vn -98.16002100 17.27495300 8.13550000
vn -98.16002100 17.27495300 8.13550000
vn -98.71963300 13.15406200 9.02245700
vn -98.71963600 13.15405700 9.02243000
vn -99.10041700 9.01324700 9.89285800
vn -99.10041900 9.01324500 9.89284800
vn -99.30251000 4.85227700 10.74555100
vn -99.30251000 4.85227700 10.74555200
vn -99.29406900 4.85037200 10.82413100
vn -99.09030300 4.81502400 12.56691900
vn -99.10664200 4.81842000 12.43609200
vn -98.85730800 4.77860400 14.29676800
vn -98.88321500 4.78186700 14.11536600
vn -98.71952600 11.06609500 11.48897900
vn -98.98029100 11.08640600 8.94391000
vn -27.87957200 0.00000000 96.03504300
vn -27.87957200 0.00000000 96.03504300
vn -27.87957200 -0.00000000 96.03504300
vn -28.42310500 4.10262200 95.78776300
vn -28.42366800 4.10253800 95.78760000
vn -28.91739600 8.19467800 95.37626300
vn -28.91852100 8.19450900 95.37593600
vn -30.75635700 13.13031300 94.24246100
vn -30.75635700 13.13031300 94.24246100
vn -30.75635700 13.13031300 94.24246100
vn -30.75635700 13.13031300 94.24246100
vn -29.98268400 8.76678900 94.99569500
vn -29.98283900 8.76675400 94.99564900
vn -29.14874800 4.39010600 95.55667100
vn -29.14888700 4.39007400 95.55663000
vn -28.25569900 -0.00000000 95.92505100
vn -28.25569900 -0.00000000 95.92505100
vn -28.25569900 -0.00000000 95.92505100
vn -29.09852500 6.22875300 95.46977800
vn -22.91191300 -0.00000400 97.33983900
vn -22.91192500 -0.00000000 97.33983600
vn -23.72051300 6.14640100 96.95132300
vn -28.29784200 -0.00000000 95.91262800
vn -28.29861100 0.00106000 95.91240100
vn -31.86833200 6.68472500 94.55011300
vn -98.16494800 17.24101500 8.14802900
vn -98.07974100 17.28564400 9.03166100
vn -48.05375500 13.52517300 86.64817600
vn -62.90753000 14.52157300 76.36600400
vn -93.73296000 16.72342700 30.56892500
vn -85.65439600 15.99982100 49.06455200
vn -76.02308100 15.33705100 63.12896300
vn -31.77464800 12.21334100 94.02768800
vn -99.58931700 -2.44579300 8.71699300
vn -99.58963700 -2.44714400 8.71296400
vn -99.61903900 0.00000000 8.72049500
vn -99.61947000 0.00000000 8.71557400
vn -99.58931700 2.44579300 8.71699300
vn -99.58963700 2.44714400 8.71296400
vn -99.58963700 -2.44712500 8.71296400
vn -99.61947000 0.00000000 8.71557400
vn -99.58963700 2.44712500 8.71296400
vn -28.36767000 -0.00198900 95.89199800
vn -28.36761000 -0.00000000 95.89201600
vn -28.40098700 -0.00363300 95.88213600
vn -28.40083200 -0.00000000 95.88218100
vn -28.43313000 -0.00499100 95.87260900
vn -28.43202900 -0.00000000 95.87293500
vn -28.43203000 -0.00000100 95.87293500
vn -28.43202900 -0.00000000 95.87293500
vn -45.18542000 -0.81207700 89.20548400
vn -45.21146300 -0.82563100 89.19216300
vn -59.64835600 -1.51006900 80.24832300
vn -59.62213200 -1.56045900 80.26684400
vn -71.83270300 -2.08747800 69.53923500
vn -71.71448200 -2.04430500 69.66242800
vn -84.80626500 -2.66500300 52.92253900
vn -84.92666400 -2.67536400 52.72858900
vn -84.81315100 -2.61836000 52.91383200
vn -29.03659200 0.40518900 95.69071100
vn -28.65340600 -0.00000000 95.80700600
vn -87.50874400 -2.65190400 48.32377500
vn -87.56058400 -0.00007700 48.30263100
vn -28.65340600 -0.00000000 95.80700600
vn -28.65340600 -0.00000000 95.80700600
vn -87.50767900 2.65168100 48.32571500
vn -29.18388200 -0.55631800 95.64513300
vn -84.80633200 2.66517200 52.92242300
vn -84.81323500 2.61866700 52.91368200
vn -84.92665600 2.67536500 52.72860300
vn -71.71448100 2.04430300 69.66242900
vn -71.83270300 2.08747800 69.53923500
vn -59.62213200 1.56045900 80.26684500
vn -59.64835500 1.51006900 80.24832300
vn -45.21146300 0.82563100 89.19216300
vn -45.18542000 0.81207700 89.20548400
vn -28.43203000 0.00000100 95.87293500
vn -28.43313000 0.00499100 95.87260900
vn -28.43202900 -0.00000000 95.87293500
vn -28.43202900 0.00000000 95.87293500
vn -28.40083200 -0.00000000 95.88218100
vn -28.40098700 0.00363300 95.88213600
vn -28.36767000 0.00198900 95.89199800
vn -28.36761000 -0.00000000 95.89201600
vn -88.19226500 1.47319800 47.11638800
vn -96.27288000 1.16888100 27.02159000
vn -88.20345300 -0.97735400 47.10833900
vn -88.17693000 -1.95854400 47.12741400
vn -96.24940700 -2.32784900 27.03021900
vn -96.28079600 -0.00004100 27.01866800
vn -88.21224900 -0.00007500 47.10200800
vn -88.20334100 0.98358300 47.10842000
vn -96.24927400 2.33278300 27.03026800
vn -88.17678000 1.96269400 47.12752200
vn -96.26303700 1.75084000 27.02521500
vn -96.27298000 -1.16147900 27.02155300
vn -24.28209500 -0.00175100 97.00711200
vn -24.28231200 -0.00000000 97.00705800
vn -20.08766600 0.00000000 97.96165400
vn -20.08766600 0.00000000 97.96165400
vn -20.08766600 -0.00000000 97.96165400
vn -19.65817100 -0.19650300 98.04854800
vn -19.63519000 -0.00000000 98.05334900
vn -19.34339700 -0.25337600 98.11100200
vn -19.20068300 -0.00000000 98.13935900
vn -19.22098800 -0.20661900 98.13516700
vn -19.01927500 -0.00000000 98.17467700
vn -18.88159100 -0.00000000 98.20125000
vn -19.07333100 -0.11525700 98.16412200
vn -18.77735800 -0.00000000 98.22123400
vn -18.77735800 0.00000000 98.22123400
vn -18.77735800 -0.00000000 98.22123400
vn -18.77735800 -0.00000000 98.22123400
vn -18.77735800 -0.00000000 98.22123400
vn -18.77735800 -0.00000000 98.22123400
vn -19.08435200 0.10538900 98.16199100
vn -18.88138500 -0.00000000 98.20129000
vn -19.21340900 0.20134500 98.13666200
vn -19.01849800 -0.00000000 98.17482700
vn -19.32266200 0.23691500 98.11512900
vn -19.20200500 -0.00000000 98.13910000
vn -19.66315400 0.19486500 98.04755200
vn -19.63262600 -0.00000000 98.05386300
vn -20.08766600 -0.00000000 97.96165400
vn -20.08766600 -0.00000000 97.96165400
vn -20.08766600 -0.00000000 97.96165400
vn -24.28231200 -0.00000000 97.00705800
vn -24.28209500 0.00175100 97.00711200
vn -28.86004000 -0.45023000 95.74390500
vn -28.65340600 -0.00000000 95.80700600
vn -28.72556300 -0.42008000 95.78447500
vn -28.65340600 -0.00000000 95.80700600
vn -28.64115200 -0.32780200 95.81010900
vn -28.65340600 -0.00000000 95.80700600
vn -28.63869200 -0.08802000 95.81136500
vn -28.63986800 -0.08358300 95.81101700
vn -28.65340600 -0.00000000 95.80700600
vn -23.04193200 -27.48708400 93.34628900
vn -23.15164600 -27.14970400 93.41785100
vn -16.05912900 -51.83835200 83.99339100
vn -15.88440000 -52.12957900 83.84624500
vn -7.39681900 -73.10316300 67.83225400
vn -7.42890300 -73.09151400 67.84129900
vn -7.39566200 -73.10555900 67.82979800
vn -7.39956000 -73.10358300 67.83150200
vn -29.51402900 -61.95520300 72.73565100
vn -29.13601300 -62.51481600 72.40849700
vn -41.92737600 -54.22383200 72.81394900
vn -41.34122100 -54.88679700 72.65220500
vn -53.57589100 -44.90455300 71.50667900
vn -53.74650400 -45.23058400 71.17237900
vn -65.02419700 -33.90171800 67.98917100
vn -65.11995400 -33.31998500 68.18482400
vn -73.98707200 -21.87450100 63.61933200
vn -74.14486000 -21.58416300 63.53474300
vn -45.94179300 -22.28819200 85.98016200
vn -32.74898700 -33.13305900 88.48561600
vn -28.65048600 -35.71022200 88.90404800
vn -28.65340600 0.00000000 95.80700600
vn -28.65340600 0.00000000 95.80700600
vn -28.65340600 -0.00000000 95.80700600
vn -23.16455400 -27.09701900 93.42994700
vn -23.11959700 -27.44691200 93.33890500
vn -15.89196900 -52.10749600 83.85853600
vn -15.90611200 -51.78834400 84.05333400
vn -7.39566200 -73.10555900 67.82979800
vn -7.39566200 -73.10555900 67.82979800
vn -7.39566200 -73.10555900 67.82979800
vn -7.39566200 -73.10555900 67.82979800
vn -19.71898600 -39.98903600 89.50999200
vn -19.71898600 -39.98903600 89.50999200
vn -28.65340600 -0.00000000 95.80700600
vn -28.65340600 -0.00000000 95.80700600
vn -28.65340600 0.00000000 95.80700600
vn -43.99451100 -0.00000000 89.80246700
vn -44.06182000 -0.00737000 89.76946000
vn -58.14158800 -0.00000000 81.36065300
vn -58.08057800 0.01527100 81.40421500
vn -70.71067800 0.00000000 70.71067800
vn -70.71067800 -0.00000000 70.71067800
vn -70.71067800 -0.00000000 70.71067800
vn -70.71067800 -0.00000000 70.71067800
vn -59.56477500 -21.58929500 77.36885700
vn -59.55467100 -21.56645700 77.38300300
vn -44.49273900 -41.55543400 79.33184800
vn -44.62237000 -41.76541000 79.14856000
vn -26.83399100 -59.14816000 76.03572900
vn -26.86061600 -59.31606600 75.89539900
vn -28.65340600 -0.00000000 95.80700600
vn -28.67560700 -0.34346900 95.79974700
vn -28.79152300 -0.30031800 95.76511900
vn -28.65340600 -0.00000000 95.80700600
vn -28.83599900 -0.21901700 95.75195700
vn -28.65340600 -0.00000000 95.80700600
vn -28.65340600 -0.00000000 95.80700600
vn -28.82772400 -0.11304500 95.75463200
vn -28.74189200 -0.02461400 95.78049400
vn -28.65340600 -0.00000000 95.80700600
vn -47.16891800 -6.64735000 87.92557000
vn -37.43522800 -20.97572100 90.32509500
vn -32.45850500 -26.88369900 90.68468500
vn -28.65340600 -0.00000000 95.80700600
vn -28.65340600 -0.00000000 95.80700600
vn -28.65340600 0.00000000 95.80700600
vn -43.99451100 -0.00000000 89.80246700
vn -44.06182000 0.00737000 89.76946000
vn -58.08057800 -0.01527100 81.40421500
vn -58.14158800 -0.00000000 81.36065300
vn -70.71067800 -0.00000000 70.71067800
vn -70.71067800 -0.00000000 70.71067800
vn -70.71067800 -0.00000000 70.71067800
vn -70.71067800 -0.00000000 70.71067800
vn -28.65340600 0.00000000 95.80700600
vn -28.65340600 0.00000000 95.80700600
vn -28.65340600 -0.00000000 95.80700600
vn -23.11959700 27.44691200 93.33890500
vn -23.16455400 27.09701900 93.42994700
vn -15.89196900 52.10749600 83.85853600
vn -15.90611200 51.78834400 84.05333400
vn -7.39566200 73.10555900 67.82979800
vn -7.39566200 73.10555900 67.82979800
vn -7.39566200 73.10555900 67.82979800
vn -7.39566200 73.10555900 67.82979800
vn -26.86061600 59.31606600 75.89539900
vn -26.83399100 59.14816000 76.03572900
vn -44.49273900 41.55543400 79.33184800
vn -44.62237000 41.76541000 79.14856000
vn -59.56477500 21.58929500 77.36885700
vn -59.55467100 21.56645700 77.38300300
vn -28.74189200 0.02461400 95.78049400
vn -28.65340600 -0.00000000 95.80700600
vn -28.82772400 0.11304500 95.75463200
vn -28.65340600 -0.00000000 95.80700600
vn -28.65340600 -0.00000000 95.80700600
vn -28.83599900 0.21901700 95.75195700
vn -28.65340600 -0.00000000 95.80700600
vn -28.79152300 0.30031800 95.76511900
vn -28.67560700 0.34346900 95.79974700
vn -28.65340600 -0.00000000 95.80700600
vn -34.01230500 25.10649900 90.62464800
vn -43.24114400 13.00060100 89.22548900
vn -28.65340600 0.00000000 95.80700600
vn -28.65340600 0.00000000 95.80700600
vn -28.65340600 -0.00000000 95.80700600
vn -23.16455400 27.09701900 93.42994700
vn -23.05449000 27.43543300 93.35838200
vn -16.06647800 51.81663000 84.00538800
vn -15.89196900 52.10749600 83.85853600
vn -7.39566200 73.10555900 67.82979800
vn -7.39566200 73.10555900 67.82979800
vn -7.39566200 73.10555900 67.82979800
vn -7.42900000 73.09147300 67.84133300
vn -19.71898600 39.98903600 89.50999200
vn -19.71898600 39.98903600 89.50999200
vn -73.88944700 21.57908000 63.83332100
vn -74.19852800 21.57831400 63.47404800
vn -64.72328500 34.01815500 68.21775100
vn -65.22436800 33.66311700 67.91595000
vn -53.79590900 45.18208400 71.16585800
vn -54.19641200 44.56728400 71.24960400
vn -41.51647100 54.34762400 72.95696300
vn -41.43928900 54.81904100 72.64749200
vn -29.18254100 62.24520000 72.62172100
vn -29.31090800 62.40652000 72.43132500
vn -28.64919200 0.16475700 95.80812400
vn -28.65340600 -0.00000000 95.80700600
vn -28.65340600 -0.00000000 95.80700600
vn -28.69836600 0.27883500 95.79314200
vn -28.80567900 0.32869000 95.76076900
vn -28.65340600 -0.00000000 95.80700600
vn -47.32861000 21.01574600 85.54730300
vn -53.45067000 13.73163300 83.39345400
vn -40.28102800 27.41303100 87.32676900
vn -7.44863900 -73.07560100 67.85627700
vn -7.39566200 -73.10555900 67.82979800
vn -7.39566200 -73.10555900 67.82979800
vn -7.42173600 -73.08527200 67.84880900
vn -7.39566200 -73.10555900 67.82979800
vn -7.39787200 -73.10302000 67.83229300
vn -7.39566200 -73.10555900 67.82979800
vn -7.39566200 -73.10555900 67.82979800
vn -7.39566200 -73.10555900 67.82979800
vn -15.79767500 -52.13819900 83.85727000
vn -15.91100400 -51.80123100 84.04446700
vn -23.01389000 -27.05624400 93.47898400
vn -22.92213600 -27.43725400 93.39043200
vn -19.61264500 -65.19699300 73.24408700
vn -45.88730400 -40.90676300 78.87326600
vn -55.43710900 -28.70137300 78.12143200
vn -15.66541700 -64.59163400 74.71623400
vn -33.66861900 -40.11287300 85.19026600
vn -40.36602600 -28.28659700 87.00834600
vn -7.39566200 -73.10555900 67.82979800
vn -7.39566200 -73.10555900 67.82979800
vn -7.39566200 -73.10555900 67.82979800
vn -7.39566200 -73.10555900 67.82979800
vn -12.74723000 -51.71571900 84.63446400
vn -12.79008400 -51.71953200 84.62566800
vn -16.97733100 -27.35134600 94.67668200
vn -16.96106900 -27.34989700 94.68001500
vn -7.39566200 -73.10555900 67.82979800
vn -7.39718100 -73.10166600 67.83382800
vn -16.81811000 -42.00000000 89.18044200
vn -25.67432000 -60.30445200 75.52617100
vn -25.72382000 -60.11811400 75.65776500
vn -35.81066000 -51.16069700 78.10364700
vn -35.64111200 -50.92924200 78.33213500
vn -46.17999300 -39.94005900 79.19722200
vn -46.38742800 -39.41320200 79.33981300
vn -55.93474500 -26.95951400 78.38679000
vn -56.12086400 -26.82806700 78.29880900
vn -64.23805900 -13.15821800 75.50055000
vn -64.50948200 -13.04009100 75.28932700
vn -70.71067800 -0.00000000 70.71067800
vn -70.71067800 -0.00000000 70.71067800
vn -70.71067800 -0.00000000 70.71067800
vn -70.71067800 -0.00000000 70.71067800
vn -55.24068100 -0.01618000 83.35746500
vn -55.35024200 -0.00000000 83.28475700
vn -37.93042600 0.00590500 92.52720000
vn -37.80872700 -0.00000000 92.57699600
vn -29.37768800 -24.73645700 92.33124700
vn -33.50684900 -19.83212000 92.10851300
vn -42.74903700 -5.76677500 90.21787000
vn -70.71067800 -0.00000000 70.71067800
vn -70.71067800 -0.00000000 70.71067800
vn -70.71067800 -0.00000000 70.71067800
vn -70.71067800 -0.00000000 70.71067800
vn -55.35024200 -0.00000000 83.28475700
vn -55.24068100 0.01618000 83.35746500
vn -37.93042600 -0.00590500 92.52720000
vn -37.80872700 -0.00000000 92.57699600
vn -46.81062700 -0.00000000 88.36721800
vn -46.81062700 -0.00000000 88.36721800
vn -46.81062700 -0.00000000 88.36721800
vn -46.81062700 -0.00000000 88.36721800
vn -46.81062700 -0.00000000 88.36721800
vn -65.32545500 11.39248300 74.85182900
vn -65.33329200 11.48832200 74.83033700
vn -58.24802800 23.03379500 77.95262400
vn -58.30783400 23.53009400 77.75944500
vn -49.61573500 35.16751200 79.38214500
vn -49.99848000 35.22354500 79.11671000
vn -40.93871400 45.87618500 78.86315600
vn -41.23045400 45.35937400 79.00998000
vn -23.15899400 61.83443800 75.10102100
vn -23.23311000 62.27448500 74.71352700
vn -7.39566200 73.10555900 67.82979800
vn -7.39566200 73.10555900 67.82979800
vn -7.39566200 73.10555900 67.82979800
vn -7.39566200 73.10555900 67.82979800
vn -12.79008300 51.71953200 84.62566900
vn -12.74723000 51.71571900 84.63446400
vn -16.97733100 27.35134600 94.67668200
vn -16.96107000 27.34989600 94.68001500
vn -39.11749200 11.75664700 91.27761600
vn -30.76678500 23.27491100 92.25878500
vn -7.39566200 73.10555900 67.82979800
vn -7.39566200 73.10555900 67.82979800
vn -7.39566200 73.10555900 67.82979800
vn -15.79767500 52.13819900 83.85727000
vn -15.91100400 51.80123100 84.04446700
vn -23.01389000 27.05624400 93.47898400
vn -22.92213600 27.43725400 93.39043200
vn -7.39718100 73.10166600 67.83382800
vn -7.39566200 73.10555900 67.82979800
vn -16.81811000 42.00000000 89.18044200
vn -7.39566200 73.10555900 67.82979800
vn -7.39787200 73.10302000 67.83229300
vn -7.39566200 73.10555900 67.82979800
vn -7.42173600 73.08527200 67.84880900
vn -7.39566200 73.10555900 67.82979800
vn -7.44863900 73.07560100 67.85627700
vn -29.87539900 28.37087200 91.11835200
vn -53.91534700 28.62216000 79.20800000
vn -17.55090400 64.82782800 74.08993500
vn -44.63853400 40.78606800 79.64859000
vn -19.20236200 65.11420900 73.42621600
vn -25.30415700 39.97579100 88.10014600
vn -13.03650700 64.39241700 75.39009300
vn -39.55952800 40.38667100 82.48612300
vn -47.67767600 28.38334300 83.19390000
vn -85.96399300 50.82335400 -5.21330100
vn -85.96399300 50.82335400 -5.21330100
vn -0.00000000 -0.00000000 -100.00000000
vn -0.00000000 -0.00000000 -100.00000000
vn -88.29919000 46.56042800 -5.94807900
vn -0.00000000 -0.00000000 -100.00000000
vn -90.42100600 42.18498600 -6.66848300
vn -85.96399300 50.82335400 -5.21330100
vn -0.00000000 -0.00000000 -100.00000000
vn -85.96399300 50.82335400 -5.21330100
vn -0.00000000 -0.00000000 -100.00000000
vn -93.41972100 34.80992800 -7.81182900
vn -97.89750700 17.68686600 -10.16133800
vn -0.00000000 -0.00000000 -100.00000000
vn -90.42100600 -42.18498600 -6.66848300
vn -0.00000000 -0.00000000 -100.00000000
vn -88.29919000 -46.56042800 -5.94807900
vn -0.00000000 -0.00000000 -100.00000000
vn -85.96399300 -50.82335400 -5.21330100
vn -85.96399300 -50.82335400 -5.21330100
vn -0.00000000 -0.00000000 -100.00000000
vn -85.96399300 -50.82335400 -5.21330100
vn -0.00000000 -0.00000000 -100.00000000
vn -85.96399300 -50.82335400 -5.21330100
vn -93.41972100 -34.80992800 -7.81182900
vn -0.00000000 -0.00000000 -100.00000000
vn -97.89750700 -17.68686600 -10.16133800
vn -0.00000000 -0.00000000 -100.00000000
vn -0.00000000 100.00000000 0.00000000
vn -0.00000000 100.00000000 0.00000000
vn -98.48077500 -0.00000000 -17.36481800
vn -98.48077500 -0.00000000 -17.36481800
vn -8.68240900 86.60254000 49.24038800
vn -98.48077500 -0.00000000 -17.36481800
vn -15.03837300 50.00000000 85.28685300
vn -17.36481800 0.00000000 98.48077500
vn -17.36481800 0.00000000 98.48077500
vn -98.48077500 -0.00000000 -17.36481800
vn -98.48077500 -0.00000000 -17.36481800
vn -0.00000000 100.00000000 -0.00000000
vn -100.00000000 -0.00000000 0.00000000
vn -100.00000000 -0.00000000 0.00000000
vn -98.48077500 -0.00000000 -17.36481800
vn 0.00000000 -100.00000000 0.00000000
vn 0.00000000 -100.00000000 -0.00000000
vn 0.00000000 -100.00000000 -0.00000000
vn -98.48077500 -0.00000000 -17.36481800
vn -8.68240900 -86.60254000 49.24038800
vn -98.48077500 -0.00000000 -17.36481800
vn -15.03837300 -50.00000000 85.28685300
vn -98.48077500 -0.00000000 -17.36481800
vn -17.36481800 -0.00000000 98.48077500
vn -17.36481800 -0.00000000 98.48077500
vn -98.48077500 -0.00000000 -17.36481800
vn 70.71067800 70.71067800 -0.00000000
vn 70.71067800 70.71067800 -0.00000000
vn -0.00000000 -0.00000000 -100.00000000
vn 50.00000000 86.60254000 -0.00000000
vn -0.00000000 -0.00000000 -100.00000000
vn 25.88190500 96.59258300 -0.00000000
vn -0.00000000 -0.00000000 -100.00000000
vn -0.00000000 100.00000000 -0.00000000
vn -0.00000000 100.00000000 -0.00000000
vn -0.00000000 -0.00000000 -100.00000000
vn -0.00000000 100.00000000 -0.00000000
vn -0.00000000 -0.00000000 -100.00000000
vn 70.71067800 70.71067800 -0.00000000
vn 0.00000000 -100.00000000 0.00000000
vn 0.00000000 -100.00000000 0.00000000
vn -0.00000000 -0.00000000 -100.00000000
vn 25.88190500 -96.59258300 -0.00000000
vn -0.00000000 -0.00000000 -100.00000000
vn 50.00000000 -86.60254000 -0.00000000
vn -0.00000000 -0.00000000 -100.00000000
vn -0.00000000 -0.00000000 -100.00000000
vn 70.71067800 -70.71067800 -0.00000000
vn 70.71067800 -70.71067800 -0.00000000
vn 0.00000000 -100.00000000 0.00000000
vn 70.71067800 -70.71067800 -0.00000000
vn -0.00000000 -0.00000000 -100.00000000
vn -0.00000000 100.00000000 -0.00000000
vn 100.00000000 0.00000000 -0.00000000
vn -0.00000000 -0.00000000 -100.00000000
vn 100.00000000 0.00000000 -0.00000000
vn -0.00000000 100.00000000 -0.00000000
vn 0.00000000 0.00000000 100.00000000
vn -0.00000000 100.00000000 -0.00000000
vn -0.00000000 -0.00000000 -100.00000000
vn 100.00000000 0.00000000 -0.00000000
vn 0.00000000 0.00000000 100.00000000
vn -0.00000000 100.00000000 -0.00000000
vn 100.00000000 0.00000000 -0.00000000
vn 0.00000000 -100.00000000 0.00000000
vn -0.00000000 -0.00000000 -100.00000000
vn 100.00000000 0.00000000 -0.00000000
vn 0.00000000 0.00000000 100.00000000
vn 100.00000000 0.00000000 -0.00000000
vn 0.00000000 -100.00000000 0.00000000
vn 0.00000000 0.00000000 100.00000000
vn 100.00000000 0.00000000 -0.00000000
vn 0.00000000 -100.00000000 0.00000000
vn 100.00000000 0.00000000 -0.00000000
vn -0.00000000 -0.00000000 -100.00000000
vn 0.00000000 -100.00000000 0.00000000
vn 99.57421700 -2.99763000 -8.71720000
vn 99.57467100 -2.99865200 -8.71165500
vn 99.61947000 -0.00000000 -8.71557400
vn 99.61888400 -0.00000000 -8.72226200
vn 99.57421700 2.99763000 -8.71720000
vn 99.57467100 2.99865200 -8.71165500
vn 99.57457000 -3.00203800 -8.71164600
vn 99.61946900 -0.00819700 -8.71557400
vn 99.57481500 2.99384100 -8.71166700
vn 28.37070800 -0.01022700 -95.89109900
vn 28.37020100 0.00000000 -95.89124900
vn 28.50863500 0.00000000 -95.85018400
vn 28.51023000 -0.01280200 -95.84970900
vn 28.63976100 0.00000000 -95.81108500
vn 28.64294600 -0.00540700 -95.81013300
vn 28.63266900 0.00705100 -95.81320500
vn 28.62965700 0.00000000 -95.81410500
vn 28.47830900 0.00000000 -95.85919800
vn 28.47958900 0.01275700 -95.85881700
vn 96.27121400 -1.41353400 -27.01583200
vn 63.70982600 -0.65723900 -77.07545700
vn 63.72978200 -0.00274600 -77.06176000
vn 63.65052600 -1.30856900 -77.11613500
vn 75.79483400 -1.80792700 -65.20640000
vn 96.23674700 -2.81810500 -27.02862800
vn 75.85974500 -0.00299100 -65.15595900
vn 96.28280500 -0.00136800 -27.01150400
vn 75.84340300 -0.90741300 -65.16866400
vn 63.65102400 1.30445400 -77.11579300
vn 75.79524300 1.80223200 -65.20608200
vn 96.23703800 2.80921200 -27.02852100
vn 0.00000000 0.00000000 100.00000000
vn 0.00000000 -100.00000000 0.00000000
vn 0.00000000 -100.00000000 0.00000000
vn 0.00000000 0.00000000 100.00000000
vn 5.81448300 -99.83081600 -0.00000000
vn 11.60929100 -99.32383600 -0.00000000
vn 0.00000000 0.00000000 100.00000000
vn 17.36481800 -98.48077500 -0.00000000
vn 17.36481800 -98.48077500 -0.00000000
vn 0.00000000 0.00000000 100.00000000
vn 17.36481800 -98.48077500 -0.00000000
vn 17.36481800 -98.48077500 -0.00000000
vn 0.00000000 0.00000000 100.00000000
vn 11.60929100 -99.32383600 -0.00000000
vn 0.00000000 0.00000000 100.00000000
vn 5.81448300 -99.83081600 -0.00000000
vn 0.00000000 0.00000000 100.00000000
vn 0.00000000 -100.00000000 0.00000000
vn 0.00000000 0.00000000 100.00000000
vn 0.00000000 -100.00000000 0.00000000
vn 0.00000000 0.00000000 100.00000000
vn 0.00000000 -100.00000000 0.00000000
vn 0.00000000 -100.00000000 0.00000000
vn 0.00000000 0.00000000 100.00000000
vn 25.03800000 -96.81476400 -0.00000000
vn 0.00000000 0.00000000 100.00000000
vn 48.48096200 -87.46197100 -0.00000000
vn 68.83545800 -72.53743700 -0.00000000
vn 0.00000000 0.00000000 100.00000000
vn 84.80481000 -52.99192600 -0.00000000
vn 0.00000000 0.00000000 100.00000000
vn 95.37169500 -30.07058000 -0.00000000
vn 0.00000000 0.00000000 100.00000000
vn 99.86295300 -5.23359600 -0.00000000
vn 99.86295300 -5.23359600 -0.00000000
vn 0.00000000 0.00000000 100.00000000
vn 99.86295300 -5.23359600 -0.00000000
vn 0.00000000 0.00000000 100.00000000
vn 99.86295300 -5.23359600 -0.00000000
vn 99.98477000 -1.74524100 -0.00000000
vn 0.00000000 0.00000000 100.00000000
vn 99.98477000 1.74524100 -0.00000000
vn 0.00000000 0.00000000 100.00000000
vn 99.86295300 5.23359600 -0.00000000
vn 99.86295300 5.23359600 -0.00000000
vn 0.00000000 0.00000000 100.00000000
vn 99.86295300 5.23359600 -0.00000000
vn 99.86295300 5.23359600 -0.00000000
vn 0.00000000 0.00000000 100.00000000
vn 0.00000000 0.00000000 100.00000000
vn 95.37169500 30.07058000 -0.00000000
vn 0.00000000 0.00000000 100.00000000
vn 84.80481000 52.99192600 -0.00000000
vn 0.00000000 0.00000000 100.00000000
vn 68.83545800 72.53743700 -0.00000000
vn 0.00000000 0.00000000 100.00000000
vn 48.48096200 87.46197100 -0.00000000
vn 25.03800000 96.81476400 -0.00000000
vn 0.00000000 0.00000000 100.00000000
vn 0.00000000 0.00000000 100.00000000
vn 0.00000000 100.00000000 -0.00000000
vn 0.00000000 100.00000000 -0.00000000
vn 0.00000000 100.00000000 -0.00000000
vn 0.00000000 0.00000000 100.00000000
vn 0.00000000 100.00000000 -0.00000000
vn 0.00000000 0.00000000 100.00000000
vn 5.81448300 99.83081600 -0.00000000
vn 0.00000000 0.00000000 100.00000000
vn 11.60929100 99.32383600 -0.00000000
vn 0.00000000 0.00000000 100.00000000
vn 17.36481800 98.48077500 -0.00000000
vn 17.36481800 98.48077500 -0.00000000
vn 17.36481800 98.48077500 -0.00000000
vn 17.36481800 98.48077500 -0.00000000
vn 0.00000000 0.00000000 100.00000000
vn 11.60929100 99.32383600 -0.00000000
vn 0.00000000 0.00000000 100.00000000
vn 0.00000000 0.00000000 100.00000000
vn 5.81448300 99.83081600 -0.00000000
vn 0.00000000 0.00000000 100.00000000
vn -0.00000000 100.00000000 -0.00000000
vn -0.00000000 100.00000000 -0.00000000
vn 17.36481800 98.48077500 -0.00000000
vn 0.00000000 0.00000000 100.00000000
vn 17.36481800 98.48077500 -0.00000000
vn 0.00000000 100.00000000 -0.00000000
vn 0.00000000 0.00000000 100.00000000
vn 0.00000000 100.00000000 -0.00000000
vn 0.00000000 0.00000000 100.00000000
vn 5.81448300 99.83081600 -0.00000000
vn 0.00000000 0.00000000 100.00000000
vn 11.60929100 99.32383600 -0.00000000
vn 0.00000000 100.00000000 -0.00000000
vn 0.00000000 100.00000000 -0.00000000
vn 0.00000000 0.00000000 100.00000000
vn 14.87172000 98.88797700 -0.00000000
vn 0.00000000 0.00000000 100.00000000
vn 0.00000000 0.00000000 100.00000000
vn 29.41268600 95.57663900 -0.00000000
vt -3.51018000 -4.05336200
vt -3.51510700 3.63055300
vt -0.62014800 -0.00000000
vt -3.51018000 -3.90336200
vt 3.72500000 0.38000500
vt -0.62276600 0.14997700
vt -1.37753900 0.14997700
vt 3.93982000 -3.90336200
vt -3.72500000 0.38000500
vt -1.38015700 0.00000000
vt -10.96510700 3.63055300
vt 3.93982000 -4.05336200
vt -11.31518400 3.63055300
vt 4.28989700 -4.05336200
vt 0.00000000 55.36737400
vt 0.03882600 55.36712800
vt 4.32781100 -4.06096700
vt 0.06454300 55.36683900
vt 4.35017100 -4.07364600
vt 4.37851800 -4.10709600
vt 0.10867600 55.36617100
vt 4.38846100 -4.13646600
vt -1.32000000 -0.84052200
vt 0.13969600 55.36562900
vt -1.32000000 -0.60037300
vt 4.47473600 -4.35886800
vt -1.32000000 -0.36022400
vt 4.64085000 -4.53007500
vt -1.32000000 -0.12007500
vt 4.86054500 -4.62302500
vt 5.09909400 -4.62302500
vt -1.32000000 0.12007500
vt 5.31879000 -4.53007500
vt -1.32000000 0.36022400
vt 5.48490400 -4.35886800
vt -1.32000000 0.60037300
vt 5.57117800 -4.13646600
vt -1.32000000 0.84052200
vt 0.13969600 -55.36467200
vt 0.11413000 -55.36512100
vt 5.57872200 -4.11201700
vt 0.07536200 -55.36573700
vt 5.60117100 -4.08059600
vt 5.62677700 -4.06320500
vt 0.04433700 -55.36611700
vt -12.69503100 3.63055300
vt 0.00000000 -55.36641700
vt 5.66974300 -4.05336200
vt -3.81004600 0.04259000
vt -13.86793500 3.63055300
vt 6.84264800 -4.05336200
vt -3.81046500 0.01419700
vt 6.87066400 -4.04935700
vt -3.81071000 -0.01419700
vt 6.89643400 -4.03766500
vt -3.81076300 -0.04259000
vt 6.91789500 -4.01922000
vt 0.22658100 3.74844900
vt 7.21333700 -3.68157200
vt 3.68613300 -0.03593500
vt -0.22207500 3.74844900
vt 3.68602400 -0.01197800
vt 7.22681200 -3.66183400
vt 3.68578000 0.01197800
vt 7.23521800 -3.63946000
vt 3.68541600 0.03593500
vt 7.23807400 -3.61572900
vt -0.37427100 3.63055300
vt 7.23807400 3.61572900
vt -7.60572900 3.63055300
vt -3.72790600 0.03593500
vt 7.23521800 3.63946000
vt -3.72827000 0.01197800
vt -3.72851400 -0.01197800
vt 7.22681200 3.66183400
vt -3.72862300 -0.03593500
vt 0.22216400 3.69418100
vt 7.21333700 3.68157200
vt -0.22649200 3.69418100
vt 3.65973500 -0.04259000
vt 6.91789500 4.01922000
vt 3.65968300 -0.01419700
vt 6.89643400 4.03766500
vt 3.65943700 0.01419700
vt 6.87066400 4.04935700
vt 3.65901800 0.04259000
vt -0.33206500 3.63055300
vt 6.84264800 4.05336200
vt 0.00000000 55.36737400
vt -1.50496900 3.63055300
vt 5.66974300 4.05336200
vt 0.03882600 55.36712800
vt 5.63182900 4.06096700
vt 5.60946900 4.07364600
vt 0.06454300 55.36684000
vt 5.58112100 4.10709600
vt 0.10867600 55.36617100
vt -1.32000000 -0.84052200
vt 5.57117800 4.13646600
vt 0.13969600 55.36562900
vt -1.32000000 -0.60037300
vt 5.48490400 4.35886800
vt 5.31879000 4.53007500
vt -1.32000000 -0.36022400
vt -1.32000000 -0.12007500
vt 5.09909400 4.62302500
vt 4.86054500 4.62302500
vt -1.32000000 0.12007500
vt 4.64085000 4.53007500
vt -1.32000000 0.36022400
vt -1.32000000 0.60037300
vt 4.47473600 4.35886800
vt 4.38846100 4.13646600
vt -1.32000000 0.84052200
vt 0.13969600 -55.36467200
vt 0.11413000 -55.36512100
vt 4.38091800 4.11201700
vt 0.07536200 -55.36573700
vt 4.35846900 4.08059600
vt 0.04433700 -55.36611700
vt 4.33286300 4.06320500
vt 4.28989700 4.05336200
vt 0.00000000 -55.36641700
vt -2.88481600 3.63055300
vt 1.38015700 0.00000000
vt -3.23489300 3.63055300
vt 3.93982000 4.05336200
vt 1.37753900 0.14997700
vt 3.93982000 3.90336200
vt 3.72500000 0.38000500
vt -3.72500000 0.38000500
vt 0.62276600 0.14997700
vt -3.51018000 3.90336200
vt -3.51018000 4.05336200
vt 0.62014800 -0.00000000
vt -10.68489300 3.63055300
vt 0.00000000 55.36737400
vt -3.83025700 4.05336200
vt -11.00496900 3.63055300
vt -3.86817200 4.06096700
vt 0.03882600 55.36712800
vt 0.06454300 55.36683900
vt -3.89053200 4.07364600
vt -3.91887900 4.10709600
vt 0.10867600 55.36617100
vt -3.92882200 4.13646600
vt -1.32000000 -0.84052200
vt 0.13969600 55.36562900
vt -1.32000000 -0.60037300
vt -4.01509600 4.35886800
vt -1.32000000 -0.36022400
vt -4.18121000 4.53007500
vt -4.40090600 4.62302500
vt -1.32000000 -0.12007500
vt -4.63945500 4.62302500
vt -1.32000000 0.12007500
vt -1.32000000 0.36022400
vt -4.85915000 4.53007500
vt -5.02526400 4.35886800
vt -1.32000000 0.60037300
vt 0.13969600 -55.36467200
vt -5.11153900 4.13646600
vt -1.32000000 0.84052200
vt -5.11908200 4.11201700
vt 0.11413000 -55.36512100
vt 0.07536200 -55.36573700
vt -5.14153100 4.08059600
vt -5.16713700 4.06320500
vt 0.04433700 -55.36611700
vt -12.38481600 3.63055300
vt 0.00000000 -55.36641700
vt -5.21010300 4.05336200
vt -6.37436000 4.05336200
vt 4.07003900 -0.54903400
vt -13.54907200 3.63055300
vt 4.09596000 -0.32942100
vt -6.59193700 4.01918800
vt -6.78812700 3.92000300
vt 4.11814700 -0.10980700
vt 4.13443700 0.10980700
vt -6.94377700 3.76549000
vt -7.04369100 3.57073300
vt 4.14323800 0.32942100
vt 4.14369100 0.54903400
vt -2.90158600 3.35474400
vt -7.07811700 3.35474400
vt -2.90158600 2.23437200
vt -1.71333100 0.06704200
vt -7.07811700 2.23437200
vt -7.08213100 2.18962300
vt -1.71846100 0.02234700
vt -7.09404700 2.14619800
vt -1.72441100 -0.02234700
vt -7.11348400 2.10548200
vt -1.73099200 -0.06704200
vt -0.12128800 0.78129100
vt -0.27918100 0.78604000
vt -0.25656300 0.06704200
vt -7.19387600 1.96950400
vt -7.21331300 1.92878800
vt -0.26314300 0.02234700
vt -0.26909300 -0.02234700
vt -7.22522800 1.88536300
vt -0.27422300 -0.06704200
vt -7.22924300 1.84061400
vt 0.09282200 1.84061400
vt 0.27422300 -0.06704200
vt 0.09282200 -1.84061400
vt -7.22924300 -1.84061400
vt 0.26909300 -0.02234700
vt -7.22522800 -1.88536300
vt 0.26314300 0.02234700
vt -7.21331300 -1.92878800
vt 0.25656300 0.06704200
vt 0.27918100 0.78604000
vt -7.19387600 -1.96950400
vt -7.11348400 -2.10548200
vt 1.73099200 -0.06704200
vt 0.12128800 0.78129100
vt -7.09404700 -2.14619800
vt 1.72441100 -0.02234700
vt 1.71846100 0.02234700
vt -7.08213100 -2.18962300
vt 1.71333100 0.06704200
vt -2.90158600 -2.23437200
vt -7.07811700 -2.23437200
vt -3.27854900 0.54903400
vt -2.90158600 -3.35474400
vt -7.07811700 -3.35474400
vt -7.04369100 -3.57073300
vt -3.27809500 0.32942100
vt -6.94377700 -3.76549000
vt -3.26929400 0.10980700
vt -3.25300500 -0.10980700
vt -6.78812700 -3.92000300
vt -3.23081700 -0.32942100
vt -6.59193700 -4.01918800
vt -6.37436000 -4.05336200
vt -0.65092800 3.63055300
vt -3.20489700 -0.54903400
vt 0.00000000 55.36737400
vt -5.21010300 -4.05336200
vt -1.81518400 3.63055300
vt -5.17218900 -4.06096700
vt 0.03882600 55.36712800
vt -5.14982900 -4.07364600
vt 0.06454300 55.36684000
vt 0.10867600 55.36617100
vt -5.12148200 -4.10709600
vt -5.11153900 -4.13646600
vt -1.32000000 -0.84052200
vt 0.13969600 55.36562900
vt -1.32000000 -0.60037300
vt -5.02526400 -4.35886800
vt -4.85915000 -4.53007500
vt -1.32000000 -0.36022400
vt -4.63945500 -4.62302500
vt -1.32000000 -0.12007500
vt -1.32000000 0.12007500
vt -4.40090600 -4.62302500
vt -1.32000000 0.36022400
vt -4.18121000 -4.53007500
vt -1.32000000 0.60037300
vt -4.01509600 -4.35886800
vt -3.92882200 -4.13646600
vt 0.13969600 -55.36467200
vt -1.32000000 0.84052200
vt -3.92127800 -4.11201700
vt 0.11413000 -55.36512100
vt -3.89883000 -4.08059600
vt 0.07536200 -55.36573700
vt 0.04433700 -55.36611700
vt -3.87322300 -4.06320500
vt 0.00000000 -55.36641700
vt -3.19503100 3.63055300
vt -3.83025700 -4.05336200
vt -3.72500000 1.00015200
vt 0.00261800 0.14997700
vt -0.15000000 0.54977900
vt -10.75000000 0.52013300
vt -0.01815500 0.54977900
vt 0.00031700 0.01815200
vt -10.75000000 -0.00000000
vt 0.52013300 -0.00000000
vt -10.68489300 3.73056800
vt 3.72500000 1.00015200
vt 1.99768700 0.14997700
vt -0.15000000 0.54977900
vt -0.14694500 0.73303800
vt 3.67810900 1.17517900
vt 3.55000000 1.30330700
vt -0.14470900 0.91629800
vt 3.37500000 1.35020600
vt -0.14389100 1.09955700
vt 0.00000000 0.15000000
vt -3.37500000 1.35020600
vt 6.75000000 0.15000000
vt -0.14389100 0.00000000
vt -0.14470900 0.18326000
vt -3.55000000 1.30330700
vt -0.14694500 0.36651900
vt -3.67810900 1.17517900
vt -3.30000000 -0.00000000
vt -3.23489300 3.73056800
vt 1.48017200 0.00000000
vt 1.99998800 0.01815200
vt -0.01815500 0.54977900
vt -3.30000000 0.52013300
vt 0.00000000 -55.26640500
vt -2.88451400 3.73056800
vt 0.00000000 55.36649200
vt -2.94962200 -0.00000000
vt 0.14075700 55.36474300
vt 0.13969600 -55.26466000
vt -1.22000000 0.83900300
vt 0.10521800 55.36536900
vt 0.10442400 -55.26526100
vt 0.07982600 -55.26564700
vt 0.08043300 55.36575700
vt 0.03516600 55.36628400
vt 0.03490000 -55.26619100
vt 0.09239600 -55.31806300
vt 0.07317400 -55.31806300
vt 0.02114400 -55.31806300
vt -1.22000000 -0.83900300
vt 0.13969600 55.26561500
vt 0.14075700 -55.36384700
vt -0.26970600 -0.85340700
vt -0.00000000 1.76854400
vt 0.00000000 0.00000000
vt 0.14075700 -56.31427800
vt -0.26970600 -0.60957600
vt -0.00000000 1.52842500
vt -0.00000000 1.28830700
vt -0.26970600 -0.36574600
vt -0.26970600 -0.12191500
vt -0.00000000 1.04818900
vt -0.26970600 0.12191500
vt 0.00000000 0.80807000
vt -0.26970600 0.36574600
vt 0.00000000 0.56795200
vt 0.00000000 0.32783400
vt -0.26970600 0.60957600
vt 0.00000000 0.08771500
vt -0.26970600 0.85340700
vt 0.00000000 0.12112700
vt 0.14075700 56.31518900
vt 0.00000000 -55.36559600
vt -1.50527100 3.73056800
vt -1.57037800 -0.00000000
vt 0.00000000 55.26736100
vt 0.03919100 -55.36534600
vt 0.03889600 55.26711400
vt 0.06597500 -55.36504600
vt 0.06547800 55.26681300
vt 0.10709400 -55.36443100
vt 0.10628700 55.26619600
vt 0.02114400 55.31931700
vt 0.07317400 55.31931700
vt 0.09239600 55.31931700
vt -0.00002900 1.92614800
vt -0.39542700 -0.00000000
vt -0.33031900 3.73056800
vt 3.75904800 0.04259000
vt -0.22667400 3.79389200
vt 0.48913700 2.21247400
vt -0.08446300 1.92766500
vt 3.75944700 -0.04257100
vt -0.07785000 1.92762800
vt 3.75946900 -0.03590500
vt -0.03860100 1.92714000
vt 3.75937900 0.00368500
vt 3.75922700 0.02314400
vt -0.01931700 1.92671900
vt -0.07133300 0.00005800
vt -3.82863200 -0.03593500
vt 0.22199900 3.79419000
vt 0.03779000 2.21319900
vt 0.10858100 3.79412200
vt 0.15188500 2.21303500
vt 0.26736900 2.21285700
vt -0.00621900 3.79404800
vt -0.11638000 3.79397300
vt 0.37818600 2.21267300
vt -0.00000000 0.00083000
vt -3.82793600 0.03593500
vt -7.60747400 3.73056800
vt -7.60747400 -0.00000000
vt -3.82829200 0.01198000
vt -0.02378200 0.00044200
vt -0.04754900 0.00017900
vt -3.82852900 -0.01197700
vt -0.37252600 3.73056800
vt -0.00000000 2.47285900
vt -0.37252600 -0.00000000
vt 3.78544600 0.03593500
vt -0.22191000 3.84845800
vt 3.78614200 -0.03593500
vt -0.07133300 2.47363200
vt 0.03779000 -2.21329400
vt 3.78603900 -0.01197700
vt -0.04755000 2.47351000
vt 3.78580200 0.01198000
vt -0.02378200 2.47324700
vt -3.91047400 -0.04257100
vt 0.48913500 -2.21256900
vt 0.22676300 3.84816100
vt -0.08446300 0.00067700
vt 0.11647800 3.84824200
vt 0.37819300 -2.21276800
vt 0.00632500 3.84831700
vt 0.26738500 -2.21295200
vt -0.10848300 3.84839000
vt 0.15189300 -2.21313000
vt -3.91007600 0.04259000
vt -13.86968100 3.73056800
vt -13.93478800 -0.00000000
vt -0.00002900 0.00219400
vt -0.04586100 0.00106300
vt -3.91044100 -0.00364500
vt -12.75983600 0.00000000
vt 0.00000000 55.36649200
vt -12.69472900 3.73056800
vt 0.00000000 -55.26640500
vt 0.13969600 -55.26466000
vt -1.22000000 0.83900300
vt 0.14075700 55.36474300
vt 0.10930900 55.36528900
vt 0.10848500 -55.26520400
vt 0.06515200 55.36595300
vt 0.06466100 -55.26586900
vt 0.03919100 55.36624200
vt 0.03889600 -55.26615900
vt 0.09239600 -55.31807900
vt 0.07317400 -55.31807900
vt 0.02114400 -55.31807900
vt 0.14075700 -55.36384700
vt 0.13969600 55.26561500
vt -1.22000000 -0.83900300
vt 0.00000000 -0.08771500
vt -0.26970600 -0.85340700
vt 0.00000000 0.00000000
vt 0.14075700 -56.31427800
vt 0.00000000 -0.32783400
vt -0.26970600 -0.60957600
vt 0.00000000 -0.56795200
vt -0.26970600 -0.36574600
vt -0.26970600 -0.12191500
vt 0.00000000 -0.80807000
vt -0.00000000 -1.04818900
vt -0.26970600 0.12191500
vt -0.00000000 -1.28830700
vt -0.26970600 0.36574600
vt -0.00000000 -1.52842500
vt -0.26970600 0.60957600
vt -0.00000000 -1.76854400
vt -0.26970600 0.85340700
vt 0.14075700 56.31518900
vt 0.00000000 0.12112700
vt -11.38059300 0.00000000
vt 0.00000000 55.26736000
vt -11.31548600 3.73056800
vt 0.00000000 -55.36559600
vt 0.03490000 55.26714600
vt 0.03516600 -55.36538800
vt 0.08043300 -55.36486200
vt 0.07982600 55.26660200
vt 0.10521800 -55.36447300
vt 0.10442400 55.26621600
vt 0.02114400 55.31929700
vt 0.07317400 55.31929700
vt 0.09239600 55.31929700
vt -3.72500000 1.00015200
vt 0.15000000 -1.64933600
vt -1.99768700 0.14997700
vt -11.03021500 0.52013300
vt -1.99998800 0.01815200
vt 0.01815500 -1.64933600
vt -11.03021500 -0.00000000
vt -10.96510700 3.73056800
vt -1.48017200 0.00000000
vt 0.00000000 55.36649200
vt 0.00000000 -55.26640500
vt -3.19472900 3.73056800
vt -3.25983600 0.00000000
vt -3.58021500 -0.00000000
vt -0.52013300 -0.00000000
vt -3.51510700 3.73056800
vt 3.72500000 1.00015200
vt -0.00261800 0.14997700
vt 0.15000000 0.54977900
vt 3.67810900 1.17517900
vt 0.14694500 0.36651900
vt 3.55000000 1.30330700
vt 0.14470900 0.18326000
vt -6.75000000 0.15000000
vt 3.37500000 1.35020600
vt 0.14389100 -0.00000000
vt -3.37500000 1.35020600
vt 0.14389100 -1.09955700
vt -0.00000000 0.15000000
vt -3.55000000 1.30330700
vt 0.14470900 -1.28281700
vt -3.67810900 1.17517900
vt 0.14694500 -1.46607700
vt 0.08228500 0.00365600
vt -0.05516700 0.00964000
vt -0.05769300 0.00993300
vt -0.01514500 0.00993300
vt -0.01448100 0.00964000
vt -0.01211500 0.00993300
vt -0.01158500 0.00964000
vt -0.00000000 0.00964000
vt 0.91790600 -0.30900900
vt 0.10689900 0.56326400
vt -0.00000000 0.00993300
vt 0.90141900 -0.27679900
vt -0.00000000 0.03659700
vt -0.00000000 0.00000000
vt 0.87495300 -0.25134500
vt -0.00000000 0.06391400
vt -0.02340200 0.00000000
vt -0.01839100 0.06391400
vt -0.04679700 0.00000000
vt -0.03677600 0.06391400
vt -0.07019900 0.00000000
vt -0.05516700 0.06391400
vt 0.09683300 0.04809800
vt 0.04616400 0.00000000
vt 0.05509100 0.00473900
vt -0.05516700 0.05026600
vt 0.06426800 0.00696700
vt -0.05516700 0.03659300
vt 0.07342200 0.00660200
vt -0.05516700 0.02300800
vt -0.02683800 0.03601100
vt -0.01145700 0.00226900
vt 0.09424400 0.55590800
vt 0.10585400 0.72403400
vt -0.05769300 0.00000000
vt 0.05415600 0.04809800
vt -0.07333100 0.11349300
vt 0.08849400 0.00000000
vt -0.04315000 0.00000000
vt -0.05484700 0.11349300
vt -0.02861000 0.00000000
vt -0.03636500 0.11349300
vt -0.01788200 0.11349300
vt -0.01407000 0.00000000
vt 0.10256800 0.72173400
vt -0.02800000 0.00511600
vt 0.00000100 0.13106000
vt -0.02436600 0.68463800
vt -0.07333100 0.00000000
vt 0.02455500 0.08220200
vt -0.07333100 0.05674700
vt -0.04489400 0.07236300
vt -7.62190100 -0.22326000
vt -0.00000000 0.00000000
vt 9.41317800 -0.04210500
vt 9.41317800 -0.01403500
vt -0.02340900 0.00000000
vt -0.04679000 0.00000000
vt 9.41317800 0.01403500
vt 0.14328400 0.10112300
vt -0.07019900 0.00000000
vt -11.20445500 1.17545700
vt 9.41317800 0.04210400
vt 0.14328400 0.11180700
vt -0.07019900 0.09447600
vt 1.02426800 0.04210400
vt -2.81554500 1.17545700
vt -0.04679000 0.09447500
vt 1.02426800 0.01403500
vt -0.02340900 0.09447600
vt 1.02426800 -0.01403500
vt -0.00000000 0.09447600
vt 0.76700900 -0.22326000
vt 1.02426800 -0.04210500
vt 8.57428700 -0.00000000
vt 7.73539600 -0.00000000
vt 6.89650500 -0.00000000
vt 6.05761400 -0.00000000
vt 5.21872300 -0.00000000
vt 4.37983200 -0.00000000
vt 3.54094100 -0.00000000
vt 2.70205000 -0.00000000
vt 1.86315900 -0.00000000
vt -0.07019900 0.04380000
vt 0.12011600 0.07209500
vt -0.00000000 0.04380100
vt 0.82745500 -0.23029800
vt -0.03365400 0.03629800
vt 0.10689900 -0.56326400
vt -0.00000000 0.00000000
vt -0.00000000 0.05427200
vt -7.77279900 -0.30900900
vt -0.01211100 0.00000000
vt -0.01158100 0.05427200
vt -0.01514500 0.00000000
vt -0.01448100 0.05427200
vt -0.05769300 0.00000000
vt 0.08228500 0.14167200
vt -0.05516700 0.05427200
vt -0.05516700 0.04090400
vt 0.07342200 0.13872600
vt 0.06426800 0.13836100
vt -0.05516700 0.02732000
vt -0.05516700 0.01364700
vt 0.05509100 0.14058900
vt -0.07019900 0.09446000
vt -0.05516700 0.00000000
vt 0.04616400 0.14532800
vt 0.09683300 0.16483100
vt -0.03677600 0.00000000
vt -0.04679700 0.09446000
vt -0.01839100 0.00000000
vt -0.02340200 0.09446000
vt -7.72984600 -0.25134500
vt -0.00000000 0.00000000
vt -0.00000000 0.09446000
vt -7.75631200 -0.27679900
vt -0.00000000 0.02731600
vt -0.02683800 0.02805300
vt -0.07019900 0.05066800
vt 0.12011600 0.14083500
vt -0.00000000 0.05066600
vt -7.68234800 -0.23029800
vt -0.03365400 0.05841500
vt 0.10585800 -0.72403900
vt -0.01145300 0.00766200
vt 0.09424800 -0.55591200
vt -0.01211700 0.00822200
vt 0.10503700 -0.72345600
vt -0.01277600 0.00878700
vt 0.10421300 -0.72288100
vt -0.01342800 0.00935500
vt 0.10338900 -0.72231400
vt 0.10256800 -0.72173400
vt -0.01407000 0.00993500
vt -0.01788200 0.00000000
vt -0.03636500 0.00000000
vt -0.02861000 0.00993500
vt -0.05484700 0.00000000
vt -0.04315000 0.00993500
vt 0.05415600 0.16483100
vt -0.05769300 0.00993500
vt 0.08849400 0.14532800
vt -0.07333100 0.00000000
vt -0.02800000 0.00481300
vt -0.07333100 0.11351400
vt 0.00000100 0.08186900
vt -0.02436600 -0.68463800
vt 0.02455500 0.13072700
vt -0.07333100 0.05675700
vt -0.04489400 0.04204600
vt 0.06027400 -0.00000000
vt 0.08260600 0.04809800
vt 0.06837000 0.04809800
vt 0.07438300 0.00000000
vt 0.06697000 0.00350800
vt 0.14328400 0.14551400
vt -2.83954700 1.15174300
vt -2.86353700 1.12801700
vt 0.14328400 0.17922200
vt 0.14328400 0.21293000
vt -2.88751600 1.10428100
vt 0.14219200 -0.00000000
vt 0.09555900 0.21293000
vt 0.09483100 0.00000000
vt 0.04774900 0.21293000
vt 0.04738500 -0.00000000
vt 0.00000000 -0.00000000
vt -0.09424800 0.09412700
vt -0.10585800 0.69163100
vt 0.00000000 0.21293000
vt 0.00000000 0.18564300
vt -0.07868700 0.68944600
vt -0.05152300 0.68712000
vt 0.00000000 0.15835300
vt 0.02162100 0.12003800
vt 0.04833700 0.12003800
vt 0.07505400 0.12003800
vt 0.09470900 0.12003800
vt -11.18045400 1.15174300
vt 0.14328400 0.06741500
vt 0.14328400 0.03370800
vt -11.15646300 1.12801700
vt 0.14328400 0.00000000
vt 0.14219200 0.12112700
vt -11.13248400 1.10428100
vt 0.14219200 0.06056300
vt -11.08466600 1.03289700
vt 0.00000000 -56.31427800
vt -11.06769900 0.94869400
vt 0.14219200 0.00000000
vt -11.00527100 3.73056800
vt -11.07037800 -0.00000000
vt 0.00000000 55.26736000
vt 0.00000000 -55.36559600
vt -10.70310900 0.69515900
vt -0.02121000 0.36651900
vt -10.57500000 0.82328800
vt -0.02344600 0.18326000
vt -0.02426400 0.00000000
vt 6.75000000 0.03037400
vt -10.40000000 0.87018600
vt -0.02426400 1.09955700
vt 0.00000000 0.03037400
vt -3.65000000 0.87018600
vt -3.47500000 0.82328800
vt -0.02344600 0.91629800
vt -0.02121000 0.73303800
vt -3.34689100 0.69515900
vt 0.00000000 56.31518900
vt 0.14219200 0.12112700
vt -2.95230100 0.94869400
vt 0.14219200 0.06061300
vt -2.93536100 1.03283100
vt -0.05516700 0.00964000
vt -0.05769300 0.00993300
vt 0.08228500 0.00365600
vt -0.01514500 0.00993300
vt -0.01448100 0.00964000
vt -0.01211500 0.00993300
vt -0.01158500 0.00964000
vt 0.60769100 -0.30900900
vt 0.10689900 0.56326400
vt -0.00000000 0.00993300
vt -0.00000000 0.00964000
vt -0.00000000 0.03659700
vt 0.59120500 -0.27679900
vt 0.56473900 -0.25134500
vt -0.00000000 0.00000000
vt -0.00000000 0.06391400
vt -0.02340200 0.00000000
vt -0.01839100 0.06391400
vt -0.04679700 0.00000000
vt -0.03677600 0.06391400
vt 0.09683300 0.04809800
vt -0.05516700 0.06391400
vt 0.04616400 -0.00000000
vt -0.07019900 0.00000000
vt -0.05516700 0.05026600
vt 0.05509100 0.00473900
vt -0.05516700 0.03659300
vt 0.06426800 0.00696700
vt -0.05516700 0.02300800
vt 0.07342200 0.00660200
vt -0.02683800 0.03601100
vt -0.01145700 0.00226900
vt 0.10585400 0.72403400
vt 0.09424400 0.55590800
vt 0.08849400 0.00000000
vt -0.07333100 0.11349300
vt 0.05415600 0.04809800
vt -0.05769300 0.00000000
vt -0.05484700 0.11349300
vt -0.04315000 0.00000000
vt -0.02861000 0.00000000
vt -0.03636500 0.11349300
vt -0.01788200 0.11349300
vt -0.01407000 -0.00000000
vt 0.10256800 0.72173400
vt -0.02800000 0.00511600
vt 0.00000100 0.13106000
vt -0.02436600 0.68463800
vt -0.07333100 0.00000000
vt -0.07333100 0.05674700
vt 0.02455500 0.08220200
vt -0.04489400 0.07236300
vt -0.00000000 0.00000000
vt -7.93211600 -0.22326000
vt 9.72339300 -0.04210500
vt -0.02340900 0.00000000
vt 9.72339300 -0.01403500
vt -0.04679000 0.00000000
vt 9.72339300 0.01403500
vt -0.07019900 0.00000000
vt 0.14328400 0.10112300
vt -11.51467000 1.17545700
vt 9.72339300 0.04210400
vt -0.07019900 0.09447600
vt -3.12576000 1.17545700
vt 1.33448300 0.04210400
vt 0.14328400 0.11180700
vt 1.33448300 0.01403500
vt -0.04679000 0.09447500
vt -0.02340900 0.09447600
vt 1.33448300 -0.01403500
vt 0.45679400 -0.22326000
vt -0.00000000 0.09447600
vt 1.33448300 -0.04210500
vt 8.88450200 -0.00000000
vt 8.04561100 -0.00000000
vt 7.20672000 -0.00000000
vt 6.36782900 -0.00000000
vt 5.52893800 -0.00000000
vt 4.69004700 -0.00000000
vt 3.85115600 -0.00000000
vt 3.01226500 -0.00000000
vt 2.17337400 -0.00000000
vt -0.07019900 0.04380000
vt 0.12011600 0.07209500
vt 0.51724000 -0.23029800
vt -0.00000000 0.04380100
vt -0.03365400 0.03629800
vt 0.10689900 -0.56326400
vt -8.08301300 -0.30900900
vt -0.00000000 0.05427200
vt -0.00000000 0.00000000
vt -0.01211100 0.00000000
vt -0.01158100 0.05427200
vt -0.01514500 0.00000000
vt -0.01448100 0.05427200
vt 0.08228500 0.14221500
vt -0.05769300 0.00000000
vt -0.05516700 0.05427200
vt -0.05516700 0.04090400
vt 0.07342200 0.13926900
vt -0.05516700 0.02732000
vt 0.06426800 0.13890400
vt 0.05509100 0.14113200
vt -0.05516700 0.01364700
vt -0.07019900 0.09446000
vt 0.04616400 0.14587100
vt 0.09683300 0.16483100
vt -0.05516700 0.00000000
vt -0.04679700 0.09446000
vt -0.03677600 0.00000000
vt -0.02340200 0.09446000
vt -0.01839100 0.00000000
vt -0.00000000 0.09446000
vt -8.04006100 -0.25134500
vt -0.00000000 0.00000000
vt -0.00000000 0.02731600
vt -8.06652700 -0.27679900
vt -0.02683800 0.02805300
vt 0.12011600 0.14083500
vt -0.07019900 0.05066800
vt -7.99256200 -0.23029800
vt -0.00000000 0.05066600
vt -0.03365400 0.05841500
vt -0.01145300 0.00766200
vt 0.10585800 -0.72403900
vt 0.09424800 -0.55591200
vt 0.10503700 -0.72345600
vt -0.01211700 0.00822200
vt -0.01277600 0.00878700
vt 0.10421300 -0.72288100
vt 0.10338900 -0.72231400
vt -0.01342800 0.00935500
vt -0.01788200 0.00000000
vt 0.10256800 -0.72173400
vt -0.01407000 0.00993500
vt -0.03636500 0.00000000
vt -0.02861000 0.00993500
vt -0.05484700 0.00000000
vt -0.04315000 0.00993500
vt -0.05769300 0.00993500
vt 0.05415600 0.16483100
vt 0.08849400 0.14587100
vt -0.07333100 0.00000000
vt -0.02800000 0.00481300
vt -0.02436600 -0.68463800
vt 0.00000100 0.08186900
vt -0.07333100 0.11351400
vt 0.02455500 0.13072700
vt -0.07333100 0.05675700
vt -0.04489400 0.04204600
vt 0.08260600 0.04809800
vt 0.06027400 -0.00000000
vt 0.07438300 0.00000000
vt 0.06837000 0.04809800
vt 0.06697000 0.00350800
vt -3.14976100 1.15174300
vt 0.14328400 0.14551400
vt -3.17375200 1.12801700
vt 0.14328400 0.17922200
vt -3.19773100 1.10428100
vt 0.14219200 0.00000000
vt 0.14328400 0.21293000
vt 0.09483100 0.00000000
vt 0.09555900 0.21293000
vt 0.04738500 -0.00000000
vt 0.04774900 0.21293000
vt 0.00000000 0.21293000
vt 0.00000000 0.00000000
vt -0.10585800 0.69163100
vt -0.09424800 -1.76213200
vt -0.07868700 0.68944600
vt 0.00000000 0.18564300
vt -0.05152300 0.68712000
vt 0.00000000 0.15835300
vt 0.02162100 0.12003800
vt 0.04833700 0.12003800
vt 0.07505400 0.12003800
vt 0.09470900 0.12003800
vt -11.49066800 1.15174300
vt 0.14328400 0.06741500
vt 0.14328400 0.03370800
vt -11.46667800 1.12801700
vt 0.14219200 0.12112700
vt -11.44269900 1.10428100
vt 0.14328400 0.00000000
vt -11.39488100 1.03289700
vt 0.14219200 0.06056300
vt -11.37791400 0.94869400
vt 0.00000000 -56.31427800
vt 0.14219200 0.00000000
vt 0.02121000 -1.46607700
vt -10.98332400 0.69515900
vt 0.02344600 -1.28281700
vt -10.85521500 0.82328800
vt -0.00000000 0.03037400
vt -10.68021500 0.87018600
vt 0.02426400 -1.09955700
vt -3.93021500 0.87018600
vt -6.75000000 0.03037400
vt 0.02426400 0.00000000
vt 0.02344600 0.18326000
vt -3.75521500 0.82328800
vt -3.62710600 0.69515900
vt 0.02121000 0.36651900
vt -3.58021500 0.52013300
vt 0.01815500 0.54977900
vt -0.00031700 0.01815200
vt 0.14219200 0.12112700
vt 0.00000000 56.31518900
vt -3.26251600 0.94869400
vt -3.24557600 1.03283100
vt 0.14219200 0.06061300
vt 0.08228500 0.00365600
vt -0.05516700 0.00964000
vt -0.05769300 0.00993300
vt -0.01514500 0.00993300
vt -0.01448100 0.00964000
vt -0.01158500 0.00964000
vt -0.01211500 0.00993300
vt -8.58209400 -0.30900900
vt -0.00000000 0.00964000
vt -0.00000000 0.00993300
vt 0.10689900 0.56326400
vt -8.59858100 -0.27679900
vt -0.00000000 0.03659700
vt -8.62504700 -0.25134500
vt -0.00000000 0.00000000
vt -0.00000000 0.06391400
vt -0.02340200 0.00000000
vt -0.01839100 0.06391400
vt -0.03677600 0.06391400
vt -0.04679700 0.00000000
vt -0.07019900 0.00000000
vt 0.09683300 0.04809800
vt 0.04616400 -0.00000000
vt -0.05516700 0.06391400
vt 0.05509100 0.00473900
vt -0.05516700 0.05026600
vt 0.06426800 0.00696700
vt -0.05516700 0.03659300
vt 0.07342200 0.00660200
vt -0.05516700 0.02300800
vt -0.02683800 0.03601100
vt 0.09424400 0.55590800
vt 0.10585400 0.72403400
vt -0.01145700 0.00226900
vt -0.05769300 -0.00000000
vt 0.08849400 0.00000000
vt 0.05415600 0.04809800
vt -0.07333100 0.11349300
vt -0.05484700 0.11349300
vt -0.04315000 0.00000000
vt -0.03636500 0.11349300
vt -0.02861000 0.00000000
vt -0.01788200 0.11349300
vt -0.01407000 -0.00000000
vt 0.10256800 0.72173400
vt -0.02800000 0.00511600
vt 0.00000100 0.13106000
vt -0.02436600 0.68463800
vt -0.07333100 -0.00000000
vt -0.07333100 0.05674700
vt 0.02455500 0.08220200
vt -0.04489400 0.07236300
vt -0.00000000 0.04410200
vt -0.15916200 -0.01218700
vt 0.00000000 0.06264600
vt -0.02671400 0.04410200
vt -0.01223200 0.06264600
vt -0.02445000 0.06264600
vt -0.05343200 0.04410200
vt -0.03668100 0.06264600
vt 2.56502100 0.72468900
vt 2.56502100 -0.04558700
vt -0.08014600 0.04410200
vt -0.08014600 0.02322900
vt 2.56618800 0.71699700
vt -0.08014600 0.00000000
vt -0.00000000 -1.35715600
vt 2.56470300 0.70836700
vt -0.03051300 -1.35715600
vt -0.05343600 0.00000000
vt -0.06104600 -1.35715600
vt -0.02671000 0.00000000
vt -0.09155900 -1.35715600
vt 0.91844800 2.10105700
vt -0.00000000 0.00000000
vt -0.16774500 -0.07898700
vt -0.00000000 0.02205100
vt -0.16283700 -0.04730800
vt -0.05188600 0.02434900
vt -0.04007300 0.02434900
vt -0.01181200 0.02434900
vt -0.15652000 0.01820400
vt -0.00001000 0.09154600
vt -0.15324900 0.04859600
vt -0.00001400 0.12040400
vt -0.01776300 0.14931300
vt -0.03666800 0.14931300
vt -6.61061300 1.55476600
vt -0.14964700 0.07898700
vt 2.55550500 0.04558700
vt 2.55910700 0.01519600
vt -0.03666800 0.12040400
vt 2.56237900 -0.01519600
vt -0.03667200 0.09154600
vt -0.01776300 0.10252200
vt -0.00000000 0.04410200
vt 0.00000000 0.06264600
vt -2.56502100 -0.04558700
vt -2.56502100 0.72468900
vt -0.02671400 0.04410200
vt -0.01223200 0.06264600
vt -0.02445000 0.06264600
vt -0.05343200 0.04410200
vt 2.05789200 -0.01218700
vt -0.03668100 0.06264600
vt -0.08014600 0.04410200
vt -0.08014600 0.02205100
vt 2.06156700 -0.04730800
vt -0.91844800 2.10105700
vt 2.06647500 -0.07898700
vt -0.08014600 0.00000000
vt -0.09155900 1.35717000
vt -0.06104600 1.35717000
vt -0.05343600 0.00000000
vt -0.02671000 0.00000000
vt -0.03051300 1.35717000
vt -2.56470300 0.70836700
vt -0.00000000 1.35717000
vt -0.00000000 0.00000000
vt -0.00000000 0.02322900
vt -2.56618800 0.71699700
vt -0.05196200 0.02435000
vt -0.04007300 0.02435000
vt -0.01188900 0.02435000
vt -0.00001000 0.09154600
vt -2.56237900 -0.01519600
vt -2.55910700 0.01519600
vt -0.00001400 0.12040400
vt -0.01776300 0.14931300
vt -0.03666800 0.14931300
vt 2.04837700 0.07898700
vt -2.55550500 0.04558700
vt -1.49960200 1.55476600
vt -0.03666800 0.12040400
vt 2.05197900 0.04859600
vt 2.05525100 0.01820400
vt -0.03667200 0.09154600
vt -0.01776300 0.10252200
vt -10.42374700 0.02564100
vt -3.81133300 1.33927200
vt 0.00000000 3.62103700
vt -3.70393400 1.46421000
vt -0.00000000 3.79922500
vt -0.00000000 3.97741400
vt -3.56930000 1.55631800
vt -3.45471500 1.59787800
vt -0.00000000 4.11105500
vt -3.33408500 1.61235000
vt 0.00000000 4.24469600
vt 3.33408500 0.05415600
vt -0.03832600 4.24469600
vt 3.33408500 0.01805200
vt -0.07667100 4.24469600
vt 3.33408500 -0.01805200
vt -0.11499600 4.24469600
vt -0.72102200 1.21064100
vt -1.09800900 -0.54967200
vt 3.33408500 -0.05415600
vt -0.11499600 4.10196600
vt -1.10326200 -0.39820400
vt -0.11499600 3.95923700
vt -1.12208700 -0.24819800
vt -1.15194700 -0.10079000
vt -0.11499600 3.81650700
vt -0.11499600 3.67377600
vt -1.18939600 0.04457700
vt -0.08996900 0.47957200
vt -0.04498200 0.49929600
vt -0.06896400 3.65222400
vt -0.02251500 3.63332500
vt -10.44477100 0.00680800
vt -0.00000000 0.51657300
vt -0.01690400 3.72418700
vt -0.05749500 3.72418700
vt -0.07440700 3.72418700
vt -0.01690400 3.94771600
vt -0.05749500 3.94771600
vt -0.07440700 3.94771600
vt -0.01690400 4.04157400
vt -0.05749500 4.04157400
vt -0.07440700 4.04157400
vt 0.00000000 1.77256500
vt -2.85816900 1.61235000
vt 2.85816900 0.05415600
vt -0.13048000 0.16800100
vt 2.85816900 0.01805200
vt -0.08699700 0.16800100
vt -0.04349000 0.16800100
vt 2.85816900 -0.01805200
vt -1.19693800 1.21064100
vt 2.85816900 -0.05415600
vt -0.00000000 0.16800100
vt 0.02302500 1.75430600
vt -0.13048000 0.12600100
vt 0.04524100 1.73045700
vt -0.13048000 0.08400000
vt -0.13048000 0.04200000
vt 0.06681000 1.70377200
vt 0.08814900 1.67626700
vt -0.13048000 0.00000000
vt -0.93568600 1.82852200
vt 1.79339600 -0.07898700
vt 1.79339600 -0.03949400
vt -0.09790300 0.00000000
vt -0.06523300 0.00000000
vt 1.79339600 0.00000000
vt -0.03262200 0.00000000
vt 1.79339600 0.03949400
vt -1.38021200 1.32946300
vt 1.79339600 0.07898700
vt -0.00000000 0.00000000
vt -1.34758400 1.28252100
vt -0.00000000 0.04200000
vt -0.00000000 0.08400000
vt -1.30452200 1.24494200
vt -0.00000000 0.12600100
vt -1.25313000 1.21981600
vt -0.10849400 0.11062300
vt -0.08650900 0.11062300
vt -0.06834700 0.11062300
vt -0.04416200 0.11062300
vt -0.01997800 0.11062300
vt -0.10849400 0.02662300
vt -0.08650900 0.02662300
vt -0.06834700 0.02662300
vt -0.04416200 0.02662300
vt -0.01997800 0.02662300
vt -0.01997800 0.08400000
vt -0.04416200 0.08400000
vt -0.06834700 0.08400000
vt -0.08650900 0.08400000
vt -0.10849400 0.08400000
vt 0.00000000 -0.01335400
vt 11.81853000 -0.04210500
vt -10.02725300 -0.22326000
vt 11.81853000 -0.01403500
vt -0.02998800 -0.01335400
vt -0.05998000 -0.01335400
vt 11.81853000 0.01403500
vt -1.06281900 0.54967200
vt 11.81853000 0.04210500
vt -13.60980700 1.17545600
vt -0.08996800 -0.01335400
vt 0.14328400 0.11180700
vt -0.07019900 0.09447600
vt -12.31554500 1.17545700
vt 10.52426800 0.04210400
vt 10.52426800 0.01403500
vt -0.04679000 0.09447500
vt -0.02340900 0.09447600
vt 10.52426800 -0.01403500
vt -8.73299100 -0.22326000
vt 10.52426800 -0.04210500
vt -0.00000000 0.09447600
vt 11.17139900 -0.00000000
vt -1.13396400 0.17085100
vt -0.08996900 0.35620300
vt -1.09360600 0.29712500
vt -0.08996900 0.23302300
vt -0.08996900 0.10990500
vt -1.06963200 0.42339800
vt -10.14272200 -0.20818400
vt -0.00043400 0.11913600
vt -0.00071400 0.25145500
vt -10.25351100 -0.16352400
vt -0.00034900 0.38393100
vt -10.35546800 -0.09095300
vt -0.05824100 0.37340400
vt -0.04473500 0.37340400
vt -0.01283400 0.37340400
vt -0.05824100 0.23023600
vt -0.04473500 0.23023600
vt -0.01283400 0.23023600
vt -0.05824100 0.10844100
vt -0.04473500 0.10844100
vt -0.01283400 0.10844100
vt -2.22679500 0.72468900
vt -2.22679500 -0.04558700
vt -0.00000000 0.00000000
vt -0.03102800 0.00000000
vt -2.22679500 -0.01519600
vt -2.22679500 0.01519600
vt -0.06200700 0.00000000
vt -1.99718600 0.06545000
vt -0.09303500 0.00000000
vt -1.82831200 1.55476600
vt -2.22679500 0.04558700
vt -2.05179500 0.78790800
vt -0.00000000 0.16020500
vt -0.09628200 2.77645000
vt -0.06416400 2.77645000
vt -0.03103400 0.16020500
vt -0.03211700 2.77645000
vt -0.06200100 0.16020500
vt -0.09303500 0.16020500
vt -1.95966500 -0.06545000
vt -0.10031600 2.40420200
vt -0.00000000 2.77645000
vt -1.98741300 -0.00123100
vt -0.09303500 0.08010300
vt -2.13459700 0.74145000
vt -0.00000000 0.08010300
vt -0.06817200 0.07408100
vt -0.04331000 0.07408100
vt -1.90801300 0.90412400
vt -0.09628200 2.59314400
vt -0.00000000 0.00000000
vt -0.06416800 2.59314400
vt -0.02816300 0.00000000
vt -0.03211300 2.59314400
vt -0.05627400 0.00000000
vt -0.00000000 2.59314400
vt -1.15309600 0.06545000
vt -0.08443700 0.00000000
vt -0.26758600 2.33434500
vt -0.07043900 2.68321900
vt -0.04459600 2.68321900
vt 1.83301300 0.04037500
vt -1.83301300 0.93320000
vt -0.00000000 0.10979600
vt 1.83301300 0.01345800
vt -0.02815500 0.10979600
vt 1.83301300 -0.01345800
vt -0.05628200 0.10979600
vt 0.04207700 1.83301300
vt -1.13414600 -0.06545000
vt 1.83301300 -0.04037500
vt -0.08443700 0.10979600
vt -0.08443700 0.05489800
vt -1.13933100 0.00152700
vt -1.87269800 0.92529600
vt -0.00000000 0.05489800
vt -0.03975900 0.05672400
vt 1.83301300 0.93320000
vt -0.00000000 0.00000000
vt -1.83301300 0.04037500
vt -0.02815500 0.00000000
vt -1.83301300 0.01345800
vt -1.83301300 -0.01345800
vt -0.05628200 0.00000000
vt -0.08443700 0.00000000
vt -1.83301300 -0.04037500
vt 1.13414600 -0.06545000
vt 0.04207700 -1.83301300
vt -1.09980800 0.00000000
vt -0.36660300 0.00000000
vt 0.36660300 0.00000000
vt 1.09980800 0.00000000
vt -0.00000000 0.10979400
vt -0.09628200 -2.59300300
vt 1.90801300 0.90412400
vt -0.06416800 -2.59300300
vt -0.02816300 0.10979400
vt -0.05627400 0.10979400
vt -0.03211300 -2.59300300
vt 0.26758600 2.33434500
vt -0.00000000 -2.59300300
vt -0.08443700 0.10979400
vt 1.15309600 0.06545000
vt -0.08443700 0.05489700
vt 1.13933100 0.00152700
vt 1.87269800 0.92529600
vt -0.00000000 0.05489700
vt -0.03975900 0.04953000
vt -0.00000000 0.00000000
vt 2.05179500 0.78790800
vt -0.09628200 -2.77630000
vt -0.06416400 -2.77630000
vt -0.03103400 0.00000000
vt -0.03211700 -2.77630000
vt -0.06200100 0.00000000
vt -0.00000000 -2.77630000
vt 0.10031600 2.40420200
vt -0.09303500 0.00000000
vt -1.95966500 0.06545000
vt -0.04459600 -2.68311500
vt -0.07043900 -2.68311500
vt -0.00000000 0.16020100
vt 2.22679500 -0.04558700
vt 2.22679500 0.72468900
vt -0.03102800 0.16020100
vt 2.22679500 -0.01519600
vt -0.06200700 0.16020100
vt 2.22679500 0.01519600
vt -0.09303500 0.16020100
vt -6.28190200 1.55476600
vt -1.99718600 -0.06545000
vt 2.22679500 0.04558700
vt -0.09303500 0.08010000
vt -1.98741300 0.00123100
vt 2.13459700 0.74145000
vt -0.00000000 0.08010000
vt -0.06817200 0.08147100
vt -0.04331000 0.08147100
vt 3.27967000 0.00681700
vt 0.00000000 -0.51657200
vt -0.02250700 9.12023100
vt 3.19036700 -0.09094800
vt -0.00034900 -0.38393100
vt 3.08840800 -0.16352200
vt -0.00071400 -0.25145500
vt 2.97761700 -0.20818400
vt -0.00043400 -0.11913600
vt -1.07086900 -0.04210500
vt 2.86214600 -0.22326000
vt 0.00000000 0.01335400
vt -0.02998800 0.01335400
vt -1.07086900 -0.01403500
vt -1.07086900 0.01403500
vt -0.05998000 0.01335400
vt -1.11708800 -0.54967200
vt -0.08996800 0.01335400
vt -0.72040800 1.17545600
vt -1.07086900 0.04210500
vt -1.12390000 -0.42339900
vt -0.08996800 -0.10990200
vt -1.14787400 -0.29712600
vt -0.08996800 -0.23301700
vt -1.18823200 -0.17085400
vt -0.08996800 -0.35619300
vt -0.11497900 9.07969200
vt -0.08996800 -0.47955800
vt -1.24366300 -0.04458100
vt -0.06894500 9.10129100
vt -0.04498300 -0.49929900
vt -0.01283400 -0.38112800
vt -0.04473500 -0.38112800
vt -0.05824100 -0.38112800
vt -0.01283400 -0.24568400
vt -0.04473500 -0.24568400
vt -0.05824100 -0.24568400
vt -0.01283400 -0.11616500
vt -0.04473500 -0.11616500
vt -0.05824100 -0.11616500
vt 0.10533400 -0.07898700
vt 0.08814900 -1.67625500
vt 0.93568600 1.82852200
vt -0.13048000 0.16800000
vt -0.09790300 0.16800000
vt 0.10533400 -0.03949400
vt 0.10533400 0.00000000
vt -0.06523300 0.16800000
vt 0.10533400 0.03949400
vt -0.03262200 0.16800000
vt -0.00000000 0.16800000
vt 0.10533400 0.07898700
vt -6.73000300 1.32946300
vt -0.13048000 0.12600000
vt 0.06681000 -1.70376000
vt 0.04524100 -1.73044500
vt -0.13048000 0.08400000
vt 0.02302500 -1.75429300
vt -0.13048000 0.04200000
vt 2.85816900 1.61235000
vt -0.00000000 -1.77255200
vt -0.13048000 0.00000000
vt -2.85816900 0.05415600
vt -2.85816900 0.01805200
vt -0.08699700 0.00000000
vt -0.04349000 0.00000000
vt -2.85816900 -0.01805200
vt -2.85816900 -0.05415600
vt -6.91327700 1.21064100
vt -0.00000000 0.00000000
vt -6.85708500 1.21981500
vt -0.00000000 0.04200000
vt -0.00000000 0.08400000
vt -6.80569400 1.24494100
vt -6.76263100 1.28252100
vt -0.00000000 0.12600000
vt -0.10849400 0.10558500
vt -0.08650900 0.10558500
vt -0.06834700 0.10558500
vt -0.04416200 0.10558500
vt -0.01997800 0.10558500
vt -0.10849400 0.02158500
vt -0.08650900 0.02158500
vt -0.06834700 0.02158500
vt -0.04416200 0.02158500
vt -0.01997800 0.02158500
vt -0.01997800 0.08400000
vt -0.04416200 0.08400000
vt -0.06834700 0.08400000
vt -0.08650900 0.08400000
vt -0.10849400 0.08400000
vt 3.33408500 1.61235000
vt -3.33408500 0.05415600
vt -0.00000000 8.50755900
vt -0.03832300 8.50755900
vt -3.33408500 0.01805200
vt -0.07666600 8.50755900
vt -3.33408500 -0.01805200
vt -7.38919300 1.21064100
vt -1.15227700 0.54967200
vt -0.11498900 8.50755900
vt -3.33408500 -0.05415600
vt -0.11498900 8.93665600
vt -1.20616200 0.10066000
vt -0.11498900 8.79362300
vt -1.17641200 0.24827500
vt -1.15759800 0.39837200
vt -0.11498900 8.65059100
vt 3.49366800 1.58677500
vt -0.00000100 8.68612800
vt 0.00000000 8.86469800
vt 3.63975900 1.51504700
vt 3.73372100 1.43571000
vt -0.00000000 8.99862500
vt 3.25864000 0.02564100
vt -0.00000000 9.13255300
vt 3.81133300 1.33927200
vt -0.07440000 8.60092000
vt -0.07440000 8.83493700
vt -0.07440000 8.91983900
vt -0.05749300 8.91983900
vt -0.01690400 8.91983900
vt -0.05749300 8.60092000
vt -0.01690400 8.60092000
vt -0.01690400 8.83493700
vt -0.05749300 8.83493700
vt 0.22339300 -0.04210500
vt -0.00000000 0.00000000
vt 1.56788400 -0.22326000
vt 0.22339300 -0.01403500
vt -0.02340900 0.00000000
vt 0.22339300 0.01403500
vt -0.04679000 0.00000000
vt 0.22339300 0.04210400
vt 0.14328400 0.10112300
vt -0.07019900 0.00000000
vt -2.01467000 1.17545700
vt -0.42373800 -0.00000000
vt 0.12011600 0.07209500
vt -0.07019900 0.04380000
vt -0.00000000 0.04380100
vt -8.67254500 -0.23029800
vt -0.03365400 0.03629800
vt -0.00000000 0.05427200
vt 1.41698700 -0.30900900
vt -0.00000000 0.00000000
vt 0.10689900 -0.56326400
vt -0.01158100 0.05427200
vt -0.01211100 0.00000000
vt -0.01448100 0.05427200
vt -0.01514500 0.00000000
vt 0.08228500 0.14167200
vt -0.05516700 0.05427200
vt -0.05769300 0.00000000
vt 0.07342200 0.13872600
vt -0.05516700 0.04090400
vt 0.06426800 0.13836100
vt -0.05516700 0.02732000
vt -0.05516700 0.01364700
vt 0.05509100 0.14058900
vt -0.05516700 0.00000000
vt 0.04616400 0.14532800
vt 0.09683300 0.16483100
vt -0.07019900 0.09446000
vt -0.03677600 0.00000000
vt -0.04679700 0.09446000
vt -0.01839100 0.00000000
vt -0.02340200 0.09446000
vt -0.00000000 0.09446000
vt -0.00000000 0.00000000
vt 1.45993900 -0.25134500
vt -0.00000000 0.02731600
vt 1.43347300 -0.27679900
vt -0.02683800 0.02805300
vt 0.12011600 0.14083500
vt -0.07019900 0.05066800
vt -0.00000000 0.05066600
vt 1.50743800 -0.23029800
vt -0.03365400 0.05841500
vt -0.01145300 0.00766200
vt 0.09424800 -0.55591200
vt 0.10585800 -0.72403900
vt 0.10503700 -0.72345600
vt -0.01211700 0.00822200
vt 0.10421300 -0.72288100
vt -0.01277600 0.00878700
vt 0.10338900 -0.72231400
vt -0.01342800 0.00935500
vt -0.01788200 0.00000000
vt 0.10256800 -0.72173400
vt -0.01407000 0.00993500
vt -0.03636500 0.00000000
vt -0.02861000 0.00993500
vt -0.05484700 0.00000000
vt -0.04315000 0.00993500
vt 0.05415600 0.16483100
vt -0.07333100 0.00000000
vt 0.08849400 0.14532800
vt -0.05769300 0.00993500
vt -0.02800000 0.00481300
vt -0.02436600 -0.68463800
vt 0.00000100 0.08186900
vt -0.07333100 0.11351400
vt 0.02455500 0.13072700
vt -0.07333100 0.05675700
vt -0.04489400 0.04204600
vt 0.14579000 0.58327800
vt 0.95052800 -0.27964300
vt 0.99226100 -0.26812400
vt 0.18849600 0.59224600
vt -0.00112700 -0.33029200
vt 0.18849600 -0.59224600
vt -0.00112700 0.33029200
vt 1.65284600 -0.26812400
vt 0.14579000 -0.58327800
vt 1.69458000 -0.27964300
vt -0.05769300 0.00993300
vt 1.72720100 -0.30900900
vt 0.10689900 -0.56326400
vt -0.00000000 0.05427200
vt -0.00000000 0.02731600
vt 1.74368800 -0.27679900
vt -0.00000000 0.00000000
vt -0.07019900 0.00000000
vt 1.77015400 -0.25134500
vt -0.07019900 0.04380100
vt 1.81765200 -0.23029800
vt -0.07019900 0.09447600
vt 1.87809900 -0.22326000
vt -0.08682200 -0.04210500
vt -0.08446300 0.00000000
vt 0.49009800 -0.00000000
vt -0.19155800 -0.04210500
vt 1.98283500 -0.22326000
vt -0.07133400 2.47368900
vt 1.98283500 0.23090100
vt 3.77411200 -0.03556300
vt 0.03705100 -0.00000000
vt -10.03294300 0.23090100
vt -8.24166600 -0.03556300
vt -3.65583900 0.92588500
vt -8.54973200 -0.27979800
vt 0.14550900 0.58316500
vt -0.00112700 -0.33029200
vt 0.18849600 0.59224600
vt -8.50773900 -0.26812400
vt -7.84715400 -0.26812400
vt -0.00112700 0.33029200
vt 0.18849600 -0.59224600
vt 0.14550900 -0.58316500
vt -7.80516000 -0.27979800
vt 0.06027400 -0.00000000
vt 0.08260600 0.04809800
vt 0.06837000 0.04809800
vt 0.07438300 0.00000000
vt 0.06697000 0.00350800
vt -12.33954700 1.15174300
vt 0.14328400 0.14551400
vt -12.36353700 1.12801700
vt 0.14328400 0.17922200
vt 0.14219200 -0.00000000
vt 0.14328400 0.21293000
vt -12.38751600 1.10428100
vt 0.09483100 0.00000000
vt 0.09555900 0.21293000
vt 0.04774900 0.21293000
vt 0.04738500 -0.00000000
vt -0.09424800 0.09412700
vt -0.10585800 0.69163100
vt 0.00000000 0.21293000
vt 0.00000000 -0.00000000
vt 0.00000000 0.18564300
vt -0.07868700 0.68944600
vt -0.05152300 0.68712000
vt 0.00000000 0.15835300
vt 0.02162100 0.12003900
vt 0.04833700 0.12003900
vt 0.07505400 0.12003900
vt 0.09470900 0.12003900
vt 0.11252200 0.54967200
vt 4.17156800 -0.54524100
vt -13.63031600 0.00029500
vt 4.17080600 -0.54903400
vt -13.62645800 -0.00000000
vt -13.56135100 3.73056800
vt -12.44962200 -0.00000000
vt -12.38451400 3.73056800
vt 0.00000000 -55.26640500
vt 0.00000000 55.36649200
vt -12.45230100 0.94869400
vt 0.14219200 0.12112700
vt 0.00000000 56.31518900
vt -12.43536100 1.03283100
vt 0.14219200 0.06061400
vt -3.00233700 3.35521400
vt 0.11281600 -0.54967200
vt -0.69989300 -0.00000000
vt 4.24444900 0.54903400
vt -3.00232800 3.35649000
vt 0.11284700 -0.54839700
vt 0.11599000 -0.41188100
vt 4.24413900 0.41248200
vt 0.11717900 -0.27844200
vt 4.24202800 0.27905500
vt 0.11662400 -0.14126000
vt 4.23787500 0.14193500
vt 0.11449200 -0.00251600
vt 4.23155700 0.00332000
vt 0.11123200 0.13531900
vt 4.22304300 -0.13429000
vt 0.10782600 0.26952200
vt 4.21224600 -0.26809900
vt 4.19688300 -0.40886200
vt 0.10581600 0.41111200
vt -3.00233700 2.22679500
vt -1.82831200 -0.00000000
vt -0.44242000 0.06545000
vt -1.85534600 -0.05639400
vt -0.46619400 -0.06545000
vt -0.12638100 0.91095800
vt -1.82954600 0.00456100
vt -0.44967600 -0.00132100
vt -0.44254400 0.06250400
vt -1.81475400 0.06704200
vt -3.00246100 2.22384900
vt 0.30128700 0.06545000
vt -0.29296900 0.88018300
vt -1.12493800 1.95801300
vt -0.09535000 0.87845900
vt -1.81884900 -0.03017000
vt -1.02611400 2.12915500
vt -0.11154900 0.89969500
vt -1.84211900 -0.04328200
vt -1.15843700 1.83301300
vt 0.30187200 -0.06545000
vt 1.47809500 1.83301300
vt 0.30180500 -0.02181700
vt -1.15463800 1.87642500
vt 0.30160800 0.02181700
vt -1.14335800 1.91851800
vt -1.15843700 -1.83301300
vt -0.30187200 -0.06545000
vt 1.47809500 -1.83301300
vt 1.47809500 -1.83093000
vt 0.00000000 -1.83093000
vt 0.36754900 -0.06704200
vt -1.15843700 -1.83093000
vt 1.47809500 1.83093000
vt -0.36754900 -0.06704200
vt -1.15843700 1.83093000
vt -0.00000000 1.83093000
vt 0.29296900 0.88018300
vt -1.12493800 -1.95801300
vt -0.30128700 0.06545000
vt -1.14335800 -1.91851800
vt -0.30160800 0.02181700
vt -0.30180500 -0.02181700
vt -1.15463800 -1.87642500
vt 1.85534600 -0.05639400
vt 0.12638100 0.91095800
vt -0.46619400 0.06545000
vt 1.84211900 -0.04328200
vt 0.11154900 0.89969500
vt -1.02611400 -2.12915500
vt 1.81884900 -0.03017000
vt 0.09535000 0.87845900
vt -3.00233700 -2.22679500
vt -6.28190200 -0.00000000
vt -0.44242000 -0.06545000
vt -3.00246100 -2.22384900
vt -0.44254400 -0.06250400
vt 1.81475400 0.06704200
vt 1.82954600 0.00456100
vt -0.44967600 0.00132100
vt -7.41032100 -0.00000000
vt 0.05854800 0.54967200
vt -3.00233700 -3.35521400
vt 0.05825300 -0.54967200
vt -0.69989900 0.00029500
vt -3.30642500 -0.54524100
vt 0.05154700 -0.41111200
vt -3.33174100 -0.40886200
vt 0.05355700 -0.26952200
vt -3.34710400 -0.26809900
vt 0.05696300 -0.13531900
vt -3.35790000 -0.13429000
vt 0.06022300 0.00251600
vt -3.36641400 0.00332000
vt -3.37273200 0.14193500
vt 0.06235500 0.14126000
vt -3.37688500 0.27905500
vt 0.06291000 0.27844200
vt -3.37899600 0.41248200
vt 0.06172100 0.41188100
vt 0.05857800 0.54839700
vt -3.00232800 -3.35649000
vt -3.37930700 0.54903400
vt -1.99066800 1.15174300
vt 0.14328400 0.06741500
vt -1.96667800 1.12801700
vt 0.14328400 0.03370800
vt -1.94269900 1.10428100
vt 0.14219200 0.12112700
vt 0.14328400 0.00000000
vt -1.89488100 1.03289700
vt 0.14219200 0.06056300
vt 0.00000000 -56.31427800
vt -1.87791400 0.94869400
vt 0.14219200 0.00000000
vt 0.00000000 -55.36559600
vt -1.81548600 3.73056800
vt -1.88059300 0.00000000
vt 0.00000000 55.26736000
vt -3.30566300 -0.54903400
vt -0.70375700 0.00000000
vt -0.63864900 3.73056800
vt 1.84586700 0.04335100
vt 0.07913500 -0.25709400
vt -2.61517000 4.68488100
vt 0.05276300 -0.25709400
vt 1.84586700 0.01445000
vt 1.84586700 -0.01445000
vt 0.02637600 -0.25709400
vt 1.84586700 -0.04335100
vt 0.00000000 -0.25709400
vt -0.06947700 0.03840500
vt 1.12619300 2.13177100
vt 2.38760100 -0.04335100
vt 0.58486400 2.15271800
vt 0.08814900 0.12788400
vt 2.38760100 -0.01445000
vt 0.05877000 0.12788400
vt 0.02937900 0.12788400
vt 2.38760100 0.01445000
vt -2.62566300 0.00000000
vt -2.62566300 5.22651300
vt 2.38760100 0.04335100
vt 0.00000000 0.12788400
vt -2.76352400 1.20926300
vt 0.00011800 1.36134700
vt 0.00022600 0.95019200
vt -2.69262900 0.80617500
vt -2.64646300 0.40308800
vt 0.00013200 0.53906700
vt 0.19637300 2.14344100
vt 0.08814900 0.51499400
vt -0.18968400 2.08574800
vt 0.08814900 0.90205300
vt 0.08814900 1.28912400
vt -0.56858200 1.98034500
vt 0.01274200 1.34993100
vt 0.04399800 1.34993100
vt 0.05694600 1.34993100
vt 0.01274200 0.92729700
vt 0.04399800 0.92729700
vt 0.05694600 0.92729700
vt 0.01274200 0.52759000
vt 0.04399800 0.52759000
vt 0.05694600 0.52759000
vt -2.61380500 4.67177500
vt 0.07913500 -0.25084500
vt -2.61017300 4.65911100
vt 0.07913500 -0.24459700
vt -2.60425800 4.64738600
vt 0.07913500 -0.23834800
vt -2.59619400 4.63705600
vt 0.07913500 -0.23210000
vt 0.07672500 -0.22247800
vt 0.05276000 -0.23210000
vt 0.05113400 -0.22247800
vt 0.02559100 -0.22247800
vt 0.02637700 -0.23210000
vt 0.00000700 -0.22200500
vt -0.06222100 0.02968500
vt 0.00001400 -0.23279000
vt -0.06348800 0.03115500
vt 0.00000000 -0.24115400
vt 0.00000000 -0.24876200
vt -0.06597100 0.03410900
vt 0.01231300 -0.25530900
vt 0.05264500 -0.25530900
vt 0.05264500 -0.25620100
vt 0.04145100 -0.25620100
vt 0.05264500 -0.24370400
vt 0.04145100 -0.24370400
vt 0.01231300 -0.24370400
vt 0.04145100 -0.25530900
vt 0.01231300 -0.25620100
vt -0.99464000 -1.03083300
vt 0.07036500 -0.21198600
vt -0.00000000 0.00250700
vt -0.01739300 0.00410900
vt 0.05354600 -0.21476700
vt 0.03591500 -0.21746100
vt -0.03408300 0.00927700
vt -0.98775400 -1.03110900
vt 0.07672500 -0.21097800
vt -2.57573400 4.62257500
vt -0.99061400 -1.03106300
vt 0.07409400 -0.21137300
vt -0.99346300 -1.03092000
vt 0.07145800 -0.21179900
vt -0.99405000 -1.03087800
vt 0.07091300 -0.21189200
vt 0.03550900 -0.21754900
vt 0.05611700 -0.21754900
vt 0.05611700 -0.21590700
vt 0.05611700 -0.22083500
vt 0.03550900 -0.22083500
vt -0.90361300 -0.04227500
vt -0.00000000 0.00000000
vt -0.00000000 0.99524900
vt -0.04201600 0.00000000
vt -0.04202200 0.99524900
vt -0.08408300 0.99524900
vt -0.08407100 0.00000000
vt -0.12608700 0.00000000
vt -0.12610400 0.99524900
vt 0.33923400 2112.17545000
vt 0.33923900 2115.23678000
vt 0.33917400 2111.30442200
vt -0.12610400 0.12421500
vt 1.11427200 2.23351900
vt -0.01837100 0.50077300
vt -0.06305200 0.50077300
vt -0.08142300 0.50077300
vt -2.59290700 4.49849300
vt -71.22782500 0.00672600
vt -0.86249000 -1.03090000
vt -0.77007600 -0.02844100
vt 0.00000000 6.98438600
vt -71.26478400 1.01275700
vt -0.74616200 0.07922500
vt 0.10961400 6.99363300
vt -0.69652600 0.17853400
vt 0.21942100 7.00764800
vt 0.36378800 7.03198000
vt -0.59709600 0.28607200
vt -0.44052700 0.36633800
vt 0.53626500 7.06676300
vt 2.68450800 1.98603200
vt 0.12225600 0.52171800
vt 2.76539800 1.40780100
vt 0.68954900 0.65984600
vt 2.84648800 0.82956900
vt 2.92770300 0.25133800
vt -0.70000000 0.00000000
vt -1.87939000 2.92770300
vt 1.26081300 0.78059100
vt -0.66486500 0.25000000
vt 1.87939000 2.96283800
vt 1.50943400 0.82442900
vt 1.99416300 2.96283800
vt -0.00000000 2.02429300
vt 1.48950400 0.93745900
vt 0.50209200 0.73176500
vt -0.00000000 1.01211500
vt -0.00000000 -0.00000400
vt -0.47312400 0.47461900
vt -0.00000000 0.07397500
vt -0.00000000 0.04931700
vt -0.49488400 0.46792500
vt -0.00000000 0.02465800
vt -0.51644200 0.46060600
vt -0.00000000 0.69455700
vt -0.53777900 0.45266700
vt -0.00000000 0.00000000
vt -0.00000000 0.52093000
vt -0.67458900 0.37683300
vt -0.00000000 0.34730300
vt -0.78638300 0.26754800
vt -0.00000000 0.17367600
vt -0.86414400 0.13196100
vt -0.90148400 -0.01989800
vt -0.00000000 0.00004900
vt -0.00000000 0.02283700
vt -3.62770300 5.22651300
vt 1.53449700 0.10000000
vt -3.62770300 0.00000000
vt 4.68146100 0.10000000
vt -3.62770300 2.07954900
vt -0.04408200 3.62770300
vt 0.11643000 0.00000000
vt -0.04408200 2.65000000
vt -2.65000000 2.07954900
vt 0.00000000 0.00000000
vt 5.30000000 -0.00000000
vt -2.65000000 2.19597900
vt 2.65000000 2.19597900
vt 0.00000000 0.00000000
vt 7.17028700 -0.00000000
vt 7.05385700 -0.00000000
vt 2.65000000 2.07954900
vt -0.04408200 -2.65000000
vt -0.04408200 -3.62770300
vt 3.25424200 0.10000000
vt 3.62770300 2.07954900
vt 6.40120700 0.10000000
vt 3.62770300 5.22651300
vt 3.62770300 -0.00000000
vt 2.38760100 -0.04335100
vt 0.00000000 -0.12788300
vt 2.62566300 -0.00000000
vt 2.62566300 5.22651300
vt 0.07913200 -0.25734000
vt 1.84586700 -0.04335100
vt 2.61517000 4.68488100
vt 0.07913200 -0.26359200
vt 2.61380600 4.67177400
vt 0.07913200 -0.26984400
vt 2.61017000 4.65910100
vt 0.07913200 -0.27609700
vt 2.60425500 4.64738000
vt 0.07913200 -0.28234900
vt 2.59619400 4.63705600
vt 0.07672600 -0.02393800
vt 2.57573400 4.62257500
vt 0.07672600 -0.03543000
vt 0.98775400 -1.03110900
vt 2.59290700 4.49849300
vt 0.86249000 -1.03090000
vt -66.03896200 0.00672600
vt 1.29721600 4.55622300
vt -67.33598700 0.00169400
vt 0.00000000 4.57547300
vt -68.63339300 0.00001600
vt -1.29721600 4.55622300
vt -69.93080000 0.00169400
vt 0.03735100 2111.81589600
vt 0.73492200 -0.03521200
vt -0.07486000 0.35748100
vt 0.74224500 -0.00818300
vt -0.05471100 0.33820200
vt 0.74819100 0.02072600
vt -0.02789100 0.32623900
vt 0.75144600 0.04437900
vt 0.02493100 2.15019300
vt -0.00419900 0.32406100
vt -2.39504500 0.00000000
vt -0.75599200 0.04437900
vt -0.00000000 0.63972400
vt 1.51235100 2.39504500
vt -0.03051500 0.63972400
vt -0.75599200 0.01479300
vt -0.75599200 -0.01479300
vt -0.06104400 0.63972400
vt -0.09155900 0.63972400
vt -0.29543000 2.41452600
vt -0.75599200 -0.04437900
vt 1.13704700 2.81739900
vt 0.04267300 2111.80790800
vt 0.73205900 -0.04437900
vt 0.73303500 -0.04133000
vt 0.04099900 2111.81063600
vt 0.73398900 -0.03827400
vt 0.03922400 2111.81330000
vt 0.24896700 -0.01479300
vt -0.25351300 -0.01479300
vt 0.24896700 0.01479300
vt -0.25351300 0.01479300
vt -0.09147300 0.99843800
vt -0.61870800 2.28877200
vt -0.00000000 0.99843900
vt -2.46585300 0.35418400
vt -0.05923600 0.98996300
vt -0.04580900 0.98996300
vt -0.01341900 0.98996300
vt 2.39504500 0.00000000
vt -0.00000000 -0.63971800
vt 1.51235100 -2.39504500
vt 0.75599200 0.04437900
vt 2.46585300 0.35418400
vt -0.00000000 -0.99842800
vt -0.00280000 0.32414100
vt 0.02501300 2.14879300
vt -0.00140000 0.32422000
vt 0.02509100 2.14739300
vt -0.00000000 0.32429700
vt 0.02516600 2.14599300
vt 71.18576500 0.02672900
vt 69.75412300 0.00890600
vt 0.07489800 0.71558400
vt 68.32286000 0.00890600
vt 0.07489800 -0.71558400
vt -0.00000000 0.66889300
vt 0.02516600 -2.14599300
vt 66.89121700 0.02672900
vt 0.02509100 -2.14739300
vt -0.00140000 0.66897100
vt -0.00280000 0.66904900
vt 0.02501300 -2.14879300
vt -0.00419900 0.66912900
vt -0.75144600 0.04437900
vt 0.02493100 -2.15019300
vt -0.03051500 -0.63971800
vt 0.75599200 0.01479300
vt 0.75599200 -0.01479300
vt -0.06104400 -0.63971800
vt -0.09155900 -0.63971800
vt 0.29543000 2.41452600
vt 0.75599200 -0.04437900
vt 0.61870800 2.28877200
vt -0.09147300 -0.99842800
vt -0.01341900 -0.99842800
vt -0.04580900 -0.99842800
vt -0.05923600 -0.99842800
vt -0.73492200 -0.03521200
vt 0.03735100 1649.26114000
vt -0.07486000 0.63570900
vt -0.73398900 -0.03827400
vt 0.03922400 1649.26373600
vt -0.73303500 -0.04133000
vt 0.04099900 1649.26640000
vt -1.13704700 2.81739900
vt -0.73205900 -0.04437900
vt 0.04267300 1649.26912700
vt -0.74504800 0.00423000
vt -0.04368500 0.66132100
vt 0.25351300 -0.01479300
vt -0.24896700 -0.01479300
vt 0.25351300 0.01479300
vt -0.24896700 0.01479300
vt 0.08814900 -1.28911500
vt 0.56858200 1.98034500
vt 0.18968400 2.08574800
vt 0.08814900 -0.90204700
vt 0.08814900 -0.51499100
vt -0.19637300 2.14344100
vt 2.38760100 0.04335100
vt 0.08814900 -0.12788300
vt -0.58486400 2.15271800
vt 0.05877000 -0.12788300
vt 2.38760100 0.01445000
vt 0.02937900 -0.12788300
vt 2.38760100 -0.01445000
vt 2.64646300 0.40308800
vt 0.00013200 -0.53906300
vt 2.69262900 0.80617500
vt 0.00022600 -0.95018500
vt 0.00011800 -1.36133700
vt 2.76352400 1.20926300
vt 0.05694600 -1.36236600
vt 0.05694600 -0.95220000
vt 0.05694600 -0.54005200
vt 0.04399800 -1.36213100
vt 0.01274200 -1.36156600
vt 0.04399800 -0.95174000
vt 0.01274200 -0.95063000
vt 0.04399800 -0.53982700
vt 0.01274200 -0.53928200
vt -0.06947700 0.95684400
vt 1.84586700 0.04335100
vt -1.12619300 2.13177100
vt 0.00000000 -0.25734000
vt 1.84586700 0.01445000
vt 0.02637500 -0.25734000
vt 0.05276100 -0.25734000
vt 1.84586700 -0.01445000
vt 0.00001400 -0.28165800
vt -0.06222100 0.96556400
vt 0.00000900 -0.02448500
vt 0.02637600 -0.28234900
vt 0.02559100 -0.02393800
vt 0.05275900 -0.28234900
vt 0.05113400 -0.02393800
vt 0.01231300 -0.26448500
vt 0.05264400 -0.25912600
vt 0.04145000 -0.25823300
vt 0.04145000 -0.25912600
vt 0.05264400 -0.25823300
vt 0.01231300 -0.25823300
vt 0.05264400 -0.27163100
vt 0.04145000 -0.27163100
vt 0.01231300 -0.27163100
vt 0.05264400 -0.26448500
vt 0.04145000 -0.26448500
vt 0.01231300 -0.25912600
vt 0.07036300 -0.03442400
vt 0.99464300 -1.03083300
vt -0.00000000 0.99274200
vt -0.03410600 0.98596300
vt 0.03589100 -0.02894900
vt -0.01741200 0.99113700
vt 0.05352700 -0.03164200
vt 0.05611500 -0.02886400
vt 0.03550400 -0.02722200
vt 0.05611500 -0.02722200
vt 0.05611500 -0.03050500
vt 0.03550400 -0.02886400
vt 0.33917400 1649.77262300
vt -1.11427200 2.23351900
vt -0.12610400 0.87103400
vt -0.12608700 0.02288200
vt 0.33923400 1648.90157800
vt 0.33923400 1648.90157800
vt -0.12610400 0.00000000
vt 0.33923900 1649.93621700
vt -0.08408300 0.00000000
vt -0.08407100 0.02288200
vt -0.04202200 0.00000000
vt -0.04201600 0.02288200
vt -0.00000000 0.02288200
vt -0.00000000 0.00000000
vt 0.90361300 -0.04227500
vt -0.08142300 0.49449200
vt -0.06305200 0.49449200
vt -0.01837100 0.49449200
vt -4.10000000 0.05000000
vt -1.44257200 0.03927000
vt -3.07500000 0.03927000
vt -0.00000000 0.05000000
vt -2.14257200 0.03927000
vt -0.70000000 0.05000000
vt 4.70000000 1.35000000
vt 4.70669900 1.37500000
vt -2.14257200 0.01309000
vt 4.72500000 1.39330100
vt -2.14257200 -0.01309000
vt -2.14257200 -0.03927000
vt 4.75000000 1.40000000
vt -3.58514300 -2.10000000
vt -3.12500000 -0.03927000
vt -1.39257200 -0.03927000
vt -2.83514300 -2.10000000
vt -1.41170600 -0.01963500
vt -3.10586600 -0.01963500
vt -1.42792700 0.00000000
vt -3.08964500 0.00000000
vt -3.07880600 0.01963500
vt -1.43876600 0.01963500
vt -1.44161100 0.02945200
vt -3.07596100 0.02945200
vt -1.76757200 0.01309000
vt -1.76757200 -0.01309000
vt 1.04257200 -0.03927000
vt -2.83514300 2.10000000
vt 1.07500000 -0.03927000
vt 0.55000000 1.40000000
vt -3.58514300 2.10000000
vt 1.79257200 -0.03927000
vt 1.79257200 -0.01309000
vt 0.57500000 1.39330100
vt 0.59330100 1.37500000
vt 1.79257200 0.01309000
vt 1.79257200 0.03927000
vt 0.00000000 0.05000000
vt 0.60000000 1.35000000
vt -0.70000000 0.05000000
vt 1.02500000 0.03927000
vt -0.00000000 0.05000000
vt 1.09257200 0.03927000
vt 1.02596100 0.02945200
vt 1.09161100 0.02945200
vt 1.08876600 0.01963500
vt 1.02880600 0.01963500
vt 1.03964500 0.00000000
vt 1.07792700 0.00000000
vt 1.05586600 -0.01963500
vt 1.06170600 -0.01963500
vt 1.41757200 -0.01309000
vt 1.41757200 0.01309000
vt 0.55000000 -0.01309000
vt 0.02500000 -0.01309000
vt -0.50000000 -0.01309000
vt -1.02500000 -0.01309000
vt -1.55000000 -0.01309000
vt -2.07500000 -0.01309000
vt -2.60000000 -0.01309000
vt 0.55000000 0.01309000
vt 0.02500000 0.01309000
vt -0.50000000 0.01309000
vt -1.02500000 0.01309000
vt -1.55000000 0.01309000
vt -2.07500000 0.01309000
vt -2.60000000 0.01309000
vt -0.70000000 1.40000000
vt 2.05000000 -4.97430800
vt 4.70000000 0.00000000
vt 2.20000000 -4.97430800
vt 4.85000000 0.00000000
vt -2.65000000 -0.40000000
vt -3.58514300 -2.20000000
vt 4.85000000 1.40000000
vt -2.65000000 1.00000000
vt 2.05000000 -4.27430800
vt -0.00000000 1.40000000
vt -4.10000000 1.40000000
vt -2.05000000 -4.27430800
vt -0.70000000 1.40000000
vt -0.00000000 1.40000000
vt 0.60000000 0.00000000
vt -2.05000000 -4.97430800
vt 0.00000000 1.40000000
vt -0.00000000 0.24296300
vt -13.90621000 0.23065800
vt -13.83406300 0.45168500
vt -0.00000000 0.48373200
vt -13.72148600 0.65503700
vt -0.00000000 0.72450000
vt -0.00000000 0.96526900
vt -13.57177700 0.83275200
vt -13.39038300 0.97831600
vt -0.00000000 1.20603700
vt -13.18452300 1.08640700
vt -0.00000000 1.44680600
vt -0.00000000 1.68757400
vt -12.96181700 1.15285800
vt -0.00000000 1.92834300
vt -12.73049600 1.17545600
vt 10.93921900 0.04210500
vt -0.02816500 1.92834300
vt 10.93921900 0.01403500
vt -0.05629800 1.92834300
vt 10.93921900 -0.01403500
vt 0.49009600 -0.00000000
vt 10.93921900 -0.04210500
vt -9.14794200 -0.22326000
vt -0.08446300 1.92834300
vt -0.08446300 1.68738500
vt 0.49011200 -0.27645400
vt -0.08446300 1.44642600
vt 0.49012900 -0.55291600
vt 0.49003300 -0.82957900
vt -0.08446300 1.20546800
vt 0.48988100 -1.10623600
vt -0.08446300 0.96451000
vt 0.48993300 -1.38272000
vt -0.08446300 0.72355200
vt -0.08446300 0.48259300
vt 0.49005800 -1.65930800
vt -0.08446300 0.24163500
vt 0.48963900 -1.93602400
vt -0.03983400 0.33927000
vt -0.03983400 0.59884800
vt -0.03983400 0.85842600
vt -0.03983400 1.11800300
vt -0.03983400 1.37758100
vt -0.03983400 1.51301900
vt -0.03983400 1.72068100
vt -0.00000000 0.00000000
vt 10.83448300 0.04210400
vt -12.62576000 1.17545700
vt 0.14328400 0.11180700
vt -0.02340900 0.00000000
vt 10.83448300 0.01403500
vt -0.04679000 0.00000000
vt 10.83448300 -0.01403500
vt -0.07019900 0.00000000
vt -9.04320600 -0.22326000
vt 10.83448300 -0.04210500
vt -0.05516700 0.00964000
vt -0.00000000 0.00000000
vt 0.08228500 0.00365600
vt -0.04254900 0.00000000
vt -0.01448100 0.00964000
vt -0.04557800 0.00000000
vt -0.01158500 0.00964000
vt -8.89230900 -0.30900900
vt 0.10689900 0.56326400
vt -0.05769300 0.00000000
vt -0.00000000 0.00964000
vt -8.90879500 -0.27679900
vt -0.00000000 0.03659700
vt -0.00000000 0.06391400
vt -0.07019900 0.09446000
vt -8.93526100 -0.25134500
vt -0.01839100 0.06391400
vt -0.04679700 0.09446000
vt -0.03677600 0.06391400
vt -0.02340200 0.09446000
vt -0.05516700 0.06391400
vt -0.00000000 0.09446000
vt 0.09683300 0.04809800
vt 0.04616400 -0.00000000
vt 0.05509100 0.00473900
vt -0.05516700 0.05026600
vt 0.06426800 0.00696700
vt -0.05516700 0.03659300
vt 0.07342200 0.00660200
vt -0.05516700 0.02300800
vt -0.02683800 0.03601100
vt -0.07019900 0.05066600
vt -8.98276000 -0.23029800
vt 0.12011600 0.07209500
vt -0.00000000 0.05066800
vt -0.03354400 0.05841500
vt 0.09424400 0.55590800
vt 0.10585400 0.72403400
vt -0.04623700 0.00766600
vt -0.07333100 0.11349300
vt 0.08849400 0.00000000
vt -0.00000000 0.00993500
vt 0.05415600 0.04809800
vt -0.01454300 0.00993500
vt -0.05484700 0.11349300
vt -0.02908300 0.00993500
vt -0.03636500 0.11349300
vt -0.01788200 0.11349300
vt -0.04362300 0.00993500
vt 0.10256800 0.72173400
vt -0.02799800 0.00481300
vt -0.07333100 -0.00000000
vt -0.02436600 0.68463800
vt 0.00000100 0.13106000
vt -0.07333100 0.05674700
vt 0.02455500 0.08220200
vt -0.04489400 0.07236300
vt 0.14579000 0.58327800
vt 0.64031300 -0.27964300
vt 0.00112700 0.33029200
vt 0.68204600 -0.26812400
vt 0.18849600 0.59224600
vt 0.00112700 -0.33029200
vt 1.34263100 -0.26812400
vt 0.18849600 -0.59224600
vt 0.14579000 -0.58327800
vt 1.38436500 -0.27964300
vt 4.65911200 -0.03556300
vt 2.86783500 0.23090100
vt 3.65583900 0.92588500
vt -9.14794200 0.23090100
vt 0.03705100 -0.00000000
vt -7.35666600 -0.03556300
vt -0.07133400 0.00000000
vt 0.14550900 0.58316500
vt -8.85994700 -0.27979800
vt 0.00112700 0.33029200
vt 0.18849600 0.59224600
vt -8.81795400 -0.26812400
vt 0.00112700 -0.33029200
vt -8.15736900 -0.26812400
vt 0.18849600 -0.59224600
vt -8.11537500 -0.27979800
vt 0.14550900 -0.58316500
vt 0.06027400 -0.00000000
vt 0.08260600 0.04809800
vt 0.07438300 0.00000000
vt 0.06837000 0.04809800
vt 0.06697000 0.00350800
vt 0.14328400 0.14551400
vt -12.64976100 1.15174300
vt 0.14328400 0.17922200
vt -12.67375200 1.12801700
vt 0.14328400 0.21293000
vt 0.14219200 -0.00000000
vt -12.69773100 1.10428100
vt 0.09483100 0.00000000
vt 0.09555900 0.21293000
vt 0.04738500 -0.00000000
vt 0.04774900 0.21293000
vt 0.00000000 0.00000000
vt -0.09424800 -1.76213200
vt -0.10585800 0.69163100
vt 0.00000000 0.21293000
vt -0.07868700 0.68944600
vt 0.00000000 0.18564300
vt -0.05152300 0.68712000
vt 0.00000000 0.15835300
vt 0.02162100 0.12004000
vt 0.04833700 0.12004000
vt 0.07505400 0.12004000
vt 0.09470900 0.12004000
vt -0.04558200 0.00993300
vt -0.01158100 0.05427200
vt -0.04254900 0.00993300
vt -0.01448100 0.05427200
vt -0.05516700 0.05427200
vt 0.08228500 0.14177800
vt -0.00000000 0.00993300
vt -0.05516700 0.04090400
vt 0.07342200 0.13883300
vt -0.05516700 0.02732000
vt 0.06426800 0.13846800
vt -0.05516700 0.01364700
vt 0.05509100 0.14069600
vt 0.09683300 0.16483100
vt -0.05516700 0.00000000
vt -0.00000000 0.00000000
vt 0.04616400 0.14543500
vt -0.02340200 0.00000000
vt -0.03677600 0.00000000
vt -0.01839100 0.00000000
vt -0.04679700 0.00000000
vt -0.02683800 0.02805300
vt 0.48958800 1.93597200
vt -0.08446300 1.68670700
vt 0.49004200 1.65928700
vt -0.08446300 1.44574900
vt -0.08446300 1.20479100
vt 0.48983500 1.38264200
vt -0.08446300 0.96383300
vt 0.48988300 1.10623300
vt 0.49013400 0.82952500
vt -0.08446300 0.72287400
vt -0.08446300 0.48191600
vt 0.49014800 0.55294200
vt -0.08446300 0.24095800
vt 0.49016600 0.27647200
vt -0.05629800 0.00000000
vt -0.19155800 -0.01403500
vt -0.19155800 0.01403500
vt -0.02816500 0.00000000
vt -0.00000000 0.00000000
vt -0.19155800 0.04210500
vt -1.59971900 1.17545600
vt -0.00000000 0.24076800
vt -1.36839800 1.15285800
vt -0.00000000 0.48153700
vt -1.14569100 1.08640700
vt -0.00000000 0.72230500
vt -0.93983100 0.97831600
vt -0.00000000 0.96307400
vt -0.75843800 0.83275200
vt -0.60872900 0.65503700
vt -0.00000000 1.20384200
vt -0.49615200 0.45168500
vt -0.00000000 1.44461000
vt -0.00000000 1.68537900
vt -0.42400500 0.23065800
vt -0.03983400 1.19331700
vt -0.03983400 0.97463600
vt -0.03983400 1.65852000
vt -0.03983400 1.38937400
vt -0.03983400 0.75595500
vt -0.03983400 0.53727500
vt -0.03983400 0.31859400
vt -0.04679000 0.09447600
vt -0.08682200 -0.01403500
vt -0.08682200 0.01403500
vt -0.02340900 0.09447500
vt 0.14328400 0.10112300
vt -0.08682200 0.04210400
vt -0.00000000 0.09447600
vt -1.70445500 1.17545700
vt -0.00000000 0.04380000
vt 0.12011600 0.14083400
vt -0.03354400 0.03629800
vt -0.04624000 0.00227300
vt 0.09424800 -0.55591200
vt 0.10585800 -0.72403900
vt 0.10256800 -0.72173400
vt -0.04362300 -0.00000000
vt -0.01788200 0.00000000
vt -0.02908300 0.00000000
vt -0.03636500 0.00000000
vt -0.05484700 0.00000000
vt -0.01454300 0.00000000
vt -0.07333100 0.00000000
vt 0.08849400 0.14543500
vt 0.05415600 0.16483100
vt -0.00000000 0.00000000
vt -0.02799800 0.00511600
vt -0.07333100 0.11351400
vt 0.00000100 0.08186900
vt -0.02436600 -0.68463800
vt 0.02455500 0.13072700
vt -0.07333100 0.05675700
vt -0.04489400 0.04204600
vt 0.03764300 1.93587700
vt -0.07133400 0.30926200
vt -0.07133400 0.61846500
vt 0.03750200 1.65879300
vt 0.03737500 1.38193600
vt -0.07133400 0.92766900
vt 0.03727200 1.10527600
vt -0.07133400 1.23687300
vt -0.07133400 1.54607700
vt 0.03717900 0.82879100
vt -0.07133400 1.85528100
vt 0.03710700 0.55245500
vt 0.03706400 0.27620300
vt -0.07133400 2.16448500
vt 0.26380300 0.47947700
vt 0.26380300 0.65338800
vt 0.26380300 1.97628200
vt 0.26380300 1.73936500
vt 0.26380300 1.50244800
vt 0.26380300 1.26553100
vt 0.26380300 1.00120900
vt 0.26380300 0.82804400
vt 0.26380300 0.30556700
vt 0.03699700 -0.27618400
vt -0.07133400 0.30920400
vt 0.03708300 -0.55242700
vt -0.07133400 0.61840800
vt 0.03705400 -0.82884900
vt -0.07133400 0.92761200
vt 0.03726900 -1.10527800
vt -0.07133400 1.23681600
vt 0.03750100 -1.38201000
vt -0.07133400 1.54602000
vt -0.07133400 1.85522400
vt 0.03752200 -1.65881200
vt 0.03770700 -1.93592600
vt -0.07133400 2.16442800
vt 0.26359600 -1.73327100
vt 0.26359600 -1.55952800
vt 0.26359600 -1.21204200
vt 0.26359600 -1.38578500
vt 0.26359600 -0.94726700
vt 0.26359600 -0.71045100
vt 0.26359600 -0.47363400
vt 0.26359600 -0.23681700
vt 0.26359600 -1.90701400
vt -12.76251600 0.94869400
vt 0.14219200 0.12112700
vt 0.00000000 56.31518900
vt -12.74557600 1.03283100
vt 0.14219200 0.06061400
vt 0.00000000 0.05457600
vt -0.05152300 -0.68712000
vt 0.00000000 0.02728700
vt -0.07868700 -0.68944600
vt -0.10585800 -0.69163100
vt -0.09424800 -0.09412700
vt 0.00000000 0.12112700
vt 0.00000000 0.00000000
vt 0.04774900 0.00000000
vt 0.04738500 0.12112700
vt 0.09555900 0.00000000
vt 0.09483100 0.12112700
vt 0.08260600 0.16483100
vt 0.06027400 0.14532800
vt 0.06837000 0.16483100
vt 0.07438300 0.14532800
vt 0.02162100 0.09643900
vt 0.04833700 0.09643900
vt 0.07505400 0.09643900
vt 0.09470900 0.09643900
vt 0.00000000 0.06056300
vt -0.04717600 -0.08860900
vt -0.26970600 -0.85340700
vt 0.00000000 -0.08771500
vt 0.14075700 -56.31427800
vt 0.00000000 0.00000000
vt 0.09387200 -56.31427800
vt 0.04738600 0.00000000
vt 0.04690800 -56.31427800
vt 0.09482800 0.00000000
vt 0.02133400 0.05719800
vt 0.04790800 0.05719800
vt 0.07448100 0.05719800
vt 0.09387600 0.05719800
vt 0.14075700 -55.36384700
vt 0.13969600 55.26561500
vt -1.22000000 -0.83900300
vt 0.10930900 -55.36439300
vt 0.10848500 55.26616000
vt 0.06515200 -55.36505900
vt 0.06466100 55.26682200
vt 0.03919100 -55.36535000
vt 0.03889600 55.26711100
vt 0.02128500 -55.84468400
vt 0.07373000 -55.84468400
vt 0.09308000 -55.84468400
vt 0.02114400 55.31931200
vt 0.07317400 55.31931200
vt 0.09239600 55.31931200
vt 0.06695700 0.14183200
vt -1.22000000 0.83900300
vt 0.14075700 55.36474300
vt 0.13969600 -55.26466000
vt 0.10442400 -55.26526100
vt 0.10521800 55.36536900
vt 0.07982600 -55.26564600
vt 0.08043300 55.36575800
vt 0.03516600 55.36628400
vt 0.03490000 -55.26619000
vt 0.09239600 -55.31805800
vt 0.07317400 -55.31805800
vt 0.02114400 -55.31805800
vt -0.00000000 -1.76854400
vt 0.00000000 0.12112700
vt -0.26970600 0.85340700
vt 0.14075700 56.31518900
vt 0.09387200 56.31518900
vt 0.04738600 0.12112700
vt 0.09482800 0.12112700
vt 0.04690800 56.31518900
vt 0.09308000 55.84559200
vt 0.07373000 55.84559200
vt 0.02128500 55.84559200
vt 0.00000000 0.06056300
vt -0.04717600 -1.76764900
vt 0.02133400 0.05735400
vt 0.04790900 0.05735400
vt 0.07448300 0.05735400
vt 0.09387900 0.05735400
vt -0.14258400 0.29793300
vt 0.18849600 0.42303300
vt -0.25793300 0.20631300
vt 0.18849600 0.25382000
vt 0.18849600 0.08460700
vt -0.32197700 0.07365400
vt 0.18849600 -0.08460700
vt -0.32197700 -0.07365400
vt -0.25793300 -0.20631300
vt 0.18849600 -0.25382000
vt -0.14258400 -0.29793300
vt 0.18849600 -0.42303300
vt 0.10585800 0.48268900
vt 0.09424800 0.37060500
vt 0.10585800 0.24134300
vt 0.09424800 0.18530200
vt 0.10585800 -0.00000200
vt 0.09424800 -0.00000200
vt 0.09424800 -0.18530500
vt 0.10585800 -0.24134800
vt 0.10585800 -0.48269300
vt 0.09424800 -0.37060800
vt 0.14137000 -0.42303300
vt 0.14137000 -0.25382000
vt 0.14137000 -0.08460700
vt 0.14137000 0.08460700
vt 0.14137000 0.25382000
vt 0.14137000 0.42303300
vt -0.10585800 0.49402200
vt -0.09424800 -1.52384500
vt -0.10585800 0.29641300
vt -0.09424800 -1.28555900
vt -0.10585800 0.09880400
vt -0.09424800 -1.04727300
vt -0.10585800 -0.09880400
vt -0.09424800 -0.80898600
vt -0.10585800 -0.29641300
vt -0.09424800 -0.57070000
vt -0.10585800 -0.49402200
vt -0.09424800 -0.33241300
vt -0.26970600 0.60957600
vt -0.00000000 -1.52842500
vt -0.26970600 0.36574600
vt -0.00000000 -1.28830700
vt -0.26970600 0.12191500
vt -0.00000000 -1.04818900
vt 0.00000000 -0.80807000
vt -0.26970600 -0.12191500
vt 0.00000000 -0.56795200
vt -0.26970600 -0.36574600
vt -0.26970600 -0.60957600
vt 0.00000000 -0.32783400
vt -0.04712400 -0.32783400
vt -0.04712400 -0.56795200
vt -0.04712400 -0.80852800
vt -0.04712400 -1.04773100
vt -0.04712400 -1.28830700
vt -0.04712400 -1.52842500
vt 0.00000000 0.05457600
vt -0.05152300 -0.68712000
vt -0.07868700 -0.68944600
vt 0.00000000 0.02728700
vt 0.00000000 0.00000000
vt -0.10585800 -0.69163100
vt -0.09424800 -0.09412700
vt 0.00000000 0.12112700
vt 0.04774900 0.00000000
vt 0.04738500 0.12112700
vt 0.09555900 0.00000000
vt 0.09483100 0.12112700
vt 0.08260600 0.16483100
vt 0.06027400 0.14587100
vt 0.06837000 0.16483100
vt 0.07438300 0.14587100
vt 0.02162100 0.09644100
vt 0.04833700 0.09644100
vt 0.07505400 0.09644100
vt 0.09470900 0.09644100
vt 0.00000000 0.06056300
vt -0.04717600 -0.08860900
vt 0.09387200 -56.31427800
vt 0.04738600 0.00000000
vt 0.09482800 0.00000000
vt 0.04690800 -56.31427800
vt 0.02133400 0.05719800
vt 0.04790800 0.05719800
vt 0.07448100 0.05719800
vt 0.09387600 0.05719800
vt 0.02128500 -55.84466600
vt 0.07373000 -55.84466600
vt 0.09308000 -55.84466600
vt 0.06695700 0.14237400
vt 0.09387200 56.31518900
vt 0.04738600 0.12112700
vt 0.04690800 56.31518900
vt 0.09482800 0.12112700
vt 0.09308000 55.84562300
vt 0.07373000 55.84562300
vt 0.02128500 55.84562300
vt 0.00000000 0.06056300
vt -0.04717600 -1.76764900
vt 0.02133400 0.05735400
vt 0.04790900 0.05735400
vt 0.07448300 0.05735400
vt 0.09387800 0.05735400
vt -0.14258400 0.29793300
vt 0.18849600 0.42303300
vt -0.25793300 0.20631300
vt 0.18849600 0.25382000
vt 0.18849600 0.08460700
vt -0.32197700 0.07365400
vt 0.18849600 -0.08460700
vt -0.32197700 -0.07365400
vt 0.18849600 -0.25382000
vt -0.25793300 -0.20631300
vt -0.14258400 -0.29793300
vt 0.18849600 -0.42303300
vt 0.09424800 0.37060500
vt 0.10585800 0.48268900
vt 0.10585800 0.24134300
vt 0.09424800 0.18530200
vt 0.09424800 -0.00000200
vt 0.10585800 -0.00000200
vt 0.10585800 -0.24134800
vt 0.09424800 -0.18530500
vt 0.10585800 -0.48269300
vt 0.09424800 -0.37060800
vt 0.14137000 -0.42303300
vt 0.14137000 -0.25382000
vt 0.14137000 -0.08460700
vt 0.14137000 0.08460700
vt 0.14137000 0.25382000
vt 0.14137000 0.42303300
vt -0.09424800 -1.52384500
vt -0.10585800 0.49402200
vt -0.10585800 0.29641300
vt -0.09424800 -1.28555900
vt -0.09424800 -1.04727300
vt -0.10585800 0.09880400
vt -0.10585800 -0.09880400
vt -0.09424800 -0.80898600
vt -0.09424800 -0.57070000
vt -0.10585800 -0.29641300
vt -0.09424800 -0.33241300
vt -0.10585800 -0.49402200
vt -0.04712400 -0.32783400
vt -0.04712400 -0.56795200
vt -0.04712400 -0.80852800
vt -0.04712400 -1.04773100
vt -0.04712400 -1.28830700
vt -0.04712400 -1.52842500
vt 0.03490000 55.26714500
vt 0.03516600 -55.36538800
vt 0.07982600 55.26660100
vt 0.08043300 -55.36486200
vt 0.10442400 55.26621600
vt 0.10521800 -55.36447400
vt 0.14075700 -55.36384700
vt 0.13969600 55.26561500
vt -1.22000000 -0.83900300
vt 0.02114400 55.31929100
vt 0.07317400 55.31929100
vt 0.09239600 55.31929100
vt -0.05152300 -0.68712000
vt 0.00000000 0.05457600
vt -0.07868700 -0.68944600
vt 0.00000000 0.02728700
vt -0.10585800 -0.69163100
vt 0.00000000 0.12112700
vt 0.00000000 0.00000000
vt -0.09424800 1.76213200
vt 0.04774900 0.00000000
vt 0.04738500 0.12112700
vt 0.09483100 0.12112700
vt 0.09555900 0.00000000
vt 0.06027400 0.14532800
vt 0.08260600 0.16483100
vt 0.07438300 0.14532800
vt 0.06837000 0.16483100
vt 0.02162100 0.09644100
vt 0.04833700 0.09644100
vt 0.07505400 0.09644100
vt 0.09470900 0.09644100
vt 0.00000000 0.06056300
vt -0.04717600 1.76764900
vt -0.26970600 -0.85340700
vt 0.00000000 0.00000000
vt 0.14075700 -56.31427800
vt -0.00000000 1.76854400
vt 0.04738600 0.00000000
vt 0.09387200 -56.31427800
vt 0.04690800 -56.31427800
vt 0.09482800 0.00000000
vt 0.02133400 0.05719800
vt 0.04790800 0.05719800
vt 0.07448100 0.05719800
vt 0.09387600 0.05719800
vt 0.02128500 -55.84466000
vt 0.07373000 -55.84466000
vt 0.09308000 -55.84466000
vt 0.06695700 0.14183200
vt -1.22000000 0.83900300
vt 0.13969600 -55.26466000
vt 0.14075700 55.36474300
vt 0.10930900 55.36528900
vt 0.10848500 -55.26520400
vt 0.06515200 55.36595300
vt 0.06466100 -55.26586900
vt 0.03919100 55.36624200
vt 0.03889600 -55.26615900
vt 0.09239600 -55.31807500
vt 0.07317400 -55.31807500
vt 0.02114400 -55.31807500
vt -0.26970600 0.85340700
vt 0.00000000 0.08771500
vt 0.14075700 56.31518900
vt 0.00000000 0.12112700
vt 0.09387200 56.31518900
vt 0.04738600 0.12112700
vt 0.09482800 0.12112700
vt 0.04690800 56.31518900
vt 0.09308000 55.84561700
vt 0.07373000 55.84561700
vt 0.02128500 55.84561700
vt -0.04717600 0.08860900
vt 0.00000000 0.06056300
vt 0.02133400 0.05735400
vt 0.04790900 0.05735400
vt 0.07448300 0.05735400
vt 0.09387800 0.05735400
vt 0.14258400 -0.29793300
vt 0.18849600 0.42303300
vt 0.25793300 -0.20631300
vt 0.18849600 0.25382000
vt 0.18849600 0.08460700
vt 0.32197700 -0.07365400
vt 0.32197700 0.07365400
vt 0.18849600 -0.08460700
vt 0.25793300 0.20631300
vt 0.18849600 -0.25382000
vt 0.14258400 0.29793300
vt 0.18849600 -0.42303300
vt 0.09424800 0.37060500
vt 0.10585800 0.48268900
vt 0.09424800 0.18530200
vt 0.10585800 0.24134300
vt 0.09424800 -0.00000200
vt 0.10585800 -0.00000200
vt 0.09424800 -0.18530500
vt 0.10585800 -0.24134800
vt 0.09424800 -0.37060800
vt 0.10585800 -0.48269300
vt 0.14137000 -0.42303300
vt 0.14137000 -0.25382000
vt 0.14137000 -0.08460700
vt 0.14137000 0.08460700
vt 0.14137000 0.25382000
vt 0.14137000 0.42303300
vt -0.09424800 0.33241300
vt -0.10585800 0.49402200
vt -0.09424800 0.57070000
vt -0.10585800 0.29641300
vt -0.09424800 0.80898600
vt -0.10585800 0.09880400
vt -0.10585800 -0.09880400
vt -0.09424800 1.04727300
vt -0.10585800 -0.29641300
vt -0.09424800 1.28555900
vt -0.09424800 1.52384500
vt -0.10585800 -0.49402200
vt 0.00000000 0.32783400
vt -0.26970600 0.60957600
vt -0.26970600 0.36574600
vt 0.00000000 0.56795200
vt 0.00000000 0.80807000
vt -0.26970600 0.12191500
vt -0.26970600 -0.12191500
vt -0.00000000 1.04818900
vt -0.26970600 -0.36574600
vt -0.00000000 1.28830700
vt -0.26970600 -0.60957600
vt -0.00000000 1.52842500
vt -0.04712400 1.52842500
vt -0.04712400 1.28830700
vt -0.04712400 1.04773100
vt -0.04712400 0.80852800
vt -0.04712400 0.56795200
vt -0.04712400 0.32783400
vt -0.05152300 -0.68712000
vt 0.00000000 0.05457600
vt 0.00000000 0.02728700
vt -0.07868700 -0.68944600
vt -0.09424800 1.76213200
vt -0.10585800 -0.69163100
vt 0.00000000 0.12112700
vt 0.00000000 0.00000000
vt 0.04738500 0.12112700
vt 0.04774900 0.00000000
vt 0.09483100 0.12112700
vt 0.09555900 0.00000000
vt 0.14219200 0.12112700
vt -1.63248400 1.10428100
vt 0.14328400 0.00000000
vt 0.14328400 0.03370800
vt -1.65646300 1.12801700
vt 0.14328400 0.06741500
vt -1.68045400 1.15174300
vt 0.08260600 0.16483100
vt 0.06027400 0.14543500
vt 0.06837000 0.16483100
vt 0.07438300 0.14543500
vt 0.02162100 0.09643800
vt 0.04833700 0.09643800
vt 0.07505400 0.09643800
vt 0.09470900 0.09643800
vt -0.04717600 1.76764900
vt 0.00000000 0.06056300
vt 0.09387200 -56.31427800
vt 0.04738600 0.00000000
vt 0.04690800 -56.31427800
vt 0.09482800 0.00000000
vt -1.56769900 0.94869400
vt 0.14219200 0.00000000
vt 0.00000000 -56.31427800
vt 0.14219200 0.06056300
vt -1.58466600 1.03289700
vt 0.02133400 0.05719800
vt 0.04790800 0.05719800
vt 0.07448100 0.05719800
vt 0.09387600 0.05719800
vt 0.02128500 -55.84469000
vt 0.07373000 -55.84469000
vt 0.09308000 -55.84469000
vt 0.06695700 0.14193800
vt 0.04738600 0.12112700
vt 0.09387200 56.31518900
vt 0.09482800 0.12112700
vt 0.04690800 56.31518900
vt 0.09308000 55.84559900
vt 0.07373000 55.84559900
vt 0.02128500 55.84559900
vt 0.00000000 0.06056300
vt -0.04717600 0.08860900
vt 0.02133400 0.05735400
vt 0.04790900 0.05735400
vt 0.07448300 0.05735400
vt 0.09387900 0.05735400
vt 0.14258400 -0.29793300
vt 0.18849600 0.42303300
vt 0.25793300 -0.20631300
vt 0.18849600 0.25382000
vt 0.32197700 -0.07365400
vt 0.18849600 0.08460700
vt 0.32197700 0.07365400
vt 0.18849600 -0.08460700
vt 0.25793300 0.20631300
vt 0.18849600 -0.25382000
vt 0.18849600 -0.42303300
vt 0.14258400 0.29793300
vt 0.10585800 0.48268900
vt 0.09424800 0.37060500
vt 0.10585800 0.24134300
vt 0.09424800 0.18530200
vt 0.10585800 -0.00000200
vt 0.09424800 -0.00000200
vt 0.09424800 -0.18530500
vt 0.10585800 -0.24134800
vt 0.10585800 -0.48269300
vt 0.09424800 -0.37060800
vt 0.14137000 -0.42303300
vt 0.14137000 -0.25382000
vt 0.14137000 -0.08460700
vt 0.14137000 0.08460700
vt 0.14137000 0.25382000
vt 0.14137000 0.42303300
vt -0.10585800 0.49402200
vt -0.09424800 0.33241300
vt -0.10585800 0.29641300
vt -0.09424800 0.57070000
vt -0.10585800 0.09880400
vt -0.09424800 0.80898600
vt -0.10585800 -0.09880400
vt -0.09424800 1.04727300
vt -0.10585800 -0.29641300
vt -0.09424800 1.28555900
vt -0.09424800 1.52384500
vt -0.10585800 -0.49402200
vt -0.04712400 1.52842500
vt -0.04712400 1.28830700
vt -0.04712400 1.04773100
vt -0.04712400 0.80852800
vt -0.04712400 0.56795200
vt -0.04712400 0.32783400
vt -2.82908900 0.02880000
vt 0.94160000 -0.00022900
vt 0.00022900 -0.17453300
vt 0.90268700 -0.00000000
vt -3.59056100 1.07613400
vt -2.86741100 0.03556300
vt -3.59056100 5.56538900
vt -0.39943900 2.48327200
vt -0.00000000 0.00000000
vt -7.35666600 0.03556300
vt -0.02378300 0.00000000
vt -7.35666600 0.01185400
vt -0.04755100 0.00000000
vt -7.35666600 -0.01185400
vt 7.25171800 -0.00715300
vt 3.62770300 0.85948300
vt 4.59494800 -0.00249100
vt 0.17497700 -0.00715300
vt 0.00715300 0.17453300
vt -2.48179300 -0.00249100
vt -6.60567900 0.00000000
vt -5.85469300 0.00000000
vt -5.10370700 0.00000000
vt -4.35272100 0.00000000
vt -3.60173500 0.00000000
vt -2.85074900 0.00000000
vt -0.00000000 0.30910700
vt -0.39892400 2.17284700
vt -0.00000000 0.61821500
vt -0.39740400 1.86241500
vt -0.39493200 1.55197700
vt -0.00000000 0.92732200
vt -0.39159900 1.24159800
vt -0.00000000 1.23642900
vt -0.38752900 0.93115100
vt -0.00000000 1.54553700
vt -0.38287800 0.62080800
vt -0.00000000 1.85464400
vt -0.37781300 0.31040300
vt -0.00000000 2.16375100
vt -0.03406900 0.53655500
vt -0.03406900 0.73071100
vt -0.03406900 2.20882300
vt -0.03406900 1.94401400
vt -0.03406900 1.67920500
vt -0.03406900 1.41439600
vt -0.03406900 1.11902400
vt -0.03406900 0.92615000
vt -0.03406900 0.34239900
vt 3.62770300 0.28649400
vt 6.68736800 0.08803800
vt 3.62770300 0.57298900
vt 6.97153300 0.05223700
vt -0.00000000 0.30993800
vt -7.60218700 0.31040300
vt -0.00000000 0.61904500
vt -7.59712200 0.62080800
vt -0.00000000 0.92815200
vt -7.59247100 0.93115100
vt -7.58840100 1.24159800
vt -0.00000000 1.23726000
vt -7.58506800 1.55197700
vt -0.00000000 1.54636700
vt -7.58259600 1.86241500
vt -0.00000000 1.85547400
vt -7.58107600 2.17284700
vt -0.00000000 2.16458200
vt -0.00000000 2.47368900
vt 3.77411200 0.03556300
vt 3.59056100 5.56538900
vt -7.58056100 2.48327200
vt -0.02378300 2.47368900
vt 3.77411200 0.01185400
vt 3.77411200 -0.01185400
vt -0.04755100 2.47368900
vt -0.03406900 0.35670800
vt -0.03406900 1.79594700
vt -0.03406900 0.85568600
vt -0.03406900 0.60619700
vt -0.03406900 1.10517600
vt -0.03406900 1.35466500
vt -0.03406900 1.57003300
vt -0.03406900 2.02186100
vt -0.03406900 2.24777500
vt 3.59056100 1.07613400
vt 0.21389100 0.00000000
vt -0.71514300 0.03556300
vt 0.17497700 -0.00022900
vt 0.00022900 0.17453300
vt -0.75346500 0.02880000
vt -1.10076100 -0.00249100
vt 7.76072600 -0.00715300
vt 0.00715300 -0.17453300
vt -3.62770300 0.85948300
vt -8.17750200 -0.00249100
vt 0.68398600 -0.00715300
vt -0.73180500 0.00000000
vt 0.01918100 0.00000000
vt 0.77016700 0.00000000
vt 1.52115400 0.00000000
vt 2.27214000 0.00000000
vt 3.02312600 0.00000000
vt 0.96417100 0.05223700
vt -3.62770300 0.57298900
vt -3.62770300 0.28649400
vt 1.24833600 0.08803800
vt -0.00000000 0.67171900
vt 3.28590600 5.56538900
vt -7.27590600 2.48327200
vt 3.36746100 5.35708600
vt -0.00000000 0.44781300
vt -0.00000000 0.22390600
vt 3.41713100 5.13897200
vt 0.00000000 -0.00000000
vt 3.43381100 4.91589600
vt 2.95078900 0.00000000
vt 3.43381100 2.14008500
vt 0.00000000 -0.17453300
vt 0.17497700 0.00000000
vt 3.43719500 2.02379500
vt -0.00000000 -0.05817800
vt -0.00000000 0.05817800
vt 3.44733500 1.90789900
vt -0.00000000 0.17453300
vt 0.94160000 0.00000000
vt 3.46419600 1.79278800
vt -0.70409400 2.48327200
vt -0.00000000 1.60593600
vt -3.28590600 5.56538900
vt 0.00970800 1.40416400
vt -0.80347400 2.30749200
vt 0.03684100 1.19541600
vt -0.93002100 2.13941400
vt -1.06961900 1.99536400
vt 0.07383400 0.99815100
vt -1.22475700 1.86962400
vt 0.11641000 0.80291400
vt -1.39786700 1.76075200
vt 0.16044900 0.60305400
vt -1.58465400 1.67486600
vt 0.19991200 0.40113200
vt 0.22901700 0.19920200
vt -1.78003100 1.61664800
vt 2.01507700 -0.24348600
vt 0.24348600 -0.00000000
vt -1.97768500 1.58897900
vt 0.29553600 0.52359900
vt -3.46664000 1.49516600
vt 0.52407800 -0.29553600
vt 0.30537900 0.00000000
vt -3.99000000 1.47829300
vt -4.51336000 1.49516600
vt 1.49099900 -0.29553600
vt 0.29553600 -0.52359900
vt 0.24348600 2.27765500
vt -6.00231500 1.58897900
vt 0.00000000 -0.24348600
vt -6.19996900 1.61664800
vt 0.22901700 2.07845300
vt 0.19991200 1.87652200
vt -6.39534600 1.67486600
vt -6.58213300 1.76075200
vt 0.16044900 1.67460100
vt -6.75524300 1.86962400
vt 0.11641000 1.47474000
vt -6.91038100 1.99536400
vt 0.07383400 1.27950400
vt 0.03684100 1.08223900
vt -7.04997900 2.13941400
vt -7.17652600 2.30749200
vt 0.00970800 0.87349100
vt 3.01757200 -0.06403100
vt 0.77256500 -0.06403100
vt -0.63639600 0.10000000
vt 2.55000000 0.90000000
vt 0.45000000 1.30000000
vt 2.65000000 0.90000000
vt 3.11757200 -0.06403100
vt 3.11757200 0.06403100
vt 0.53000000 1.40000000
vt -3.58514300 2.12000000
vt -3.45200600 2.12000000
vt 2.98443500 0.06403100
vt 0.80570200 0.06403100
vt -3.06644300 2.50556300
vt 0.26043300 0.06403100
vt 0.06403100 -0.10210200
vt -0.12426400 0.10000000
vt -0.06403100 -0.10210200
vt -0.60000000 0.11781000
vt 0.26043300 -0.06403100
vt 4.70345100 0.06403100
vt 0.06403100 0.10210200
vt -2.91087900 2.57000000
vt -0.06403100 0.10210200
vt 4.70345100 -0.06403100
vt 6.49602300 1.30000000
vt -0.60000000 -0.11781000
vt -0.06403100 0.03403400
vt -0.60000000 -0.03927000
vt -0.06403100 -0.03403400
vt -0.60000000 0.03927000
vt 0.06403100 -0.03403400
vt -3.02087900 2.54052600
vt 0.06403100 0.03403400
vt -2.96781900 2.56250400
vt 3.46171400 2.57000000
vt -1.66914300 0.06403100
vt 1.42159700 2.57000000
vt 1.32005500 2.65000000
vt -1.65151000 -0.06403100
vt 0.14106200 1.30000000
vt -2.43686300 1.00000000
vt -3.37200600 -2.20000000
vt -0.37436700 0.06403100
vt 0.06403100 0.10210200
vt -3.06644300 -2.50556300
vt 0.05776500 0.06403100
vt 0.06403100 0.03403400
vt -3.02087900 -2.54052600
vt 0.06403100 -0.03403400
vt -2.96781900 -2.56250400
vt -1.11830800 0.06403100
vt 0.06403100 -0.10210200
vt -2.91087900 -2.57000000
vt 1.42159700 -2.57000000
vt 5.25428600 0.06403100
vt 3.46171400 -2.57000000
vt 5.23665300 -0.06403100
vt 1.32005500 -2.65000000
vt 7.02922500 1.30000000
vt 0.60000000 -0.11781000
vt -0.06403100 -0.10210200
vt -1.11830800 -0.06403100
vt 0.67426400 1.30000000
vt 0.05776500 -0.06403100
vt -0.51213200 0.10000000
vt 0.60000000 0.11781000
vt -0.06403100 0.10210200
vt 0.60000000 0.03927000
vt -0.06403100 0.03403400
vt 0.60000000 -0.03927000
vt -0.06403100 -0.03403400
vt 0.00000000 0.10000000
vt -0.45436700 -0.06403100
vt -2.55000000 0.90000000
vt 0.45000000 0.00000000
vt -2.20000000 -4.97430800
vt 2.65000000 -0.40000000
vt -0.12608700 -0.00000000
vt -0.13209800 0.69499000
vt 0.33916200 1649.91309800
vt 0.33666300 -0.00000000
vt -0.09907000 0.69498800
vt -0.09455300 0.00001100
vt -0.06604600 0.69497900
vt -0.06304300 0.00002300
vt -0.03151300 0.00003400
vt -0.03302400 0.69496200
vt -0.00000000 0.00004500
vt -0.00000000 0.69494100
vt 0.90148400 -0.01989800
vt -0.01836800 0.01143300
vt -0.06304300 0.01143300
vt -0.08141200 0.01143300
vt 0.31520300 -29.99256400
vt -0.14355900 0.01222400
vt 2.09332300 -2.87444200
vt -0.10792000 0.00749700
vt 2.08260700 -2.90885000
vt -0.07205500 0.00364000
vt 2.06049300 -2.93736000
vt -0.03605700 0.00117200
vt 2.02963100 -2.95612100
vt -1.48950400 0.93745900
vt 1.99416300 -2.96283800
vt -0.00000000 0.00040000
vt -0.00000000 1.01257600
vt -0.50209400 0.73176500
vt 0.47312000 0.47462000
vt -0.00000000 2.02469300
vt -0.00000000 -0.00000400
vt -0.04784100 2.02469300
vt -0.04750600 -0.00000200
vt -0.09574100 2.02469300
vt -0.09507000 -0.00000100
vt 0.31663200 -27.97469500
vt -0.14255300 -0.00000000
vt 0.31703500 -0.83035000
vt -0.14355900 2.02469300
vt 0.31592200 -28.98361300
vt -0.14355900 1.01848800
vt -0.09488700 0.50598900
vt -0.02165900 0.50598900
vt -0.04842800 0.50598900
vt -0.07519700 0.50598900
vt -0.02165900 1.51813500
vt -0.04842800 1.51813500
vt -0.07519700 1.51813500
vt -0.09488700 1.51813500
vt -0.09488700 1.01191600
vt -0.07519700 1.01205300
vt -0.04842800 1.01224000
vt -0.02165900 1.01242600
vt 0.49488200 0.46792600
vt -0.00000000 0.02465600
vt 0.51644000 0.46060600
vt -0.00000000 0.04931600
vt -0.00000000 0.07397500
vt -0.00000000 0.00000000
vt 0.53777900 0.45266700
vt -0.04402200 0.00000000
vt -0.04750600 0.07397500
vt -0.08809700 0.00000000
vt -0.09506900 0.07397500
vt 0.32229100 -0.77309500
vt -0.13209800 0.00000000
vt -0.14255300 0.07397500
vt 0.31814400 -0.75125300
vt 0.31754100 -0.77761100
vt -0.14255200 0.04932200
vt 0.31717000 -0.80398300
vt -0.14255300 0.02466300
vt -0.02152600 0.03704000
vt -0.04809800 0.03704000
vt -0.07467000 0.03704000
vt -0.09423900 0.03704000
vt 0.33463200 -0.19300100
vt -0.13209800 0.52124300
vt 0.33141900 -0.38637400
vt -0.13209800 0.34749500
vt 0.32722200 -0.57958800
vt -0.13209800 0.17374800
vt -0.00000000 0.17373500
vt 0.67473200 0.37700300
vt 0.78636600 0.26755500
vt -0.00000000 0.34747000
vt -0.00000000 0.52120600
vt 0.86398300 0.13179900
vt -0.08755300 0.09750500
vt -0.08755300 0.21422700
vt -0.02019400 0.21422700
vt -0.08755300 0.56659700
vt -0.06919400 0.56659700
vt -0.02019400 0.56659700
vt -0.08755300 0.43820400
vt -0.06919400 0.43820400
vt -0.02019400 0.43820400
vt -0.08755300 0.33094800
vt -0.06919400 0.33094800
vt -0.02019400 0.33094800
vt -0.06919400 0.09750500
vt -0.02019400 0.09750500
vt -0.06919400 0.21422700
vt -0.03513500 0.25000000
vt 1.87939000 -2.96283800
vt -1.50943400 0.82442900
vt -0.00000000 0.00000000
vt -1.26081300 0.78059100
vt -1.87939000 -2.92770300
vt -2.92770300 0.25133800
vt -0.68954900 0.65984600
vt -2.84648800 0.82956900
vt -0.12225600 0.52171800
vt -2.76539800 1.40780100
vt -2.68450800 1.98603200
vt 0.53626500 1.66014800
vt 0.44052700 0.36633800
vt 0.59804400 0.28533000
vt 0.36261200 1.69515200
vt 0.21815600 1.71944900
vt 0.69723300 0.17746100
vt 0.10900400 1.73334300
vt 0.74636800 0.07864400
vt 0.77007600 -0.02844100
vt 0.00000000 1.74252600
vt -66.00200300 1.01275700
vt -0.07468300 1.98166700
vt 2.12774800 -2.59639700
vt 0.03745100 -29.95410300
vt 2.13032900 -2.57137200
vt -0.04978700 1.97808600
vt 2.13187900 -2.54626300
vt -0.02489300 1.97448800
vt 2.52111000 0.00000000
vt -0.00000000 1.97087900
vt 2.13239600 -2.52111000
vt 2.13239600 2.52111000
vt -2.52111000 0.00000000
vt -0.00000000 0.06155700
vt 2.13187900 2.54626300
vt -0.02489300 0.05794800
vt 2.13032900 2.57137200
vt -0.04978700 0.05435000
vt -0.07468300 0.05076900
vt 0.03745100 29.95410100
vt 2.12774800 2.59639700
vt 0.31520300 29.99256200
vt -0.14355900 2.01246900
vt 2.09332300 2.87444200
vt -0.10791900 2.01719600
vt 2.08260700 2.90885100
vt -0.07205400 2.02105300
vt 2.06049200 2.93736000
vt 2.02963100 2.95612100
vt -0.03605600 2.02352100
vt -0.10000000 0.25000000
vt 2.56385200 0.07854000
vt 1.87939000 3.52770300
vt 2.56385200 0.02618000
vt 1.86599200 3.57770300
vt 2.56385200 -0.02618000
vt 1.82939000 3.61430500
vt 2.56385200 -0.07854000
vt 4.62633000 1.85235700
vt 1.77939000 3.62770300
vt -3.62770300 1.82569200
vt 0.00000000 3.62770300
vt 4.93531800 0.10000000
vt 0.37028700 0.00000000
vt -0.00000000 2.65000000
vt -2.65000000 1.82569200
vt 6.80000000 -0.00000000
vt 0.00000000 -2.65000000
vt 2.65000000 1.82569200
vt 3.00038600 0.10000000
vt 3.62770300 1.82569200
vt 0.00000000 -3.62770300
vt 3.30937400 1.85235700
vt 1.77939000 -3.62770300
vt 1.34371900 -0.07854000
vt 1.82939000 -3.61430500
vt 1.34371900 -0.02618000
vt 1.86599200 -3.57770300
vt 1.34371900 0.02618000
vt 1.34371900 0.07854000
vt 1.87939000 -3.52770300
vt -0.60000000 0.25000000
vt 0.03731300 -27.97469500
vt -0.07468300 -0.00000000
vt -0.07618300 0.07846600
vt 0.03736100 -0.83035000
vt 0.03738300 -28.96433200
vt -0.07468300 0.99081600
vt 0.17697300 -28.98409900
vt -0.03151300 0.02284800
vt -0.03302500 0.00002800
vt -0.06604800 0.00001100
vt -0.06304300 0.02285900
vt -0.09455300 0.02287100
vt -0.09907400 0.00000200
vt -0.12608700 0.02288200
vt 0.33916200 2115.25991800
vt -0.13210300 0.00000000
vt 0.33666100 -0.85350500
vt -0.08141200 0.01145000
vt -0.06304300 0.01145000
vt -0.01836800 0.01145000
vt -0.04402400 0.69455700
vt -0.04750600 0.00000000
vt -0.09506900 0.00000000
vt -0.08810000 0.69455700
vt -0.13210300 0.69455700
vt -0.14255300 0.00000000
vt 0.31814400 -0.07909700
vt 0.32228900 -0.08139200
vt -0.13210300 0.52091800
vt 0.32722600 -0.27515300
vt -0.13210300 0.34727900
vt 0.33141800 -0.46837100
vt -0.13210300 0.17363900
vt 0.33461400 -0.66110000
vt -0.02020100 0.09524500
vt -0.06919700 0.09524500
vt -0.08756100 0.09524500
vt -0.02020100 0.33074100
vt -0.06919700 0.33074100
vt -0.08756100 0.33074100
vt -0.02020100 0.43551100
vt -0.06919700 0.43551100
vt -0.08756100 0.43551100
vt -0.02020100 0.56503400
vt -0.06919700 0.56503400
vt -0.08756100 0.56503400
vt -0.04784100 -0.00000200
vt -0.04750600 0.07397500
vt -0.09574100 -0.00000100
vt -0.09507000 0.07397500
vt 0.31703500 -0.00000000
vt -0.14255300 0.07397500
vt -0.14355900 -0.00000000
vt 0.31663200 27.97469400
vt -0.14255300 0.04931300
vt 0.31717100 -0.02634700
vt -0.14255200 0.02465400
vt 0.31754100 -0.05271800
vt -0.09423900 0.03687400
vt -0.07467000 0.03687400
vt -0.04809800 0.03687400
vt -0.02152600 0.03687400
vt 0.31592200 28.98361200
vt -0.14355900 1.00620500
vt -0.09488700 0.50551700
vt -0.09488700 1.51766500
vt -0.07519700 1.51766500
vt -0.04842800 1.51766500
vt -0.02165900 1.51766500
vt -0.07519700 0.50551700
vt -0.04842800 0.50551700
vt -0.02165900 0.50551700
vt -0.02165900 1.01122300
vt -0.04842800 1.01012100
vt -0.07519700 1.00901900
vt -0.09488700 1.00820800
vt -2.38407600 0.97597400
vt -0.00000000 1.04703000
vt -0.00000000 2.03243600
vt -2.24746600 1.95194400
vt -0.00000000 -0.00001100
vt -0.02489400 2.03243600
vt -0.02539400 -0.00000700
vt -0.04978800 2.03243600
vt -0.05078800 -0.00000400
vt -0.07618300 -0.00000000
vt 0.03736100 -0.00000000
vt -0.07468300 2.03243600
vt 0.03731300 27.97469400
vt -0.07468300 1.04162000
vt 0.03738300 28.96433100
vt -0.03728700 1.04432900
vt -2.23436300 2.02641200
vt -0.00000000 0.00000000
vt -0.00000000 0.07846700
vt -0.03400900 0.00000000
vt -0.02539400 0.07846700
vt -0.06801900 0.00000000
vt -0.05078800 0.07846700
vt -0.10202800 0.00000000
vt 0.04113800 -0.08139200
vt -0.07618300 0.07846700
vt 0.04060900 -0.07909700
vt -0.03803300 0.03923400
vt 0.03790500 -0.85349200
vt -0.07851900 0.00002100
vt 0.03818700 2115.25991800
vt -0.10620500 0.73966300
vt -0.10620500 0.55474700
vt 0.04007300 -0.66179300
vt -0.10620500 0.36983200
vt 0.04280100 -0.48873300
vt -0.10620500 0.18491600
vt 0.04531500 -0.32805500
vt -0.10202800 0.05478900
vt 0.04754000 -0.17424600
vt -0.10620500 0.00000000
vt -0.06801800 0.05478900
vt -0.07080300 0.00000000
vt -0.03400900 0.05478900
vt -0.03540200 0.00000000
vt -0.83419900 6.62540100
vt -0.00000000 0.05478900
vt -2.22406100 2.04159200
vt -0.00000000 0.00000000
vt -0.66699900 6.59577600
vt -0.00000000 0.18475900
vt -0.00000000 0.36951700
vt -0.48519900 6.56805700
vt -0.28174400 6.54372100
vt -0.00000000 0.55427600
vt -0.04984700 6.52570900
vt -0.00000000 0.73903400
vt -0.00000000 0.00086000
vt -0.05292100 0.58970100
vt -0.05292100 0.52833100
vt -0.05292100 0.34087900
vt -0.05292100 0.15342600
vt -0.00000000 0.01073300
vt -0.03800100 6.52508800
vt -0.00000000 0.02044100
vt -0.02615000 6.52456500
vt -0.00000000 0.00000000
vt -0.00000000 0.03001100
vt -0.01429600 6.52414000
vt -0.02620400 0.03001100
vt -0.02515000 0.00000000
vt -0.05030000 0.00000000
vt -0.05240700 0.03001100
vt 0.03751600 2112.17545000
vt -0.07861100 0.03001100
vt -0.07545100 0.00000000
vt 0.03751600 2115.23678000
vt 0.03779400 2115.24449500
vt -0.07861100 0.02017900
vt -0.07861100 0.01018000
vt 0.03804800 2115.25221100
vt -0.03924100 0.01524200
vt -0.00000000 0.02739500
vt -2.23044800 2.03476000
vt -0.05088000 0.02089500
vt -0.07486000 0.35643100
vt 0.03735100 2111.81694500
vt -0.07545100 0.00823100
vt 0.03734700 2112.17338700
vt -0.07486000 0.00000000
vt -0.05030000 0.00823100
vt -0.04990700 0.00000000
vt -0.02515000 0.00823100
vt -0.02495300 0.00000000
vt -0.00000000 6.52385600
vt 71.19767900 0.35080800
vt -0.00000000 0.00823100
vt -0.00000000 0.00000000
vt -0.03737600 0.17872100
vt -0.03766900 0.00416700
vt 0.17697300 28.98303400
vt 0.17775200 -0.03938700
vt 0.18728200 -0.37095100
vt 0.18728200 -0.61745000
vt 0.18728200 -0.74906800
vt 0.18728200 -0.48583200
vt 0.18728200 -0.22617100
vt 0.18837800 2115.24835300
vt 0.18829000 2111.73996000
vt 66.87930300 0.35080800
vt -0.00000000 2.23322600
vt -0.00000000 0.99319000
vt -0.00000000 0.00000000
vt -0.02515000 0.00000000
vt -0.02495300 0.99319000
vt -0.04990700 0.99319000
vt -0.05030000 0.00000000
vt -0.07545100 0.00000000
vt -0.07486000 0.99319000
vt 0.03734700 1648.90364100
vt 0.03735100 1649.26009000
vt -0.07486000 0.63675900
vt -0.03737600 0.81447000
vt -0.00000000 0.00064100
vt -0.00000000 0.02912400
vt -0.04984700 2.23137400
vt -0.28174400 2.21336200
vt -0.00000000 0.18535100
vt -0.48519900 2.18902600
vt -0.00000000 0.37006100
vt -0.00000000 0.55477100
vt -0.66699900 2.16130700
vt -0.00000000 0.00000000
vt 2.22406100 2.04159200
vt -0.00000000 0.73948100
vt -0.83419900 2.13168100
vt -0.03540200 0.73948100
vt -0.03400900 0.00000000
vt -0.06801800 0.00000000
vt -0.07080300 0.73948100
vt -0.10202800 0.00000000
vt -0.10620500 0.73948100
vt 0.04756300 -0.68035400
vt 0.04540200 -0.52662100
vt -0.10620500 0.55461400
vt -0.10620500 0.36974700
vt 0.04276800 -0.36600100
vt 0.04000300 -0.19254200
vt -0.10620500 0.18487900
vt -0.10620500 0.00001200
vt 0.03790500 -0.00001400
vt -0.07851900 0.02996200
vt 0.03818700 1649.91309800
vt -0.05292100 0.45777900
vt -0.05292100 0.28566700
vt -0.05292100 0.11355500
vt -0.05292100 0.52765100
vt 0.03804800 1649.92079900
vt -0.07861100 0.01981200
vt 0.03779400 1649.92850800
vt -0.07861100 0.00982300
vt -0.07545100 0.00822300
vt 0.03751600 1649.93621700
vt -0.07861100 0.00000000
vt 0.03751600 1648.90157800
vt -0.05030000 0.00822300
vt -0.05240700 0.00000000
vt -0.02515000 0.00822300
vt -0.02620400 0.00000000
vt -0.00000000 0.00822300
vt -0.00000000 0.00000000
vt -0.01429600 2.23294200
vt -0.02615000 2.23251800
vt -0.00000000 0.00956100
vt -0.03800100 2.23199500
vt -0.00000000 0.01926000
vt -0.03924100 0.01465800
vt -0.03766900 0.00403900
vt -0.00000000 0.07846600
vt -0.00000000 -0.00001100
vt 2.24746400 1.95195500
vt -0.02539400 0.07846600
vt -0.02489400 -0.00000700
vt -0.05078900 0.07846600
vt -0.04978800 -0.00000400
vt 0.04113900 -0.77309500
vt -0.07618300 0.00000000
vt 0.04060900 -0.75125300
vt -0.10202800 0.05491500
vt -0.05078900 0.00000000
vt -0.06801800 0.05491500
vt -0.03400900 0.05491500
vt -0.02539400 0.00000000
vt -0.00000000 0.05491500
vt -0.00000000 0.00000000
vt 2.23436300 2.02641200
vt -0.03803300 0.03937100
vt -0.00000000 0.98540100
vt 2.38407500 0.97597900
vt -0.03728700 0.98810500
vt 2.23044800 2.03476000
vt -0.00000000 0.02745800
vt -0.05088000 0.03734500
vt 0.18829000 1649.33707700
vt 0.18837800 1649.92465500
vt 0.18728300 -0.66403000
vt 0.18728300 -0.53449200
vt 0.18728300 -0.14249200
vt 0.18728300 -0.28498300
vt 0.18728300 -0.40495500
vt 0.17775200 -0.79080800
vt -0.00000000 5.45132200
vt 70.11809400 0.33549200
vt -0.00000000 4.37854100
vt 69.03849100 0.33038500
vt -0.00000000 3.30576100
vt 67.95888900 0.33549200
vt 70.11808500 0.30309800
vt 69.03849100 0.30309800
vt 67.95889700 0.30309800
vt -0.83419900 6.49829600
vt -2.09836100 2.04858200
vt -0.83419900 6.37118800
vt -1.97264000 2.05516500
vt -0.83419300 6.24407900
vt -1.84689800 2.06134700
vt -0.09807200 0.00000000
vt -0.08283300 3.43330100
vt -0.70854300 6.21173300
vt -0.09807300 0.12106700
vt -0.58868800 6.16526400
vt -0.09807200 0.24212900
vt -0.47670200 6.10938300
vt -0.09807200 0.36144300
vt -0.00000100 0.19453400
vt -0.32837900 6.01922500
vt -0.09806800 0.52854600
vt 0.05784800 0.11148700
vt -0.02970000 1.54352000
vt -0.29215300 5.91877200
vt -0.29238100 4.37858600
vt -0.00060600 0.00004500
vt -0.02971800 -1.54342500
vt -0.29216900 2.83840600
vt 0.05766700 0.08235000
vt -0.00000100 0.00000200
vt -0.09807300 0.40048200
vt -0.32837900 2.73785800
vt -0.09807700 0.56758500
vt -0.47670200 2.64769900
vt -0.09807700 0.68690000
vt -0.58868800 2.59181900
vt -0.09807800 0.80796100
vt -0.70854300 2.54535000
vt -0.09807700 0.92902900
vt -0.83419300 2.51300400
vt 1.84689800 2.06134700
vt -0.08283300 -3.43326100
vt 1.97264000 2.05516500
vt -0.83419900 2.38589500
vt -0.83419900 2.25878700
vt 2.09836100 2.04858200
vt -0.28263300 3.53448200
vt -0.12830400 3.81504200
vt -0.28263300 4.93847200
vt -0.28263300 5.50078200
vt -0.12830400 5.50078200
vt -0.12830400 4.37856100
vt -0.28263300 4.37858500
vt -0.28263300 3.81504200
vt -0.12830400 3.25392200
vt -0.28263300 3.25392200
vt -0.12830400 3.53448200
vt -0.12830400 4.93847200
vt -0.08283300 -2.61126800
vt 1.96643600 1.24392200
vt -0.08283300 -1.78927700
vt -0.00000000 0.29908600
vt 2.05363200 0.42649900
vt -0.00000000 0.22431500
vt 2.05253800 0.33878100
vt -0.00000000 0.14954300
vt 2.02700300 0.25462300
vt -0.00000000 0.11215700
vt 2.00114700 0.21950800
vt 1.96639300 0.19286500
vt -0.00000000 0.07477200
vt 1.88201700 0.17270000
vt -0.00000000 0.00000000
vt 1.88201700 -0.02982500
vt -1.88201700 0.17270000
vt -1.88201700 -0.02982500
vt -0.00000000 0.30168400
vt -0.00000000 0.22626300
vt -1.96708300 0.19282500
vt -0.00000000 0.18855200
vt -2.00137300 0.21935800
vt -0.00000000 0.15084200
vt -2.02714500 0.25487900
vt -0.00000000 0.07542100
vt -2.05313900 0.33828400
vt -0.08283300 1.78929700
vt -0.00000000 0.00000000
vt -2.05363200 0.42649900
vt -1.96643600 1.24392200
vt -0.08283300 2.61129800
vt 0.05794900 0.11035400
vt -0.06022200 -1.52188600
vt 0.05794900 0.13805100
vt -0.09597800 -1.51043200
vt 0.05794900 0.16574800
vt -0.13306100 -1.50806500
vt 0.05800800 0.19344500
vt 0.34411500 0.04167400
vt -0.17017400 -1.51206600
vt 0.03866500 0.19344500
vt 0.34411500 0.01386400
vt 0.01934500 0.19344500
vt 0.34411500 -0.01394600
vt 0.34412600 -0.04175500
vt 0.00000700 0.43330500
vt -1.01071200 -0.48976100
vt 0.00000000 0.19343500
vt 0.00000000 0.14507700
vt -0.02069300 0.38907300
vt 0.00000000 0.12089800
vt -0.03266600 0.37421700
vt 0.00000000 0.09671800
vt -0.04558300 0.36590500
vt -0.05888300 0.36523800
vt 0.00000000 0.07253900
vt -0.07227600 0.37194900
vt 0.00000000 0.04836000
vt 0.02769700 0.08748900
vt 0.02769700 0.13811600
vt 0.02769700 0.15289900
vt -2.07022300 -1.83296200
vt -1.58284200 0.04175900
vt 0.00000000 0.11919300
vt -1.58284200 0.01392000
vt 0.01606400 0.11919300
vt -1.58284200 -0.01392000
vt 0.03211100 0.11919300
vt -0.69685800 -0.10099200
vt 0.83774700 0.05467100
vt 0.04817500 0.11919300
vt -1.58284200 -0.04175900
vt -0.94052000 0.00000000
vt -0.29819700 0.00000000
vt -1.78558700 -0.02474000
vt -2.16879700 -1.78558700
vt 0.00000000 -0.04258500
vt -1.78558700 -0.00824700
vt 0.01605900 -0.04258500
vt -1.78558700 0.00824700
vt 0.03211600 -0.04258500
vt 0.04817500 -0.04258500
vt 0.04284200 -1.78558700
vt -0.74784500 0.10099200
vt -1.78558700 0.02474000
vt 0.04817500 -0.00214400
vt -0.75564100 0.05049600
vt 0.04817500 0.03830300
vt -0.74933000 0.00000000
vt 0.04817500 0.07874100
vt -0.72931300 -0.05049600
vt -2.11122000 -1.83555100
vt 0.00002500 0.07872300
vt 0.00000800 0.03829900
vt -2.14251300 -1.82810200
vt 0.00003400 0.01806400
vt -2.15387400 -1.82073700
vt -2.16212000 -1.81108800
vt 0.00005400 -0.00214300
vt 0.00002600 -0.02235200
vt -2.16712100 -1.79930900
vt 0.02342600 -0.01800300
vt 0.02342600 0.03830100
vt 0.02342600 0.06311500
vt -2.16879700 1.78558700
vt 1.78558700 -0.02474000
vt 0.00000000 0.04258300
vt 1.78558700 -0.00824700
vt 0.01605900 0.04258300
vt 0.03211600 0.04258300
vt 1.78558700 0.00824700
vt 0.04817500 0.04258300
vt 0.04284200 1.78558700
vt 0.74784500 0.10099200
vt 1.78558700 0.02474000
vt -2.07022300 1.83296200
vt 1.58284200 0.04175900
vt 0.00000000 -0.11918800
vt 0.01606400 -0.11918800
vt 1.58284200 0.01392000
vt 1.58284200 -0.01392000
vt 0.03211100 -0.11918800
vt 0.69685800 -0.10099200
vt -0.83774700 0.05467100
vt 1.58284200 -0.04175900
vt 0.04817500 -0.11918800
vt 0.72931300 -0.05049600
vt 0.04817500 -0.07873700
vt 0.04817500 -0.03830100
vt 0.74933000 0.00000000
vt 0.04817500 0.00214400
vt 0.75564100 0.05049600
vt 0.00002600 0.02235100
vt -2.16712100 1.79930900
vt 0.00005400 0.00214300
vt -2.16212000 1.81108800
vt -2.15387400 1.82073700
vt 0.00003400 -0.01806300
vt -2.14251300 1.82810200
vt 0.00000800 -0.03829700
vt 0.00002500 -0.07871900
vt -2.11122000 1.83555100
vt 0.02342600 -0.05549600
vt 0.02342600 -0.00645600
vt -0.17018800 1.51198200
vt -0.34411500 0.04175900
vt 0.05805600 0.00000000
vt -0.34411500 0.01392000
vt 0.03869600 0.00000000
vt 0.01935900 0.00000000
vt -0.34411500 -0.01392000
vt -0.00000000 0.00000000
vt -0.34411500 -0.04175900
vt 1.01070200 -0.48975400
vt 0.00000700 0.49571100
vt 0.29820400 -0.00000000
vt 0.94052300 -0.00000000
vt -0.00000000 0.14590300
vt -0.07259700 0.55721600
vt -0.00000000 0.12158700
vt -0.05915100 0.56363400
vt -0.04563900 0.56304400
vt -0.00000000 0.09727200
vt -0.00000000 0.07295600
vt -0.03276200 0.55490600
vt -0.00000000 0.04864100
vt -0.02087000 0.53979500
vt 0.05805600 0.02780300
vt -0.13310600 1.50822000
vt -0.09578400 1.51065500
vt 0.05805600 0.05560700
vt 0.05805600 0.08341000
vt -0.06018200 1.52166000
vt 0.02772600 0.11158100
vt 0.02772600 0.13929000
vt 0.02772600 0.08404600
vt 0.00000000 0.55724500
vt -0.94476600 -0.39471000
vt -0.86471900 -0.31157200
vt 0.00000000 0.68117300
vt -0.77063000 -0.24448500
vt 0.00000000 0.80510100
vt 0.00000000 0.92902900
vt -0.00000000 -3.43326100
vt -0.66461900 -0.19918600
vt -0.03269000 0.92902900
vt -0.02762200 -3.43326100
vt -0.06538600 0.92902900
vt -0.05521100 -3.43326100
vt -0.01454600 0.56170200
vt -0.04903700 0.56170200
vt -0.06359000 0.56170200
vt -0.01454600 0.74536500
vt -0.04903700 0.74536500
vt -0.06359000 0.74536500
vt -0.00000000 -1.78927700
vt -0.05495900 0.29908600
vt 0.93262800 0.16766300
vt -0.84440400 -0.10099200
vt -0.02762100 -1.78927700
vt -0.03663300 0.29908600
vt -0.05521200 -1.78927700
vt -0.01832600 0.29908600
vt 0.13068100 0.00782400
vt -0.00000400 -2.61126900
vt -0.03906000 -2.61126800
vt -0.91460100 -0.05367200
vt -0.05495900 0.21363300
vt -0.94284100 -0.02586400
vt -0.05495500 0.17091300
vt -0.96189400 0.00480000
vt -0.05496000 0.12817900
vt -0.05495900 0.08546300
vt -0.96786700 0.03779500
vt -0.05496000 0.04272700
vt -0.95981400 0.07066700
vt -0.93892800 0.10099200
vt -0.05495900 0.00000000
vt 1.88201700 0.02982500
vt -0.12212400 -1.88201700
vt -0.03663800 0.00000000
vt 1.88201700 0.00994200
vt -0.01832200 -0.00000000
vt 1.88201700 -0.00994200
vt -0.02654500 0.16254400
vt -0.02654500 0.12818000
vt -0.02654500 0.03829800
vt -1.88201700 0.02982500
vt -0.12212400 1.88201700
vt -0.05499200 0.30168400
vt 0.93892800 0.10099200
vt -1.88201700 0.00994200
vt -0.03666000 0.30168400
vt -0.01833300 0.30168400
vt -1.88201700 -0.00994200
vt -1.25467800 -0.00000000
vt -0.62733900 -0.00000000
vt -0.00000000 -0.00000000
vt 0.62733900 -0.00000000
vt 1.25467800 -0.00000000
vt -0.05499200 0.26397300
vt 0.95764500 0.07429900
vt -0.05499200 0.22626300
vt 0.96755500 0.04578400
vt -0.05499200 0.18855200
vt 0.96598500 0.01694000
vt 0.95369700 -0.01105600
vt -0.05499200 0.15084200
vt -0.05499200 0.07542100
vt 0.90729500 -0.06015300
vt -0.93262800 0.16766300
vt -0.05499200 0.00000000
vt 0.00000000 1.78929700
vt 0.84440400 -0.10099200
vt -0.03665500 0.00000000
vt -0.02762100 1.78929700
vt -0.05521200 1.78929700
vt -0.01833700 0.00000000
vt -0.02657400 0.22485100
vt -0.02657400 0.14801800
vt 0.00000000 -0.00000000
vt 0.00000000 3.43330100
vt 0.66461900 -0.19918600
vt -0.03268800 -0.00000000
vt -0.02762200 3.43330100
vt -0.06538300 -0.00000000
vt -0.05521100 3.43330100
vt -0.00000400 2.61129900
vt -0.13068100 0.00782400
vt -0.03906000 2.61129800
vt 0.77063000 -0.24448500
vt 0.00000000 0.12392800
vt 0.86471900 -0.31157200
vt 0.00000000 0.24785600
vt 0.94476600 -0.39471000
vt 0.00000000 0.37178300
vt -0.06358600 0.07109600
vt -0.06358600 0.34725300
vt -0.01454600 0.26902400
vt -0.04903500 0.34725300
vt -0.01454600 0.34725300
vt -0.04903500 0.07109600
vt -0.01454600 0.07109600
vt -0.04903500 0.26902400
vt -0.06358600 0.26902400
vt 1.82431800 -0.06704200
vt 0.13260100 0.87392900
vt -1.04267800 -2.09579800
vt -1.03661400 -2.10664900
vt 1.82245700 -0.05475100
vt -1.03108800 -2.11777700
vt 1.82063200 -0.04246100
vt 0.34988900 0.06704200
vt -1.12307000 -1.95982100
vt 0.29049400 0.87867800
vt -1.14250700 -1.91910500
vt 0.35646900 0.02234700
vt 0.36241900 -0.02234700
vt -1.15442200 -1.87568000
vt -1.82063200 -0.04246100
vt -1.03108800 2.11777700
vt -1.82245700 -0.05475100
vt -1.03661400 2.10664900
vt -0.13260100 0.87392900
vt -1.82431800 -0.06704200
vt -1.04267800 2.09579800
vt -0.29049400 0.87867800
vt -1.12307000 1.95982100
vt -0.34988900 0.06704200
vt -0.35646900 0.02234700
vt -1.14250700 1.91910500
vt -0.36241900 -0.02234700
vt -1.15442200 1.87568000
vt 1.59371900 -0.07854000
vt 3.55557500 1.80894500
vt -1.77939000 -3.62770300
vt -1.82939000 -3.61430500
vt 1.59371900 -0.02618000
vt -1.86599200 -3.57770300
vt 1.59371900 0.02618000
vt 1.59371900 0.07854000
vt -0.60000000 0.00000000
vt -1.87939000 -3.52770300
vt -0.71457500 -2.65000000
vt 7.17028700 0.66030700
vt 0.00000000 0.66030700
vt 5.30000000 0.66030700
vt -0.71457500 2.65000000
vt -0.00000000 0.66030700
vt 2.31385200 -0.07854000
vt 4.38012800 1.80894500
vt -1.77939000 3.62770300
vt 2.31385200 -0.02618000
vt -1.82939000 3.61430500
vt 2.31385200 0.02618000
vt -1.86599200 3.57770300
vt -0.10000000 0.00000000
vt 2.31385200 0.07854000
vt -1.87939000 3.52770300
vt 0.10000000 0.11781000
vt -0.51213200 0.60000000
vt -0.46213200 0.08786800
vt 0.10000000 0.03927000
vt -0.52426400 0.04019200
vt 0.10000000 -0.03927000
vt -0.59661800 0.01022200
vt 0.67426400 0.80000000
vt 0.10000000 -0.11781000
vt -0.67426400 0.00000000
vt -2.55000000 0.40000000
vt -0.10000000 0.45000000
vt 0.00000000 0.60000000
vt 6.49602300 0.80000000
vt -0.10000000 -0.11781000
vt -4.62573600 -0.00000000
vt -0.10000000 -0.03927000
vt -4.70338200 0.01022200
vt -0.10000000 0.03927000
vt -4.77573600 0.04019200
vt -4.83786800 0.08786800
vt -0.12426400 0.60000000
vt -0.10000000 0.11781000
vt 2.55000000 0.40000000
vt -0.63639600 0.60000000
vt -5.20000000 0.45000000
vt 5.30000000 0.80000000
vt 0.00000000 0.00000000
vt -5.30000000 0.00000000
vt -0.80000000 -0.00000000
vt 5.30000000 -0.00000000
vt 2.65000000 0.32569200
vt 2.65000000 0.40000000
vt -5.30000000 0.45000000
vt -0.00000000 0.45000000
vt 2.20000000 0.32569200
vt 2.65000000 -0.40000000
vt -0.80000000 0.45000000
vt 1.87028700 0.80000000
vt -0.00000000 0.00000000
vt -0.80000000 -0.00000000
vt -2.65000000 0.32569200
vt -0.00000000 0.00000000
vt 1.87028700 0.00000000
vt -2.20000000 0.32569200
vt -0.00000000 0.45000000
vt -2.65000000 -0.40000000
vt -0.80000000 0.45000000
vt -0.00000000 0.45000000
vt -2.65000000 0.40000000
vt 0.00000000 3.05276500
vt -67.31738600 0.98985100
vt -68.63339300 0.98221200
vt 0.00000000 4.36345600
vt 0.00000000 5.67414700
vt -69.94940100 0.98985100
vt -67.31590000 0.87502200
vt -68.62979600 0.87502200
vt -69.94729000 0.87502200
vt 0.53626500 2.26098700
vt -2.08845400 2.02213400
vt -1.49194500 2.04920800
vt 0.53626500 2.86182600
vt -0.44758300 2.07486400
vt 0.53626400 3.91306000
vt 0.53626400 4.96429400
vt 0.59707700 2.07288600
vt 1.64134000 2.04327600
vt 0.53626500 6.01552900
vt 0.08250400 3.68442500
vt 0.35590500 3.68442500
vt 0.35590500 4.36062000
vt 0.35590500 3.00966600
vt 0.28090100 3.00966600
vt 0.08250400 3.00966600
vt 0.28090100 4.36121800
vt 0.08250400 4.36279800
vt 0.28090100 3.68442500
vt 0.35590500 5.71297300
vt 0.28090100 5.71297300
vt 0.08250400 5.71297300
vt -3.62770300 -0.99971700
vt 7.76072600 0.10000000
vt -0.10000000 -0.17453300
vt -3.62431900 -1.11600600
vt -0.10000000 -0.05817800
vt -0.10000000 0.05817800
vt -3.61418000 -1.23190200
vt 0.17497700 0.10000000
vt -0.10000000 0.17453300
vt -3.59731800 -1.34701300
vt 0.94160000 0.10000000
vt 0.10000000 0.17453300
vt -3.46419600 -2.10198900
vt 0.10000000 0.05817800
vt -3.44733500 -2.21710000
vt 0.10000000 -0.05817800
vt -3.43719500 -2.33299600
vt 0.10000000 -0.17453300
vt -3.43381100 -2.44928500
vt 0.17497700 0.10000000
vt -3.43381100 -5.22509700
vt 2.95078900 0.10000000
vt -0.10000000 -0.00000000
vt -3.38603300 -5.60066700
vt -0.10000000 0.37960900
vt -3.24574100 -5.95231100
vt -0.10000000 0.75921800
vt -0.10000000 1.13882700
vt -3.02187300 -6.25762900
vt -0.10000000 1.51843600
vt -2.72869000 -6.49716900
vt -0.10000000 1.89804600
vt -2.38487000 -6.65567200
vt -0.10000000 2.27765500
vt 0.00000000 0.10000000
vt -2.01231500 -6.72304100
vt 1.49099900 0.10000000
vt -0.52336000 -6.80107400
vt -0.10000000 -0.52359900
vt -0.10000000 -0.17453300
vt -0.17452400 -6.81325600
vt -0.10000000 0.17453300
vt 0.17452400 -6.81325600
vt -0.10000000 0.52359900
vt 0.52407800 0.10000000
vt 0.52336000 -6.80107400
vt 2.01507700 0.10000000
vt -0.10000000 -0.00000000
vt 2.01231500 -6.72304100
vt 2.38487000 -6.65567200
vt -0.10000000 0.37960900
vt 2.72869000 -6.49716900
vt -0.10000000 0.75921800
vt 3.02187300 -6.25762900
vt -0.10000000 1.13882700
vt 3.24574100 -5.95231100
vt -0.10000000 1.51843600
vt -0.10000000 1.89804600
vt 3.38603300 -5.60066700
vt 3.43381100 -5.22509700
vt -0.10000000 2.27765500
vt 0.00000000 0.10000000
vt 2.77581100 0.10000000
vt 3.43381100 -2.44928500
vt -0.10000000 -0.17453300
vt 3.43719500 -2.33299600
vt -0.10000000 -0.05817800
vt 3.44733500 -2.21710000
vt -0.10000000 0.05817800
vt 3.46419600 -2.10198900
vt -0.10000000 0.17453300
vt 0.17497700 0.10000000
vt 0.94160000 0.10000000
vt -0.10000000 -0.17453300
vt 3.59731800 -1.34701300
vt -0.10000000 -0.05817800
vt 3.61418000 -1.23190200
vt 3.62431900 -1.11600600
vt -0.10000000 0.05817800
vt 3.62770300 -0.99971700
vt -0.10000000 0.17453300
vt 0.17497700 0.10000000
vt 0.00000000 0.17453300
vt -3.46419600 1.79278800
vt 0.17497700 -0.00000000
vt 2.77581100 -0.00000000
vt -3.43381100 2.14008500
vt 0.00000000 -0.17453300
vt -3.43719500 2.02379500
vt 0.00000000 -0.05817800
vt -3.44733500 1.90789900
vt 0.00000000 0.05817800
vt 0.00000000 0.00000000
vt -0.00000000 2.27765500
vt -3.43381100 4.91589600
vt -0.00000000 2.05374800
vt -3.41713100 5.13897200
vt -3.36746100 5.35708600
vt -0.00000000 1.82984200
f 1/1/1 4/4/4 276/276/276
f 276/276/276 4/4/4 273/273/273
f 273/273/273 4/4/4 244/244/244
f 273/273/273 244/244/244 246/246/246
f 8/8/8 133/133/133 4/4/4
f 4/4/4 133/133/133 205/205/205
f 4/4/4 205/205/205 209/209/209
f 12/12/12 14/14/14 8/8/8
f 8/8/8 14/14/14 17/17/17
f 8/8/8 17/17/17 44/44/44
f 44/44/44 17/17/17 19/19/19
f 44/44/44 19/19/19 43/43/43
f 43/43/43 19/19/19 20/20/20
f 43/43/43 20/20/20 41/41/41
f 41/41/41 20/20/20 22/22/22
f 41/41/41 22/22/22 37/37/37
f 37/37/37 22/22/22 35/35/35
f 35/35/35 22/22/22 26/26/26
f 35/35/35 26/26/26 33/33/33
f 33/33/33 26/26/26 28/28/28
f 33/33/33 28/28/28 31/31/31
f 31/31/31 28/28/28 30/30/30
f 44/44/44 48/48/48 8/8/8
f 8/8/8 48/48/48 67/67/67
f 8/8/8 67/67/67 129/129/129
f 129/129/129 67/67/67 69/69/69
f 129/129/129 69/69/69 91/91/91
f 91/91/91 69/69/69 78/78/78
f 91/91/91 78/78/78 88/88/88
f 88/88/88 78/78/78 81/81/81
f 88/88/88 81/81/81 83/83/83
f 67/67/67 48/48/48 59/59/59
f 59/59/59 48/48/48 51/51/51
f 59/59/59 51/51/51 57/57/57
f 57/57/57 51/51/51 55/55/55
f 55/55/55 51/51/51 53/53/53
f 63/63/63 65/65/65 59/59/59
f 59/59/59 65/65/65 67/67/67
f 69/69/69 72/72/72 78/78/78
f 78/78/78 72/72/72 75/75/75
f 83/83/83 85/85/85 88/88/88
f 91/91/91 93/93/93 129/129/129
f 129/129/129 93/93/93 121/121/121
f 129/129/129 121/121/121 122/122/122
f 93/93/93 94/94/94 121/121/121
f 121/121/121 94/94/94 119/119/119
f 119/119/119 94/94/94 96/96/96
f 119/119/119 96/96/96 117/117/117
f 117/117/117 96/96/96 99/99/99
f 117/117/117 99/99/99 113/113/113
f 113/113/113 99/99/99 112/112/112
f 112/112/112 99/99/99 102/102/102
f 112/112/112 102/102/102 109/109/109
f 109/109/109 102/102/102 103/103/103
f 109/109/109 103/103/103 107/107/107
f 107/107/107 103/103/103 106/106/106
f 122/122/122 127/127/127 129/129/129
f 129/129/129 133/133/133 8/8/8
f 134/134/134 138/138/138 133/133/133
f 133/133/133 138/138/138 140/140/140
f 133/133/133 140/140/140 168/168/168
f 168/168/168 140/140/140 143/143/143
f 168/168/168 143/143/143 167/167/167
f 167/167/167 143/143/143 144/144/144
f 167/167/167 144/144/144 164/164/164
f 164/164/164 144/144/144 146/146/146
f 164/164/164 146/146/146 162/162/162
f 162/162/162 146/146/146 159/159/159
f 159/159/159 146/146/146 150/150/150
f 159/159/159 150/150/150 158/158/158
f 158/158/158 150/150/150 152/152/152
f 158/158/158 152/152/152 155/155/155
f 155/155/155 152/152/152 153/153/153
f 168/168/168 172/172/172 133/133/133
f 133/133/133 172/172/172 189/189/189
f 133/133/133 189/189/189 190/190/190
f 189/189/189 172/172/172 186/186/186
f 186/186/186 172/172/172 173/173/173
f 186/186/186 173/173/173 182/182/182
f 182/182/182 173/173/173 181/181/181
f 181/181/181 173/173/173 178/178/178
f 178/178/178 173/173/173 177/177/177
f 190/190/190 192/192/192 133/133/133
f 133/133/133 192/192/192 194/194/194
f 133/133/133 194/194/194 205/205/205
f 205/205/205 194/194/194 199/199/199
f 205/205/205 199/199/199 203/203/203
f 203/203/203 199/199/199 200/200/200
f 211/211/211 216/216/216 209/209/209
f 209/209/209 216/216/216 217/217/217
f 209/209/209 217/217/217 4/4/4
f 4/4/4 217/217/217 220/220/220
f 4/4/4 220/220/220 223/223/223
f 211/211/211 213/213/213 216/216/216
f 223/223/223 226/226/226 4/4/4
f 4/4/4 226/226/226 242/242/242
f 4/4/4 242/242/242 244/244/244
f 226/226/226 229/229/229 242/242/242
f 242/242/242 229/229/229 238/238/238
f 238/238/238 229/229/229 230/230/230
f 238/238/238 230/230/230 232/232/232
f 232/232/232 235/235/235 238/238/238
f 238/238/238 235/235/235 237/237/237
f 273/273/273 246/246/246 270/270/270
f 270/270/270 246/246/246 249/249/249
f 270/270/270 249/249/249 268/268/268
f 268/268/268 249/249/249 250/250/250
f 268/268/268 250/250/250 265/265/265
f 265/265/265 250/250/250 264/264/264
f 264/264/264 250/250/250 254/254/254
f 264/264/264 254/254/254 262/262/262
f 262/262/262 254/254/254 255/255/255
f 262/262/262 255/255/255 260/260/260
f 260/260/260 255/255/255 257/257/257
f 135/135/135 132/132/132 284/284/284
f 284/284/284 132/132/132 282/282/282
f 282/282/282 132/132/132 278/278/278
f 131/131/131 130/130/130 277/277/277
f 277/277/277 130/130/130 286/286/286
f 277/277/277 286/286/286 302/302/302
f 302/302/302 286/286/286 290/290/290
f 302/302/302 290/290/290 296/296/296
f 296/296/296 290/290/290 293/293/293
f 293/293/293 290/290/290 291/291/291
f 296/296/296 300/300/300 302/302/302
f 125/125/125 305/305/305 128/128/128
f 128/128/128 305/305/305 306/306/306
f 128/128/128 306/306/306 287/287/287
f 126/126/126 124/124/124 304/304/304
f 304/304/304 124/124/124 310/310/310
f 309/309/309 123/123/123 324/324/324
f 324/324/324 123/123/123 120/120/120
f 324/324/324 120/120/120 323/323/323
f 323/323/323 120/120/120 118/118/118
f 323/323/323 118/118/118 322/322/322
f 322/322/322 118/118/118 116/116/116
f 322/322/322 116/116/116 115/115/115
f 314/314/314 317/317/317 115/115/115
f 115/115/115 317/317/317 322/322/322
f 317/317/317 318/318/318 322/322/322
f 322/322/322 318/318/318 323/323/323
f 318/318/318 321/321/321 323/323/323
f 323/323/323 321/321/321 324/324/324
f 321/321/321 309/309/309 324/324/324
f 114/114/114 111/111/111 315/315/315
f 315/315/315 111/111/111 343/343/343
f 315/315/315 343/343/343 345/345/345
f 343/343/343 111/111/111 340/340/340
f 340/340/340 111/111/111 110/110/110
f 340/340/340 110/110/110 338/338/338
f 338/338/338 110/110/110 108/108/108
f 338/338/338 108/108/108 336/336/336
f 336/336/336 108/108/108 105/105/105
f 336/336/336 105/105/105 104/104/104
f 336/336/336 104/104/104 335/335/335
f 335/335/335 104/104/104 101/101/101
f 335/335/335 101/101/101 332/332/332
f 332/332/332 101/101/101 325/325/325
f 332/332/332 325/325/325 328/328/328
f 101/101/101 98/98/98 325/325/325
f 97/97/97 360/360/360 100/100/100
f 100/100/100 360/360/360 357/357/357
f 100/100/100 357/357/357 326/326/326
f 97/97/97 95/95/95 360/360/360
f 360/360/360 95/95/95 359/359/359
f 360/360/360 359/359/359 355/355/355
f 355/355/355 359/359/359 353/353/353
f 353/353/353 359/359/359 358/358/358
f 353/353/353 358/358/358 351/351/351
f 351/351/351 358/358/358 89/89/89
f 89/89/89 358/358/358 92/92/92
f 92/92/92 358/358/358 359/359/359
f 92/92/92 359/359/359 95/95/95
f 355/355/355 357/357/357 360/360/360
f 363/363/363 349/349/349 87/87/87
f 87/87/87 349/349/349 90/90/90
f 368/368/368 370/370/370 80/80/80
f 80/80/80 370/370/370 82/82/82
f 82/82/82 370/370/370 372/372/372
f 82/82/82 372/372/372 84/84/84
f 84/84/84 372/372/372 373/373/373
f 84/84/84 373/373/373 86/86/86
f 86/86/86 373/373/373 364/364/364
f 77/77/77 382/382/382 79/79/79
f 79/79/79 382/382/382 383/383/383
f 79/79/79 383/383/383 365/365/365
f 377/377/377 379/379/379 77/77/77
f 77/77/77 379/379/379 382/382/382
f 376/376/376 76/76/76 392/392/392
f 392/392/392 76/76/76 74/74/74
f 392/392/392 74/74/74 389/389/389
f 389/389/389 74/74/74 73/73/73
f 389/389/389 73/73/73 386/386/386
f 386/386/386 73/73/73 71/71/71
f 70/70/70 68/68/68 387/387/387
f 387/387/387 68/68/68 393/393/393
f 66/66/66 64/64/64 396/396/396
f 396/396/396 64/64/64 403/403/403
f 403/403/403 64/64/64 62/62/62
f 403/403/403 62/62/62 401/401/401
f 401/401/401 62/62/62 60/60/60
f 401/401/401 60/60/60 398/398/398
f 58/58/58 411/411/411 61/61/61
f 61/61/61 411/411/411 413/413/413
f 61/61/61 413/413/413 397/397/397
f 407/407/407 409/409/409 58/58/58
f 58/58/58 409/409/409 411/411/411
f 56/56/56 54/54/54 405/405/405
f 405/405/405 54/54/54 420/420/420
f 420/420/420 54/54/54 52/52/52
f 420/420/420 52/52/52 415/415/415
f 415/415/415 52/52/52 49/49/49
f 416/416/416 50/50/50 423/423/423
f 423/423/423 50/50/50 46/46/46
f 424/424/424 47/47/47 436/436/436
f 436/436/436 47/47/47 45/45/45
f 436/436/436 45/45/45 435/435/435
f 435/435/435 45/45/45 42/42/42
f 435/435/435 42/42/42 434/434/434
f 434/434/434 42/42/42 40/40/40
f 434/434/434 40/40/40 429/429/429
f 429/429/429 40/40/40 425/425/425
f 425/425/425 40/40/40 39/39/39
f 429/429/429 431/431/431 434/434/434
f 434/434/434 431/431/431 435/435/435
f 431/431/431 433/433/433 435/435/435
f 435/435/435 433/433/433 436/436/436
f 433/433/433 424/424/424 436/436/436
f 38/38/38 36/36/36 426/426/426
f 426/426/426 36/36/36 455/455/455
f 426/426/426 455/455/455 457/457/457
f 455/455/455 36/36/36 453/453/453
f 453/453/453 36/36/36 34/34/34
f 453/453/453 34/34/34 451/451/451
f 451/451/451 34/34/34 32/32/32
f 451/451/451 32/32/32 448/448/448
f 448/448/448 32/32/32 29/29/29
f 448/448/448 29/29/29 27/27/27
f 448/448/448 27/27/27 447/447/447
f 447/447/447 27/27/27 25/25/25
f 447/447/447 25/25/25 445/445/445
f 445/445/445 25/25/25 439/439/439
f 445/445/445 439/439/439 441/441/441
f 25/25/25 23/23/23 439/439/439
f 24/24/24 21/21/21 438/438/438
f 438/438/438 21/21/21 472/472/472
f 438/438/438 472/472/472 469/469/469
f 469/469/469 472/472/472 467/467/467
f 467/467/467 472/472/472 471/471/471
f 467/467/467 471/471/471 464/464/464
f 464/464/464 471/471/471 470/470/470
f 464/464/464 470/470/470 461/461/461
f 461/461/461 470/470/470 15/15/15
f 15/15/15 470/470/470 16/16/16
f 16/16/16 470/470/470 471/471/471
f 16/16/16 471/471/471 18/18/18
f 18/18/18 471/471/471 472/472/472
f 18/18/18 472/472/472 21/21/21
f 10/10/10 7/7/7 481/481/481
f 481/481/481 7/7/7 477/477/477
f 477/477/477 7/7/7 475/475/475
f 2/2/2 275/275/275 488/488/488
f 488/488/488 275/275/275 484/484/484
f 11/11/11 480/480/480 13/13/13
f 13/13/13 480/480/480 462/462/462
f 9/9/9 5/5/5 473/473/473
f 473/473/473 5/5/5 489/489/489
f 473/473/473 489/489/489 504/504/504
f 504/504/504 489/489/489 492/492/492
f 504/504/504 492/492/492 499/499/499
f 499/499/499 492/492/492 497/497/497
f 497/497/497 492/492/492 494/494/494
f 499/499/499 502/502/502 504/504/504
f 507/507/507 510/510/510 535/535/535
f 535/535/535 510/510/510 536/536/536
f 535/535/535 536/536/536 533/533/533
f 533/533/533 536/536/536 531/531/531
f 531/531/531 536/536/536 525/525/525
f 531/531/531 525/525/525 527/527/527
f 510/510/510 512/512/512 536/536/536
f 536/536/536 512/512/512 518/518/518
f 536/536/536 518/518/518 523/523/523
f 523/523/523 518/518/518 521/521/521
f 512/512/512 513/513/513 518/518/518
f 523/523/523 525/525/525 536/536/536
f 516/516/516 511/511/511 537/537/537
f 537/537/537 511/511/511 509/509/509
f 537/537/537 509/509/509 551/551/551
f 551/551/551 509/509/509 508/508/508
f 551/551/551 508/508/508 544/544/544
f 544/544/544 508/508/508 540/540/540
f 544/544/544 546/546/546 551/551/551
f 551/551/551 546/546/546 549/549/549
f 551/551/551 549/549/549 537/537/537
f 556/556/556 554/554/554 557/557/557
f 557/557/557 554/554/554 548/548/548
f 557/557/557 548/548/548 547/547/547
f 547/547/547 545/545/545 557/557/557
f 557/557/557 545/545/545 556/556/556
f 545/545/545 542/542/542 556/556/556
f 561/561/561 580/580/580 560/560/560
f 560/560/560 580/580/580 581/581/581
f 560/560/560 581/581/581 582/582/582
f 582/582/582 581/581/581 568/568/568
f 582/582/582 568/568/568 583/583/583
f 583/583/583 568/568/568 584/584/584
f 583/583/583 584/584/584 560/560/560
f 560/560/560 584/584/584 585/585/585
f 560/560/560 585/585/585 576/576/576
f 576/576/576 585/585/585 586/586/586
f 576/576/576 586/586/586 587/587/587
f 587/587/587 586/586/586 571/571/571
f 587/587/587 571/571/571 588/588/588
f 588/588/588 571/571/571 574/574/574
f 588/588/588 574/574/574 576/576/576
f 561/561/561 564/564/564 580/580/580
f 580/580/580 564/564/564 568/568/568
f 580/580/580 568/568/568 581/581/581
f 568/568/568 571/571/571 584/584/584
f 584/584/584 571/571/571 585/585/585
f 576/576/576 579/579/579 560/560/560
f 583/583/583 560/560/560 582/582/582
f 571/571/571 586/586/586 585/585/585
f 588/588/588 576/576/576 587/587/587
f 577/577/577 575/575/575 591/591/591
f 591/591/591 575/575/575 593/593/593
f 591/591/591 593/593/593 522/522/522
f 522/522/522 593/593/593 524/524/524
f 524/524/524 593/593/593 526/526/526
f 526/526/526 593/593/593 589/589/589
f 589/589/589 593/593/593 573/573/573
f 589/589/589 573/573/573 570/570/570
f 575/575/575 573/573/573 593/593/593
f 522/522/522 519/519/519 591/591/591
f 596/596/596 599/599/599 623/623/623
f 623/623/623 599/599/599 601/601/601
f 623/623/623 601/601/601 624/624/624
f 624/624/624 601/601/601 604/604/604
f 624/624/624 604/604/604 605/605/605
f 605/605/605 608/608/608 624/624/624
f 624/624/624 608/608/608 615/615/615
f 624/624/624 615/615/615 617/617/617
f 608/608/608 609/609/609 615/615/615
f 615/615/615 609/609/609 612/612/612
f 620/620/620 623/623/623 617/617/617
f 617/617/617 623/623/623 624/624/624
f 621/621/621 618/618/618 627/627/627
f 627/627/627 618/618/618 629/629/629
f 627/627/627 629/629/629 562/562/562
f 562/562/562 629/629/629 563/563/563
f 563/563/563 629/629/629 625/625/625
f 563/563/563 625/625/625 566/566/566
f 618/618/618 616/616/616 629/629/629
f 629/629/629 616/616/616 625/625/625
f 616/616/616 611/611/611 625/625/625
f 562/562/562 559/559/559 627/627/627
f 633/633/633 650/650/650 631/631/631
f 631/631/631 650/650/650 598/598/598
f 631/631/631 598/598/598 595/595/595
f 633/633/633 635/635/635 650/650/650
f 650/650/650 635/635/635 637/637/637
f 650/650/650 637/637/637 643/643/643
f 643/643/643 637/637/637 640/640/640
f 643/643/643 645/645/645 650/650/650
f 650/650/650 645/645/645 602/602/602
f 650/650/650 602/602/602 600/600/600
f 645/645/645 647/647/647 602/602/602
f 600/600/600 598/598/598 650/650/650
f 642/642/642 641/641/641 656/656/656
f 656/656/656 641/641/641 651/651/651
f 656/656/656 651/651/651 655/655/655
f 649/649/649 644/644/644 655/655/655
f 655/655/655 644/644/644 656/656/656
f 644/644/644 642/642/642 656/656/656
f 543/543/543 506/506/506 660/660/660
f 660/660/660 506/506/506 661/661/661
f 660/660/660 661/661/661 657/657/657
f 657/657/657 661/661/661 530/530/530
f 657/657/657 530/530/530 529/529/529
f 506/506/506 534/534/534 661/661/661
f 661/661/661 534/534/534 532/532/532
f 661/661/661 532/532/532 530/530/530
f 680/680/680 552/552/552 681/681/681
f 681/681/681 552/552/552 555/555/555
f 681/681/681 555/555/555 682/682/682
f 682/682/682 555/555/555 541/541/541
f 682/682/682 541/541/541 659/659/659
f 682/682/682 659/659/659 683/683/683
f 683/683/683 659/659/659 658/658/658
f 683/683/683 658/658/658 684/684/684
f 684/684/684 658/658/658 528/528/528
f 684/684/684 528/528/528 590/590/590
f 569/569/569 662/662/662 590/590/590
f 590/590/590 662/662/662 684/684/684
f 662/662/662 665/665/665 684/684/684
f 684/684/684 665/665/665 669/669/669
f 684/684/684 669/669/669 683/683/683
f 683/683/683 669/669/669 671/671/671
f 683/683/683 671/671/671 682/682/682
f 682/682/682 671/671/671 681/681/681
f 665/665/665 666/666/666 669/669/669
f 671/671/671 676/676/676 681/681/681
f 681/681/681 676/676/676 677/677/677
f 681/681/681 677/677/677 680/680/680
f 572/572/572 567/567/567 663/663/663
f 663/663/663 567/567/567 685/685/685
f 663/663/663 685/685/685 710/710/710
f 710/710/710 685/685/685 688/688/688
f 710/710/710 688/688/688 707/707/707
f 707/707/707 688/688/688 691/691/691
f 707/707/707 691/691/691 693/693/693
f 693/693/693 695/695/695 707/707/707
f 707/707/707 695/695/695 703/703/703
f 703/703/703 695/695/695 701/701/701
f 701/701/701 695/695/695 280/280/280
f 280/280/280 695/695/695 698/698/698
f 280/280/280 698/698/698 283/283/283
f 711/711/711 717/717/717 710/710/710
f 710/710/710 717/717/717 719/719/719
f 710/710/710 719/719/719 667/667/667
f 711/711/711 714/714/714 717/717/717
f 717/717/717 714/714/714 308/308/308
f 717/717/717 308/308/308 312/312/312
f 312/312/312 308/308/308 303/303/303
f 667/667/667 664/664/664 710/710/710
f 710/710/710 664/664/664 663/663/663
f 720/720/720 724/724/724 748/748/748
f 748/748/748 724/724/724 750/750/750
f 748/748/748 750/750/750 746/746/746
f 746/746/746 750/750/750 744/744/744
f 744/744/744 750/750/750 739/739/739
f 744/744/744 739/739/739 741/741/741
f 724/724/724 726/726/726 750/750/750
f 750/750/750 726/726/726 731/731/731
f 750/750/750 731/731/731 737/737/737
f 737/737/737 731/731/731 735/735/735
f 726/726/726 730/730/730 731/731/731
f 737/737/737 739/739/739 750/750/750
f 729/729/729 725/725/725 751/751/751
f 751/751/751 725/725/725 723/723/723
f 751/751/751 723/723/723 765/765/765
f 765/765/765 723/723/723 721/721/721
f 765/765/765 721/721/721 759/759/759
f 759/759/759 721/721/721 757/757/757
f 759/759/759 760/760/760 765/765/765
f 765/765/765 760/760/760 763/763/763
f 765/765/765 763/763/763 751/751/751
f 769/769/769 768/768/768 771/771/771
f 771/771/771 768/768/768 762/762/762
f 771/771/771 762/762/762 761/761/761
f 761/761/761 758/758/758 771/771/771
f 771/771/771 758/758/758 769/769/769
f 758/758/758 755/755/755 769/769/769
f 776/776/776 794/794/794 774/774/774
f 774/774/774 794/794/794 795/795/795
f 774/774/774 795/795/795 796/796/796
f 796/796/796 795/795/795 782/782/782
f 796/796/796 782/782/782 797/797/797
f 797/797/797 782/782/782 798/798/798
f 797/797/797 798/798/798 774/774/774
f 774/774/774 798/798/798 799/799/799
f 774/774/774 799/799/799 790/790/790
f 790/790/790 799/799/799 800/800/800
f 790/790/790 800/800/800 801/801/801
f 801/801/801 800/800/800 785/785/785
f 801/801/801 785/785/785 802/802/802
f 802/802/802 785/785/785 787/787/787
f 802/802/802 787/787/787 790/790/790
f 776/776/776 778/778/778 794/794/794
f 794/794/794 778/778/778 782/782/782
f 794/794/794 782/782/782 795/795/795
f 782/782/782 785/785/785 798/798/798
f 798/798/798 785/785/785 799/799/799
f 790/790/790 793/793/793 774/774/774
f 797/797/797 774/774/774 796/796/796
f 785/785/785 800/800/800 799/799/799
f 802/802/802 790/790/790 801/801/801
f 792/792/792 789/789/789 806/806/806
f 806/806/806 789/789/789 807/807/807
f 806/806/806 807/807/807 736/736/736
f 736/736/736 807/807/807 738/738/738
f 738/738/738 807/807/807 743/743/743
f 743/743/743 807/807/807 803/803/803
f 803/803/803 807/807/807 788/788/788
f 803/803/803 788/788/788 783/783/783
f 789/789/789 788/788/788 807/807/807
f 736/736/736 734/734/734 806/806/806
f 810/810/810 813/813/813 836/836/836
f 836/836/836 813/813/813 815/815/815
f 836/836/836 815/815/815 838/838/838
f 838/838/838 815/815/815 818/818/818
f 838/838/838 818/818/818 819/819/819
f 819/819/819 821/821/821 838/838/838
f 838/838/838 821/821/821 830/830/830
f 838/838/838 830/830/830 832/832/832
f 821/821/821 824/824/824 830/830/830
f 830/830/830 824/824/824 828/828/828
f 835/835/835 836/836/836 832/832/832
f 832/832/832 836/836/836 838/838/838
f 833/833/833 831/831/831 842/842/842
f 842/842/842 831/831/831 843/843/843
f 842/842/842 843/843/843 775/775/775
f 775/775/775 843/843/843 777/777/777
f 777/777/777 843/843/843 840/840/840
f 777/777/777 840/840/840 779/779/779
f 831/831/831 829/829/829 843/843/843
f 843/843/843 829/829/829 840/840/840
f 829/829/829 825/825/825 840/840/840
f 775/775/775 772/772/772 842/842/842
f 848/848/848 864/864/864 844/844/844
f 844/844/844 864/864/864 812/812/812
f 844/844/844 812/812/812 811/811/811
f 848/848/848 849/849/849 864/864/864
f 864/864/864 849/849/849 852/852/852
f 864/864/864 852/852/852 857/857/857
f 857/857/857 852/852/852 855/855/855
f 857/857/857 859/859/859 864/864/864
f 864/864/864 859/859/859 817/817/817
f 864/864/864 817/817/817 814/814/814
f 859/859/859 860/860/860 817/817/817
f 814/814/814 812/812/812 864/864/864
f 856/856/856 853/853/853 870/870/870
f 870/870/870 853/853/853 867/867/867
f 870/870/870 867/867/867 869/869/869
f 863/863/863 858/858/858 869/869/869
f 869/869/869 858/858/858 870/870/870
f 858/858/858 856/856/856 870/870/870
f 754/754/754 722/722/722 873/873/873
f 873/873/873 722/722/722 875/875/875
f 873/873/873 875/875/875 872/872/872
f 872/872/872 875/875/875 745/745/745
f 872/872/872 745/745/745 742/742/742
f 722/722/722 749/749/749 875/875/875
f 875/875/875 749/749/749 747/747/747
f 875/875/875 747/747/747 745/745/745
f 894/894/894 766/766/766 895/895/895
f 895/895/895 766/766/766 770/770/770
f 895/895/895 770/770/770 896/896/896
f 896/896/896 770/770/770 756/756/756
f 896/896/896 756/756/756 874/874/874
f 896/896/896 874/874/874 897/897/897
f 897/897/897 874/874/874 871/871/871
f 897/897/897 871/871/871 898/898/898
f 898/898/898 871/871/871 740/740/740
f 898/898/898 740/740/740 804/804/804
f 786/786/786 877/877/877 804/804/804
f 804/804/804 877/877/877 898/898/898
f 877/877/877 879/879/879 898/898/898
f 898/898/898 879/879/879 884/884/884
f 898/898/898 884/884/884 897/897/897
f 897/897/897 884/884/884 886/886/886
f 897/897/897 886/886/886 896/896/896
f 896/896/896 886/886/886 895/895/895
f 879/879/879 882/882/882 884/884/884
f 886/886/886 887/887/887 895/895/895
f 895/895/895 887/887/887 892/892/892
f 895/895/895 892/892/892 894/894/894
f 784/784/784 781/781/781 876/876/876
f 876/876/876 781/781/781 899/899/899
f 876/876/876 899/899/899 878/878/878
f 878/878/878 899/899/899 918/918/918
f 878/878/878 918/918/918 880/880/880
f 880/880/880 918/918/918 931/931/931
f 931/931/931 918/918/918 930/930/930
f 930/930/930 918/918/918 922/922/922
f 930/930/930 922/922/922 923/923/923
f 918/918/918 899/899/899 916/916/916
f 916/916/916 899/899/899 902/902/902
f 916/916/916 902/902/902 904/904/904
f 904/904/904 906/906/906 916/916/916
f 916/916/916 906/906/906 908/908/908
f 916/916/916 908/908/908 914/914/914
f 914/914/914 908/908/908 912/912/912
f 912/912/912 908/908/908 476/476/476
f 476/476/476 908/908/908 460/460/460
f 476/476/476 460/460/460 479/479/479
f 923/923/923 925/925/925 930/930/930
f 930/930/930 925/925/925 485/485/485
f 485/485/485 925/925/925 486/486/486
f 934/934/934 937/937/937 962/962/962
f 962/962/962 937/937/937 963/963/963
f 962/962/962 963/963/963 960/960/960
f 960/960/960 963/963/963 958/958/958
f 958/958/958 963/963/963 951/951/951
f 958/958/958 951/951/951 956/956/956
f 937/937/937 938/938/938 963/963/963
f 963/963/963 938/938/938 945/945/945
f 963/963/963 945/945/945 950/950/950
f 950/950/950 945/945/945 948/948/948
f 938/938/938 941/941/941 945/945/945
f 950/950/950 951/951/951 963/963/963
f 942/942/942 939/939/939 966/966/966
f 966/966/966 939/939/939 936/936/936
f 966/966/966 936/936/936 978/978/978
f 978/978/978 936/936/936 935/935/935
f 978/978/978 935/935/935 972/972/972
f 972/972/972 935/935/935 967/967/967
f 972/972/972 974/974/974 978/978/978
f 978/978/978 974/974/974 976/976/976
f 978/978/978 976/976/976 966/966/966
f 982/982/982 981/981/981 984/984/984
f 984/984/984 981/981/981 975/975/975
f 984/984/984 975/975/975 973/973/973
f 973/973/973 971/971/971 984/984/984
f 984/984/984 971/971/971 982/982/982
f 971/971/971 970/970/970 982/982/982
f 1009/1009/1009 985/985/985 1013/1013/1013
f 1013/1013/1013 985/985/985 988/988/988
f 1013/1013/1013 988/988/988 1012/1012/1012
f 1012/1012/1012 988/988/988 991/991/991
f 1012/1012/1012 991/991/991 1011/1011/1011
f 1011/1011/1011 991/991/991 996/996/996
f 1011/1011/1011 996/996/996 1002/1002/1002
f 1002/1002/1002 996/996/996 998/998/998
f 991/991/991 995/995/995 996/996/996
f 1011/1011/1011 1002/1002/1002 1012/1012/1012
f 1012/1012/1012 1002/1002/1002 1004/1004/1004
f 1012/1012/1012 1004/1004/1004 1013/1013/1013
f 1013/1013/1013 1004/1004/1004 1007/1007/1007
f 1013/1013/1013 1007/1007/1007 1009/1009/1009
f 987/987/987 1015/1015/1015 989/989/989
f 989/989/989 1015/1015/1015 1027/1027/1027
f 989/989/989 1027/1027/1027 990/990/990
f 990/990/990 1027/1027/1027 1026/1026/1026
f 990/990/990 1026/1026/1026 992/992/992
f 1015/1015/1015 1017/1017/1017 1027/1027/1027
f 1027/1027/1027 1017/1017/1017 1018/1018/1018
f 1019/1019/1019 1024/1024/1024 1027/1027/1027
f 1027/1027/1027 1024/1024/1024 1026/1026/1026
f 1052/1052/1052 1028/1028/1028 1056/1056/1056
f 1056/1056/1056 1028/1028/1028 1032/1032/1032
f 1056/1056/1056 1032/1032/1032 1055/1055/1055
f 1055/1055/1055 1032/1032/1032 1035/1035/1035
f 1055/1055/1055 1035/1035/1035 1054/1054/1054
f 1054/1054/1054 1035/1035/1035 1039/1039/1039
f 1054/1054/1054 1039/1039/1039 1046/1046/1046
f 1046/1046/1046 1039/1039/1039 1043/1043/1043
f 1035/1035/1035 1038/1038/1038 1039/1039/1039
f 1046/1046/1046 1047/1047/1047 1054/1054/1054
f 1054/1054/1054 1047/1047/1047 1055/1055/1055
f 1055/1055/1055 1047/1047/1047 1056/1056/1056
f 1056/1056/1056 1047/1047/1047 1051/1051/1051
f 1056/1056/1056 1051/1051/1051 1052/1052/1052
f 1029/1029/1029 1057/1057/1057 1033/1033/1033
f 1033/1033/1033 1057/1057/1057 1070/1070/1070
f 1033/1033/1033 1070/1070/1070 1034/1034/1034
f 1034/1034/1034 1070/1070/1070 1069/1069/1069
f 1034/1034/1034 1069/1069/1069 1037/1037/1037
f 1057/1057/1057 1060/1060/1060 1070/1070/1070
f 1070/1070/1070 1060/1060/1060 1061/1061/1061
f 1062/1062/1062 1066/1066/1066 1070/1070/1070
f 1070/1070/1070 1066/1066/1066 1069/1069/1069
f 1102/1102/1102 1073/1073/1073 1105/1105/1105
f 1105/1105/1105 1073/1073/1073 1075/1075/1075
f 1105/1105/1105 1075/1075/1075 1108/1108/1108
f 1108/1108/1108 1075/1075/1075 1076/1076/1076
f 1108/1108/1108 1076/1076/1076 1111/1111/1111
f 1111/1111/1111 1076/1076/1076 1079/1079/1079
f 1111/1111/1111 1079/1079/1079 1083/1083/1083
f 1083/1083/1083 1079/1079/1079 1081/1081/1081
f 1111/1111/1111 1083/1083/1083 1112/1112/1112
f 1112/1112/1112 1083/1083/1083 1085/1085/1085
f 1112/1112/1112 1085/1085/1085 1113/1113/1113
f 1113/1113/1113 1085/1085/1085 1091/1091/1091
f 1113/1113/1113 1091/1091/1091 1093/1093/1093
f 1085/1085/1085 1087/1087/1087 1091/1091/1091
f 1113/1113/1113 1093/1093/1093 1110/1110/1110
f 1110/1110/1110 1093/1093/1093 1096/1096/1096
f 1110/1110/1110 1096/1096/1096 1107/1107/1107
f 1107/1107/1107 1096/1096/1096 1097/1097/1097
f 1107/1107/1107 1097/1097/1097 1101/1101/1101
f 1107/1107/1107 1101/1101/1101 1106/1106/1106
f 1106/1106/1106 1101/1101/1101 1102/1102/1102
f 1106/1106/1106 1102/1102/1102 1105/1105/1105
f 1110/1110/1110 1107/1107/1107 1106/1106/1106
f 1106/1106/1106 1105/1105/1105 1109/1109/1109
f 1109/1109/1109 1105/1105/1105 1108/1108/1108
f 1109/1109/1109 1108/1108/1108 1112/1112/1112
f 1112/1112/1112 1108/1108/1108 1111/1111/1111
f 1113/1113/1113 1110/1110/1110 1109/1109/1109
f 1109/1109/1109 1110/1110/1110 1106/1106/1106
f 1113/1113/1113 1109/1109/1109 1112/1112/1112
f 1082/1082/1082 1116/1116/1116 1084/1084/1084
f 1084/1084/1084 1116/1116/1116 1118/1118/1118
f 1084/1084/1084 1118/1118/1118 1121/1121/1121
f 1123/1123/1123 1090/1090/1090 1121/1121/1121
f 1121/1121/1121 1090/1090/1090 1086/1086/1086
f 1121/1121/1121 1086/1086/1086 1084/1084/1084
f 1148/1148/1148 1124/1124/1124 1154/1154/1154
f 1154/1154/1154 1124/1124/1124 1120/1120/1120
f 1154/1154/1154 1120/1120/1120 1153/1153/1153
f 1153/1153/1153 1120/1120/1120 1152/1152/1152
f 1153/1153/1153 1152/1152/1152 1161/1161/1161
f 1161/1161/1161 1152/1152/1152 1162/1162/1162
f 1161/1161/1161 1162/1162/1162 1158/1158/1158
f 1158/1158/1158 1162/1162/1162 1157/1157/1157
f 1158/1158/1158 1157/1157/1157 1137/1137/1137
f 1137/1137/1137 1157/1157/1157 1156/1156/1156
f 1137/1137/1137 1156/1156/1156 1136/1136/1136
f 1136/1136/1136 1156/1156/1156 1155/1155/1155
f 1136/1136/1136 1155/1155/1155 1132/1132/1132
f 1132/1132/1132 1155/1155/1155 1129/1129/1129
f 1129/1129/1129 1155/1155/1155 1164/1164/1164
f 1129/1129/1129 1164/1164/1164 1128/1128/1128
f 1128/1128/1128 1164/1164/1164 1150/1150/1150
f 1128/1128/1128 1150/1150/1150 1126/1126/1126
f 1126/1126/1126 1150/1150/1150 1117/1117/1117
f 1117/1117/1117 1150/1150/1150 1119/1119/1119
f 1119/1119/1119 1150/1150/1150 1151/1151/1151
f 1119/1119/1119 1151/1151/1151 1152/1152/1152
f 1152/1152/1152 1151/1151/1151 1162/1162/1162
f 1120/1120/1120 1119/1119/1119 1152/1152/1152
f 1137/1137/1137 1139/1139/1139 1158/1158/1158
f 1158/1158/1158 1139/1139/1139 1159/1159/1159
f 1158/1158/1158 1159/1159/1159 1161/1161/1161
f 1161/1161/1161 1159/1159/1159 1160/1160/1160
f 1161/1161/1161 1160/1160/1160 1153/1153/1153
f 1153/1153/1153 1160/1160/1160 1154/1154/1154
f 1139/1139/1139 1143/1143/1143 1159/1159/1159
f 1159/1159/1159 1143/1143/1143 1145/1145/1145
f 1159/1159/1159 1145/1145/1145 1160/1160/1160
f 1160/1160/1160 1145/1145/1145 1146/1146/1146
f 1160/1160/1160 1146/1146/1146 1154/1154/1154
f 1154/1154/1154 1146/1146/1146 1148/1148/1148
f 1151/1151/1151 1150/1150/1150 1163/1163/1163
f 1163/1163/1163 1150/1150/1150 1164/1164/1164
f 1163/1163/1163 1164/1164/1164 1156/1156/1156
f 1156/1156/1156 1164/1164/1164 1155/1155/1155
f 1156/1156/1156 1157/1157/1157 1163/1163/1163
f 1163/1163/1163 1157/1157/1157 1162/1162/1162
f 1163/1163/1163 1162/1162/1162 1151/1151/1151
f 1042/1042/1042 1040/1040/1040 1134/1134/1134
f 1134/1134/1134 1040/1040/1040 1135/1135/1135
f 1135/1135/1135 1040/1040/1040 1036/1036/1036
f 1135/1135/1135 1036/1036/1036 1138/1138/1138
f 1138/1138/1138 1036/1036/1036 1068/1068/1068
f 1138/1138/1138 1068/1068/1068 1140/1140/1140
f 1140/1140/1140 1068/1068/1068 1067/1067/1067
f 1140/1140/1140 1067/1067/1067 1142/1142/1142
f 1142/1142/1142 1067/1067/1067 1063/1063/1063
f 1168/1168/1168 1187/1187/1187 1166/1166/1166
f 1166/1166/1166 1187/1187/1187 1183/1183/1183
f 1166/1166/1166 1183/1183/1183 1185/1185/1185
f 1168/1168/1168 1171/1171/1171 1187/1187/1187
f 1187/1187/1187 1171/1171/1171 1179/1179/1179
f 1187/1187/1187 1179/1179/1179 1180/1180/1180
f 1171/1171/1171 1173/1173/1173 1179/1179/1179
f 1180/1180/1180 1183/1183/1183 1187/1187/1187
f 1100/1100/1100 1099/1099/1099 1200/1200/1200
f 1200/1200/1200 1099/1099/1099 1189/1189/1189
f 1200/1200/1200 1189/1189/1189 1203/1203/1203
f 1203/1203/1203 1189/1189/1189 1191/1191/1191
f 1203/1203/1203 1191/1191/1191 1192/1192/1192
f 1175/1175/1175 1170/1170/1170 1192/1192/1192
f 1192/1192/1192 1170/1170/1170 1206/1206/1206
f 1192/1192/1192 1206/1206/1206 1203/1203/1203
f 1203/1203/1203 1206/1206/1206 1207/1207/1207
f 1203/1203/1203 1207/1207/1207 1204/1204/1204
f 1204/1204/1204 1207/1207/1207 1208/1208/1208
f 1204/1204/1204 1208/1208/1208 1205/1205/1205
f 1205/1205/1205 1208/1208/1208 1195/1195/1195
f 1205/1205/1205 1195/1195/1195 1196/1196/1196
f 1206/1206/1206 1170/1170/1170 1207/1207/1207
f 1207/1207/1207 1170/1170/1170 1169/1169/1169
f 1207/1207/1207 1169/1169/1169 1208/1208/1208
f 1208/1208/1208 1169/1169/1169 1165/1165/1165
f 1208/1208/1208 1165/1165/1165 1195/1195/1195
f 1205/1205/1205 1196/1196/1196 1202/1202/1202
f 1202/1202/1202 1196/1196/1196 1198/1198/1198
f 1202/1202/1202 1198/1198/1198 1104/1104/1104
f 1104/1104/1104 1100/1100/1100 1202/1202/1202
f 1202/1202/1202 1100/1100/1100 1201/1201/1201
f 1202/1202/1202 1201/1201/1201 1205/1205/1205
f 1205/1205/1205 1201/1201/1201 1204/1204/1204
f 1201/1201/1201 1100/1100/1100 1200/1200/1200
f 1204/1204/1204 1201/1201/1201 1200/1200/1200
f 1203/1203/1203 1204/1204/1204 1200/1200/1200
f 1219/1219/1219 1064/1064/1064 1214/1214/1214
f 1214/1214/1214 1064/1064/1064 1059/1059/1059
f 1214/1214/1214 1059/1059/1059 1213/1213/1213
f 1213/1213/1213 1059/1059/1059 1058/1058/1058
f 1213/1213/1213 1058/1058/1058 1210/1210/1210
f 1210/1210/1210 1058/1058/1058 1030/1030/1030
f 1221/1221/1221 1224/1224/1224 1234/1234/1234
f 1234/1234/1234 1224/1224/1224 1236/1236/1236
f 1234/1234/1234 1236/1236/1236 1212/1212/1212
f 1212/1212/1212 1236/1236/1236 1235/1235/1235
f 1212/1212/1212 1235/1235/1235 1215/1215/1215
f 1215/1215/1215 1235/1235/1235 1217/1217/1217
f 1217/1217/1217 1235/1235/1235 1232/1232/1232
f 1232/1232/1232 1235/1235/1235 1227/1227/1227
f 1227/1227/1227 1235/1235/1235 1226/1226/1226
f 1226/1226/1226 1235/1235/1235 1236/1236/1236
f 1226/1226/1226 1236/1236/1236 1224/1224/1224
f 1212/1212/1212 1211/1211/1211 1234/1234/1234
f 1222/1222/1222 1238/1238/1238 1248/1248/1248
f 1248/1248/1248 1238/1238/1238 1240/1240/1240
f 1248/1248/1248 1240/1240/1240 1249/1249/1249
f 1249/1249/1249 1240/1240/1240 1242/1242/1242
f 1249/1249/1249 1242/1242/1242 1244/1244/1244
f 1230/1230/1230 1225/1225/1225 1244/1244/1244
f 1244/1244/1244 1225/1225/1225 1249/1249/1249
f 1225/1225/1225 1223/1223/1223 1249/1249/1249
f 1249/1249/1249 1223/1223/1223 1248/1248/1248
f 1223/1223/1223 1222/1222/1222 1248/1248/1248
f 1252/1252/1252 1254/1254/1254 1264/1264/1264
f 1264/1264/1264 1254/1254/1254 1265/1265/1265
f 1264/1264/1264 1265/1265/1265 1241/1241/1241
f 1241/1241/1241 1265/1265/1265 1243/1243/1243
f 1243/1243/1243 1265/1265/1265 1261/1261/1261
f 1243/1243/1243 1261/1261/1261 1246/1246/1246
f 1254/1254/1254 1256/1256/1256 1265/1265/1265
f 1265/1265/1265 1256/1256/1256 1261/1261/1261
f 1256/1256/1256 1260/1260/1260 1261/1261/1261
f 1241/1241/1241 1239/1239/1239 1264/1264/1264
f 1270/1270/1270 1277/1277/1277 1268/1268/1268
f 1268/1268/1268 1277/1277/1277 1278/1278/1278
f 1268/1268/1268 1278/1278/1278 1279/1279/1279
f 1279/1279/1279 1278/1278/1278 1259/1259/1259
f 1279/1279/1279 1259/1259/1259 1280/1280/1280
f 1280/1280/1280 1259/1259/1259 1255/1255/1255
f 1280/1280/1280 1255/1255/1255 1253/1253/1253
f 1270/1270/1270 1271/1271/1271 1277/1277/1277
f 1277/1277/1277 1271/1271/1271 1278/1278/1278
f 1274/1274/1274 1259/1259/1259 1271/1271/1271
f 1271/1271/1271 1259/1259/1259 1278/1278/1278
f 1250/1250/1250 1268/1268/1268 1253/1253/1253
f 1253/1253/1253 1268/1268/1268 1279/1279/1279
f 1253/1253/1253 1279/1279/1279 1280/1280/1280
f 1281/1281/1281 1285/1285/1285 1295/1295/1295
f 1295/1295/1295 1285/1285/1285 1296/1296/1296
f 1295/1295/1295 1296/1296/1296 1269/1269/1269
f 1269/1269/1269 1296/1296/1296 1272/1272/1272
f 1272/1272/1272 1296/1296/1296 1292/1292/1292
f 1272/1272/1272 1292/1292/1292 1273/1273/1273
f 1285/1285/1285 1286/1286/1286 1296/1296/1296
f 1296/1296/1296 1286/1286/1286 1292/1292/1292
f 1286/1286/1286 1290/1290/1290 1292/1292/1292
f 1269/1269/1269 1267/1267/1267 1295/1295/1295
f 1282/1282/1282 1299/1299/1299 1309/1309/1309
f 1309/1309/1309 1299/1299/1299 1300/1300/1300
f 1309/1309/1309 1300/1300/1300 1308/1308/1308
f 1308/1308/1308 1300/1300/1300 1302/1302/1302
f 1308/1308/1308 1302/1302/1302 1289/1289/1289
f 1289/1289/1289 1302/1302/1302 1304/1304/1304
f 1289/1289/1289 1287/1287/1287 1308/1308/1308
f 1308/1308/1308 1287/1287/1287 1284/1284/1284
f 1308/1308/1308 1284/1284/1284 1309/1309/1309
f 1309/1309/1309 1284/1284/1284 1282/1282/1282
f 1310/1310/1310 1313/1313/1313 1324/1324/1324
f 1324/1324/1324 1313/1313/1313 1326/1326/1326
f 1324/1324/1324 1326/1326/1326 1301/1301/1301
f 1301/1301/1301 1326/1326/1326 1325/1325/1325
f 1301/1301/1301 1325/1325/1325 1303/1303/1303
f 1303/1303/1303 1325/1325/1325 1306/1306/1306
f 1306/1306/1306 1325/1325/1325 1321/1321/1321
f 1321/1321/1321 1325/1325/1325 1317/1317/1317
f 1317/1317/1317 1325/1325/1325 1326/1326/1326
f 1317/1317/1317 1326/1326/1326 1315/1315/1315
f 1315/1315/1315 1326/1326/1326 1313/1313/1313
f 1301/1301/1301 1297/1297/1297 1324/1324/1324
f 994/994/994 1025/1025/1025 1311/1311/1311
f 1311/1311/1311 1025/1025/1025 1314/1314/1314
f 1314/1314/1314 1025/1025/1025 1023/1023/1023
f 1314/1314/1314 1023/1023/1023 1316/1316/1316
f 1316/1316/1316 1023/1023/1023 1022/1022/1022
f 1316/1316/1316 1022/1022/1022 1320/1320/1320
f 1357/1357/1357 1328/1328/1328 1358/1358/1358
f 1358/1358/1358 1328/1328/1328 1331/1331/1331
f 1358/1358/1358 1331/1331/1331 1333/1333/1333
f 1358/1358/1358 1333/1333/1333 1361/1361/1361
f 1361/1361/1361 1333/1333/1333 1335/1335/1335
f 1361/1361/1361 1335/1335/1335 1364/1364/1364
f 1364/1364/1364 1335/1335/1335 1338/1338/1338
f 1364/1364/1364 1338/1338/1338 1339/1339/1339
f 1364/1364/1364 1339/1339/1339 1365/1365/1365
f 1365/1365/1365 1339/1339/1339 1342/1342/1342
f 1365/1365/1365 1342/1342/1342 1366/1366/1366
f 1366/1366/1366 1342/1342/1342 1348/1348/1348
f 1366/1366/1366 1348/1348/1348 1350/1350/1350
f 1342/1342/1342 1344/1344/1344 1348/1348/1348
f 1366/1366/1366 1350/1350/1350 1363/1363/1363
f 1363/1363/1363 1350/1350/1350 1352/1352/1352
f 1363/1363/1363 1352/1352/1352 1360/1360/1360
f 1360/1360/1360 1352/1352/1352 1354/1354/1354
f 1360/1360/1360 1354/1354/1354 1357/1357/1357
f 1360/1360/1360 1357/1357/1357 1359/1359/1359
f 1359/1359/1359 1357/1357/1357 1358/1358/1358
f 1359/1359/1359 1358/1358/1358 1362/1362/1362
f 1362/1362/1362 1358/1358/1358 1361/1361/1361
f 1362/1362/1362 1361/1361/1361 1365/1365/1365
f 1365/1365/1365 1361/1361/1361 1364/1364/1364
f 1363/1363/1363 1360/1360/1360 1359/1359/1359
f 1363/1363/1363 1359/1359/1359 1362/1362/1362
f 1366/1366/1366 1363/1363/1363 1362/1362/1362
f 1366/1366/1366 1362/1362/1362 1365/1365/1365
f 1021/1021/1021 1016/1016/1016 1378/1378/1378
f 1378/1378/1378 1016/1016/1016 1375/1375/1375
f 1375/1375/1375 1016/1016/1016 1014/1014/1014
f 1375/1375/1375 1014/1014/1014 1373/1373/1373
f 1373/1373/1373 1014/1014/1014 986/986/986
f 1373/1373/1373 986/986/986 1372/1372/1372
f 1372/1372/1372 986/986/986 1010/1010/1010
f 1372/1372/1372 1010/1010/1010 1367/1367/1367
f 1367/1367/1367 1010/1010/1010 1008/1008/1008
f 1377/1377/1377 1376/1376/1376 1402/1402/1402
f 1402/1402/1402 1376/1376/1376 1407/1407/1407
f 1402/1402/1402 1407/1407/1407 1399/1399/1399
f 1399/1399/1399 1407/1407/1407 1413/1413/1413
f 1399/1399/1399 1413/1413/1413 1398/1398/1398
f 1398/1398/1398 1413/1413/1413 1412/1412/1412
f 1398/1398/1398 1412/1412/1412 1396/1396/1396
f 1396/1396/1396 1412/1412/1412 1392/1392/1392
f 1392/1392/1392 1412/1412/1412 1411/1411/1411
f 1392/1392/1392 1411/1411/1411 1410/1410/1410
f 1410/1410/1410 1411/1411/1411 1415/1415/1415
f 1410/1410/1410 1415/1415/1415 1416/1416/1416
f 1416/1416/1416 1415/1415/1415 1404/1404/1404
f 1416/1416/1416 1404/1404/1404 1403/1403/1403
f 1403/1403/1403 1404/1404/1404 1371/1371/1371
f 1403/1403/1403 1371/1371/1371 1380/1380/1380
f 1380/1380/1380 1371/1371/1371 1370/1370/1370
f 1407/1407/1407 1376/1376/1376 1406/1406/1406
f 1406/1406/1406 1376/1376/1376 1374/1374/1374
f 1406/1406/1406 1374/1374/1374 1405/1405/1405
f 1405/1405/1405 1374/1374/1374 1371/1371/1371
f 1405/1405/1405 1371/1371/1371 1404/1404/1404
f 1380/1380/1380 1383/1383/1383 1403/1403/1403
f 1403/1403/1403 1383/1383/1383 1417/1417/1417
f 1403/1403/1403 1417/1417/1417 1416/1416/1416
f 1416/1416/1416 1417/1417/1417 1409/1409/1409
f 1416/1416/1416 1409/1409/1409 1410/1410/1410
f 1410/1410/1410 1409/1409/1409 1391/1391/1391
f 1410/1410/1410 1391/1391/1391 1392/1392/1392
f 1417/1417/1417 1383/1383/1383 1408/1408/1408
f 1408/1408/1408 1383/1383/1383 1385/1385/1385
f 1408/1408/1408 1385/1385/1385 1388/1388/1388
f 1388/1388/1388 1391/1391/1391 1408/1408/1408
f 1408/1408/1408 1391/1391/1391 1409/1409/1409
f 1408/1408/1408 1409/1409/1409 1417/1417/1417
f 1404/1404/1404 1415/1415/1415 1405/1405/1405
f 1405/1405/1405 1415/1415/1415 1414/1414/1414
f 1405/1405/1405 1414/1414/1414 1406/1406/1406
f 1406/1406/1406 1414/1414/1414 1413/1413/1413
f 1406/1406/1406 1413/1413/1413 1407/1407/1407
f 1414/1414/1414 1415/1415/1415 1411/1411/1411
f 1413/1413/1413 1414/1414/1414 1412/1412/1412
f 1412/1412/1412 1414/1414/1414 1411/1411/1411
f 1389/1389/1389 1419/1419/1419 1390/1390/1390
f 1390/1390/1390 1419/1419/1419 1422/1422/1422
f 1390/1390/1390 1422/1422/1422 1424/1424/1424
f 1428/1428/1428 1394/1394/1394 1424/1424/1424
f 1424/1424/1424 1394/1394/1394 1393/1393/1393
f 1424/1424/1424 1393/1393/1393 1390/1390/1390
f 1356/1356/1356 1353/1353/1353 1446/1446/1446
f 1446/1446/1446 1353/1353/1353 1429/1429/1429
f 1446/1446/1446 1429/1429/1429 1445/1445/1445
f 1445/1445/1445 1429/1429/1429 1431/1431/1431
f 1445/1445/1445 1431/1431/1431 1434/1434/1434
f 1445/1445/1445 1434/1434/1434 1444/1444/1444
f 1444/1444/1444 1434/1434/1434 1427/1427/1427
f 1444/1444/1444 1427/1427/1427 1423/1423/1423
f 1444/1444/1444 1423/1423/1423 1449/1449/1449
f 1449/1449/1449 1423/1423/1423 1421/1421/1421
f 1449/1449/1449 1421/1421/1421 1450/1450/1450
f 1450/1450/1450 1421/1421/1421 1420/1420/1420
f 1450/1450/1450 1420/1420/1420 1436/1436/1436
f 1450/1450/1450 1436/1436/1436 1451/1451/1451
f 1451/1451/1451 1436/1436/1436 1437/1437/1437
f 1451/1451/1451 1437/1437/1437 1448/1448/1448
f 1448/1448/1448 1437/1437/1437 1440/1440/1440
f 1448/1448/1448 1440/1440/1440 1329/1329/1329
f 1329/1329/1329 1440/1440/1440 1442/1442/1442
f 1448/1448/1448 1329/1329/1329 1447/1447/1447
f 1447/1447/1447 1329/1329/1329 1356/1356/1356
f 1447/1447/1447 1356/1356/1356 1446/1446/1446
f 1451/1451/1451 1448/1448/1448 1447/1447/1447
f 1447/1447/1447 1446/1446/1446 1452/1452/1452
f 1452/1452/1452 1446/1446/1446 1445/1445/1445
f 1452/1452/1452 1445/1445/1445 1449/1449/1449
f 1449/1449/1449 1445/1445/1445 1444/1444/1444
f 1449/1449/1449 1450/1450/1450 1452/1452/1452
f 1452/1452/1452 1450/1450/1450 1451/1451/1451
f 1452/1452/1452 1451/1451/1451 1447/1447/1447
f 1456/1456/1456 1464/1464/1464 1453/1453/1453
f 1453/1453/1453 1464/1464/1464 1340/1340/1340
f 1453/1453/1453 1340/1340/1340 1336/1336/1336
f 1456/1456/1456 1458/1458/1458 1464/1464/1464
f 1464/1464/1464 1458/1458/1458 1460/1460/1460
f 1464/1464/1464 1460/1460/1460 1346/1346/1346
f 1346/1346/1346 1341/1341/1341 1464/1464/1464
f 1464/1464/1464 1341/1341/1341 1340/1340/1340
f 1186/1186/1186 1182/1182/1182 1467/1467/1467
f 1467/1467/1467 1182/1182/1182 1469/1469/1469
f 1467/1467/1467 1469/1469/1469 949/949/949
f 949/949/949 1469/1469/1469 952/952/952
f 952/952/952 1469/1469/1469 953/953/953
f 953/953/953 1469/1469/1469 1466/1466/1466
f 1466/1466/1466 1469/1469/1469 1181/1181/1181
f 1466/1466/1466 1181/1181/1181 1177/1177/1177
f 1182/1182/1182 1181/1181/1181 1469/1469/1469
f 949/949/949 947/947/947 1467/1467/1467
f 1470/1470/1470 1474/1474/1474 1498/1498/1498
f 1498/1498/1498 1474/1474/1474 1476/1476/1476
f 1498/1498/1498 1476/1476/1476 1500/1500/1500
f 1500/1500/1500 1476/1476/1476 1479/1479/1479
f 1500/1500/1500 1479/1479/1479 1482/1482/1482
f 1482/1482/1482 1484/1484/1484 1500/1500/1500
f 1500/1500/1500 1484/1484/1484 1491/1491/1491
f 1500/1500/1500 1491/1491/1491 1493/1493/1493
f 1484/1484/1484 1485/1485/1485 1491/1491/1491
f 1491/1491/1491 1485/1485/1485 1487/1487/1487
f 1496/1496/1496 1498/1498/1498 1493/1493/1493
f 1493/1493/1493 1498/1498/1498 1500/1500/1500
f 1495/1495/1495 1494/1494/1494 1503/1503/1503
f 1503/1503/1503 1494/1494/1494 1505/1505/1505
f 1503/1503/1503 1505/1505/1505 1457/1457/1457
f 1457/1457/1457 1505/1505/1505 1459/1459/1459
f 1459/1459/1459 1505/1505/1505 1502/1502/1502
f 1459/1459/1459 1502/1502/1502 1462/1462/1462
f 1494/1494/1494 1492/1492/1492 1505/1505/1505
f 1505/1505/1505 1492/1492/1492 1502/1502/1502
f 1492/1492/1492 1490/1490/1490 1502/1502/1502
f 1457/1457/1457 1454/1454/1454 1503/1503/1503
f 1510/1510/1510 1526/1526/1526 1506/1506/1506
f 1506/1506/1506 1526/1526/1526 1475/1475/1475
f 1506/1506/1506 1475/1475/1475 1472/1472/1472
f 1510/1510/1510 1512/1512/1512 1526/1526/1526
f 1526/1526/1526 1512/1512/1512 1514/1514/1514
f 1526/1526/1526 1514/1514/1514 1519/1519/1519
f 1519/1519/1519 1514/1514/1514 1517/1517/1517
f 1519/1519/1519 1521/1521/1521 1526/1526/1526
f 1526/1526/1526 1521/1521/1521 1480/1480/1480
f 1526/1526/1526 1480/1480/1480 1477/1477/1477
f 1521/1521/1521 1525/1525/1525 1480/1480/1480
f 1477/1477/1477 1475/1475/1475 1526/1526/1526
f 1518/1518/1518 1515/1515/1515 1532/1532/1532
f 1532/1532/1532 1515/1515/1515 1529/1529/1529
f 1532/1532/1532 1529/1529/1529 1531/1531/1531
f 1523/1523/1523 1520/1520/1520 1531/1531/1531
f 1531/1531/1531 1520/1520/1520 1532/1532/1532
f 1520/1520/1520 1518/1518/1518 1532/1532/1532
f 517/517/517 1535/1535/1535 520/520/520
f 520/520/520 1535/1535/1535 1540/1540/1540
f 520/520/520 1540/1540/1540 1551/1551/1551
f 1551/1551/1551 1540/1540/1540 1548/1548/1548
f 1548/1548/1548 1540/1540/1540 1542/1542/1542
f 1548/1548/1548 1542/1542/1542 1544/1544/1544
f 514/514/514 1534/1534/1534 517/517/517
f 517/517/517 1534/1534/1534 1535/1535/1535
f 520/520/520 1551/1551/1551 592/592/592
f 592/592/592 1551/1551/1551 1553/1553/1553
f 592/592/592 1553/1553/1553 578/578/578
f 578/578/578 1553/1553/1553 1555/1555/1555
f 578/578/578 1555/1555/1555 1562/1562/1562
f 1562/1562/1562 1555/1555/1555 1560/1560/1560
f 1565/1565/1565 1071/1071/1071 1562/1562/1562
f 1562/1562/1562 1071/1071/1071 558/558/558
f 1562/1562/1562 558/558/558 578/578/578
f 1071/1071/1071 1103/1103/1103 558/558/558
f 558/558/558 1103/1103/1103 1199/1199/1199
f 558/558/558 1199/1199/1199 1184/1184/1184
f 1184/1184/1184 1199/1199/1199 1197/1197/1197
f 1184/1184/1184 1197/1197/1197 1194/1194/1194
f 1194/1194/1194 1167/1167/1167 1184/1184/1184
f 558/558/558 1184/1184/1184 628/628/628
f 628/628/628 1184/1184/1184 1468/1468/1468
f 628/628/628 1468/1468/1468 946/946/946
f 944/944/944 1572/1572/1572 946/946/946
f 946/946/946 1572/1572/1572 1573/1573/1573
f 946/946/946 1573/1573/1573 619/619/619
f 619/619/619 1573/1573/1573 622/622/622
f 622/622/622 1573/1573/1573 1577/1577/1577
f 622/622/622 1577/1577/1577 597/597/597
f 940/940/940 1568/1568/1568 944/944/944
f 944/944/944 1568/1568/1568 1572/1572/1572
f 619/619/619 628/628/628 946/946/946
f 968/968/968 933/933/933 1581/1581/1581
f 1581/1581/1581 933/933/933 1582/1582/1582
f 1581/1581/1581 1582/1582/1582 1578/1578/1578
f 1578/1578/1578 1582/1582/1582 957/957/957
f 1578/1578/1578 957/957/957 955/955/955
f 933/933/933 961/961/961 1582/1582/1582
f 1582/1582/1582 961/961/961 959/959/959
f 1582/1582/1582 959/959/959 957/957/957
f 1601/1601/1601 979/979/979 1602/1602/1602
f 1602/1602/1602 979/979/979 983/983/983
f 1602/1602/1602 983/983/983 1603/1603/1603
f 1603/1603/1603 983/983/983 969/969/969
f 1603/1603/1603 969/969/969 1580/1580/1580
f 1603/1603/1603 1580/1580/1580 1604/1604/1604
f 1604/1604/1604 1580/1580/1580 1579/1579/1579
f 1604/1604/1604 1579/1579/1579 1605/1605/1605
f 1605/1605/1605 1579/1579/1579 954/954/954
f 1605/1605/1605 954/954/954 1465/1465/1465
f 1176/1176/1176 1584/1584/1584 1465/1465/1465
f 1465/1465/1465 1584/1584/1584 1605/1605/1605
f 1584/1584/1584 1586/1586/1586 1605/1605/1605
f 1605/1605/1605 1586/1586/1586 1591/1591/1591
f 1605/1605/1605 1591/1591/1591 1604/1604/1604
f 1604/1604/1604 1591/1591/1591 1592/1592/1592
f 1604/1604/1604 1592/1592/1592 1603/1603/1603
f 1603/1603/1603 1592/1592/1592 1602/1602/1602
f 1586/1586/1586 1588/1588/1588 1591/1591/1591
f 1592/1592/1592 1596/1596/1596 1602/1602/1602
f 1602/1602/1602 1596/1596/1596 1598/1598/1598
f 1602/1602/1602 1598/1598/1598 1601/1601/1601
f 1178/1178/1178 1174/1174/1174 1583/1583/1583
f 1583/1583/1583 1174/1174/1174 1585/1585/1585
f 1585/1585/1585 1174/1174/1174 1589/1589/1589
f 1589/1589/1589 1174/1174/1174 1619/1619/1619
f 1619/1619/1619 1174/1174/1174 1616/1616/1616
f 1616/1616/1616 1174/1174/1174 1610/1610/1610
f 1616/1616/1616 1610/1610/1610 1612/1612/1612
f 1174/1174/1174 1608/1608/1608 1610/1610/1610
f 1172/1172/1172 1193/1193/1193 1606/1606/1606
f 1606/1606/1606 1193/1193/1193 1640/1640/1640
f 1640/1640/1640 1193/1193/1193 1190/1190/1190
f 1640/1640/1640 1190/1190/1190 1637/1637/1637
f 1637/1637/1637 1190/1190/1190 1188/1188/1188
f 1637/1637/1637 1188/1188/1188 1635/1635/1635
f 1635/1635/1635 1188/1188/1188 1098/1098/1098
f 1635/1635/1635 1098/1098/1098 1633/1633/1633
f 1633/1633/1633 1098/1098/1098 1095/1095/1095
f 1633/1633/1633 1095/1095/1095 1631/1631/1631
f 1631/1631/1631 1095/1095/1095 1094/1094/1094
f 1631/1631/1631 1094/1094/1094 1629/1629/1629
f 1629/1629/1629 1094/1094/1094 1092/1092/1092
f 1629/1629/1629 1092/1092/1092 1627/1627/1627
f 1627/1627/1627 1092/1092/1092 1089/1089/1089
f 1627/1627/1627 1089/1089/1089 1626/1626/1626
f 1626/1626/1626 1089/1089/1089 1622/1622/1622
f 1088/1088/1088 1122/1122/1122 1623/1623/1623
f 1623/1623/1623 1122/1122/1122 1642/1642/1642
f 1642/1642/1642 1122/1122/1122 1149/1149/1149
f 1642/1642/1642 1149/1149/1149 1147/1147/1147
f 1147/1147/1147 1144/1144/1144 1642/1642/1642
f 1642/1642/1642 1144/1144/1144 1141/1141/1141
f 1642/1642/1642 1141/1141/1141 1218/1218/1218
f 1218/1218/1218 1141/1141/1141 1065/1065/1065
f 1643/1643/1643 1216/1216/1216 1649/1649/1649
f 1649/1649/1649 1216/1216/1216 1231/1231/1231
f 1649/1649/1649 1231/1231/1231 1648/1648/1648
f 1648/1648/1648 1231/1231/1231 1228/1228/1228
f 1648/1648/1648 1228/1228/1228 1645/1645/1645
f 1229/1229/1229 1247/1247/1247 1646/1646/1646
f 1646/1646/1646 1247/1247/1247 1653/1653/1653
f 1646/1646/1646 1653/1653/1653 1655/1655/1655
f 1655/1655/1655 1658/1658/1658 1646/1646/1646
f 1652/1652/1652 1245/1245/1245 1665/1665/1665
f 1665/1665/1665 1245/1245/1245 1262/1262/1262
f 1665/1665/1665 1262/1262/1262 1663/1663/1663
f 1663/1663/1663 1262/1262/1262 1258/1258/1258
f 1663/1663/1663 1258/1258/1258 1661/1661/1661
f 1662/1662/1662 1257/1257/1257 1674/1674/1674
f 1674/1674/1674 1257/1257/1257 1276/1276/1276
f 1674/1674/1674 1276/1276/1276 1670/1670/1670
f 1670/1670/1670 1276/1276/1276 1669/1669/1669
f 1668/1668/1668 1275/1275/1275 1683/1683/1683
f 1683/1683/1683 1275/1275/1275 1293/1293/1293
f 1683/1683/1683 1293/1293/1293 1682/1682/1682
f 1682/1682/1682 1293/1293/1293 1291/1291/1291
f 1682/1682/1682 1291/1291/1291 1680/1680/1680
f 1305/1305/1305 1686/1686/1686 1288/1288/1288
f 1288/1288/1288 1686/1686/1686 1678/1678/1678
f 1678/1678/1678 1686/1686/1686 1692/1692/1692
f 1692/1692/1692 1686/1686/1686 1689/1689/1689
f 1687/1687/1687 1307/1307/1307 1700/1700/1700
f 1700/1700/1700 1307/1307/1307 1322/1322/1322
f 1700/1700/1700 1322/1322/1322 1697/1697/1697
f 1697/1697/1697 1322/1322/1322 1319/1319/1319
f 1697/1697/1697 1319/1319/1319 1695/1695/1695
f 1020/1020/1020 1379/1379/1379 1318/1318/1318
f 1318/1318/1318 1379/1379/1379 1694/1694/1694
f 1694/1694/1694 1379/1379/1379 1401/1401/1401
f 1694/1694/1694 1401/1401/1401 1400/1400/1400
f 1400/1400/1400 1397/1397/1397 1694/1694/1694
f 1694/1694/1694 1397/1397/1397 1395/1395/1395
f 1694/1694/1694 1395/1395/1395 1701/1701/1701
f 1701/1701/1701 1395/1395/1395 1425/1425/1425
f 1433/1433/1433 1720/1720/1720 1426/1426/1426
f 1426/1426/1426 1720/1720/1720 1721/1721/1721
f 1426/1426/1426 1721/1721/1721 1702/1702/1702
f 1720/1720/1720 1433/1433/1433 1718/1718/1718
f 1718/1718/1718 1433/1433/1433 1432/1432/1432
f 1718/1718/1718 1432/1432/1432 1716/1716/1716
f 1716/1716/1716 1432/1432/1432 1430/1430/1430
f 1716/1716/1716 1430/1430/1430 1713/1713/1713
f 1713/1713/1713 1430/1430/1430 1355/1355/1355
f 1713/1713/1713 1355/1355/1355 1711/1711/1711
f 1711/1711/1711 1355/1355/1355 1351/1351/1351
f 1711/1711/1711 1351/1351/1351 1709/1709/1709
f 1709/1709/1709 1351/1351/1351 1349/1349/1349
f 1709/1709/1709 1349/1349/1349 1707/1707/1707
f 1707/1707/1707 1349/1349/1349 1347/1347/1347
f 1707/1707/1707 1347/1347/1347 1704/1704/1704
f 1704/1704/1704 1347/1347/1347 1343/1343/1343
f 1463/1463/1463 1724/1724/1724 1345/1345/1345
f 1345/1345/1345 1724/1724/1724 1726/1726/1726
f 1345/1345/1345 1726/1726/1726 1728/1728/1728
f 1728/1728/1728 1731/1731/1731 1345/1345/1345
f 1345/1345/1345 1731/1731/1731 1734/1734/1734
f 1345/1345/1345 1734/1734/1734 1741/1741/1741
f 1741/1741/1741 1734/1734/1734 1738/1738/1738
f 1741/1741/1741 1705/1705/1705 1345/1345/1345
f 1763/1763/1763 1743/1743/1743 1760/1760/1760
f 1760/1760/1760 1743/1743/1743 1747/1747/1747
f 1760/1760/1760 1747/1747/1747 1748/1748/1748
f 1750/1750/1750 1754/1754/1754 1748/1748/1748
f 1748/1748/1748 1754/1754/1754 1757/1757/1757
f 1748/1748/1748 1757/1757/1757 1760/1760/1760
f 1131/1131/1131 1130/1130/1130 1775/1775/1775
f 1775/1775/1775 1130/1130/1130 1779/1779/1779
f 1775/1775/1775 1779/1779/1779 1782/1782/1782
f 1782/1782/1782 1779/1779/1779 1778/1778/1778
f 1782/1782/1782 1778/1778/1778 1781/1781/1781
f 1781/1781/1781 1778/1778/1778 1777/1777/1777
f 1781/1781/1781 1777/1777/1777 1780/1780/1780
f 1780/1780/1780 1777/1777/1777 1767/1767/1767
f 1780/1780/1780 1767/1767/1767 1770/1770/1770
f 1130/1130/1130 1127/1127/1127 1779/1779/1779
f 1779/1779/1779 1127/1127/1127 1778/1778/1778
f 1127/1127/1127 1125/1125/1125 1778/1778/1778
f 1778/1778/1778 1125/1125/1125 1777/1777/1777
f 1125/1125/1125 1114/1114/1114 1777/1777/1777
f 1777/1777/1777 1114/1114/1114 1766/1766/1766
f 1777/1777/1777 1766/1766/1766 1767/1767/1767
f 1780/1780/1780 1770/1770/1770 1783/1783/1783
f 1783/1783/1783 1770/1770/1770 1764/1764/1764
f 1783/1783/1783 1764/1764/1764 1759/1759/1759
f 1759/1759/1759 1758/1758/1758 1783/1783/1783
f 1783/1783/1783 1758/1758/1758 1784/1784/1784
f 1783/1783/1783 1784/1784/1784 1780/1780/1780
f 1780/1780/1780 1784/1784/1784 1781/1781/1781
f 1756/1756/1756 1772/1772/1772 1758/1758/1758
f 1758/1758/1758 1772/1772/1772 1785/1785/1785
f 1758/1758/1758 1785/1785/1785 1784/1784/1784
f 1784/1784/1784 1785/1785/1785 1781/1781/1781
f 1772/1772/1772 1774/1774/1774 1785/1785/1785
f 1785/1785/1785 1774/1774/1774 1782/1782/1782
f 1785/1785/1785 1782/1782/1782 1781/1781/1781
f 1774/1774/1774 1775/1775/1775 1782/1782/1782
f 1749/1749/1749 1814/1814/1814 1751/1751/1751
f 1751/1751/1751 1814/1814/1814 1806/1806/1806
f 1751/1751/1751 1806/1806/1806 1804/1804/1804
f 1804/1804/1804 1806/1806/1806 1812/1812/1812
f 1804/1804/1804 1812/1812/1812 1803/1803/1803
f 1803/1803/1803 1812/1812/1812 1801/1801/1801
f 1801/1801/1801 1812/1812/1812 1798/1798/1798
f 1798/1798/1798 1812/1812/1812 1811/1811/1811
f 1798/1798/1798 1811/1811/1811 1795/1795/1795
f 1795/1795/1795 1811/1811/1811 1810/1810/1810
f 1795/1795/1795 1810/1810/1810 1791/1791/1791
f 1791/1791/1791 1810/1810/1810 1789/1789/1789
f 1789/1789/1789 1810/1810/1810 1787/1787/1787
f 1787/1787/1787 1810/1810/1810 1807/1807/1807
f 1787/1787/1787 1807/1807/1807 1744/1744/1744
f 1744/1744/1744 1807/1807/1807 1808/1808/1808
f 1744/1744/1744 1808/1808/1808 1746/1746/1746
f 1746/1746/1746 1808/1808/1808 1809/1809/1809
f 1746/1746/1746 1809/1809/1809 1749/1749/1749
f 1749/1749/1749 1809/1809/1809 1813/1813/1813
f 1749/1749/1749 1813/1813/1813 1812/1812/1812
f 1812/1812/1812 1813/1813/1813 1811/1811/1811
f 1791/1791/1791 1793/1793/1793 1795/1795/1795
f 1813/1813/1813 1809/1809/1809 1808/1808/1808
f 1812/1812/1812 1806/1806/1806 1749/1749/1749
f 1749/1749/1749 1806/1806/1806 1814/1814/1814
f 1810/1810/1810 1811/1811/1811 1807/1807/1807
f 1807/1807/1807 1811/1811/1811 1813/1813/1813
f 1807/1807/1807 1813/1813/1813 1808/1808/1808
f 1819/1819/1819 1833/1833/1833 1816/1816/1816
f 1816/1816/1816 1833/1833/1833 1832/1832/1832
f 1816/1816/1816 1832/1832/1832 1823/1823/1823
f 1823/1823/1823 1832/1832/1832 1834/1834/1834
f 1823/1823/1823 1834/1834/1834 1794/1794/1794
f 1794/1794/1794 1834/1834/1834 1796/1796/1796
f 1796/1796/1796 1834/1834/1834 1835/1835/1835
f 1796/1796/1796 1835/1835/1835 1797/1797/1797
f 1797/1797/1797 1835/1835/1835 1799/1799/1799
f 1799/1799/1799 1835/1835/1835 1831/1831/1831
f 1799/1799/1799 1831/1831/1831 1820/1820/1820
f 1820/1820/1820 1831/1831/1831 1832/1832/1832
f 1820/1820/1820 1832/1832/1832 1833/1833/1833
f 1819/1819/1819 1820/1820/1820 1833/1833/1833
f 1826/1826/1826 1828/1828/1828 1823/1823/1823
f 1823/1823/1823 1828/1828/1828 1830/1830/1830
f 1823/1823/1823 1830/1830/1830 1816/1816/1816
f 1834/1834/1834 1832/1832/1832 1831/1831/1831
f 1835/1835/1835 1834/1834/1834 1831/1831/1831
f 1802/1802/1802 1800/1800/1800 1851/1851/1851
f 1851/1851/1851 1800/1800/1800 1821/1821/1821
f 1851/1851/1851 1821/1821/1821 1850/1850/1850
f 1850/1850/1850 1821/1821/1821 1818/1818/1818
f 1850/1850/1850 1818/1818/1818 1817/1817/1817
f 1817/1817/1817 1838/1838/1838 1850/1850/1850
f 1850/1850/1850 1838/1838/1838 1840/1840/1840
f 1850/1850/1850 1840/1840/1840 1851/1851/1851
f 1851/1851/1851 1840/1840/1840 1841/1841/1841
f 1851/1851/1851 1841/1841/1841 1852/1852/1852
f 1852/1852/1852 1841/1841/1841 1844/1844/1844
f 1852/1852/1852 1844/1844/1844 1848/1848/1848
f 1848/1848/1848 1752/1752/1752 1852/1852/1852
f 1852/1852/1852 1752/1752/1752 1851/1851/1851
f 1752/1752/1752 1805/1805/1805 1851/1851/1851
f 1851/1851/1851 1805/1805/1805 1802/1802/1802
f 1836/1836/1836 1815/1815/1815 1822/1822/1822
f 1822/1822/1822 1815/1815/1815 1829/1829/1829
f 1822/1822/1822 1829/1829/1829 1827/1827/1827
f 1827/1827/1827 1825/1825/1825 1822/1822/1822
f 1822/1822/1822 1855/1855/1855 1836/1836/1836
f 1836/1836/1836 1855/1855/1855 1856/1856/1856
f 1836/1836/1836 1856/1856/1856 1900/1900/1900
f 1900/1900/1900 1856/1856/1856 1859/1859/1859
f 1900/1900/1900 1859/1859/1859 1899/1899/1899
f 1899/1899/1899 1859/1859/1859 1861/1861/1861
f 1899/1899/1899 1861/1861/1861 1897/1897/1897
f 1897/1897/1897 1861/1861/1861 1864/1864/1864
f 1897/1897/1897 1864/1864/1864 1895/1895/1895
f 1895/1895/1895 1864/1864/1864 1892/1892/1892
f 1892/1892/1892 1864/1864/1864 1865/1865/1865
f 1892/1892/1892 1865/1865/1865 1890/1890/1890
f 1890/1890/1890 1865/1865/1865 1888/1888/1888
f 1888/1888/1888 1865/1865/1865 1885/1885/1885
f 1885/1885/1885 1865/1865/1865 1868/1868/1868
f 1885/1885/1885 1868/1868/1868 1882/1882/1882
f 1882/1882/1882 1868/1868/1868 1870/1870/1870
f 1882/1882/1882 1870/1870/1870 1875/1875/1875
f 1878/1878/1878 1881/1881/1881 1875/1875/1875
f 1875/1875/1875 1881/1881/1881 1882/1882/1882
f 1824/1824/1824 1792/1792/1792 1853/1853/1853
f 1853/1853/1853 1792/1792/1792 1790/1790/1790
f 1853/1853/1853 1790/1790/1790 1788/1788/1788
f 1853/1853/1853 1788/1788/1788 1903/1903/1903
f 1903/1903/1903 1788/1788/1788 1786/1786/1786
f 1903/1903/1903 1786/1786/1786 1745/1745/1745
f 1745/1745/1745 1762/1762/1762 1903/1903/1903
f 1903/1903/1903 1907/1907/1907 1853/1853/1853
f 1853/1853/1853 1907/1907/1907 1914/1914/1914
f 1853/1853/1853 1914/1914/1914 1953/1953/1953
f 1953/1953/1953 1914/1914/1914 1951/1951/1951
f 1951/1951/1951 1914/1914/1914 1915/1915/1915
f 1951/1951/1951 1915/1915/1915 1949/1949/1949
f 1949/1949/1949 1915/1915/1915 1946/1946/1946
f 1946/1946/1946 1915/1915/1915 1923/1923/1923
f 1946/1946/1946 1923/1923/1923 1925/1925/1925
f 1907/1907/1907 1911/1911/1911 1914/1914/1914
f 1915/1915/1915 1919/1919/1919 1923/1923/1923
f 1930/1930/1930 1933/1933/1933 1925/1925/1925
f 1925/1925/1925 1933/1933/1933 1935/1935/1935
f 1925/1925/1925 1935/1935/1935 1937/1937/1937
f 1925/1925/1925 1937/1937/1937 1946/1946/1946
f 1946/1946/1946 1937/1937/1937 1939/1939/1939
f 1946/1946/1946 1939/1939/1939 1941/1941/1941
f 1941/1941/1941 1943/1943/1943 1946/1946/1946
f 1981/1981/1981 1956/1956/1956 1983/1983/1983
f 1983/1983/1983 1956/1956/1956 1958/1958/1958
f 1983/1983/1983 1958/1958/1958 1985/1985/1985
f 1985/1985/1985 1958/1958/1958 1960/1960/1960
f 1985/1985/1985 1960/1960/1960 1962/1962/1962
f 1962/1962/1962 1966/1966/1966 1985/1985/1985
f 1985/1985/1985 1966/1966/1966 1986/1986/1986
f 1985/1985/1985 1986/1986/1986 1983/1983/1983
f 1983/1983/1983 1986/1986/1986 1984/1984/1984
f 1983/1983/1983 1984/1984/1984 1981/1981/1981
f 1981/1981/1981 1984/1984/1984 1971/1971/1971
f 1981/1981/1981 1971/1971/1971 1975/1975/1975
f 1966/1966/1966 1970/1970/1970 1986/1986/1986
f 1986/1986/1986 1970/1970/1970 1984/1984/1984
f 1970/1970/1970 1971/1971/1971 1984/1984/1984
f 1978/1978/1978 1979/1979/1979 1975/1975/1975
f 1975/1975/1975 1979/1979/1979 1981/1981/1981
f 1989/1989/1989 1050/1050/1050 1993/1993/1993
f 1993/1993/1993 1050/1050/1050 1048/1048/1048
f 1993/1993/1993 1048/1048/1048 1992/1992/1992
f 1992/1992/1992 1048/1048/1048 1045/1045/1045
f 1992/1992/1992 1045/1045/1045 1991/1991/1991
f 1991/1991/1991 1045/1045/1045 1987/1987/1987
f 1991/1991/1991 1987/1987/1987 1972/1972/1972
f 1972/1972/1972 1987/1987/1987 1973/1973/1973
f 1045/1045/1045 1044/1044/1044 1987/1987/1987
f 1991/1991/1991 1972/1972/1972 1992/1992/1992
f 1992/1992/1992 1972/1972/1972 1969/1969/1969
f 1992/1992/1992 1969/1969/1969 1993/1993/1993
f 1993/1993/1993 1969/1969/1969 1967/1967/1967
f 1993/1993/1993 1967/1967/1967 1989/1989/1989
f 1031/1031/1031 1053/1053/1053 1209/1209/1209
f 1209/1209/1209 1053/1053/1053 1312/1312/1312
f 1209/1209/1209 1312/1312/1312 1323/1323/1323
f 1312/1312/1312 1053/1053/1053 997/997/997
f 997/997/997 1053/1053/1053 1049/1049/1049
f 997/997/997 1049/1049/1049 1000/1000/1000
f 1000/1000/1000 1049/1049/1049 1990/1990/1990
f 1000/1000/1000 1990/1990/1990 1998/1998/1998
f 1998/1998/1998 1990/1990/1990 1994/1994/1994
f 1994/1994/1994 1990/1990/1990 1965/1965/1965
f 997/997/997 993/993/993 1312/1312/1312
f 1298/1298/1298 1220/1220/1220 1323/1323/1323
f 1323/1323/1323 1220/1220/1220 1233/1233/1233
f 1323/1323/1323 1233/1233/1233 1209/1209/1209
f 1220/1220/1220 1298/1298/1298 1237/1237/1237
f 1237/1237/1237 1298/1298/1298 1283/1283/1283
f 1237/1237/1237 1283/1283/1283 1263/1263/1263
f 1263/1263/1263 1283/1283/1283 1294/1294/1294
f 1263/1263/1263 1294/1294/1294 1266/1266/1266
f 1266/1266/1266 1251/1251/1251 1263/1263/1263
f 1963/1963/1963 2001/2001/2001 1968/1968/1968
f 1968/1968/1968 2001/2001/2001 2003/2003/2003
f 1968/1968/1968 2003/2003/2003 2005/2005/2005
f 2005/2005/2005 2008/2008/2008 1968/1968/1968
f 1968/1968/1968 2008/2008/2008 1996/1996/1996
f 1996/1996/1996 2008/2008/2008 2010/2010/2010
f 1996/1996/1996 2010/2010/2010 2012/2012/2012
f 2012/2012/2012 2014/2014/2014 1996/1996/1996
f 1996/1996/1996 2014/2014/2014 2017/2017/2017
f 1996/1996/1996 2017/2017/2017 2020/2020/2020
f 1005/1005/1005 1003/1003/1003 2029/2029/2029
f 2029/2029/2029 1003/1003/1003 2032/2032/2032
f 2029/2029/2029 2032/2032/2032 2024/2024/2024
f 2024/2024/2024 2032/2032/2032 2031/2031/2031
f 2024/2024/2024 2031/2031/2031 2021/2021/2021
f 2021/2021/2021 2031/2031/2031 2030/2030/2030
f 2021/2021/2021 2030/2030/2030 1995/1995/1995
f 1995/1995/1995 2030/2030/2030 1999/1999/1999
f 1999/1999/1999 2030/2030/2030 999/999/999
f 999/999/999 2030/2030/2030 1001/1001/1001
f 1001/1001/1001 2030/2030/2030 2031/2031/2031
f 1001/1001/1001 2031/2031/2031 1003/1003/1003
f 1003/1003/1003 2031/2031/2031 2032/2032/2032
f 2024/2024/2024 2025/2025/2025 2029/2029/2029
f 2036/2036/2036 2027/2027/2027 2033/2033/2033
f 2033/2033/2033 2027/2027/2027 2046/2046/2046
f 2033/2033/2033 2046/2046/2046 2043/2043/2043
f 2043/2043/2043 2046/2046/2046 2048/2048/2048
f 2043/2043/2043 2048/2048/2048 2019/2019/2019
f 2019/2019/2019 2048/2048/2048 1997/1997/1997
f 1997/1997/1997 2048/2048/2048 2047/2047/2047
f 1997/1997/1997 2047/2047/2047 2022/2022/2022
f 2022/2022/2022 2047/2047/2047 2023/2023/2023
f 2023/2023/2023 2047/2047/2047 2045/2045/2045
f 2023/2023/2023 2045/2045/2045 2027/2027/2027
f 2027/2027/2027 2045/2045/2045 2046/2046/2046
f 2036/2036/2036 2038/2038/2038 2027/2027/2027
f 2027/2027/2027 2038/2038/2038 2041/2041/2041
f 2048/2048/2048 2046/2046/2046 2045/2045/2045
f 2048/2048/2048 2045/2045/2045 2047/2047/2047
f 2066/2066/2066 1387/1387/1387 2072/2072/2072
f 2072/2072/2072 1387/1387/1387 1384/1384/1384
f 2072/2072/2072 1384/1384/1384 2071/2071/2071
f 2071/2071/2071 1384/1384/1384 1382/1382/1382
f 2071/2071/2071 1382/1382/1382 2068/2068/2068
f 2068/2068/2068 1382/1382/1382 1381/1381/1381
f 2068/2068/2068 1381/1381/1381 2049/2049/2049
f 2049/2049/2049 1381/1381/1381 1368/1368/1368
f 2068/2068/2068 2049/2049/2049 2069/2069/2069
f 2069/2069/2069 2049/2049/2049 2052/2052/2052
f 2069/2069/2069 2052/2052/2052 2070/2070/2070
f 2070/2070/2070 2052/2052/2052 2053/2053/2053
f 2070/2070/2070 2053/2053/2053 2058/2058/2058
f 2058/2058/2058 2053/2053/2053 2056/2056/2056
f 2070/2070/2070 2058/2058/2058 2075/2075/2075
f 2075/2075/2075 2058/2058/2058 2060/2060/2060
f 2075/2075/2075 2060/2060/2060 1928/1928/1928
f 2075/2075/2075 1928/1928/1928 2076/2076/2076
f 2076/2076/2076 1928/1928/1928 2063/2063/2063
f 2076/2076/2076 2063/2063/2063 2065/2065/2065
f 2076/2076/2076 2065/2065/2065 2074/2074/2074
f 2074/2074/2074 2065/2065/2065 2066/2066/2066
f 2074/2074/2074 2066/2066/2066 2072/2072/2072
f 2075/2075/2075 2076/2076/2076 2074/2074/2074
f 2068/2068/2068 2069/2069/2069 2071/2071/2071
f 2071/2071/2071 2069/2069/2069 2073/2073/2073
f 2071/2071/2071 2073/2073/2073 2072/2072/2072
f 2072/2072/2072 2073/2073/2073 2074/2074/2074
f 2075/2075/2075 2074/2074/2074 2073/2073/2073
f 2075/2075/2075 2073/2073/2073 2070/2070/2070
f 2070/2070/2070 2073/2073/2073 2069/2069/2069
f 2055/2055/2055 2078/2078/2078 2059/2059/2059
f 2059/2059/2059 2078/2078/2078 2081/2081/2081
f 2059/2059/2059 2081/2081/2081 2084/2084/2084
f 1932/1932/1932 1927/1927/1927 2084/2084/2084
f 2084/2084/2084 1927/1927/1927 2061/2061/2061
f 2084/2084/2084 2061/2061/2061 2059/2059/2059
f 2083/2083/2083 2096/2096/2096 1931/1931/1931
f 1931/1931/1931 2096/2096/2096 2093/2093/2093
f 1931/1931/1931 2093/2093/2093 1934/1934/1934
f 1934/1934/1934 2093/2093/2093 2101/2101/2101
f 1934/1934/1934 2101/2101/2101 1936/1936/1936
f 1936/1936/1936 2101/2101/2101 2098/2098/2098
f 1936/1936/1936 2098/2098/2098 1938/1938/1938
f 1938/1938/1938 2098/2098/2098 2090/2090/2090
f 1938/1938/1938 2090/2090/2090 1940/1940/1940
f 2096/2096/2096 2083/2083/2083 2094/2094/2094
f 2094/2094/2094 2083/2083/2083 2082/2082/2082
f 2094/2094/2094 2082/2082/2082 2095/2095/2095
f 2095/2095/2095 2082/2082/2082 2102/2102/2102
f 2095/2095/2095 2102/2102/2102 2101/2101/2101
f 2101/2101/2101 2102/2102/2102 2098/2098/2098
f 2080/2080/2080 2097/2097/2097 2082/2082/2082
f 2082/2082/2082 2097/2097/2097 2103/2103/2103
f 2082/2082/2082 2103/2103/2103 2102/2102/2102
f 2102/2102/2102 2103/2103/2103 2092/2092/2092
f 2102/2102/2102 2092/2092/2092 2099/2099/2099
f 2099/2099/2099 2092/2092/2092 2100/2100/2100
f 2099/2099/2099 2100/2100/2100 2088/2088/2088
f 2088/2088/2088 2100/2100/2100 2085/2085/2085
f 2085/2085/2085 2100/2100/2100 2092/2092/2092
f 2085/2085/2085 2092/2092/2092 2103/2103/2103
f 2097/2097/2097 2080/2080/2080 2103/2103/2103
f 2103/2103/2103 2080/2080/2080 2085/2085/2085
f 2088/2088/2088 2090/2090/2090 2099/2099/2099
f 2099/2099/2099 2090/2090/2090 2098/2098/2098
f 2099/2099/2099 2098/2098/2098 2102/2102/2102
f 2093/2093/2093 2096/2096/2096 2094/2094/2094
f 2094/2094/2094 2095/2095/2095 2093/2093/2093
f 2093/2093/2093 2095/2095/2095 2101/2101/2101
f 1944/1944/1944 1942/1942/1942 2104/2104/2104
f 2104/2104/2104 1942/1942/1942 2111/2111/2111
f 2104/2104/2104 2111/2111/2111 2114/2114/2114
f 2114/2114/2114 2111/2111/2111 2108/2108/2108
f 2114/2114/2114 2108/2108/2108 2110/2110/2110
f 2111/2111/2111 1942/1942/1942 2113/2113/2113
f 2113/2113/2113 1942/1942/1942 2091/2091/2091
f 2113/2113/2113 2091/2091/2091 2112/2112/2112
f 2112/2112/2112 2091/2091/2091 2089/2089/2089
f 2112/2112/2112 2089/2089/2089 2087/2087/2087
f 2112/2112/2112 2087/2087/2087 2115/2115/2115
f 2115/2115/2115 2087/2087/2087 2108/2108/2108
f 2115/2115/2115 2108/2108/2108 2111/2111/2111
f 2110/2110/2110 2104/2104/2104 2114/2114/2114
f 2111/2111/2111 2113/2113/2113 2112/2112/2112
f 2115/2115/2115 2111/2111/2111 2112/2112/2112
f 2129/2129/2129 2106/2106/2106 2133/2133/2133
f 2133/2133/2133 2106/2106/2106 2109/2109/2109
f 2133/2133/2133 2109/2109/2109 2107/2107/2107
f 2133/2133/2133 2107/2107/2107 2132/2132/2132
f 2132/2132/2132 2107/2107/2107 2086/2086/2086
f 2132/2132/2132 2086/2086/2086 2077/2077/2077
f 2132/2132/2132 2077/2077/2077 2131/2131/2131
f 2131/2131/2131 2077/2077/2077 2118/2118/2118
f 2131/2131/2131 2118/2118/2118 2124/2124/2124
f 2124/2124/2124 2118/2118/2118 2122/2122/2122
f 2131/2131/2131 2124/2124/2124 2132/2132/2132
f 2132/2132/2132 2124/2124/2124 2126/2126/2126
f 2132/2132/2132 2126/2126/2126 2133/2133/2133
f 2133/2133/2133 2126/2126/2126 2129/2129/2129
f 1369/1369/1369 1006/1006/1006 2050/2050/2050
f 2050/2050/2050 1006/1006/1006 2028/2028/2028
f 2050/2050/2050 2028/2028/2028 2051/2051/2051
f 2051/2051/2051 2028/2028/2028 2026/2026/2026
f 2051/2051/2051 2026/2026/2026 2054/2054/2054
f 2054/2054/2054 2026/2026/2026 2057/2057/2057
f 2057/2057/2057 2026/2026/2026 2040/2040/2040
f 2057/2057/2057 2040/2040/2040 2117/2117/2117
f 2117/2117/2117 2079/2079/2079 2057/2057/2057
f 2135/2135/2135 2138/2138/2138 2157/2157/2157
f 2157/2157/2157 2138/2138/2138 2159/2159/2159
f 2157/2157/2157 2159/2159/2159 2156/2156/2156
f 2156/2156/2156 2159/2159/2159 2153/2153/2153
f 2153/2153/2153 2159/2159/2159 2160/2160/2160
f 2153/2153/2153 2160/2160/2160 2151/2151/2151
f 2151/2151/2151 2160/2160/2160 2149/2149/2149
f 2149/2149/2149 2160/2160/2160 2145/2145/2145
f 2145/2145/2145 2160/2160/2160 2144/2144/2144
f 2144/2144/2144 2160/2160/2160 2142/2142/2142
f 2142/2142/2142 2160/2160/2160 2159/2159/2159
f 2142/2142/2142 2159/2159/2159 2138/2138/2138
f 2161/2161/2161 2166/2166/2166 2185/2185/2185
f 2185/2185/2185 2166/2166/2166 2186/2186/2186
f 2185/2185/2185 2186/2186/2186 2183/2183/2183
f 2183/2183/2183 2186/2186/2186 2187/2187/2187
f 2183/2183/2183 2187/2187/2187 2180/2180/2180
f 2180/2180/2180 2187/2187/2187 2179/2179/2179
f 2179/2179/2179 2187/2187/2187 2177/2177/2177
f 2177/2177/2177 2187/2187/2187 2171/2171/2171
f 2171/2171/2171 2187/2187/2187 2170/2170/2170
f 2170/2170/2170 2187/2187/2187 2167/2167/2167
f 2167/2167/2167 2187/2187/2187 2186/2186/2186
f 2167/2167/2167 2186/2186/2186 2166/2166/2166
f 2148/2148/2148 2163/2163/2163 2152/2152/2152
f 2152/2152/2152 2163/2163/2163 2192/2192/2192
f 2152/2152/2152 2192/2192/2192 2193/2193/2193
f 2193/2193/2193 2192/2192/2192 2200/2200/2200
f 2193/2193/2193 2200/2200/2200 2201/2201/2201
f 2201/2201/2201 2200/2200/2200 2136/2136/2136
f 2201/2201/2201 2136/2136/2136 2158/2158/2158
f 2184/2184/2184 2188/2188/2188 2163/2163/2163
f 2163/2163/2163 2188/2188/2188 2189/2189/2189
f 2163/2163/2163 2189/2189/2189 2190/2190/2190
f 2190/2190/2190 2189/2189/2189 2197/2197/2197
f 2190/2190/2190 2197/2197/2197 2198/2198/2198
f 2198/2198/2198 2197/2197/2197 2178/2178/2178
f 2198/2198/2198 2178/2178/2178 2136/2136/2136
f 2136/2136/2136 2178/2178/2178 2175/2175/2175
f 2184/2184/2184 2182/2182/2182 2188/2188/2188
f 2188/2188/2188 2182/2182/2182 2195/2195/2195
f 2188/2188/2188 2195/2195/2195 2196/2196/2196
f 2196/2196/2196 2195/2195/2195 2178/2178/2178
f 2196/2196/2196 2178/2178/2178 2197/2197/2197
f 2182/2182/2182 2181/2181/2181 2195/2195/2195
f 2195/2195/2195 2181/2181/2181 2178/2178/2178
f 2158/2158/2158 2155/2155/2155 2201/2201/2201
f 2201/2201/2201 2155/2155/2155 2154/2154/2154
f 2201/2201/2201 2154/2154/2154 2194/2194/2194
f 2194/2194/2194 2154/2154/2154 2152/2152/2152
f 2194/2194/2194 2152/2152/2152 2193/2193/2193
f 2197/2197/2197 2189/2189/2189 2196/2196/2196
f 2196/2196/2196 2189/2189/2189 2188/2188/2188
f 2192/2192/2192 2163/2163/2163 2191/2191/2191
f 2191/2191/2191 2163/2163/2163 2190/2190/2190
f 2191/2191/2191 2190/2190/2190 2198/2198/2198
f 2192/2192/2192 2191/2191/2191 2199/2199/2199
f 2199/2199/2199 2191/2191/2191 2198/2198/2198
f 2199/2199/2199 2198/2198/2198 2136/2136/2136
f 2201/2201/2201 2194/2194/2194 2193/2193/2193
f 2136/2136/2136 2200/2200/2200 2199/2199/2199
f 2199/2199/2199 2200/2200/2200 2192/2192/2192
f 2143/2143/2143 2204/2204/2204 2146/2146/2146
f 2146/2146/2146 2204/2204/2204 2206/2206/2206
f 2146/2146/2146 2206/2206/2206 2209/2209/2209
f 2141/2141/2141 2140/2140/2140 2143/2143/2143
f 2143/2143/2143 2140/2140/2140 2204/2204/2204
f 2139/2139/2139 2137/2137/2137 2202/2202/2202
f 2202/2202/2202 2137/2137/2137 2212/2212/2212
f 2134/2134/2134 2176/2176/2176 2213/2213/2213
f 2213/2213/2213 2176/2176/2176 2216/2216/2216
f 2174/2174/2174 2172/2172/2172 2215/2215/2215
f 2215/2215/2215 2172/2172/2172 2219/2219/2219
f 418/418/418 2220/2220/2220 419/419/419
f 419/419/419 2220/2220/2220 2259/2259/2259
f 419/419/419 2259/2259/2259 2257/2257/2257
f 2257/2257/2257 2259/2259/2259 2255/2255/2255
f 2255/2255/2255 2259/2259/2259 2260/2260/2260
f 2255/2255/2255 2260/2260/2260 2254/2254/2254
f 2254/2254/2254 2260/2260/2260 2261/2261/2261
f 2254/2254/2254 2261/2261/2261 2252/2252/2252
f 2252/2252/2252 2261/2261/2261 2262/2262/2262
f 2252/2252/2252 2262/2262/2262 2250/2250/2250
f 2250/2250/2250 2262/2262/2262 2263/2263/2263
f 2250/2250/2250 2263/2263/2263 2247/2247/2247
f 2247/2247/2247 2263/2263/2263 2264/2264/2264
f 2247/2247/2247 2264/2264/2264 2245/2245/2245
f 2245/2245/2245 2264/2264/2264 2265/2265/2265
f 2245/2245/2245 2265/2265/2265 2239/2239/2239
f 2239/2239/2239 2265/2265/2265 2237/2237/2237
f 2237/2237/2237 2265/2265/2265 2232/2232/2232
f 2237/2237/2237 2232/2232/2232 2234/2234/2234
f 2220/2220/2220 2223/2223/2223 2259/2259/2259
f 2259/2259/2259 2223/2223/2223 2260/2260/2260
f 2223/2223/2223 2225/2225/2225 2260/2260/2260
f 2260/2260/2260 2225/2225/2225 2261/2261/2261
f 2225/2225/2225 2226/2226/2226 2261/2261/2261
f 2261/2261/2261 2226/2226/2226 2262/2262/2262
f 2226/2226/2226 2229/2229/2229 2262/2262/2262
f 2262/2262/2262 2229/2229/2229 2263/2263/2263
f 2229/2229/2229 2231/2231/2231 2263/2263/2263
f 2263/2263/2263 2231/2231/2231 2264/2264/2264
f 2231/2231/2231 2232/2232/2232 2264/2264/2264
f 2264/2264/2264 2232/2232/2232 2265/2265/2265
f 2239/2239/2239 2244/2244/2244 2245/2245/2245
f 2257/2257/2257 408/408/408 419/419/419
f 2236/2236/2236 2267/2267/2267 2238/2238/2238
f 2238/2238/2238 2267/2267/2267 2271/2271/2271
f 2238/2238/2238 2271/2271/2271 2240/2240/2240
f 2240/2240/2240 2271/2271/2271 2273/2273/2273
f 2240/2240/2240 2273/2273/2273 2242/2242/2242
f 2242/2242/2242 2273/2273/2273 2276/2276/2276
f 2277/2277/2277 2281/2281/2281 2306/2306/2306
f 2306/2306/2306 2281/2281/2281 2307/2307/2307
f 2306/2306/2306 2307/2307/2307 2304/2304/2304
f 2304/2304/2304 2307/2307/2307 2302/2302/2302
f 2302/2302/2302 2307/2307/2307 2295/2295/2295
f 2302/2302/2302 2295/2295/2295 2297/2297/2297
f 2281/2281/2281 2283/2283/2283 2307/2307/2307
f 2307/2307/2307 2283/2283/2283 2289/2289/2289
f 2307/2307/2307 2289/2289/2289 2293/2293/2293
f 2293/2293/2293 2289/2289/2289 2290/2290/2290
f 2283/2283/2283 2287/2287/2287 2289/2289/2289
f 2293/2293/2293 2295/2295/2295 2307/2307/2307
f 2298/2298/2298 2296/2296/2296 2311/2311/2311
f 2311/2311/2311 2296/2296/2296 2312/2312/2312
f 2311/2311/2311 2312/2312/2312 2270/2270/2270
f 2270/2270/2270 2312/2312/2312 2272/2272/2272
f 2272/2272/2272 2312/2312/2312 2308/2308/2308
f 2272/2272/2272 2308/2308/2308 2274/2274/2274
f 2296/2296/2296 2294/2294/2294 2312/2312/2312
f 2312/2312/2312 2294/2294/2294 2308/2308/2308
f 2294/2294/2294 2291/2291/2291 2308/2308/2308
f 2270/2270/2270 2266/2266/2266 2311/2311/2311
f 2286/2286/2286 2282/2282/2282 2315/2315/2315
f 2315/2315/2315 2282/2282/2282 2280/2280/2280
f 2315/2315/2315 2280/2280/2280 2327/2327/2327
f 2327/2327/2327 2280/2280/2280 2278/2278/2278
f 2327/2327/2327 2278/2278/2278 2318/2318/2318
f 2318/2318/2318 2320/2320/2320 2327/2327/2327
f 2327/2327/2327 2320/2320/2320 2322/2322/2322
f 2327/2327/2327 2322/2322/2322 2315/2315/2315
f 2315/2315/2315 2322/2322/2322 2325/2325/2325
f 2331/2331/2331 2328/2328/2328 2333/2333/2333
f 2333/2333/2333 2328/2328/2328 2324/2324/2324
f 2333/2333/2333 2324/2324/2324 2323/2323/2323
f 2323/2323/2323 2321/2321/2321 2333/2333/2333
f 2333/2333/2333 2321/2321/2321 2331/2331/2331
f 2321/2321/2321 2316/2316/2316 2331/2331/2331
f 732/732/732 2337/2337/2337 733/733/733
f 733/733/733 2337/2337/2337 2340/2340/2340
f 733/733/733 2340/2340/2340 1497/1497/1497
f 1497/1497/1497 2340/2340/2340 1499/1499/1499
f 1499/1499/1499 2340/2340/2340 2343/2343/2343
f 1499/1499/1499 2343/2343/2343 1471/1471/1471
f 727/727/727 2335/2335/2335 732/732/732
f 732/732/732 2335/2335/2335 2337/2337/2337
f 1497/1497/1497 1504/1504/1504 733/733/733
f 733/733/733 1504/1504/1504 805/805/805
f 805/805/805 1504/1504/1504 791/791/791
f 791/791/791 1504/1504/1504 1455/1455/1455
f 791/791/791 1455/1455/1455 1330/1330/1330
f 1330/1330/1330 1455/1455/1455 1332/1332/1332
f 1332/1332/1332 1455/1455/1455 1334/1334/1334
f 1334/1334/1334 1455/1455/1455 1337/1337/1337
f 1330/1330/1330 1327/1327/1327 791/791/791
f 791/791/791 1327/1327/1327 1441/1441/1441
f 791/791/791 1441/1441/1441 2347/2347/2347
f 2347/2347/2347 1441/1441/1441 2345/2345/2345
f 2243/2243/2243 2275/2275/2275 2347/2347/2347
f 2347/2347/2347 2275/2275/2275 773/773/773
f 2347/2347/2347 773/773/773 791/791/791
f 773/773/773 2275/2275/2275 841/841/841
f 841/841/841 2275/2275/2275 2309/2309/2309
f 841/841/841 2309/2309/2309 834/834/834
f 834/834/834 2309/2309/2309 2292/2292/2292
f 834/834/834 2292/2292/2292 2357/2357/2357
f 2357/2357/2357 2292/2292/2292 2355/2355/2355
f 2355/2355/2355 2292/2292/2292 2288/2288/2288
f 2355/2355/2355 2288/2288/2288 2352/2352/2352
f 2352/2352/2352 2288/2288/2288 2284/2284/2284
f 834/834/834 2357/2357/2357 837/837/837
f 837/837/837 2357/2357/2357 2359/2359/2359
f 837/837/837 2359/2359/2359 809/809/809
f 2317/2317/2317 2279/2279/2279 2363/2363/2363
f 2363/2363/2363 2279/2279/2279 2365/2365/2365
f 2363/2363/2363 2365/2365/2365 2361/2361/2361
f 2361/2361/2361 2365/2365/2365 2301/2301/2301
f 2361/2361/2361 2301/2301/2301 2300/2300/2300
f 2279/2279/2279 2305/2305/2305 2365/2365/2365
f 2365/2365/2365 2305/2305/2305 2303/2303/2303
f 2365/2365/2365 2303/2303/2303 2301/2301/2301
f 2384/2384/2384 2330/2330/2330 2385/2385/2385
f 2385/2385/2385 2330/2330/2330 2332/2332/2332
f 2385/2385/2385 2332/2332/2332 2386/2386/2386
f 2386/2386/2386 2332/2332/2332 2319/2319/2319
f 2386/2386/2386 2319/2319/2319 2364/2364/2364
f 2386/2386/2386 2364/2364/2364 2387/2387/2387
f 2387/2387/2387 2364/2364/2364 2362/2362/2362
f 2387/2387/2387 2362/2362/2362 2388/2388/2388
f 2388/2388/2388 2362/2362/2362 2299/2299/2299
f 2388/2388/2388 2299/2299/2299 2310/2310/2310
f 2269/2269/2269 2366/2366/2366 2310/2310/2310
f 2310/2310/2310 2366/2366/2366 2388/2388/2388
f 2366/2366/2366 2368/2368/2368 2388/2388/2388
f 2388/2388/2388 2368/2368/2368 2374/2374/2374
f 2388/2388/2388 2374/2374/2374 2387/2387/2387
f 2387/2387/2387 2374/2374/2374 2376/2376/2376
f 2387/2387/2387 2376/2376/2376 2386/2386/2386
f 2386/2386/2386 2376/2376/2376 2385/2385/2385
f 2368/2368/2368 2370/2370/2370 2374/2374/2374
f 2376/2376/2376 2380/2380/2380 2385/2385/2385
f 2385/2385/2385 2380/2380/2380 2382/2382/2382
f 2385/2385/2385 2382/2382/2382 2384/2384/2384
f 1546/1546/1546 2390/2390/2390 1547/1547/1547
f 1547/1547/1547 2390/2390/2390 2392/2392/2392
f 1547/1547/1547 2392/2392/2392 2410/2410/2410
f 2410/2410/2410 2392/2392/2392 2393/2393/2393
f 2410/2410/2410 2393/2393/2393 2396/2396/2396
f 2396/2396/2396 2398/2398/2398 2410/2410/2410
f 2410/2410/2410 2398/2398/2398 2407/2407/2407
f 2410/2410/2410 2407/2407/2407 2408/2408/2408
f 2398/2398/2398 2400/2400/2400 2407/2407/2407
f 2407/2407/2407 2400/2400/2400 2403/2403/2403
f 1549/1549/1549 1547/1547/1547 2408/2408/2408
f 2408/2408/2408 1547/1547/1547 2410/2410/2410
f 361/361/361 374/374/374 2444/2444/2444
f 2444/2444/2444 374/374/374 2448/2448/2448
f 2444/2444/2444 2448/2448/2448 2443/2443/2443
f 2443/2443/2443 2448/2448/2448 2449/2449/2449
f 2443/2443/2443 2449/2449/2449 2441/2441/2441
f 2441/2441/2441 2449/2449/2449 2446/2446/2446
f 2441/2441/2441 2446/2446/2446 2447/2447/2447
f 2447/2447/2447 2446/2446/2446 2417/2417/2417
f 2447/2447/2447 2417/2417/2417 2450/2450/2450
f 2450/2450/2450 2417/2417/2417 2420/2420/2420
f 2450/2450/2450 2420/2420/2420 2451/2451/2451
f 2451/2451/2451 2420/2420/2420 2421/2421/2421
f 2451/2451/2451 2421/2421/2421 2452/2452/2452
f 2452/2452/2452 2421/2421/2421 2423/2423/2423
f 2452/2452/2452 2423/2423/2423 2425/2425/2425
f 2425/2425/2425 2423/2423/2423 1557/1557/1557
f 374/374/374 371/371/371 2448/2448/2448
f 2448/2448/2448 371/371/371 369/369/369
f 2448/2448/2448 369/369/369 2412/2412/2412
f 2412/2412/2412 369/369/369 367/367/367
f 2412/2412/2412 2414/2414/2414 2448/2448/2448
f 2448/2448/2448 2414/2414/2414 2449/2449/2449
f 2414/2414/2414 2415/2415/2415 2449/2449/2449
f 2449/2449/2449 2415/2415/2415 2446/2446/2446
f 2415/2415/2415 2417/2417/2417 2446/2446/2446
f 2425/2425/2425 2428/2428/2428 2452/2452/2452
f 2452/2452/2452 2428/2428/2428 2432/2432/2432
f 2452/2452/2452 2432/2432/2432 2434/2434/2434
f 2428/2428/2428 2429/2429/2429 2432/2432/2432
f 2452/2452/2452 2434/2434/2434 2451/2451/2451
f 2451/2451/2451 2434/2434/2434 2436/2436/2436
f 2451/2451/2451 2436/2436/2436 2450/2450/2450
f 2450/2450/2450 2436/2436/2436 2438/2438/2438
f 2450/2450/2450 2438/2438/2438 2447/2447/2447
f 2447/2447/2447 2438/2438/2438 2441/2441/2441
f 1556/1556/1556 2454/2454/2454 1559/1559/1559
f 1559/1559/1559 2454/2454/2454 2426/2426/2426
f 2426/2426/2426 2454/2454/2454 2455/2455/2455
f 2426/2426/2426 2455/2455/2455 2427/2427/2427
f 2427/2427/2427 2455/2455/2455 2458/2458/2458
f 2427/2427/2427 2458/2458/2458 2430/2430/2430
f 2459/2459/2459 2456/2456/2456 2461/2461/2461
f 2461/2461/2461 2456/2456/2456 2463/2463/2463
f 2461/2461/2461 2463/2463/2463 2404/2404/2404
f 2404/2404/2404 2463/2463/2463 2406/2406/2406
f 2406/2406/2406 2463/2463/2463 2409/2409/2409
f 2409/2409/2409 2463/2463/2463 1552/1552/1552
f 2409/2409/2409 1552/1552/1552 1550/1550/1550
f 2456/2456/2456 2453/2453/2453 2463/2463/2463
f 2463/2463/2463 2453/2453/2453 1552/1552/1552
f 2453/2453/2453 1554/1554/1554 1552/1552/1552
f 2468/2468/2468 2470/2470/2470 2464/2464/2464
f 2464/2464/2464 2470/2470/2470 2478/2478/2478
f 2464/2464/2464 2478/2478/2478 2389/2389/2389
f 2389/2389/2389 2478/2478/2478 2391/2391/2391
f 2391/2391/2391 2478/2478/2478 2395/2395/2395
f 2395/2395/2395 2478/2478/2478 2477/2477/2477
f 2477/2477/2477 2478/2478/2478 2473/2473/2473
f 2473/2473/2473 2478/2478/2478 2470/2470/2470
f 2389/2389/2389 1543/1543/1543 2464/2464/2464
f 2471/2471/2471 2469/2469/2469 2484/2484/2484
f 2484/2484/2484 2469/2469/2469 2479/2479/2479
f 2484/2484/2484 2479/2479/2479 2483/2483/2483
f 2474/2474/2474 2472/2472/2472 2483/2483/2483
f 2483/2483/2483 2472/2472/2472 2484/2484/2484
f 2472/2472/2472 2471/2471/2471 2484/2484/2484
f 2411/2411/2411 366/366/366 2501/2501/2501
f 2501/2501/2501 366/366/366 384/384/384
f 2501/2501/2501 384/384/384 381/381/381
f 381/381/381 380/380/380 2501/2501/2501
f 2501/2501/2501 380/380/380 2485/2485/2485
f 2501/2501/2501 2485/2485/2485 2502/2502/2502
f 2502/2502/2502 2485/2485/2485 2488/2488/2488
f 2502/2502/2502 2488/2488/2488 2503/2503/2503
f 2503/2503/2503 2488/2488/2488 2489/2489/2489
f 2503/2503/2503 2489/2489/2489 2504/2504/2504
f 2504/2504/2504 2489/2489/2489 2491/2491/2491
f 2504/2504/2504 2491/2491/2491 2505/2505/2505
f 2505/2505/2505 2491/2491/2491 2494/2494/2494
f 2505/2505/2505 2494/2494/2494 2506/2506/2506
f 2506/2506/2506 2494/2494/2494 2500/2500/2500
f 2506/2506/2506 2500/2500/2500 2419/2419/2419
f 2419/2419/2419 2500/2500/2500 2422/2422/2422
f 2422/2422/2422 2500/2500/2500 2499/2499/2499
f 2422/2422/2422 2499/2499/2499 2424/2424/2424
f 2424/2424/2424 2499/2499/2499 2507/2507/2507
f 2424/2424/2424 2507/2507/2507 1558/1558/1558
f 1558/1558/1558 2507/2507/2507 2497/2497/2497
f 1558/1558/1558 2497/2497/2497 1564/1564/1564
f 380/380/380 378/378/378 2485/2485/2485
f 2494/2494/2494 2496/2496/2496 2500/2500/2500
f 2500/2500/2500 2496/2496/2496 2499/2499/2499
f 2496/2496/2496 2497/2497/2497 2499/2499/2499
f 2499/2499/2499 2497/2497/2497 2507/2507/2507
f 2506/2506/2506 2419/2419/2419 2505/2505/2505
f 2505/2505/2505 2419/2419/2419 2418/2418/2418
f 2505/2505/2505 2418/2418/2418 2504/2504/2504
f 2504/2504/2504 2418/2418/2418 2416/2416/2416
f 2504/2504/2504 2416/2416/2416 2503/2503/2503
f 2503/2503/2503 2416/2416/2416 2413/2413/2413
f 2503/2503/2503 2413/2413/2413 2502/2502/2502
f 2502/2502/2502 2413/2413/2413 2411/2411/2411
f 2502/2502/2502 2411/2411/2411 2501/2501/2501
f 406/406/406 2258/2258/2258 410/410/410
f 410/410/410 2258/2258/2258 412/412/412
f 412/412/412 2258/2258/2258 2530/2530/2530
f 412/412/412 2530/2530/2530 2520/2520/2520
f 2520/2520/2520 2530/2530/2530 2522/2522/2522
f 2520/2520/2520 2522/2522/2522 2519/2519/2519
f 2519/2519/2519 2522/2522/2522 2523/2523/2523
f 2519/2519/2519 2523/2523/2523 2516/2516/2516
f 2516/2516/2516 2523/2523/2523 2525/2525/2525
f 2516/2516/2516 2525/2525/2525 2524/2524/2524
f 2524/2524/2524 2525/2525/2525 2253/2253/2253
f 2524/2524/2524 2253/2253/2253 2251/2251/2251
f 2530/2530/2530 2258/2258/2258 2522/2522/2522
f 2522/2522/2522 2258/2258/2258 2256/2256/2256
f 2522/2522/2522 2256/2256/2256 2523/2523/2523
f 2523/2523/2523 2256/2256/2256 2253/2253/2253
f 2523/2523/2523 2253/2253/2253 2525/2525/2525
f 2524/2524/2524 2251/2251/2251 2526/2526/2526
f 2526/2526/2526 2251/2251/2251 2249/2249/2249
f 2526/2526/2526 2249/2249/2249 2527/2527/2527
f 2527/2527/2527 2249/2249/2249 2248/2248/2248
f 2527/2527/2527 2248/2248/2248 2528/2528/2528
f 2528/2528/2528 2248/2248/2248 2246/2246/2246
f 2528/2528/2528 2246/2246/2246 2529/2529/2529
f 2529/2529/2529 2246/2246/2246 2241/2241/2241
f 2529/2529/2529 2241/2241/2241 2348/2348/2348
f 2348/2348/2348 2508/2508/2508 2529/2529/2529
f 2529/2529/2529 2508/2508/2508 2528/2528/2528
f 2508/2508/2508 2510/2510/2510 2528/2528/2528
f 2528/2528/2528 2510/2510/2510 2527/2527/2527
f 2510/2510/2510 2512/2512/2512 2527/2527/2527
f 2527/2527/2527 2512/2512/2512 2526/2526/2526
f 2512/2512/2512 2514/2514/2514 2526/2526/2526
f 2526/2526/2526 2514/2514/2514 2524/2524/2524
f 2514/2514/2514 2516/2516/2516 2524/2524/2524
f 400/400/400 414/414/414 2520/2520/2520
f 2520/2520/2520 414/414/414 412/412/412
f 2233/2233/2233 2534/2534/2534 2235/2235/2235
f 2235/2235/2235 2534/2534/2534 2372/2372/2372
f 2235/2235/2235 2372/2372/2372 2369/2369/2369
f 2534/2534/2534 2233/2233/2233 2531/2531/2531
f 2531/2531/2531 2233/2233/2233 2230/2230/2230
f 2531/2531/2531 2230/2230/2230 2228/2228/2228
f 2228/2228/2228 2227/2227/2227 2531/2531/2531
f 2531/2531/2531 2227/2227/2227 421/421/421
f 421/421/421 2227/2227/2227 2224/2224/2224
f 421/421/421 2224/2224/2224 2222/2222/2222
f 2222/2222/2222 2221/2221/2221 421/421/421
f 421/421/421 2221/2221/2221 417/417/417
f 2369/2369/2369 2367/2367/2367 2235/2235/2235
f 2235/2235/2235 2367/2367/2367 2268/2268/2268
f 1530/1530/1530 2553/2553/2553 1522/1522/1522
f 1522/1522/1522 2553/2553/2553 2554/2554/2554
f 1522/1522/1522 2554/2554/2554 2550/2550/2550
f 2550/2550/2550 2554/2554/2554 2548/2548/2548
f 2548/2548/2548 2554/2554/2554 2555/2555/2555
f 2548/2548/2548 2555/2555/2555 1489/1489/1489
f 1489/1489/1489 2555/2555/2555 1501/1501/1501
f 1501/1501/1501 2555/2555/2555 1725/1725/1725
f 1501/1501/1501 1725/1725/1725 1461/1461/1461
f 2553/2553/2553 1530/1530/1530 2552/2552/2552
f 2552/2552/2552 1530/1530/1530 1528/1528/1528
f 2552/2552/2552 1528/1528/1528 2536/2536/2536
f 2536/2536/2536 2538/2538/2538 2552/2552/2552
f 2552/2552/2552 2538/2538/2538 2544/2544/2544
f 2552/2552/2552 2544/2544/2544 2553/2553/2553
f 2553/2553/2553 2544/2544/2544 2554/2554/2554
f 2538/2538/2538 2543/2543/2543 2544/2544/2544
f 2544/2544/2544 2546/2546/2546 2554/2554/2554
f 2554/2554/2554 2546/2546/2546 2555/2555/2555
f 1730/1730/1730 1727/1727/1727 2546/2546/2546
f 2546/2546/2546 1727/1727/1727 1725/1725/1725
f 2546/2546/2546 1725/1725/1725 2555/2555/2555
f 1729/1729/1729 2547/2547/2547 1732/1732/1732
f 1732/1732/1732 2547/2547/2547 2569/2569/2569
f 1732/1732/1732 2569/2569/2569 2565/2565/2565
f 2565/2565/2565 2569/2569/2569 2568/2568/2568
f 2565/2565/2565 2568/2568/2568 2563/2563/2563
f 2563/2563/2563 2568/2568/2568 2567/2567/2567
f 2563/2563/2563 2567/2567/2567 2566/2566/2566
f 2566/2566/2566 2567/2567/2567 2542/2542/2542
f 2566/2566/2566 2542/2542/2542 2556/2556/2556
f 2547/2547/2547 2545/2545/2545 2569/2569/2569
f 2569/2569/2569 2545/2545/2545 2568/2568/2568
f 2568/2568/2568 2545/2545/2545 2567/2567/2567
f 2567/2567/2567 2545/2545/2545 2542/2542/2542
f 2556/2556/2556 2561/2561/2561 2566/2566/2566
f 2566/2566/2566 2561/2561/2561 2563/2563/2563
f 2565/2565/2565 1735/1735/1735 1732/1732/1732
f 2577/2577/2577 1736/1736/1736 2579/2579/2579
f 2579/2579/2579 1736/1736/1736 1733/1733/1733
f 2579/2579/2579 1733/1733/1733 2564/2564/2564
f 2579/2579/2579 2564/2564/2564 2580/2580/2580
f 2580/2580/2580 2564/2564/2564 2562/2562/2562
f 2580/2580/2580 2562/2562/2562 2581/2581/2581
f 2581/2581/2581 2562/2562/2562 2560/2560/2560
f 2581/2581/2581 2560/2560/2560 2573/2573/2573
f 2573/2573/2573 2560/2560/2560 2570/2570/2570
f 2573/2573/2573 2575/2575/2575 2581/2581/2581
f 2581/2581/2581 2575/2575/2575 2580/2580/2580
f 2575/2575/2575 2577/2577/2577 2580/2580/2580
f 2580/2580/2580 2577/2577/2577 2579/2579/2579
f 248/248/248 2584/2584/2584 252/252/252
f 252/252/252 2584/2584/2584 2574/2574/2574
f 252/252/252 2574/2574/2574 2571/2571/2571
f 248/248/248 247/247/247 2584/2584/2584
f 2584/2584/2584 247/247/247 2583/2583/2583
f 2584/2584/2584 2583/2583/2583 2576/2576/2576
f 2576/2576/2576 2583/2583/2583 2578/2578/2578
f 2578/2578/2578 2583/2583/2583 2582/2582/2582
f 2578/2578/2578 2582/2582/2582 1739/1739/1739
f 1739/1739/1739 2582/2582/2582 241/241/241
f 241/241/241 2582/2582/2582 245/245/245
f 245/245/245 2582/2582/2582 2583/2583/2583
f 245/245/245 2583/2583/2583 247/247/247
f 2576/2576/2576 2574/2574/2574 2584/2584/2584
f 1524/1524/1524 2551/2551/2551 1478/1478/1478
f 1478/1478/1478 2551/2551/2551 2585/2585/2585
f 1478/1478/1478 2585/2585/2585 1481/1481/1481
f 1481/1481/1481 2585/2585/2585 1483/1483/1483
f 1483/1483/1483 2585/2585/2585 1486/1486/1486
f 1486/1486/1486 2585/2585/2585 2549/2549/2549
f 1486/1486/1486 2549/2549/2549 1488/1488/1488
f 2551/2551/2551 2549/2549/2549 2585/2585/2585
f 483/483/483 274/274/274 2597/2597/2597
f 2597/2597/2597 274/274/274 272/272/272
f 2597/2597/2597 272/272/272 2596/2596/2596
f 2596/2596/2596 272/272/272 271/271/271
f 2596/2596/2596 271/271/271 2595/2595/2595
f 2595/2595/2595 271/271/271 269/269/269
f 2595/2595/2595 269/269/269 266/266/266
f 2588/2588/2588 2589/2589/2589 266/266/266
f 266/266/266 2589/2589/2589 2595/2595/2595
f 2589/2589/2589 2591/2591/2591 2595/2595/2595
f 2595/2595/2595 2591/2591/2591 2596/2596/2596
f 2591/2591/2591 2594/2594/2594 2596/2596/2596
f 2596/2596/2596 2594/2594/2594 2597/2597/2597
f 2594/2594/2594 483/483/483 2597/2597/2597
f 2601/2601/2601 2602/2602/2602 2587/2587/2587
f 2587/2587/2587 2602/2602/2602 2606/2606/2606
f 2587/2587/2587 2606/2606/2606 2590/2590/2590
f 2590/2590/2590 2606/2606/2606 2592/2592/2592
f 2592/2592/2592 2606/2606/2606 2607/2607/2607
f 2592/2592/2592 2607/2607/2607 2593/2593/2593
f 2593/2593/2593 2607/2607/2607 2608/2608/2608
f 2593/2593/2593 2608/2608/2608 482/482/482
f 482/482/482 2608/2608/2608 929/929/929
f 929/929/929 2608/2608/2608 2605/2605/2605
f 2605/2605/2605 2608/2608/2608 2607/2607/2607
f 2605/2605/2605 2607/2607/2607 2602/2602/2602
f 2602/2602/2602 2607/2607/2607 2606/2606/2606
f 928/928/928 2604/2604/2604 932/932/932
f 932/932/932 2604/2604/2604 2614/2614/2614
f 932/932/932 2614/2614/2614 883/883/883
f 883/883/883 2614/2614/2614 2613/2613/2613
f 883/883/883 2613/2613/2613 885/885/885
f 885/885/885 2613/2613/2613 2612/2612/2612
f 885/885/885 2612/2612/2612 2611/2611/2611
f 2611/2611/2611 2612/2612/2612 2599/2599/2599
f 2611/2611/2611 2599/2599/2599 2609/2609/2609
f 2604/2604/2604 2603/2603/2603 2614/2614/2614
f 2614/2614/2614 2603/2603/2603 2613/2613/2613
f 2613/2613/2613 2603/2603/2603 2612/2612/2612
f 2612/2612/2612 2603/2603/2603 2599/2599/2599
f 2609/2609/2609 888/888/888 2611/2611/2611
f 2611/2611/2611 888/888/888 885/885/885
f 883/883/883 881/881/881 932/932/932
f 2336/2336/2336 2615/2615/2615 2339/2339/2339
f 2339/2339/2339 2615/2615/2615 2625/2625/2625
f 2625/2625/2625 2615/2615/2615 2623/2623/2623
f 2623/2623/2623 2615/2615/2615 2617/2617/2617
f 2623/2623/2623 2617/2617/2617 2622/2622/2622
f 2622/2622/2622 2617/2617/2617 2620/2620/2620
f 1473/1473/1473 2342/2342/2342 1507/1507/1507
f 1507/1507/1507 2342/2342/2342 2637/2637/2637
f 1507/1507/1507 2637/2637/2637 2636/2636/2636
f 2636/2636/2636 2637/2637/2637 2638/2638/2638
f 2636/2636/2636 2638/2638/2638 2633/2633/2633
f 2633/2633/2633 2638/2638/2638 2639/2639/2639
f 2633/2633/2633 2639/2639/2639 2632/2632/2632
f 2632/2632/2632 2639/2639/2639 2640/2640/2640
f 2632/2632/2632 2640/2640/2640 2630/2630/2630
f 2630/2630/2630 2640/2640/2640 2641/2641/2641
f 2630/2630/2630 2641/2641/2641 2628/2628/2628
f 2628/2628/2628 2641/2641/2641 2642/2642/2642
f 2628/2628/2628 2642/2642/2642 753/753/753
f 753/753/753 2642/2642/2642 728/728/728
f 728/728/728 2642/2642/2642 2334/2334/2334
f 2334/2334/2334 2642/2642/2642 2616/2616/2616
f 2334/2334/2334 2616/2616/2616 2338/2338/2338
f 2341/2341/2341 2626/2626/2626 2342/2342/2342
f 2342/2342/2342 2626/2626/2626 2637/2637/2637
f 2637/2637/2637 2626/2626/2626 2638/2638/2638
f 2638/2638/2638 2626/2626/2626 2624/2624/2624
f 2638/2638/2638 2624/2624/2624 2639/2639/2639
f 2639/2639/2639 2624/2624/2624 2621/2621/2621
f 2639/2639/2639 2621/2621/2621 2640/2640/2640
f 2640/2640/2640 2621/2621/2621 2619/2619/2619
f 2640/2640/2640 2619/2619/2619 2641/2641/2641
f 2641/2641/2641 2619/2619/2619 2618/2618/2618
f 2641/2641/2641 2618/2618/2618 2642/2642/2642
f 2642/2642/2642 2618/2618/2618 2616/2616/2616
f 1508/1508/1508 2635/2635/2635 1509/1509/1509
f 1509/1509/1509 2635/2635/2635 1511/1511/1511
f 1511/1511/1511 2635/2635/2635 1516/1516/1516
f 1511/1511/1511 1516/1516/1516 1513/1513/1513
f 2634/2634/2634 2651/2651/2651 2635/2635/2635
f 2635/2635/2635 2651/2651/2651 2653/2653/2653
f 2635/2635/2635 2653/2653/2653 1527/1527/1527
f 1527/1527/1527 2653/2653/2653 2540/2540/2540
f 1527/1527/1527 2540/2540/2540 2537/2537/2537
f 2537/2537/2537 2540/2540/2540 2539/2539/2539
f 2651/2651/2651 2634/2634/2634 2649/2649/2649
f 2649/2649/2649 2634/2634/2634 2631/2631/2631
f 2649/2649/2649 2631/2631/2631 2647/2647/2647
f 2647/2647/2647 2631/2631/2631 2629/2629/2629
f 2647/2647/2647 2629/2629/2629 2645/2645/2645
f 2645/2645/2645 2629/2629/2629 2627/2627/2627
f 2645/2645/2645 2627/2627/2627 2643/2643/2643
f 2643/2643/2643 2627/2627/2627 767/767/767
f 2643/2643/2643 767/767/767 893/893/893
f 752/752/752 764/764/764 2627/2627/2627
f 2627/2627/2627 764/764/764 767/767/767
f 893/893/893 891/891/891 2643/2643/2643
f 2643/2643/2643 891/891/891 889/889/889
f 1527/1527/1527 1516/1516/1516 2635/2635/2635
f 2559/2559/2559 2557/2557/2557 2666/2666/2666
f 2666/2666/2666 2557/2557/2557 2667/2667/2667
f 2666/2666/2666 2667/2667/2667 2663/2663/2663
f 2663/2663/2663 2667/2667/2667 2668/2668/2668
f 2663/2663/2663 2668/2668/2668 2661/2661/2661
f 2661/2661/2661 2668/2668/2668 2669/2669/2669
f 2661/2661/2661 2669/2669/2669 2660/2660/2660
f 2660/2660/2660 2669/2669/2669 2670/2670/2670
f 2660/2660/2660 2670/2670/2670 2671/2671/2671
f 2671/2671/2671 2670/2670/2670 2646/2646/2646
f 2671/2671/2671 2646/2646/2646 2644/2644/2644
f 2557/2557/2557 2541/2541/2541 2667/2667/2667
f 2667/2667/2667 2541/2541/2541 2654/2654/2654
f 2667/2667/2667 2654/2654/2654 2668/2668/2668
f 2668/2668/2668 2654/2654/2654 2652/2652/2652
f 2668/2668/2668 2652/2652/2652 2669/2669/2669
f 2669/2669/2669 2652/2652/2652 2650/2650/2650
f 2669/2669/2669 2650/2650/2650 2670/2670/2670
f 2670/2670/2670 2650/2650/2650 2648/2648/2648
f 2670/2670/2670 2648/2648/2648 2646/2646/2646
f 2671/2671/2671 2644/2644/2644 2672/2672/2672
f 2672/2672/2672 2644/2644/2644 890/890/890
f 2672/2672/2672 890/890/890 2610/2610/2610
f 2598/2598/2598 2656/2656/2656 2610/2610/2610
f 2610/2610/2610 2656/2656/2656 2672/2672/2672
f 2672/2672/2672 2656/2656/2656 2671/2671/2671
f 2671/2671/2671 2656/2656/2656 2658/2658/2658
f 2671/2671/2671 2658/2658/2658 2660/2660/2660
f 267/267/267 263/263/263 2586/2586/2586
f 2586/2586/2586 263/263/263 2655/2655/2655
f 2586/2586/2586 2655/2655/2655 2600/2600/2600
f 2655/2655/2655 263/263/263 2657/2657/2657
f 2657/2657/2657 263/263/263 261/261/261
f 2657/2657/2657 261/261/261 2659/2659/2659
f 2659/2659/2659 261/261/261 259/259/259
f 2659/2659/2659 259/259/259 2662/2662/2662
f 2662/2662/2662 259/259/259 258/258/258
f 2662/2662/2662 258/258/258 256/256/256
f 2662/2662/2662 256/256/256 2664/2664/2664
f 2664/2664/2664 256/256/256 253/253/253
f 2664/2664/2664 253/253/253 2665/2665/2665
f 2665/2665/2665 253/253/253 2572/2572/2572
f 2665/2665/2665 2572/2572/2572 2558/2558/2558
f 253/253/253 251/251/251 2572/2572/2572
f 868/868/868 2690/2690/2690 861/861/861
f 861/861/861 2690/2690/2690 2691/2691/2691
f 861/861/861 2691/2691/2691 2687/2687/2687
f 2687/2687/2687 2691/2691/2691 2685/2685/2685
f 2685/2685/2685 2691/2691/2691 2692/2692/2692
f 2685/2685/2685 2692/2692/2692 827/827/827
f 827/827/827 2692/2692/2692 839/839/839
f 839/839/839 2692/2692/2692 900/900/900
f 839/839/839 900/900/900 780/780/780
f 2690/2690/2690 868/868/868 2689/2689/2689
f 2689/2689/2689 868/868/868 866/866/866
f 2689/2689/2689 866/866/866 2673/2673/2673
f 2673/2673/2673 2676/2676/2676 2689/2689/2689
f 2689/2689/2689 2676/2676/2676 2681/2681/2681
f 2689/2689/2689 2681/2681/2681 2690/2690/2690
f 2690/2690/2690 2681/2681/2681 2691/2691/2691
f 2676/2676/2676 2677/2677/2677 2681/2681/2681
f 2681/2681/2681 2683/2683/2683 2691/2691/2691
f 2691/2691/2691 2683/2683/2683 2692/2692/2692
f 905/905/905 901/901/901 2683/2683/2683
f 2683/2683/2683 901/901/901 900/900/900
f 2683/2683/2683 900/900/900 2692/2692/2692
f 903/903/903 2684/2684/2684 907/907/907
f 907/907/907 2684/2684/2684 2702/2702/2702
f 907/907/907 2702/2702/2702 2697/2697/2697
f 2697/2697/2697 2702/2702/2702 2701/2701/2701
f 2697/2697/2697 2701/2701/2701 2696/2696/2696
f 2696/2696/2696 2701/2701/2701 2700/2700/2700
f 2696/2696/2696 2700/2700/2700 2699/2699/2699
f 2699/2699/2699 2700/2700/2700 2680/2680/2680
f 2699/2699/2699 2680/2680/2680 2693/2693/2693
f 2684/2684/2684 2682/2682/2682 2702/2702/2702
f 2702/2702/2702 2682/2682/2682 2701/2701/2701
f 2701/2701/2701 2682/2682/2682 2700/2700/2700
f 2700/2700/2700 2682/2682/2682 2680/2680/2680
f 2693/2693/2693 442/442/442 2699/2699/2699
f 2699/2699/2699 442/442/442 2696/2696/2696
f 2697/2697/2697 910/910/910 907/907/907
f 465/465/465 463/463/463 2703/2703/2703
f 2703/2703/2703 463/463/463 909/909/909
f 2703/2703/2703 909/909/909 2698/2698/2698
f 2703/2703/2703 2698/2698/2698 2704/2704/2704
f 2704/2704/2704 2698/2698/2698 2695/2695/2695
f 2704/2704/2704 2695/2695/2695 2705/2705/2705
f 2705/2705/2705 2695/2695/2695 443/443/443
f 2705/2705/2705 443/443/443 468/468/468
f 468/468/468 443/443/443 437/437/437
f 468/468/468 466/466/466 2705/2705/2705
f 2705/2705/2705 466/466/466 2704/2704/2704
f 466/466/466 465/465/465 2704/2704/2704
f 2704/2704/2704 465/465/465 2703/2703/2703
f 862/862/862 2688/2688/2688 816/816/816
f 816/816/816 2688/2688/2688 2706/2706/2706
f 816/816/816 2706/2706/2706 820/820/820
f 820/820/820 2706/2706/2706 822/822/822
f 822/822/822 2706/2706/2706 823/823/823
f 823/823/823 2706/2706/2706 2686/2686/2686
f 823/823/823 2686/2686/2686 826/826/826
f 2688/2688/2688 2686/2686/2686 2706/2706/2706
f 458/458/458 2707/2707/2707 427/427/427
f 427/427/427 2707/2707/2707 2711/2711/2711
f 427/427/427 2711/2711/2711 428/428/428
f 428/428/428 2711/2711/2711 430/430/430
f 430/430/430 2711/2711/2711 2712/2712/2712
f 430/430/430 2712/2712/2712 432/432/432
f 432/432/432 2712/2712/2712 2713/2713/2713
f 432/432/432 2713/2713/2713 422/422/422
f 422/422/422 2713/2713/2713 2533/2533/2533
f 2533/2533/2533 2713/2713/2713 2709/2709/2709
f 2709/2709/2709 2713/2713/2713 2712/2712/2712
f 2709/2709/2709 2712/2712/2712 2707/2707/2707
f 2707/2707/2707 2712/2712/2712 2711/2711/2711
f 2532/2532/2532 2710/2710/2710 2535/2535/2535
f 2535/2535/2535 2710/2710/2710 2719/2719/2719
f 2535/2535/2535 2719/2719/2719 2373/2373/2373
f 2373/2373/2373 2719/2719/2719 2718/2718/2718
f 2373/2373/2373 2718/2718/2718 2375/2375/2375
f 2375/2375/2375 2718/2718/2718 2717/2717/2717
f 2375/2375/2375 2717/2717/2717 2716/2716/2716
f 2716/2716/2716 2717/2717/2717 459/459/459
f 2716/2716/2716 459/459/459 2714/2714/2714
f 2710/2710/2710 2708/2708/2708 2719/2719/2719
f 2719/2719/2719 2708/2708/2708 2718/2718/2718
f 2718/2718/2718 2708/2708/2708 2717/2717/2717
f 2717/2717/2717 2708/2708/2708 459/459/459
f 2714/2714/2714 2377/2377/2377 2716/2716/2716
f 2716/2716/2716 2377/2377/2377 2375/2375/2375
f 2373/2373/2373 2371/2371/2371 2535/2535/2535
f 2353/2353/2353 2720/2720/2720 2356/2356/2356
f 2356/2356/2356 2720/2720/2720 2730/2730/2730
f 2730/2730/2730 2720/2720/2720 2729/2729/2729
f 2729/2729/2729 2720/2720/2720 2722/2722/2722
f 2729/2729/2729 2722/2722/2722 2727/2727/2727
f 2727/2727/2727 2722/2722/2722 2725/2725/2725
f 808/808/808 2360/2360/2360 846/846/846
f 846/846/846 2360/2360/2360 2742/2742/2742
f 846/846/846 2742/2742/2742 2741/2741/2741
f 2741/2741/2741 2742/2742/2742 2743/2743/2743
f 2741/2741/2741 2743/2743/2743 2739/2739/2739
f 2739/2739/2739 2743/2743/2743 2744/2744/2744
f 2739/2739/2739 2744/2744/2744 2736/2736/2736
f 2736/2736/2736 2744/2744/2744 2745/2745/2745
f 2736/2736/2736 2745/2745/2745 2735/2735/2735
f 2735/2735/2735 2745/2745/2745 2746/2746/2746
f 2735/2735/2735 2746/2746/2746 2732/2732/2732
f 2732/2732/2732 2746/2746/2746 2747/2747/2747
f 2732/2732/2732 2747/2747/2747 2313/2313/2313
f 2313/2313/2313 2747/2747/2747 2285/2285/2285
f 2285/2285/2285 2747/2747/2747 2351/2351/2351
f 2351/2351/2351 2747/2747/2747 2721/2721/2721
f 2351/2351/2351 2721/2721/2721 2354/2354/2354
f 2358/2358/2358 2731/2731/2731 2360/2360/2360
f 2360/2360/2360 2731/2731/2731 2742/2742/2742
f 2742/2742/2742 2731/2731/2731 2743/2743/2743
f 2743/2743/2743 2731/2731/2731 2728/2728/2728
f 2743/2743/2743 2728/2728/2728 2744/2744/2744
f 2744/2744/2744 2728/2728/2728 2726/2726/2726
f 2744/2744/2744 2726/2726/2726 2745/2745/2745
f 2745/2745/2745 2726/2726/2726 2724/2724/2724
f 2745/2745/2745 2724/2724/2724 2746/2746/2746
f 2746/2746/2746 2724/2724/2724 2723/2723/2723
f 2746/2746/2746 2723/2723/2723 2747/2747/2747
f 2747/2747/2747 2723/2723/2723 2721/2721/2721
f 845/845/845 2740/2740/2740 847/847/847
f 847/847/847 2740/2740/2740 850/850/850
f 850/850/850 2740/2740/2740 854/854/854
f 850/850/850 854/854/854 851/851/851
f 2738/2738/2738 2757/2757/2757 2740/2740/2740
f 2740/2740/2740 2757/2757/2757 2759/2759/2759
f 2740/2740/2740 2759/2759/2759 865/865/865
f 865/865/865 2759/2759/2759 2678/2678/2678
f 865/865/865 2678/2678/2678 2674/2674/2674
f 2674/2674/2674 2678/2678/2678 2675/2675/2675
f 2757/2757/2757 2738/2738/2738 2754/2754/2754
f 2754/2754/2754 2738/2738/2738 2737/2737/2737
f 2754/2754/2754 2737/2737/2737 2753/2753/2753
f 2753/2753/2753 2737/2737/2737 2734/2734/2734
f 2753/2753/2753 2734/2734/2734 2750/2750/2750
f 2750/2750/2750 2734/2734/2734 2733/2733/2733
f 2750/2750/2750 2733/2733/2733 2749/2749/2749
f 2749/2749/2749 2733/2733/2733 2329/2329/2329
f 2749/2749/2749 2329/2329/2329 2383/2383/2383
f 2314/2314/2314 2326/2326/2326 2733/2733/2733
f 2733/2733/2733 2326/2326/2326 2329/2329/2329
f 2383/2383/2383 2381/2381/2381 2749/2749/2749
f 2749/2749/2749 2381/2381/2381 2379/2379/2379
f 865/865/865 854/854/854 2740/2740/2740
f 440/440/440 2694/2694/2694 444/444/444
f 444/444/444 2694/2694/2694 2760/2760/2760
f 444/444/444 2760/2760/2760 446/446/446
f 446/446/446 2760/2760/2760 2761/2761/2761
f 446/446/446 2761/2761/2761 449/449/449
f 449/449/449 2761/2761/2761 2762/2762/2762
f 449/449/449 2762/2762/2762 450/450/450
f 450/450/450 2762/2762/2762 2763/2763/2763
f 450/450/450 2763/2763/2763 2764/2764/2764
f 2764/2764/2764 2763/2763/2763 2751/2751/2751
f 2764/2764/2764 2751/2751/2751 2748/2748/2748
f 2694/2694/2694 2679/2679/2679 2760/2760/2760
f 2760/2760/2760 2679/2679/2679 2758/2758/2758
f 2760/2760/2760 2758/2758/2758 2761/2761/2761
f 2761/2761/2761 2758/2758/2758 2756/2756/2756
f 2761/2761/2761 2756/2756/2756 2762/2762/2762
f 2762/2762/2762 2756/2756/2756 2755/2755/2755
f 2762/2762/2762 2755/2755/2755 2763/2763/2763
f 2763/2763/2763 2755/2755/2755 2752/2752/2752
f 2763/2763/2763 2752/2752/2752 2751/2751/2751
f 2764/2764/2764 2748/2748/2748 2765/2765/2765
f 2765/2765/2765 2748/2748/2748 2378/2378/2378
f 2765/2765/2765 2378/2378/2378 2715/2715/2715
f 456/456/456 454/454/454 2715/2715/2715
f 2715/2715/2715 454/454/454 2765/2765/2765
f 2765/2765/2765 454/454/454 2764/2764/2764
f 2764/2764/2764 454/454/454 452/452/452
f 2764/2764/2764 452/452/452 450/450/450
f 148/148/148 145/145/145 2773/2773/2773
f 2773/2773/2773 145/145/145 2777/2777/2777
f 2773/2773/2773 2777/2777/2777 2770/2770/2770
f 2770/2770/2770 2777/2777/2777 2768/2768/2768
f 2768/2768/2768 2777/2777/2777 2776/2776/2776
f 2768/2768/2768 2776/2776/2776 2766/2766/2766
f 2766/2766/2766 2776/2776/2776 2775/2775/2775
f 2766/2766/2766 2775/2775/2775 699/699/699
f 699/699/699 2775/2775/2775 137/137/137
f 137/137/137 2775/2775/2775 141/141/141
f 141/141/141 2775/2775/2775 2776/2776/2776
f 141/141/141 2776/2776/2776 142/142/142
f 142/142/142 2776/2776/2776 2777/2777/2777
f 142/142/142 2777/2777/2777 145/145/145
f 654/654/654 2795/2795/2795 646/646/646
f 646/646/646 2795/2795/2795 2796/2796/2796
f 646/646/646 2796/2796/2796 2793/2793/2793
f 2793/2793/2793 2796/2796/2796 2791/2791/2791
f 2791/2791/2791 2796/2796/2796 2797/2797/2797
f 2791/2791/2791 2797/2797/2797 614/614/614
f 614/614/614 2797/2797/2797 626/626/626
f 626/626/626 2797/2797/2797 686/686/686
f 626/626/626 686/686/686 565/565/565
f 2795/2795/2795 654/654/654 2794/2794/2794
f 2794/2794/2794 654/654/654 652/652/652
f 2794/2794/2794 652/652/652 2779/2779/2779
f 2779/2779/2779 2781/2781/2781 2794/2794/2794
f 2794/2794/2794 2781/2781/2781 2786/2786/2786
f 2794/2794/2794 2786/2786/2786 2795/2795/2795
f 2795/2795/2795 2786/2786/2786 2796/2796/2796
f 2781/2781/2781 2784/2784/2784 2786/2786/2786
f 2786/2786/2786 2789/2789/2789 2796/2796/2796
f 2796/2796/2796 2789/2789/2789 2797/2797/2797
f 689/689/689 687/687/687 2789/2789/2789
f 2789/2789/2789 687/687/687 686/686/686
f 2789/2789/2789 686/686/686 2797/2797/2797
f 690/690/690 2788/2788/2788 692/692/692
f 692/692/692 2788/2788/2788 2811/2811/2811
f 692/692/692 2811/2811/2811 2807/2807/2807
f 2807/2807/2807 2811/2811/2811 2810/2810/2810
f 2807/2807/2807 2810/2810/2810 2804/2804/2804
f 2804/2804/2804 2810/2810/2810 2809/2809/2809
f 2804/2804/2804 2809/2809/2809 2808/2808/2808
f 2808/2808/2808 2809/2809/2809 2783/2783/2783
f 2808/2808/2808 2783/2783/2783 2798/2798/2798
f 2788/2788/2788 2787/2787/2787 2811/2811/2811
f 2811/2811/2811 2787/2787/2787 2810/2810/2810
f 2810/2810/2810 2787/2787/2787 2809/2809/2809
f 2809/2809/2809 2787/2787/2787 2783/2783/2783
f 2798/2798/2798 2801/2801/2801 2808/2808/2808
f 2808/2808/2808 2801/2801/2801 2804/2804/2804
f 2807/2807/2807 696/696/696 692/692/692
f 2767/2767/2767 700/700/700 2812/2812/2812
f 2812/2812/2812 700/700/700 694/694/694
f 2812/2812/2812 694/694/694 2806/2806/2806
f 2812/2812/2812 2806/2806/2806 2813/2813/2813
f 2813/2813/2813 2806/2806/2806 2805/2805/2805
f 2813/2813/2813 2805/2805/2805 2814/2814/2814
f 2814/2814/2814 2805/2805/2805 2802/2802/2802
f 2814/2814/2814 2802/2802/2802 2771/2771/2771
f 2771/2771/2771 2802/2802/2802 2772/2772/2772
f 2771/2771/2771 2769/2769/2769 2814/2814/2814
f 2814/2814/2814 2769/2769/2769 2813/2813/2813
f 2769/2769/2769 2767/2767/2767 2813/2813/2813
f 2813/2813/2813 2767/2767/2767 2812/2812/2812
f 648/648/648 2792/2792/2792 603/603/603
f 603/603/603 2792/2792/2792 2815/2815/2815
f 603/603/603 2815/2815/2815 606/606/606
f 606/606/606 2815/2815/2815 607/607/607
f 607/607/607 2815/2815/2815 610/610/610
f 610/610/610 2815/2815/2815 2790/2790/2790
f 610/610/610 2790/2790/2790 613/613/613
f 2792/2792/2792 2790/2790/2790 2815/2815/2815
f 1614/1614/1614 171/171/171 2827/2827/2827
f 2827/2827/2827 171/171/171 169/169/169
f 2827/2827/2827 169/169/169 2826/2826/2826
f 2826/2826/2826 169/169/169 166/166/166
f 2826/2826/2826 166/166/166 2825/2825/2825
f 2825/2825/2825 166/166/166 165/165/165
f 2825/2825/2825 165/165/165 2820/2820/2820
f 2820/2820/2820 165/165/165 2817/2817/2817
f 2817/2817/2817 165/165/165 161/161/161
f 2820/2820/2820 2822/2822/2822 2825/2825/2825
f 2825/2825/2825 2822/2822/2822 2826/2826/2826
f 2822/2822/2822 2824/2824/2824 2826/2826/2826
f 2826/2826/2826 2824/2824/2824 2827/2827/2827
f 2824/2824/2824 1614/1614/1614 2827/2827/2827
f 2830/2830/2830 2832/2832/2832 2818/2818/2818
f 2818/2818/2818 2832/2832/2832 2836/2836/2836
f 2818/2818/2818 2836/2836/2836 2819/2819/2819
f 2819/2819/2819 2836/2836/2836 2821/2821/2821
f 2821/2821/2821 2836/2836/2836 2837/2837/2837
f 2821/2821/2821 2837/2837/2837 2823/2823/2823
f 2823/2823/2823 2837/2837/2837 2838/2838/2838
f 2823/2823/2823 2838/2838/2838 1615/1615/1615
f 1615/1615/1615 2838/2838/2838 1618/1618/1618
f 1618/1618/1618 2838/2838/2838 2835/2835/2835
f 2835/2835/2835 2838/2838/2838 2837/2837/2837
f 2835/2835/2835 2837/2837/2837 2832/2832/2832
f 2832/2832/2832 2837/2837/2837 2836/2836/2836
f 1617/1617/1617 2834/2834/2834 1620/1620/1620
f 1620/1620/1620 2834/2834/2834 2844/2844/2844
f 1620/1620/1620 2844/2844/2844 1590/1590/1590
f 1590/1590/1590 2844/2844/2844 2843/2843/2843
f 1590/1590/1590 2843/2843/2843 1593/1593/1593
f 1593/1593/1593 2843/2843/2843 2842/2842/2842
f 1593/1593/1593 2842/2842/2842 2841/2841/2841
f 2841/2841/2841 2842/2842/2842 2831/2831/2831
f 2841/2841/2841 2831/2831/2831 2840/2840/2840
f 2834/2834/2834 2833/2833/2833 2844/2844/2844
f 2844/2844/2844 2833/2833/2833 2843/2843/2843
f 2843/2843/2843 2833/2833/2833 2842/2842/2842
f 2842/2842/2842 2833/2833/2833 2831/2831/2831
f 2840/2840/2840 1597/1597/1597 2841/2841/2841
f 2841/2841/2841 1597/1597/1597 1593/1593/1593
f 1590/1590/1590 1587/1587/1587 1620/1620/1620
f 1574/1574/1574 1570/1570/1570 2855/2855/2855
f 2855/2855/2855 1570/1570/1570 2845/2845/2845
f 2855/2855/2855 2845/2845/2845 2847/2847/2847
f 2855/2855/2855 2847/2847/2847 2853/2853/2853
f 2853/2853/2853 2847/2847/2847 2850/2850/2850
f 2853/2853/2853 2850/2850/2850 2851/2851/2851
f 594/594/594 1576/1576/1576 632/632/632
f 632/632/632 1576/1576/1576 2867/2867/2867
f 632/632/632 2867/2867/2867 2865/2865/2865
f 2865/2865/2865 2867/2867/2867 2868/2868/2868
f 2865/2865/2865 2868/2868/2868 2863/2863/2863
f 2863/2863/2863 2868/2868/2868 2869/2869/2869
f 2863/2863/2863 2869/2869/2869 2861/2861/2861
f 2861/2861/2861 2869/2869/2869 2870/2870/2870
f 2861/2861/2861 2870/2870/2870 2859/2859/2859
f 2859/2859/2859 2870/2870/2870 2871/2871/2871
f 2859/2859/2859 2871/2871/2871 2857/2857/2857
f 2857/2857/2857 2871/2871/2871 2872/2872/2872
f 2857/2857/2857 2872/2872/2872 964/964/964
f 964/964/964 2872/2872/2872 943/943/943
f 943/943/943 2872/2872/2872 1569/1569/1569
f 1569/1569/1569 2872/2872/2872 2846/2846/2846
f 1569/1569/1569 2846/2846/2846 1571/1571/1571
f 1575/1575/1575 2856/2856/2856 1576/1576/1576
f 1576/1576/1576 2856/2856/2856 2867/2867/2867
f 2867/2867/2867 2856/2856/2856 2868/2868/2868
f 2868/2868/2868 2856/2856/2856 2854/2854/2854
f 2868/2868/2868 2854/2854/2854 2869/2869/2869
f 2869/2869/2869 2854/2854/2854 2852/2852/2852
f 2869/2869/2869 2852/2852/2852 2870/2870/2870
f 2870/2870/2870 2852/2852/2852 2849/2849/2849
f 2870/2870/2870 2849/2849/2849 2871/2871/2871
f 2871/2871/2871 2849/2849/2849 2848/2848/2848
f 2871/2871/2871 2848/2848/2848 2872/2872/2872
f 2872/2872/2872 2848/2848/2848 2846/2846/2846
f 630/630/630 2866/2866/2866 634/634/634
f 634/634/634 2866/2866/2866 636/636/636
f 636/636/636 2866/2866/2866 639/639/639
f 636/636/636 639/639/639 638/638/638
f 2864/2864/2864 2881/2881/2881 2866/2866/2866
f 2866/2866/2866 2881/2881/2881 2884/2884/2884
f 2866/2866/2866 2884/2884/2884 653/653/653
f 653/653/653 2884/2884/2884 2782/2782/2782
f 653/653/653 2782/2782/2782 2778/2778/2778
f 2778/2778/2778 2782/2782/2782 2780/2780/2780
f 2881/2881/2881 2864/2864/2864 2879/2879/2879
f 2879/2879/2879 2864/2864/2864 2862/2862/2862
f 2879/2879/2879 2862/2862/2862 2878/2878/2878
f 2878/2878/2878 2862/2862/2862 2860/2860/2860
f 2878/2878/2878 2860/2860/2860 2876/2876/2876
f 2876/2876/2876 2860/2860/2860 2858/2858/2858
f 2876/2876/2876 2858/2858/2858 2874/2874/2874
f 2874/2874/2874 2858/2858/2858 980/980/980
f 2874/2874/2874 980/980/980 1600/1600/1600
f 965/965/965 977/977/977 2858/2858/2858
f 2858/2858/2858 977/977/977 980/980/980
f 1600/1600/1600 1599/1599/1599 2874/2874/2874
f 2874/2874/2874 1599/1599/1599 1595/1595/1595
f 653/653/653 639/639/639 2866/2866/2866
f 2803/2803/2803 2799/2799/2799 2896/2896/2896
f 2896/2896/2896 2799/2799/2799 2897/2897/2897
f 2896/2896/2896 2897/2897/2897 2894/2894/2894
f 2894/2894/2894 2897/2897/2897 2898/2898/2898
f 2894/2894/2894 2898/2898/2898 2892/2892/2892
f 2892/2892/2892 2898/2898/2898 2899/2899/2899
f 2892/2892/2892 2899/2899/2899 2889/2889/2889
f 2889/2889/2889 2899/2899/2899 2900/2900/2900
f 2889/2889/2889 2900/2900/2900 2901/2901/2901
f 2901/2901/2901 2900/2900/2900 2875/2875/2875
f 2901/2901/2901 2875/2875/2875 2873/2873/2873
f 2799/2799/2799 2785/2785/2785 2897/2897/2897
f 2897/2897/2897 2785/2785/2785 2883/2883/2883
f 2897/2897/2897 2883/2883/2883 2898/2898/2898
f 2898/2898/2898 2883/2883/2883 2882/2882/2882
f 2898/2898/2898 2882/2882/2882 2899/2899/2899
f 2899/2899/2899 2882/2882/2882 2880/2880/2880
f 2899/2899/2899 2880/2880/2880 2900/2900/2900
f 2900/2900/2900 2880/2880/2880 2877/2877/2877
f 2900/2900/2900 2877/2877/2877 2875/2875/2875
f 2901/2901/2901 2873/2873/2873 2902/2902/2902
f 2902/2902/2902 2873/2873/2873 1594/1594/1594
f 2902/2902/2902 1594/1594/1594 2839/2839/2839
f 2829/2829/2829 2885/2885/2885 2839/2839/2839
f 2839/2839/2839 2885/2885/2885 2902/2902/2902
f 2902/2902/2902 2885/2885/2885 2901/2901/2901
f 2901/2901/2901 2885/2885/2885 2888/2888/2888
f 2901/2901/2901 2888/2888/2888 2889/2889/2889
f 2482/2482/2482 2927/2927/2927 2476/2476/2476
f 2476/2476/2476 2927/2927/2927 2928/2928/2928
f 2476/2476/2476 2928/2928/2928 2924/2924/2924
f 2924/2924/2924 2928/2928/2928 2922/2922/2922
f 2922/2922/2922 2928/2928/2928 2929/2929/2929
f 2922/2922/2922 2929/2929/2929 2402/2402/2402
f 2402/2402/2402 2929/2929/2929 2462/2462/2462
f 2462/2462/2462 2929/2929/2929 2920/2920/2920
f 2462/2462/2462 2920/2920/2920 2457/2457/2457
f 2927/2927/2927 2482/2482/2482 2926/2926/2926
f 2926/2926/2926 2482/2482/2482 2480/2480/2480
f 2926/2926/2926 2480/2480/2480 2904/2904/2904
f 2904/2904/2904 2905/2905/2905 2926/2926/2926
f 2926/2926/2926 2905/2905/2905 2912/2912/2912
f 2926/2926/2926 2912/2912/2912 2927/2927/2927
f 2927/2927/2927 2912/2912/2912 2928/2928/2928
f 2905/2905/2905 2910/2910/2910 2912/2912/2912
f 2912/2912/2912 2914/2914/2914 2928/2928/2928
f 2928/2928/2928 2914/2914/2914 2929/2929/2929
f 2917/2917/2917 2918/2918/2918 2914/2914/2914
f 2914/2914/2914 2918/2918/2918 2920/2920/2920
f 2914/2914/2914 2920/2920/2920 2929/2929/2929
f 2915/2915/2915 2913/2913/2913 2939/2939/2939
f 2939/2939/2939 2913/2913/2913 2944/2944/2944
f 2939/2939/2939 2944/2944/2944 2935/2935/2935
f 2935/2935/2935 2944/2944/2944 2943/2943/2943
f 2935/2935/2935 2943/2943/2943 2933/2933/2933
f 2933/2933/2933 2943/2943/2943 2942/2942/2942
f 2933/2933/2933 2942/2942/2942 2941/2941/2941
f 2941/2941/2941 2942/2942/2942 2909/2909/2909
f 2941/2941/2941 2909/2909/2909 2931/2931/2931
f 2913/2913/2913 2911/2911/2911 2944/2944/2944
f 2944/2944/2944 2911/2911/2911 2943/2943/2943
f 2943/2943/2943 2911/2911/2911 2942/2942/2942
f 2942/2942/2942 2911/2911/2911 2909/2909/2909
f 2931/2931/2931 330/330/330 2941/2941/2941
f 2941/2941/2941 330/330/330 2933/2933/2933
f 2935/2935/2935 2937/2937/2937 2939/2939/2939
f 352/352/352 348/348/348 2945/2945/2945
f 2945/2945/2945 348/348/348 2938/2938/2938
f 2945/2945/2945 2938/2938/2938 2934/2934/2934
f 2945/2945/2945 2934/2934/2934 2946/2946/2946
f 2946/2946/2946 2934/2934/2934 2932/2932/2932
f 2946/2946/2946 2932/2932/2932 2947/2947/2947
f 2947/2947/2947 2932/2932/2932 331/331/331
f 2947/2947/2947 331/331/331 356/356/356
f 356/356/356 331/331/331 327/327/327
f 356/356/356 354/354/354 2947/2947/2947
f 2947/2947/2947 354/354/354 2946/2946/2946
f 354/354/354 352/352/352 2946/2946/2946
f 2946/2946/2946 352/352/352 2945/2945/2945
f 2475/2475/2475 2925/2925/2925 2394/2394/2394
f 2394/2394/2394 2925/2925/2925 2948/2948/2948
f 2394/2394/2394 2948/2948/2948 2397/2397/2397
f 2397/2397/2397 2948/2948/2948 2399/2399/2399
f 2399/2399/2399 2948/2948/2948 2401/2401/2401
f 2401/2401/2401 2948/2948/2948 2923/2923/2923
f 2401/2401/2401 2923/2923/2923 2405/2405/2405
f 2925/2925/2925 2923/2923/2923 2948/2948/2948
f 347/347/347 2950/2950/2950 313/313/313
f 313/313/313 2950/2950/2950 2953/2953/2953
f 313/313/313 2953/2953/2953 316/316/316
f 316/316/316 2953/2953/2953 319/319/319
f 319/319/319 2953/2953/2953 2954/2954/2954
f 319/319/319 2954/2954/2954 320/320/320
f 320/320/320 2954/2954/2954 2955/2955/2955
f 320/320/320 2955/2955/2955 311/311/311
f 311/311/311 2955/2955/2955 715/715/715
f 715/715/715 2955/2955/2955 2952/2952/2952
f 2952/2952/2952 2955/2955/2955 2954/2954/2954
f 2952/2952/2952 2954/2954/2954 2950/2950/2950
f 2950/2950/2950 2954/2954/2954 2953/2953/2953
f 716/716/716 2951/2951/2951 718/718/718
f 718/718/718 2951/2951/2951 2961/2961/2961
f 718/718/718 2961/2961/2961 670/670/670
f 670/670/670 2961/2961/2961 2960/2960/2960
f 670/670/670 2960/2960/2960 672/672/672
f 672/672/672 2960/2960/2960 2959/2959/2959
f 672/672/672 2959/2959/2959 2958/2958/2958
f 2958/2958/2958 2959/2959/2959 346/346/346
f 2958/2958/2958 346/346/346 2956/2956/2956
f 2951/2951/2951 2949/2949/2949 2961/2961/2961
f 2961/2961/2961 2949/2949/2949 2960/2960/2960
f 2960/2960/2960 2949/2949/2949 2959/2959/2959
f 2959/2959/2959 2949/2949/2949 346/346/346
f 2956/2956/2956 673/673/673 2958/2958/2958
f 2958/2958/2958 673/673/673 672/672/672
f 670/670/670 668/668/668 718/718/718
f 1539/1539/1539 1537/1537/1537 2973/2973/2973
f 2973/2973/2973 1537/1537/1537 2962/2962/2962
f 2973/2973/2973 2962/2962/2962 2964/2964/2964
f 2973/2973/2973 2964/2964/2964 2970/2970/2970
f 2970/2970/2970 2964/2964/2964 2966/2966/2966
f 2970/2970/2970 2966/2966/2966 2968/2968/2968
f 1545/1545/1545 1541/1541/1541 2465/2465/2465
f 2465/2465/2465 1541/1541/1541 2984/2984/2984
f 2465/2465/2465 2984/2984/2984 2983/2983/2983
f 2983/2983/2983 2984/2984/2984 2985/2985/2985
f 2983/2983/2983 2985/2985/2985 2980/2980/2980
f 2980/2980/2980 2985/2985/2985 2986/2986/2986
f 2980/2980/2980 2986/2986/2986 2979/2979/2979
f 2979/2979/2979 2986/2986/2986 2987/2987/2987
f 2979/2979/2979 2987/2987/2987 2977/2977/2977
f 2977/2977/2977 2987/2987/2987 2988/2988/2988
f 2977/2977/2977 2988/2988/2988 2975/2975/2975
f 2975/2975/2975 2988/2988/2988 2989/2989/2989
f 2975/2975/2975 2989/2989/2989 538/538/538
f 538/538/538 2989/2989/2989 515/515/515
f 515/515/515 2989/2989/2989 1533/1533/1533
f 1533/1533/1533 2989/2989/2989 2963/2963/2963
f 1533/1533/1533 2963/2963/2963 1536/1536/1536
f 1538/1538/1538 2972/2972/2972 1541/1541/1541
f 1541/1541/1541 2972/2972/2972 2984/2984/2984
f 2984/2984/2984 2972/2972/2972 2985/2985/2985
f 2985/2985/2985 2972/2972/2972 2971/2971/2971
f 2985/2985/2985 2971/2971/2971 2986/2986/2986
f 2986/2986/2986 2971/2971/2971 2969/2969/2969
f 2986/2986/2986 2969/2969/2969 2987/2987/2987
f 2987/2987/2987 2969/2969/2969 2967/2967/2967
f 2987/2987/2987 2967/2967/2967 2988/2988/2988
f 2988/2988/2988 2967/2967/2967 2965/2965/2965
f 2988/2988/2988 2965/2965/2965 2989/2989/2989
f 2989/2989/2989 2965/2965/2965 2963/2963/2963
f 2466/2466/2466 2982/2982/2982 2467/2467/2467
f 2467/2467/2467 2982/2982/2982 2481/2481/2481
f 2481/2481/2481 2982/2982/2982 3001/3001/3001
f 2481/2481/2481 3001/3001/3001 2908/2908/2908
f 3001/3001/3001 2982/2982/2982 2998/2998/2998
f 2998/2998/2998 2982/2982/2982 2981/2981/2981
f 2998/2998/2998 2981/2981/2981 2996/2996/2996
f 2996/2996/2996 2981/2981/2981 2978/2978/2978
f 2996/2996/2996 2978/2978/2978 2994/2994/2994
f 2994/2994/2994 2978/2978/2978 2976/2976/2976
f 2994/2994/2994 2976/2976/2976 2992/2992/2992
f 2992/2992/2992 2976/2976/2976 2974/2974/2974
f 2992/2992/2992 2974/2974/2974 2990/2990/2990
f 2990/2990/2990 2974/2974/2974 553/553/553
f 2990/2990/2990 553/553/553 679/679/679
f 539/539/539 550/550/550 2974/2974/2974
f 2974/2974/2974 550/550/550 553/553/553
f 679/679/679 678/678/678 2990/2990/2990
f 2990/2990/2990 678/678/678 675/675/675
f 2906/2906/2906 2903/2903/2903 2908/2908/2908
f 2908/2908/2908 2903/2903/2903 2481/2481/2481
f 329/329/329 2930/2930/2930 333/333/333
f 333/333/333 2930/2930/2930 3002/3002/3002
f 333/333/333 3002/3002/3002 334/334/334
f 334/334/334 3002/3002/3002 3003/3003/3003
f 334/334/334 3003/3003/3003 337/337/337
f 337/337/337 3003/3003/3003 3004/3004/3004
f 337/337/337 3004/3004/3004 339/339/339
f 339/339/339 3004/3004/3004 3005/3005/3005
f 339/339/339 3005/3005/3005 3006/3006/3006
f 3006/3006/3006 3005/3005/3005 2993/2993/2993
f 3006/3006/3006 2993/2993/2993 2991/2991/2991
f 2930/2930/2930 2907/2907/2907 3002/3002/3002
f 3002/3002/3002 2907/2907/2907 3000/3000/3000
f 3002/3002/3002 3000/3000/3000 3003/3003/3003
f 3003/3003/3003 3000/3000/3000 2999/2999/2999
f 3003/3003/3003 2999/2999/2999 3004/3004/3004
f 3004/3004/3004 2999/2999/2999 2997/2997/2997
f 3004/3004/3004 2997/2997/2997 3005/3005/3005
f 3005/3005/3005 2997/2997/2997 2995/2995/2995
f 3005/3005/3005 2995/2995/2995 2993/2993/2993
f 3006/3006/3006 2991/2991/2991 3007/3007/3007
f 3007/3007/3007 2991/2991/2991 674/674/674
f 3007/3007/3007 674/674/674 2957/2957/2957
f 344/344/344 342/342/342 2957/2957/2957
f 2957/2957/2957 342/342/342 3007/3007/3007
f 3007/3007/3007 342/342/342 3006/3006/3006
f 3006/3006/3006 342/342/342 341/341/341
f 3006/3006/3006 341/341/341 339/339/339
f 3013/3013/3013 3032/3032/3032 3008/3008/3008
f 3008/3008/3008 3032/3032/3032 3033/3033/3033
f 3008/3008/3008 3033/3033/3033 3027/3027/3027
f 3027/3027/3027 3033/3033/3033 3032/3032/3032
f 3027/3027/3027 3032/3032/3032 3031/3031/3031
f 3031/3031/3031 3032/3032/3032 3013/3013/3013
f 3031/3031/3031 3013/3013/3013 3030/3030/3030
f 3030/3030/3030 3013/3013/3013 3017/3017/3017
f 3030/3030/3030 3017/3017/3017 3029/3029/3029
f 3029/3029/3029 3017/3017/3017 3028/3028/3028
f 3029/3029/3029 3028/3028/3028 3027/3027/3027
f 3027/3027/3027 3028/3028/3028 3021/3021/3021
f 3027/3027/3027 3021/3021/3021 2349/2349/2349
f 3017/3017/3017 3019/3019/3019 3028/3028/3028
f 3028/3028/3028 3019/3019/3019 3021/3021/3021
f 2349/2349/2349 2344/2344/2344 3027/3027/3027
f 3027/3027/3027 2344/2344/2344 3024/3024/3024
f 3030/3030/3030 3029/3029/3029 3027/3027/3027
f 3027/3027/3027 3031/3031/3031 3030/3030/3030
f 399/399/399 2521/2521/2521 402/402/402
f 402/402/402 2521/2521/2521 3050/3050/3050
f 402/402/402 3050/3050/3050 404/404/404
f 404/404/404 3050/3050/3050 394/394/394
f 394/394/394 3050/3050/3050 3047/3047/3047
f 3047/3047/3047 3050/3050/3050 3051/3051/3051
f 3047/3047/3047 3051/3051/3051 3045/3045/3045
f 3045/3045/3045 3051/3051/3051 3052/3052/3052
f 3045/3045/3045 3052/3052/3052 3043/3043/3043
f 3043/3043/3043 3052/3052/3052 3053/3053/3053
f 3043/3043/3043 3053/3053/3053 3041/3041/3041
f 3041/3041/3041 3053/3053/3053 3054/3054/3054
f 3041/3041/3041 3054/3054/3054 3039/3039/3039
f 3039/3039/3039 3054/3054/3054 3055/3055/3055
f 3039/3039/3039 3055/3055/3055 3049/3049/3049
f 3049/3049/3049 3055/3055/3055 2513/2513/2513
f 3049/3049/3049 2513/2513/2513 2511/2511/2511
f 3050/3050/3050 2521/2521/2521 3051/3051/3051
f 3051/3051/3051 2521/2521/2521 2518/2518/2518
f 3051/3051/3051 2518/2518/2518 3052/3052/3052
f 3052/3052/3052 2518/2518/2518 2517/2517/2517
f 3052/3052/3052 2517/2517/2517 3053/3053/3053
f 3053/3053/3053 2517/2517/2517 2515/2515/2515
f 3053/3053/3053 2515/2515/2515 3054/3054/3054
f 3054/3054/3054 2515/2515/2515 2513/2513/2513
f 3054/3054/3054 2513/2513/2513 3055/3055/3055
f 3049/3049/3049 2511/2511/2511 3048/3048/3048
f 3048/3048/3048 2511/2511/2511 2509/2509/2509
f 3048/3048/3048 2509/2509/2509 3056/3056/3056
f 3056/3056/3056 2509/2509/2509 3020/3020/3020
f 3056/3056/3056 3020/3020/3020 3018/3018/3018
f 2509/2509/2509 2350/2350/2350 3020/3020/3020
f 3016/3016/3016 3034/3034/3034 3018/3018/3018
f 3018/3018/3018 3034/3034/3034 3056/3056/3056
f 3056/3056/3056 3034/3034/3034 3048/3048/3048
f 3048/3048/3048 3034/3034/3034 3036/3036/3036
f 3048/3048/3048 3036/3036/3036 3049/3049/3049
f 3049/3049/3049 3036/3036/3036 3039/3039/3039
f 1418/1418/1418 1386/1386/1386 1435/1435/1435
f 1435/1435/1435 1386/1386/1386 2067/2067/2067
f 1435/1435/1435 2067/2067/2067 1438/1438/1438
f 1438/1438/1438 2067/2067/2067 1439/1439/1439
f 1439/1439/1439 2067/2067/2067 1443/1443/1443
f 1443/1443/1443 2067/2067/2067 2346/2346/2346
f 2346/2346/2346 2067/2067/2067 2064/2064/2064
f 2346/2346/2346 2064/2064/2064 3023/3023/3023
f 3023/3023/3023 2064/2064/2064 3059/3059/3059
f 3059/3059/3059 2064/2064/2064 2062/2062/2062
f 3059/3059/3059 2062/2062/2062 3057/3057/3057
f 3057/3057/3057 2062/2062/2062 1929/1929/1929
f 3057/3057/3057 1929/1929/1929 1926/1926/1926
f 385/385/385 3061/3061/3061 390/390/390
f 390/390/390 3061/3061/3061 3083/3083/3083
f 390/390/390 3083/3083/3083 391/391/391
f 391/391/391 3083/3083/3083 2486/2486/2486
f 391/391/391 2486/2486/2486 375/375/375
f 3061/3061/3061 3063/3063/3063 3083/3083/3083
f 3083/3083/3083 3063/3063/3063 3086/3086/3086
f 3083/3083/3083 3086/3086/3086 2487/2487/2487
f 2487/2487/2487 3086/3086/3086 3085/3085/3085
f 2487/2487/2487 3085/3085/3085 2490/2490/2490
f 2490/2490/2490 3085/3085/3085 3087/3087/3087
f 2490/2490/2490 3087/3087/3087 2492/2492/2492
f 2492/2492/2492 3087/3087/3087 3088/3088/3088
f 2492/2492/2492 3088/3088/3088 2493/2493/2493
f 2493/2493/2493 3088/3088/3088 3089/3089/3089
f 2493/2493/2493 3089/3089/3089 3084/3084/3084
f 3084/3084/3084 3089/3089/3089 3070/3070/3070
f 3084/3084/3084 3070/3070/3070 3072/3072/3072
f 3086/3086/3086 3063/3063/3063 3085/3085/3085
f 3085/3085/3085 3063/3063/3063 3065/3065/3065
f 3085/3085/3085 3065/3065/3065 3087/3087/3087
f 3087/3087/3087 3065/3065/3065 3068/3068/3068
f 3087/3087/3087 3068/3068/3068 3088/3088/3088
f 3088/3088/3088 3068/3068/3068 3070/3070/3070
f 3088/3088/3088 3070/3070/3070 3089/3089/3089
f 3084/3084/3084 3072/3072/3072 3090/3090/3090
f 3090/3090/3090 3072/3072/3072 3074/3074/3074
f 3090/3090/3090 3074/3074/3074 3091/3091/3091
f 3091/3091/3091 3074/3074/3074 3079/3079/3079
f 3091/3091/3091 3079/3079/3079 3082/3082/3082
f 3074/3074/3074 3075/3075/3075 3079/3079/3079
f 3082/3082/3082 1561/1561/1561 3091/3091/3091
f 3091/3091/3091 1561/1561/1561 2498/2498/2498
f 3091/3091/3091 2498/2498/2498 3090/3090/3090
f 3090/3090/3090 2498/2498/2498 2495/2495/2495
f 3090/3090/3090 2495/2495/2495 3084/3084/3084
f 3084/3084/3084 2495/2495/2495 2493/2493/2493
f 2487/2487/2487 2486/2486/2486 3083/3083/3083
f 3097/3097/3097 3105/3105/3105 3094/3094/3094
f 3094/3094/3094 3105/3105/3105 3106/3106/3106
f 3094/3094/3094 3106/3106/3106 3107/3107/3107
f 3107/3107/3107 3106/3106/3106 1563/1563/1563
f 3107/3107/3107 1563/1563/1563 3108/3108/3108
f 3108/3108/3108 1563/1563/1563 3109/3109/3109
f 3108/3108/3108 3109/3109/3109 3080/3080/3080
f 3080/3080/3080 3109/3109/3109 3081/3081/3081
f 3081/3081/3081 3109/3109/3109 1563/1563/1563
f 3105/3105/3105 3097/3097/3097 3104/3104/3104
f 3104/3104/3104 3097/3097/3097 3098/3098/3098
f 3104/3104/3104 3098/3098/3098 3105/3105/3105
f 3105/3105/3105 3098/3098/3098 1563/1563/1563
f 3105/3105/3105 1563/1563/1563 3106/3106/3106
f 3102/3102/3102 1566/1566/1566 3098/3098/3098
f 3098/3098/3098 1566/1566/1566 1563/1563/1563
f 3076/3076/3076 3094/3094/3094 3080/3080/3080
f 3080/3080/3080 3094/3094/3094 3108/3108/3108
f 3108/3108/3108 3094/3094/3094 3107/3107/3107
f 1078/1078/1078 1077/1077/1077 1080/1080/1080
f 1080/1080/1080 1077/1077/1077 1765/1765/1765
f 1080/1080/1080 1765/1765/1765 1115/1115/1115
f 1077/1077/1077 1074/1074/1074 1765/1765/1765
f 1765/1765/1765 1074/1074/1074 1072/1072/1072
f 1765/1765/1765 1072/1072/1072 1567/1567/1567
f 1765/1765/1765 1567/1567/1567 1768/1768/1768
f 1768/1768/1768 1567/1567/1567 3101/3101/3101
f 1768/1768/1768 3101/3101/3101 3111/3111/3111
f 1768/1768/1768 3111/3111/3111 1769/1769/1769
f 1769/1769/1769 3111/3111/3111 3112/3112/3112
f 1769/1769/1769 3112/3112/3112 1761/1761/1761
f 1761/1761/1761 3112/3112/3112 1905/1905/1905
f 3092/3092/3092 3077/3077/3077 3133/3133/3133
f 3133/3133/3133 3077/3077/3077 3122/3122/3122
f 3133/3133/3133 3122/3122/3122 3124/3124/3124
f 3115/3115/3115 3117/3117/3117 3077/3077/3077
f 3077/3077/3077 3117/3117/3117 3120/3120/3120
f 3077/3077/3077 3120/3120/3120 3122/3122/3122
f 3127/3127/3127 3130/3130/3130 3124/3124/3124
f 3124/3124/3124 3130/3130/3130 3133/3133/3133
f 395/395/395 3046/3046/3046 388/388/388
f 388/388/388 3046/3046/3046 3062/3062/3062
f 3062/3062/3062 3046/3046/3046 3044/3044/3044
f 3062/3062/3062 3044/3044/3044 3064/3064/3064
f 3064/3064/3064 3044/3044/3044 3042/3042/3042
f 3064/3064/3064 3042/3042/3042 3066/3066/3066
f 3066/3066/3066 3042/3042/3042 3040/3040/3040
f 3066/3066/3066 3040/3040/3040 3067/3067/3067
f 3067/3067/3067 3040/3040/3040 3158/3158/3158
f 3067/3067/3067 3158/3158/3158 3159/3159/3159
f 3040/3040/3040 3038/3038/3038 3158/3158/3158
f 3158/3158/3158 3038/3038/3038 3155/3155/3155
f 3155/3155/3155 3038/3038/3038 3153/3153/3153
f 3153/3153/3153 3038/3038/3038 3150/3150/3150
f 3150/3150/3150 3038/3038/3038 3147/3147/3147
f 3147/3147/3147 3038/3038/3038 3145/3145/3145
f 3145/3145/3145 3038/3038/3038 3037/3037/3037
f 3145/3145/3145 3037/3037/3037 3143/3143/3143
f 3143/3143/3143 3037/3037/3037 3141/3141/3141
f 3141/3141/3141 3037/3037/3037 3035/3035/3035
f 3141/3141/3141 3035/3035/3035 3140/3140/3140
f 3140/3140/3140 3035/3035/3035 3138/3138/3138
f 3138/3138/3138 3035/3035/3035 3015/3015/3015
f 3138/3138/3138 3015/3015/3015 3134/3134/3134
f 3067/3067/3067 3159/3159/3159 3069/3069/3069
f 3069/3069/3069 3159/3159/3159 3163/3163/3163
f 3069/3069/3069 3163/3163/3163 3165/3165/3165
f 3165/3165/3165 3168/3168/3168 3069/3069/3069
f 3069/3069/3069 3168/3168/3168 3169/3169/3169
f 3069/3069/3069 3169/3169/3169 3071/3071/3071
f 3071/3071/3071 3169/3169/3169 3171/3171/3171
f 3071/3071/3071 3171/3171/3171 3173/3173/3173
f 3071/3071/3071 3173/3173/3173 3073/3073/3073
f 3073/3073/3073 3173/3173/3173 3176/3176/3176
f 3073/3073/3073 3176/3176/3176 3177/3177/3177
f 3116/3116/3116 3078/3078/3078 3177/3177/3177
f 3177/3177/3177 3078/3078/3078 3073/3073/3073
f 3185/3185/3185 3186/3186/3186 3179/3179/3179
f 3179/3179/3179 3186/3186/3186 3190/3190/3190
f 3191/3191/3191 3193/3193/3193 3180/3180/3180
f 3180/3180/3180 3193/3193/3193 3198/3198/3198
f 3200/3200/3200 3202/3202/3202 3212/3212/3212
f 3212/3212/3212 3202/3202/3202 3206/3206/3206
f 3212/3212/3212 3206/3206/3206 3208/3208/3208
f 3196/3196/3196 3194/3194/3194 3208/3208/3208
f 3208/3208/3208 3194/3194/3194 3210/3210/3210
f 3208/3208/3208 3210/3210/3210 3212/3212/3212
f 3215/3215/3215 3218/3218/3218 3199/3199/3199
f 3199/3199/3199 3218/3218/3218 3203/3203/3203
f 2147/2147/2147 3221/3221/3221 2150/2150/2150
f 2150/2150/2150 3221/3221/3221 3224/3224/3224
f 2150/2150/2150 3224/3224/3224 3232/3232/3232
f 3232/3232/3232 3224/3224/3224 3227/3227/3227
f 3232/3232/3232 3227/3227/3227 3229/3229/3229
f 2147/2147/2147 2208/2208/2208 3221/3221/3221
f 3232/3232/3232 3235/3235/3235 2150/2150/2150
f 2150/2150/2150 3235/3235/3235 2162/2162/2162
f 2162/2162/2162 3235/3235/3235 3214/3214/3214
f 2162/2162/2162 3214/3214/3214 3201/3201/3201
f 3213/3213/3213 3211/3211/3211 3201/3201/3201
f 3201/3201/3201 3211/3211/3211 3192/3192/3192
f 3201/3201/3201 3192/3192/3192 2162/2162/2162
f 2162/2162/2162 3192/3192/3192 3189/3189/3189
f 2162/2162/2162 3189/3189/3189 2165/2165/2165
f 2165/2165/2165 3189/3189/3189 3188/3188/3188
f 3234/3234/3234 3230/3230/3230 3236/3236/3236
f 3236/3236/3236 3230/3230/3230 3241/3241/3241
f 3223/3223/3223 3246/3246/3246 3226/3226/3226
f 3226/3226/3226 3246/3246/3246 3248/3248/3248
f 3226/3226/3226 3248/3248/3248 3250/3250/3250
f 3240/3240/3240 3231/3231/3231 3250/3250/3250
f 3250/3250/3250 3231/3231/3231 3228/3228/3228
f 3250/3250/3250 3228/3228/3228 3226/3226/3226
f 3252/3252/3252 3243/3243/3243 3222/3222/3222
f 3222/3222/3222 3243/3243/3243 3225/3225/3225
f 2169/2169/2169 2168/2168/2168 2173/2173/2173
f 2173/2173/2173 2168/2168/2168 2217/2217/2217
f 2217/2217/2217 2168/2168/2168 2164/2164/2164
f 2217/2217/2217 2164/2164/2164 3187/3187/3187
f 3183/3183/3183 3254/3254/3254 3187/3187/3187
f 3187/3187/3187 3254/3254/3254 2217/2217/2217
f 3257/3257/3257 3262/3262/3262 2119/2119/2119
f 2119/2119/2119 3262/3262/3262 3272/3272/3272
f 2119/2119/2119 3272/3272/3272 2125/2125/2125
f 2125/2125/2125 3272/3272/3272 3271/3271/3271
f 2125/2125/2125 3271/3271/3271 2127/2127/2127
f 2127/2127/2127 3271/3271/3271 3270/3270/3270
f 2127/2127/2127 3270/3270/3270 2128/2128/2128
f 2128/2128/2128 3270/3270/3270 3267/3267/3267
f 3267/3267/3267 3270/3270/3270 3265/3265/3265
f 3265/3265/3265 3270/3270/3270 3271/3271/3271
f 3265/3265/3265 3271/3271/3271 3264/3264/3264
f 3264/3264/3264 3271/3271/3271 3272/3272/3272
f 3264/3264/3264 3272/3272/3272 3262/3262/3262
f 3299/3299/3299 3274/3274/3274 3300/3300/3300
f 3300/3300/3300 3274/3274/3274 3276/3276/3276
f 3300/3300/3300 3276/3276/3276 3278/3278/3278
f 3280/3280/3280 3302/3302/3302 3278/3278/3278
f 3278/3278/3278 3302/3302/3302 3303/3303/3303
f 3278/3278/3278 3303/3303/3303 3300/3300/3300
f 3300/3300/3300 3303/3303/3303 3308/3308/3308
f 3300/3300/3300 3308/3308/3308 3299/3299/3299
f 3299/3299/3299 3308/3308/3308 3307/3307/3307
f 3299/3299/3299 3307/3307/3307 3297/3297/3297
f 3297/3297/3297 3307/3307/3307 3292/3292/3292
f 3292/3292/3292 3307/3307/3307 3306/3306/3306
f 3292/3292/3292 3306/3306/3306 3290/3290/3290
f 3290/3290/3290 3306/3306/3306 3305/3305/3305
f 3290/3290/3290 3305/3305/3305 3304/3304/3304
f 3304/3304/3304 3305/3305/3305 3311/3311/3311
f 3304/3304/3304 3311/3311/3311 3285/3285/3285
f 3285/3285/3285 3311/3311/3311 3301/3301/3301
f 3285/3285/3285 3301/3301/3301 3284/3284/3284
f 3284/3284/3284 3301/3301/3301 3280/3280/3280
f 3280/3280/3280 3301/3301/3301 3302/3302/3302
f 3285/3285/3285 3288/3288/3288 3304/3304/3304
f 3304/3304/3304 3288/3288/3288 3290/3290/3290
f 3302/3302/3302 3301/3301/3301 3310/3310/3310
f 3310/3310/3310 3301/3301/3301 3311/3311/3311
f 3310/3310/3310 3311/3311/3311 3305/3305/3305
f 3303/3303/3303 3302/3302/3302 3309/3309/3309
f 3309/3309/3309 3302/3302/3302 3310/3310/3310
f 3309/3309/3309 3310/3310/3310 3306/3306/3306
f 3306/3306/3306 3310/3310/3310 3305/3305/3305
f 3306/3306/3306 3307/3307/3307 3309/3309/3309
f 3309/3309/3309 3307/3307/3307 3308/3308/3308
f 3309/3309/3309 3308/3308/3308 3303/3303/3303
f 3295/3295/3295 3293/3293/3293 3330/3330/3330
f 3330/3330/3330 3293/3293/3293 3334/3334/3334
f 3330/3330/3330 3334/3334/3334 3328/3328/3328
f 3328/3328/3328 3334/3334/3334 3322/3322/3322
f 3328/3328/3328 3322/3322/3322 3325/3325/3325
f 3334/3334/3334 3293/3293/3293 3333/3333/3333
f 3333/3333/3333 3293/3293/3293 3291/3291/3291
f 3333/3333/3333 3291/3291/3291 3332/3332/3332
f 3332/3332/3332 3291/3291/3291 3331/3331/3331
f 3332/3332/3332 3331/3331/3331 3320/3320/3320
f 3320/3320/3320 3331/3331/3331 3316/3316/3316
f 3316/3316/3316 3331/3331/3331 3315/3315/3315
f 3315/3315/3315 3331/3331/3331 3313/3313/3313
f 3313/3313/3313 3331/3331/3331 3289/3289/3289
f 3289/3289/3289 3331/3331/3331 3291/3291/3291
f 3332/3332/3332 3320/3320/3320 3333/3333/3333
f 3333/3333/3333 3320/3320/3320 3322/3322/3322
f 3333/3333/3333 3322/3322/3322 3334/3334/3334
f 3345/3345/3345 3268/3268/3268 3352/3352/3352
f 3352/3352/3352 3268/3268/3268 3266/3266/3266
f 3352/3352/3352 3266/3266/3266 3351/3351/3351
f 3351/3351/3351 3266/3266/3266 3263/3263/3263
f 3351/3351/3351 3263/3263/3263 3350/3350/3350
f 3350/3350/3350 3263/3263/3263 3261/3261/3261
f 3350/3350/3350 3261/3261/3261 3336/3336/3336
f 3336/3336/3336 3261/3261/3261 3258/3258/3258
f 3350/3350/3350 3336/3336/3336 3353/3353/3353
f 3353/3353/3353 3336/3336/3336 3338/3338/3338
f 3353/3353/3353 3338/3338/3338 3356/3356/3356
f 3356/3356/3356 3338/3338/3338 3348/3348/3348
f 3356/3356/3356 3348/3348/3348 3361/3361/3361
f 3361/3361/3361 3348/3348/3348 3359/3359/3359
f 3361/3361/3361 3359/3359/3359 3360/3360/3360
f 3360/3360/3360 3359/3359/3359 3319/3319/3319
f 3360/3360/3360 3319/3319/3319 3317/3317/3317
f 3338/3338/3338 3340/3340/3340 3348/3348/3348
f 3348/3348/3348 3340/3340/3340 3347/3347/3347
f 3348/3348/3348 3347/3347/3347 3359/3359/3359
f 3359/3359/3359 3347/3347/3347 3321/3321/3321
f 3359/3359/3359 3321/3321/3321 3319/3319/3319
f 3340/3340/3340 3324/3324/3324 3347/3347/3347
f 3347/3347/3347 3324/3324/3324 3321/3321/3321
f 3317/3317/3317 3341/3341/3341 3360/3360/3360
f 3360/3360/3360 3341/3341/3341 3349/3349/3349
f 3360/3360/3360 3349/3349/3349 3361/3361/3361
f 3361/3361/3361 3349/3349/3349 3357/3357/3357
f 3361/3361/3361 3357/3357/3357 3356/3356/3356
f 3356/3356/3356 3357/3357/3357 3353/3353/3353
f 3341/3341/3341 3344/3344/3344 3349/3349/3349
f 3349/3349/3349 3344/3344/3344 3358/3358/3358
f 3349/3349/3349 3358/3358/3358 3357/3357/3357
f 3357/3357/3357 3358/3358/3358 3354/3354/3354
f 3357/3357/3357 3354/3354/3354 3353/3353/3353
f 3353/3353/3353 3354/3354/3354 3350/3350/3350
f 3358/3358/3358 3344/3344/3344 3355/3355/3355
f 3355/3355/3355 3344/3344/3344 3345/3345/3345
f 3355/3355/3355 3345/3345/3345 3352/3352/3352
f 3355/3355/3355 3352/3352/3352 3351/3351/3351
f 3355/3355/3355 3351/3351/3351 3354/3354/3354
f 3354/3354/3354 3351/3351/3351 3350/3350/3350
f 3358/3358/3358 3355/3355/3355 3354/3354/3354
f 2105/2105/2105 2130/2130/2130 1945/1945/1945
f 1945/1945/1945 2130/2130/2130 1947/1947/1947
f 1947/1947/1947 2130/2130/2130 3382/3382/3382
f 3382/3382/3382 2130/2130/2130 3269/3269/3269
f 3382/3382/3382 3269/3269/3269 3381/3381/3381
f 3381/3381/3381 3269/3269/3269 3346/3346/3346
f 3381/3381/3381 3346/3346/3346 3379/3379/3379
f 3379/3379/3379 3346/3346/3346 3343/3343/3343
f 3379/3379/3379 3343/3343/3343 3376/3376/3376
f 3376/3376/3376 3343/3343/3343 3342/3342/3342
f 3376/3376/3376 3342/3342/3342 3318/3318/3318
f 3376/3376/3376 3318/3318/3318 3375/3375/3375
f 3375/3375/3375 3318/3318/3318 3314/3314/3314
f 3375/3375/3375 3314/3314/3314 3312/3312/3312
f 3312/3312/3312 3287/3287/3287 3375/3375/3375
f 3375/3375/3375 3287/3287/3287 3371/3371/3371
f 3371/3371/3371 3287/3287/3287 3286/3286/3286
f 3371/3371/3371 3286/3286/3286 3369/3369/3369
f 3369/3369/3369 3286/3286/3286 3366/3366/3366
f 3366/3366/3366 3286/3286/3286 3282/3282/3282
f 3366/3366/3366 3282/3282/3282 3364/3364/3364
f 3281/3281/3281 3386/3386/3386 3283/3283/3283
f 3283/3283/3283 3386/3386/3386 3394/3394/3394
f 3283/3283/3283 3394/3394/3394 3363/3363/3363
f 3363/3363/3363 3394/3394/3394 3233/3233/3233
f 3363/3363/3363 3233/3233/3233 3437/3437/3437
f 3437/3437/3437 3233/3233/3233 3237/3237/3237
f 3437/3437/3437 3237/3237/3237 3435/3435/3435
f 3435/3435/3435 3237/3237/3237 3431/3431/3431
f 3281/3281/3281 3279/3279/3279 3386/3386/3386
f 3386/3386/3386 3279/3279/3279 3275/3275/3275
f 3275/3275/3275 3279/3279/3279 3277/3277/3277
f 3386/3386/3386 3388/3388/3388 3394/3394/3394
f 3394/3394/3394 3388/3388/3388 3390/3390/3390
f 3394/3394/3394 3395/3395/3395 3233/3233/3233
f 3233/3233/3233 3395/3395/3395 3216/3216/3216
f 3216/3216/3216 3395/3395/3395 1877/1877/1877
f 3216/3216/3216 1877/1877/1877 3423/3423/3423
f 3423/3423/3423 1877/1877/1877 3420/3420/3420
f 3420/3420/3420 1877/1877/1877 3416/3416/3416
f 3420/3420/3420 3416/3416/3416 3418/3418/3418
f 3398/3398/3398 3400/3400/3400 3395/3395/3395
f 3395/3395/3395 3400/3400/3400 3404/3404/3404
f 3395/3395/3395 3404/3404/3404 1879/1879/1879
f 1879/1879/1879 3404/3404/3404 3412/3412/3412
f 3412/3412/3412 3404/3404/3404 3411/3411/3411
f 3411/3411/3411 3404/3404/3404 3407/3407/3407
f 3411/3411/3411 3407/3407/3407 3409/3409/3409
f 1879/1879/1879 1877/1877/1877 3395/3395/3395
f 3216/3216/3216 3423/3423/3423 3217/3217/3217
f 3217/3217/3217 3423/3423/3423 3425/3425/3425
f 3217/3217/3217 3425/3425/3425 3428/3428/3428
f 3437/3437/3437 3439/3439/3439 3363/3363/3363
f 3363/3363/3363 3439/3439/3439 3444/3444/3444
f 3444/3444/3444 3439/3439/3439 3441/3441/3441
f 3387/3387/3387 3273/3273/3273 3452/3452/3452
f 3452/3452/3452 3273/3273/3273 3298/3298/3298
f 3452/3452/3452 3298/3298/3298 3446/3446/3446
f 3446/3446/3446 3298/3298/3298 3294/3294/3294
f 3446/3446/3446 3450/3450/3450 3452/3452/3452
f 3452/3452/3452 3450/3450/3450 3387/3387/3387
f 1837/1837/1837 1902/1902/1902 3465/3465/3465
f 3465/3465/3465 1902/1902/1902 3453/3453/3453
f 3465/3465/3465 3453/3453/3453 3464/3464/3464
f 3464/3464/3464 3453/3453/3453 3456/3456/3456
f 3464/3464/3464 3456/3456/3456 3463/3463/3463
f 3463/3463/3463 3456/3456/3456 3457/3457/3457
f 3463/3463/3463 3457/3457/3457 1842/1842/1842
f 1842/1842/1842 3457/3457/3457 1843/1843/1843
f 1843/1843/1843 3457/3457/3457 3459/3459/3459
f 3463/3463/3463 1842/1842/1842 3464/3464/3464
f 3464/3464/3464 1842/1842/1842 1839/1839/1839
f 3464/3464/3464 1839/1839/1839 3465/3465/3465
f 3465/3465/3465 1839/1839/1839 1837/1837/1837
f 3478/3478/3478 3461/3461/3461 3482/3482/3482
f 3482/3482/3482 3461/3461/3461 3458/3458/3458
f 3482/3482/3482 3458/3458/3458 3455/3455/3455
f 3482/3482/3482 3455/3455/3455 3481/3481/3481
f 3481/3481/3481 3455/3455/3455 3454/3454/3454
f 3481/3481/3481 3454/3454/3454 3480/3480/3480
f 3480/3480/3480 3454/3454/3454 1901/1901/1901
f 3480/3480/3480 1901/1901/1901 1898/1898/1898
f 3480/3480/3480 1898/1898/1898 3483/3483/3483
f 3483/3483/3483 1898/1898/1898 1896/1896/1896
f 3483/3483/3483 1896/1896/1896 3486/3486/3486
f 3486/3486/3486 1896/1896/1896 1894/1894/1894
f 3486/3486/3486 1894/1894/1894 3489/3489/3489
f 3489/3489/3489 1894/1894/1894 1891/1891/1891
f 3489/3489/3489 1891/1891/1891 3466/3466/3466
f 3489/3489/3489 3466/3466/3466 3490/3490/3490
f 3490/3490/3490 3466/3466/3466 3469/3469/3469
f 3490/3490/3490 3469/3469/3469 3491/3491/3491
f 3491/3491/3491 3469/3469/3469 3470/3470/3470
f 3491/3491/3491 3470/3470/3470 3474/3474/3474
f 3491/3491/3491 3474/3474/3474 3488/3488/3488
f 3488/3488/3488 3474/3474/3474 3476/3476/3476
f 3488/3488/3488 3476/3476/3476 3485/3485/3485
f 3485/3485/3485 3476/3476/3476 3478/3478/3478
f 3485/3485/3485 3478/3478/3478 3482/3482/3482
f 3485/3485/3485 3482/3482/3482 3481/3481/3481
f 3481/3481/3481 3480/3480/3480 3484/3484/3484
f 3484/3484/3484 3480/3480/3480 3483/3483/3483
f 3484/3484/3484 3483/3483/3483 3487/3487/3487
f 3487/3487/3487 3483/3483/3483 3486/3486/3486
f 3487/3487/3487 3486/3486/3486 3490/3490/3490
f 3490/3490/3490 3486/3486/3486 3489/3489/3489
f 3488/3488/3488 3485/3485/3485 3484/3484/3484
f 3484/3484/3484 3485/3485/3485 3481/3481/3481
f 3488/3488/3488 3484/3484/3484 3487/3487/3487
f 3491/3491/3491 3488/3488/3488 3487/3487/3487
f 3491/3491/3491 3487/3487/3487 3490/3490/3490
f 1887/1887/1887 1886/1886/1886 3507/3507/3507
f 3507/3507/3507 1886/1886/1886 3493/3493/3493
f 3507/3507/3507 3493/3493/3493 3506/3506/3506
f 3506/3506/3506 3493/3493/3493 3505/3505/3505
f 3506/3506/3506 3505/3505/3505 3467/3467/3467
f 3467/3467/3467 3505/3505/3505 3468/3468/3468
f 3468/3468/3468 3505/3505/3505 3504/3504/3504
f 3468/3468/3468 3504/3504/3504 3502/3502/3502
f 3502/3502/3502 3504/3504/3504 3500/3500/3500
f 3500/3500/3500 3504/3504/3504 3495/3495/3495
f 3500/3500/3500 3495/3495/3495 3497/3497/3497
f 3493/3493/3493 3495/3495/3495 3505/3505/3505
f 3505/3505/3505 3495/3495/3495 3504/3504/3504
f 3502/3502/3502 3471/3471/3471 3468/3468/3468
f 3506/3506/3506 3467/3467/3467 3507/3507/3507
f 3507/3507/3507 3467/3467/3467 1893/1893/1893
f 3507/3507/3507 1893/1893/1893 1889/1889/1889
f 1889/1889/1889 1887/1887/1887 3507/3507/3507
f 1883/1883/1883 1880/1880/1880 3514/3514/3514
f 3514/3514/3514 1880/1880/1880 3413/3413/3413
f 3514/3514/3514 3413/3413/3413 3513/3513/3513
f 3513/3513/3513 3413/3413/3413 3410/3410/3410
f 3513/3513/3513 3410/3410/3410 3512/3512/3512
f 3512/3512/3512 3410/3410/3410 3511/3511/3511
f 3512/3512/3512 3511/3511/3511 3520/3520/3520
f 3520/3520/3520 3511/3511/3511 3521/3521/3521
f 3520/3520/3520 3521/3521/3521 3515/3515/3515
f 3515/3515/3515 3521/3521/3521 3510/3510/3510
f 3515/3515/3515 3510/3510/3510 3494/3494/3494
f 3494/3494/3494 3510/3510/3510 3498/3498/3498
f 3498/3498/3498 3510/3510/3510 3509/3509/3509
f 3509/3509/3509 3510/3510/3510 3521/3521/3521
f 3509/3509/3509 3521/3521/3521 3511/3511/3511
f 3410/3410/3410 3408/3408/3408 3511/3511/3511
f 3511/3511/3511 3408/3408/3408 3406/3406/3406
f 3511/3511/3511 3406/3406/3406 3509/3509/3509
f 3494/3494/3494 3492/3492/3492 3515/3515/3515
f 3515/3515/3515 3492/3492/3492 3516/3516/3516
f 3515/3515/3515 3516/3516/3516 3520/3520/3520
f 3520/3520/3520 3516/3516/3516 3519/3519/3519
f 3520/3520/3520 3519/3519/3519 3512/3512/3512
f 3512/3512/3512 3519/3519/3519 3513/3513/3513
f 3516/3516/3516 3492/3492/3492 3517/3517/3517
f 3517/3517/3517 3492/3492/3492 1884/1884/1884
f 3517/3517/3517 1884/1884/1884 1883/1883/1883
f 1883/1883/1883 3518/3518/3518 3517/3517/3517
f 3517/3517/3517 3518/3518/3518 3519/3519/3519
f 3517/3517/3517 3519/3519/3519 3516/3516/3516
f 3519/3519/3519 3518/3518/3518 3513/3513/3513
f 3513/3513/3513 3518/3518/3518 3514/3514/3514
f 3518/3518/3518 1883/1883/1883 3514/3514/3514
f 3402/3402/3402 3401/3401/3401 3535/3535/3535
f 3535/3535/3535 3401/3401/3401 3537/3537/3537
f 3535/3535/3535 3537/3537/3537 3529/3529/3529
f 3529/3529/3529 3537/3537/3537 3527/3527/3527
f 3527/3527/3527 3537/3537/3537 3523/3523/3523
f 3527/3527/3527 3523/3523/3523 3524/3524/3524
f 3401/3401/3401 3399/3399/3399 3537/3537/3537
f 3537/3537/3537 3399/3399/3399 3523/3523/3523
f 3399/3399/3399 3397/3397/3397 3523/3523/3523
f 3529/3529/3529 3533/3533/3533 3535/3535/3535
f 3547/3547/3547 3531/3531/3531 3549/3549/3549
f 3549/3549/3549 3531/3531/3531 3530/3530/3530
f 3549/3549/3549 3530/3530/3530 3528/3528/3528
f 3528/3528/3528 3526/3526/3526 3549/3549/3549
f 3549/3549/3549 3526/3526/3526 3542/3542/3542
f 3549/3549/3549 3542/3542/3542 3544/3544/3544
f 3526/3526/3526 3540/3540/3540 3542/3542/3542
f 3544/3544/3544 3547/3547/3547 3549/3549/3549
f 3578/3578/3578 3553/3553/3553 3580/3580/3580
f 3580/3580/3580 3553/3553/3553 3554/3554/3554
f 3580/3580/3580 3554/3554/3554 3581/3581/3581
f 3581/3581/3581 3554/3554/3554 3556/3556/3556
f 3581/3581/3581 3556/3556/3556 3582/3582/3582
f 3582/3582/3582 3556/3556/3556 3558/3558/3558
f 3582/3582/3582 3558/3558/3558 3583/3583/3583
f 3583/3583/3583 3558/3558/3558 3564/3564/3564
f 3583/3583/3583 3564/3564/3564 3566/3566/3566
f 3558/3558/3558 3562/3562/3562 3564/3564/3564
f 3570/3570/3570 3572/3572/3572 3566/3566/3566
f 3566/3566/3566 3572/3572/3572 3583/3583/3583
f 3583/3583/3583 3572/3572/3572 3582/3582/3582
f 3582/3582/3582 3572/3572/3572 3573/3573/3573
f 3582/3582/3582 3573/3573/3573 3581/3581/3581
f 3581/3581/3581 3573/3573/3573 3576/3576/3576
f 3581/3581/3581 3576/3576/3576 3580/3580/3580
f 3580/3580/3580 3576/3576/3576 3578/3578/3578
f 3601/3601/3601 3551/3551/3551 3603/3603/3603
f 3603/3603/3603 3551/3551/3551 3579/3579/3579
f 3603/3603/3603 3579/3579/3579 3584/3584/3584
f 3584/3584/3584 3586/3586/3586 3603/3603/3603
f 3603/3603/3603 3586/3586/3586 3591/3591/3591
f 3603/3603/3603 3591/3591/3591 3594/3594/3594
f 3586/3586/3586 3589/3589/3589 3591/3591/3591
f 3596/3596/3596 3600/3600/3600 3594/3594/3594
f 3594/3594/3594 3600/3600/3600 3603/3603/3603
f 3600/3600/3600 3601/3601/3601 3603/3603/3603
f 3568/3568/3568 3565/3565/3565 3604/3604/3604
f 3604/3604/3604 3565/3565/3565 3606/3606/3606
f 3604/3604/3604 3606/3606/3606 3541/3541/3541
f 3541/3541/3541 3606/3606/3606 3543/3543/3543
f 3543/3543/3543 3606/3606/3606 3545/3545/3545
f 3545/3545/3545 3606/3606/3606 3560/3560/3560
f 3560/3560/3560 3606/3606/3606 3563/3563/3563
f 3563/3563/3563 3606/3606/3606 3565/3565/3565
f 3541/3541/3541 3539/3539/3539 3604/3604/3604
f 1957/1957/1957 3607/3607/3607 1959/1959/1959
f 1959/1959/1959 3607/3607/3607 3611/3611/3611
f 1959/1959/1959 3611/3611/3611 3613/3613/3613
f 1959/1959/1959 3613/3613/3613 3620/3620/3620
f 3620/3620/3620 3613/3613/3613 3615/3615/3615
f 3620/3620/3620 3615/3615/3615 3619/3619/3619
f 2004/2004/2004 2002/2002/2002 3619/3619/3619
f 3619/3619/3619 2002/2002/2002 2000/2000/2000
f 3619/3619/3619 2000/2000/2000 1964/1964/1964
f 3619/3619/3619 1964/1964/1964 3620/3620/3620
f 3620/3620/3620 1964/1964/1964 1961/1961/1961
f 3620/3620/3620 1961/1961/1961 1959/1959/1959
f 3588/3588/3588 3618/3618/3618 3621/3621/3621
f 3621/3621/3621 3618/3618/3618 3614/3614/3614
f 3621/3621/3621 3614/3614/3614 3612/3612/3612
f 3612/3612/3612 3609/3609/3609 3621/3621/3621
f 3621/3621/3621 3609/3609/3609 3593/3593/3593
f 3621/3621/3621 3593/3593/3593 3592/3592/3592
f 3609/3609/3609 3597/3597/3597 3593/3593/3593
f 3592/3592/3592 3588/3588/3588 3621/3621/3621
f 3534/3534/3534 3499/3499/3499 3622/3622/3622
f 3622/3622/3622 3499/3499/3499 3508/3508/3508
f 3622/3622/3622 3508/3508/3508 3405/3405/3405
f 3405/3405/3405 3403/3403/3403 3622/3622/3622
f 3622/3622/3622 3403/3403/3403 3536/3536/3536
f 3622/3622/3622 3536/3536/3536 3534/3534/3534
f 3548/3548/3548 3472/3472/3472 3623/3623/3623
f 3623/3623/3623 3472/3472/3472 3503/3503/3503
f 3623/3623/3623 3503/3503/3503 3501/3501/3501
f 3501/3501/3501 3496/3496/3496 3623/3623/3623
f 3623/3623/3623 3496/3496/3496 3532/3532/3532
f 3623/3623/3623 3532/3532/3532 3548/3548/3548
f 3555/3555/3555 3550/3550/3550 3626/3626/3626
f 3626/3626/3626 3550/3550/3550 3462/3462/3462
f 3626/3626/3626 3462/3462/3462 3479/3479/3479
f 3626/3626/3626 3479/3479/3479 3625/3625/3625
f 3625/3625/3625 3479/3479/3479 3477/3477/3477
f 3625/3625/3625 3477/3477/3477 3627/3627/3627
f 3627/3627/3627 3477/3477/3477 3624/3624/3624
f 3627/3627/3627 3624/3624/3624 3557/3557/3557
f 3557/3557/3557 3624/3624/3624 3559/3559/3559
f 3559/3559/3559 3624/3624/3624 3628/3628/3628
f 3559/3559/3559 3628/3628/3628 3561/3561/3561
f 3561/3561/3561 3628/3628/3628 3546/3546/3546
f 3546/3546/3546 3628/3628/3628 3473/3473/3473
f 3473/3473/3473 3628/3628/3628 3475/3475/3475
f 3475/3475/3475 3628/3628/3628 3624/3624/3624
f 3475/3475/3475 3624/3624/3624 3477/3477/3477
f 3627/3627/3627 3557/3557/3557 3625/3625/3625
f 3625/3625/3625 3557/3557/3557 3555/3555/3555
f 3625/3625/3625 3555/3555/3555 3626/3626/3626
f 3598/3598/3598 1846/1846/1846 3629/3629/3629
f 3629/3629/3629 1846/1846/1846 3460/3460/3460
f 3629/3629/3629 3460/3460/3460 3552/3552/3552
f 3552/3552/3552 3602/3602/3602 3629/3629/3629
f 3629/3629/3629 3602/3602/3602 3599/3599/3599
f 3629/3629/3629 3599/3599/3599 3598/3598/3598
f 1977/1977/1977 1847/1847/1847 3630/3630/3630
f 3630/3630/3630 1847/1847/1847 1845/1845/1845
f 3630/3630/3630 1845/1845/1845 3595/3595/3595
f 3595/3595/3595 3610/3610/3610 3630/3630/3630
f 3630/3630/3630 3610/3610/3610 1977/1977/1977
f 1977/1977/1977 3610/3610/3610 1980/1980/1980
f 1980/1980/1980 3610/3610/3610 3608/3608/3608
f 1980/1980/1980 3608/3608/3608 1982/1982/1982
f 1982/1982/1982 3608/3608/3608 1955/1955/1955
f 2016/2016/2016 3633/3633/3633 2018/2018/2018
f 2018/2018/2018 3633/3633/3633 3636/3636/3636
f 2018/2018/2018 3636/3636/3636 3644/3644/3644
f 3644/3644/3644 3636/3636/3636 3637/3637/3637
f 3644/3644/3644 3637/3637/3637 3640/3640/3640
f 2016/2016/2016 2015/2015/2015 3633/3633/3633
f 3633/3633/3633 2015/2015/2015 2011/2011/2011
f 3644/3644/3644 3640/3640/3640 2044/2044/2044
f 2044/2044/2044 3640/3640/3640 3643/3643/3643
f 2044/2044/2044 3643/3643/3643 2035/2035/2035
f 2044/2044/2044 2018/2018/2018 3644/3644/3644
f 3671/3671/3671 3645/3645/3645 3677/3677/3677
f 3677/3677/3677 3645/3645/3645 3649/3649/3649
f 3677/3677/3677 3649/3649/3649 3676/3676/3676
f 3676/3676/3676 3649/3649/3649 3651/3651/3651
f 3676/3676/3676 3651/3651/3651 3675/3675/3675
f 3675/3675/3675 3651/3651/3651 3652/3652/3652
f 3675/3675/3675 3652/3652/3652 3678/3678/3678
f 3678/3678/3678 3652/3652/3652 3661/3661/3661
f 3678/3678/3678 3661/3661/3661 3663/3663/3663
f 3656/3656/3656 3658/3658/3658 3652/3652/3652
f 3652/3652/3652 3658/3658/3658 3661/3661/3661
f 3663/3663/3663 3666/3666/3666 3678/3678/3678
f 3678/3678/3678 3666/3666/3666 3675/3675/3675
f 3666/3666/3666 3667/3667/3667 3675/3675/3675
f 3675/3675/3675 3667/3667/3667 3676/3676/3676
f 3667/3667/3667 3670/3670/3670 3676/3676/3676
f 3676/3676/3676 3670/3670/3670 3677/3677/3677
f 3670/3670/3670 3671/3671/3671 3677/3677/3677
f 3646/3646/3646 3673/3673/3673 3698/3698/3698
f 3698/3698/3698 3673/3673/3673 3680/3680/3680
f 3698/3698/3698 3680/3680/3680 3682/3682/3682
f 3685/3685/3685 3688/3688/3688 3682/3682/3682
f 3682/3682/3682 3688/3688/3688 3698/3698/3698
f 3688/3688/3688 3690/3690/3690 3698/3698/3698
f 3698/3698/3698 3690/3690/3690 3695/3695/3695
f 3698/3698/3698 3695/3695/3695 3697/3697/3697
f 3690/3690/3690 3692/3692/3692 3695/3695/3695
f 3697/3697/3697 3646/3646/3646 3698/3698/3698
f 3691/3691/3691 3689/3689/3689 3634/3634/3634
f 3634/3634/3634 3689/3689/3689 3699/3699/3699
f 3634/3634/3634 3699/3699/3699 3635/3635/3635
f 3635/3635/3635 3699/3699/3699 3638/3638/3638
f 3638/3638/3638 3699/3699/3699 3683/3683/3683
f 3638/3638/3638 3683/3683/3683 3639/3639/3639
f 3689/3689/3689 3687/3687/3687 3699/3699/3699
f 3699/3699/3699 3687/3687/3687 3683/3683/3683
f 3700/3700/3700 3703/3703/3703 3716/3716/3716
f 3716/3716/3716 3703/3703/3703 3718/3718/3718
f 3716/3716/3716 3718/3718/3718 3714/3714/3714
f 3714/3714/3714 3718/3718/3718 3711/3711/3711
f 3711/3711/3711 3718/3718/3718 3448/3448/3448
f 3711/3711/3711 3448/3448/3448 3708/3708/3708
f 3703/3703/3703 3705/3705/3705 3718/3718/3718
f 3718/3718/3718 3705/3705/3705 3448/3448/3448
f 3393/3393/3393 3391/3391/3391 3719/3719/3719
f 3719/3719/3719 3391/3391/3391 3721/3721/3721
f 3719/3719/3719 3721/3721/3721 3704/3704/3704
f 3704/3704/3704 3721/3721/3721 3706/3706/3706
f 3706/3706/3706 3721/3721/3721 3451/3451/3451
f 3706/3706/3706 3451/3451/3451 3447/3447/3447
f 3391/3391/3391 3389/3389/3389 3721/3721/3721
f 3721/3721/3721 3389/3389/3389 3451/3451/3451
f 3389/3389/3389 3385/3385/3385 3451/3451/3451
f 3704/3704/3704 3701/3701/3701 3719/3719/3719
f 3715/3715/3715 3713/3713/3713 3723/3723/3723
f 3723/3723/3723 3713/3713/3713 3724/3724/3724
f 3723/3723/3723 3724/3724/3724 3659/3659/3659
f 3659/3659/3659 3724/3724/3724 3660/3660/3660
f 3660/3660/3660 3724/3724/3724 3710/3710/3710
f 3660/3660/3660 3710/3710/3710 3662/3662/3662
f 3713/3713/3713 3712/3712/3712 3724/3724/3724
f 3724/3724/3724 3712/3712/3712 3710/3710/3710
f 3659/3659/3659 3654/3654/3654 3723/3723/3723
f 2116/2116/2116 3725/3725/3725 2121/2121/2121
f 2121/2121/2121 3725/3725/3725 3641/3641/3641
f 2121/2121/2121 3641/3641/3641 3686/3686/3686
f 2116/2116/2116 2042/2042/2042 3725/3725/3725
f 3725/3725/3725 2042/2042/2042 3641/3641/3641
f 2042/2042/2042 2039/2039/2039 3641/3641/3641
f 3641/3641/3641 2039/2039/2039 3642/3642/3642
f 3642/3642/3642 2039/2039/2039 2037/2037/2037
f 3642/3642/3642 2037/2037/2037 2034/2034/2034
f 2120/2120/2120 3726/3726/3726 3259/3259/3259
f 3259/3259/3259 3726/3726/3726 3679/3679/3679
f 3259/3259/3259 3679/3679/3679 3674/3674/3674
f 2123/2123/2123 3684/3684/3684 3726/3726/3726
f 3726/3726/3726 3684/3684/3684 3681/3681/3681
f 3726/3726/3726 3681/3681/3681 3679/3679/3679
f 3260/3260/3260 3672/3672/3672 3729/3729/3729
f 3729/3729/3729 3672/3672/3672 3669/3669/3669
f 3729/3729/3729 3669/3669/3669 3730/3730/3730
f 3730/3730/3730 3669/3669/3669 3668/3668/3668
f 3730/3730/3730 3668/3668/3668 3731/3731/3731
f 3731/3731/3731 3668/3668/3668 3665/3665/3665
f 3731/3731/3731 3665/3665/3665 3728/3728/3728
f 3728/3728/3728 3665/3665/3665 3727/3727/3727
f 3728/3728/3728 3727/3727/3727 3339/3339/3339
f 3339/3339/3339 3727/3727/3727 3323/3323/3323
f 3323/3323/3323 3727/3727/3727 3664/3664/3664
f 3323/3323/3323 3664/3664/3664 3707/3707/3707
f 3665/3665/3665 3664/3664/3664 3727/3727/3727
f 3339/3339/3339 3337/3337/3337 3728/3728/3728
f 3728/3728/3728 3337/3337/3337 3731/3731/3731
f 3731/3731/3731 3337/3337/3337 3730/3730/3730
f 3730/3730/3730 3337/3337/3337 3335/3335/3335
f 3730/3730/3730 3335/3335/3335 3729/3729/3729
f 3729/3729/3729 3335/3335/3335 3260/3260/3260
f 3449/3449/3449 3296/3296/3296 3732/3732/3732
f 3732/3732/3732 3296/3296/3296 3329/3329/3329
f 3732/3732/3732 3329/3329/3329 3327/3327/3327
f 3326/3326/3326 3709/3709/3709 3327/3327/3327
f 3327/3327/3327 3709/3709/3709 3732/3732/3732
f 3709/3709/3709 3449/3449/3449 3732/3732/3732
f 2007/2007/2007 2006/2006/2006 3739/3739/3739
f 3739/3739/3739 2006/2006/2006 3617/3617/3617
f 3739/3739/3739 3617/3617/3617 3734/3734/3734
f 3734/3734/3734 3736/3736/3736 3739/3739/3739
f 3739/3739/3739 3736/3736/3736 3740/3740/3740
f 3739/3739/3739 3740/3740/3740 2007/2007/2007
f 2007/2007/2007 3740/3740/3740 2009/2009/2009
f 2009/2009/2009 3740/3740/3740 3741/3741/3741
f 2009/2009/2009 3741/3741/3741 2013/2013/2013
f 2013/2013/2013 3741/3741/3741 3738/3738/3738
f 2013/2013/2013 3738/3738/3738 3631/3631/3631
f 3740/3740/3740 3736/3736/3736 3741/3741/3741
f 3741/3741/3741 3736/3736/3736 3738/3738/3738
f 3575/3575/3575 3788/3788/3788 3577/3577/3577
f 3577/3577/3577 3788/3788/3788 3733/3733/3733
f 3577/3577/3577 3733/3733/3733 3585/3585/3585
f 3585/3585/3585 3733/3733/3733 3587/3587/3587
f 3587/3587/3587 3733/3733/3733 3590/3590/3590
f 3590/3590/3590 3733/3733/3733 3616/3616/3616
f 3574/3574/3574 3757/3757/3757 3575/3575/3575
f 3575/3575/3575 3757/3757/3757 3761/3761/3761
f 3575/3575/3575 3761/3761/3761 3787/3787/3787
f 3787/3787/3787 3761/3761/3761 3786/3786/3786
f 3787/3787/3787 3786/3786/3786 3795/3795/3795
f 3795/3795/3795 3786/3786/3786 3790/3790/3790
f 3795/3795/3795 3790/3790/3790 3789/3789/3789
f 3789/3789/3789 3790/3790/3790 3791/3791/3791
f 3789/3789/3789 3791/3791/3791 3785/3785/3785
f 3785/3785/3785 3791/3791/3791 3794/3794/3794
f 3785/3785/3785 3794/3794/3794 3737/3737/3737
f 3737/3737/3737 3794/3794/3794 3792/3792/3792
f 3737/3737/3737 3792/3792/3792 3647/3647/3647
f 3647/3647/3647 3792/3792/3792 3648/3648/3648
f 3648/3648/3648 3792/3792/3792 3793/3793/3793
f 3648/3648/3648 3793/3793/3793 3765/3765/3765
f 3765/3765/3765 3793/3793/3793 3784/3784/3784
f 3765/3765/3765 3784/3784/3784 3762/3762/3762
f 3762/3762/3762 3784/3784/3784 3791/3791/3791
f 3762/3762/3762 3791/3791/3791 3790/3790/3790
f 3571/3571/3571 3752/3752/3752 3574/3574/3574
f 3574/3574/3574 3752/3752/3752 3754/3754/3754
f 3574/3574/3574 3754/3754/3754 3757/3757/3757
f 3567/3567/3567 3742/3742/3742 3571/3571/3571
f 3571/3571/3571 3742/3742/3742 3750/3750/3750
f 3571/3571/3571 3750/3750/3750 3752/3752/3752
f 3742/3742/3742 3744/3744/3744 3750/3750/3750
f 3750/3750/3750 3744/3744/3744 3746/3746/3746
f 3761/3761/3761 3762/3762/3762 3786/3786/3786
f 3786/3786/3786 3762/3762/3762 3790/3790/3790
f 3765/3765/3765 3769/3769/3769 3648/3648/3648
f 3648/3648/3648 3769/3769/3769 3771/3771/3771
f 3648/3648/3648 3771/3771/3771 3650/3650/3650
f 3650/3650/3650 3771/3771/3771 3773/3773/3773
f 3650/3650/3650 3773/3773/3773 3653/3653/3653
f 3653/3653/3653 3773/3773/3773 3775/3775/3775
f 3653/3653/3653 3775/3775/3775 3782/3782/3782
f 3782/3782/3782 3775/3775/3775 3781/3781/3781
f 3781/3781/3781 3775/3775/3775 3777/3777/3777
f 3782/3782/3782 3657/3657/3657 3653/3653/3653
f 3647/3647/3647 3696/3696/3696 3737/3737/3737
f 3737/3737/3737 3696/3696/3696 3694/3694/3694
f 3737/3737/3737 3694/3694/3694 3693/3693/3693
f 3693/3693/3693 3632/3632/3632 3737/3737/3737
f 3737/3737/3737 3735/3735/3735 3785/3785/3785
f 3785/3785/3785 3735/3735/3735 3789/3789/3789
f 3789/3789/3789 3735/3735/3735 3795/3795/3795
f 3795/3795/3795 3735/3735/3735 3733/3733/3733
f 3795/3795/3795 3733/3733/3733 3788/3788/3788
f 3795/3795/3795 3788/3788/3788 3787/3787/3787
f 3787/3787/3787 3788/3788/3788 3575/3575/3575
f 3784/3784/3784 3793/3793/3793 3792/3792/3792
f 3791/3791/3791 3784/3784/3784 3794/3794/3794
f 3794/3794/3794 3784/3784/3784 3792/3792/3792
f 3522/3522/3522 3826/3826/3826 3525/3525/3525
f 3525/3525/3525 3826/3826/3826 3747/3747/3747
f 3525/3525/3525 3747/3747/3747 3538/3538/3538
f 3538/3538/3538 3747/3747/3747 3745/3745/3745
f 3538/3538/3538 3745/3745/3745 3743/3743/3743
f 3826/3826/3826 3522/3522/3522 3825/3825/3825
f 3825/3825/3825 3522/3522/3522 3396/3396/3396
f 3825/3825/3825 3396/3396/3396 3822/3822/3822
f 3822/3822/3822 3396/3396/3396 3820/3820/3820
f 3820/3820/3820 3396/3396/3396 3818/3818/3818
f 3818/3818/3818 3396/3396/3396 3816/3816/3816
f 3816/3816/3816 3396/3396/3396 3812/3812/3812
f 3812/3812/3812 3396/3396/3396 3392/3392/3392
f 3812/3812/3812 3392/3392/3392 3809/3809/3809
f 3809/3809/3809 3392/3392/3392 3807/3807/3807
f 3807/3807/3807 3392/3392/3392 3806/3806/3806
f 3806/3806/3806 3392/3392/3392 3804/3804/3804
f 3804/3804/3804 3392/3392/3392 3802/3802/3802
f 3802/3802/3802 3392/3392/3392 3800/3800/3800
f 3800/3800/3800 3392/3392/3392 3720/3720/3720
f 3800/3800/3800 3720/3720/3720 3797/3797/3797
f 3797/3797/3797 3720/3720/3720 3702/3702/3702
f 3797/3797/3797 3702/3702/3702 3778/3778/3778
f 3778/3778/3778 3702/3702/3702 3717/3717/3717
f 3778/3778/3778 3717/3717/3717 3780/3780/3780
f 3780/3780/3780 3717/3717/3717 3783/3783/3783
f 3783/3783/3783 3717/3717/3717 3722/3722/3722
f 3783/3783/3783 3722/3722/3722 3655/3655/3655
f 3569/3569/3569 3605/3605/3605 3743/3743/3743
f 3743/3743/3743 3605/3605/3605 3538/3538/3538
f 3767/3767/3767 3766/3766/3766 3854/3854/3854
f 3854/3854/3854 3766/3766/3766 3855/3855/3855
f 3854/3854/3854 3855/3855/3855 3852/3852/3852
f 3852/3852/3852 3855/3855/3855 3849/3849/3849
f 3849/3849/3849 3855/3855/3855 3847/3847/3847
f 3847/3847/3847 3855/3855/3855 3856/3856/3856
f 3847/3847/3847 3856/3856/3856 3845/3845/3845
f 3845/3845/3845 3856/3856/3856 3857/3857/3857
f 3845/3845/3845 3857/3857/3857 3839/3839/3839
f 3839/3839/3839 3857/3857/3857 3837/3837/3837
f 3837/3837/3837 3857/3857/3857 3832/3832/3832
f 3837/3837/3837 3832/3832/3832 3834/3834/3834
f 3766/3766/3766 3828/3828/3828 3855/3855/3855
f 3855/3855/3855 3828/3828/3828 3830/3830/3830
f 3855/3855/3855 3830/3830/3830 3856/3856/3856
f 3856/3856/3856 3830/3830/3830 3857/3857/3857
f 3830/3830/3830 3832/3832/3832 3857/3857/3857
f 3839/3839/3839 3844/3844/3844 3845/3845/3845
f 3861/3861/3861 3869/3869/3869 3859/3859/3859
f 3859/3859/3859 3869/3869/3869 3870/3870/3870
f 3859/3859/3859 3870/3870/3870 3835/3835/3835
f 3835/3835/3835 3870/3870/3870 3838/3838/3838
f 3838/3838/3838 3870/3870/3870 3840/3840/3840
f 3840/3840/3840 3870/3870/3870 3841/3841/3841
f 3841/3841/3841 3870/3870/3870 3869/3869/3869
f 3841/3841/3841 3869/3869/3869 3863/3863/3863
f 3863/3863/3863 3869/3869/3869 3861/3861/3861
f 3863/3863/3863 3868/3868/3868 3841/3841/3841
f 3873/3873/3873 3875/3875/3875 3896/3896/3896
f 3896/3896/3896 3875/3875/3875 3898/3898/3898
f 3896/3896/3896 3898/3898/3898 3895/3895/3895
f 3895/3895/3895 3898/3898/3898 3892/3892/3892
f 3892/3892/3892 3898/3898/3898 3899/3899/3899
f 3892/3892/3892 3899/3899/3899 3890/3890/3890
f 3890/3890/3890 3899/3899/3899 3900/3900/3900
f 3890/3890/3890 3900/3900/3900 3889/3889/3889
f 3889/3889/3889 3900/3900/3900 3862/3862/3862
f 3889/3889/3889 3862/3862/3862 3860/3860/3860
f 3875/3875/3875 3877/3877/3877 3898/3898/3898
f 3898/3898/3898 3877/3877/3877 3882/3882/3882
f 3898/3898/3898 3882/3882/3882 3899/3899/3899
f 3899/3899/3899 3882/3882/3882 3884/3884/3884
f 3899/3899/3899 3884/3884/3884 3900/3900/3900
f 3900/3900/3900 3884/3884/3884 3886/3886/3886
f 3900/3900/3900 3886/3886/3886 3864/3864/3864
f 3864/3864/3864 3886/3886/3886 3867/3867/3867
f 3877/3877/3877 3878/3878/3878 3882/3882/3882
f 3864/3864/3864 3862/3862/3862 3900/3900/3900
f 3871/3871/3871 3902/3902/3902 3874/3874/3874
f 3874/3874/3874 3902/3902/3902 3904/3904/3904
f 3874/3874/3874 3904/3904/3904 3876/3876/3876
f 3876/3876/3876 3904/3904/3904 3907/3907/3907
f 3876/3876/3876 3907/3907/3907 3881/3881/3881
f 3881/3881/3881 3907/3907/3907 3911/3911/3911
f 3914/3914/3914 3915/3915/3915 3937/3937/3937
f 3937/3937/3937 3915/3915/3915 3939/3939/3939
f 3937/3937/3937 3939/3939/3939 3936/3936/3936
f 3936/3936/3936 3939/3939/3939 3940/3940/3940
f 3936/3936/3936 3940/3940/3940 3934/3934/3934
f 3934/3934/3934 3940/3940/3940 3931/3931/3931
f 3931/3931/3931 3940/3940/3940 3929/3929/3929
f 3929/3929/3929 3940/3940/3940 3905/3905/3905
f 3929/3929/3929 3905/3905/3905 3903/3903/3903
f 3915/3915/3915 3918/3918/3918 3939/3939/3939
f 3939/3939/3939 3918/3918/3918 3924/3924/3924
f 3939/3939/3939 3924/3924/3924 3925/3925/3925
f 3918/3918/3918 3922/3922/3922 3924/3924/3924
f 3939/3939/3939 3925/3925/3925 3940/3940/3940
f 3940/3940/3940 3925/3925/3925 3927/3927/3927
f 3940/3940/3940 3927/3927/3927 3906/3906/3906
f 3906/3906/3906 3927/3927/3927 3908/3908/3908
f 3906/3906/3906 3905/3905/3905 3940/3940/3940
f 3944/3944/3944 3952/3952/3952 3942/3942/3942
f 3942/3942/3942 3952/3952/3952 3953/3953/3953
f 3942/3942/3942 3953/3953/3953 3916/3916/3916
f 3916/3916/3916 3953/3953/3953 3917/3917/3917
f 3917/3917/3917 3953/3953/3953 3921/3921/3921
f 3921/3921/3921 3953/3953/3953 3952/3952/3952
f 3921/3921/3921 3952/3952/3952 3947/3947/3947
f 3947/3947/3947 3952/3952/3952 3944/3944/3944
f 3947/3947/3947 3949/3949/3949 3921/3921/3921
f 3916/3916/3916 3913/3913/3913 3942/3942/3942
f 3756/3756/3756 3971/3971/3971 3759/3759/3759
f 3759/3759/3759 3971/3971/3971 3970/3970/3970
f 3759/3759/3759 3970/3970/3970 3972/3972/3972
f 3972/3972/3972 3970/3970/3970 3959/3959/3959
f 3972/3972/3972 3959/3959/3959 3960/3960/3960
f 3756/3756/3756 3954/3954/3954 3971/3971/3971
f 3971/3971/3971 3954/3954/3954 3956/3956/3956
f 3971/3971/3971 3956/3956/3956 3970/3970/3970
f 3970/3970/3970 3956/3956/3956 3959/3959/3959
f 3960/3960/3960 3962/3962/3962 3972/3972/3972
f 3972/3972/3972 3962/3962/3962 3945/3945/3945
f 3972/3972/3972 3945/3945/3945 3968/3968/3968
f 3968/3968/3968 3945/3945/3945 3967/3967/3967
f 3967/3967/3967 3945/3945/3945 3964/3964/3964
f 3964/3964/3964 3945/3945/3945 3943/3943/3943
f 3948/3948/3948 3946/3946/3946 3962/3962/3962
f 3962/3962/3962 3946/3946/3946 3945/3945/3945
f 3968/3968/3968 3759/3759/3759 3972/3972/3972
f 3760/3760/3760 3969/3969/3969 3763/3763/3763
f 3763/3763/3763 3969/3969/3969 3966/3966/3966
f 3763/3763/3763 3966/3966/3966 3965/3965/3965
f 3965/3965/3965 3941/3941/3941 3763/3763/3763
f 3763/3763/3763 3941/3941/3941 3912/3912/3912
f 3763/3763/3763 3912/3912/3912 3858/3858/3858
f 3858/3858/3858 3912/3912/3912 3872/3872/3872
f 3858/3858/3858 3872/3872/3872 3888/3888/3888
f 3888/3888/3888 3872/3872/3872 3891/3891/3891
f 3891/3891/3891 3872/3872/3872 3893/3893/3893
f 3893/3893/3893 3872/3872/3872 3894/3894/3894
f 3894/3894/3894 3872/3872/3872 3897/3897/3897
f 3872/3872/3872 3912/3912/3912 3901/3901/3901
f 3901/3901/3901 3912/3912/3912 3938/3938/3938
f 3901/3901/3901 3938/3938/3938 3935/3935/3935
f 3935/3935/3935 3933/3933/3933 3901/3901/3901
f 3901/3901/3901 3933/3933/3933 3932/3932/3932
f 3901/3901/3901 3932/3932/3932 3930/3930/3930
f 3858/3858/3858 3836/3836/3836 3763/3763/3763
f 3763/3763/3763 3836/3836/3836 3833/3833/3833
f 3763/3763/3763 3833/3833/3833 3831/3831/3831
f 3831/3831/3831 3829/3829/3829 3763/3763/3763
f 3763/3763/3763 3829/3829/3829 3764/3764/3764
f 3853/3853/3853 3851/3851/3851 3768/3768/3768
f 3768/3768/3768 3851/3851/3851 3988/3988/3988
f 3768/3768/3768 3988/3988/3988 3770/3770/3770
f 3770/3770/3770 3988/3988/3988 3772/3772/3772
f 3772/3772/3772 3988/3988/3988 3991/3991/3991
f 3772/3772/3772 3991/3991/3991 3774/3774/3774
f 3774/3774/3774 3991/3991/3991 3984/3984/3984
f 3774/3774/3774 3984/3984/3984 3776/3776/3776
f 3851/3851/3851 3850/3850/3850 3988/3988/3988
f 3988/3988/3988 3850/3850/3850 3987/3987/3987
f 3988/3988/3988 3987/3987/3987 3991/3991/3991
f 3991/3991/3991 3987/3987/3987 3990/3990/3990
f 3991/3991/3991 3990/3990/3990 3984/3984/3984
f 3984/3984/3984 3990/3990/3990 3982/3982/3982
f 3982/3982/3982 3990/3990/3990 3989/3989/3989
f 3982/3982/3982 3989/3989/3989 3978/3978/3978
f 3978/3978/3978 3989/3989/3989 3976/3976/3976
f 3976/3976/3976 3989/3989/3989 3986/3986/3986
f 3976/3976/3976 3986/3986/3986 3973/3973/3973
f 3973/3973/3973 3986/3986/3986 3842/3842/3842
f 3842/3842/3842 3986/3986/3986 3846/3846/3846
f 3846/3846/3846 3986/3986/3986 3987/3987/3987
f 3846/3846/3846 3987/3987/3987 3850/3850/3850
f 3850/3850/3850 3848/3848/3848 3846/3846/3846
f 3978/3978/3978 3979/3979/3979 3982/3982/3982
f 3990/3990/3990 3987/3987/3987 3986/3986/3986
f 3989/3989/3989 3990/3990/3990 3986/3986/3986
f 3992/3992/3992 3996/3996/3996 4001/4001/4001
f 4001/4001/4001 3996/3996/3996 4002/4002/4002
f 4001/4001/4001 4002/4002/4002 3983/3983/3983
f 3983/3983/3983 4002/4002/4002 3985/3985/3985
f 3985/3985/3985 4002/4002/4002 3796/3796/3796
f 3985/3985/3985 3796/3796/3796 3779/3779/3779
f 3996/3996/3996 3998/3998/3998 4002/4002/4002
f 4002/4002/4002 3998/3998/3998 3796/3796/3796
f 3998/3998/3998 3798/3798/3798 3796/3796/3796
f 3983/3983/3983 3980/3980/3980 4001/4001/4001
f 3799/3799/3799 3999/3999/3999 3801/3801/3801
f 3801/3801/3801 3999/3999/3999 4021/4021/4021
f 3801/3801/3801 4021/4021/4021 3803/3803/3803
f 3803/3803/3803 4021/4021/4021 4022/4022/4022
f 3803/3803/3803 4022/4022/4022 3805/3805/3805
f 3805/3805/3805 4022/4022/4022 3808/3808/3808
f 3808/3808/3808 4022/4022/4022 4023/4023/4023
f 3808/3808/3808 4023/4023/4023 4019/4019/4019
f 4019/4019/4019 4023/4023/4023 4017/4017/4017
f 4017/4017/4017 4023/4023/4023 4011/4011/4011
f 4017/4017/4017 4011/4011/4011 4014/4014/4014
f 3999/3999/3999 3997/3997/3997 4021/4021/4021
f 4021/4021/4021 3997/3997/3997 4004/4004/4004
f 4021/4021/4021 4004/4004/4004 4006/4006/4006
f 3997/3997/3997 3993/3993/3993 4004/4004/4004
f 4006/4006/4006 4008/4008/4008 4021/4021/4021
f 4021/4021/4021 4008/4008/4008 4022/4022/4022
f 4008/4008/4008 4009/4009/4009 4022/4022/4022
f 4022/4022/4022 4009/4009/4009 4023/4023/4023
f 4009/4009/4009 4011/4011/4011 4023/4023/4023
f 4019/4019/4019 3810/3810/3810 3808/3808/3808
f 4028/4028/4028 4032/4032/4032 4024/4024/4024
f 4024/4024/4024 4032/4032/4032 4033/4033/4033
f 4024/4024/4024 4033/4033/4033 4034/4034/4034
f 4034/4034/4034 4033/4033/4033 3811/3811/3811
f 4034/4034/4034 3811/3811/3811 4035/4035/4035
f 4035/4035/4035 3811/3811/3811 4036/4036/4036
f 4035/4035/4035 4036/4036/4036 4018/4018/4018
f 4018/4018/4018 4036/4036/4036 4020/4020/4020
f 4020/4020/4020 4036/4036/4036 3811/3811/3811
f 4028/4028/4028 4031/4031/4031 4032/4032/4032
f 4032/4032/4032 4031/4031/4031 4033/4033/4033
f 3813/3813/3813 3811/3811/3811 4031/4031/4031
f 4031/4031/4031 3811/3811/3811 4033/4033/4033
f 4015/4015/4015 4024/4024/4024 4018/4018/4018
f 4018/4018/4018 4024/4024/4024 4035/4035/4035
f 4035/4035/4035 4024/4024/4024 4034/4034/4034
f 3814/3814/3814 4030/4030/4030 3815/3815/3815
f 3815/3815/3815 4030/4030/4030 4055/4055/4055
f 3815/3815/3815 4055/4055/4055 3817/3817/3817
f 3817/3817/3817 4055/4055/4055 4056/4056/4056
f 3817/3817/3817 4056/4056/4056 3819/3819/3819
f 3819/3819/3819 4056/4056/4056 3821/3821/3821
f 3821/3821/3821 4056/4056/4056 4054/4054/4054
f 3821/3821/3821 4054/4054/4054 3824/3824/3824
f 4030/4030/4030 4029/4029/4029 4055/4055/4055
f 4055/4055/4055 4029/4029/4029 4037/4037/4037
f 4055/4055/4055 4037/4037/4037 4039/4039/4039
f 4029/4029/4029 4026/4026/4026 4037/4037/4037
f 4039/4039/4039 4041/4041/4041 4055/4055/4055
f 4055/4055/4055 4041/4041/4041 4056/4056/4056
f 4041/4041/4041 4044/4044/4044 4056/4056/4056
f 4056/4056/4056 4044/4044/4044 4045/4045/4045
f 4056/4056/4056 4045/4045/4045 4054/4054/4054
f 4054/4054/4054 4045/4045/4045 4051/4051/4051
f 4051/4051/4051 4045/4045/4045 4048/4048/4048
f 4058/4058/4058 4061/4061/4061 4064/4064/4064
f 4064/4064/4064 4061/4061/4061 4066/4066/4066
f 4064/4064/4064 4066/4066/4066 4052/4052/4052
f 4052/4052/4052 4066/4066/4066 4053/4053/4053
f 4053/4053/4053 4066/4066/4066 3827/3827/3827
f 4053/4053/4053 3827/3827/3827 3823/3823/3823
f 4061/4061/4061 4063/4063/4063 4066/4066/4066
f 4066/4066/4066 4063/4063/4063 3827/3827/3827
f 4063/4063/4063 3749/3749/3749 3827/3827/3827
f 4052/4052/4052 4049/4049/4049 4064/4064/4064
f 4072/4072/4072 3951/3951/3951 4077/4077/4077
f 4077/4077/4077 3951/3951/3951 3963/3963/3963
f 4077/4077/4077 3963/3963/3963 4076/4076/4076
f 4076/4076/4076 3963/3963/3963 3961/3961/3961
f 4076/4076/4076 3961/3961/3961 3958/3958/3958
f 3958/3958/3958 3957/3957/3957 4076/4076/4076
f 4076/4076/4076 3957/3957/3957 4074/4074/4074
f 4076/4076/4076 4074/4074/4074 4080/4080/4080
f 4080/4080/4080 4074/4074/4074 4081/4081/4081
f 4080/4080/4080 4081/4081/4081 4078/4078/4078
f 4078/4078/4078 4081/4081/4081 4073/4073/4073
f 4078/4078/4078 4073/4073/4073 4062/4062/4062
f 4062/4062/4062 4073/4073/4073 3748/3748/3748
f 3748/3748/3748 4073/4073/4073 3751/3751/3751
f 3751/3751/3751 4073/4073/4073 4081/4081/4081
f 3751/3751/3751 4081/4081/4081 3753/3753/3753
f 3753/3753/3753 4081/4081/4081 4074/4074/4074
f 3753/3753/3753 4074/4074/4074 3755/3755/3755
f 3755/3755/3755 4074/4074/4074 3758/3758/3758
f 3758/3758/3758 4074/4074/4074 3955/3955/3955
f 3955/3955/3955 4074/4074/4074 3957/3957/3957
f 4062/4062/4062 4060/4060/4060 4078/4078/4078
f 4078/4078/4078 4060/4060/4060 4079/4079/4079
f 4078/4078/4078 4079/4079/4079 4080/4080/4080
f 4080/4080/4080 4079/4079/4079 4075/4075/4075
f 4080/4080/4080 4075/4075/4075 4076/4076/4076
f 4076/4076/4076 4075/4075/4075 4077/4077/4077
f 4060/4060/4060 4057/4057/4057 4079/4079/4079
f 4079/4079/4079 4057/4057/4057 4068/4068/4068
f 4079/4079/4079 4068/4068/4068 4075/4075/4075
f 4075/4075/4075 4068/4068/4068 4070/4070/4070
f 4075/4075/4075 4070/4070/4070 4072/4072/4072
f 4075/4075/4075 4072/4072/4072 4077/4077/4077
f 3950/3950/3950 4071/4071/4071 3920/3920/3920
f 3920/3920/3920 4071/4071/4071 4069/4069/4069
f 3920/3920/3920 4069/4069/4069 4059/4059/4059
f 4059/4059/4059 4069/4069/4069 4067/4067/4067
f 4059/4059/4059 4065/4065/4065 3920/3920/3920
f 3920/3920/3920 4065/4065/4065 4047/4047/4047
f 4027/4027/4027 3910/3910/3910 4038/4038/4038
f 4038/4038/4038 3910/3910/3910 3928/3928/3928
f 4038/4038/4038 3928/3928/3928 4040/4040/4040
f 4040/4040/4040 3928/3928/3928 4042/4042/4042
f 4042/4042/4042 3928/3928/3928 3926/3926/3926
f 4042/4042/4042 3926/3926/3926 4043/4043/4043
f 4043/4043/4043 3926/3926/3926 3923/3923/3923
f 4043/4043/4043 3923/3923/3923 4046/4046/4046
f 4046/4046/4046 3923/3923/3923 3919/3919/3919
f 4046/4046/4046 3919/3919/3919 4050/4050/4050
f 3879/3879/3879 3909/3909/3909 4016/4016/4016
f 4016/4016/4016 3909/3909/3909 4025/4025/4025
f 3995/3995/3995 3865/3865/3865 4003/4003/4003
f 4003/4003/4003 3865/3865/3865 3887/3887/3887
f 4003/4003/4003 3887/3887/3887 4005/4005/4005
f 4005/4005/4005 3887/3887/3887 3885/3885/3885
f 4005/4005/4005 3885/3885/3885 4007/4007/4007
f 4007/4007/4007 3885/3885/3885 4010/4010/4010
f 4010/4010/4010 3885/3885/3885 3883/3883/3883
f 4010/4010/4010 3883/3883/3883 4012/4012/4012
f 4012/4012/4012 3883/3883/3883 4013/4013/4013
f 4013/4013/4013 3883/3883/3883 3880/3880/3880
f 3843/3843/3843 3866/3866/3866 3974/3974/3974
f 3974/3974/3974 3866/3866/3866 3975/3975/3975
f 3975/3975/3975 3866/3866/3866 3981/3981/3981
f 3975/3975/3975 3981/3981/3981 3977/3977/3977
f 3994/3994/3994 4000/4000/4000 3866/3866/3866
f 3866/3866/3866 4000/4000/4000 3981/3981/3981
f 224/224/224 222/222/222 1698/1698/1698
f 1698/1698/1698 222/222/222 1699/1699/1699
f 1699/1699/1699 222/222/222 221/221/221
f 1699/1699/1699 221/221/221 1691/1691/1691
f 1691/1691/1691 221/221/221 218/218/218
f 1691/1691/1691 218/218/218 4088/4088/4088
f 4088/4088/4088 218/218/218 4086/4086/4086
f 4086/4086/4086 218/218/218 4082/4082/4082
f 1691/1691/1691 1688/1688/1688 1699/1699/1699
f 1699/1699/1699 1688/1688/1688 1685/1685/1685
f 4087/4087/4087 4085/4085/4085 1690/1690/1690
f 1690/1690/1690 4085/4085/4085 4084/4084/4084
f 1690/1690/1690 4084/4084/4084 1679/1679/1679
f 1679/1679/1679 4084/4084/4084 4090/4090/4090
f 1679/1679/1679 4090/4090/4090 4092/4092/4092
f 1679/1679/1679 4092/4092/4092 1681/1681/1681
f 1681/1681/1681 4092/4092/4092 4095/4095/4095
f 1681/1681/1681 4095/4095/4095 1684/1684/1684
f 1684/1684/1684 4095/4095/4095 1667/1667/1667
f 1667/1667/1667 4095/4095/4095 1673/1673/1673
f 219/219/219 215/215/215 4083/4083/4083
f 4083/4083/4083 215/215/215 4091/4091/4091
f 214/214/214 212/212/212 4089/4089/4089
f 4089/4089/4089 212/212/212 4093/4093/4093
f 4093/4093/4093 212/212/212 210/210/210
f 4093/4093/4093 210/210/210 4094/4094/4094
f 4094/4094/4094 210/210/210 207/207/207
f 4094/4094/4094 207/207/207 1672/1672/1672
f 193/193/193 1656/1656/1656 195/195/195
f 195/195/195 1656/1656/1656 4096/4096/4096
f 195/195/195 4096/4096/4096 4098/4098/4098
f 1656/1656/1656 193/193/193 1647/1647/1647
f 1647/1647/1647 193/193/193 191/191/191
f 1647/1647/1647 191/191/191 1650/1650/1650
f 1650/1650/1650 191/191/191 188/188/188
f 1644/1644/1644 1659/1659/1659 1647/1647/1647
f 1647/1647/1647 1659/1659/1659 1656/1656/1656
f 4098/4098/4098 4101/4101/4101 195/195/195
f 196/196/196 4100/4100/4100 197/197/197
f 197/197/197 4100/4100/4100 4103/4103/4103
f 1675/1675/1675 204/204/204 4108/4108/4108
f 4108/4108/4108 204/204/204 202/202/202
f 4108/4108/4108 202/202/202 4106/4106/4106
f 4106/4106/4106 202/202/202 201/201/201
f 4106/4106/4106 201/201/201 4105/4105/4105
f 4105/4105/4105 201/201/201 198/198/198
f 206/206/206 1677/1677/1677 208/208/208
f 208/208/208 1677/1677/1677 1671/1671/1671
f 4117/4117/4117 3443/3443/3443 4116/4116/4116
f 4116/4116/4116 3443/3443/3443 3442/3442/3442
f 4116/4116/4116 3442/3442/3442 4114/4114/4114
f 4114/4114/4114 3442/3442/3442 3440/3440/3440
f 4114/4114/4114 3440/3440/3440 4110/4110/4110
f 4110/4110/4110 3440/3440/3440 3438/3438/3438
f 3445/3445/3445 4118/4118/4118 3362/3362/3362
f 3362/3362/3362 4118/4118/4118 3365/3365/3365
f 4115/4115/4115 4113/4113/4113 4119/4119/4119
f 4119/4119/4119 4113/4113/4113 3367/3367/3367
f 3367/3367/3367 4113/4113/4113 4112/4112/4112
f 3367/3367/3367 4112/4112/4112 4120/4120/4120
f 4120/4120/4120 4112/4112/4112 1921/1921/1921
f 4120/4120/4120 1921/1921/1921 1920/1920/1920
f 4120/4120/4120 4124/4124/4124 3367/3367/3367
f 3367/3367/3367 4124/4124/4124 1874/1874/1874
f 1874/1874/1874 4124/4124/4124 4128/4128/4128
f 1874/1874/1874 4128/4128/4128 4130/4130/4130
f 1910/1910/1910 1908/1908/1908 4124/4124/4124
f 4124/4124/4124 1908/1908/1908 4128/4128/4128
f 4132/4132/4132 4135/4135/4135 4130/4130/4130
f 4130/4130/4130 4135/4135/4135 1874/1874/1874
f 3415/3415/3415 4134/4134/4134 3417/3417/3417
f 3417/3417/3417 4134/4134/4134 4131/4131/4131
f 3417/3417/3417 4131/4131/4131 3419/3419/3419
f 3419/3419/3419 4131/4131/4131 4129/4129/4129
f 3419/3419/3419 4129/4129/4129 3421/3421/3421
f 3421/3421/3421 4129/4129/4129 4126/4126/4126
f 3414/3414/3414 1876/1876/1876 4133/4133/4133
f 4133/4133/4133 1876/1876/1876 1873/1873/1873
f 4144/4144/4144 3239/3239/3239 4141/4141/4141
f 4141/4141/4141 3239/3239/3239 3249/3249/3249
f 4141/4141/4141 3249/3249/3249 3247/3247/3247
f 3245/3245/3245 4136/4136/4136 3247/3247/3247
f 3247/3247/3247 4136/4136/4136 4139/4139/4139
f 3247/3247/3247 4139/4139/4139 4141/4141/4141
f 3244/3244/3244 3251/3251/3251 4137/4137/4137
f 4137/4137/4137 3251/3251/3251 4148/4148/4148
f 4158/4158/4158 3197/3197/3197 4154/4154/4154
f 4154/4154/4154 3197/3197/3197 3209/3209/3209
f 4154/4154/4154 3209/3209/3209 3207/3207/3207
f 3205/3205/3205 4150/4150/4150 3207/3207/3207
f 3207/3207/3207 4150/4150/4150 4152/4152/4152
f 3207/3207/3207 4152/4152/4152 4154/4154/4154
f 3181/3181/3181 3195/3195/3195 4160/4160/4160
f 4160/4160/4160 3195/3195/3195 4157/4157/4157
f 3430/3430/3430 3238/3238/3238 4162/4162/4162
f 4162/4162/4162 3238/3238/3238 3242/3242/3242
f 4162/4162/4162 3242/3242/3242 4143/4143/4143
f 4162/4162/4162 4166/4166/4166 3430/3430/3430
f 4142/4142/4142 4140/4140/4140 4145/4145/4145
f 4145/4145/4145 4140/4140/4140 4164/4164/4164
f 4164/4164/4164 4140/4140/4140 4138/4138/4138
f 4164/4164/4164 4138/4138/4138 4169/4169/4169
f 4169/4169/4169 4138/4138/4138 4147/4147/4147
f 4165/4165/4165 4163/4163/4163 4173/4173/4173
f 4173/4173/4173 4163/4163/4163 4170/4170/4170
f 2210/2210/2210 2207/2207/2207 4146/4146/4146
f 4146/4146/4146 2207/2207/2207 4172/4172/4172
f 4146/4146/4146 4172/4172/4172 4168/4168/4168
f 4146/4146/4146 3253/3253/3253 2210/2210/2210
f 2210/2210/2210 3253/3253/3253 3220/3220/3220
f 4176/4176/4176 4178/4178/4178 4183/4183/4183
f 4183/4183/4183 4178/4178/4178 4181/4181/4181
f 4155/4155/4155 4175/4175/4175 4156/4156/4156
f 4156/4156/4156 4175/4175/4175 4184/4184/4184
f 4156/4156/4156 4184/4184/4184 4161/4161/4161
f 4153/4153/4153 4151/4151/4151 4155/4155/4155
f 4155/4155/4155 4151/4151/4151 4175/4175/4175
f 3182/3182/3182 4159/4159/4159 3184/3184/3184
f 3184/3184/3184 4159/4159/4159 3256/3256/3256
f 3256/3256/3256 4159/4159/4159 4182/4182/4182
f 4182/4182/4182 4159/4159/4159 4185/4185/4185
f 4149/4149/4149 3204/3204/3204 4174/4174/4174
f 4174/4174/4174 3204/3204/3204 3219/3219/3219
f 4174/4174/4174 3219/3219/3219 3427/3427/3427
f 3427/3427/3427 4179/4179/4179 4174/4174/4174
f 1909/1909/1909 4125/4125/4125 1912/1912/1912
f 4123/4123/4123 4122/4122/4122 1913/1913/1913
f 1913/1913/1913 4122/4122/4122 1916/1916/1916
f 4121/4121/4121 1918/1918/1918 1917/1917/1917
f 1133/1133/1133 1776/1776/1776 1041/1041/1041
f 1041/1041/1041 1776/1776/1776 1988/1988/1988
f 1988/1988/1988 1776/1776/1776 1773/1773/1773
f 1988/1988/1988 1773/1773/1773 1974/1974/1974
f 1974/1974/1974 1773/1773/1773 1771/1771/1771
f 1974/1974/1974 1771/1771/1771 1755/1755/1755
f 1753/1753/1753 1849/1849/1849 1755/1755/1755
f 1755/1755/1755 1849/1849/1849 1976/1976/1976
f 1755/1755/1755 1976/1976/1976 1974/1974/1974
f 1950/1950/1950 1948/1948/1948 4192/4192/4192
f 4192/4192/4192 1948/1948/1948 3384/3384/3384
f 4192/4192/4192 3384/3384/3384 4187/4187/4187
f 4192/4192/4192 4187/4187/4187 4193/4193/4193
f 4193/4193/4193 4187/4187/4187 4188/4188/4188
f 4193/4193/4193 4188/4188/4188 4194/4194/4194
f 4194/4194/4194 4188/4188/4188 4191/4191/4191
f 4194/4194/4194 4191/4191/4191 1854/1854/1854
f 1854/1854/1854 4191/4191/4191 1858/1858/1858
f 1854/1854/1854 1954/1954/1954 4194/4194/4194
f 4194/4194/4194 1954/1954/1954 4193/4193/4193
f 1954/1954/1954 1952/1952/1952 4193/4193/4193
f 4193/4193/4193 1952/1952/1952 1950/1950/1950
f 4193/4193/4193 1950/1950/1950 4192/4192/4192
f 4186/4186/4186 3383/3383/3383 4210/4210/4210
f 4210/4210/4210 3383/3383/3383 3380/3380/3380
f 4210/4210/4210 3380/3380/3380 3378/3378/3378
f 4210/4210/4210 3378/3378/3378 4209/4209/4209
f 4209/4209/4209 3378/3378/3378 3377/3377/3377
f 4209/4209/4209 3377/3377/3377 4208/4208/4208
f 4208/4208/4208 3377/3377/3377 4195/4195/4195
f 4208/4208/4208 4195/4195/4195 4198/4198/4198
f 3377/3377/3377 3374/3374/3374 4195/4195/4195
f 4208/4208/4208 4198/4198/4198 4206/4206/4206
f 4206/4206/4206 4198/4198/4198 4200/4200/4200
f 4206/4206/4206 4200/4200/4200 4207/4207/4207
f 4207/4207/4207 4200/4200/4200 4201/4201/4201
f 4207/4207/4207 4201/4201/4201 4214/4214/4214
f 4214/4214/4214 4201/4201/4201 4204/4204/4204
f 4214/4214/4214 4204/4204/4204 1863/1863/1863
f 1863/1863/1863 4204/4204/4204 1866/1866/1866
f 4214/4214/4214 1863/1863/1863 4215/4215/4215
f 4215/4215/4215 1863/1863/1863 1862/1862/1862
f 4215/4215/4215 1862/1862/1862 4216/4216/4216
f 4216/4216/4216 1862/1862/1862 1860/1860/1860
f 4216/4216/4216 1860/1860/1860 1857/1857/1857
f 1857/1857/1857 4190/4190/4190 4216/4216/4216
f 4216/4216/4216 4190/4190/4190 4212/4212/4212
f 4216/4216/4216 4212/4212/4212 4211/4211/4211
f 4211/4211/4211 4212/4212/4212 4205/4205/4205
f 4211/4211/4211 4205/4205/4205 4213/4213/4213
f 4213/4213/4213 4205/4205/4205 4209/4209/4209
f 4213/4213/4213 4209/4209/4209 4208/4208/4208
f 4190/4190/4190 4189/4189/4189 4212/4212/4212
f 4212/4212/4212 4189/4189/4189 4205/4205/4205
f 4189/4189/4189 4186/4186/4186 4205/4205/4205
f 4205/4205/4205 4186/4186/4186 4210/4210/4210
f 4205/4205/4205 4210/4210/4210 4209/4209/4209
f 4206/4206/4206 4207/4207/4207 4213/4213/4213
f 4213/4213/4213 4207/4207/4207 4211/4211/4211
f 4214/4214/4214 4215/4215/4215 4207/4207/4207
f 4207/4207/4207 4215/4215/4215 4211/4211/4211
f 4215/4215/4215 4216/4216/4216 4211/4211/4211
f 4208/4208/4208 4206/4206/4206 4213/4213/4213
f 3372/3372/3372 1869/1869/1869 3373/3373/3373
f 3373/3373/3373 1869/1869/1869 1867/1867/1867
f 3373/3373/3373 1867/1867/1867 4196/4196/4196
f 4196/4196/4196 1867/1867/1867 4203/4203/4203
f 4196/4196/4196 4203/4203/4203 4197/4197/4197
f 4197/4197/4197 4203/4203/4203 4202/4202/4202
f 4197/4197/4197 4202/4202/4202 4199/4199/4199
f 3372/3372/3372 3370/3370/3370 1869/1869/1869
f 1869/1869/1869 3370/3370/3370 1871/1871/1871
f 1871/1871/1871 3370/3370/3370 1872/1872/1872
f 1872/1872/1872 3370/3370/3370 3368/3368/3368
f 2203/2203/2203 4266/4266/4266 2205/2205/2205
f 2205/2205/2205 4266/4266/4266 4268/4268/4268
f 2205/2205/2205 4268/4268/4268 4270/4270/4270
f 2211/2211/2211 4259/4259/4259 2203/2203/2203
f 2203/2203/2203 4259/4259/4259 4262/4262/4262
f 2203/2203/2203 4262/4262/4262 4265/4265/4265
f 2211/2211/2211 2214/2214/2214 4259/4259/4259
f 4259/4259/4259 2214/2214/2214 4257/4257/4257
f 4257/4257/4257 2214/2214/2214 2218/2218/2218
f 4257/4257/4257 2218/2218/2218 4254/4254/4254
f 4254/4254/4254 2218/2218/2218 4252/4252/4252
f 4252/4252/4252 2218/2218/2218 4249/4249/4249
f 4249/4249/4249 2218/2218/2218 3255/3255/3255
f 4249/4249/4249 3255/3255/3255 4247/4247/4247
f 4247/4247/4247 3255/3255/3255 4245/4245/4245
f 4245/4245/4245 3255/3255/3255 4242/4242/4242
f 4242/4242/4242 3255/3255/3255 4240/4240/4240
f 4240/4240/4240 3255/3255/3255 4237/4237/4237
f 4237/4237/4237 3255/3255/3255 4235/4235/4235
f 4235/4235/4235 3255/3255/3255 4180/4180/4180
f 4235/4235/4235 4180/4180/4180 4233/4233/4233
f 4233/4233/4233 4180/4180/4180 4231/4231/4231
f 4231/4231/4231 4180/4180/4180 4229/4229/4229
f 4229/4229/4229 4180/4180/4180 4226/4226/4226
f 4226/4226/4226 4180/4180/4180 4177/4177/4177
f 4226/4226/4226 4177/4177/4177 4223/4223/4223
f 4223/4223/4223 4177/4177/4177 4220/4220/4220
f 4220/4220/4220 4177/4177/4177 4217/4217/4217
f 4217/4217/4217 4177/4177/4177 3424/3424/3424
f 3424/3424/3424 4177/4177/4177 3429/3429/3429
f 4265/4265/4265 4266/4266/4266 2203/2203/2203
f 4270/4270/4270 4272/4272/4272 2205/2205/2205
f 2205/2205/2205 4272/4272/4272 4275/4275/4275
f 2205/2205/2205 4275/4275/4275 4276/4276/4276
f 4276/4276/4276 4280/4280/4280 2205/2205/2205
f 2205/2205/2205 4280/4280/4280 4171/4171/4171
f 4171/4171/4171 4280/4280/4280 4282/4282/4282
f 4171/4171/4171 4282/4282/4282 4284/4284/4284
f 4284/4284/4284 4286/4286/4286 4171/4171/4171
f 4171/4171/4171 4286/4286/4286 4291/4291/4291
f 4171/4171/4171 4291/4291/4291 4167/4167/4167
f 4167/4167/4167 4291/4291/4291 4293/4293/4293
f 4167/4167/4167 4293/4293/4293 4294/4294/4294
f 4294/4294/4294 4296/4296/4296 4167/4167/4167
f 4167/4167/4167 4296/4296/4296 3434/3434/3434
f 4167/4167/4167 3434/3434/3434 3432/3432/3432
f 1722/1722/1722 228/228/228 1703/1703/1703
f 1703/1703/1703 228/228/228 225/225/225
f 1703/1703/1703 225/225/225 1693/1693/1693
f 1693/1693/1693 225/225/225 1696/1696/1696
f 4099/4099/4099 1657/1657/1657 4102/4102/4102
f 4102/4102/4102 1657/1657/1657 1654/1654/1654
f 4102/4102/4102 1654/1654/1654 4104/4104/4104
f 4104/4104/4104 1654/1654/1654 4107/4107/4107
f 4107/4107/4107 1654/1654/1654 1666/1666/1666
f 4107/4107/4107 1666/1666/1666 4109/4109/4109
f 4109/4109/4109 1666/1666/1666 1664/1664/1664
f 4109/4109/4109 1664/1664/1664 1660/1660/1660
f 4099/4099/4099 4097/4097/4097 1657/1657/1657
f 1660/1660/1660 1676/1676/1676 4109/4109/4109
f 3422/3422/3422 4127/4127/4127 3426/3426/3426
f 3426/3426/3426 4127/4127/4127 1906/1906/1906
f 3426/3426/3426 1906/1906/1906 3099/3099/3099
f 3099/3099/3099 1906/1906/1906 3103/3103/3103
f 3103/3103/3103 1906/1906/1906 1904/1904/1904
f 3103/3103/3103 1904/1904/1904 3110/3110/3110
f 3110/3110/3110 1904/1904/1904 3113/3113/3113
f 3099/3099/3099 4218/4218/4218 3426/3426/3426
f 4228/4228/4228 3131/3131/3131 4230/4230/4230
f 4230/4230/4230 3131/3131/3131 3129/3129/3129
f 4230/4230/4230 3129/3129/3129 4232/4232/4232
f 4232/4232/4232 3129/3129/3129 3128/3128/3128
f 4232/4232/4232 3128/3128/3128 4234/4234/4234
f 4234/4234/4234 3128/3128/3128 3125/3125/3125
f 3132/3132/3132 4227/4227/4227 3093/3093/3093
f 3093/3093/3093 4227/4227/4227 4224/4224/4224
f 3093/3093/3093 4224/4224/4224 3095/3095/3095
f 4225/4225/4225 4222/4222/4222 3096/3096/3096
f 3096/3096/3096 4222/4222/4222 4221/4221/4221
f 3096/3096/3096 4221/4221/4221 3100/3100/3100
f 3100/3100/3100 4221/4221/4221 4219/4219/4219
f 4297/4297/4297 4295/4295/4295 3026/3026/3026
f 3026/3026/3026 4295/4295/4295 3010/3010/3010
f 3010/3010/3010 4295/4295/4295 4292/4292/4292
f 3010/3010/3010 4292/4292/4292 4290/4290/4290
f 3009/3009/3009 4289/4289/4289 3011/3011/3011
f 3011/3011/3011 4289/4289/4289 4288/4288/4288
f 3011/3011/3011 4288/4288/4288 4301/4301/4301
f 4281/4281/4281 4304/4304/4304 4283/4283/4283
f 4283/4283/4283 4304/4304/4304 4306/4306/4306
f 4283/4283/4283 4306/4306/4306 4285/4285/4285
f 4285/4285/4285 4306/4306/4306 4308/4308/4308
f 4285/4285/4285 4308/4308/4308 4287/4287/4287
f 4287/4287/4287 4308/4308/4308 4299/4299/4299
f 3012/3012/3012 4300/4300/4300 3014/3014/3014
f 3014/3014/3014 4300/4300/4300 4311/4311/4311
f 3014/3014/3014 4311/4311/4311 4313/4313/4313
f 4311/4311/4311 4300/4300/4300 4303/4303/4303
f 4303/4303/4303 4300/4300/4300 4307/4307/4307
f 4303/4303/4303 4307/4307/4307 4305/4305/4305
f 4313/4313/4313 4314/4314/4314 3014/3014/3014
f 3014/3014/3014 4314/4314/4314 3136/3136/3136
f 4279/4279/4279 4278/4278/4278 4302/4302/4302
f 4302/4302/4302 4278/4278/4278 4309/4309/4309
f 4260/4260/4260 4258/4258/4258 3154/3154/3154
f 3154/3154/3154 4258/4258/4258 3157/3157/3157
f 3157/3157/3157 4258/4258/4258 4256/4256/4256
f 3157/3157/3157 4256/4256/4256 3161/3161/3161
f 3161/3161/3161 4256/4256/4256 4255/4255/4255
f 3156/3156/3156 3151/3151/3151 4261/4261/4261
f 4261/4261/4261 3151/3151/3151 4263/4263/4263
f 3436/3436/3436 3433/3433/3433 4111/4111/4111
f 4111/4111/4111 3433/3433/3433 1922/1922/1922
f 1922/1922/1922 3433/3433/3433 3025/3025/3025
f 1922/1922/1922 3025/3025/3025 3022/3022/3022
f 3433/3433/3433 4298/4298/4298 3025/3025/3025
f 1922/1922/1922 3022/3022/3022 1924/1924/1924
f 1924/1924/1924 3022/3022/3022 3060/3060/3060
f 1924/1924/1924 3060/3060/3060 3058/3058/3058
f 3126/3126/3126 3123/3123/3123 4236/4236/4236
f 4236/4236/4236 3123/3123/3123 4238/4238/4238
f 4315/4315/4315 4274/4274/4274 3135/3135/3135
f 3135/3135/3135 4274/4274/4274 4273/4273/4273
f 3135/3135/3135 4273/4273/4273 3137/3137/3137
f 3137/3137/3137 4273/4273/4273 4271/4271/4271
f 3137/3137/3137 4271/4271/4271 3139/3139/3139
f 3139/3139/3139 4271/4271/4271 3142/3142/3142
f 3142/3142/3142 4271/4271/4271 4269/4269/4269
f 3142/3142/3142 4269/4269/4269 3144/3144/3144
f 3144/3144/3144 4269/4269/4269 3146/3146/3146
f 3146/3146/3146 4269/4269/4269 4267/4267/4267
f 3146/3146/3146 4267/4267/4267 3148/3148/3148
f 3148/3148/3148 4267/4267/4267 3149/3149/3149
f 3149/3149/3149 4267/4267/4267 4264/4264/4264
f 3149/3149/3149 4264/4264/4264 3152/3152/3152
f 4315/4315/4315 4312/4312/4312 4274/4274/4274
f 4274/4274/4274 4312/4312/4312 4277/4277/4277
f 4277/4277/4277 4312/4312/4312 4310/4310/4310
f 3160/3160/3160 4253/4253/4253 3164/3164/3164
f 3164/3164/3164 4253/4253/4253 4251/4251/4251
f 3178/3178/3178 4243/4243/4243 3114/3114/3114
f 3114/3114/3114 4243/4243/4243 4241/4241/4241
f 3114/3114/3114 4241/4241/4241 3118/3118/3118
f 3118/3118/3118 4241/4241/4241 3119/3119/3119
f 3119/3119/3119 4241/4241/4241 4239/4239/4239
f 3119/3119/3119 4239/4239/4239 3121/3121/3121
f 4243/4243/4243 3178/3178/3178 4244/4244/4244
f 4244/4244/4244 3178/3178/3178 3175/3175/3175
f 4244/4244/4244 3175/3175/3175 3174/3174/3174
f 4244/4244/4244 3174/3174/3174 4246/4246/4246
f 4246/4246/4246 3174/3174/3174 3172/3172/3172
f 4246/4246/4246 3172/3172/3172 3170/3170/3170
f 4246/4246/4246 3170/3170/3170 4248/4248/4248
f 4248/4248/4248 3170/3170/3170 3167/3167/3167
f 4248/4248/4248 3167/3167/3167 3166/3166/3166
f 3162/3162/3162 4250/4250/4250 3166/3166/3166
f 3166/3166/3166 4250/4250/4250 4248/4248/4248
f 298/298/298 705/705/705 299/299/299
f 299/299/299 705/705/705 704/704/704
f 299/299/299 704/704/704 301/301/301
f 301/301/301 704/704/704 702/702/702
f 301/301/301 702/702/702 279/279/279
f 279/279/279 702/702/702 281/281/281
f 709/709/709 706/706/706 295/295/295
f 295/295/295 706/706/706 297/297/297
f 288/288/288 307/307/307 289/289/289
f 289/289/289 307/307/307 713/713/713
f 289/289/289 713/713/713 292/292/292
f 292/292/292 713/713/713 712/712/712
f 292/292/292 712/712/712 294/294/294
f 294/294/294 712/712/712 708/708/708
f 136/136/136 285/285/285 139/139/139
f 139/139/139 285/285/285 697/697/697
f 500/500/500 917/917/917 503/503/503
f 503/503/503 917/917/917 913/913/913
f 503/503/503 913/913/913 505/505/505
f 505/505/505 913/913/913 911/911/911
f 505/505/505 911/911/911 474/474/474
f 474/474/474 911/911/911 478/478/478
f 919/919/919 915/915/915 496/496/496
f 496/496/496 915/915/915 501/501/501
f 491/491/491 926/926/926 493/493/493
f 493/493/493 926/926/926 924/924/924
f 493/493/493 924/924/924 495/495/495
f 495/495/495 924/924/924 921/921/921
f 495/495/495 921/921/921 498/498/498
f 498/498/498 921/921/921 920/920/920
f 3/3/3 487/487/487 6/6/6
f 6/6/6 487/487/487 927/927/927
f 6/6/6 927/927/927 490/490/490
f 236/236/236 1708/1708/1708 240/240/240
f 240/240/240 1708/1708/1708 1706/1706/1706
f 240/240/240 1706/1706/1706 1740/1740/1740
f 1708/1708/1708 236/236/236 1710/1710/1710
f 1710/1710/1710 236/236/236 234/234/234
f 1710/1710/1710 234/234/234 1712/1712/1712
f 1712/1712/1712 234/234/234 1714/1714/1714
f 1714/1714/1714 234/234/234 233/233/233
f 1714/1714/1714 233/233/233 1715/1715/1715
f 1715/1715/1715 233/233/233 1717/1717/1717
f 1717/1717/1717 233/233/233 231/231/231
f 1717/1717/1717 231/231/231 1719/1719/1719
f 1719/1719/1719 231/231/231 227/227/227
f 1719/1719/1719 227/227/227 1723/1723/1723
f 185/185/185 1621/1621/1621 187/187/187
f 187/187/187 1621/1621/1621 1641/1641/1641
f 187/187/187 1641/1641/1641 1651/1651/1651
f 185/185/185 1625/1625/1625 1621/1621/1621
f 1624/1624/1624 184/184/184 1628/1628/1628
f 1628/1628/1628 184/184/184 183/183/183
f 1628/1628/1628 183/183/183 1630/1630/1630
f 1630/1630/1630 183/183/183 180/180/180
f 1630/1630/1630 180/180/180 1632/1632/1632
f 1632/1632/1632 180/180/180 1634/1634/1634
f 1634/1634/1634 180/180/180 179/179/179
f 1634/1634/1634 179/179/179 1636/1636/1636
f 1636/1636/1636 179/179/179 1638/1638/1638
f 1638/1638/1638 179/179/179 176/176/176
f 1638/1638/1638 176/176/176 1639/1639/1639
f 1639/1639/1639 176/176/176 174/174/174
f 1639/1639/1639 174/174/174 1607/1607/1607
f 1607/1607/1607 174/174/174 1609/1609/1609
f 170/170/170 1613/1613/1613 175/175/175
f 175/175/175 1613/1613/1613 1611/1611/1611
f 243/243/243 239/239/239 1737/1737/1737
f 1737/1737/1737 239/239/239 1742/1742/1742
f 163/163/163 160/160/160 2816/2816/2816
f 2816/2816/2816 160/160/160 2886/2886/2886
f 2816/2816/2816 2886/2886/2886 2828/2828/2828
f 2886/2886/2886 160/160/160 2887/2887/2887
f 2887/2887/2887 160/160/160 157/157/157
f 2887/2887/2887 157/157/157 2890/2890/2890
f 2890/2890/2890 157/157/157 156/156/156
f 2890/2890/2890 156/156/156 2891/2891/2891
f 2891/2891/2891 156/156/156 154/154/154
f 2891/2891/2891 154/154/154 151/151/151
f 2891/2891/2891 151/151/151 2893/2893/2893
f 2893/2893/2893 151/151/151 149/149/149
f 2893/2893/2893 149/149/149 2895/2895/2895
f 2895/2895/2895 149/149/149 2774/2774/2774
f 2895/2895/2895 2774/2774/2774 2800/2800/2800
f 149/149/149 147/147/147 2774/2774/2774
f 2460/2460/2460 2921/2921/2921 2431/2431/2431
f 2431/2431/2431 2921/2921/2921 2919/2919/2919
f 2431/2431/2431 2919/2919/2919 2916/2916/2916
f 2916/2916/2916 2940/2940/2940 2431/2431/2431
f 2431/2431/2431 2940/2940/2940 2433/2433/2433
f 2433/2433/2433 2940/2940/2940 2936/2936/2936
f 2433/2433/2433 2936/2936/2936 2435/2435/2435
f 2435/2435/2435 2936/2936/2936 2437/2437/2437
f 2437/2437/2437 2936/2936/2936 2439/2439/2439
f 2439/2439/2439 2936/2936/2936 350/350/350
f 2439/2439/2439 350/350/350 2440/2440/2440
f 2440/2440/2440 350/350/350 2442/2442/2442
f 2442/2442/2442 350/350/350 2445/2445/2445
f 2445/2445/2445 350/350/350 362/362/362

