mtllib material.mtl
usemtl Opaque(38,83,134)
v 0.25326800 -0.06702500 0.07500000
v 0.25326800 -0.06702500 0.07500000
v 0.25326800 -0.06702500 0.07500000
v 0.25368200 -0.06702500 0.07132800
v 0.25368200 -0.06702500 0.07132800
v 0.25490200 -0.06702500 0.06784100
v 0.25490200 -0.06702500 0.06784100
v 0.25686800 -0.06702500 0.06471200
v 0.25686800 -0.06702500 0.06471200
v 0.25948100 -0.06702500 0.06210000
v 0.25948100 -0.06702500 0.06210000
v 0.26260900 -0.06702500 0.06013400
v 0.26260900 -0.06702500 0.06013400
v 0.26609700 -0.06702500 0.05891400
v 0.26609700 -0.06702500 0.05891400
v 0.26976800 -0.06702500 0.05850000
v 0.26976800 -0.06702500 0.05850000
v 0.27344000 -0.06702500 0.05891400
v 0.27344000 -0.06702500 0.05891400
v 0.27692800 -0.06702500 0.06013400
v 0.27692800 -0.06702500 0.06013400
v 0.28005600 -0.06702500 0.06210000
v 0.28005600 -0.06702500 0.06210000
v 0.28266900 -0.06702500 0.06471200
v 0.28266900 -0.06702500 0.06471200
v 0.28463400 -0.06702500 0.06784100
v 0.28463400 -0.06702500 0.06784100
v 0.28585500 -0.06702500 0.07132800
v 0.28585500 -0.06702500 0.07132800
v 0.28626800 -0.06702500 0.07500000
v 0.28626800 -0.06702500 0.07500000
v 0.28585500 -0.06702500 0.07867200
v 0.28585500 -0.06702500 0.07867200
v 0.28463400 -0.06702500 0.08215900
v 0.28463400 -0.06702500 0.08215900
v 0.28266900 -0.06702500 0.08528800
v 0.28266900 -0.06702500 0.08528800
v 0.28005600 -0.06702500 0.08790000
v 0.28005600 -0.06702500 0.08790000
v 0.27692800 -0.06702500 0.08986600
v 0.27692800 -0.06702500 0.08986600
v 0.27344000 -0.06702500 0.09108600
v 0.27344000 -0.06702500 0.09108600
v 0.26976800 -0.06702500 0.09150000
v 0.26976800 -0.06702500 0.09150000
v 0.26609700 -0.06702500 0.09108600
v 0.26609700 -0.06702500 0.09108600
v 0.26260900 -0.06702500 0.08986600
v 0.26260900 -0.06702500 0.08986600
v 0.25948100 -0.06702500 0.08790000
v 0.25948100 -0.06702500 0.08790000
v 0.25686800 -0.06702500 0.08528800
v 0.25686800 -0.06702500 0.08528800
v 0.25490200 -0.06702500 0.08215900
v 0.25490200 -0.06702500 0.08215900
v 0.25368200 -0.06702500 0.07867200
v 0.25368200 -0.06702500 0.07867200
v 0.25466800 -0.06702500 0.07500000
v 0.25466800 -0.06702500 0.07500000
v 0.25466800 -0.06702500 0.07500000
v 0.25507500 -0.06702500 0.07848200
v 0.25507500 -0.06702500 0.07848200
v 0.25627500 -0.06702500 0.08177700
v 0.25627500 -0.06702500 0.08177700
v 0.25820100 -0.06702500 0.08470600
v 0.25820100 -0.06702500 0.08470600
v 0.26075100 -0.06702500 0.08711200
v 0.26075100 -0.06702500 0.08711200
v 0.26378800 -0.06702500 0.08886500
v 0.26378800 -0.06702500 0.08886500
v 0.26714600 -0.06702500 0.08987100
v 0.26714600 -0.06702500 0.08987100
v 0.27064600 -0.06702500 0.09007400
v 0.27064600 -0.06702500 0.09007400
v 0.27409900 -0.06702500 0.08946600
v 0.27409900 -0.06702500 0.08946600
v 0.27731800 -0.06702500 0.08807700
v 0.27731800 -0.06702500 0.08807700
v 0.28013100 -0.06702500 0.08598300
v 0.28013100 -0.06702500 0.08598300
v 0.28238400 -0.06702500 0.08329800
v 0.28238400 -0.06702500 0.08329800
v 0.28395800 -0.06702500 0.08016500
v 0.28395800 -0.06702500 0.08016500
v 0.28476600 -0.06702500 0.07675300
v 0.28476600 -0.06702500 0.07675300
v 0.28476600 -0.06702500 0.07324700
v 0.28476600 -0.06702500 0.07324700
v 0.28395800 -0.06702500 0.06983500
v 0.28395800 -0.06702500 0.06983500
v 0.28238400 -0.06702500 0.06670200
v 0.28238400 -0.06702500 0.06670200
v 0.28013100 -0.06702500 0.06401700
v 0.28013100 -0.06702500 0.06401700
v 0.27731800 -0.06702500 0.06192300
v 0.27731800 -0.06702500 0.06192300
v 0.27409900 -0.06702500 0.06053400
v 0.27409900 -0.06702500 0.06053400
v 0.27064600 -0.06702500 0.05992600
v 0.27064600 -0.06702500 0.05992600
v 0.26714600 -0.06702500 0.06012900
v 0.26714600 -0.06702500 0.06012900
v 0.26378800 -0.06702500 0.06113500
v 0.26378800 -0.06702500 0.06113500
v 0.26075100 -0.06702500 0.06288800
v 0.26075100 -0.06702500 0.06288800
v 0.25820100 -0.06702500 0.06529400
v 0.25820100 -0.06702500 0.06529400
v 0.25627500 -0.06702500 0.06822300
v 0.25627500 -0.06702500 0.06822300
v 0.25507500 -0.06702500 0.07151800
v 0.25507500 -0.06702500 0.07151800
v 0.26909800 -0.06552500 0.10574300
v 0.26909800 -0.06552500 0.10574300
v 0.26909800 -0.06552500 0.10574300
v 0.26557900 -0.06552500 0.10548100
v 0.26557900 -0.06552500 0.10548100
v 0.26357600 -0.06552500 0.10520300
v 0.26357600 -0.06552500 0.10520300
v 0.26134200 -0.06552500 0.10482700
v 0.26134200 -0.06552500 0.10482700
v 0.25883600 -0.06552500 0.10435800
v 0.25883600 -0.06552500 0.10435800
v 0.25601700 -0.06552500 0.10379900
v 0.25601700 -0.06552500 0.10379900
v 0.25284100 -0.06552500 0.10315500
v 0.25284100 -0.06552500 0.10315500
v 0.24926500 -0.06552500 0.10242900
v 0.24926500 -0.06552500 0.10242900
v 0.24566600 -0.06552500 0.10170800
v 0.24566600 -0.06552500 0.10170800
v 0.24167500 -0.06552500 0.10092700
v 0.24167500 -0.06552500 0.10092700
v 0.23266100 -0.06552500 0.09924700
v 0.23266100 -0.06552500 0.09924700
v 0.21434100 -0.06552500 0.09619900
v 0.21434100 -0.06552500 0.09619900
v 0.19626600 -0.06552500 0.09364800
v 0.19626600 -0.06552500 0.09364800
v 0.17861500 -0.06552500 0.09157000
v 0.17861500 -0.06552500 0.09157000
v 0.16156900 -0.06552500 0.08994900
v 0.16156900 -0.06552500 0.08994900
v 0.15333000 -0.06552500 0.08930700
v 0.15333000 -0.06552500 0.08930700
v 0.14530900 -0.06552500 0.08877500
v 0.14530900 -0.06552500 0.08877500
v 0.13752900 -0.06552500 0.08835000
v 0.13752900 -0.06552500 0.08835000
v 0.13001400 -0.06552500 0.08803000
v 0.13001400 -0.06552500 0.08803000
v 0.12278500 -0.06552500 0.08781300
v 0.12278500 -0.06552500 0.08781300
v 0.11585700 -0.06552500 0.08769300
v 0.11585700 -0.06552500 0.08769300
v 0.10262800 -0.06552500 0.08773600
v 0.10262800 -0.06552500 0.08773600
v 0.09013600 -0.06552500 0.08815100
v 0.09013600 -0.06552500 0.08815100
v 0.07832800 -0.06552500 0.08895400
v 0.07832800 -0.06552500 0.08895400
v 0.06716800 -0.06552500 0.09015800
v 0.06716800 -0.06552500 0.09015800
v 0.06209300 -0.06552500 0.09086600
v 0.06209300 -0.06552500 0.09086600
v 0.05763600 -0.06552500 0.09157100
v 0.05763600 -0.06552500 0.09157100
v 0.05371800 -0.06552500 0.09224200
v 0.05371800 -0.06552500 0.09224200
v 0.05027300 -0.06552500 0.09284600
v 0.05027300 -0.06552500 0.09284600
v 0.04723900 -0.06552500 0.09335000
v 0.04723900 -0.06552500 0.09335000
v 0.04454900 -0.06552500 0.09372400
v 0.04454900 -0.06552500 0.09372400
v 0.04212500 -0.06552500 0.09394700
v 0.04212500 -0.06552500 0.09394700
v 0.03989100 -0.06552500 0.09399400
v 0.03989100 -0.06552500 0.09399400
v 0.03989100 -0.06552500 0.09399400
v 0.03549100 -0.06552500 0.09349000
v 0.03549100 -0.06552500 0.09349000
v 0.03125900 -0.06552500 0.09218500
v 0.03125900 -0.06552500 0.09218500
v 0.02733800 -0.06552500 0.09012500
v 0.02733800 -0.06552500 0.09012500
v 0.02386300 -0.06552500 0.08738000
v 0.02386300 -0.06552500 0.08738000
v 0.02095100 -0.06552500 0.08404200
v 0.02095100 -0.06552500 0.08404200
v 0.01870300 -0.06552500 0.08022700
v 0.01870300 -0.06552500 0.08022700
v 0.01719300 -0.06552500 0.07606300
v 0.01719300 -0.06552500 0.07606300
v 0.01647400 -0.06552500 0.07169300
v 0.01647400 -0.06552500 0.07169300
v 0.01657100 -0.06552500 0.06726500
v 0.01657100 -0.06552500 0.06726500
v 0.01747900 -0.06552500 0.06293100
v 0.01747900 -0.06552500 0.06293100
v 0.01916900 -0.06552500 0.05883700
v 0.01916900 -0.06552500 0.05883700
v 0.02158200 -0.06552500 0.05512300
v 0.02158200 -0.06552500 0.05512300
v 0.02463600 -0.06552500 0.05191600
v 0.02463600 -0.06552500 0.05191600
v 0.02822800 -0.06552500 0.04932400
v 0.02822800 -0.06552500 0.04932400
v 0.03223500 -0.06552500 0.04743700
v 0.03223500 -0.06552500 0.04743700
v 0.03652000 -0.06552500 0.04631800
v 0.03652000 -0.06552500 0.04631800
v 0.04093800 -0.06552500 0.04600600
v 0.04093800 -0.06552500 0.04600600
v 0.04093800 -0.06552500 0.04600600
v 0.04316700 -0.06552500 0.04614900
v 0.04316700 -0.06552500 0.04614900
v 0.04557600 -0.06552500 0.04647600
v 0.04557600 -0.06552500 0.04647600
v 0.04825300 -0.06552500 0.04697000
v 0.04825300 -0.06552500 0.04697000
v 0.05126300 -0.06552500 0.04760600
v 0.05126300 -0.06552500 0.04760600
v 0.05467300 -0.06552500 0.04835900
v 0.05467300 -0.06552500 0.04835900
v 0.05855500 -0.06552500 0.04919900
v 0.05855500 -0.06552500 0.04919900
v 0.06298300 -0.06552500 0.05009800
v 0.06298300 -0.06552500 0.05009800
v 0.06802000 -0.06552500 0.05102700
v 0.06802000 -0.06552500 0.05102700
v 0.07911800 -0.06552500 0.05271600
v 0.07911800 -0.06552500 0.05271600
v 0.09088000 -0.06552500 0.05403300
v 0.09088000 -0.06552500 0.05403300
v 0.10334200 -0.06552500 0.05499300
v 0.10334200 -0.06552500 0.05499300
v 0.11655700 -0.06552500 0.05561100
v 0.11655700 -0.06552500 0.05561100
v 0.12348300 -0.06552500 0.05579400
v 0.12348300 -0.06552500 0.05579400
v 0.13071400 -0.06552500 0.05589200
v 0.13071400 -0.06552500 0.05589200
v 0.13823700 -0.06552500 0.05590000
v 0.13823700 -0.06552500 0.05590000
v 0.14602700 -0.06552500 0.05581500
v 0.14602700 -0.06552500 0.05581500
v 0.15406400 -0.06552500 0.05563200
v 0.15406400 -0.06552500 0.05563200
v 0.16232400 -0.06552500 0.05535000
v 0.16232400 -0.06552500 0.05535000
v 0.17942400 -0.06552500 0.05447300
v 0.17942400 -0.06552500 0.05447300
v 0.19714800 -0.06552500 0.05316600
v 0.19714800 -0.06552500 0.05316600
v 0.21531700 -0.06552500 0.05140600
v 0.21531700 -0.06552500 0.05140600
v 0.23375300 -0.06552500 0.04915900
v 0.23375300 -0.06552500 0.04915900
v 0.24283100 -0.06552500 0.04787300
v 0.24283100 -0.06552500 0.04787300
v 0.24685200 -0.06552500 0.04726700
v 0.24685200 -0.06552500 0.04726700
v 0.25047900 -0.06552500 0.04670400
v 0.25047900 -0.06552500 0.04670400
v 0.25408400 -0.06552500 0.04613400
v 0.25408400 -0.06552500 0.04613400
v 0.25728600 -0.06552500 0.04562900
v 0.25728600 -0.06552500 0.04562900
v 0.26012800 -0.06552500 0.04519300
v 0.26012800 -0.06552500 0.04519300
v 0.26265100 -0.06552500 0.04483300
v 0.26265100 -0.06552500 0.04483300
v 0.26489800 -0.06552500 0.04455600
v 0.26489800 -0.06552500 0.04455600
v 0.26691000 -0.06552500 0.04436600
v 0.26691000 -0.06552500 0.04436600
v 0.27043900 -0.06552500 0.04425700
v 0.27043900 -0.06552500 0.04425700
v 0.27043900 -0.06552500 0.04425700
v 0.27549000 -0.06552500 0.04478700
v 0.27549000 -0.06552500 0.04478700
v 0.28038400 -0.06552500 0.04614100
v 0.28038400 -0.06552500 0.04614100
v 0.28499000 -0.06552500 0.04828200
v 0.28499000 -0.06552500 0.04828200
v 0.28918000 -0.06552500 0.05115100
v 0.28918000 -0.06552500 0.05115100
v 0.29284000 -0.06552500 0.05467200
v 0.29284000 -0.06552500 0.05467200
v 0.29587200 -0.06552500 0.05874600
v 0.29587200 -0.06552500 0.05874600
v 0.29819100 -0.06552500 0.06326500
v 0.29819100 -0.06552500 0.06326500
v 0.29973500 -0.06552500 0.06810300
v 0.29973500 -0.06552500 0.06810300
v 0.30046100 -0.06552500 0.07312900
v 0.30046100 -0.06552500 0.07312900
v 0.30035100 -0.06552500 0.07820700
v 0.30035100 -0.06552500 0.07820700
v 0.29940600 -0.06552500 0.08319700
v 0.29940600 -0.06552500 0.08319700
v 0.29765300 -0.06552500 0.08796300
v 0.29765300 -0.06552500 0.08796300
v 0.29513900 -0.06552500 0.09237600
v 0.29513900 -0.06552500 0.09237600
v 0.29193300 -0.06552500 0.09631500
v 0.29193300 -0.06552500 0.09631500
v 0.28812200 -0.06552500 0.09967200
v 0.28812200 -0.06552500 0.09967200
v 0.28381100 -0.06552500 0.10235600
v 0.28381100 -0.06552500 0.10235600
v 0.27911700 -0.06552500 0.10429500
v 0.27911700 -0.06552500 0.10429500
v 0.27416700 -0.06552500 0.10543400
v 0.27416700 -0.06552500 0.10543400
v 0.04528300 -0.06552500 0.07610800
v 0.04528300 -0.06552500 0.07610800
v 0.04528300 -0.06552500 0.07610800
v 0.04554400 -0.06552500 0.06411000
v 0.04554400 -0.06552500 0.06411000
v 0.04554400 -0.06552500 0.06411000
v 0.04527300 -0.06552500 0.06257300
v 0.04527300 -0.06552500 0.06257300
v 0.04443400 -0.06552500 0.06125700
v 0.04443400 -0.06552500 0.06125700
v 0.04315600 -0.06552500 0.06036200
v 0.04315600 -0.06552500 0.06036200
v 0.04163200 -0.06552500 0.06002400
v 0.04163200 -0.06552500 0.06002400
v 0.04163200 -0.06552500 0.06002400
v 0.03963300 -0.06552500 0.05998100
v 0.03963300 -0.06552500 0.05998100
v 0.03963300 -0.06552500 0.05998100
v 0.03809600 -0.06552500 0.06025200
v 0.03809600 -0.06552500 0.06025200
v 0.03677900 -0.06552500 0.06109000
v 0.03677900 -0.06552500 0.06109000
v 0.03588400 -0.06552500 0.06236900
v 0.03588400 -0.06552500 0.06236900
v 0.03554600 -0.06552500 0.06389200
v 0.03554600 -0.06552500 0.06389200
v 0.03554600 -0.06552500 0.06389200
v 0.03528500 -0.06552500 0.07589000
v 0.03528500 -0.06552500 0.07589000
v 0.03528500 -0.06552500 0.07589000
v 0.03555600 -0.06552500 0.07742700
v 0.03555600 -0.06552500 0.07742700
v 0.03639500 -0.06552500 0.07874300
v 0.03639500 -0.06552500 0.07874300
v 0.03767300 -0.06552500 0.07963800
v 0.03767300 -0.06552500 0.07963800
v 0.03919700 -0.06552500 0.07997600
v 0.03919700 -0.06552500 0.07997600
v 0.03919700 -0.06552500 0.07997600
v 0.04119600 -0.06552500 0.08001900
v 0.04119600 -0.06552500 0.08001900
v 0.04119600 -0.06552500 0.08001900
v 0.04273300 -0.06552500 0.07974800
v 0.04273300 -0.06552500 0.07974800
v 0.04405000 -0.06552500 0.07891000
v 0.04405000 -0.06552500 0.07891000
v 0.04494500 -0.06552500 0.07763100
v 0.04494500 -0.06552500 0.07763100
v 0.05001500 -0.06552500 0.08299000
v 0.05001500 -0.06552500 0.08299000
v 0.05001500 -0.06552500 0.08299000
v 0.04973300 -0.06552500 0.08194000
v 0.04973300 -0.06552500 0.08194000
v 0.04896500 -0.06552500 0.08117200
v 0.04896500 -0.06552500 0.08117200
v 0.04791500 -0.06552500 0.08089000
v 0.04791500 -0.06552500 0.08089000
v 0.04686500 -0.06552500 0.08117200
v 0.04686500 -0.06552500 0.08117200
v 0.04609600 -0.06552500 0.08194000
v 0.04609600 -0.06552500 0.08194000
v 0.04581500 -0.06552500 0.08299000
v 0.04581500 -0.06552500 0.08299000
v 0.04609600 -0.06552500 0.08404000
v 0.04609600 -0.06552500 0.08404000
v 0.04686500 -0.06552500 0.08480900
v 0.04686500 -0.06552500 0.08480900
v 0.04791500 -0.06552500 0.08509000
v 0.04791500 -0.06552500 0.08509000
v 0.04896500 -0.06552500 0.08480900
v 0.04896500 -0.06552500 0.08480900
v 0.04973300 -0.06552500 0.08404000
v 0.04973300 -0.06552500 0.08404000
v 0.05001500 -0.06552500 0.05701000
v 0.05001500 -0.06552500 0.05701000
v 0.05001500 -0.06552500 0.05701000
v 0.04973300 -0.06552500 0.05596000
v 0.04973300 -0.06552500 0.05596000
v 0.04896500 -0.06552500 0.05519100
v 0.04896500 -0.06552500 0.05519100
v 0.04791500 -0.06552500 0.05491000
v 0.04791500 -0.06552500 0.05491000
v 0.04686500 -0.06552500 0.05519100
v 0.04686500 -0.06552500 0.05519100
v 0.04609600 -0.06552500 0.05596000
v 0.04609600 -0.06552500 0.05596000
v 0.04581500 -0.06552500 0.05701000
v 0.04581500 -0.06552500 0.05701000
v 0.04609600 -0.06552500 0.05806000
v 0.04609600 -0.06552500 0.05806000
v 0.04686500 -0.06552500 0.05882800
v 0.04686500 -0.06552500 0.05882800
v 0.04791500 -0.06552500 0.05911000
v 0.04791500 -0.06552500 0.05911000
v 0.04896500 -0.06552500 0.05882800
v 0.04896500 -0.06552500 0.05882800
v 0.04973300 -0.06552500 0.05806000
v 0.04973300 -0.06552500 0.05806000
v 0.02751500 -0.06552500 0.07000000
v 0.02751500 -0.06552500 0.07000000
v 0.02751500 -0.06552500 0.07000000
v 0.02723300 -0.06552500 0.06895000
v 0.02723300 -0.06552500 0.06895000
v 0.02646500 -0.06552500 0.06818100
v 0.02646500 -0.06552500 0.06818100
v 0.02541500 -0.06552500 0.06790000
v 0.02541500 -0.06552500 0.06790000
v 0.02436500 -0.06552500 0.06818100
v 0.02436500 -0.06552500 0.06818100
v 0.02359600 -0.06552500 0.06895000
v 0.02359600 -0.06552500 0.06895000
v 0.02331500 -0.06552500 0.07000000
v 0.02331500 -0.06552500 0.07000000
v 0.02359600 -0.06552500 0.07105000
v 0.02359600 -0.06552500 0.07105000
v 0.02436500 -0.06552500 0.07181900
v 0.02436500 -0.06552500 0.07181900
v 0.02541500 -0.06552500 0.07210000
v 0.02541500 -0.06552500 0.07210000
v 0.02646500 -0.06552500 0.07181900
v 0.02646500 -0.06552500 0.07181900
v 0.02723300 -0.06552500 0.07105000
v 0.02723300 -0.06552500 0.07105000
v 0.25326800 -0.06552500 0.07500000
v 0.25326800 -0.06552500 0.07500000
v 0.25326800 -0.06552500 0.07500000
v 0.25368200 -0.06552500 0.07867200
v 0.25368200 -0.06552500 0.07867200
v 0.25490200 -0.06552500 0.08215900
v 0.25490200 -0.06552500 0.08215900
v 0.25686800 -0.06552500 0.08528800
v 0.25686800 -0.06552500 0.08528800
v 0.25948100 -0.06552500 0.08790000
v 0.25948100 -0.06552500 0.08790000
v 0.26260900 -0.06552500 0.08986600
v 0.26260900 -0.06552500 0.08986600
v 0.26609700 -0.06552500 0.09108600
v 0.26609700 -0.06552500 0.09108600
v 0.26976800 -0.06552500 0.09150000
v 0.26976800 -0.06552500 0.09150000
v 0.27344000 -0.06552500 0.09108600
v 0.27344000 -0.06552500 0.09108600
v 0.27692800 -0.06552500 0.08986600
v 0.27692800 -0.06552500 0.08986600
v 0.28005600 -0.06552500 0.08790000
v 0.28005600 -0.06552500 0.08790000
v 0.28266900 -0.06552500 0.08528800
v 0.28266900 -0.06552500 0.08528800
v 0.28463400 -0.06552500 0.08215900
v 0.28463400 -0.06552500 0.08215900
v 0.28585500 -0.06552500 0.07867200
v 0.28585500 -0.06552500 0.07867200
v 0.28626800 -0.06552500 0.07500000
v 0.28626800 -0.06552500 0.07500000
v 0.28585500 -0.06552500 0.07132800
v 0.28585500 -0.06552500 0.07132800
v 0.28463400 -0.06552500 0.06784100
v 0.28463400 -0.06552500 0.06784100
v 0.28266900 -0.06552500 0.06471200
v 0.28266900 -0.06552500 0.06471200
v 0.28005600 -0.06552500 0.06210000
v 0.28005600 -0.06552500 0.06210000
v 0.27692800 -0.06552500 0.06013400
v 0.27692800 -0.06552500 0.06013400
v 0.27344000 -0.06552500 0.05891400
v 0.27344000 -0.06552500 0.05891400
v 0.26976800 -0.06552500 0.05850000
v 0.26976800 -0.06552500 0.05850000
v 0.26609700 -0.06552500 0.05891400
v 0.26609700 -0.06552500 0.05891400
v 0.26260900 -0.06552500 0.06013400
v 0.26260900 -0.06552500 0.06013400
v 0.25948100 -0.06552500 0.06210000
v 0.25948100 -0.06552500 0.06210000
v 0.25686800 -0.06552500 0.06471200
v 0.25686800 -0.06552500 0.06471200
v 0.25490200 -0.06552500 0.06784100
v 0.25490200 -0.06552500 0.06784100
v 0.25368200 -0.06552500 0.07132800
v 0.25368200 -0.06552500 0.07132800
v 0.25526800 -0.07152500 0.07500000
v 0.25526800 -0.07152500 0.07500000
v 0.25526800 -0.07152500 0.07500000
v 0.25569000 -0.07152500 0.07153000
v 0.25569000 -0.07152500 0.07153000
v 0.25692900 -0.07152500 0.06826200
v 0.25692900 -0.07152500 0.06826200
v 0.25891500 -0.07152500 0.06538500
v 0.25891500 -0.07152500 0.06538500
v 0.26153100 -0.07152500 0.06306700
v 0.26153100 -0.07152500 0.06306700
v 0.26462700 -0.07152500 0.06144200
v 0.26462700 -0.07152500 0.06144200
v 0.26802100 -0.07152500 0.06060600
v 0.26802100 -0.07152500 0.06060600
v 0.27151600 -0.07152500 0.06060600
v 0.27151600 -0.07152500 0.06060600
v 0.27491000 -0.07152500 0.06144200
v 0.27491000 -0.07152500 0.06144200
v 0.27800500 -0.07152500 0.06306700
v 0.27800500 -0.07152500 0.06306700
v 0.28062200 -0.07152500 0.06538500
v 0.28062200 -0.07152500 0.06538500
v 0.28260800 -0.07152500 0.06826200
v 0.28260800 -0.07152500 0.06826200
v 0.28384700 -0.07152500 0.07153000
v 0.28384700 -0.07152500 0.07153000
v 0.28426800 -0.07152500 0.07500000
v 0.28426800 -0.07152500 0.07500000
v 0.28384700 -0.07152500 0.07847000
v 0.28384700 -0.07152500 0.07847000
v 0.28260800 -0.07152500 0.08173800
v 0.28260800 -0.07152500 0.08173800
v 0.28062200 -0.07152500 0.08461500
v 0.28062200 -0.07152500 0.08461500
v 0.27800500 -0.07152500 0.08693300
v 0.27800500 -0.07152500 0.08693300
v 0.27491000 -0.07152500 0.08855800
v 0.27491000 -0.07152500 0.08855800
v 0.27151600 -0.07152500 0.08939400
v 0.27151600 -0.07152500 0.08939400
v 0.26802100 -0.07152500 0.08939400
v 0.26802100 -0.07152500 0.08939400
v 0.26462700 -0.07152500 0.08855800
v 0.26462700 -0.07152500 0.08855800
v 0.26153100 -0.07152500 0.08693300
v 0.26153100 -0.07152500 0.08693300
v 0.25891500 -0.07152500 0.08461500
v 0.25891500 -0.07152500 0.08461500
v 0.25692900 -0.07152500 0.08173800
v 0.25692900 -0.07152500 0.08173800
v 0.25569000 -0.07152500 0.07847000
v 0.25569000 -0.07152500 0.07847000
v 0.26151800 -0.07152500 0.07500000
v 0.26151800 -0.07152500 0.07500000
v 0.26151800 -0.07152500 0.07500000
v 0.26192200 -0.07152500 0.07754900
v 0.26192200 -0.07152500 0.07754900
v 0.26309400 -0.07152500 0.07984900
v 0.26309400 -0.07152500 0.07984900
v 0.26491900 -0.07152500 0.08167400
v 0.26491900 -0.07152500 0.08167400
v 0.26721900 -0.07152500 0.08284600
v 0.26721900 -0.07152500 0.08284600
v 0.26976800 -0.07152500 0.08325000
v 0.26976800 -0.07152500 0.08325000
v 0.27231800 -0.07152500 0.08284600
v 0.27231800 -0.07152500 0.08284600
v 0.27461800 -0.07152500 0.08167400
v 0.27461800 -0.07152500 0.08167400
v 0.27644300 -0.07152500 0.07984900
v 0.27644300 -0.07152500 0.07984900
v 0.27761500 -0.07152500 0.07754900
v 0.27761500 -0.07152500 0.07754900
v 0.27801800 -0.07152500 0.07500000
v 0.27801800 -0.07152500 0.07500000
v 0.27761500 -0.07152500 0.07245100
v 0.27761500 -0.07152500 0.07245100
v 0.27644300 -0.07152500 0.07015100
v 0.27644300 -0.07152500 0.07015100
v 0.27461800 -0.07152500 0.06832600
v 0.27461800 -0.07152500 0.06832600
v 0.27231800 -0.07152500 0.06715400
v 0.27231800 -0.07152500 0.06715400
v 0.26976800 -0.07152500 0.06675000
v 0.26976800 -0.07152500 0.06675000
v 0.26721900 -0.07152500 0.06715400
v 0.26721900 -0.07152500 0.06715400
v 0.26491900 -0.07152500 0.06832600
v 0.26491900 -0.07152500 0.06832600
v 0.26309400 -0.07152500 0.07015100
v 0.26309400 -0.07152500 0.07015100
v 0.26192200 -0.07152500 0.07245100
v 0.26192200 -0.07152500 0.07245100
v 0.25466800 -0.07092500 0.07500000
v 0.25466800 -0.07092500 0.07500000
v 0.25466800 -0.07092500 0.07500000
v 0.25466800 -0.07092500 0.07500000
v 0.25507500 -0.07092500 0.07151800
v 0.25507500 -0.07092500 0.07151800
v 0.25627500 -0.07092500 0.06822300
v 0.25627500 -0.07092500 0.06822300
v 0.25820100 -0.07092500 0.06529400
v 0.25820100 -0.07092500 0.06529400
v 0.26075100 -0.07092500 0.06288800
v 0.26075100 -0.07092500 0.06288800
v 0.26378800 -0.07092500 0.06113500
v 0.26378800 -0.07092500 0.06113500
v 0.26714600 -0.07092500 0.06012900
v 0.26714600 -0.07092500 0.06012900
v 0.27064600 -0.07092500 0.05992600
v 0.27064600 -0.07092500 0.05992600
v 0.27409900 -0.07092500 0.06053400
v 0.27409900 -0.07092500 0.06053400
v 0.27731800 -0.07092500 0.06192300
v 0.27731800 -0.07092500 0.06192300
v 0.28013100 -0.07092500 0.06401700
v 0.28013100 -0.07092500 0.06401700
v 0.28238400 -0.07092500 0.06670200
v 0.28238400 -0.07092500 0.06670200
v 0.28395800 -0.07092500 0.06983500
v 0.28395800 -0.07092500 0.06983500
v 0.28476600 -0.07092500 0.07324700
v 0.28476600 -0.07092500 0.07324700
v 0.28476600 -0.07092500 0.07675300
v 0.28476600 -0.07092500 0.07675300
v 0.28395800 -0.07092500 0.08016500
v 0.28395800 -0.07092500 0.08016500
v 0.28238400 -0.07092500 0.08329800
v 0.28238400 -0.07092500 0.08329800
v 0.28013100 -0.07092500 0.08598300
v 0.28013100 -0.07092500 0.08598300
v 0.27731800 -0.07092500 0.08807700
v 0.27731800 -0.07092500 0.08807700
v 0.27409900 -0.07092500 0.08946600
v 0.27409900 -0.07092500 0.08946600
v 0.27064600 -0.07092500 0.09007400
v 0.27064600 -0.07092500 0.09007400
v 0.26714600 -0.07092500 0.08987100
v 0.26714600 -0.07092500 0.08987100
v 0.26378800 -0.07092500 0.08886500
v 0.26378800 -0.07092500 0.08886500
v 0.26075100 -0.07092500 0.08711200
v 0.26075100 -0.07092500 0.08711200
v 0.25820100 -0.07092500 0.08470600
v 0.25820100 -0.07092500 0.08470600
v 0.25627500 -0.07092500 0.08177700
v 0.25627500 -0.07092500 0.08177700
v 0.25507500 -0.07092500 0.07848200
v 0.25507500 -0.07092500 0.07848200
v 0.07502400 -0.05301200 0.08832800
v 0.07502400 -0.05301200 0.08832800
v 0.07502400 -0.05301200 0.08832800
v 0.07502400 -0.05301200 0.08832800
v 0.07478000 -0.05315400 0.08927600
v 0.07478000 -0.05315400 0.08927600
v 0.07410600 -0.05326100 0.08999200
v 0.07410600 -0.05326100 0.08999200
v 0.07316700 -0.05330700 0.09030100
v 0.07316700 -0.05330700 0.09030100
v 0.07316700 -0.05330700 0.09030100
v 0.07315600 -0.05016700 0.09072900
v 0.07315600 -0.05016700 0.09072900
v 0.07313800 -0.04286000 0.09140000
v 0.07313800 -0.04286000 0.09140000
v 0.07313300 -0.03919400 0.09156800
v 0.07313300 -0.03919400 0.09156800
v 0.07313200 -0.03552500 0.09162400
v 0.07313200 -0.03552500 0.09162400
v 0.07313200 -0.03552500 0.09162400
v 0.07386200 -0.03552500 0.09143900
v 0.07386200 -0.03552500 0.09143900
v 0.07447500 -0.03552500 0.09100100
v 0.07447500 -0.03552500 0.09100100
v 0.07488100 -0.03552500 0.09036700
v 0.07488100 -0.03552500 0.09036700
v 0.07502400 -0.03552500 0.08962600
v 0.07502400 -0.03552500 0.08962600
v 0.07502400 -0.03552500 0.08962600
v 0.07502400 -0.04137600 0.08948200
v 0.07502400 -0.04137600 0.08948200
v 0.07502400 -0.04721100 0.08904900
v 0.07502400 -0.04721100 0.08904900
v 0.07476500 -0.04279900 0.09039000
v 0.07476800 -0.05004400 0.08972000
v 0.07359800 -0.05015700 0.09064800
v 0.07410700 -0.05012900 0.09041300
v 0.07453200 -0.05008400 0.09005200
v 0.07359000 -0.04651200 0.09104100
v 0.07410100 -0.04649000 0.09080700
v 0.07452900 -0.04645700 0.09044400
v 0.07476600 -0.04642600 0.09011100
v 0.07452600 -0.04281900 0.09072400
v 0.07409700 -0.04284100 0.09108800
v 0.07358300 -0.04285500 0.09132100
v 0.07502700 -0.05430000 0.08818500
v 0.07502700 -0.05430000 0.08818500
v 0.07502700 -0.05430000 0.08818500
v 0.07494200 -0.05430000 0.08871000
v 0.07494200 -0.05430000 0.08871000
v 0.07465800 -0.05430000 0.08930100
v 0.07465800 -0.05430000 0.08930100
v 0.07401000 -0.05430000 0.08988800
v 0.07401000 -0.05430000 0.08988800
v 0.07317300 -0.05430000 0.09014800
v 0.07317300 -0.05430000 0.09014800
v 0.07317300 -0.05430000 0.09014800
v 0.07317100 -0.05396900 0.09020000
v 0.07317100 -0.05396900 0.09020000
v 0.07316900 -0.05363800 0.09025100
v 0.07316900 -0.05363800 0.09025100
v 0.07502500 -0.05344200 0.08828200
v 0.07502500 -0.05344200 0.08828200
v 0.07502500 -0.05387100 0.08823400
v 0.07502500 -0.05387100 0.08823400
v 0.07360800 -0.05395600 0.09011800
v 0.07410800 -0.05391900 0.08988700
v 0.07452800 -0.05386400 0.08953300
v 0.07476200 -0.05381300 0.08920800
v 0.07542000 -0.05430000 0.08637800
v 0.07542000 -0.05430000 0.08637800
v 0.07644400 -0.05430000 0.08483800
v 0.07644400 -0.05430000 0.08483800
v 0.07795800 -0.05430000 0.08377500
v 0.07795800 -0.05430000 0.08377500
v 0.07975500 -0.05430000 0.08333500
v 0.07975500 -0.05430000 0.08333500
v 0.08158900 -0.05430000 0.08357900
v 0.08158900 -0.05430000 0.08357900
v 0.08320800 -0.05430000 0.08447300
v 0.08320800 -0.05430000 0.08447300
v 0.08439200 -0.05430000 0.08589400
v 0.08439200 -0.05430000 0.08589400
v 0.08497800 -0.05430000 0.08764900
v 0.08497800 -0.05430000 0.08764900
v 0.08497800 -0.05430000 0.08764900
v 0.08521000 -0.05430000 0.08835000
v 0.08521000 -0.05430000 0.08835000
v 0.08567200 -0.05430000 0.08892700
v 0.08567200 -0.05430000 0.08892700
v 0.08630900 -0.05430000 0.08929800
v 0.08630900 -0.05430000 0.08929800
v 0.08703500 -0.05430000 0.08941100
v 0.08703500 -0.05430000 0.08941100
v 0.08703500 -0.05430000 0.08941100
v 0.09535400 -0.05430000 0.08921100
v 0.09535400 -0.05430000 0.08921100
v 0.10389100 -0.05430000 0.08915800
v 0.10389100 -0.05430000 0.08915800
v 0.12125100 -0.05430000 0.08943700
v 0.12125100 -0.05430000 0.08943700
v 0.13838200 -0.05430000 0.09014300
v 0.13838200 -0.05430000 0.09014300
v 0.15490000 -0.05430000 0.09119700
v 0.15490000 -0.05430000 0.09119700
v 0.17384200 -0.05430000 0.09282700
v 0.17384200 -0.05430000 0.09282700
v 0.19233700 -0.05430000 0.09477900
v 0.19233700 -0.05430000 0.09477900
v 0.19233700 -0.05430000 0.09477900
v 0.19317900 -0.05430000 0.09468700
v 0.19317900 -0.05430000 0.09468700
v 0.19390900 -0.05430000 0.09426100
v 0.19390900 -0.05430000 0.09426100
v 0.19430700 -0.05430000 0.09376300
v 0.19430700 -0.05430000 0.09376300
v 0.19451000 -0.05430000 0.09328200
v 0.19451000 -0.05430000 0.09328200
v 0.19451000 -0.05430000 0.09328200
v 0.19543100 -0.05430000 0.09149500
v 0.19543100 -0.05430000 0.09149500
v 0.19698000 -0.05430000 0.09021600
v 0.19698000 -0.05430000 0.09021600
v 0.19890900 -0.05430000 0.08965000
v 0.19890900 -0.05430000 0.08965000
v 0.20090500 -0.05430000 0.08988900
v 0.20090500 -0.05430000 0.08988900
v 0.20264500 -0.05430000 0.09089500
v 0.20264500 -0.05430000 0.09089500
v 0.20384800 -0.05430000 0.09250400
v 0.20384800 -0.05430000 0.09250400
v 0.20432100 -0.05430000 0.09445800
v 0.20432100 -0.05430000 0.09445800
v 0.20432100 -0.05430000 0.09445800
v 0.20453400 -0.05430000 0.09530300
v 0.20453400 -0.05430000 0.09530300
v 0.20506800 -0.05430000 0.09598300
v 0.20506800 -0.05430000 0.09598300
v 0.20559500 -0.05430000 0.09629400
v 0.20559500 -0.05430000 0.09629400
v 0.20607900 -0.05430000 0.09642000
v 0.20607900 -0.05430000 0.09642000
v 0.20607900 -0.05430000 0.09642000
v 0.21289300 -0.05430000 0.09729200
v 0.21289300 -0.05430000 0.09729200
v 0.21969800 -0.05430000 0.09820500
v 0.21969800 -0.05430000 0.09820500
v 0.22651200 -0.05430000 0.09916200
v 0.22651200 -0.05430000 0.09916200
v 0.23331200 -0.05430000 0.10016300
v 0.23331200 -0.05430000 0.10016300
v 0.23331200 -0.05430000 0.10016300
v 0.23370800 -0.05430000 0.08196600
v 0.23370800 -0.05430000 0.08196600
v 0.23370800 -0.05430000 0.08196600
v 0.24166100 -0.05430000 0.08213900
v 0.24166100 -0.05430000 0.08213900
v 0.24166100 -0.05430000 0.08213900
v 0.24326100 -0.05430000 0.08676200
v 0.24326100 -0.05430000 0.08676200
v 0.24561500 -0.05430000 0.09105000
v 0.24561500 -0.05430000 0.09105000
v 0.24865600 -0.05430000 0.09488200
v 0.24865600 -0.05430000 0.09488200
v 0.25229800 -0.05430000 0.09814700
v 0.25229800 -0.05430000 0.09814700
v 0.25643800 -0.05430000 0.10075400
v 0.25643800 -0.05430000 0.10075400
v 0.26095600 -0.05430000 0.10262900
v 0.26095600 -0.05430000 0.10262900
v 0.26572600 -0.05430000 0.10371700
v 0.26572600 -0.05430000 0.10371700
v 0.27061000 -0.05430000 0.10398800
v 0.27061000 -0.05430000 0.10398800
v 0.27547000 -0.05430000 0.10343400
v 0.27547000 -0.05430000 0.10343400
v 0.28016900 -0.05430000 0.10207100
v 0.28016900 -0.05430000 0.10207100
v 0.28457100 -0.05430000 0.09993800
v 0.28457100 -0.05430000 0.09993800
v 0.28855200 -0.05430000 0.09709500
v 0.28855200 -0.05430000 0.09709500
v 0.29199800 -0.05430000 0.09362300
v 0.29199800 -0.05430000 0.09362300
v 0.29481200 -0.05430000 0.08962200
v 0.29481200 -0.05430000 0.08962200
v 0.29691400 -0.05430000 0.08520400
v 0.29691400 -0.05430000 0.08520400
v 0.29824300 -0.05430000 0.08049600
v 0.29824300 -0.05430000 0.08049600
v 0.29876200 -0.05430000 0.07563200
v 0.29876200 -0.05430000 0.07563200
v 0.29845500 -0.05430000 0.07075000
v 0.29845500 -0.05430000 0.07075000
v 0.29733300 -0.05430000 0.06598800
v 0.29733300 -0.05430000 0.06598800
v 0.29542600 -0.05430000 0.06148400
v 0.29542600 -0.05430000 0.06148400
v 0.29278900 -0.05430000 0.05736300
v 0.29278900 -0.05430000 0.05736300
v 0.28949700 -0.05430000 0.05374500
v 0.28949700 -0.05430000 0.05374500
v 0.28564400 -0.05430000 0.05073100
v 0.28564400 -0.05430000 0.05073100
v 0.28133800 -0.05430000 0.04840800
v 0.28133800 -0.05430000 0.04840800
v 0.27670400 -0.05430000 0.04684200
v 0.27670400 -0.05430000 0.04684200
v 0.27187300 -0.05430000 0.04607600
v 0.27187300 -0.05430000 0.04607600
v 0.26698100 -0.05430000 0.04613400
v 0.26698100 -0.05430000 0.04613400
v 0.26216900 -0.05430000 0.04701300
v 0.26216900 -0.05430000 0.04701300
v 0.25757300 -0.05430000 0.04868900
v 0.25757300 -0.05430000 0.04868900
v 0.25332400 -0.05430000 0.05111300
v 0.25332400 -0.05430000 0.05111300
v 0.24954300 -0.05430000 0.05421700
v 0.24954300 -0.05430000 0.05421700
v 0.24633700 -0.05430000 0.05791200
v 0.24633700 -0.05430000 0.05791200
v 0.24379900 -0.05430000 0.06209400
v 0.24379900 -0.05430000 0.06209400
v 0.24199900 -0.05430000 0.06664300
v 0.24199900 -0.05430000 0.06664300
v 0.24199900 -0.05430000 0.06664300
v 0.23404600 -0.05430000 0.06646900
v 0.23404600 -0.05430000 0.06646900
v 0.23404600 -0.05430000 0.06646900
v 0.23444300 -0.05430000 0.04827200
v 0.23444300 -0.05430000 0.04827200
v 0.23444300 -0.05430000 0.04827200
v 0.22760600 -0.05430000 0.04897600
v 0.22760600 -0.05430000 0.04897600
v 0.22075700 -0.05430000 0.04963500
v 0.22075700 -0.05430000 0.04963500
v 0.21391800 -0.05430000 0.05025000
v 0.21391800 -0.05430000 0.05025000
v 0.20707300 -0.05430000 0.05082500
v 0.20707300 -0.05430000 0.05082500
v 0.20707300 -0.05430000 0.05082500
v 0.20626400 -0.05430000 0.05107700
v 0.20626400 -0.05430000 0.05107700
v 0.20563000 -0.05430000 0.05163500
v 0.20563000 -0.05430000 0.05163500
v 0.20533600 -0.05430000 0.05219900
v 0.20533600 -0.05430000 0.05219900
v 0.20523100 -0.05430000 0.05270900
v 0.20523100 -0.05430000 0.05270900
v 0.20523100 -0.05430000 0.05270900
v 0.20467400 -0.05430000 0.05464000
v 0.20467400 -0.05430000 0.05464000
v 0.20340100 -0.05430000 0.05619500
v 0.20340100 -0.05430000 0.05619500
v 0.20161900 -0.05430000 0.05712400
v 0.20161900 -0.05430000 0.05712400
v 0.19961500 -0.05430000 0.05727600
v 0.19961500 -0.05430000 0.05727600
v 0.19771300 -0.05430000 0.05662700
v 0.19771300 -0.05430000 0.05662700
v 0.19622000 -0.05430000 0.05528100
v 0.19622000 -0.05430000 0.05528100
v 0.19537800 -0.05430000 0.05345600
v 0.19537800 -0.05430000 0.05345600
v 0.19537800 -0.05430000 0.05345600
v 0.19515200 -0.05430000 0.05288800
v 0.19515200 -0.05430000 0.05288800
v 0.19476300 -0.05430000 0.05239900
v 0.19476300 -0.05430000 0.05239900
v 0.19409900 -0.05430000 0.05198700
v 0.19409900 -0.05430000 0.05198700
v 0.19327200 -0.05430000 0.05186600
v 0.19327200 -0.05430000 0.05186600
v 0.19327200 -0.05430000 0.05186600
v 0.17477300 -0.05430000 0.05300600
v 0.17477300 -0.05430000 0.05300600
v 0.15571600 -0.05430000 0.05381300
v 0.15571600 -0.05430000 0.05381300
v 0.13930400 -0.05430000 0.05414500
v 0.13930400 -0.05430000 0.05414500
v 0.12219600 -0.05430000 0.05410400
v 0.12219600 -0.05430000 0.05410400
v 0.10477100 -0.05430000 0.05362900
v 0.10477100 -0.05430000 0.05362900
v 0.09619200 -0.05430000 0.05320400
v 0.09619200 -0.05430000 0.05320400
v 0.08783700 -0.05430000 0.05263900
v 0.08783700 -0.05430000 0.05263900
v 0.08783700 -0.05430000 0.05263900
v 0.08710300 -0.05430000 0.05272400
v 0.08710300 -0.05430000 0.05272400
v 0.08644900 -0.05430000 0.05306700
v 0.08644900 -0.05430000 0.05306700
v 0.08596300 -0.05430000 0.05362200
v 0.08596300 -0.05430000 0.05362200
v 0.08570500 -0.05430000 0.05431000
v 0.08570500 -0.05430000 0.05431000
v 0.08570500 -0.05430000 0.05431000
v 0.08504800 -0.05430000 0.05603000
v 0.08504800 -0.05430000 0.05603000
v 0.08381300 -0.05430000 0.05739500
v 0.08381300 -0.05430000 0.05739500
v 0.08216900 -0.05430000 0.05822000
v 0.08216900 -0.05430000 0.05822000
v 0.08033600 -0.05430000 0.05839500
v 0.08033600 -0.05430000 0.05839500
v 0.07856500 -0.05430000 0.05789500
v 0.07856500 -0.05430000 0.05789500
v 0.07709500 -0.05430000 0.05678900
v 0.07709500 -0.05430000 0.05678900
v 0.07612400 -0.05430000 0.05522500
v 0.07612400 -0.05430000 0.05522500
v 0.07578600 -0.05430000 0.05341600
v 0.07578600 -0.05430000 0.05341600
v 0.07578600 -0.05430000 0.05341600
v 0.07578600 -0.05430000 0.05331000
v 0.07578600 -0.05430000 0.05331000
v 0.07578600 -0.05430000 0.05331000
v 0.07569700 -0.05430000 0.05271600
v 0.07569700 -0.05430000 0.05271600
v 0.07538300 -0.05430000 0.05209200
v 0.07538300 -0.05430000 0.05209200
v 0.07478100 -0.05430000 0.05155700
v 0.07478100 -0.05430000 0.05155700
v 0.07401800 -0.05430000 0.05129900
v 0.07401800 -0.05430000 0.05129900
v 0.07401800 -0.05430000 0.05129900
v 0.07077300 -0.05430000 0.05089500
v 0.07077300 -0.05430000 0.05089500
v 0.06777100 -0.05430000 0.05048800
v 0.06777100 -0.05430000 0.05048800
v 0.06239300 -0.05430000 0.04966800
v 0.06239300 -0.05430000 0.04966800
v 0.05766900 -0.05430000 0.04884900
v 0.05766900 -0.05430000 0.04884900
v 0.05338300 -0.05430000 0.04804100
v 0.05338300 -0.05430000 0.04804100
v 0.04954700 -0.05430000 0.04730000
v 0.04954700 -0.05430000 0.04730000
v 0.04633200 -0.05430000 0.04672000
v 0.04633200 -0.05430000 0.04672000
v 0.04351100 -0.05430000 0.04632200
v 0.04351100 -0.05430000 0.04632200
v 0.04093500 -0.05430000 0.04614400
v 0.04093500 -0.05430000 0.04614400
v 0.04093500 -0.05430000 0.04614400
v 0.03654200 -0.05430000 0.04645500
v 0.03654200 -0.05430000 0.04645500
v 0.03228200 -0.05430000 0.04756700
v 0.03228200 -0.05430000 0.04756700
v 0.02829800 -0.05430000 0.04944400
v 0.02829800 -0.05430000 0.04944400
v 0.02472700 -0.05430000 0.05202000
v 0.02472700 -0.05430000 0.05202000
v 0.02169100 -0.05430000 0.05520900
v 0.02169100 -0.05430000 0.05520900
v 0.01929100 -0.05430000 0.05890100
v 0.01929100 -0.05430000 0.05890100
v 0.01761200 -0.05430000 0.06297100
v 0.01761200 -0.05430000 0.06297100
v 0.01670800 -0.05430000 0.06728100
v 0.01670800 -0.05430000 0.06728100
v 0.01661200 -0.05430000 0.07168300
v 0.01661200 -0.05430000 0.07168300
v 0.01732700 -0.05430000 0.07602800
v 0.01732700 -0.05430000 0.07602800
v 0.01882800 -0.05430000 0.08016800
v 0.01882800 -0.05430000 0.08016800
v 0.02106400 -0.05430000 0.08396100
v 0.02106400 -0.05430000 0.08396100
v 0.02395900 -0.05430000 0.08727900
v 0.02395900 -0.05430000 0.08727900
v 0.02741400 -0.05430000 0.09000900
v 0.02741400 -0.05430000 0.09000900
v 0.03131200 -0.05430000 0.09205700
v 0.03131200 -0.05430000 0.09205700
v 0.03552000 -0.05430000 0.09335400
v 0.03552000 -0.05430000 0.09335400
v 0.03989400 -0.05430000 0.09385600
v 0.03989400 -0.05430000 0.09385600
v 0.03989400 -0.05430000 0.09385600
v 0.04226800 -0.05430000 0.09380300
v 0.04226800 -0.05430000 0.09380300
v 0.04484300 -0.05430000 0.09357100
v 0.04484300 -0.05430000 0.09357100
v 0.04762800 -0.05430000 0.09321200
v 0.04762800 -0.05430000 0.09321200
v 0.05076400 -0.05430000 0.09275100
v 0.05076400 -0.05430000 0.09275100
v 0.05260400 -0.05430000 0.09247600
v 0.05260400 -0.05430000 0.09247600
v 0.05471100 -0.05430000 0.09216800
v 0.05471100 -0.05430000 0.09216800
v 0.05709500 -0.05430000 0.09183600
v 0.05709500 -0.05430000 0.09183600
v 0.05975600 -0.05430000 0.09148800
v 0.05975600 -0.05430000 0.09148800
v 0.06269400 -0.05430000 0.09113600
v 0.06269400 -0.05430000 0.09113600
v 0.06590900 -0.05430000 0.09078800
v 0.06590900 -0.05430000 0.09078800
v 0.06940200 -0.05430000 0.09045600
v 0.06940200 -0.05430000 0.09045600
v 0.03728400 -0.05430000 0.07593300
v 0.03728400 -0.05430000 0.07593300
v 0.03728400 -0.05430000 0.07593300
v 0.03754600 -0.05430000 0.06393600
v 0.03754600 -0.05430000 0.06393600
v 0.03754600 -0.05430000 0.06393600
v 0.03783600 -0.05430000 0.06294200
v 0.03783600 -0.05430000 0.06294200
v 0.03858400 -0.05430000 0.06222600
v 0.03858400 -0.05430000 0.06222600
v 0.03958900 -0.05430000 0.06198000
v 0.03958900 -0.05430000 0.06198000
v 0.03958900 -0.05430000 0.06198000
v 0.04158900 -0.05430000 0.06202400
v 0.04158900 -0.05430000 0.06202400
v 0.04158900 -0.05430000 0.06202400
v 0.04258300 -0.05430000 0.06231300
v 0.04258300 -0.05430000 0.06231300
v 0.04329800 -0.05430000 0.06306100
v 0.04329800 -0.05430000 0.06306100
v 0.04354500 -0.05430000 0.06406700
v 0.04354500 -0.05430000 0.06406700
v 0.04354500 -0.05430000 0.06406700
v 0.04328300 -0.05430000 0.07606400
v 0.04328300 -0.05430000 0.07606400
v 0.04328300 -0.05430000 0.07606400
v 0.04299300 -0.05430000 0.07705800
v 0.04299300 -0.05430000 0.07705800
v 0.04224600 -0.05430000 0.07777400
v 0.04224600 -0.05430000 0.07777400
v 0.04124000 -0.05430000 0.07802000
v 0.04124000 -0.05430000 0.07802000
v 0.04124000 -0.05430000 0.07802000
v 0.03924000 -0.05430000 0.07797600
v 0.03924000 -0.05430000 0.07797600
v 0.03924000 -0.05430000 0.07797600
v 0.03824600 -0.05430000 0.07768700
v 0.03824600 -0.05430000 0.07768700
v 0.03753100 -0.05430000 0.07693900
v 0.03753100 -0.05430000 0.07693900
v 0.06225900 -0.05430000 0.05904800
v 0.06225900 -0.05430000 0.05904800
v 0.06225900 -0.05430000 0.05904800
v 0.06264900 -0.05430000 0.05746800
v 0.06264900 -0.05430000 0.05746800
v 0.06372800 -0.05430000 0.05624900
v 0.06372800 -0.05430000 0.05624900
v 0.06524900 -0.05430000 0.05567200
v 0.06524900 -0.05430000 0.05567200
v 0.06686500 -0.05430000 0.05586900
v 0.06686500 -0.05430000 0.05586900
v 0.06820400 -0.05430000 0.05679300
v 0.06820400 -0.05430000 0.05679300
v 0.06896000 -0.05430000 0.05823400
v 0.06896000 -0.05430000 0.05823400
v 0.06896000 -0.05430000 0.05986100
v 0.06896000 -0.05430000 0.05986100
v 0.06820400 -0.05430000 0.06130200
v 0.06820400 -0.05430000 0.06130200
v 0.06686500 -0.05430000 0.06222700
v 0.06686500 -0.05430000 0.06222700
v 0.06524900 -0.05430000 0.06242300
v 0.06524900 -0.05430000 0.06242300
v 0.06372800 -0.05430000 0.06184600
v 0.06372800 -0.05430000 0.06184600
v 0.06264900 -0.05430000 0.06062800
v 0.06264900 -0.05430000 0.06062800
v 0.06175800 -0.05430000 0.08204200
v 0.06175800 -0.05430000 0.08204200
v 0.06175800 -0.05430000 0.08204200
v 0.06214700 -0.05430000 0.08046200
v 0.06214700 -0.05430000 0.08046200
v 0.06322700 -0.05430000 0.07924400
v 0.06322700 -0.05430000 0.07924400
v 0.06474800 -0.05430000 0.07866700
v 0.06474800 -0.05430000 0.07866700
v 0.06636400 -0.05430000 0.07886300
v 0.06636400 -0.05430000 0.07886300
v 0.06770300 -0.05430000 0.07978800
v 0.06770300 -0.05430000 0.07978800
v 0.06845900 -0.05430000 0.08122800
v 0.06845900 -0.05430000 0.08122800
v 0.06845900 -0.05430000 0.08285600
v 0.06845900 -0.05430000 0.08285600
v 0.06770300 -0.05430000 0.08429700
v 0.06770300 -0.05430000 0.08429700
v 0.06636400 -0.05430000 0.08522100
v 0.06636400 -0.05430000 0.08522100
v 0.06474800 -0.05430000 0.08541700
v 0.06474800 -0.05430000 0.08541700
v 0.06322700 -0.05430000 0.08484000
v 0.06322700 -0.05430000 0.08484000
v 0.06214700 -0.05430000 0.08362200
v 0.06214700 -0.05430000 0.08362200
v 0.26454700 -0.05430000 0.08138800
v 0.26454700 -0.05430000 0.08138800
v 0.26454700 -0.05430000 0.08138800
v 0.21662400 -0.05430000 0.08034300
v 0.21662400 -0.05430000 0.08034300
v 0.21662400 -0.05430000 0.08034300
v 0.21581500 -0.05430000 0.08021100
v 0.21581500 -0.05430000 0.08021100
v 0.21513500 -0.05430000 0.07987200
v 0.21513500 -0.05430000 0.07987200
v 0.21468500 -0.05430000 0.07937600
v 0.21468500 -0.05430000 0.07937600
v 0.21457100 -0.05430000 0.07909200
v 0.21457100 -0.05430000 0.07909200
v 0.21453600 -0.05430000 0.07879900
v 0.21453600 -0.05430000 0.07879900
v 0.21453600 -0.05430000 0.07879900
v 0.21473300 -0.05430000 0.06880100
v 0.21473300 -0.05430000 0.06880100
v 0.21473300 -0.05430000 0.06880100
v 0.21478000 -0.05430000 0.06850900
v 0.21478000 -0.05430000 0.06850900
v 0.21490700 -0.05430000 0.06823000
v 0.21490700 -0.05430000 0.06823000
v 0.21537700 -0.05430000 0.06775300
v 0.21537700 -0.05430000 0.06775300
v 0.21607200 -0.05430000 0.06744200
v 0.21607200 -0.05430000 0.06744200
v 0.21688700 -0.05430000 0.06734600
v 0.21688700 -0.05430000 0.06734600
v 0.21688700 -0.05430000 0.06734600
v 0.26483100 -0.05430000 0.06839100
v 0.26483100 -0.05430000 0.06839100
v 0.26483100 -0.05430000 0.06839100
v 0.26715400 -0.05430000 0.06717500
v 0.26715400 -0.05430000 0.06717500
v 0.26974100 -0.05430000 0.06675000
v 0.26974100 -0.05430000 0.06675000
v 0.27233100 -0.05430000 0.06715800
v 0.27233100 -0.05430000 0.06715800
v 0.27466300 -0.05430000 0.06835800
v 0.27466300 -0.05430000 0.06835800
v 0.27649900 -0.05430000 0.07023000
v 0.27649900 -0.05430000 0.07023000
v 0.27765600 -0.05430000 0.07258300
v 0.27765600 -0.05430000 0.07258300
v 0.27801600 -0.05430000 0.07518000
v 0.27801600 -0.05430000 0.07518000
v 0.27754300 -0.05430000 0.07775900
v 0.27754300 -0.05430000 0.07775900
v 0.27628500 -0.05430000 0.08005900
v 0.27628500 -0.05430000 0.08005900
v 0.27436800 -0.05430000 0.08184900
v 0.27436800 -0.05430000 0.08184900
v 0.27198700 -0.05430000 0.08294600
v 0.27198700 -0.05430000 0.08294600
v 0.26938200 -0.05430000 0.08324100
v 0.26938200 -0.05430000 0.08324100
v 0.26681500 -0.05430000 0.08270300
v 0.26681500 -0.05430000 0.08270300
v 0.02751500 -0.05430000 0.07000000
v 0.02751500 -0.05430000 0.07000000
v 0.02751500 -0.05430000 0.07000000
v 0.02723300 -0.05430000 0.07105000
v 0.02723300 -0.05430000 0.07105000
v 0.02646500 -0.05430000 0.07181900
v 0.02646500 -0.05430000 0.07181900
v 0.02541500 -0.05430000 0.07210000
v 0.02541500 -0.05430000 0.07210000
v 0.02436500 -0.05430000 0.07181900
v 0.02436500 -0.05430000 0.07181900
v 0.02359600 -0.05430000 0.07105000
v 0.02359600 -0.05430000 0.07105000
v 0.02331500 -0.05430000 0.07000000
v 0.02331500 -0.05430000 0.07000000
v 0.02359600 -0.05430000 0.06895000
v 0.02359600 -0.05430000 0.06895000
v 0.02436500 -0.05430000 0.06818100
v 0.02436500 -0.05430000 0.06818100
v 0.02541500 -0.05430000 0.06790000
v 0.02541500 -0.05430000 0.06790000
v 0.02646500 -0.05430000 0.06818100
v 0.02646500 -0.05430000 0.06818100
v 0.02723300 -0.05430000 0.06895000
v 0.02723300 -0.05430000 0.06895000
v 0.05001500 -0.05430000 0.05701000
v 0.05001500 -0.05430000 0.05701000
v 0.05001500 -0.05430000 0.05701000
v 0.04973300 -0.05430000 0.05806000
v 0.04973300 -0.05430000 0.05806000
v 0.04896500 -0.05430000 0.05882800
v 0.04896500 -0.05430000 0.05882800
v 0.04791500 -0.05430000 0.05911000
v 0.04791500 -0.05430000 0.05911000
v 0.04686500 -0.05430000 0.05882800
v 0.04686500 -0.05430000 0.05882800
v 0.04609600 -0.05430000 0.05806000
v 0.04609600 -0.05430000 0.05806000
v 0.04581500 -0.05430000 0.05701000
v 0.04581500 -0.05430000 0.05701000
v 0.04609600 -0.05430000 0.05596000
v 0.04609600 -0.05430000 0.05596000
v 0.04686500 -0.05430000 0.05519100
v 0.04686500 -0.05430000 0.05519100
v 0.04791500 -0.05430000 0.05491000
v 0.04791500 -0.05430000 0.05491000
v 0.04896500 -0.05430000 0.05519100
v 0.04896500 -0.05430000 0.05519100
v 0.04973300 -0.05430000 0.05596000
v 0.04973300 -0.05430000 0.05596000
v 0.05001500 -0.05430000 0.08299000
v 0.05001500 -0.05430000 0.08299000
v 0.05001500 -0.05430000 0.08299000
v 0.04973300 -0.05430000 0.08404000
v 0.04973300 -0.05430000 0.08404000
v 0.04896500 -0.05430000 0.08480900
v 0.04896500 -0.05430000 0.08480900
v 0.04791500 -0.05430000 0.08509000
v 0.04791500 -0.05430000 0.08509000
v 0.04686500 -0.05430000 0.08480900
v 0.04686500 -0.05430000 0.08480900
v 0.04609600 -0.05430000 0.08404000
v 0.04609600 -0.05430000 0.08404000
v 0.04581500 -0.05430000 0.08299000
v 0.04581500 -0.05430000 0.08299000
v 0.04609600 -0.05430000 0.08194000
v 0.04609600 -0.05430000 0.08194000
v 0.04686500 -0.05430000 0.08117200
v 0.04686500 -0.05430000 0.08117200
v 0.04791500 -0.05430000 0.08089000
v 0.04791500 -0.05430000 0.08089000
v 0.04896500 -0.05430000 0.08117200
v 0.04896500 -0.05430000 0.08117200
v 0.04973300 -0.05430000 0.08194000
v 0.04973300 -0.05430000 0.08194000
v 0.03676400 -0.05430000 0.08149700
v 0.03676400 -0.05430000 0.08149700
v 0.03676400 -0.05430000 0.08149700
v 0.03715300 -0.05430000 0.07991700
v 0.03715300 -0.05430000 0.07991700
v 0.03823200 -0.05430000 0.07869900
v 0.03823200 -0.05430000 0.07869900
v 0.03975400 -0.05430000 0.07812200
v 0.03975400 -0.05430000 0.07812200
v 0.04137000 -0.05430000 0.07831800
v 0.04137000 -0.05430000 0.07831800
v 0.04270900 -0.05430000 0.07924300
v 0.04270900 -0.05430000 0.07924300
v 0.04346500 -0.05430000 0.08068400
v 0.04346500 -0.05430000 0.08068400
v 0.04346500 -0.05430000 0.08231100
v 0.04346500 -0.05430000 0.08231100
v 0.04270900 -0.05430000 0.08375200
v 0.04270900 -0.05430000 0.08375200
v 0.04137000 -0.05430000 0.08467600
v 0.04137000 -0.05430000 0.08467600
v 0.03975400 -0.05430000 0.08487200
v 0.03975400 -0.05430000 0.08487200
v 0.03823200 -0.05430000 0.08429500
v 0.03823200 -0.05430000 0.08429500
v 0.03715300 -0.05430000 0.08307700
v 0.03715300 -0.05430000 0.08307700
v 0.03726500 -0.05430000 0.05850300
v 0.03726500 -0.05430000 0.05850300
v 0.03726500 -0.05430000 0.05850300
v 0.03765500 -0.05430000 0.05692300
v 0.03765500 -0.05430000 0.05692300
v 0.03873400 -0.05430000 0.05570500
v 0.03873400 -0.05430000 0.05570500
v 0.04025500 -0.05430000 0.05512800
v 0.04025500 -0.05430000 0.05512800
v 0.04187100 -0.05430000 0.05532400
v 0.04187100 -0.05430000 0.05532400
v 0.04321000 -0.05430000 0.05624800
v 0.04321000 -0.05430000 0.05624800
v 0.04396600 -0.05430000 0.05768900
v 0.04396600 -0.05430000 0.05768900
v 0.04396600 -0.05430000 0.05931600
v 0.04396600 -0.05430000 0.05931600
v 0.04321000 -0.05430000 0.06075700
v 0.04321000 -0.05430000 0.06075700
v 0.04187100 -0.05430000 0.06168200
v 0.04187100 -0.05430000 0.06168200
v 0.04025500 -0.05430000 0.06187800
v 0.04025500 -0.05430000 0.06187800
v 0.03873400 -0.05430000 0.06130100
v 0.03873400 -0.05430000 0.06130100
v 0.03765500 -0.05430000 0.06008300
v 0.03765500 -0.05430000 0.06008300
v 0.07502400 -0.03552500 0.08832800
v 0.07502400 -0.03552500 0.08832800
v 0.07502400 -0.03552500 0.08832800
v 0.07540500 -0.03552500 0.08641500
v 0.07540500 -0.03552500 0.08641500
v 0.07648900 -0.03552500 0.08479300
v 0.07648900 -0.03552500 0.08479300
v 0.07811100 -0.03552500 0.08370900
v 0.07811100 -0.03552500 0.08370900
v 0.08002400 -0.03552500 0.08332800
v 0.08002400 -0.03552500 0.08332800
v 0.08193800 -0.03552500 0.08370900
v 0.08193800 -0.03552500 0.08370900
v 0.08356000 -0.03552500 0.08479300
v 0.08356000 -0.03552500 0.08479300
v 0.08464400 -0.03552500 0.08641500
v 0.08464400 -0.03552500 0.08641500
v 0.08502400 -0.03552500 0.08832800
v 0.08502400 -0.03552500 0.08832800
v 0.08502400 -0.03552500 0.08832800
v 0.08502400 -0.04834100 0.08832800
v 0.08502400 -0.04834100 0.08832800
v 0.08502400 -0.04834100 0.08832800
v 0.08502400 -0.04834100 0.08832800
v 0.08502200 -0.04983600 0.08818200
v 0.08502200 -0.04983600 0.08818200
v 0.08501500 -0.05132800 0.08802000
v 0.08501500 -0.05132800 0.08802000
v 0.08500100 -0.05281600 0.08784200
v 0.08500100 -0.05281600 0.08784200
v 0.08707400 -0.04859700 0.09031100
v 0.08707400 -0.04859700 0.09031100
v 0.08707400 -0.04859700 0.09031100
v 0.08629300 -0.04857900 0.09017400
v 0.08629300 -0.04857900 0.09017400
v 0.08562800 -0.04852400 0.08974800
v 0.08562800 -0.04852400 0.08974800
v 0.08518100 -0.04844000 0.08909800
v 0.08518100 -0.04844000 0.08909800
v 0.08502400 -0.04408300 0.08878600
v 0.08502400 -0.04408300 0.08878600
v 0.08502400 -0.03980800 0.08906000
v 0.08502400 -0.03980800 0.08906000
v 0.08502400 -0.03552500 0.08915200
v 0.08502400 -0.03552500 0.08915200
v 0.08502400 -0.03552500 0.08915200
v 0.08518100 -0.03552500 0.08992600
v 0.08518100 -0.03552500 0.08992600
v 0.08562300 -0.03552500 0.09057700
v 0.08562300 -0.03552500 0.09057700
v 0.08628400 -0.03552500 0.09100600
v 0.08628400 -0.03552500 0.09100600
v 0.08705700 -0.03552500 0.09115200
v 0.08705700 -0.03552500 0.09115200
v 0.08705700 -0.03552500 0.09115200
v 0.08705900 -0.03989400 0.09105800
v 0.08705900 -0.03989400 0.09105800
v 0.08706500 -0.04425400 0.09077800
v 0.08706500 -0.04425400 0.09077800
v 0.08659300 -0.04212400 0.09088900
v 0.08509900 -0.04203200 0.08947700
v 0.08509900 -0.04274000 0.08942900
v 0.08531200 -0.04277600 0.08992400
v 0.08557100 -0.04280000 0.09026400
v 0.08604000 -0.04282600 0.09062600
v 0.08659300 -0.04284200 0.09084000
v 0.08509800 -0.03878000 0.08963400
v 0.08531100 -0.03879600 0.09013000
v 0.08557000 -0.03880700 0.09047100
v 0.08603800 -0.03881900 0.09083400
v 0.08659000 -0.03882600 0.09104900
v 0.08603900 -0.04211000 0.09067500
v 0.08557100 -0.04208700 0.09031300
v 0.08531200 -0.04206500 0.08997300
v 0.08707500 -0.05002700 0.09011600
v 0.08707500 -0.05002700 0.09011600
v 0.08707000 -0.05145500 0.08990100
v 0.08707000 -0.05145500 0.08990100
v 0.08705700 -0.05287900 0.08966600
v 0.08705700 -0.05287900 0.08966600
v 0.08509700 -0.05188600 0.08840500
v 0.08534300 -0.05197300 0.08891200
v 0.08572100 -0.05204600 0.08933200
v 0.08606300 -0.05208800 0.08956000
v 0.08654900 -0.05212400 0.08973900
v 0.08509600 -0.05090200 0.08852500
v 0.08533700 -0.05098400 0.08904400
v 0.08571300 -0.05105400 0.08947500
v 0.08605800 -0.05109300 0.08971100
v 0.08654900 -0.05112500 0.08989600
v 0.08508800 -0.04910800 0.08872400
v 0.08531800 -0.04918200 0.08926300
v 0.08569300 -0.04924400 0.08971300
v 0.08604100 -0.04927800 0.08996100
v 0.08654100 -0.04930600 0.09015700
v 0.08578600 -0.04570500 0.05341600
v 0.08578600 -0.04570500 0.05341600
v 0.08578600 -0.04570500 0.05341600
v 0.08578600 -0.04570500 0.05341600
v 0.08595000 -0.04578600 0.05262400
v 0.08595000 -0.04578600 0.05262400
v 0.08641800 -0.04585400 0.05196400
v 0.08641800 -0.04585400 0.05196400
v 0.08711100 -0.04589700 0.05154300
v 0.08711100 -0.04589700 0.05154300
v 0.08791500 -0.04590900 0.05143000
v 0.08791500 -0.04590900 0.05143000
v 0.08791500 -0.04590900 0.05143000
v 0.08791000 -0.04245500 0.05113500
v 0.08791000 -0.04245500 0.05113500
v 0.08790700 -0.03899200 0.05095800
v 0.08790700 -0.03899200 0.05095800
v 0.08790600 -0.03552500 0.05089900
v 0.08790600 -0.03552500 0.05089900
v 0.08790600 -0.03552500 0.05089900
v 0.08710600 -0.03552500 0.05101900
v 0.08710600 -0.03552500 0.05101900
v 0.08641500 -0.03552500 0.05144100
v 0.08641500 -0.03552500 0.05144100
v 0.08595100 -0.03552500 0.05210200
v 0.08595100 -0.03552500 0.05210200
v 0.08578600 -0.03552500 0.05289600
v 0.08578600 -0.03552500 0.05289600
v 0.08578600 -0.03552500 0.05289600
v 0.08578600 -0.03892400 0.05295300
v 0.08578600 -0.03892400 0.05295300
v 0.08578600 -0.04231900 0.05312700
v 0.08578600 -0.04231900 0.05312700
v 0.08742900 -0.04284300 0.05119300
v 0.08685300 -0.04282900 0.05139400
v 0.08636100 -0.04280300 0.05175400
v 0.08608900 -0.04277800 0.05209700
v 0.08586400 -0.04274100 0.05260400
v 0.08742700 -0.04022400 0.05103900
v 0.08685100 -0.04021500 0.05124100
v 0.08636000 -0.04019800 0.05160100
v 0.08608900 -0.04018300 0.05194500
v 0.08586400 -0.04015900 0.05245200
v 0.08788200 -0.05221700 0.05227400
v 0.08788200 -0.05221700 0.05227400
v 0.08790600 -0.05012500 0.05195100
v 0.08790600 -0.05012500 0.05195100
v 0.08791600 -0.04802000 0.05166900
v 0.08791600 -0.04802000 0.05166900
v 0.08578300 -0.04777500 0.05358200
v 0.08578300 -0.04777500 0.05358200
v 0.08577200 -0.04983900 0.05378000
v 0.08577200 -0.04983900 0.05378000
v 0.08574800 -0.05207400 0.05402800
v 0.08574800 -0.05207400 0.05402800
v 0.08744000 -0.05011700 0.05197400
v 0.08688400 -0.05008600 0.05215200
v 0.08640200 -0.05003400 0.05247800
v 0.08612400 -0.04998500 0.05279400
v 0.08588200 -0.04991500 0.05326400
v 0.19319000 -0.05206700 0.05139500
v 0.19319000 -0.05206700 0.05139500
v 0.19314400 -0.04982200 0.05098200
v 0.19314400 -0.04982200 0.05098200
v 0.19312300 -0.04756500 0.05062800
v 0.19312300 -0.04756500 0.05062800
v 0.19311900 -0.04530100 0.05033400
v 0.19311900 -0.04530100 0.05033400
v 0.19311900 -0.04530100 0.05033400
v 0.19312000 -0.04205100 0.05001900
v 0.19312000 -0.04205100 0.05001900
v 0.19312100 -0.03879000 0.04983000
v 0.19312100 -0.03879000 0.04983000
v 0.19312200 -0.03552500 0.04976700
v 0.19312200 -0.03552500 0.04976700
v 0.19312200 -0.03552500 0.04976700
v 0.17461200 -0.03552500 0.05082500
v 0.17461200 -0.03552500 0.05082500
v 0.15564800 -0.03552500 0.05161200
v 0.15564800 -0.03552500 0.05161200
v 0.13731200 -0.03552500 0.05196900
v 0.13731200 -0.03552500 0.05196900
v 0.12833700 -0.03552500 0.05200000
v 0.12833700 -0.03552500 0.05200000
v 0.11958000 -0.03552500 0.05194600
v 0.11958000 -0.03552500 0.05194600
v 0.11110500 -0.03552500 0.05180800
v 0.11110500 -0.03552500 0.05180800
v 0.10297000 -0.03552500 0.05158800
v 0.10297000 -0.03552500 0.05158800
v 0.09522100 -0.03552500 0.05128500
v 0.09522100 -0.03552500 0.05128500
v 0.18094600 -0.05006000 0.05178300
v 0.12835000 -0.05006200 0.05329000
v 0.11109300 -0.05007900 0.05303400
v 0.09518300 -0.05010800 0.05240100
v 0.09520200 -0.04283900 0.05156400
v 0.10294400 -0.05009200 0.05276400
v 0.10295500 -0.04283300 0.05188200
v 0.11109500 -0.04282900 0.05211500
v 0.12833500 -0.04282200 0.05232300
v 0.11957400 -0.04282500 0.05226200
v 0.11958000 -0.05006900 0.05321000
v 0.15568900 -0.05005500 0.05292600
v 0.15565800 -0.04282000 0.05194100
v 0.13731500 -0.04282100 0.05229600
v 0.13733600 -0.05005700 0.05327400
v 0.18091100 -0.04282200 0.05081400
v 0.07578600 -0.04495100 0.05218400
v 0.07578600 -0.04495100 0.05218400
v 0.07578600 -0.03552500 0.05180700
v 0.07578600 -0.03552500 0.05180700
v 0.07578600 -0.03552500 0.05180700
v 0.07565100 -0.03552500 0.05108700
v 0.07565100 -0.03552500 0.05108700
v 0.07526600 -0.03552500 0.05046400
v 0.07526600 -0.03552500 0.05046400
v 0.07468200 -0.03552500 0.05002300
v 0.07468200 -0.03552500 0.05002300
v 0.07398000 -0.03552500 0.04981700
v 0.07398000 -0.03552500 0.04981700
v 0.07398000 -0.03552500 0.04981700
v 0.07398200 -0.03919400 0.04987300
v 0.07398200 -0.03919400 0.04987300
v 0.07398600 -0.04286000 0.05004100
v 0.07398600 -0.04286000 0.05004100
v 0.07400300 -0.05016700 0.05071500
v 0.07400300 -0.05016700 0.05071500
v 0.07554400 -0.05004100 0.05174300
v 0.07532000 -0.05008100 0.05141600
v 0.07491700 -0.05012600 0.05105500
v 0.07443100 -0.05015600 0.05081100
v 0.07554100 -0.04279700 0.05107200
v 0.07531500 -0.04281800 0.05074200
v 0.07490700 -0.04284000 0.05037800
v 0.07441700 -0.04285500 0.05013500
v 0.07442300 -0.04651000 0.05041700
v 0.07491100 -0.04648800 0.05066000
v 0.07531700 -0.04645500 0.05102300
v 0.07554200 -0.04642400 0.05135100
v 0.07578600 -0.03552500 0.05341600
v 0.07578600 -0.03552500 0.05341600
v 0.07578600 -0.03552500 0.05341600
v 0.19392200 -0.04528800 0.05044700
v 0.19392200 -0.04528800 0.05044700
v 0.19461500 -0.04523900 0.05086700
v 0.19461500 -0.04523900 0.05086700
v 0.19508200 -0.04516200 0.05152700
v 0.19508200 -0.04516200 0.05152700
v 0.19524600 -0.04507000 0.05231600
v 0.19524600 -0.04507000 0.05231600
v 0.19524600 -0.04507000 0.05231600
v 0.19524600 -0.04507000 0.05231600
v 0.19524600 -0.04189700 0.05200900
v 0.19524600 -0.04189700 0.05200900
v 0.19524600 -0.03871300 0.05182500
v 0.19524600 -0.03871300 0.05182500
v 0.19524600 -0.03552500 0.05176300
v 0.19524600 -0.03552500 0.05176300
v 0.19524600 -0.03552500 0.05176300
v 0.19508100 -0.03552500 0.05096800
v 0.19508100 -0.03552500 0.05096800
v 0.19461500 -0.03552500 0.05030700
v 0.19461500 -0.03552500 0.05030700
v 0.19392300 -0.03552500 0.04988600
v 0.19392300 -0.03552500 0.04988600
v 0.19360200 -0.04282200 0.05011300
v 0.19516800 -0.04270000 0.05152200
v 0.19494200 -0.04461300 0.05119800
v 0.19494200 -0.04274400 0.05101500
v 0.19467000 -0.04465000 0.05085600
v 0.19417800 -0.04468900 0.05049800
v 0.19516800 -0.04455700 0.05170400
v 0.19516800 -0.03943400 0.05130400
v 0.19494200 -0.03945800 0.05079600
v 0.19467100 -0.03947400 0.05045300
v 0.19417900 -0.03949100 0.05009300
v 0.19360300 -0.03950000 0.04989100
v 0.19417900 -0.04280500 0.05031400
v 0.19467000 -0.04277400 0.05067300
v 0.19360100 -0.04471100 0.05029800
v 0.19530900 -0.05201200 0.05310400
v 0.19530900 -0.05201200 0.05310400
v 0.19526900 -0.04970900 0.05279600
v 0.19526900 -0.04970900 0.05279600
v 0.19525100 -0.04739400 0.05253300
v 0.19525100 -0.04739400 0.05253300
v 0.19368600 -0.05152300 0.05132200
v 0.19518100 -0.05124800 0.05255800
v 0.19491200 -0.05134700 0.05207500
v 0.19452000 -0.05143200 0.05168400
v 0.19417200 -0.05148100 0.05147600
v 0.19517600 -0.04659800 0.05197700
v 0.19493100 -0.04667200 0.05143500
v 0.19454000 -0.04673400 0.05098600
v 0.19417900 -0.04676700 0.05074500
v 0.19366500 -0.04679400 0.05056200
v 0.19367000 -0.05004200 0.05105500
v 0.19416500 -0.05000400 0.05121900
v 0.19451800 -0.04995900 0.05143800
v 0.19491000 -0.04988000 0.05185000
v 0.19517100 -0.04978800 0.05235300
v 0.19524600 -0.03552500 0.05231600
v 0.19524600 -0.03552500 0.05231600
v 0.19524600 -0.03552500 0.05231600
v 0.20524600 -0.05158900 0.05231600
v 0.20524600 -0.05158900 0.05231600
v 0.20524600 -0.05158900 0.05231600
v 0.20524600 -0.05158900 0.05231600
v 0.20524600 -0.03552500 0.05231600
v 0.20524600 -0.03552500 0.05231600
v 0.20524600 -0.03552500 0.05231600
v 0.20486600 -0.03552500 0.05423000
v 0.20486600 -0.03552500 0.05423000
v 0.20378200 -0.03552500 0.05585200
v 0.20378200 -0.03552500 0.05585200
v 0.20216000 -0.03552500 0.05693600
v 0.20216000 -0.03552500 0.05693600
v 0.20024600 -0.03552500 0.05731600
v 0.20024600 -0.03552500 0.05731600
v 0.19833300 -0.03552500 0.05693600
v 0.19833300 -0.03552500 0.05693600
v 0.19671100 -0.03552500 0.05585200
v 0.19671100 -0.03552500 0.05585200
v 0.19562700 -0.03552500 0.05423000
v 0.19562700 -0.03552500 0.05423000
v 0.20548900 -0.05176300 0.05137700
v 0.20548900 -0.05176300 0.05137700
v 0.20615900 -0.05189500 0.05066600
v 0.20615900 -0.05189500 0.05066600
v 0.20709300 -0.05195200 0.05035600
v 0.20709300 -0.05195200 0.05035600
v 0.20709300 -0.05195200 0.05035600
v 0.20710100 -0.04651300 0.04951700
v 0.20710100 -0.04651300 0.04951700
v 0.20710600 -0.04103000 0.04901300
v 0.20710600 -0.04103000 0.04901300
v 0.20710800 -0.03552500 0.04884400
v 0.20710800 -0.03552500 0.04884400
v 0.20710800 -0.03552500 0.04884400
v 0.20638700 -0.03552500 0.04903700
v 0.20638700 -0.03552500 0.04903700
v 0.20578400 -0.03552500 0.04947600
v 0.20578400 -0.03552500 0.04947600
v 0.20538600 -0.03552500 0.05010600
v 0.20538600 -0.03552500 0.05010600
v 0.20524600 -0.03552500 0.05084000
v 0.20524600 -0.03552500 0.05084000
v 0.20524600 -0.03552500 0.05084000
v 0.20524600 -0.04090800 0.05100400
v 0.20524600 -0.04090800 0.05100400
v 0.20524600 -0.04627000 0.05149700
v 0.20524600 -0.04627000 0.05149700
v 0.20666400 -0.04282500 0.04922500
v 0.20550100 -0.04274900 0.05015600
v 0.20665700 -0.05007500 0.05011400
v 0.20615300 -0.05003700 0.05034900
v 0.20573300 -0.04997800 0.05070900
v 0.20550000 -0.04992400 0.05103700
v 0.20666100 -0.04645900 0.04959500
v 0.20615600 -0.04643000 0.04983100
v 0.20573400 -0.04638600 0.05019300
v 0.20550000 -0.04634500 0.05052400
v 0.20573600 -0.04277600 0.04982400
v 0.20615800 -0.04280600 0.04946100
v 0.20665600 -0.05336300 0.05071400
v 0.20616500 -0.05331400 0.05093700
v 0.20575200 -0.05324100 0.05127800
v 0.20551700 -0.05317600 0.05159100
v 0.23445600 -0.05015300 0.04766200
v 0.23445600 -0.05015300 0.04766200
v 0.23447100 -0.04285400 0.04696200
v 0.23447100 -0.04285400 0.04696200
v 0.23447700 -0.03552500 0.04672800
v 0.23447700 -0.03552500 0.04672800
v 0.23447100 -0.02819600 0.04696200
v 0.23447100 -0.02819600 0.04696200
v 0.23445600 -0.02089700 0.04766200
v 0.23445600 -0.02089700 0.04766200
v 0.23444500 -0.01727800 0.04818600
v 0.23444500 -0.01727800 0.04818600
v 0.23444500 -0.01727800 0.04818600
v 0.23333400 -0.01967200 0.04793800
v 0.23333400 -0.01967200 0.04793800
v 0.23222000 -0.02206900 0.04773200
v 0.23222000 -0.02206900 0.04773200
v 0.23110600 -0.02446600 0.04757000
v 0.23110600 -0.02446600 0.04757000
v 0.22999000 -0.02686400 0.04745200
v 0.22999000 -0.02686400 0.04745200
v 0.22999000 -0.02686400 0.04745200
v 0.22928200 -0.02820200 0.04741500
v 0.22928200 -0.02820200 0.04741500
v 0.22818300 -0.02980100 0.04741000
v 0.22818300 -0.02980100 0.04741000
v 0.22688500 -0.03124600 0.04744900
v 0.22688500 -0.03124600 0.04744900
v 0.22541500 -0.03250800 0.04752500
v 0.22541500 -0.03250800 0.04752500
v 0.22379200 -0.03357100 0.04762800
v 0.22379200 -0.03357100 0.04762800
v 0.22204800 -0.03441500 0.04775200
v 0.22204800 -0.03441500 0.04775200
v 0.22021000 -0.03502900 0.04788900
v 0.22021000 -0.03502900 0.04788900
v 0.21830900 -0.03540000 0.04803300
v 0.21830900 -0.03540000 0.04803300
v 0.21637600 -0.03552500 0.04817800
v 0.21637600 -0.03552500 0.04817800
v 0.21637600 -0.03552500 0.04817800
v 0.21473300 -0.05010300 0.04942800
v 0.21468600 -0.04283600 0.04858500
v 0.22206700 -0.05012000 0.04880800
v 0.22204000 -0.04284200 0.04801300
v 0.22204500 -0.03552500 0.04774700
v 0.22850900 -0.05013600 0.04822900
v 0.22845900 -0.04284800 0.04748500
v 0.22844200 -0.03552500 0.04723600
v 0.19432400 -0.04192800 0.09463200
v 0.19432400 -0.04192800 0.09463200
v 0.19432400 -0.04192800 0.09463200
v 0.19432400 -0.04192800 0.09463200
v 0.19415100 -0.04199100 0.09544400
v 0.19415100 -0.04199100 0.09544400
v 0.19366100 -0.04204300 0.09611500
v 0.19366100 -0.04204300 0.09611500
v 0.19293900 -0.04207600 0.09653000
v 0.19293900 -0.04207600 0.09653000
v 0.19211100 -0.04208200 0.09661500
v 0.19211100 -0.04208200 0.09661500
v 0.19211100 -0.04208200 0.09661500
v 0.19211200 -0.03989900 0.09675700
v 0.19211200 -0.03989900 0.09675700
v 0.19211200 -0.03771300 0.09684200
v 0.19211200 -0.03771300 0.09684200
v 0.19211200 -0.03552500 0.09687000
v 0.19211200 -0.03552500 0.09687000
v 0.19211200 -0.03552500 0.09687000
v 0.19293800 -0.03552500 0.09678000
v 0.19293800 -0.03552500 0.09678000
v 0.19366000 -0.03552500 0.09636800
v 0.19366000 -0.03552500 0.09636800
v 0.19414900 -0.03552500 0.09569700
v 0.19414900 -0.03552500 0.09569700
v 0.19432400 -0.03552500 0.09488200
v 0.19432400 -0.03552500 0.09488200
v 0.19432400 -0.03552500 0.09488200
v 0.19432400 -0.03766100 0.09485400
v 0.19432400 -0.03766100 0.09485400
v 0.19432400 -0.03979600 0.09477100
v 0.19432400 -0.03979600 0.09477100
v 0.19260500 -0.04044400 0.09671500
v 0.19320400 -0.04043300 0.09652900
v 0.19371900 -0.04041200 0.09617100
v 0.19400300 -0.04039200 0.09582600
v 0.19424100 -0.04036100 0.09530700
v 0.19260500 -0.03880400 0.09679500
v 0.19320400 -0.03879700 0.09660800
v 0.19371900 -0.03878300 0.09625000
v 0.19400300 -0.03877000 0.09590500
v 0.19424100 -0.03874900 0.09538500
v 0.19223900 -0.05219100 0.09522100
v 0.19223900 -0.05219100 0.09522100
v 0.19217600 -0.05007000 0.09561400
v 0.19217600 -0.05007000 0.09561400
v 0.19211100 -0.04282500 0.09655400
v 0.19211100 -0.04282500 0.09655400
v 0.19432400 -0.04265300 0.09459000
v 0.19432400 -0.04265300 0.09459000
v 0.19437300 -0.04972700 0.09393400
v 0.19437300 -0.04972700 0.09393400
v 0.19442500 -0.05202000 0.09362900
v 0.19442500 -0.05202000 0.09362900
v 0.19263300 -0.05005800 0.09561100
v 0.19318800 -0.05001900 0.09546300
v 0.19367800 -0.04995700 0.09516900
v 0.19396700 -0.04989900 0.09487600
v 0.19423200 -0.04981600 0.09443100
v 0.19260200 -0.04524500 0.09629900
v 0.19318600 -0.04522200 0.09612400
v 0.19369200 -0.04518000 0.09578800
v 0.19398000 -0.04514100 0.09545600
v 0.19422700 -0.04508200 0.09496200
v 0.19423800 -0.04270200 0.09514800
v 0.19399900 -0.04274600 0.09566100
v 0.19371200 -0.04277600 0.09600600
v 0.19320100 -0.04280700 0.09635800
v 0.19260600 -0.04282400 0.09654200
v 0.19432400 -0.03552500 0.09463200
v 0.19432400 -0.03552500 0.09463200
v 0.19432400 -0.03552500 0.09463200
v 0.19470400 -0.03552500 0.09271900
v 0.19470400 -0.03552500 0.09271900
v 0.19578800 -0.03552500 0.09109700
v 0.19578800 -0.03552500 0.09109700
v 0.19741000 -0.03552500 0.09001300
v 0.19741000 -0.03552500 0.09001300
v 0.19932400 -0.03552500 0.08963200
v 0.19932400 -0.03552500 0.08963200
v 0.20123700 -0.03552500 0.09001300
v 0.20123700 -0.03552500 0.09001300
v 0.20285900 -0.03552500 0.09109700
v 0.20285900 -0.03552500 0.09109700
v 0.20394300 -0.03552500 0.09271900
v 0.20394300 -0.03552500 0.09271900
v 0.20432400 -0.03552500 0.09463200
v 0.20432400 -0.03552500 0.09463200
v 0.20432400 -0.03552500 0.09463200
v 0.20432400 -0.05315100 0.09463200
v 0.20432400 -0.05315100 0.09463200
v 0.20432400 -0.05315100 0.09463200
v 0.20432400 -0.05315100 0.09463200
v 0.20608200 -0.05355000 0.09657700
v 0.20608200 -0.05355000 0.09657700
v 0.20608200 -0.05355000 0.09657700
v 0.20518700 -0.05348200 0.09624500
v 0.20518700 -0.05348200 0.09624500
v 0.20455300 -0.05333800 0.09554300
v 0.20455300 -0.05333800 0.09554300
v 0.20432400 -0.04732500 0.09562400
v 0.20432400 -0.04732500 0.09562400
v 0.20432400 -0.04144000 0.09622100
v 0.20432400 -0.04144000 0.09622100
v 0.20432400 -0.03552500 0.09642100
v 0.20432400 -0.03552500 0.09642100
v 0.20432400 -0.03552500 0.09642100
v 0.20445600 -0.03552500 0.09713400
v 0.20445600 -0.03552500 0.09713400
v 0.20483300 -0.03552500 0.09775200
v 0.20483300 -0.03552500 0.09775200
v 0.20540600 -0.03552500 0.09819500
v 0.20540600 -0.03552500 0.09819500
v 0.20609800 -0.03552500 0.09840800
v 0.20609800 -0.03552500 0.09840800
v 0.20609800 -0.03552500 0.09840800
v 0.20609800 -0.03918100 0.09833400
v 0.20609800 -0.03918100 0.09833400
v 0.20609600 -0.04283200 0.09811000
v 0.20609600 -0.04283200 0.09811000
v 0.20608800 -0.05008900 0.09721800
v 0.20608800 -0.05008900 0.09721800
v 0.20456200 -0.04992000 0.09619200
v 0.20456300 -0.04514600 0.09684600
v 0.20456200 -0.05220300 0.09578400
v 0.20478300 -0.05226500 0.09610700
v 0.20518100 -0.05233400 0.09646400
v 0.20566000 -0.05238000 0.09670700
v 0.20478600 -0.04518200 0.09717300
v 0.20518600 -0.04522100 0.09753500
v 0.20566800 -0.04524800 0.09778000
v 0.20566300 -0.05007300 0.09711900
v 0.20518300 -0.05003300 0.09687500
v 0.20478400 -0.04997300 0.09651600
v 0.20566900 -0.04282400 0.09801200
v 0.20518700 -0.04280400 0.09776600
v 0.20478600 -0.04277400 0.09740400
v 0.20456300 -0.04274700 0.09707600
v 0.20608200 -0.05380000 0.09652500
v 0.20608200 -0.05380000 0.09652500
v 0.20608100 -0.05405000 0.09647300
v 0.20608100 -0.05405000 0.09647300
v 0.20437800 -0.05382300 0.09496400
v 0.20457000 -0.05392700 0.09544900
v 0.20488300 -0.05401800 0.09586900
v 0.20518100 -0.05407200 0.09611800
v 0.26438800 -0.05052500 0.04650300
v 0.26438800 -0.05052500 0.04650300
v 0.26438800 -0.05052500 0.04650300
v 0.26454300 -0.05129400 0.04647500
v 0.26454300 -0.05129400 0.04647500
v 0.26498000 -0.05194300 0.04639800
v 0.26498000 -0.05194300 0.04639800
v 0.26563000 -0.05237400 0.04629700
v 0.26563000 -0.05237400 0.04629700
v 0.26639500 -0.05252500 0.04619700
v 0.26639500 -0.05252500 0.04619700
v 0.26639500 -0.05252500 0.04619700
v 0.26652300 -0.05252500 0.04033200
v 0.26652300 -0.05252500 0.04033200
v 0.26652300 -0.05252500 0.04033200
v 0.26575700 -0.05237300 0.04037600
v 0.26575700 -0.05237300 0.04037600
v 0.26510800 -0.05194000 0.04039400
v 0.26510800 -0.05194000 0.04039400
v 0.26467400 -0.05129100 0.04037900
v 0.26467400 -0.05129100 0.04037900
v 0.26452300 -0.05052500 0.04033200
v 0.26452300 -0.05052500 0.04033200
v 0.26452300 -0.05052500 0.04033200
v 0.26906300 -0.05252500 0.04600900
v 0.26906300 -0.05252500 0.04600900
v 0.27173700 -0.05252500 0.04606700
v 0.27173700 -0.05252500 0.04606700
v 0.27439300 -0.05252500 0.04637100
v 0.27439300 -0.05252500 0.04637100
v 0.27439300 -0.05252500 0.04637100
v 0.27452100 -0.05252500 0.04053700
v 0.27452100 -0.05252500 0.04053700
v 0.27452100 -0.05252500 0.04053700
v 0.27319400 -0.05252500 0.04038000
v 0.27319400 -0.05252500 0.04038000
v 0.27186200 -0.05252500 0.04027400
v 0.27186200 -0.05252500 0.04027400
v 0.27052700 -0.05252500 0.04021900
v 0.27052700 -0.05252500 0.04021900
v 0.27052700 -0.05252500 0.04021900
v 0.26639500 -0.04252500 0.04619700
v 0.26639500 -0.04252500 0.04619700
v 0.26639500 -0.04252500 0.04619700
v 0.26563000 -0.04267600 0.04629700
v 0.26563000 -0.04267600 0.04629700
v 0.26498000 -0.04310700 0.04639800
v 0.26498000 -0.04310700 0.04639800
v 0.26454300 -0.04375600 0.04647500
v 0.26454300 -0.04375600 0.04647500
v 0.26438800 -0.04452500 0.04650300
v 0.26438800 -0.04452500 0.04650300
v 0.26438800 -0.04452500 0.04650300
v 0.26453100 -0.04452500 0.03996000
v 0.26453100 -0.04452500 0.03996000
v 0.26453100 -0.04452500 0.03996000
v 0.26471500 -0.04369000 0.03990800
v 0.26471500 -0.04369000 0.03990800
v 0.26512000 -0.04311000 0.03985000
v 0.26512000 -0.04311000 0.03985000
v 0.26573200 -0.04269300 0.03978600
v 0.26573200 -0.04269300 0.03978600
v 0.26653700 -0.04252500 0.03972300
v 0.26653700 -0.04252500 0.03972300
v 0.26653700 -0.04252500 0.03972300
v 0.26452600 -0.04852600 0.04018800
v 0.26452600 -0.04852600 0.04018800
v 0.26452900 -0.04652600 0.04006400
v 0.26452900 -0.04652600 0.04006400
v 0.27638500 -0.04452500 0.04676500
v 0.27638500 -0.04452500 0.04676500
v 0.27638500 -0.04452500 0.04676500
v 0.27623200 -0.04375600 0.04673000
v 0.27623200 -0.04375600 0.04673000
v 0.27579900 -0.04310700 0.04663400
v 0.27579900 -0.04310700 0.04663400
v 0.27515400 -0.04267600 0.04650400
v 0.27515400 -0.04267600 0.04650400
v 0.27439300 -0.04252500 0.04637100
v 0.27439300 -0.04252500 0.04637100
v 0.27439300 -0.04252500 0.04637100
v 0.27453400 -0.04252500 0.03993200
v 0.27453400 -0.04252500 0.03993200
v 0.27453400 -0.04252500 0.03993200
v 0.27533900 -0.04269500 0.04005700
v 0.27533900 -0.04269500 0.04005700
v 0.27594100 -0.04310800 0.04017400
v 0.27594100 -0.04310800 0.04017400
v 0.27637500 -0.04376200 0.04028000
v 0.27637500 -0.04376200 0.04028000
v 0.27652500 -0.04452500 0.04034200
v 0.27652500 -0.04452500 0.04034200
v 0.27652500 -0.04452500 0.04034200
v 0.27054000 -0.04252500 0.03961800
v 0.27054000 -0.04252500 0.03961800
v 0.27054000 -0.04252500 0.03961800
v 0.27187500 -0.04252500 0.03967200
v 0.27187500 -0.04252500 0.03967200
v 0.27320700 -0.04252500 0.03977700
v 0.27320700 -0.04252500 0.03977700
v 0.27173700 -0.04252500 0.04606700
v 0.27173700 -0.04252500 0.04606700
v 0.26906300 -0.04252500 0.04600900
v 0.26906300 -0.04252500 0.04600900
v 0.27515400 -0.05237400 0.04650400
v 0.27515400 -0.05237400 0.04650400
v 0.27579900 -0.05194300 0.04663400
v 0.27579900 -0.05194300 0.04663400
v 0.27623200 -0.05129400 0.04673000
v 0.27623200 -0.05129400 0.04673000
v 0.27638500 -0.05052500 0.04676500
v 0.27638500 -0.05052500 0.04676500
v 0.27638500 -0.05052500 0.04676500
v 0.27651700 -0.05052500 0.04070800
v 0.27651700 -0.05052500 0.04070800
v 0.27651700 -0.05052500 0.04070800
v 0.27638700 -0.05123200 0.04073800
v 0.27638700 -0.05123200 0.04073800
v 0.27598800 -0.05188000 0.04071700
v 0.27598800 -0.05188000 0.04071700
v 0.27537000 -0.05233500 0.04064900
v 0.27537000 -0.05233500 0.04064900
v 0.27652300 -0.04652600 0.04044400
v 0.27652300 -0.04652600 0.04044400
v 0.27652100 -0.04852600 0.04056600
v 0.27652100 -0.04852600 0.04056600
v 0.27052300 -0.05454800 0.04040200
v 0.27052300 -0.05454800 0.04040200
v 0.27051800 -0.05656800 0.04060600
v 0.27051800 -0.05656800 0.04060600
v 0.27051300 -0.05858700 0.04082900
v 0.27051300 -0.05858700 0.04082900
v 0.27051300 -0.05858700 0.04082900
v 0.27051300 -0.05858700 0.04082900
v 0.26665300 -0.05858800 0.04094200
v 0.26665300 -0.05858800 0.04094200
v 0.26218600 -0.05859400 0.04138600
v 0.26218600 -0.05859400 0.04138600
v 0.25960700 -0.05859900 0.04171300
v 0.25960700 -0.05859900 0.04171300
v 0.25673300 -0.05860700 0.04210000
v 0.25673300 -0.05860700 0.04210000
v 0.25351500 -0.05861800 0.04254300
v 0.25351500 -0.05861800 0.04254300
v 0.24990400 -0.05863100 0.04303400
v 0.24990400 -0.05863100 0.04303400
v 0.24627800 -0.05864600 0.04351500
v 0.24627800 -0.05864600 0.04351500
v 0.24226200 -0.05866300 0.04403200
v 0.24226200 -0.05866300 0.04403200
v 0.23320800 -0.05870400 0.04512500
v 0.23320800 -0.05870400 0.04512500
v 0.21484300 -0.05878200 0.04705200
v 0.21484300 -0.05878200 0.04705200
v 0.19676000 -0.05884000 0.04860800
v 0.19676000 -0.05884000 0.04860800
v 0.17913300 -0.05887000 0.04981100
v 0.17913300 -0.05887000 0.04981100
v 0.16213600 -0.05887900 0.05065500
v 0.16213600 -0.05887900 0.05065500
v 0.15393000 -0.05887900 0.05093500
v 0.15393000 -0.05887900 0.05093500
v 0.14594800 -0.05887800 0.05111900
v 0.14594800 -0.05887800 0.05111900
v 0.13821400 -0.05887600 0.05121300
v 0.13821400 -0.05887600 0.05121300
v 0.13074900 -0.05887000 0.05122200
v 0.13074900 -0.05887000 0.05122200
v 0.12357500 -0.05886000 0.05115500
v 0.12357500 -0.05886000 0.05115500
v 0.11670800 -0.05884700 0.05101600
v 0.11670800 -0.05884700 0.05101600
v 0.10361600 -0.05881000 0.05052400
v 0.10361600 -0.05881000 0.05052400
v 0.09128200 -0.05876300 0.04974300
v 0.09128200 -0.05876300 0.04974300
v 0.07965200 -0.05871000 0.04865100
v 0.07965200 -0.05871000 0.04865100
v 0.06868300 -0.05865900 0.04722100
v 0.06868300 -0.05865900 0.04722100
v 0.06370000 -0.05863700 0.04641800
v 0.06370000 -0.05863700 0.04641800
v 0.05931000 -0.05862000 0.04562700
v 0.05931000 -0.05862000 0.04562700
v 0.05544200 -0.05860700 0.04487200
v 0.05544200 -0.05860700 0.04487200
v 0.05201100 -0.05859800 0.04418000
v 0.05201100 -0.05859800 0.04418000
v 0.04893400 -0.05859200 0.04357300
v 0.04893400 -0.05859200 0.04357300
v 0.04612900 -0.05858800 0.04308100
v 0.04612900 -0.05858800 0.04308100
v 0.04101200 -0.05858700 0.04257800
v 0.04101200 -0.05858700 0.04257800
v 0.04101200 -0.05858700 0.04257800
v 0.04101200 -0.05858700 0.04257800
v 0.04102800 -0.05091900 0.04183700
v 0.04102800 -0.05091900 0.04183700
v 0.04103800 -0.04322800 0.04139200
v 0.04103800 -0.04322800 0.04139200
v 0.04104100 -0.03552500 0.04124400
v 0.04104100 -0.03552500 0.04124400
v 0.04104100 -0.03552500 0.04124400
v 0.04411000 -0.03552500 0.04145500
v 0.04411000 -0.03552500 0.04145500
v 0.04746800 -0.03552500 0.04191900
v 0.04746800 -0.03552500 0.04191900
v 0.05130500 -0.03552500 0.04257600
v 0.05130500 -0.03552500 0.04257600
v 0.05581700 -0.03552500 0.04336600
v 0.05581700 -0.03552500 0.04336600
v 0.05839200 -0.03552500 0.04379100
v 0.05839200 -0.03552500 0.04379100
v 0.06121400 -0.03552500 0.04422800
v 0.06121400 -0.03552500 0.04422800
v 0.06430900 -0.03552500 0.04466900
v 0.06430900 -0.03552500 0.04466900
v 0.06762400 -0.03552500 0.04509600
v 0.06762400 -0.03552500 0.04509600
v 0.07471900 -0.03552500 0.04586900
v 0.07471900 -0.03552500 0.04586900
v 0.08249500 -0.03552500 0.04652900
v 0.08249500 -0.03552500 0.04652900
v 0.09104200 -0.03552500 0.04707200
v 0.09104200 -0.03552500 0.04707200
v 0.09564400 -0.03552500 0.04730000
v 0.09564400 -0.03552500 0.04730000
v 0.10048800 -0.03552500 0.04749900
v 0.10048800 -0.03552500 0.04749900
v 0.10559200 -0.03552500 0.04766700
v 0.10559200 -0.03552500 0.04766700
v 0.10839600 -0.03552500 0.04774400
v 0.10839600 -0.03552500 0.04774400
v 0.11151900 -0.03552500 0.04781600
v 0.11151900 -0.03552500 0.04781600
v 0.11495000 -0.03552500 0.04788000
v 0.11495000 -0.03552500 0.04788000
v 0.11867900 -0.03552500 0.04793400
v 0.11867900 -0.03552500 0.04793400
v 0.12269300 -0.03552500 0.04797300
v 0.12269300 -0.03552500 0.04797300
v 0.12698200 -0.03552500 0.04799600
v 0.12698200 -0.03552500 0.04799600
v 0.13153300 -0.03552500 0.04799800
v 0.13153300 -0.03552500 0.04799800
v 0.13632200 -0.03552500 0.04797500
v 0.13632200 -0.03552500 0.04797500
v 0.14650400 -0.03552500 0.04784000
v 0.14650400 -0.03552500 0.04784000
v 0.15730000 -0.03552500 0.04755800
v 0.15730000 -0.03552500 0.04755800
v 0.16857700 -0.03552500 0.04710800
v 0.16857700 -0.03552500 0.04710800
v 0.18057400 -0.03552500 0.04649900
v 0.18057400 -0.03552500 0.04649900
v 0.19290500 -0.03552500 0.04577300
v 0.19290500 -0.03552500 0.04577300
v 0.20503700 -0.03552500 0.04497800
v 0.20503700 -0.03552500 0.04497800
v 0.21086900 -0.03552500 0.04456900
v 0.21086900 -0.03552500 0.04456900
v 0.21646300 -0.03552500 0.04416000
v 0.21646300 -0.03552500 0.04416000
v 0.21646300 -0.03552500 0.04416000
v 0.21858700 -0.03537500 0.04400000
v 0.21858700 -0.03537500 0.04400000
v 0.22066600 -0.03492600 0.04384300
v 0.22066600 -0.03492600 0.04384300
v 0.22265800 -0.03419200 0.04369500
v 0.22265800 -0.03419200 0.04369500
v 0.22452800 -0.03318200 0.04356400
v 0.22452800 -0.03318200 0.04356400
v 0.22623900 -0.03191700 0.04346100
v 0.22623900 -0.03191700 0.04346100
v 0.22775300 -0.03042300 0.04339600
v 0.22775300 -0.03042300 0.04339600
v 0.22904300 -0.02872600 0.04337800
v 0.22904300 -0.02872600 0.04337800
v 0.23007800 -0.02686400 0.04341700
v 0.23007800 -0.02686400 0.04341700
v 0.23007800 -0.02686400 0.04341700
v 0.23345300 -0.01960500 0.04387800
v 0.23345300 -0.01960500 0.04387800
v 0.23681300 -0.01236300 0.04470100
v 0.23681300 -0.01236300 0.04470100
v 0.23681300 -0.01236300 0.04470100
v 0.24378000 -0.01239300 0.04383900
v 0.24378000 -0.01239300 0.04383900
v 0.24990400 -0.01241900 0.04303300
v 0.24990400 -0.01241900 0.04303300
v 0.25342700 -0.01243200 0.04255500
v 0.25342700 -0.01243200 0.04255500
v 0.25661300 -0.01244200 0.04211800
v 0.25661300 -0.01244200 0.04211800
v 0.25948300 -0.01245000 0.04173200
v 0.25948300 -0.01245000 0.04173200
v 0.26207000 -0.01245600 0.04140200
v 0.26207000 -0.01245600 0.04140200
v 0.26656100 -0.01246200 0.04094700
v 0.26656100 -0.01246200 0.04094700
v 0.27051300 -0.01246300 0.04082900
v 0.27051300 -0.01246300 0.04082900
v 0.27051300 -0.01246300 0.04082900
v 0.27051300 -0.01246300 0.04082900
v 0.27053300 -0.02245900 0.03992300
v 0.27053300 -0.02245900 0.03992300
v 0.27054200 -0.03248800 0.03951900
v 0.27054200 -0.03248800 0.03951900
v 0.26797500 -0.05578100 0.04055600
v 0.26525200 -0.01530000 0.04074000
v 0.26525200 -0.05578200 0.04074300
v 0.24528500 -0.01524400 0.04319800
v 0.23680500 -0.01521500 0.04419100
v 0.23684500 -0.05586700 0.04419200
v 0.22838600 -0.05589400 0.04510300
v 0.20897300 -0.05594300 0.04691800
v 0.11311800 -0.05596300 0.05019300
v 0.09920800 -0.05593900 0.04962300
v 0.07595100 -0.04310700 0.04622200
v 0.08655000 -0.05590700 0.04875700
v 0.07598300 -0.05587400 0.04770600
v 0.05987100 -0.05581800 0.04533900
v 0.26799000 -0.03552500 0.03952300
v 0.26798800 -0.02800100 0.03966500
v 0.26798300 -0.02164500 0.04000700
v 0.26797500 -0.01530100 0.04055200
v 0.26526100 -0.03552500 0.03969200
v 0.26526000 -0.02800200 0.03983600
v 0.26525700 -0.02164600 0.04018400
v 0.26260400 -0.05578500 0.04101500
v 0.26260600 -0.04942200 0.04044000
v 0.26260600 -0.04304900 0.04007900
v 0.26260700 -0.03552500 0.03993000
v 0.26260600 -0.02800100 0.04007900
v 0.26260600 -0.02164400 0.04043800
v 0.26260400 -0.01529700 0.04101200
v 0.25960800 -0.05579100 0.04137600
v 0.25960900 -0.04942800 0.04077200
v 0.25961000 -0.04305200 0.04039400
v 0.25961300 -0.03552500 0.04023700
v 0.25961700 -0.02799800 0.04039300
v 0.25962200 -0.02163800 0.04076900
v 0.25962700 -0.01529100 0.04137000
v 0.25625800 -0.05580100 0.04180600
v 0.25625300 -0.04943700 0.04116400
v 0.25625000 -0.04305800 0.04076200
v 0.25624800 -0.03552500 0.04059600
v 0.25625000 -0.02799200 0.04076200
v 0.25625300 -0.02162900 0.04116300
v 0.25625800 -0.01528100 0.04180200
v 0.25245100 -0.05581300 0.04230000
v 0.25244200 -0.04944900 0.04161100
v 0.25243700 -0.04306500 0.04117800
v 0.25243400 -0.03552500 0.04099900
v 0.25243700 -0.02798500 0.04117800
v 0.25244200 -0.02161700 0.04160900
v 0.25245100 -0.01526900 0.04229600
v 0.24902700 -0.05582500 0.04273700
v 0.24901500 -0.04946100 0.04200300
v 0.24900800 -0.04307300 0.04154300
v 0.24900500 -0.03552500 0.04135200
v 0.24900800 -0.02797700 0.04154300
v 0.24901500 -0.02160500 0.04200200
v 0.24902700 -0.01525700 0.04273300
v 0.24528500 -0.05583800 0.04320200
v 0.24527100 -0.04947400 0.04241900
v 0.24526100 -0.04308200 0.04192700
v 0.24525800 -0.03552500 0.04172300
v 0.24526100 -0.02796800 0.04192700
v 0.24527100 -0.02159200 0.04241700
v 0.24122500 -0.05585200 0.04368900
v 0.24120700 -0.04948800 0.04285200
v 0.24119600 -0.04309100 0.04232700
v 0.24119100 -0.03552500 0.04211000
v 0.24119600 -0.02795900 0.04232700
v 0.24120700 -0.02157800 0.04285100
v 0.24122400 -0.01523000 0.04368400
v 0.23273100 -0.05588100 0.04464500
v 0.23270900 -0.04951700 0.04370300
v 0.23269400 -0.04311000 0.04311200
v 0.23268800 -0.03552500 0.04286600
v 0.23269400 -0.02794000 0.04311200
v 0.23270900 -0.02154900 0.04370100
v 0.23679100 -0.02156200 0.04330200
v 0.23678400 -0.02794900 0.04274300
v 0.23678600 -0.03552500 0.04251000
v 0.23679900 -0.04310100 0.04274100
v 0.23681900 -0.04950400 0.04330100
v 0.20894000 -0.04958100 0.04574900
v 0.20891900 -0.04315200 0.04501400
v 0.21899800 -0.03552500 0.04396900
v 0.21900500 -0.04313700 0.04425200
v 0.21902400 -0.04955800 0.04493500
v 0.21905300 -0.05592000 0.04602000
v 0.18304900 -0.05597700 0.04881400
v 0.18301000 -0.04961600 0.04751900
v 0.18298500 -0.04317500 0.04670400
v 0.19823600 -0.04316500 0.04575600
v 0.19825900 -0.04960000 0.04653400
v 0.19829500 -0.05596100 0.04777000
v 0.16733700 -0.05598300 0.04966100
v 0.16729600 -0.04962200 0.04834200
v 0.16727100 -0.04317900 0.04751200
v 0.15146600 -0.05598400 0.05022900
v 0.15142500 -0.04962300 0.04890800
v 0.15139900 -0.04318000 0.04807600
v 0.13572100 -0.05598100 0.05045900
v 0.13568100 -0.04962100 0.04914800
v 0.13565600 -0.04317800 0.04832200
v 0.12046000 -0.05597100 0.05036100
v 0.12042200 -0.04961100 0.04908700
v 0.12039800 -0.04317200 0.04828600
v 0.11308200 -0.04960200 0.04895200
v 0.11305900 -0.04316600 0.04817100
v 0.10596600 -0.04315900 0.04799100
v 0.10598700 -0.04959100 0.04874600
v 0.10602100 -0.05595200 0.04994700
v 0.09917700 -0.04957800 0.04847200
v 0.09915700 -0.04315000 0.04774800
v 0.09266300 -0.04314000 0.04744200
v 0.09268200 -0.04956200 0.04813000
v 0.09271000 -0.05592400 0.04922500
v 0.08652500 -0.04954500 0.04772300
v 0.08650900 -0.04312900 0.04707300
v 0.08071600 -0.04311700 0.04664500
v 0.08073000 -0.04952800 0.04725400
v 0.08075300 -0.05589000 0.04822300
v 0.07596300 -0.04951200 0.04679400
v 0.07148300 -0.04309700 0.04575900
v 0.07149300 -0.04949600 0.04629500
v 0.07151000 -0.05585900 0.04715000
v 0.06733400 -0.05584400 0.04656400
v 0.06732000 -0.04948100 0.04576500
v 0.06731200 -0.04308700 0.04526400
v 0.06345500 -0.05583000 0.04595700
v 0.06344500 -0.04946700 0.04521100
v 0.06343800 -0.04307800 0.04474300
v 0.05985900 -0.04306900 0.04420200
v 0.05986400 -0.04945400 0.04464000
v 0.05656400 -0.05580600 0.04472600
v 0.05655900 -0.04944400 0.04406900
v 0.05655600 -0.04306200 0.04365800
v 0.05351200 -0.05579700 0.04413500
v 0.05351000 -0.04943500 0.04351400
v 0.05350900 -0.04305700 0.04312500
v 0.05069400 -0.05579000 0.04358400
v 0.05069500 -0.04942800 0.04299200
v 0.05069600 -0.04305200 0.04262200
v 0.04563600 -0.05578300 0.04269000
v 0.04564200 -0.04942200 0.04213500
v 0.04564600 -0.04304900 0.04178600
v 0.22833900 -0.03552500 0.04323100
v 0.22834500 -0.04311900 0.04348900
v 0.22836100 -0.04953100 0.04411200
v 0.04354500 -0.06352500 0.06406700
v 0.04354500 -0.06352500 0.06406700
v 0.04354500 -0.06352500 0.06406700
v 0.04354500 -0.06352500 0.06406700
v 0.04328300 -0.06352500 0.07606400
v 0.04328300 -0.06352500 0.07606400
v 0.04328300 -0.06352500 0.07606400
v 0.04328300 -0.06352500 0.07606400
v 0.04329800 -0.06352500 0.06306100
v 0.04329800 -0.06352500 0.06306100
v 0.04258300 -0.06352500 0.06231300
v 0.04258300 -0.06352500 0.06231300
v 0.04158900 -0.06352500 0.06202400
v 0.04158900 -0.06352500 0.06202400
v 0.04158900 -0.06352500 0.06202400
v 0.04158900 -0.06352500 0.06202400
v 0.03958900 -0.06352500 0.06198000
v 0.03958900 -0.06352500 0.06198000
v 0.03958900 -0.06352500 0.06198000
v 0.03958900 -0.06352500 0.06198000
v 0.03858400 -0.06352500 0.06222600
v 0.03858400 -0.06352500 0.06222600
v 0.03783600 -0.06352500 0.06294200
v 0.03783600 -0.06352500 0.06294200
v 0.03754600 -0.06352500 0.06393600
v 0.03754600 -0.06352500 0.06393600
v 0.03754600 -0.06352500 0.06393600
v 0.03754600 -0.06352500 0.06393600
v 0.03728400 -0.06352500 0.07593300
v 0.03728400 -0.06352500 0.07593300
v 0.03728400 -0.06352500 0.07593300
v 0.03728400 -0.06352500 0.07593300
v 0.03753100 -0.06352500 0.07693900
v 0.03753100 -0.06352500 0.07693900
v 0.03824600 -0.06352500 0.07768700
v 0.03824600 -0.06352500 0.07768700
v 0.03924000 -0.06352500 0.07797600
v 0.03924000 -0.06352500 0.07797600
v 0.03924000 -0.06352500 0.07797600
v 0.03924000 -0.06352500 0.07797600
v 0.04124000 -0.06352500 0.07802000
v 0.04124000 -0.06352500 0.07802000
v 0.04124000 -0.06352500 0.07802000
v 0.04124000 -0.06352500 0.07802000
v 0.04224600 -0.06352500 0.07777400
v 0.04224600 -0.06352500 0.07777400
v 0.04299300 -0.06352500 0.07705800
v 0.04299300 -0.06352500 0.07705800
v 0.03886500 -0.06230000 0.05850300
v 0.03886500 -0.06230000 0.05850300
v 0.03886500 -0.06230000 0.05850300
v 0.03910600 -0.06230000 0.05940300
v 0.03910600 -0.06230000 0.05940300
v 0.03976500 -0.06230000 0.06006200
v 0.03976500 -0.06230000 0.06006200
v 0.04066500 -0.06230000 0.06030300
v 0.04066500 -0.06230000 0.06030300
v 0.04156500 -0.06230000 0.06006200
v 0.04156500 -0.06230000 0.06006200
v 0.04222400 -0.06230000 0.05940300
v 0.04222400 -0.06230000 0.05940300
v 0.04246500 -0.06230000 0.05850300
v 0.04246500 -0.06230000 0.05850300
v 0.04222400 -0.06230000 0.05760300
v 0.04222400 -0.06230000 0.05760300
v 0.04156500 -0.06230000 0.05694400
v 0.04156500 -0.06230000 0.05694400
v 0.04066500 -0.06230000 0.05670300
v 0.04066500 -0.06230000 0.05670300
v 0.03976500 -0.06230000 0.05694400
v 0.03976500 -0.06230000 0.05694400
v 0.03910600 -0.06230000 0.05760300
v 0.03910600 -0.06230000 0.05760300
v 0.06335800 -0.06230000 0.08204200
v 0.06335800 -0.06230000 0.08204200
v 0.06335800 -0.06230000 0.08204200
v 0.06359900 -0.06230000 0.08294200
v 0.06359900 -0.06230000 0.08294200
v 0.06425800 -0.06230000 0.08360100
v 0.06425800 -0.06230000 0.08360100
v 0.06515800 -0.06230000 0.08384200
v 0.06515800 -0.06230000 0.08384200
v 0.06605800 -0.06230000 0.08360100
v 0.06605800 -0.06230000 0.08360100
v 0.06671700 -0.06230000 0.08294200
v 0.06671700 -0.06230000 0.08294200
v 0.06695800 -0.06230000 0.08204200
v 0.06695800 -0.06230000 0.08204200
v 0.06671700 -0.06230000 0.08114200
v 0.06671700 -0.06230000 0.08114200
v 0.06605800 -0.06230000 0.08048300
v 0.06605800 -0.06230000 0.08048300
v 0.06515800 -0.06230000 0.08024200
v 0.06515800 -0.06230000 0.08024200
v 0.06425800 -0.06230000 0.08048300
v 0.06425800 -0.06230000 0.08048300
v 0.06359900 -0.06230000 0.08114200
v 0.06359900 -0.06230000 0.08114200
v 0.03836400 -0.06230000 0.08149700
v 0.03836400 -0.06230000 0.08149700
v 0.03836400 -0.06230000 0.08149700
v 0.03860500 -0.06230000 0.08239700
v 0.03860500 -0.06230000 0.08239700
v 0.03926400 -0.06230000 0.08305600
v 0.03926400 -0.06230000 0.08305600
v 0.04016400 -0.06230000 0.08329700
v 0.04016400 -0.06230000 0.08329700
v 0.04106400 -0.06230000 0.08305600
v 0.04106400 -0.06230000 0.08305600
v 0.04172300 -0.06230000 0.08239700
v 0.04172300 -0.06230000 0.08239700
v 0.04196400 -0.06230000 0.08149700
v 0.04196400 -0.06230000 0.08149700
v 0.04172300 -0.06230000 0.08059700
v 0.04172300 -0.06230000 0.08059700
v 0.04106400 -0.06230000 0.07993800
v 0.04106400 -0.06230000 0.07993800
v 0.04016400 -0.06230000 0.07969700
v 0.04016400 -0.06230000 0.07969700
v 0.03926400 -0.06230000 0.07993800
v 0.03926400 -0.06230000 0.07993800
v 0.03860500 -0.06230000 0.08059700
v 0.03860500 -0.06230000 0.08059700
v 0.06385900 -0.06230000 0.05904800
v 0.06385900 -0.06230000 0.05904800
v 0.06385900 -0.06230000 0.05904800
v 0.06410000 -0.06230000 0.05994800
v 0.06410000 -0.06230000 0.05994800
v 0.06475900 -0.06230000 0.06060600
v 0.06475900 -0.06230000 0.06060600
v 0.06565900 -0.06230000 0.06084800
v 0.06565900 -0.06230000 0.06084800
v 0.06655900 -0.06230000 0.06060600
v 0.06655900 -0.06230000 0.06060600
v 0.06721800 -0.06230000 0.05994800
v 0.06721800 -0.06230000 0.05994800
v 0.06745900 -0.06230000 0.05904800
v 0.06745900 -0.06230000 0.05904800
v 0.06721800 -0.06230000 0.05814800
v 0.06721800 -0.06230000 0.05814800
v 0.06655900 -0.06230000 0.05748900
v 0.06655900 -0.06230000 0.05748900
v 0.06565900 -0.06230000 0.05724800
v 0.06565900 -0.06230000 0.05724800
v 0.06475900 -0.06230000 0.05748900
v 0.06475900 -0.06230000 0.05748900
v 0.06410000 -0.06230000 0.05814800
v 0.06410000 -0.06230000 0.05814800
v 0.03886500 -0.05252500 0.05850300
v 0.03886500 -0.05252500 0.05850300
v 0.03886500 -0.05252500 0.05850300
v 0.03910600 -0.05252500 0.05940300
v 0.03910600 -0.05252500 0.05940300
v 0.03976500 -0.05252500 0.06006200
v 0.03976500 -0.05252500 0.06006200
v 0.04066500 -0.05252500 0.06030300
v 0.04066500 -0.05252500 0.06030300
v 0.04156500 -0.05252500 0.06006200
v 0.04156500 -0.05252500 0.06006200
v 0.04222400 -0.05252500 0.05940300
v 0.04222400 -0.05252500 0.05940300
v 0.04246500 -0.05252500 0.05850300
v 0.04246500 -0.05252500 0.05850300
v 0.04222400 -0.05252500 0.05760300
v 0.04222400 -0.05252500 0.05760300
v 0.04156500 -0.05252500 0.05694400
v 0.04156500 -0.05252500 0.05694400
v 0.04066500 -0.05252500 0.05670300
v 0.04066500 -0.05252500 0.05670300
v 0.03976500 -0.05252500 0.05694400
v 0.03976500 -0.05252500 0.05694400
v 0.03910600 -0.05252500 0.05760300
v 0.03910600 -0.05252500 0.05760300
v 0.03726500 -0.05252500 0.05850300
v 0.03726500 -0.05252500 0.05850300
v 0.03726500 -0.05252500 0.05850300
v 0.03765500 -0.05252500 0.05692300
v 0.03765500 -0.05252500 0.05692300
v 0.03873400 -0.05252500 0.05570500
v 0.03873400 -0.05252500 0.05570500
v 0.04025500 -0.05252500 0.05512800
v 0.04025500 -0.05252500 0.05512800
v 0.04187100 -0.05252500 0.05532400
v 0.04187100 -0.05252500 0.05532400
v 0.04321000 -0.05252500 0.05624800
v 0.04321000 -0.05252500 0.05624800
v 0.04396600 -0.05252500 0.05768900
v 0.04396600 -0.05252500 0.05768900
v 0.04396600 -0.05252500 0.05931600
v 0.04396600 -0.05252500 0.05931600
v 0.04321000 -0.05252500 0.06075700
v 0.04321000 -0.05252500 0.06075700
v 0.04187100 -0.05252500 0.06168200
v 0.04187100 -0.05252500 0.06168200
v 0.04025500 -0.05252500 0.06187800
v 0.04025500 -0.05252500 0.06187800
v 0.03873400 -0.05252500 0.06130100
v 0.03873400 -0.05252500 0.06130100
v 0.03765500 -0.05252500 0.06008300
v 0.03765500 -0.05252500 0.06008300
v 0.06385900 -0.05252500 0.05904800
v 0.06385900 -0.05252500 0.05904800
v 0.06385900 -0.05252500 0.05904800
v 0.06410000 -0.05252500 0.05994800
v 0.06410000 -0.05252500 0.05994800
v 0.06475900 -0.05252500 0.06060600
v 0.06475900 -0.05252500 0.06060600
v 0.06565900 -0.05252500 0.06084800
v 0.06565900 -0.05252500 0.06084800
v 0.06655900 -0.05252500 0.06060600
v 0.06655900 -0.05252500 0.06060600
v 0.06721800 -0.05252500 0.05994800
v 0.06721800 -0.05252500 0.05994800
v 0.06745900 -0.05252500 0.05904800
v 0.06745900 -0.05252500 0.05904800
v 0.06721800 -0.05252500 0.05814800
v 0.06721800 -0.05252500 0.05814800
v 0.06655900 -0.05252500 0.05748900
v 0.06655900 -0.05252500 0.05748900
v 0.06565900 -0.05252500 0.05724800
v 0.06565900 -0.05252500 0.05724800
v 0.06475900 -0.05252500 0.05748900
v 0.06475900 -0.05252500 0.05748900
v 0.06410000 -0.05252500 0.05814800
v 0.06410000 -0.05252500 0.05814800
v 0.06225900 -0.05252500 0.05904800
v 0.06225900 -0.05252500 0.05904800
v 0.06225900 -0.05252500 0.05904800
v 0.06264900 -0.05252500 0.05746800
v 0.06264900 -0.05252500 0.05746800
v 0.06372800 -0.05252500 0.05624900
v 0.06372800 -0.05252500 0.05624900
v 0.06524900 -0.05252500 0.05567200
v 0.06524900 -0.05252500 0.05567200
v 0.06686500 -0.05252500 0.05586900
v 0.06686500 -0.05252500 0.05586900
v 0.06820400 -0.05252500 0.05679300
v 0.06820400 -0.05252500 0.05679300
v 0.06896000 -0.05252500 0.05823400
v 0.06896000 -0.05252500 0.05823400
v 0.06896000 -0.05252500 0.05986100
v 0.06896000 -0.05252500 0.05986100
v 0.06820400 -0.05252500 0.06130200
v 0.06820400 -0.05252500 0.06130200
v 0.06686500 -0.05252500 0.06222700
v 0.06686500 -0.05252500 0.06222700
v 0.06524900 -0.05252500 0.06242300
v 0.06524900 -0.05252500 0.06242300
v 0.06372800 -0.05252500 0.06184600
v 0.06372800 -0.05252500 0.06184600
v 0.06264900 -0.05252500 0.06062800
v 0.06264900 -0.05252500 0.06062800
v 0.03836400 -0.05252500 0.08149700
v 0.03836400 -0.05252500 0.08149700
v 0.03836400 -0.05252500 0.08149700
v 0.03860500 -0.05252500 0.08239700
v 0.03860500 -0.05252500 0.08239700
v 0.03926400 -0.05252500 0.08305600
v 0.03926400 -0.05252500 0.08305600
v 0.04016400 -0.05252500 0.08329700
v 0.04016400 -0.05252500 0.08329700
v 0.04106400 -0.05252500 0.08305600
v 0.04106400 -0.05252500 0.08305600
v 0.04172300 -0.05252500 0.08239700
v 0.04172300 -0.05252500 0.08239700
v 0.04196400 -0.05252500 0.08149700
v 0.04196400 -0.05252500 0.08149700
v 0.04172300 -0.05252500 0.08059700
v 0.04172300 -0.05252500 0.08059700
v 0.04106400 -0.05252500 0.07993800
v 0.04106400 -0.05252500 0.07993800
v 0.04016400 -0.05252500 0.07969700
v 0.04016400 -0.05252500 0.07969700
v 0.03926400 -0.05252500 0.07993800
v 0.03926400 -0.05252500 0.07993800
v 0.03860500 -0.05252500 0.08059700
v 0.03860500 -0.05252500 0.08059700
v 0.03676400 -0.05252500 0.08149700
v 0.03676400 -0.05252500 0.08149700
v 0.03676400 -0.05252500 0.08149700
v 0.03715300 -0.05252500 0.07991700
v 0.03715300 -0.05252500 0.07991700
v 0.03823200 -0.05252500 0.07869900
v 0.03823200 -0.05252500 0.07869900
v 0.03975400 -0.05252500 0.07812200
v 0.03975400 -0.05252500 0.07812200
v 0.04137000 -0.05252500 0.07831800
v 0.04137000 -0.05252500 0.07831800
v 0.04270900 -0.05252500 0.07924300
v 0.04270900 -0.05252500 0.07924300
v 0.04346500 -0.05252500 0.08068400
v 0.04346500 -0.05252500 0.08068400
v 0.04346500 -0.05252500 0.08231100
v 0.04346500 -0.05252500 0.08231100
v 0.04270900 -0.05252500 0.08375200
v 0.04270900 -0.05252500 0.08375200
v 0.04137000 -0.05252500 0.08467600
v 0.04137000 -0.05252500 0.08467600
v 0.03975400 -0.05252500 0.08487200
v 0.03975400 -0.05252500 0.08487200
v 0.03823200 -0.05252500 0.08429500
v 0.03823200 -0.05252500 0.08429500
v 0.03715300 -0.05252500 0.08307700
v 0.03715300 -0.05252500 0.08307700
v 0.06335800 -0.05252500 0.08204200
v 0.06335800 -0.05252500 0.08204200
v 0.06335800 -0.05252500 0.08204200
v 0.06359900 -0.05252500 0.08294200
v 0.06359900 -0.05252500 0.08294200
v 0.06425800 -0.05252500 0.08360100
v 0.06425800 -0.05252500 0.08360100
v 0.06515800 -0.05252500 0.08384200
v 0.06515800 -0.05252500 0.08384200
v 0.06605800 -0.05252500 0.08360100
v 0.06605800 -0.05252500 0.08360100
v 0.06671700 -0.05252500 0.08294200
v 0.06671700 -0.05252500 0.08294200
v 0.06695800 -0.05252500 0.08204200
v 0.06695800 -0.05252500 0.08204200
v 0.06671700 -0.05252500 0.08114200
v 0.06671700 -0.05252500 0.08114200
v 0.06605800 -0.05252500 0.08048300
v 0.06605800 -0.05252500 0.08048300
v 0.06515800 -0.05252500 0.08024200
v 0.06515800 -0.05252500 0.08024200
v 0.06425800 -0.05252500 0.08048300
v 0.06425800 -0.05252500 0.08048300
v 0.06359900 -0.05252500 0.08114200
v 0.06359900 -0.05252500 0.08114200
v 0.06175800 -0.05252500 0.08204200
v 0.06175800 -0.05252500 0.08204200
v 0.06175800 -0.05252500 0.08204200
v 0.06214700 -0.05252500 0.08046200
v 0.06214700 -0.05252500 0.08046200
v 0.06322700 -0.05252500 0.07924400
v 0.06322700 -0.05252500 0.07924400
v 0.06474800 -0.05252500 0.07866700
v 0.06474800 -0.05252500 0.07866700
v 0.06636400 -0.05252500 0.07886300
v 0.06636400 -0.05252500 0.07886300
v 0.06770300 -0.05252500 0.07978800
v 0.06770300 -0.05252500 0.07978800
v 0.06845900 -0.05252500 0.08122800
v 0.06845900 -0.05252500 0.08122800
v 0.06845900 -0.05252500 0.08285600
v 0.06845900 -0.05252500 0.08285600
v 0.06770300 -0.05252500 0.08429700
v 0.06770300 -0.05252500 0.08429700
v 0.06636400 -0.05252500 0.08522100
v 0.06636400 -0.05252500 0.08522100
v 0.06474800 -0.05252500 0.08541700
v 0.06474800 -0.05252500 0.08541700
v 0.06322700 -0.05252500 0.08484000
v 0.06322700 -0.05252500 0.08484000
v 0.06214700 -0.05252500 0.08362200
v 0.06214700 -0.05252500 0.08362200
v 0.22238600 -0.05980000 0.06746500
v 0.22238600 -0.05980000 0.06746500
v 0.22238600 -0.05980000 0.06746500
v 0.22238600 -0.05980000 0.06746500
v 0.22238100 -0.06055000 0.06766600
v 0.22238100 -0.06055000 0.06766600
v 0.22236900 -0.06109900 0.06821500
v 0.22236900 -0.06109900 0.06821500
v 0.22235300 -0.06130000 0.06896500
v 0.22235300 -0.06130000 0.06896500
v 0.22235300 -0.06130000 0.06896500
v 0.22235300 -0.06130000 0.06896500
v 0.26331700 -0.06130000 0.06985800
v 0.26331700 -0.06130000 0.06985800
v 0.26331700 -0.06130000 0.06985800
v 0.26377700 -0.06120000 0.06932800
v 0.26377700 -0.06120000 0.06932800
v 0.26424900 -0.06090900 0.06886900
v 0.26424900 -0.06090900 0.06886900
v 0.26464700 -0.06044400 0.06853200
v 0.26464700 -0.06044400 0.06853200
v 0.26478100 -0.06013600 0.06842800
v 0.26478100 -0.06013600 0.06842800
v 0.26483100 -0.05980000 0.06839100
v 0.26483100 -0.05980000 0.06839100
v 0.26483100 -0.05980000 0.06839100
v 0.23653000 -0.06055000 0.06797500
v 0.25067800 -0.06055000 0.06828300
v 0.23651800 -0.06109900 0.06852400
v 0.25066600 -0.06109900 0.06883200
v 0.22109500 -0.06086100 0.07894200
v 0.22109500 -0.06086100 0.07894200
v 0.22109500 -0.06086100 0.07894200
v 0.22109500 -0.06086100 0.07894200
v 0.22140500 -0.06109900 0.07894800
v 0.22140500 -0.06109900 0.07894800
v 0.22176700 -0.06124900 0.07895600
v 0.22176700 -0.06124900 0.07895600
v 0.22215500 -0.06130000 0.07896300
v 0.22215500 -0.06130000 0.07896300
v 0.22215500 -0.06130000 0.07896300
v 0.22215500 -0.06130000 0.07896300
v 0.22196500 -0.06124900 0.06895700
v 0.22196500 -0.06124900 0.06895700
v 0.22160300 -0.06109900 0.06895000
v 0.22160300 -0.06109900 0.06895000
v 0.22129200 -0.06086100 0.06894400
v 0.22129200 -0.06086100 0.06894400
v 0.22129200 -0.06086100 0.06894400
v 0.22129200 -0.06086100 0.06894400
v 0.22213900 -0.06109900 0.07971300
v 0.22213900 -0.06109900 0.07971300
v 0.22212700 -0.06055000 0.08026200
v 0.22212700 -0.06055000 0.08026200
v 0.22212200 -0.05980000 0.08046300
v 0.22212200 -0.05980000 0.08046300
v 0.22212200 -0.05980000 0.08046300
v 0.22212200 -0.05980000 0.08046300
v 0.26454700 -0.05980000 0.08138800
v 0.26454700 -0.05980000 0.08138800
v 0.26454700 -0.05980000 0.08138800
v 0.26450000 -0.06013400 0.08134900
v 0.26450000 -0.06013400 0.08134900
v 0.26437300 -0.06043900 0.08124100
v 0.26437300 -0.06043900 0.08124100
v 0.26398900 -0.06090700 0.08088700
v 0.26398900 -0.06090700 0.08088700
v 0.26353800 -0.06119800 0.08040800
v 0.26353800 -0.06119800 0.08040800
v 0.26309900 -0.06130000 0.07985600
v 0.26309900 -0.06130000 0.07985600
v 0.26309900 -0.06130000 0.07985600
v 0.23628000 -0.06109900 0.08002100
v 0.25042200 -0.06109900 0.08033000
v 0.23626800 -0.06055000 0.08057000
v 0.25041000 -0.06055000 0.08087900
v 0.22122100 -0.06071800 0.07969400
v 0.22122100 -0.06071800 0.07969400
v 0.22159700 -0.06033000 0.08025100
v 0.22159700 -0.06033000 0.08025100
v 0.22158100 -0.06050100 0.08015900
v 0.22158100 -0.06100900 0.07964000
v 0.22197700 -0.06020600 0.06757100
v 0.22197700 -0.06020600 0.06757100
v 0.22162600 -0.06055100 0.06788900
v 0.22162600 -0.06055100 0.06788900
v 0.22138500 -0.06078000 0.06837100
v 0.22138500 -0.06078000 0.06837100
v 0.22179400 -0.06100600 0.06826900
v 0.22179400 -0.06049600 0.06776000
v 0.26189600 -0.06130000 0.07746800
v 0.26189600 -0.06130000 0.07746800
v 0.26152000 -0.06130000 0.07482000
v 0.26152000 -0.06130000 0.07482000
v 0.26152000 -0.06130000 0.07482000
v 0.26201100 -0.06130000 0.07219200
v 0.26201100 -0.06130000 0.07219200
v 0.19814600 -0.04752500 0.05231600
v 0.19814600 -0.04752500 0.05231600
v 0.19814600 -0.04752500 0.05231600
v 0.19842800 -0.04752500 0.05126600
v 0.19842800 -0.04752500 0.05126600
v 0.19919600 -0.04752500 0.05049800
v 0.19919600 -0.04752500 0.05049800
v 0.20024600 -0.04752500 0.05021600
v 0.20024600 -0.04752500 0.05021600
v 0.20129600 -0.04752500 0.05049800
v 0.20129600 -0.04752500 0.05049800
v 0.20206500 -0.04752500 0.05126600
v 0.20206500 -0.04752500 0.05126600
v 0.20234600 -0.04752500 0.05231600
v 0.20234600 -0.04752500 0.05231600
v 0.20206500 -0.04752500 0.05336600
v 0.20206500 -0.04752500 0.05336600
v 0.20129600 -0.04752500 0.05413500
v 0.20129600 -0.04752500 0.05413500
v 0.20024600 -0.04752500 0.05441600
v 0.20024600 -0.04752500 0.05441600
v 0.19919600 -0.04752500 0.05413500
v 0.19919600 -0.04752500 0.05413500
v 0.19842800 -0.04752500 0.05336600
v 0.19842800 -0.04752500 0.05336600
v 0.19814600 -0.03552500 0.05231600
v 0.19814600 -0.03552500 0.05231600
v 0.19814600 -0.03552500 0.05231600
v 0.19842800 -0.03552500 0.05336600
v 0.19842800 -0.03552500 0.05336600
v 0.19919600 -0.03552500 0.05413500
v 0.19919600 -0.03552500 0.05413500
v 0.20024600 -0.03552500 0.05441600
v 0.20024600 -0.03552500 0.05441600
v 0.20129600 -0.03552500 0.05413500
v 0.20129600 -0.03552500 0.05413500
v 0.20206500 -0.03552500 0.05336600
v 0.20206500 -0.03552500 0.05336600
v 0.20234600 -0.03552500 0.05231600
v 0.20234600 -0.03552500 0.05231600
v 0.20206500 -0.03552500 0.05126600
v 0.20206500 -0.03552500 0.05126600
v 0.20129600 -0.03552500 0.05049800
v 0.20129600 -0.03552500 0.05049800
v 0.20024600 -0.03552500 0.05021600
v 0.20024600 -0.03552500 0.05021600
v 0.19919600 -0.03552500 0.05049800
v 0.19919600 -0.03552500 0.05049800
v 0.19842800 -0.03552500 0.05126600
v 0.19842800 -0.03552500 0.05126600
v 0.07868600 -0.04752500 0.05341600
v 0.07868600 -0.04752500 0.05341600
v 0.07868600 -0.04752500 0.05341600
v 0.07896700 -0.04752500 0.05236600
v 0.07896700 -0.04752500 0.05236600
v 0.07973600 -0.04752500 0.05159700
v 0.07973600 -0.04752500 0.05159700
v 0.08078600 -0.04752500 0.05131600
v 0.08078600 -0.04752500 0.05131600
v 0.08183600 -0.04752500 0.05159700
v 0.08183600 -0.04752500 0.05159700
v 0.08260400 -0.04752500 0.05236600
v 0.08260400 -0.04752500 0.05236600
v 0.08288600 -0.04752500 0.05341600
v 0.08288600 -0.04752500 0.05341600
v 0.08260400 -0.04752500 0.05446600
v 0.08260400 -0.04752500 0.05446600
v 0.08183600 -0.04752500 0.05523400
v 0.08183600 -0.04752500 0.05523400
v 0.08078600 -0.04752500 0.05551600
v 0.08078600 -0.04752500 0.05551600
v 0.07973600 -0.04752500 0.05523400
v 0.07973600 -0.04752500 0.05523400
v 0.07896700 -0.04752500 0.05446600
v 0.07896700 -0.04752500 0.05446600
v 0.07868600 -0.03552500 0.05341600
v 0.07868600 -0.03552500 0.05341600
v 0.07868600 -0.03552500 0.05341600
v 0.07896700 -0.03552500 0.05446600
v 0.07896700 -0.03552500 0.05446600
v 0.07973600 -0.03552500 0.05523400
v 0.07973600 -0.03552500 0.05523400
v 0.08078600 -0.03552500 0.05551600
v 0.08078600 -0.03552500 0.05551600
v 0.08183600 -0.03552500 0.05523400
v 0.08183600 -0.03552500 0.05523400
v 0.08260400 -0.03552500 0.05446600
v 0.08260400 -0.03552500 0.05446600
v 0.08288600 -0.03552500 0.05341600
v 0.08288600 -0.03552500 0.05341600
v 0.08260400 -0.03552500 0.05236600
v 0.08260400 -0.03552500 0.05236600
v 0.08183600 -0.03552500 0.05159700
v 0.08183600 -0.03552500 0.05159700
v 0.08078600 -0.03552500 0.05131600
v 0.08078600 -0.03552500 0.05131600
v 0.07973600 -0.03552500 0.05159700
v 0.07973600 -0.03552500 0.05159700
v 0.07896700 -0.03552500 0.05236600
v 0.07896700 -0.03552500 0.05236600
v 0.19722400 -0.04752500 0.09463200
v 0.19722400 -0.04752500 0.09463200
v 0.19722400 -0.04752500 0.09463200
v 0.19750500 -0.04752500 0.09358200
v 0.19750500 -0.04752500 0.09358200
v 0.19827400 -0.04752500 0.09281400
v 0.19827400 -0.04752500 0.09281400
v 0.19932400 -0.04752500 0.09253200
v 0.19932400 -0.04752500 0.09253200
v 0.20037400 -0.04752500 0.09281400
v 0.20037400 -0.04752500 0.09281400
v 0.20114200 -0.04752500 0.09358200
v 0.20114200 -0.04752500 0.09358200
v 0.20142400 -0.04752500 0.09463200
v 0.20142400 -0.04752500 0.09463200
v 0.20114200 -0.04752500 0.09568200
v 0.20114200 -0.04752500 0.09568200
v 0.20037400 -0.04752500 0.09645100
v 0.20037400 -0.04752500 0.09645100
v 0.19932400 -0.04752500 0.09673200
v 0.19932400 -0.04752500 0.09673200
v 0.19827400 -0.04752500 0.09645100
v 0.19827400 -0.04752500 0.09645100
v 0.19750500 -0.04752500 0.09568200
v 0.19750500 -0.04752500 0.09568200
v 0.19722400 -0.03552500 0.09463200
v 0.19722400 -0.03552500 0.09463200
v 0.19722400 -0.03552500 0.09463200
v 0.19750500 -0.03552500 0.09568200
v 0.19750500 -0.03552500 0.09568200
v 0.19827400 -0.03552500 0.09645100
v 0.19827400 -0.03552500 0.09645100
v 0.19932400 -0.03552500 0.09673200
v 0.19932400 -0.03552500 0.09673200
v 0.20037400 -0.03552500 0.09645100
v 0.20037400 -0.03552500 0.09645100
v 0.20114200 -0.03552500 0.09568200
v 0.20114200 -0.03552500 0.09568200
v 0.20142400 -0.03552500 0.09463200
v 0.20142400 -0.03552500 0.09463200
v 0.20114200 -0.03552500 0.09358200
v 0.20114200 -0.03552500 0.09358200
v 0.20037400 -0.03552500 0.09281400
v 0.20037400 -0.03552500 0.09281400
v 0.19932400 -0.03552500 0.09253200
v 0.19932400 -0.03552500 0.09253200
v 0.19827400 -0.03552500 0.09281400
v 0.19827400 -0.03552500 0.09281400
v 0.19750500 -0.03552500 0.09358200
v 0.19750500 -0.03552500 0.09358200
v 0.07792400 -0.04752500 0.08832800
v 0.07792400 -0.04752500 0.08832800
v 0.07792400 -0.04752500 0.08832800
v 0.07820600 -0.04752500 0.08727800
v 0.07820600 -0.04752500 0.08727800
v 0.07897400 -0.04752500 0.08650900
v 0.07897400 -0.04752500 0.08650900
v 0.08002400 -0.04752500 0.08622800
v 0.08002400 -0.04752500 0.08622800
v 0.08107400 -0.04752500 0.08650900
v 0.08107400 -0.04752500 0.08650900
v 0.08184300 -0.04752500 0.08727800
v 0.08184300 -0.04752500 0.08727800
v 0.08212400 -0.04752500 0.08832800
v 0.08212400 -0.04752500 0.08832800
v 0.08184300 -0.04752500 0.08937800
v 0.08184300 -0.04752500 0.08937800
v 0.08107400 -0.04752500 0.09014700
v 0.08107400 -0.04752500 0.09014700
v 0.08002400 -0.04752500 0.09042800
v 0.08002400 -0.04752500 0.09042800
v 0.07897400 -0.04752500 0.09014700
v 0.07897400 -0.04752500 0.09014700
v 0.07820600 -0.04752500 0.08937800
v 0.07820600 -0.04752500 0.08937800
v 0.07792400 -0.03552500 0.08832800
v 0.07792400 -0.03552500 0.08832800
v 0.07792400 -0.03552500 0.08832800
v 0.07820600 -0.03552500 0.08937800
v 0.07820600 -0.03552500 0.08937800
v 0.07897400 -0.03552500 0.09014700
v 0.07897400 -0.03552500 0.09014700
v 0.08002400 -0.03552500 0.09042800
v 0.08002400 -0.03552500 0.09042800
v 0.08107400 -0.03552500 0.09014700
v 0.08107400 -0.03552500 0.09014700
v 0.08184300 -0.03552500 0.08937800
v 0.08184300 -0.03552500 0.08937800
v 0.08212400 -0.03552500 0.08832800
v 0.08212400 -0.03552500 0.08832800
v 0.08184300 -0.03552500 0.08727800
v 0.08184300 -0.03552500 0.08727800
v 0.08107400 -0.03552500 0.08650900
v 0.08107400 -0.03552500 0.08650900
v 0.08002400 -0.03552500 0.08622800
v 0.08002400 -0.03552500 0.08622800
v 0.07897400 -0.03552500 0.08650900
v 0.07897400 -0.03552500 0.08650900
v 0.07820600 -0.03552500 0.08727800
v 0.07820600 -0.03552500 0.08727800
v 0.08578600 -0.03552500 0.05341600
v 0.08578600 -0.03552500 0.05341600
v 0.08578600 -0.03552500 0.05341600
v 0.08540500 -0.03552500 0.05532900
v 0.08540500 -0.03552500 0.05532900
v 0.08432100 -0.03552500 0.05695100
v 0.08432100 -0.03552500 0.05695100
v 0.08269900 -0.03552500 0.05803500
v 0.08269900 -0.03552500 0.05803500
v 0.08078600 -0.03552500 0.05841600
v 0.08078600 -0.03552500 0.05841600
v 0.07887200 -0.03552500 0.05803500
v 0.07887200 -0.03552500 0.05803500
v 0.07725000 -0.03552500 0.05695100
v 0.07725000 -0.03552500 0.05695100
v 0.07616600 -0.03552500 0.05532900
v 0.07616600 -0.03552500 0.05532900
v 0.03603800 -0.03552500 0.04157200
v 0.03603800 -0.03552500 0.04157200
v 0.03116800 -0.03552500 0.04276400
v 0.03116800 -0.03552500 0.04276400
v 0.02657900 -0.03552500 0.04478300
v 0.02657900 -0.03552500 0.04478300
v 0.02241100 -0.03552500 0.04756900
v 0.02241100 -0.03552500 0.04756900
v 0.01878900 -0.03552500 0.05103600
v 0.01878900 -0.03552500 0.05103600
v 0.01582500 -0.03552500 0.05507900
v 0.01582500 -0.03552500 0.05507900
v 0.01360700 -0.03552500 0.05957600
v 0.01360700 -0.03552500 0.05957600
v 0.01220400 -0.03552500 0.06438900
v 0.01220400 -0.03552500 0.06438900
v 0.01165900 -0.03552500 0.06937300
v 0.01165900 -0.03552500 0.06937300
v 0.01198700 -0.03552500 0.07437600
v 0.01198700 -0.03552500 0.07437600
v 0.01317800 -0.03552500 0.07924600
v 0.01317800 -0.03552500 0.07924600
v 0.01519800 -0.03552500 0.08383500
v 0.01519800 -0.03552500 0.08383500
v 0.01798300 -0.03552500 0.08800400
v 0.01798300 -0.03552500 0.08800400
v 0.02145000 -0.03552500 0.09162500
v 0.02145000 -0.03552500 0.09162500
v 0.02549400 -0.03552500 0.09459000
v 0.02549400 -0.03552500 0.09459000
v 0.02999000 -0.03552500 0.09680700
v 0.02999000 -0.03552500 0.09680700
v 0.03480400 -0.03552500 0.09821000
v 0.03480400 -0.03552500 0.09821000
v 0.03978800 -0.03552500 0.09875600
v 0.03978800 -0.03552500 0.09875600
v 0.03978800 -0.03552500 0.09875600
v 0.04458100 -0.03552500 0.09854200
v 0.04458100 -0.03552500 0.09854200
v 0.04988500 -0.03552500 0.09790100
v 0.04988500 -0.03552500 0.09790100
v 0.05285800 -0.03552500 0.09751000
v 0.05285800 -0.03552500 0.09751000
v 0.05608800 -0.03552500 0.09710500
v 0.05608800 -0.03552500 0.09710500
v 0.05959700 -0.03552500 0.09670500
v 0.05959700 -0.03552500 0.09670500
v 0.06340800 -0.03552500 0.09632800
v 0.06340800 -0.03552500 0.09632800
v 0.06753600 -0.03552500 0.09598900
v 0.06753600 -0.03552500 0.09598900
v 0.07198200 -0.03552500 0.09569600
v 0.07198200 -0.03552500 0.09569600
v 0.07674500 -0.03552500 0.09545400
v 0.07674500 -0.03552500 0.09545400
v 0.08182400 -0.03552500 0.09527100
v 0.08182400 -0.03552500 0.09527100
v 0.08721000 -0.03552500 0.09515000
v 0.08721000 -0.03552500 0.09515000
v 0.09288800 -0.03552500 0.09509100
v 0.09288800 -0.03552500 0.09509100
v 0.09884000 -0.03552500 0.09509400
v 0.09884000 -0.03552500 0.09509400
v 0.10504700 -0.03552500 0.09515900
v 0.10504700 -0.03552500 0.09515900
v 0.11812800 -0.03552500 0.09547100
v 0.11812800 -0.03552500 0.09547100
v 0.13190300 -0.03552500 0.09601800
v 0.13190300 -0.03552500 0.09601800
v 0.14612200 -0.03552500 0.09680500
v 0.14612200 -0.03552500 0.09680500
v 0.16051000 -0.03552500 0.09785700
v 0.16051000 -0.03552500 0.09785700
v 0.17483500 -0.03552500 0.09914000
v 0.17483500 -0.03552500 0.09914000
v 0.18889500 -0.03552500 0.10055300
v 0.18889500 -0.03552500 0.10055300
v 0.20243300 -0.03552500 0.10202000
v 0.20243300 -0.03552500 0.10202000
v 0.20891900 -0.03552500 0.10275600
v 0.20891900 -0.03552500 0.10275600
v 0.21516900 -0.03552500 0.10348700
v 0.21516900 -0.03552500 0.10348700
v 0.21516900 -0.03552500 0.10348700
v 0.21525800 -0.03552500 0.09947000
v 0.21525800 -0.03552500 0.09947000
v 0.21525800 -0.03552500 0.09947000
v 0.17365800 -0.03552500 0.09500600
v 0.17365800 -0.03552500 0.09500600
v 0.15473600 -0.03552500 0.09339400
v 0.15473600 -0.03552500 0.09339400
v 0.13644500 -0.03552500 0.09223600
v 0.13644500 -0.03552500 0.09223600
v 0.12748500 -0.03552500 0.09181200
v 0.12748500 -0.03552500 0.09181200
v 0.11873600 -0.03552500 0.09148700
v 0.11873600 -0.03552500 0.09148700
v 0.11026500 -0.03552500 0.09125800
v 0.11026500 -0.03552500 0.09125800
v 0.10213100 -0.03552500 0.09112400
v 0.10213100 -0.03552500 0.09112400
v 0.09438000 -0.03552500 0.09108700
v 0.09438000 -0.03552500 0.09108700
v 0.06727200 -0.03552500 0.09199900
v 0.06727200 -0.03552500 0.09199900
v 0.06193600 -0.03552500 0.09245200
v 0.06193600 -0.03552500 0.09245200
v 0.05711600 -0.03552500 0.09295600
v 0.05711600 -0.03552500 0.09295600
v 0.05280200 -0.03552500 0.09348400
v 0.05280200 -0.03552500 0.09348400
v 0.04896800 -0.03552500 0.09398900
v 0.04896800 -0.03552500 0.09398900
v 0.04557600 -0.03552500 0.09441200
v 0.04557600 -0.03552500 0.09441200
v 0.04257500 -0.03552500 0.09469000
v 0.04257500 -0.03552500 0.09469000
v 0.03987500 -0.03552500 0.09475700
v 0.03987500 -0.03552500 0.09475700
v 0.03987500 -0.03552500 0.09475700
v 0.03533500 -0.03552500 0.09423600
v 0.03533500 -0.03552500 0.09423600
v 0.03096800 -0.03552500 0.09289000
v 0.03096800 -0.03552500 0.09289000
v 0.02692300 -0.03552500 0.09076500
v 0.02692300 -0.03552500 0.09076500
v 0.02333700 -0.03552500 0.08793200
v 0.02333700 -0.03552500 0.08793200
v 0.02033300 -0.03552500 0.08448900
v 0.02033300 -0.03552500 0.08448900
v 0.01801200 -0.03552500 0.08055200
v 0.01801200 -0.03552500 0.08055200
v 0.01645500 -0.03552500 0.07625600
v 0.01645500 -0.03552500 0.07625600
v 0.01571300 -0.03552500 0.07174700
v 0.01571300 -0.03552500 0.07174700
v 0.01581300 -0.03552500 0.06717800
v 0.01581300 -0.03552500 0.06717800
v 0.01675000 -0.03552500 0.06270600
v 0.01675000 -0.03552500 0.06270600
v 0.01849400 -0.03552500 0.05848200
v 0.01849400 -0.03552500 0.05848200
v 0.02098300 -0.03552500 0.05465000
v 0.02098300 -0.03552500 0.05465000
v 0.02413500 -0.03552500 0.05134100
v 0.02413500 -0.03552500 0.05134100
v 0.02784100 -0.03552500 0.04866700
v 0.02784100 -0.03552500 0.04866700
v 0.03197500 -0.03552500 0.04672000
v 0.03197500 -0.03552500 0.04672000
v 0.03639600 -0.03552500 0.04556500
v 0.03639600 -0.03552500 0.04556500
v 0.04095400 -0.03552500 0.04524300
v 0.04095400 -0.03552500 0.04524300
v 0.04095400 -0.03552500 0.04524300
v 0.04364300 -0.03552500 0.04542800
v 0.04364300 -0.03552500 0.04542800
v 0.04662700 -0.03552500 0.04583500
v 0.04662700 -0.03552500 0.04583500
v 0.04999100 -0.03552500 0.04640600
v 0.04999100 -0.03552500 0.04640600
v 0.05379200 -0.03552500 0.04707500
v 0.05379200 -0.03552500 0.04707500
v 0.05807000 -0.03552500 0.04779000
v 0.05807000 -0.03552500 0.04779000
v 0.06285100 -0.03552500 0.04850600
v 0.06285100 -0.03552500 0.04850600
v 0.06815300 -0.03552500 0.04918800
v 0.06815300 -0.03552500 0.04918800
v 0.11647300 -0.05007100 0.09016200
v 0.09314800 -0.04284000 0.09081300
v 0.09318300 -0.05011000 0.08998300
v 0.09962300 -0.04283500 0.09081100
v 0.09966500 -0.05009600 0.08994200
v 0.10783500 -0.04283000 0.09090500
v 0.10788500 -0.05008200 0.08999600
v 0.11641500 -0.04282600 0.09110200
v 0.13033100 -0.04282200 0.09161200
v 0.13039800 -0.05006000 0.09064300
v 0.14472800 -0.04282000 0.09238100
v 0.14480100 -0.05005500 0.09140000
v 0.16901900 -0.04282000 0.09424800
v 0.16909400 -0.05005600 0.09327000
v 0.15483400 -0.05005500 0.09208300
v 0.15476000 -0.04281900 0.09306600
v 0.18308200 -0.04282200 0.09560700
v 0.18316000 -0.05006200 0.09464600
v 0.21718300 -0.03540000 0.09969900
v 0.21718300 -0.03540000 0.09969900
v 0.21907500 -0.03502900 0.09992500
v 0.21907500 -0.03502900 0.09992500
v 0.22090600 -0.03441500 0.10014200
v 0.22090600 -0.03441500 0.10014200
v 0.22264300 -0.03357100 0.10034200
v 0.22264300 -0.03357100 0.10034200
v 0.22426000 -0.03250800 0.10051600
v 0.22426000 -0.03250800 0.10051600
v 0.22572600 -0.03124600 0.10065600
v 0.22572600 -0.03124600 0.10065600
v 0.22702000 -0.02980100 0.10075100
v 0.22702000 -0.02980100 0.10075100
v 0.22811900 -0.02820200 0.10079500
v 0.22811900 -0.02820200 0.10079500
v 0.22882700 -0.02686400 0.10078800
v 0.22882700 -0.02686400 0.10078800
v 0.22882700 -0.02686400 0.10078800
v 0.22994700 -0.02446500 0.10072000
v 0.22994700 -0.02446500 0.10072000
v 0.23106800 -0.02206800 0.10060600
v 0.23106800 -0.02206800 0.10060600
v 0.23218900 -0.01967200 0.10044800
v 0.23218900 -0.01967200 0.10044800
v 0.23331000 -0.01727800 0.10024900
v 0.23331000 -0.01727800 0.10024900
v 0.23331000 -0.01727800 0.10024900
v 0.23329800 -0.02089700 0.10077300
v 0.23329800 -0.02089700 0.10077300
v 0.23328300 -0.02819600 0.10147400
v 0.23328300 -0.02819600 0.10147400
v 0.23327800 -0.03552500 0.10170700
v 0.23327800 -0.03552500 0.10170700
v 0.23328300 -0.04285400 0.10147400
v 0.23328300 -0.04285400 0.10147400
v 0.23329800 -0.05015300 0.10077300
v 0.23329800 -0.05015300 0.10077300
v 0.21358700 -0.04283600 0.09898900
v 0.21367100 -0.05010300 0.09815000
v 0.22090200 -0.03552500 0.10014800
v 0.22090900 -0.04284200 0.09988100
v 0.22097100 -0.05012000 0.09908800
v 0.22727100 -0.03552500 0.10093700
v 0.22729900 -0.04284800 0.10068900
v 0.22738100 -0.05013600 0.09994700
v 0.03988400 -0.04805200 0.09435600
v 0.03988400 -0.04805200 0.09435600
v 0.03987700 -0.04179200 0.09465700
v 0.03987700 -0.04179200 0.09465700
v 0.04575900 -0.04289500 0.09424800
v 0.06724700 -0.05018800 0.09118300
v 0.06725900 -0.04286800 0.09179600
v 0.06180000 -0.05020800 0.09171800
v 0.06180500 -0.04287500 0.09227800
v 0.05690000 -0.05022600 0.09229600
v 0.05690800 -0.04288200 0.09280900
v 0.05261800 -0.05024000 0.09287400
v 0.05263800 -0.04288700 0.09334600
v 0.04885800 -0.05025100 0.09340800
v 0.04886400 -0.04289200 0.09385400
v 0.04575700 -0.05025800 0.09381900
v 0.04298900 -0.05026300 0.09410200
v 0.04298500 -0.04289800 0.09452100
v 0.04133600 -0.05026500 0.09419400
v 0.04132900 -0.04289900 0.09461000
v 0.04095200 -0.04179200 0.04534300
v 0.04095200 -0.04179200 0.04534300
v 0.04094500 -0.04805200 0.04564400
v 0.04094500 -0.04805200 0.04564400
v 0.06996600 -0.04286500 0.04960800
v 0.06994200 -0.05018200 0.05023900
v 0.06555100 -0.04287100 0.04906500
v 0.06552300 -0.05019700 0.04965200
v 0.06147100 -0.04287700 0.04849300
v 0.06144100 -0.05021200 0.04904000
v 0.05645700 -0.04288400 0.04769500
v 0.05642700 -0.05023100 0.04819400
v 0.05202700 -0.04289000 0.04692100
v 0.05199900 -0.05024500 0.04738200
v 0.04880900 -0.04289300 0.04634700
v 0.04878500 -0.05025400 0.04678600
v 0.04592300 -0.04289600 0.04586900
v 0.04590400 -0.05026000 0.04629400
v 0.04332600 -0.04289900 0.04553400
v 0.04331300 -0.05026400 0.04595200
v 0.23370800 -0.01727800 0.08196600
v 0.23370800 -0.01727800 0.08196600
v 0.23370800 -0.01727800 0.08196600
v 0.23770700 -0.00870000 0.08205300
v 0.23770700 -0.00870000 0.08205300
v 0.23770700 -0.00870000 0.08205300
v 0.24166100 -0.00870000 0.08213900
v 0.24166100 -0.00870000 0.08213900
v 0.24166100 -0.00870000 0.08213900
v 0.24199900 -0.00870000 0.06664300
v 0.24199900 -0.00870000 0.06664300
v 0.24199900 -0.00870000 0.06664300
v 0.23804500 -0.00870000 0.06655700
v 0.23804500 -0.00870000 0.06655700
v 0.23804500 -0.00870000 0.06655700
v 0.23404600 -0.01727800 0.06646900
v 0.23404600 -0.01727800 0.06646900
v 0.23404600 -0.01727800 0.06646900
v 0.22873900 -0.02686400 0.10482300
v 0.22873900 -0.02686400 0.10482300
v 0.22873900 -0.02686400 0.10482300
v 0.23213200 -0.01960500 0.10451000
v 0.23213200 -0.01960500 0.10451000
v 0.23552400 -0.01236300 0.10383400
v 0.23552400 -0.01236300 0.10383400
v 0.23552400 -0.01236300 0.10383400
v 0.23634200 -0.01065100 0.10295600
v 0.23634200 -0.01065100 0.10295600
v 0.23716000 -0.00893700 0.10208500
v 0.23716000 -0.00893700 0.10208500
v 0.23797400 -0.00723200 0.10122700
v 0.23797400 -0.00723200 0.10122700
v 0.23878900 -0.00552500 0.10037600
v 0.23878900 -0.00552500 0.10037600
v 0.23878900 -0.00552500 0.10037600
v 0.23883200 -0.00552500 0.09841500
v 0.23883200 -0.00552500 0.09841500
v 0.23883200 -0.00552500 0.09841500
v 0.23735700 -0.00870000 0.09812200
v 0.23735700 -0.00870000 0.09812200
v 0.23735700 -0.00870000 0.09812200
v 0.23839600 -0.00870000 0.05048800
v 0.23839600 -0.00870000 0.05048800
v 0.23839600 -0.00870000 0.05048800
v 0.23988100 -0.00552500 0.05025900
v 0.23988100 -0.00552500 0.05025900
v 0.23988100 -0.00552500 0.05025900
v 0.23992400 -0.00552500 0.04829800
v 0.23992400 -0.00552500 0.04829800
v 0.23992400 -0.00552500 0.04829800
v 0.23914700 -0.00723200 0.04741200
v 0.23914700 -0.00723200 0.04741200
v 0.23837200 -0.00893700 0.04652000
v 0.23837200 -0.00893700 0.04652000
v 0.23759200 -0.01065100 0.04561400
v 0.23759200 -0.01065100 0.04561400
v 0.26411100 -0.00870000 0.10344300
v 0.26411100 -0.00870000 0.10344300
v 0.26411100 -0.00870000 0.10344300
v 0.25963000 -0.00870000 0.10217000
v 0.25963000 -0.00870000 0.10217000
v 0.25541000 -0.00870000 0.10019600
v 0.25541000 -0.00870000 0.10019600
v 0.25156100 -0.00870000 0.09757200
v 0.25156100 -0.00870000 0.09757200
v 0.24818100 -0.00870000 0.09436500
v 0.24818100 -0.00870000 0.09436500
v 0.24535900 -0.00870000 0.09065800
v 0.24535900 -0.00870000 0.09065800
v 0.24316700 -0.00870000 0.08654800
v 0.24316700 -0.00870000 0.08654800
v 0.24369500 -0.00870000 0.06230400
v 0.24369500 -0.00870000 0.06230400
v 0.24606500 -0.00870000 0.05829300
v 0.24606500 -0.00870000 0.05829300
v 0.24904600 -0.00870000 0.05471300
v 0.24904600 -0.00870000 0.05471300
v 0.25256200 -0.00870000 0.05165600
v 0.25256200 -0.00870000 0.05165600
v 0.25652200 -0.00870000 0.04920200
v 0.25652200 -0.00870000 0.04920200
v 0.26082400 -0.00870000 0.04741400
v 0.26082400 -0.00870000 0.04741400
v 0.26535600 -0.00870000 0.04633800
v 0.26535600 -0.00870000 0.04633800
v 0.26535600 -0.00870000 0.04633800
v 0.26411100 -0.00552500 0.10344300
v 0.26411100 -0.00552500 0.10344300
v 0.26411100 -0.00552500 0.10344300
v 0.26889500 -0.00552500 0.10398700
v 0.26889500 -0.00552500 0.10398700
v 0.27370400 -0.00552500 0.10373200
v 0.27370400 -0.00552500 0.10373200
v 0.27840300 -0.00552500 0.10268500
v 0.27840300 -0.00552500 0.10268500
v 0.28286500 -0.00552500 0.10087400
v 0.28286500 -0.00552500 0.10087400
v 0.28696500 -0.00552500 0.09835100
v 0.28696500 -0.00552500 0.09835100
v 0.29059200 -0.00552500 0.09518400
v 0.29059200 -0.00552500 0.09518400
v 0.29364400 -0.00552500 0.09146000
v 0.29364400 -0.00552500 0.09146000
v 0.29603900 -0.00552500 0.08728300
v 0.29603900 -0.00552500 0.08728300
v 0.29770900 -0.00552500 0.08276700
v 0.29770900 -0.00552500 0.08276700
v 0.29860900 -0.00552500 0.07803700
v 0.29860900 -0.00552500 0.07803700
v 0.29871400 -0.00552500 0.07322300
v 0.29871400 -0.00552500 0.07322300
v 0.29802100 -0.00552500 0.06845800
v 0.29802100 -0.00552500 0.06845800
v 0.29654900 -0.00552500 0.06387400
v 0.29654900 -0.00552500 0.06387400
v 0.29433900 -0.00552500 0.05959600
v 0.29433900 -0.00552500 0.05959600
v 0.29145200 -0.00552500 0.05574300
v 0.29145200 -0.00552500 0.05574300
v 0.28796700 -0.00552500 0.05242100
v 0.28796700 -0.00552500 0.05242100
v 0.28398000 -0.00552500 0.04972100
v 0.28398000 -0.00552500 0.04972100
v 0.27960100 -0.00552500 0.04771800
v 0.27960100 -0.00552500 0.04771800
v 0.27495200 -0.00552500 0.04646700
v 0.27495200 -0.00552500 0.04646700
v 0.27015900 -0.00552500 0.04600300
v 0.27015900 -0.00552500 0.04600300
v 0.26535600 -0.00552500 0.04633800
v 0.26535600 -0.00552500 0.04633800
v 0.26535600 -0.00552500 0.04633800
v 0.03981700 -0.05858700 0.09742200
v 0.03981700 -0.05858700 0.09742200
v 0.03981700 -0.05858700 0.09742200
v 0.03981700 -0.05858700 0.09742200
v 0.26902300 -0.05858700 0.10917100
v 0.26902300 -0.05858700 0.10917100
v 0.26902300 -0.05858700 0.10917100
v 0.26902300 -0.05858700 0.10917100
v 0.26517100 -0.05858800 0.10889100
v 0.26517100 -0.05858800 0.10889100
v 0.26072900 -0.05859400 0.10825000
v 0.26072900 -0.05859400 0.10825000
v 0.25816800 -0.05859900 0.10781000
v 0.25816800 -0.05859900 0.10781000
v 0.25531300 -0.05860700 0.10729800
v 0.25531300 -0.05860700 0.10729800
v 0.25211600 -0.05861800 0.10671800
v 0.25211600 -0.05861800 0.10671800
v 0.24852900 -0.05863100 0.10607100
v 0.24852900 -0.05863100 0.10607100
v 0.24492800 -0.05864600 0.10543100
v 0.24492800 -0.05864600 0.10543100
v 0.24093900 -0.05866300 0.10474000
v 0.24093900 -0.05866300 0.10474000
v 0.23194100 -0.05870400 0.10325400
v 0.23194100 -0.05870400 0.10325400
v 0.21367700 -0.05878200 0.10052700
v 0.21367700 -0.05878200 0.10052700
v 0.19567900 -0.05884000 0.09818600
v 0.19567900 -0.05884000 0.09818600
v 0.17812100 -0.05887000 0.09621500
v 0.17812100 -0.05887000 0.09621500
v 0.16117800 -0.05887900 0.09463100
v 0.16117800 -0.05887900 0.09463100
v 0.15299100 -0.05887900 0.09399400
v 0.15299100 -0.05887900 0.09399400
v 0.14502500 -0.05887800 0.09346200
v 0.14502500 -0.05887800 0.09346200
v 0.13730200 -0.05887600 0.09303200
v 0.13730200 -0.05887600 0.09303200
v 0.12984400 -0.05887000 0.09269600
v 0.12984400 -0.05887000 0.09269600
v 0.12267500 -0.05886000 0.09245100
v 0.12267500 -0.05886000 0.09245100
v 0.11580800 -0.05884700 0.09229100
v 0.11580800 -0.05884700 0.09229100
v 0.10270700 -0.05881000 0.09221200
v 0.10270700 -0.05881000 0.09221200
v 0.09035100 -0.05876300 0.09245400
v 0.09035100 -0.05876300 0.09245400
v 0.07868500 -0.05871000 0.09303800
v 0.07868500 -0.05871000 0.09303800
v 0.06766400 -0.05865900 0.09398900
v 0.06766400 -0.05865900 0.09398900
v 0.06264800 -0.05863700 0.09457500
v 0.06264800 -0.05863700 0.09457500
v 0.05823300 -0.05862000 0.09517300
v 0.05823300 -0.05862000 0.09517300
v 0.05433300 -0.05860700 0.09575800
v 0.05433300 -0.05860700 0.09575800
v 0.05087400 -0.05859800 0.09630000
v 0.05087400 -0.05859800 0.09630000
v 0.04777300 -0.05859200 0.09677300
v 0.04777300 -0.05859200 0.09677300
v 0.04495000 -0.05858900 0.09714400
v 0.04495000 -0.05858900 0.09714400
v 0.23827200 -0.06210300 0.10228700
v 0.18456500 -0.06219600 0.09456300
v 0.17388600 -0.06220200 0.09343400
v 0.06815600 -0.06209600 0.09198600
v 0.07775400 -0.06211800 0.09105400
v 0.04339400 -0.06205800 0.09557200
v 0.04734900 -0.06206000 0.09508400
v 0.04996600 -0.06206300 0.09467200
v 0.05286100 -0.06206700 0.09419200
v 0.05608100 -0.06207200 0.09366400
v 0.05967100 -0.06207800 0.09310700
v 0.06368200 -0.06208600 0.09254100
v 0.08783500 -0.06214100 0.09041100
v 0.09842000 -0.06216200 0.09004300
v 0.10955000 -0.06218000 0.08993900
v 0.12125900 -0.06219300 0.09009400
v 0.12754900 -0.06219800 0.09027600
v 0.13407000 -0.06220100 0.09053200
v 0.14350500 -0.06220400 0.09101800
v 0.15331400 -0.06220400 0.09166000
v 0.16345600 -0.06220400 0.09246600
v 0.19545200 -0.06218500 0.09585000
v 0.20650300 -0.06216900 0.09729700
v 0.21768000 -0.06214800 0.09890700
v 0.23415000 -0.06211200 0.10156500
v 0.24214400 -0.06209400 0.10298500
v 0.24567700 -0.06208700 0.10364000
v 0.24889700 -0.06208000 0.10424900
v 0.25359400 -0.06207200 0.10515000
v 0.25761300 -0.06206500 0.10591700
v 0.26103600 -0.06206100 0.10653800
v 0.26405200 -0.06205900 0.10701400
v 0.26667100 -0.06205800 0.10731900
v 0.03506400 -0.05858700 0.09690200
v 0.03506400 -0.05858700 0.09690200
v 0.03047400 -0.05858700 0.09556400
v 0.03047400 -0.05858700 0.09556400
v 0.02618600 -0.05858700 0.09344900
v 0.02618600 -0.05858700 0.09344900
v 0.02233000 -0.05858700 0.09062200
v 0.02233000 -0.05858700 0.09062200
v 0.01902400 -0.05858700 0.08716900
v 0.01902400 -0.05858700 0.08716900
v 0.01636700 -0.05858700 0.08319300
v 0.01636700 -0.05858700 0.08319300
v 0.01444200 -0.05858700 0.07881700
v 0.01444200 -0.05858700 0.07881700
v 0.01330500 -0.05858700 0.07417300
v 0.01330500 -0.05858700 0.07417300
v 0.01299200 -0.05858700 0.06940200
v 0.01299200 -0.05858700 0.06940200
v 0.01351300 -0.05858700 0.06464900
v 0.01351300 -0.05858700 0.06464900
v 0.01485100 -0.05858700 0.06005900
v 0.01485100 -0.05858700 0.06005900
v 0.01696500 -0.05858700 0.05577100
v 0.01696500 -0.05858700 0.05577100
v 0.01979200 -0.05858700 0.05191500
v 0.01979200 -0.05858700 0.05191500
v 0.02324600 -0.05858700 0.04860900
v 0.02324600 -0.05858700 0.04860900
v 0.02722100 -0.05858700 0.04595300
v 0.02722100 -0.05858700 0.04595300
v 0.03159700 -0.05858700 0.04402700
v 0.03159700 -0.05858700 0.04402700
v 0.03624100 -0.05858700 0.04289100
v 0.03624100 -0.05858700 0.04289100
v 0.27585000 -0.05858700 0.04136700
v 0.27585000 -0.05858700 0.04136700
v 0.28103600 -0.05858700 0.04273200
v 0.28103600 -0.05858700 0.04273200
v 0.28594500 -0.05858700 0.04489200
v 0.28594500 -0.05858700 0.04489200
v 0.29045600 -0.05858700 0.04779300
v 0.29045600 -0.05858700 0.04779300
v 0.29445700 -0.05858700 0.05136400
v 0.29445700 -0.05858700 0.05136400
v 0.29785100 -0.05858700 0.05551800
v 0.29785100 -0.05858700 0.05551800
v 0.30055300 -0.05858700 0.06015100
v 0.30055300 -0.05858700 0.06015100
v 0.30249700 -0.05858700 0.06514900
v 0.30249700 -0.05858700 0.06514900
v 0.30363500 -0.05858700 0.07039000
v 0.30363500 -0.05858700 0.07039000
v 0.30393900 -0.05858700 0.07574500
v 0.30393900 -0.05858700 0.07574500
v 0.30340200 -0.05858700 0.08108100
v 0.30340200 -0.05858700 0.08108100
v 0.30203600 -0.05858700 0.08626800
v 0.30203600 -0.05858700 0.08626800
v 0.29987600 -0.05858700 0.09117700
v 0.29987600 -0.05858700 0.09117700
v 0.29697500 -0.05858700 0.09568800
v 0.29697500 -0.05858700 0.09568800
v 0.29340400 -0.05858700 0.09968900
v 0.29340400 -0.05858700 0.09968900
v 0.28925100 -0.05858700 0.10308200
v 0.28925100 -0.05858700 0.10308200
v 0.28461800 -0.05858700 0.10578400
v 0.28461800 -0.05858700 0.10578400
v 0.27961900 -0.05858700 0.10772800
v 0.27961900 -0.05858700 0.10772800
v 0.27437800 -0.05858700 0.10886600
v 0.27437800 -0.05858700 0.10886600
v 0.23534200 -0.06211000 0.04690700
v 0.23949100 -0.06210100 0.04636600
v 0.18549900 -0.06219400 0.05174100
v 0.17478100 -0.06220000 0.05240400
v 0.10794000 -0.06217500 0.05298600
v 0.09467900 -0.06215100 0.05218000
v 0.04346100 -0.06205600 0.04445600
v 0.04611200 -0.06205700 0.04482100
v 0.04902300 -0.06205900 0.04535600
v 0.05228000 -0.06206200 0.04602900
v 0.05596900 -0.06206800 0.04680600
v 0.06018000 -0.06207500 0.04765900
v 0.06500400 -0.06208500 0.04855700
v 0.07048300 -0.06209700 0.04946200
v 0.08221100 -0.06212400 0.05101300
v 0.10120600 -0.06216400 0.05262600
v 0.11488500 -0.06218400 0.05325900
v 0.12205800 -0.06219100 0.05344700
v 0.12835000 -0.06219600 0.05353900
v 0.13487600 -0.06219900 0.05356700
v 0.14432300 -0.06220200 0.05349300
v 0.15415100 -0.06220200 0.05327900
v 0.16431800 -0.06220200 0.05291600
v 0.19643100 -0.06218300 0.05092900
v 0.20753500 -0.06216700 0.04996500
v 0.21877100 -0.06214600 0.04884400
v 0.24338900 -0.06209200 0.04583600
v 0.24694800 -0.06208500 0.04533700
v 0.25019100 -0.06207800 0.04486900
v 0.25419100 -0.06207100 0.04428000
v 0.25770300 -0.06206500 0.04376300
v 0.26078800 -0.06206100 0.04332500
v 0.26351100 -0.06205800 0.04297600
v 0.26723700 -0.06205600 0.04262300
v 0.03980100 -0.05091900 0.09816300
v 0.03980100 -0.05091900 0.09816300
v 0.03979100 -0.04322800 0.09860800
v 0.03979100 -0.04322800 0.09860800
v 0.03608900 -0.04707500 0.04190200
v 0.03127600 -0.04707500 0.04308000
v 0.02674000 -0.04707500 0.04507600
v 0.02262000 -0.04707500 0.04782900
v 0.01904000 -0.04707500 0.05125600
v 0.01611000 -0.04707500 0.05525200
v 0.01391800 -0.04707500 0.05969700
v 0.01253200 -0.04707500 0.06445400
v 0.01199200 -0.04707500 0.06938000
v 0.01231600 -0.04707500 0.07432500
v 0.01349400 -0.04707500 0.07913900
v 0.01549000 -0.04707500 0.08367500
v 0.01824400 -0.04707500 0.08779500
v 0.02167000 -0.04707500 0.09137400
v 0.02566700 -0.04707500 0.09430500
v 0.03011100 -0.04707500 0.09649600
v 0.03486900 -0.04707500 0.09788300
v 0.26900200 -0.04707500 0.11017100
v 0.26900200 -0.04707500 0.11017100
v 0.26899400 -0.03552500 0.11050400
v 0.26899400 -0.03552500 0.11050400
v 0.26900200 -0.02397500 0.11017100
v 0.26900200 -0.02397500 0.11017100
v 0.26902300 -0.01246300 0.10917100
v 0.26902300 -0.01246300 0.10917100
v 0.26902300 -0.01246300 0.10917100
v 0.26902300 -0.01246300 0.10917100
v 0.26508000 -0.01246200 0.10888100
v 0.26508000 -0.01246200 0.10888100
v 0.26061300 -0.01245600 0.10823000
v 0.26061300 -0.01245600 0.10823000
v 0.25804300 -0.01245000 0.10778800
v 0.25804300 -0.01245000 0.10778800
v 0.25519200 -0.01244200 0.10727700
v 0.25519200 -0.01244200 0.10727700
v 0.25202800 -0.01243200 0.10670200
v 0.25202800 -0.01243200 0.10670200
v 0.24852900 -0.01241900 0.10607100
v 0.24852900 -0.01241900 0.10607100
v 0.24244600 -0.01239300 0.10499900
v 0.24244600 -0.01239300 0.10499900
v 0.22770300 -0.02872600 0.10481700
v 0.22770300 -0.02872600 0.10481700
v 0.22641600 -0.03042300 0.10474300
v 0.22641600 -0.03042300 0.10474300
v 0.22490600 -0.03191700 0.10461200
v 0.22490600 -0.03191700 0.10461200
v 0.22320100 -0.03318200 0.10443400
v 0.22320100 -0.03318200 0.10443400
v 0.22133800 -0.03419200 0.10422300
v 0.22133800 -0.03419200 0.10422300
v 0.21935500 -0.03492700 0.10398800
v 0.21935500 -0.03492700 0.10398800
v 0.21728400 -0.03537500 0.10374000
v 0.21728400 -0.03537500 0.10374000
v 0.26376400 -0.05578200 0.10902800
v 0.26376400 -0.01530000 0.10903100
v 0.25817100 -0.01529100 0.10815600
v 0.24392200 -0.01524400 0.10570500
v 0.23553400 -0.05586700 0.10434400
v 0.22712300 -0.05589400 0.10306500
v 0.20780700 -0.05594200 0.10040600
v 0.10508500 -0.05595200 0.09289300
v 0.09175500 -0.05592400 0.09303400
v 0.07976500 -0.05589000 0.09351400
v 0.07048400 -0.05585900 0.09418400
v 0.05877800 -0.05581700 0.09548600
v 0.04444100 -0.05578300 0.09751100
v 0.04442300 -0.04942200 0.09806700
v 0.04441200 -0.04304900 0.09841500
v 0.04953300 -0.05579000 0.09683900
v 0.04950800 -0.04942800 0.09743000
v 0.04949300 -0.04305200 0.09780000
v 0.05237200 -0.05579700 0.09641200
v 0.05234300 -0.04943500 0.09703100
v 0.05232500 -0.04305700 0.09742000
v 0.05544700 -0.05580600 0.09595400
v 0.05541400 -0.04944400 0.09661000
v 0.05539300 -0.04306200 0.09702100
v 0.05874000 -0.04945400 0.09618300
v 0.05871600 -0.04306900 0.09662100
v 0.06628700 -0.05584400 0.09458700
v 0.06623900 -0.04948100 0.09538400
v 0.06620800 -0.04308700 0.09588400
v 0.06231600 -0.04307800 0.09623700
v 0.06234300 -0.04946700 0.09577000
v 0.06238500 -0.05583000 0.09502400
v 0.07043100 -0.04949600 0.09503600
v 0.07039700 -0.04309700 0.09557200
v 0.07970100 -0.04952800 0.09448200
v 0.07966000 -0.04311700 0.09508900
v 0.07488100 -0.04310700 0.09530400
v 0.07491800 -0.04951200 0.09473300
v 0.07497800 -0.05587400 0.09382300
v 0.09167900 -0.04956200 0.09412700
v 0.09163100 -0.04314000 0.09481400
v 0.08546600 -0.04312900 0.09491400
v 0.08551000 -0.04954500 0.09426500
v 0.08558100 -0.05590700 0.09323300
v 0.10499900 -0.04959100 0.09409100
v 0.10494500 -0.04315900 0.09484400
v 0.09813200 -0.04315000 0.09479100
v 0.09818300 -0.04957800 0.09406800
v 0.09826500 -0.05593900 0.09291900
v 0.11952800 -0.05597100 0.09310900
v 0.11943500 -0.04961100 0.09437900
v 0.11937600 -0.04317200 0.09517900
v 0.11203900 -0.04316600 0.09497400
v 0.11209600 -0.04960200 0.09419500
v 0.11218600 -0.05596300 0.09295700
v 0.13477900 -0.05598100 0.09367600
v 0.13468200 -0.04962100 0.09498400
v 0.13462000 -0.04317800 0.09580800
v 0.15049800 -0.05598400 0.09459200
v 0.15040000 -0.04962300 0.09591000
v 0.15033800 -0.04318000 0.09674000
v 0.16633000 -0.05598300 0.09585100
v 0.16623200 -0.04962200 0.09716700
v 0.16617000 -0.04317900 0.09799500
v 0.18199000 -0.05597700 0.09738200
v 0.18189500 -0.04961600 0.09867400
v 0.18183500 -0.04317500 0.09948800
v 0.19717600 -0.05596100 0.09908900
v 0.19708600 -0.04960000 0.10032300
v 0.19702900 -0.04316500 0.10109900
v 0.20767000 -0.04315200 0.10230600
v 0.20772300 -0.04958100 0.10157200
v 0.21783900 -0.05592000 0.10174200
v 0.21776200 -0.04955800 0.10282500
v 0.21771400 -0.04313700 0.10350600
v 0.21769400 -0.03552500 0.10378900
v 0.23138000 -0.02154900 0.10465400
v 0.23134000 -0.02794000 0.10524200
v 0.23132300 -0.03552500 0.10548700
v 0.23134000 -0.04311000 0.10524200
v 0.23138000 -0.04951700 0.10465200
v 0.23144400 -0.05588000 0.10371200
v 0.23546800 -0.04950300 0.10523300
v 0.23542500 -0.04310100 0.10579100
v 0.23540200 -0.03552500 0.10602200
v 0.23541000 -0.02794900 0.10578900
v 0.23544100 -0.02156200 0.10523100
v 0.23549300 -0.01521500 0.10434300
v 0.23988700 -0.01523000 0.10504200
v 0.23983300 -0.02157800 0.10587400
v 0.23979900 -0.02795900 0.10639700
v 0.23978500 -0.03552500 0.10661400
v 0.23979900 -0.04309100 0.10639700
v 0.23983300 -0.04948800 0.10587200
v 0.23988700 -0.05585200 0.10503700
v 0.24392300 -0.05583800 0.10570100
v 0.24387400 -0.04947400 0.10648300
v 0.24384300 -0.04308200 0.10697400
v 0.24383100 -0.03552500 0.10717700
v 0.24384300 -0.02796800 0.10697400
v 0.24387400 -0.02159200 0.10648400
v 0.24764100 -0.05582500 0.10632800
v 0.24759700 -0.04946100 0.10706100
v 0.24756900 -0.04307300 0.10752100
v 0.24755800 -0.03552500 0.10771100
v 0.24756900 -0.02797700 0.10752100
v 0.24759700 -0.02160500 0.10706200
v 0.24764000 -0.01525700 0.10633200
v 0.25104300 -0.05581300 0.10691400
v 0.25100400 -0.04944900 0.10760300
v 0.25097900 -0.04306500 0.10803400
v 0.25096900 -0.03552500 0.10821300
v 0.25097900 -0.02798500 0.10803400
v 0.25100400 -0.02161700 0.10760400
v 0.25104200 -0.01526900 0.10691900
v 0.25482500 -0.05580100 0.10757400
v 0.25479100 -0.04943700 0.10821500
v 0.25477000 -0.04305800 0.10861600
v 0.25476200 -0.03552500 0.10878200
v 0.25477000 -0.02799200 0.10861600
v 0.25479100 -0.02162900 0.10821600
v 0.25482400 -0.01528100 0.10757800
v 0.25815300 -0.05579100 0.10814900
v 0.25812700 -0.04942800 0.10875300
v 0.25811200 -0.04305200 0.10913100
v 0.25810800 -0.03552500 0.10928800
v 0.25811900 -0.02799800 0.10913200
v 0.25814000 -0.02163800 0.10875600
v 0.26113000 -0.05578500 0.10864100
v 0.26110600 -0.04942200 0.10921500
v 0.26109100 -0.04304900 0.10957600
v 0.26108500 -0.03552500 0.10972500
v 0.26109100 -0.02800100 0.10957600
v 0.26110600 -0.02164400 0.10921700
v 0.26113000 -0.01529700 0.10864400
v 0.26374400 -0.02164600 0.10958600
v 0.26373100 -0.02800200 0.10993400
v 0.26372600 -0.03552500 0.11007800
v 0.26373100 -0.04304800 0.10993400
v 0.26374400 -0.04942000 0.10958500
v 0.26647500 -0.05578100 0.10933400
v 0.26645900 -0.04942100 0.10988100
v 0.26644900 -0.04304900 0.11022400
v 0.26644500 -0.03552500 0.11036600
v 0.26644900 -0.02800100 0.11022400
v 0.26645900 -0.02164500 0.10988200
v 0.26647500 -0.01530100 0.10933700
v 0.22699400 -0.03552500 0.10493400
v 0.22701100 -0.04311900 0.10467600
v 0.22705400 -0.04953100 0.10405400
v 0.26909800 -0.00552500 0.10574300
v 0.26909800 -0.00552500 0.10574300
v 0.26909800 -0.00552500 0.10574300
v 0.26548900 -0.00552500 0.10547100
v 0.26548900 -0.00552500 0.10547100
v 0.26347000 -0.00552500 0.10518700
v 0.26347000 -0.00552500 0.10518700
v 0.26122500 -0.00552500 0.10480700
v 0.26122500 -0.00552500 0.10480700
v 0.25871100 -0.00552500 0.10433400
v 0.25871100 -0.00552500 0.10433400
v 0.25589500 -0.00552500 0.10377500
v 0.25589500 -0.00552500 0.10377500
v 0.25275200 -0.00552500 0.10313700
v 0.25275200 -0.00552500 0.10313700
v 0.24926300 -0.00552500 0.10242900
v 0.24926300 -0.00552500 0.10242900
v 0.24431600 -0.00552500 0.10144200
v 0.24431600 -0.00552500 0.10144200
v 0.26691100 -0.00899400 0.10734200
v 0.26324300 -0.00899200 0.10689800
v 0.24281500 -0.00895900 0.10311000
v 0.24889600 -0.00897200 0.10425000
v 0.25020200 -0.00897400 0.10449900
v 0.25252400 -0.00897800 0.10494500
v 0.25564700 -0.00898400 0.10554600
v 0.25845400 -0.00898800 0.10607500
v 0.26097400 -0.00899000 0.10652800
v 0.26530700 -0.00899300 0.10717900
v 0.27043900 -0.00552500 0.04425700
v 0.27043900 -0.00552500 0.04425700
v 0.27043900 -0.00552500 0.04425700
v 0.27549000 -0.00552500 0.04478700
v 0.27549000 -0.00552500 0.04478700
v 0.28038400 -0.00552500 0.04614100
v 0.28038400 -0.00552500 0.04614100
v 0.28499000 -0.00552500 0.04828200
v 0.28499000 -0.00552500 0.04828200
v 0.28918000 -0.00552500 0.05115100
v 0.28918000 -0.00552500 0.05115100
v 0.29284000 -0.00552500 0.05467200
v 0.29284000 -0.00552500 0.05467200
v 0.29587200 -0.00552500 0.05874600
v 0.29587200 -0.00552500 0.05874600
v 0.29819100 -0.00552500 0.06326500
v 0.29819100 -0.00552500 0.06326500
v 0.29973500 -0.00552500 0.06810300
v 0.29973500 -0.00552500 0.06810300
v 0.30046100 -0.00552500 0.07312900
v 0.30046100 -0.00552500 0.07312900
v 0.30035100 -0.00552500 0.07820700
v 0.30035100 -0.00552500 0.07820700
v 0.29940600 -0.00552500 0.08319700
v 0.29940600 -0.00552500 0.08319700
v 0.29765300 -0.00552500 0.08796300
v 0.29765300 -0.00552500 0.08796300
v 0.29513900 -0.00552500 0.09237600
v 0.29513900 -0.00552500 0.09237600
v 0.29193300 -0.00552500 0.09631500
v 0.29193300 -0.00552500 0.09631500
v 0.28812200 -0.00552500 0.09967200
v 0.28812200 -0.00552500 0.09967200
v 0.28381100 -0.00552500 0.10235600
v 0.28381100 -0.00552500 0.10235600
v 0.27911700 -0.00552500 0.10429500
v 0.27911700 -0.00552500 0.10429500
v 0.27416700 -0.00552500 0.10543400
v 0.27416700 -0.00552500 0.10543400
v 0.27437800 -0.01246300 0.10886600
v 0.27437800 -0.01246300 0.10886600
v 0.27961900 -0.01246300 0.10772800
v 0.27961900 -0.01246300 0.10772800
v 0.28461800 -0.01246300 0.10578400
v 0.28461800 -0.01246300 0.10578400
v 0.28925100 -0.01246300 0.10308200
v 0.28925100 -0.01246300 0.10308200
v 0.29340400 -0.01246300 0.09968900
v 0.29340400 -0.01246300 0.09968900
v 0.29697500 -0.01246300 0.09568800
v 0.29697500 -0.01246300 0.09568800
v 0.29987600 -0.01246300 0.09117700
v 0.29987600 -0.01246300 0.09117700
v 0.30203600 -0.01246300 0.08626800
v 0.30203600 -0.01246300 0.08626800
v 0.30340200 -0.01246300 0.08108100
v 0.30340200 -0.01246300 0.08108100
v 0.30393900 -0.01246300 0.07574500
v 0.30393900 -0.01246300 0.07574500
v 0.30363500 -0.01246300 0.07039000
v 0.30363500 -0.01246300 0.07039000
v 0.30249700 -0.01246300 0.06514900
v 0.30249700 -0.01246300 0.06514900
v 0.30055300 -0.01246300 0.06015100
v 0.30055300 -0.01246300 0.06015100
v 0.29785100 -0.01246300 0.05551800
v 0.29785100 -0.01246300 0.05551800
v 0.29445700 -0.01246300 0.05136400
v 0.29445700 -0.01246300 0.05136400
v 0.29045600 -0.01246300 0.04779300
v 0.29045600 -0.01246300 0.04779300
v 0.28594500 -0.01246300 0.04489200
v 0.28594500 -0.01246300 0.04489200
v 0.28103600 -0.01246300 0.04273200
v 0.28103600 -0.01246300 0.04273200
v 0.27585000 -0.01246300 0.04136700
v 0.27585000 -0.01246300 0.04136700
v 0.24549200 -0.00552500 0.04747400
v 0.24549200 -0.00552500 0.04747400
v 0.25047800 -0.00552500 0.04670400
v 0.25047800 -0.00552500 0.04670400
v 0.25399400 -0.00552500 0.04614800
v 0.25399400 -0.00552500 0.04614800
v 0.25716200 -0.00552500 0.04564800
v 0.25716200 -0.00552500 0.04564800
v 0.26000000 -0.00552500 0.04521200
v 0.26000000 -0.00552500 0.04521200
v 0.26253200 -0.00552500 0.04484900
v 0.26253200 -0.00552500 0.04484900
v 0.26479200 -0.00552500 0.04456700
v 0.26479200 -0.00552500 0.04456700
v 0.26682100 -0.00552500 0.04437200
v 0.26682100 -0.00552500 0.04437200
v 0.26832400 -0.00899400 0.04256400
v 0.26464000 -0.00899300 0.04284800
v 0.24406500 -0.00895900 0.04574200
v 0.25019100 -0.00897200 0.04486800
v 0.25150600 -0.00897500 0.04467600
v 0.25384500 -0.00897900 0.04433100
v 0.25699100 -0.00898400 0.04386800
v 0.25981900 -0.00898800 0.04346100
v 0.26235700 -0.00899100 0.04311800
v 0.26671400 -0.00899400 0.04265700
v 0.27602800 -0.02397500 0.04038200
v 0.27608700 -0.03552500 0.04005400
v 0.28136600 -0.02397500 0.04178800
v 0.28147600 -0.03552500 0.04147300
v 0.28136600 -0.04707500 0.04178800
v 0.28641900 -0.02397500 0.04401100
v 0.28657700 -0.03552500 0.04371700
v 0.28641900 -0.04707500 0.04401100
v 0.29106200 -0.02397500 0.04699700
v 0.29126400 -0.03552500 0.04673100
v 0.29106200 -0.04707500 0.04699700
v 0.29518000 -0.02397500 0.05067300
v 0.29542100 -0.03552500 0.05044200
v 0.29518000 -0.04707500 0.05067300
v 0.29867300 -0.02397500 0.05494800
v 0.29894700 -0.03552500 0.05475700
v 0.29867300 -0.04707500 0.05494800
v 0.30145400 -0.02397500 0.05971600
v 0.30175400 -0.03552500 0.05957100
v 0.30145400 -0.04707500 0.05971600
v 0.30345500 -0.02397500 0.06486100
v 0.30377400 -0.03552500 0.06476500
v 0.30345500 -0.04707500 0.06486100
v 0.30462600 -0.02397500 0.07025500
v 0.30495700 -0.03552500 0.07021000
v 0.30462600 -0.04707500 0.07025500
v 0.30493900 -0.02397500 0.07576700
v 0.30527300 -0.03552500 0.07577400
v 0.30493900 -0.04707500 0.07576700
v 0.30438600 -0.02397500 0.08125900
v 0.30471500 -0.03552500 0.08131900
v 0.30438600 -0.04707500 0.08125900
v 0.30298100 -0.02397500 0.08659800
v 0.30329600 -0.03552500 0.08670800
v 0.30298100 -0.04707500 0.08659800
v 0.30075800 -0.02397500 0.09165000
v 0.30105200 -0.03552500 0.09180800
v 0.30075800 -0.04707500 0.09165000
v 0.29777100 -0.02397500 0.09629300
v 0.29803700 -0.03552500 0.09649500
v 0.29777100 -0.04707500 0.09629300
v 0.29409600 -0.02397500 0.10041200
v 0.29432600 -0.03552500 0.10065300
v 0.29409600 -0.04707500 0.10041200
v 0.28982100 -0.02397500 0.10390400
v 0.29001100 -0.03552500 0.10417900
v 0.28982100 -0.04707500 0.10390400
v 0.28505200 -0.02397500 0.10668500
v 0.28519700 -0.03552500 0.10698600
v 0.28505200 -0.04707500 0.10668500
v 0.27990800 -0.02397500 0.10868600
v 0.28000400 -0.03552500 0.10900600
v 0.27990800 -0.04707500 0.10868600
v 0.27451300 -0.02397500 0.10985800
v 0.27455800 -0.03552500 0.11018800
v 0.27451300 -0.04707500 0.10985800
v 0.03643300 -0.04492300 0.04578800
v 0.03205100 -0.04492300 0.04693200
v 0.02795500 -0.04492300 0.04886100
v 0.02428300 -0.04492300 0.05151100
v 0.02116000 -0.04492300 0.05479000
v 0.01869300 -0.04492300 0.05858700
v 0.01696600 -0.04492300 0.06277200
v 0.01603700 -0.04492300 0.06720400
v 0.01593800 -0.04492300 0.07173100
v 0.01667300 -0.04492300 0.07619900
v 0.01821600 -0.04492300 0.08045600
v 0.02051600 -0.04492300 0.08435700
v 0.02349300 -0.04492300 0.08776900
v 0.02704600 -0.04492300 0.09057600
v 0.03105400 -0.04492300 0.09268200
v 0.03538100 -0.04492300 0.09401600
vn -100.00000000 -0.00000000 0.00000000
vn 0.00000000 -100.00000000 -0.00000000
vn -100.00000000 -0.00000000 0.00000000
vn -97.49279100 0.00000000 -22.25209300
vn 0.00000000 -100.00000000 -0.00000000
vn 0.00000000 -100.00000000 -0.00000000
vn -90.09688700 0.00000000 -43.38837400
vn 0.00000000 -100.00000000 -0.00000000
vn -78.18314800 0.00000000 -62.34898000
vn -62.34898000 0.00000000 -78.18314800
vn 0.00000000 -100.00000000 -0.00000000
vn -43.38837400 0.00000000 -90.09688700
vn 0.00000000 -100.00000000 -0.00000000
vn -22.25209300 0.00000000 -97.49279100
vn 0.00000000 -100.00000000 -0.00000000
vn 0.00000000 -100.00000000 -0.00000000
vn -0.00000000 0.00000000 -100.00000000
vn 0.00000000 -100.00000000 -0.00000000
vn 22.25209300 0.00000000 -97.49279100
vn 43.38837400 0.00000000 -90.09688700
vn 0.00000000 -100.00000000 -0.00000000
vn 62.34898000 0.00000000 -78.18314800
vn 0.00000000 -100.00000000 -0.00000000
vn 0.00000000 -100.00000000 -0.00000000
vn 78.18314800 0.00000000 -62.34898000
vn 0.00000000 -100.00000000 -0.00000000
vn 90.09688700 0.00000000 -43.38837400
vn 97.49279100 0.00000000 -22.25209300
vn 0.00000000 -100.00000000 -0.00000000
vn 100.00000000 0.00000000 -0.00000000
vn 0.00000000 -100.00000000 -0.00000000
vn 97.49279100 -0.00000000 22.25209300
vn 0.00000000 -100.00000000 -0.00000000
vn 90.09688700 -0.00000000 43.38837400
vn 0.00000000 -100.00000000 -0.00000000
vn 0.00000000 -100.00000000 -0.00000000
vn 78.18314800 -0.00000000 62.34898000
vn 0.00000000 -100.00000000 -0.00000000
vn 62.34898000 -0.00000000 78.18314800
vn 43.38837400 -0.00000000 90.09688700
vn 0.00000000 -100.00000000 -0.00000000
vn 22.25209300 -0.00000000 97.49279100
vn 0.00000000 -100.00000000 -0.00000000
vn 0.00000000 -0.00000000 100.00000000
vn 0.00000000 -100.00000000 -0.00000000
vn 0.00000000 -100.00000000 -0.00000000
vn -22.25209300 -0.00000000 97.49279100
vn 0.00000000 -100.00000000 -0.00000000
vn -43.38837400 -0.00000000 90.09688700
vn 0.00000000 -100.00000000 -0.00000000
vn -62.34898000 -0.00000000 78.18314800
vn -78.18314800 -0.00000000 62.34898000
vn 0.00000000 -100.00000000 -0.00000000
vn -90.09688700 -0.00000000 43.38837400
vn 0.00000000 -100.00000000 -0.00000000
vn -97.49279100 -0.00000000 22.25209300
vn 0.00000000 -100.00000000 -0.00000000
vn -100.00000000 -0.00000000 0.00000000
vn 0.00000000 -100.00000000 -0.00000000
vn -100.00000000 -0.00000000 0.00000000
vn 0.00000000 -100.00000000 -0.00000000
vn -97.30448700 -0.00000000 23.06158700
vn 0.00000000 -100.00000000 -0.00000000
vn -89.36326400 -0.00000000 44.87991800
vn -76.60444400 -0.00000000 64.27876100
vn 0.00000000 -100.00000000 -0.00000000
vn -59.71585900 -0.00000000 80.21231900
vn 0.00000000 -100.00000000 -0.00000000
vn 0.00000000 -100.00000000 -0.00000000
vn -39.60797700 -0.00000000 91.82161100
vn 0.00000000 -100.00000000 -0.00000000
vn -17.36481800 -0.00000000 98.48077500
vn 5.81448300 -0.00000000 99.83081600
vn 0.00000000 -100.00000000 -0.00000000
vn 28.68032300 -0.00000000 95.79895100
vn 0.00000000 -100.00000000 -0.00000000
vn 50.00000000 -0.00000000 86.60254000
vn 0.00000000 -100.00000000 -0.00000000
vn 68.62416400 -0.00000000 72.73736400
vn 0.00000000 -100.00000000 -0.00000000
vn 83.54878100 -0.00000000 54.95089800
vn 0.00000000 -100.00000000 -0.00000000
vn 0.00000000 -100.00000000 -0.00000000
vn 93.96926200 -0.00000000 34.20201400
vn 0.00000000 -100.00000000 -0.00000000
vn 99.32383600 -0.00000000 11.60929100
vn 0.00000000 -100.00000000 -0.00000000
vn 99.32383600 0.00000000 -11.60929100
vn 0.00000000 -100.00000000 -0.00000000
vn 93.96926200 0.00000000 -34.20201400
vn 0.00000000 -100.00000000 -0.00000000
vn 83.54878100 0.00000000 -54.95089800
vn 68.62416400 0.00000000 -72.73736400
vn 0.00000000 -100.00000000 -0.00000000
vn 50.00000000 0.00000000 -86.60254000
vn 0.00000000 -100.00000000 -0.00000000
vn 0.00000000 -100.00000000 -0.00000000
vn 28.68032300 0.00000000 -95.79895100
vn 5.81448300 0.00000000 -99.83081600
vn 0.00000000 -100.00000000 -0.00000000
vn 0.00000000 -100.00000000 -0.00000000
vn -17.36481800 0.00000000 -98.48077500
vn -39.60797700 0.00000000 -91.82161100
vn 0.00000000 -100.00000000 -0.00000000
vn -59.71585900 0.00000000 -80.21231900
vn 0.00000000 -100.00000000 -0.00000000
vn 0.00000000 -100.00000000 -0.00000000
vn -76.60444400 0.00000000 -64.27876100
vn 0.00000000 -100.00000000 -0.00000000
vn -89.36326400 0.00000000 -44.87991800
vn -97.30448700 0.00000000 -23.06158700
vn 0.00000000 -100.00000000 -0.00000000
vn -1.95394400 -44.30394200 89.62891700
vn -0.00000000 -100.00000000 -0.00000000
vn -1.95394400 -44.30394200 89.62891700
vn -0.00000000 -100.00000000 -0.00000000
vn -10.65228800 -44.37499000 88.97971100
vn -0.00000000 -100.00000000 -0.00000000
vn -13.71631500 -44.54075300 88.47589500
vn -0.00000000 -100.00000000 -0.00000000
vn -15.76824200 -44.84006700 87.98142400
vn -0.00000000 -100.00000000 -0.00000000
vn -16.97272600 -45.27631500 87.53274800
vn -17.53805400 -45.86112800 87.11586300
vn -0.00000000 -100.00000000 -0.00000000
vn -17.64581900 -46.58861100 86.70713000
vn -0.00000000 -100.00000000 -0.00000000
vn -17.42752900 -47.44173200 86.28767800
vn -0.00000000 -100.00000000 -0.00000000
vn -0.00000000 -100.00000000 -0.00000000
vn -17.02760700 -48.30935000 85.88519800
vn -0.00000000 -100.00000000 -0.00000000
vn -16.49362000 -49.25510500 85.45112700
vn -0.00000000 -100.00000000 -0.00000000
vn -15.18901300 -51.24880100 84.51540800
vn -0.00000000 -100.00000000 -0.00000000
vn -12.71092700 -54.46339800 82.89855600
vn -10.57303600 -56.47747000 81.84440300
vn -0.00000000 -100.00000000 -0.00000000
vn -8.65080600 -57.45786900 81.38646600
vn -0.00000000 -100.00000000 -0.00000000
vn -6.80851200 -57.72592400 81.37175100
vn -0.00000000 -100.00000000 -0.00000000
vn -0.00000000 -100.00000000 -0.00000000
vn -5.87764000 -57.73276000 81.43943600
vn -0.00000000 -100.00000000 -0.00000000
vn -4.93216000 -57.70685600 81.52050400
vn -0.00000000 -100.00000000 -0.00000000
vn -3.96724600 -57.62078600 81.63397500
vn -0.00000000 -100.00000000 -0.00000000
vn -2.97175300 -57.43899400 81.80422100
vn -0.00000000 -100.00000000 -0.00000000
vn -1.94077700 -57.12988900 82.05125900
vn -0.87080600 -56.70531500 82.36351700
vn -0.00000000 -100.00000000 -0.00000000
vn 1.47216800 -55.47108900 83.19129200
vn -0.00000000 -100.00000000 -0.00000000
vn -0.00000000 -100.00000000 -0.00000000
vn 4.21043100 -53.73185400 84.23277300
vn 7.44684500 -51.54526000 85.36762100
vn -0.00000000 -100.00000000 -0.00000000
vn 11.18641100 -49.03893300 86.42943500
vn -0.00000000 -100.00000000 -0.00000000
vn 13.01418100 -47.81396100 86.85882900
vn -0.00000000 -100.00000000 -0.00000000
vn 14.46724200 -46.74015400 87.21271100
vn -0.00000000 -100.00000000 -0.00000000
vn -0.00000000 -100.00000000 -0.00000000
vn 15.33248400 -45.85810600 87.53256000
vn 15.23967500 -45.16577600 87.90793500
vn -0.00000000 -100.00000000 -0.00000000
vn -0.00000000 -100.00000000 -0.00000000
vn 13.74156300 -44.70088400 88.39117800
vn -0.00000000 -100.00000000 -0.00000000
vn 10.56388900 -44.43877000 88.95841700
vn 5.36083900 -44.31089600 89.48634500
vn -0.00000000 -100.00000000 -0.00000000
vn -1.95394400 -44.30394200 89.62891700
vn -0.00000000 -100.00000000 -0.00000000
vn -1.95394400 -44.30394200 89.62891700
vn -0.00000000 -100.00000000 -0.00000000
vn -18.38994400 -44.30394200 87.74377800
vn -34.19969800 -44.30394200 82.87063000
vn -0.00000000 -100.00000000 -0.00000000
vn -48.84482100 -44.30394200 75.17542200
vn -0.00000000 -100.00000000 -0.00000000
vn -61.82659300 -44.30394200 64.92020600
vn -0.00000000 -100.00000000 -0.00000000
vn -72.70293400 -44.30394200 52.45420900
vn -0.00000000 -100.00000000 -0.00000000
vn -0.00000000 -100.00000000 -0.00000000
vn -81.10346400 -44.30394200 38.20194800
vn -86.74211300 -44.30394200 22.64876400
vn -0.00000000 -100.00000000 -0.00000000
vn -0.00000000 -100.00000000 -0.00000000
vn -89.42686300 -44.30394200 6.32430500
vn -89.06628900 -44.30394200 -10.21552200
vn -0.00000000 -100.00000000 -0.00000000
vn -85.67266900 -44.30394200 -26.40747100
vn -0.00000000 -100.00000000 -0.00000000
vn -0.00000000 -100.00000000 -0.00000000
vn -79.36156900 -44.30394200 -41.70014500
vn -70.34790600 -44.30394200 -55.57277100
vn -0.00000000 -100.00000000 -0.00000000
vn -58.93862900 -44.30394200 -67.55293200
vn -0.00000000 -100.00000000 -0.00000000
vn -0.00000000 -100.00000000 -0.00000000
vn -45.52226800 -44.30394200 -77.23266000
vn -0.00000000 -100.00000000 -0.00000000
vn -30.55570100 -44.30394200 -84.28232200
vn -14.54859600 -44.30394200 -88.46185100
vn -0.00000000 -100.00000000 -0.00000000
vn 1.95394400 -44.30394200 -89.62891700
vn 1.95394400 -44.30394200 -89.62891700
vn -0.00000000 -100.00000000 -0.00000000
vn -0.00000000 -100.00000000 -0.00000000
vn 9.19955000 -44.32042300 -89.16876400
vn -0.00000000 -100.00000000 -0.00000000
vn 14.46147700 -44.42960700 -88.41309700
vn 17.61939100 -44.70072900 -87.70063800
vn -0.00000000 -100.00000000 -0.00000000
vn 19.05045600 -45.17049100 -87.15908900
vn -0.00000000 -100.00000000 -0.00000000
vn 19.12658900 -45.85722900 -86.78299500
vn -0.00000000 -100.00000000 -0.00000000
vn 18.25924600 -46.74137300 -86.49765300
vn -0.00000000 -100.00000000 -0.00000000
vn 16.78482500 -47.81074100 -86.21138400
vn -0.00000000 -100.00000000 -0.00000000
vn -0.00000000 -100.00000000 -0.00000000
vn 14.94261400 -49.04015500 -85.85907900
vn -0.00000000 -100.00000000 -0.00000000
vn 11.16026000 -51.54566400 -84.96171600
vn -0.00000000 -100.00000000 -0.00000000
vn 7.87743800 -53.73170700 -83.96933800
vn -0.00000000 -100.00000000 -0.00000000
vn 5.09636400 -55.47122300 -83.04800100
vn 2.71918100 -56.70525300 -82.32326700
vn -0.00000000 -100.00000000 -0.00000000
vn 1.63694100 -57.12991900 -82.05786300
vn -0.00000000 -100.00000000 -0.00000000
vn -0.00000000 -100.00000000 -0.00000000
vn 0.59624600 -57.43898100 -81.85602000
vn -0.40586900 -57.62076300 -81.72932700
vn -0.00000000 -100.00000000 -0.00000000
vn -0.00000000 -100.00000000 -0.00000000
vn -1.37489300 -57.70685000 -81.65800100
vn -2.32302400 -57.73277000 -81.61820200
vn -0.00000000 -100.00000000 -0.00000000
vn -0.00000000 -100.00000000 -0.00000000
vn -3.25592400 -57.72592900 -81.59115200
vn -5.09572300 -57.45786700 -81.68615000
vn -0.00000000 -100.00000000 -0.00000000
vn -6.99619600 -56.47746900 -82.22742100
vn -0.00000000 -100.00000000 -0.00000000
vn -0.00000000 -100.00000000 -0.00000000
vn -9.08607600 -54.46340100 -83.37374400
vn -11.49143900 -51.24880100 -85.09704600
vn -0.00000000 -100.00000000 -0.00000000
vn -0.00000000 -100.00000000 -0.00000000
vn -12.75371100 -49.25513100 -86.08876200
vn -13.26758100 -48.30929600 -86.54584500
vn -0.00000000 -100.00000000 -0.00000000
vn -0.00000000 -100.00000000 -0.00000000
vn -13.65094200 -47.44239200 -86.96477000
vn -0.00000000 -100.00000000 -0.00000000
vn -13.85870300 -46.56631200 -87.40431900
vn -13.73349400 -45.84940400 -87.80218300
vn -0.00000000 -100.00000000 -0.00000000
vn -0.00000000 -100.00000000 -0.00000000
vn -13.13889200 -45.27867700 -88.18849700
vn -11.90633600 -44.84310000 -88.58518800
vn -0.00000000 -100.00000000 -0.00000000
vn -0.00000000 -100.00000000 -0.00000000
vn -9.83590100 -44.53929500 -88.99160800
vn -0.00000000 -100.00000000 -0.00000000
vn -6.76697900 -44.37362800 -89.35988600
vn 1.95394400 -44.30394200 -89.62891700
vn -0.00000000 -100.00000000 -0.00000000
vn 1.95394400 -44.30394200 -89.62891700
vn -0.00000000 -100.00000000 -0.00000000
vn 16.67972900 -44.30394200 -88.08488700
vn 30.95053500 -44.30394200 -84.13813100
vn -0.00000000 -100.00000000 -0.00000000
vn -0.00000000 -100.00000000 -0.00000000
vn 44.37709200 -44.30394200 -77.89630600
vn -0.00000000 -100.00000000 -0.00000000
vn 56.59315600 -44.30394200 -69.52967200
vn -0.00000000 -100.00000000 -0.00000000
vn 67.26550700 -44.30394200 -59.26645100
vn -0.00000000 -100.00000000 -0.00000000
vn 76.10303100 -44.30394200 -47.38659500
vn 82.86466200 -44.30394200 -34.21415700
vn -0.00000000 -100.00000000 -0.00000000
vn -0.00000000 -100.00000000 -0.00000000
vn 87.36596100 -44.30394200 -20.10844500
vn -0.00000000 -100.00000000 -0.00000000
vn 89.48414400 -44.30394200 -5.45422700
vn -0.00000000 -100.00000000 -0.00000000
vn 89.16143400 -44.30394200 9.34876700
vn -0.00000000 -100.00000000 -0.00000000
vn 86.40663100 -44.30394200 23.89675200
vn -0.00000000 -100.00000000 -0.00000000
vn 81.29488100 -44.30394200 37.79289500
vn -0.00000000 -100.00000000 -0.00000000
vn 73.96561900 -44.30394200 50.65814700
vn 64.61876700 -44.30394200 62.14157700
vn -0.00000000 -100.00000000 -0.00000000
vn 53.50928400 -44.30394200 71.92994600
vn -0.00000000 -100.00000000 -0.00000000
vn 40.94020700 -44.30394200 79.75625400
vn -0.00000000 -100.00000000 -0.00000000
vn -0.00000000 -100.00000000 -0.00000000
vn 27.25438800 -44.30394200 85.40702000
vn -0.00000000 -100.00000000 -0.00000000
vn 12.82514100 -44.30394200 88.72810400
vn -70.69388100 -70.71067800 -1.54115300
vn -70.69388100 -70.71067800 -1.54115300
vn -0.00000000 -100.00000000 -0.00000000
vn -70.69388100 -70.71067800 -1.54115300
vn -70.69388100 -70.71067800 -1.54115300
vn -0.00000000 -100.00000000 -0.00000000
vn -65.90240400 -70.71067800 25.62953800
vn -0.00000000 -100.00000000 -0.00000000
vn -0.00000000 -100.00000000 -0.00000000
vn -51.07788200 -70.71067800 48.89836300
vn -28.47721700 -70.71067800 64.72285600
vn -0.00000000 -100.00000000 -0.00000000
vn -1.54115300 -70.71067800 70.69388100
vn -1.54115300 -70.71067800 70.69388100
vn -0.00000000 -100.00000000 -0.00000000
vn -1.54115300 -70.71067800 70.69388100
vn -1.54115300 -70.71067800 70.69388100
vn -0.00000000 -100.00000000 -0.00000000
vn -0.00000000 -100.00000000 -0.00000000
vn 25.62953800 -70.71067800 65.90240400
vn 48.89836300 -70.71067800 51.07788200
vn -0.00000000 -100.00000000 -0.00000000
vn 64.72285600 -70.71067800 28.47721700
vn -0.00000000 -100.00000000 -0.00000000
vn -0.00000000 -100.00000000 -0.00000000
vn 70.69388100 -70.71067800 1.54115300
vn 70.69388100 -70.71067800 1.54115300
vn 70.69388100 -70.71067800 1.54115300
vn 70.69388100 -70.71067800 1.54115300
vn -0.00000000 -100.00000000 -0.00000000
vn 65.90240400 -70.71067800 -25.62953800
vn -0.00000000 -100.00000000 -0.00000000
vn 51.07788200 -70.71067800 -48.89836300
vn -0.00000000 -100.00000000 -0.00000000
vn -0.00000000 -100.00000000 -0.00000000
vn 28.47721700 -70.71067800 -64.72285600
vn 1.54115300 -70.71067800 -70.69388100
vn 1.54115300 -70.71067800 -70.69388100
vn -0.00000000 -100.00000000 -0.00000000
vn 1.54115300 -70.71067800 -70.69388100
vn 1.54115300 -70.71067800 -70.69388100
vn -0.00000000 -100.00000000 -0.00000000
vn -25.62953800 -70.71067800 -65.90240400
vn -0.00000000 -100.00000000 -0.00000000
vn -48.89836300 -70.71067800 -51.07788200
vn -0.00000000 -100.00000000 -0.00000000
vn -64.72285600 -70.71067800 -28.47721700
vn -0.00000000 -100.00000000 -0.00000000
vn -100.00000000 -0.00000000 0.00000000
vn -0.00000000 -100.00000000 -0.00000000
vn -100.00000000 -0.00000000 0.00000000
vn -0.00000000 -100.00000000 -0.00000000
vn -86.60254000 -0.00000000 50.00000000
vn -0.00000000 -100.00000000 -0.00000000
vn -50.00000000 -0.00000000 86.60254000
vn 0.00000000 -0.00000000 100.00000000
vn -0.00000000 -100.00000000 -0.00000000
vn -0.00000000 -100.00000000 -0.00000000
vn 50.00000000 -0.00000000 86.60254000
vn -0.00000000 -100.00000000 -0.00000000
vn 86.60254000 -0.00000000 50.00000000
vn -0.00000000 -100.00000000 -0.00000000
vn 100.00000000 0.00000000 -0.00000000
vn 86.60254000 0.00000000 -50.00000000
vn -0.00000000 -100.00000000 -0.00000000
vn -0.00000000 -100.00000000 -0.00000000
vn 50.00000000 0.00000000 -86.60254000
vn -0.00000000 -100.00000000 -0.00000000
vn -0.00000000 0.00000000 -100.00000000
vn -0.00000000 -100.00000000 -0.00000000
vn -50.00000000 0.00000000 -86.60254000
vn -0.00000000 -100.00000000 -0.00000000
vn -86.60254000 0.00000000 -50.00000000
vn -100.00000000 -0.00000000 0.00000000
vn -0.00000000 -100.00000000 -0.00000000
vn -100.00000000 -0.00000000 0.00000000
vn -86.60254000 -0.00000000 50.00000000
vn -0.00000000 -100.00000000 -0.00000000
vn -0.00000000 -100.00000000 -0.00000000
vn -50.00000000 -0.00000000 86.60254000
vn 0.00000000 -0.00000000 100.00000000
vn -0.00000000 -100.00000000 -0.00000000
vn -0.00000000 -100.00000000 -0.00000000
vn 50.00000000 -0.00000000 86.60254000
vn 86.60254000 -0.00000000 50.00000000
vn -0.00000000 -100.00000000 -0.00000000
vn 100.00000000 0.00000000 -0.00000000
vn -0.00000000 -100.00000000 -0.00000000
vn -0.00000000 -100.00000000 -0.00000000
vn 86.60254000 0.00000000 -50.00000000
vn -0.00000000 -100.00000000 -0.00000000
vn 50.00000000 0.00000000 -86.60254000
vn -0.00000000 0.00000000 -100.00000000
vn -0.00000000 -100.00000000 -0.00000000
vn -0.00000000 -100.00000000 -0.00000000
vn -50.00000000 0.00000000 -86.60254000
vn -86.60254000 0.00000000 -50.00000000
vn -0.00000000 -100.00000000 -0.00000000
vn -100.00000000 -0.00000000 0.00000000
vn -100.00000000 -0.00000000 0.00000000
vn -0.00000000 -100.00000000 -0.00000000
vn -86.60254000 -0.00000000 50.00000000
vn -0.00000000 -100.00000000 -0.00000000
vn -0.00000000 -100.00000000 -0.00000000
vn -50.00000000 -0.00000000 86.60254000
vn 0.00000000 -0.00000000 100.00000000
vn -0.00000000 -100.00000000 -0.00000000
vn -0.00000000 -100.00000000 -0.00000000
vn 50.00000000 -0.00000000 86.60254000
vn -0.00000000 -100.00000000 -0.00000000
vn 86.60254000 -0.00000000 50.00000000
vn 100.00000000 0.00000000 -0.00000000
vn -0.00000000 -100.00000000 -0.00000000
vn 86.60254000 0.00000000 -50.00000000
vn -0.00000000 -100.00000000 -0.00000000
vn -0.00000000 -100.00000000 -0.00000000
vn 50.00000000 0.00000000 -86.60254000
vn -0.00000000 -100.00000000 -0.00000000
vn -0.00000000 0.00000000 -100.00000000
vn -0.00000000 -100.00000000 -0.00000000
vn -50.00000000 0.00000000 -86.60254000
vn -86.60254000 0.00000000 -50.00000000
vn -0.00000000 -100.00000000 -0.00000000
vn -0.00000000 -100.00000000 -0.00000000
vn -100.00000000 -0.00000000 0.00000000
vn -100.00000000 -0.00000000 0.00000000
vn -0.00000000 -100.00000000 -0.00000000
vn -97.49279100 -0.00000000 22.25209300
vn -90.09688700 -0.00000000 43.38837400
vn -0.00000000 -100.00000000 -0.00000000
vn -0.00000000 -100.00000000 -0.00000000
vn -78.18314800 -0.00000000 62.34898000
vn -0.00000000 -100.00000000 -0.00000000
vn -62.34898000 -0.00000000 78.18314800
vn -43.38837400 -0.00000000 90.09688700
vn -0.00000000 -100.00000000 -0.00000000
vn -22.25209300 -0.00000000 97.49279100
vn -0.00000000 -100.00000000 -0.00000000
vn 0.00000000 -0.00000000 100.00000000
vn -0.00000000 -100.00000000 -0.00000000
vn -0.00000000 -100.00000000 -0.00000000
vn 22.25209300 -0.00000000 97.49279100
vn -0.00000000 -100.00000000 -0.00000000
vn 43.38837400 -0.00000000 90.09688700
vn -0.00000000 -100.00000000 -0.00000000
vn 62.34898000 -0.00000000 78.18314800
vn 78.18314800 -0.00000000 62.34898000
vn -0.00000000 -100.00000000 -0.00000000
vn 90.09688700 -0.00000000 43.38837400
vn -0.00000000 -100.00000000 -0.00000000
vn 97.49279100 -0.00000000 22.25209300
vn -0.00000000 -100.00000000 -0.00000000
vn 100.00000000 0.00000000 -0.00000000
vn -0.00000000 -100.00000000 -0.00000000
vn 97.49279100 0.00000000 -22.25209300
vn -0.00000000 -100.00000000 -0.00000000
vn 90.09688700 0.00000000 -43.38837400
vn -0.00000000 -100.00000000 -0.00000000
vn -0.00000000 -100.00000000 -0.00000000
vn 78.18314800 0.00000000 -62.34898000
vn -0.00000000 -100.00000000 -0.00000000
vn 62.34898000 0.00000000 -78.18314800
vn -0.00000000 -100.00000000 -0.00000000
vn 43.38837400 0.00000000 -90.09688700
vn 22.25209300 0.00000000 -97.49279100
vn -0.00000000 -100.00000000 -0.00000000
vn -0.00000000 -100.00000000 -0.00000000
vn -0.00000000 0.00000000 -100.00000000
vn -22.25209300 0.00000000 -97.49279100
vn -0.00000000 -100.00000000 -0.00000000
vn -0.00000000 -100.00000000 -0.00000000
vn -43.38837400 0.00000000 -90.09688700
vn -0.00000000 -100.00000000 -0.00000000
vn -62.34898000 0.00000000 -78.18314800
vn -0.00000000 -100.00000000 -0.00000000
vn -78.18314800 0.00000000 -62.34898000
vn -0.00000000 -100.00000000 -0.00000000
vn -90.09688700 0.00000000 -43.38837400
vn -97.49279100 0.00000000 -22.25209300
vn -0.00000000 -100.00000000 -0.00000000
vn 0.00000000 -100.00000000 -0.00000000
vn -70.71067800 -70.71067800 -0.00000000
vn -70.71067800 -70.71067800 -0.00000000
vn -68.65595400 -70.71067800 -16.92217300
vn 0.00000000 -100.00000000 -0.00000000
vn 0.00000000 -100.00000000 -0.00000000
vn -62.61119600 -70.71067800 -32.86089100
vn 0.00000000 -100.00000000 -0.00000000
vn -52.92770300 -70.71067800 -46.88985300
vn -40.16824300 -70.71067800 -58.19374700
vn 0.00000000 -100.00000000 -0.00000000
vn 0.00000000 -100.00000000 -0.00000000
vn -25.07435200 -70.71067800 -66.11563300
vn 0.00000000 -100.00000000 -0.00000000
vn -8.52323000 -70.71067800 -70.19511800
vn 0.00000000 -100.00000000 -0.00000000
vn 8.52323000 -70.71067800 -70.19511800
vn 25.07435200 -70.71067800 -66.11563300
vn 0.00000000 -100.00000000 -0.00000000
vn 40.16824300 -70.71067800 -58.19374700
vn 0.00000000 -100.00000000 -0.00000000
vn 52.92770300 -70.71067800 -46.88985300
vn 0.00000000 -100.00000000 -0.00000000
vn 62.61119600 -70.71067800 -32.86089100
vn 0.00000000 -100.00000000 -0.00000000
vn 0.00000000 -100.00000000 -0.00000000
vn 68.65595400 -70.71067800 -16.92217300
vn 70.71067800 -70.71067800 -0.00000000
vn 0.00000000 -100.00000000 -0.00000000
vn 68.65595400 -70.71067800 16.92217300
vn 0.00000000 -100.00000000 -0.00000000
vn 62.61119600 -70.71067800 32.86089100
vn 0.00000000 -100.00000000 -0.00000000
vn 52.92770300 -70.71067800 46.88985300
vn 0.00000000 -100.00000000 -0.00000000
vn 40.16824300 -70.71067800 58.19374700
vn 0.00000000 -100.00000000 -0.00000000
vn 25.07435200 -70.71067800 66.11563300
vn 0.00000000 -100.00000000 -0.00000000
vn 0.00000000 -100.00000000 -0.00000000
vn 8.52323000 -70.71067800 70.19511800
vn -8.52323000 -70.71067800 70.19511800
vn 0.00000000 -100.00000000 -0.00000000
vn -25.07435200 -70.71067800 66.11563300
vn 0.00000000 -100.00000000 -0.00000000
vn 0.00000000 -100.00000000 -0.00000000
vn -40.16824300 -70.71067800 58.19374700
vn 0.00000000 -100.00000000 -0.00000000
vn -52.92770300 -70.71067800 46.88985300
vn 0.00000000 -100.00000000 -0.00000000
vn -62.61119600 -70.71067800 32.86089100
vn 0.00000000 -100.00000000 -0.00000000
vn -68.65595400 -70.71067800 16.92217300
vn 100.00000000 0.00000000 -0.00000000
vn 0.00000000 -100.00000000 -0.00000000
vn 100.00000000 0.00000000 -0.00000000
vn 95.10565200 0.00000000 -30.90169900
vn 0.00000000 -100.00000000 -0.00000000
vn 80.90169900 0.00000000 -58.77852500
vn 0.00000000 -100.00000000 -0.00000000
vn 58.77852500 0.00000000 -80.90169900
vn 0.00000000 -100.00000000 -0.00000000
vn 30.90169900 0.00000000 -95.10565200
vn 0.00000000 -100.00000000 -0.00000000
vn 0.00000000 -100.00000000 -0.00000000
vn -0.00000000 0.00000000 -100.00000000
vn 0.00000000 -100.00000000 -0.00000000
vn -30.90169900 0.00000000 -95.10565200
vn 0.00000000 -100.00000000 -0.00000000
vn -58.77852500 0.00000000 -80.90169900
vn 0.00000000 -100.00000000 -0.00000000
vn -80.90169900 0.00000000 -58.77852500
vn -95.10565200 0.00000000 -30.90169900
vn 0.00000000 -100.00000000 -0.00000000
vn 0.00000000 -100.00000000 -0.00000000
vn -100.00000000 -0.00000000 0.00000000
vn -95.10565200 -0.00000000 30.90169900
vn 0.00000000 -100.00000000 -0.00000000
vn -80.90169900 -0.00000000 58.77852500
vn 0.00000000 -100.00000000 -0.00000000
vn -58.77852500 -0.00000000 80.90169900
vn 0.00000000 -100.00000000 -0.00000000
vn -30.90169900 -0.00000000 95.10565200
vn 0.00000000 -100.00000000 -0.00000000
vn 0.00000000 -100.00000000 -0.00000000
vn 0.00000000 -0.00000000 100.00000000
vn 30.90169900 -0.00000000 95.10565200
vn 0.00000000 -100.00000000 -0.00000000
vn 0.00000000 -100.00000000 -0.00000000
vn 58.77852500 -0.00000000 80.90169900
vn 0.00000000 -100.00000000 -0.00000000
vn 80.90169900 -0.00000000 58.77852500
vn 0.00000000 -100.00000000 -0.00000000
vn 95.10565200 -0.00000000 30.90169900
vn -70.71067800 -70.71067800 -0.00000000
vn -100.00000000 -0.00000000 0.00000000
vn -70.71067800 -70.71067800 -0.00000000
vn -100.00000000 -0.00000000 0.00000000
vn -68.80466300 -70.71067800 -16.30700500
vn -97.30448700 0.00000000 -23.06158700
vn -89.36326400 0.00000000 -44.87991800
vn -63.18937000 -70.71067800 -31.73489400
vn -76.60444400 0.00000000 -64.27876100
vn -54.16752200 -70.71067800 -45.45194800
vn -59.71585900 0.00000000 -80.21231900
vn -42.22548900 -70.71067800 -56.71867500
vn -28.00706900 -70.71067800 -64.92768400
vn -39.60797700 0.00000000 -91.82161100
vn -12.27878000 -70.71067800 -69.63642400
vn -17.36481800 0.00000000 -98.48077500
vn 4.11146000 -70.71067800 -70.59104700
vn 5.81448300 0.00000000 -99.83081600
vn 28.68032300 0.00000000 -95.79895100
vn 20.28005100 -70.71067800 -67.74008800
vn 50.00000000 0.00000000 -86.60254000
vn 35.35533900 -70.71067800 -61.23724400
vn 68.62416400 0.00000000 -72.73736400
vn 48.52461200 -70.71067800 -51.43308300
vn 83.54878100 0.00000000 -54.95089800
vn 59.07791000 -70.71067800 -38.85615200
vn 93.96926200 0.00000000 -34.20201400
vn 66.44630200 -70.71067800 -24.18447600
vn 70.23255800 -70.71067800 -8.20900900
vn 99.32383600 0.00000000 -11.60929100
vn 70.23255800 -70.71067800 8.20900900
vn 99.32383600 -0.00000000 11.60929100
vn 66.44630200 -70.71067800 24.18447600
vn 93.96926200 -0.00000000 34.20201400
vn 83.54878100 -0.00000000 54.95089800
vn 59.07791000 -70.71067800 38.85615200
vn 48.52461200 -70.71067800 51.43308300
vn 68.62416400 -0.00000000 72.73736400
vn 50.00000000 -0.00000000 86.60254000
vn 35.35533900 -70.71067800 61.23724400
vn 20.28005100 -70.71067800 67.74008800
vn 28.68032300 -0.00000000 95.79895100
vn 5.81448300 -0.00000000 99.83081600
vn 4.11146000 -70.71067800 70.59104700
vn -12.27878000 -70.71067800 69.63642400
vn -17.36481800 -0.00000000 98.48077500
vn -28.00706900 -70.71067800 64.92768400
vn -39.60797700 -0.00000000 91.82161100
vn -42.22548900 -70.71067800 56.71867500
vn -59.71585900 -0.00000000 80.21231900
vn -54.16752200 -70.71067800 45.45194800
vn -76.60444400 -0.00000000 64.27876100
vn -63.18937000 -70.71067800 31.73489400
vn -89.36326400 -0.00000000 44.87991800
vn -97.30448700 -0.00000000 23.06158700
vn -68.80466300 -70.71067800 16.30700500
vn -100.00000000 0.00000000 -0.00000000
vn -100.00000000 0.00000000 -0.00000000
vn -100.00000000 0.00000000 -0.00000000
vn -100.00000000 0.00000000 -0.00000000
vn -87.87326500 7.06012600 -47.20639800
vn -87.86249800 7.05727700 -47.22686000
vn -53.91924400 12.44631100 -83.29348400
vn -53.90076900 12.44331300 -83.30588800
vn -7.14961800 14.74229900 -98.64860700
vn -7.14972100 14.74224700 -98.64860700
vn -7.14961800 14.74229900 -98.64860700
vn -6.57160400 12.13687000 -99.04297300
vn -6.57189200 12.13690400 -99.04294900
vn -5.66175300 6.07877200 -99.65436800
vn -5.66233900 6.07871700 -99.65433800
vn -5.43426300 3.04065900 -99.80592800
vn -5.43363700 3.04065100 -99.80596200
vn -5.35750600 -0.00000000 -99.85638300
vn -0.00000000 100.00000000 -0.00000000
vn -5.35817100 0.00000000 -99.85634700
vn -0.00000000 100.00000000 -0.00000000
vn -42.18024500 -0.00002500 -90.66877600
vn -72.19198300 -0.00002000 -69.19767000
vn -0.00000000 100.00000000 -0.00000000
vn -0.00000000 100.00000000 -0.00000000
vn -92.92569000 -0.00000600 -36.94341900
vn -0.00000000 100.00000000 -0.00000000
vn -100.00000000 -0.00000000 0.00000000
vn -100.00000000 -0.00000000 0.00000000
vn -100.00000000 -0.00000000 0.00000000
vn -100.00000000 -0.00000000 0.00000000
vn -100.00000000 -0.00000000 0.00000000
vn -100.00000000 0.00000700 -0.00006900
vn -87.11852900 2.98902400 -49.00436400
vn -87.26887600 5.93867300 -48.46519800
vn -29.27501800 11.62783600 -94.90925500
vn -54.03761800 10.23338100 -83.51774500
vn -75.08019600 8.03462200 -65.56225300
vn -28.84866600 8.73808900 -95.34883500
vn -53.73918200 7.69721400 -83.98126700
vn -74.90956700 6.04736900 -65.96958500
vn -87.18135600 4.47101400 -48.77931200
vn -74.78708400 4.04209900 -66.26125200
vn -53.52509200 5.14242600 -84.31263200
vn -28.54309500 5.83398500 -95.66219900
vn -99.95920000 0.00000000 -2.85627000
vn -99.95920000 0.00000000 -2.85627000
vn 0.00000000 100.00000000 0.00000000
vn 0.00000000 100.00000000 0.00000000
vn -95.76900100 4.15305900 -28.47895000
vn -81.52926300 8.81131300 -57.23058700
vn 0.00000000 100.00000000 0.00000000
vn -49.25529800 13.44750500 -85.98302300
vn 0.00000000 100.00000000 0.00000000
vn -7.34813600 15.56721000 -98.50719200
vn -7.35536500 15.56706000 -98.50667600
vn 0.00000000 100.00000000 0.00000000
vn -7.28572400 15.29211500 -98.55490600
vn -7.28556000 15.29214900 -98.55491300
vn -7.21717600 15.01717900 -98.60221400
vn -7.22401000 15.01710400 -98.60172600
vn -99.99567300 0.00023400 -0.93024000
vn -99.99568900 0.00000000 -0.92849800
vn -99.98231500 0.00000000 -1.88059400
vn -99.98234800 -0.00023700 -1.87884400
vn -29.67113500 14.57613800 -94.37775100
vn -54.05242600 12.76863700 -83.15826600
vn -74.83139300 10.00734400 -65.57526800
vn -86.96459900 7.39495100 -48.81058400
vn 0.00000000 100.00000000 0.00000000
vn -92.08060900 0.00000000 -39.00207000
vn 0.00000000 100.00000000 0.00000000
vn -71.59994800 0.00000000 -69.81008100
vn 0.00000000 100.00000000 0.00000000
vn -41.32018300 0.00000000 -91.06394700
vn 0.00000000 100.00000000 0.00000000
vn -5.38537500 0.00000000 -99.85488300
vn 31.28647100 0.00000000 -94.97977000
vn 0.00000000 100.00000000 0.00000000
vn 63.67647900 0.00000000 -77.10581100
vn 0.00000000 100.00000000 0.00000000
vn 87.35178100 0.00000000 -48.67922000
vn 0.00000000 100.00000000 0.00000000
vn 99.07219600 0.00000000 -13.59043400
vn 99.07219600 0.00000000 -13.59043400
vn 0.00000000 100.00000000 0.00000000
vn 0.00000000 100.00000000 0.00000000
vn 87.64591600 6.76149400 -47.67048900
vn 0.00000000 100.00000000 0.00000000
vn 65.10870700 12.46297200 -74.87009100
vn 0.00000000 100.00000000 0.00000000
vn 32.81355100 16.57681400 -92.99720500
vn -3.32448300 18.39045100 -98.23817500
vn -3.32447800 18.38993500 -98.23827200
vn 0.00000000 100.00000000 0.00000000
vn -1.42728300 19.76745700 -98.01637900
vn 0.00000000 100.00000000 0.00000000
vn 0.00000000 100.00000000 0.00000000
vn 0.18027200 20.91807200 -97.78753400
vn 2.85052200 22.42679100 -97.41105500
vn 0.00000000 100.00000000 0.00000000
vn 0.00000000 100.00000000 0.00000000
vn 5.11488100 23.05788800 -97.17083800
vn 0.00000000 100.00000000 0.00000000
vn 7.23552000 23.19545700 -97.00318600
vn 0.00000000 100.00000000 0.00000000
vn 9.38102300 23.00002700 -96.86586200
vn 0.00000000 100.00000000 0.00000000
vn 11.01151300 22.13409500 -96.89596700
vn 11.01158900 22.13366000 -96.89605800
vn -30.95708600 18.87302200 -93.19585800
vn 0.00000000 100.00000000 0.00000000
vn 0.00000000 100.00000000 0.00000000
vn -66.96914100 12.32891300 -73.23340800
vn -86.50982300 5.83740700 -49.81942500
vn 0.00000000 100.00000000 0.00000000
vn -96.28201200 0.00000000 -27.01433300
vn -96.28201200 0.00000000 -27.01433300
vn 0.00000000 100.00000000 0.00000000
vn -77.86583300 0.00000000 -62.74481700
vn 0.00000000 100.00000000 0.00000000
vn -46.86791400 0.00000000 -88.33684800
vn 0.00000000 100.00000000 0.00000000
vn -8.29696800 0.00000000 -99.65520700
vn 0.00000000 100.00000000 0.00000000
vn 0.00000000 100.00000000 0.00000000
vn 31.61462000 0.00000000 -94.87104800
vn 0.00000000 100.00000000 0.00000000
vn 66.41784600 0.00000000 -74.75740600
vn 0.00000000 100.00000000 0.00000000
vn 90.48912200 0.00000000 -42.56429000
vn 0.00000000 100.00000000 0.00000000
vn 99.93895700 0.00000000 -3.49353700
vn 99.93895700 0.00000000 -3.49353700
vn 0.00000000 100.00000000 0.00000000
vn 89.45643700 8.95545300 -43.78750700
vn 0.00000000 100.00000000 0.00000000
vn 62.64814100 16.13997400 -76.25425700
vn 0.00000000 100.00000000 0.00000000
vn 36.40996000 19.41776000 -91.08932700
vn 0.00000000 100.00000000 0.00000000
vn 12.14761100 20.79524400 -97.05665000
vn 12.14589000 20.79530800 -97.05685200
vn 12.73852700 19.88945500 -97.17067200
vn 0.00000000 100.00000000 0.00000000
vn 13.35021700 18.82391000 -97.30073000
vn 0.00000000 100.00000000 0.00000000
vn 14.00260600 17.60317600 -97.43744300
vn 0.00000000 100.00000000 0.00000000
vn -99.97624600 0.00000000 -2.17951900
vn 0.00000000 100.00000000 0.00000000
vn 14.72463500 16.23810400 -97.56797200
vn 2.17951900 0.00000000 -99.97624600
vn 0.00000000 100.00000000 0.00000000
vn -99.97624600 0.00000000 -2.17951900
vn 96.92252900 0.00000000 -24.61754100
vn 2.17951900 0.00000000 -99.97624600
vn 0.00000000 100.00000000 0.00000000
vn 0.00000000 100.00000000 0.00000000
vn 91.40575000 0.00000000 -40.55846100
vn 0.00000000 100.00000000 0.00000000
vn 83.28804100 0.00000000 -55.34530000
vn 0.00000000 100.00000000 0.00000000
vn 72.80038800 0.00000000 -68.55730000
vn 0.00000000 100.00000000 0.00000000
vn 60.24121700 0.00000000 -79.81851800
vn 0.00000000 100.00000000 0.00000000
vn 45.96789500 0.00000000 -88.80851700
vn 0.00000000 100.00000000 0.00000000
vn 30.38656600 0.00000000 -95.27148900
vn 0.00000000 100.00000000 0.00000000
vn 13.94059400 0.00000000 -99.02353200
vn 0.00000000 100.00000000 0.00000000
vn -2.90205400 0.00000000 -99.95788200
vn 0.00000000 100.00000000 0.00000000
vn -19.66212500 0.00000000 -98.04795200
vn -35.86271400 0.00000000 -93.34808900
vn 0.00000000 100.00000000 0.00000000
vn -51.04283800 0.00000000 -85.99202700
vn 0.00000000 100.00000000 0.00000000
vn -64.77054900 0.00000000 -76.18908100
vn 0.00000000 100.00000000 0.00000000
vn -76.65522800 0.00000000 -64.21819000
vn 0.00000000 100.00000000 0.00000000
vn 0.00000000 100.00000000 0.00000000
vn -86.35870000 0.00000000 -50.41998600
vn 0.00000000 100.00000000 0.00000000
vn -93.60485300 0.00000000 -35.18709200
vn 0.00000000 100.00000000 0.00000000
vn -98.18750100 0.00000000 -18.95295700
vn -99.97624600 0.00000000 -2.17951900
vn 0.00000000 100.00000000 0.00000000
vn 0.00000000 100.00000000 0.00000000
vn -98.92018800 -0.00000000 14.65593600
vn -95.04937800 -0.00000000 31.07436000
vn 0.00000000 100.00000000 0.00000000
vn -88.47395800 -0.00000000 46.60856900
vn 0.00000000 100.00000000 0.00000000
vn -79.38103200 -0.00000000 60.81654200
vn 0.00000000 100.00000000 0.00000000
vn 0.00000000 100.00000000 0.00000000
vn -68.02933500 -0.00000000 73.29399400
vn 0.00000000 100.00000000 0.00000000
vn -54.74187900 -0.00000000 83.68588100
vn -39.89675500 -0.00000000 91.69650500
vn 0.00000000 100.00000000 0.00000000
vn 0.00000000 100.00000000 0.00000000
vn -23.91637700 -0.00000000 97.09792400
vn 0.00000000 100.00000000 0.00000000
vn -7.25546400 -0.00000000 99.73644400
vn 9.61190200 -0.00000000 99.53698500
vn 0.00000000 100.00000000 0.00000000
vn 0.00000000 100.00000000 0.00000000
vn 26.20576300 -0.00000000 96.50522300
vn 0.00000000 100.00000000 0.00000000
vn 42.05394500 -0.00000000 90.72742600
vn 0.00000000 100.00000000 0.00000000
vn 56.70549100 -0.00000000 82.36799900
vn 69.74349400 -0.00000000 71.66481000
vn 0.00000000 100.00000000 0.00000000
vn 80.79696200 -0.00000000 58.92241400
vn 0.00000000 100.00000000 0.00000000
vn 89.55137000 -0.00000000 44.50339400
vn 0.00000000 100.00000000 0.00000000
vn 95.75761400 -0.00000000 28.81803900
vn -2.17951900 -0.00000000 99.97624600
vn 0.00000000 100.00000000 0.00000000
vn -99.97624600 0.00000000 -2.17951900
vn 0.00000000 100.00000000 0.00000000
vn -2.17951900 -0.00000000 99.97624600
vn -99.97624600 0.00000000 -2.17951900
vn 10.45863100 16.23810400 98.11697600
vn 0.00000000 100.00000000 0.00000000
vn 0.00000000 100.00000000 0.00000000
vn 9.74297600 17.60317600 97.95510500
vn 9.09716500 18.82391000 97.79009200
vn 0.00000000 100.00000000 0.00000000
vn 0.00000000 100.00000000 0.00000000
vn 8.49172400 19.88945500 97.63349900
vn 0.00000000 100.00000000 0.00000000
vn 7.90633900 20.79524400 97.49383400
vn 7.88947000 20.79582400 97.49507700
vn 0.00000000 100.00000000 0.00000000
vn 48.35792800 17.72758700 85.71606300
vn 0.00000000 100.00000000 0.00000000
vn 79.88964200 11.56126300 59.02526800
vn 0.00000000 100.00000000 0.00000000
vn 94.52978600 5.46501300 32.15980600
vn 0.00000000 100.00000000 0.00000000
vn 99.69176100 0.00000000 7.84556100
vn 99.69176100 -0.00000000 7.84556100
vn 88.54819900 -0.00000000 46.46737000
vn 0.00000000 100.00000000 0.00000000
vn 63.09681500 -0.00000000 77.58087400
vn 0.00000000 100.00000000 0.00000000
vn 27.45010200 -0.00000000 96.15868100
vn 0.00000000 100.00000000 0.00000000
vn -12.63206200 -0.00000000 99.19894700
vn 0.00000000 100.00000000 0.00000000
vn 0.00000000 100.00000000 0.00000000
vn -50.67310900 -0.00000000 86.21041700
vn 0.00000000 100.00000000 0.00000000
vn -80.52627700 -0.00000000 59.29181000
vn -97.36782400 -0.00000000 22.79269500
vn 0.00000000 100.00000000 0.00000000
vn -97.36782400 -0.00000000 22.79269500
vn -86.33934400 6.84019200 49.98729200
vn 0.00000000 100.00000000 0.00000000
vn 0.00000000 100.00000000 0.00000000
vn -67.71662700 12.94801300 72.43485000
vn 0.00000000 100.00000000 0.00000000
vn -34.24268400 18.98318700 92.01672200
vn 6.77832200 22.13409800 97.28379100
vn 0.00000000 100.00000000 0.00000000
vn 6.77830800 22.13352800 97.28392200
vn 5.15831900 22.99800500 97.18273300
vn 0.00000000 100.00000000 0.00000000
vn 3.01097600 23.18129800 97.22942700
vn 0.00000000 100.00000000 0.00000000
vn 0.87883500 23.06338400 97.30009200
vn 0.00000000 100.00000000 0.00000000
vn 0.00000000 100.00000000 0.00000000
vn -1.35646800 22.44530700 97.43904900
vn 0.00000000 100.00000000 0.00000000
vn -4.06814500 20.91089200 97.70457900
vn -5.69690200 19.76677800 97.86122700
vn 0.00000000 100.00000000 0.00000000
vn -7.60254800 18.39001100 98.00004500
vn -7.60254700 18.39045300 97.99996200
vn 0.00000000 100.00000000 0.00000000
vn 0.00000000 100.00000000 0.00000000
vn 29.27975100 16.52105100 94.17935600
vn 61.23263600 12.53088400 78.06113800
vn 0.00000000 100.00000000 0.00000000
vn 0.00000000 100.00000000 0.00000000
vn 85.78830800 6.68777200 50.94742400
vn 98.38580000 -0.00000000 17.89509200
vn 98.38580000 -0.00000000 17.89509200
vn 0.00000000 100.00000000 0.00000000
vn 0.00000000 100.00000000 0.00000000
vn 85.24570200 -0.00000000 52.27973100
vn 0.00000000 100.00000000 0.00000000
vn 60.55510500 -0.00000000 79.58064700
vn 0.00000000 100.00000000 0.00000000
vn 27.65949900 -0.00000000 96.09865800
vn -8.98387400 -0.00000000 99.59563200
vn 0.00000000 100.00000000 0.00000000
vn 0.00000000 100.00000000 0.00000000
vn -44.40996200 -0.00000000 89.59774100
vn 0.00000000 100.00000000 0.00000000
vn -73.81865400 -0.00000000 67.45966400
vn 0.00000000 100.00000000 0.00000000
vn -93.22517200 -0.00000000 36.18103500
vn -100.00000000 -0.00000000 0.00000000
vn -100.00000000 -0.00000000 0.00000000
vn 0.00000000 100.00000000 0.00000000
vn -100.00000000 0.00000000 0.00000000
vn -100.00000000 0.00000000 0.00000000
vn 0.00000000 100.00000000 0.00000000
vn -95.60720100 4.64865800 28.94223600
vn 0.00000000 100.00000000 0.00000000
vn -79.70257300 9.52901500 59.63805600
vn 0.00000000 100.00000000 0.00000000
vn 0.00000000 100.00000000 0.00000000
vn -49.91652700 13.60828300 85.57543400
vn -11.64187100 15.56669800 98.09253200
vn 0.00000000 100.00000000 0.00000000
vn -11.64188000 15.56667600 98.09253400
vn -12.79317500 14.82324600 98.06429600
vn 0.00000000 100.00000000 0.00000000
vn 0.00000000 100.00000000 0.00000000
vn -13.90046200 14.11842600 98.01758600
vn 0.00000000 100.00000000 0.00000000
vn -16.00090300 12.83738200 97.87324800
vn 0.00000000 100.00000000 0.00000000
vn -17.80150400 11.73848100 97.70012500
vn 0.00000000 100.00000000 0.00000000
vn -18.82929000 10.82659400 97.61271800
vn -18.59612000 10.15623700 97.72939800
vn 0.00000000 100.00000000 0.00000000
vn -16.21716600 9.76971700 98.19142600
vn 0.00000000 100.00000000 0.00000000
vn 0.00000000 100.00000000 0.00000000
vn -10.91328700 9.60310900 98.93776100
vn -2.16949700 9.57908200 99.51650400
vn 0.00000000 100.00000000 0.00000000
vn -2.16949700 9.57907800 99.51650400
vn 0.00000000 100.00000000 0.00000000
vn 16.15355300 9.57908200 98.22069000
vn 0.00000000 100.00000000 0.00000000
vn 33.92651200 9.57908200 93.58008900
vn 0.00000000 100.00000000 0.00000000
vn 50.54414500 9.57908200 85.75272900
vn 0.00000000 100.00000000 0.00000000
vn 65.44055800 9.57908200 75.00516400
vn 78.10847000 9.57908200 61.70338800
vn 0.00000000 100.00000000 0.00000000
vn 0.00000000 100.00000000 0.00000000
vn 88.11649300 9.57908200 46.30037600
vn 95.12381400 9.57908200 29.32066100
vn 0.00000000 100.00000000 0.00000000
vn 98.89180800 9.57908200 11.34246600
vn 0.00000000 100.00000000 0.00000000
vn 99.29216000 9.57908200 -7.02198300
vn 0.00000000 100.00000000 0.00000000
vn 0.00000000 100.00000000 0.00000000
vn 96.31123600 9.57908200 -25.14730600
vn 90.05054900 9.57908200 -42.41626900
vn 0.00000000 100.00000000 0.00000000
vn 80.72329800 9.57908200 -58.24079600
vn 0.00000000 100.00000000 0.00000000
vn 68.64711200 9.57908200 -72.08200300
vn 0.00000000 100.00000000 0.00000000
vn 0.00000000 100.00000000 0.00000000
vn 54.23323100 9.57908200 -83.46854400
vn 0.00000000 100.00000000 0.00000000
vn 37.97250300 9.57908200 -92.01266300
vn 0.00000000 100.00000000 0.00000000
vn 20.41866600 9.57908200 -97.42340200
vn 2.16949600 9.57907800 -99.51650400
vn 2.16949700 9.57908200 -99.51650400
vn 0.00000000 100.00000000 0.00000000
vn 0.00000000 100.00000000 0.00000000
vn -6.01927200 9.60038900 -99.35593000
vn 0.00000000 100.00000000 0.00000000
vn -11.26242500 9.73043300 -98.88617900
vn -13.88261400 10.02747800 -98.52270200
vn 0.00000000 100.00000000 0.00000000
vn -14.71597800 10.52084600 -98.35014900
vn 0.00000000 100.00000000 0.00000000
vn 0.00000000 100.00000000 0.00000000
vn -14.59250100 10.86566000 -98.33105500
vn -14.09837000 11.29724300 -98.35450300
vn 0.00000000 100.00000000 0.00000000
vn 0.00000000 100.00000000 0.00000000
vn -13.29660900 11.82070200 -98.40463000
vn -12.34350700 12.43180400 -98.45348200
vn 0.00000000 100.00000000 0.00000000
vn -11.25783500 13.12332200 -98.49385600
vn 0.00000000 100.00000000 0.00000000
vn -10.05460000 13.88513900 -98.51958200
vn 0.00000000 100.00000000 0.00000000
vn 0.00000000 100.00000000 0.00000000
vn -8.74891500 14.70463100 -98.52527800
vn 99.97624600 -0.00000000 2.17951900
vn 0.00000000 100.00000000 0.00000000
vn 99.97624600 -0.00000000 2.17951900
vn 99.97624600 -0.00000000 2.17951900
vn 99.97624600 -0.00000000 2.17951900
vn 0.00000000 100.00000000 0.00000000
vn 85.49220900 -0.00000000 51.87564200
vn 0.00000000 100.00000000 0.00000000
vn 0.00000000 100.00000000 0.00000000
vn 48.10060400 -0.00000000 87.67172800
vn -2.17951900 -0.00000000 99.97624600
vn -2.17951900 -0.00000000 99.97624600
vn 0.00000000 100.00000000 0.00000000
vn -2.17951900 -0.00000000 99.97624600
vn -2.17951900 -0.00000000 99.97624600
vn 0.00000000 100.00000000 0.00000000
vn 0.00000000 100.00000000 0.00000000
vn -51.87564200 0.00000000 85.49220900
vn 0.00000000 100.00000000 0.00000000
vn -87.67172800 0.00000000 48.10060400
vn -99.97624600 0.00000000 -2.17951900
vn -99.97624600 0.00000000 -2.17951900
vn 0.00000000 100.00000000 0.00000000
vn -99.97624600 0.00000000 -2.17951900
vn -99.97624600 0.00000000 -2.17951900
vn 0.00000000 100.00000000 0.00000000
vn -85.49220900 0.00000000 -51.87564200
vn 0.00000000 100.00000000 0.00000000
vn -48.10060400 0.00000000 -87.67172800
vn 0.00000000 100.00000000 0.00000000
vn 2.17951900 0.00000000 -99.97624600
vn 0.00000000 100.00000000 0.00000000
vn 2.17951900 0.00000000 -99.97624600
vn 2.17951900 0.00000000 -99.97624600
vn 2.17951900 0.00000000 -99.97624600
vn 0.00000000 100.00000000 0.00000000
vn 51.87564200 -0.00000000 -85.49220900
vn 0.00000000 100.00000000 0.00000000
vn 87.67172800 -0.00000000 -48.10060400
vn 0.00000000 100.00000000 0.00000000
vn -100.00000000 0.00000000 0.00000000
vn -100.00000000 0.00000000 0.00000000
vn 0.00000000 100.00000000 0.00000000
vn 0.00000000 100.00000000 0.00000000
vn -88.54560300 0.00000000 -46.47231700
vn 0.00000000 100.00000000 0.00000000
vn -56.80647500 0.00000000 -82.29838700
vn 0.00000000 100.00000000 0.00000000
vn -12.05366800 0.00000000 -99.27088700
vn 35.46048900 -0.00000000 -93.50162400
vn 0.00000000 100.00000000 0.00000000
vn 74.85107500 -0.00000000 -66.31226600
vn 0.00000000 100.00000000 0.00000000
vn 0.00000000 100.00000000 0.00000000
vn 97.09418200 -0.00000000 -23.93156600
vn 97.09418200 -0.00000000 23.93156600
vn 0.00000000 100.00000000 0.00000000
vn 0.00000000 100.00000000 0.00000000
vn 74.85107500 -0.00000000 66.31226600
vn 35.46048900 -0.00000000 93.50162400
vn 0.00000000 100.00000000 0.00000000
vn -12.05366800 0.00000000 99.27088700
vn 0.00000000 100.00000000 0.00000000
vn -56.80647500 0.00000000 82.29838700
vn 0.00000000 100.00000000 0.00000000
vn -88.54560300 0.00000000 46.47231700
vn 0.00000000 100.00000000 0.00000000
vn -100.00000000 0.00000000 0.00000000
vn 0.00000000 100.00000000 0.00000000
vn -100.00000000 0.00000000 0.00000000
vn -88.54560300 0.00000000 -46.47231700
vn 0.00000000 100.00000000 0.00000000
vn -56.80647500 0.00000000 -82.29838700
vn 0.00000000 100.00000000 0.00000000
vn 0.00000000 100.00000000 0.00000000
vn -12.05366800 0.00000000 -99.27088700
vn 35.46048900 -0.00000000 -93.50162400
vn 0.00000000 100.00000000 0.00000000
vn 74.85107500 -0.00000000 -66.31226600
vn 0.00000000 100.00000000 0.00000000
vn 97.09418200 -0.00000000 -23.93156600
vn 0.00000000 100.00000000 0.00000000
vn 0.00000000 100.00000000 0.00000000
vn 97.09418200 -0.00000000 23.93156600
vn 74.85107500 -0.00000000 66.31226600
vn 0.00000000 100.00000000 0.00000000
vn 0.00000000 100.00000000 0.00000000
vn 35.46048900 -0.00000000 93.50162400
vn 0.00000000 100.00000000 0.00000000
vn -12.05366800 0.00000000 99.27088700
vn 0.00000000 100.00000000 0.00000000
vn -56.80647500 0.00000000 82.29838700
vn -88.54560300 0.00000000 46.47231700
vn 0.00000000 100.00000000 0.00000000
vn 2.17951900 0.00000000 -99.97624600
vn 0.00000000 100.00000000 0.00000000
vn 63.28560300 0.00000000 -77.42694900
vn 2.17951900 0.00000000 -99.97624600
vn 2.17951900 0.00000000 -99.97624600
vn 0.00000000 100.00000000 0.00000000
vn 0.00000000 100.00000000 0.00000000
vn 29.04436200 27.03629300 -91.79032600
vn 0.00000000 100.00000000 0.00000000
vn 51.49536200 49.96390700 -69.65512000
vn 66.12066200 65.29855400 -36.93449400
vn 0.00000000 100.00000000 0.00000000
vn 0.00000000 100.00000000 0.00000000
vn 69.74691600 69.33403100 -18.11518200
vn 70.69767000 70.70984500 1.39903100
vn 0.00000000 100.00000000 0.00000000
vn 70.69767000 70.70984500 1.39903100
vn 0.00000000 100.00000000 0.00000000
vn 70.69767000 70.70984500 1.39903100
vn 70.69767000 70.70984500 1.39903100
vn 68.93082500 69.36835200 20.89433200
vn 0.00000000 100.00000000 0.00000000
vn 0.00000000 100.00000000 0.00000000
vn 64.51022500 65.35626100 39.58522600
vn 48.48412600 50.03499100 71.73415600
vn 0.00000000 100.00000000 0.00000000
vn 25.06356400 27.08273100 92.94268900
vn 0.00000000 100.00000000 0.00000000
vn -2.17951900 -0.00000000 99.97624600
vn -2.17951900 -0.00000000 99.97624600
vn 0.00000000 100.00000000 0.00000000
vn -2.17951900 -0.00000000 99.97624600
vn 59.85120900 -0.00000000 80.11137700
vn 0.00000000 100.00000000 0.00000000
vn 31.69064000 -0.00000000 94.84568200
vn 0.00000000 100.00000000 0.00000000
vn 0.00000000 100.00000000 0.00000000
vn 0.32894400 -0.00000000 99.99945900
vn -31.06598000 -0.00000000 95.05211700
vn 0.00000000 100.00000000 0.00000000
vn -59.32287400 -0.00000000 80.50339500
vn 0.00000000 100.00000000 0.00000000
vn 0.00000000 100.00000000 0.00000000
vn -81.58746200 -0.00000000 57.82288500
vn -95.61075800 -0.00000000 29.30158500
vn 0.00000000 100.00000000 0.00000000
vn -99.97624600 0.00000000 -2.17951900
vn 0.00000000 100.00000000 0.00000000
vn 0.00000000 100.00000000 0.00000000
vn -94.24295800 0.00000000 -33.44046600
vn 0.00000000 100.00000000 0.00000000
vn -78.99002600 0.00000000 -61.32353400
vn 0.00000000 100.00000000 0.00000000
vn -55.75817400 0.00000000 -83.01220400
vn 0.00000000 100.00000000 0.00000000
vn -26.89409100 0.00000000 -96.31566800
vn 0.00000000 100.00000000 0.00000000
vn 4.68661000 0.00000000 -99.89011800
vn 35.79390900 0.00000000 -93.37449400
vn 0.00000000 100.00000000 0.00000000
vn 0.00000000 100.00000000 0.00000000
vn -100.00000000 -0.00000000 0.00000000
vn -100.00000000 -0.00000000 0.00000000
vn 0.00000000 100.00000000 0.00000000
vn -86.60254000 0.00000000 -50.00000000
vn -50.00000000 0.00000000 -86.60254000
vn 0.00000000 100.00000000 0.00000000
vn -0.00000000 0.00000000 -100.00000000
vn 0.00000000 100.00000000 0.00000000
vn 50.00000000 0.00000000 -86.60254000
vn 0.00000000 100.00000000 0.00000000
vn 0.00000000 100.00000000 0.00000000
vn 86.60254000 0.00000000 -50.00000000
vn 0.00000000 100.00000000 0.00000000
vn 100.00000000 0.00000000 -0.00000000
vn 0.00000000 100.00000000 0.00000000
vn 86.60254000 -0.00000000 50.00000000
vn 50.00000000 -0.00000000 86.60254000
vn 0.00000000 100.00000000 0.00000000
vn 0.00000000 -0.00000000 100.00000000
vn 0.00000000 100.00000000 0.00000000
vn -50.00000000 -0.00000000 86.60254000
vn 0.00000000 100.00000000 0.00000000
vn -86.60254000 -0.00000000 50.00000000
vn 0.00000000 100.00000000 0.00000000
vn -100.00000000 -0.00000000 0.00000000
vn -100.00000000 -0.00000000 0.00000000
vn 0.00000000 100.00000000 0.00000000
vn -86.60254000 0.00000000 -50.00000000
vn 0.00000000 100.00000000 0.00000000
vn 0.00000000 100.00000000 0.00000000
vn -50.00000000 0.00000000 -86.60254000
vn -0.00000000 0.00000000 -100.00000000
vn 0.00000000 100.00000000 0.00000000
vn 0.00000000 100.00000000 0.00000000
vn 50.00000000 0.00000000 -86.60254000
vn 0.00000000 100.00000000 0.00000000
vn 86.60254000 0.00000000 -50.00000000
vn 0.00000000 100.00000000 0.00000000
vn 100.00000000 0.00000000 -0.00000000
vn 0.00000000 100.00000000 0.00000000
vn 86.60254000 -0.00000000 50.00000000
vn 0.00000000 100.00000000 0.00000000
vn 50.00000000 -0.00000000 86.60254000
vn 0.00000000 -0.00000000 100.00000000
vn 0.00000000 100.00000000 0.00000000
vn -50.00000000 -0.00000000 86.60254000
vn 0.00000000 100.00000000 0.00000000
vn 0.00000000 100.00000000 0.00000000
vn -86.60254000 -0.00000000 50.00000000
vn -100.00000000 -0.00000000 0.00000000
vn -100.00000000 -0.00000000 0.00000000
vn 0.00000000 100.00000000 0.00000000
vn -86.60254000 0.00000000 -50.00000000
vn 0.00000000 100.00000000 0.00000000
vn 0.00000000 100.00000000 0.00000000
vn -50.00000000 0.00000000 -86.60254000
vn 0.00000000 100.00000000 0.00000000
vn -0.00000000 0.00000000 -100.00000000
vn 50.00000000 0.00000000 -86.60254000
vn 0.00000000 100.00000000 0.00000000
vn 0.00000000 100.00000000 0.00000000
vn 86.60254000 0.00000000 -50.00000000
vn 0.00000000 100.00000000 0.00000000
vn 100.00000000 0.00000000 -0.00000000
vn 0.00000000 100.00000000 0.00000000
vn 86.60254000 -0.00000000 50.00000000
vn 0.00000000 100.00000000 0.00000000
vn 50.00000000 -0.00000000 86.60254000
vn 0.00000000 100.00000000 0.00000000
vn 0.00000000 -0.00000000 100.00000000
vn 0.00000000 100.00000000 0.00000000
vn -50.00000000 -0.00000000 86.60254000
vn -86.60254000 -0.00000000 50.00000000
vn 0.00000000 100.00000000 0.00000000
vn -100.00000000 0.00000000 0.00000000
vn 0.00000000 100.00000000 0.00000000
vn -100.00000000 0.00000000 0.00000000
vn -88.54560300 0.00000000 -46.47231700
vn 0.00000000 100.00000000 0.00000000
vn -56.80647500 0.00000000 -82.29838700
vn 0.00000000 100.00000000 0.00000000
vn 0.00000000 100.00000000 0.00000000
vn -12.05366800 0.00000000 -99.27088700
vn 35.46048900 -0.00000000 -93.50162400
vn 0.00000000 100.00000000 0.00000000
vn 74.85107500 -0.00000000 -66.31226600
vn 0.00000000 100.00000000 0.00000000
vn 97.09418200 -0.00000000 -23.93156600
vn 0.00000000 100.00000000 0.00000000
vn 0.00000000 100.00000000 0.00000000
vn 97.09418200 -0.00000000 23.93156600
vn 0.00000000 100.00000000 0.00000000
vn 74.85107500 -0.00000000 66.31226600
vn 35.46048900 -0.00000000 93.50162400
vn 0.00000000 100.00000000 0.00000000
vn -12.05366800 0.00000000 99.27088700
vn 0.00000000 100.00000000 0.00000000
vn 0.00000000 100.00000000 0.00000000
vn -56.80647500 0.00000000 82.29838700
vn 0.00000000 100.00000000 0.00000000
vn -88.54560300 0.00000000 46.47231700
vn -100.00000000 0.00000000 0.00000000
vn -100.00000000 0.00000000 0.00000000
vn 0.00000000 100.00000000 0.00000000
vn -88.54560300 0.00000000 -46.47231700
vn 0.00000000 100.00000000 0.00000000
vn -56.80647500 0.00000000 -82.29838700
vn 0.00000000 100.00000000 0.00000000
vn 0.00000000 100.00000000 0.00000000
vn -12.05366800 0.00000000 -99.27088700
vn 0.00000000 100.00000000 0.00000000
vn 35.46048900 -0.00000000 -93.50162400
vn 0.00000000 100.00000000 0.00000000
vn 74.85107500 -0.00000000 -66.31226600
vn 0.00000000 100.00000000 0.00000000
vn 97.09418200 -0.00000000 -23.93156600
vn 97.09418200 -0.00000000 23.93156600
vn 0.00000000 100.00000000 0.00000000
vn 74.85107500 -0.00000000 66.31226600
vn 0.00000000 100.00000000 0.00000000
vn 0.00000000 100.00000000 0.00000000
vn 35.46048900 -0.00000000 93.50162400
vn -12.05366800 0.00000000 99.27088700
vn 0.00000000 100.00000000 0.00000000
vn -56.80647500 0.00000000 82.29838700
vn 0.00000000 100.00000000 0.00000000
vn -88.54560300 0.00000000 46.47231700
vn 0.00000000 100.00000000 0.00000000
vn -100.00000000 -0.00000000 0.00000000
vn -100.00000000 -0.00000000 0.00000000
vn -0.00000000 100.00000000 -0.00000000
vn -92.38795300 0.00000000 -38.26834300
vn -0.00000000 100.00000000 -0.00000000
vn -70.71067800 0.00000000 -70.71067800
vn -0.00000000 100.00000000 -0.00000000
vn -38.26834300 0.00000000 -92.38795300
vn -0.00000000 100.00000000 -0.00000000
vn -0.00000000 100.00000000 -0.00000000
vn -0.00000000 0.00000000 -100.00000000
vn 38.26834300 0.00000000 -92.38795300
vn -0.00000000 100.00000000 -0.00000000
vn -0.00000000 100.00000000 -0.00000000
vn 70.71067800 0.00000000 -70.71067800
vn 92.38795300 0.00000000 -38.26834300
vn -0.00000000 100.00000000 -0.00000000
vn 100.00000000 0.00000000 -0.00000000
vn -0.00000000 100.00000000 -0.00000000
vn 100.00000000 0.00000000 -0.00000000
vn 100.00000000 0.00000000 -0.00000000
vn 100.00000000 0.00000000 -0.00000000
vn 100.00000000 0.00000000 -0.00000000
vn 100.00000000 0.00000000 -0.00000000
vn 99.95732200 0.00096400 -2.92126500
vn 99.95731400 0.00000000 -2.92153300
vn 99.80994600 0.00219700 -6.16235300
vn 99.80993000 0.00000000 -6.16261600
vn 99.52647800 0.00000000 -9.72009100
vn 99.52644800 -0.00207200 -9.72039400
vn -2.45348600 12.80638800 -99.14624000
vn -2.45348600 12.80638800 -99.14624000
vn -2.45295100 12.80612900 -99.14628600
vn 36.83781000 11.91116300 -92.20141000
vn 36.41747600 11.92439800 -92.36653200
vn 70.30900300 9.11710000 -70.52320600
vn 69.36364200 9.22708700 -71.43910700
vn 92.03577900 4.98450000 -38.78878800
vn 92.21156300 4.95689200 -38.37260600
vn 100.00000000 0.00000200 -0.00002900
vn 100.00000000 0.00000000 -0.00000000
vn 100.00000000 0.00000300 -0.00006900
vn 100.00000000 0.00000000 -0.00000000
vn 100.00000000 0.00000000 -0.00000000
vn -0.00000000 100.00000000 -0.00000000
vn 100.00000000 0.00000000 -0.00000000
vn -0.00000000 100.00000000 -0.00000000
vn 92.26783900 0.00000600 -38.55704700
vn 69.66485800 0.00001500 -71.74125400
vn -0.00000000 100.00000000 -0.00000000
vn -0.00000000 100.00000000 -0.00000000
vn 37.38975500 0.00001200 -92.74700100
vn -1.65112600 -0.00000100 -99.98636800
vn -0.00000000 100.00000000 -0.00000000
vn -1.65176200 -0.00000000 -99.98635700
vn -1.74045000 4.27894200 -99.89325000
vn -1.74107400 4.27896300 -99.89323900
vn -2.00854200 8.55029000 -99.61354500
vn -2.00804900 8.55046100 -99.61354000
vn 22.28514800 6.30603300 -97.28106800
vn 96.32014200 1.73851700 -26.82178000
vn 96.31795400 1.92828300 -26.81666400
vn 85.75958400 3.68861700 -51.29997800
vn 72.29506200 4.95450300 -68.91209600
vn 49.12271500 6.24705200 -86.87884200
vn 22.24684200 6.99293600 -97.24287600
vn 96.32728300 0.86884800 -26.83839800
vn 85.79426200 1.66221900 -51.34765400
vn 72.36221900 2.23291000 -68.98350000
vn 49.23894300 2.81618500 -86.99192800
vn 22.41023000 3.15359800 -97.40552500
vn 49.14996800 5.63292700 -86.90541300
vn 72.31081000 4.46716400 -68.92888500
vn 85.76771600 3.32570900 -51.31119300
vn -2.63934800 14.20845400 -98.95025900
vn -2.63982900 14.20855600 -98.95023100
vn -2.84684600 15.60785300 -98.73343100
vn -2.84645000 15.60715100 -98.73355300
vn -3.07492600 17.00103700 -98.49624100
vn -3.07466200 17.00138400 -98.49619000
vn 95.33460500 3.75064300 -29.95406000
vn 83.39023400 7.97772600 -54.61158000
vn 64.67053700 11.64452700 -75.37988200
vn 46.97291300 13.78965300 -87.19742500
vn 22.94820800 15.54240800 -96.08232600
vn 95.88692000 3.57258700 -28.15910600
vn 84.22381700 7.58516200 -53.37428200
vn 65.54624000 11.05115000 -74.70985500
vn 47.71953300 13.06216000 -86.90354500
vn 23.44460600 14.67387000 -96.09905300
vn 96.72775600 3.22119700 -25.16674700
vn 85.56526800 6.82612100 -51.30291400
vn 66.98269100 9.91822100 -73.58633100
vn 48.95162900 11.68735200 -86.41263700
vn 24.26745400 13.05793600 -96.12794100
vn 100.00000000 0.00000000 0.00000000
vn 100.00000000 0.00000000 0.00000000
vn 100.00000000 0.00000000 0.00000000
vn 100.00000000 0.00000000 0.00000000
vn 91.82130700 4.03748500 39.40236500
vn 91.82122100 4.03652100 39.40266300
vn 67.85656600 7.47165700 73.07298300
vn 67.85652700 7.48646400 73.07150300
vn 34.02439700 9.58588200 93.54384700
vn 34.02456600 9.57230800 93.54517500
vn -6.49091000 10.17105300 99.26942000
vn -6.49091000 10.17105300 99.26942000
vn -6.49072000 10.17114900 99.26942300
vn -6.22618200 6.78678600 99.57496800
vn -6.22610000 6.78666400 99.57498100
vn -6.06707700 3.39526200 99.75802100
vn -6.06696600 3.39529000 99.75802700
vn -6.01395200 -0.00000000 99.81899800
vn -0.00000000 100.00000000 -0.00000000
vn -6.01385000 -0.00000100 99.81900400
vn -0.00000000 100.00000000 -0.00000000
vn 34.35590900 0.00001300 93.91310600
vn 68.04331600 0.00001500 73.28101500
vn -0.00000000 100.00000000 -0.00000000
vn -0.00000000 100.00000000 -0.00000000
vn 91.84437400 0.00000600 39.55516300
vn 100.00000000 -0.00000000 0.00000000
vn -0.00000000 100.00000000 -0.00000000
vn 100.00000000 0.00000000 -0.00000000
vn 100.00000000 0.00000000 -0.00000000
vn 100.00000000 0.00000100 0.00002600
vn 100.00000000 -0.00000000 -0.00000000
vn 100.00000000 -0.00000000 -0.00000000
vn 18.58526700 7.05904200 98.00386600
vn 46.53025700 6.35850700 88.28649100
vn 70.81515300 5.07134100 70.42368700
vn 84.95056700 3.78975200 52.62165800
vn 96.10050700 1.98649000 27.58163300
vn 18.70018600 4.53100300 98.13140700
vn 46.61276200 4.08025300 88.37761000
vn 70.86311100 3.25365400 70.48285700
vn 84.97541900 2.43122700 52.66182000
vn 96.10722500 1.27427500 27.60031600
vn -7.26045400 16.35279800 98.38634000
vn -7.26065600 16.35302300 98.38628700
vn -6.96248200 14.30426000 98.72645000
vn -6.96223000 14.30449800 98.72643400
vn -6.70582300 12.24029100 99.02124600
vn -6.70558400 12.24001900 99.02129600
vn 99.94429000 -0.00000000 3.33748600
vn 99.94428900 0.00009300 3.33752500
vn 99.73451800 -0.00000000 7.28189700
vn 99.73452600 -0.00037000 7.28177600
vn 99.24768100 -0.00000000 12.24327800
vn 99.24766500 0.00017600 12.24340800
vn 16.99983800 13.87902300 97.56217600
vn 44.03340800 12.33328500 88.93227200
vn 67.89427000 9.75880000 72.76767000
vn 82.27238300 7.26482500 56.37798600
vn 94.25915900 3.78211900 33.17991100
vn 6.65069700 19.50492500 97.85359500
vn 6.65035600 19.50531900 97.85354000
vn 6.54134200 16.85752000 98.35158800
vn 6.54073400 16.85713400 98.35169500
vn 6.44915400 14.19590800 98.77694400
vn 6.44840000 14.19634100 98.77693100
vn 6.37272400 11.52555800 99.12895600
vn 6.37345900 11.52589800 99.12886900
vn 6.37272400 11.52555800 99.12895600
vn 6.29270500 7.69271100 99.50489500
vn 6.29201300 7.69289500 99.50492400
vn 6.24408300 3.84947100 99.73060200
vn 6.24346900 3.84940900 99.73064300
vn -0.00000000 100.00000000 -0.00000000
vn 6.22784700 -0.00000000 99.80588100
vn 6.22724900 -0.00000000 99.80591900
vn 5.06100300 -0.00011600 99.87184900
vn -0.00000000 100.00000000 -0.00000000
vn 3.10312900 -0.00019600 99.95184100
vn -0.00000000 100.00000000 -0.00000000
vn -0.00000000 100.00000000 -0.00000000
vn 0.84756000 -0.00026100 99.99640800
vn -0.00000000 100.00000000 -0.00000000
vn -0.14506000 -0.00026600 99.99989500
vn -1.11047900 -0.00022900 99.99383400
vn -0.00000000 100.00000000 -0.00000000
vn -2.15129200 -0.00017800 99.97685700
vn -0.00000000 100.00000000 -0.00000000
vn -3.29228000 -0.00014000 99.94579000
vn -0.00000000 100.00000000 -0.00000000
vn -4.56427300 -0.00009100 99.89578300
vn -0.00000000 100.00000000 -0.00000000
vn 5.66275000 17.65699000 98.26578200
vn -0.37631800 17.61573800 98.43548200
vn -2.66519500 16.72962400 98.55463700
vn -5.37552400 15.22831200 98.68739700
vn -4.76937500 7.63543100 99.59394200
vn -3.95549900 16.04676300 98.62482200
vn -3.45994200 8.04805300 99.61554900
vn -2.28125600 8.39287500 99.62106000
vn -0.20372500 8.84140700 99.60817200
vn -1.20332200 8.65879500 99.61715400
vn -1.47723800 17.25536400 98.48893400
vn 3.04824400 17.94089300 98.33022200
vn 3.08938200 9.00691100 99.54562400
vn 0.81426800 8.94629700 99.59568600
vn 0.71680900 17.82219500 98.39642000
vn 5.56931900 8.86275600 99.45066200
vn -100.00000000 -0.00000000 0.00000000
vn -100.00000000 0.00000000 0.00000000
vn -100.00000000 -0.00000000 -0.00000000
vn -100.00000000 -0.00000000 -0.00000000
vn -0.00000000 100.00000000 -0.00000000
vn -93.32257900 -0.00000500 35.92904600
vn -0.00000000 100.00000000 -0.00000000
vn -73.72115200 -0.00001900 67.56620200
vn -0.00000000 100.00000000 -0.00000000
vn -0.00000000 100.00000000 -0.00000000
vn -45.11587400 -0.00002400 89.24437200
vn -9.72497800 0.00000200 99.52600100
vn -9.72436400 -0.00000000 99.52606100
vn -0.00000000 100.00000000 -0.00000000
vn -9.79750400 3.03803100 99.47250500
vn -9.79808300 3.03803400 99.47244800
vn -10.01661500 6.07414300 99.31149100
vn -10.01715800 6.07409000 99.31143900
vn -10.89017200 12.13262500 98.66206700
vn -10.88991500 12.13256900 98.66210300
vn -88.00946100 5.79471300 47.12489800
vn -76.45311600 7.86774000 63.97671200
vn -56.48012800 10.07115000 81.90584300
vn -32.81146800 11.52729400 93.75782100
vn -87.86877300 2.91428800 47.65066200
vn -76.17785000 3.95517600 64.66290800
vn -55.99622700 5.05751600 82.69730400
vn -32.11477800 5.78034900 94.52633800
vn -32.40573400 8.65976800 94.20656500
vn -56.19841800 7.57225500 82.36746200
vn -76.29290600 5.91919100 64.37667000
vn -87.92757900 4.36065500 47.43127100
vn -100.00000000 -0.00000000 0.00000000
vn -100.00000000 -0.00000000 0.00000000
vn -0.00000000 100.00000000 -0.00000000
vn -34.10396600 10.85712000 93.37581300
vn -33.64579600 10.86955700 93.54043600
vn -68.93704500 8.37268700 71.95541600
vn -67.90036900 8.47842400 72.92226100
vn -91.64024700 4.59669500 39.76098100
vn -91.83453000 4.57099100 39.31316900
vn -100.00000000 0.00000000 0.00000000
vn -100.00000000 0.00000000 0.00000000
vn -100.00000000 0.00000000 0.00000000
vn -100.00000000 0.00000000 0.00000000
vn -100.00000000 0.00000000 0.00000000
vn -100.00000000 0.00000000 0.00000000
vn -100.00000000 0.00000200 0.00004700
vn -100.00000000 -0.00000000 0.00000000
vn -100.00000000 -0.00000000 -0.00000000
vn -100.00000000 -0.00000000 -0.00000000
vn -0.00000000 100.00000000 -0.00000000
vn -91.82486900 0.00000200 39.60042200
vn -0.00000000 100.00000000 -0.00000000
vn -67.96241400 0.00000600 73.35605100
vn -0.00000000 100.00000000 -0.00000000
vn -34.20362100 0.00000700 93.96867700
vn -0.00000000 100.00000000 -0.00000000
vn -18.53432600 8.47456400 97.90128000
vn -96.09851200 2.38533900 27.55696200
vn -84.93281600 5.73046000 52.47455200
vn -84.94129000 4.55095700 52.57628800
vn -70.77880400 7.66867700 70.22501200
vn -46.46476500 9.61295800 88.02622700
vn -96.09622100 3.00365000 27.50444400
vn -96.10126400 1.29883200 27.61992200
vn -84.95147100 2.47811300 52.69826000
vn -70.81480900 3.31647800 70.52846100
vn -46.52670100 4.15792100 88.41932900
vn -18.58140200 4.61563400 98.15002500
vn -46.49289700 7.63501700 88.20497200
vn -70.79515900 6.09038900 70.36300600
vn -18.49515500 10.66901700 97.69391600
vn -98.75207400 0.00003000 15.74890100
vn -98.75218500 -0.00000000 15.74820200
vn -99.53942300 -0.00000000 9.58661700
vn -99.53946800 0.00099000 9.58614700
vn -99.90615000 -0.00000000 4.33141700
vn -99.90614500 -0.00023000 4.33153500
vn -18.94986300 17.94726200 96.53392400
vn -93.46499500 4.29721400 35.29629900
vn -80.37908300 9.14553300 58.78403000
vn -60.92717800 13.37187700 78.16055200
vn -42.96974600 15.86949500 88.89184500
vn -96.27784900 3.23088100 26.83537000
vn -84.43319700 6.82447100 53.14566700
vn -65.01923900 9.89051900 75.33044700
vn -46.29184100 11.62702200 87.87421600
vn -20.91525900 12.93089800 96.92958200
vn -19.64028000 16.40914700 96.66953600
vn -44.14448800 14.59030400 88.53466700
vn -62.38445800 12.33227900 77.17573700
vn -81.85390800 8.45838400 56.81895400
vn -94.54505100 3.98289400 32.33218000
vn -100.00000000 -0.00000000 0.00000000
vn -0.00000000 100.00000000 -0.00000000
vn -100.00000000 -0.00000000 0.00000000
vn 100.00000000 0.00000000 0.00000000
vn 100.00000000 0.00000000 -0.00000000
vn 100.00000000 0.00000000 -0.00000000
vn 100.00000000 0.00000000 -0.00000000
vn 100.00000000 0.00000000 -0.00000000
vn 100.00000000 0.00000000 -0.00000000
vn -0.00000000 100.00000000 -0.00000000
vn 92.38795300 -0.00000000 38.26834300
vn -0.00000000 100.00000000 -0.00000000
vn 70.71067800 -0.00000000 70.71067800
vn -0.00000000 100.00000000 -0.00000000
vn 38.26834300 -0.00000000 92.38795300
vn -0.00000000 100.00000000 -0.00000000
vn 0.00000000 -0.00000000 100.00000000
vn -0.00000000 100.00000000 -0.00000000
vn -0.00000000 100.00000000 -0.00000000
vn -38.26834300 -0.00000000 92.38795300
vn -0.00000000 100.00000000 -0.00000000
vn -70.71067800 -0.00000000 70.71067800
vn -0.00000000 100.00000000 -0.00000000
vn -92.38795300 -0.00000000 38.26834300
vn 87.94732800 8.68245100 46.79618100
vn 87.95833400 8.68565000 46.77489700
vn 54.19655800 15.32386000 82.63118300
vn 54.21531100 15.32851300 82.61801700
vn 7.67845700 18.18893600 98.03164800
vn 7.67851600 18.18897100 98.03163600
vn 7.67845700 18.18893600 98.03164800
vn 7.26643200 12.16185300 98.99135500
vn 7.26638000 12.16183900 98.99136000
vn 7.01764000 6.09164800 99.56728700
vn 7.01740400 6.09155200 99.56730900
vn 6.93410200 -0.00000000 99.75930100
vn 6.93410500 -0.00000000 99.75930100
vn -0.00000000 100.00000000 -0.00000000
vn -0.00000000 100.00000000 -0.00000000
vn 43.24141000 -0.00001600 90.16751300
vn 72.74734400 -0.00001500 68.61358400
vn -0.00000000 100.00000000 -0.00000000
vn -0.00000000 100.00000000 -0.00000000
vn 93.07150900 -0.00000500 36.57450100
vn 100.00000000 0.00000000 0.00000000
vn 100.00000000 0.00000000 -0.00000000
vn -0.00000000 100.00000000 -0.00000000
vn 100.00000000 -0.00000400 -0.00006000
vn 100.00000000 0.00000000 -0.00000000
vn 100.00000000 0.00000000 -0.00000000
vn 100.00000000 0.00002600 0.00020900
vn 29.70336900 7.73935100 95.17254000
vn 87.36469500 3.94387500 48.49593700
vn 30.05477600 15.42024300 94.12187100
vn 54.57593900 13.54817100 82.69168000
vn 75.38394900 10.62419200 64.84124300
vn 87.43651800 7.84613000 47.88834500
vn 29.85018900 11.59033400 94.73452600
vn 54.43301900 10.18765700 83.26618800
vn 75.30235300 7.99145900 65.31226700
vn 87.39471600 5.90256600 48.24234000
vn 75.24375500 5.33910900 65.64961000
vn 54.33041100 6.80485500 83.67735900
vn 29.77523100 18.74966800 93.60494400
vn 53.69402200 16.34498100 82.76348000
vn 74.17591800 12.76507400 65.84061100
vn 86.28215600 9.40961100 49.66738100
vn -99.97624600 0.00000000 -2.17951900
vn 9.73698100 12.64529900 98.71822300
vn -99.97624600 0.00000000 -2.17951900
vn 8.90441600 6.33208100 99.40128800
vn 8.62606300 0.00000000 99.62726100
vn -99.97624600 0.00000000 -2.17951900
vn -99.97624600 0.00000000 -2.17951900
vn 8.90441600 -6.33208200 99.40128800
vn -99.97624600 0.00000000 -2.17951900
vn 9.73698200 -12.64531000 98.71822200
vn 10.35666400 -15.78017900 98.20247200
vn -99.97624600 0.00000000 -2.17951900
vn -90.60925000 42.26182600 -1.97531500
vn 9.81651700 -13.90259100 98.54112800
vn -90.60925000 42.26182600 -1.97531500
vn -90.60925000 42.26182600 -1.97531500
vn 9.35206900 -11.96196700 98.84052900
vn -90.60925000 42.26182600 -1.97531500
vn 8.96057900 -9.96235200 99.09823200
vn -90.60925000 42.26182600 -1.97531500
vn -90.60925000 42.26182600 -1.97531500
vn 8.63828100 -7.90310400 99.31224000
vn -85.89193200 51.17684900 -1.87247600
vn 8.48106500 -6.73614200 99.41174900
vn 8.30139500 -5.32879700 99.51226400
vn -78.56695500 61.84092500 -1.71278900
vn 8.14344200 -4.03963600 99.58597100
vn -69.92477000 71.47169200 -1.52438600
vn 8.00325900 -2.89173700 99.63727100
vn -60.13630500 79.88683300 -1.31099400
vn -49.33674200 86.97545100 -1.07555900
vn 7.87570500 -1.90305300 99.67121800
vn 7.75679300 -1.09889600 99.69265100
vn -37.73678900 92.60268900 -0.82267600
vn -25.50507600 96.69116800 -0.55602000
vn 7.64281100 -0.49976800 99.70625700
vn 7.53177300 -0.12755100 99.71587700
vn -12.86098700 99.16913000 -0.28037400
vn -0.00000000 100.00000000 -0.00000000
vn 7.42286800 -0.00000000 99.72412500
vn -0.00000000 100.00000000 -0.00000000
vn 8.07227400 15.34529800 98.48533000
vn 7.51530200 7.69577000 99.41979400
vn 8.63548600 14.45434400 98.57231000
vn 7.97228100 7.24573300 99.41801700
vn 7.75148700 -0.00000000 99.69912000
vn 9.17537000 13.56019600 98.65056300
vn 8.41914900 6.79731800 99.41284800
vn 8.16663000 -0.00000000 99.66597300
vn -100.00000000 -0.00000000 0.00000000
vn -100.00000000 0.00000000 -0.00000000
vn -100.00000000 0.00000000 -0.00000000
vn -100.00000000 -0.00000000 -0.00000000
vn -91.41217900 3.15200700 -40.42126200
vn -91.41200700 3.15001400 -40.42180500
vn -66.27741100 5.80842300 -74.65632600
vn -66.27733300 5.82135200 -74.65538900
vn -31.10510900 7.38874600 -94.75166800
vn -31.10544500 7.37738200 -94.75244300
vn 10.62398500 7.72973700 -99.13315400
vn 10.62336000 7.73013900 -99.13318900
vn 10.62336000 7.73013900 -99.13318900
vn 10.59474800 5.15575600 -99.30342100
vn 10.59527700 5.15571300 -99.30336700
vn 10.57800100 2.57920200 -99.40550100
vn 10.57754000 2.57900300 -99.40555500
vn 10.57223900 -0.00000000 -99.43956800
vn 10.57179700 -0.00000000 -99.43961500
vn -0.00000000 100.00000000 -0.00000000
vn -0.00000000 100.00000000 -0.00000000
vn -31.13887200 0.00000500 -95.02826200
vn -66.30552100 0.00000500 -74.85705000
vn -0.00000000 100.00000000 -0.00000000
vn -91.38967800 0.00000200 -40.59466300
vn -0.00000000 100.00000000 -0.00000000
vn -100.00000000 -0.00000000 0.00000000
vn -100.00000000 -0.00000000 -0.00000000
vn -0.00000000 100.00000000 -0.00000000
vn -100.00000000 0.00000100 -0.00004300
vn -100.00000000 -0.00000000 0.00000000
vn -100.00000000 -0.00000000 0.00000000
vn -100.00000000 -0.00000000 0.00000000
vn -14.87984100 5.76692300 -98.71845300
vn -43.88345800 5.24018700 -89.70386100
vn -69.29690200 4.20434100 -71.97404300
vn -84.11514500 3.15376100 -53.98792700
vn -95.87509700 1.65765300 -28.37636200
vn -14.89328000 3.84463900 -98.80996400
vn -43.89320000 3.49336600 -89.78409300
vn -69.30260100 2.80275600 -72.03675500
vn -84.11810800 2.10238400 -54.03446900
vn -95.87590300 1.10502600 -28.40053200
vn 10.91368200 19.65038400 -97.44102800
vn 10.91409700 19.65018000 -97.44102300
vn 10.82973700 17.15088100 -97.92121400
vn 10.83026100 17.15042300 -97.92123600
vn 10.63636700 8.60606200 -99.05959500
vn 10.63571100 8.60505100 -99.05975300
vn -99.99635600 0.00000000 -0.85364800
vn -99.99635100 -0.00562300 -0.85420000
vn -99.02073000 0.00000000 -13.96048300
vn -99.02094100 0.00305800 -13.95898200
vn -97.96689700 0.00000000 -20.06208000
vn -97.96679600 0.00019000 -20.06257200
vn -12.68270200 16.55221000 -97.80170500
vn -39.66087600 14.64103200 -90.62370000
vn -63.91494400 11.54533900 -76.03673500
vn -78.87502000 8.58825600 -60.86849000
vn -92.01353700 4.46671400 -38.90446600
vn -14.33760100 11.28694600 -98.32109700
vn -42.65340500 10.15908000 -89.87480300
vn -67.67803900 8.11431400 -73.16994600
vn -82.65278700 6.07010000 -55.96133200
vn -94.84356700 3.17613600 -31.53743600
vn -95.69916800 2.42450900 -28.91005000
vn -83.91036000 4.63758000 -54.19911800
vn -68.96968900 6.19315000 -72.14448600
vn -43.70220300 7.72395100 -89.61282300
vn -14.92579800 8.53139300 -98.51109500
vn -100.00000000 -0.00000000 0.00000000
vn -100.00000000 -0.00000000 0.00000000
vn -0.00000000 100.00000000 -0.00000000
vn -92.38795300 0.00000000 -38.26834300
vn -0.00000000 100.00000000 -0.00000000
vn -70.71067800 0.00000000 -70.71067800
vn -0.00000000 100.00000000 -0.00000000
vn -0.00000000 100.00000000 -0.00000000
vn -38.26834300 0.00000000 -92.38795300
vn -0.00000000 100.00000000 -0.00000000
vn -0.00000000 0.00000000 -100.00000000
vn -0.00000000 100.00000000 -0.00000000
vn 38.26834300 0.00000000 -92.38795300
vn -0.00000000 100.00000000 -0.00000000
vn 70.71067800 0.00000000 -70.71067800
vn -0.00000000 100.00000000 -0.00000000
vn 92.38795300 0.00000000 -38.26834300
vn -0.00000000 100.00000000 -0.00000000
vn 100.00000000 0.00000000 -0.00000000
vn 100.00000000 0.00000000 -0.00000000
vn 100.00000000 0.00000000 -0.00000000
vn 100.00000000 0.00000000 -0.00000000
vn 100.00000000 0.00000000 -0.00000000
vn 100.00000000 0.00000000 -0.00000000
vn 12.07967100 19.96188600 -97.23993300
vn 12.07969900 19.96177000 -97.23995400
vn 12.07967100 19.96188600 -97.23993300
vn 56.68404700 16.56598100 -80.69998200
vn 56.66135200 16.56759700 -80.71558700
vn 88.62987400 9.31267000 -45.36540100
vn 88.63607600 9.31226800 -45.35336500
vn 100.00000000 0.00000000 -0.00000000
vn 100.00000000 0.00002200 -0.00016100
vn 100.00000000 -0.00000000 -0.00000000
vn 100.00000000 -0.00000000 -0.00000000
vn -0.00000000 100.00000000 -0.00000000
vn 100.00000000 0.00000000 -0.00000000
vn 100.00000000 0.00000000 -0.00000000
vn -0.00000000 100.00000000 -0.00000000
vn 93.46207600 -0.00000500 -35.56459300
vn 74.25732500 -0.00001500 -66.97648600
vn -0.00000000 100.00000000 -0.00000000
vn 46.15117000 -0.00001600 -88.71341200
vn -0.00000000 100.00000000 -0.00000000
vn 11.27860300 -0.00000000 -99.36193000
vn -0.00000000 100.00000000 -0.00000000
vn 11.27861200 -0.00000000 -99.36192900
vn 11.31153600 4.04404100 -99.27585300
vn 11.31155800 4.04407000 -99.27584900
vn 11.41015400 8.08270800 -99.01756500
vn 11.41008800 8.08272200 -99.01757200
vn 11.80142700 16.12124400 -97.98383500
vn 11.80151600 16.12127300 -97.98381900
vn 88.16502000 7.66109400 -46.56433000
vn 88.11871900 5.12534300 -46.99810900
vn 88.19365200 8.87082400 -46.29458100
vn 76.79517800 12.05432800 -62.90623100
vn 57.08931200 15.45091300 -80.63547400
vn 33.69805500 17.71779400 -92.46902600
vn 76.64841900 6.96311800 -63.84774700
vn 56.83089800 8.92014200 -81.79657700
vn 33.32512800 10.22096300 -93.72815900
vn 33.55549300 15.29247600 -92.95251000
vn 56.99055200 13.33984000 -81.08098200
vn 76.73910100 10.40956000 -63.26730200
vn 33.24395700 7.67263600 -93.99984000
vn 56.77462300 6.69726600 -82.04747900
vn 76.61644800 5.22856400 -64.05140200
vn 88.10239400 3.84877900 -47.15034500
vn 12.10207700 20.23967100 -97.17970700
vn 12.10492400 20.23967400 -97.17935200
vn 12.12604500 20.51750900 -97.11843700
vn 12.12471500 20.51749500 -97.11860600
vn 97.18056600 4.51796700 -23.14142700
vn 87.83473500 9.61935200 -46.82443100
vn 72.27635800 14.13959900 -67.64761500
vn 56.92653000 16.91193000 -80.45717400
vn 99.97624600 -0.00000000 2.17951900
vn 18.55238000 -0.00000000 98.26397700
vn 99.97624600 -0.00000000 2.17951900
vn 92.28047300 38.47424000 2.01174900
vn 18.01922200 -0.00000000 98.36314200
vn 16.51218400 -0.00000000 98.62731800
vn 70.52231500 70.88187000 1.53741300
vn 38.12917500 92.44173900 0.83123000
vn 14.26950000 -0.00000000 98.97667100
vn -0.00000000 100.00000000 0.00000000
vn -0.00000000 100.00000000 0.00000000
vn 11.63114000 -0.00000000 99.32128000
vn -6.89124200 -8.57200500 -99.39331700
vn -0.00000000 100.00000000 0.00000000
vn 0.00000200 100.00000000 0.00000000
vn -7.96873400 -8.53774700 -99.31568900
vn 38.23435300 92.39826600 0.83352300
vn 70.66128600 70.74326600 1.54044200
vn -8.69766800 -8.36259300 -99.26941900
vn -9.08387800 -8.06501500 -99.25945100
vn 92.35756000 38.28873400 2.01342900
vn -9.16196300 -7.68527600 -99.28240000
vn 99.97624600 -0.00000000 2.17951900
vn 99.97624600 -0.00000000 2.17951900
vn 2.43247400 -0.00000000 99.97041100
vn -0.00000000 100.00000000 0.00000000
vn -6.78687700 -0.00000000 99.76942600
vn -0.00000000 100.00000000 0.00000000
vn -15.94851400 -0.00000000 98.72003300
vn -0.00000000 100.00000000 0.00000000
vn -0.00000000 100.00000000 0.00000000
vn -0.00000000 100.00000000 0.00000000
vn -0.00000000 100.00000000 0.00000000
vn 13.61078600 -8.50000000 -98.70408500
vn -0.00000000 100.00000000 0.00000000
vn 9.81033100 -8.50000000 -99.15395800
vn -0.00000000 100.00000000 0.00000000
vn 5.99540400 -8.50000000 -99.45755400
vn -0.00000000 100.00000000 0.00000000
vn 2.17163100 -8.50000000 -99.61442700
vn 2.17160900 -8.50004300 -99.61442400
vn -0.00000000 -100.00000000 -0.00000000
vn 11.63114000 -0.00000000 99.32128000
vn -0.00000000 -100.00000000 -0.00000000
vn 14.27009900 -0.00000000 98.97658400
vn 38.13782200 -92.43817000 0.83141900
vn 16.51226100 -0.00000000 98.62730500
vn 70.52338200 -70.88080800 1.53743600
vn 18.01947900 -0.00000000 98.36309500
vn 92.28417000 -38.46536900 2.01182900
vn 99.97624600 -0.00000000 2.17951900
vn 18.55238000 -0.00000000 98.26397700
vn 99.97624600 -0.00000000 2.17951900
vn 99.97624600 0.00000000 2.17951900
vn 99.97624600 0.00000000 2.17951900
vn -8.76767700 -4.61212000 -99.50807100
vn 90.85649600 -41.72737700 1.98070500
vn -8.57357300 -4.17688400 -99.54419900
vn -8.18105100 -3.86531900 -99.58980700
vn 70.66163200 -70.74292000 1.54045000
vn -7.52736200 -3.63444000 -99.65003600
vn 40.13574200 -91.58797200 0.87497400
vn 0.00000100 -100.00000000 0.00000000
vn 0.00000000 -100.00000000 -0.00000000
vn -6.48885300 -3.53026800 -99.72678700
vn -9.00842100 -6.66170000 -99.37036800
vn 99.97624600 -0.00000000 2.17951900
vn 99.97624600 -0.00000000 2.17951900
vn -8.87702500 -5.63727800 -99.44556100
vn -22.81710100 -0.00000000 97.36210700
vn -99.97624600 -0.00000000 -2.17951900
vn -99.97624600 -0.00000000 -2.17951900
vn -22.28902600 -0.00000000 97.48435400
vn -92.28417000 -38.46536900 -2.01182900
vn -70.52338200 -70.88080800 -1.53743600
vn -20.79475400 -0.00000000 97.81399800
vn -18.56994400 -0.00000000 98.26065900
vn -38.13782200 -92.43817000 -0.83141900
vn -0.00000000 -100.00000000 -0.00000000
vn -15.94851400 -0.00000000 98.72003300
vn -0.00000000 -100.00000000 -0.00000000
vn -0.00000000 -100.00000000 -0.00000000
vn 13.45716200 -3.50000000 -99.02855500
vn -0.00000000 -100.00000000 -0.00000000
vn 15.73343400 -3.58520200 -98.68943900
vn -40.38155500 -91.47980700 -0.88033300
vn 17.43846300 -3.79165600 -98.39473200
vn -70.56993500 -70.83443700 -1.53845100
vn -92.41651200 -38.14615500 -2.01471400
vn 18.67822000 -4.11853800 -98.15376600
vn -99.97624600 0.00000000 -2.17951900
vn -99.97624600 0.00000000 -2.17951900
vn 19.11666000 -4.50000000 -98.05255400
vn 2.17817700 -3.49997500 -99.91499200
vn 2.17818400 -3.50000000 -99.91499100
vn 0.00000000 -100.00000000 -0.00000000
vn 5.94810800 -3.50000000 -99.76156600
vn 0.00000000 -100.00000000 -0.00000000
vn 9.70955500 -3.50000000 -99.46594700
vn 0.00000000 -100.00000000 -0.00000000
vn 0.00000000 -100.00000000 -0.00000000
vn -6.78687700 -0.00000000 99.76942600
vn 2.43247400 -0.00000000 99.97041100
vn 0.00000000 -100.00000000 -0.00000000
vn -18.56934900 -0.00000000 98.26077200
vn -38.12917500 92.44173900 -0.83123000
vn -70.52231500 70.88187000 -1.53741300
vn -20.79467800 -0.00000000 97.81401400
vn -92.28047300 38.47424000 -2.01174900
vn -22.28877100 -0.00000000 97.48441300
vn -99.97624600 -0.00000000 -2.17951900
vn -22.81710100 -0.00000000 97.36210700
vn -99.97624600 -0.00000000 -2.17951900
vn -99.97624600 0.00000000 -2.17951900
vn -99.97624600 0.00000000 -2.17951900
vn 19.25631900 -7.50000000 -97.84142400
vn 18.90985400 -7.85367400 -97.88124100
vn -93.51466600 35.36737300 -2.03865400
vn -73.51449000 67.77205400 -1.60264300
vn 17.78983200 -8.17772100 -98.06450300
vn 16.03635500 -8.40489600 -98.34730800
vn -42.55318600 90.48958900 -0.92767500
vn -99.97624600 0.00000000 -2.17951900
vn 19.15515600 -5.50060300 -97.99399700
vn -99.97624600 0.00000000 -2.17951900
vn 19.20165600 -6.50063800 -97.92363400
vn 2.16964400 -9.51132300 -99.52299900
vn 2.16963800 -9.51132900 -99.52299900
vn 2.16742100 -10.52167800 -99.42130800
vn 2.16747000 -10.52163400 -99.42131200
vn 1.95394400 -44.30394200 -89.62891700
vn 2.16498100 -11.53094100 -99.30936600
vn 1.95394400 -44.30394200 -89.62891700
vn 2.16497100 -11.53094600 -99.30936600
vn -7.05887800 -11.61798600 -99.07166400
vn -6.32399500 -44.37317800 -89.39255100
vn -10.56167800 -44.83889900 -88.75767100
vn -11.87656000 -12.15215000 -98.54578900
vn -12.92234900 -12.65521800 -98.35069100
vn -11.52601000 -45.27265200 -88.41684300
vn -11.91961800 -45.84189500 -88.07067300
vn -13.34745600 -13.32460600 -98.20539900
vn -13.38340700 -14.15476600 -98.08428500
vn -11.88464400 -46.55741600 -87.69927200
vn -11.56658800 -47.43185600 -87.27217800
vn -13.13112500 -15.13578900 -97.97184000
vn -11.16238000 -48.29835600 -86.84854700
vn -12.74686600 -16.13781900 -97.86259900
vn -10.68665700 -49.24441200 -86.37582600
vn -12.26147200 -17.23581600 -97.73731600
vn -11.15181700 -19.58183200 -97.42786500
vn -9.60796500 -51.23954800 -85.33578200
vn -9.10656500 -23.42939300 -96.78912100
vn -7.73387900 -54.45837500 -83.51330800
vn -7.36130900 -25.90797400 -96.30466200
vn -6.20087500 -56.47567400 -82.29245100
vn -4.77941900 -57.45757800 -81.70547000
vn -5.65712400 -27.13071800 -96.08288700
vn -3.22046500 -57.72592500 -81.59256200
vn -3.79918100 -27.46573500 -96.07913200
vn -2.33437900 -57.73276900 -81.61787800
vn -2.74166300 -27.47633900 -96.11209100
vn -1.44135800 -57.70683700 -81.65686400
vn -1.68590400 -27.44363800 -96.14574600
vn -0.57448400 -57.62067900 -81.72837500
vn -0.65903500 -27.33223500 -96.18999200
vn 0.27254900 -57.43867900 -81.85794900
vn 0.35874900 -27.10289700 -96.25645100
vn 1.38553600 -26.72322300 -96.35325400
vn 1.11827800 -57.12915100 -82.06710400
vn 2.43767000 -26.18956800 -96.47882800
vn 2.00902900 -56.70382700 -82.34464100
vn 4.75160700 -24.66617200 -96.79360600
vn 3.95929400 -55.46760300 -83.11238800
vn 7.46592300 -22.54480700 -97.13903300
vn 6.31950000 -53.72514800 -84.10512700
vn 9.23129200 -51.53591100 -85.19878600
vn 10.75519500 -19.92757300 -97.40234900
vn 14.61933800 -16.98661000 -97.45629800
vn 12.79861000 -49.02847700 -86.21139200
vn 16.62755100 -15.56605900 -97.37156900
vn 14.64904800 -47.79959700 -86.60602700
vn 18.34215600 -14.33350200 -97.25284600
vn 16.23441300 -46.73136900 -86.90582800
vn 19.37498000 -13.32016400 -97.19662200
vn 17.29966900 -45.84912700 -87.16982800
vn 19.56110500 -12.53734200 -97.26344800
vn 17.54468400 -45.16518800 -87.47736800
vn 16.58494100 -44.69826900 -87.90338100
vn 18.55244500 -11.99442800 -97.52917800
vn 13.87225100 -44.42883400 -88.50784900
vn 15.43257000 -11.68520400 -98.10857100
vn 2.16498100 -11.53094100 -99.30936600
vn 1.95394400 -44.30394200 -89.62891700
vn 2.16498900 -11.53094600 -99.30936600
vn 1.95394400 -44.30394200 -89.62891700
vn 2.17305900 -7.69683200 -99.67967000
vn 2.17305400 -7.69681300 -99.67967200
vn 2.17791700 -3.85127300 -99.90207400
vn 2.17790200 -3.85126400 -99.90207500
vn 2.17955500 -0.00000000 -99.97624500
vn -0.00000000 100.00000000 -0.00000000
vn 2.17951900 0.00000000 -99.97624600
vn -0.00000000 100.00000000 -0.00000000
vn 10.74315000 -0.00000000 -99.42124900
vn -0.00000000 100.00000000 -0.00000000
vn 15.89599000 -0.00000000 -98.72850400
vn -0.00000000 100.00000000 -0.00000000
vn 17.41734700 -0.00000000 -98.47149800
vn -0.00000000 100.00000000 -0.00000000
vn 16.72793600 -0.00000000 -98.59095400
vn -0.00000000 100.00000000 -0.00000000
vn 15.89364300 -0.00000000 -98.72888200
vn 14.78332300 -0.00000000 -98.90123000
vn -0.00000000 100.00000000 -0.00000000
vn 13.44347800 -0.00000000 -99.09224400
vn -0.00000000 100.00000000 -0.00000000
vn -0.00000000 100.00000000 -0.00000000
vn 12.10013300 -0.00000000 -99.26523400
vn 9.63027300 -0.00000000 -99.53520900
vn -0.00000000 100.00000000 -0.00000000
vn -0.00000000 100.00000000 -0.00000000
vn 7.36055300 -0.00000000 -99.72874300
vn -0.00000000 100.00000000 -0.00000000
vn 5.40070900 -0.00000000 -99.85405500
vn 4.52587300 -0.00000000 -99.89753000
vn -0.00000000 100.00000000 -0.00000000
vn -0.00000000 100.00000000 -0.00000000
vn 3.70158900 -0.00000000 -99.93146800
vn 2.91860100 -0.00000000 -99.95740000
vn -0.00000000 100.00000000 -0.00000000
vn 2.52158100 -0.00000000 -99.96820300
vn -0.00000000 100.00000000 -0.00000000
vn 2.10252400 -0.00000000 -99.97789500
vn -0.00000000 100.00000000 -0.00000000
vn -0.00000000 100.00000000 -0.00000000
vn 1.66613500 -0.00000000 -99.98611900
vn 1.21598000 -0.00000000 -99.99260700
vn -0.00000000 100.00000000 -0.00000000
vn 0.75453100 -0.00000000 -99.99715300
vn -0.00000000 100.00000000 -0.00000000
vn 0.28325400 -0.00000000 -99.99959900
vn -0.00000000 100.00000000 -0.00000000
vn -0.00000000 100.00000000 -0.00000000
vn -0.20616600 -0.00000000 -99.99978700
vn -0.73566400 -0.00000000 -99.99729400
vn -0.00000000 100.00000000 -0.00000000
vn -1.92949100 -0.00000000 -99.98138400
vn -0.00000000 100.00000000 -0.00000000
vn -0.00000000 100.00000000 -0.00000000
vn -3.32366700 -0.00000000 -99.94475100
vn -0.00000000 100.00000000 -0.00000000
vn -4.57520900 -0.00000000 -99.89528200
vn -0.00000000 100.00000000 -0.00000000
vn -5.50751500 -0.00000000 -99.84822100
vn -6.22631600 -0.00000000 -99.80597700
vn -0.00000000 100.00000000 -0.00000000
vn -6.84093200 -0.00000000 -99.76573400
vn -0.00000000 100.00000000 -0.00000000
vn -7.14549200 -0.00000000 -99.74438300
vn -0.00000000 100.00000000 -0.00000000
vn -7.45106600 -0.00000000 -99.72202200
vn -0.00000000 100.00000000 -0.00000000
vn -0.00000000 100.00000000 -0.00000000
vn -14.12436600 98.99700700 -0.30791600
vn -7.57218000 0.14726000 -99.71279000
vn -27.95911600 96.00998000 -0.60951900
vn -7.69548000 0.57577600 -99.70179600
vn -7.82175900 1.26036200 -99.68566400
vn -41.20715900 91.11071900 -0.89833100
vn -7.95449900 2.17626200 -99.65936900
vn -53.65386600 84.37946700 -1.16967400
vn -65.03743400 75.94815300 -1.41784000
vn -8.09833400 3.29478100 -99.61707400
vn -8.25867000 4.58672600 -99.55278200
vn -75.11875800 65.98856300 -1.63761700
vn -83.70933600 54.67556000 -1.82489500
vn -8.44149400 6.02835000 -99.46054600
vn -90.60925000 42.26182600 -1.97531500
vn -90.60925000 42.26182600 -1.97531500
vn -8.65094300 7.59196100 -99.33540800
vn -9.79382600 13.40802900 -98.61189400
vn -90.60925000 42.26182600 -1.97531500
vn -10.02970100 50.47265100 -85.74331800
vn -11.58752300 18.67424800 -97.55512200
vn -90.60925000 42.26182600 -1.97531500
vn -12.44777200 16.82372200 -97.78555800
vn -10.87185200 48.88993700 -86.55389600
vn -13.13110300 15.13564100 -97.97186600
vn -11.56345300 47.43124100 -87.27292800
vn -13.38019000 14.17807100 -98.08135800
vn -11.83744700 46.59814900 -87.68402000
vn -13.35546600 13.35444300 -98.20025600
vn -11.87553900 45.88047100 -88.05653900
vn -12.95331500 12.68214300 -98.34314900
vn -11.55174900 45.29501600 -88.40202900
vn -11.94373800 12.17238800 -98.53517200
vn -10.69276400 44.85167500 -88.73551700
vn -7.21807500 11.62349700 -99.05954600
vn -6.47981600 44.38110700 -89.37745400
vn 1.95394400 44.30394200 -89.62891700
vn 2.16497800 11.53094300 -99.30936600
vn 2.16498100 11.53094100 -99.30936600
vn 1.95394500 44.30394200 -89.62891700
vn 2.17487600 6.53283100 -99.76267900
vn 2.17486300 6.53287200 -99.76267600
vn 2.17926800 1.51834800 -99.96472100
vn 2.17929200 1.51836900 -99.96472000
vn -4.34002900 -10.15306100 -99.38852800
vn -8.86347200 10.28769000 -99.07372200
vn -8.86650900 -10.30395400 -99.07176000
vn -11.94371300 14.39568100 -98.23498400
vn -10.94940900 16.37638000 -98.04042300
vn -10.96071900 -16.39300100 -98.03638200
vn -10.03075400 -18.19258800 -97.81826900
vn -8.18232000 -21.37168800 -97.34629200
vn 2.76144500 -22.65018500 -97.36192000
vn 5.25388900 -21.03864600 -97.62055100
vn 9.53710700 -6.21051700 -99.35025500
vn 8.15335800 -18.91484300 -97.85576900
vn 11.34903100 -16.67465000 -97.94465500
vn 17.50464400 -12.73139300 -97.62939700
vn -3.96709800 -0.00000000 -99.92128000
vn -4.01799300 3.77158100 -99.84803900
vn -4.14098200 6.95755800 -99.67168400
vn -4.33883600 10.13702200 -99.39021700
vn -7.91172600 -0.00000000 -99.68653200
vn -8.04262300 3.82871600 -99.60249600
vn -8.35823500 7.06235700 -99.39951200
vn -11.18336400 -10.61530200 -98.80408800
vn -10.40986800 -7.28647500 -99.18942500
vn -9.92570100 -3.94635400 -99.42789700
vn -9.72529800 -0.00000000 -99.52596900
vn -9.92570100 3.94635500 -99.42789700
vn -10.40828500 7.27806700 -99.19020800
vn -11.17873900 10.59856800 -98.80640700
vn -12.37156700 -11.12041900 -98.60669600
vn -11.39002200 -7.63528000 -99.05538800
vn -10.77456200 -4.13587800 -99.33178400
vn -10.51937600 -0.00000000 -99.44517500
vn -10.77362000 4.13537000 -99.33190700
vn -11.38580400 7.62475200 -99.05668400
vn -12.36140500 11.09927300 -98.61035300
vn -12.74440300 -11.81314500 -98.47857500
vn -11.61951500 -8.11365100 -98.99068400
vn -10.91334400 -4.39607700 -99.30545500
vn -10.62062000 -0.00000000 -99.43441300
vn -10.91334400 4.39607800 -99.30545500
vn -11.61720900 8.10430000 -98.99172100
vn -12.73769000 11.79456600 -98.48167100
vn -12.66057900 -12.68891600 -98.38039000
vn -11.46090300 -8.71725500 -98.95785600
vn -10.70728500 -4.72395500 -99.31283000
vn -10.39480800 -0.00000000 -99.45827300
vn -10.70728500 4.72395600 -99.31283000
vn -11.45844200 8.70721200 -98.95902500
vn -12.65342200 12.66897600 -98.38388100
vn -12.35958800 -13.51175700 -98.30906900
vn -11.13834700 -9.28413600 -98.94312500
vn -10.37093500 -5.03182800 -99.33340000
vn -10.05270800 -0.00000000 -99.49343200
vn -10.37093500 5.03182900 -99.33340000
vn -11.13584200 9.27344400 -98.94441000
vn -12.35230400 13.49053600 -98.31289900
vn -11.95093300 -14.41831300 -98.23078700
vn -10.74016500 -9.90865700 -98.92657600
vn -9.97918100 -5.37100000 -99.35576600
vn -9.66360500 -0.00000000 -99.53197800
vn -9.97918100 5.37100100 -99.35576600
vn -10.73768000 9.89725000 -98.92798700
vn -11.47407100 -15.38519100 -98.14092700
vn -10.30104900 -10.57484900 -98.90430200
vn -9.56366800 -5.73283100 -99.37641000
vn -9.25787000 -0.00000000 -99.57053700
vn -9.56366800 5.73283200 -99.37641000
vn -10.29864200 10.56267900 -98.90585300
vn -11.46707700 15.36105500 -98.14552500
vn -10.49917000 -17.29598200 -97.93169300
vn -9.44339700 -11.89239100 -98.84024100
vn -8.77945300 -6.44869100 -99.40490700
vn -8.50407800 -0.00000000 -99.63774700
vn -8.77945300 6.44869200 -99.40490700
vn -9.44122900 11.87871400 -98.84209300
vn -9.83492300 11.26190000 -98.87590200
vn -9.13388000 6.11259200 -99.39420700
vn -8.84258300 -0.00000000 -99.60827600
vn -9.13526000 -6.11132700 -99.39415800
vn -9.84001200 -11.27057200 -98.87440700
vn -7.57960700 -14.71013600 -98.62130300
vn -7.19970400 -7.98180600 -99.42059700
vn -7.59593600 -0.00000000 -99.71109100
vn -7.80246300 -7.42250800 -99.41844900
vn -8.30015400 -13.68309900 -98.71109500
vn -9.09065500 -19.88853400 -97.57974300
vn -5.95791200 -23.61245200 -96.98946000
vn -5.80314700 -16.26666100 -98.49730600
vn -5.70495100 -8.83107400 -99.44579300
vn -6.60236600 -8.43393500 -99.42473300
vn -6.86148800 -15.53936700 -98.54668000
vn -7.27192900 -22.56669100 -97.14866700
vn -4.42285900 -24.02373800 -96.97060500
vn -4.43741800 -16.55369000 -98.52047800
vn -4.44613800 -8.98823500 -99.49594700
vn -2.44731900 -24.06572800 -97.03015700
vn -2.49805000 -16.58318500 -98.58376000
vn -2.53019000 -9.00448200 -99.56162600
vn -0.40407900 -23.89181700 -97.10313000
vn -0.53844200 -16.46088700 -98.63442200
vn -0.62398100 -8.93713400 -99.59788300
vn 1.65556000 -23.22478500 -97.25157300
vn 1.31917900 -15.99473000 -98.70374000
vn 1.10576100 -8.68172600 -99.61628800
vn 2.31008800 -15.59419100 -98.74960600
vn 2.02408500 -8.46268600 -99.62071100
vn 3.01669400 -8.18505900 -99.61879500
vn 3.37970300 -15.08587200 -98.79774300
vn 3.95324500 -21.91955000 -97.48797500
vn 4.55059100 -14.47427700 -98.84223500
vn 4.10591400 -7.85146000 -99.60670700
vn 5.29920900 -7.46932500 -99.57975500
vn 5.82098800 -13.77291200 -98.87579600
vn 6.64692100 -20.02659000 -97.74842300
vn 7.21529400 -13.00383400 -98.88801700
vn 6.62308000 -7.05074300 -99.53100900
vn 8.11694100 -6.60804200 -99.45073700
vn 8.77196100 -12.18960800 -98.86590000
vn 9.81007200 -17.73575800 -97.92448800
vn 10.23793300 -11.45788000 -98.81245700
vn 11.00586900 -5.81470800 -99.22227600
vn 11.73961500 -10.72893700 -98.72725700
vn 12.90321900 -15.61660500 -97.92664900
vn 14.47457200 -14.58845400 -97.86553900
vn 13.28413400 -10.02109500 -98.60582900
vn 12.53368800 -5.43050800 -99.06268800
vn 16.06624500 -13.61702600 -97.75710900
vn 14.88115200 -9.35267000 -98.44327800
vn 14.13442100 -5.06781300 -98.86625000
vn 15.63636800 -4.73726200 -98.65628400
vn 16.35820600 -8.74341400 -98.26475400
vn 18.54214700 -11.95424300 -97.53607000
vn 17.46800400 -8.20861500 -98.11976100
vn 16.79244800 -4.44705200 -98.47962900
vn 19.05548600 -11.30221900 -97.51486200
vn 18.09477700 -7.75956400 -98.04268600
vn 17.49164800 -4.20326600 -98.36856600
vn 18.89573500 -10.79116300 -97.60380100
vn 18.09883800 -7.40710200 -98.06919400
vn 17.60003400 -4.01177800 -98.35722900
vn 14.36973400 -10.23331800 -98.43165100
vn 13.97765000 -7.02133600 -98.76905500
vn 13.73451900 -3.80194600 -98.97933200
vn -8.18565200 -0.00000000 -99.66441200
vn -8.44039000 -6.78505500 -99.41188500
vn -9.05450300 -12.51118500 -98.80023400
vn -70.69388100 -70.71067800 -1.54115300
vn -70.69388100 -70.71067800 -1.54115300
vn -99.97624600 0.00000000 -2.17951900
vn -99.97624600 0.00000000 -2.17951900
vn -70.69388100 -70.71067800 -1.54115300
vn -70.69388100 -70.71067800 -1.54115300
vn -99.97624600 0.00000000 -2.17951900
vn -99.97624600 0.00000000 -2.17951900
vn -87.67172800 0.00000000 48.10060400
vn -61.99327300 -70.71067800 34.01226300
vn -51.87564200 0.00000000 85.49220900
vn -36.68161800 -70.71067800 60.45212100
vn -1.54115300 -70.71067800 70.69388100
vn -1.54115300 -70.71067800 70.69388100
vn -2.17951900 -0.00000000 99.97624600
vn -2.17951900 -0.00000000 99.97624600
vn -1.54115300 -70.71067800 70.69388100
vn -2.17951900 -0.00000000 99.97624600
vn -2.17951900 -0.00000000 99.97624600
vn -1.54115300 -70.71067800 70.69388100
vn 34.01226300 -70.71067800 61.99327300
vn 48.10060400 -0.00000000 87.67172800
vn 60.45212100 -70.71067800 36.68161800
vn 85.49220900 -0.00000000 51.87564200
vn 99.97624600 -0.00000000 2.17951900
vn 99.97624600 -0.00000000 2.17951900
vn 70.69388100 -70.71067800 1.54115300
vn 70.69388100 -70.71067800 1.54115300
vn 99.97624600 -0.00000000 2.17951900
vn 70.69388100 -70.71067800 1.54115300
vn 70.69388100 -70.71067800 1.54115300
vn 99.97624600 -0.00000000 2.17951900
vn 61.99327300 -70.71067800 -34.01226300
vn 87.67172800 -0.00000000 -48.10060400
vn 36.68161800 -70.71067800 -60.45212100
vn 51.87564200 -0.00000000 -85.49220900
vn 1.54115300 -70.71067800 -70.69388100
vn 2.17951900 0.00000000 -99.97624600
vn 2.17951900 0.00000000 -99.97624600
vn 1.54115300 -70.71067800 -70.69388100
vn 1.54115300 -70.71067800 -70.69388100
vn 1.54115300 -70.71067800 -70.69388100
vn 2.17951900 0.00000000 -99.97624600
vn 2.17951900 0.00000000 -99.97624600
vn -34.01226300 -70.71067800 -61.99327300
vn -48.10060400 0.00000000 -87.67172800
vn -85.49220900 0.00000000 -51.87564200
vn -60.45212100 -70.71067800 -36.68161800
vn 100.00000000 -0.00000000 -0.00000000
vn 0.00000000 100.00000000 0.00000000
vn 100.00000000 -0.00000000 -0.00000000
vn 0.00000000 100.00000000 0.00000000
vn 86.60254000 -0.00000000 -50.00000000
vn 0.00000000 100.00000000 0.00000000
vn 50.00000000 -0.00000000 -86.60254000
vn -0.00000000 0.00000000 -100.00000000
vn 0.00000000 100.00000000 0.00000000
vn -50.00000000 0.00000000 -86.60254000
vn 0.00000000 100.00000000 0.00000000
vn 0.00000000 100.00000000 0.00000000
vn -86.60254000 0.00000000 -50.00000000
vn 0.00000000 100.00000000 0.00000000
vn -100.00000000 0.00000000 0.00000000
vn 0.00000000 100.00000000 0.00000000
vn -86.60254000 0.00000000 50.00000000
vn 0.00000000 100.00000000 0.00000000
vn -50.00000000 0.00000000 86.60254000
vn -0.00000000 -0.00000000 100.00000000
vn 0.00000000 100.00000000 0.00000000
vn 0.00000000 100.00000000 0.00000000
vn 50.00000000 -0.00000000 86.60254000
vn 86.60254000 -0.00000000 50.00000000
vn 0.00000000 100.00000000 0.00000000
vn 0.00000000 100.00000000 0.00000000
vn 100.00000000 -0.00000000 -0.00000000
vn 100.00000000 -0.00000000 -0.00000000
vn 0.00000000 100.00000000 0.00000000
vn 86.60254000 -0.00000000 -50.00000000
vn 50.00000000 -0.00000000 -86.60254000
vn 0.00000000 100.00000000 0.00000000
vn 0.00000000 0.00000000 -100.00000000
vn 0.00000000 100.00000000 0.00000000
vn 0.00000000 100.00000000 0.00000000
vn -50.00000000 0.00000000 -86.60254000
vn -86.60254000 0.00000000 -50.00000000
vn 0.00000000 100.00000000 0.00000000
vn 0.00000000 100.00000000 0.00000000
vn -100.00000000 0.00000000 -0.00000000
vn -86.60254000 0.00000000 50.00000000
vn 0.00000000 100.00000000 0.00000000
vn 0.00000000 100.00000000 0.00000000
vn -50.00000000 0.00000000 86.60254000
vn 0.00000000 -0.00000000 100.00000000
vn 0.00000000 100.00000000 0.00000000
vn 0.00000000 100.00000000 0.00000000
vn 50.00000000 -0.00000000 86.60254000
vn 0.00000000 100.00000000 0.00000000
vn 86.60254000 -0.00000000 50.00000000
vn 100.00000000 -0.00000000 -0.00000000
vn 0.00000000 100.00000000 0.00000000
vn 100.00000000 -0.00000000 -0.00000000
vn 0.00000000 100.00000000 0.00000000
vn 86.60254000 -0.00000000 -50.00000000
vn 50.00000000 -0.00000000 -86.60254000
vn 0.00000000 100.00000000 0.00000000
vn 0.00000000 100.00000000 0.00000000
vn -0.00000000 0.00000000 -100.00000000
vn -50.00000000 0.00000000 -86.60254000
vn 0.00000000 100.00000000 0.00000000
vn -86.60254000 0.00000000 -50.00000000
vn 0.00000000 100.00000000 0.00000000
vn -100.00000000 0.00000000 0.00000000
vn 0.00000000 100.00000000 0.00000000
vn 0.00000000 100.00000000 0.00000000
vn -86.60254000 0.00000000 50.00000000
vn -50.00000000 0.00000000 86.60254000
vn 0.00000000 100.00000000 0.00000000
vn -0.00000000 -0.00000000 100.00000000
vn 0.00000000 100.00000000 0.00000000
vn 50.00000000 -0.00000000 86.60254000
vn 0.00000000 100.00000000 0.00000000
vn 86.60254000 -0.00000000 50.00000000
vn 0.00000000 100.00000000 0.00000000
vn 0.00000000 100.00000000 0.00000000
vn 100.00000000 -0.00000000 -0.00000000
vn 100.00000000 -0.00000000 -0.00000000
vn 86.60254000 -0.00000000 -50.00000000
vn 0.00000000 100.00000000 0.00000000
vn 50.00000000 -0.00000000 -86.60254000
vn 0.00000000 100.00000000 0.00000000
vn -0.00000000 0.00000000 -100.00000000
vn 0.00000000 100.00000000 0.00000000
vn 0.00000000 100.00000000 0.00000000
vn -50.00000000 0.00000000 -86.60254000
vn -86.60254000 0.00000000 -50.00000000
vn 0.00000000 100.00000000 0.00000000
vn 0.00000000 100.00000000 0.00000000
vn -100.00000000 0.00000000 0.00000000
vn -86.60254000 0.00000000 50.00000000
vn 0.00000000 100.00000000 0.00000000
vn -50.00000000 0.00000000 86.60254000
vn 0.00000000 100.00000000 0.00000000
vn -0.00000000 -0.00000000 100.00000000
vn 0.00000000 100.00000000 0.00000000
vn 50.00000000 -0.00000000 86.60254000
vn 0.00000000 100.00000000 0.00000000
vn 86.60254000 -0.00000000 50.00000000
vn 0.00000000 100.00000000 0.00000000
vn 100.00000000 -0.00000000 -0.00000000
vn 100.00000000 -0.00000000 -0.00000000
vn 0.00000000 100.00000000 0.00000000
vn 86.60254000 -0.00000000 -50.00000000
vn 0.00000000 100.00000000 0.00000000
vn 0.00000000 100.00000000 0.00000000
vn 50.00000000 -0.00000000 -86.60254000
vn 0.00000000 0.00000000 -100.00000000
vn 0.00000000 100.00000000 0.00000000
vn 0.00000000 100.00000000 0.00000000
vn -50.00000000 0.00000000 -86.60254000
vn 0.00000000 100.00000000 0.00000000
vn -86.60254000 0.00000000 -50.00000000
vn 0.00000000 100.00000000 0.00000000
vn -100.00000000 0.00000000 0.00000000
vn 0.00000000 100.00000000 0.00000000
vn -86.60254000 0.00000000 50.00000000
vn 0.00000000 100.00000000 0.00000000
vn -50.00000000 0.00000000 86.60254000
vn 0.00000000 -0.00000000 100.00000000
vn 0.00000000 100.00000000 0.00000000
vn 0.00000000 100.00000000 0.00000000
vn 50.00000000 -0.00000000 86.60254000
vn 86.60254000 -0.00000000 50.00000000
vn 0.00000000 100.00000000 0.00000000
vn -100.00000000 0.00000000 0.00000000
vn -100.00000000 0.00000000 0.00000000
vn 0.00000000 100.00000000 0.00000000
vn -88.54560300 0.00000000 -46.47231700
vn 0.00000000 100.00000000 0.00000000
vn 0.00000000 100.00000000 0.00000000
vn -56.80647500 0.00000000 -82.29838700
vn -12.05366800 0.00000000 -99.27088700
vn 0.00000000 100.00000000 0.00000000
vn 0.00000000 100.00000000 0.00000000
vn 35.46048900 -0.00000000 -93.50162400
vn 74.85107500 -0.00000000 -66.31226600
vn 0.00000000 100.00000000 0.00000000
vn 97.09418200 -0.00000000 -23.93156600
vn 0.00000000 100.00000000 0.00000000
vn 97.09418200 -0.00000000 23.93156600
vn 0.00000000 100.00000000 0.00000000
vn 74.85107500 -0.00000000 66.31226600
vn 0.00000000 100.00000000 0.00000000
vn 35.46048900 -0.00000000 93.50162400
vn 0.00000000 100.00000000 0.00000000
vn -12.05366800 0.00000000 99.27088700
vn 0.00000000 100.00000000 0.00000000
vn -56.80647500 0.00000000 82.29838700
vn 0.00000000 100.00000000 0.00000000
vn -88.54560300 0.00000000 46.47231700
vn 0.00000000 100.00000000 0.00000000
vn 100.00000000 -0.00000000 -0.00000000
vn 100.00000000 -0.00000000 -0.00000000
vn 0.00000000 100.00000000 0.00000000
vn 0.00000000 100.00000000 0.00000000
vn 86.60254000 -0.00000000 -50.00000000
vn 0.00000000 100.00000000 0.00000000
vn 50.00000000 -0.00000000 -86.60254000
vn 0.00000000 100.00000000 0.00000000
vn -0.00000000 0.00000000 -100.00000000
vn 0.00000000 100.00000000 0.00000000
vn -50.00000000 0.00000000 -86.60254000
vn 0.00000000 100.00000000 0.00000000
vn -86.60254000 0.00000000 -50.00000000
vn 0.00000000 100.00000000 0.00000000
vn -100.00000000 0.00000000 -0.00000000
vn 0.00000000 100.00000000 0.00000000
vn -86.60254000 0.00000000 50.00000000
vn -50.00000000 0.00000000 86.60254000
vn 0.00000000 100.00000000 0.00000000
vn -0.00000000 -0.00000000 100.00000000
vn 0.00000000 100.00000000 0.00000000
vn 0.00000000 100.00000000 0.00000000
vn 50.00000000 -0.00000000 86.60254000
vn 86.60254000 -0.00000000 50.00000000
vn 0.00000000 100.00000000 0.00000000
vn -100.00000000 0.00000000 0.00000000
vn 0.00000000 100.00000000 0.00000000
vn -100.00000000 0.00000000 0.00000000
vn 0.00000000 100.00000000 0.00000000
vn -88.54560300 0.00000000 -46.47231700
vn 0.00000000 100.00000000 0.00000000
vn -56.80647500 0.00000000 -82.29838700
vn -12.05366800 0.00000000 -99.27088700
vn 0.00000000 100.00000000 0.00000000
vn 0.00000000 100.00000000 0.00000000
vn 35.46048900 -0.00000000 -93.50162400
vn 0.00000000 100.00000000 0.00000000
vn 74.85107500 -0.00000000 -66.31226600
vn 97.09418200 -0.00000000 -23.93156600
vn 0.00000000 100.00000000 0.00000000
vn 97.09418200 -0.00000000 23.93156600
vn 0.00000000 100.00000000 0.00000000
vn 0.00000000 100.00000000 0.00000000
vn 74.85107500 -0.00000000 66.31226600
vn 0.00000000 100.00000000 0.00000000
vn 35.46048900 -0.00000000 93.50162400
vn -12.05366800 0.00000000 99.27088700
vn 0.00000000 100.00000000 0.00000000
vn 0.00000000 100.00000000 0.00000000
vn -56.80647500 0.00000000 82.29838700
vn -88.54560300 0.00000000 46.47231700
vn 0.00000000 100.00000000 0.00000000
vn 100.00000000 -0.00000000 -0.00000000
vn 0.00000000 100.00000000 0.00000000
vn 100.00000000 -0.00000000 -0.00000000
vn 86.60254000 -0.00000000 -50.00000000
vn 0.00000000 100.00000000 0.00000000
vn 0.00000000 100.00000000 0.00000000
vn 50.00000000 -0.00000000 -86.60254000
vn 0.00000000 100.00000000 0.00000000
vn -0.00000000 0.00000000 -100.00000000
vn 0.00000000 100.00000000 0.00000000
vn -50.00000000 0.00000000 -86.60254000
vn 0.00000000 100.00000000 0.00000000
vn -86.60254000 0.00000000 -50.00000000
vn -100.00000000 0.00000000 -0.00000000
vn 0.00000000 100.00000000 0.00000000
vn -86.60254000 0.00000000 50.00000000
vn 0.00000000 100.00000000 0.00000000
vn -50.00000000 0.00000000 86.60254000
vn 0.00000000 100.00000000 0.00000000
vn 0.00000000 100.00000000 0.00000000
vn -0.00000000 -0.00000000 100.00000000
vn 0.00000000 100.00000000 0.00000000
vn 50.00000000 -0.00000000 86.60254000
vn 0.00000000 100.00000000 0.00000000
vn 86.60254000 -0.00000000 50.00000000
vn -100.00000000 0.00000000 0.00000000
vn 0.00000000 100.00000000 0.00000000
vn -100.00000000 0.00000000 0.00000000
vn 0.00000000 100.00000000 0.00000000
vn -88.54560300 0.00000000 -46.47231700
vn -56.80647500 0.00000000 -82.29838700
vn 0.00000000 100.00000000 0.00000000
vn -12.05366800 0.00000000 -99.27088700
vn 0.00000000 100.00000000 0.00000000
vn 35.46048900 -0.00000000 -93.50162400
vn 0.00000000 100.00000000 0.00000000
vn 0.00000000 100.00000000 0.00000000
vn 74.85107500 -0.00000000 -66.31226600
vn 97.09418200 -0.00000000 -23.93156600
vn 0.00000000 100.00000000 0.00000000
vn 0.00000000 100.00000000 0.00000000
vn 97.09418200 -0.00000000 23.93156600
vn 74.85107500 -0.00000000 66.31226600
vn 0.00000000 100.00000000 0.00000000
vn 0.00000000 100.00000000 0.00000000
vn 35.46048900 -0.00000000 93.50162400
vn -12.05366800 0.00000000 99.27088700
vn 0.00000000 100.00000000 0.00000000
vn 0.00000000 100.00000000 0.00000000
vn -56.80647500 0.00000000 82.29838700
vn -88.54560300 0.00000000 46.47231700
vn 0.00000000 100.00000000 0.00000000
vn 100.00000000 -0.00000000 -0.00000000
vn 100.00000000 -0.00000000 -0.00000000
vn 0.00000000 100.00000000 0.00000000
vn 86.60254000 -0.00000000 -50.00000000
vn 0.00000000 100.00000000 0.00000000
vn 50.00000000 -0.00000000 -86.60254000
vn 0.00000000 100.00000000 0.00000000
vn 0.00000000 0.00000000 -100.00000000
vn 0.00000000 100.00000000 0.00000000
vn -50.00000000 0.00000000 -86.60254000
vn 0.00000000 100.00000000 0.00000000
vn -86.60254000 0.00000000 -50.00000000
vn 0.00000000 100.00000000 0.00000000
vn -100.00000000 0.00000000 -0.00000000
vn 0.00000000 100.00000000 0.00000000
vn -86.60254000 0.00000000 50.00000000
vn 0.00000000 100.00000000 0.00000000
vn -50.00000000 0.00000000 86.60254000
vn 0.00000000 100.00000000 0.00000000
vn 0.00000000 -0.00000000 100.00000000
vn 0.00000000 100.00000000 0.00000000
vn 0.00000000 100.00000000 0.00000000
vn 50.00000000 -0.00000000 86.60254000
vn 86.60254000 -0.00000000 50.00000000
vn 0.00000000 100.00000000 0.00000000
vn -100.00000000 0.00000000 0.00000000
vn 0.00000000 100.00000000 0.00000000
vn -100.00000000 0.00000000 0.00000000
vn -88.54560300 0.00000000 -46.47231700
vn 0.00000000 100.00000000 0.00000000
vn 0.00000000 100.00000000 0.00000000
vn -56.80647500 0.00000000 -82.29838700
vn 0.00000000 100.00000000 0.00000000
vn -12.05366800 0.00000000 -99.27088700
vn 35.46048900 -0.00000000 -93.50162400
vn 0.00000000 100.00000000 0.00000000
vn 0.00000000 100.00000000 0.00000000
vn 74.85107500 -0.00000000 -66.31226600
vn 97.09418200 -0.00000000 -23.93156600
vn 0.00000000 100.00000000 0.00000000
vn 97.09418200 -0.00000000 23.93156600
vn 0.00000000 100.00000000 0.00000000
vn 74.85107500 -0.00000000 66.31226600
vn 0.00000000 100.00000000 0.00000000
vn 0.00000000 100.00000000 0.00000000
vn 35.46048900 -0.00000000 93.50162400
vn -12.05366800 0.00000000 99.27088700
vn 0.00000000 100.00000000 0.00000000
vn -56.80647500 0.00000000 82.29838700
vn 0.00000000 100.00000000 0.00000000
vn 0.00000000 100.00000000 0.00000000
vn -88.54560300 0.00000000 46.47231700
vn -2.17951900 -0.00000000 99.97624600
vn -2.17951900 -0.00000000 99.97624600
vn -2.17951900 -0.00000000 99.97624600
vn -2.17951900 -0.00000000 99.97624600
vn -1.88751900 50.00000000 86.58196900
vn -1.88751900 50.00000000 86.58196900
vn -1.08976000 86.60254000 49.98812300
vn -1.08976000 86.60254000 49.98812300
vn 0.00000000 100.00000000 -0.00000000
vn 0.00000000 100.00000000 -0.00000000
vn 0.00000000 100.00000000 -0.00000000
vn 0.00000000 100.00000000 -0.00000000
vn 0.00000000 100.00000000 -0.00000000
vn -0.00000000 100.00000000 0.00000000
vn 78.20203200 -0.00000000 62.32529400
vn -0.78408500 93.30482000 35.96659100
vn 72.62204600 -0.00000000 68.74618800
vn -1.46695300 73.95854700 67.29027700
vn 66.90776700 -0.00000000 74.31924800
vn 62.07958700 -0.00000000 78.39722500
vn -1.96833600 42.94182100 90.28912200
vn -2.12415700 22.39566600 97.43675900
vn 60.44752600 -0.00000000 79.66239100
vn -2.17951900 -0.00000000 99.97624600
vn -2.17951900 -0.00000000 99.97624600
vn 59.85120900 -0.00000000 80.11137700
vn -1.88751900 50.00000000 86.58196900
vn -1.88751900 50.00000000 86.58196900
vn -1.08976000 86.60254000 49.98812300
vn -1.08976000 86.60254000 49.98812300
vn 70.69767000 70.70984500 1.39903100
vn 70.69767000 70.70984500 1.39903100
vn 70.69767000 70.70984500 1.39903100
vn 70.69767000 70.70984500 1.39903100
vn 49.99089300 86.60214800 0.98926600
vn 49.99089300 86.60214800 0.98926600
vn 25.87721800 96.59248100 0.51208200
vn 25.87721800 96.59248100 0.51208200
vn 0.00000000 100.00000000 0.00000000
vn 0.00000000 100.00000000 0.00000000
vn 0.00000000 100.00000000 0.00000000
vn 0.00000000 100.00000000 0.00000000
vn 25.87721800 96.59248100 0.51208200
vn 25.87721800 96.59248100 0.51208200
vn 49.99089300 86.60214800 0.98926600
vn 49.99089300 86.60214800 0.98926600
vn 70.69767000 70.70984500 1.39903100
vn 70.69767000 70.70984500 1.39903100
vn 70.69767000 70.70984500 1.39903100
vn 70.69767000 70.70984500 1.39903100
vn 1.08976000 86.60254000 -49.98812300
vn 1.08976000 86.60254000 -49.98812300
vn 1.88751900 50.00000000 -86.58196900
vn 1.88751900 50.00000000 -86.58196900
vn 2.17951900 0.00000000 -99.97624600
vn 2.17951900 0.00000000 -99.97624600
vn 2.17951900 0.00000000 -99.97624600
vn 2.17951900 0.00000000 -99.97624600
vn 63.28560300 0.00000000 -77.42694900
vn 2.17951900 0.00000000 -99.97624600
vn 2.17951900 0.00000000 -99.97624600
vn 63.85444800 0.00000000 -76.95849200
vn 2.12486200 22.25449100 -97.46908500
vn 65.40293000 0.00000000 -75.64692200
vn 1.97173600 42.61222800 -90.44506800
vn 1.47033700 73.81694300 -67.44551100
vn 70.05354000 0.00000000 -71.36176500
vn 0.78872600 93.22243500 -36.17949200
vn 75.51480600 0.00000000 -65.55542800
vn 0.00000000 100.00000000 -0.00000000
vn -0.00000000 100.00000000 0.00000000
vn 80.84387300 0.00000000 -58.85803400
vn 1.08976000 86.60254000 -49.98812300
vn 1.08976000 86.60254000 -49.98812300
vn 1.88751900 50.00000000 -86.58196900
vn 1.88751900 50.00000000 -86.58196900
vn 62.28137500 61.20304700 -48.73620200
vn 62.28137500 61.20304700 -48.73620200
vn 37.20633900 35.32593400 -85.83569600
vn 37.20633900 35.32593400 -85.83569600
vn 38.25984600 46.72236100 -79.70699600
vn 38.25984600 80.61564400 -45.13648300
vn 25.06356400 27.08273100 92.94268900
vn 25.06356400 27.08273100 92.94268900
vn 48.48412600 50.03499100 71.73415600
vn 48.48412600 50.03499100 71.73415600
vn 64.51022500 65.35626100 39.58522600
vn 64.51022500 65.35626100 39.58522600
vn 37.25066900 80.37186700 46.39774500
vn 37.25066900 46.40252300 80.36910800
vn 95.42208600 0.00000000 -29.91029000
vn -0.00000000 100.00000000 0.00000000
vn 99.97624600 -0.00000000 2.17951900
vn 99.97624600 -0.00000000 2.17951900
vn -0.00000000 100.00000000 0.00000000
vn -0.00000000 100.00000000 0.00000000
vn 94.02793800 -0.00000000 34.04037100
vn -0.00000000 100.00000000 0.00000000
vn 100.00000000 0.00000000 -0.00000000
vn 100.00000000 0.00000000 -0.00000000
vn 86.60254000 -0.00000000 50.00000000
vn -0.00000000 100.00000000 0.00000000
vn 50.00000000 -0.00000000 86.60254000
vn -0.00000000 100.00000000 0.00000000
vn 0.00000000 -0.00000000 100.00000000
vn -0.00000000 100.00000000 0.00000000
vn -0.00000000 100.00000000 0.00000000
vn -50.00000000 -0.00000000 86.60254000
vn -0.00000000 100.00000000 0.00000000
vn -86.60254000 -0.00000000 50.00000000
vn -100.00000000 -0.00000000 0.00000000
vn -0.00000000 100.00000000 0.00000000
vn -0.00000000 100.00000000 0.00000000
vn -86.60254000 0.00000000 -50.00000000
vn -0.00000000 100.00000000 0.00000000
vn -50.00000000 0.00000000 -86.60254000
vn -0.00000000 0.00000000 -100.00000000
vn -0.00000000 100.00000000 0.00000000
vn 50.00000000 0.00000000 -86.60254000
vn -0.00000000 100.00000000 0.00000000
vn -0.00000000 100.00000000 0.00000000
vn 86.60254000 0.00000000 -50.00000000
vn 100.00000000 0.00000000 -0.00000000
vn 100.00000000 0.00000000 -0.00000000
vn -0.00000000 100.00000000 -0.00000000
vn -0.00000000 100.00000000 -0.00000000
vn 86.60254000 0.00000000 -50.00000000
vn -0.00000000 100.00000000 -0.00000000
vn 50.00000000 0.00000000 -86.60254000
vn -0.00000000 100.00000000 -0.00000000
vn -0.00000000 0.00000000 -100.00000000
vn -0.00000000 100.00000000 -0.00000000
vn -50.00000000 0.00000000 -86.60254000
vn -86.60254000 0.00000000 -50.00000000
vn -0.00000000 100.00000000 -0.00000000
vn -0.00000000 100.00000000 -0.00000000
vn -100.00000000 -0.00000000 0.00000000
vn -0.00000000 100.00000000 -0.00000000
vn -86.60254000 -0.00000000 50.00000000
vn -50.00000000 -0.00000000 86.60254000
vn -0.00000000 100.00000000 -0.00000000
vn -0.00000000 100.00000000 -0.00000000
vn 0.00000000 -0.00000000 100.00000000
vn 50.00000000 -0.00000000 86.60254000
vn -0.00000000 100.00000000 -0.00000000
vn 86.60254000 -0.00000000 50.00000000
vn -0.00000000 100.00000000 -0.00000000
vn 100.00000000 0.00000000 -0.00000000
vn 100.00000000 0.00000000 -0.00000000
vn -0.00000000 100.00000000 0.00000000
vn 86.60254000 -0.00000000 50.00000000
vn -0.00000000 100.00000000 0.00000000
vn -0.00000000 100.00000000 0.00000000
vn 50.00000000 -0.00000000 86.60254000
vn -0.00000000 100.00000000 0.00000000
vn 0.00000000 -0.00000000 100.00000000
vn -0.00000000 100.00000000 0.00000000
vn -50.00000000 -0.00000000 86.60254000
vn -86.60254000 -0.00000000 50.00000000
vn -0.00000000 100.00000000 0.00000000
vn -0.00000000 100.00000000 0.00000000
vn -100.00000000 -0.00000000 0.00000000
vn -86.60254000 0.00000000 -50.00000000
vn -0.00000000 100.00000000 0.00000000
vn -0.00000000 100.00000000 0.00000000
vn -50.00000000 0.00000000 -86.60254000
vn -0.00000000 100.00000000 0.00000000
vn -0.00000000 0.00000000 -100.00000000
vn -0.00000000 100.00000000 0.00000000
vn 50.00000000 0.00000000 -86.60254000
vn -0.00000000 100.00000000 0.00000000
vn 86.60254000 0.00000000 -50.00000000
vn 100.00000000 0.00000000 -0.00000000
vn 100.00000000 0.00000000 -0.00000000
vn -0.00000000 100.00000000 -0.00000000
vn -0.00000000 100.00000000 -0.00000000
vn 86.60254000 0.00000000 -50.00000000
vn 50.00000000 0.00000000 -86.60254000
vn -0.00000000 100.00000000 -0.00000000
vn -0.00000000 100.00000000 -0.00000000
vn -0.00000000 0.00000000 -100.00000000
vn -0.00000000 100.00000000 -0.00000000
vn -50.00000000 0.00000000 -86.60254000
vn -86.60254000 0.00000000 -50.00000000
vn -0.00000000 100.00000000 -0.00000000
vn -0.00000000 100.00000000 -0.00000000
vn -100.00000000 -0.00000000 0.00000000
vn -0.00000000 100.00000000 -0.00000000
vn -86.60254000 -0.00000000 50.00000000
vn -50.00000000 -0.00000000 86.60254000
vn -0.00000000 100.00000000 -0.00000000
vn -0.00000000 100.00000000 -0.00000000
vn 0.00000000 -0.00000000 100.00000000
vn -0.00000000 100.00000000 -0.00000000
vn 50.00000000 -0.00000000 86.60254000
vn 86.60254000 -0.00000000 50.00000000
vn -0.00000000 100.00000000 -0.00000000
vn 100.00000000 0.00000000 -0.00000000
vn 100.00000000 0.00000000 -0.00000000
vn -0.00000000 100.00000000 0.00000000
vn -0.00000000 100.00000000 0.00000000
vn 86.60254000 -0.00000000 50.00000000
vn -0.00000000 100.00000000 0.00000000
vn 50.00000000 -0.00000000 86.60254000
vn 0.00000000 -0.00000000 100.00000000
vn -0.00000000 100.00000000 0.00000000
vn -50.00000000 -0.00000000 86.60254000
vn -0.00000000 100.00000000 0.00000000
vn -0.00000000 100.00000000 0.00000000
vn -86.60254000 -0.00000000 50.00000000
vn -100.00000000 -0.00000000 0.00000000
vn -0.00000000 100.00000000 0.00000000
vn -0.00000000 100.00000000 0.00000000
vn -86.60254000 0.00000000 -50.00000000
vn -50.00000000 0.00000000 -86.60254000
vn -0.00000000 100.00000000 0.00000000
vn -0.00000000 0.00000000 -100.00000000
vn -0.00000000 100.00000000 0.00000000
vn -0.00000000 100.00000000 0.00000000
vn 50.00000000 0.00000000 -86.60254000
vn -0.00000000 100.00000000 0.00000000
vn 86.60254000 0.00000000 -50.00000000
vn 100.00000000 0.00000000 -0.00000000
vn -0.00000000 100.00000000 -0.00000000
vn 100.00000000 0.00000000 -0.00000000
vn 86.60254000 0.00000000 -50.00000000
vn -0.00000000 100.00000000 -0.00000000
vn -0.00000000 100.00000000 -0.00000000
vn 50.00000000 0.00000000 -86.60254000
vn -0.00000000 0.00000000 -100.00000000
vn -0.00000000 100.00000000 -0.00000000
vn -0.00000000 100.00000000 -0.00000000
vn -50.00000000 0.00000000 -86.60254000
vn -0.00000000 100.00000000 -0.00000000
vn -86.60254000 0.00000000 -50.00000000
vn -0.00000000 100.00000000 -0.00000000
vn -100.00000000 -0.00000000 0.00000000
vn -86.60254000 -0.00000000 50.00000000
vn -0.00000000 100.00000000 -0.00000000
vn -50.00000000 -0.00000000 86.60254000
vn -0.00000000 100.00000000 -0.00000000
vn -0.00000000 100.00000000 -0.00000000
vn 0.00000000 -0.00000000 100.00000000
vn -0.00000000 100.00000000 -0.00000000
vn 50.00000000 -0.00000000 86.60254000
vn -0.00000000 100.00000000 -0.00000000
vn 86.60254000 -0.00000000 50.00000000
vn -0.00000000 100.00000000 0.00000000
vn 100.00000000 0.00000000 -0.00000000
vn 100.00000000 0.00000000 -0.00000000
vn 86.60254000 -0.00000000 50.00000000
vn -0.00000000 100.00000000 0.00000000
vn -0.00000000 100.00000000 0.00000000
vn 50.00000000 -0.00000000 86.60254000
vn 0.00000000 -0.00000000 100.00000000
vn -0.00000000 100.00000000 0.00000000
vn -50.00000000 -0.00000000 86.60254000
vn -0.00000000 100.00000000 0.00000000
vn -86.60254000 -0.00000000 50.00000000
vn -0.00000000 100.00000000 0.00000000
vn -100.00000000 -0.00000000 0.00000000
vn -0.00000000 100.00000000 0.00000000
vn -86.60254000 0.00000000 -50.00000000
vn -0.00000000 100.00000000 0.00000000
vn -0.00000000 100.00000000 0.00000000
vn -50.00000000 0.00000000 -86.60254000
vn -0.00000000 0.00000000 -100.00000000
vn -0.00000000 100.00000000 0.00000000
vn 50.00000000 0.00000000 -86.60254000
vn -0.00000000 100.00000000 0.00000000
vn -0.00000000 100.00000000 0.00000000
vn 86.60254000 0.00000000 -50.00000000
vn 100.00000000 0.00000000 -0.00000000
vn 100.00000000 0.00000000 -0.00000000
vn -0.00000000 100.00000000 -0.00000000
vn 86.60254000 0.00000000 -50.00000000
vn -0.00000000 100.00000000 -0.00000000
vn -0.00000000 100.00000000 -0.00000000
vn 50.00000000 0.00000000 -86.60254000
vn -0.00000000 0.00000000 -100.00000000
vn -0.00000000 100.00000000 -0.00000000
vn -50.00000000 0.00000000 -86.60254000
vn -0.00000000 100.00000000 -0.00000000
vn -86.60254000 0.00000000 -50.00000000
vn -0.00000000 100.00000000 -0.00000000
vn -0.00000000 100.00000000 -0.00000000
vn -100.00000000 -0.00000000 0.00000000
vn -0.00000000 100.00000000 -0.00000000
vn -86.60254000 -0.00000000 50.00000000
vn -0.00000000 100.00000000 -0.00000000
vn -50.00000000 -0.00000000 86.60254000
vn -0.00000000 100.00000000 -0.00000000
vn 0.00000000 -0.00000000 100.00000000
vn -0.00000000 100.00000000 -0.00000000
vn 50.00000000 -0.00000000 86.60254000
vn 86.60254000 -0.00000000 50.00000000
vn -0.00000000 100.00000000 -0.00000000
vn -0.00000000 100.00000000 -0.00000000
vn 100.00000000 0.00000000 -0.00000000
vn 100.00000000 0.00000000 -0.00000000
vn -0.00000000 100.00000000 -0.00000000
vn 92.38795300 -0.00000000 38.26834300
vn -0.00000000 100.00000000 -0.00000000
vn 70.71067800 -0.00000000 70.71067800
vn -0.00000000 100.00000000 -0.00000000
vn 38.26834300 -0.00000000 92.38795300
vn -0.00000000 100.00000000 -0.00000000
vn 0.00000000 -0.00000000 100.00000000
vn -0.00000000 100.00000000 -0.00000000
vn -38.26834300 -0.00000000 92.38795300
vn -70.71067800 -0.00000000 70.71067800
vn -0.00000000 100.00000000 -0.00000000
vn -0.00000000 100.00000000 -0.00000000
vn -92.38795300 -0.00000000 38.26834300
vn -15.21428500 0.00000000 -98.83585100
vn -0.00000000 100.00000000 -0.00000000
vn -32.14581200 0.00000000 -94.69238000
vn -0.00000000 100.00000000 -0.00000000
vn -0.00000000 100.00000000 -0.00000000
vn -48.10060400 0.00000000 -87.67172800
vn -62.59388300 0.00000000 -77.98721500
vn -0.00000000 100.00000000 -0.00000000
vn -75.18527900 0.00000000 -65.93310100
vn -0.00000000 100.00000000 -0.00000000
vn -0.00000000 100.00000000 -0.00000000
vn -85.49220900 0.00000000 -51.87564200
vn -0.00000000 100.00000000 -0.00000000
vn -93.20150100 0.00000000 -36.24196800
vn -98.07891200 0.00000000 -19.50710000
vn -0.00000000 100.00000000 -0.00000000
vn -99.97624600 0.00000000 -2.17951900
vn -0.00000000 100.00000000 -0.00000000
vn -0.00000000 100.00000000 -0.00000000
vn -98.83585100 0.00000000 15.21428500
vn -0.00000000 100.00000000 -0.00000000
vn -94.69238000 0.00000000 32.14581200
vn -87.67172800 0.00000000 48.10060400
vn -0.00000000 100.00000000 -0.00000000
vn -0.00000000 100.00000000 -0.00000000
vn -77.98721500 0.00000000 62.59388300
vn -0.00000000 100.00000000 -0.00000000
vn -65.93310100 0.00000000 75.18527900
vn -0.00000000 100.00000000 -0.00000000
vn -51.87564200 0.00000000 85.49220900
vn -36.24196800 0.00000000 93.20150100
vn -0.00000000 100.00000000 -0.00000000
vn -0.00000000 100.00000000 -0.00000000
vn -19.50710000 0.00000000 98.07891200
vn -0.00000000 100.00000000 -0.00000000
vn -2.17948300 -0.00000000 99.97624600
vn -2.17951900 0.00000000 99.97624600
vn 9.57299200 -0.00000000 99.54073500
vn -0.00000000 100.00000000 -0.00000000
vn -0.00000000 100.00000000 -0.00000000
vn 13.10483600 -0.00000000 99.13759800
vn -0.00000000 100.00000000 -0.00000000
vn 12.83770400 -0.00000000 99.17254300
vn -0.00000000 100.00000000 -0.00000000
vn 11.97391900 -0.00000000 99.28053800
vn -0.00000000 100.00000000 -0.00000000
vn 10.65615900 -0.00000000 99.43061000
vn -0.00000000 100.00000000 -0.00000000
vn 9.01621900 -0.00000000 99.59271000
vn -0.00000000 100.00000000 -0.00000000
vn 7.37618100 -0.00000000 99.72758900
vn 5.81907000 -0.00000000 99.83054900
vn -0.00000000 100.00000000 -0.00000000
vn 4.32887200 -0.00000000 99.90626000
vn -0.00000000 100.00000000 -0.00000000
vn -0.00000000 100.00000000 -0.00000000
vn 2.90537800 -0.00000000 99.95778500
vn 1.62732000 -0.00000000 99.98675800
vn -0.00000000 100.00000000 -0.00000000
vn 0.48228500 -0.00000000 99.99883700
vn -0.00000000 100.00000000 -0.00000000
vn -0.00000000 100.00000000 -0.00000000
vn -0.55760600 -0.00000000 99.99844500
vn -1.51128700 -0.00000000 99.98857900
vn -0.00000000 100.00000000 -0.00000000
vn -3.19978300 -0.00000000 99.94879400
vn -0.00000000 100.00000000 -0.00000000
vn -0.00000000 100.00000000 -0.00000000
vn -4.71869000 -0.00000000 99.88860800
vn -0.00000000 100.00000000 -0.00000000
vn -6.36911500 -0.00000000 99.79696600
vn -8.20078500 -0.00000000 99.66316800
vn -0.00000000 100.00000000 -0.00000000
vn -0.00000000 100.00000000 -0.00000000
vn -9.53191400 -0.00000000 99.54467600
vn -0.00000000 100.00000000 -0.00000000
vn -10.42453300 -0.00000000 99.45516100
vn -0.00000000 100.00000000 -0.00000000
vn -11.11269900 -0.00000000 99.38062100
vn -0.00000000 100.00000000 -0.00000000
vn -11.44949200 -0.00000000 99.34238300
vn 0.00422800 100.00000000 0.00009200
vn -11.78988100 -0.00000000 99.30256100
vn -0.00000000 100.00000000 -0.00000000
vn -0.00000000 100.00000000 -0.00000000
vn -0.00000000 100.00000000 -0.00000000
vn 11.76179700 0.00000000 -99.30589200
vn 9.40572600 -0.00011500 -99.55667900
vn -0.00000000 100.00000000 -0.00000000
vn 7.43282600 -0.00020600 -99.72338300
vn -0.00000000 100.00000000 -0.00000000
vn 5.23902200 -0.00026000 -99.86266900
vn -0.00000000 100.00000000 -0.00000000
vn -0.00000000 100.00000000 -0.00000000
vn 4.21185500 -0.00026700 -99.91126200
vn -0.00000000 100.00000000 -0.00000000
vn 3.20383700 -0.00025700 -99.94866400
vn -0.00000000 100.00000000 -0.00000000
vn 2.19145100 -0.00022900 -99.97598500
vn 1.08687300 -0.00018000 -99.99409300
vn -0.00000000 100.00000000 -0.00000000
vn -0.17710500 -0.00010500 -99.99984300
vn -0.00000000 100.00000000 -0.00000000
vn -0.00000000 100.00000000 -0.00000000
vn -7.46196200 0.00008800 -99.72120700
vn -0.00000000 100.00000000 -0.00000000
vn -9.46689800 0.00013800 -99.55088100
vn -0.00000000 100.00000000 -0.00000000
vn -11.32987300 0.00016200 -99.35609700
vn -0.00000000 100.00000000 -0.00000000
vn -12.83653900 0.00017200 -99.17269400
vn -13.04469900 0.00016800 -99.14552900
vn -0.00000000 100.00000000 -0.00000000
vn -0.00000000 100.00000000 -0.00000000
vn -11.26478000 0.00013800 -99.36349800
vn -6.42460000 0.00007600 -99.79340900
vn -0.00000000 100.00000000 -0.00000000
vn 2.17951900 -0.00000000 -99.97624600
vn -0.00000000 100.00000000 -0.00000000
vn 2.17951900 -0.00000000 -99.97624600
vn -0.00000000 100.00000000 -0.00000000
vn 20.51299600 -0.00000000 -97.87347400
vn 38.14792700 -0.00000000 -92.43774000
vn -0.00000000 100.00000000 -0.00000000
vn 54.48377600 -0.00000000 -83.85414800
vn -0.00000000 100.00000000 -0.00000000
vn 68.96424500 -0.00000000 -72.41500400
vn -0.00000000 100.00000000 -0.00000000
vn -0.00000000 100.00000000 -0.00000000
vn 81.09622000 -0.00000000 -58.50985500
vn -0.00000000 100.00000000 -0.00000000
vn 90.46656000 -0.00000000 -42.61222200
vn -0.00000000 100.00000000 -0.00000000
vn 96.75617100 -0.00000000 -25.26348100
vn 99.75086500 -0.00000000 -7.05442200
vn -0.00000000 100.00000000 -0.00000000
vn 99.34866400 -0.00000000 11.39486600
vn -0.00000000 100.00000000 -0.00000000
vn -0.00000000 100.00000000 -0.00000000
vn 95.56326300 -0.00000000 29.45611600
vn 88.52357000 -0.00000000 46.51427300
vn -0.00000000 100.00000000 -0.00000000
vn 78.46931300 -0.00000000 61.98844200
vn -0.00000000 100.00000000 -0.00000000
vn -0.00000000 100.00000000 -0.00000000
vn 65.74287700 -0.00000000 75.35167000
vn -0.00000000 100.00000000 -0.00000000
vn 50.77764700 -0.00000000 86.14888600
vn -0.00000000 100.00000000 -0.00000000
vn 34.08324400 -0.00000000 94.01240600
vn 16.22817800 -0.00000000 98.67444600
vn -0.00000000 100.00000000 -0.00000000
vn -0.00000000 100.00000000 -0.00000000
vn -2.17951900 -0.00000000 99.97624600
vn -2.17951900 -0.00000000 99.97624600
vn -10.77134700 0.00007800 99.41819800
vn -0.00000000 100.00000000 -0.00000000
vn -15.60517400 0.00014500 98.77488800
vn -0.00000000 100.00000000 -0.00000000
vn -17.37403800 0.00018300 98.47914900
vn -0.00000000 100.00000000 -0.00000000
vn -0.00000000 100.00000000 -0.00000000
vn -17.08206100 0.00019000 98.53021500
vn -15.77231700 0.00017100 98.74833700
vn -0.00000000 100.00000000 -0.00000000
vn -0.00000000 100.00000000 -0.00000000
vn -13.81511100 0.00013700 99.04111600
vn -11.74842700 0.00008700 99.30747400
vn -0.00000000 100.00000000 -0.00000000
vn 2.47979600 17.13407100 -98.48997000
vn -0.62737800 7.56624600 -99.71137500
vn -1.29178100 15.09318600 -98.84597600
vn 0.50980800 7.93081300 -99.68371100
vn -0.06492600 15.81609200 -98.74131400
vn 1.72504200 8.30752100 -99.63939600
vn 1.26716200 16.56192800 -98.61083500
vn 2.81647400 8.59699400 -99.58995500
vn 4.46801500 8.87628000 -99.50501700
vn 4.26909500 17.68462800 -98.33122000
vn 6.16565200 8.99532000 -99.40356600
vn 6.04848000 17.91836300 -98.19545900
vn 8.98125400 8.97270100 -99.19086500
vn 8.93957800 17.87374800 -97.98271800
vn 7.31532100 17.95166700 -98.10312800
vn 7.40339400 9.01237400 -99.31750500
vn 10.11671400 8.81225500 -99.09589400
vn 10.19145700 17.55726700 -97.91770300
vn 11.87023900 -0.12755100 -99.29290600
vn -12.86098700 99.16913000 -0.28037400
vn -25.50507600 96.69116800 -0.55602000
vn 11.98075200 -0.49976800 -99.27845600
vn -37.73678900 92.60268900 -0.82267600
vn 12.09403200 -1.09889600 -99.25989500
vn 12.21189800 -1.90305300 -99.23330100
vn -49.33674200 86.97545100 -1.07555900
vn -60.13630500 79.88683300 -1.31099400
vn 12.33785100 -2.89173700 -99.19382700
vn -69.92477000 71.47169200 -1.52438600
vn 12.47566500 -4.03963600 -99.13646700
vn 12.63025600 -5.32879700 -99.05594700
vn -78.56695500 61.84092400 -1.71278900
vn -85.89193200 51.17684900 -1.87247600
vn 12.80537400 -6.73614100 -98.94769700
vn 12.95810400 -7.90310300 -98.84143100
vn -90.60925000 42.26182600 -1.97531500
vn -90.60925000 42.26182600 -1.97531500
vn 13.27080100 -9.96253400 -98.61355800
vn -90.60925000 42.26182600 -1.97531500
vn -90.60925000 42.26182600 -1.97531500
vn 13.65073200 -11.96232200 -98.33900700
vn -90.60925000 42.26182600 -1.97531500
vn 14.10166000 -13.90276300 -98.01967300
vn -90.60925000 42.26182600 -1.97531500
vn -99.97624600 0.00000000 -2.17951900
vn 14.62649100 -15.78017900 -97.65783000
vn -99.97624600 0.00000000 -2.17951900
vn 14.02987400 -12.64530900 -98.20009600
vn -99.97624600 0.00000000 -2.17951900
vn 13.22786800 -6.33208100 -98.91879600
vn 12.95962600 0.00000000 -99.15668500
vn -99.97624600 0.00000000 -2.17951900
vn 13.22786700 6.33208100 -98.91879600
vn -99.97624600 0.00000000 -2.17951900
vn 14.02987300 12.64529800 -98.20009700
vn -99.97624600 0.00000000 -2.17951900
vn 11.84088000 7.69577000 -98.99782200
vn 12.35659800 15.34529700 -98.03997300
vn 12.08901400 -0.00000000 -99.26658900
vn 12.29734700 7.24573200 -98.97613200
vn 12.92306600 14.45434300 -98.10232600
vn 12.50231700 -0.00000000 -99.21538200
vn 12.74356500 6.79731800 -98.95149300
vn 13.46584700 13.56019500 -98.15697700
vn 2.17506000 6.39146600 -99.77183100
vn 2.17506300 6.39150200 -99.77182900
vn 2.17840500 3.19738600 -99.92512800
vn 2.17839800 3.19734500 -99.92513000
vn -11.58449100 3.85282000 -99.25197900
vn -8.74034400 11.09090300 -98.99797100
vn -7.78463800 5.55585900 -99.54160900
vn -10.78531200 10.09893000 -98.90242000
vn -9.83440300 5.05706600 -99.38667200
vn -12.60950700 9.22302800 -98.77214200
vn -11.71032000 4.61771300 -99.20456200
vn -13.92956500 8.52045600 -98.65783800
vn -13.13781100 4.26612000 -99.04139600
vn -13.87284300 8.00590300 -98.70891400
vn -13.23691700 4.00677800 -99.03903200
vn -12.02504900 7.69995100 -98.97529500
vn -7.65475800 7.55437500 -99.41999800
vn -7.42417800 3.77950400 -99.65238000
vn -3.13717300 7.52454100 -99.66714300
vn -3.03449600 3.76462500 -99.88302900
vn -2.17841100 3.19734500 99.92513000
vn -2.17840500 3.19738600 99.92512800
vn -2.17506300 6.39150200 99.77182900
vn -2.17506600 6.39146600 99.77183100
vn -11.39852400 5.71780900 99.18356900
vn -12.31658700 11.41608100 98.57978900
vn -13.03983900 5.31448200 99.00363100
vn -13.97353500 10.61214000 98.44858000
vn -14.70164500 4.93908600 98.79001500
vn -15.62183800 9.86366600 98.27851400
vn -16.61995400 4.49440600 98.50673800
vn -17.47225500 8.97714200 98.05167600
vn -17.61998800 4.14546200 98.34811200
vn -18.33628000 8.28196400 97.95504000
vn -17.24618300 3.94490100 98.42259400
vn -17.80051900 7.88287700 98.08670500
vn -14.95050200 3.82218300 98.80219300
vn -15.32081400 7.63905800 98.52369000
vn -10.05205000 3.76955400 99.42206400
vn -10.21281600 7.53455900 99.19137500
vn -99.97624600 0.00000000 -2.17951900
vn -90.60925000 42.26182600 -1.97531500
vn 2.17951900 0.00000000 -99.97624600
vn 2.17951900 0.00000000 -99.97624600
vn -90.60925000 42.26182600 -1.97531500
vn -0.00000000 100.00000000 0.00000000
vn 96.92252900 0.00000000 -24.61754100
vn -0.00000000 100.00000000 0.00000000
vn 2.17951900 0.00000000 -99.97624600
vn -2.17951900 -0.00000000 99.97624600
vn 95.75761400 -0.00000000 28.81803900
vn -0.00000000 100.00000000 0.00000000
vn -2.17951900 -0.00000000 99.97624600
vn -90.60925000 42.26182600 -1.97531500
vn -0.00000000 100.00000000 0.00000000
vn -90.60925000 42.26182600 -1.97531500
vn -99.97624600 0.00000000 -2.17951900
vn -2.17951900 -0.00000000 99.97624600
vn -90.60925000 42.26182600 -1.97531500
vn -12.97178000 7.59200300 98.86402000
vn -90.60925000 42.26182600 -1.97531500
vn -14.08201400 13.40808000 98.09138700
vn -90.60925000 42.26182600 -1.97531500
vn -15.82794300 18.67436800 96.95743500
vn -90.60925000 42.26182600 -1.97531500
vn -13.75686900 50.47265000 85.22476200
vn -90.60925000 42.26182600 -1.97531500
vn -14.33243100 50.33718800 85.21002800
vn -14.91361700 50.19920800 85.19168700
vn -90.60925000 42.26182600 -1.97531500
vn -90.60925000 42.26182600 -1.97531500
vn -15.49562300 50.05978000 85.16985500
vn -16.08208600 49.91802300 85.14433300
vn -90.60925000 42.26182600 -1.97531500
vn -0.00000000 100.00000000 -0.00000000
vn -0.00000000 100.00000000 -0.00000000
vn 19.50710000 0.00000000 -98.07891200
vn -90.60925000 42.26182600 -1.97531500
vn -0.00000000 100.00000000 0.00000000
vn 19.50710000 0.00000000 -98.07891200
vn -90.60925000 42.26182600 -1.97531500
vn -0.00000000 100.00000000 0.00000000
vn 15.21428500 -0.00000000 98.83585100
vn -90.60925000 42.26182600 -1.97531500
vn -0.00000000 100.00000000 -0.00000000
vn 15.21428500 -0.00000000 98.83585100
vn -90.60925000 42.26182600 -1.97531500
vn -90.60925000 42.26182600 -1.97531500
vn -0.00000000 100.00000000 -0.00000000
vn -12.35606500 49.91802600 -85.76431800
vn -90.60925000 42.26182600 -1.97531500
vn -11.76910800 50.05979800 -85.76423900
vn -11.18676800 50.19921800 -85.76068300
vn -90.60925000 42.26182600 -1.97531500
vn -90.60925000 42.26182600 -1.97531500
vn -10.60536500 50.33719000 -85.75368000
vn 19.50710000 0.00000000 -98.07891200
vn -0.00000000 100.00000000 0.00000000
vn 19.50710000 0.00000000 -98.07891200
vn 34.96045800 0.00000000 -93.68973400
vn -0.00000000 100.00000000 0.00000000
vn 49.51158800 0.00000000 -86.88269500
vn -0.00000000 100.00000000 0.00000000
vn 62.78496600 0.00000000 -77.83346300
vn -0.00000000 100.00000000 0.00000000
vn 74.43804500 0.00000000 -66.77557500
vn -0.00000000 100.00000000 0.00000000
vn 84.17009400 0.00000000 -53.99440100
vn -0.00000000 100.00000000 0.00000000
vn -0.00000000 100.00000000 0.00000000
vn 91.72995400 0.00000000 -39.81978800
vn 89.90745800 -0.00000000 43.77955100
vn -0.00000000 100.00000000 0.00000000
vn 81.73704900 -0.00000000 57.61123800
vn -0.00000000 100.00000000 0.00000000
vn -0.00000000 100.00000000 0.00000000
vn 71.45724300 -0.00000000 69.95614600
vn -0.00000000 100.00000000 0.00000000
vn 59.33333200 -0.00000000 80.49568800
vn -0.00000000 100.00000000 0.00000000
vn 45.67819800 -0.00000000 88.95786700
vn -0.00000000 100.00000000 0.00000000
vn 30.84424200 -0.00000000 95.12430100
vn 15.21428500 -0.00000000 98.83585100
vn -0.00000000 100.00000000 0.00000000
vn 15.21428500 -0.00000000 98.83585100
vn -0.00000000 100.00000000 -0.00000000
vn 19.50710000 0.00000000 -98.07891200
vn 19.50710000 0.00000000 -98.07891200
vn -0.00000000 100.00000000 -0.00000000
vn 3.01034600 0.00000000 -99.95467900
vn -0.00000000 100.00000000 -0.00000000
vn -13.56939200 0.00000000 -99.07508100
vn -0.00000000 100.00000000 -0.00000000
vn -29.77507400 0.00000000 -95.46436500
vn -45.15997200 0.00000000 -89.22206500
vn -0.00000000 100.00000000 -0.00000000
vn -59.29998400 0.00000000 -80.52025800
vn -0.00000000 100.00000000 -0.00000000
vn -0.00000000 100.00000000 -0.00000000
vn -71.80532400 0.00000000 -69.59881700
vn -82.33126900 0.00000000 -56.75880600
vn -0.00000000 100.00000000 -0.00000000
vn -90.58765900 0.00000000 -42.35417400
vn -0.00000000 100.00000000 -0.00000000
vn -0.00000000 100.00000000 -0.00000000
vn -96.34689600 0.00000000 -26.78200100
vn -0.00000000 100.00000000 -0.00000000
vn -99.45022200 0.00000000 -10.47155100
vn -99.81208900 -0.00000000 6.12755900
vn -0.00000000 100.00000000 -0.00000000
vn -0.00000000 100.00000000 -0.00000000
vn -97.42252100 -0.00000000 22.55775600
vn -0.00000000 100.00000000 -0.00000000
vn -92.34739100 -0.00000000 38.36612200
vn -0.00000000 100.00000000 -0.00000000
vn -84.72660000 -0.00000000 53.11688300
vn -0.00000000 100.00000000 -0.00000000
vn -74.77022400 -0.00000000 66.40341600
vn -62.75272100 -0.00000000 77.85946300
vn -0.00000000 100.00000000 -0.00000000
vn -49.00536700 -0.00000000 87.16922600
vn -0.00000000 100.00000000 -0.00000000
vn -0.00000000 100.00000000 -0.00000000
vn -33.90712500 -0.00000000 94.07606900
vn -0.00000000 100.00000000 -0.00000000
vn -17.87419500 -0.00000000 98.38959900
vn -1.34854200 -0.00000000 99.99090700
vn -0.00000000 100.00000000 -0.00000000
vn 15.21428500 -0.00000000 98.83585100
vn -0.00000000 100.00000000 -0.00000000
vn 15.21428500 -0.00000000 98.83585100
vn -2.16497300 -11.53094600 99.30936600
vn -1.95394400 -44.30394200 89.62891700
vn -2.16498100 -11.53094100 99.30936600
vn -1.95394400 -44.30394200 89.62891700
vn -1.95394400 -44.30394200 89.62891700
vn -2.16499100 -11.53094600 99.30936600
vn -2.16498100 -11.53094100 99.30936600
vn -1.95394400 -44.30394200 89.62891700
vn -10.19899300 -44.37450600 89.03304900
vn -11.37055600 -11.61798000 98.66981800
vn -14.50566000 -44.83641000 88.20023900
vn -16.15960900 -12.15222900 97.93462300
vn -17.19600500 -12.65529500 97.69411900
vn -15.39136400 -45.27048100 87.82761200
vn -17.61458700 -13.32469800 97.53039900
vn -15.68787800 -45.85296100 87.47226100
vn -15.64251900 -46.57891200 87.09601900
vn -17.64521700 -14.15488400 97.40783100
vn -17.38822800 -15.13591100 97.30649400
vn -15.35584500 -47.43117300 86.68611100
vn -16.99956900 -16.13794800 97.21410000
vn -14.94355600 -48.29848200 86.27831000
vn -14.44280900 -49.24440800 85.82769700
vn -16.50919000 -17.23595900 97.11008400
vn -15.38707300 -19.58195800 96.84929000
vn -13.31814800 -51.23955200 84.83593100
vn -11.36621000 -54.45837300 83.09690000
vn -13.31593800 -23.42937400 96.30031300
vn -11.55126400 -25.90785000 95.89239600
vn -9.78140700 -56.47567500 81.94401900
vn -8.33547300 -57.45758000 81.41957000
vn -9.83905800 -27.13059300 95.74509800
vn -6.77342900 -57.72592100 81.37468100
vn -7.98271000 -27.46561100 95.82231800
vn -6.92763600 -27.47616500 95.90134600
vn -5.88929800 -57.73276000 81.43859400
vn -5.87434300 -27.44350500 95.98096800
vn -4.99871800 -57.70684400 81.51645900
vn -4.13558900 -57.62070200 81.62567900
vn -4.85036900 -27.33210900 96.06992100
vn -3.83643800 -27.10278600 96.18066700
vn -3.29471200 -57.43869300 81.79206200
vn -2.81483200 -26.72313300 96.32212000
vn -2.45875700 -57.12912300 82.03790500
vn -1.76917100 -26.18949300 96.49342200
vn -1.58141700 -56.70388800 82.35392000
vn 0.52883000 -24.66615500 96.90872600
vn 0.33333700 -55.46747200 83.20606000
vn 3.22556800 -22.54477600 97.37211500
vn 2.64797200 -53.72528800 84.30054300
vn 6.50008700 -19.92767400 97.77850800
vn 5.50943700 -51.53552200 85.52038400
vn 10.35790000 -16.98693800 98.00080500
vn 9.03008600 -49.02731300 86.68783100
vn 12.36895300 -15.56565100 98.00367100
vn 10.85606600 -47.80265800 87.16106800
vn 12.43190700 -46.73011900 87.53138700
vn 14.08544800 -14.33434800 97.95982100
vn 13.47419400 -45.85021400 87.84192600
vn 15.12058900 -13.32033600 97.94864200
vn 15.30352700 -12.53732900 98.02355600
vn 13.71521800 -45.16027200 88.16145800
vn 12.78183300 -44.69857500 88.53622000
vn 14.28370800 -11.99438200 98.24515500
vn 11.14071000 -11.68513700 98.68810600
vn 10.02397200 -44.43817700 89.02116800
vn -15.06019400 -49.94979700 85.31241600
vn -9.08486100 -57.21174100 81.51246500
vn -8.05970200 -57.57898700 81.36154800
vn 9.85644500 -49.21419600 86.49169600
vn 6.70748500 -51.38516200 85.52528700
vn 7.88827000 -44.39782600 89.25585800
vn 13.14158600 -44.68381900 88.49098800
vn 14.35761300 -45.04853200 88.11633600
vn 14.54403700 -45.60530300 87.79878900
vn 13.97784800 -46.31368200 87.51949900
vn 12.89418200 -47.15461200 87.23636100
vn 11.47024200 -48.13151900 86.90103800
vn 4.00330200 -53.32446700 84.50133000
vn 1.69954500 -54.94164200 83.53758100
vn -0.25767000 -56.18978400 82.72026200
vn -1.99910100 -57.05288000 82.10342600
vn -2.83042600 -57.34994900 81.87168000
vn -3.64605600 -57.54759100 81.70055700
vn -4.77188200 -57.69019100 81.54183600
vn -5.90096000 -57.73270300 81.43779000
vn -7.01028800 -57.71751100 81.36058500
vn -10.12793600 -56.51896200 81.87204600
vn -11.23445600 -55.43538300 82.46638900
vn -12.45528700 -53.91286400 83.29627200
vn -14.50438100 -50.85664300 84.87181400
vn -15.58367200 -49.05654600 85.73566600
vn -16.03584800 -48.21570000 86.12838000
vn -16.39460600 -47.43906600 86.49134000
vn -16.67143600 -46.32053600 87.04292700
vn -16.37423100 -45.44199200 87.56089300
vn -15.12952900 -44.83759200 88.09476500
vn -12.38262400 -44.46647300 88.70965800
vn -7.95425100 -44.31864900 89.28934500
vn -17.48815700 -44.30394200 87.92795400
vn -19.37698100 -11.53094100 97.42468900
vn -32.49100100 -44.30394200 83.55534400
vn -36.00022000 -11.53094100 92.57981200
vn -51.52961200 -11.53094100 84.92194400
vn -46.50662300 -44.30394200 76.64394700
vn -65.49330200 -11.53094100 74.68376500
vn -59.10916500 -44.30394200 67.40376300
vn -77.46701100 -11.53094100 62.17635900
vn -69.91570500 -44.30394200 56.11555000
vn -87.08692500 -11.53094100 47.77975500
vn -78.59789100 -44.30394200 43.12229400
vn -84.89192000 -44.30394200 28.81878900
vn -94.06074600 -11.53094100 31.93138700
vn -88.60655100 -44.30394200 13.63963900
vn -98.17657900 -11.53094100 15.11280000
vn -89.62891700 -44.30394200 -1.95394400
vn -99.30936600 -11.53094100 -2.16498100
vn -97.42468900 -11.53094100 -19.37698100
vn -87.92795400 -44.30394200 -17.48815700
vn -83.55534400 -44.30394200 -32.49100100
vn -92.57981200 -11.53094100 -36.00022000
vn -76.64394700 -44.30394200 -46.50662300
vn -84.92194400 -11.53094100 -51.52961200
vn -67.40376300 -44.30394200 -59.10916500
vn -74.68376500 -11.53094100 -65.49330200
vn -62.17635900 -11.53094100 -77.46701100
vn -56.11555000 -44.30394200 -69.91570500
vn -43.12229400 -44.30394200 -78.59789100
vn -47.77975500 -11.53094100 -87.08692500
vn -28.81878900 -44.30394200 -84.89192000
vn -31.93138700 -11.53094100 -94.06074600
vn -13.63963900 -44.30394200 -88.60655100
vn -15.11280000 -11.53094100 -98.17657900
vn 15.95093900 -44.30394200 -88.21977200
vn 17.67373400 -11.53094100 -97.74802600
vn 32.74730100 -11.53094100 -93.77980400
vn 29.55516900 -44.30394200 -84.63836400
vn 47.01452100 -11.53094100 -87.50241300
vn 42.43165300 -44.30394200 -78.97287800
vn 54.26332900 -44.30394200 -71.36281800
vn 60.12408700 -11.53094100 -79.07042100
vn 71.75319900 -11.53094100 -68.69145400
vn 64.75886200 -44.30394200 -61.99556800
vn 73.65981600 -44.30394200 -51.10178200
vn 81.61550900 -11.53094100 -56.62107500
vn 89.46817400 -11.53094100 -43.15649700
vn 80.74702200 -44.30394200 -38.94970000
vn 85.84596800 -44.30394200 -25.83854800
vn 95.11783600 -11.53094100 -28.62926300
vn 98.42538100 -11.53094100 -13.39708100
vn 88.83110100 -44.30394200 -12.09116400
vn 99.30936600 -11.53094100 2.16498100
vn 89.62891700 -44.30394200 1.95394400
vn 97.74802600 -11.53094100 17.67373400
vn 88.21977200 -44.30394200 15.95093900
vn 93.77980400 -11.53094100 32.74730100
vn 84.63836400 -44.30394200 29.55516900
vn 78.97287800 -44.30394200 42.43165300
vn 87.50241300 -11.53094100 47.01452100
vn 79.07042100 -11.53094100 60.12408700
vn 71.36281800 -44.30394200 54.26332900
vn 61.99556800 -44.30394200 64.75886200
vn 68.69145400 -11.53094100 71.75319900
vn 56.62107500 -11.53094100 81.61550900
vn 51.10178200 -44.30394200 73.65981600
vn 43.15649700 -11.53094100 89.46817400
vn 38.94970000 -44.30394200 80.74702200
vn 28.62926300 -11.53094100 95.11783600
vn 25.83854800 -44.30394200 85.84596800
vn 12.09116400 -44.30394200 88.83110100
vn 13.39708100 -11.53094100 98.42538100
vn -10.79132000 -50.85501800 -85.42432000
vn -11.32717600 -49.94782400 -85.88894000
vn -5.52376800 -57.21182000 -81.83089600
vn -4.50627900 -57.57883400 -81.63560100
vn 3.74876600 -55.95649200 -82.79382700
vn 6.28832400 -54.29598000 -83.74009500
vn 9.41601000 -44.31721400 -89.14776100
vn 14.53759200 -44.44428300 -88.39323600
vn 17.37133100 -44.75260700 -87.72366300
vn 18.36667200 -45.28768300 -87.24500600
vn 18.04611000 -46.05904000 -86.90743800
vn 16.84680500 -47.04168700 -86.62138800
vn 15.11261200 -48.21864100 -86.29352000
vn 13.12310800 -49.54695600 -85.86549500
vn 9.38555400 -52.12002300 -84.82579000
vn 4.95479100 -55.19564400 -83.23996000
vn 2.63040200 -56.57459200 -82.41599700
vn 1.58045100 -57.05254600 -82.11278300
vn 0.73997200 -57.35026800 -81.91702600
vn -0.08221900 -57.54837100 -81.78128300
vn -1.21376400 -57.69099100 -81.67175900
vn -2.34622600 -57.73310300 -81.61730200
vn -3.45784900 -57.71744100 -81.58884900
vn -6.55002000 -56.51894300 -82.23567600
vn -7.62953700 -55.43533700 -82.87770300
vn -8.81274000 -53.91269200 -83.76011700
vn -11.82997700 -49.05381300 -86.33524800
vn -12.26307900 -48.20978400 -86.74925700
vn -12.61152700 -47.43125200 -87.12764000
vn -12.88298000 -46.50681500 -87.58507300
vn -12.75161000 -45.74469200 -88.00465700
vn -12.01888800 -45.13796500 -88.42007900
vn -10.45988000 -44.68708400 -88.84624600
vn -5.74388500 -44.33089400 -89.45266700
vn -2.17305400 -7.69681300 99.67967200
vn -2.17304800 -7.69683200 99.67967000
vn -2.17788800 -3.85127300 99.90207500
vn -2.17790200 -3.85126400 99.90207500
vn -15.18889300 -5.77510900 -98.67089600
vn -32.09216100 -5.77510900 -94.53433900
vn -48.02032500 -5.77510900 -87.52540500
vn -62.48941500 -5.77510900 -77.85705600
vn -75.05979600 -5.77510900 -65.82305900
vn -85.34952400 -5.77510900 -51.78906200
vn -93.04594900 -5.77510900 -36.18148100
vn -97.91522000 -5.77510900 -19.47454300
vn -99.80938700 -5.77510900 -2.17588200
vn -98.67089600 -5.77510900 15.18889300
vn -94.53433900 -5.77510900 32.09216100
vn -87.52540500 -5.77510900 48.02032500
vn -77.85705600 -5.77510900 62.48941500
vn -65.82305900 -5.77510900 75.05979600
vn -51.78906200 -5.77510900 85.34952400
vn -36.18148100 -5.77510900 93.04594900
vn -19.47454300 -5.77510900 97.91522000
vn -2.17587500 -5.77510200 99.80938700
vn -2.17588200 -5.77510900 99.80938700
vn -2.17951900 -0.00000000 99.97624600
vn -2.17956200 -0.00000000 99.97624500
vn -2.17588200 5.77510900 99.80938700
vn -2.17587500 5.77510200 99.80938700
vn -2.16498400 11.53094300 99.30936600
vn -2.16498100 11.53094100 99.30936600
vn -1.95394200 44.30394200 89.62891700
vn -1.95394400 44.30394200 89.62891700
vn -10.36881800 44.38110700 89.01014000
vn -11.52812900 11.62353300 98.65087800
vn -14.54967800 44.85167500 88.18522600
vn -16.22650300 12.17245300 97.92105000
vn -17.22678500 12.68221700 97.68520500
vn -15.39335500 45.29501600 87.81461200
vn -17.62234300 13.35452600 97.52491800
vn -15.70180600 45.88046900 87.45533600
vn -15.64740200 46.59814900 87.08485100
vn -17.64187100 14.17816700 97.40505100
vn -15.35577900 47.43124000 86.68608600
vn -17.38824900 15.13575100 97.30651500
vn -14.63347800 48.88993600 85.99788100
vn -16.69744200 16.82384100 97.15016100
vn -12.76798200 6.02832400 98.99817100
vn -83.70904600 54.67600400 -1.82488800
vn -12.58935200 4.58664300 99.09828900
vn -75.11805800 65.98936000 -1.63760100
vn -12.43197000 3.29465600 99.16950800
vn -65.03622300 75.94919000 -1.41781400
vn -53.65207400 84.38060800 -1.16963500
vn -12.29011500 2.17611500 99.21803100
vn -41.20474100 91.11181300 -0.89827900
vn -12.15864600 1.26021300 99.25008400
vn -27.95605500 96.01087200 -0.60945200
vn -12.03318900 0.57565000 99.27170300
vn -14.12068000 98.99753300 -0.30783600
vn -11.91048100 0.14718300 99.28806000
vn -13.17563200 -10.30399100 98.59122900
vn -13.17268700 10.28775300 98.59331900
vn -16.64707700 11.09935800 97.97795200
vn -16.21344200 14.39581200 97.62112900
vn -15.22270400 -16.39308800 97.46556300
vn -14.28410600 -18.19263700 97.28819200
vn -12.41686900 -21.37160500 96.89724400
vn -0.29900500 -21.91946100 97.56765800
vn 2.38077500 -20.02651800 97.94524200
vn 5.53324000 -17.73570200 98.25898500
vn 8.62333200 -15.61657300 98.39593900
vn 13.23331300 -12.73139800 98.29949600
vn 10.06602000 -10.23331400 98.96441000
vn 9.65958000 -7.02133700 99.28440600
vn 9.40750100 -3.80195400 99.48388900
vn 14.62389500 -10.79118400 98.33459200
vn 13.80746700 -7.40712200 98.76481400
vn 13.29657800 -4.01179700 99.03083600
vn 14.78752400 -11.30224100 98.25267700
vn 13.80473000 -7.75958300 98.73813000
vn 13.18797600 -4.20328500 99.03741600
vn 14.27384600 -11.95425800 98.25147900
vn 13.17530000 -8.20863100 98.78780200
vn 12.48471100 -4.44706900 99.11788700
vn 12.06029400 -8.74342200 98.88428500
vn 11.32208900 -4.73727600 99.24398500
vn 10.19584800 -14.58843400 98.40336500
vn 8.97429700 -10.02108800 99.09106800
vn 8.20466300 -5.43051500 99.51478800
vn 9.81243400 -5.06782400 99.38829600
vn 10.57687800 -9.35267100 98.99826900
vn 11.79073000 -13.61701800 98.36440200
vn 7.42595900 -10.72892100 99.14507200
vn 6.67134700 -5.81471200 99.60764200
vn 4.45510100 -12.18957700 99.15425500
vn 3.77522300 -6.60803800 99.70998700
vn 5.19841000 -6.21051600 99.67149100
vn 5.92199900 -11.45785600 99.16474900
vn 7.06984600 -16.67460500 98.34619900
vn 1.50650400 -13.77287000 99.03554200
vn 0.95454800 -7.46931700 99.71608800
vn 2.27928600 -7.05073700 99.72508200
vn 2.89895300 -13.00379700 99.10851300
vn 3.88110200 -18.91477800 98.11813400
vn -0.92907000 -15.08581800 98.85117600
vn -1.32751000 -8.18504600 99.65562100
vn -0.23879200 -7.85145000 99.69101100
vn 0.23877300 -14.47423000 98.94665100
vn 0.99463300 -21.03856600 97.75678700
vn -2.58422000 -23.22467300 97.23135500
vn -2.98355600 -15.99466000 98.66746800
vn -3.23653200 -8.68170500 99.56983900
vn -2.31926600 -8.46266900 99.61427700
vn -1.99558000 -15.59413000 98.75647200
vn -1.48418700 -22.65008500 97.38978800
vn -4.63544600 -23.89168100 96.99330000
vn -4.83640600 -16.46080100 98.51726300
vn -4.96384700 -8.93710400 99.47606900
vn -6.67357200 -24.06557800 96.83135500
vn -6.79195800 -16.58308900 98.38125100
vn -6.86668200 -9.00444800 99.35677400
vn -8.64464100 -24.02359500 96.68576500
vn -8.72673000 -16.55359800 98.23351100
vn -8.77795300 -8.98820300 99.20766000
vn -10.17905700 -23.61230200 96.63770500
vn -10.09014400 -16.26656400 98.15084200
vn -10.03337300 -8.83103900 99.10269500
vn -11.49874500 -22.56655600 96.73949300
vn -11.14963900 -15.53928000 98.15404400
vn -10.92904000 -8.43390400 99.04254300
vn -11.52564300 -7.98179500 99.01237500
vn -11.87033000 -14.71008600 98.19729400
vn -13.33450600 -19.88852100 97.09087300
vn -12.59410400 -13.68309600 98.25559200
vn -12.12773800 -7.42252100 98.98395900
vn -11.93417000 -0.00000000 99.28532400
vn -13.73979800 11.87879100 98.33672900
vn -13.10319300 6.44873500 98.92785300
vn -12.83823300 -0.00000000 99.17247500
vn -13.10319300 -6.44873400 98.92785300
vn -13.74187900 -11.89244600 98.33478800
vn -14.75702400 -17.29605400 97.38109000
vn -14.13960400 -11.27063600 98.35163600
vn -13.45818400 -6.11137400 98.90161000
vn -13.17512000 -0.00000000 99.12828200
vn -13.45680800 6.11264000 98.90171900
vn -14.13458900 11.26198400 98.35334800
vn -15.21159200 16.37650500 97.47008500
vn -15.73335800 15.36118600 97.55252600
vn -14.59916900 10.56276700 98.36306300
vn -13.88540200 5.73288200 98.86521000
vn -13.58835400 -0.00000000 99.07248200
vn -13.88540200 -5.73288100 98.86521000
vn -14.60150300 -10.57491800 98.36141100
vn -15.74013500 -15.38528400 97.54763500
vn -16.22046100 -14.41840800 97.61662800
vn -15.04117500 -9.90872700 98.36452700
vn -14.29962300 -5.37104900 98.82647700
vn -13.99202700 -0.00000000 99.01627700
vn -14.29962300 5.37105000 98.82647700
vn -15.03875800 9.89733800 98.36604300
vn -16.63214200 -13.51185400 97.67702700
vn -15.43969900 -9.28420600 98.36370900
vn -14.69002600 -5.03187700 98.78706100
vn -14.37907500 -0.00000000 98.96081100
vn -14.69002600 5.03187800 98.78706100
vn -15.43725600 9.27353100 98.36509900
vn -16.62504400 13.49066700 97.68116400
vn -16.93595100 -12.68900800 97.73516600
vn -15.76257200 -8.71732200 98.36437200
vn -15.02513300 -4.72400200 98.75185700
vn -14.71928700 -0.00000000 98.91078100
vn -15.02513300 4.72400300 98.75185700
vn -15.76016800 8.70729500 98.36564500
vn -16.92896400 12.66910000 97.73895900
vn -17.02397000 -11.81322700 97.82960800
vn -15.92245100 -8.11371100 98.39026000
vn -15.23065600 -4.39611900 98.73551200
vn -14.94382300 -0.00000000 98.87710600
vn -15.23065600 4.39612000 98.73551200
vn -15.92019500 8.10437500 98.39139400
vn -17.01740800 11.79467800 97.83298700
vn -16.65685100 -11.12029500 97.97391700
vn -15.69585700 -7.63521700 98.46493500
vn -15.09306600 -4.13586300 98.76787900
vn -14.84308900 -0.00000000 98.89227800
vn -15.09217600 4.13538100 98.76803600
vn -15.69181100 7.62478900 98.46638900
vn -15.47861200 -10.61536000 98.22284200
vn -14.72261900 -7.28651800 98.64152800
vn -14.24928900 -3.94638600 98.90087900
vn -14.05334200 -0.00000000 99.00759300
vn -14.24928900 3.94638600 98.90087900
vn -14.72107400 7.27812400 98.64237900
vn -15.47410000 10.59865300 98.22535700
vn -12.68206700 7.06239900 98.94082900
vn -12.37556200 3.82873900 99.15738100
vn -12.24843600 -0.00000000 99.24704400
vn -12.37556200 -3.82873900 99.15738100
vn -12.68307200 -7.07054800 98.94011800
vn -8.66724500 -10.15305800 99.10496600
vn -8.48103600 -6.96560200 99.39593800
vn -8.36542300 -3.77159000 99.57808400
vn -8.31775000 -0.00000000 99.65347500
vn -8.36542300 3.77159000 99.57808400
vn -8.48065700 6.95757300 99.39653200
vn -8.66612900 10.13704400 99.10670300
vn -12.52128100 -0.00000000 99.21299100
vn -12.76476300 -6.78509000 98.94960000
vn -13.35161500 -12.51122500 98.31176800
vn -1.95394400 44.30394200 89.62891700
vn -0.00000000 100.00000000 -0.00000000
vn -1.95394200 44.30394200 89.62891700
vn -10.83723000 44.38160100 88.95407800
vn -0.00000000 100.00000000 -0.00000000
vn -13.84712800 44.55279700 88.44945100
vn -0.00000000 100.00000000 -0.00000000
vn -0.00000000 100.00000000 -0.00000000
vn -15.84262200 44.85552500 87.96018000
vn -17.01124200 45.30113200 87.51242800
vn -0.00000000 100.00000000 -0.00000000
vn -17.55386100 45.88860900 87.09820600
vn -0.00000000 100.00000000 -0.00000000
vn -17.64934600 46.60780600 86.69609600
vn -0.00000000 100.00000000 -0.00000000
vn -17.42866100 47.44179700 86.28741300
vn -0.00000000 100.00000000 -0.00000000
vn -16.85624600 48.63202500 85.73676700
vn -0.00000000 100.00000000 -0.00000000
vn -7.41273200 44.31319900 89.33863600
vn -13.35041200 44.53771400 88.53337500
vn -15.67199300 48.89634100 85.81105100
vn -16.39492400 47.43491300 86.49355800
vn -16.51271000 47.12061400 86.64281900
vn -16.65490900 46.56770900 86.91411000
vn -16.61992800 45.85530600 87.29873400
vn -16.17852100 45.27495600 87.68371400
vn -15.15733400 44.83517300 88.09121700
vn -10.55711800 44.37021800 88.99343200
vn 1.95394400 44.30394200 -89.62891700
vn 1.95394200 44.30394200 -89.62891700
vn -0.00000000 100.00000000 -0.00000000
vn 16.67972900 44.30394200 -88.08488700
vn -0.00000000 100.00000000 -0.00000000
vn -0.00000000 100.00000000 -0.00000000
vn 30.95053500 44.30394200 -84.13813100
vn -0.00000000 100.00000000 -0.00000000
vn 44.37709100 44.30394200 -77.89630600
vn 56.59315600 44.30394200 -69.52967300
vn -0.00000000 100.00000000 -0.00000000
vn -0.00000000 100.00000000 -0.00000000
vn 67.26550700 44.30394200 -59.26645100
vn 76.10303100 44.30394200 -47.38659500
vn -0.00000000 100.00000000 -0.00000000
vn 82.86466200 44.30394200 -34.21415700
vn -0.00000000 100.00000000 -0.00000000
vn -0.00000000 100.00000000 -0.00000000
vn 87.36596100 44.30394200 -20.10844500
vn -0.00000000 100.00000000 -0.00000000
vn 89.48414400 44.30394200 -5.45422800
vn -0.00000000 100.00000000 -0.00000000
vn 89.16143400 44.30394200 9.34876700
vn 86.40663200 44.30394200 23.89675100
vn -0.00000000 100.00000000 -0.00000000
vn -0.00000000 100.00000000 -0.00000000
vn 81.29488200 44.30394200 37.79289500
vn -0.00000000 100.00000000 -0.00000000
vn 73.96562000 44.30394200 50.65814700
vn 64.61876800 44.30394200 62.14157600
vn -0.00000000 100.00000000 -0.00000000
vn -0.00000000 100.00000000 -0.00000000
vn 53.50928500 44.30394200 71.92994600
vn -0.00000000 100.00000000 -0.00000000
vn 40.94020800 44.30394200 79.75625400
vn 27.25438900 44.30394200 85.40701900
vn -0.00000000 100.00000000 -0.00000000
vn 12.82514200 44.30394200 88.72810400
vn -0.00000000 100.00000000 -0.00000000
vn 12.09116400 44.30394200 88.83110100
vn 13.39708100 11.53094100 98.42538100
vn 25.83854800 44.30394200 85.84596800
vn 28.62926300 11.53094100 95.11783600
vn 43.15649700 11.53094100 89.46817400
vn 38.94970000 44.30394200 80.74702200
vn 56.62107500 11.53094100 81.61550900
vn 51.10178200 44.30394200 73.65981600
vn 61.99556800 44.30394200 64.75886200
vn 68.69145400 11.53094100 71.75319900
vn 71.36281800 44.30394200 54.26332900
vn 79.07042100 11.53094100 60.12408700
vn 87.50241300 11.53094100 47.01452100
vn 78.97287800 44.30394200 42.43165300
vn 84.63836400 44.30394200 29.55516900
vn 93.77980400 11.53094100 32.74730100
vn 88.21977200 44.30394200 15.95093900
vn 97.74802600 11.53094100 17.67373400
vn 89.62891700 44.30394200 1.95394400
vn 99.30936600 11.53094100 2.16498100
vn 88.83110100 44.30394200 -12.09116400
vn 98.42538100 11.53094100 -13.39708100
vn 85.84596800 44.30394200 -25.83854800
vn 95.11783600 11.53094100 -28.62926300
vn 89.46817400 11.53094100 -43.15649700
vn 80.74702200 44.30394200 -38.94970000
vn 81.61550900 11.53094100 -56.62107500
vn 73.65981600 44.30394200 -51.10178200
vn 64.75886200 44.30394200 -61.99556800
vn 71.75319900 11.53094100 -68.69145400
vn 60.12408700 11.53094100 -79.07042100
vn 54.26332900 44.30394200 -71.36281800
vn 47.01452100 11.53094100 -87.50241300
vn 42.43165300 44.30394200 -78.97287800
vn 32.74730100 11.53094100 -93.77980400
vn 29.55516900 44.30394200 -84.63836400
vn 15.95093900 44.30394200 -88.21977200
vn 17.67373400 11.53094100 -97.74802600
vn -0.00000000 100.00000000 -0.00000000
vn -13.10358000 48.63202600 -86.38994300
vn -0.00000000 100.00000000 -0.00000000
vn -13.65153700 47.44179700 -86.96500100
vn -13.85408200 46.60780500 -87.38293300
vn -0.00000000 100.00000000 -0.00000000
vn -0.00000000 100.00000000 -0.00000000
vn -13.74179800 45.88861200 -87.78039800
vn -0.00000000 100.00000000 -0.00000000
vn -13.18148500 45.30113200 -88.17060700
vn -0.00000000 100.00000000 -0.00000000
vn -11.99408700 44.85552500 -88.56705800
vn -0.00000000 100.00000000 -0.00000000
vn -9.97951000 44.55279700 -88.96885800
vn -0.00000000 100.00000000 -0.00000000
vn -6.95055200 44.38160100 -89.34183400
vn -3.51236600 44.31328100 -89.57676300
vn -9.47941800 44.53813700 -89.03086500
vn -11.91724100 48.89658400 -86.41240300
vn -12.60974800 47.43545800 -87.12560800
vn -12.72088900 47.12119800 -87.27984700
vn -12.85111100 46.56844900 -87.55700200
vn -12.79965300 45.85604500 -87.93970600
vn -12.34183600 45.27543500 -88.30523200
vn -11.30374700 44.83571100 -88.66783200
vn -6.66878400 44.37046800 -89.36883600
vn 17.76272100 5.77510900 -98.24018500
vn 17.79241600 -0.00000000 -98.40442000
vn 32.91218300 5.77510900 -94.25198300
vn 32.96720500 -0.00000000 -94.40955100
vn 32.91218300 -5.77510900 -94.25198300
vn 47.25123800 5.77510900 -87.94298500
vn 47.33023200 -0.00000000 -88.09000600
vn 47.25123800 -5.77510900 -87.94298500
vn 60.42681100 5.77510900 -79.46853900
vn 60.52783100 -0.00000000 -79.60139300
vn 60.42681100 -5.77510900 -79.46853900
vn 72.11447500 5.77510900 -69.03731300
vn 72.23503400 -0.00000000 -69.15272800
vn 72.11447500 -5.77510900 -69.03731300
vn 82.02644100 5.77510900 -56.90616000
vn 82.16357100 -0.00000000 -57.00129500
vn 82.02644100 -5.77510900 -56.90616000
vn 89.91864400 5.77510900 -43.37378900
vn 90.06896800 -0.00000000 -43.44630000
vn 89.91864400 -5.77510900 -43.37378900
vn 95.59675200 5.77510900 -28.77341000
vn 95.75656800 -0.00000000 -28.82151300
vn 95.59675200 -5.77510900 -28.77341000
vn 98.92095000 5.77510900 -13.46453500
vn 99.08632400 -0.00000000 -13.48704500
vn 98.92095000 -5.77510900 -13.46453500
vn 99.80938700 5.77510900 2.17588200
vn 99.97624600 -0.00000000 2.17951900
vn 99.80938700 -5.77510900 2.17588200
vn 98.24018500 5.77510900 17.76272100
vn 98.40442000 -0.00000000 17.79241600
vn 98.24018500 -5.77510900 17.76272100
vn 94.25198300 5.77510900 32.91218300
vn 94.40955100 -0.00000000 32.96720500
vn 94.25198300 -5.77510900 32.91218300
vn 87.94298500 5.77510900 47.25123800
vn 88.09000600 -0.00000000 47.33023200
vn 87.94298500 -5.77510900 47.25123800
vn 79.46853900 5.77510900 60.42681100
vn 79.60139300 -0.00000000 60.52783100
vn 79.46853900 -5.77510900 60.42681100
vn 69.03731300 5.77510900 72.11447500
vn 69.15272800 -0.00000000 72.23503400
vn 69.03731300 -5.77510900 72.11447500
vn 56.90616000 5.77510900 82.02644100
vn 57.00129500 -0.00000000 82.16357100
vn 56.90616000 -5.77510900 82.02644100
vn 43.37378900 5.77510900 89.91864400
vn 43.44630000 -0.00000000 90.06896800
vn 43.37378900 -5.77510900 89.91864400
vn 28.77341000 5.77510900 95.59675200
vn 28.82151300 -0.00000000 95.75656800
vn 28.77341000 -5.77510900 95.59675200
vn 13.46453500 5.77510900 98.92095000
vn 13.48704500 -0.00000000 99.08632400
vn 13.46453500 -5.77510900 98.92095000
vn 16.20951100 4.79505700 98.56094100
vn 34.04403900 4.79505700 93.90426400
vn 50.71923800 4.79505700 86.04979000
vn 65.66725400 4.79505700 75.26499300
vn 78.37905000 4.79505700 61.91713800
vn 88.42174200 4.79505700 46.46076800
vn 95.45333800 4.79505700 29.42223300
vn 99.23438400 4.79505700 11.38175900
vn 99.63612300 4.79505700 -7.04630800
vn 96.64487300 4.79505700 -25.23442100
vn 90.36249800 4.79505700 -42.56320500
vn 81.00293600 4.79505700 -58.44255100
vn 68.88491600 4.79505700 -72.33170600
vn 54.42110400 4.79505700 -83.75769200
vn 38.10404600 4.79505700 -92.33140900
vn 20.48940000 4.79505700 -97.76089200
vt -0.15000000 5.18362800
vt -1.65000000 -0.00000000
vt -0.15000000 -5.18362800
vt -0.15000000 -4.81336900
vt -1.60863100 -0.36716000
vt -1.48659900 -0.71590800
vt -0.15000000 -4.44311000
vt -1.29002200 -1.02875800
vt -0.15000000 -4.07285000
vt -0.15000000 -3.70259100
vt -1.02875800 -1.29002200
vt -0.15000000 -3.33233200
vt -0.71590800 -1.48659900
vt -0.15000000 -2.96207300
vt -0.36716000 -1.60863100
vt 0.00000000 -1.65000000
vt -0.15000000 -2.59181400
vt 0.36716000 -1.60863100
vt -0.15000000 -2.22155500
vt -0.15000000 -1.85129600
vt 0.71590800 -1.48659900
vt -0.15000000 -1.48103700
vt 1.02875800 -1.29002200
vt 1.29002200 -1.02875800
vt -0.15000000 -1.11077700
vt 1.48659900 -0.71590800
vt -0.15000000 -0.74051800
vt -0.15000000 -0.37025900
vt 1.60863100 -0.36716000
vt -0.15000000 0.00000000
vt 1.65000000 0.00000000
vt -0.15000000 0.37025900
vt 1.60863100 0.36716000
vt -0.15000000 0.74051800
vt 1.48659900 0.71590800
vt 1.29002200 1.02875800
vt -0.15000000 1.11077700
vt 1.02875800 1.29002200
vt -0.15000000 1.48103700
vt -0.15000000 1.85129600
vt 0.71590800 1.48659900
vt -0.15000000 2.22155500
vt 0.36716000 1.60863100
vt -0.15000000 2.59181400
vt -0.00000000 1.65000000
vt -0.36716000 1.60863100
vt -0.15000000 2.96207300
vt -0.71590800 1.48659900
vt -0.15000000 3.33233200
vt -1.02875800 1.29002200
vt -0.15000000 3.70259100
vt -0.15000000 4.07285000
vt -1.29002200 1.02875800
vt -0.15000000 4.44311000
vt -1.48659900 0.71590800
vt -0.15000000 4.81336900
vt -1.60863100 0.36716000
vt 0.00000000 -4.74380500
vt -1.51000000 -0.00000000
vt 0.00000000 4.74380500
vt -1.46929800 0.34823000
vt 0.00000000 4.39241200
vt -1.34938500 0.67768700
vt 0.00000000 4.04101900
vt 0.00000000 3.68962600
vt -1.15672700 0.97060900
vt 0.00000000 3.33823300
vt -0.90170900 1.21120600
vt -0.59808000 1.38650600
vt 0.00000000 2.98684000
vt -0.26220900 1.48706000
vt 0.00000000 2.63544700
vt -0.00000000 2.28405400
vt 0.08779900 1.50744500
vt -0.00000000 1.93266100
vt 0.43307300 1.44656400
vt 0.00000000 1.58126800
vt 0.75500000 1.30769800
vt -0.00000000 1.22987500
vt 1.03622500 1.09833400
vt -0.00000000 0.87848200
vt 1.26158700 0.82975900
vt 1.41893600 0.51645000
vt -0.00000000 0.52708900
vt 1.49979000 0.17530000
vt -0.00000000 0.17569600
vt 1.49979000 -0.17530000
vt -0.00000000 -0.17569600
vt 1.41893600 -0.51645000
vt -0.00000000 -0.52708900
vt 1.26158700 -0.82975900
vt -0.00000000 -0.87848200
vt 0.00000000 -1.22987500
vt 1.03622500 -1.09833400
vt -0.00000000 -1.58126800
vt 0.75500000 -1.30769800
vt 0.43307300 -1.44656400
vt 0.00000000 -1.93266100
vt 0.00000000 -2.28405400
vt 0.08779900 -1.50744500
vt -0.26220900 -1.48706000
vt -0.00000000 -2.63544700
vt 0.00000000 -2.98684000
vt -0.59808000 -1.38650600
vt 0.00000000 -3.33823300
vt -0.90170900 -1.21120600
vt -1.15672700 -0.97060900
vt -0.00000000 -3.68962600
vt -1.34938500 -0.67768700
vt 0.00000000 -4.04101900
vt 0.00000000 -4.39241200
vt -1.46929800 -0.34823000
vt 0.38695500 -5.17025200
vt 10.86264100 3.31254000
vt 0.00000000 -27.02627900
vt 10.51069600 3.28633200
vt 0.00000000 -26.20250800
vt 10.31043000 3.25858200
vt 0.00000000 -25.79062200
vt 10.08706300 3.22100300
vt 0.00000000 -25.37873600
vt 9.83644700 3.17403700
vt 0.00000000 -24.96685000
vt 0.00000000 -24.55496400
vt 9.55448900 3.11815500
vt 0.00000000 -24.14307800
vt 9.23690100 3.05374700
vt 0.00000000 -23.73119200
vt 8.87928100 2.98115600
vt 8.51939500 2.90909400
vt 0.00000000 -23.36039200
vt 8.12027500 2.83098500
vt 0.00000000 -22.98959200
vt 7.21894800 2.66294200
vt 0.00000000 -22.24799300
vt 5.38688800 2.35816400
vt 0.00000000 -20.76479300
vt 0.00000000 -19.28159400
vt 3.57937900 2.10307700
vt 0.00000000 -17.79839400
vt 1.81431400 1.89526400
vt 0.00000000 -16.31519500
vt 0.10975500 1.73320500
vt -0.71422900 1.66896400
vt 0.00000000 -15.57359500
vt -1.51630600 1.61572300
vt 0.00000000 -14.83199500
vt -2.29424000 1.57324200
vt 0.00000000 -14.09039500
vt -3.04580400 1.54127300
vt 0.00000000 -13.34879600
vt -3.76870100 1.51954800
vt 0.00000000 -12.60719600
vt 0.00000000 -11.86559600
vt -4.46146700 1.50761900
vt 0.00000000 -10.38239700
vt -5.78438200 1.51182300
vt -7.03355200 1.55340100
vt 0.00000000 -8.89919700
vt 0.00000000 -7.41599800
vt -8.21434500 1.63371500
vt 0.00000000 -5.93279800
vt -9.33033700 1.75402400
vt 0.00000000 -5.19119800
vt -9.83786900 1.82491200
vt 0.00000000 -4.44959900
vt -10.28359600 1.89541500
vt -10.67537400 1.96245000
vt 0.00000000 -3.70799900
vt 0.00000000 -2.96639900
vt -11.01989900 2.02289000
vt -11.32323300 2.07326200
vt 0.00000000 -2.22479900
vt -11.59225900 2.11070300
vt 0.00000000 -1.48320000
vt 0.00000000 -0.74160000
vt -11.83463300 2.13293500
vt 0.00000000 0.00000000
vt -12.05803700 2.13770100
vt 0.38695500 3.98315300
vt -12.49804100 2.08723400
vt 0.38695500 3.50795300
vt 0.38695500 3.03275300
vt -12.92127900 1.95677600
vt 0.38695500 2.55755200
vt -13.31333900 1.75077000
vt 0.38695500 2.08235200
vt -13.66087000 1.47623100
vt 0.38695500 1.60715200
vt -13.95203800 1.14250700
vt -14.17692600 0.76096400
vt 0.38695500 1.13195100
vt 0.38695500 0.65675100
vt -14.32787700 0.34459400
vt -14.39974900 -0.09242300
vt 0.38695500 0.18155100
vt 0.38695500 -0.29365000
vt -14.39009700 -0.53520600
vt 0.38695500 -0.76885000
vt -14.29924700 -0.96867600
vt -14.13029400 -1.37807200
vt 0.38695500 -1.24405000
vt 0.38695500 -1.71925000
vt -13.88899200 -1.74945200
vt 0.38695500 -2.19445100
vt -13.58355800 -2.07016900
vt -13.22439200 -2.32930300
vt 0.38695500 -2.66965100
vt -12.82372600 -2.51802700
vt 0.38695500 -3.14485100
vt 0.38695500 -3.62005200
vt -12.39520500 -2.62991600
vt 0.38695500 -4.09525200
vt 0.81315300 27.02622500
vt -11.95342000 -2.66115900
vt -11.73049700 -2.64679400
vt 0.81315300 26.28462700
vt -11.48957300 -2.61409200
vt 0.81315300 25.54302900
vt 0.81315300 24.80143000
vt -11.22189900 -2.56472900
vt 0.81315300 24.05983200
vt -10.92092200 -2.50110400
vt 0.81315300 23.31823400
vt -10.57991500 -2.42586900
vt 0.81315300 22.57663600
vt -10.19164500 -2.34185300
vt 0.81315300 21.83503700
vt -9.74885100 -2.25189200
vt -9.24515500 -2.15899700
vt 0.81315300 21.09343900
vt -8.13539300 -1.99015400
vt 0.81315300 19.61024300
vt -6.95917300 -1.85844800
vt 0.81315300 18.12704600
vt -5.71302100 -1.76247100
vt 0.81315300 16.64384900
vt 0.81315300 15.16065300
vt -4.39152300 -1.70061500
vt 0.81315300 14.41905500
vt -3.69888800 -1.68234500
vt -2.97573200 -1.67254300
vt 0.81315300 13.67745600
vt 0.81315300 12.93585800
vt -2.22349200 -1.67172800
vt -1.44444900 -1.68026600
vt 0.81315300 12.19426000
vt 0.81315300 11.45266200
vt -0.64081600 -1.69850400
vt 0.18518500 -1.72677500
vt 0.81315300 10.71106300
vt 0.81315300 9.22786700
vt 1.89518700 -1.81439500
vt 0.81315300 7.74467000
vt 3.66762900 -1.94508800
vt 5.48453700 -2.12116100
vt 0.81315300 6.26147400
vt 0.81315300 4.77827700
vt 7.32814100 -2.34580800
vt 8.23592800 -2.47441100
vt 0.81315300 4.03667900
vt 0.81315300 3.66588000
vt 8.63805200 -2.53504400
vt 9.00072300 -2.59135000
vt 0.81315300 3.29508100
vt 9.36121500 -2.64830400
vt 0.81315300 2.88319600
vt 0.81315300 2.47131100
vt 9.68145100 -2.69886300
vt 9.96563000 -2.74242300
vt 0.81315300 2.05942500
vt 0.81315300 1.64754000
vt 10.21794700 -2.77838400
vt 10.44259800 -2.80614200
vt 0.81315300 1.23565500
vt 10.64384000 -2.82512100
vt 0.81315300 0.82377000
vt 0.38695500 5.02872800
vt 10.99668200 -2.83599900
vt 0.81315300 0.00000000
vt 11.50177600 -2.78303900
vt 0.38695500 4.49193900
vt 0.38695500 3.95515100
vt 11.99126400 -2.64766500
vt 12.45179500 -2.43357100
vt 0.38695500 3.41836300
vt 12.87080500 -2.14659500
vt 0.38695500 2.88157400
vt 13.23686700 -1.79456700
vt 0.38695500 2.34478600
vt 13.53999300 -1.38708800
vt 0.38695500 1.80799700
vt 0.38695500 1.27120900
vt 13.77191700 -0.93527400
vt 13.92631200 -0.45144800
vt 0.38695500 0.73442000
vt 13.99896500 0.05119100
vt 0.38695500 0.19763200
vt 13.98789600 0.55893300
vt 0.38695500 -0.33915700
vt 13.89340700 1.05792900
vt 0.38695500 -0.87594500
vt 13.71807400 1.53456600
vt 0.38695500 -1.41273300
vt 13.46668000 1.97584400
vt 0.38695500 -1.94952200
vt 0.38695500 -2.48631000
vt 13.14608300 2.36972500
vt 0.38695500 -3.02309900
vt 12.76502900 2.70546600
vt 0.38695500 -3.55988700
vt 12.33390900 2.97390800
vt 11.86448600 3.16772900
vt 0.38695500 -4.09667600
vt 11.36956300 3.28164200
vt 0.38695500 -4.63346400
vt 0.12599100 1.00206100
vt 0.14142100 -0.23561900
vt -11.51892400 0.34902600
vt 0.14142100 0.23561900
vt 0.14448700 -0.19779600
vt -11.49277000 -0.85068900
vt 0.14142100 0.11781000
vt -11.51987500 -1.00439000
vt -11.60373500 -1.13601800
vt 0.14142100 -0.00000000
vt 0.14142100 -0.11781000
vt -11.73158400 -1.22553500
vt 0.14142100 -0.23561900
vt -5.74720000 -0.31867700
vt -11.88395700 -1.25931200
vt -5.94710500 -0.32484000
vt 0.14142100 0.23561900
vt -12.08391000 -1.26367100
vt -12.23761000 -1.23656700
vt 0.14142100 0.11781000
vt 0.14142100 -0.00000000
vt -12.36923900 -1.15270600
vt 0.14142100 -0.11781000
vt -12.45875600 -1.02485800
vt -12.49253300 -0.87248400
vt -0.12599100 -1.00206100
vt 0.14142100 -0.23561900
vt -0.14448700 0.19779600
vt 0.14142100 0.23561900
vt -12.51868700 0.32723100
vt 0.14142100 0.11781000
vt -12.49158200 0.48093100
vt 0.14142100 0.00000000
vt -12.40772200 0.61256000
vt -12.27987300 0.70207600
vt 0.14142100 -0.11781000
vt -6.25567800 -0.05137600
vt 0.14142100 -0.23561900
vt -12.12750000 0.73585400
vt 0.14142100 0.23561900
vt -6.05577300 -0.04521300
vt -11.92754800 0.74021300
vt 0.14142100 0.11781000
vt -11.77384700 0.71310800
vt 0.14142100 0.00000000
vt -11.64221900 0.62924800
vt 0.14142100 -0.11781000
vt -11.55270200 0.50139900
vt 6.00000000 0.65973400
vt -11.04572900 1.03730900
vt 6.00000000 -0.65973400
vt -11.07386300 0.93230900
vt 6.00000000 0.54977900
vt -11.15072900 0.85544300
vt 6.00000000 0.43982300
vt 6.00000000 0.32986700
vt -11.25572900 0.82730900
vt -11.36072900 0.85544300
vt 6.00000000 0.21991100
vt -11.43759400 0.93230900
vt 6.00000000 0.10995600
vt -11.46572900 1.03730900
vt 6.00000000 -0.00000000
vt 6.00000000 -0.10995600
vt -11.43759400 1.14230900
vt -11.36072900 1.21917400
vt 6.00000000 -0.21991100
vt -11.25572900 1.24730900
vt 6.00000000 -0.32986700
vt -11.15072900 1.21917400
vt 6.00000000 -0.43982300
vt -11.07386300 1.14230900
vt 6.00000000 -0.54977900
vt 6.00000000 -0.65973400
vt -11.04572900 -1.56076700
vt 6.00000000 0.65973400
vt 6.00000000 0.54977900
vt -11.07386300 -1.66576700
vt -11.15072900 -1.74263300
vt 6.00000000 0.43982300
vt 6.00000000 0.32986700
vt -11.25572900 -1.77076700
vt -11.36072900 -1.74263300
vt 6.00000000 0.21991100
vt 6.00000000 0.10995600
vt -11.43759400 -1.66576700
vt 6.00000000 -0.00000000
vt -11.46572900 -1.56076700
vt -11.43759400 -1.45576700
vt 6.00000000 -0.10995600
vt -11.36072900 -1.37890200
vt 6.00000000 -0.21991100
vt 6.00000000 -0.32986700
vt -11.25572900 -1.35076700
vt -11.15072900 -1.37890200
vt 6.00000000 -0.43982300
vt 6.00000000 -0.54977900
vt -11.07386300 -1.45576700
vt 6.00000000 0.65973400
vt 6.00000000 -0.65973400
vt -13.29572900 -0.26172900
vt 6.00000000 0.54977900
vt -13.32386300 -0.36672900
vt -13.40072900 -0.44359500
vt 6.00000000 0.43982300
vt 6.00000000 0.32986700
vt -13.50572900 -0.47172900
vt -13.61072900 -0.44359500
vt 6.00000000 0.21991100
vt -13.68759400 -0.36672900
vt 6.00000000 0.10995600
vt 6.00000000 -0.00000000
vt -13.71572900 -0.26172900
vt 6.00000000 -0.10995600
vt -13.68759400 -0.15672900
vt -13.61072900 -0.07986400
vt 6.00000000 -0.21991100
vt -13.50572900 -0.05172900
vt 6.00000000 -0.32986700
vt -13.40072900 -0.07986400
vt 6.00000000 -0.43982300
vt 6.00000000 -0.54977900
vt -13.32386300 -0.15672900
vt 9.27966100 0.23827100
vt 0.00000000 -5.18362800
vt 0.00000000 5.18362800
vt 9.32103000 0.60543000
vt 0.00000000 4.81336900
vt 0.00000000 4.44311000
vt 9.44306300 0.95417900
vt 9.63963900 1.26702900
vt 0.00000000 4.07285000
vt 9.90090300 1.52829300
vt 0.00000000 3.70259100
vt 0.00000000 3.33233200
vt 10.21375300 1.72486900
vt 0.00000000 2.96207300
vt 10.56250200 1.84690200
vt 0.00000000 2.59181400
vt 10.92966100 1.88827100
vt 11.29682100 1.84690200
vt 0.00000000 2.22155500
vt 11.64557000 1.72486900
vt 0.00000000 1.85129600
vt 11.95842000 1.52829300
vt 0.00000000 1.48103700
vt 0.00000000 1.11077700
vt 12.21968300 1.26702900
vt 0.00000000 0.74051800
vt 12.41626000 0.95417900
vt 0.00000000 0.37025900
vt 12.53829200 0.60543000
vt 0.00000000 0.00000000
vt 12.57966100 0.23827100
vt 0.00000000 -0.37025900
vt 12.53829200 -0.12888900
vt 0.00000000 -0.74051800
vt 12.41626000 -0.47763800
vt 12.21968300 -0.79048800
vt 0.00000000 -1.11077700
vt 11.95842000 -1.05175100
vt 0.00000000 -1.48103700
vt 11.64557000 -1.24832800
vt 0.00000000 -1.85129600
vt 0.00000000 -2.22155500
vt 11.29682100 -1.37036000
vt 10.92966100 -1.41172900
vt 0.00000000 -2.59181400
vt 0.00000000 -2.96207300
vt 10.56250200 -1.37036000
vt 10.21375300 -1.24832800
vt 0.00000000 -3.33233200
vt 9.90090300 -1.05175100
vt 0.00000000 -3.70259100
vt 9.63963900 -0.79048800
vt 0.00000000 -4.07285000
vt 9.44306300 -0.47763800
vt 0.00000000 -4.44311000
vt 0.00000000 -4.81336900
vt 9.32103000 -0.12888900
vt -1.45000000 -0.00000000
vt 0.04242600 -4.64955700
vt 0.04242600 4.64955700
vt 0.04242600 4.29189900
vt -1.40786600 -0.34700800
vt -1.28391100 -0.67384900
vt 0.04242600 3.93424100
vt -1.08534100 -0.96152800
vt 0.04242600 3.57658200
vt 0.04242600 3.21892400
vt -0.82369400 -1.19332700
vt -0.51417700 -1.35577400
vt 0.04242600 2.86126600
vt -0.17477800 -1.43942800
vt 0.04242600 2.50360800
vt 0.17477800 -1.43942800
vt 0.04242600 2.14594900
vt 0.04242600 1.78829100
vt 0.51417700 -1.35577400
vt 0.04242600 1.43063300
vt 0.82369400 -1.19332700
vt 0.04242600 1.07297500
vt 1.08534100 -0.96152800
vt 0.04242600 0.71531600
vt 1.28391100 -0.67384900
vt 1.40786600 -0.34700800
vt 0.04242600 0.35765800
vt 0.04242600 -0.00000000
vt 1.45000000 0.00000000
vt 0.04242600 -0.35765800
vt 1.40786600 0.34700800
vt 0.04242600 -0.71531600
vt 1.28391100 0.67384900
vt 0.04242600 -1.07297500
vt 1.08534100 0.96152800
vt 0.04242600 -1.43063300
vt 0.82369400 1.19332700
vt 0.04242600 -1.78829100
vt 0.51417700 1.35577400
vt 0.17477800 1.43942800
vt 0.04242600 -2.14594900
vt 0.04242600 -2.50360800
vt -0.17477800 1.43942800
vt 0.04242600 -2.86126600
vt -0.51417700 1.35577400
vt -0.82369400 1.19332700
vt 0.04242600 -3.21892400
vt -1.08534100 0.96152800
vt 0.04242600 -3.57658200
vt -1.28391100 0.67384900
vt 0.04242600 -3.93424100
vt -1.40786600 0.34700800
vt 0.04242600 -4.29189900
vt -0.60000000 2.59181400
vt -0.82500000 -0.00000000
vt -0.60000000 -2.59181400
vt -0.60000000 -2.33263300
vt -0.78462200 0.25493900
vt -0.60000000 -2.07345100
vt -0.66743900 0.48492300
vt -0.60000000 -1.81427000
vt -0.48492300 0.66743900
vt -0.60000000 -1.55508800
vt -0.25493900 0.78462200
vt 0.00000000 0.82500000
vt -0.60000000 -1.29590700
vt 0.25493900 0.78462200
vt -0.60000000 -1.03672600
vt 0.48492300 0.66743900
vt -0.60000000 -0.77754400
vt 0.66743900 0.48492300
vt -0.60000000 -0.51836300
vt -0.60000000 -0.25918100
vt 0.78462200 0.25493900
vt 0.82500000 0.00000000
vt -0.60000000 -0.00000000
vt -0.60000000 0.25918100
vt 0.78462200 -0.25493900
vt -0.60000000 0.51836300
vt 0.66743900 -0.48492300
vt -0.60000000 0.77754400
vt 0.48492300 -0.66743900
vt -0.60000000 1.03672600
vt 0.25493900 -0.78462200
vt -0.00000000 -0.82500000
vt -0.60000000 1.29590700
vt -0.60000000 1.55508800
vt -0.25493900 -0.78462200
vt -0.48492300 -0.66743900
vt -0.60000000 1.81427000
vt -0.66743900 -0.48492300
vt -0.60000000 2.07345100
vt -0.78462200 -0.25493900
vt -0.60000000 2.33263300
vt -0.04242600 4.64955700
vt -0.39000000 -4.74380500
vt -0.04242600 -4.64955700
vt -0.39000000 4.74380500
vt -0.04242600 4.30514500
vt -0.39000000 -4.39241200
vt -0.39000000 -4.04101900
vt -0.04242600 3.96073400
vt -0.39000000 -3.68962600
vt -0.04242600 3.61632200
vt -0.39000000 -3.33823300
vt -0.04242600 3.27191100
vt -0.04242600 2.92749900
vt -0.39000000 -2.98684000
vt -0.04242600 2.58308700
vt -0.39000000 -2.63544700
vt -0.04242600 2.23867600
vt -0.39000000 -2.28405400
vt -0.39000000 -1.93266100
vt -0.04242600 1.89426400
vt -0.39000000 -1.58126800
vt -0.04242600 1.54985200
vt -0.39000000 -1.22987500
vt -0.04242600 1.20544100
vt -0.39000000 -0.87848200
vt -0.04242600 0.86102900
vt -0.39000000 -0.52708900
vt -0.04242600 0.51661700
vt -0.04242600 0.17220600
vt -0.39000000 -0.17569600
vt -0.04242600 -0.17220600
vt -0.39000000 0.17569600
vt -0.04242600 -0.51661700
vt -0.39000000 0.52708900
vt -0.39000000 0.87848200
vt -0.04242600 -0.86102900
vt -0.04242600 -1.20544100
vt -0.39000000 1.22987500
vt -0.39000000 1.58126800
vt -0.04242600 -1.54985200
vt -0.04242600 -1.89426400
vt -0.39000000 1.93266100
vt -0.39000000 2.28405400
vt -0.04242600 -2.23867600
vt -0.04242600 -2.58308700
vt -0.39000000 2.63544700
vt -0.04242600 -2.92749900
vt -0.39000000 2.98684000
vt -0.04242600 -3.27191100
vt -0.39000000 3.33823300
vt -0.04242600 -3.61632200
vt -0.39000000 3.68962600
vt -0.04242600 -3.96073400
vt -0.39000000 4.04101900
vt -0.39000000 4.39241200
vt -0.04242600 -4.30514500
vt 0.30174900 1.77549000
vt 0.31995800 1.74873100
vt 0.29608800 -0.10046700
vt -1.74873100 -1.57079600
vt 0.19748400 -0.10046700
vt 0.20125400 1.77549000
vt 0.10055400 1.77549000
vt 0.09866500 -0.10046700
vt 0.00000000 -0.10046700
vt 4.73867500 11.51815700
vt 0.00000000 1.77549000
vt 0.00000000 1.46026500
vt 4.42044000 11.51857600
vt 0.00000000 0.73018100
vt 3.68370000 11.51924200
vt 3.31532800 11.51941000
vt 0.00000000 0.36509100
vt 0.00000000 0.00000000
vt -15.18193900 -2.09053200
vt 2.94696000 11.51946600
vt -15.10931900 -2.07047800
vt 0.07543700 0.00000000
vt 0.15087500 0.00000000
vt -15.04894600 -2.02540600
vt -15.00974700 -1.96114200
vt 0.22631200 0.00000000
vt -14.99705200 -1.88674100
vt 0.19012500 -0.00000000
vt 0.30174900 0.00000000
vt 0.20457900 0.58509300
vt 0.30174900 0.59211400
vt 0.24789900 1.16857200
vt 0.30174900 1.18403900
vt 0.19918800 0.73018100
vt 0.19918800 1.46026500
vt 0.04524200 1.46026500
vt 0.10165100 1.46026500
vt 0.15805900 1.46026500
vt 0.04524200 1.09522300
vt 0.10165100 1.09522300
vt 0.15805900 1.09522300
vt 0.19918800 1.09522300
vt 0.15805900 0.73018100
vt 0.10165100 0.73018100
vt 0.04524200 0.73018100
vt 0.29608800 0.03077500
vt -1.87750000 -1.55651300
vt 8.54453000 1.55679700
vt 8.55299500 1.60931100
vt 0.24270800 0.02230300
vt 0.17688500 0.01280400
vt 8.58142600 1.66835800
vt 0.08862600 0.00335000
vt 8.64615200 1.72705700
vt 0.00000000 -0.00097900
vt 4.83959200 11.51790100
vt 8.72986200 1.75307000
vt 4.80595100 11.51801200
vt 0.00000000 -0.03414100
vt 4.77231200 11.51809700
vt 0.00000000 -0.06730400
vt 0.29608800 -0.05673200
vt -1.79166700 -1.56615400
vt -1.83459000 -1.56139300
vt 0.29608800 -0.01298500
vt 0.04450500 -0.03411500
vt 0.09979900 -0.03408200
vt 0.15509400 -0.03405000
vt 0.19555300 -0.03402600
vt 8.50513700 1.37606800
vt -1.87750000 -1.37046900
vt 8.40273400 1.22202800
vt -1.87750000 -1.18442600
vt 8.25133500 1.11575900
vt -1.87750000 -0.99838200
vt 8.07166100 1.07180400
vt -1.87750000 -0.81233800
vt -1.87750000 -0.62629400
vt 7.88830200 1.09618000
vt -1.87750000 -0.44025100
vt 7.72635200 1.18555000
vt -1.87750000 -0.25420700
vt 7.60797500 1.32768300
vt 0.00000000 1.90609300
vt -1.87750000 -0.06816300
vt 7.54937300 1.50312700
vt 7.52613500 1.57328700
vt 0.07684200 1.89224000
vt 7.47995700 1.63101700
vt 0.15363500 1.88035900
vt 7.41623400 1.66804500
vt 0.23039700 1.87204400
vt 4.80542700 23.84689900
vt 0.30687600 1.86830300
vt 7.34366400 1.67934700
vt 4.80873000 22.82299700
vt 6.51179100 1.65941500
vt 5.65811200 1.65409700
vt 4.81149700 21.83517800
vt 4.81511700 19.96093800
vt 3.92206000 1.68201500
vt 2.20895800 1.75253300
vt 4.81664100 18.21845000
vt 0.55721400 1.85795100
vt 4.81689200 16.58322300
vt -1.33706900 2.02097900
vt 4.81647400 14.71035000
vt -3.18649200 2.21613900
vt 4.81444600 12.83595400
vt 0.00000000 -0.00378400
vt 0.09383700 0.00300100
vt -3.27073700 2.20701700
vt -3.34369100 2.16439100
vt 0.18710100 0.01661700
vt 0.25703600 0.03011900
vt -3.38349100 2.11460600
vt -1.87750000 -1.43402500
vt 0.31440400 0.04226800
vt -3.40378900 2.06644400
vt -1.87750000 -1.23166100
vt -3.49587000 1.88779100
vt -1.87750000 -1.02929600
vt -3.65085900 1.75983100
vt -1.87750000 -0.82693100
vt -3.84371400 1.70323900
vt -4.04327200 1.72716000
vt -1.87750000 -0.62456600
vt -4.21728800 1.82772800
vt -1.87750000 -0.42220100
vt -4.33764400 1.98869400
vt -1.87750000 -0.21983600
vt -4.38489400 2.18404800
vt 0.00000000 3.69954700
vt -1.87750000 -0.01747100
vt -4.40626600 2.26854500
vt 0.08759000 3.68104600
vt -4.45960300 2.33658300
vt 0.17443800 3.66627400
vt -4.51227100 2.36766600
vt 0.23570300 3.65950500
vt -4.56073400 2.38022400
vt 4.82317000 9.49378800
vt 0.28587000 3.65667400
vt 4.82104300 8.85876100
vt -5.24209700 2.46751800
vt 4.81853900 8.19529900
vt -5.92265000 2.55880000
vt 4.81566800 7.49254600
vt -6.60403700 2.65447500
vt 1.87750000 2.35382800
vt -7.28398300 2.75458600
vt 4.81244900 6.73905300
vt -0.79544300 4.56000000
vt -7.32365400 0.93484300
vt 1.87750000 0.53365200
vt 4.87750000 8.32608400
vt 0.00000000 4.56000000
vt -8.11890800 0.95217900
vt -8.27889500 1.41446600
vt 4.87750000 7.83631400
vt -8.51430800 1.84328400
vt 4.87750000 7.34654500
vt -8.81845000 2.22643200
vt 4.87750000 6.85677500
vt -9.18266600 2.55300800
vt 4.87750000 6.36700600
vt -9.59659200 2.81371800
vt 4.87750000 5.87723600
vt -10.04845100 3.00114400
vt 4.87750000 5.38746600
vt -10.52538400 3.10995300
vt 4.87750000 4.89769700
vt -11.01382100 3.13704900
vt 4.87750000 4.40792700
vt -11.49986300 3.08166100
vt 4.87750000 3.91815700
vt 4.87750000 3.42838800
vt -11.96968000 2.94536500
vt 4.87750000 2.93861800
vt -12.40990400 2.73203900
vt 4.87750000 2.44884800
vt -12.80800700 2.44775400
vt 4.87750000 1.95907900
vt -13.15266300 2.10059800
vt -13.43406400 1.70045000
vt 4.87750000 1.46930900
vt -13.64420200 1.25869600
vt 4.87750000 0.97953900
vt -13.77709900 0.78790600
vt 4.87750000 0.48977000
vt 4.87750000 -0.00000000
vt -13.82897300 0.30147700
vt -13.79834700 -0.18675100
vt 4.87750000 -0.48977000
vt 4.87750000 -0.97953900
vt -13.68609300 -0.66288600
vt 4.87750000 -1.46930900
vt -13.49540600 -1.11337800
vt 4.87750000 -1.95907900
vt -13.23171100 -1.52540900
vt -12.90251200 -1.88725500
vt 4.87750000 -2.44884800
vt -12.51717600 -2.18862000
vt 4.87750000 -2.93861800
vt 4.87750000 -3.42838800
vt -12.08666700 -2.42092800
vt -11.62323600 -2.57756900
vt 4.87750000 -3.91815700
vt -11.14007000 -2.65408600
vt 4.87750000 -4.40792700
vt 4.87750000 -4.89769700
vt -10.65091600 -2.64830200
vt -10.16969400 -2.56038100
vt 4.87750000 -5.38746600
vt -9.71009700 -2.39282500
vt 4.87750000 -5.87723600
vt -9.28520200 -2.15040100
vt 4.87750000 -6.36700600
vt 4.87750000 -6.85677500
vt -8.90710000 -1.84000900
vt 4.87750000 -7.34654500
vt -8.58655000 -1.47047900
vt 4.87750000 -7.83631400
vt -8.33267200 -1.05232800
vt 4.87750000 -8.32608400
vt -0.79544300 4.56000000
vt -8.15269100 -0.59745200
vt 1.87750000 -1.01634800
vt -7.35743600 -0.61478900
vt -0.00000000 4.56000000
vt 1.87750000 -2.83652500
vt -4.81244900 6.73905200
vt -7.39710700 -2.43453300
vt -6.71344500 -2.36414900
vt -4.81566800 7.49254600
vt -4.81853900 8.19529900
vt -6.02853600 -2.29825900
vt -5.34465100 -2.23672300
vt -4.82104300 8.85876000
vt -4.66013200 -2.17920600
vt -4.82317000 9.49378700
vt 0.00000000 -0.00049300
vt -4.57922800 -2.15407700
vt 0.08674800 0.00585200
vt -4.51584200 -2.09826300
vt 0.17300200 0.01856000
vt -4.48645900 -2.04185900
vt 0.23759400 0.03113100
vt -4.47590900 -1.99087900
vt 0.29049100 0.04241300
vt -1.87750000 -0.74613000
vt -1.87750000 -0.54376500
vt -4.42019100 -1.79777000
vt -1.87750000 -0.34140000
vt -4.29293400 -1.64220200
vt -1.87750000 -0.13903500
vt -4.11470000 -1.54931300
vt -1.87750000 0.06333000
vt -3.91428900 -1.53411200
vt -3.72408400 -1.59905500
vt -1.87750000 0.26569400
vt -3.57481800 -1.73364800
vt -1.87750000 0.46805900
vt 0.00000000 1.91597600
vt -3.49061100 -1.91614300
vt -1.87750000 0.67042400
vt 0.06576800 1.90184800
vt -3.46798100 -1.97293700
vt -3.42914200 -2.02186800
vt 0.13280000 1.88890300
vt -3.36270300 -2.06306500
vt 0.21714200 1.87655700
vt -4.81443500 12.83867800
vt -3.28004400 -2.07516600
vt 0.30748600 1.86998400
vt -4.81646100 14.70729100
vt -1.43009600 -1.96110800
vt -4.81684800 16.58674200
vt 0.47557600 -1.88038600
vt -4.81664300 18.20855900
vt 2.11673700 -1.84727800
vt 3.82762000 -1.85129400
vt -4.81511600 19.94693900
vt 5.57010700 -1.89880600
vt -4.81141900 21.82814500
vt -4.80870000 22.82162100
vt 6.42798500 -1.94136500
vt 0.00000000 -0.01191500
vt -4.80541700 23.85196000
vt 7.26350200 -1.99778900
vt 7.33685400 -1.98929500
vt 0.07832600 -0.00809200
vt 0.15654400 0.00025200
vt 7.40232400 -1.95501000
vt 7.45086800 -1.89949600
vt 0.23450300 0.01211700
vt -1.87750000 0.08996000
vt 0.31205900 0.02591800
vt 7.47669400 -1.83070000
vt 7.54239500 -1.65877700
vt -1.87750000 0.27506500
vt 7.66584800 -1.52227300
vt -1.87750000 0.46016900
vt 7.83032600 -1.43968300
vt -1.87750000 0.64527400
vt -1.87750000 0.83037800
vt 8.01354300 -1.42219800
vt 8.19067300 -1.47218700
vt -1.87750000 1.01548300
vt 8.33771700 -1.58287800
vt -1.87750000 1.20058700
vt 8.43474900 -1.73927100
vt -1.87750000 1.38569200
vt -0.00000000 1.87750000
vt -1.87750000 1.57079600
vt 8.46862300 -1.92017600
vt 0.29299700 -0.03094500
vt 0.01052800 1.87750000
vt 8.46862300 -1.93070400
vt 0.23305700 -0.02141900
vt 8.47748300 -1.99009400
vt 0.16291500 -0.01150000
vt 8.50888900 -2.05256800
vt 8.56910200 -2.10604900
vt 0.08159000 -0.00309100
vt 0.00000000 0.00094200
vt 8.64534000 -2.13187300
vt -4.83961400 11.52237300
vt -4.83783200 11.74542300
vt 8.96993000 -2.17219100
vt 9.27008300 -2.21289400
vt -4.83614600 11.96201300
vt 9.80786700 -2.29491900
vt -4.83303100 12.38024000
vt 10.28026900 -2.37687100
vt -4.83032800 12.78855500
vt 10.70887100 -2.45767300
vt -4.82807200 13.20338500
vt -4.82642300 13.62303000
vt 11.09248700 -2.53175600
vt -4.82544100 14.02088300
vt 11.41395200 -2.58969600
vt 11.69604300 -2.62950700
vt -4.82494800 14.41301000
vt 1.88038300 0.05348400
vt 11.95372200 -2.64731200
vt -4.82470500 14.80810000
vt 12.39295700 -2.61624900
vt 1.88038300 -0.39996500
vt 12.81900600 -2.50500600
vt 1.88038300 -0.85341400
vt 13.21735900 -2.31737000
vt 1.88038300 -1.30686300
vt 13.57445200 -2.05973300
vt 1.88038300 -1.76031200
vt 1.88038300 -2.21376100
vt 13.87812300 -1.74086600
vt 14.11803300 -1.37162900
vt 1.88038300 -2.66721000
vt 1.88038300 -3.12066000
vt 14.28601100 -0.96459600
vt 1.88038300 -3.57410900
vt 14.37633600 -0.53362800
vt 1.88038300 -4.02755800
vt 14.38593300 -0.09340000
vt 14.31447500 0.34109500
vt 1.88038300 -4.48100700
vt 1.88038300 -4.93445600
vt 14.16439600 0.75506200
vt 1.88038300 -5.38790500
vt 13.94080500 1.13440300
vt 1.88038300 -5.84135400
vt 13.65131800 1.46620100
vt 13.30579300 1.73915600
vt 1.88038300 -6.29480300
vt 12.91599500 1.94397300
vt 1.88038300 -6.74825200
vt 12.49519900 2.07367800
vt 1.88038300 -7.20170100
vt 4.82468100 14.80250000
vt 1.88038300 -7.65515000
vt 12.05773500 2.12385300
vt 11.82041500 2.11861200
vt 4.82491500 14.43852700
vt 11.56290500 2.09539700
vt 4.82531000 14.07746900
vt 4.82606100 13.72623900
vt 11.28437900 2.05943000
vt 4.82729900 13.37121600
vt 10.97077500 2.01335400
vt 10.78675600 1.98587300
vt 4.82815100 13.17917900
vt 4.82921000 12.97177200
vt 10.57607100 1.95508900
vt 10.33770300 1.92182700
vt 4.83049600 12.75101500
vt 4.83199900 12.51936700
vt 10.07162800 1.88707800
vt 4.83368900 12.27877400
vt 9.77782800 1.85183500
vt 4.83553700 12.03083200
vt 9.45628100 1.81709200
vt 9.10696600 1.78383900
vt 4.83751400 11.77684900
vt 0.67750000 0.15708000
vt 12.31873400 0.33159000
vt -0.20000000 0.67750000
vt -1.40000000 0.67750000
vt 0.67750000 -0.15708000
vt 12.29258000 -0.86812500
vt 0.67750000 -0.05236000
vt 12.26361200 -0.96751800
vt 12.18882900 -1.03911000
vt 0.67750000 0.05236000
vt 0.67750000 0.15708000
vt -0.20000000 0.67750000
vt 12.08826900 -1.06371900
vt -0.40000000 0.67750000
vt 0.67750000 -0.15708000
vt 11.88831600 -1.05936000
vt 11.78892400 -1.03039200
vt 0.67750000 -0.05236000
vt 11.71733200 -0.95560800
vt 0.67750000 0.05236000
vt 0.67750000 0.15708000
vt -0.20000000 0.67750000
vt 11.69272300 -0.85504800
vt 0.67750000 -0.15708000
vt -1.40000000 0.67750000
vt 11.71887700 0.34466700
vt 0.67750000 -0.05236000
vt 11.74784500 0.44405900
vt 0.67750000 0.05236000
vt 11.82262800 0.51565100
vt 0.67750000 0.15708000
vt 11.92318900 0.54026000
vt -0.20000000 0.67750000
vt -0.40000000 0.67750000
vt 0.67750000 -0.15708000
vt 12.12314100 0.53590100
vt 0.67750000 -0.05236000
vt 12.22253300 0.50693300
vt 0.67750000 0.05236000
vt 12.29412500 0.43215000
vt -1.12250000 1.06814200
vt -1.12250000 -1.06814200
vt 9.82125800 -1.35696800
vt 9.78231300 -1.51497400
vt -1.12250000 0.90381200
vt 9.67440000 -1.63678300
vt -1.12250000 0.73948300
vt 9.52224000 -1.69448900
vt -1.12250000 0.57515300
vt -1.12250000 0.41082400
vt 9.36069200 -1.67487400
vt -1.12250000 0.24649400
vt 9.22676400 -1.58243000
vt 9.15113800 -1.43833600
vt -1.12250000 0.08216500
vt -1.12250000 -0.08216500
vt 9.15113800 -1.27560100
vt 9.22676400 -1.13150600
vt -1.12250000 -0.24649400
vt -1.12250000 -0.41082400
vt 9.36069200 -1.03906300
vt -1.12250000 -0.57515300
vt 9.52224000 -1.01944700
vt -1.12250000 -0.73948300
vt 9.67440000 -1.07715400
vt -1.12250000 -0.90381200
vt 9.78231300 -1.19896200
vt -1.12250000 -1.06814200
vt 9.87138700 0.94248500
vt -1.12250000 1.06814200
vt -1.12250000 0.90381200
vt 9.83244200 0.78448000
vt -1.12250000 0.73948300
vt 9.72452900 0.66267100
vt 9.57236900 0.60496400
vt -1.12250000 0.57515300
vt -1.12250000 0.41082400
vt 9.41082100 0.62458000
vt -1.12250000 0.24649400
vt 9.27689300 0.71702400
vt -1.12250000 0.08216500
vt 9.20126700 0.86111800
vt 9.20126700 1.02385300
vt -1.12250000 -0.08216500
vt -1.12250000 -0.24649400
vt 9.27689300 1.16794700
vt 9.41082100 1.26039100
vt -1.12250000 -0.41082400
vt 9.57236900 1.28000600
vt -1.12250000 -0.57515300
vt 9.72452900 1.22230000
vt -1.12250000 -0.73948300
vt -1.12250000 -0.90381200
vt 9.83244200 1.10049100
vt -0.50806000 -0.00000000
vt -10.40755500 0.87704300
vt 1.12250000 -1.86122700
vt -0.75369600 -0.11770300
vt -5.30155700 -0.00000000
vt -5.61519700 0.77256800
vt -5.53435600 0.75940500
vt -0.81104800 -0.05885200
vt -5.46629700 0.72545300
vt -0.85968400 -0.00000000
vt -0.89221300 0.05885200
vt -5.42136300 0.67587000
vt -5.40987200 0.64751000
vt -0.90077400 0.08827700
vt -0.16861200 2.09077200
vt -5.40638300 0.61819300
vt -0.90369200 0.11770300
vt -5.42616800 -0.38161300
vt 0.86263400 -0.11791600
vt -1.16860200 2.08591800
vt 0.86548000 -0.08843700
vt -5.43083000 -0.41081200
vt -5.44347700 -0.43871700
vt 0.87399100 -0.05895800
vt 0.90649200 -0.00000000
vt -5.49049200 -0.48644000
vt 0.95518000 0.05895800
vt -5.56004300 -0.51750200
vt 0.30356700 -0.00000000
vt 1.01263100 0.11791600
vt -5.64152100 -0.52716700
vt -4.49194000 -0.00000000
vt 1.12250000 1.82526200
vt -10.43588900 -0.42264800
vt 1.12250000 1.56194100
vt -10.66821400 -0.54420600
vt -10.92694800 -0.58672500
vt 1.12250000 1.29862100
vt 1.12250000 1.03530000
vt -11.18595600 -0.54590900
vt 1.12250000 0.77197900
vt -11.41907500 -0.42588200
vt -11.60275800 -0.23876800
vt 1.12250000 0.50865900
vt 1.12250000 0.24533800
vt -11.71845000 -0.00346700
vt 1.12250000 -0.01798200
vt -11.75446500 0.25625200
vt -11.70716600 0.51415500
vt 1.12250000 -0.28130300
vt -11.58132900 0.74419000
vt 1.12250000 -0.54462400
vt -11.38966600 0.92312100
vt 1.12250000 -0.80794400
vt -11.15153800 1.03287500
vt 1.12250000 -1.07126500
vt -10.89099700 1.06236400
vt 1.12250000 -1.33458600
vt 1.12250000 -1.59790600
vt -10.63436200 1.00861000
vt 13.29572900 -0.26172900
vt 4.87750000 -0.65973400
vt 4.87750000 0.65973400
vt 13.32386300 -0.15672900
vt 4.87750000 -0.54977900
vt 4.87750000 -0.43982300
vt 13.40072900 -0.07986400
vt 4.87750000 -0.32986700
vt 13.50572900 -0.05172900
vt 4.87750000 -0.21991100
vt 13.61072900 -0.07986400
vt 13.68759400 -0.15672900
vt 4.87750000 -0.10995600
vt 13.71572900 -0.26172900
vt 4.87750000 -0.00000000
vt 13.68759400 -0.36672900
vt 4.87750000 0.10995600
vt 4.87750000 0.21991100
vt 13.61072900 -0.44359500
vt 4.87750000 0.32986700
vt 13.50572900 -0.47172900
vt 4.87750000 0.43982300
vt 13.40072900 -0.44359500
vt 4.87750000 0.54977900
vt 13.32386300 -0.36672900
vt 4.87750000 0.65973400
vt 4.87750000 -0.65973400
vt 11.04572900 -1.56076700
vt 4.87750000 -0.54977900
vt 11.07386300 -1.45576700
vt 11.15072900 -1.37890200
vt 4.87750000 -0.43982300
vt 4.87750000 -0.32986700
vt 11.25572900 -1.35076700
vt 11.36072900 -1.37890200
vt 4.87750000 -0.21991100
vt 11.43759400 -1.45576700
vt 4.87750000 -0.10995600
vt 11.46572900 -1.56076700
vt 4.87750000 -0.00000000
vt 11.43759400 -1.66576700
vt 4.87750000 0.10995600
vt 11.36072900 -1.74263300
vt 4.87750000 0.21991100
vt 4.87750000 0.32986700
vt 11.25572900 -1.77076700
vt 4.87750000 0.43982300
vt 11.15072900 -1.74263300
vt 11.07386300 -1.66576700
vt 4.87750000 0.54977900
vt 4.87750000 0.65973400
vt 4.87750000 -0.65973400
vt 11.04572900 1.03730900
vt 4.87750000 -0.54977900
vt 11.07386300 1.14230900
vt 11.15072900 1.21917400
vt 4.87750000 -0.43982300
vt 11.25572900 1.24730900
vt 4.87750000 -0.32986700
vt 4.87750000 -0.21991100
vt 11.36072900 1.21917400
vt 11.43759400 1.14230900
vt 4.87750000 -0.10995600
vt 11.46572900 1.03730900
vt 4.87750000 -0.00000000
vt 11.43759400 0.93230900
vt 4.87750000 0.10995600
vt 11.36072900 0.85544300
vt 4.87750000 0.21991100
vt 11.25572900 0.82730900
vt 4.87750000 0.32986700
vt 11.15072900 0.85544300
vt 4.87750000 0.43982300
vt 4.87750000 0.54977900
vt 11.07386300 0.93230900
vt -1.12250000 1.06814200
vt 12.37079300 0.88799700
vt -1.12250000 -1.06814200
vt -1.12250000 0.90381200
vt 12.33184800 0.72999200
vt -1.12250000 0.73948300
vt 12.22393500 0.60818300
vt 12.07177600 0.55047600
vt -1.12250000 0.57515300
vt -1.12250000 0.41082400
vt 11.91022700 0.57009200
vt -1.12250000 0.24649400
vt 11.77629900 0.66253600
vt -1.12250000 0.08216500
vt 11.70067300 0.80663000
vt 11.70067300 0.96936500
vt -1.12250000 -0.08216500
vt 11.77629900 1.11345900
vt -1.12250000 -0.24649400
vt -1.12250000 -0.41082400
vt 11.91022700 1.20590300
vt -1.12250000 -0.57515300
vt 12.07177600 1.22551900
vt 12.22393500 1.16781200
vt -1.12250000 -0.73948300
vt 12.33184800 1.04600300
vt -1.12250000 -0.90381200
vt -1.12250000 -1.06814200
vt -1.12250000 1.06814200
vt 12.32066400 -1.41145600
vt -1.12250000 0.90381200
vt 12.28171900 -1.56946200
vt -1.12250000 0.73948300
vt 12.17380600 -1.69127100
vt 12.02164700 -1.74897700
vt -1.12250000 0.57515300
vt 11.86009800 -1.72936200
vt -1.12250000 0.41082400
vt 11.72617000 -1.63691800
vt -1.12250000 0.24649400
vt 11.65054400 -1.49282300
vt -1.12250000 0.08216500
vt -1.12250000 -0.08216500
vt 11.65054400 -1.33008900
vt -1.12250000 -0.24649400
vt 11.72617000 -1.18599400
vt 11.86009800 -1.09355100
vt -1.12250000 -0.41082400
vt -1.12250000 -0.57515300
vt 12.02164700 -1.07393500
vt -1.12250000 -0.73948300
vt 12.17380600 -1.13164200
vt -1.12250000 -0.90381200
vt 12.28171900 -1.25345000
vt 0.31995800 -0.00000000
vt 0.00000000 -1.57079600
vt -14.99988100 -1.75694000
vt -0.00000000 -1.37444700
vt -14.96600000 -1.56481400
vt 0.00000000 -1.17809700
vt -14.86117500 -1.40027800
vt 0.00000000 -0.98174800
vt -14.70136400 -1.28838200
vt -14.51089800 -1.24616100
vt -0.00000000 -0.78539800
vt 0.00000000 -0.58904900
vt -14.31877200 -1.28004200
vt -14.15423600 -1.38486700
vt -0.00000000 -0.39269900
vt -0.00000000 -0.19635000
vt -14.04234000 -1.54467800
vt -0.00000000 -0.00000000
vt -14.00011900 -1.73514400
vt 0.00000000 -0.00000000
vt -1.28159000 -0.00000000
vt 0.31685800 0.58696300
vt 0.00000000 1.29689800
vt -0.00000000 1.28159000
vt 0.00000000 1.44919700
vt -1.43108900 -0.01461000
vt 0.00000000 1.60149600
vt -1.58027700 -0.03083300
vt -1.72909800 -0.04867700
vt 0.00000000 1.75379400
vt 0.30687600 1.29689800
vt 0.00000000 0.58696300
vt 4.22916500 23.83811500
vt 0.07922000 0.58696300
vt 0.23026200 1.29689800
vt 0.15342200 1.29689800
vt 0.15841200 0.58696300
vt 0.07672400 1.29689800
vt 0.23775100 0.58696300
vt 0.31685700 1.02137400
vt 0.04575300 0.85576900
vt 0.31685700 1.45584900
vt 0.07323800 0.42831600
vt 0.08240800 -0.00000000
vt -13.99832300 -1.81753200
vt 0.31685800 1.89040300
vt -13.98097400 -1.89453500
vt 0.23764300 1.89040300
vt 0.15842900 1.89040300
vt -13.93540800 -1.95868100
vt -13.86839900 -2.00008000
vt 0.07921400 1.89040300
vt 2.92204300 23.83653700
vt -13.79070900 -2.01302700
vt 0.00000000 1.89040300
vt 3.35777700 23.83671200
vt 0.00000000 1.45582900
vt 0.00000000 1.02134700
vt 3.79346600 23.83723800
vt 0.04716900 1.23343500
vt 0.26285600 1.23343500
vt 0.26285600 1.16186000
vt 0.20885400 1.16186000
vt 0.16597300 1.16186000
vt 0.10657100 1.16186000
vt 0.04716900 1.16186000
vt 0.26285600 1.56191900
vt 0.20885400 1.56191900
vt 0.16597300 1.56191900
vt 0.10657100 1.56191900
vt 0.04716900 1.56191900
vt 0.10657100 1.23343500
vt 0.16597300 1.23343500
vt 0.20885400 1.23343500
vt 4.37318900 23.83881500
vt 0.30687600 1.43974900
vt 0.30687600 1.58260100
vt 4.51725100 23.84035100
vt 0.30687600 1.72545200
vt 4.66133500 23.84296100
vt 0.04588200 1.65107300
vt 0.10331300 1.65107300
vt 0.16074500 1.65107300
vt 0.20245500 1.65107300
vt 0.25466600 1.65107300
vt 0.04588200 1.55084500
vt 0.10331300 1.55084500
vt 0.16074500 1.55084500
vt 0.20245500 1.55084500
vt 0.25466600 1.55084500
vt 0.04588200 1.36854600
vt 0.10331300 1.36854600
vt 0.16074500 1.36854600
vt 0.20245500 1.36854600
vt 0.25466600 1.36854600
vt 0.31205900 -0.85191800
vt 0.32528600 1.03467500
vt -1.01804400 0.00000000
vt 0.26491400 1.01804400
vt 0.24408700 1.03467500
vt 0.23416100 -0.85191800
vt 0.15601100 -0.85191800
vt 0.16262400 1.03467500
vt 0.08132700 1.03467500
vt 0.07802000 -0.85191800
vt 0.00000000 -0.85191800
vt 0.00000000 1.03467500
vt -3.95922700 23.84343400
vt 0.00000000 0.68989200
vt -3.61356500 23.84448400
vt 0.00000000 0.34498000
vt -3.26782300 23.84511600
vt 0.00000000 0.00000000
vt -13.79362600 2.01313800
vt -2.92203700 23.84532700
vt -13.87333400 1.99937900
vt 0.08132100 0.00000000
vt 0.16264300 0.00000000
vt -13.94146400 1.95576600
vt -13.98644800 1.88864700
vt 0.24396400 0.00000000
vt 0.32528600 0.00000000
vt -14.00125200 1.80892700
vt 0.21291500 -0.00000000
vt 0.21869800 0.33994900
vt 0.32528600 0.34497000
vt 0.23603900 0.67944600
vt 0.32528600 0.68987900
vt 0.04823900 0.72877700
vt 0.10931300 0.72877700
vt 0.17038800 0.72877700
vt 0.21424100 0.72877700
vt 0.26976300 0.72877700
vt 0.04823900 0.46775800
vt 0.10931300 0.46775800
vt 0.17038800 0.46775800
vt 0.21424100 0.46775800
vt 0.26976300 0.46775800
vt -4.59423500 23.84665600
vt 0.00000000 -0.22150700
vt 0.00000000 -0.43109900
vt -4.38305400 23.84394900
vt 0.00000000 -0.64150800
vt -4.17109200 23.84307800
vt -1.22497400 0.01669100
vt 0.31205900 -0.64150800
vt -1.43142800 0.03644200
vt 0.31205900 -0.43109900
vt -1.65492200 0.06137000
vt 0.31205900 -0.20259000
vt 0.04657800 -0.43109900
vt 0.10501900 -0.43109900
vt 0.16345900 -0.43109900
vt 0.20580300 -0.43109900
vt 0.25893100 -0.43109900
vt -4.58620800 12.84510400
vt 0.30748600 1.64441900
vt -4.35786700 12.84808200
vt 0.30748600 1.41885400
vt -4.12950700 12.84872600
vt 0.30748600 1.19329000
vt 0.30748600 0.96772500
vt -3.90125800 12.84791000
vt 0.00000000 0.91060400
vt -3.57489100 12.84639700
vt 0.00000000 1.23505400
vt -3.24847300 12.84548700
vt 0.00000000 1.55957100
vt -3.27700200 2.35563300
vt -2.92203700 12.84518300
vt 0.00000000 1.88411400
vt -2.92203700 14.71596300
vt -5.12522300 2.20955400
vt -2.92203700 16.58674200
vt -7.01945500 2.08947300
vt -8.85183800 2.01386000
vt -2.92203700 18.40138800
vt -9.74908900 1.99118700
vt -2.92203700 19.30871100
vt -2.92203700 20.21603400
vt -10.62467700 1.97753900
vt -2.92203700 21.12335700
vt -11.47225600 1.97279700
vt -2.92203700 22.03068000
vt -12.28609400 1.97710100
vt -2.92203700 22.93800400
vt -13.06142800 1.99052700
vt -4.38305500 14.08803200
vt -4.38305500 19.31063000
vt -4.38305500 21.12656100
vt -4.38305500 22.94249900
vt -3.65254600 22.94025100
vt -4.38305500 22.03452800
vt -3.65254600 22.03260400
vt -3.65254600 21.12495900
vt -3.65254600 19.30967100
vt -3.65254600 20.21731400
vt -4.38305500 20.21859400
vt -4.38305500 16.58674200
vt -3.65254600 16.58674200
vt -3.65254600 18.40202700
vt -4.38305500 18.40266700
vt -3.65254600 14.08803200
vt 0.12317600 0.94264700
vt 0.29299700 0.92162100
vt 0.16083200 -0.00000000
vt 0.29299700 1.87598900
vt -15.00338700 1.89593900
vt 0.21974800 1.87598900
vt -15.01845500 1.96768900
vt 0.14649800 1.87598900
vt -15.05822200 2.02907500
vt -15.11757000 2.07192200
vt 0.07324900 1.87598900
vt -2.94697400 11.52805100
vt 0.00000000 1.87598900
vt -15.18823300 2.09100800
vt 0.00000000 1.51097200
vt -3.31534500 11.52783400
vt 0.00000000 1.14595500
vt -3.68371800 11.52718400
vt -4.42046200 11.52459800
vt 0.00000000 0.41601600
vt 0.19356300 0.41601600
vt 0.15347400 0.41601600
vt 0.09878600 0.41601600
vt 0.04409700 0.41601600
vt 0.19356300 1.14595500
vt 0.15347400 1.14595500
vt 0.09878600 1.14595500
vt 0.04409700 1.14595500
vt 0.04409700 0.78098500
vt 0.09878600 0.78098500
vt 0.15347400 0.78098500
vt 0.19356300 0.78098500
vt 0.00000000 1.57079600
vt 0.00000000 -0.00000000
vt -14.99988100 1.73514400
vt 0.08139100 0.91060400
vt 0.23073000 0.96772500
vt 0.15372500 0.96772500
vt 0.16275200 0.91060400
vt 0.07687600 0.96772500
vt 0.24428000 0.91060400
vt 0.32554300 0.91060400
vt 0.00000000 0.96772500
vt -0.00000000 0.95451500
vt -0.95451500 0.78539800
vt 0.32554300 1.23505600
vt 0.03070300 0.63718400
vt 0.32554300 1.55957200
vt 0.04914500 0.31884100
vt 0.32554300 1.88411400
vt 0.05529600 -0.00000000
vt -3.06024700 2.16069900
vt 0.24415700 1.88411400
vt -3.07855500 2.23979800
vt 0.16277100 1.88411400
vt -3.12653300 2.30493900
vt 0.08138600 1.88411400
vt -3.19664600 2.34549700
vt 0.04827400 1.15785300
vt 0.26997500 1.15785300
vt 0.21440800 0.96924700
vt 0.21440800 1.15785300
vt 0.17052200 0.96924700
vt 0.10939800 0.96924700
vt 0.26997500 0.96924700
vt 0.26997500 1.48880600
vt 0.21440800 1.48880600
vt 0.17052200 1.48880600
vt 0.10939800 1.48880600
vt 0.04827400 1.48880600
vt 0.10939800 1.15785300
vt 0.17052200 1.15785300
vt 0.04827400 0.96924700
vt 0.00000000 1.67891300
vt -1.64866500 0.70632800
vt -1.41835900 0.73739100
vt 0.00000000 1.44185000
vt -1.18686600 0.76373400
vt 0.00000000 1.20478800
vt 0.25518900 1.59146500
vt 0.04601000 1.59146500
vt 0.10353700 1.59146500
vt 0.16106400 1.59146500
vt 0.20289200 1.59146500
vt 0.04601000 1.11710800
vt 0.10353700 1.11710800
vt 0.16106400 1.11710800
vt 0.20289200 1.11710800
vt 0.25518900 1.11710800
vt 0.25518900 1.44237100
vt 0.20289200 1.44226400
vt 0.16106400 1.44217900
vt 0.10353700 1.44206100
vt 0.04601000 1.44194400
vt 0.00000000 -0.00000000
vt -3.05904200 2.10541600
vt 0.00000000 0.78539800
vt 0.29914900 3.45485900
vt 0.29049100 -0.23649100
vt -1.60635200 -0.78539800
vt 0.33433300 1.60635200
vt 0.33433300 0.00000000
vt 0.00000000 -0.78539800
vt -2.05927900 2.12721100
vt 0.00000000 -0.58904900
vt -2.09316000 1.93508600
vt -0.00000000 -0.39269900
vt -2.19798500 1.77055000
vt -0.00000000 -0.19635000
vt -2.35779600 1.65865400
vt 0.00000000 0.00000000
vt -2.54826300 1.61643300
vt -2.74038900 1.65031300
vt -0.00000000 0.19635000
vt -2.90492400 1.75513900
vt 0.00000000 0.39269900
vt -3.01682000 1.91494900
vt 0.00000000 0.58904900
vt 0.19951900 3.45485900
vt 0.19375100 -0.23649100
vt 0.09680000 -0.23649100
vt 0.09968800 3.45485900
vt 0.00000000 3.45485900
vt -4.58334400 9.48988800
vt 0.00000000 -0.23649100
vt -4.03215400 9.48534300
vt 0.00000000 2.90835000
vt 0.00000000 2.36151900
vt -3.48077700 9.48260300
vt 0.00000000 1.81448900
vt -2.92925000 9.48168600
vt -1.88075900 2.47836800
vt -1.95235700 2.45753900
vt 0.07478700 1.81448900
vt 0.14957500 1.81448900
vt -2.01166500 2.41233800
vt -2.05008300 2.34850000
vt 0.22436200 1.81448900
vt 0.29914900 1.81448900
vt 0.18666900 -0.00000000
vt -2.06249800 2.27484000
vt 0.29914900 2.36150100
vt 0.20312100 0.53834700
vt 0.25240700 1.07450000
vt 0.29914900 2.90832700
vt 0.04489700 2.54082200
vt 0.19751400 2.54082200
vt 0.04489700 3.26702200
vt 0.10079800 3.26702200
vt 0.15669800 3.26702200
vt 0.19751400 3.26702200
vt 0.04489700 2.90392200
vt 0.10079800 2.90392200
vt 0.15669800 2.90392200
vt 0.19751400 2.90392200
vt 0.15669800 2.54082200
vt 0.10079800 2.54082200
vt 0.04377300 -0.09288800
vt 0.09796700 -0.09288800
vt 0.15216200 -0.09288800
vt 0.19195600 -0.09288800
vt 1.46284500 -2.89751900
vt -4.39387500 6.73246100
vt 0.73287100 -2.96759300
vt -3.66156300 6.72486300
vt -2.92925000 6.72232400
vt 0.00000000 -2.99096000
vt -0.73287100 -2.96759400
vt -2.19693800 6.72486300
vt -1.46284500 -2.89751900
vt -1.46462500 6.73246100
vt -1.09949400 6.73812100
vt -1.82469700 -2.84515800
vt -1.29680300 2.60381000
vt -1.34083700 6.86197800
vt -1.56091800 2.62612400
vt -1.82538100 2.64430700
vt -1.58195100 6.98478000
vt -2.08985800 2.65813200
vt -1.82260700 7.10645500
vt -2.35452800 2.66741200
vt -2.66741200 0.85084800
vt -2.06304500 7.22715800
vt -2.66963200 0.69948300
vt -2.19693800 7.30313400
vt -2.35698100 7.42049900
vt -2.66767400 0.50527100
vt -2.50143900 7.55767800
vt -2.66093300 0.31101800
vt -2.62762600 7.71121300
vt -2.65020900 0.11722900
vt -2.63630800 -0.07671000
vt -2.73391300 7.87833000
vt -2.81829300 8.05525400
vt -2.62011800 -0.27027400
vt -2.60240300 -0.46390400
vt -2.87961100 8.23906500
vt -2.91678300 8.42628200
vt -2.58392900 -0.65735100
vt -2.56522100 -0.85084800
vt -2.92925000 8.61399600
vt -0.95560500 2.56522100
vt -4.39387500 8.77746000
vt -3.66156300 8.77746000
vt -4.39387500 8.05988500
vt -3.66156300 8.05773300
vt -2.92925000 8.05558000
vt -4.39387500 7.39172800
vt -3.66156300 7.39172800
vt -2.92925000 7.39172800
vt 0.24744300 0.64026500
vt 0.33405700 0.65247500
vt 0.31440400 -1.22710300
vt -0.64026500 -1.57079600
vt 0.25068200 0.65247500
vt 0.23593300 -1.22710300
vt 0.15718200 -1.22710300
vt 0.16700700 0.65247500
vt 0.08352100 0.65247500
vt 0.07860700 -1.22710300
vt 3.57806000 12.84299800
vt 0.00000000 0.65247500
vt 0.00000000 -1.22710300
vt 0.00000000 0.43498400
vt 3.35938600 12.84169500
vt 3.14071400 12.84091300
vt 0.00000000 0.21749200
vt 2.92204300 12.84065200
vt 0.00000000 0.00000000
vt -3.27525500 -2.35578000
vt -3.19285900 -2.34489300
vt 0.08351400 0.00000000
vt 0.16702900 0.00000000
vt -3.12158800 -2.30212500
vt 0.25054300 0.00000000
vt -3.07419500 -2.23397300
vt 0.22252000 -0.00000000
vt 0.33405700 0.00000000
vt -3.05849900 -2.15212900
vt 0.33405700 0.21749200
vt 0.22529100 0.21361300
vt 0.23360000 0.42708300
vt 0.33405700 0.43498300
vt 0.04934200 0.48928600
vt 0.11216200 0.48928600
vt 0.17498200 0.48928600
vt 0.21983900 0.48928600
vt 0.27694800 0.48928600
vt 0.04934200 0.32609700
vt 0.11216200 0.32609700
vt 0.17498200 0.32609700
vt 0.21983900 0.32609700
vt 0.27694800 0.32609700
vt 0.00000000 -0.21725800
vt 4.59878800 12.84212600
vt 0.00000000 -0.43073200
vt 4.38306100 12.84515700
vt 3.65255400 12.84353300
vt 0.00000000 -1.15336500
vt -0.71279600 -1.56652800
vt 0.31440400 -1.15336500
vt -1.42019000 -1.50076500
vt 0.31440400 -0.43073200
vt -1.64954900 -1.46980100
vt 0.31440400 -0.19423200
vt 0.04684400 -0.43073200
vt 0.10576600 -0.43073200
vt 0.16468800 -0.43073200
vt 0.20727300 -0.43073200
vt 0.26083800 -0.43073200
vt 0.04684400 -0.91248700
vt 0.10576600 -0.91248700
vt 0.16468800 -0.91248700
vt 0.20727300 -0.91248700
vt 0.26083800 -0.91248700
vt 0.26083800 -1.15336500
vt 0.20727300 -1.15336500
vt 0.16468800 -1.15336500
vt 0.10576600 -1.15336500
vt 0.04684400 -1.15336500
vt 0.24744300 -0.00000000
vt 0.00000000 -1.57079600
vt -3.05904200 -2.12721100
vt -0.00000000 -1.37444700
vt -3.02516100 -1.93508600
vt 0.00000000 -1.17809700
vt -2.92033600 -1.77055000
vt -2.76052500 -1.65865400
vt 0.00000000 -0.98174800
vt -2.57005800 -1.61643300
vt -0.00000000 -0.78539800
vt -2.37793200 -1.65031300
vt 0.00000000 -0.58904900
vt -2.21339700 -1.75513900
vt -0.00000000 -0.39269900
vt -2.10150100 -1.91494900
vt -0.00000000 -0.19635000
vt -2.05927900 -2.10541600
vt 0.00000000 -0.00000000
vt -0.00000000 -0.00000000
vt 0.29049400 0.07655200
vt -1.76257200 0.00000000
vt 0.00000000 3.58118800
vt 0.00000000 1.76257200
vt 0.00000000 0.07655200
vt 4.74640300 9.49217800
vt 0.28587000 3.58118800
vt 0.09680700 0.07655200
vt 0.19065900 3.58118800
vt 0.19373700 0.07655200
vt 0.09526300 3.58118800
vt 0.09918400 1.18003500
vt 0.29049400 0.67654700
vt 0.29049400 1.27717300
vt 0.15889700 0.59151400
vt -2.05538200 -2.28420900
vt 0.29049400 1.87811200
vt 0.17883600 -0.00000000
vt -2.04061400 -2.35523500
vt 0.21787100 1.87811200
vt 0.14524700 1.87811200
vt -2.00161900 -2.41621200
vt 0.07262400 1.87811200
vt -1.94331200 -2.45918700
vt 0.00000000 1.87811200
vt -1.87365000 -2.47901900
vt 2.92925000 9.47519600
vt 0.00000000 1.51504600
vt 3.29540100 9.47588900
vt 3.66156300 9.47796700
vt 0.00000000 1.15198000
vt 0.00000000 0.42595200
vt 4.39387500 9.48625100
vt 0.19194600 0.42595200
vt 0.19194600 0.90997100
vt 0.19194600 0.19301900
vt 0.15216400 0.19301900
vt 0.09796200 0.19301900
vt 0.04376100 0.19301900
vt 0.15216400 0.90997100
vt 0.09796200 0.90997100
vt 0.04376100 0.90997100
vt 0.04376100 0.42595200
vt 0.09796200 0.42595200
vt 0.15216400 0.42595200
vt 0.04376100 1.15198000
vt 0.09796200 1.15198000
vt 0.15216400 1.15198000
vt 0.19194600 1.15198000
vt 4.77199200 9.49267300
vt 0.28587000 3.60635100
vt 0.28587000 3.63151200
vt 4.79758100 9.49320900
vt 0.04316000 3.64120800
vt 0.09645100 3.64120800
vt 0.14974200 3.64120800
vt 0.18897800 3.64120800
vt -0.20000000 2.83725200
vt 4.50000000 -5.15967500
vt 2.83725200 0.15708000
vt 2.84046400 0.07809400
vt 4.57694800 -5.14394800
vt 4.64176400 -5.09957700
vt 2.84907600 -0.00048500
vt 2.86062200 -0.07882100
vt 4.68488300 -5.03375300
vt -1.00000000 2.87228100
vt 2.87228100 -0.15708000
vt 4.70000000 -4.95658900
vt 4.79939700 1.44229200
vt -1.00000000 3.45890300
vt 3.45890300 -0.15708000
vt 4.78385900 1.70043600
vt 3.45280200 -0.07859400
vt 3.44961600 -0.00009200
vt 4.73960100 1.91329400
vt 4.67329900 2.05241900
vt 3.45015400 0.07849600
vt 4.59512100 2.10046700
vt -0.20000000 3.45450600
vt 3.45450600 0.15708000
vt 4.70000000 -4.68906900
vt -0.73371200 2.89691600
vt 4.70000000 -4.42155000
vt -0.46628800 2.89691600
vt 4.70000000 -4.15403000
vt -0.20000000 2.87228100
vt 2.87228100 0.15708000
vt -0.20000000 3.45582700
vt 3.45582700 0.15708000
vt 1.70205400 10.67004100
vt -0.33300500 3.46863800
vt 1.70205400 10.80645000
vt -0.46640400 3.47633300
vt 1.70205400 10.94285900
vt -0.60000000 3.47889900
vt 1.70205400 11.07926800
vt 4.79903800 -0.00000000
vt -0.20000000 2.87228100
vt 3.70000000 -4.95658900
vt 2.87228100 0.15708000
vt 3.71512400 -5.03377100
vt 2.86062000 0.07880300
vt 3.75823800 -5.09957900
vt 2.84907600 0.00048200
vt 3.82306900 -5.14395500
vt 2.84046300 -0.07811300
vt 2.83725200 -0.15708000
vt 3.90000000 -5.15967500
vt -0.80000000 2.83725200
vt 3.49170500 -0.15708000
vt -0.80000000 3.49170500
vt 3.98316200 2.09863900
vt 3.49738800 -0.07099100
vt 3.89810000 2.04059800
vt 3.83895900 1.91079600
vt 3.50402600 0.00009100
vt 3.79646700 1.71057500
vt 3.51176000 0.07445900
vt 3.51978700 0.15708000
vt -0.20000000 3.51978700
vt 3.77930000 1.44005600
vt 4.39118100 2.09975700
vt -0.39986800 3.46897300
vt -0.59987500 3.48137300
vt 4.18719400 2.09914700
vt 3.90000000 -3.95094400
vt 2.83725200 0.15708000
vt -0.20000000 2.83725200
vt 3.82306900 -3.96666300
vt 2.84046300 0.07811300
vt 2.84907600 -0.00048200
vt 3.75823800 -4.01104000
vt 3.71512400 -4.07684800
vt 2.86062000 -0.07880300
vt -1.00000000 2.87228100
vt 3.70000000 -4.15403000
vt 2.87228100 -0.15708000
vt 3.51634900 -0.15708000
vt 0.70014300 10.67702400
vt -1.00000000 3.51634900
vt 0.71719400 10.59524200
vt 3.50560700 -0.07392200
vt 0.75851300 10.53375200
vt 3.49525100 -0.00035000
vt 3.48558000 0.07880400
vt 0.82394100 10.48886700
vt -0.20000000 3.47967000
vt 3.47967000 0.15708000
vt 0.90030400 10.47288300
vt 3.77892700 0.00000000
vt 0.70014300 11.07926800
vt -0.60000000 3.53902600
vt 0.70014300 10.94518700
vt -0.73358700 3.53650400
vt 0.70014300 10.81110500
vt -0.86698400 3.52894100
vt -0.73371200 2.89691600
vt 3.70000000 -4.42155000
vt 3.70000000 -4.68906900
vt -0.46628800 2.89691600
vt 4.68488300 -4.07686500
vt 2.86062200 0.07882100
vt 2.84907600 0.00048500
vt 4.64176400 -4.01104200
vt 2.84046400 -0.07809400
vt 4.57694800 -3.96667100
vt 2.83725200 -0.15708000
vt 4.50000000 -3.95094400
vt -0.80000000 2.83725200
vt 3.44306300 -0.15708000
vt -0.80000000 3.44306300
vt 1.50141000 10.46656300
vt 1.57235400 10.47894600
vt 3.43976500 -0.08478000
vt 3.44107800 -0.00814800
vt 1.63737300 10.51937000
vt 1.68296500 10.58266100
vt 3.44653700 0.06914700
vt -0.40012100 3.46950200
vt 1.10067600 10.47114100
vt -0.60012800 3.45729900
vt 1.30104500 10.46903600
vt 5.00581900 -0.00000000
vt 1.90514600 11.07926800
vt 2.10823800 11.07926800
vt 5.21260000 -0.00000000
vt 0.00000000 0.00000000
vt 2.31133000 11.07926800
vt -0.38695500 5.02872800
vt 5.41938100 -0.00000000
vt 5.41956000 1.39534500
vt 0.00000000 0.82377000
vt 0.00000000 1.64754000
vt 5.41960700 2.80231000
vt 5.41966400 3.50350600
vt 0.00000000 2.05942500
vt 0.00000000 2.47131100
vt 5.41979000 4.20568100
vt 5.42000500 4.91275700
vt 0.00000000 2.88319600
vt 0.00000000 3.29508100
vt 5.42031300 5.62868400
vt 0.00000000 3.66588000
vt 5.42070900 6.28323100
vt 0.00000000 4.03667900
vt 5.42124700 6.95001500
vt 5.42277000 8.29223200
vt 0.00000000 4.77827700
vt 5.42647900 10.60433400
vt 0.00000000 6.26147400
vt 5.42960700 12.60340100
vt 0.00000000 7.74467000
vt 0.00000000 9.22786700
vt 5.43139600 14.42846600
vt 0.00000000 10.71106300
vt 5.43192400 16.13974500
vt 0.00000000 11.45266200
vt 5.43193900 16.96093000
vt 0.00000000 12.19426000
vt 5.43188500 17.76128700
vt 0.00000000 12.93585800
vt 5.43170000 18.54286000
vt 0.00000000 13.67745600
vt 5.43133200 19.30726100
vt 5.43074700 20.05551900
vt 0.00000000 14.41905500
vt 5.42996600 20.78884200
vt 0.00000000 15.16065300
vt 5.42784500 22.25148300
vt 0.00000000 16.64384900
vt 5.42536700 23.74411300
vt 0.00000000 18.12704600
vt 0.00000000 19.61024300
vt 5.42284500 25.30976800
vt 5.42086000 27.01168900
vt 0.00000000 21.09343900
vt 5.42017200 27.89308200
vt 0.00000000 21.83503700
vt 5.41977400 28.74915800
vt 0.00000000 22.57663600
vt 5.41954800 29.58085800
vt 0.00000000 23.31823400
vt 5.41943100 30.39177000
vt 0.00000000 24.05983200
vt 0.00000000 24.80143000
vt 5.41942500 31.18804000
vt 0.00000000 25.54302900
vt 5.41946500 31.97296700
vt -2.31133000 0.06196600
vt -0.38695500 -4.09525200
vt 5.41938100 33.51066900
vt 0.00000000 27.02622500
vt 4.63494300 33.51066900
vt -1.54088600 0.06196600
vt 3.85050500 33.51066900
vt -0.77044300 0.06196600
vt 3.06606600 33.51066900
vt -18.50000000 2.87628000
vt 0.00000000 0.06196600
vt -18.19279000 2.86185900
vt 3.06606600 32.57382000
vt -17.85599900 2.82281200
vt 3.06606600 31.59443600
vt -17.47102200 2.76546400
vt 3.06606600 30.56858600
vt -17.01815900 2.69636900
vt 3.06606600 29.49441600
vt -16.75978800 2.65941400
vt 3.06606600 28.93626900
vt 3.06606600 28.36333300
vt -16.47669700 2.62188800
vt 3.06606600 27.77559300
vt -16.16629800 2.58457300
vt -15.83396600 2.54913100
vt 3.06606600 27.18636500
vt 3.06606600 26.03439000
vt -15.12292500 2.48731700
vt -14.34411000 2.43828000
vt 3.06606600 24.90060300
vt -13.48843600 2.40254900
vt 3.06606600 23.76595600
vt 3.06606600 23.19115900
vt -13.02780300 2.38978900
vt -12.54310400 2.38050400
vt 3.06606600 22.60812300
vt 3.06606600 22.01451500
vt -12.03251900 2.37477400
vt 3.06606600 21.69614600
vt -11.75201600 2.37327800
vt 3.06606600 21.34719000
vt -11.43959900 2.37289300
vt -11.09639100 2.37392500
vt 3.06606600 20.96995100
vt 3.06606600 20.56651000
vt -10.72351400 2.37667800
vt 3.06606600 20.13870300
vt -10.32209400 2.38145800
vt 3.06606600 19.68812000
vt -9.89325300 2.38856800
vt -9.43826900 2.39830900
vt 3.06606600 19.21624500
vt 3.06606600 18.72531200
vt -8.95950200 2.41099900
vt 3.06606600 17.69530700
vt -7.94188000 2.44666800
vt -6.86312100 2.49844100
vt 3.06606600 16.61360500
vt -5.73667800 2.56796400
vt 3.06606600 15.48390300
vt -4.53857400 2.65499100
vt 3.06606600 14.27190800
vt 3.06606600 13.00014500
vt -3.30735500 2.75451700
vt 3.06606600 11.70114600
vt -2.09617300 2.86039800
vt 3.06606600 11.05106700
vt -1.51399900 2.91396400
vt 3.06606600 10.40610500
vt -2.96705800 -0.85084800
vt -0.95560500 2.96705800
vt -2.98766400 -0.63822100
vt 3.05093100 10.15472100
vt -3.00795700 -0.42569200
vt 3.00582700 9.90444600
vt 2.93179000 9.66069300
vt -3.02711900 -0.21359700
vt 2.82998200 9.42772700
vt -3.04423900 -0.00112600
vt -3.05826700 0.21157300
vt 2.70234800 9.21104500
vt 2.55143100 9.01611600
vt -3.06808000 0.42434700
vt -3.07264900 0.63762000
vt 2.37982500 8.84772600
vt -3.07103500 0.85084800
vt -2.35452800 3.07103500
vt 2.19130500 8.71103300
vt 1.45318700 8.25418300
vt -1.55354700 3.03234300
vt 0.77766600 3.21087500
vt 0.71001100 7.78004300
vt -0.75445200 2.95732800
vt 0.71110600 6.70429200
vt 0.77766600 2.76410100
vt 0.71182700 5.62869500
vt 0.77766600 2.31732600
vt 0.71212100 4.93107900
vt 0.77766600 2.02766100
vt 0.71231300 4.23351700
vt 0.77766600 1.73799500
vt 0.71243100 3.53547600
vt 0.77766600 1.44832900
vt 0.71250200 2.83568600
vt 0.77766600 1.15866300
vt 0.71259600 1.42708100
vt 0.77766600 0.57933200
vt -0.38695500 -5.02872800
vt 0.71275200 -0.00000000
vt -2.31133000 11.07926800
vt 0.77766600 -0.00000000
vt 1.73481000 0.00000000
vt -1.30750500 11.07926800
vt -0.30368100 11.07926800
vt 2.75686900 0.00000000
vt 5.13222200 0.93275200
vt 1.00318500 1.86550400
vt 5.13222200 1.86550400
vt 1.00318500 6.45176200
vt 1.00318500 7.77962400
vt 5.13222200 7.77373600
vt 5.13222200 8.93944700
vt 5.13222200 11.27169600
vt 5.13222200 21.17813800
vt 5.13222200 22.76728700
vt 3.83258300 25.84765000
vt 5.13222200 24.35643500
vt 5.13222200 25.84765000
vt 5.13222200 28.63421000
vt 3.06606600 0.93275200
vt 2.29955000 0.93275200
vt 1.65136800 0.93275200
vt 1.00318500 0.93275200
vt 3.06606600 1.86550400
vt 2.29955000 1.86550400
vt 1.65136800 1.86550400
vt 5.13222200 2.68167800
vt 4.48240300 2.68167800
vt 3.83258300 2.68167800
vt 3.06606600 2.68167800
vt 2.29955000 2.68167800
vt 1.65136800 2.68167800
vt 1.00318500 2.68167800
vt 5.13222200 3.50316000
vt 4.48240300 3.50238000
vt 3.83258300 3.50160000
vt 3.06606600 3.50067900
vt 2.29955000 3.49975900
vt 1.65136800 3.49898000
vt 1.00318500 3.49820200
vt 5.13222200 4.31402700
vt 4.48240300 4.31402700
vt 3.83258300 4.31402700
vt 3.06606600 4.31402700
vt 2.29955000 4.31402700
vt 1.65136800 4.31402700
vt 1.00318500 4.31402700
vt 5.13222200 5.13020100
vt 4.48240300 5.13020100
vt 3.83258300 5.13020100
vt 3.06606600 5.13020100
vt 2.29955000 5.13020100
vt 1.65136800 5.13020100
vt 1.00318500 5.13020100
vt 5.13222200 5.79098100
vt 4.48240300 5.79098100
vt 3.83258300 5.79098100
vt 3.06606600 5.79098100
vt 2.29955000 5.79098100
vt 1.65136800 5.79098100
vt 1.00318500 5.79098100
vt 5.13222200 6.45176200
vt 4.48240300 6.45176200
vt 3.83258300 6.45176200
vt 3.06606600 6.45176200
vt 2.29955000 6.45176200
vt 1.65136800 6.45176200
vt 5.13222200 7.11254200
vt 4.48240300 7.11254200
vt 3.83258300 7.11254200
vt 3.06606600 7.11254200
vt 2.29955000 7.11254200
vt 1.65136800 7.11254200
vt 1.00318500 7.11254200
vt 5.13222200 8.35638500
vt 4.48240300 8.35638500
vt 3.83258300 8.35638500
vt 3.06606600 8.35638500
vt 2.29955000 8.35638500
vt 1.65136800 8.35638500
vt 1.65136800 7.77870000
vt 2.29955000 7.77777600
vt 3.06606600 7.77668300
vt 3.83258300 7.77559000
vt 4.48240300 7.77466300
vt 4.48240300 11.27169600
vt 3.83258300 11.27169600
vt 3.06606600 10.10557100
vt 3.83258300 10.10557100
vt 4.48240300 10.10557100
vt 5.13222200 10.10557100
vt 5.13222200 14.02696900
vt 4.48240300 14.02696900
vt 3.83258300 14.02696900
vt 3.83258300 12.43782000
vt 4.48240300 12.43782000
vt 5.13222200 12.43782000
vt 5.13222200 15.61611700
vt 4.48240300 15.61611700
vt 3.83258300 15.61611700
vt 5.13222200 17.20526600
vt 4.48240300 17.20526600
vt 3.83258300 17.20526600
vt 5.13222200 18.79441500
vt 4.48240300 18.79441500
vt 3.83258300 18.79441500
vt 5.13222200 20.38356400
vt 4.48240300 20.38356400
vt 3.83258300 20.38356400
vt 4.48240300 21.17813800
vt 3.83258300 21.17813800
vt 3.83258300 21.97271200
vt 4.48240300 21.97271200
vt 5.13222200 21.97271200
vt 4.48240300 22.76728700
vt 3.83258300 22.76728700
vt 3.83258300 23.56186100
vt 4.48240300 23.56186100
vt 5.13222200 23.56186100
vt 4.48240300 24.35643500
vt 3.83258300 24.35643500
vt 3.83258300 25.15101000
vt 4.48240300 25.15101000
vt 5.13222200 25.15101000
vt 4.48240300 25.84765000
vt 3.83258300 26.54429000
vt 4.48240300 26.54429000
vt 5.13222200 26.54429000
vt 5.13222200 27.24093000
vt 4.48240300 27.24093000
vt 3.83258300 27.24093000
vt 5.13222200 27.93757000
vt 4.48240300 27.93757000
vt 3.83258300 27.93757000
vt 3.83258300 28.63421000
vt 4.48240300 28.63421000
vt 5.13222200 29.33085000
vt 4.48240300 29.33085000
vt 3.83258300 29.33085000
vt 5.13222200 30.02749100
vt 4.48240300 30.02749100
vt 3.83258300 30.02749100
vt 5.13222200 30.72413100
vt 4.48240300 30.72413100
vt 3.83258300 30.72413100
vt 5.13222200 32.11740000
vt 4.48240300 32.11740000
vt 3.83258300 32.11740000
vt 3.06606600 8.93944700
vt 3.83258300 8.93944700
vt 4.48240300 8.93944700
vt -0.14142100 0.23561900
vt -0.13832200 -0.20215600
vt -0.20000000 1.60000000
vt 1.60000000 0.15708000
vt -0.15681800 0.99770100
vt -0.14142100 -0.23561900
vt -1.40000000 1.60000000
vt 1.60000000 -0.15708000
vt 1.60000000 0.05236000
vt -0.14142100 0.07854000
vt 1.60000000 -0.05236000
vt -0.14142100 -0.07854000
vt -5.75591600 -0.03596900
vt -0.14142100 -0.23561900
vt 1.60000000 -0.15708000
vt -0.40000000 1.60000000
vt -5.95582100 -0.04213200
vt -0.20000000 1.60000000
vt 1.60000000 0.15708000
vt -0.14142100 0.23561900
vt -0.14142100 0.07854000
vt 1.60000000 0.05236000
vt -0.14142100 -0.07854000
vt 1.60000000 -0.05236000
vt -1.40000000 1.60000000
vt 1.60000000 -0.15708000
vt -0.14142100 -0.23561900
vt 0.15681800 -0.99770100
vt 1.60000000 0.15708000
vt -0.14142100 0.23561900
vt 0.13832200 0.20215600
vt -0.20000000 1.60000000
vt -0.14142100 0.07854000
vt 1.60000000 0.05236000
vt -0.14142100 -0.07854000
vt 1.60000000 -0.05236000
vt -6.24696200 -0.33408500
vt 1.60000000 -0.15708000
vt -0.40000000 1.60000000
vt -0.14142100 -0.23561900
vt -6.04705700 -0.32792200
vt -0.14142100 0.23561900
vt 1.60000000 0.15708000
vt -0.20000000 1.60000000
vt -0.14142100 0.07854000
vt 1.60000000 0.05236000
vt 1.60000000 -0.05236000
vt -0.14142100 -0.07854000
vt 0.32250000 0.56548700
vt 12.16066400 -1.41145600
vt 0.32250000 -0.56548700
vt 12.13654900 -1.32145600
vt 0.32250000 -0.47123900
vt 12.07066400 -1.25557200
vt 0.32250000 -0.37699100
vt 0.32250000 -0.28274300
vt 11.98066400 -1.23145600
vt 0.32250000 -0.18849600
vt 11.89066400 -1.25557200
vt 11.82478000 -1.32145600
vt 0.32250000 -0.09424800
vt 11.80066400 -1.41145600
vt 0.32250000 0.00000000
vt 11.82478000 -1.50145600
vt 0.32250000 0.09424800
vt 11.89066400 -1.56734100
vt 0.32250000 0.18849600
vt 0.32250000 0.28274300
vt 11.98066400 -1.59145600
vt 12.07066400 -1.56734100
vt 0.32250000 0.37699100
vt 0.32250000 0.47123900
vt 12.13654900 -1.50145600
vt 9.71138700 0.94248500
vt 0.32250000 -0.56548700
vt 0.32250000 0.56548700
vt 9.68727200 1.03248500
vt 0.32250000 -0.47123900
vt 0.32250000 -0.37699100
vt 9.62138700 1.09837000
vt 0.32250000 -0.28274300
vt 9.53138700 1.12248500
vt 9.44138700 1.09837000
vt 0.32250000 -0.18849600
vt 0.32250000 -0.09424800
vt 9.37550200 1.03248500
vt 9.35138700 0.94248500
vt 0.32250000 -0.00000000
vt 0.32250000 0.09424800
vt 9.37550200 0.85248500
vt 9.44138700 0.78660100
vt 0.32250000 0.18849600
vt 0.32250000 0.28274300
vt 9.53138700 0.76248500
vt 9.62138700 0.78660100
vt 0.32250000 0.37699100
vt 9.68727200 0.85248500
vt 0.32250000 0.47123900
vt 0.32250000 -0.56548700
vt 12.21079300 0.88799700
vt 0.32250000 0.56548700
vt 12.18667800 0.97799700
vt 0.32250000 -0.47123900
vt 0.32250000 -0.37699100
vt 12.12079300 1.04388200
vt 12.03079300 1.06799700
vt 0.32250000 -0.28274300
vt 0.32250000 -0.18849600
vt 11.94079300 1.04388200
vt 0.32250000 -0.09424800
vt 11.87490900 0.97799700
vt 0.32250000 0.00000000
vt 11.85079300 0.88799700
vt 11.87490900 0.79799700
vt 0.32250000 0.09424800
vt 0.32250000 0.18849600
vt 11.94079300 0.73211300
vt 0.32250000 0.28274300
vt 12.03079300 0.70799700
vt 0.32250000 0.37699100
vt 12.12079300 0.73211300
vt 0.32250000 0.47123900
vt 12.18667800 0.79799700
vt 9.66125800 -1.35696800
vt 0.32250000 0.56548700
vt 0.32250000 -0.56548700
vt 0.32250000 -0.47123900
vt 9.63714300 -1.26696800
vt 0.32250000 -0.37699100
vt 9.57125800 -1.20108400
vt 0.32250000 -0.28274300
vt 9.48125800 -1.17696800
vt 9.39125800 -1.20108400
vt 0.32250000 -0.18849600
vt 0.32250000 -0.09424800
vt 9.32537300 -1.26696800
vt 9.30125800 -1.35696800
vt 0.32250000 0.00000000
vt 0.32250000 0.09424800
vt 9.32537300 -1.44696800
vt 0.32250000 0.18849600
vt 9.39125800 -1.51285300
vt 0.32250000 0.28274300
vt 9.48125800 -1.53696800
vt 0.32250000 0.37699100
vt 9.57125800 -1.51285300
vt 0.32250000 0.47123900
vt 9.63714300 -1.44696800
vt 1.30000000 0.56548700
vt 1.30000000 -0.56548700
vt 1.40463900 -1.17697100
vt 1.30000000 -0.47123900
vt 1.38052300 -1.08697100
vt 1.31463900 -1.02108600
vt 1.30000000 -0.37699100
vt 1.30000000 -0.28274300
vt 1.22463900 -0.99697100
vt 1.13463900 -1.02108600
vt 1.30000000 -0.18849600
vt 1.06875400 -1.08697100
vt 1.30000000 -0.09424800
vt 1.04463900 -1.17697100
vt 1.30000000 0.00000000
vt 1.06875400 -1.26697100
vt 1.30000000 0.09424800
vt 1.13463900 -1.33285500
vt 1.30000000 0.18849600
vt 1.30000000 0.28274300
vt 1.22463900 -1.35697100
vt 1.31463900 -1.33285500
vt 1.30000000 0.37699100
vt 1.30000000 0.47123900
vt 1.38052300 -1.26697100
vt -1.30000000 -1.06814200
vt -1.30000000 1.06814200
vt 1.56463900 -1.17697100
vt -1.30000000 0.90381200
vt 1.52569400 -1.33497700
vt 1.41778100 -1.45678500
vt -1.30000000 0.73948300
vt -1.30000000 0.57515300
vt 1.26562100 -1.51449200
vt 1.10407300 -1.49487600
vt -1.30000000 0.41082400
vt -1.30000000 0.24649400
vt 0.97014500 -1.40243300
vt -1.30000000 0.08216500
vt 0.89451800 -1.25833800
vt -1.30000000 -0.08216500
vt 0.89451800 -1.09560300
vt -1.30000000 -0.24649400
vt 0.97014500 -0.95150900
vt -1.30000000 -0.41082400
vt 1.10407300 -0.85906500
vt -1.30000000 -0.57515300
vt 1.26562100 -0.83945000
vt -1.30000000 -0.73948300
vt 1.41778100 -0.89715600
vt -1.30000000 -0.90381200
vt 1.52569400 -1.01896500
vt 1.30000000 -0.56548700
vt 1.30000000 0.56548700
vt -1.09476800 -1.12248300
vt -1.11888300 -1.03248300
vt 1.30000000 -0.47123900
vt -1.18476800 -0.96659800
vt 1.30000000 -0.37699100
vt -1.27476800 -0.94248300
vt 1.30000000 -0.28274300
vt -1.36476800 -0.96659800
vt 1.30000000 -0.18849600
vt -1.43065200 -1.03248300
vt 1.30000000 -0.09424800
vt -1.45476800 -1.12248300
vt 1.30000000 -0.00000000
vt -1.43065200 -1.21248300
vt 1.30000000 0.09424800
vt 1.30000000 0.18849600
vt -1.36476800 -1.27836700
vt 1.30000000 0.28274300
vt -1.27476800 -1.30248300
vt -1.18476800 -1.27836700
vt 1.30000000 0.37699100
vt 1.30000000 0.47123900
vt -1.11888300 -1.21248300
vt -1.30000000 -1.06814200
vt -0.93476800 -1.12248300
vt -1.30000000 1.06814200
vt -0.97371200 -1.28048900
vt -1.30000000 0.90381200
vt -1.08162600 -1.40229700
vt -1.30000000 0.73948300
vt -1.30000000 0.57515300
vt -1.23378500 -1.46000400
vt -1.39533300 -1.44038800
vt -1.30000000 0.41082400
vt -1.52926100 -1.34794500
vt -1.30000000 0.24649400
vt -1.30000000 0.08216500
vt -1.60488800 -1.20385000
vt -1.30000000 -0.08216500
vt -1.60488800 -1.04111600
vt -1.52926100 -0.89702100
vt -1.30000000 -0.24649400
vt -1.39533300 -0.80457700
vt -1.30000000 -0.41082400
vt -1.30000000 -0.57515300
vt -1.23378500 -0.78496200
vt -1.08162600 -0.84266800
vt -1.30000000 -0.73948300
vt -1.30000000 -0.90381200
vt -0.97371200 -0.96447700
vt 1.30000000 0.56548700
vt 1.45476800 1.12248300
vt 1.30000000 -0.56548700
vt 1.30000000 -0.47123900
vt 1.43065200 1.21248300
vt 1.36476800 1.27836700
vt 1.30000000 -0.37699100
vt 1.27476800 1.30248300
vt 1.30000000 -0.28274300
vt 1.18476800 1.27836700
vt 1.30000000 -0.18849600
vt 1.11888300 1.21248300
vt 1.30000000 -0.09424800
vt 1.30000000 -0.00000000
vt 1.09476800 1.12248300
vt 1.30000000 0.09424800
vt 1.11888300 1.03248300
vt 1.30000000 0.18849600
vt 1.18476800 0.96659800
vt 1.27476800 0.94248300
vt 1.30000000 0.28274300
vt 1.36476800 0.96659800
vt 1.30000000 0.37699100
vt 1.43065200 1.03248300
vt 1.30000000 0.47123900
vt -1.30000000 1.06814200
vt 1.61476800 1.12248300
vt -1.30000000 -1.06814200
vt 1.57582300 0.96447700
vt -1.30000000 0.90381200
vt -1.30000000 0.73948300
vt 1.46791000 0.84266800
vt -1.30000000 0.57515300
vt 1.31575000 0.78496200
vt -1.30000000 0.41082400
vt 1.15420200 0.80457700
vt 1.02027400 0.89702100
vt -1.30000000 0.24649400
vt -1.30000000 0.08216500
vt 0.94464700 1.04111600
vt 0.94464700 1.20385000
vt -1.30000000 -0.08216500
vt -1.30000000 -0.24649400
vt 1.02027400 1.34794500
vt 1.15420200 1.44038800
vt -1.30000000 -0.41082400
vt -1.30000000 -0.57515300
vt 1.31575000 1.46000400
vt 1.46791000 1.40229700
vt -1.30000000 -0.73948300
vt -1.30000000 -0.90381200
vt 1.57582300 1.28048900
vt 1.30000000 0.56548700
vt 1.30000000 -0.56548700
vt -1.04463900 1.17697100
vt 1.30000000 -0.47123900
vt -1.06875400 1.26697100
vt 1.30000000 -0.37699100
vt -1.13463900 1.33285500
vt 1.30000000 -0.28274300
vt -1.22463900 1.35697100
vt 1.30000000 -0.18849600
vt -1.31463900 1.33285500
vt 1.30000000 -0.09424800
vt -1.38052300 1.26697100
vt 1.30000000 -0.00000000
vt -1.40463900 1.17697100
vt 1.30000000 0.09424800
vt -1.38052300 1.08697100
vt 1.30000000 0.18849600
vt -1.31463900 1.02108600
vt 1.30000000 0.28274300
vt -1.22463900 0.99697100
vt -1.13463900 1.02108600
vt 1.30000000 0.37699100
vt 1.30000000 0.47123900
vt -1.06875400 1.08697100
vt -1.30000000 1.06814200
vt -0.88463900 1.17697100
vt -1.30000000 -1.06814200
vt -1.30000000 0.90381200
vt -0.92358400 1.01896500
vt -1.03149700 0.89715600
vt -1.30000000 0.73948300
vt -1.18365600 0.83945000
vt -1.30000000 0.57515300
vt -1.30000000 0.41082400
vt -1.34520400 0.85906500
vt -1.47913200 0.95150900
vt -1.30000000 0.24649400
vt -1.30000000 0.08216500
vt -1.55475900 1.09560300
vt -1.30000000 -0.08216500
vt -1.55475900 1.25833800
vt -1.30000000 -0.24649400
vt -1.47913200 1.40243300
vt -1.34520400 1.49487600
vt -1.30000000 -0.41082400
vt -1.30000000 -0.57515300
vt -1.18365600 1.51449200
vt -1.30000000 -0.73948300
vt -1.03149700 1.45678500
vt -0.92358400 1.33497700
vt -1.30000000 -0.90381200
vt -0.24642100 0.55000000
vt -0.00327000 -0.21866200
vt 1.79044000 0.11791600
vt -1.00357900 0.11781000
vt -1.00357900 0.03927000
vt -0.00283100 -0.14576000
vt -1.00357900 -0.03927000
vt -0.00163500 -0.07287300
vt 0.83083700 -0.05890600
vt -1.00357900 -0.11781000
vt 0.00000000 -0.00000000
vt 2.24214600 -0.54899800
vt 3.09378000 -0.11781000
vt -1.85423900 -0.45969600
vt 0.42250000 2.03667500
vt 3.13865200 -0.06261000
vt 0.43254900 1.96647400
vt 3.18478400 -0.00705800
vt 0.46157100 1.90060500
vt 0.50809100 1.84845700
vt 3.22387100 0.05123200
vt 3.23710200 0.08392900
vt 0.53890700 1.83142000
vt 3.24194000 0.11781000
vt -4.49194000 0.55000000
vt 0.57250000 1.82526200
vt 0.41159400 0.03927000
vt 1.82676700 0.03927000
vt 0.41159400 -0.03927000
vt 1.82676700 -0.03927000
vt -0.16916500 0.05890600
vt 0.11778200 -0.00274200
vt 0.02411400 0.11770300
vt -0.17179600 3.01857200
vt -0.16916500 0.01963500
vt 0.07852400 -0.00158300
vt 0.03926300 -0.00073500
vt -0.16916500 -0.01963500
vt 2.26193100 0.45080800
vt 0.00000000 -0.00000000
vt 3.50156800 -0.11781000
vt -0.16916500 -0.05890600
vt 0.83083700 -0.01963500
vt 0.03926300 -0.00073800
vt 0.83083700 0.01963500
vt 0.07852400 -0.00159000
vt 0.83083700 0.05890600
vt 0.11778200 -0.00275400
vt -1.17178700 3.01371800
vt 1.79044000 -0.11791600
vt 3.50156800 -0.03927000
vt 0.00163500 0.07255000
vt 3.50156800 0.03927000
vt 0.00283100 0.14511400
vt 0.02411400 -0.11770300
vt 3.50156800 0.11781000
vt -4.75156800 0.55000000
vt 0.00327000 0.21769200
vt 0.57250000 -1.86122700
vt -0.74194000 0.11781000
vt -0.50806000 0.55000000
vt 0.53911800 -1.86730600
vt -0.73716400 0.08414600
vt 0.50858200 -1.88404800
vt -0.72415700 0.05177900
vt -0.68502800 -0.00674300
vt 0.46177700 -1.93622900
vt -0.63893900 -0.06226700
vt 0.43266800 -2.00200800
vt -0.59378000 -0.11781000
vt -1.83244400 0.54006700
vt 0.42250000 -2.07264000
vt 2.08706600 -0.03927000
vt 0.67256300 -0.03927000
vt 2.08706600 0.03927000
vt 0.67256300 0.03927000
vt 0.10085000 0.09319800
vt 0.02411400 0.03923400
vt 0.05718500 0.16358400
vt 0.02411400 -0.03923400
vt 0.05889100 0.14421400
vt 0.05889100 0.07073600
vt 0.03800100 -0.17919200
vt 1.79044000 0.05895800
vt 0.07592700 -0.13387900
vt 1.79044000 -0.00000000
vt 0.10517400 -0.07580900
vt 1.79044000 -0.05895800
vt 0.05725600 -0.07288100
vt 0.05725600 -0.14577300
vt 0.42250000 -2.34121800
vt -1.71217400 0.30124800
vt 0.42250000 -2.60979600
vt 0.42250000 2.57383100
vt -1.67460200 0.03650700
vt -1.72367600 -0.22634500
vt 0.42250000 2.30525300
vt -0.21000000 -0.00000000
vt 1.20000000 -0.65973400
vt 1.20000000 0.65973400
vt 1.20000000 -0.54977900
vt -0.18186500 0.10500000
vt 1.20000000 -0.43982300
vt -0.10500000 0.18186500
vt 1.20000000 -0.32986700
vt 0.00000000 0.21000000
vt 0.10500000 0.18186500
vt 1.20000000 -0.21991100
vt 0.18186500 0.10500000
vt 1.20000000 -0.10995600
vt 1.20000000 -0.00000000
vt 0.21000000 0.00000000
vt 0.18186500 -0.10500000
vt 1.20000000 0.10995600
vt 0.10500000 -0.18186500
vt 1.20000000 0.21991100
vt 1.20000000 0.32986700
vt -0.00000000 -0.21000000
vt 1.20000000 0.43982300
vt -0.10500000 -0.18186500
vt -0.18186500 -0.10500000
vt 1.20000000 0.54977900
vt 0.00000000 0.65973400
vt 0.00000000 -0.65973400
vt -2.76911100 2.11173700
vt -2.73869400 2.00737500
vt 0.00000000 0.54977900
vt -2.66017200 1.93220300
vt 0.00000000 0.43982300
vt -2.55458400 1.90636400
vt 0.00000000 0.32986700
vt -2.45022200 1.93678000
vt 0.00000000 0.21991100
vt 0.00000000 0.10995600
vt -2.37505000 2.01530300
vt -2.34921000 2.12089100
vt 0.00000000 -0.00000000
vt -2.37962700 2.22525300
vt 0.00000000 -0.10995600
vt 0.00000000 -0.21991100
vt -2.45814900 2.30042400
vt -2.56373800 2.32626400
vt 0.00000000 -0.32986700
vt 0.00000000 -0.43982300
vt -2.66809900 2.29584700
vt 0.00000000 -0.54977900
vt -2.74327100 2.21732500
vt 1.20000000 -0.65973400
vt 1.20000000 0.65973400
vt -0.21000000 -0.00000000
vt 1.20000000 -0.54977900
vt -0.18186500 0.10500000
vt -0.10500000 0.18186500
vt 1.20000000 -0.43982300
vt -0.00000000 0.21000000
vt 1.20000000 -0.32986700
vt 0.10500000 0.18186500
vt 1.20000000 -0.21991100
vt 1.20000000 -0.10995600
vt 0.18186500 0.10500000
vt 0.21000000 0.00000000
vt 1.20000000 0.00000000
vt 1.20000000 0.10995600
vt 0.18186500 -0.10500000
vt 0.10500000 -0.18186500
vt 1.20000000 0.21991100
vt 0.00000000 -0.21000000
vt 1.20000000 0.32986700
vt -0.10500000 -0.18186500
vt 1.20000000 0.43982300
vt -0.18186500 -0.10500000
vt 1.20000000 0.54977900
vt 0.00000000 0.65973400
vt 0.00000000 -0.65973400
vt -14.70995000 1.74146500
vt -14.67953400 1.63710300
vt 0.00000000 0.54977900
vt 0.00000000 0.43982300
vt -14.60101100 1.56193100
vt -14.49542300 1.53609200
vt 0.00000000 0.32986700
vt -14.39106100 1.56650800
vt 0.00000000 0.21991100
vt 0.00000000 0.10995600
vt -14.31588900 1.64503100
vt -14.29005000 1.75061900
vt 0.00000000 -0.00000000
vt -14.32046600 1.85498100
vt 0.00000000 -0.10995600
vt 0.00000000 -0.21991100
vt -14.39898900 1.93015300
vt -14.50457700 1.95599200
vt 0.00000000 -0.32986700
vt -14.60893900 1.92557600
vt 0.00000000 -0.43982300
vt 0.00000000 -0.54977900
vt -14.68411100 1.84705300
vt 1.20000000 0.65973400
vt 1.20000000 -0.65973400
vt -0.21000000 -0.00000000
vt -0.18186500 0.10500000
vt 1.20000000 -0.54977900
vt -0.10500000 0.18186500
vt 1.20000000 -0.43982300
vt 1.20000000 -0.32986700
vt 0.00000000 0.21000000
vt 1.20000000 -0.21991100
vt 0.10500000 0.18186500
vt 0.18186500 0.10500000
vt 1.20000000 -0.10995600
vt 1.20000000 -0.00000000
vt 0.21000000 0.00000000
vt 0.18186500 -0.10500000
vt 1.20000000 0.10995600
vt 1.20000000 0.21991100
vt 0.10500000 -0.18186500
vt 1.20000000 0.32986700
vt -0.00000000 -0.21000000
vt -0.10500000 -0.18186500
vt 1.20000000 0.43982300
vt -0.18186500 -0.10500000
vt 1.20000000 0.54977900
vt 0.00000000 0.65973400
vt -2.76911100 -2.12089100
vt 0.00000000 -0.65973400
vt 0.00000000 0.54977900
vt -2.73869400 -2.22525300
vt -2.66017200 -2.30042400
vt 0.00000000 0.43982300
vt 0.00000000 0.32986700
vt -2.55458400 -2.32626400
vt -2.45022200 -2.29584700
vt 0.00000000 0.21991100
vt -2.37505000 -2.21732500
vt 0.00000000 0.10995600
vt -2.34921000 -2.11173700
vt 0.00000000 -0.00000000
vt 0.00000000 -0.10995600
vt -2.37962700 -2.00737500
vt 0.00000000 -0.21991100
vt -2.45814900 -1.93220300
vt -2.56373800 -1.90636400
vt 0.00000000 -0.32986700
vt -2.66809900 -1.93678000
vt 0.00000000 -0.43982300
vt -2.74327100 -2.01530300
vt 0.00000000 -0.54977900
vt -0.21000000 -0.00000000
vt 1.20000000 0.65973400
vt 1.20000000 -0.65973400
vt 1.20000000 -0.54977900
vt -0.18186500 0.10500000
vt -0.10500000 0.18186500
vt 1.20000000 -0.43982300
vt 1.20000000 -0.32986700
vt -0.00000000 0.21000000
vt 1.20000000 -0.21991100
vt 0.10500000 0.18186500
vt 1.20000000 -0.10995600
vt 0.18186500 0.10500000
vt 1.20000000 -0.00000000
vt 0.21000000 0.00000000
vt 1.20000000 0.10995600
vt 0.18186500 -0.10500000
vt 0.10500000 -0.18186500
vt 1.20000000 0.21991100
vt 1.20000000 0.32986700
vt 0.00000000 -0.21000000
vt 1.20000000 0.43982300
vt -0.10500000 -0.18186500
vt -0.18186500 -0.10500000
vt 1.20000000 0.54977900
vt 0.00000000 -0.65973400
vt 0.00000000 0.65973400
vt -14.70995000 -1.75061900
vt 0.00000000 0.54977900
vt -14.67953400 -1.85498100
vt -14.60101100 -1.93015300
vt 0.00000000 0.43982300
vt 0.00000000 0.32986700
vt -14.49542300 -1.95599200
vt 0.00000000 0.21991100
vt -14.39106100 -1.92557600
vt 0.00000000 0.10995600
vt -14.31588900 -1.84705300
vt -14.29005000 -1.74146500
vt 0.00000000 -0.00000000
vt -14.32046600 -1.63710300
vt 0.00000000 -0.10995600
vt -14.39898900 -1.56193100
vt 0.00000000 -0.21991100
vt -14.50457700 -1.53609200
vt 0.00000000 -0.32986700
vt -14.60893900 -1.56650800
vt 0.00000000 -0.43982300
vt 0.00000000 -0.54977900
vt -14.68411100 -1.64503100
vt -14.00011900 1.75694000
vt 0.00000000 0.00000000
vt 0.26491400 -0.00000000
vt -14.03400000 1.56481400
vt 0.00000000 0.19635000
vt -14.13882500 1.40027800
vt -0.00000000 0.39269900
vt -14.29863600 1.28838200
vt -0.00000000 0.58904900
vt -14.48910200 1.24616100
vt 0.00000000 0.78539800
vt -14.68122800 1.28004200
vt -0.00000000 0.98174800
vt 0.00000000 1.17809700
vt -14.84576400 1.38486700
vt -14.95766000 1.54467800
vt 0.00000000 1.37444700
vt 0.00000000 -0.43421300
vt -18.99946100 2.83258300
vt 0.00000000 -0.93039300
vt -19.48374600 2.70281900
vt -19.93814000 2.49093200
vt 0.00000000 -1.42657300
vt 0.00000000 -1.92275200
vt -20.34883700 2.20335800
vt 0.00000000 -2.41893200
vt -20.70335800 1.84883700
vt -20.99093200 1.43814000
vt 0.00000000 -2.91511200
vt -21.20281900 0.98374600
vt 0.00000000 -3.41129200
vt 0.00000000 -3.90747100
vt -21.33258300 0.49946100
vt 0.00000000 -4.40365100
vt -21.37628000 -0.00000000
vt -21.33258300 -0.49946100
vt 0.00000000 -4.89983100
vt -21.20281900 -0.98374600
vt 0.00000000 -5.39601000
vt 0.00000000 -5.89219000
vt -20.99093200 -1.43814000
vt -20.70335800 -1.84883700
vt 0.00000000 -6.38837000
vt -20.34883700 -2.20335800
vt 0.00000000 -6.88454900
vt -19.93814000 -2.49093200
vt 0.00000000 -7.38072900
vt 0.00000000 -7.87690900
vt -19.48374600 -2.70281900
vt -18.99946100 -2.83258300
vt 0.00000000 -8.37308900
vt -18.50000000 -2.87628000
vt -3.06606600 33.51065100
vt 0.00000000 -8.86926800
vt -3.06606600 32.06662600
vt -18.02119700 -2.84447800
vt -17.49236000 -2.76877700
vt -3.06606600 30.62260000
vt -17.19596300 -2.72324500
vt -3.06606600 29.90058800
vt -16.87396400 -2.67571400
vt -3.06606600 29.17857500
vt -16.52403200 -2.62803100
vt -3.06606600 28.45656200
vt -16.14383900 -2.58203800
vt -3.06606600 27.73454900
vt -15.73186600 -2.53917500
vt -3.06606600 27.01253700
vt -3.06606600 26.29052400
vt -15.28802500 -2.50016400
vt -3.06606600 25.56851100
vt -14.81237700 -2.46565400
vt -14.30500400 -2.43628500
vt -3.06606600 24.84649800
vt -3.06606600 24.12448600
vt -13.76671000 -2.41243500
vt -3.06606600 23.40247300
vt -13.19918600 -2.39415400
vt -12.60417500 -2.38147600
vt -3.06606600 22.68046000
vt -3.06606600 21.95844800
vt -11.98345600 -2.37443000
vt -3.06606600 20.51442200
vt -10.67497100 -2.37711800
vt -9.29657700 -2.40179900
vt -3.06606600 19.07039700
vt -7.87333600 -2.44951000
vt -3.06606600 17.62637100
vt -3.06606600 16.18234600
vt -6.43259900 -2.52332300
vt -4.99767200 -2.62033300
vt -3.06606600 14.73832000
vt -3.58884600 -2.73099300
vt -3.06606600 13.29429500
vt -2.23219600 -2.84810300
vt -3.06606600 11.85026900
vt -1.58216800 -2.90758000
vt -3.06606600 11.12825600
vt 2.96704900 -0.85091100
vt -3.06606600 10.40617000
vt -0.95566900 -2.96704900
vt -0.95560500 -2.56522100
vt 2.56522100 -0.85084800
vt 2.92925000 8.61399600
vt 2.92204300 14.71193800
vt -5.12431800 -2.20962800
vt 2.92204300 16.58322300
vt -7.01959400 -2.08970500
vt 2.92204300 18.39655200
vt -8.85081700 -2.01377700
vt -9.74751800 -1.99093500
vt 2.92204300 19.30321600
vt -10.62286100 -1.97753500
vt 2.92204300 20.20988000
vt -11.47028600 -1.97310000
vt 2.92204300 21.11654400
vt 2.92204300 22.02320900
vt -12.28381300 -1.97736900
vt 2.92204300 22.92987300
vt -13.05878100 -1.99057700
vt -15.76698800 -2.14088500
vt 2.94696000 11.92984500
vt -16.29941200 -2.19779400
vt 2.94696000 12.34022500
vt -16.78017500 -2.25866800
vt 2.94696000 12.75060400
vt -17.21034000 -2.32080800
vt 2.94696000 13.16098300
vt 2.94696000 13.57136200
vt -17.59255300 -2.37971500
vt -17.93078300 -2.42940300
vt 2.94696000 13.98174100
vt 2.94696000 14.39212100
vt -18.23021300 -2.46365700
vt -0.00000000 -7.65515000
vt -18.50000000 -2.47628000
vt 2.94696000 14.80250000
vt -18.95501500 -2.43411700
vt -0.00000000 -7.20170100
vt -0.00000000 -6.74825200
vt -19.39453600 -2.30906200
vt -0.00000000 -6.29480300
vt -19.80359300 -2.10537600
vt -0.00000000 -5.84135400
vt -20.16825900 -1.82999300
vt -20.47611400 -1.49229200
vt -0.00000000 -5.38790500
vt -20.71667500 -1.10377300
vt -0.00000000 -4.93445600
vt -20.88175000 -0.67766600
vt -0.00000000 -4.48100700
vt -0.00000000 -4.02755800
vt -20.96571700 -0.22848200
vt -0.00000000 -3.57410900
vt -20.96571700 0.22848200
vt -20.88175000 0.67766600
vt -0.00000000 -3.12066000
vt -0.00000000 -2.66721000
vt -20.71667500 1.10377300
vt -0.00000000 -2.21376100
vt -20.47611400 1.49229200
vt -20.16825900 1.82999300
vt -0.00000000 -1.76031200
vt -19.80359300 2.10537600
vt -0.00000000 -1.30686300
vt -19.39453600 2.30906200
vt -0.00000000 -0.85341400
vt -0.00000000 -0.39996500
vt -18.95501500 2.43411700
vt -18.50000000 2.47628000
vt -2.94697400 14.80810000
vt -0.00000000 0.05348400
vt -2.94697400 14.39809400
vt -18.23075500 2.46368500
vt -2.94697400 13.98808800
vt -17.93158200 2.42943100
vt -2.94697400 13.57808200
vt -17.59404200 2.37972400
vt -17.21255900 2.32108700
vt -2.94697400 13.16807500
vt -2.94697400 12.75806900
vt -16.78326100 2.25894000
vt -16.30372000 2.19775900
vt -2.94697400 12.34806300
vt -2.94697400 11.93805700
vt -15.77221700 2.14111800
vt 4.38306500 20.45718400
vt 3.65255400 23.07995500
vt 4.38306500 23.07995500
vt 3.65255400 22.31301000
vt 4.38306500 22.31301000
vt 3.65255400 21.38509700
vt 4.38306500 21.38509700
vt 3.65255400 20.45718400
vt 3.65255400 19.01544600
vt 4.38306500 19.01544600
vt 3.65255400 17.57370800
vt 4.38306500 17.57370800
vt 3.65255400 15.17559400
vt 4.38306500 15.17559400
vt 4.38306500 16.58322300
vt 3.65255400 16.58322300
vt 3.65255400 13.76796400
vt 4.38306500 13.76796400
vt 2.91678300 8.42628200
vt 2.58392900 -0.65735100
vt 2.60240300 -0.46390400
vt 2.87961100 8.23906500
vt 2.62011800 -0.27027400
vt 2.81829400 8.05525400
vt 2.73391300 7.87833000
vt 2.63630800 -0.07671000
vt 2.65020900 0.11722900
vt 2.62762600 7.71121300
vt 2.66093300 0.31101800
vt 2.50143900 7.55767800
vt 2.35698100 7.42049900
vt 2.66767400 0.50527100
vt 2.66963200 0.69948300
vt 2.19693800 7.30313400
vt 2.06304500 7.22715800
vt 2.66741200 0.85084800
vt -2.35452800 -2.66741200
vt 1.82258500 7.10644400
vt -2.08983400 -2.65813100
vt -1.82533400 -2.64430400
vt 1.58190700 6.98475800
vt -1.56089400 -2.62612200
vt 1.34081600 6.86196700
vt -1.29680300 -2.60381000
vt -1.82469700 2.36246100
vt 1.09949400 6.73812100
vt -1.46284500 2.41482200
vt 1.46462500 6.73246100
vt -0.73287100 2.48489700
vt 2.19693800 6.72486300
vt 2.92925000 6.72232400
vt 0.00000000 2.50826300
vt 3.66156300 6.72486300
vt 0.73287100 2.48489600
vt 4.39387500 6.73246100
vt 1.46284500 2.41482200
vt 3.66156300 8.77746000
vt 4.39387500 8.77746000
vt 2.92925000 8.05558000
vt 3.66156300 8.05773300
vt 4.39387500 8.05988500
vt 2.92925000 7.39172800
vt 3.66156300 7.39172800
vt 4.39387500 7.39172800
vt 4.19877400 14.80250000
vt 1.25358900 -7.65515000
vt 0.62679400 -7.65515000
vt 3.57286700 14.80250000
vt 3.68370000 13.95815100
vt 4.42044000 11.93174100
vt 3.68370000 11.93079300
vt 4.42044000 12.35072700
vt 3.68370000 12.35072700
vt 4.42044000 12.76917700
vt 3.68370000 12.76917700
vt 4.42044000 13.17851300
vt 3.68370000 13.17730800
vt 4.42044000 13.58303000
vt 3.68370000 13.58303000
vt 4.42044000 13.95815100
vt 4.42044000 14.33327100
vt 3.68370000 14.33327100
vt 4.42044000 14.57742700
vt 3.68370000 14.57742700
vt -3.57288400 14.80810000
vt 0.62679400 0.05348400
vt 1.25358900 0.05348400
vt -4.19879500 14.80810000
vt -3.68371800 11.80582000
vt -4.42046200 11.80582000
vt -3.68371800 12.13348600
vt -4.42046200 12.13348600
vt -3.68371800 12.46115200
vt -4.42046200 12.46115200
vt -3.68371800 12.90621900
vt -4.42046200 12.90621900
vt -3.68371800 13.35128600
vt -4.42046200 13.35128600
vt -3.68371800 13.71549000
vt -4.42046200 13.71549000
vt -3.68371800 14.07969300
vt -4.42046200 14.07969300
vt -3.68371800 14.44389600
vt -4.42046200 14.44389600
vt -1.82469700 0.53365200
vt -1.29680300 -0.77500000
vt -0.79544300 0.85780300
vt -0.39544300 0.00000000
vt -0.35032200 -0.77500000
vt 2.30030100 0.70529000
vt 0.31750000 8.32608400
vt 1.90495200 0.71390900
vt -0.00000000 0.00000000
vt -0.79544300 -0.00000000
vt 0.31750000 -8.32608400
vt 1.87117000 -0.83572300
vt -0.40000000 -0.00000000
vt -0.35032200 0.77500000
vt 2.26651900 -0.84434200
vt -1.29680300 0.77500000
vt -1.82469700 -1.01634800
vt -0.00000000 0.85780300
vt 3.07103700 0.85084800
vt -2.19130500 8.71102600
vt -2.35452800 -3.07103700
vt -1.45319100 8.25417900
vt -1.55355100 -3.03234500
vt -0.71001100 7.78003700
vt -0.75445200 -2.95732800
vt 0.00000000 3.21093100
vt -0.56560400 -2.86780300
vt 0.19490300 3.17208300
vt 0.38996800 3.13282100
vt -0.37643900 -2.77893900
vt -0.18837800 -2.69140400
vt 0.58373300 3.09342500
vt 0.77766300 3.05358500
vt 0.00000000 -2.60453500
vt -7.83170100 2.77588800
vt -7.83597700 2.57976500
vt -2.57749500 0.00000000
vt 0.00000000 -2.40836500
vt 2.33533200 2.31216800
vt -2.72783100 0.31750000
vt -0.35032200 -2.38226000
vt 2.23148800 -2.45122000
vt -1.47875400 0.31750000
vt -0.35032200 2.38226000
vt -7.94095800 -2.23582200
vt -1.62909100 0.00000000
vt 0.00000000 2.40836500
vt 0.00000000 2.60453500
vt -7.94523400 -2.43194400
vt 0.00000000 3.05353300
vt -0.18837700 2.69140300
vt 0.19393000 3.09337100
vt 0.38769500 3.13276600
vt -0.37643800 2.77893800
vt -0.56560300 2.86780200
vt 0.58276100 3.17202800
vt 0.31750000 5.06145500
vt -0.34009500 2.84428800
vt -0.00000000 0.31750000
vt 0.31750000 5.52783000
vt 0.10805200 2.71700200
vt 0.31750000 5.99420600
vt 0.53003500 2.51959800
vt 0.31750000 6.46058200
vt 0.91496300 2.25717000
vt 0.31750000 6.92695700
vt 1.25290200 1.93649200
vt 0.31750000 7.39333300
vt 1.53513200 1.56583800
vt 1.75436700 1.15477400
vt 0.31750000 7.85970900
vt 0.31750000 -7.85970900
vt 1.70151500 -1.26960700
vt 0.31750000 -7.39333300
vt 1.46457300 -1.67072600
vt 1.16645900 -2.02872800
vt 0.31750000 -6.92695700
vt 0.81486500 -2.33437500
vt 0.31750000 -6.46058200
vt 0.41886700 -2.57977800
vt 0.31750000 -5.99420600
vt -0.01131800 -2.75860500
vt 0.31750000 -5.52783000
vt 0.31750000 -5.06145500
vt -0.46458700 -2.86624000
vt -4.20658500 0.31750000
vt -10.36395600 3.08255900
vt 0.00000000 5.06145500
vt 0.00000000 0.00000000
vt -10.84236100 3.13695600
vt 0.00000000 4.57941200
vt -11.32317400 3.11144800
vt 0.00000000 4.09736800
vt -11.79313900 3.00673700
vt 0.00000000 3.61532500
vt 0.00000000 3.13328200
vt -12.23930100 2.82571100
vt 0.00000000 2.65123800
vt -12.64936100 2.57335800
vt -13.01201600 2.25663600
vt 0.00000000 2.16919500
vt 0.00000000 1.68715200
vt -13.31726800 1.88427600
vt 0.00000000 1.20510800
vt -13.55670400 1.46654200
vt -13.72372100 1.01494900
vt 0.00000000 0.72306500
vt -13.81371800 0.54194600
vt -0.00000000 0.24102200
vt -0.00000000 -0.24102200
vt -13.82421200 0.06057100
vt -13.75491500 -0.41590400
vt 0.00000000 -0.72306500
vt -13.60773600 -0.87434700
vt 0.00000000 -1.20510800
vt -13.38673300 -1.30211900
vt 0.00000000 -1.68715200
vt -13.09799800 -1.68742800
vt 0.00000000 -2.16919500
vt 0.00000000 -2.65123800
vt -12.74949000 -2.01965400
vt 0.00000000 -3.13328200
vt -12.35081700 -2.28963700
vt -11.91296800 -2.48993500
vt 0.00000000 -3.61532500
vt -11.44801300 -2.61502800
vt 0.00000000 -4.09736800
vt 0.00000000 -4.57941200
vt -10.96876900 -2.66146600
vt 0.00000000 -5.06145500
vt -10.48844700 -2.62796900
vt -4.20658500 0.00000000
vt -5.41938000 33.51065100
vt -0.38695500 3.98315300
vt -2.31133000 -8.86926800
vt 0.81315100 0.00000000
vt 0.81315100 -27.02627900
vt -5.41938000 0.00000000
vt 2.31133000 -0.07740700
vt -0.38695500 -5.17025200
vt 0.81315100 -26.20250800
vt -5.41954300 1.39551700
vt 0.81315100 -25.37873600
vt -5.41962400 2.80215400
vt -5.41970200 3.50323100
vt 0.81315100 -24.96685000
vt -5.41982100 4.20549800
vt 0.81315100 -24.55496400
vt 0.81315100 -24.14307800
vt -5.42000700 4.91273900
vt -5.42030400 5.62871100
vt 0.81315100 -23.73119200
vt -5.42070100 6.28325200
vt 0.81315100 -23.36039200
vt 0.81315100 -22.98959200
vt -5.42124300 6.95002900
vt -5.42276700 8.29224300
vt 0.81315100 -22.24799300
vt 0.81315100 -20.76479300
vt -5.42647800 10.60432300
vt -5.42960600 12.60338700
vt 0.81315100 -19.28159400
vt 0.81315100 -17.79839400
vt -5.43139600 14.42845100
vt 0.81315100 -16.31519500
vt -5.43192300 16.13973200
vt -5.43193400 16.96091600
vt 0.81315100 -15.57359500
vt -5.43188400 17.76127500
vt 0.81315100 -14.83199500
vt 0.81315100 -14.09039500
vt -5.43169900 18.54285100
vt -5.43133100 19.30725600
vt 0.81315100 -13.34879600
vt -5.43074700 20.05551700
vt 0.81315100 -12.60719600
vt -5.42996600 20.78883300
vt 0.81315100 -11.86559600
vt -5.42784400 22.25145000
vt 0.81315100 -10.38239700
vt -5.42536700 23.74410200
vt 0.81315100 -8.89919700
vt -5.42284500 25.30969200
vt 0.81315100 -7.41599800
vt -5.42086000 27.01148500
vt 0.81315100 -5.93279800
vt -5.42017100 27.89334200
vt 0.81315100 -5.19119800
vt 0.81315100 -4.44959900
vt -5.41977500 28.74853500
vt 0.81315100 -3.70799900
vt -5.41955000 29.58073300
vt -5.41943400 30.39184200
vt 0.81315100 -2.96639900
vt 0.81315100 -2.22479900
vt -5.41942300 31.18817100
vt -5.41945700 31.97316100
vt 0.81315100 -1.48320000
vt 0.40631900 -22.73084400
vt 0.40631900 -18.32563400
vt 0.40631900 -17.41297900
vt 0.40631900 -6.03468500
vt 0.40631900 -7.31808000
vt 0.40631900 -1.09225100
vt 0.40631900 -2.18450100
vt 0.40631900 -2.82619900
vt 0.40631900 -3.46789600
vt 0.40631900 -4.10959300
vt 0.40631900 -4.75129100
vt 0.40631900 -5.39298800
vt 0.40631900 -8.60147400
vt 0.40631900 -9.88486900
vt 0.40631900 -11.16826400
vt 0.40631900 -12.45165800
vt 0.40631900 -13.10700900
vt 0.40631900 -13.76235900
vt 0.40631900 -14.67501400
vt 0.40631900 -15.58766900
vt 0.40631900 -16.50032400
vt 0.40631900 -19.23828800
vt 0.40631900 -20.15094300
vt 0.40631900 -21.06359800
vt 0.40631900 -22.39739500
vt 0.40631900 -23.06429400
vt 0.40631900 -23.39774300
vt 0.40631900 -23.73119200
vt 0.40631900 -24.28190500
vt 0.40631900 -24.83261800
vt 0.40631900 -25.37873600
vt 0.40631900 -25.93404400
vt 0.40631900 -26.48016200
vt -0.38695500 3.53435300
vt -2.31133000 -8.37308900
vt -0.38695500 3.08555300
vt -2.31133000 -7.87690900
vt -2.31133000 -7.38072900
vt -0.38695500 2.63675200
vt -2.31133000 -6.88454900
vt -0.38695500 2.18795200
vt -2.31133000 -6.38837000
vt -0.38695500 1.73915200
vt -2.31133000 -5.89219000
vt -0.38695500 1.29035100
vt -0.38695500 0.84155100
vt -2.31133000 -5.39601000
vt -0.38695500 0.39275100
vt -2.31133000 -4.89983100
vt -0.38695500 -0.05604900
vt -2.31133000 -4.40365100
vt -2.31133000 -3.90747100
vt -0.38695500 -0.50485000
vt -0.38695500 -0.95365000
vt -2.31133000 -3.41129200
vt -0.38695500 -1.40245000
vt -2.31133000 -2.91511200
vt -0.38695500 -1.85125100
vt -2.31133000 -2.41893200
vt -2.31133000 -1.92275200
vt -0.38695500 -2.30005100
vt -0.38695500 -2.74885100
vt -2.31133000 -1.42657300
vt -0.38695500 -3.19765100
vt -2.31133000 -0.93039300
vt -0.38695500 -3.64645200
vt -2.31133000 -0.43421300
vt -0.38695500 4.51877900
vt 2.31133000 10.52143500
vt 2.31133000 9.96360100
vt -0.38695500 4.00883000
vt 2.31133000 9.40576700
vt -0.38695500 3.49888100
vt -0.38695500 2.98893200
vt 2.31133000 8.84793300
vt 2.31133000 8.29010000
vt -0.38695500 2.47898300
vt -0.38695500 1.96903400
vt 2.31133000 7.73226600
vt 2.31133000 7.17443200
vt -0.38695500 1.45908500
vt -0.38695500 0.94913600
vt 2.31133000 6.61659800
vt 2.31133000 6.05876400
vt -0.38695500 0.43918700
vt 2.31133000 5.50093100
vt -0.38695500 -0.07076200
vt 2.31133000 4.94309700
vt -0.38695500 -0.58071100
vt 2.31133000 4.38526300
vt -0.38695500 -1.09066000
vt -0.38695500 -1.60060900
vt 2.31133000 3.82742900
vt 2.31133000 3.26959600
vt -0.38695500 -2.11055800
vt -0.38695500 -2.62050700
vt 2.31133000 2.71176200
vt 2.31133000 2.15392800
vt -0.38695500 -3.13045600
vt 2.31133000 1.59609400
vt -0.38695500 -3.64040500
vt 2.31133000 1.03826100
vt -0.38695500 -4.15035400
vt -0.38695500 -4.66030300
vt 2.31133000 0.48042700
vt 0.40658000 4.62887500
vt 0.40658000 4.29542600
vt 0.40658000 8.70062800
vt 0.40658000 9.61328100
vt 0.40658000 16.13104600
vt 0.40658000 17.68750000
vt 0.40658000 26.24799800
vt 0.40658000 25.46977100
vt 0.40658000 24.69154400
vt 0.40658000 23.91331700
vt 0.40658000 23.13509000
vt 0.40658000 22.35686300
vt 0.40658000 21.57863600
vt 0.40658000 20.80040900
vt 0.40658000 19.24395400
vt 0.40658000 16.90927300
vt 0.40658000 15.35281900
vt 0.40658000 14.57459200
vt 0.40658000 13.91924300
vt 0.40658000 13.26389400
vt 0.40658000 12.35124100
vt 0.40658000 11.43858800
vt 0.40658000 10.52593400
vt 0.40658000 7.78797500
vt 0.40658000 6.87532200
vt 0.40658000 5.96266900
vt 0.40658000 3.96197800
vt 0.40658000 3.62852900
vt 0.40658000 3.29508100
vt 0.40658000 2.83538800
vt 0.40658000 2.37569600
vt 0.40658000 1.91600400
vt 0.40658000 1.45631100
vt 0.40658000 0.72815600
vt -1.54088600 -8.86926800
vt -4.63494200 33.51065100
vt -3.85050400 33.51065100
vt -0.77044300 -8.86926800
vt -1.15566500 -0.43421300
vt -1.15566500 -0.93039300
vt -1.15566500 -1.42657300
vt -1.15566500 -1.92275200
vt -1.15566500 -2.41893200
vt -1.15566500 -2.91511200
vt -1.15566500 -3.41129200
vt -1.15566500 -3.90747100
vt -1.15566500 -4.40365100
vt -1.15566500 -4.89983100
vt -1.15566500 -5.39601000
vt -1.15566500 -5.89219000
vt -1.15566500 -6.38837000
vt -1.15566500 -6.88454900
vt -1.15566500 -7.38072900
vt -1.15566500 -7.87690900
vt -1.15566500 -8.37308900
vt -4.24272300 0.00000000
vt 1.15566500 -0.07740700
vt 0.00000000 -0.07740700
vt -3.06606600 0.00000000
vt -1.15566500 -0.07740700
vt -1.88940900 0.00000000
vt -0.71275200 0.00000000
vt -2.31133000 -0.07740700
vt 0.00000000 -0.00000000
vt -0.38695500 5.17025200
vt 0.00000000 0.57934200
vt -0.71259600 1.42706300
vt 0.00000000 1.15868300
vt -0.71250200 2.83566300
vt -0.71243100 3.53545600
vt 0.00000000 1.44835400
vt -0.71231200 4.23349600
vt 0.00000000 1.73802500
vt 0.00000000 2.02769600
vt -0.71212100 4.93106100
vt 0.00000000 2.31736700
vt -0.71182700 5.62868100
vt 0.00000000 2.76414900
vt -0.71110600 6.70428300
vt -2.37983100 8.84772500
vt 3.07265100 0.63761200
vt -2.55144300 9.01612200
vt 3.06808100 0.42433100
vt -2.70236300 9.21106000
vt 3.05826700 0.21154900
vt 3.04423800 -0.00115800
vt -2.82999900 9.42775300
vt 3.02711700 -0.21363700
vt -2.93180600 9.66072900
vt 3.00795300 -0.42574000
vt -3.00584000 9.90449200
vt 2.98766000 -0.63827700
vt -3.05093900 10.15477700
vt -5.13221600 1.86551800
vt -1.00318500 1.86551800
vt -1.00318500 3.49819000
vt -1.00318500 6.45175800
vt -5.13221600 7.77373200
vt -5.13221600 8.93944200
vt -5.13221600 11.27169000
vt -5.13221600 21.97270100
vt -5.13221600 23.56184900
vt -5.13221600 25.15099700
vt -5.13221600 26.54427300
vt -5.13221600 28.63418600
vt -5.13221600 32.11737600
vt -4.48239900 32.11737600
vt -3.83258200 32.11737600
vt -5.13221600 30.72410000
vt -4.48239900 30.72410000
vt -3.83258200 30.72410000
vt -5.13221600 30.02746200
vt -4.48239900 30.02746200
vt -3.83258200 30.02746200
vt -5.13221600 29.33082400
vt -4.48239900 29.33082400
vt -3.83258200 29.33082400
vt -4.48239900 28.63418600
vt -3.83258200 28.63418600
vt -5.13221600 27.24091000
vt -4.48239900 27.24091000
vt -3.83258200 27.24091000
vt -3.83258200 27.93754800
vt -4.48239900 27.93754800
vt -5.13221600 27.93754800
vt -4.48239900 26.54427300
vt -3.83258200 26.54427300
vt -4.48239900 25.15099700
vt -3.83258200 25.15099700
vt -3.83258200 25.84763500
vt -4.48239900 25.84763500
vt -5.13221600 25.84763500
vt -4.48239900 23.56184900
vt -3.83258200 23.56184900
vt -3.83258200 24.35642300
vt -4.48239900 24.35642300
vt -5.13221600 24.35642300
vt -4.48239900 21.97270100
vt -3.83258200 21.97270100
vt -3.83258200 22.76727500
vt -4.48239900 22.76727500
vt -5.13221600 22.76727500
vt -5.13221600 20.38355300
vt -4.48239900 20.38355300
vt -3.83258200 20.38355300
vt -3.83258200 21.17812700
vt -4.48239900 21.17812700
vt -5.13221600 21.17812700
vt -5.13221600 18.79440500
vt -4.48239900 18.79440500
vt -3.83258200 18.79440500
vt -5.13221600 17.20525700
vt -4.48239900 17.20525700
vt -3.83258200 17.20525700
vt -5.13221600 15.61610900
vt -4.48239900 15.61610900
vt -3.83258200 15.61610900
vt -5.13221600 14.02696200
vt -4.48239900 14.02696200
vt -3.83258200 14.02696200
vt -5.13221600 12.43781400
vt -4.48239900 12.43781400
vt -3.83258200 12.43781400
vt -3.83258200 11.27169000
vt -4.48239900 11.27169000
vt -5.13221600 10.10556600
vt -4.48239900 10.10556600
vt -3.83258200 10.10556600
vt -3.06606600 10.10556600
vt -1.65136700 8.35638100
vt -2.29954900 8.35638100
vt -3.06606600 8.35638100
vt -3.83258200 8.35638100
vt -4.48239900 8.35638100
vt -5.13221600 8.35638100
vt -4.48239900 7.77465900
vt -3.83258200 7.77558500
vt -3.06606600 7.77667800
vt -2.29954900 7.77777100
vt -1.65136700 7.77869500
vt -1.00318500 7.77961900
vt -1.00318500 7.11253900
vt -1.65136700 7.11253900
vt -2.29954900 7.11253900
vt -3.06606600 7.11253900
vt -3.83258200 7.11253900
vt -4.48239900 7.11253900
vt -5.13221600 7.11253900
vt -5.13221600 6.45175800
vt -4.48239900 6.45175800
vt -3.83258200 6.45175800
vt -3.06606600 6.45175800
vt -2.29954900 6.45175800
vt -1.65136700 6.45175800
vt -5.13221600 5.79097800
vt -4.48239900 5.79097800
vt -3.83258200 5.79097800
vt -3.06606600 5.79097800
vt -2.29954900 5.79097800
vt -1.65136700 5.79097800
vt -1.00318500 5.79097800
vt -5.13221600 5.13019800
vt -4.48239900 5.13019800
vt -3.83258200 5.13019800
vt -3.06606600 5.13019800
vt -2.29954900 5.13019800
vt -1.65136700 5.13019800
vt -1.00318500 5.13019800
vt -5.13221600 4.31402800
vt -4.48239900 4.31402800
vt -3.83258200 4.31402800
vt -3.06606600 4.31402800
vt -2.29954900 4.31402800
vt -1.65136700 4.31402800
vt -1.00318500 4.31402800
vt -5.13221600 3.50290300
vt -4.48239900 3.50216100
vt -3.83258200 3.50141900
vt -3.06606600 3.50054400
vt -2.29954900 3.49967000
vt -1.65136700 3.49893000
vt -5.13221600 2.68168800
vt -4.48239900 2.68168800
vt -3.83258200 2.68168800
vt -3.06606600 2.68168800
vt -2.29954900 2.68168800
vt -1.65136700 2.68168800
vt -1.00318500 2.68168800
vt -1.65136700 1.86551800
vt -2.29954900 1.86551800
vt -3.06606600 1.86551800
vt -3.83258200 1.86551800
vt -4.48239900 1.86551800
vt -5.13221600 0.93275900
vt -4.48239900 0.93275900
vt -3.83258200 0.93275900
vt -3.06606600 0.93275900
vt -2.29954900 0.93275900
vt -1.65136700 0.93275900
vt -1.00318500 0.93275900
vt -3.06606600 8.93944200
vt -3.83258200 8.93944200
vt -4.48239900 8.93944200
vt 0.77766300 -0.00000000
vt -10.86264100 3.31254000
vt 0.38695500 5.17025200
vt 0.77766300 0.57934200
vt -10.50169100 3.28533400
vt 0.77766300 0.86901200
vt -10.29980100 3.25697600
vt -10.07527800 3.21894100
vt 0.77766300 1.15868300
vt 0.77766300 1.44835400
vt -9.82388400 3.17166000
vt 0.77766300 1.73802500
vt -9.54227400 3.11575200
vt 0.77766300 2.02769600
vt -9.22797000 3.05196800
vt 0.77766300 2.31736700
vt -8.87913000 2.98114900
vt 0.77766300 2.68547600
vt -8.38437900 2.88245300
vt 0.38885300 0.33600000
vt 0.38885300 0.86400100
vt 0.38885300 2.76414900
vt 0.38885300 2.31736700
vt 0.38885300 2.21245800
vt 0.38885300 2.01600300
vt 0.38885300 1.72800300
vt 0.38885300 1.44000200
vt 0.38885300 1.15200200
vt 0.38885300 0.57600100
vt 0.38695500 -5.02872800
vt 0.00000000 0.00000000
vt -10.99668200 -2.83599900
vt 0.38695500 -4.49193900
vt -11.50177600 -2.78303900
vt -11.99126400 -2.64766500
vt 0.38695500 -3.95515100
vt -12.45179500 -2.43357100
vt 0.38695500 -3.41836300
vt 0.38695500 -2.88157400
vt -12.87080500 -2.14659500
vt -13.23686700 -1.79456700
vt 0.38695500 -2.34478600
vt 0.38695500 -1.80799700
vt -13.53999300 -1.38708800
vt 0.38695500 -1.27120900
vt -13.77191700 -0.93527400
vt -13.92631200 -0.45144800
vt 0.38695500 -0.73442000
vt -13.99896500 0.05119100
vt 0.38695500 -0.19763200
vt -13.98789600 0.55893300
vt 0.38695500 0.33915600
vt 0.38695500 0.87594500
vt -13.89340700 1.05792900
vt -13.71807400 1.53456600
vt 0.38695500 1.41273300
vt -13.46668000 1.97584400
vt 0.38695500 1.94952200
vt 0.38695500 2.48631000
vt -13.14608400 2.36972500
vt -12.76502900 2.70546600
vt 0.38695500 3.02309900
vt -12.33391000 2.97390800
vt 0.38695500 3.55988700
vt 0.38695500 4.09667600
vt -11.86448600 3.16772900
vt 0.38695500 4.63346400
vt -11.36956300 3.28164200
vt -0.38695500 4.66030300
vt -2.31133000 0.48042700
vt -0.38695500 4.15035400
vt -2.31133000 1.03826100
vt -2.31133000 1.59609400
vt -0.38695500 3.64040500
vt -2.31133000 2.15392800
vt -0.38695500 3.13045600
vt -0.38695500 2.62050700
vt -2.31133000 2.71176200
vt -0.38695500 2.11055800
vt -2.31133000 3.26959600
vt -2.31133000 3.82742900
vt -0.38695500 1.60060900
vt -0.38695500 1.09066000
vt -2.31133000 4.38526300
vt -0.38695500 0.58071100
vt -2.31133000 4.94309700
vt -0.38695500 0.07076200
vt -2.31133000 5.50093100
vt -0.38695500 -0.43918700
vt -2.31133000 6.05876400
vt -0.38695500 -0.94913600
vt -2.31133000 6.61659800
vt -2.31133000 7.17443200
vt -0.38695500 -1.45908500
vt -2.31133000 7.73226600
vt -0.38695500 -1.96903400
vt -0.38695500 -2.47898300
vt -2.31133000 8.29010000
vt -2.31133000 8.84793300
vt -0.38695500 -2.98893200
vt -2.31133000 9.40576700
vt -0.38695500 -3.49888100
vt -2.31133000 9.96360100
vt -0.38695500 -4.00883000
vt -0.38695500 -4.51877900
vt -2.31133000 10.52143500
vt -8.50204000 -2.51432300
vt 0.00000000 2.68543000
vt -9.00063100 -2.59136400
vt 0.00000000 2.31732600
vt 0.00000000 2.02766100
vt -9.35223000 -2.64691300
vt -9.66901600 -2.69693900
vt 0.00000000 1.73799500
vt -9.95278500 -2.74052100
vt 0.00000000 1.44832900
vt -10.20600400 -2.77680200
vt 0.00000000 1.15866300
vt -10.43197000 -2.80501600
vt 0.00000000 0.86899700
vt -10.63490100 -2.82454900
vt 0.00000000 0.57933200
vt 0.38885400 0.33599500
vt 0.38885400 0.86398600
vt 0.38885400 2.76410100
vt 0.38885400 2.31732600
vt 0.38885400 2.21241900
vt 0.38885400 2.01596800
vt 0.38885400 1.72797300
vt 0.38885400 1.43997700
vt 0.38885400 1.15198200
vt 0.38885400 0.57599100
vt -1.15566500 10.52143500
vt 0.00000000 10.52143500
vt -1.15566500 9.96360100
vt 0.00000000 9.96360100
vt 1.15566500 9.96360100
vt -1.15566500 9.40576700
vt 0.00000000 9.40576700
vt 1.15566500 9.40576700
vt -1.15566500 8.84793300
vt 0.00000000 8.84793300
vt 1.15566500 8.84793300
vt -1.15566500 8.29010000
vt 0.00000000 8.29010000
vt 1.15566500 8.29010000
vt -1.15566500 7.73226600
vt 0.00000000 7.73226600
vt 1.15566500 7.73226600
vt -1.15566500 7.17443200
vt 0.00000000 7.17443200
vt 1.15566500 7.17443200
vt -1.15566500 6.61659800
vt 0.00000000 6.61659800
vt 1.15566500 6.61659800
vt -1.15566500 6.05876400
vt 0.00000000 6.05876400
vt 1.15566500 6.05876400
vt -1.15566500 5.50093100
vt 0.00000000 5.50093100
vt 1.15566500 5.50093100
vt -1.15566500 4.94309700
vt 0.00000000 4.94309700
vt 1.15566500 4.94309700
vt -1.15566500 4.38526300
vt 0.00000000 4.38526300
vt 1.15566500 4.38526300
vt -1.15566500 3.82742900
vt 0.00000000 3.82742900
vt 1.15566500 3.82742900
vt -1.15566500 3.26959600
vt 0.00000000 3.26959600
vt 1.15566500 3.26959600
vt -1.15566500 2.71176200
vt 0.00000000 2.71176200
vt 1.15566500 2.71176200
vt -1.15566500 2.15392800
vt 0.00000000 2.15392800
vt 1.15566500 2.15392800
vt -1.15566500 1.59609400
vt 0.00000000 1.59609400
vt 1.15566500 1.59609400
vt -1.15566500 1.03826100
vt 0.00000000 1.03826100
vt 1.15566500 1.03826100
vt -1.15566500 0.48042700
vt 0.00000000 0.48042700
vt 1.15566500 0.48042700
vt 0.94019200 -0.39996500
vt 0.94019200 -0.85341400
vt 0.94019200 -1.30686300
vt 0.94019200 -1.76031200
vt 0.94019200 -2.21376100
vt 0.94019200 -2.66721000
vt 0.94019200 -3.12066000
vt 0.94019200 -3.57410900
vt 0.94019200 -4.02755800
vt 0.94019200 -4.48100700
vt 0.94019200 -4.93445600
vt 0.94019200 -5.38790500
vt 0.94019200 -5.84135400
vt 0.94019200 -6.29480300
vt 0.94019200 -6.74825200
vt 0.94019200 -7.20170100
f 57/57/57 2/2/2 59/59/59
f 59/59/59 2/2/2 5/5/5
f 59/59/59 5/5/5 112/112/112
f 112/112/112 5/5/5 6/6/6
f 112/112/112 6/6/6 109/109/109
f 109/109/109 6/6/6 8/8/8
f 109/109/109 8/8/8 107/107/107
f 107/107/107 8/8/8 11/11/11
f 107/107/107 11/11/11 106/106/106
f 106/106/106 11/11/11 13/13/13
f 106/106/106 13/13/13 104/104/104
f 104/104/104 13/13/13 15/15/15
f 104/104/104 15/15/15 101/101/101
f 101/101/101 15/15/15 16/16/16
f 101/101/101 16/16/16 100/100/100
f 100/100/100 16/16/16 18/18/18
f 100/100/100 18/18/18 97/97/97
f 97/97/97 18/18/18 21/21/21
f 97/97/97 21/21/21 96/96/96
f 96/96/96 21/21/21 23/23/23
f 96/96/96 23/23/23 94/94/94
f 94/94/94 23/23/23 24/24/24
f 94/94/94 24/24/24 91/91/91
f 91/91/91 24/24/24 26/26/26
f 91/91/91 26/26/26 89/89/89
f 89/89/89 26/26/26 29/29/29
f 89/89/89 29/29/29 87/87/87
f 87/87/87 29/29/29 31/31/31
f 87/87/87 31/31/31 85/85/85
f 85/85/85 31/31/31 33/33/33
f 85/85/85 33/33/33 83/83/83
f 83/83/83 33/33/33 35/35/35
f 83/83/83 35/35/35 82/82/82
f 82/82/82 35/35/35 36/36/36
f 82/82/82 36/36/36 80/80/80
f 80/80/80 36/36/36 38/38/38
f 80/80/80 38/38/38 78/78/78
f 78/78/78 38/38/38 41/41/41
f 78/78/78 41/41/41 76/76/76
f 76/76/76 41/41/41 43/43/43
f 76/76/76 43/43/43 74/74/74
f 74/74/74 43/43/43 45/45/45
f 74/74/74 45/45/45 71/71/71
f 71/71/71 45/45/45 46/46/46
f 71/71/71 46/46/46 69/69/69
f 69/69/69 46/46/46 48/48/48
f 69/69/69 48/48/48 68/68/68
f 68/68/68 48/48/48 50/50/50
f 68/68/68 50/50/50 66/66/66
f 66/66/66 50/50/50 53/53/53
f 66/66/66 53/53/53 63/63/63
f 63/63/63 53/53/53 55/55/55
f 63/63/63 55/55/55 61/61/61
f 61/61/61 55/55/55 57/57/57
f 61/61/61 57/57/57 59/59/59
f 114/114/114 116/116/116 315/315/315
f 315/315/315 116/116/116 118/118/118
f 315/315/315 118/118/118 313/313/313
f 313/313/313 118/118/118 120/120/120
f 313/313/313 120/120/120 122/122/122
f 313/313/313 122/122/122 312/312/312
f 312/312/312 122/122/122 125/125/125
f 312/312/312 125/125/125 127/127/127
f 312/312/312 127/127/127 310/310/310
f 310/310/310 127/127/127 129/129/129
f 310/310/310 129/129/129 130/130/130
f 310/310/310 130/130/130 456/456/456
f 456/456/456 130/130/130 132/132/132
f 456/456/456 132/132/132 454/454/454
f 454/454/454 132/132/132 134/134/134
f 454/454/454 134/134/134 452/452/452
f 452/452/452 134/134/134 136/136/136
f 452/452/452 136/136/136 449/449/449
f 449/449/449 136/136/136 139/139/139
f 449/449/449 139/139/139 447/447/447
f 447/447/447 139/139/139 446/446/446
f 446/446/446 139/139/139 141/141/141
f 446/446/446 141/141/141 443/443/443
f 443/443/443 141/141/141 143/143/143
f 443/443/443 143/143/143 440/440/440
f 440/440/440 143/143/143 144/144/144
f 440/440/440 144/144/144 496/496/496
f 496/496/496 144/144/144 250/250/250
f 496/496/496 250/250/250 253/253/253
f 144/144/144 146/146/146 250/250/250
f 250/250/250 146/146/146 249/249/249
f 249/249/249 146/146/146 148/148/148
f 249/249/249 148/148/148 246/246/246
f 246/246/246 148/148/148 150/150/150
f 246/246/246 150/150/150 245/245/245
f 245/245/245 150/150/150 152/152/152
f 245/245/245 152/152/152 242/242/242
f 242/242/242 152/152/152 155/155/155
f 242/242/242 155/155/155 241/241/241
f 241/241/241 155/155/155 319/319/319
f 241/241/241 319/319/319 239/239/239
f 239/239/239 319/319/319 322/322/322
f 239/239/239 322/322/322 236/236/236
f 236/236/236 322/322/322 324/324/324
f 236/236/236 324/324/324 234/234/234
f 234/234/234 324/324/324 411/411/411
f 234/234/234 411/411/411 414/414/414
f 155/155/155 157/157/157 319/319/319
f 319/319/319 157/157/157 370/370/370
f 319/319/319 370/370/370 364/364/364
f 364/364/364 370/370/370 373/373/373
f 364/364/364 373/373/373 362/362/362
f 362/362/362 373/373/373 360/360/360
f 360/360/360 373/373/373 374/374/374
f 360/360/360 374/374/374 358/358/358
f 358/358/358 374/374/374 376/376/376
f 358/358/358 376/376/376 355/355/355
f 355/355/355 376/376/376 378/378/378
f 355/355/355 378/378/378 190/190/190
f 190/190/190 378/378/378 381/381/381
f 190/190/190 381/381/381 382/382/382
f 157/157/157 158/158/158 370/370/370
f 370/370/370 158/158/158 368/368/368
f 368/368/368 158/158/158 366/366/366
f 366/366/366 158/158/158 161/161/161
f 366/366/366 161/161/161 388/388/388
f 388/388/388 161/161/161 386/386/386
f 386/386/386 161/161/161 163/163/163
f 386/386/386 163/163/163 384/384/384
f 384/384/384 163/163/163 165/165/165
f 384/384/384 165/165/165 167/167/167
f 167/167/167 168/168/168 384/384/384
f 384/384/384 168/168/168 186/186/186
f 384/384/384 186/186/186 188/188/188
f 168/168/168 171/171/171 186/186/186
f 186/186/186 171/171/171 184/184/184
f 184/184/184 171/171/171 172/172/172
f 184/184/184 172/172/172 174/174/174
f 184/184/184 174/174/174 181/181/181
f 181/181/181 174/174/174 177/177/177
f 181/181/181 177/177/177 179/179/179
f 384/384/384 188/188/188 382/382/382
f 382/382/382 188/188/188 190/190/190
f 190/190/190 191/191/191 355/355/355
f 355/355/355 191/191/191 351/351/351
f 351/351/351 191/191/191 350/350/350
f 350/350/350 191/191/191 348/348/348
f 348/348/348 191/191/191 194/194/194
f 348/348/348 194/194/194 346/346/346
f 346/346/346 194/194/194 434/434/434
f 346/346/346 434/434/434 436/436/436
f 194/194/194 195/195/195 434/434/434
f 434/434/434 195/195/195 432/432/432
f 432/432/432 195/195/195 431/431/431
f 431/431/431 195/195/195 429/429/429
f 429/429/429 195/195/195 198/198/198
f 429/429/429 198/198/198 426/426/426
f 426/426/426 198/198/198 424/424/424
f 424/424/424 198/198/198 423/423/423
f 423/423/423 198/198/198 341/341/341
f 423/423/423 341/341/341 420/420/420
f 420/420/420 341/341/341 419/419/419
f 419/419/419 341/341/341 417/417/417
f 417/417/417 341/341/341 346/346/346
f 417/417/417 346/346/346 439/439/439
f 439/439/439 346/346/346 436/436/436
f 198/198/198 200/200/200 341/341/341
f 341/341/341 200/200/200 340/340/340
f 340/340/340 200/200/200 338/338/338
f 338/338/338 200/200/200 201/201/201
f 338/338/338 201/201/201 335/335/335
f 335/335/335 201/201/201 334/334/334
f 334/334/334 201/201/201 204/204/204
f 334/334/334 204/204/204 404/404/404
f 404/404/404 204/204/204 402/402/402
f 402/402/402 204/204/204 399/399/399
f 399/399/399 204/204/204 206/206/206
f 399/399/399 206/206/206 398/398/398
f 398/398/398 206/206/206 207/207/207
f 398/398/398 207/207/207 225/225/225
f 225/225/225 207/207/207 223/223/223
f 223/223/223 207/207/207 209/209/209
f 223/223/223 209/209/209 221/221/221
f 221/221/221 209/209/209 218/218/218
f 218/218/218 209/209/209 212/212/212
f 218/218/218 212/212/212 216/216/216
f 216/216/216 212/212/212 215/215/215
f 225/225/225 227/227/227 398/398/398
f 398/398/398 227/227/227 229/229/229
f 398/398/398 229/229/229 230/230/230
f 398/398/398 230/230/230 395/395/395
f 395/395/395 230/230/230 232/232/232
f 395/395/395 232/232/232 394/394/394
f 394/394/394 232/232/232 391/391/391
f 391/391/391 232/232/232 234/234/234
f 391/391/391 234/234/234 414/414/414
f 255/255/255 491/491/491 253/253/253
f 253/253/253 491/491/491 493/493/493
f 253/253/253 493/493/493 496/496/496
f 491/491/491 255/255/255 489/489/489
f 489/489/489 255/255/255 256/256/256
f 489/489/489 256/256/256 487/487/487
f 487/487/487 256/256/256 486/486/486
f 486/486/486 256/256/256 259/259/259
f 486/486/486 259/259/259 260/260/260
f 486/486/486 260/260/260 483/483/483
f 483/483/483 260/260/260 263/263/263
f 483/483/483 263/263/263 287/287/287
f 287/287/287 263/263/263 264/264/264
f 287/287/287 264/264/264 285/285/285
f 285/285/285 264/264/264 266/266/266
f 285/285/285 266/266/266 269/269/269
f 285/285/285 269/269/269 284/284/284
f 284/284/284 269/269/269 270/270/270
f 284/284/284 270/270/270 273/273/273
f 284/284/284 273/273/273 281/281/281
f 281/281/281 273/273/273 274/274/274
f 281/281/281 274/274/274 276/276/276
f 276/276/276 279/279/279 281/281/281
f 287/287/287 289/289/289 483/483/483
f 483/483/483 289/289/289 482/482/482
f 482/482/482 289/289/289 291/291/291
f 482/482/482 291/291/291 479/479/479
f 479/479/479 291/291/291 477/477/477
f 477/477/477 291/291/291 294/294/294
f 477/477/477 294/294/294 475/475/475
f 475/475/475 294/294/294 295/295/295
f 475/475/475 295/295/295 474/474/474
f 474/474/474 295/295/295 472/472/472
f 472/472/472 295/295/295 297/297/297
f 472/472/472 297/297/297 470/470/470
f 470/470/470 297/297/297 299/299/299
f 470/470/470 299/299/299 468/468/468
f 468/468/468 299/299/299 466/466/466
f 466/466/466 299/299/299 301/301/301
f 466/466/466 301/301/301 464/464/464
f 464/464/464 301/301/301 303/303/303
f 464/464/464 303/303/303 461/461/461
f 461/461/461 303/303/303 459/459/459
f 459/459/459 303/303/303 305/305/305
f 459/459/459 305/305/305 457/457/457
f 457/457/457 305/305/305 308/308/308
f 457/457/457 308/308/308 456/456/456
f 456/456/456 308/308/308 310/310/310
f 411/411/411 324/324/324 410/410/410
f 410/410/410 324/324/324 325/325/325
f 410/410/410 325/325/325 328/328/328
f 328/328/328 331/331/331 410/410/410
f 410/410/410 331/331/331 407/407/407
f 407/407/407 331/331/331 334/334/334
f 407/407/407 334/334/334 405/405/405
f 405/405/405 334/334/334 404/404/404
f 548/548/548 497/497/497 551/551/551
f 551/551/551 497/497/497 501/501/501
f 551/551/551 501/501/501 589/589/589
f 589/589/589 501/501/501 502/502/502
f 589/589/589 502/502/502 587/587/587
f 587/587/587 502/502/502 504/504/504
f 587/587/587 504/504/504 585/585/585
f 585/585/585 504/504/504 507/507/507
f 585/585/585 507/507/507 508/508/508
f 585/585/585 508/508/508 584/584/584
f 584/584/584 508/508/508 510/510/510
f 584/584/584 510/510/510 581/581/581
f 581/581/581 510/510/510 512/512/512
f 581/581/581 512/512/512 580/580/580
f 580/580/580 512/512/512 515/515/515
f 580/580/580 515/515/515 578/578/578
f 578/578/578 515/515/515 517/517/517
f 578/578/578 517/517/517 519/519/519
f 578/578/578 519/519/519 576/576/576
f 576/576/576 519/519/519 521/521/521
f 576/576/576 521/521/521 574/574/574
f 574/574/574 521/521/521 522/522/522
f 574/574/574 522/522/522 571/571/571
f 571/571/571 522/522/522 525/525/525
f 571/571/571 525/525/525 527/527/527
f 571/571/571 527/527/527 570/570/570
f 570/570/570 527/527/527 529/529/529
f 570/570/570 529/529/529 567/567/567
f 567/567/567 529/529/529 531/531/531
f 567/567/567 531/531/531 565/565/565
f 565/565/565 531/531/531 533/533/533
f 565/565/565 533/533/533 535/535/535
f 565/565/565 535/535/535 563/563/563
f 563/563/563 535/535/535 536/536/536
f 563/563/563 536/536/536 561/561/561
f 561/561/561 536/536/536 539/539/539
f 561/561/561 539/539/539 560/560/560
f 560/560/560 539/539/539 541/541/541
f 560/560/560 541/541/541 558/558/558
f 558/558/558 541/541/541 542/542/542
f 558/558/558 542/542/542 544/544/544
f 558/558/558 544/544/544 556/556/556
f 556/556/556 544/544/544 546/546/546
f 556/556/556 546/546/546 554/554/554
f 554/554/554 546/546/546 548/548/548
f 554/554/554 548/548/548 551/551/551
f 549/549/549 646/646/646 498/498/498
f 498/498/498 646/646/646 593/593/593
f 499/499/499 591/591/591 595/595/595
f 646/646/646 549/549/549 643/643/643
f 643/643/643 549/549/549 547/547/547
f 643/643/643 547/547/547 641/641/641
f 641/641/641 547/547/547 545/545/545
f 641/641/641 545/545/545 639/639/639
f 639/639/639 545/545/545 543/543/543
f 639/639/639 543/543/543 637/637/637
f 637/637/637 543/543/543 540/540/540
f 637/637/637 540/540/540 635/635/635
f 635/635/635 540/540/540 538/538/538
f 635/635/635 538/538/538 634/634/634
f 634/634/634 538/538/538 537/537/537
f 634/634/634 537/537/537 631/631/631
f 631/631/631 537/537/537 534/534/534
f 631/631/631 534/534/534 630/630/630
f 630/630/630 534/534/534 532/532/532
f 630/630/630 532/532/532 627/627/627
f 627/627/627 532/532/532 530/530/530
f 627/627/627 530/530/530 626/626/626
f 626/626/626 530/530/530 528/528/528
f 626/626/626 528/528/528 623/623/623
f 623/623/623 528/528/528 526/526/526
f 623/623/623 526/526/526 621/621/621
f 621/621/621 526/526/526 524/524/524
f 621/621/621 524/524/524 619/619/619
f 619/619/619 524/524/524 523/523/523
f 619/619/619 523/523/523 618/618/618
f 618/618/618 523/523/523 520/520/520
f 618/618/618 520/520/520 616/616/616
f 616/616/616 520/520/520 518/518/518
f 616/616/616 518/518/518 614/614/614
f 614/614/614 518/518/518 516/516/516
f 614/614/614 516/516/516 612/612/612
f 612/612/612 516/516/516 514/514/514
f 612/612/612 514/514/514 610/610/610
f 610/610/610 514/514/514 513/513/513
f 610/610/610 513/513/513 607/607/607
f 607/607/607 513/513/513 511/511/511
f 607/607/607 511/511/511 605/605/605
f 605/605/605 511/511/511 509/509/509
f 605/605/605 509/509/509 603/603/603
f 603/603/603 509/509/509 506/506/506
f 603/603/603 506/506/506 602/602/602
f 602/602/602 506/506/506 505/505/505
f 602/602/602 505/505/505 600/600/600
f 600/600/600 505/505/505 503/503/503
f 600/600/600 503/503/503 598/598/598
f 598/598/598 503/503/503 500/500/500
f 598/598/598 500/500/500 595/595/595
f 595/595/595 500/500/500 499/499/499
f 111/111/111 596/596/596 58/58/58
f 58/58/58 596/596/596 592/592/592
f 60/60/60 594/594/594 62/62/62
f 62/62/62 594/594/594 645/645/645
f 62/62/62 645/645/645 644/644/644
f 111/111/111 110/110/110 596/596/596
f 596/596/596 110/110/110 597/597/597
f 597/597/597 110/110/110 108/108/108
f 597/597/597 108/108/108 599/599/599
f 599/599/599 108/108/108 105/105/105
f 599/599/599 105/105/105 601/601/601
f 601/601/601 105/105/105 103/103/103
f 601/601/601 103/103/103 604/604/604
f 604/604/604 103/103/103 102/102/102
f 604/604/604 102/102/102 606/606/606
f 606/606/606 102/102/102 99/99/99
f 606/606/606 99/99/99 608/608/608
f 608/608/608 99/99/99 98/98/98
f 608/608/608 98/98/98 609/609/609
f 609/609/609 98/98/98 95/95/95
f 609/609/609 95/95/95 611/611/611
f 611/611/611 95/95/95 93/93/93
f 611/611/611 93/93/93 613/613/613
f 613/613/613 93/93/93 92/92/92
f 613/613/613 92/92/92 615/615/615
f 615/615/615 92/92/92 90/90/90
f 615/615/615 90/90/90 617/617/617
f 617/617/617 90/90/90 88/88/88
f 617/617/617 88/88/88 620/620/620
f 620/620/620 88/88/88 86/86/86
f 620/620/620 86/86/86 622/622/622
f 622/622/622 86/86/86 84/84/84
f 622/622/622 84/84/84 624/624/624
f 624/624/624 84/84/84 81/81/81
f 624/624/624 81/81/81 625/625/625
f 625/625/625 81/81/81 79/79/79
f 625/625/625 79/79/79 628/628/628
f 628/628/628 79/79/79 77/77/77
f 628/628/628 77/77/77 629/629/629
f 629/629/629 77/77/77 75/75/75
f 629/629/629 75/75/75 632/632/632
f 632/632/632 75/75/75 73/73/73
f 632/632/632 73/73/73 633/633/633
f 633/633/633 73/73/73 72/72/72
f 633/633/633 72/72/72 636/636/636
f 636/636/636 72/72/72 70/70/70
f 636/636/636 70/70/70 638/638/638
f 638/638/638 70/70/70 67/67/67
f 638/638/638 67/67/67 640/640/640
f 640/640/640 67/67/67 65/65/65
f 640/640/640 65/65/65 642/642/642
f 642/642/642 65/65/65 64/64/64
f 642/642/642 64/64/64 644/644/644
f 644/644/644 64/64/64 62/62/62
f 495/495/495 4/4/4 441/441/441
f 441/441/441 4/4/4 3/3/3
f 442/442/442 1/1/1 444/444/444
f 444/444/444 1/1/1 56/56/56
f 444/444/444 56/56/56 445/445/445
f 445/445/445 56/56/56 54/54/54
f 445/445/445 54/54/54 448/448/448
f 448/448/448 54/54/54 52/52/52
f 448/448/448 52/52/52 450/450/450
f 450/450/450 52/52/52 51/51/51
f 450/450/450 51/51/51 451/451/451
f 451/451/451 51/51/51 49/49/49
f 451/451/451 49/49/49 453/453/453
f 453/453/453 49/49/49 47/47/47
f 453/453/453 47/47/47 455/455/455
f 455/455/455 47/47/47 44/44/44
f 455/455/455 44/44/44 458/458/458
f 458/458/458 44/44/44 42/42/42
f 458/458/458 42/42/42 460/460/460
f 460/460/460 42/42/42 40/40/40
f 460/460/460 40/40/40 462/462/462
f 462/462/462 40/40/40 39/39/39
f 462/462/462 39/39/39 463/463/463
f 463/463/463 39/39/39 37/37/37
f 463/463/463 37/37/37 465/465/465
f 465/465/465 37/37/37 34/34/34
f 465/465/465 34/34/34 467/467/467
f 467/467/467 34/34/34 32/32/32
f 467/467/467 32/32/32 469/469/469
f 469/469/469 32/32/32 30/30/30
f 469/469/469 30/30/30 471/471/471
f 471/471/471 30/30/30 28/28/28
f 471/471/471 28/28/28 473/473/473
f 473/473/473 28/28/28 27/27/27
f 473/473/473 27/27/27 476/476/476
f 476/476/476 27/27/27 25/25/25
f 476/476/476 25/25/25 478/478/478
f 478/478/478 25/25/25 22/22/22
f 478/478/478 22/22/22 480/480/480
f 480/480/480 22/22/22 20/20/20
f 480/480/480 20/20/20 19/19/19
f 4/4/4 495/495/495 7/7/7
f 7/7/7 495/495/495 494/494/494
f 7/7/7 494/494/494 9/9/9
f 9/9/9 494/494/494 492/492/492
f 9/9/9 492/492/492 10/10/10
f 10/10/10 492/492/492 490/490/490
f 10/10/10 490/490/490 12/12/12
f 12/12/12 490/490/490 488/488/488
f 12/12/12 488/488/488 485/485/485
f 12/12/12 485/485/485 14/14/14
f 14/14/14 485/485/485 484/484/484
f 14/14/14 484/484/484 17/17/17
f 17/17/17 484/484/484 481/481/481
f 17/17/17 481/481/481 19/19/19
f 19/19/19 481/481/481 480/480/480
f 679/679/679 647/647/647 681/681/681
f 681/681/681 647/647/647 652/652/652
f 681/681/681 652/652/652 684/684/684
f 684/684/684 652/652/652 653/653/653
f 684/684/684 653/653/653 683/683/683
f 683/683/683 653/653/653 682/682/682
f 683/683/683 682/682/682 686/686/686
f 686/686/686 682/682/682 685/685/685
f 686/686/686 685/685/685 690/690/690
f 690/690/690 685/685/685 691/691/691
f 690/690/690 691/691/691 668/668/668
f 668/668/668 691/691/691 663/663/663
f 668/668/668 663/663/663 664/664/664
f 653/653/653 657/657/657 682/682/682
f 682/682/682 657/657/657 658/658/658
f 682/682/682 658/658/658 685/685/685
f 685/685/685 658/658/658 660/660/660
f 685/685/685 660/660/660 691/691/691
f 691/691/691 660/660/660 663/663/663
f 668/668/668 669/669/669 690/690/690
f 690/690/690 669/669/669 689/689/689
f 690/690/690 689/689/689 686/686/686
f 686/686/686 689/689/689 687/687/687
f 686/686/686 687/687/687 683/683/683
f 683/683/683 687/687/687 684/684/684
f 689/689/689 669/669/669 680/680/680
f 680/680/680 669/669/669 672/672/672
f 680/680/680 672/672/672 677/677/677
f 677/677/677 672/672/672 675/675/675
f 677/677/677 679/679/679 680/680/680
f 680/680/680 679/679/679 688/688/688
f 680/680/680 688/688/688 687/687/687
f 687/687/687 688/688/688 684/684/684
f 688/688/688 679/679/679 681/681/681
f 688/688/688 681/681/681 684/684/684
f 680/680/680 687/687/687 689/689/689
f 692/692/692 696/696/696 711/711/711
f 711/711/711 696/696/696 715/715/715
f 711/711/711 715/715/715 708/708/708
f 708/708/708 715/715/715 651/651/651
f 708/708/708 651/651/651 649/649/649
f 696/696/696 697/697/697 715/715/715
f 715/715/715 697/697/697 714/714/714
f 715/715/715 714/714/714 651/651/651
f 651/651/651 714/714/714 654/654/654
f 654/654/654 714/714/714 713/713/713
f 654/654/654 713/713/713 712/712/712
f 712/712/712 713/713/713 699/699/699
f 712/712/712 699/699/699 701/701/701
f 697/697/697 699/699/699 714/714/714
f 714/714/714 699/699/699 713/713/713
f 701/701/701 705/705/705 712/712/712
f 712/712/712 705/705/705 707/707/707
f 712/712/712 707/707/707 655/655/655
f 655/655/655 654/654/654 712/712/712
f 703/703/703 700/700/700 1049/1049/1049
f 1049/1049/1049 700/700/700 698/698/698
f 1049/1049/1049 698/698/698 695/695/695
f 1049/1049/1049 695/695/695 1048/1048/1048
f 1048/1048/1048 695/695/695 694/694/694
f 1048/1048/1048 694/694/694 1139/1139/1139
f 1139/1139/1139 694/694/694 716/716/716
f 1139/1139/1139 716/716/716 1137/1137/1137
f 1137/1137/1137 716/716/716 718/718/718
f 1137/1137/1137 718/718/718 1136/1136/1136
f 1136/1136/1136 718/718/718 720/720/720
f 1136/1136/1136 720/720/720 1133/1133/1133
f 1133/1133/1133 720/720/720 722/722/722
f 1133/1133/1133 722/722/722 1132/1132/1132
f 1132/1132/1132 722/722/722 1130/1130/1130
f 1130/1130/1130 722/722/722 725/725/725
f 1130/1130/1130 725/725/725 1128/1128/1128
f 1128/1128/1128 725/725/725 1162/1162/1162
f 1128/1128/1128 1162/1162/1162 1111/1111/1111
f 1111/1111/1111 1162/1162/1162 950/950/950
f 1111/1111/1111 950/950/950 1108/1108/1108
f 1108/1108/1108 950/950/950 953/953/953
f 1108/1108/1108 953/953/953 1107/1107/1107
f 1107/1107/1107 953/953/953 1104/1104/1104
f 1104/1104/1104 953/953/953 954/954/954
f 1104/1104/1104 954/954/954 956/956/956
f 727/727/727 747/747/747 725/725/725
f 725/725/725 747/747/747 1160/1160/1160
f 725/725/725 1160/1160/1160 1162/1162/1162
f 747/747/747 727/727/727 744/744/744
f 744/744/744 727/727/727 729/729/729
f 744/744/744 729/729/729 743/743/743
f 743/743/743 729/729/729 732/732/732
f 743/743/743 732/732/732 733/733/733
f 733/733/733 735/735/735 743/743/743
f 743/743/743 735/735/735 741/741/741
f 741/741/741 735/735/735 737/737/737
f 747/747/747 748/748/748 1160/1160/1160
f 1160/1160/1160 748/748/748 1157/1157/1157
f 1157/1157/1157 748/748/748 1156/1156/1156
f 1156/1156/1156 748/748/748 750/750/750
f 1156/1156/1156 750/750/750 1153/1153/1153
f 1153/1153/1153 750/750/750 771/771/771
f 1153/1153/1153 771/771/771 1151/1151/1151
f 1151/1151/1151 771/771/771 1150/1150/1150
f 1150/1150/1150 771/771/771 772/772/772
f 1150/1150/1150 772/772/772 800/800/800
f 800/800/800 772/772/772 774/774/774
f 800/800/800 774/774/774 776/776/776
f 771/771/771 750/750/750 769/769/769
f 769/769/769 750/750/750 752/752/752
f 769/769/769 752/752/752 767/767/767
f 767/767/767 752/752/752 765/765/765
f 765/765/765 752/752/752 762/762/762
f 762/762/762 752/752/752 754/754/754
f 762/762/762 754/754/754 759/759/759
f 759/759/759 754/754/754 758/758/758
f 778/778/778 791/791/791 776/776/776
f 776/776/776 791/791/791 793/793/793
f 776/776/776 793/793/793 800/800/800
f 800/800/800 793/793/793 795/795/795
f 800/800/800 795/795/795 797/797/797
f 778/778/778 781/781/781 791/791/791
f 791/791/791 781/781/781 783/783/783
f 791/791/791 783/783/783 787/787/787
f 787/787/787 783/783/783 785/785/785
f 800/800/800 804/804/804 1150/1150/1150
f 1150/1150/1150 804/804/804 1146/1146/1146
f 1146/1146/1146 804/804/804 1204/1204/1204
f 1204/1204/1204 804/804/804 805/805/805
f 1204/1204/1204 805/805/805 1201/1201/1201
f 1201/1201/1201 805/805/805 831/831/831
f 1201/1201/1201 831/831/831 833/833/833
f 805/805/805 807/807/807 831/831/831
f 831/831/831 807/807/807 830/830/830
f 830/830/830 807/807/807 809/809/809
f 830/830/830 809/809/809 828/828/828
f 828/828/828 809/809/809 811/811/811
f 828/828/828 811/811/811 826/826/826
f 826/826/826 811/811/811 813/813/813
f 826/826/826 813/813/813 824/824/824
f 824/824/824 813/813/813 815/815/815
f 824/824/824 815/815/815 821/821/821
f 821/821/821 815/815/815 817/817/817
f 821/821/821 817/817/817 819/819/819
f 835/835/835 1197/1197/1197 833/833/833
f 833/833/833 1197/1197/1197 1199/1199/1199
f 833/833/833 1199/1199/1199 1201/1201/1201
f 838/838/838 1193/1193/1193 835/835/835
f 835/835/835 1193/1193/1193 1195/1195/1195
f 835/835/835 1195/1195/1195 1197/1197/1197
f 839/839/839 1190/1190/1190 838/838/838
f 838/838/838 1190/1190/1190 1192/1192/1192
f 838/838/838 1192/1192/1192 1193/1193/1193
f 842/842/842 1186/1186/1186 839/839/839
f 839/839/839 1186/1186/1186 1187/1187/1187
f 839/839/839 1187/1187/1187 1190/1190/1190
f 1186/1186/1186 842/842/842 1184/1184/1184
f 1184/1184/1184 842/842/842 844/844/844
f 1184/1184/1184 844/844/844 1181/1181/1181
f 1181/1181/1181 844/844/844 870/870/870
f 1181/1181/1181 870/870/870 1180/1180/1180
f 1180/1180/1180 870/870/870 873/873/873
f 1180/1180/1180 873/873/873 1178/1178/1178
f 1178/1178/1178 873/873/873 1175/1175/1175
f 1175/1175/1175 873/873/873 875/875/875
f 1175/1175/1175 875/875/875 903/903/903
f 903/903/903 875/875/875 901/901/901
f 901/901/901 875/875/875 880/880/880
f 901/901/901 880/880/880 899/899/899
f 899/899/899 880/880/880 883/883/883
f 899/899/899 883/883/883 884/884/884
f 870/870/870 844/844/844 868/868/868
f 868/868/868 844/844/844 846/846/846
f 868/868/868 846/846/846 866/866/866
f 866/866/866 846/846/846 847/847/847
f 866/866/866 847/847/847 863/863/863
f 863/863/863 847/847/847 849/849/849
f 863/863/863 849/849/849 861/861/861
f 861/861/861 849/849/849 852/852/852
f 861/861/861 852/852/852 859/859/859
f 859/859/859 852/852/852 853/853/853
f 859/859/859 853/853/853 858/858/858
f 858/858/858 853/853/853 855/855/855
f 875/875/875 879/879/879 880/880/880
f 886/886/886 891/891/891 884/884/884
f 884/884/884 891/891/891 893/893/893
f 884/884/884 893/893/893 895/895/895
f 886/886/886 889/889/889 891/891/891
f 895/895/895 899/899/899 884/884/884
f 903/903/903 905/905/905 1175/1175/1175
f 1175/1175/1175 905/905/905 1172/1172/1172
f 1172/1172/1172 905/905/905 1170/1170/1170
f 1170/1170/1170 905/905/905 925/925/925
f 1170/1170/1170 925/925/925 1167/1167/1167
f 1167/1167/1167 925/925/925 927/927/927
f 1167/1167/1167 927/927/927 1166/1166/1166
f 1166/1166/1166 927/927/927 1162/1162/1162
f 1162/1162/1162 927/927/927 950/950/950
f 905/905/905 906/906/906 925/925/925
f 925/925/925 906/906/906 923/923/923
f 923/923/923 906/906/906 908/908/908
f 923/923/923 908/908/908 911/911/911
f 911/911/911 914/914/914 923/923/923
f 923/923/923 914/914/914 920/920/920
f 920/920/920 914/914/914 915/915/915
f 920/920/920 915/915/915 917/917/917
f 927/927/927 928/928/928 950/950/950
f 950/950/950 928/928/928 948/948/948
f 948/948/948 928/928/928 930/930/930
f 948/948/948 930/930/930 946/946/946
f 946/946/946 930/930/930 933/933/933
f 946/946/946 933/933/933 945/945/945
f 945/945/945 933/933/933 941/941/941
f 941/941/941 933/933/933 940/940/940
f 940/940/940 933/933/933 936/936/936
f 940/940/940 936/936/936 937/937/937
f 1104/1104/1104 956/956/956 1103/1103/1103
f 1103/1103/1103 956/956/956 958/958/958
f 1103/1103/1103 958/958/958 1101/1101/1101
f 1101/1101/1101 958/958/958 1098/1098/1098
f 1098/1098/1098 958/958/958 962/962/962
f 1098/1098/1098 962/962/962 965/965/965
f 965/965/965 967/967/967 1098/1098/1098
f 1098/1098/1098 967/967/967 976/976/976
f 1098/1098/1098 976/976/976 977/977/977
f 967/967/967 969/969/969 976/976/976
f 976/976/976 969/969/969 970/970/970
f 976/976/976 970/970/970 973/973/973
f 1098/1098/1098 977/977/977 1250/1250/1250
f 1250/1250/1250 977/977/977 979/979/979
f 1250/1250/1250 979/979/979 981/981/981
f 1250/1250/1250 981/981/981 998/998/998
f 998/998/998 981/981/981 983/983/983
f 998/998/998 983/983/983 986/986/986
f 998/998/998 986/986/986 996/996/996
f 996/996/996 986/986/986 988/988/988
f 996/996/996 988/988/988 989/989/989
f 992/992/992 994/994/994 989/989/989
f 989/989/989 994/994/994 996/996/996
f 1250/1250/1250 998/998/998 1314/1314/1314
f 1314/1314/1314 998/998/998 1000/1000/1000
f 1314/1314/1314 1000/1000/1000 1003/1003/1003
f 1004/1004/1004 1311/1311/1311 1003/1003/1003
f 1003/1003/1003 1311/1311/1311 1313/1313/1313
f 1003/1003/1003 1313/1313/1313 1314/1314/1314
f 1007/1007/1007 1333/1333/1333 1004/1004/1004
f 1004/1004/1004 1333/1333/1333 1309/1309/1309
f 1004/1004/1004 1309/1309/1309 1311/1311/1311
f 1009/1009/1009 1225/1225/1225 1007/1007/1007
f 1007/1007/1007 1225/1225/1225 1056/1056/1056
f 1007/1007/1007 1056/1056/1056 1058/1058/1058
f 1011/1011/1011 1218/1218/1218 1009/1009/1009
f 1009/1009/1009 1218/1218/1218 1220/1220/1220
f 1009/1009/1009 1220/1220/1220 1223/1223/1223
f 1012/1012/1012 1213/1213/1213 1011/1011/1011
f 1011/1011/1011 1213/1213/1213 1215/1215/1215
f 1011/1011/1011 1215/1215/1215 1216/1216/1216
f 1015/1015/1015 1088/1088/1088 1012/1012/1012
f 1012/1012/1012 1088/1088/1088 1090/1090/1090
f 1012/1012/1012 1090/1090/1090 1052/1052/1052
f 1017/1017/1017 1281/1281/1281 1015/1015/1015
f 1015/1015/1015 1281/1281/1281 1284/1284/1284
f 1015/1015/1015 1284/1284/1284 1286/1286/1286
f 1019/1019/1019 1303/1303/1303 1017/1017/1017
f 1017/1017/1017 1303/1303/1303 1305/1305/1305
f 1017/1017/1017 1305/1305/1305 1281/1281/1281
f 1303/1303/1303 1019/1019/1019 1302/1302/1302
f 1302/1302/1302 1019/1019/1019 1020/1020/1020
f 1302/1302/1302 1020/1020/1020 1262/1262/1262
f 1262/1262/1262 1020/1020/1020 1040/1040/1040
f 1262/1262/1262 1040/1040/1040 1041/1041/1041
f 1040/1040/1040 1020/1020/1020 1037/1037/1037
f 1037/1037/1037 1020/1020/1020 1022/1022/1022
f 1037/1037/1037 1022/1022/1022 1036/1036/1036
f 1036/1036/1036 1022/1022/1022 1034/1034/1034
f 1034/1034/1034 1022/1022/1022 1031/1031/1031
f 1031/1031/1031 1022/1022/1022 1024/1024/1024
f 1031/1031/1031 1024/1024/1024 1029/1029/1029
f 1029/1029/1029 1024/1024/1024 1028/1028/1028
f 1041/1041/1041 1044/1044/1044 1262/1262/1262
f 1262/1262/1262 1044/1044/1044 1046/1046/1046
f 1262/1262/1262 1046/1046/1046 1139/1139/1139
f 1139/1139/1139 1046/1046/1046 1048/1048/1048
f 1056/1056/1056 1205/1205/1205 1052/1052/1052
f 1052/1052/1052 1205/1205/1205 1208/1208/1208
f 1052/1052/1052 1208/1208/1208 1211/1211/1211
f 1058/1058/1058 1059/1059/1059 1007/1007/1007
f 1007/1007/1007 1059/1059/1059 1331/1331/1331
f 1007/1007/1007 1331/1331/1331 1333/1333/1333
f 1059/1059/1059 1063/1063/1063 1331/1331/1331
f 1331/1331/1331 1063/1063/1063 1329/1329/1329
f 1329/1329/1329 1063/1063/1063 1066/1066/1066
f 1329/1329/1329 1066/1066/1066 1326/1326/1326
f 1326/1326/1326 1066/1066/1066 1067/1067/1067
f 1326/1326/1326 1067/1067/1067 1325/1325/1325
f 1325/1325/1325 1067/1067/1067 1115/1115/1115
f 1325/1325/1325 1115/1115/1115 1117/1117/1117
f 1067/1067/1067 1069/1069/1069 1115/1115/1115
f 1115/1115/1115 1069/1069/1069 1113/1113/1113
f 1113/1113/1113 1069/1069/1069 1073/1073/1073
f 1113/1113/1113 1073/1073/1073 1076/1076/1076
f 1113/1113/1113 1076/1076/1076 1125/1125/1125
f 1125/1125/1125 1076/1076/1076 1078/1078/1078
f 1125/1125/1125 1078/1078/1078 1124/1124/1124
f 1124/1124/1124 1078/1078/1078 1080/1080/1080
f 1124/1124/1124 1080/1080/1080 1292/1292/1292
f 1292/1292/1292 1080/1080/1080 1290/1290/1290
f 1290/1290/1290 1080/1080/1080 1082/1082/1082
f 1290/1290/1290 1082/1082/1082 1287/1287/1287
f 1287/1287/1287 1082/1082/1082 1086/1086/1086
f 1287/1287/1287 1086/1086/1086 1286/1286/1286
f 1286/1286/1286 1086/1086/1086 1088/1088/1088
f 1286/1286/1286 1088/1088/1088 1015/1015/1015
f 1094/1094/1094 1234/1234/1234 1093/1093/1093
f 1093/1093/1093 1234/1234/1234 1235/1235/1235
f 1093/1093/1093 1235/1235/1235 1117/1117/1117
f 1117/1117/1117 1235/1235/1235 1238/1238/1238
f 1117/1117/1117 1238/1238/1238 1325/1325/1325
f 1325/1325/1325 1238/1238/1238 1323/1323/1323
f 1323/1323/1323 1238/1238/1238 1239/1239/1239
f 1323/1323/1323 1239/1239/1239 1241/1241/1241
f 1234/1234/1234 1094/1094/1094 1232/1232/1232
f 1232/1232/1232 1094/1094/1094 1096/1096/1096
f 1232/1232/1232 1096/1096/1096 1253/1253/1253
f 1253/1253/1253 1096/1096/1096 1252/1252/1252
f 1252/1252/1252 1096/1096/1096 1098/1098/1098
f 1252/1252/1252 1098/1098/1098 1250/1250/1250
f 1111/1111/1111 1113/1113/1113 1128/1128/1128
f 1128/1128/1128 1113/1113/1113 1125/1125/1125
f 1122/1122/1122 1276/1276/1276 1119/1119/1119
f 1119/1119/1119 1276/1276/1276 1279/1279/1279
f 1119/1119/1119 1279/1279/1279 1257/1257/1257
f 1276/1276/1276 1122/1122/1122 1274/1274/1274
f 1274/1274/1274 1122/1122/1122 1124/1124/1124
f 1274/1274/1274 1124/1124/1124 1292/1292/1292
f 1262/1262/1262 1139/1139/1139 1260/1260/1260
f 1260/1260/1260 1139/1139/1139 1141/1141/1141
f 1260/1260/1260 1141/1141/1141 1259/1259/1259
f 1259/1259/1259 1141/1141/1141 1144/1144/1144
f 1259/1259/1259 1144/1144/1144 1257/1257/1257
f 1257/1257/1257 1144/1144/1144 1119/1119/1119
f 1211/1211/1211 1213/1213/1213 1052/1052/1052
f 1052/1052/1052 1213/1213/1213 1012/1012/1012
f 1216/1216/1216 1218/1218/1218 1011/1011/1011
f 1223/1223/1223 1225/1225/1225 1009/1009/1009
f 1225/1225/1225 1227/1227/1227 1056/1056/1056
f 1056/1056/1056 1227/1227/1227 1229/1229/1229
f 1056/1056/1056 1229/1229/1229 1205/1205/1205
f 1323/1323/1323 1241/1241/1241 1320/1320/1320
f 1320/1320/1320 1241/1241/1241 1243/1243/1243
f 1320/1320/1320 1243/1243/1243 1318/1318/1318
f 1318/1318/1318 1243/1243/1243 1245/1245/1245
f 1318/1318/1318 1245/1245/1245 1316/1316/1316
f 1316/1316/1316 1245/1245/1245 1247/1247/1247
f 1316/1316/1316 1247/1247/1247 1250/1250/1250
f 1302/1302/1302 1262/1262/1262 1300/1300/1300
f 1300/1300/1300 1262/1262/1262 1265/1265/1265
f 1300/1300/1300 1265/1265/1265 1266/1266/1266
f 1300/1300/1300 1266/1266/1266 1297/1297/1297
f 1297/1297/1297 1266/1266/1266 1268/1268/1268
f 1297/1297/1297 1268/1268/1268 1295/1295/1295
f 1295/1295/1295 1268/1268/1268 1270/1270/1270
f 1295/1295/1295 1270/1270/1270 1294/1294/1294
f 1294/1294/1294 1270/1270/1270 1272/1272/1272
f 1294/1294/1294 1272/1272/1272 1274/1274/1274
f 1292/1292/1292 1294/1294/1294 1274/1274/1274
f 1314/1314/1314 1316/1316/1316 1250/1250/1250
f 710/710/710 1335/1335/1335 693/693/693
f 693/693/693 1335/1335/1335 1337/1337/1337
f 693/693/693 1337/1337/1337 717/717/717
f 717/717/717 1337/1337/1337 719/719/719
f 719/719/719 1337/1337/1337 1339/1339/1339
f 719/719/719 1339/1339/1339 721/721/721
f 721/721/721 1339/1339/1339 1341/1341/1341
f 721/721/721 1341/1341/1341 723/723/723
f 723/723/723 1341/1341/1341 1344/1344/1344
f 723/723/723 1344/1344/1344 724/724/724
f 724/724/724 1344/1344/1344 1345/1345/1345
f 724/724/724 1345/1345/1345 726/726/726
f 726/726/726 1345/1345/1345 1348/1348/1348
f 726/726/726 1348/1348/1348 728/728/728
f 728/728/728 1348/1348/1348 1349/1349/1349
f 728/728/728 1349/1349/1349 731/731/731
f 731/731/731 1349/1349/1349 1362/1362/1362
f 1362/1362/1362 1349/1349/1349 1361/1361/1361
f 1361/1361/1361 1349/1349/1349 1359/1359/1359
f 1359/1359/1359 1349/1349/1349 1353/1353/1353
f 1359/1359/1359 1353/1353/1353 1354/1354/1354
f 710/710/710 709/709/709 1335/1335/1335
f 1335/1335/1335 709/709/709 650/650/650
f 648/648/648 678/678/678 1334/1334/1334
f 1334/1334/1334 678/678/678 676/676/676
f 1334/1334/1334 676/676/676 674/674/674
f 1365/1365/1365 1367/1367/1367 1391/1391/1391
f 1391/1391/1391 1367/1367/1367 1399/1399/1399
f 1391/1391/1391 1399/1399/1399 1393/1393/1393
f 1393/1393/1393 1399/1399/1399 1398/1398/1398
f 1393/1393/1393 1398/1398/1398 1405/1405/1405
f 1405/1405/1405 1398/1398/1398 1397/1397/1397
f 1405/1405/1405 1397/1397/1397 1406/1406/1406
f 1406/1406/1406 1397/1397/1397 1396/1396/1396
f 1406/1406/1406 1396/1396/1396 1407/1407/1407
f 1407/1407/1407 1396/1396/1396 1395/1395/1395
f 1407/1407/1407 1395/1395/1395 1394/1394/1394
f 1394/1394/1394 1395/1395/1395 1373/1373/1373
f 1394/1394/1394 1373/1373/1373 1375/1375/1375
f 1399/1399/1399 1367/1367/1367 1398/1398/1398
f 1398/1398/1398 1367/1367/1367 1370/1370/1370
f 1398/1398/1398 1370/1370/1370 1397/1397/1397
f 1397/1397/1397 1370/1370/1370 1396/1396/1396
f 1370/1370/1370 1372/1372/1372 1396/1396/1396
f 1396/1396/1396 1372/1372/1372 1395/1395/1395
f 1372/1372/1372 1355/1355/1355 1395/1395/1395
f 1395/1395/1395 1355/1355/1355 1373/1373/1373
f 1394/1394/1394 1375/1375/1375 1400/1400/1400
f 1400/1400/1400 1375/1375/1375 1379/1379/1379
f 1400/1400/1400 1379/1379/1379 1381/1381/1381
f 1400/1400/1400 1381/1381/1381 1401/1401/1401
f 1401/1401/1401 1381/1381/1381 1382/1382/1382
f 1401/1401/1401 1382/1382/1382 1402/1402/1402
f 1402/1402/1402 1382/1382/1382 1403/1403/1403
f 1402/1402/1402 1403/1403/1403 1406/1406/1406
f 1406/1406/1406 1403/1403/1403 1405/1405/1405
f 1382/1382/1382 1385/1385/1385 1403/1403/1403
f 1403/1403/1403 1385/1385/1385 1404/1404/1404
f 1403/1403/1403 1404/1404/1404 1405/1405/1405
f 1405/1405/1405 1404/1404/1404 1393/1393/1393
f 1385/1385/1385 1388/1388/1388 1404/1404/1404
f 1404/1404/1404 1388/1388/1388 1390/1390/1390
f 1404/1404/1404 1390/1390/1390 1393/1393/1393
f 1393/1393/1393 1390/1390/1390 1391/1391/1391
f 1407/1407/1407 1394/1394/1394 1401/1401/1401
f 1401/1401/1401 1394/1394/1394 1400/1400/1400
f 1406/1406/1406 1407/1407/1407 1402/1402/1402
f 1402/1402/1402 1407/1407/1407 1401/1401/1401
f 1412/1412/1412 740/740/740 1418/1418/1418
f 1418/1418/1418 740/740/740 738/738/738
f 1418/1418/1418 738/738/738 1417/1417/1417
f 1417/1417/1417 738/738/738 736/736/736
f 1417/1417/1417 736/736/736 1416/1416/1416
f 1416/1416/1416 736/736/736 1415/1415/1415
f 1416/1416/1416 1415/1415/1415 1421/1421/1421
f 1421/1421/1421 1415/1415/1415 1420/1420/1420
f 1421/1421/1421 1420/1420/1420 1426/1426/1426
f 1426/1426/1426 1420/1420/1420 1425/1425/1425
f 1426/1426/1426 1425/1425/1425 1369/1369/1369
f 1369/1369/1369 1425/1425/1425 1371/1371/1371
f 1371/1371/1371 1425/1425/1425 1424/1424/1424
f 1371/1371/1371 1424/1424/1424 1356/1356/1356
f 1356/1356/1356 1424/1424/1424 1358/1358/1358
f 1358/1358/1358 1424/1424/1424 1419/1419/1419
f 1358/1358/1358 1419/1419/1419 1360/1360/1360
f 1360/1360/1360 1419/1419/1419 1414/1414/1414
f 1360/1360/1360 1414/1414/1414 1363/1363/1363
f 1363/1363/1363 1414/1414/1414 730/730/730
f 730/730/730 1414/1414/1414 734/734/734
f 734/734/734 1414/1414/1414 1415/1415/1415
f 734/734/734 1415/1415/1415 736/736/736
f 1426/1426/1426 1369/1369/1369 1427/1427/1427
f 1427/1427/1427 1369/1369/1369 1368/1368/1368
f 1427/1427/1427 1368/1368/1368 1428/1428/1428
f 1428/1428/1428 1368/1368/1368 1364/1364/1364
f 1428/1428/1428 1364/1364/1364 1409/1409/1409
f 1428/1428/1428 1409/1409/1409 1423/1423/1423
f 1423/1423/1423 1409/1409/1409 1410/1410/1410
f 1423/1423/1423 1410/1410/1410 1418/1418/1418
f 1418/1418/1418 1410/1410/1410 1412/1412/1412
f 1420/1420/1420 1415/1415/1415 1414/1414/1414
f 1423/1423/1423 1418/1418/1418 1417/1417/1417
f 1417/1417/1417 1416/1416/1416 1422/1422/1422
f 1422/1422/1422 1416/1416/1416 1421/1421/1421
f 1422/1422/1422 1421/1421/1421 1427/1427/1427
f 1427/1427/1427 1421/1421/1421 1426/1426/1426
f 1425/1425/1425 1420/1420/1420 1419/1419/1419
f 1419/1419/1419 1420/1420/1420 1414/1414/1414
f 1424/1424/1424 1425/1425/1425 1419/1419/1419
f 1428/1428/1428 1423/1423/1423 1422/1422/1422
f 1422/1422/1422 1423/1423/1423 1417/1417/1417
f 1428/1428/1428 1422/1422/1422 1427/1427/1427
f 1377/1377/1377 1376/1376/1376 1351/1351/1351
f 1351/1351/1351 1376/1376/1376 1374/1374/1374
f 1351/1351/1351 1374/1374/1374 1357/1357/1357
f 1461/1461/1461 1430/1430/1430 1466/1466/1466
f 1466/1466/1466 1430/1430/1430 1433/1433/1433
f 1466/1466/1466 1433/1433/1433 1465/1465/1465
f 1465/1465/1465 1433/1433/1433 1436/1436/1436
f 1465/1465/1465 1436/1436/1436 1464/1464/1464
f 1464/1464/1464 1436/1436/1436 1463/1463/1463
f 1464/1464/1464 1463/1463/1463 1469/1469/1469
f 1469/1469/1469 1463/1463/1463 1468/1468/1468
f 1469/1469/1469 1468/1468/1468 1451/1451/1451
f 1451/1451/1451 1468/1468/1468 1450/1450/1450
f 1450/1450/1450 1468/1468/1468 1467/1467/1467
f 1450/1450/1450 1467/1467/1467 1444/1444/1444
f 1444/1444/1444 1467/1467/1467 1442/1442/1442
f 1442/1442/1442 1467/1467/1467 1462/1462/1462
f 1442/1442/1442 1462/1462/1462 1440/1440/1440
f 1440/1440/1440 1462/1462/1462 1437/1437/1437
f 1437/1437/1437 1462/1462/1462 1463/1463/1463
f 1437/1437/1437 1463/1463/1463 1436/1436/1436
f 1444/1444/1444 1446/1446/1446 1450/1450/1450
f 1469/1469/1469 1451/1451/1451 1470/1470/1470
f 1470/1470/1470 1451/1451/1451 1454/1454/1454
f 1470/1470/1470 1454/1454/1454 1471/1471/1471
f 1471/1471/1471 1454/1454/1454 1455/1455/1455
f 1471/1471/1471 1455/1455/1455 1459/1459/1459
f 1459/1459/1459 1461/1461/1461 1471/1471/1471
f 1471/1471/1471 1461/1461/1461 1466/1466/1466
f 1471/1471/1471 1466/1466/1466 1465/1465/1465
f 1468/1468/1468 1463/1463/1463 1462/1462/1462
f 1467/1467/1467 1468/1468/1468 1462/1462/1462
f 1469/1469/1469 1470/1470/1470 1464/1464/1464
f 1464/1464/1464 1470/1470/1470 1465/1465/1465
f 1470/1470/1470 1471/1471/1471 1465/1465/1465
f 944/944/944 942/942/942 1483/1483/1483
f 1483/1483/1483 942/942/942 1488/1488/1488
f 1483/1483/1483 1488/1488/1488 1481/1481/1481
f 1481/1481/1481 1488/1488/1488 1479/1479/1479
f 1479/1479/1479 1488/1488/1488 1429/1429/1429
f 1429/1429/1429 1488/1488/1488 1434/1434/1434
f 1434/1434/1434 1488/1488/1488 1487/1487/1487
f 1434/1434/1434 1487/1487/1487 1435/1435/1435
f 1435/1435/1435 1487/1487/1487 1486/1486/1486
f 1435/1435/1435 1486/1486/1486 1485/1485/1485
f 1485/1485/1485 1486/1486/1486 939/939/939
f 1485/1485/1485 939/939/939 938/938/938
f 1488/1488/1488 942/942/942 1487/1487/1487
f 1487/1487/1487 942/942/942 939/939/939
f 1487/1487/1487 939/939/939 1486/1486/1486
f 1485/1485/1485 938/938/938 1484/1484/1484
f 1484/1484/1484 938/938/938 934/934/934
f 1484/1484/1484 934/934/934 1473/1473/1473
f 1473/1473/1473 1474/1474/1474 1484/1484/1484
f 1484/1484/1484 1474/1474/1474 1476/1476/1476
f 1484/1484/1484 1476/1476/1476 1438/1438/1438
f 1438/1438/1438 1476/1476/1476 1439/1439/1439
f 1484/1484/1484 1438/1438/1438 1485/1485/1485
f 1485/1485/1485 1438/1438/1438 1435/1435/1435
f 1448/1448/1448 1445/1445/1445 1519/1519/1519
f 1519/1519/1519 1445/1445/1445 1525/1525/1525
f 1519/1519/1519 1525/1525/1525 1527/1527/1527
f 1527/1527/1527 1525/1525/1525 1526/1526/1526
f 1527/1527/1527 1526/1526/1526 1523/1523/1523
f 1523/1523/1523 1526/1526/1526 931/931/931
f 1523/1523/1523 931/931/931 929/929/929
f 1445/1445/1445 1443/1443/1443 1525/1525/1525
f 1525/1525/1525 1443/1443/1443 1441/1441/1441
f 1525/1525/1525 1441/1441/1441 1477/1477/1477
f 1525/1525/1525 1477/1477/1477 1524/1524/1524
f 1524/1524/1524 1477/1477/1477 1475/1475/1475
f 1524/1524/1524 1475/1475/1475 1472/1472/1472
f 935/935/935 932/932/932 1472/1472/1472
f 1472/1472/1472 932/932/932 1524/1524/1524
f 1524/1524/1524 932/932/932 1526/1526/1526
f 1526/1526/1526 932/932/932 931/931/931
f 926/926/926 1522/1522/1522 929/929/929
f 929/929/929 1522/1522/1522 1531/1531/1531
f 929/929/929 1531/1531/1531 1523/1523/1523
f 1523/1523/1523 1531/1531/1531 1528/1528/1528
f 1523/1523/1523 1528/1528/1528 1527/1527/1527
f 1527/1527/1527 1528/1528/1528 1517/1517/1517
f 1527/1527/1527 1517/1517/1517 1519/1519/1519
f 924/924/924 1532/1532/1532 926/926/926
f 926/926/926 1532/1532/1532 1535/1535/1535
f 926/926/926 1535/1535/1535 1522/1522/1522
f 1522/1522/1522 1535/1535/1535 1529/1529/1529
f 1522/1522/1522 1529/1529/1529 1530/1530/1530
f 1530/1530/1530 1529/1529/1529 1513/1513/1513
f 1530/1530/1530 1513/1513/1513 1515/1515/1515
f 924/924/924 922/922/922 1532/1532/1532
f 1532/1532/1532 922/922/922 1521/1521/1521
f 1532/1532/1532 1521/1521/1521 1533/1533/1533
f 1533/1533/1533 1521/1521/1521 1536/1536/1536
f 1533/1533/1533 1536/1536/1536 1505/1505/1505
f 1505/1505/1505 1536/1536/1536 1500/1500/1500
f 1505/1505/1505 1500/1500/1500 1503/1503/1503
f 922/922/922 919/919/919 1521/1521/1521
f 1521/1521/1521 919/919/919 1489/1489/1489
f 1521/1521/1521 1489/1489/1489 1491/1491/1491
f 1491/1491/1491 1493/1493/1493 1521/1521/1521
f 1521/1521/1521 1493/1493/1493 1536/1536/1536
f 1493/1493/1493 1496/1496/1496 1536/1536/1536
f 1536/1536/1536 1496/1496/1496 1498/1498/1498
f 1536/1536/1536 1498/1498/1498 1500/1500/1500
f 1505/1505/1505 1507/1507/1507 1533/1533/1533
f 1533/1533/1533 1507/1507/1507 1510/1510/1510
f 1533/1533/1533 1510/1510/1510 1534/1534/1534
f 1534/1534/1534 1510/1510/1510 1512/1512/1512
f 1534/1534/1534 1512/1512/1512 1529/1529/1529
f 1529/1529/1529 1512/1512/1512 1513/1513/1513
f 1530/1530/1530 1515/1515/1515 1528/1528/1528
f 1528/1528/1528 1515/1515/1515 1517/1517/1517
f 1532/1532/1532 1533/1533/1533 1534/1534/1534
f 1526/1526/1526 1525/1525/1525 1524/1524/1524
f 1530/1530/1530 1528/1528/1528 1531/1531/1531
f 1531/1531/1531 1522/1522/1522 1530/1530/1530
f 1534/1534/1534 1529/1529/1529 1535/1535/1535
f 1535/1535/1535 1532/1532/1532 1534/1534/1534
f 1556/1556/1556 972/972/972 1560/1560/1560
f 1560/1560/1560 972/972/972 971/971/971
f 1560/1560/1560 971/971/971 1559/1559/1559
f 1559/1559/1559 971/971/971 968/968/968
f 1559/1559/1559 968/968/968 1558/1558/1558
f 1558/1558/1558 968/968/968 1557/1557/1557
f 1558/1558/1558 1557/1557/1557 1567/1567/1567
f 1567/1567/1567 1557/1557/1557 1568/1568/1568
f 1567/1567/1567 1568/1568/1568 1562/1562/1562
f 1562/1562/1562 1568/1568/1568 1561/1561/1561
f 1562/1562/1562 1561/1561/1561 1544/1544/1544
f 1544/1544/1544 1561/1561/1561 1542/1542/1542
f 1542/1542/1542 1561/1561/1561 1538/1538/1538
f 1542/1542/1542 1538/1538/1538 1540/1540/1540
f 968/968/968 966/966/966 1557/1557/1557
f 1557/1557/1557 966/966/966 1538/1538/1538
f 1557/1557/1557 1538/1538/1538 1568/1568/1568
f 1568/1568/1568 1538/1538/1538 1561/1561/1561
f 966/966/966 963/963/963 1538/1538/1538
f 1562/1562/1562 1544/1544/1544 1563/1563/1563
f 1563/1563/1563 1544/1544/1544 1547/1547/1547
f 1563/1563/1563 1547/1547/1547 1564/1564/1564
f 1564/1564/1564 1547/1547/1547 1551/1551/1551
f 1564/1564/1564 1551/1551/1551 1553/1553/1553
f 1547/1547/1547 1549/1549/1549 1551/1551/1551
f 1564/1564/1564 1553/1553/1553 1565/1565/1565
f 1565/1565/1565 1553/1553/1553 1556/1556/1556
f 1565/1565/1565 1556/1556/1556 1560/1560/1560
f 1565/1565/1565 1560/1560/1560 1559/1559/1559
f 1559/1559/1559 1558/1558/1558 1566/1566/1566
f 1566/1566/1566 1558/1558/1558 1567/1567/1567
f 1566/1566/1566 1567/1567/1567 1563/1563/1563
f 1563/1563/1563 1567/1567/1567 1562/1562/1562
f 1563/1563/1563 1564/1564/1564 1566/1566/1566
f 1566/1566/1566 1564/1564/1564 1565/1565/1565
f 1566/1566/1566 1565/1565/1565 1559/1559/1559
f 1539/1539/1539 1537/1537/1537 1570/1570/1570
f 1570/1570/1570 1537/1537/1537 964/964/964
f 1570/1570/1570 964/964/964 960/960/960
f 1572/1572/1572 1609/1609/1609 1497/1497/1497
f 1497/1497/1497 1609/1609/1609 1595/1595/1595
f 1497/1497/1497 1595/1595/1595 1499/1499/1499
f 1499/1499/1499 1595/1595/1595 1606/1606/1606
f 1499/1499/1499 1606/1606/1606 1501/1501/1501
f 1501/1501/1501 1606/1606/1606 1504/1504/1504
f 1504/1504/1504 1606/1606/1606 1593/1593/1593
f 1593/1593/1593 1606/1606/1606 1605/1605/1605
f 1593/1593/1593 1605/1605/1605 1591/1591/1591
f 1591/1591/1591 1605/1605/1605 1604/1604/1604
f 1591/1591/1591 1604/1604/1604 1603/1603/1603
f 1603/1603/1603 1604/1604/1604 1598/1598/1598
f 1603/1603/1603 1598/1598/1598 1596/1596/1596
f 1596/1596/1596 1598/1598/1598 1601/1601/1601
f 1596/1596/1596 1601/1601/1601 1578/1578/1578
f 1578/1578/1578 1601/1601/1601 1577/1577/1577
f 1577/1577/1577 1601/1601/1601 1598/1598/1598
f 1577/1577/1577 1598/1598/1598 1597/1597/1597
f 1597/1597/1597 1598/1598/1598 1608/1608/1608
f 1597/1597/1597 1608/1608/1608 1599/1599/1599
f 1599/1599/1599 1608/1608/1608 1607/1607/1607
f 1599/1599/1599 1607/1607/1607 1600/1600/1600
f 1600/1600/1600 1607/1607/1607 1595/1595/1595
f 1600/1600/1600 1595/1595/1595 1572/1572/1572
f 1572/1572/1572 1595/1595/1595 1609/1609/1609
f 1572/1572/1572 1575/1575/1575 1600/1600/1600
f 1600/1600/1600 1575/1575/1575 1599/1599/1599
f 1599/1599/1599 1575/1575/1575 1597/1597/1597
f 1597/1597/1597 1575/1575/1575 1577/1577/1577
f 1578/1578/1578 1582/1582/1582 1596/1596/1596
f 1596/1596/1596 1582/1582/1582 1602/1602/1602
f 1596/1596/1596 1602/1602/1602 1603/1603/1603
f 1603/1603/1603 1602/1602/1602 1589/1589/1589
f 1603/1603/1603 1589/1589/1589 1591/1591/1591
f 1582/1582/1582 1584/1584/1584 1602/1602/1602
f 1602/1602/1602 1584/1584/1584 1589/1589/1589
f 1584/1584/1584 1586/1586/1586 1589/1589/1589
f 1608/1608/1608 1598/1598/1598 1604/1604/1604
f 1607/1607/1607 1608/1608/1608 1605/1605/1605
f 1605/1605/1605 1608/1608/1608 1604/1604/1604
f 1595/1595/1595 1607/1607/1607 1606/1606/1606
f 1606/1606/1606 1607/1607/1607 1605/1605/1605
f 1490/1490/1490 921/921/921 1616/1616/1616
f 1616/1616/1616 921/921/921 918/918/918
f 1616/1616/1616 918/918/918 1620/1620/1620
f 1620/1620/1620 918/918/918 916/916/916
f 1620/1620/1620 916/916/916 1619/1619/1619
f 1619/1619/1619 916/916/916 1618/1618/1618
f 1619/1619/1619 1618/1618/1618 1628/1628/1628
f 1628/1628/1628 1618/1618/1618 1629/1629/1629
f 1628/1628/1628 1629/1629/1629 1623/1623/1623
f 1623/1623/1623 1629/1629/1629 1622/1622/1622
f 1623/1623/1623 1622/1622/1622 1574/1574/1574
f 1574/1574/1574 1622/1622/1622 1576/1576/1576
f 1576/1576/1576 1622/1622/1622 1621/1621/1621
f 1576/1576/1576 1621/1621/1621 1579/1579/1579
f 1579/1579/1579 1621/1621/1621 1615/1615/1615
f 1615/1615/1615 1621/1621/1621 1613/1613/1613
f 1613/1613/1613 1621/1621/1621 1630/1630/1630
f 1613/1613/1613 1630/1630/1630 1617/1617/1617
f 1617/1617/1617 1630/1630/1630 1629/1629/1629
f 1617/1617/1617 1629/1629/1629 1618/1618/1618
f 916/916/916 913/913/913 1618/1618/1618
f 1618/1618/1618 913/913/913 1617/1617/1617
f 913/913/913 910/910/910 1617/1617/1617
f 1617/1617/1617 910/910/910 1610/1610/1610
f 1617/1617/1617 1610/1610/1610 1613/1613/1613
f 1623/1623/1623 1574/1574/1574 1624/1624/1624
f 1624/1624/1624 1574/1574/1574 1573/1573/1573
f 1624/1624/1624 1573/1573/1573 1625/1625/1625
f 1625/1625/1625 1573/1573/1573 1495/1495/1495
f 1625/1625/1625 1495/1495/1495 1494/1494/1494
f 1625/1625/1625 1494/1494/1494 1626/1626/1626
f 1626/1626/1626 1494/1494/1494 1492/1492/1492
f 1626/1626/1626 1492/1492/1492 1616/1616/1616
f 1616/1616/1616 1492/1492/1492 1490/1490/1490
f 1626/1626/1626 1616/1616/1616 1620/1620/1620
f 1620/1620/1620 1619/1619/1619 1627/1627/1627
f 1627/1627/1627 1619/1619/1619 1628/1628/1628
f 1627/1627/1627 1628/1628/1628 1624/1624/1624
f 1624/1624/1624 1628/1628/1628 1623/1623/1623
f 1629/1629/1629 1630/1630/1630 1622/1622/1622
f 1622/1622/1622 1630/1630/1630 1621/1621/1621
f 1624/1624/1624 1625/1625/1625 1627/1627/1627
f 1627/1627/1627 1625/1625/1625 1626/1626/1626
f 1627/1627/1627 1626/1626/1626 1620/1620/1620
f 1587/1587/1587 1585/1585/1585 1631/1631/1631
f 1631/1631/1631 1585/1585/1585 1583/1583/1583
f 1631/1631/1631 1583/1583/1583 1580/1580/1580
f 1581/1581/1581 1614/1614/1614 1633/1633/1633
f 1633/1633/1633 1614/1614/1614 1654/1654/1654
f 1654/1654/1654 1614/1614/1614 1612/1612/1612
f 1654/1654/1654 1612/1612/1612 1611/1611/1611
f 1611/1611/1611 912/912/912 1654/1654/1654
f 1654/1654/1654 912/912/912 909/909/909
f 1654/1654/1654 909/909/909 1652/1652/1652
f 1652/1652/1652 909/909/909 907/907/907
f 1652/1652/1652 907/907/907 1650/1650/1650
f 1650/1650/1650 907/907/907 904/904/904
f 1650/1650/1650 904/904/904 1647/1647/1647
f 1647/1647/1647 904/904/904 902/902/902
f 1647/1647/1647 902/902/902 1645/1645/1645
f 1645/1645/1645 902/902/902 900/900/900
f 1645/1645/1645 900/900/900 1643/1643/1643
f 1643/1643/1643 900/900/900 898/898/898
f 1643/1643/1643 898/898/898 1641/1641/1641
f 1641/1641/1641 898/898/898 897/897/897
f 1641/1641/1641 897/897/897 1639/1639/1639
f 1639/1639/1639 897/897/897 1636/1636/1636
f 1681/1681/1681 1634/1634/1634 1687/1687/1687
f 1687/1687/1687 1634/1634/1634 1655/1655/1655
f 1687/1687/1687 1655/1655/1655 1686/1686/1686
f 1686/1686/1686 1655/1655/1655 1658/1658/1658
f 1686/1686/1686 1658/1658/1658 1685/1685/1685
f 1685/1685/1685 1658/1658/1658 1684/1684/1684
f 1685/1685/1685 1684/1684/1684 1689/1689/1689
f 1689/1689/1689 1684/1684/1684 1688/1688/1688
f 1689/1689/1689 1688/1688/1688 1693/1693/1693
f 1693/1693/1693 1688/1688/1688 1682/1682/1682
f 1693/1693/1693 1682/1682/1682 1670/1670/1670
f 1670/1670/1670 1682/1682/1682 1664/1664/1664
f 1670/1670/1670 1664/1664/1664 1666/1666/1666
f 1658/1658/1658 1659/1659/1659 1684/1684/1684
f 1684/1684/1684 1659/1659/1659 1663/1663/1663
f 1684/1684/1684 1663/1663/1663 1688/1688/1688
f 1688/1688/1688 1663/1663/1663 1682/1682/1682
f 1663/1663/1663 1664/1664/1664 1682/1682/1682
f 1670/1670/1670 1671/1671/1671 1693/1693/1693
f 1693/1693/1693 1671/1671/1671 1692/1692/1692
f 1693/1693/1693 1692/1692/1692 1689/1689/1689
f 1689/1689/1689 1692/1692/1692 1690/1690/1690
f 1689/1689/1689 1690/1690/1690 1685/1685/1685
f 1685/1685/1685 1690/1690/1690 1686/1686/1686
f 1692/1692/1692 1671/1671/1671 1683/1683/1683
f 1683/1683/1683 1671/1671/1671 1674/1674/1674
f 1683/1683/1683 1674/1674/1674 1678/1678/1678
f 1678/1678/1678 1674/1674/1674 1675/1675/1675
f 1678/1678/1678 1681/1681/1681 1683/1683/1683
f 1683/1683/1683 1681/1681/1681 1691/1691/1691
f 1683/1683/1683 1691/1691/1691 1690/1690/1690
f 1690/1690/1690 1691/1691/1691 1686/1686/1686
f 1691/1691/1691 1681/1681/1681 1687/1687/1687
f 1691/1691/1691 1687/1687/1687 1686/1686/1686
f 1683/1683/1683 1690/1690/1690 1692/1692/1692
f 896/896/896 894/894/894 1635/1635/1635
f 1635/1635/1635 894/894/894 1697/1697/1697
f 1635/1635/1635 1697/1697/1697 1656/1656/1656
f 1656/1656/1656 1697/1697/1697 1696/1696/1696
f 1656/1656/1656 1696/1696/1696 1657/1657/1657
f 1657/1657/1657 1696/1696/1696 1695/1695/1695
f 1657/1657/1657 1695/1695/1695 1694/1694/1694
f 1694/1694/1694 1695/1695/1695 890/890/890
f 1694/1694/1694 890/890/890 888/888/888
f 894/894/894 892/892/892 1697/1697/1697
f 1697/1697/1697 892/892/892 1696/1696/1696
f 892/892/892 890/890/890 1696/1696/1696
f 1696/1696/1696 890/890/890 1695/1695/1695
f 888/888/888 1661/1661/1661 1694/1694/1694
f 1694/1694/1694 1661/1661/1661 1657/1657/1657
f 1667/1667/1667 1665/1665/1665 1737/1737/1737
f 1737/1737/1737 1665/1665/1665 1740/1740/1740
f 1737/1737/1737 1740/1740/1740 1742/1742/1742
f 1742/1742/1742 1740/1740/1740 1741/1741/1741
f 1742/1742/1742 1741/1741/1741 1744/1744/1744
f 1744/1744/1744 1741/1741/1741 881/881/881
f 1744/1744/1744 881/881/881 878/878/878
f 1665/1665/1665 1662/1662/1662 1740/1740/1740
f 1740/1740/1740 1662/1662/1662 1739/1739/1739
f 1740/1740/1740 1739/1739/1739 1741/1741/1741
f 1741/1741/1741 1739/1739/1739 882/882/882
f 1741/1741/1741 882/882/882 881/881/881
f 1662/1662/1662 1660/1660/1660 1739/1739/1739
f 1739/1739/1739 1660/1660/1660 885/885/885
f 1739/1739/1739 885/885/885 882/882/882
f 1660/1660/1660 887/887/887 885/885/885
f 878/878/878 1699/1699/1699 1744/1744/1744
f 1744/1744/1744 1699/1699/1699 1745/1745/1745
f 1744/1744/1744 1745/1745/1745 1742/1742/1742
f 1742/1742/1742 1745/1745/1745 1743/1743/1743
f 1742/1742/1742 1743/1743/1743 1734/1734/1734
f 1734/1734/1734 1743/1743/1743 1733/1733/1733
f 1733/1733/1733 1743/1743/1743 1730/1730/1730
f 1730/1730/1730 1743/1743/1743 1746/1746/1746
f 1730/1730/1730 1746/1746/1746 1729/1729/1729
f 1729/1729/1729 1746/1746/1746 1726/1726/1726
f 1726/1726/1726 1746/1746/1746 1724/1724/1724
f 1724/1724/1724 1746/1746/1746 1702/1702/1702
f 1724/1724/1724 1702/1702/1702 1722/1722/1722
f 1722/1722/1722 1702/1702/1702 1705/1705/1705
f 1722/1722/1722 1705/1705/1705 1721/1721/1721
f 1721/1721/1721 1705/1705/1705 1719/1719/1719
f 1719/1719/1719 1705/1705/1705 1716/1716/1716
f 1716/1716/1716 1705/1705/1705 1707/1707/1707
f 1716/1716/1716 1707/1707/1707 1714/1714/1714
f 1714/1714/1714 1707/1707/1707 1711/1711/1711
f 1711/1711/1711 1707/1707/1707 1708/1708/1708
f 1699/1699/1699 1701/1701/1701 1745/1745/1745
f 1745/1745/1745 1701/1701/1701 1746/1746/1746
f 1745/1745/1745 1746/1746/1746 1743/1743/1743
f 1701/1701/1701 1702/1702/1702 1746/1746/1746
f 1734/1734/1734 1737/1737/1737 1742/1742/1742
f 1779/1779/1779 1748/1748/1748 1784/1784/1784
f 1784/1784/1784 1748/1748/1748 1751/1751/1751
f 1784/1784/1784 1751/1751/1751 1783/1783/1783
f 1783/1783/1783 1751/1751/1751 1754/1754/1754
f 1783/1783/1783 1754/1754/1754 1782/1782/1782
f 1782/1782/1782 1754/1754/1754 1781/1781/1781
f 1782/1782/1782 1781/1781/1781 1787/1787/1787
f 1787/1787/1787 1781/1781/1781 1786/1786/1786
f 1787/1787/1787 1786/1786/1786 1769/1769/1769
f 1769/1769/1769 1786/1786/1786 1768/1768/1768
f 1768/1768/1768 1786/1786/1786 1785/1785/1785
f 1768/1768/1768 1785/1785/1785 1763/1763/1763
f 1763/1763/1763 1785/1785/1785 1760/1760/1760
f 1760/1760/1760 1785/1785/1785 1780/1780/1780
f 1760/1760/1760 1780/1780/1780 1758/1758/1758
f 1758/1758/1758 1780/1780/1780 1755/1755/1755
f 1755/1755/1755 1780/1780/1780 1781/1781/1781
f 1755/1755/1755 1781/1781/1781 1754/1754/1754
f 1763/1763/1763 1765/1765/1765 1768/1768/1768
f 1787/1787/1787 1769/1769/1769 1788/1788/1788
f 1788/1788/1788 1769/1769/1769 1771/1771/1771
f 1788/1788/1788 1771/1771/1771 1789/1789/1789
f 1789/1789/1789 1771/1771/1771 1774/1774/1774
f 1789/1789/1789 1774/1774/1774 1776/1776/1776
f 1776/1776/1776 1779/1779/1779 1789/1789/1789
f 1789/1789/1789 1779/1779/1779 1784/1784/1784
f 1789/1789/1789 1784/1784/1784 1783/1783/1783
f 1786/1786/1786 1781/1781/1781 1780/1780/1780
f 1785/1785/1785 1786/1786/1786 1780/1780/1780
f 1787/1787/1787 1788/1788/1788 1782/1782/1782
f 1782/1782/1782 1788/1788/1788 1783/1783/1783
f 1788/1788/1788 1789/1789/1789 1783/1783/1783
f 764/764/764 761/761/761 1801/1801/1801
f 1801/1801/1801 761/761/761 1806/1806/1806
f 1801/1801/1801 1806/1806/1806 1799/1799/1799
f 1799/1799/1799 1806/1806/1806 1811/1811/1811
f 1799/1799/1799 1811/1811/1811 1797/1797/1797
f 1797/1797/1797 1811/1811/1811 1812/1812/1812
f 1797/1797/1797 1812/1812/1812 1749/1749/1749
f 1749/1749/1749 1812/1812/1812 1752/1752/1752
f 1752/1752/1752 1812/1812/1812 1810/1810/1810
f 1752/1752/1752 1810/1810/1810 1813/1813/1813
f 1813/1813/1813 1810/1810/1810 1809/1809/1809
f 1813/1813/1813 1809/1809/1809 1814/1814/1814
f 1814/1814/1814 1809/1809/1809 1808/1808/1808
f 1814/1814/1814 1808/1808/1808 1815/1815/1815
f 1815/1815/1815 1808/1808/1808 1807/1807/1807
f 1815/1815/1815 1807/1807/1807 1756/1756/1756
f 1756/1756/1756 1807/1807/1807 1816/1816/1816
f 1756/1756/1756 1816/1816/1816 1759/1759/1759
f 1759/1759/1759 1816/1816/1816 1795/1795/1795
f 1795/1795/1795 1816/1816/1816 1807/1807/1807
f 1795/1795/1795 1807/1807/1807 1792/1792/1792
f 1792/1792/1792 1807/1807/1807 1802/1802/1802
f 1792/1792/1792 1802/1802/1802 1790/1790/1790
f 1790/1790/1790 1802/1802/1802 756/756/756
f 756/756/756 1802/1802/1802 757/757/757
f 757/757/757 1802/1802/1802 1803/1803/1803
f 757/757/757 1803/1803/1803 1804/1804/1804
f 1804/1804/1804 1803/1803/1803 1809/1809/1809
f 1804/1804/1804 1809/1809/1809 1810/1810/1810
f 1806/1806/1806 761/761/761 1805/1805/1805
f 1805/1805/1805 761/761/761 760/760/760
f 1805/1805/1805 760/760/760 1804/1804/1804
f 1804/1804/1804 760/760/760 757/757/757
f 1756/1756/1756 1753/1753/1753 1815/1815/1815
f 1815/1815/1815 1753/1753/1753 1814/1814/1814
f 1814/1814/1814 1753/1753/1753 1813/1813/1813
f 1813/1813/1813 1753/1753/1753 1752/1752/1752
f 1807/1807/1807 1808/1808/1808 1802/1802/1802
f 1802/1802/1802 1808/1808/1808 1803/1803/1803
f 1808/1808/1808 1809/1809/1809 1803/1803/1803
f 1811/1811/1811 1806/1806/1806 1805/1805/1805
f 1811/1811/1811 1805/1805/1805 1810/1810/1810
f 1810/1810/1810 1805/1805/1805 1804/1804/1804
f 1812/1812/1812 1811/1811/1811 1810/1810/1810
f 766/766/766 763/763/763 1820/1820/1820
f 1820/1820/1820 763/763/763 1800/1800/1800
f 1820/1820/1820 1800/1800/1800 1818/1818/1818
f 1818/1818/1818 1800/1800/1800 1798/1798/1798
f 1818/1818/1818 1798/1798/1798 1796/1796/1796
f 1796/1796/1796 1750/1750/1750 1818/1818/1818
f 1820/1820/1820 1822/1822/1822 766/766/766
f 766/766/766 1822/1822/1822 768/768/768
f 768/768/768 1822/1822/1822 1825/1825/1825
f 768/768/768 1825/1825/1825 770/770/770
f 770/770/770 1825/1825/1825 1827/1827/1827
f 770/770/770 1827/1827/1827 773/773/773
f 773/773/773 1827/1827/1827 1829/1829/1829
f 773/773/773 1829/1829/1829 775/775/775
f 775/775/775 1829/1829/1829 1831/1831/1831
f 775/775/775 1831/1831/1831 777/777/777
f 777/777/777 1831/1831/1831 1833/1833/1833
f 777/777/777 1833/1833/1833 780/780/780
f 780/780/780 1833/1833/1833 1835/1835/1835
f 780/780/780 1835/1835/1835 1838/1838/1838
f 1747/1747/1747 1778/1778/1778 1817/1817/1817
f 1817/1817/1817 1778/1778/1778 1777/1777/1777
f 1817/1817/1817 1777/1777/1777 1773/1773/1773
f 1868/1868/1868 1841/1841/1841 1875/1875/1875
f 1875/1875/1875 1841/1841/1841 1844/1844/1844
f 1875/1875/1875 1844/1844/1844 1874/1874/1874
f 1874/1874/1874 1844/1844/1844 1873/1873/1873
f 1874/1874/1874 1873/1873/1873 1880/1880/1880
f 1880/1880/1880 1873/1873/1873 1881/1881/1881
f 1880/1880/1880 1881/1881/1881 1877/1877/1877
f 1877/1877/1877 1881/1881/1881 1876/1876/1876
f 1877/1877/1877 1876/1876/1876 1883/1883/1883
f 1883/1883/1883 1876/1876/1876 1884/1884/1884
f 1883/1883/1883 1884/1884/1884 1857/1857/1857
f 1857/1857/1857 1884/1884/1884 1885/1885/1885
f 1857/1857/1857 1885/1885/1885 1856/1856/1856
f 1856/1856/1856 1885/1885/1885 1850/1850/1850
f 1856/1856/1856 1850/1850/1850 1853/1853/1853
f 1844/1844/1844 1846/1846/1846 1873/1873/1873
f 1873/1873/1873 1846/1846/1846 1872/1872/1872
f 1873/1873/1873 1872/1872/1872 1881/1881/1881
f 1881/1881/1881 1872/1872/1872 1870/1870/1870
f 1881/1881/1881 1870/1870/1870 1876/1876/1876
f 1876/1876/1876 1870/1870/1870 1871/1871/1871
f 1876/1876/1876 1871/1871/1871 1884/1884/1884
f 1884/1884/1884 1871/1871/1871 1885/1885/1885
f 1846/1846/1846 1837/1837/1837 1872/1872/1872
f 1872/1872/1872 1837/1837/1837 1870/1870/1870
f 1837/1837/1837 1849/1849/1849 1870/1870/1870
f 1870/1870/1870 1849/1849/1849 1871/1871/1871
f 1849/1849/1849 1850/1850/1850 1871/1871/1871
f 1871/1871/1871 1850/1850/1850 1885/1885/1885
f 1857/1857/1857 1859/1859/1859 1883/1883/1883
f 1883/1883/1883 1859/1859/1859 1882/1882/1882
f 1883/1883/1883 1882/1882/1882 1877/1877/1877
f 1877/1877/1877 1882/1882/1882 1878/1878/1878
f 1877/1877/1877 1878/1878/1878 1880/1880/1880
f 1880/1880/1880 1878/1878/1878 1879/1879/1879
f 1880/1880/1880 1879/1879/1879 1874/1874/1874
f 1874/1874/1874 1879/1879/1879 1875/1875/1875
f 1861/1861/1861 1864/1864/1864 1859/1859/1859
f 1859/1859/1859 1864/1864/1864 1882/1882/1882
f 1864/1864/1864 1867/1867/1867 1882/1882/1882
f 1882/1882/1882 1867/1867/1867 1878/1878/1878
f 1867/1867/1867 1868/1868/1868 1878/1878/1878
f 1878/1878/1878 1868/1868/1868 1879/1879/1879
f 1879/1879/1879 1868/1868/1868 1875/1875/1875
f 789/789/789 786/786/786 1888/1888/1888
f 1888/1888/1888 786/786/786 1887/1887/1887
f 1887/1887/1887 786/786/786 1845/1845/1845
f 1887/1887/1887 1845/1845/1845 1843/1843/1843
f 1845/1845/1845 786/786/786 1893/1893/1893
f 1893/1893/1893 786/786/786 784/784/784
f 1893/1893/1893 784/784/784 1892/1892/1892
f 1892/1892/1892 784/784/784 782/782/782
f 1892/1892/1892 782/782/782 1891/1891/1891
f 1891/1891/1891 782/782/782 1890/1890/1890
f 1891/1891/1891 1890/1890/1890 1847/1847/1847
f 1847/1847/1847 1890/1890/1890 1839/1839/1839
f 1839/1839/1839 1890/1890/1890 779/779/779
f 779/779/779 1890/1890/1890 782/782/782
f 1891/1891/1891 1847/1847/1847 1892/1892/1892
f 1892/1892/1892 1847/1847/1847 1845/1845/1845
f 1892/1892/1892 1845/1845/1845 1893/1893/1893
f 1854/1854/1854 1851/1851/1851 1836/1836/1836
f 1836/1836/1836 1851/1851/1851 1848/1848/1848
f 1836/1836/1836 1848/1848/1848 1840/1840/1840
f 1917/1917/1917 1896/1896/1896 1914/1914/1914
f 1914/1914/1914 1896/1896/1896 1897/1897/1897
f 1914/1914/1914 1897/1897/1897 1900/1900/1900
f 1914/1914/1914 1900/1900/1900 1911/1911/1911
f 1911/1911/1911 1900/1900/1900 1901/1901/1901
f 1911/1911/1911 1901/1901/1901 1910/1910/1910
f 1910/1910/1910 1901/1901/1901 1908/1908/1908
f 1908/1908/1908 1901/1901/1901 1904/1904/1904
f 1903/1903/1903 1919/1919/1919 1907/1907/1907
f 1907/1907/1907 1919/1919/1919 1932/1932/1932
f 1932/1932/1932 1919/1919/1919 1921/1921/1921
f 1932/1932/1932 1921/1921/1921 1930/1930/1930
f 1930/1930/1930 1921/1921/1921 1928/1928/1928
f 1928/1928/1928 1921/1921/1921 1925/1925/1925
f 1925/1925/1925 1921/1921/1921 1923/1923/1923
f 1937/1937/1937 1939/1939/1939 1956/1956/1956
f 1956/1956/1956 1939/1939/1939 1955/1955/1955
f 1955/1955/1955 1939/1939/1939 1941/1941/1941
f 1955/1955/1955 1941/1941/1941 1953/1953/1953
f 1953/1953/1953 1941/1941/1941 1950/1950/1950
f 1950/1950/1950 1941/1941/1941 1943/1943/1943
f 1950/1950/1950 1943/1943/1943 1947/1947/1947
f 1947/1947/1947 1943/1943/1943 1944/1944/1944
f 1916/1916/1916 1960/1960/1960 1894/1894/1894
f 1894/1894/1894 1960/1960/1960 1946/1946/1946
f 1946/1946/1946 1960/1960/1960 1961/1961/1961
f 1946/1946/1946 1961/1961/1961 1948/1948/1948
f 1985/1985/1985 1964/1964/1964 1982/1982/1982
f 1982/1982/1982 1964/1964/1964 1967/1967/1967
f 1982/1982/1982 1967/1967/1967 1968/1968/1968
f 1971/1971/1971 1979/1979/1979 1968/1968/1968
f 1968/1968/1968 1979/1979/1979 1981/1981/1981
f 1968/1968/1968 1981/1981/1981 1982/1982/1982
f 1974/1974/1974 1975/1975/1975 1971/1971/1971
f 1971/1971/1971 1975/1975/1975 1979/1979/1979
f 1935/1935/1935 1957/1957/1957 1997/1997/1997
f 1997/1997/1997 1957/1957/1957 1989/1989/1989
f 1997/1997/1997 1989/1989/1989 1994/1994/1994
f 1994/1994/1994 1989/1989/1989 1991/1991/1991
f 1994/1994/1994 1991/1991/1991 1993/1993/1993
f 1993/1993/1993 1977/1977/1977 1994/1994/1994
f 1994/1994/1994 1977/1977/1977 1972/1972/1972
f 1924/1924/1924 1999/1999/1999 1926/1926/1926
f 1926/1926/1926 1999/1999/1999 2015/2015/2015
f 2015/2015/2015 1999/1999/1999 2000/2000/2000
f 2015/2015/2015 2000/2000/2000 2012/2012/2012
f 2012/2012/2012 2000/2000/2000 2002/2002/2002
f 2012/2012/2012 2002/2002/2002 2011/2011/2011
f 2011/2011/2011 2002/2002/2002 2004/2004/2004
f 2011/2011/2011 2004/2004/2004 2007/2007/2007
f 1984/1984/1984 2016/2016/2016 1965/1965/1965
f 1965/1965/1965 2016/2016/2016 2018/2018/2018
f 1965/1965/1965 2018/2018/2018 2006/2006/2006
f 2006/2006/2006 2018/2018/2018 2008/2008/2008
f 2201/2201/2201 1987/1987/1987 2216/2216/2216
f 2216/2216/2216 1987/1987/1987 1958/1958/1958
f 2216/2216/2216 1958/1958/1958 2220/2220/2220
f 2220/2220/2220 1958/1958/1958 1954/1954/1954
f 2220/2220/2220 1954/1954/1954 1952/1952/1952
f 1951/1951/1951 2225/2225/2225 1952/1952/1952
f 1952/1952/1952 2225/2225/2225 2226/2226/2226
f 1952/1952/1952 2226/2226/2226 2220/2220/2220
f 2220/2220/2220 2226/2226/2226 2227/2227/2227
f 2220/2220/2220 2227/2227/2227 2221/2221/2221
f 2221/2221/2221 2227/2227/2227 2228/2228/2228
f 2221/2221/2221 2228/2228/2228 2222/2222/2222
f 2222/2222/2222 2228/2228/2228 2229/2229/2229
f 2222/2222/2222 2229/2229/2229 2203/2203/2203
f 2203/2203/2203 2229/2229/2229 2190/2190/2190
f 2203/2203/2203 2190/2190/2190 2192/2192/2192
f 1951/1951/1951 1949/1949/1949 2225/2225/2225
f 2225/2225/2225 1949/1949/1949 1962/1962/1962
f 2225/2225/2225 1962/1962/1962 2224/2224/2224
f 2224/2224/2224 1962/1962/1962 1959/1959/1959
f 2224/2224/2224 1959/1959/1959 1915/1915/1915
f 1913/1913/1913 2204/2204/2204 1915/1915/1915
f 1915/1915/1915 2204/2204/2204 2223/2223/2223
f 1915/1915/1915 2223/2223/2223 2224/2224/2224
f 2224/2224/2224 2223/2223/2223 2231/2231/2231
f 2224/2224/2224 2231/2231/2231 2232/2232/2232
f 2232/2232/2232 2231/2231/2231 2239/2239/2239
f 2232/2232/2232 2239/2239/2239 2240/2240/2240
f 2240/2240/2240 2239/2239/2239 2247/2247/2247
f 2240/2240/2240 2247/2247/2247 2248/2248/2248
f 2248/2248/2248 2247/2247/2247 2255/2255/2255
f 2248/2248/2248 2255/2255/2255 2256/2256/2256
f 2256/2256/2256 2255/2255/2255 2263/2263/2263
f 2256/2256/2256 2263/2263/2263 2205/2205/2205
f 2205/2205/2205 2263/2263/2263 2270/2270/2270
f 2205/2205/2205 2270/2270/2270 2180/2180/2180
f 2180/2180/2180 2270/2270/2270 2206/2206/2206
f 2180/2180/2180 2206/2206/2206 2178/2178/2178
f 2178/2178/2178 2206/2206/2206 2175/2175/2175
f 2175/2175/2175 2206/2206/2206 2277/2277/2277
f 2175/2175/2175 2277/2277/2277 2276/2276/2276
f 2276/2276/2276 2277/2277/2277 2275/2275/2275
f 2276/2276/2276 2275/2275/2275 2174/2174/2174
f 2174/2174/2174 2275/2275/2275 2171/2171/2171
f 2171/2171/2171 2275/2275/2275 2274/2274/2274
f 2171/2171/2171 2274/2274/2274 2168/2168/2168
f 2168/2168/2168 2274/2274/2274 2345/2345/2345
f 2168/2168/2168 2345/2345/2345 2167/2167/2167
f 2167/2167/2167 2345/2345/2345 2164/2164/2164
f 2164/2164/2164 2345/2345/2345 2162/2162/2162
f 2162/2162/2162 2345/2345/2345 2161/2161/2161
f 2161/2161/2161 2345/2345/2345 2284/2284/2284
f 2161/2161/2161 2284/2284/2284 2159/2159/2159
f 2159/2159/2159 2284/2284/2284 2155/2155/2155
f 2155/2155/2155 2284/2284/2284 2285/2285/2285
f 2155/2155/2155 2285/2285/2285 2153/2153/2153
f 2153/2153/2153 2285/2285/2285 2283/2283/2283
f 2153/2153/2153 2283/2283/2283 2151/2151/2151
f 2151/2151/2151 2283/2283/2283 2291/2291/2291
f 2151/2151/2151 2291/2291/2291 2149/2149/2149
f 2149/2149/2149 2291/2291/2291 2290/2290/2290
f 2149/2149/2149 2290/2290/2290 2148/2148/2148
f 2148/2148/2148 2290/2290/2290 2146/2146/2146
f 2146/2146/2146 2290/2290/2290 2296/2296/2296
f 2146/2146/2146 2296/2296/2296 2144/2144/2144
f 2144/2144/2144 2296/2296/2296 2299/2299/2299
f 2144/2144/2144 2299/2299/2299 2141/2141/2141
f 2141/2141/2141 2299/2299/2299 2139/2139/2139
f 2139/2139/2139 2299/2299/2299 2302/2302/2302
f 2139/2139/2139 2302/2302/2302 2138/2138/2138
f 2138/2138/2138 2302/2302/2302 2135/2135/2135
f 2135/2135/2135 2302/2302/2302 2133/2133/2133
f 2133/2133/2133 2302/2302/2302 2305/2305/2305
f 2133/2133/2133 2305/2305/2305 2131/2131/2131
f 2131/2131/2131 2305/2305/2305 2130/2130/2130
f 2130/2130/2130 2305/2305/2305 2307/2307/2307
f 2130/2130/2130 2307/2307/2307 2127/2127/2127
f 2127/2127/2127 2307/2307/2307 2125/2125/2125
f 2125/2125/2125 2307/2307/2307 2308/2308/2308
f 2125/2125/2125 2308/2308/2308 2123/2123/2123
f 2123/2123/2123 2308/2308/2308 2122/2122/2122
f 2122/2122/2122 2308/2308/2308 2312/2312/2312
f 2122/2122/2122 2312/2312/2312 2119/2119/2119
f 2119/2119/2119 2312/2312/2312 2313/2313/2313
f 2119/2119/2119 2313/2313/2313 2118/2118/2118
f 2118/2118/2118 2313/2313/2313 2317/2317/2317
f 2118/2118/2118 2317/2317/2317 2116/2116/2116
f 2116/2116/2116 2317/2317/2317 2318/2318/2318
f 2116/2116/2116 2318/2318/2318 2212/2212/2212
f 2212/2212/2212 2318/2318/2318 2319/2319/2319
f 2212/2212/2212 2319/2319/2319 2321/2321/2321
f 2321/2321/2321 2319/2319/2319 2320/2320/2320
f 2321/2321/2321 2320/2320/2320 2214/2214/2214
f 2214/2214/2214 2320/2320/2320 2071/2071/2071
f 2214/2214/2214 2071/2071/2071 2072/2072/2072
f 1913/1913/1913 1912/1912/1912 2204/2204/2204
f 2204/2204/2204 1912/1912/1912 1909/1909/1909
f 2204/2204/2204 1909/1909/1909 1906/1906/1906
f 2204/2204/2204 1906/1906/1906 2202/2202/2202
f 2202/2202/2202 1906/1906/1906 1934/1934/1934
f 2202/2202/2202 1934/1934/1934 2020/2020/2020
f 2020/2020/2020 2023/2023/2023 2202/2202/2202
f 2202/2202/2202 2023/2023/2023 2027/2027/2027
f 2202/2202/2202 2027/2027/2027 2028/2028/2028
f 2202/2202/2202 2028/2028/2028 2204/2204/2204
f 2204/2204/2204 2028/2028/2028 2031/2031/2031
f 2204/2204/2204 2031/2031/2031 2223/2223/2223
f 2223/2223/2223 2031/2031/2031 2230/2230/2230
f 2223/2223/2223 2230/2230/2230 2231/2231/2231
f 2231/2231/2231 2230/2230/2230 2238/2238/2238
f 2231/2231/2231 2238/2238/2238 2239/2239/2239
f 2239/2239/2239 2238/2238/2238 2246/2246/2246
f 2239/2239/2239 2246/2246/2246 2247/2247/2247
f 2247/2247/2247 2246/2246/2246 2254/2254/2254
f 2247/2247/2247 2254/2254/2254 2255/2255/2255
f 2255/2255/2255 2254/2254/2254 2262/2262/2262
f 2255/2255/2255 2262/2262/2262 2263/2263/2263
f 2263/2263/2263 2262/2262/2262 2269/2269/2269
f 2263/2263/2263 2269/2269/2269 2270/2270/2270
f 2270/2270/2270 2269/2269/2269 2277/2277/2277
f 2270/2270/2270 2277/2277/2277 2206/2206/2206
f 2031/2031/2031 2032/2032/2032 2230/2230/2230
f 2230/2230/2230 2032/2032/2032 2035/2035/2035
f 2230/2230/2230 2035/2035/2035 2237/2237/2237
f 2237/2237/2237 2035/2035/2035 2036/2036/2036
f 2237/2237/2237 2036/2036/2036 2244/2244/2244
f 2244/2244/2244 2036/2036/2036 2039/2039/2039
f 2244/2244/2244 2039/2039/2039 2251/2251/2251
f 2251/2251/2251 2039/2039/2039 2041/2041/2041
f 2251/2251/2251 2041/2041/2041 2258/2258/2258
f 2258/2258/2258 2041/2041/2041 2043/2043/2043
f 2258/2258/2258 2043/2043/2043 2264/2264/2264
f 2264/2264/2264 2043/2043/2043 2207/2207/2207
f 2264/2264/2264 2207/2207/2207 2265/2265/2265
f 2265/2265/2265 2207/2207/2207 2281/2281/2281
f 2265/2265/2265 2281/2281/2281 2266/2266/2266
f 2266/2266/2266 2281/2281/2281 2280/2280/2280
f 2266/2266/2266 2280/2280/2280 2267/2267/2267
f 2267/2267/2267 2280/2280/2280 2279/2279/2279
f 2267/2267/2267 2279/2279/2279 2268/2268/2268
f 2268/2268/2268 2279/2279/2279 2278/2278/2278
f 2268/2268/2268 2278/2278/2278 2269/2269/2269
f 2269/2269/2269 2278/2278/2278 2277/2277/2277
f 2043/2043/2043 2044/2044/2044 2207/2207/2207
f 2207/2207/2207 2044/2044/2044 2271/2271/2271
f 2207/2207/2207 2271/2271/2271 2272/2272/2272
f 2272/2272/2272 2271/2271/2271 2347/2347/2347
f 2272/2272/2272 2347/2347/2347 2346/2346/2346
f 2346/2346/2346 2347/2347/2347 2285/2285/2285
f 2346/2346/2346 2285/2285/2285 2284/2284/2284
f 2271/2271/2271 2044/2044/2044 2208/2208/2208
f 2208/2208/2208 2044/2044/2044 2046/2046/2046
f 2208/2208/2208 2046/2046/2046 2287/2287/2287
f 2287/2287/2287 2046/2046/2046 2209/2209/2209
f 2287/2287/2287 2209/2209/2209 2282/2282/2282
f 2282/2282/2282 2209/2209/2209 2292/2292/2292
f 2282/2282/2282 2292/2292/2292 2291/2291/2291
f 2291/2291/2291 2292/2292/2292 2290/2290/2290
f 2046/2046/2046 2048/2048/2048 2209/2209/2209
f 2209/2209/2209 2048/2048/2048 2293/2293/2293
f 2209/2209/2209 2293/2293/2293 2292/2292/2292
f 2292/2292/2292 2293/2293/2293 2289/2289/2289
f 2292/2292/2292 2289/2289/2289 2290/2290/2290
f 2290/2290/2290 2289/2289/2289 2296/2296/2296
f 2293/2293/2293 2048/2048/2048 2288/2288/2288
f 2288/2288/2288 2048/2048/2048 2051/2051/2051
f 2288/2288/2288 2051/2051/2051 2294/2294/2294
f 2294/2294/2294 2051/2051/2051 2053/2053/2053
f 2294/2294/2294 2053/2053/2053 2297/2297/2297
f 2297/2297/2297 2053/2053/2053 2055/2055/2055
f 2297/2297/2297 2055/2055/2055 2057/2057/2057
f 2297/2297/2297 2057/2057/2057 2300/2300/2300
f 2300/2300/2300 2057/2057/2057 2059/2059/2059
f 2300/2300/2300 2059/2059/2059 2061/2061/2061
f 2300/2300/2300 2061/2061/2061 2303/2303/2303
f 2303/2303/2303 2061/2061/2061 2062/2062/2062
f 2303/2303/2303 2062/2062/2062 2064/2064/2064
f 2303/2303/2303 2064/2064/2064 2210/2210/2210
f 2210/2210/2210 2064/2064/2064 2066/2066/2066
f 2210/2210/2210 2066/2066/2066 2310/2310/2310
f 2310/2310/2310 2066/2066/2066 2211/2211/2211
f 2310/2310/2310 2211/2211/2211 2311/2311/2311
f 2311/2311/2311 2211/2211/2211 2314/2314/2314
f 2311/2311/2311 2314/2314/2314 2313/2313/2313
f 2313/2313/2313 2314/2314/2314 2317/2317/2317
f 2066/2066/2066 2068/2068/2068 2211/2211/2211
f 2211/2211/2211 2068/2068/2068 2315/2315/2315
f 2211/2211/2211 2315/2315/2315 2314/2314/2314
f 2314/2314/2314 2315/2315/2315 2316/2316/2316
f 2314/2314/2314 2316/2316/2316 2317/2317/2317
f 2317/2317/2317 2316/2316/2316 2318/2318/2318
f 2315/2315/2315 2068/2068/2068 2213/2213/2213
f 2213/2213/2213 2068/2068/2068 2071/2071/2071
f 2213/2213/2213 2071/2071/2071 2320/2320/2320
f 2074/2074/2074 2325/2325/2325 2072/2072/2072
f 2072/2072/2072 2325/2325/2325 2324/2324/2324
f 2072/2072/2072 2324/2324/2324 2214/2214/2214
f 2214/2214/2214 2324/2324/2324 2323/2323/2323
f 2214/2214/2214 2323/2323/2323 2321/2321/2321
f 2321/2321/2321 2323/2323/2323 2322/2322/2322
f 2321/2321/2321 2322/2322/2322 2212/2212/2212
f 2212/2212/2212 2322/2322/2322 2113/2113/2113
f 2212/2212/2212 2113/2113/2113 2116/2116/2116
f 2076/2076/2076 2215/2215/2215 2074/2074/2074
f 2074/2074/2074 2215/2215/2215 2328/2328/2328
f 2074/2074/2074 2328/2328/2328 2325/2325/2325
f 2325/2325/2325 2328/2328/2328 2329/2329/2329
f 2325/2325/2325 2329/2329/2329 2326/2326/2326
f 2326/2326/2326 2329/2329/2329 2330/2330/2330
f 2326/2326/2326 2330/2330/2330 2327/2327/2327
f 2327/2327/2327 2330/2330/2330 2109/2109/2109
f 2327/2327/2327 2109/2109/2109 2112/2112/2112
f 2215/2215/2215 2076/2076/2076 2333/2333/2333
f 2333/2333/2333 2076/2076/2076 2078/2078/2078
f 2333/2333/2333 2078/2078/2078 2336/2336/2336
f 2336/2336/2336 2078/2078/2078 2080/2080/2080
f 2336/2336/2336 2080/2080/2080 2339/2339/2339
f 2339/2339/2339 2080/2080/2080 2083/2083/2083
f 2339/2339/2339 2083/2083/2083 2342/2342/2342
f 2342/2342/2342 2083/2083/2083 2085/2085/2085
f 2342/2342/2342 2085/2085/2085 2088/2088/2088
f 2088/2088/2088 2090/2090/2090 2342/2342/2342
f 2342/2342/2342 2090/2090/2090 2343/2343/2343
f 2342/2342/2342 2343/2343/2343 2339/2339/2339
f 2339/2339/2339 2343/2343/2343 2340/2340/2340
f 2339/2339/2339 2340/2340/2340 2336/2336/2336
f 2336/2336/2336 2340/2340/2340 2337/2337/2337
f 2336/2336/2336 2337/2337/2337 2333/2333/2333
f 2333/2333/2333 2337/2337/2337 2334/2334/2334
f 2333/2333/2333 2334/2334/2334 2215/2215/2215
f 2215/2215/2215 2334/2334/2334 2332/2332/2332
f 2215/2215/2215 2332/2332/2332 2328/2328/2328
f 2328/2328/2328 2332/2332/2332 2329/2329/2329
f 2090/2090/2090 2092/2092/2092 2343/2343/2343
f 2343/2343/2343 2092/2092/2092 2344/2344/2344
f 2343/2343/2343 2344/2344/2344 2340/2340/2340
f 2340/2340/2340 2344/2344/2344 2341/2341/2341
f 2340/2340/2340 2341/2341/2341 2337/2337/2337
f 2337/2337/2337 2341/2341/2341 2338/2338/2338
f 2337/2337/2337 2338/2338/2338 2334/2334/2334
f 2334/2334/2334 2338/2338/2338 2335/2335/2335
f 2334/2334/2334 2335/2335/2335 2332/2332/2332
f 2332/2332/2332 2335/2335/2335 2331/2331/2331
f 2332/2332/2332 2331/2331/2331 2329/2329/2329
f 2329/2329/2329 2331/2331/2331 2330/2330/2330
f 2094/2094/2094 2098/2098/2098 2092/2092/2092
f 2092/2092/2092 2098/2098/2098 2344/2344/2344
f 2098/2098/2098 2100/2100/2100 2344/2344/2344
f 2344/2344/2344 2100/2100/2100 2341/2341/2341
f 2100/2100/2100 2102/2102/2102 2341/2341/2341
f 2341/2341/2341 2102/2102/2102 2338/2338/2338
f 2102/2102/2102 2104/2104/2104 2338/2338/2338
f 2338/2338/2338 2104/2104/2104 2335/2335/2335
f 2104/2104/2104 2106/2106/2106 2335/2335/2335
f 2335/2335/2335 2106/2106/2106 2331/2331/2331
f 2106/2106/2106 2107/2107/2107 2331/2331/2331
f 2331/2331/2331 2107/2107/2107 2330/2330/2330
f 2107/2107/2107 2109/2109/2109 2330/2330/2330
f 2327/2327/2327 2112/2112/2112 2322/2322/2322
f 2322/2322/2322 2112/2112/2112 2113/2113/2113
f 2174/2174/2174 2175/2175/2175 2276/2276/2276
f 2180/2180/2180 2182/2182/2182 2205/2205/2205
f 2205/2205/2205 2182/2182/2182 2257/2257/2257
f 2205/2205/2205 2257/2257/2257 2256/2256/2256
f 2256/2256/2256 2257/2257/2257 2249/2249/2249
f 2256/2256/2256 2249/2249/2249 2248/2248/2248
f 2248/2248/2248 2249/2249/2249 2241/2241/2241
f 2248/2248/2248 2241/2241/2241 2240/2240/2240
f 2240/2240/2240 2241/2241/2241 2233/2233/2233
f 2240/2240/2240 2233/2233/2233 2232/2232/2232
f 2232/2232/2232 2233/2233/2233 2225/2225/2225
f 2232/2232/2232 2225/2225/2225 2224/2224/2224
f 2257/2257/2257 2182/2182/2182 2250/2250/2250
f 2250/2250/2250 2182/2182/2182 2184/2184/2184
f 2250/2250/2250 2184/2184/2184 2243/2243/2243
f 2243/2243/2243 2184/2184/2184 2186/2186/2186
f 2243/2243/2243 2186/2186/2186 2236/2236/2236
f 2236/2236/2236 2186/2186/2186 2188/2188/2188
f 2236/2236/2236 2188/2188/2188 2190/2190/2190
f 2203/2203/2203 2192/2192/2192 2219/2219/2219
f 2219/2219/2219 2192/2192/2192 2195/2195/2195
f 2219/2219/2219 2195/2195/2195 2198/2198/2198
f 2201/2201/2201 2217/2217/2217 2198/2198/2198
f 2198/2198/2198 2217/2217/2217 2218/2218/2218
f 2198/2198/2198 2218/2218/2218 2219/2219/2219
f 2219/2219/2219 2218/2218/2218 2203/2203/2203
f 2217/2217/2217 2201/2201/2201 2216/2216/2216
f 2220/2220/2220 2221/2221/2221 2216/2216/2216
f 2216/2216/2216 2221/2221/2221 2217/2217/2217
f 2221/2221/2221 2222/2222/2222 2217/2217/2217
f 2217/2217/2217 2222/2222/2222 2218/2218/2218
f 2222/2222/2222 2203/2203/2203 2218/2218/2218
f 2236/2236/2236 2190/2190/2190 2229/2229/2229
f 2225/2225/2225 2233/2233/2233 2226/2226/2226
f 2226/2226/2226 2233/2233/2233 2234/2234/2234
f 2226/2226/2226 2234/2234/2234 2227/2227/2227
f 2227/2227/2227 2234/2234/2234 2235/2235/2235
f 2227/2227/2227 2235/2235/2235 2228/2228/2228
f 2228/2228/2228 2235/2235/2235 2236/2236/2236
f 2228/2228/2228 2236/2236/2236 2229/2229/2229
f 2233/2233/2233 2241/2241/2241 2234/2234/2234
f 2234/2234/2234 2241/2241/2241 2242/2242/2242
f 2234/2234/2234 2242/2242/2242 2235/2235/2235
f 2235/2235/2235 2242/2242/2242 2243/2243/2243
f 2235/2235/2235 2243/2243/2243 2236/2236/2236
f 2230/2230/2230 2237/2237/2237 2238/2238/2238
f 2238/2238/2238 2237/2237/2237 2245/2245/2245
f 2238/2238/2238 2245/2245/2245 2246/2246/2246
f 2246/2246/2246 2245/2245/2245 2253/2253/2253
f 2246/2246/2246 2253/2253/2253 2254/2254/2254
f 2254/2254/2254 2253/2253/2253 2261/2261/2261
f 2254/2254/2254 2261/2261/2261 2262/2262/2262
f 2262/2262/2262 2261/2261/2261 2268/2268/2268
f 2262/2262/2262 2268/2268/2268 2269/2269/2269
f 2250/2250/2250 2243/2243/2243 2242/2242/2242
f 2250/2250/2250 2242/2242/2242 2249/2249/2249
f 2249/2249/2249 2242/2242/2242 2241/2241/2241
f 2237/2237/2237 2244/2244/2244 2245/2245/2245
f 2245/2245/2245 2244/2244/2244 2252/2252/2252
f 2245/2245/2245 2252/2252/2252 2253/2253/2253
f 2253/2253/2253 2252/2252/2252 2260/2260/2260
f 2253/2253/2253 2260/2260/2260 2261/2261/2261
f 2261/2261/2261 2260/2260/2260 2267/2267/2267
f 2261/2261/2261 2267/2267/2267 2268/2268/2268
f 2257/2257/2257 2250/2250/2250 2249/2249/2249
f 2244/2244/2244 2251/2251/2251 2252/2252/2252
f 2252/2252/2252 2251/2251/2251 2259/2259/2259
f 2252/2252/2252 2259/2259/2259 2260/2260/2260
f 2260/2260/2260 2259/2259/2259 2266/2266/2266
f 2260/2260/2260 2266/2266/2266 2267/2267/2267
f 2251/2251/2251 2258/2258/2258 2259/2259/2259
f 2259/2259/2259 2258/2258/2258 2265/2265/2265
f 2259/2259/2259 2265/2265/2265 2266/2266/2266
f 2264/2264/2264 2265/2265/2265 2258/2258/2258
f 2281/2281/2281 2207/2207/2207 2272/2272/2272
f 2280/2280/2280 2281/2281/2281 2273/2273/2273
f 2273/2273/2273 2281/2281/2281 2272/2272/2272
f 2273/2273/2273 2272/2272/2272 2346/2346/2346
f 2279/2279/2279 2280/2280/2280 2274/2274/2274
f 2274/2274/2274 2280/2280/2280 2273/2273/2273
f 2274/2274/2274 2273/2273/2273 2345/2345/2345
f 2345/2345/2345 2273/2273/2273 2346/2346/2346
f 2345/2345/2345 2346/2346/2346 2284/2284/2284
f 2277/2277/2277 2278/2278/2278 2275/2275/2275
f 2275/2275/2275 2278/2278/2278 2274/2274/2274
f 2278/2278/2278 2279/2279/2279 2274/2274/2274
f 2282/2282/2282 2283/2283/2283 2286/2286/2286
f 2286/2286/2286 2283/2283/2283 2285/2285/2285
f 2286/2286/2286 2285/2285/2285 2347/2347/2347
f 2283/2283/2283 2282/2282/2282 2291/2291/2291
f 2208/2208/2208 2287/2287/2287 2286/2286/2286
f 2286/2286/2286 2287/2287/2287 2282/2282/2282
f 2208/2208/2208 2286/2286/2286 2347/2347/2347
f 2293/2293/2293 2288/2288/2288 2289/2289/2289
f 2289/2289/2289 2288/2288/2288 2295/2295/2295
f 2289/2289/2289 2295/2295/2295 2296/2296/2296
f 2296/2296/2296 2295/2295/2295 2299/2299/2299
f 2288/2288/2288 2294/2294/2294 2295/2295/2295
f 2295/2295/2295 2294/2294/2294 2298/2298/2298
f 2295/2295/2295 2298/2298/2298 2299/2299/2299
f 2299/2299/2299 2298/2298/2298 2302/2302/2302
f 2294/2294/2294 2297/2297/2297 2298/2298/2298
f 2298/2298/2298 2297/2297/2297 2301/2301/2301
f 2298/2298/2298 2301/2301/2301 2302/2302/2302
f 2302/2302/2302 2301/2301/2301 2305/2305/2305
f 2297/2297/2297 2300/2300/2300 2301/2301/2301
f 2301/2301/2301 2300/2300/2300 2304/2304/2304
f 2301/2301/2301 2304/2304/2304 2305/2305/2305
f 2305/2305/2305 2304/2304/2304 2307/2307/2307
f 2300/2300/2300 2303/2303/2303 2304/2304/2304
f 2304/2304/2304 2303/2303/2303 2306/2306/2306
f 2304/2304/2304 2306/2306/2306 2307/2307/2307
f 2307/2307/2307 2306/2306/2306 2308/2308/2308
f 2303/2303/2303 2210/2210/2210 2306/2306/2306
f 2306/2306/2306 2210/2210/2210 2309/2309/2309
f 2306/2306/2306 2309/2309/2309 2308/2308/2308
f 2308/2308/2308 2309/2309/2309 2312/2312/2312
f 2312/2312/2312 2309/2309/2309 2311/2311/2311
f 2311/2311/2311 2309/2309/2309 2310/2310/2310
f 2310/2310/2310 2309/2309/2309 2210/2210/2210
f 2313/2313/2313 2312/2312/2312 2311/2311/2311
f 2315/2315/2315 2213/2213/2213 2316/2316/2316
f 2316/2316/2316 2213/2213/2213 2319/2319/2319
f 2316/2316/2316 2319/2319/2319 2318/2318/2318
f 2320/2320/2320 2319/2319/2319 2213/2213/2213
f 2326/2326/2326 2327/2327/2327 2323/2323/2323
f 2323/2323/2323 2327/2327/2327 2322/2322/2322
f 2325/2325/2325 2326/2326/2326 2324/2324/2324
f 2324/2324/2324 2326/2326/2326 2323/2323/2323
f 2271/2271/2271 2208/2208/2208 2347/2347/2347
f 321/321/321 317/317/317 2349/2349/2349
f 2349/2349/2349 317/317/317 2352/2352/2352
f 320/320/320 2348/2348/2348 323/323/323
f 323/323/323 2348/2348/2348 2357/2357/2357
f 323/323/323 2357/2357/2357 326/326/326
f 326/326/326 2357/2357/2357 2359/2359/2359
f 326/326/326 2359/2359/2359 327/327/327
f 327/327/327 2359/2359/2359 2361/2361/2361
f 327/327/327 2361/2361/2361 329/329/329
f 2364/2364/2364 332/332/332 2360/2360/2360
f 2360/2360/2360 332/332/332 330/330/330
f 333/333/333 2367/2367/2367 336/336/336
f 336/336/336 2367/2367/2367 2368/2368/2368
f 336/336/336 2368/2368/2368 337/337/337
f 337/337/337 2368/2368/2368 2370/2370/2370
f 337/337/337 2370/2370/2370 339/339/339
f 339/339/339 2370/2370/2370 2374/2374/2374
f 339/339/339 2374/2374/2374 343/343/343
f 344/344/344 342/342/342 2378/2378/2378
f 2378/2378/2378 342/342/342 2375/2375/2375
f 345/345/345 2377/2377/2377 347/347/347
f 347/347/347 2377/2377/2377 2380/2380/2380
f 347/347/347 2380/2380/2380 349/349/349
f 349/349/349 2380/2380/2380 2382/2382/2382
f 349/349/349 2382/2382/2382 352/352/352
f 352/352/352 2382/2382/2382 2387/2387/2387
f 352/352/352 2387/2387/2387 354/354/354
f 2388/2388/2388 357/357/357 2384/2384/2384
f 2384/2384/2384 357/357/357 353/353/353
f 356/356/356 2389/2389/2389 359/359/359
f 359/359/359 2389/2389/2389 2392/2392/2392
f 359/359/359 2392/2392/2392 361/361/361
f 361/361/361 2392/2392/2392 2395/2395/2395
f 361/361/361 2395/2395/2395 363/363/363
f 363/363/363 2395/2395/2395 2353/2353/2353
f 363/363/363 2353/2353/2353 318/318/318
f 1055/1055/1055 2373/2373/2373 1057/1057/1057
f 1057/1057/1057 2373/2373/2373 2371/2371/2371
f 1057/1057/1057 2371/2371/2371 1060/1060/1060
f 1060/1060/1060 2371/2371/2371 2369/2369/2369
f 1060/1060/1060 2369/2369/2369 1061/1061/1061
f 1061/1061/1061 2369/2369/2369 2366/2366/2366
f 2365/2365/2365 2363/2363/2363 1062/1062/1062
f 1062/1062/1062 2363/2363/2363 1064/1064/1064
f 1065/1065/1065 2362/2362/2362 1068/1068/1068
f 1068/1068/1068 2362/2362/2362 2358/2358/2358
f 1068/1068/1068 2358/2358/2358 1070/1070/1070
f 1070/1070/1070 2358/2358/2358 2356/2356/2356
f 1070/1070/1070 2356/2356/2356 1071/1071/1071
f 1071/1071/1071 2356/2356/2356 2351/2351/2351
f 2350/2350/2350 2354/2354/2354 1072/1072/1072
f 1072/1072/1072 2354/2354/2354 1075/1075/1075
f 1074/1074/1074 2355/2355/2355 1077/1077/1077
f 1077/1077/1077 2355/2355/2355 2394/2394/2394
f 1077/1077/1077 2394/2394/2394 1079/1079/1079
f 1079/1079/1079 2394/2394/2394 2393/2393/2393
f 1079/1079/1079 2393/2393/2393 1081/1081/1081
f 1081/1081/1081 2393/2393/2393 2390/2390/2390
f 1085/1085/1085 2385/2385/2385 1087/1087/1087
f 1087/1087/1087 2385/2385/2385 2383/2383/2383
f 1087/1087/1087 2383/2383/2383 1089/1089/1089
f 1089/1089/1089 2383/2383/2383 2381/2381/2381
f 1089/1089/1089 2381/2381/2381 1051/1051/1051
f 1051/1051/1051 2381/2381/2381 2376/2376/2376
f 2391/2391/2391 2386/2386/2386 1083/1083/1083
f 1083/1083/1083 2386/2386/2386 1084/1084/1084
f 2379/2379/2379 2372/2372/2372 1053/1053/1053
f 1053/1053/1053 2372/2372/2372 1054/1054/1054
f 2399/2399/2399 2407/2407/2407 2397/2397/2397
f 2397/2397/2397 2407/2407/2407 2409/2409/2409
f 2397/2397/2397 2409/2409/2409 2420/2420/2420
f 2420/2420/2420 2409/2409/2409 2411/2411/2411
f 2420/2420/2420 2411/2411/2411 2417/2417/2417
f 2417/2417/2417 2411/2411/2411 2413/2413/2413
f 2417/2417/2417 2413/2413/2413 2416/2416/2416
f 2407/2407/2407 2399/2399/2399 2406/2406/2406
f 2406/2406/2406 2399/2399/2399 2401/2401/2401
f 2406/2406/2406 2401/2401/2401 2404/2404/2404
f 2424/2424/2424 2433/2433/2433 2421/2421/2421
f 2421/2421/2421 2433/2433/2433 2434/2434/2434
f 2421/2421/2421 2434/2434/2434 2444/2444/2444
f 2444/2444/2444 2434/2434/2434 2437/2437/2437
f 2444/2444/2444 2437/2437/2437 2442/2442/2442
f 2442/2442/2442 2437/2437/2437 2438/2438/2438
f 2442/2442/2442 2438/2438/2438 2441/2441/2441
f 2433/2433/2433 2424/2424/2424 2430/2430/2430
f 2430/2430/2430 2424/2424/2424 2427/2427/2427
f 2430/2430/2430 2427/2427/2427 2429/2429/2429
f 2449/2449/2449 2458/2458/2458 2447/2447/2447
f 2447/2447/2447 2458/2458/2458 2460/2460/2460
f 2447/2447/2447 2460/2460/2460 2470/2470/2470
f 2470/2470/2470 2460/2460/2460 2461/2461/2461
f 2470/2470/2470 2461/2461/2461 2468/2468/2468
f 2468/2468/2468 2461/2461/2461 2464/2464/2464
f 2468/2468/2468 2464/2464/2464 2466/2466/2466
f 2458/2458/2458 2449/2449/2449 2456/2456/2456
f 2456/2456/2456 2449/2449/2449 2452/2452/2452
f 2456/2456/2456 2452/2452/2452 2453/2453/2453
f 2475/2475/2475 2483/2483/2483 2471/2471/2471
f 2471/2471/2471 2483/2483/2483 2484/2484/2484
f 2471/2471/2471 2484/2484/2484 2495/2495/2495
f 2495/2495/2495 2484/2484/2484 2487/2487/2487
f 2495/2495/2495 2487/2487/2487 2493/2493/2493
f 2493/2493/2493 2487/2487/2487 2489/2489/2489
f 2493/2493/2493 2489/2489/2489 2491/2491/2491
f 2483/2483/2483 2475/2475/2475 2480/2480/2480
f 2480/2480/2480 2475/2475/2475 2477/2477/2477
f 2480/2480/2480 2477/2477/2477 2479/2479/2479
f 2499/2499/2499 2400/2400/2400 2497/2497/2497
f 2497/2497/2497 2400/2400/2400 2398/2398/2398
f 2496/2496/2496 2396/2396/2396 2519/2519/2519
f 2519/2519/2519 2396/2396/2396 2419/2419/2419
f 2519/2519/2519 2419/2419/2419 2518/2518/2518
f 2518/2518/2518 2419/2419/2419 2418/2418/2418
f 2518/2518/2518 2418/2418/2418 2515/2515/2515
f 2515/2515/2515 2418/2418/2418 2415/2415/2415
f 2515/2515/2515 2415/2415/2415 2514/2514/2514
f 2514/2514/2514 2415/2415/2415 2414/2414/2414
f 2514/2514/2514 2414/2414/2414 2512/2512/2512
f 2512/2512/2512 2414/2414/2414 2412/2412/2412
f 2512/2512/2512 2412/2412/2412 2510/2510/2510
f 2510/2510/2510 2412/2412/2412 2410/2410/2410
f 2510/2510/2510 2410/2410/2410 2508/2508/2508
f 2508/2508/2508 2410/2410/2410 2408/2408/2408
f 2508/2508/2508 2408/2408/2408 2506/2506/2506
f 2506/2506/2506 2408/2408/2408 2405/2405/2405
f 2506/2506/2506 2405/2405/2405 2503/2503/2503
f 2503/2503/2503 2405/2405/2405 2403/2403/2403
f 2503/2503/2503 2403/2403/2403 2502/2502/2502
f 2502/2502/2502 2403/2403/2403 2402/2402/2402
f 2502/2502/2502 2402/2402/2402 2499/2499/2499
f 2499/2499/2499 2402/2402/2402 2400/2400/2400
f 1332/1332/1332 2546/2546/2546 1307/1307/1307
f 1307/1307/1307 2546/2546/2546 2521/2521/2521
f 1308/1308/1308 2522/2522/2522 1310/1310/1310
f 1310/1310/1310 2522/2522/2522 2524/2524/2524
f 1310/1310/1310 2524/2524/2524 1312/1312/1312
f 1312/1312/1312 2524/2524/2524 2527/2527/2527
f 1312/1312/1312 2527/2527/2527 1315/1315/1315
f 1315/1315/1315 2527/2527/2527 2528/2528/2528
f 1315/1315/1315 2528/2528/2528 1317/1317/1317
f 1317/1317/1317 2528/2528/2528 2531/2531/2531
f 1317/1317/1317 2531/2531/2531 1319/1319/1319
f 1319/1319/1319 2531/2531/2531 2532/2532/2532
f 1319/1319/1319 2532/2532/2532 1321/1321/1321
f 1321/1321/1321 2532/2532/2532 2534/2534/2534
f 1321/1321/1321 2534/2534/2534 1322/1322/1322
f 1322/1322/1322 2534/2534/2534 2536/2536/2536
f 1322/1322/1322 2536/2536/2536 1324/1324/1324
f 1324/1324/1324 2536/2536/2536 2538/2538/2538
f 1324/1324/1324 2538/2538/2538 1327/1327/1327
f 1327/1327/1327 2538/2538/2538 2540/2540/2540
f 1327/1327/1327 2540/2540/2540 1328/1328/1328
f 1328/1328/1328 2540/2540/2540 2542/2542/2542
f 1328/1328/1328 2542/2542/2542 1330/1330/1330
f 1330/1330/1330 2542/2542/2542 2544/2544/2544
f 1330/1330/1330 2544/2544/2544 1332/1332/1332
f 1332/1332/1332 2544/2544/2544 2546/2546/2546
f 2525/2525/2525 2523/2523/2523 2498/2498/2498
f 2498/2498/2498 2523/2523/2523 2547/2547/2547
f 2498/2498/2498 2547/2547/2547 2500/2500/2500
f 2500/2500/2500 2547/2547/2547 2545/2545/2545
f 2500/2500/2500 2545/2545/2545 2501/2501/2501
f 2501/2501/2501 2545/2545/2545 2543/2543/2543
f 2501/2501/2501 2543/2543/2543 2504/2504/2504
f 2504/2504/2504 2543/2543/2543 2541/2541/2541
f 2504/2504/2504 2541/2541/2541 2505/2505/2505
f 2505/2505/2505 2541/2541/2541 2539/2539/2539
f 2505/2505/2505 2539/2539/2539 2507/2507/2507
f 2507/2507/2507 2539/2539/2539 2537/2537/2537
f 2507/2507/2507 2537/2537/2537 2509/2509/2509
f 2509/2509/2509 2537/2537/2537 2535/2535/2535
f 2509/2509/2509 2535/2535/2535 2511/2511/2511
f 2511/2511/2511 2535/2535/2535 2533/2533/2533
f 2511/2511/2511 2533/2533/2533 2513/2513/2513
f 2513/2513/2513 2533/2533/2533 2530/2530/2530
f 2513/2513/2513 2530/2530/2530 2516/2516/2516
f 2516/2516/2516 2530/2530/2530 2529/2529/2529
f 2516/2516/2516 2529/2529/2529 2517/2517/2517
f 2517/2517/2517 2529/2529/2529 2526/2526/2526
f 2517/2517/2517 2526/2526/2526 2520/2520/2520
f 2520/2520/2520 2526/2526/2526 2525/2525/2525
f 2520/2520/2520 2525/2525/2525 2498/2498/2498
f 2552/2552/2552 2474/2474/2474 2548/2548/2548
f 2548/2548/2548 2474/2474/2474 2473/2473/2473
f 2549/2549/2549 2472/2472/2472 2571/2571/2571
f 2571/2571/2571 2472/2472/2472 2494/2494/2494
f 2571/2571/2571 2494/2494/2494 2570/2570/2570
f 2570/2570/2570 2494/2494/2494 2492/2492/2492
f 2570/2570/2570 2492/2492/2492 2567/2567/2567
f 2567/2567/2567 2492/2492/2492 2490/2490/2490
f 2567/2567/2567 2490/2490/2490 2565/2565/2565
f 2565/2565/2565 2490/2490/2490 2488/2488/2488
f 2565/2565/2565 2488/2488/2488 2564/2564/2564
f 2564/2564/2564 2488/2488/2488 2486/2486/2486
f 2564/2564/2564 2486/2486/2486 2562/2562/2562
f 2562/2562/2562 2486/2486/2486 2485/2485/2485
f 2562/2562/2562 2485/2485/2485 2560/2560/2560
f 2560/2560/2560 2485/2485/2485 2482/2482/2482
f 2560/2560/2560 2482/2482/2482 2558/2558/2558
f 2558/2558/2558 2482/2482/2482 2481/2481/2481
f 2558/2558/2558 2481/2481/2481 2556/2556/2556
f 2556/2556/2556 2481/2481/2481 2478/2478/2478
f 2556/2556/2556 2478/2478/2478 2554/2554/2554
f 2554/2554/2554 2478/2478/2478 2476/2476/2476
f 2554/2554/2554 2476/2476/2476 2552/2552/2552
f 2552/2552/2552 2476/2476/2476 2474/2474/2474
f 1116/1116/1116 2598/2598/2598 1092/1092/1092
f 1092/1092/1092 2598/2598/2598 2573/2573/2573
f 1091/1091/1091 2575/2575/2575 1095/1095/1095
f 1095/1095/1095 2575/2575/2575 2577/2577/2577
f 1095/1095/1095 2577/2577/2577 1097/1097/1097
f 1097/1097/1097 2577/2577/2577 2579/2579/2579
f 1097/1097/1097 2579/2579/2579 1099/1099/1099
f 1099/1099/1099 2579/2579/2579 2580/2580/2580
f 1099/1099/1099 2580/2580/2580 1100/1100/1100
f 1100/1100/1100 2580/2580/2580 2583/2583/2583
f 1100/1100/1100 2583/2583/2583 1102/1102/1102
f 1102/1102/1102 2583/2583/2583 2585/2585/2585
f 1102/1102/1102 2585/2585/2585 1105/1105/1105
f 1105/1105/1105 2585/2585/2585 2586/2586/2586
f 1105/1105/1105 2586/2586/2586 1106/1106/1106
f 1106/1106/1106 2586/2586/2586 2588/2588/2588
f 1106/1106/1106 2588/2588/2588 1109/1109/1109
f 1109/1109/1109 2588/2588/2588 2591/2591/2591
f 1109/1109/1109 2591/2591/2591 1110/1110/1110
f 1110/1110/1110 2591/2591/2591 2593/2593/2593
f 1110/1110/1110 2593/2593/2593 1112/1112/1112
f 1112/1112/1112 2593/2593/2593 2594/2594/2594
f 1112/1112/1112 2594/2594/2594 1114/1114/1114
f 1114/1114/1114 2594/2594/2594 2597/2597/2597
f 1114/1114/1114 2597/2597/2597 1116/1116/1116
f 1116/1116/1116 2597/2597/2597 2598/2598/2598
f 2576/2576/2576 2574/2574/2574 2550/2550/2550
f 2550/2550/2550 2574/2574/2574 2599/2599/2599
f 2550/2550/2550 2599/2599/2599 2551/2551/2551
f 2551/2551/2551 2599/2599/2599 2596/2596/2596
f 2551/2551/2551 2596/2596/2596 2553/2553/2553
f 2553/2553/2553 2596/2596/2596 2595/2595/2595
f 2553/2553/2553 2595/2595/2595 2555/2555/2555
f 2555/2555/2555 2595/2595/2595 2592/2592/2592
f 2555/2555/2555 2592/2592/2592 2557/2557/2557
f 2557/2557/2557 2592/2592/2592 2590/2590/2590
f 2557/2557/2557 2590/2590/2590 2559/2559/2559
f 2559/2559/2559 2590/2590/2590 2589/2589/2589
f 2559/2559/2559 2589/2589/2589 2561/2561/2561
f 2561/2561/2561 2589/2589/2589 2587/2587/2587
f 2561/2561/2561 2587/2587/2587 2563/2563/2563
f 2563/2563/2563 2587/2587/2587 2584/2584/2584
f 2563/2563/2563 2584/2584/2584 2566/2566/2566
f 2566/2566/2566 2584/2584/2584 2582/2582/2582
f 2566/2566/2566 2582/2582/2582 2568/2568/2568
f 2568/2568/2568 2582/2582/2582 2581/2581/2581
f 2568/2568/2568 2581/2581/2581 2569/2569/2569
f 2569/2569/2569 2581/2581/2581 2578/2578/2578
f 2569/2569/2569 2578/2578/2578 2572/2572/2572
f 2572/2572/2572 2578/2578/2578 2576/2576/2576
f 2572/2572/2572 2576/2576/2576 2550/2550/2550
f 2603/2603/2603 2450/2450/2450 2602/2602/2602
f 2602/2602/2602 2450/2450/2450 2446/2446/2446
f 2600/2600/2600 2448/2448/2448 2624/2624/2624
f 2624/2624/2624 2448/2448/2448 2469/2469/2469
f 2624/2624/2624 2469/2469/2469 2622/2622/2622
f 2622/2622/2622 2469/2469/2469 2467/2467/2467
f 2622/2622/2622 2467/2467/2467 2620/2620/2620
f 2620/2620/2620 2467/2467/2467 2465/2465/2465
f 2620/2620/2620 2465/2465/2465 2617/2617/2617
f 2617/2617/2617 2465/2465/2465 2463/2463/2463
f 2617/2617/2617 2463/2463/2463 2615/2615/2615
f 2615/2615/2615 2463/2463/2463 2462/2462/2462
f 2615/2615/2615 2462/2462/2462 2613/2613/2613
f 2613/2613/2613 2462/2462/2462 2459/2459/2459
f 2613/2613/2613 2459/2459/2459 2612/2612/2612
f 2612/2612/2612 2459/2459/2459 2457/2457/2457
f 2612/2612/2612 2457/2457/2457 2610/2610/2610
f 2610/2610/2610 2457/2457/2457 2455/2455/2455
f 2610/2610/2610 2455/2455/2455 2608/2608/2608
f 2608/2608/2608 2455/2455/2455 2454/2454/2454
f 2608/2608/2608 2454/2454/2454 2606/2606/2606
f 2606/2606/2606 2454/2454/2454 2451/2451/2451
f 2606/2606/2606 2451/2451/2451 2603/2603/2603
f 2603/2603/2603 2451/2451/2451 2450/2450/2450
f 1306/1306/1306 2650/2650/2650 1282/1282/1282
f 1282/1282/1282 2650/2650/2650 2627/2627/2627
f 1280/1280/1280 2625/2625/2625 1283/1283/1283
f 1283/1283/1283 2625/2625/2625 2629/2629/2629
f 1283/1283/1283 2629/2629/2629 1285/1285/1285
f 1285/1285/1285 2629/2629/2629 2630/2630/2630
f 1285/1285/1285 2630/2630/2630 1288/1288/1288
f 1288/1288/1288 2630/2630/2630 2632/2632/2632
f 1288/1288/1288 2632/2632/2632 1289/1289/1289
f 1289/1289/1289 2632/2632/2632 2634/2634/2634
f 1289/1289/1289 2634/2634/2634 1291/1291/1291
f 1291/1291/1291 2634/2634/2634 2637/2637/2637
f 1291/1291/1291 2637/2637/2637 1293/1293/1293
f 1293/1293/1293 2637/2637/2637 2638/2638/2638
f 1293/1293/1293 2638/2638/2638 1296/1296/1296
f 1296/1296/1296 2638/2638/2638 2641/2641/2641
f 1296/1296/1296 2641/2641/2641 1298/1298/1298
f 1298/1298/1298 2641/2641/2641 2642/2642/2642
f 1298/1298/1298 2642/2642/2642 1299/1299/1299
f 1299/1299/1299 2642/2642/2642 2645/2645/2645
f 1299/1299/1299 2645/2645/2645 1301/1301/1301
f 1301/1301/1301 2645/2645/2645 2646/2646/2646
f 1301/1301/1301 2646/2646/2646 1304/1304/1304
f 1304/1304/1304 2646/2646/2646 2649/2649/2649
f 1304/1304/1304 2649/2649/2649 1306/1306/1306
f 1306/1306/1306 2649/2649/2649 2650/2650/2650
f 2628/2628/2628 2626/2626/2626 2601/2601/2601
f 2601/2601/2601 2626/2626/2626 2651/2651/2651
f 2601/2601/2601 2651/2651/2651 2604/2604/2604
f 2604/2604/2604 2651/2651/2651 2648/2648/2648
f 2604/2604/2604 2648/2648/2648 2605/2605/2605
f 2605/2605/2605 2648/2648/2648 2647/2647/2647
f 2605/2605/2605 2647/2647/2647 2607/2607/2607
f 2607/2607/2607 2647/2647/2647 2644/2644/2644
f 2607/2607/2607 2644/2644/2644 2609/2609/2609
f 2609/2609/2609 2644/2644/2644 2643/2643/2643
f 2609/2609/2609 2643/2643/2643 2611/2611/2611
f 2611/2611/2611 2643/2643/2643 2640/2640/2640
f 2611/2611/2611 2640/2640/2640 2614/2614/2614
f 2614/2614/2614 2640/2640/2640 2639/2639/2639
f 2614/2614/2614 2639/2639/2639 2616/2616/2616
f 2616/2616/2616 2639/2639/2639 2636/2636/2636
f 2616/2616/2616 2636/2636/2636 2618/2618/2618
f 2618/2618/2618 2636/2636/2636 2635/2635/2635
f 2618/2618/2618 2635/2635/2635 2619/2619/2619
f 2619/2619/2619 2635/2635/2635 2633/2633/2633
f 2619/2619/2619 2633/2633/2633 2621/2621/2621
f 2621/2621/2621 2633/2633/2633 2631/2631/2631
f 2621/2621/2621 2631/2631/2631 2623/2623/2623
f 2623/2623/2623 2631/2631/2631 2628/2628/2628
f 2623/2623/2623 2628/2628/2628 2601/2601/2601
f 2655/2655/2655 2425/2425/2425 2653/2653/2653
f 2653/2653/2653 2425/2425/2425 2422/2422/2422
f 2652/2652/2652 2423/2423/2423 2675/2675/2675
f 2675/2675/2675 2423/2423/2423 2445/2445/2445
f 2675/2675/2675 2445/2445/2445 2674/2674/2674
f 2674/2674/2674 2445/2445/2445 2443/2443/2443
f 2674/2674/2674 2443/2443/2443 2671/2671/2671
f 2671/2671/2671 2443/2443/2443 2440/2440/2440
f 2671/2671/2671 2440/2440/2440 2669/2669/2669
f 2669/2669/2669 2440/2440/2440 2439/2439/2439
f 2669/2669/2669 2439/2439/2439 2667/2667/2667
f 2667/2667/2667 2439/2439/2439 2436/2436/2436
f 2667/2667/2667 2436/2436/2436 2665/2665/2665
f 2665/2665/2665 2436/2436/2436 2435/2435/2435
f 2665/2665/2665 2435/2435/2435 2663/2663/2663
f 2663/2663/2663 2435/2435/2435 2432/2432/2432
f 2663/2663/2663 2432/2432/2432 2661/2661/2661
f 2661/2661/2661 2432/2432/2432 2431/2431/2431
f 2661/2661/2661 2431/2431/2431 2659/2659/2659
f 2659/2659/2659 2431/2431/2431 2428/2428/2428
f 2659/2659/2659 2428/2428/2428 2657/2657/2657
f 2657/2657/2657 2428/2428/2428 2426/2426/2426
f 2657/2657/2657 2426/2426/2426 2655/2655/2655
f 2655/2655/2655 2426/2426/2426 2425/2425/2425
f 1143/1143/1143 2703/2703/2703 1118/1118/1118
f 1118/1118/1118 2703/2703/2703 2679/2679/2679
f 1120/1120/1120 2677/2677/2677 1121/1121/1121
f 1121/1121/1121 2677/2677/2677 2680/2680/2680
f 1121/1121/1121 2680/2680/2680 1123/1123/1123
f 1123/1123/1123 2680/2680/2680 2683/2683/2683
f 1123/1123/1123 2683/2683/2683 1126/1126/1126
f 1126/1126/1126 2683/2683/2683 2685/2685/2685
f 1126/1126/1126 2685/2685/2685 1127/1127/1127
f 1127/1127/1127 2685/2685/2685 2686/2686/2686
f 1127/1127/1127 2686/2686/2686 1129/1129/1129
f 1129/1129/1129 2686/2686/2686 2689/2689/2689
f 1129/1129/1129 2689/2689/2689 1131/1131/1131
f 1131/1131/1131 2689/2689/2689 2690/2690/2690
f 1131/1131/1131 2690/2690/2690 1134/1134/1134
f 1134/1134/1134 2690/2690/2690 2692/2692/2692
f 1134/1134/1134 2692/2692/2692 1135/1135/1135
f 1135/1135/1135 2692/2692/2692 2694/2694/2694
f 1135/1135/1135 2694/2694/2694 1138/1138/1138
f 1138/1138/1138 2694/2694/2694 2697/2697/2697
f 1138/1138/1138 2697/2697/2697 1140/1140/1140
f 1140/1140/1140 2697/2697/2697 2698/2698/2698
f 1140/1140/1140 2698/2698/2698 1142/1142/1142
f 1142/1142/1142 2698/2698/2698 2700/2700/2700
f 1142/1142/1142 2700/2700/2700 1143/1143/1143
f 1143/1143/1143 2700/2700/2700 2703/2703/2703
f 2681/2681/2681 2678/2678/2678 2654/2654/2654
f 2654/2654/2654 2678/2678/2678 2702/2702/2702
f 2654/2654/2654 2702/2702/2702 2656/2656/2656
f 2656/2656/2656 2702/2702/2702 2701/2701/2701
f 2656/2656/2656 2701/2701/2701 2658/2658/2658
f 2658/2658/2658 2701/2701/2701 2699/2699/2699
f 2658/2658/2658 2699/2699/2699 2660/2660/2660
f 2660/2660/2660 2699/2699/2699 2696/2696/2696
f 2660/2660/2660 2696/2696/2696 2662/2662/2662
f 2662/2662/2662 2696/2696/2696 2695/2695/2695
f 2662/2662/2662 2695/2695/2695 2664/2664/2664
f 2664/2664/2664 2695/2695/2695 2693/2693/2693
f 2664/2664/2664 2693/2693/2693 2666/2666/2666
f 2666/2666/2666 2693/2693/2693 2691/2691/2691
f 2666/2666/2666 2691/2691/2691 2668/2668/2668
f 2668/2668/2668 2691/2691/2691 2688/2688/2688
f 2668/2668/2668 2688/2688/2688 2670/2670/2670
f 2670/2670/2670 2688/2688/2688 2687/2687/2687
f 2670/2670/2670 2687/2687/2687 2672/2672/2672
f 2672/2672/2672 2687/2687/2687 2684/2684/2684
f 2672/2672/2672 2684/2684/2684 2673/2673/2673
f 2673/2673/2673 2684/2684/2684 2682/2682/2682
f 2673/2673/2673 2682/2682/2682 2676/2676/2676
f 2676/2676/2676 2682/2682/2682 2681/2681/2681
f 2676/2676/2676 2681/2681/2681 2654/2654/2654
f 389/389/389 1258/1258/1258 367/367/367
f 367/367/367 1258/1258/1258 1256/1256/1256
f 365/365/365 1255/1255/1255 369/369/369
f 369/369/369 1255/1255/1255 1278/1278/1278
f 369/369/369 1278/1278/1278 371/371/371
f 371/371/371 1278/1278/1278 1277/1277/1277
f 371/371/371 1277/1277/1277 372/372/372
f 372/372/372 1277/1277/1277 1275/1275/1275
f 372/372/372 1275/1275/1275 375/375/375
f 375/375/375 1275/1275/1275 1273/1273/1273
f 375/375/375 1273/1273/1273 377/377/377
f 377/377/377 1273/1273/1273 1271/1271/1271
f 377/377/377 1271/1271/1271 379/379/379
f 379/379/379 1271/1271/1271 1269/1269/1269
f 379/379/379 1269/1269/1269 380/380/380
f 380/380/380 1269/1269/1269 1267/1267/1267
f 380/380/380 1267/1267/1267 383/383/383
f 383/383/383 1267/1267/1267 1264/1264/1264
f 383/383/383 1264/1264/1264 385/385/385
f 385/385/385 1264/1264/1264 1263/1263/1263
f 385/385/385 1263/1263/1263 387/387/387
f 387/387/387 1263/1263/1263 1261/1261/1261
f 387/387/387 1261/1261/1261 389/389/389
f 389/389/389 1261/1261/1261 1258/1258/1258
f 413/413/413 1233/1233/1233 390/390/390
f 390/390/390 1233/1233/1233 1231/1231/1231
f 392/392/392 1230/1230/1230 393/393/393
f 393/393/393 1230/1230/1230 1254/1254/1254
f 393/393/393 1254/1254/1254 396/396/396
f 396/396/396 1254/1254/1254 1251/1251/1251
f 396/396/396 1251/1251/1251 397/397/397
f 397/397/397 1251/1251/1251 1249/1249/1249
f 397/397/397 1249/1249/1249 400/400/400
f 400/400/400 1249/1249/1249 1248/1248/1248
f 400/400/400 1248/1248/1248 401/401/401
f 401/401/401 1248/1248/1248 1246/1246/1246
f 401/401/401 1246/1246/1246 403/403/403
f 403/403/403 1246/1246/1246 1244/1244/1244
f 403/403/403 1244/1244/1244 406/406/406
f 406/406/406 1244/1244/1244 1242/1242/1242
f 406/406/406 1242/1242/1242 408/408/408
f 408/408/408 1242/1242/1242 1240/1240/1240
f 408/408/408 1240/1240/1240 409/409/409
f 409/409/409 1240/1240/1240 1237/1237/1237
f 409/409/409 1237/1237/1237 412/412/412
f 412/412/412 1237/1237/1237 1236/1236/1236
f 412/412/412 1236/1236/1236 413/413/413
f 413/413/413 1236/1236/1236 1233/1233/1233
f 438/438/438 1209/1209/1209 416/416/416
f 416/416/416 1209/1209/1209 1206/1206/1206
f 415/415/415 1207/1207/1207 418/418/418
f 418/418/418 1207/1207/1207 1228/1228/1228
f 418/418/418 1228/1228/1228 421/421/421
f 421/421/421 1228/1228/1228 1226/1226/1226
f 421/421/421 1226/1226/1226 422/422/422
f 422/422/422 1226/1226/1226 1224/1224/1224
f 422/422/422 1224/1224/1224 425/425/425
f 425/425/425 1224/1224/1224 1222/1222/1222
f 425/425/425 1222/1222/1222 427/427/427
f 427/427/427 1222/1222/1222 1221/1221/1221
f 427/427/427 1221/1221/1221 428/428/428
f 428/428/428 1221/1221/1221 1219/1219/1219
f 428/428/428 1219/1219/1219 430/430/430
f 430/430/430 1219/1219/1219 1217/1217/1217
f 430/430/430 1217/1217/1217 433/433/433
f 433/433/433 1217/1217/1217 1214/1214/1214
f 433/433/433 1214/1214/1214 435/435/435
f 435/435/435 1214/1214/1214 1212/1212/1212
f 435/435/435 1212/1212/1212 437/437/437
f 437/437/437 1212/1212/1212 1210/1210/1210
f 437/437/437 1210/1210/1210 438/438/438
f 438/438/438 1210/1210/1210 1209/1209/1209
f 2708/2708/2708 2730/2730/2730 2707/2707/2707
f 2707/2707/2707 2730/2730/2730 2731/2731/2731
f 2707/2707/2707 2731/2731/2731 2725/2725/2725
f 2725/2725/2725 2731/2731/2731 2724/2724/2724
f 2724/2724/2724 2731/2731/2731 2721/2721/2721
f 2721/2721/2721 2731/2731/2731 2733/2733/2733
f 2721/2721/2721 2733/2733/2733 2719/2719/2719
f 2719/2719/2719 2733/2733/2733 2716/2716/2716
f 2716/2716/2716 2733/2733/2733 2732/2732/2732
f 2716/2716/2716 2732/2732/2732 2713/2713/2713
f 2713/2713/2713 2732/2732/2732 2710/2710/2710
f 2710/2710/2710 2732/2732/2732 2708/2708/2708
f 2708/2708/2708 2732/2732/2732 2730/2730/2730
f 2725/2725/2725 2727/2727/2727 2707/2707/2707
f 2733/2733/2733 2731/2731/2731 2730/2730/2730
f 2733/2733/2733 2730/2730/2730 2732/2732/2732
f 2750/2750/2750 2734/2734/2734 2748/2748/2748
f 2748/2748/2748 2734/2734/2734 2738/2738/2738
f 2748/2748/2748 2738/2738/2738 2741/2741/2741
f 2745/2745/2745 2712/2712/2712 2741/2741/2741
f 2741/2741/2741 2712/2712/2712 2746/2746/2746
f 2741/2741/2741 2746/2746/2746 2748/2748/2748
f 2754/2754/2754 2776/2776/2776 2744/2744/2744
f 2744/2744/2744 2776/2776/2776 2777/2777/2777
f 2744/2744/2744 2777/2777/2777 2771/2771/2771
f 2771/2771/2771 2777/2777/2777 2769/2769/2769
f 2769/2769/2769 2777/2777/2777 2779/2779/2779
f 2769/2769/2769 2779/2779/2779 2768/2768/2768
f 2768/2768/2768 2779/2779/2779 2766/2766/2766
f 2766/2766/2766 2779/2779/2779 2763/2763/2763
f 2763/2763/2763 2779/2779/2779 2778/2778/2778
f 2763/2763/2763 2778/2778/2778 2759/2759/2759
f 2759/2759/2759 2778/2778/2778 2756/2756/2756
f 2756/2756/2756 2778/2778/2778 2754/2754/2754
f 2754/2754/2754 2778/2778/2778 2776/2776/2776
f 2771/2771/2771 2773/2773/2773 2744/2744/2744
f 2779/2779/2779 2777/2777/2777 2776/2776/2776
f 2779/2779/2779 2776/2776/2776 2778/2778/2778
f 2761/2761/2761 2757/2757/2757 2782/2782/2782
f 2782/2782/2782 2757/2757/2757 2784/2784/2784
f 2782/2782/2782 2784/2784/2784 2780/2780/2780
f 2780/2780/2780 2784/2784/2784 2785/2785/2785
f 2780/2780/2780 2785/2785/2785 2739/2739/2739
f 2739/2739/2739 2785/2785/2785 2740/2740/2740
f 2740/2740/2740 2785/2785/2785 2755/2755/2755
f 2740/2740/2740 2755/2755/2755 2743/2743/2743
f 2757/2757/2757 2755/2755/2755 2784/2784/2784
f 2784/2784/2784 2755/2755/2755 2785/2785/2785
f 2739/2739/2739 2735/2735/2735 2780/2780/2780
f 2751/2751/2751 2749/2749/2749 2790/2790/2790
f 2790/2790/2790 2749/2749/2749 2792/2792/2792
f 2790/2790/2790 2792/2792/2792 2788/2788/2788
f 2788/2788/2788 2792/2792/2792 2793/2793/2793
f 2788/2788/2788 2793/2793/2793 2786/2786/2786
f 2786/2786/2786 2793/2793/2793 2709/2709/2709
f 2786/2786/2786 2709/2709/2709 2705/2705/2705
f 2749/2749/2749 2747/2747/2747 2792/2792/2792
f 2792/2792/2792 2747/2747/2747 2711/2711/2711
f 2792/2792/2792 2711/2711/2711 2793/2793/2793
f 2793/2793/2793 2711/2711/2711 2709/2709/2709
f 2747/2747/2747 2714/2714/2714 2711/2711/2711
f 2728/2728/2728 1176/1176/1176 2704/2704/2704
f 2704/2704/2704 1176/1176/1176 1173/1173/1173
f 2717/2717/2717 2715/2715/2715 2799/2799/2799
f 2799/2799/2799 2715/2715/2715 2798/2798/2798
f 2798/2798/2798 2715/2715/2715 2742/2742/2742
f 2798/2798/2798 2742/2742/2742 2795/2795/2795
f 2795/2795/2795 2742/2742/2742 2774/2774/2774
f 1148/1148/1148 2758/2758/2758 1152/1152/1152
f 1152/1152/1152 2758/2758/2758 2783/2783/2783
f 1152/1152/1152 2783/2783/2783 1154/1154/1154
f 1154/1154/1154 2783/2783/2783 2781/2781/2781
f 1154/1154/1154 2781/2781/2781 1155/1155/1155
f 1155/1155/1155 2781/2781/2781 1158/1158/1158
f 1158/1158/1158 2781/2781/2781 2736/2736/2736
f 1158/1158/1158 2736/2736/2736 1161/1161/1161
f 2737/2737/2737 2752/2752/2752 1159/1159/1159
f 1159/1159/1159 2752/2752/2752 1164/1164/1164
f 1163/1163/1163 2753/2753/2753 1165/1165/1165
f 1165/1165/1165 2753/2753/2753 2791/2791/2791
f 1165/1165/1165 2791/2791/2791 1168/1168/1168
f 1168/1168/1168 2791/2791/2791 1169/1169/1169
f 1169/1169/1169 2791/2791/2791 2789/2789/2789
f 1169/1169/1169 2789/2789/2789 1171/1171/1171
f 1171/1171/1171 2789/2789/2789 2787/2787/2787
f 1171/1171/1171 2787/2787/2787 1174/1174/1174
f 1174/1174/1174 2787/2787/2787 2706/2706/2706
f 2764/2764/2764 2760/2760/2760 1145/1145/1145
f 1145/1145/1145 2760/2760/2760 1149/1149/1149
f 2720/2720/2720 2718/2718/2718 588/588/588
f 588/588/588 2718/2718/2718 2800/2800/2800
f 588/588/588 2800/2800/2800 590/590/590
f 590/590/590 2800/2800/2800 2797/2797/2797
f 590/590/590 2797/2797/2797 550/550/550
f 552/552/552 2796/2796/2796 2794/2794/2794
f 552/552/552 2794/2794/2794 553/553/553
f 553/553/553 2794/2794/2794 2775/2775/2775
f 553/553/553 2775/2775/2775 555/555/555
f 555/555/555 2775/2775/2775 2772/2772/2772
f 555/555/555 2772/2772/2772 2770/2770/2770
f 555/555/555 2770/2770/2770 557/557/557
f 557/557/557 2770/2770/2770 2767/2767/2767
f 557/557/557 2767/2767/2767 2765/2765/2765
f 2765/2765/2765 2762/2762/2762 557/557/557
f 557/557/557 2762/2762/2762 1147/1147/1147
f 557/557/557 1147/1147/1147 1203/1203/1203
f 557/557/557 1203/1203/1203 559/559/559
f 559/559/559 1203/1203/1203 1202/1202/1202
f 559/559/559 1202/1202/1202 562/562/562
f 562/562/562 1202/1202/1202 1200/1200/1200
f 562/562/562 1200/1200/1200 564/564/564
f 564/564/564 1200/1200/1200 1198/1198/1198
f 564/564/564 1198/1198/1198 566/566/566
f 566/566/566 1198/1198/1198 1196/1196/1196
f 566/566/566 1196/1196/1196 568/568/568
f 568/568/568 1196/1196/1196 1194/1194/1194
f 568/568/568 1194/1194/1194 569/569/569
f 569/569/569 1194/1194/1194 1191/1191/1191
f 569/569/569 1191/1191/1191 572/572/572
f 572/572/572 1191/1191/1191 1189/1189/1189
f 572/572/572 1189/1189/1189 573/573/573
f 573/573/573 1189/1189/1189 1188/1188/1188
f 573/573/573 1188/1188/1188 575/575/575
f 575/575/575 1188/1188/1188 1185/1185/1185
f 575/575/575 1185/1185/1185 577/577/577
f 577/577/577 1185/1185/1185 1183/1183/1183
f 577/577/577 1183/1183/1183 579/579/579
f 579/579/579 1183/1183/1183 582/582/582
f 582/582/582 1183/1183/1183 1182/1182/1182
f 582/582/582 1182/1182/1182 583/583/583
f 583/583/583 1182/1182/1182 1179/1179/1179
f 583/583/583 1179/1179/1179 586/586/586
f 586/586/586 1179/1179/1179 1177/1177/1177
f 586/586/586 1177/1177/1177 2729/2729/2729
f 2729/2729/2729 2726/2726/2726 586/586/586
f 586/586/586 2726/2726/2726 2723/2723/2723
f 586/586/586 2723/2723/2723 2722/2722/2722
f 2722/2722/2722 2720/2720/2720 586/586/586
f 586/586/586 2720/2720/2720 588/588/588
f 2804/2804/2804 2849/2849/2849 2802/2802/2802
f 2802/2802/2802 2849/2849/2849 2827/2827/2827
f 2803/2803/2803 2826/2826/2826 2825/2825/2825
f 2825/2825/2825 2826/2826/2826 2830/2830/2830
f 2825/2825/2825 2830/2830/2830 2822/2822/2822
f 2822/2822/2822 2830/2830/2830 2832/2832/2832
f 2822/2822/2822 2832/2832/2832 2820/2820/2820
f 2820/2820/2820 2832/2832/2832 2834/2834/2834
f 2820/2820/2820 2834/2834/2834 2819/2819/2819
f 2819/2819/2819 2834/2834/2834 2836/2836/2836
f 2819/2819/2819 2836/2836/2836 2817/2817/2817
f 2817/2817/2817 2836/2836/2836 2837/2837/2837
f 2817/2817/2817 2837/2837/2837 2814/2814/2814
f 2814/2814/2814 2837/2837/2837 2840/2840/2840
f 2814/2814/2814 2840/2840/2840 2813/2813/2813
f 2813/2813/2813 2840/2840/2840 2842/2842/2842
f 2813/2813/2813 2842/2842/2842 2811/2811/2811
f 2811/2811/2811 2842/2842/2842 2843/2843/2843
f 2811/2811/2811 2843/2843/2843 2808/2808/2808
f 2808/2808/2808 2843/2843/2843 2846/2846/2846
f 2808/2808/2808 2846/2846/2846 2806/2806/2806
f 2806/2806/2806 2846/2846/2846 2847/2847/2847
f 2806/2806/2806 2847/2847/2847 2804/2804/2804
f 2804/2804/2804 2847/2847/2847 2849/2849/2849
f 2824/2824/2824 2816/2816/2816 2801/2801/2801
f 2801/2801/2801 2816/2816/2816 2815/2815/2815
f 2801/2801/2801 2815/2815/2815 2805/2805/2805
f 2805/2805/2805 2815/2815/2815 2812/2812/2812
f 2805/2805/2805 2812/2812/2812 2807/2807/2807
f 2807/2807/2807 2812/2812/2812 2810/2810/2810
f 2807/2807/2807 2810/2810/2810 2809/2809/2809
f 2816/2816/2816 2824/2824/2824 2818/2818/2818
f 2818/2818/2818 2824/2824/2824 2823/2823/2823
f 2818/2818/2818 2823/2823/2823 2821/2821/2821
f 2854/2854/2854 2899/2899/2899 2851/2851/2851
f 2851/2851/2851 2899/2899/2899 2877/2877/2877
f 2852/2852/2852 2876/2876/2876 2875/2875/2875
f 2875/2875/2875 2876/2876/2876 2880/2880/2880
f 2875/2875/2875 2880/2880/2880 2873/2873/2873
f 2873/2873/2873 2880/2880/2880 2881/2881/2881
f 2873/2873/2873 2881/2881/2881 2871/2871/2871
f 2871/2871/2871 2881/2881/2881 2884/2884/2884
f 2871/2871/2871 2884/2884/2884 2869/2869/2869
f 2869/2869/2869 2884/2884/2884 2886/2886/2886
f 2869/2869/2869 2886/2886/2886 2866/2866/2866
f 2866/2866/2866 2886/2886/2886 2887/2887/2887
f 2866/2866/2866 2887/2887/2887 2865/2865/2865
f 2865/2865/2865 2887/2887/2887 2890/2890/2890
f 2865/2865/2865 2890/2890/2890 2862/2862/2862
f 2862/2862/2862 2890/2890/2890 2892/2892/2892
f 2862/2862/2862 2892/2892/2892 2861/2861/2861
f 2861/2861/2861 2892/2892/2892 2893/2893/2893
f 2861/2861/2861 2893/2893/2893 2859/2859/2859
f 2859/2859/2859 2893/2893/2893 2896/2896/2896
f 2859/2859/2859 2896/2896/2896 2857/2857/2857
f 2857/2857/2857 2896/2896/2896 2898/2898/2898
f 2857/2857/2857 2898/2898/2898 2854/2854/2854
f 2854/2854/2854 2898/2898/2898 2899/2899/2899
f 2874/2874/2874 2867/2867/2867 2853/2853/2853
f 2853/2853/2853 2867/2867/2867 2864/2864/2864
f 2853/2853/2853 2864/2864/2864 2855/2855/2855
f 2855/2855/2855 2864/2864/2864 2863/2863/2863
f 2855/2855/2855 2863/2863/2863 2856/2856/2856
f 2856/2856/2856 2863/2863/2863 2860/2860/2860
f 2856/2856/2856 2860/2860/2860 2858/2858/2858
f 2867/2867/2867 2874/2874/2874 2868/2868/2868
f 2868/2868/2868 2874/2874/2874 2872/2872/2872
f 2868/2868/2868 2872/2872/2872 2870/2870/2870
f 2905/2905/2905 2950/2950/2950 2902/2902/2902
f 2902/2902/2902 2950/2950/2950 2928/2928/2928
f 2901/2901/2901 2926/2926/2926 2925/2925/2925
f 2925/2925/2925 2926/2926/2926 2929/2929/2929
f 2925/2925/2925 2929/2929/2929 2923/2923/2923
f 2923/2923/2923 2929/2929/2929 2932/2932/2932
f 2923/2923/2923 2932/2932/2932 2920/2920/2920
f 2920/2920/2920 2932/2932/2932 2933/2933/2933
f 2920/2920/2920 2933/2933/2933 2918/2918/2918
f 2918/2918/2918 2933/2933/2933 2936/2936/2936
f 2918/2918/2918 2936/2936/2936 2917/2917/2917
f 2917/2917/2917 2936/2936/2936 2938/2938/2938
f 2917/2917/2917 2938/2938/2938 2914/2914/2914
f 2914/2914/2914 2938/2938/2938 2940/2940/2940
f 2914/2914/2914 2940/2940/2940 2913/2913/2913
f 2913/2913/2913 2940/2940/2940 2941/2941/2941
f 2913/2913/2913 2941/2941/2941 2910/2910/2910
f 2910/2910/2910 2941/2941/2941 2943/2943/2943
f 2910/2910/2910 2943/2943/2943 2908/2908/2908
f 2908/2908/2908 2943/2943/2943 2946/2946/2946
f 2908/2908/2908 2946/2946/2946 2907/2907/2907
f 2907/2907/2907 2946/2946/2946 2948/2948/2948
f 2907/2907/2907 2948/2948/2948 2905/2905/2905
f 2905/2905/2905 2948/2948/2948 2950/2950/2950
f 2924/2924/2924 2916/2916/2916 2903/2903/2903
f 2903/2903/2903 2916/2916/2916 2915/2915/2915
f 2903/2903/2903 2915/2915/2915 2904/2904/2904
f 2904/2904/2904 2915/2915/2915 2912/2912/2912
f 2904/2904/2904 2912/2912/2912 2906/2906/2906
f 2906/2906/2906 2912/2912/2912 2911/2911/2911
f 2906/2906/2906 2911/2911/2911 2909/2909/2909
f 2916/2916/2916 2924/2924/2924 2919/2919/2919
f 2919/2919/2919 2924/2924/2924 2922/2922/2922
f 2919/2919/2919 2922/2922/2922 2921/2921/2921
f 2954/2954/2954 2999/2999/2999 2953/2953/2953
f 2953/2953/2953 2999/2999/2999 2976/2976/2976
f 2952/2952/2952 2977/2977/2977 2975/2975/2975
f 2975/2975/2975 2977/2977/2977 2979/2979/2979
f 2975/2975/2975 2979/2979/2979 2972/2972/2972
f 2972/2972/2972 2979/2979/2979 2982/2982/2982
f 2972/2972/2972 2982/2982/2982 2970/2970/2970
f 2970/2970/2970 2982/2982/2982 2983/2983/2983
f 2970/2970/2970 2983/2983/2983 2969/2969/2969
f 2969/2969/2969 2983/2983/2983 2985/2985/2985
f 2969/2969/2969 2985/2985/2985 2966/2966/2966
f 2966/2966/2966 2985/2985/2985 2987/2987/2987
f 2966/2966/2966 2987/2987/2987 2964/2964/2964
f 2964/2964/2964 2987/2987/2987 2990/2990/2990
f 2964/2964/2964 2990/2990/2990 2962/2962/2962
f 2962/2962/2962 2990/2990/2990 2992/2992/2992
f 2962/2962/2962 2992/2992/2992 2960/2960/2960
f 2960/2960/2960 2992/2992/2992 2994/2994/2994
f 2960/2960/2960 2994/2994/2994 2958/2958/2958
f 2958/2958/2958 2994/2994/2994 2996/2996/2996
f 2958/2958/2958 2996/2996/2996 2957/2957/2957
f 2957/2957/2957 2996/2996/2996 2998/2998/2998
f 2957/2957/2957 2998/2998/2998 2954/2954/2954
f 2954/2954/2954 2998/2998/2998 2999/2999/2999
f 2974/2974/2974 2967/2967/2967 2951/2951/2951
f 2951/2951/2951 2967/2967/2967 2965/2965/2965
f 2951/2951/2951 2965/2965/2965 2955/2955/2955
f 2955/2955/2955 2965/2965/2965 2963/2963/2963
f 2955/2955/2955 2963/2963/2963 2956/2956/2956
f 2956/2956/2956 2963/2963/2963 2961/2961/2961
f 2956/2956/2956 2961/2961/2961 2959/2959/2959
f 2967/2967/2967 2974/2974/2974 2968/2968/2968
f 2968/2968/2968 2974/2974/2974 2973/2973/2973
f 2968/2968/2968 2973/2973/2973 2971/2971/2971
f 1482/1482/1482 3002/3002/3002 943/943/943
f 943/943/943 3002/3002/3002 3005/3005/3005
f 943/943/943 3005/3005/3005 947/947/947
f 947/947/947 3005/3005/3005 3007/3007/3007
f 947/947/947 3007/3007/3007 949/949/949
f 949/949/949 3007/3007/3007 3009/3009/3009
f 949/949/949 3009/3009/3009 951/951/951
f 951/951/951 3009/3009/3009 3011/3011/3011
f 951/951/951 3011/3011/3011 952/952/952
f 952/952/952 3011/3011/3011 3013/3013/3013
f 952/952/952 3013/3013/3013 955/955/955
f 955/955/955 3013/3013/3013 3014/3014/3014
f 955/955/955 3014/3014/3014 957/957/957
f 957/957/957 3014/3014/3014 3017/3017/3017
f 957/957/957 3017/3017/3017 959/959/959
f 959/959/959 3017/3017/3017 1569/1569/1569
f 959/959/959 1569/1569/1569 961/961/961
f 1482/1482/1482 1480/1480/1480 3002/3002/3002
f 3002/3002/3002 1480/1480/1480 1478/1478/1478
f 3002/3002/3002 1478/1478/1478 1431/1431/1431
f 1432/1432/1432 1460/1460/1460 3003/3003/3003
f 3003/3003/3003 1460/1460/1460 1458/1458/1458
f 3003/3003/3003 1458/1458/1458 1457/1457/1457
f 1571/1571/1571 2900/2900/2900 1541/1541/1541
f 1541/1541/1541 2900/2900/2900 2897/2897/2897
f 1541/1541/1541 2897/2897/2897 1543/1543/1543
f 1543/1543/1543 2897/2897/2897 2895/2895/2895
f 1543/1543/1543 2895/2895/2895 1545/1545/1545
f 1545/1545/1545 2895/2895/2895 1546/1546/1546
f 1546/1546/1546 2895/2895/2895 2115/2115/2115
f 1546/1546/1546 2115/2115/2115 1550/1550/1550
f 1550/1550/1550 2115/2115/2115 2114/2114/2114
f 1550/1550/1550 2114/2114/2114 3186/3186/3186
f 3186/3186/3186 2114/2114/2114 2111/2111/2111
f 3186/3186/3186 2111/2111/2111 3183/3183/3183
f 3183/3183/3183 2111/2111/2111 2110/2110/2110
f 3183/3183/3183 2110/2110/2110 3182/3182/3182
f 3182/3182/3182 2110/2110/2110 2108/2108/2108
f 3182/3182/3182 2108/2108/2108 3179/3179/3179
f 3179/3179/3179 2108/2108/2108 2105/2105/2105
f 3179/3179/3179 2105/2105/2105 3178/3178/3178
f 3178/3178/3178 2105/2105/2105 2103/2103/2103
f 3178/3178/3178 2103/2103/2103 3176/3176/3176
f 3176/3176/3176 2103/2103/2103 2101/2101/2101
f 3176/3176/3176 2101/2101/2101 3174/3174/3174
f 3174/3174/3174 2101/2101/2101 2099/2099/2099
f 3174/3174/3174 2099/2099/2099 3170/3170/3170
f 3170/3170/3170 2099/2099/2099 2097/2097/2097
f 3170/3170/3170 2097/2097/2097 2095/2095/2095
f 3016/3016/3016 2879/2879/2879 1571/1571/1571
f 1571/1571/1571 2879/2879/2879 2878/2878/2878
f 1571/1571/1571 2878/2878/2878 2900/2900/2900
f 3015/3015/3015 2883/2883/2883 3016/3016/3016
f 3016/3016/3016 2883/2883/2883 2882/2882/2882
f 3016/3016/3016 2882/2882/2882 2879/2879/2879
f 3012/3012/3012 3008/3008/3008 3015/3015/3015
f 3015/3015/3015 3008/3008/3008 3006/3006/3006
f 3015/3015/3015 3006/3006/3006 2883/2883/2883
f 2883/2883/2883 3006/3006/3006 2885/2885/2885
f 2885/2885/2885 3006/3006/3006 3004/3004/3004
f 2885/2885/2885 3004/3004/3004 2888/2888/2888
f 2888/2888/2888 3004/3004/3004 3001/3001/3001
f 2888/2888/2888 3001/3001/3001 2889/2889/2889
f 2889/2889/2889 3001/3001/3001 1456/1456/1456
f 2889/2889/2889 1456/1456/1456 2891/2891/2891
f 2891/2891/2891 1456/1456/1456 1453/1453/1453
f 2891/2891/2891 1453/1453/1453 2894/2894/2894
f 2894/2894/2894 1453/1453/1453 1452/1452/1452
f 2894/2894/2894 1452/1452/1452 1449/1449/1449
f 3012/3012/3012 3010/3010/3010 3008/3008/3008
f 1447/1447/1447 2115/2115/2115 1449/1449/1449
f 1449/1449/1449 2115/2115/2115 2895/2895/2895
f 1449/1449/1449 2895/2895/2895 2894/2894/2894
f 2115/2115/2115 1447/1447/1447 2117/2117/2117
f 2117/2117/2117 1447/1447/1447 1520/1520/1520
f 2117/2117/2117 1520/1520/1520 2120/2120/2120
f 2120/2120/2120 1520/1520/1520 2121/2121/2121
f 2121/2121/2121 1520/1520/1520 1518/1518/1518
f 2121/2121/2121 1518/1518/1518 2124/2124/2124
f 2124/2124/2124 1518/1518/1518 2126/2126/2126
f 2126/2126/2126 1518/1518/1518 1516/1516/1516
f 2126/2126/2126 1516/1516/1516 2128/2128/2128
f 2128/2128/2128 1516/1516/1516 2129/2129/2129
f 2129/2129/2129 1516/1516/1516 1514/1514/1514
f 2129/2129/2129 1514/1514/1514 2132/2132/2132
f 2132/2132/2132 1514/1514/1514 2134/2134/2134
f 2134/2134/2134 1514/1514/1514 1511/1511/1511
f 2134/2134/2134 1511/1511/1511 2136/2136/2136
f 2136/2136/2136 1511/1511/1511 2137/2137/2137
f 2137/2137/2137 1511/1511/1511 1509/1509/1509
f 2137/2137/2137 1509/1509/1509 2140/2140/2140
f 2140/2140/2140 1509/1509/1509 2142/2142/2142
f 2142/2142/2142 1509/1509/1509 1508/1508/1508
f 2142/2142/2142 1508/1508/1508 2143/2143/2143
f 2143/2143/2143 1508/1508/1508 1506/1506/1506
f 2143/2143/2143 1506/1506/1506 2145/2145/2145
f 2145/2145/2145 1506/1506/1506 2147/2147/2147
f 2147/2147/2147 1506/1506/1506 1502/1502/1502
f 2147/2147/2147 1502/1502/1502 2150/2150/2150
f 2150/2150/2150 1502/1502/1502 1594/1594/1594
f 2150/2150/2150 1594/1594/1594 2845/2845/2845
f 2845/2845/2845 1594/1594/1594 2848/2848/2848
f 2848/2848/2848 1594/1594/1594 1592/1592/1592
f 2848/2848/2848 1592/1592/1592 1590/1590/1590
f 2848/2848/2848 1590/1590/1590 2850/2850/2850
f 2850/2850/2850 1590/1590/1590 1588/1588/1588
f 2850/2850/2850 1588/1588/1588 2828/2828/2828
f 2828/2828/2828 1588/1588/1588 1632/1632/1632
f 2828/2828/2828 1632/1632/1632 2829/2829/2829
f 2829/2829/2829 1632/1632/1632 1653/1653/1653
f 2829/2829/2829 1653/1653/1653 2831/2831/2831
f 2831/2831/2831 1653/1653/1653 2833/2833/2833
f 2833/2833/2833 1653/1653/1653 1651/1651/1651
f 2833/2833/2833 1651/1651/1651 1644/1644/1644
f 1644/1644/1644 1651/1651/1651 1646/1646/1646
f 1646/1646/1646 1651/1651/1651 1649/1649/1649
f 1646/1646/1646 1649/1649/1649 1648/1648/1648
f 2833/2833/2833 1644/1644/1644 2835/2835/2835
f 2835/2835/2835 1644/1644/1644 1642/1642/1642
f 2835/2835/2835 1642/1642/1642 2838/2838/2838
f 2838/2838/2838 1642/1642/1642 1640/1640/1640
f 2838/2838/2838 1640/1640/1640 2839/2839/2839
f 2839/2839/2839 1640/1640/1640 2841/2841/2841
f 2841/2841/2841 1640/1640/1640 1677/1677/1677
f 2841/2841/2841 1677/1677/1677 2844/2844/2844
f 2844/2844/2844 1677/1677/1677 1673/1673/1673
f 2844/2844/2844 1673/1673/1673 2845/2845/2845
f 2845/2845/2845 1673/1673/1673 1672/1672/1672
f 2845/2845/2845 1672/1672/1672 1669/1669/1669
f 1668/1668/1668 2152/2152/2152 1669/1669/1669
f 1669/1669/1669 2152/2152/2152 2150/2150/2150
f 1669/1669/1669 2150/2150/2150 2845/2845/2845
f 1668/1668/1668 1738/1738/1738 2152/2152/2152
f 2152/2152/2152 1738/1738/1738 2154/2154/2154
f 2154/2154/2154 1738/1738/1738 2157/2157/2157
f 2095/2095/2095 3019/3019/3019 3170/3170/3170
f 3170/3170/3170 3019/3019/3019 3021/3021/3021
f 3170/3170/3170 3021/3021/3021 3169/3169/3169
f 3169/3169/3169 3021/3021/3021 3022/3022/3022
f 3169/3169/3169 3022/3022/3022 3166/3166/3166
f 3166/3166/3166 3022/3022/3022 3025/3025/3025
f 3166/3166/3166 3025/3025/3025 3164/3164/3164
f 3164/3164/3164 3025/3025/3025 3162/3162/3162
f 3162/3162/3162 3025/3025/3025 3027/3027/3027
f 3162/3162/3162 3027/3027/3027 3161/3161/3161
f 3161/3161/3161 3027/3027/3027 3028/3028/3028
f 3161/3161/3161 3028/3028/3028 3159/3159/3159
f 3159/3159/3159 3028/3028/3028 3030/3030/3030
f 3159/3159/3159 3030/3030/3030 3156/3156/3156
f 3156/3156/3156 3030/3030/3030 3033/3033/3033
f 3156/3156/3156 3033/3033/3033 3155/3155/3155
f 3155/3155/3155 3033/3033/3033 3035/3035/3035
f 3155/3155/3155 3035/3035/3035 3153/3153/3153
f 3153/3153/3153 3035/3035/3035 3036/3036/3036
f 3153/3153/3153 3036/3036/3036 3150/3150/3150
f 3150/3150/3150 3036/3036/3036 3038/3038/3038
f 3150/3150/3150 3038/3038/3038 3148/3148/3148
f 3148/3148/3148 3038/3038/3038 3041/3041/3041
f 3148/3148/3148 3041/3041/3041 3146/3146/3146
f 3146/3146/3146 3041/3041/3041 3042/3042/3042
f 3146/3146/3146 3042/3042/3042 3145/3145/3145
f 3145/3145/3145 3042/3042/3042 3044/3044/3044
f 3145/3145/3145 3044/3044/3044 3143/3143/3143
f 3143/3143/3143 3044/3044/3044 3141/3141/3141
f 3141/3141/3141 3044/3044/3044 3046/3046/3046
f 3141/3141/3141 3046/3046/3046 3138/3138/3138
f 3138/3138/3138 3046/3046/3046 3049/3049/3049
f 3138/3138/3138 3049/3049/3049 3136/3136/3136
f 3136/3136/3136 3049/3049/3049 3050/3050/3050
f 3136/3136/3136 3050/3050/3050 3052/3052/3052
f 3052/3052/3052 3056/3056/3056 3136/3136/3136
f 3136/3136/3136 3056/3056/3056 3134/3134/3134
f 3134/3134/3134 3056/3056/3056 3057/3057/3057
f 3134/3134/3134 3057/3057/3057 3131/3131/3131
f 3131/3131/3131 3057/3057/3057 3059/3059/3059
f 3131/3131/3131 3059/3059/3059 3130/3130/3130
f 3130/3130/3130 3059/3059/3059 3061/3061/3061
f 3130/3130/3130 3061/3061/3061 3127/3127/3127
f 3127/3127/3127 3061/3061/3061 3063/3063/3063
f 3127/3127/3127 3063/3063/3063 3125/3125/3125
f 3125/3125/3125 3063/3063/3063 3065/3065/3065
f 3125/3125/3125 3065/3065/3065 3123/3123/3123
f 3123/3123/3123 3065/3065/3065 3067/3067/3067
f 3123/3123/3123 3067/3067/3067 3121/3121/3121
f 3121/3121/3121 3067/3067/3067 3070/3070/3070
f 3121/3121/3121 3070/3070/3070 665/665/665
f 665/665/665 3070/3070/3070 3072/3072/3072
f 665/665/665 3072/3072/3072 3073/3073/3073
f 3076/3076/3076 1387/1387/1387 3073/3073/3073
f 3073/3073/3073 1387/1387/1387 1384/1384/1384
f 3073/3073/3073 1384/1384/1384 2984/2984/2984
f 2984/2984/2984 1384/1384/1384 1383/1383/1383
f 2984/2984/2984 1383/1383/1383 2986/2986/2986
f 2986/2986/2986 1383/1383/1383 1380/1380/1380
f 2986/2986/2986 1380/1380/1380 2988/2988/2988
f 2988/2988/2988 1380/1380/1380 1378/1378/1378
f 2988/2988/2988 1378/1378/1378 2989/2989/2989
f 2989/2989/2989 1378/1378/1378 1352/1352/1352
f 2989/2989/2989 1352/1352/1352 2991/2991/2991
f 2991/2991/2991 1352/1352/1352 1350/1350/1350
f 2991/2991/2991 1350/1350/1350 2993/2993/2993
f 2993/2993/2993 1350/1350/1350 2995/2995/2995
f 2995/2995/2995 1350/1350/1350 1347/1347/1347
f 2995/2995/2995 1347/1347/1347 1340/1340/1340
f 1340/1340/1340 1347/1347/1347 1342/1342/1342
f 1342/1342/1342 1347/1347/1347 1346/1346/1346
f 1342/1342/1342 1346/1346/1346 1343/1343/1343
f 3076/3076/3076 3078/3078/3078 1387/1387/1387
f 1387/1387/1387 3078/3078/3078 3120/3120/3120
f 3120/3120/3120 3078/3078/3078 3079/3079/3079
f 3120/3120/3120 3079/3079/3079 3118/3118/3118
f 3118/3118/3118 3079/3079/3079 3082/3082/3082
f 3118/3118/3118 3082/3082/3082 3115/3115/3115
f 3115/3115/3115 3082/3082/3082 3084/3084/3084
f 3115/3115/3115 3084/3084/3084 3113/3113/3113
f 3113/3113/3113 3084/3084/3084 3111/3111/3111
f 3111/3111/3111 3084/3084/3084 3085/3085/3085
f 3111/3111/3111 3085/3085/3085 3110/3110/3110
f 3110/3110/3110 3085/3085/3085 3087/3087/3087
f 3110/3110/3110 3087/3087/3087 3108/3108/3108
f 3108/3108/3108 3087/3087/3087 3090/3090/3090
f 3108/3108/3108 3090/3090/3090 3106/3106/3106
f 3106/3106/3106 3090/3090/3090 3091/3091/3091
f 3106/3106/3106 3091/3091/3091 1766/1766/1766
f 1766/1766/1766 3091/3091/3091 3093/3093/3093
f 1766/1766/1766 3093/3093/3093 1767/1767/1767
f 1767/1767/1767 3093/3093/3093 2934/2934/2934
f 1767/1767/1767 2934/2934/2934 2931/2931/2931
f 2934/2934/2934 3093/3093/3093 1860/1860/1860
f 1860/1860/1860 3093/3093/3093 3095/3095/3095
f 1860/1860/1860 3095/3095/3095 1862/1862/1862
f 1862/1862/1862 3095/3095/3095 3097/3097/3097
f 1862/1862/1862 3097/3097/3097 3102/3102/3102
f 3102/3102/3102 3097/3097/3097 3101/3101/3101
f 1860/1860/1860 1858/1858/1858 2934/2934/2934
f 2934/2934/2934 1858/1858/1858 1855/1855/1855
f 2934/2934/2934 1855/1855/1855 2935/2935/2935
f 2935/2935/2935 1855/1855/1855 1852/1852/1852
f 2935/2935/2935 1852/1852/1852 2937/2937/2937
f 2937/2937/2937 1852/1852/1852 1834/1834/1834
f 2937/2937/2937 1834/1834/1834 2939/2939/2939
f 2939/2939/2939 1834/1834/1834 2942/2942/2942
f 2942/2942/2942 1834/1834/1834 1832/1832/1832
f 2942/2942/2942 1832/1832/1832 2944/2944/2944
f 2944/2944/2944 1832/1832/1832 2945/2945/2945
f 2945/2945/2945 1832/1832/1832 1830/1830/1830
f 2945/2945/2945 1830/1830/1830 1823/1823/1823
f 1823/1823/1823 1830/1830/1830 1824/1824/1824
f 1824/1824/1824 1830/1830/1830 1828/1828/1828
f 1824/1824/1824 1828/1828/1828 1826/1826/1826
f 2945/2945/2945 1823/1823/1823 2947/2947/2947
f 2947/2947/2947 1823/1823/1823 1821/1821/1821
f 2947/2947/2947 1821/1821/1821 2949/2949/2949
f 2949/2949/2949 1821/1821/1821 1819/1819/1819
f 2949/2949/2949 1819/1819/1819 2927/2927/2927
f 2927/2927/2927 1819/1819/1819 1775/1775/1775
f 2927/2927/2927 1775/1775/1775 2930/2930/2930
f 2930/2930/2930 1775/1775/1775 1772/1772/1772
f 2930/2930/2930 1772/1772/1772 2931/2931/2931
f 2931/2931/2931 1772/1772/1772 1770/1770/1770
f 2931/2931/2931 1770/1770/1770 1767/1767/1767
f 2995/2995/2995 1340/1340/1340 2997/2997/2997
f 2997/2997/2997 1340/1340/1340 1338/1338/1338
f 2997/2997/2997 1338/1338/1338 3000/3000/3000
f 3000/3000/3000 1338/1338/1338 1336/1336/1336
f 3000/3000/3000 1336/1336/1336 2978/2978/2978
f 2978/2978/2978 1336/1336/1336 2980/2980/2980
f 2980/2980/2980 1336/1336/1336 673/673/673
f 2980/2980/2980 673/673/673 2981/2981/2981
f 2981/2981/2981 673/673/673 671/671/671
f 2981/2981/2981 671/671/671 670/670/670
f 2981/2981/2981 670/670/670 2984/2984/2984
f 2984/2984/2984 670/670/670 667/667/667
f 2984/2984/2984 667/667/667 3073/3073/3073
f 3073/3073/3073 667/667/667 665/665/665
f 1392/1392/1392 3188/3188/3188 1366/1366/1366
f 1366/1366/1366 3188/3188/3188 3189/3189/3189
f 1366/1366/1366 3189/3189/3189 1408/1408/1408
f 1408/1408/1408 3189/3189/3189 1411/1411/1411
f 1411/1411/1411 3189/3189/3189 742/742/742
f 1411/1411/1411 742/742/742 1413/1413/1413
f 1413/1413/1413 742/742/742 739/739/739
f 1392/1392/1392 1389/1389/1389 3188/3188/3188
f 3188/3188/3188 1389/1389/1389 3119/3119/3119
f 3188/3188/3188 3119/3119/3119 3190/3190/3190
f 3190/3190/3190 3119/3119/3119 3117/3117/3117
f 3190/3190/3190 3117/3117/3117 3192/3192/3192
f 3192/3192/3192 3117/3117/3117 3116/3116/3116
f 3192/3192/3192 3116/3116/3116 3194/3194/3194
f 3194/3194/3194 3116/3116/3116 3114/3114/3114
f 3194/3194/3194 3114/3114/3114 3112/3112/3112
f 1389/1389/1389 1386/1386/1386 3119/3119/3119
f 3194/3194/3194 3112/3112/3112 3195/3195/3195
f 3195/3195/3195 3112/3112/3112 3109/3109/3109
f 3195/3195/3195 3109/3109/3109 3197/3197/3197
f 3197/3197/3197 3109/3109/3109 3107/3107/3107
f 3197/3197/3197 3107/3107/3107 3202/3202/3202
f 3202/3202/3202 3107/3107/3107 3199/3199/3199
f 3202/3202/3202 3199/3199/3199 3200/3200/3200
f 3200/3200/3200 3199/3199/3199 3204/3204/3204
f 3200/3200/3200 3204/3204/3204 753/753/753
f 753/753/753 3204/3204/3204 755/755/755
f 755/755/755 3204/3204/3204 1791/1791/1791
f 1791/1791/1791 3204/3204/3204 1793/1793/1793
f 1793/1793/1793 3204/3204/3204 3203/3203/3203
f 1793/1793/1793 3203/3203/3203 1794/1794/1794
f 1794/1794/1794 3203/3203/3203 1757/1757/1757
f 1757/1757/1757 3203/3203/3203 1761/1761/1761
f 1761/1761/1761 3203/3203/3203 3105/3105/3105
f 1761/1761/1761 3105/3105/3105 1762/1762/1762
f 1762/1762/1762 3105/3105/3105 1764/1764/1764
f 3107/3107/3107 3105/3105/3105 3199/3199/3199
f 3199/3199/3199 3105/3105/3105 3203/3203/3203
f 3199/3199/3199 3203/3203/3203 3204/3204/3204
f 753/753/753 751/751/751 3200/3200/3200
f 3200/3200/3200 751/751/751 3201/3201/3201
f 3200/3200/3200 3201/3201/3201 3202/3202/3202
f 3202/3202/3202 3201/3201/3201 3197/3197/3197
f 3201/3201/3201 751/751/751 3198/3198/3198
f 3198/3198/3198 751/751/751 749/749/749
f 3198/3198/3198 749/749/749 3196/3196/3196
f 3196/3196/3196 749/749/749 746/746/746
f 3196/3196/3196 746/746/746 3187/3187/3187
f 3187/3187/3187 746/746/746 745/745/745
f 3187/3187/3187 745/745/745 3193/3193/3193
f 3193/3193/3193 745/745/745 3191/3191/3191
f 3193/3193/3193 3191/3191/3191 3190/3190/3190
f 3190/3190/3190 3191/3191/3191 3188/3188/3188
f 745/745/745 742/742/742 3191/3191/3191
f 3191/3191/3191 742/742/742 3189/3189/3189
f 3191/3191/3191 3189/3189/3189 3188/3188/3188
f 3187/3187/3187 3193/3193/3193 3192/3192/3192
f 3192/3192/3192 3193/3193/3193 3190/3190/3190
f 3196/3196/3196 3187/3187/3187 3194/3194/3194
f 3194/3194/3194 3187/3187/3187 3192/3192/3192
f 3198/3198/3198 3196/3196/3196 3195/3195/3195
f 3195/3195/3195 3196/3196/3196 3194/3194/3194
f 3201/3201/3201 3198/3198/3198 3197/3197/3197
f 3197/3197/3197 3198/3198/3198 3195/3195/3195
f 1886/1886/1886 1842/1842/1842 790/790/790
f 790/790/790 1842/1842/1842 1869/1869/1869
f 790/790/790 1869/1869/1869 3244/3244/3244
f 3244/3244/3244 1869/1869/1869 1866/1866/1866
f 3244/3244/3244 1866/1866/1866 3243/3243/3243
f 3243/3243/3243 1866/1866/1866 1865/1865/1865
f 3243/3243/3243 1865/1865/1865 3104/3104/3104
f 3104/3104/3104 1865/1865/1865 1863/1863/1863
f 3243/3243/3243 3104/3104/3104 3246/3246/3246
f 3246/3246/3246 3104/3104/3104 3205/3205/3205
f 3246/3246/3246 3205/3205/3205 3245/3245/3245
f 3245/3245/3245 3205/3205/3205 3208/3208/3208
f 3245/3245/3245 3208/3208/3208 3210/3210/3210
f 3245/3245/3245 3210/3210/3210 3248/3248/3248
f 3248/3248/3248 3210/3210/3210 3211/3211/3211
f 3248/3248/3248 3211/3211/3211 3214/3214/3214
f 3214/3214/3214 3216/3216/3216 3248/3248/3248
f 3248/3248/3248 3216/3216/3216 3237/3237/3237
f 3248/3248/3248 3237/3237/3237 3239/3239/3239
f 3216/3216/3216 3217/3217/3217 3237/3237/3237
f 3237/3237/3237 3217/3217/3217 3236/3236/3236
f 3236/3236/3236 3217/3217/3217 3220/3220/3220
f 3236/3236/3236 3220/3220/3220 3221/3221/3221
f 3221/3221/3221 3224/3224/3224 3236/3236/3236
f 3236/3236/3236 3224/3224/3224 3227/3227/3227
f 3236/3236/3236 3227/3227/3227 3234/3234/3234
f 3234/3234/3234 3227/3227/3227 3229/3229/3229
f 3234/3234/3234 3229/3229/3229 3232/3232/3232
f 3248/3248/3248 3239/3239/3239 3249/3249/3249
f 3249/3249/3249 3239/3239/3239 3241/3241/3241
f 3249/3249/3249 3241/3241/3241 3250/3250/3250
f 3250/3250/3250 3241/3241/3241 798/798/798
f 3250/3250/3250 798/798/798 794/794/794
f 3250/3250/3250 794/794/794 3247/3247/3247
f 3247/3247/3247 794/794/794 792/792/792
f 3247/3247/3247 792/792/792 3244/3244/3244
f 3244/3244/3244 792/792/792 790/790/790
f 788/788/788 1889/1889/1889 790/790/790
f 790/790/790 1889/1889/1889 1886/1886/1886
f 3247/3247/3247 3244/3244/3244 3243/3243/3243
f 3250/3250/3250 3247/3247/3247 3246/3246/3246
f 3246/3246/3246 3247/3247/3247 3243/3243/3243
f 3248/3248/3248 3249/3249/3249 3245/3245/3245
f 3245/3245/3245 3249/3249/3249 3246/3246/3246
f 3249/3249/3249 3250/3250/3250 3246/3246/3246
f 659/659/659 656/656/656 1050/1050/1050
f 1050/1050/1050 656/656/656 706/706/706
f 1050/1050/1050 706/706/706 704/704/704
f 704/704/704 702/702/702 1050/1050/1050
f 659/659/659 1050/1050/1050 3256/3256/3256
f 3256/3256/3256 1050/1050/1050 1047/1047/1047
f 3256/3256/3256 1047/1047/1047 1045/1045/1045
f 3256/3256/3256 1045/1045/1045 3258/3258/3258
f 3258/3258/3258 1045/1045/1045 1043/1043/1043
f 3258/3258/3258 1043/1043/1043 1042/1042/1042
f 3258/3258/3258 1042/1042/1042 3260/3260/3260
f 3260/3260/3260 1042/1042/1042 1039/1039/1039
f 3260/3260/3260 1039/1039/1039 3262/3262/3262
f 3262/3262/3262 1039/1039/1039 1038/1038/1038
f 3262/3262/3262 1038/1038/1038 1035/1035/1035
f 3262/3262/3262 1035/1035/1035 3264/3264/3264
f 3264/3264/3264 1035/1035/1035 1033/1033/1033
f 3264/3264/3264 1033/1033/1033 3266/3266/3266
f 3266/3266/3266 1033/1033/1033 1032/1032/1032
f 3266/3266/3266 1032/1032/1032 3267/3267/3267
f 3267/3267/3267 1032/1032/1032 1030/1030/1030
f 3267/3267/3267 1030/1030/1030 3269/3269/3269
f 3269/3269/3269 1030/1030/1030 1026/1026/1026
f 3269/3269/3269 1026/1026/1026 3251/3251/3251
f 3269/3269/3269 3251/3251/3251 3270/3270/3270
f 3270/3270/3270 3251/3251/3251 3254/3254/3254
f 3270/3270/3270 3254/3254/3254 3137/3137/3137
f 3137/3137/3137 3133/3133/3133 3270/3270/3270
f 3270/3270/3270 3133/3133/3133 3268/3268/3268
f 3270/3270/3270 3268/3268/3268 3267/3267/3267
f 3267/3267/3267 3268/3268/3268 3266/3266/3266
f 3133/3133/3133 3132/3132/3132 3268/3268/3268
f 3268/3268/3268 3132/3132/3132 3255/3255/3255
f 3268/3268/3268 3255/3255/3255 3266/3266/3266
f 3266/3266/3266 3255/3255/3255 3264/3264/3264
f 3132/3132/3132 3129/3129/3129 3255/3255/3255
f 3255/3255/3255 3129/3129/3129 3265/3265/3265
f 3255/3255/3255 3265/3265/3265 3264/3264/3264
f 3264/3264/3264 3265/3265/3265 3262/3262/3262
f 3265/3265/3265 3129/3129/3129 3263/3263/3263
f 3263/3263/3263 3129/3129/3129 3128/3128/3128
f 3263/3263/3263 3128/3128/3128 3261/3261/3261
f 3261/3261/3261 3128/3128/3128 3126/3126/3126
f 3261/3261/3261 3126/3126/3126 3259/3259/3259
f 3259/3259/3259 3126/3126/3126 3124/3124/3124
f 3259/3259/3259 3124/3124/3124 3257/3257/3257
f 3257/3257/3257 3124/3124/3124 3122/3122/3122
f 3257/3257/3257 3122/3122/3122 662/662/662
f 662/662/662 3122/3122/3122 666/666/666
f 662/662/662 661/661/661 3257/3257/3257
f 3257/3257/3257 661/661/661 659/659/659
f 3257/3257/3257 659/659/659 3256/3256/3256
f 3259/3259/3259 3257/3257/3257 3256/3256/3256
f 3261/3261/3261 3259/3259/3259 3258/3258/3258
f 3258/3258/3258 3259/3259/3259 3256/3256/3256
f 3263/3263/3263 3261/3261/3261 3260/3260/3260
f 3260/3260/3260 3261/3261/3261 3258/3258/3258
f 3265/3265/3265 3263/3263/3263 3262/3262/3262
f 3262/3262/3262 3263/3263/3263 3260/3260/3260
f 3269/3269/3269 3270/3270/3270 3267/3267/3267
f 1637/1637/1637 1680/1680/1680 1638/1638/1638
f 1638/1638/1638 1680/1680/1680 1679/1679/1679
f 1638/1638/1638 1679/1679/1679 1676/1676/1676
f 974/974/974 1555/1555/1555 975/975/975
f 975/975/975 1555/1555/1555 3276/3276/3276
f 975/975/975 3276/3276/3276 978/978/978
f 978/978/978 3276/3276/3276 3278/3278/3278
f 978/978/978 3278/3278/3278 980/980/980
f 980/980/980 3278/3278/3278 3280/3280/3280
f 980/980/980 3280/3280/3280 982/982/982
f 982/982/982 3280/3280/3280 3282/3282/3282
f 982/982/982 3282/3282/3282 984/984/984
f 984/984/984 3282/3282/3282 3284/3284/3284
f 984/984/984 3284/3284/3284 985/985/985
f 985/985/985 3284/3284/3284 3286/3286/3286
f 985/985/985 3286/3286/3286 987/987/987
f 987/987/987 3286/3286/3286 3288/3288/3288
f 987/987/987 3288/3288/3288 990/990/990
f 990/990/990 3288/3288/3288 3290/3290/3290
f 990/990/990 3290/3290/3290 993/993/993
f 993/993/993 3290/3290/3290 3274/3274/3274
f 3274/3274/3274 3290/3290/3290 3289/3289/3289
f 3274/3274/3274 3289/3289/3289 3271/3271/3271
f 3271/3271/3271 3289/3289/3289 3173/3173/3173
f 3271/3271/3271 3173/3173/3173 3171/3171/3171
f 1555/1555/1555 1554/1554/1554 3276/3276/3276
f 3276/3276/3276 1554/1554/1554 3275/3275/3275
f 3276/3276/3276 3275/3275/3275 3278/3278/3278
f 3278/3278/3278 3275/3275/3275 3277/3277/3277
f 3278/3278/3278 3277/3277/3277 3280/3280/3280
f 3280/3280/3280 3277/3277/3277 3279/3279/3279
f 3280/3280/3280 3279/3279/3279 3282/3282/3282
f 3282/3282/3282 3279/3279/3279 3281/3281/3281
f 3282/3282/3282 3281/3281/3281 3284/3284/3284
f 3284/3284/3284 3281/3281/3281 3283/3283/3283
f 3284/3284/3284 3283/3283/3283 3286/3286/3286
f 3286/3286/3286 3283/3283/3283 3285/3285/3285
f 3286/3286/3286 3285/3285/3285 3288/3288/3288
f 3288/3288/3288 3285/3285/3285 3287/3287/3287
f 3288/3288/3288 3287/3287/3287 3290/3290/3290
f 3290/3290/3290 3287/3287/3287 3289/3289/3289
f 1554/1554/1554 1552/1552/1552 3275/3275/3275
f 3275/3275/3275 1552/1552/1552 3185/3185/3185
f 3275/3275/3275 3185/3185/3185 3277/3277/3277
f 3277/3277/3277 3185/3185/3185 3184/3184/3184
f 3277/3277/3277 3184/3184/3184 3279/3279/3279
f 3279/3279/3279 3184/3184/3184 3181/3181/3181
f 3279/3279/3279 3181/3181/3181 3281/3281/3281
f 3281/3281/3281 3181/3181/3181 3180/3180/3180
f 3281/3281/3281 3180/3180/3180 3283/3283/3283
f 3283/3283/3283 3180/3180/3180 3177/3177/3177
f 3283/3283/3283 3177/3177/3177 3285/3285/3285
f 3285/3285/3285 3177/3177/3177 3175/3175/3175
f 3285/3285/3285 3175/3175/3175 3287/3287/3287
f 3287/3287/3287 3175/3175/3175 3173/3173/3173
f 3287/3287/3287 3173/3173/3173 3289/3289/3289
f 1552/1552/1552 1548/1548/1548 3185/3185/3185
f 799/799/799 3293/3293/3293 803/803/803
f 803/803/803 3293/3293/3293 3294/3294/3294
f 803/803/803 3294/3294/3294 3299/3299/3299
f 876/876/876 872/872/872 3308/3308/3308
f 3308/3308/3308 872/872/872 3303/3303/3303
f 3303/3303/3303 872/872/872 3300/3300/3300
f 801/801/801 3238/3238/3238 3291/3291/3291
f 3291/3291/3291 3238/3238/3238 3235/3235/3235
f 3291/3291/3291 3235/3235/3235 3233/3233/3233
f 796/796/796 3242/3242/3242 801/801/801
f 801/801/801 3242/3242/3242 3240/3240/3240
f 801/801/801 3240/3240/3240 3238/3238/3238
f 3233/3233/3233 3231/3231/3231 3291/3291/3291
f 3307/3307/3307 1703/1703/1703 874/874/874
f 874/874/874 1703/1703/1703 1700/1700/1700
f 874/874/874 1700/1700/1700 1698/1698/1698
f 1709/1709/1709 1706/1706/1706 3307/3307/3307
f 3307/3307/3307 1706/1706/1706 1704/1704/1704
f 3307/3307/3307 1704/1704/1704 1703/1703/1703
f 1698/1698/1698 877/877/877 874/874/874
f 3295/3295/3295 3292/3292/3292 3331/3331/3331
f 3331/3331/3331 3292/3292/3292 3230/3230/3230
f 3331/3331/3331 3230/3230/3230 3317/3317/3317
f 3317/3317/3317 3230/3230/3230 3315/3315/3315
f 3315/3315/3315 3230/3230/3230 3313/3313/3313
f 3313/3313/3313 3230/3230/3230 3228/3228/3228
f 3313/3313/3313 3228/3228/3228 3226/3226/3226
f 3226/3226/3226 3225/3225/3225 3313/3313/3313
f 3313/3313/3313 3225/3225/3225 3311/3311/3311
f 3311/3311/3311 3225/3225/3225 3223/3223/3223
f 3317/3317/3317 3320/3320/3320 3331/3331/3331
f 3331/3331/3331 3320/3320/3320 3321/3321/3321
f 3331/3331/3331 3321/3321/3321 3324/3324/3324
f 3324/3324/3324 3328/3328/3328 3331/3331/3331
f 3304/3304/3304 3334/3334/3334 3306/3306/3306
f 3306/3306/3306 3334/3334/3334 1710/1710/1710
f 1710/1710/1710 3334/3334/3334 3345/3345/3345
f 1710/1710/1710 3345/3345/3345 2179/2179/2179
f 3337/3337/3337 3338/3338/3338 3334/3334/3334
f 3334/3334/3334 3338/3338/3338 3341/3341/3341
f 3334/3334/3334 3341/3341/3341 3344/3344/3344
f 3344/3344/3344 3345/3345/3345 3334/3334/3334
f 2179/2179/2179 2176/2176/2176 1710/1710/1710
f 1710/1710/1710 2176/2176/2176 1712/1712/1712
f 1712/1712/1712 2176/2176/2176 1713/1713/1713
f 1713/1713/1713 2176/2176/2176 1715/1715/1715
f 1715/1715/1715 2176/2176/2176 2173/2173/2173
f 1715/1715/1715 2173/2173/2173 1717/1717/1717
f 3298/3298/3298 3296/3296/3296 3360/3360/3360
f 3360/3360/3360 3296/3296/3296 3329/3329/3329
f 3360/3360/3360 3329/3329/3329 3359/3359/3359
f 3359/3359/3359 3329/3329/3329 3357/3357/3357
f 3357/3357/3357 3329/3329/3329 3355/3355/3355
f 3355/3355/3355 3329/3329/3329 3353/3353/3353
f 3353/3353/3353 3329/3329/3329 3351/3351/3351
f 3351/3351/3351 3329/3329/3329 3348/3348/3348
f 3302/3302/3302 3363/3363/3363 3305/3305/3305
f 3305/3305/3305 3363/3363/3363 3332/3332/3332
f 3332/3332/3332 3363/3363/3363 3365/3365/3365
f 3332/3332/3332 3365/3365/3365 3366/3366/3366
f 3366/3366/3366 3368/3368/3368 3332/3332/3332
f 3332/3332/3332 3368/3368/3368 3370/3370/3370
f 3332/3332/3332 3370/3370/3370 3372/3372/3372
f 3372/3372/3372 3375/3375/3375 3332/3332/3332
f 3301/3301/3301 871/871/871 3362/3362/3362
f 3362/3362/3362 871/871/871 869/869/869
f 3362/3362/3362 869/869/869 3364/3364/3364
f 3364/3364/3364 869/869/869 867/867/867
f 3364/3364/3364 867/867/867 3367/3367/3367
f 3367/3367/3367 867/867/867 865/865/865
f 3367/3367/3367 865/865/865 3369/3369/3369
f 3369/3369/3369 865/865/865 864/864/864
f 3369/3369/3369 864/864/864 3371/3371/3371
f 3371/3371/3371 864/864/864 862/862/862
f 3371/3371/3371 862/862/862 3373/3373/3373
f 3373/3373/3373 862/862/862 860/860/860
f 3373/3373/3373 860/860/860 1945/1945/1945
f 1945/1945/1945 860/860/860 1895/1895/1895
f 1895/1895/1895 860/860/860 1898/1898/1898
f 1898/1898/1898 860/860/860 1899/1899/1899
f 1899/1899/1899 860/860/860 857/857/857
f 1899/1899/1899 857/857/857 1902/1902/1902
f 1902/1902/1902 857/857/857 1905/1905/1905
f 1905/1905/1905 857/857/857 1918/1918/1918
f 1918/1918/1918 857/857/857 856/856/856
f 1918/1918/1918 856/856/856 1920/1920/1920
f 1920/1920/1920 856/856/856 1922/1922/1922
f 1922/1922/1922 856/856/856 854/854/854
f 1922/1922/1922 854/854/854 1998/1998/1998
f 1998/1998/1998 854/854/854 2001/2001/2001
f 2001/2001/2001 854/854/854 2003/2003/2003
f 2003/2003/2003 854/854/854 2005/2005/2005
f 2005/2005/2005 854/854/854 1963/1963/1963
f 1963/1963/1963 854/854/854 851/851/851
f 1963/1963/1963 851/851/851 3415/3415/3415
f 3415/3415/3415 851/851/851 3412/3412/3412
f 3412/3412/3412 851/851/851 850/850/850
f 3412/3412/3412 850/850/850 3410/3410/3410
f 3410/3410/3410 850/850/850 848/848/848
f 3410/3410/3410 848/848/848 3409/3409/3409
f 3409/3409/3409 848/848/848 845/845/845
f 3409/3409/3409 845/845/845 3407/3407/3407
f 3407/3407/3407 845/845/845 843/843/843
f 3407/3407/3407 843/843/843 3405/3405/3405
f 3405/3405/3405 843/843/843 841/841/841
f 3405/3405/3405 841/841/841 3403/3403/3403
f 3403/3403/3403 841/841/841 840/840/840
f 3403/3403/3403 840/840/840 3400/3400/3400
f 3400/3400/3400 840/840/840 837/837/837
f 3400/3400/3400 837/837/837 3399/3399/3399
f 3399/3399/3399 837/837/837 836/836/836
f 3399/3399/3399 836/836/836 3397/3397/3397
f 3397/3397/3397 836/836/836 834/834/834
f 3397/3397/3397 834/834/834 3394/3394/3394
f 3394/3394/3394 834/834/834 832/832/832
f 3394/3394/3394 832/832/832 3392/3392/3392
f 3392/3392/3392 832/832/832 829/829/829
f 3392/3392/3392 829/829/829 3391/3391/3391
f 3391/3391/3391 829/829/829 827/827/827
f 3391/3391/3391 827/827/827 3388/3388/3388
f 3388/3388/3388 827/827/827 825/825/825
f 3388/3388/3388 825/825/825 3386/3386/3386
f 3386/3386/3386 825/825/825 823/823/823
f 3386/3386/3386 823/823/823 3385/3385/3385
f 3385/3385/3385 823/823/823 822/822/822
f 3385/3385/3385 822/822/822 3383/3383/3383
f 3383/3383/3383 822/822/822 820/820/820
f 3383/3383/3383 820/820/820 3381/3381/3381
f 3381/3381/3381 820/820/820 818/818/818
f 3381/3381/3381 818/818/818 3378/3378/3378
f 3378/3378/3378 818/818/818 3347/3347/3347
f 3347/3347/3347 818/818/818 816/816/816
f 3347/3347/3347 816/816/816 3350/3350/3350
f 3350/3350/3350 816/816/816 814/814/814
f 3350/3350/3350 814/814/814 3352/3352/3352
f 3352/3352/3352 814/814/814 812/812/812
f 3352/3352/3352 812/812/812 3354/3354/3354
f 3354/3354/3354 812/812/812 810/810/810
f 3354/3354/3354 810/810/810 3356/3356/3356
f 3356/3356/3356 810/810/810 808/808/808
f 3356/3356/3356 808/808/808 3358/3358/3358
f 3358/3358/3358 808/808/808 806/806/806
f 3358/3358/3358 806/806/806 3361/3361/3361
f 3361/3361/3361 806/806/806 802/802/802
f 3361/3361/3361 802/802/802 3297/3297/3297
f 3415/3415/3415 3417/3417/3417 1963/1963/1963
f 1963/1963/1963 3417/3417/3417 1966/1966/1966
f 1966/1966/1966 3417/3417/3417 1969/1969/1969
f 1969/1969/1969 3417/3417/3417 1970/1970/1970
f 1970/1970/1970 3417/3417/3417 1973/1973/1973
f 1973/1973/1973 3417/3417/3417 1995/1995/1995
f 1995/1995/1995 3417/3417/3417 3418/3418/3418
f 1995/1995/1995 3418/3418/3418 1996/1996/1996
f 1996/1996/1996 3418/3418/3418 3420/3420/3420
f 1996/1996/1996 3420/3420/3420 1936/1936/1936
f 1936/1936/1936 3420/3420/3420 1938/1938/1938
f 1938/1938/1938 3420/3420/3420 3374/3374/3374
f 1938/1938/1938 3374/3374/3374 1940/1940/1940
f 1940/1940/1940 3374/3374/3374 1942/1942/1942
f 1942/1942/1942 3374/3374/3374 1945/1945/1945
f 1945/1945/1945 3374/3374/3374 3373/3373/3373
f 178/178/178 176/176/176 3426/3426/3426
f 3426/3426/3426 176/176/176 3494/3494/3494
f 3426/3426/3426 3494/3494/3494 3488/3488/3488
f 3488/3488/3488 3494/3494/3494 3495/3495/3495
f 3488/3488/3488 3495/3495/3495 3485/3485/3485
f 3485/3485/3485 3495/3495/3495 3496/3496/3496
f 3485/3485/3485 3496/3496/3496 3484/3484/3484
f 3484/3484/3484 3496/3496/3496 3497/3497/3497
f 3484/3484/3484 3497/3497/3497 3481/3481/3481
f 3481/3481/3481 3497/3497/3497 3498/3498/3498
f 3481/3481/3481 3498/3498/3498 3479/3479/3479
f 3479/3479/3479 3498/3498/3498 3499/3499/3499
f 3479/3479/3479 3499/3499/3499 3478/3478/3478
f 3478/3478/3478 3499/3499/3499 3500/3500/3500
f 3478/3478/3478 3500/3500/3500 3476/3476/3476
f 3476/3476/3476 3500/3500/3500 3492/3492/3492
f 3476/3476/3476 3492/3492/3492 3493/3493/3493
f 3493/3493/3493 3492/3492/3492 160/160/160
f 3493/3493/3493 160/160/160 3501/3501/3501
f 3501/3501/3501 160/160/160 159/159/159
f 3501/3501/3501 159/159/159 3502/3502/3502
f 3502/3502/3502 159/159/159 156/156/156
f 3502/3502/3502 156/156/156 3503/3503/3503
f 3503/3503/3503 156/156/156 154/154/154
f 3503/3503/3503 154/154/154 3504/3504/3504
f 3504/3504/3504 154/154/154 153/153/153
f 3504/3504/3504 153/153/153 3505/3505/3505
f 3505/3505/3505 153/153/153 151/151/151
f 3505/3505/3505 151/151/151 3506/3506/3506
f 3506/3506/3506 151/151/151 149/149/149
f 3506/3506/3506 149/149/149 3507/3507/3507
f 3507/3507/3507 149/149/149 147/147/147
f 3507/3507/3507 147/147/147 3508/3508/3508
f 3508/3508/3508 147/147/147 145/145/145
f 3508/3508/3508 145/145/145 142/142/142
f 176/176/176 175/175/175 3494/3494/3494
f 3494/3494/3494 175/175/175 3495/3495/3495
f 175/175/175 173/173/173 3495/3495/3495
f 3495/3495/3495 173/173/173 3496/3496/3496
f 173/173/173 170/170/170 3496/3496/3496
f 3496/3496/3496 170/170/170 3497/3497/3497
f 170/170/170 169/169/169 3497/3497/3497
f 3497/3497/3497 169/169/169 3498/3498/3498
f 169/169/169 166/166/166 3498/3498/3498
f 3498/3498/3498 166/166/166 3499/3499/3499
f 166/166/166 164/164/164 3499/3499/3499
f 3499/3499/3499 164/164/164 3500/3500/3500
f 164/164/164 162/162/162 3500/3500/3500
f 3500/3500/3500 162/162/162 3492/3492/3492
f 162/162/162 160/160/160 3492/3492/3492
f 140/140/140 3491/3491/3491 142/142/142
f 142/142/142 3491/3491/3491 3509/3509/3509
f 142/142/142 3509/3509/3509 3508/3508/3508
f 3508/3508/3508 3509/3509/3509 3455/3455/3455
f 3508/3508/3508 3455/3455/3455 3458/3458/3458
f 3491/3491/3491 140/140/140 3490/3490/3490
f 3490/3490/3490 140/140/140 138/138/138
f 3490/3490/3490 138/138/138 3510/3510/3510
f 3510/3510/3510 138/138/138 3511/3511/3511
f 3510/3510/3510 3511/3511/3511 3452/3452/3452
f 3452/3452/3452 3511/3511/3511 3449/3449/3449
f 3449/3449/3449 3511/3511/3511 3512/3512/3512
f 3449/3449/3449 3512/3512/3512 3448/3448/3448
f 3448/3448/3448 3512/3512/3512 3513/3513/3513
f 3448/3448/3448 3513/3513/3513 3489/3489/3489
f 3489/3489/3489 3513/3513/3513 135/135/135
f 3489/3489/3489 135/135/135 133/133/133
f 138/138/138 137/137/137 3511/3511/3511
f 3511/3511/3511 137/137/137 3512/3512/3512
f 137/137/137 135/135/135 3512/3512/3512
f 3512/3512/3512 135/135/135 3513/3513/3513
f 3489/3489/3489 133/133/133 3514/3514/3514
f 3514/3514/3514 133/133/133 131/131/131
f 3514/3514/3514 131/131/131 3515/3515/3515
f 3515/3515/3515 131/131/131 128/128/128
f 3515/3515/3515 128/128/128 3516/3516/3516
f 3516/3516/3516 128/128/128 126/126/126
f 3516/3516/3516 126/126/126 3517/3517/3517
f 3517/3517/3517 126/126/126 124/124/124
f 3517/3517/3517 124/124/124 3518/3518/3518
f 3518/3518/3518 124/124/124 123/123/123
f 3518/3518/3518 123/123/123 3519/3519/3519
f 3519/3519/3519 123/123/123 121/121/121
f 3519/3519/3519 121/121/121 119/119/119
f 3519/3519/3519 119/119/119 3520/3520/3520
f 3520/3520/3520 119/119/119 117/117/117
f 3520/3520/3520 117/117/117 3521/3521/3521
f 3521/3521/3521 117/117/117 115/115/115
f 3521/3521/3521 115/115/115 3427/3427/3427
f 3427/3427/3427 3431/3431/3431 3521/3521/3521
f 3521/3521/3521 3431/3431/3431 3520/3520/3520
f 3431/3431/3431 3433/3433/3433 3520/3520/3520
f 3520/3520/3520 3433/3433/3433 3519/3519/3519
f 3433/3433/3433 3436/3436/3436 3519/3519/3519
f 3519/3519/3519 3436/3436/3436 3518/3518/3518
f 3436/3436/3436 3438/3438/3438 3518/3518/3518
f 3518/3518/3518 3438/3438/3438 3517/3517/3517
f 3438/3438/3438 3439/3439/3439 3517/3517/3517
f 3517/3517/3517 3439/3439/3439 3516/3516/3516
f 3439/3439/3439 3442/3442/3442 3516/3516/3516
f 3516/3516/3516 3442/3442/3442 3515/3515/3515
f 3442/3442/3442 3444/3444/3444 3515/3515/3515
f 3515/3515/3515 3444/3444/3444 3514/3514/3514
f 3444/3444/3444 3445/3445/3445 3514/3514/3514
f 3514/3514/3514 3445/3445/3445 3489/3489/3489
f 3445/3445/3445 3448/3448/3448 3489/3489/3489
f 3510/3510/3510 3452/3452/3452 3490/3490/3490
f 3490/3490/3490 3452/3452/3452 3453/3453/3453
f 3490/3490/3490 3453/3453/3453 3491/3491/3491
f 3491/3491/3491 3453/3453/3453 3455/3455/3455
f 3491/3491/3491 3455/3455/3455 3509/3509/3509
f 3458/3458/3458 3460/3460/3460 3508/3508/3508
f 3508/3508/3508 3460/3460/3460 3507/3507/3507
f 3460/3460/3460 3461/3461/3461 3507/3507/3507
f 3507/3507/3507 3461/3461/3461 3506/3506/3506
f 3461/3461/3461 3464/3464/3464 3506/3506/3506
f 3506/3506/3506 3464/3464/3464 3505/3505/3505
f 3464/3464/3464 3466/3466/3466 3505/3505/3505
f 3505/3505/3505 3466/3466/3466 3504/3504/3504
f 3466/3466/3466 3468/3468/3468 3504/3504/3504
f 3504/3504/3504 3468/3468/3468 3503/3503/3503
f 3468/3468/3468 3470/3470/3470 3503/3503/3503
f 3503/3503/3503 3470/3470/3470 3502/3502/3502
f 3470/3470/3470 3472/3472/3472 3502/3502/3502
f 3502/3502/3502 3472/3472/3472 3501/3501/3501
f 3472/3472/3472 3474/3474/3474 3501/3501/3501
f 3501/3501/3501 3474/3474/3474 3493/3493/3493
f 3474/3474/3474 3476/3476/3476 3493/3493/3493
f 2087/2087/2087 213/213/213 3554/3554/3554
f 3554/3554/3554 213/213/213 211/211/211
f 3554/3554/3554 211/211/211 3552/3552/3552
f 3552/3552/3552 211/211/211 210/210/210
f 3552/3552/3552 210/210/210 3550/3550/3550
f 3550/3550/3550 210/210/210 208/208/208
f 3550/3550/3550 208/208/208 3549/3549/3549
f 3549/3549/3549 208/208/208 205/205/205
f 3549/3549/3549 205/205/205 3546/3546/3546
f 3546/3546/3546 205/205/205 203/203/203
f 3546/3546/3546 203/203/203 3544/3544/3544
f 3544/3544/3544 203/203/203 202/202/202
f 3544/3544/3544 202/202/202 3542/3542/3542
f 3542/3542/3542 202/202/202 199/199/199
f 3542/3542/3542 199/199/199 3541/3541/3541
f 3541/3541/3541 199/199/199 197/197/197
f 3541/3541/3541 197/197/197 3538/3538/3538
f 3538/3538/3538 197/197/197 196/196/196
f 3538/3538/3538 196/196/196 3536/3536/3536
f 3536/3536/3536 196/196/196 193/193/193
f 3536/3536/3536 193/193/193 3534/3534/3534
f 3534/3534/3534 193/193/193 192/192/192
f 3534/3534/3534 192/192/192 3533/3533/3533
f 3533/3533/3533 192/192/192 189/189/189
f 3533/3533/3533 189/189/189 3531/3531/3531
f 3531/3531/3531 189/189/189 187/187/187
f 3531/3531/3531 187/187/187 3529/3529/3529
f 3529/3529/3529 187/187/187 185/185/185
f 3529/3529/3529 185/185/185 3527/3527/3527
f 3527/3527/3527 185/185/185 183/183/183
f 3527/3527/3527 183/183/183 3524/3524/3524
f 3524/3524/3524 183/183/183 182/182/182
f 3524/3524/3524 182/182/182 3522/3522/3522
f 3522/3522/3522 182/182/182 180/180/180
f 3522/3522/3522 180/180/180 3424/3424/3424
f 2026/2026/2026 3556/3556/3556 278/278/278
f 278/278/278 3556/3556/3556 282/282/282
f 282/282/282 3556/3556/3556 3559/3559/3559
f 282/282/282 3559/3559/3559 283/283/283
f 283/283/283 3559/3559/3559 3561/3561/3561
f 283/283/283 3561/3561/3561 286/286/286
f 286/286/286 3561/3561/3561 3562/3562/3562
f 286/286/286 3562/3562/3562 288/288/288
f 288/288/288 3562/3562/3562 3565/3565/3565
f 288/288/288 3565/3565/3565 290/290/290
f 290/290/290 3565/3565/3565 3566/3566/3566
f 290/290/290 3566/3566/3566 292/292/292
f 292/292/292 3566/3566/3566 3569/3569/3569
f 292/292/292 3569/3569/3569 293/293/293
f 293/293/293 3569/3569/3569 3570/3570/3570
f 293/293/293 3570/3570/3570 296/296/296
f 296/296/296 3570/3570/3570 3573/3573/3573
f 296/296/296 3573/3573/3573 298/298/298
f 298/298/298 3573/3573/3573 3575/3575/3575
f 298/298/298 3575/3575/3575 300/300/300
f 300/300/300 3575/3575/3575 3577/3577/3577
f 300/300/300 3577/3577/3577 302/302/302
f 302/302/302 3577/3577/3577 3579/3579/3579
f 302/302/302 3579/3579/3579 304/304/304
f 304/304/304 3579/3579/3579 3580/3580/3580
f 304/304/304 3580/3580/3580 306/306/306
f 306/306/306 3580/3580/3580 3583/3583/3583
f 306/306/306 3583/3583/3583 307/307/307
f 307/307/307 3583/3583/3583 3584/3584/3584
f 307/307/307 3584/3584/3584 309/309/309
f 309/309/309 3584/3584/3584 3587/3587/3587
f 309/309/309 3587/3587/3587 311/311/311
f 311/311/311 3587/3587/3587 3589/3589/3589
f 311/311/311 3589/3589/3589 314/314/314
f 314/314/314 3589/3589/3589 3591/3591/3591
f 314/314/314 3591/3591/3591 316/316/316
f 316/316/316 3591/3591/3591 3592/3592/3592
f 316/316/316 3592/3592/3592 113/113/113
f 113/113/113 3592/3592/3592 3430/3430/3430
f 214/214/214 2089/2089/2089 217/217/217
f 217/217/217 2089/2089/2089 3600/3600/3600
f 217/217/217 3600/3600/3600 219/219/219
f 219/219/219 3600/3600/3600 3601/3601/3601
f 219/219/219 3601/3601/3601 220/220/220
f 220/220/220 3601/3601/3601 3602/3602/3602
f 220/220/220 3602/3602/3602 222/222/222
f 222/222/222 3602/3602/3602 3603/3603/3603
f 222/222/222 3603/3603/3603 224/224/224
f 224/224/224 3603/3603/3603 3604/3604/3604
f 224/224/224 3604/3604/3604 226/226/226
f 226/226/226 3604/3604/3604 3605/3605/3605
f 226/226/226 3605/3605/3605 228/228/228
f 228/228/228 3605/3605/3605 3606/3606/3606
f 228/228/228 3606/3606/3606 231/231/231
f 231/231/231 3606/3606/3606 3607/3607/3607
f 231/231/231 3607/3607/3607 233/233/233
f 233/233/233 3607/3607/3607 3608/3608/3608
f 233/233/233 3608/3608/3608 235/235/235
f 235/235/235 3608/3608/3608 3599/3599/3599
f 235/235/235 3599/3599/3599 237/237/237
f 237/237/237 3599/3599/3599 3609/3609/3609
f 237/237/237 3609/3609/3609 3598/3598/3598
f 3598/3598/3598 3609/3609/3609 2067/2067/2067
f 3598/3598/3598 2067/2067/2067 2065/2065/2065
f 2089/2089/2089 2084/2084/2084 3600/3600/3600
f 3600/3600/3600 2084/2084/2084 3601/3601/3601
f 2084/2084/2084 2082/2082/2082 3601/3601/3601
f 3601/3601/3601 2082/2082/2082 3602/3602/3602
f 2082/2082/2082 2081/2081/2081 3602/3602/3602
f 3602/3602/3602 2081/2081/2081 3603/3603/3603
f 2081/2081/2081 2079/2079/2079 3603/3603/3603
f 3603/3603/3603 2079/2079/2079 3604/3604/3604
f 2079/2079/2079 2077/2077/2077 3604/3604/3604
f 3604/3604/3604 2077/2077/2077 3605/3605/3605
f 2077/2077/2077 2075/2075/2075 3605/3605/3605
f 3605/3605/3605 2075/2075/2075 3606/3606/3606
f 2075/2075/2075 2073/2073/2073 3606/3606/3606
f 3606/3606/3606 2073/2073/2073 3607/3607/3607
f 2073/2073/2073 2070/2070/2070 3607/3607/3607
f 3607/3607/3607 2070/2070/2070 3608/3608/3608
f 2070/2070/2070 2069/2069/2069 3608/3608/3608
f 3608/3608/3608 2069/2069/2069 3599/3599/3599
f 2069/2069/2069 2067/2067/2067 3599/3599/3599
f 3599/3599/3599 2067/2067/2067 3609/3609/3609
f 2063/2063/2063 3611/3611/3611 2065/2065/2065
f 2065/2065/2065 3611/3611/3611 3610/3610/3610
f 2065/2065/2065 3610/3610/3610 3598/3598/3598
f 3598/3598/3598 3610/3610/3610 238/238/238
f 3598/3598/3598 238/238/238 237/237/237
f 3611/3611/3611 2063/2063/2063 3612/3612/3612
f 3612/3612/3612 2063/2063/2063 2060/2060/2060
f 3612/3612/3612 2060/2060/2060 3613/3613/3613
f 3613/3613/3613 2060/2060/2060 2058/2058/2058
f 3613/3613/3613 2058/2058/2058 3614/3614/3614
f 3614/3614/3614 2058/2058/2058 2056/2056/2056
f 3614/3614/3614 2056/2056/2056 3615/3615/3615
f 3615/3615/3615 2056/2056/2056 2054/2054/2054
f 3615/3615/3615 2054/2054/2054 2052/2052/2052
f 2050/2050/2050 3597/3597/3597 2052/2052/2052
f 2052/2052/2052 3597/3597/3597 3616/3616/3616
f 2052/2052/2052 3616/3616/3616 3615/3615/3615
f 3615/3615/3615 3616/3616/3616 251/251/251
f 3615/3615/3615 251/251/251 248/248/248
f 3597/3597/3597 2050/2050/2050 3596/3596/3596
f 3596/3596/3596 2050/2050/2050 2049/2049/2049
f 3596/3596/3596 2049/2049/2049 3617/3617/3617
f 3617/3617/3617 2049/2049/2049 3618/3618/3618
f 3617/3617/3617 3618/3618/3618 254/254/254
f 254/254/254 3618/3618/3618 257/257/257
f 257/257/257 3618/3618/3618 3619/3619/3619
f 257/257/257 3619/3619/3619 258/258/258
f 258/258/258 3619/3619/3619 3594/3594/3594
f 258/258/258 3594/3594/3594 3595/3595/3595
f 3595/3595/3595 3594/3594/3594 2042/2042/2042
f 3595/3595/3595 2042/2042/2042 3620/3620/3620
f 3620/3620/3620 2042/2042/2042 2040/2040/2040
f 3620/3620/3620 2040/2040/2040 3621/3621/3621
f 3621/3621/3621 2040/2040/2040 2038/2038/2038
f 3621/3621/3621 2038/2038/2038 3622/3622/3622
f 3622/3622/3622 2038/2038/2038 2037/2037/2037
f 3622/3622/3622 2037/2037/2037 3623/3623/3623
f 3623/3623/3623 2037/2037/2037 2034/2034/2034
f 3623/3623/3623 2034/2034/2034 3624/3624/3624
f 3624/3624/3624 2034/2034/2034 2033/2033/2033
f 3624/3624/3624 2033/2033/2033 3625/3625/3625
f 3625/3625/3625 2033/2033/2033 2030/2030/2030
f 3625/3625/3625 2030/2030/2030 3626/3626/3626
f 3626/3626/3626 2030/2030/2030 2029/2029/2029
f 3626/3626/3626 2029/2029/2029 3627/3627/3627
f 3627/3627/3627 2029/2029/2029 2024/2024/2024
f 3627/3627/3627 2024/2024/2024 280/280/280
f 2049/2049/2049 2047/2047/2047 3618/3618/3618
f 3618/3618/3618 2047/2047/2047 3619/3619/3619
f 2047/2047/2047 2045/2045/2045 3619/3619/3619
f 3619/3619/3619 2045/2045/2045 3594/3594/3594
f 2045/2045/2045 2042/2042/2042 3594/3594/3594
f 280/280/280 277/277/277 3627/3627/3627
f 3627/3627/3627 277/277/277 275/275/275
f 3627/3627/3627 275/275/275 3626/3626/3626
f 3626/3626/3626 275/275/275 272/272/272
f 3626/3626/3626 272/272/272 3625/3625/3625
f 3625/3625/3625 272/272/272 271/271/271
f 3625/3625/3625 271/271/271 3624/3624/3624
f 3624/3624/3624 271/271/271 268/268/268
f 3624/3624/3624 268/268/268 3623/3623/3623
f 3623/3623/3623 268/268/268 267/267/267
f 3623/3623/3623 267/267/267 3622/3622/3622
f 3622/3622/3622 267/267/267 265/265/265
f 3622/3622/3622 265/265/265 3621/3621/3621
f 3621/3621/3621 265/265/265 262/262/262
f 3621/3621/3621 262/262/262 3620/3620/3620
f 3620/3620/3620 262/262/262 261/261/261
f 3620/3620/3620 261/261/261 3595/3595/3595
f 3595/3595/3595 261/261/261 258/258/258
f 3617/3617/3617 254/254/254 3596/3596/3596
f 3596/3596/3596 254/254/254 252/252/252
f 3596/3596/3596 252/252/252 3597/3597/3597
f 3597/3597/3597 252/252/252 251/251/251
f 3597/3597/3597 251/251/251 3616/3616/3616
f 248/248/248 247/247/247 3615/3615/3615
f 3615/3615/3615 247/247/247 3614/3614/3614
f 247/247/247 244/244/244 3614/3614/3614
f 3614/3614/3614 244/244/244 3613/3613/3613
f 244/244/244 243/243/243 3613/3613/3613
f 3613/3613/3613 243/243/243 3612/3612/3612
f 243/243/243 240/240/240 3612/3612/3612
f 3612/3612/3612 240/240/240 3611/3611/3611
f 240/240/240 238/238/238 3611/3611/3611
f 3611/3611/3611 238/238/238 3610/3610/3610
f 2086/2086/2086 3555/3555/3555 2091/2091/2091
f 2091/2091/2091 3555/3555/3555 3632/3632/3632
f 2091/2091/2091 3632/3632/3632 2093/2093/2093
f 2093/2093/2093 3632/3632/3632 3018/3018/3018
f 2093/2093/2093 3018/3018/3018 2096/2096/2096
f 3632/3632/3632 3555/3555/3555 3633/3633/3633
f 3633/3633/3633 3555/3555/3555 3553/3553/3553
f 3633/3633/3633 3553/3553/3553 3634/3634/3634
f 3634/3634/3634 3553/3553/3553 3551/3551/3551
f 3634/3634/3634 3551/3551/3551 3635/3635/3635
f 3635/3635/3635 3551/3551/3551 3548/3548/3548
f 3635/3635/3635 3548/3548/3548 3636/3636/3636
f 3636/3636/3636 3548/3548/3548 3547/3547/3547
f 3636/3636/3636 3547/3547/3547 3637/3637/3637
f 3637/3637/3637 3547/3547/3547 3545/3545/3545
f 3637/3637/3637 3545/3545/3545 3638/3638/3638
f 3638/3638/3638 3545/3545/3545 3543/3543/3543
f 3638/3638/3638 3543/3543/3543 3639/3639/3639
f 3639/3639/3639 3543/3543/3543 3540/3540/3540
f 3639/3639/3639 3540/3540/3540 3640/3640/3640
f 3640/3640/3640 3540/3540/3540 3539/3539/3539
f 3640/3640/3640 3539/3539/3539 3641/3641/3641
f 3641/3641/3641 3539/3539/3539 3537/3537/3537
f 3641/3641/3641 3537/3537/3537 3642/3642/3642
f 3642/3642/3642 3537/3537/3537 3535/3535/3535
f 3642/3642/3642 3535/3535/3535 3643/3643/3643
f 3643/3643/3643 3535/3535/3535 3532/3532/3532
f 3643/3643/3643 3532/3532/3532 3644/3644/3644
f 3644/3644/3644 3532/3532/3532 3530/3530/3530
f 3644/3644/3644 3530/3530/3530 3645/3645/3645
f 3645/3645/3645 3530/3530/3530 3528/3528/3528
f 3645/3645/3645 3528/3528/3528 3646/3646/3646
f 3646/3646/3646 3528/3528/3528 3526/3526/3526
f 3646/3646/3646 3526/3526/3526 3647/3647/3647
f 3647/3647/3647 3526/3526/3526 3525/3525/3525
f 3647/3647/3647 3525/3525/3525 3648/3648/3648
f 3648/3648/3648 3525/3525/3525 3523/3523/3523
f 3648/3648/3648 3523/3523/3523 3628/3628/3628
f 3628/3628/3628 3523/3523/3523 3425/3425/3425
f 3628/3628/3628 3631/3631/3631 3648/3648/3648
f 3648/3648/3648 3631/3631/3631 3051/3051/3051
f 3648/3648/3648 3051/3051/3051 3647/3647/3647
f 3647/3647/3647 3051/3051/3051 3048/3048/3048
f 3647/3647/3647 3048/3048/3048 3646/3646/3646
f 3646/3646/3646 3048/3048/3048 3047/3047/3047
f 3646/3646/3646 3047/3047/3047 3645/3645/3645
f 3645/3645/3645 3047/3047/3047 3045/3045/3045
f 3645/3645/3645 3045/3045/3045 3644/3644/3644
f 3644/3644/3644 3045/3045/3045 3043/3043/3043
f 3644/3644/3644 3043/3043/3043 3643/3643/3643
f 3643/3643/3643 3043/3043/3043 3040/3040/3040
f 3643/3643/3643 3040/3040/3040 3642/3642/3642
f 3642/3642/3642 3040/3040/3040 3039/3039/3039
f 3642/3642/3642 3039/3039/3039 3641/3641/3641
f 3641/3641/3641 3039/3039/3039 3037/3037/3037
f 3641/3641/3641 3037/3037/3037 3640/3640/3640
f 3640/3640/3640 3037/3037/3037 3034/3034/3034
f 3640/3640/3640 3034/3034/3034 3639/3639/3639
f 3639/3639/3639 3034/3034/3034 3032/3032/3032
f 3639/3639/3639 3032/3032/3032 3638/3638/3638
f 3638/3638/3638 3032/3032/3032 3031/3031/3031
f 3638/3638/3638 3031/3031/3031 3637/3637/3637
f 3637/3637/3637 3031/3031/3031 3029/3029/3029
f 3637/3637/3637 3029/3029/3029 3636/3636/3636
f 3636/3636/3636 3029/3029/3029 3026/3026/3026
f 3636/3636/3636 3026/3026/3026 3635/3635/3635
f 3635/3635/3635 3026/3026/3026 3024/3024/3024
f 3635/3635/3635 3024/3024/3024 3634/3634/3634
f 3634/3634/3634 3024/3024/3024 3023/3023/3023
f 3634/3634/3634 3023/3023/3023 3633/3633/3633
f 3633/3633/3633 3023/3023/3023 3020/3020/3020
f 3633/3633/3633 3020/3020/3020 3632/3632/3632
f 3632/3632/3632 3020/3020/3020 3018/3018/3018
f 3631/3631/3631 3054/3054/3054 3051/3051/3051
f 3629/3629/3629 3423/3423/3423 3699/3699/3699
f 3699/3699/3699 3423/3423/3423 3487/3487/3487
f 3699/3699/3699 3487/3487/3487 3486/3486/3486
f 3699/3699/3699 3486/3486/3486 3702/3702/3702
f 3702/3702/3702 3486/3486/3486 3483/3483/3483
f 3702/3702/3702 3483/3483/3483 3705/3705/3705
f 3705/3705/3705 3483/3483/3483 3482/3482/3482
f 3705/3705/3705 3482/3482/3482 3708/3708/3708
f 3708/3708/3708 3482/3482/3482 3480/3480/3480
f 3708/3708/3708 3480/3480/3480 3698/3698/3698
f 3698/3698/3698 3480/3480/3480 3477/3477/3477
f 3698/3698/3698 3477/3477/3477 3718/3718/3718
f 3718/3718/3718 3477/3477/3477 3713/3713/3713
f 3718/3718/3718 3713/3713/3713 3714/3714/3714
f 3714/3714/3714 3713/3713/3713 3719/3719/3719
f 3714/3714/3714 3719/3719/3719 3720/3720/3720
f 3720/3720/3720 3719/3719/3719 3723/3723/3723
f 3720/3720/3720 3723/3723/3723 3069/3069/3069
f 3069/3069/3069 3723/3723/3723 3071/3071/3071
f 3071/3071/3071 3723/3723/3723 3722/3722/3722
f 3071/3071/3071 3722/3722/3722 3074/3074/3074
f 3074/3074/3074 3722/3722/3722 3728/3728/3728
f 3074/3074/3074 3728/3728/3728 3075/3075/3075
f 3075/3075/3075 3728/3728/3728 3727/3727/3727
f 3075/3075/3075 3727/3727/3727 3077/3077/3077
f 3077/3077/3077 3727/3727/3727 3733/3733/3733
f 3077/3077/3077 3733/3733/3733 3080/3080/3080
f 3080/3080/3080 3733/3733/3733 3732/3732/3732
f 3080/3080/3080 3732/3732/3732 3081/3081/3081
f 3081/3081/3081 3732/3732/3732 3739/3739/3739
f 3081/3081/3081 3739/3739/3739 3083/3083/3083
f 3083/3083/3083 3739/3739/3739 3738/3738/3738
f 3083/3083/3083 3738/3738/3738 3086/3086/3086
f 3086/3086/3086 3738/3738/3738 3744/3744/3744
f 3086/3086/3086 3744/3744/3744 3088/3088/3088
f 3088/3088/3088 3744/3744/3744 3747/3747/3747
f 3088/3088/3088 3747/3747/3747 3089/3089/3089
f 3089/3089/3089 3747/3747/3747 3750/3750/3750
f 3089/3089/3089 3750/3750/3750 3092/3092/3092
f 3092/3092/3092 3750/3750/3750 3753/3753/3753
f 3092/3092/3092 3753/3753/3753 3094/3094/3094
f 3094/3094/3094 3753/3753/3753 3756/3756/3756
f 3094/3094/3094 3756/3756/3756 3096/3096/3096
f 3096/3096/3096 3756/3756/3756 3757/3757/3757
f 3096/3096/3096 3757/3757/3757 3098/3098/3098
f 3098/3098/3098 3757/3757/3757 3761/3761/3761
f 3098/3098/3098 3761/3761/3761 3100/3100/3100
f 3100/3100/3100 3761/3761/3761 3762/3762/3762
f 3100/3100/3100 3762/3762/3762 3686/3686/3686
f 3686/3686/3686 3762/3762/3762 3684/3684/3684
f 3684/3684/3684 3762/3762/3762 3834/3834/3834
f 3684/3684/3684 3834/3834/3834 3682/3682/3682
f 3682/3682/3682 3834/3834/3834 3680/3680/3680
f 3680/3680/3680 3834/3834/3834 3677/3677/3677
f 3677/3677/3677 3834/3834/3834 3675/3675/3675
f 3675/3675/3675 3834/3834/3834 3765/3765/3765
f 3675/3675/3675 3765/3765/3765 3673/3673/3673
f 3673/3673/3673 3765/3765/3765 3764/3764/3764
f 3673/3673/3673 3764/3764/3764 3310/3310/3310
f 3310/3310/3310 3764/3764/3764 3763/3763/3763
f 3310/3310/3310 3763/3763/3763 3312/3312/3312
f 3312/3312/3312 3763/3763/3763 3773/3773/3773
f 3312/3312/3312 3773/3773/3773 3774/3774/3774
f 3774/3774/3774 3773/3773/3773 3775/3775/3775
f 3774/3774/3774 3775/3775/3775 3314/3314/3314
f 3314/3314/3314 3775/3775/3775 3672/3672/3672
f 3672/3672/3672 3775/3775/3775 3690/3690/3690
f 3672/3672/3672 3690/3690/3690 3670/3670/3670
f 3670/3670/3670 3690/3690/3690 3794/3794/3794
f 3670/3670/3670 3794/3794/3794 3801/3801/3801
f 3801/3801/3801 3794/3794/3794 3793/3793/3793
f 3801/3801/3801 3793/3793/3793 3800/3800/3800
f 3800/3800/3800 3793/3793/3793 3792/3792/3792
f 3800/3800/3800 3792/3792/3792 3799/3799/3799
f 3799/3799/3799 3792/3792/3792 3791/3791/3791
f 3799/3799/3799 3791/3791/3791 3798/3798/3798
f 3798/3798/3798 3791/3791/3791 3790/3790/3790
f 3798/3798/3798 3790/3790/3790 3797/3797/3797
f 3797/3797/3797 3790/3790/3790 3789/3789/3789
f 3797/3797/3797 3789/3789/3789 3796/3796/3796
f 3796/3796/3796 3789/3789/3789 3788/3788/3788
f 3796/3796/3796 3788/3788/3788 3795/3795/3795
f 3795/3795/3795 3788/3788/3788 3441/3441/3441
f 3795/3795/3795 3441/3441/3441 3440/3440/3440
f 3477/3477/3477 3475/3475/3475 3713/3713/3713
f 3713/3713/3713 3475/3475/3475 3697/3697/3697
f 3713/3713/3713 3697/3697/3697 3719/3719/3719
f 3719/3719/3719 3697/3697/3697 3724/3724/3724
f 3719/3719/3719 3724/3724/3724 3723/3723/3723
f 3723/3723/3723 3724/3724/3724 3722/3722/3722
f 3475/3475/3475 3473/3473/3473 3697/3697/3697
f 3697/3697/3697 3473/3473/3473 3725/3725/3725
f 3697/3697/3697 3725/3725/3725 3724/3724/3724
f 3724/3724/3724 3725/3725/3725 3721/3721/3721
f 3724/3724/3724 3721/3721/3721 3722/3722/3722
f 3722/3722/3722 3721/3721/3721 3728/3728/3728
f 3725/3725/3725 3473/3473/3473 3696/3696/3696
f 3696/3696/3696 3473/3473/3473 3471/3471/3471
f 3696/3696/3696 3471/3471/3471 3730/3730/3730
f 3730/3730/3730 3471/3471/3471 3695/3695/3695
f 3730/3730/3730 3695/3695/3695 3726/3726/3726
f 3726/3726/3726 3695/3695/3695 3734/3734/3734
f 3726/3726/3726 3734/3734/3734 3733/3733/3733
f 3733/3733/3733 3734/3734/3734 3732/3732/3732
f 3471/3471/3471 3469/3469/3469 3695/3695/3695
f 3695/3695/3695 3469/3469/3469 3735/3735/3735
f 3695/3695/3695 3735/3735/3735 3734/3734/3734
f 3734/3734/3734 3735/3735/3735 3731/3731/3731
f 3734/3734/3734 3731/3731/3731 3732/3732/3732
f 3732/3732/3732 3731/3731/3731 3739/3739/3739
f 3735/3735/3735 3469/3469/3469 3694/3694/3694
f 3694/3694/3694 3469/3469/3469 3467/3467/3467
f 3694/3694/3694 3467/3467/3467 3741/3741/3741
f 3741/3741/3741 3467/3467/3467 3736/3736/3736
f 3741/3741/3741 3736/3736/3736 3737/3737/3737
f 3737/3737/3737 3736/3736/3736 3743/3743/3743
f 3737/3737/3737 3743/3743/3743 3744/3744/3744
f 3744/3744/3744 3743/3743/3743 3747/3747/3747
f 3467/3467/3467 3465/3465/3465 3736/3736/3736
f 3736/3736/3736 3465/3465/3465 3463/3463/3463
f 3736/3736/3736 3463/3463/3463 3742/3742/3742
f 3742/3742/3742 3463/3463/3463 3462/3462/3462
f 3742/3742/3742 3462/3462/3462 3459/3459/3459
f 3742/3742/3742 3459/3459/3459 3745/3745/3745
f 3745/3745/3745 3459/3459/3459 3457/3457/3457
f 3745/3745/3745 3457/3457/3457 3456/3456/3456
f 3745/3745/3745 3456/3456/3456 3748/3748/3748
f 3748/3748/3748 3456/3456/3456 3454/3454/3454
f 3748/3748/3748 3454/3454/3454 3751/3751/3751
f 3751/3751/3751 3454/3454/3454 3451/3451/3451
f 3751/3751/3751 3451/3451/3451 3754/3754/3754
f 3754/3754/3754 3451/3451/3451 3693/3693/3693
f 3754/3754/3754 3693/3693/3693 3758/3758/3758
f 3758/3758/3758 3693/3693/3693 3760/3760/3760
f 3758/3758/3758 3760/3760/3760 3761/3761/3761
f 3761/3761/3761 3760/3760/3760 3835/3835/3835
f 3761/3761/3761 3835/3835/3835 3834/3834/3834
f 3834/3834/3834 3835/3835/3835 3765/3765/3765
f 3451/3451/3451 3450/3450/3450 3693/3693/3693
f 3693/3693/3693 3450/3450/3450 3759/3759/3759
f 3693/3693/3693 3759/3759/3759 3760/3760/3760
f 3760/3760/3760 3759/3759/3759 3836/3836/3836
f 3760/3760/3760 3836/3836/3836 3835/3835/3835
f 3835/3835/3835 3836/3836/3836 3766/3766/3766
f 3835/3835/3835 3766/3766/3766 3765/3765/3765
f 3765/3765/3765 3766/3766/3766 3771/3771/3771
f 3765/3765/3765 3771/3771/3771 3772/3772/3772
f 3772/3772/3772 3771/3771/3771 3777/3777/3777
f 3772/3772/3772 3777/3777/3777 3776/3776/3776
f 3776/3776/3776 3777/3777/3777 3787/3787/3787
f 3776/3776/3776 3787/3787/3787 3690/3690/3690
f 3690/3690/3690 3787/3787/3787 3794/3794/3794
f 3759/3759/3759 3450/3450/3450 3692/3692/3692
f 3692/3692/3692 3450/3450/3450 3447/3447/3447
f 3692/3692/3692 3447/3447/3447 3768/3768/3768
f 3768/3768/3768 3447/3447/3447 3691/3691/3691
f 3768/3768/3768 3691/3691/3691 3769/3769/3769
f 3769/3769/3769 3691/3691/3691 3780/3780/3780
f 3769/3769/3769 3780/3780/3780 3779/3779/3779
f 3779/3779/3779 3780/3780/3780 3784/3784/3784
f 3779/3779/3779 3784/3784/3784 3785/3785/3785
f 3785/3785/3785 3784/3784/3784 3791/3791/3791
f 3785/3785/3785 3791/3791/3791 3792/3792/3792
f 3447/3447/3447 3446/3446/3446 3691/3691/3691
f 3691/3691/3691 3446/3446/3446 3781/3781/3781
f 3691/3691/3691 3781/3781/3781 3780/3780/3780
f 3780/3780/3780 3781/3781/3781 3783/3783/3783
f 3780/3780/3780 3783/3783/3783 3784/3784/3784
f 3784/3784/3784 3783/3783/3783 3790/3790/3790
f 3784/3784/3784 3790/3790/3790 3791/3791/3791
f 3781/3781/3781 3446/3446/3446 3782/3782/3782
f 3782/3782/3782 3446/3446/3446 3443/3443/3443
f 3782/3782/3782 3443/3443/3443 3788/3788/3788
f 3788/3788/3788 3443/3443/3443 3441/3441/3441
f 3795/3795/3795 3440/3440/3440 3802/3802/3802
f 3802/3802/3802 3440/3440/3440 3437/3437/3437
f 3802/3802/3802 3437/3437/3437 3809/3809/3809
f 3809/3809/3809 3437/3437/3437 3435/3435/3435
f 3809/3809/3809 3435/3435/3435 3434/3434/3434
f 3432/3432/3432 3687/3687/3687 3434/3434/3434
f 3434/3434/3434 3687/3687/3687 3815/3815/3815
f 3434/3434/3434 3815/3815/3815 3809/3809/3809
f 3809/3809/3809 3815/3815/3815 3810/3810/3810
f 3809/3809/3809 3810/3810/3810 3803/3803/3803
f 3803/3803/3803 3810/3810/3810 3804/3804/3804
f 3803/3803/3803 3804/3804/3804 3796/3796/3796
f 3796/3796/3796 3804/3804/3804 3797/3797/3797
f 3687/3687/3687 3432/3432/3432 3827/3827/3827
f 3827/3827/3827 3432/3432/3432 3428/3428/3428
f 3827/3827/3827 3428/3428/3428 3649/3649/3649
f 3652/3652/3652 3829/3829/3829 3649/3649/3649
f 3649/3649/3649 3829/3829/3829 3828/3828/3828
f 3649/3649/3649 3828/3828/3828 3827/3827/3827
f 3827/3827/3827 3828/3828/3828 3687/3687/3687
f 3654/3654/3654 3831/3831/3831 3652/3652/3652
f 3652/3652/3652 3831/3831/3831 3830/3830/3830
f 3652/3652/3652 3830/3830/3830 3829/3829/3829
f 3829/3829/3829 3830/3830/3830 3825/3825/3825
f 3829/3829/3829 3825/3825/3825 3826/3826/3826
f 3826/3826/3826 3825/3825/3825 3816/3816/3816
f 3826/3826/3826 3816/3816/3816 3815/3815/3815
f 3815/3815/3815 3816/3816/3816 3810/3810/3810
f 3655/3655/3655 3833/3833/3833 3654/3654/3654
f 3654/3654/3654 3833/3833/3833 3832/3832/3832
f 3654/3654/3654 3832/3832/3832 3831/3831/3831
f 3831/3831/3831 3832/3832/3832 3823/3823/3823
f 3831/3831/3831 3823/3823/3823 3824/3824/3824
f 3824/3824/3824 3823/3823/3823 3818/3818/3818
f 3824/3824/3824 3818/3818/3818 3817/3817/3817
f 3817/3817/3817 3818/3818/3818 3812/3812/3812
f 3817/3817/3817 3812/3812/3812 3811/3811/3811
f 3811/3811/3811 3812/3812/3812 3805/3805/3805
f 3811/3811/3811 3805/3805/3805 3804/3804/3804
f 3804/3804/3804 3805/3805/3805 3797/3797/3797
f 3655/3655/3655 3660/3660/3660 3833/3833/3833
f 3833/3833/3833 3660/3660/3660 3688/3688/3688
f 3833/3833/3833 3688/3688/3688 3822/3822/3822
f 3822/3822/3822 3688/3688/3688 3820/3820/3820
f 3822/3822/3822 3820/3820/3820 3819/3819/3819
f 3819/3819/3819 3820/3820/3820 3814/3814/3814
f 3819/3819/3819 3814/3814/3814 3813/3813/3813
f 3813/3813/3813 3814/3814/3814 3806/3806/3806
f 3813/3813/3813 3806/3806/3806 3805/3805/3805
f 3805/3805/3805 3806/3806/3806 3798/3798/3798
f 3805/3805/3805 3798/3798/3798 3797/3797/3797
f 3660/3660/3660 3662/3662/3662 3688/3688/3688
f 3688/3688/3688 3662/3662/3662 3821/3821/3821
f 3688/3688/3688 3821/3821/3821 3820/3820/3820
f 3820/3820/3820 3821/3821/3821 3689/3689/3689
f 3820/3820/3820 3689/3689/3689 3814/3814/3814
f 3814/3814/3814 3689/3689/3689 3807/3807/3807
f 3814/3814/3814 3807/3807/3807 3806/3806/3806
f 3806/3806/3806 3807/3807/3807 3799/3799/3799
f 3806/3806/3806 3799/3799/3799 3798/3798/3798
f 3821/3821/3821 3662/3662/3662 3689/3689/3689
f 3689/3689/3689 3662/3662/3662 3663/3663/3663
f 3689/3689/3689 3663/3663/3663 3665/3665/3665
f 3689/3689/3689 3665/3665/3665 3808/3808/3808
f 3808/3808/3808 3665/3665/3665 3668/3668/3668
f 3808/3808/3808 3668/3668/3668 3801/3801/3801
f 3801/3801/3801 3668/3668/3668 3670/3670/3670
f 3314/3314/3314 3312/3312/3312 3774/3774/3774
f 3069/3069/3069 3068/3068/3068 3720/3720/3720
f 3720/3720/3720 3068/3068/3068 3715/3715/3715
f 3720/3720/3720 3715/3715/3715 3714/3714/3714
f 3714/3714/3714 3715/3715/3715 3717/3717/3717
f 3714/3714/3714 3717/3717/3717 3718/3718/3718
f 3718/3718/3718 3717/3717/3717 3698/3698/3698
f 3068/3068/3068 3066/3066/3066 3715/3715/3715
f 3715/3715/3715 3066/3066/3066 3716/3716/3716
f 3715/3715/3715 3716/3716/3716 3717/3717/3717
f 3717/3717/3717 3716/3716/3716 3711/3711/3711
f 3717/3717/3717 3711/3711/3711 3698/3698/3698
f 3698/3698/3698 3711/3711/3711 3708/3708/3708
f 3066/3066/3066 3064/3064/3064 3716/3716/3716
f 3716/3716/3716 3064/3064/3064 3712/3712/3712
f 3716/3716/3716 3712/3712/3712 3711/3711/3711
f 3711/3711/3711 3712/3712/3712 3709/3709/3709
f 3711/3711/3711 3709/3709/3709 3708/3708/3708
f 3708/3708/3708 3709/3709/3709 3705/3705/3705
f 3064/3064/3064 3062/3062/3062 3712/3712/3712
f 3712/3712/3712 3062/3062/3062 3710/3710/3710
f 3712/3712/3712 3710/3710/3710 3709/3709/3709
f 3709/3709/3709 3710/3710/3710 3706/3706/3706
f 3709/3709/3709 3706/3706/3706 3705/3705/3705
f 3705/3705/3705 3706/3706/3706 3702/3702/3702
f 3062/3062/3062 3060/3060/3060 3710/3710/3710
f 3710/3710/3710 3060/3060/3060 3707/3707/3707
f 3710/3710/3710 3707/3707/3707 3706/3706/3706
f 3706/3706/3706 3707/3707/3707 3703/3703/3703
f 3706/3706/3706 3703/3703/3703 3702/3702/3702
f 3702/3702/3702 3703/3703/3703 3699/3699/3699
f 3060/3060/3060 3058/3058/3058 3707/3707/3707
f 3707/3707/3707 3058/3058/3058 3704/3704/3704
f 3707/3707/3707 3704/3704/3704 3703/3703/3703
f 3703/3703/3703 3704/3704/3704 3700/3700/3700
f 3703/3703/3703 3700/3700/3700 3699/3699/3699
f 3699/3699/3699 3700/3700/3700 3629/3629/3629
f 3058/3058/3058 3055/3055/3055 3704/3704/3704
f 3704/3704/3704 3055/3055/3055 3701/3701/3701
f 3704/3704/3704 3701/3701/3701 3700/3700/3700
f 3700/3700/3700 3701/3701/3701 3630/3630/3630
f 3700/3700/3700 3630/3630/3630 3629/3629/3629
f 3055/3055/3055 3053/3053/3053 3701/3701/3701
f 3701/3701/3701 3053/3053/3053 3630/3630/3630
f 3725/3725/3725 3696/3696/3696 3721/3721/3721
f 3721/3721/3721 3696/3696/3696 3729/3729/3729
f 3721/3721/3721 3729/3729/3729 3728/3728/3728
f 3728/3728/3728 3729/3729/3729 3727/3727/3727
f 3730/3730/3730 3726/3726/3726 3729/3729/3729
f 3729/3729/3729 3726/3726/3726 3727/3727/3727
f 3727/3727/3727 3726/3726/3726 3733/3733/3733
f 3696/3696/3696 3730/3730/3730 3729/3729/3729
f 3735/3735/3735 3694/3694/3694 3731/3731/3731
f 3731/3731/3731 3694/3694/3694 3740/3740/3740
f 3731/3731/3731 3740/3740/3740 3739/3739/3739
f 3739/3739/3739 3740/3740/3740 3738/3738/3738
f 3741/3741/3741 3737/3737/3737 3740/3740/3740
f 3740/3740/3740 3737/3737/3737 3738/3738/3738
f 3738/3738/3738 3737/3737/3737 3744/3744/3744
f 3694/3694/3694 3741/3741/3741 3740/3740/3740
f 3736/3736/3736 3742/3742/3742 3743/3743/3743
f 3743/3743/3743 3742/3742/3742 3746/3746/3746
f 3743/3743/3743 3746/3746/3746 3747/3747/3747
f 3747/3747/3747 3746/3746/3746 3750/3750/3750
f 3742/3742/3742 3745/3745/3745 3746/3746/3746
f 3746/3746/3746 3745/3745/3745 3749/3749/3749
f 3746/3746/3746 3749/3749/3749 3750/3750/3750
f 3750/3750/3750 3749/3749/3749 3753/3753/3753
f 3745/3745/3745 3748/3748/3748 3749/3749/3749
f 3749/3749/3749 3748/3748/3748 3752/3752/3752
f 3749/3749/3749 3752/3752/3752 3753/3753/3753
f 3753/3753/3753 3752/3752/3752 3756/3756/3756
f 3748/3748/3748 3751/3751/3751 3752/3752/3752
f 3752/3752/3752 3751/3751/3751 3755/3755/3755
f 3752/3752/3752 3755/3755/3755 3756/3756/3756
f 3756/3756/3756 3755/3755/3755 3757/3757/3757
f 3751/3751/3751 3754/3754/3754 3755/3755/3755
f 3755/3755/3755 3754/3754/3754 3758/3758/3758
f 3755/3755/3755 3758/3758/3758 3757/3757/3757
f 3757/3757/3757 3758/3758/3758 3761/3761/3761
f 3834/3834/3834 3762/3762/3762 3761/3761/3761
f 3763/3763/3763 3764/3764/3764 3773/3773/3773
f 3773/3773/3773 3764/3764/3764 3772/3772/3772
f 3773/3773/3773 3772/3772/3772 3776/3776/3776
f 3764/3764/3764 3765/3765/3765 3772/3772/3772
f 3766/3766/3766 3767/3767/3767 3770/3770/3770
f 3770/3770/3770 3767/3767/3767 3769/3769/3769
f 3770/3770/3770 3769/3769/3769 3779/3779/3779
f 3692/3692/3692 3768/3768/3768 3767/3767/3767
f 3767/3767/3767 3768/3768/3768 3769/3769/3769
f 3692/3692/3692 3767/3767/3767 3836/3836/3836
f 3836/3836/3836 3767/3767/3767 3766/3766/3766
f 3766/3766/3766 3770/3770/3770 3771/3771/3771
f 3771/3771/3771 3770/3770/3770 3778/3778/3778
f 3771/3771/3771 3778/3778/3778 3777/3777/3777
f 3777/3777/3777 3778/3778/3778 3786/3786/3786
f 3777/3777/3777 3786/3786/3786 3787/3787/3787
f 3787/3787/3787 3786/3786/3786 3793/3793/3793
f 3787/3787/3787 3793/3793/3793 3794/3794/3794
f 3778/3778/3778 3770/3770/3770 3779/3779/3779
f 3775/3775/3775 3773/3773/3773 3776/3776/3776
f 3775/3775/3775 3776/3776/3776 3690/3690/3690
f 3786/3786/3786 3778/3778/3778 3785/3785/3785
f 3785/3785/3785 3778/3778/3778 3779/3779/3779
f 3781/3781/3781 3782/3782/3782 3783/3783/3783
f 3783/3783/3783 3782/3782/3782 3789/3789/3789
f 3783/3783/3783 3789/3789/3789 3790/3790/3790
f 3788/3788/3788 3789/3789/3789 3782/3782/3782
f 3793/3793/3793 3786/3786/3786 3792/3792/3792
f 3792/3792/3792 3786/3786/3786 3785/3785/3785
f 3803/3803/3803 3796/3796/3796 3795/3795/3795
f 3808/3808/3808 3801/3801/3801 3800/3800/3800
f 3808/3808/3808 3800/3800/3800 3807/3807/3807
f 3807/3807/3807 3800/3800/3800 3799/3799/3799
f 3809/3809/3809 3803/3803/3803 3802/3802/3802
f 3802/3802/3802 3803/3803/3803 3795/3795/3795
f 3811/3811/3811 3804/3804/3804 3810/3810/3810
f 3689/3689/3689 3808/3808/3808 3807/3807/3807
f 3813/3813/3813 3805/3805/3805 3812/3812/3812
f 3817/3817/3817 3811/3811/3811 3816/3816/3816
f 3816/3816/3816 3811/3811/3811 3810/3810/3810
f 3819/3819/3819 3813/3813/3813 3818/3818/3818
f 3818/3818/3818 3813/3813/3813 3812/3812/3812
f 3824/3824/3824 3817/3817/3817 3825/3825/3825
f 3825/3825/3825 3817/3817/3817 3816/3816/3816
f 3822/3822/3822 3819/3819/3819 3823/3823/3823
f 3823/3823/3823 3819/3819/3819 3818/3818/3818
f 3832/3832/3832 3833/3833/3833 3822/3822/3822
f 3822/3822/3822 3823/3823/3823 3832/3832/3832
f 3830/3830/3830 3831/3831/3831 3824/3824/3824
f 3824/3824/3824 3825/3825/3825 3830/3830/3830
f 3828/3828/3828 3829/3829/3829 3826/3826/3826
f 3815/3815/3815 3687/3687/3687 3826/3826/3826
f 3826/3826/3826 3687/3687/3687 3828/3828/3828
f 3759/3759/3759 3692/3692/3692 3836/3836/3836
f 3854/3854/3854 3323/3323/3323 3858/3858/3858
f 3858/3858/3858 3323/3323/3323 3322/3322/3322
f 3858/3858/3858 3322/3322/3322 3319/3319/3319
f 3858/3858/3858 3319/3319/3319 3671/3671/3671
f 3671/3671/3671 3319/3319/3319 3318/3318/3318
f 3671/3671/3671 3318/3318/3318 3316/3316/3316
f 3858/3858/3858 3671/3671/3671 3859/3859/3859
f 3859/3859/3859 3671/3671/3671 3669/3669/3669
f 3859/3859/3859 3669/3669/3669 3860/3860/3860
f 3860/3860/3860 3669/3669/3669 3667/3667/3667
f 3860/3860/3860 3667/3667/3667 3861/3861/3861
f 3861/3861/3861 3667/3667/3667 3666/3666/3666
f 3861/3861/3861 3666/3666/3666 3862/3862/3862
f 3862/3862/3862 3666/3666/3666 3664/3664/3664
f 3862/3862/3862 3664/3664/3664 3863/3863/3863
f 3863/3863/3863 3664/3664/3664 3661/3661/3661
f 3863/3863/3863 3661/3661/3661 3864/3864/3864
f 3864/3864/3864 3661/3661/3661 3857/3857/3857
f 3864/3864/3864 3857/3857/3857 3842/3842/3842
f 3842/3842/3842 3857/3857/3857 3840/3840/3840
f 3840/3840/3840 3857/3857/3857 3865/3865/3865
f 3840/3840/3840 3865/3865/3865 3856/3856/3856
f 3856/3856/3856 3865/3865/3865 3659/3659/3659
f 3856/3856/3856 3659/3659/3659 3657/3657/3657
f 3661/3661/3661 3659/3659/3659 3857/3857/3857
f 3857/3857/3857 3659/3659/3659 3865/3865/3865
f 3657/3657/3657 3837/3837/3837 3856/3856/3856
f 3856/3856/3856 3837/3837/3837 3840/3840/3840
f 3842/3842/3842 3845/3845/3845 3864/3864/3864
f 3864/3864/3864 3845/3845/3845 3863/3863/3863
f 3845/3845/3845 3846/3846/3846 3863/3863/3863
f 3863/3863/3863 3846/3846/3846 3862/3862/3862
f 3846/3846/3846 3848/3848/3848 3862/3862/3862
f 3862/3862/3862 3848/3848/3848 3861/3861/3861
f 3848/3848/3848 3850/3850/3850 3861/3861/3861
f 3861/3861/3861 3850/3850/3850 3860/3860/3860
f 3850/3850/3850 3852/3852/3852 3860/3860/3860
f 3860/3860/3860 3852/3852/3852 3859/3859/3859
f 3852/3852/3852 3854/3854/3854 3859/3859/3859
f 3859/3859/3859 3854/3854/3854 3858/3858/3858
f 2194/2194/2194 3866/3866/3866 3941/3941/3941
f 3941/3941/3941 3866/3866/3866 3869/3869/3869
f 3941/3941/3941 3869/3869/3869 3940/3940/3940
f 3940/3940/3940 3869/3869/3869 3872/3872/3872
f 3940/3940/3940 3872/3872/3872 3938/3938/3938
f 3938/3938/3938 3872/3872/3872 3874/3874/3874
f 3938/3938/3938 3874/3874/3874 3936/3936/3936
f 3936/3936/3936 3874/3874/3874 3875/3875/3875
f 3936/3936/3936 3875/3875/3875 3933/3933/3933
f 3933/3933/3933 3875/3875/3875 3878/3878/3878
f 3933/3933/3933 3878/3878/3878 3932/3932/3932
f 3932/3932/3932 3878/3878/3878 3879/3879/3879
f 3932/3932/3932 3879/3879/3879 3930/3930/3930
f 3930/3930/3930 3879/3879/3879 3881/3881/3881
f 3930/3930/3930 3881/3881/3881 3927/3927/3927
f 3927/3927/3927 3881/3881/3881 3884/3884/3884
f 3927/3927/3927 3884/3884/3884 3925/3925/3925
f 3925/3925/3925 3884/3884/3884 3886/3886/3886
f 3925/3925/3925 3886/3886/3886 3923/3923/3923
f 3923/3923/3923 3886/3886/3886 3888/3888/3888
f 3923/3923/3923 3888/3888/3888 3921/3921/3921
f 3921/3921/3921 3888/3888/3888 3889/3889/3889
f 3921/3921/3921 3889/3889/3889 3919/3919/3919
f 3919/3919/3919 3889/3889/3889 3892/3892/3892
f 3919/3919/3919 3892/3892/3892 3918/3918/3918
f 3918/3918/3918 3892/3892/3892 3894/3894/3894
f 3918/3918/3918 3894/3894/3894 3915/3915/3915
f 3915/3915/3915 3894/3894/3894 3895/3895/3895
f 3915/3915/3915 3895/3895/3895 3913/3913/3913
f 3913/3913/3913 3895/3895/3895 3898/3898/3898
f 3913/3913/3913 3898/3898/3898 3912/3912/3912
f 3912/3912/3912 3898/3898/3898 3900/3900/3900
f 3912/3912/3912 3900/3900/3900 3910/3910/3910
f 3910/3910/3910 3900/3900/3900 3901/3901/3901
f 3910/3910/3910 3901/3901/3901 3907/3907/3907
f 3907/3907/3907 3901/3901/3901 3903/3903/3903
f 3907/3907/3907 3903/3903/3903 3905/3905/3905
f 3905/3905/3905 3903/3903/3903 3839/3839/3839
f 3905/3905/3905 3839/3839/3839 3658/3658/3658
f 2177/2177/2177 3346/3346/3346 2181/2181/2181
f 2181/2181/2181 3346/3346/3346 3343/3343/3343
f 2181/2181/2181 3343/3343/3343 3961/3961/3961
f 3961/3961/3961 3343/3343/3343 3342/3342/3342
f 3961/3961/3961 3342/3342/3342 3340/3340/3340
f 3340/3340/3340 3944/3944/3944 3961/3961/3961
f 3961/3961/3961 3944/3944/3944 3962/3962/3962
f 3961/3961/3961 3962/3962/3962 2183/2183/2183
f 2183/2183/2183 3962/3962/3962 3963/3963/3963
f 2183/2183/2183 3963/3963/3963 2185/2185/2185
f 2185/2185/2185 3963/3963/3963 3964/3964/3964
f 2185/2185/2185 3964/3964/3964 2187/2187/2187
f 2187/2187/2187 3964/3964/3964 3965/3965/3965
f 2187/2187/2187 3965/3965/3965 2189/2189/2189
f 2189/2189/2189 3965/3965/3965 3966/3966/3966
f 2189/2189/2189 3966/3966/3966 2191/2191/2191
f 2191/2191/2191 3966/3966/3966 3967/3967/3967
f 2191/2191/2191 3967/3967/3967 3960/3960/3960
f 3960/3960/3960 3967/3967/3967 3956/3956/3956
f 3960/3960/3960 3956/3956/3956 3958/3958/3958
f 3944/3944/3944 3946/3946/3946 3962/3962/3962
f 3962/3962/3962 3946/3946/3946 3963/3963/3963
f 3946/3946/3946 3947/3947/3947 3963/3963/3963
f 3963/3963/3963 3947/3947/3947 3964/3964/3964
f 3947/3947/3947 3950/3950/3950 3964/3964/3964
f 3964/3964/3964 3950/3950/3950 3965/3965/3965
f 3950/3950/3950 3952/3952/3952 3965/3965/3965
f 3965/3965/3965 3952/3952/3952 3966/3966/3966
f 3952/3952/3952 3954/3954/3954 3966/3966/3966
f 3966/3966/3966 3954/3954/3954 3967/3967/3967
f 3954/3954/3954 3956/3956/3956 3967/3967/3967
f 3867/3867/3867 3959/3959/3959 3958/3958/3958
f 3958/3958/3958 3959/3959/3959 3968/3968/3968
f 3958/3958/3958 3968/3968/3968 3960/3960/3960
f 3960/3960/3960 3968/3968/3968 2193/2193/2193
f 3960/3960/3960 2193/2193/2193 2191/2191/2191
f 3867/3867/3867 2197/2197/2197 3959/3959/3959
f 3959/3959/3959 2197/2197/2197 2193/2193/2193
f 3959/3959/3959 2193/2193/2193 3968/3968/3968
f 2183/2183/2183 2181/2181/2181 3961/3961/3961
f 1978/1978/1978 1976/1976/1976 3970/3970/3970
f 3970/3970/3970 1976/1976/1976 1992/1992/1992
f 3970/3970/3970 1992/1992/1992 2200/2200/2200
f 2200/2200/2200 1992/1992/1992 1990/1990/1990
f 2200/2200/2200 1990/1990/1990 1988/1988/1988
f 3970/3970/3970 2200/2200/2200 3969/3969/3969
f 3969/3969/3969 2200/2200/2200 2199/2199/2199
f 3969/3969/3969 2199/2199/2199 3942/3942/3942
f 3942/3942/3942 2199/2199/2199 2196/2196/2196
f 3969/3969/3969 3942/3942/3942 3971/3971/3971
f 3971/3971/3971 3942/3942/3942 3939/3939/3939
f 3971/3971/3971 3939/3939/3939 3974/3974/3974
f 3974/3974/3974 3939/3939/3939 3937/3937/3937
f 3974/3974/3974 3937/3937/3937 3977/3977/3977
f 3977/3977/3977 3937/3937/3937 3935/3935/3935
f 3977/3977/3977 3935/3935/3935 3980/3980/3980
f 3980/3980/3980 3935/3935/3935 3934/3934/3934
f 3980/3980/3980 3934/3934/3934 3983/3983/3983
f 3983/3983/3983 3934/3934/3934 3931/3931/3931
f 3983/3983/3983 3931/3931/3931 3986/3986/3986
f 3986/3986/3986 3931/3931/3931 3929/3929/3929
f 3986/3986/3986 3929/3929/3929 3989/3989/3989
f 3989/3989/3989 3929/3929/3929 3928/3928/3928
f 3989/3989/3989 3928/3928/3928 3992/3992/3992
f 3992/3992/3992 3928/3928/3928 3926/3926/3926
f 3992/3992/3992 3926/3926/3926 3995/3995/3995
f 3995/3995/3995 3926/3926/3926 3924/3924/3924
f 3995/3995/3995 3924/3924/3924 3998/3998/3998
f 3998/3998/3998 3924/3924/3924 3922/3922/3922
f 3998/3998/3998 3922/3922/3922 4001/4001/4001
f 4001/4001/4001 3922/3922/3922 3920/3920/3920
f 4001/4001/4001 3920/3920/3920 4004/4004/4004
f 4004/4004/4004 3920/3920/3920 3917/3917/3917
f 4004/4004/4004 3917/3917/3917 4007/4007/4007
f 4007/4007/4007 3917/3917/3917 3916/3916/3916
f 4007/4007/4007 3916/3916/3916 4010/4010/4010
f 4010/4010/4010 3916/3916/3916 3914/3914/3914
f 4010/4010/4010 3914/3914/3914 4013/4013/4013
f 4013/4013/4013 3914/3914/3914 3911/3911/3911
f 4013/4013/4013 3911/3911/3911 4016/4016/4016
f 4016/4016/4016 3911/3911/3911 3909/3909/3909
f 4016/4016/4016 3909/3909/3909 4019/4019/4019
f 4019/4019/4019 3909/3909/3909 3908/3908/3908
f 4019/4019/4019 3908/3908/3908 4022/4022/4022
f 4022/4022/4022 3908/3908/3908 3906/3906/3906
f 4022/4022/4022 3906/3906/3906 3653/3653/3653
f 3653/3653/3653 3906/3906/3906 3656/3656/3656
f 3653/3653/3653 3651/3651/3651 4022/4022/4022
f 4022/4022/4022 3651/3651/3651 4023/4023/4023
f 4022/4022/4022 4023/4023/4023 4019/4019/4019
f 4019/4019/4019 4023/4023/4023 4020/4020/4020
f 4019/4019/4019 4020/4020/4020 4016/4016/4016
f 4016/4016/4016 4020/4020/4020 4017/4017/4017
f 4016/4016/4016 4017/4017/4017 4013/4013/4013
f 4013/4013/4013 4017/4017/4017 4014/4014/4014
f 4013/4013/4013 4014/4014/4014 4010/4010/4010
f 4010/4010/4010 4014/4014/4014 4011/4011/4011
f 4010/4010/4010 4011/4011/4011 4007/4007/4007
f 4007/4007/4007 4011/4011/4011 4008/4008/4008
f 4007/4007/4007 4008/4008/4008 4004/4004/4004
f 4004/4004/4004 4008/4008/4008 4005/4005/4005
f 4004/4004/4004 4005/4005/4005 4001/4001/4001
f 4001/4001/4001 4005/4005/4005 4002/4002/4002
f 4001/4001/4001 4002/4002/4002 3998/3998/3998
f 3998/3998/3998 4002/4002/4002 3999/3999/3999
f 3998/3998/3998 3999/3999/3999 3995/3995/3995
f 3995/3995/3995 3999/3999/3999 3996/3996/3996
f 3995/3995/3995 3996/3996/3996 3992/3992/3992
f 3992/3992/3992 3996/3996/3996 3993/3993/3993
f 3992/3992/3992 3993/3993/3993 3989/3989/3989
f 3989/3989/3989 3993/3993/3993 3990/3990/3990
f 3989/3989/3989 3990/3990/3990 3986/3986/3986
f 3986/3986/3986 3990/3990/3990 3987/3987/3987
f 3986/3986/3986 3987/3987/3987 3983/3983/3983
f 3983/3983/3983 3987/3987/3987 3984/3984/3984
f 3983/3983/3983 3984/3984/3984 3980/3980/3980
f 3980/3980/3980 3984/3984/3984 3981/3981/3981
f 3980/3980/3980 3981/3981/3981 3977/3977/3977
f 3977/3977/3977 3981/3981/3981 3978/3978/3978
f 3977/3977/3977 3978/3978/3978 3974/3974/3974
f 3974/3974/3974 3978/3978/3978 3975/3975/3975
f 3974/3974/3974 3975/3975/3975 3971/3971/3971
f 3971/3971/3971 3975/3975/3975 3972/3972/3972
f 3971/3971/3971 3972/3972/3972 3969/3969/3969
f 3969/3969/3969 3972/3972/3972 3970/3970/3970
f 3651/3651/3651 3650/3650/3650 4023/4023/4023
f 4023/4023/4023 3650/3650/3650 4024/4024/4024
f 4023/4023/4023 4024/4024/4024 4020/4020/4020
f 4020/4020/4020 4024/4024/4024 4021/4021/4021
f 4020/4020/4020 4021/4021/4021 4017/4017/4017
f 4017/4017/4017 4021/4021/4021 4018/4018/4018
f 4017/4017/4017 4018/4018/4018 4014/4014/4014
f 4014/4014/4014 4018/4018/4018 4015/4015/4015
f 4014/4014/4014 4015/4015/4015 4011/4011/4011
f 4011/4011/4011 4015/4015/4015 4012/4012/4012
f 4011/4011/4011 4012/4012/4012 4008/4008/4008
f 4008/4008/4008 4012/4012/4012 4009/4009/4009
f 4008/4008/4008 4009/4009/4009 4005/4005/4005
f 4005/4005/4005 4009/4009/4009 4006/4006/4006
f 4005/4005/4005 4006/4006/4006 4002/4002/4002
f 4002/4002/4002 4006/4006/4006 4003/4003/4003
f 4002/4002/4002 4003/4003/4003 3999/3999/3999
f 3999/3999/3999 4003/4003/4003 4000/4000/4000
f 3999/3999/3999 4000/4000/4000 3996/3996/3996
f 3996/3996/3996 4000/4000/4000 3997/3997/3997
f 3996/3996/3996 3997/3997/3997 3993/3993/3993
f 3993/3993/3993 3997/3997/3997 3994/3994/3994
f 3993/3993/3993 3994/3994/3994 3990/3990/3990
f 3990/3990/3990 3994/3994/3994 3991/3991/3991
f 3990/3990/3990 3991/3991/3991 3987/3987/3987
f 3987/3987/3987 3991/3991/3991 3988/3988/3988
f 3987/3987/3987 3988/3988/3988 3984/3984/3984
f 3984/3984/3984 3988/3988/3988 3985/3985/3985
f 3984/3984/3984 3985/3985/3985 3981/3981/3981
f 3981/3981/3981 3985/3985/3985 3982/3982/3982
f 3981/3981/3981 3982/3982/3982 3978/3978/3978
f 3978/3978/3978 3982/3982/3982 3979/3979/3979
f 3978/3978/3978 3979/3979/3979 3975/3975/3975
f 3975/3975/3975 3979/3979/3979 3976/3976/3976
f 3975/3975/3975 3976/3976/3976 3972/3972/3972
f 3972/3972/3972 3976/3976/3976 3973/3973/3973
f 3972/3972/3972 3973/3973/3973 1986/1986/1986
f 1986/1986/1986 3973/3973/3973 2017/2017/2017
f 2017/2017/2017 3973/3973/3973 2019/2019/2019
f 2019/2019/2019 3973/3973/3973 2009/2009/2009
f 2009/2009/2009 3973/3973/3973 3558/3558/3558
f 2009/2009/2009 3558/3558/3558 2010/2010/2010
f 2010/2010/2010 3558/3558/3558 3557/3557/3557
f 2010/2010/2010 3557/3557/3557 2013/2013/2013
f 2013/2013/2013 3557/3557/3557 2014/2014/2014
f 2014/2014/2014 3557/3557/3557 1927/1927/1927
f 1927/1927/1927 3557/3557/3557 1929/1929/1929
f 1929/1929/1929 3557/3557/3557 2025/2025/2025
f 1929/1929/1929 2025/2025/2025 2022/2022/2022
f 3429/3429/3429 3593/3593/3593 3650/3650/3650
f 3650/3650/3650 3593/3593/3593 4024/4024/4024
f 4024/4024/4024 3593/3593/3593 4021/4021/4021
f 4021/4021/4021 3593/3593/3593 3590/3590/3590
f 4021/4021/4021 3590/3590/3590 4018/4018/4018
f 4018/4018/4018 3590/3590/3590 3588/3588/3588
f 4018/4018/4018 3588/3588/3588 4015/4015/4015
f 4015/4015/4015 3588/3588/3588 3586/3586/3586
f 4015/4015/4015 3586/3586/3586 4012/4012/4012
f 4012/4012/4012 3586/3586/3586 3585/3585/3585
f 4012/4012/4012 3585/3585/3585 4009/4009/4009
f 4009/4009/4009 3585/3585/3585 3582/3582/3582
f 4009/4009/4009 3582/3582/3582 4006/4006/4006
f 4006/4006/4006 3582/3582/3582 3581/3581/3581
f 4006/4006/4006 3581/3581/3581 4003/4003/4003
f 4003/4003/4003 3581/3581/3581 3578/3578/3578
f 4003/4003/4003 3578/3578/3578 4000/4000/4000
f 4000/4000/4000 3578/3578/3578 3576/3576/3576
f 4000/4000/4000 3576/3576/3576 3997/3997/3997
f 3997/3997/3997 3576/3576/3576 3574/3574/3574
f 3997/3997/3997 3574/3574/3574 3994/3994/3994
f 3994/3994/3994 3574/3574/3574 3572/3572/3572
f 3994/3994/3994 3572/3572/3572 3991/3991/3991
f 3991/3991/3991 3572/3572/3572 3571/3571/3571
f 3991/3991/3991 3571/3571/3571 3988/3988/3988
f 3988/3988/3988 3571/3571/3571 3568/3568/3568
f 3988/3988/3988 3568/3568/3568 3985/3985/3985
f 3985/3985/3985 3568/3568/3568 3567/3567/3567
f 3985/3985/3985 3567/3567/3567 3982/3982/3982
f 3982/3982/3982 3567/3567/3567 3564/3564/3564
f 3982/3982/3982 3564/3564/3564 3979/3979/3979
f 3979/3979/3979 3564/3564/3564 3563/3563/3563
f 3979/3979/3979 3563/3563/3563 3976/3976/3976
f 3976/3976/3976 3563/3563/3563 3560/3560/3560
f 3976/3976/3976 3560/3560/3560 3973/3973/3973
f 3973/3973/3973 3560/3560/3560 3558/3558/3558
f 1929/1929/1929 2022/2022/2022 1931/1931/1931
f 1931/1931/1931 2022/2022/2022 2021/2021/2021
f 1931/1931/1931 2021/2021/2021 1933/1933/1933
f 1986/1986/1986 1983/1983/1983 3972/3972/3972
f 3972/3972/3972 1983/1983/1983 3970/3970/3970
f 1983/1983/1983 1980/1980/1980 3970/3970/3970
f 3970/3970/3970 1980/1980/1980 1978/1978/1978
f 3172/3172/3172 3168/3168/3168 3272/3272/3272
f 3272/3272/3272 3168/3168/3168 4025/4025/4025
f 3272/3272/3272 4025/4025/4025 3273/3273/3273
f 3273/3273/3273 4025/4025/4025 995/995/995
f 3273/3273/3273 995/995/995 991/991/991
f 4025/4025/4025 3168/3168/3168 4026/4026/4026
f 4026/4026/4026 3168/3168/3168 3167/3167/3167
f 4026/4026/4026 3167/3167/3167 4027/4027/4027
f 4027/4027/4027 3167/3167/3167 3165/3165/3165
f 4027/4027/4027 3165/3165/3165 4028/4028/4028
f 4028/4028/4028 3165/3165/3165 3163/3163/3163
f 4028/4028/4028 3163/3163/3163 4029/4029/4029
f 4029/4029/4029 3163/3163/3163 3160/3160/3160
f 4029/4029/4029 3160/3160/3160 4030/4030/4030
f 4030/4030/4030 3160/3160/3160 3158/3158/3158
f 4030/4030/4030 3158/3158/3158 4031/4031/4031
f 4031/4031/4031 3158/3158/3158 3157/3157/3157
f 4031/4031/4031 3157/3157/3157 4032/4032/4032
f 4032/4032/4032 3157/3157/3157 3154/3154/3154
f 4032/4032/4032 3154/3154/3154 4033/4033/4033
f 4033/4033/4033 3154/3154/3154 3152/3152/3152
f 4033/4033/4033 3152/3152/3152 4034/4034/4034
f 4034/4034/4034 3152/3152/3152 3151/3151/3151
f 4034/4034/4034 3151/3151/3151 4035/4035/4035
f 4035/4035/4035 3151/3151/3151 3149/3149/3149
f 4035/4035/4035 3149/3149/3149 4036/4036/4036
f 4036/4036/4036 3149/3149/3149 3147/3147/3147
f 4036/4036/4036 3147/3147/3147 4037/4037/4037
f 4037/4037/4037 3147/3147/3147 3144/3144/3144
f 4037/4037/4037 3144/3144/3144 4038/4038/4038
f 4038/4038/4038 3144/3144/3144 3142/3142/3142
f 4038/4038/4038 3142/3142/3142 4039/4039/4039
f 4039/4039/4039 3142/3142/3142 3140/3140/3140
f 4039/4039/4039 3140/3140/3140 4040/4040/4040
f 4040/4040/4040 3140/3140/3140 3139/3139/3139
f 4040/4040/4040 3139/3139/3139 3253/3253/3253
f 3253/3253/3253 3139/3139/3139 3135/3135/3135
f 3253/3253/3253 3252/3252/3252 4040/4040/4040
f 4040/4040/4040 3252/3252/3252 1025/1025/1025
f 4040/4040/4040 1025/1025/1025 4039/4039/4039
f 4039/4039/4039 1025/1025/1025 1023/1023/1023
f 4039/4039/4039 1023/1023/1023 4038/4038/4038
f 4038/4038/4038 1023/1023/1023 1021/1021/1021
f 4038/4038/4038 1021/1021/1021 4037/4037/4037
f 4037/4037/4037 1021/1021/1021 1018/1018/1018
f 4037/4037/4037 1018/1018/1018 4036/4036/4036
f 4036/4036/4036 1018/1018/1018 1016/1016/1016
f 4036/4036/4036 1016/1016/1016 4035/4035/4035
f 4035/4035/4035 1016/1016/1016 1014/1014/1014
f 4035/4035/4035 1014/1014/1014 4034/4034/4034
f 4034/4034/4034 1014/1014/1014 1013/1013/1013
f 4034/4034/4034 1013/1013/1013 4033/4033/4033
f 4033/4033/4033 1013/1013/1013 1010/1010/1010
f 4033/4033/4033 1010/1010/1010 4032/4032/4032
f 4032/4032/4032 1010/1010/1010 1008/1008/1008
f 4032/4032/4032 1008/1008/1008 4031/4031/4031
f 4031/4031/4031 1008/1008/1008 1006/1006/1006
f 4031/4031/4031 1006/1006/1006 4030/4030/4030
f 4030/4030/4030 1006/1006/1006 1005/1005/1005
f 4030/4030/4030 1005/1005/1005 4029/4029/4029
f 4029/4029/4029 1005/1005/1005 1002/1002/1002
f 4029/4029/4029 1002/1002/1002 4028/4028/4028
f 4028/4028/4028 1002/1002/1002 1001/1001/1001
f 4028/4028/4028 1001/1001/1001 4027/4027/4027
f 4027/4027/4027 1001/1001/1001 999/999/999
f 4027/4027/4027 999/999/999 4026/4026/4026
f 4026/4026/4026 999/999/999 997/997/997
f 4026/4026/4026 997/997/997 4025/4025/4025
f 4025/4025/4025 997/997/997 995/995/995
f 3252/3252/3252 1027/1027/1027 1025/1025/1025
f 1736/1736/1736 1735/1735/1735 2156/2156/2156
f 2156/2156/2156 1735/1735/1735 2158/2158/2158
f 2158/2158/2158 1735/1735/1735 1732/1732/1732
f 2158/2158/2158 1732/1732/1732 2160/2160/2160
f 2160/2160/2160 1732/1732/1732 1731/1731/1731
f 2160/2160/2160 1731/1731/1731 2163/2163/2163
f 2163/2163/2163 1731/1731/1731 1728/1728/1728
f 2163/2163/2163 1728/1728/1728 2165/2165/2165
f 2165/2165/2165 1728/1728/1728 1727/1727/1727
f 2165/2165/2165 1727/1727/1727 2166/2166/2166
f 2166/2166/2166 1727/1727/1727 1725/1725/1725
f 2166/2166/2166 1725/1725/1725 2169/2169/2169
f 2169/2169/2169 1725/1725/1725 1723/1723/1723
f 2169/2169/2169 1723/1723/1723 2170/2170/2170
f 2170/2170/2170 1723/1723/1723 1720/1720/1720
f 2170/2170/2170 1720/1720/1720 2172/2172/2172
f 2172/2172/2172 1720/1720/1720 1718/1718/1718
f 3222/3222/3222 3219/3219/3219 3309/3309/3309
f 3309/3309/3309 3219/3219/3219 3674/3674/3674
f 3674/3674/3674 3219/3219/3219 3218/3218/3218
f 3674/3674/3674 3218/3218/3218 3676/3676/3676
f 3676/3676/3676 3218/3218/3218 3215/3215/3215
f 3676/3676/3676 3215/3215/3215 3678/3678/3678
f 3678/3678/3678 3215/3215/3215 3213/3213/3213
f 3678/3678/3678 3213/3213/3213 3679/3679/3679
f 3679/3679/3679 3213/3213/3213 3212/3212/3212
f 3679/3679/3679 3212/3212/3212 3681/3681/3681
f 3681/3681/3681 3212/3212/3212 3209/3209/3209
f 3681/3681/3681 3209/3209/3209 3683/3683/3683
f 3683/3683/3683 3209/3209/3209 3207/3207/3207
f 3683/3683/3683 3207/3207/3207 3685/3685/3685
f 3685/3685/3685 3207/3207/3207 3206/3206/3206
f 3685/3685/3685 3206/3206/3206 3099/3099/3099
f 3099/3099/3099 3206/3206/3206 3103/3103/3103
f 3957/3957/3957 3419/3419/3419 3868/3868/3868
f 3868/3868/3868 3419/3419/3419 3416/3416/3416
f 3868/3868/3868 3416/3416/3416 3870/3870/3870
f 3870/3870/3870 3416/3416/3416 3414/3414/3414
f 3870/3870/3870 3414/3414/3414 3871/3871/3871
f 3871/3871/3871 3414/3414/3414 3413/3413/3413
f 3871/3871/3871 3413/3413/3413 3873/3873/3873
f 3873/3873/3873 3413/3413/3413 3411/3411/3411
f 3873/3873/3873 3411/3411/3411 3876/3876/3876
f 3876/3876/3876 3411/3411/3411 3408/3408/3408
f 3876/3876/3876 3408/3408/3408 3877/3877/3877
f 3877/3877/3877 3408/3408/3408 3406/3406/3406
f 3877/3877/3877 3406/3406/3406 3880/3880/3880
f 3880/3880/3880 3406/3406/3406 3404/3404/3404
f 3880/3880/3880 3404/3404/3404 3882/3882/3882
f 3882/3882/3882 3404/3404/3404 3402/3402/3402
f 3882/3882/3882 3402/3402/3402 3883/3883/3883
f 3883/3883/3883 3402/3402/3402 3401/3401/3401
f 3883/3883/3883 3401/3401/3401 3885/3885/3885
f 3885/3885/3885 3401/3401/3401 3398/3398/3398
f 3885/3885/3885 3398/3398/3398 3887/3887/3887
f 3887/3887/3887 3398/3398/3398 3890/3890/3890
f 3890/3890/3890 3398/3398/3398 3396/3396/3396
f 3890/3890/3890 3396/3396/3396 3891/3891/3891
f 3891/3891/3891 3396/3396/3396 3395/3395/3395
f 3891/3891/3891 3395/3395/3395 3893/3893/3893
f 3893/3893/3893 3395/3395/3395 3393/3393/3393
f 3893/3893/3893 3393/3393/3393 3896/3896/3896
f 3896/3896/3896 3393/3393/3393 3390/3390/3390
f 3896/3896/3896 3390/3390/3390 3897/3897/3897
f 3897/3897/3897 3390/3390/3390 3389/3389/3389
f 3897/3897/3897 3389/3389/3389 3899/3899/3899
f 3899/3899/3899 3389/3389/3389 3387/3387/3387
f 3899/3899/3899 3387/3387/3387 3902/3902/3902
f 3902/3902/3902 3387/3387/3387 3384/3384/3384
f 3902/3902/3902 3384/3384/3384 3904/3904/3904
f 3904/3904/3904 3384/3384/3384 3382/3382/3382
f 3904/3904/3904 3382/3382/3382 3838/3838/3838
f 3838/3838/3838 3382/3382/3382 3380/3380/3380
f 3838/3838/3838 3380/3380/3380 3841/3841/3841
f 3841/3841/3841 3380/3380/3380 3377/3377/3377
f 3841/3841/3841 3377/3377/3377 3843/3843/3843
f 3843/3843/3843 3377/3377/3377 3844/3844/3844
f 3844/3844/3844 3377/3377/3377 3847/3847/3847
f 3847/3847/3847 3377/3377/3377 3849/3849/3849
f 3849/3849/3849 3377/3377/3377 3851/3851/3851
f 3851/3851/3851 3377/3377/3377 3853/3853/3853
f 3853/3853/3853 3377/3377/3377 3326/3326/3326
f 3853/3853/3853 3326/3326/3326 3855/3855/3855
f 3855/3855/3855 3326/3326/3326 3325/3325/3325
f 3419/3419/3419 3957/3957/3957 3421/3421/3421
f 3421/3421/3421 3957/3957/3957 3955/3955/3955
f 3421/3421/3421 3955/3955/3955 3953/3953/3953
f 3953/3953/3953 3951/3951/3951 3421/3421/3421
f 3421/3421/3421 3951/3951/3951 3949/3949/3949
f 3421/3421/3421 3949/3949/3949 3948/3948/3948
f 3948/3948/3948 3945/3945/3945 3421/3421/3421
f 3421/3421/3421 3945/3945/3945 3335/3335/3335
f 3335/3335/3335 3945/3945/3945 3943/3943/3943
f 3335/3335/3335 3943/3943/3943 3339/3339/3339
f 3330/3330/3330 3327/3327/3327 3349/3349/3349
f 3349/3349/3349 3327/3327/3327 3379/3379/3379
f 3333/3333/3333 3376/3376/3376 3336/3336/3336
f 3336/3336/3336 3376/3376/3376 3422/3422/3422

