mtllib material.mtl
usemtl Opaque(20,32,65)
v -0.08939000 0.02128300 0.17493100
v -0.08939000 0.02128300 0.17493100
v -0.08939000 0.02128300 0.17493100
v -0.08970400 0.02300100 0.17465200
v -0.08970400 0.02300100 0.17465200
v -0.09064800 0.02446700 0.17436400
v -0.09064800 0.02446700 0.17436400
v -0.09209000 0.02545600 0.17412000
v -0.09209000 0.02545600 0.17412000
v -0.09381800 0.02580600 0.17397200
v -0.09381800 0.02580600 0.17397200
v -0.09381800 0.02580600 0.17397200
v -0.09226100 0.02642900 0.15617700
v -0.09226100 0.02642900 0.15617700
v -0.09226100 0.02642900 0.15617700
v -0.09054200 0.02608700 0.15626700
v -0.09054200 0.02608700 0.15626700
v -0.08908500 0.02511200 0.15634400
v -0.08908500 0.02511200 0.15634400
v -0.08811200 0.02365300 0.15639500
v -0.08811200 0.02365300 0.15639500
v -0.08777000 0.02193200 0.15641300
v -0.08777000 0.02193200 0.15641300
v -0.08777000 0.02193200 0.15641300
v -0.08939000 -0.02128300 0.17493100
v -0.08939000 -0.02128300 0.17493100
v -0.08939000 -0.02128300 0.17493100
v -0.08949400 -0.01066400 0.17611100
v -0.08949400 -0.01066400 0.17611100
v -0.08952800 0.00001400 0.17650500
v -0.08952800 0.00001400 0.17650500
v -0.08949400 0.01068300 0.17611000
v -0.08949400 0.01068300 0.17611000
v -0.08777000 -0.02193200 0.15641300
v -0.08777000 -0.02193200 0.15641300
v -0.08777000 -0.02193200 0.15641300
v -0.13637600 0.02580600 0.17174100
v -0.13637600 0.02580600 0.17174100
v -0.13637600 0.02580600 0.17174100
v -0.13606500 0.02642900 0.15388200
v -0.13606500 0.02642900 0.15388200
v -0.13606500 0.02642900 0.15388200
v -0.12952100 0.02601000 0.16624100
v -0.12952100 0.02601000 0.16624100
v -0.12952100 0.02601000 0.16624100
v -0.12987100 0.02606700 0.16459600
v -0.12987100 0.02606700 0.16459600
v -0.13099600 0.02610800 0.16334500
v -0.13099600 0.02610800 0.16334500
v -0.13259600 0.02612300 0.16282500
v -0.13259600 0.02612300 0.16282500
v -0.13424200 0.02610800 0.16317500
v -0.13424200 0.02610800 0.16317500
v -0.13549200 0.02606700 0.16430100
v -0.13549200 0.02606700 0.16430100
v -0.13601200 0.02601000 0.16590100
v -0.13601200 0.02601000 0.16590100
v -0.13566200 0.02595300 0.16754700
v -0.13566200 0.02595300 0.16754700
v -0.13453600 0.02591200 0.16879700
v -0.13453600 0.02591200 0.16879700
v -0.13293600 0.02589600 0.16931700
v -0.13293600 0.02589600 0.16931700
v -0.13129100 0.02591200 0.16896700
v -0.13129100 0.02591200 0.16896700
v -0.13004100 0.02595300 0.16784100
v -0.13004100 0.02595300 0.16784100
v -0.09381800 -0.02580600 0.17397200
v -0.09381800 -0.02580600 0.17397200
v -0.09381800 -0.02580600 0.17397200
v -0.09209100 -0.02545600 0.17412000
v -0.09209100 -0.02545600 0.17412000
v -0.09064800 -0.02446700 0.17436400
v -0.09064800 -0.02446700 0.17436400
v -0.08970400 -0.02300100 0.17465200
v -0.08970400 -0.02300100 0.17465200
v -0.08811200 -0.02365300 0.15639500
v -0.08811200 -0.02365300 0.15639500
v -0.08908500 -0.02511200 0.15634400
v -0.08908500 -0.02511200 0.15634400
v -0.09054200 -0.02608700 0.15626700
v -0.09054200 -0.02608700 0.15626700
v -0.09226100 -0.02642900 0.15617700
v -0.09226100 -0.02642900 0.15617700
v -0.09226100 -0.02642900 0.15617700
v -0.13811000 0.02545600 0.17170800
v -0.13811000 0.02545600 0.17170800
v -0.13957000 0.02446700 0.17180000
v -0.13957000 0.02446700 0.17180000
v -0.14053900 0.02300100 0.17198800
v -0.14053900 0.02300100 0.17198800
v -0.14088000 0.02128300 0.17223300
v -0.14088000 0.02128300 0.17223300
v -0.14088000 0.02128300 0.17223300
v -0.14055600 0.02193200 0.15364600
v -0.14055600 0.02193200 0.15364600
v -0.14055600 0.02193200 0.15364600
v -0.14021400 0.02365300 0.15366400
v -0.14021400 0.02365300 0.15366400
v -0.13924100 0.02511200 0.15371500
v -0.13924100 0.02511200 0.15371500
v -0.13778400 0.02608700 0.15379200
v -0.13778400 0.02608700 0.15379200
v -0.13637600 -0.02580600 0.17174100
v -0.13637600 -0.02580600 0.17174100
v -0.13637600 -0.02580600 0.17174100
v -0.13606500 -0.02642900 0.15388200
v -0.13606500 -0.02642900 0.15388200
v -0.13606500 -0.02642900 0.15388200
v -0.12952100 -0.02601000 0.16624100
v -0.12952100 -0.02601000 0.16624100
v -0.12952100 -0.02601000 0.16624100
v -0.13004100 -0.02595300 0.16784100
v -0.13004100 -0.02595300 0.16784100
v -0.13129100 -0.02591200 0.16896700
v -0.13129100 -0.02591200 0.16896700
v -0.13293600 -0.02589600 0.16931700
v -0.13293600 -0.02589600 0.16931700
v -0.13453600 -0.02591200 0.16879700
v -0.13453600 -0.02591200 0.16879700
v -0.13566200 -0.02595300 0.16754700
v -0.13566200 -0.02595300 0.16754700
v -0.13601200 -0.02601000 0.16590100
v -0.13601200 -0.02601000 0.16590100
v -0.13549200 -0.02606700 0.16430100
v -0.13549200 -0.02606700 0.16430100
v -0.13424200 -0.02610800 0.16317500
v -0.13424200 -0.02610800 0.16317500
v -0.13259600 -0.02612300 0.16282500
v -0.13259600 -0.02612300 0.16282500
v -0.13099600 -0.02610800 0.16334500
v -0.13099600 -0.02610800 0.16334500
v -0.12987100 -0.02606700 0.16459600
v -0.12987100 -0.02606700 0.16459600
v -0.14090100 0.01068300 0.17341600
v -0.14090100 0.01068300 0.17341600
v -0.14090800 0.00001400 0.17381200
v -0.14090800 0.00001400 0.17381200
v -0.14090100 -0.01066400 0.17341700
v -0.14090100 -0.01066400 0.17341700
v -0.14088000 -0.02128300 0.17223300
v -0.14088000 -0.02128300 0.17223300
v -0.14088000 -0.02128300 0.17223300
v -0.14055600 -0.02193200 0.15364600
v -0.14055600 -0.02193200 0.15364600
v -0.14055600 -0.02193200 0.15364600
v -0.14053900 -0.02300100 0.17198700
v -0.14053900 -0.02300100 0.17198700
v -0.13957000 -0.02446700 0.17180000
v -0.13957000 -0.02446700 0.17180000
v -0.13811000 -0.02545600 0.17170800
v -0.13811000 -0.02545600 0.17170800
v -0.13778400 -0.02608700 0.15379200
v -0.13778400 -0.02608700 0.15379200
v -0.13924100 -0.02511200 0.15371500
v -0.13924100 -0.02511200 0.15371500
v -0.14021400 -0.02365300 0.15366400
v -0.14021400 -0.02365300 0.15366400
v -0.13231100 -0.01638500 0.17357000
v -0.11617400 -0.01637100 0.17472100
v -0.12018900 0.01856500 0.17413000
v -0.10661500 0.01856900 0.17479200
v -0.09584100 -0.01638800 0.17541800
v -0.09591100 -0.00689000 0.17626500
v -0.09592600 0.00124000 0.17644100
v -0.09589500 0.00993600 0.17607000
v -0.09581600 0.01858700 0.17512200
v -0.13406100 0.01858600 0.17312900
v -0.13408200 0.00993600 0.17408600
v -0.13409000 0.00124000 0.17446100
v -0.13408600 -0.00689000 0.17428300
v -0.13406800 -0.01638700 0.17342700
v -0.10663900 -0.01637500 0.17513000
v -0.10670800 -0.00688900 0.17609900
v -0.10672200 0.00124000 0.17630100
v -0.10669200 0.00993300 0.17587600
v -0.11615700 0.01856300 0.17436900
v -0.11141100 -0.01637200 0.17495200
v -0.11147300 -0.00688900 0.17595300
v -0.11148600 0.00124000 0.17616200
v -0.11145900 0.00993300 0.17572300
v -0.11139000 0.01856400 0.17460300
v -0.11622500 -0.00688900 0.17573000
v -0.11623500 0.00124000 0.17594100
v -0.11621300 0.00993300 0.17549800
v -0.12826200 0.01857500 0.17357000
v -0.12020400 -0.01637300 0.17447700
v -0.12024400 -0.00688900 0.17547300
v -0.12025300 0.00124000 0.17568100
v -0.12023500 0.00993300 0.17524400
v -0.12423600 -0.01637600 0.17419800
v -0.12426800 -0.00688900 0.17516400
v -0.12427500 0.00124000 0.17536600
v -0.12426000 0.00993400 0.17494200
v -0.12422500 0.01856900 0.17386100
v -0.12827100 -0.01638000 0.17389200
v -0.12829700 -0.00689000 0.17481800
v -0.12830200 0.00124000 0.17501100
v -0.12829100 0.00993500 0.17460500
v -0.13233100 -0.00689000 0.17444700
v -0.13233500 0.00124000 0.17463000
v -0.13232600 0.00993600 0.17424600
v -0.13230400 0.01858300 0.17326400
v -0.12952100 -0.02801100 0.16624100
v -0.12952100 -0.02801100 0.16624100
v -0.12952100 -0.02801100 0.16624100
v -0.13004100 -0.02795400 0.16784100
v -0.13004100 -0.02795400 0.16784100
v -0.13129100 -0.02791300 0.16896700
v -0.13129100 -0.02791300 0.16896700
v -0.13293600 -0.02789800 0.16931700
v -0.13293600 -0.02789800 0.16931700
v -0.13453600 -0.02791300 0.16879700
v -0.13453600 -0.02791300 0.16879700
v -0.13566200 -0.02795400 0.16754700
v -0.13566200 -0.02795400 0.16754700
v -0.13601200 -0.02801100 0.16590100
v -0.13601200 -0.02801100 0.16590100
v -0.13549200 -0.02806800 0.16430100
v -0.13549200 -0.02806800 0.16430100
v -0.13424200 -0.02810900 0.16317500
v -0.13424200 -0.02810900 0.16317500
v -0.13259600 -0.02812500 0.16282500
v -0.13259600 -0.02812500 0.16282500
v -0.13099600 -0.02810900 0.16334500
v -0.13099600 -0.02810900 0.16334500
v -0.12987100 -0.02806800 0.16459600
v -0.12987100 -0.02806800 0.16459600
v -0.12952100 0.02801100 0.16624100
v -0.12952100 0.02801100 0.16624100
v -0.12952100 0.02801100 0.16624100
v -0.12987100 0.02806800 0.16459600
v -0.12987100 0.02806800 0.16459600
v -0.13099600 0.02810900 0.16334500
v -0.13099600 0.02810900 0.16334500
v -0.13259600 0.02812500 0.16282500
v -0.13259600 0.02812500 0.16282500
v -0.13424200 0.02810900 0.16317500
v -0.13424200 0.02810900 0.16317500
v -0.13549200 0.02806800 0.16430100
v -0.13549200 0.02806800 0.16430100
v -0.13601200 0.02801100 0.16590100
v -0.13601200 0.02801100 0.16590100
v -0.13566200 0.02795400 0.16754700
v -0.13566200 0.02795400 0.16754700
v -0.13453600 0.02791300 0.16879700
v -0.13453600 0.02791300 0.16879700
v -0.13293600 0.02789800 0.16931700
v -0.13293600 0.02789800 0.16931700
v -0.13129100 0.02791300 0.16896700
v -0.13129100 0.02791300 0.16896700
v -0.13004100 0.02795400 0.16784100
v -0.13004100 0.02795400 0.16784100
v -0.14215400 -0.02135700 0.17416100
v -0.14215400 -0.02135700 0.17416100
v -0.14215400 -0.02135700 0.17416100
v -0.14253500 -0.02134000 0.17403500
v -0.14253500 -0.02134000 0.17403500
v -0.14280600 -0.02129800 0.17374300
v -0.14280600 -0.02129800 0.17374300
v -0.14290000 -0.02124200 0.17335700
v -0.14290000 -0.02124200 0.17335700
v -0.14290000 -0.02124200 0.17335700
v -0.14290000 -0.02124200 0.17335700
v -0.14240400 -0.02372100 0.17306300
v -0.14240400 -0.02372100 0.17306300
v -0.14100800 -0.02583800 0.17283500
v -0.14100800 -0.02583800 0.17283500
v -0.13889700 -0.02726600 0.17272000
v -0.13889700 -0.02726600 0.17272000
v -0.13767200 -0.02764300 0.17271900
v -0.13767200 -0.02764300 0.17271900
v -0.13639700 -0.02777100 0.17276100
v -0.13639700 -0.02777100 0.17276100
v -0.13639700 -0.02777100 0.17276100
v -0.13639700 -0.02777100 0.17276100
v -0.13641500 -0.02768100 0.17310200
v -0.13641500 -0.02768100 0.17310200
v -0.13643000 -0.02745300 0.17337100
v -0.13643000 -0.02745300 0.17337100
v -0.13643800 -0.02713100 0.17351600
v -0.13643800 -0.02713100 0.17351600
v -0.13643800 -0.02713100 0.17351600
v -0.13863200 -0.02668000 0.17348400
v -0.13863200 -0.02668000 0.17348400
v -0.14048600 -0.02541600 0.17361200
v -0.14048600 -0.02541600 0.17361200
v -0.14171500 -0.02354500 0.17385300
v -0.14171500 -0.02354500 0.17385300
v -0.14167900 -0.02487900 0.17330000
v -0.14130400 -0.02467400 0.17367200
v -0.14263500 -0.02269000 0.17356800
v -0.14254200 -0.02268800 0.17370200
v -0.14237800 -0.02267200 0.17384700
v -0.14218300 -0.02264200 0.17394400
v -0.14217300 -0.02401400 0.17340300
v -0.14208600 -0.02399100 0.17353500
v -0.14193600 -0.02394000 0.17367900
v -0.14175900 -0.02387100 0.17377700
v -0.14008400 -0.02650300 0.17312400
v -0.14003000 -0.02644000 0.17325000
v -0.13993800 -0.02632600 0.17339100
v -0.13983100 -0.02618600 0.17349200
v -0.14146300 -0.02476900 0.17357300
v -0.14159900 -0.02484200 0.17343000
v -0.13802000 -0.02746800 0.17306300
v -0.13800000 -0.02739000 0.17318700
v -0.13796400 -0.02725300 0.17332600
v -0.13792100 -0.02708800 0.17342600
v -0.14218800 -0.01071600 0.17531300
v -0.14218800 -0.01071600 0.17531300
v -0.14220000 0.00000000 0.17569900
v -0.14220000 0.00000000 0.17569900
v -0.14218800 0.01071600 0.17531300
v -0.14218800 0.01071600 0.17531300
v -0.14215400 0.02135700 0.17416100
v -0.14215400 0.02135700 0.17416100
v -0.14215400 0.02135700 0.17416100
v -0.14253500 0.02134000 0.17403500
v -0.14253500 0.02134000 0.17403500
v -0.14280600 0.02129800 0.17374300
v -0.14280600 0.02129800 0.17374300
v -0.14290000 0.02124200 0.17335700
v -0.14290000 0.02124200 0.17335700
v -0.14290000 0.02124200 0.17335700
v -0.14290000 0.02124200 0.17335700
v -0.14292000 0.01065800 0.17450400
v -0.14292000 0.01065800 0.17450400
v -0.14292700 0.00000000 0.17488800
v -0.14292700 0.00000000 0.17488800
v -0.14292000 -0.01065800 0.17450400
v -0.14292000 -0.01065800 0.17450400
v -0.14255800 0.01606900 0.17469600
v -0.14289400 0.01601600 0.17420100
v -0.14257600 0.00547500 0.17546200
v -0.14290700 0.00545700 0.17496600
v -0.14257700 -0.00522900 0.17547100
v -0.14290700 -0.00521200 0.17497500
v -0.14255800 -0.01598800 0.17470500
v -0.14268400 -0.01597700 0.17460000
v -0.14281600 -0.01595700 0.17442000
v -0.14289400 -0.01593500 0.17421000
v -0.14257000 -0.01061600 0.17518500
v -0.14269500 -0.01060800 0.17508000
v -0.14282500 -0.01059500 0.17489900
v -0.14290200 -0.01058000 0.17469000
v -0.14257900 0.00016400 0.17556200
v -0.14270300 0.00016400 0.17545700
v -0.14283300 0.00016300 0.17527600
v -0.14290900 0.00016300 0.17506600
v -0.14283100 -0.00521900 0.17518400
v -0.14270100 -0.00522600 0.17536500
v -0.14256900 0.01077900 0.17517300
v -0.14269400 0.01077100 0.17506800
v -0.14282500 0.01075800 0.17488700
v -0.14290200 0.01074300 0.17467800
v -0.14283100 0.00546400 0.17517600
v -0.14270100 0.00547100 0.17535700
v -0.14281600 0.01603900 0.17441100
v -0.14268400 0.01605800 0.17459200
v -0.13643800 0.02713100 0.17351600
v -0.13643800 0.02713100 0.17351600
v -0.13643800 0.02713100 0.17351600
v -0.13643000 0.02745300 0.17337100
v -0.13643000 0.02745300 0.17337100
v -0.13641500 0.02768100 0.17310200
v -0.13641500 0.02768100 0.17310200
v -0.13639700 0.02777100 0.17276100
v -0.13639700 0.02777100 0.17276100
v -0.13639700 0.02777100 0.17276100
v -0.13639700 0.02777100 0.17276100
v -0.13784800 0.02760500 0.17271800
v -0.13784800 0.02760500 0.17271800
v -0.13922600 0.02711800 0.17272900
v -0.13922600 0.02711800 0.17272900
v -0.14046700 0.02632900 0.17278900
v -0.14046700 0.02632900 0.17278900
v -0.14149200 0.02529100 0.17289100
v -0.14149200 0.02529100 0.17289100
v -0.14226100 0.02405400 0.17302600
v -0.14226100 0.02405400 0.17302600
v -0.14273700 0.02268300 0.17318300
v -0.14273700 0.02268300 0.17318300
v -0.14171700 0.02354500 0.17385400
v -0.14171700 0.02354500 0.17385400
v -0.14048600 0.02541600 0.17361200
v -0.14048600 0.02541600 0.17361200
v -0.13863100 0.02667600 0.17348500
v -0.13863100 0.02667600 0.17348500
v -0.13975800 0.02623700 0.17348700
v -0.13779400 0.02752100 0.17306500
v -0.13777800 0.02744200 0.17318900
v -0.13774800 0.02730400 0.17332800
v -0.13771100 0.02713700 0.17342800
v -0.13910800 0.02706800 0.17307800
v -0.13907000 0.02699700 0.17320300
v -0.13900500 0.02686900 0.17334300
v -0.13892800 0.02671400 0.17344400
v -0.14000600 0.02655700 0.17311900
v -0.13995300 0.02649300 0.17324500
v -0.13986300 0.02637800 0.17338600
v -0.14160800 0.02498000 0.17328800
v -0.14153000 0.02494100 0.17341800
v -0.14139600 0.02486500 0.17356100
v -0.14123900 0.02476800 0.17366000
v -0.14257100 0.02295100 0.17353500
v -0.14247800 0.02294500 0.17366900
v -0.14231700 0.02292200 0.17381400
v -0.14212400 0.02288400 0.17391100
v -0.12581500 0.02715400 0.17408700
v -0.12581500 0.02715400 0.17408700
v -0.11519100 0.02716500 0.17465100
v -0.11519100 0.02716500 0.17465100
v -0.10456700 0.02715400 0.17520100
v -0.10456700 0.02715400 0.17520100
v -0.09394300 0.02713100 0.17574300
v -0.09394300 0.02713100 0.17574300
v -0.09394300 0.02713100 0.17574300
v -0.09393500 0.02745300 0.17559800
v -0.09393500 0.02745300 0.17559800
v -0.09392200 0.02768100 0.17532900
v -0.09392200 0.02768100 0.17532900
v -0.09390500 0.02777100 0.17498800
v -0.09390500 0.02777100 0.17498800
v -0.09390500 0.02777100 0.17498800
v -0.09390500 0.02777100 0.17498800
v -0.10452900 0.02777000 0.17445100
v -0.10452900 0.02777000 0.17445100
v -0.11515200 0.02777000 0.17390400
v -0.11515200 0.02777000 0.17390400
v -0.12577500 0.02777000 0.17333800
v -0.12577500 0.02777000 0.17333800
v -0.10423300 0.02748200 0.17505400
v -0.10012200 0.02775100 0.17482600
v -0.10832100 0.02748600 0.17484200
v -0.10829900 0.02775100 0.17440800
v -0.12058700 0.02748600 0.17420000
v -0.12056300 0.02775100 0.17376600
v -0.13259600 0.02747500 0.17356200
v -0.12873900 0.02775100 0.17332800
v -0.13259000 0.02758500 0.17345400
v -0.13257200 0.02775100 0.17312200
v -0.12467500 0.02748400 0.17398400
v -0.12466900 0.02759000 0.17387700
v -0.12465100 0.02775100 0.17354800
v -0.12875700 0.02758700 0.17365900
v -0.12876300 0.02748000 0.17376600
v -0.11241000 0.02748800 0.17463000
v -0.11240400 0.02759200 0.17452300
v -0.11238700 0.02775100 0.17419700
v -0.11647500 0.02775100 0.17398300
v -0.11649300 0.02759300 0.17430900
v -0.11649800 0.02748800 0.17441600
v -0.10422700 0.02758900 0.17494700
v -0.10421000 0.02775100 0.17461800
v -0.10831600 0.02759100 0.17473600
v -0.10013900 0.02758700 0.17515800
v -0.10014400 0.02747800 0.17526500
v -0.12058100 0.02759200 0.17409400
v -0.08832500 0.02135700 0.17698200
v -0.08832500 0.02135700 0.17698200
v -0.08832500 0.02135700 0.17698200
v -0.08793300 0.02134000 0.17689700
v -0.08793300 0.02134000 0.17689700
v -0.08763300 0.02129800 0.17663400
v -0.08763300 0.02129800 0.17663400
v -0.08749900 0.02124200 0.17626000
v -0.08749900 0.02124200 0.17626000
v -0.08749900 0.02124200 0.17626000
v -0.08749900 0.02124200 0.17626000
v -0.08764400 0.02268300 0.17607100
v -0.08764400 0.02268300 0.17607100
v -0.08810000 0.02405400 0.17586400
v -0.08810000 0.02405400 0.17586400
v -0.08885100 0.02529100 0.17565000
v -0.08885100 0.02529100 0.17565000
v -0.08986000 0.02632900 0.17544100
v -0.08986000 0.02632900 0.17544100
v -0.09107700 0.02711200 0.17525300
v -0.09107700 0.02711200 0.17525300
v -0.09244500 0.02760300 0.17509800
v -0.09244500 0.02760300 0.17509800
v -0.09175800 0.02667600 0.17594200
v -0.09175800 0.02667600 0.17594200
v -0.08992700 0.02541500 0.17626200
v -0.08992700 0.02541500 0.17626200
v -0.08872700 0.02354500 0.17663100
v -0.08872700 0.02354500 0.17663100
v -0.09019600 0.02589600 0.17614400
v -0.08933800 0.02498300 0.17634500
v -0.08798700 0.02342300 0.17632900
v -0.08809100 0.02340900 0.17645200
v -0.08826300 0.02337300 0.17657900
v -0.08845800 0.02332100 0.17665700
v -0.08894500 0.02521100 0.17601300
v -0.08903400 0.02516800 0.17613300
v -0.08917700 0.02508700 0.17626200
v -0.08869300 0.02390700 0.17655300
v -0.08850700 0.02397800 0.17647400
v -0.08834300 0.02403000 0.17634600
v -0.08824300 0.02405400 0.17622400
v -0.08987500 0.02619100 0.17580700
v -0.08994900 0.02613300 0.17592700
v -0.09006600 0.02602700 0.17605700
v -0.09099800 0.02694700 0.17562000
v -0.09105300 0.02687700 0.17574100
v -0.09113900 0.02675300 0.17587300
v -0.09123300 0.02660100 0.17596400
v -0.09225900 0.02744800 0.17546500
v -0.09229300 0.02737000 0.17558600
v -0.09234400 0.02723400 0.17572000
v -0.09240000 0.02706900 0.17581600
v -0.08841100 0.01071600 0.17813200
v -0.08841100 0.01071600 0.17813200
v -0.08844000 0.00000000 0.17851600
v -0.08844000 0.00000000 0.17851600
v -0.08841100 -0.01071600 0.17813200
v -0.08841100 -0.01071600 0.17813200
v -0.08832500 -0.02135700 0.17698200
v -0.08832500 -0.02135700 0.17698200
v -0.08832500 -0.02135700 0.17698200
v -0.08793300 -0.02134000 0.17689700
v -0.08793300 -0.02134000 0.17689700
v -0.08763300 -0.02129800 0.17663400
v -0.08763300 -0.02129800 0.17663400
v -0.08749900 -0.02124200 0.17626000
v -0.08749900 -0.02124200 0.17626000
v -0.08749900 -0.02124200 0.17626000
v -0.08749900 -0.02124200 0.17626000
v -0.08759900 -0.01065800 0.17740400
v -0.08759900 -0.01065800 0.17740400
v -0.08763300 0.00000000 0.17778600
v -0.08763300 0.00000000 0.17778600
v -0.08759900 0.01065800 0.17740400
v -0.08759900 0.01065800 0.17740400
v -0.08797900 -0.01606900 0.17755700
v -0.08759400 -0.01601600 0.17709900
v -0.08804100 -0.00547500 0.17832000
v -0.08766000 -0.00545700 0.17786200
v -0.08804200 0.00522900 0.17832900
v -0.08766100 0.00521200 0.17787000
v -0.08798000 0.01598800 0.17756500
v -0.08784400 0.01597700 0.17747400
v -0.08769400 0.01595800 0.17730800
v -0.08759500 0.01593500 0.17710800
v -0.08801900 0.01061600 0.17804400
v -0.08788300 0.01060800 0.17795300
v -0.08773500 0.01059500 0.17778600
v -0.08763600 0.01058000 0.17758600
v -0.08804900 -0.00016400 0.17842000
v -0.08791500 -0.00016400 0.17832800
v -0.08776700 -0.00016300 0.17816200
v -0.08766900 -0.00016300 0.17796100
v -0.08775900 0.00521900 0.17807100
v -0.08790700 0.00522600 0.17823700
v -0.08801800 -0.01077900 0.17803200
v -0.08788200 -0.01077100 0.17794100
v -0.08773400 -0.01075800 0.17777500
v -0.08763500 -0.01074300 0.17757400
v -0.08775800 -0.00546400 0.17806200
v -0.08790600 -0.00547100 0.17822800
v -0.08769300 -0.01603900 0.17730000
v -0.08784300 -0.01605800 0.17746600
v -0.09394300 -0.02713100 0.17574300
v -0.09394300 -0.02713100 0.17574300
v -0.09394300 -0.02713100 0.17574300
v -0.09393500 -0.02745300 0.17559800
v -0.09393500 -0.02745300 0.17559800
v -0.09392200 -0.02768100 0.17532900
v -0.09392200 -0.02768100 0.17532900
v -0.09390500 -0.02777100 0.17498800
v -0.09390500 -0.02777100 0.17498800
v -0.09390500 -0.02777100 0.17498800
v -0.09390500 -0.02777100 0.17498800
v -0.09245700 -0.02760500 0.17509600
v -0.09245700 -0.02760500 0.17509600
v -0.09108700 -0.02711800 0.17525200
v -0.09108700 -0.02711800 0.17525200
v -0.08986000 -0.02632900 0.17544100
v -0.08986000 -0.02632900 0.17544100
v -0.08885100 -0.02529100 0.17565000
v -0.08885100 -0.02529100 0.17565000
v -0.08810000 -0.02405400 0.17586400
v -0.08810000 -0.02405400 0.17586400
v -0.08764400 -0.02268300 0.17607100
v -0.08764400 -0.02268300 0.17607100
v -0.08872700 -0.02354500 0.17663100
v -0.08872700 -0.02354500 0.17663100
v -0.08992700 -0.02541500 0.17626200
v -0.08992700 -0.02541500 0.17626200
v -0.09175900 -0.02667600 0.17594200
v -0.09175900 -0.02667600 0.17594200
v -0.09063700 -0.02623600 0.17606100
v -0.09254700 -0.02752100 0.17543600
v -0.09257600 -0.02744200 0.17555800
v -0.09262000 -0.02730400 0.17569300
v -0.09266700 -0.02713700 0.17578900
v -0.09124100 -0.02706800 0.17558600
v -0.09129200 -0.02699700 0.17570700
v -0.09137100 -0.02686900 0.17583900
v -0.09145800 -0.02671400 0.17593100
v -0.09035300 -0.02655700 0.17572100
v -0.09041900 -0.02649300 0.17584100
v -0.09052200 -0.02637800 0.17597200
v -0.08877700 -0.02498000 0.17605700
v -0.08886800 -0.02494100 0.17617800
v -0.08901600 -0.02486500 0.17630600
v -0.08918300 -0.02476800 0.17638900
v -0.08784500 -0.02295100 0.17640300
v -0.08795100 -0.02294500 0.17652600
v -0.08812700 -0.02292200 0.17665400
v -0.08832800 -0.02288400 0.17673100
v -0.10456700 -0.02715400 0.17520100
v -0.10456700 -0.02715400 0.17520100
v -0.11519100 -0.02716500 0.17465100
v -0.11519100 -0.02716500 0.17465100
v -0.12581500 -0.02715400 0.17408700
v -0.12581500 -0.02715400 0.17408700
v -0.12577500 -0.02777000 0.17333800
v -0.12577500 -0.02777000 0.17333800
v -0.11515200 -0.02777000 0.17390400
v -0.11515200 -0.02777000 0.17390400
v -0.10452900 -0.02777000 0.17445100
v -0.10452900 -0.02777000 0.17445100
v -0.12613200 -0.02748200 0.17390600
v -0.13019600 -0.02775100 0.17325000
v -0.12204400 -0.02748600 0.17412300
v -0.12202100 -0.02775100 0.17368900
v -0.10977800 -0.02748600 0.17476700
v -0.10975600 -0.02775100 0.17433300
v -0.09776800 -0.02747500 0.17538700
v -0.10157900 -0.02775100 0.17475200
v -0.09776300 -0.02758500 0.17528000
v -0.09774600 -0.02775100 0.17494700
v -0.10569000 -0.02748400 0.17497900
v -0.10568400 -0.02759000 0.17487200
v -0.10566800 -0.02775100 0.17454300
v -0.10159600 -0.02758700 0.17508300
v -0.10160100 -0.02748000 0.17519000
v -0.11795500 -0.02748800 0.17433900
v -0.11795000 -0.02759200 0.17423200
v -0.11793300 -0.02775100 0.17390600
v -0.11384400 -0.02775100 0.17412100
v -0.11386100 -0.02759300 0.17444700
v -0.11386700 -0.02748800 0.17455400
v -0.12612600 -0.02758900 0.17379900
v -0.12610900 -0.02775100 0.17347000
v -0.12203800 -0.02759100 0.17401600
v -0.13021400 -0.02758600 0.17358100
v -0.13022000 -0.02747800 0.17368800
v -0.10977300 -0.02759200 0.17466000
v -0.08559700 -0.02200400 0.15452400
v -0.08559700 -0.02200400 0.15452400
v -0.08559700 -0.02200400 0.15452400
v -0.08559700 0.02200400 0.15452400
v -0.08559700 0.02200400 0.15452400
v -0.08559700 0.02200400 0.15452400
v -0.09208500 -0.02850000 0.15418400
v -0.09208500 -0.02850000 0.15418400
v -0.09208500 -0.02850000 0.15418400
v -0.08960100 -0.02800600 0.15431400
v -0.08960100 -0.02800600 0.15431400
v -0.08749700 -0.02659800 0.15442400
v -0.08749700 -0.02659800 0.15442400
v -0.08609100 -0.02449000 0.15449800
v -0.08609100 -0.02449000 0.15449800
v -0.13603200 -0.02850000 0.15188100
v -0.13603200 -0.02850000 0.15188100
v -0.13603200 -0.02850000 0.15188100
v -0.14251900 -0.02200400 0.15154100
v -0.14251900 -0.02200400 0.15154100
v -0.14251900 -0.02200400 0.15154100
v -0.14202600 -0.02449000 0.15156700
v -0.14202600 -0.02449000 0.15156700
v -0.14062000 -0.02659800 0.15164000
v -0.14062000 -0.02659800 0.15164000
v -0.13851500 -0.02800600 0.15175100
v -0.13851500 -0.02800600 0.15175100
v -0.11665800 0.01955300 0.17620200
v -0.12071900 -0.01727600 0.17633400
v -0.09643200 0.01952600 0.17698900
v -0.10454400 -0.01726700 0.17708800
v -0.12077600 -0.00725000 0.17742100
v -0.12078700 0.00130600 0.17764600
v -0.12076200 0.01046200 0.17717200
v -0.12069900 0.01955000 0.17596200
v -0.11672300 0.01046500 0.17743200
v -0.11674800 0.00130700 0.17791400
v -0.11673600 -0.00725200 0.17768500
v -0.11667800 -0.01727900 0.17658000
v -0.11263500 -0.01727800 0.17678500
v -0.11269300 -0.00725100 0.17788600
v -0.11270500 0.00130700 0.17811500
v -0.11268000 0.01046400 0.17763400
v -0.11261500 0.01955300 0.17640800
v -0.10459900 -0.00724500 0.17812700
v -0.10461000 0.00130500 0.17834200
v -0.10458600 0.01045500 0.17788900
v -0.10452600 0.01954300 0.17673200
v -0.09648600 0.01044000 0.17802900
v -0.09650800 0.00130300 0.17843600
v -0.09649800 -0.00723300 0.17824300
v -0.09644900 -0.01724900 0.17730900
v -0.08609100 0.02449100 0.15449800
v -0.08609100 0.02449100 0.15449800
v -0.08749700 0.02659800 0.15442400
v -0.08749700 0.02659800 0.15442400
v -0.08960100 0.02800600 0.15431400
v -0.08960100 0.02800600 0.15431400
v -0.09208500 0.02850000 0.15418400
v -0.09208500 0.02850000 0.15418400
v -0.09208500 0.02850000 0.15418400
v -0.14251900 0.02200400 0.15154100
v -0.14251900 0.02200400 0.15154100
v -0.14251900 0.02200400 0.15154100
v -0.14202600 0.02449100 0.15156700
v -0.14202600 0.02449100 0.15156700
v -0.14062000 0.02659800 0.15164000
v -0.14062000 0.02659800 0.15164000
v -0.13851500 0.02800600 0.15175100
v -0.13851500 0.02800600 0.15175100
v -0.13603200 0.02850000 0.15188100
v -0.13603200 0.02850000 0.15188100
v -0.13603200 0.02850000 0.15188100
vn -99.61947000 0.00003600 -8.71557300
vn 3.56128300 -14.74349400 -98.84304100
vn -99.61947000 0.00000000 -8.71557400
vn -92.05062900 -37.92962700 -9.38216800
vn 3.95162400 -16.01796300 -98.62965800
vn -70.58032900 -70.31215000 -8.63821100
vn 4.30202700 -17.29732000 -98.39865500
vn -38.22751100 -92.17074800 -6.57347400
vn 4.55564100 -18.41194700 -98.18475600
vn 0.18265000 -99.93908300 -3.48516700
vn 0.18265000 -99.93908300 -3.48516700
vn 4.64577600 -19.17571300 -98.03422300
vn 0.18265000 -99.93908300 -3.48516700
vn 0.18265000 -99.93908300 -3.48516700
vn -5.23359600 0.00000000 99.86295300
vn -5.23359600 0.00000000 99.86295300
vn -37.92604000 -92.29676700 -6.55151300
vn -5.23359600 0.00000000 99.86295300
vn -70.26966900 -70.62460700 -8.62197800
vn -91.93174900 -38.21694300 -9.38183300
vn -5.23359600 0.00000000 99.86295300
vn -5.23359600 0.00000000 99.86295300
vn -99.61947000 -0.00000000 -8.71557400
vn -99.61947000 -0.00000000 -8.71557400
vn 3.56202400 14.73733800 -98.84393200
vn -99.61947000 -0.00012300 -8.71557000
vn -99.61947000 0.00000000 -8.71557400
vn 1.77886300 7.38242300 -99.71126100
vn -99.61947000 0.00000000 -8.71557400
vn 1.18264000 -0.00056900 -99.99300700
vn -99.61947000 0.00000000 -8.71557400
vn -99.61947000 0.00000000 -8.71557400
vn 1.77722200 -7.39892800 -99.71006600
vn -99.61947000 0.00000000 -8.71557400
vn -99.61947000 0.00000000 -8.71557400
vn -5.23359600 0.00000000 99.86295300
vn 5.62704000 -19.17571300 -97.98279700
vn 0.18265000 -99.93908300 -3.48516700
vn 0.18265000 -99.93908300 -3.48516700
vn 0.18265000 -99.93908300 -3.48516700
vn -5.23359600 0.00000000 99.86295300
vn 0.18265000 -99.93908300 -3.48516700
vn 0.18265000 -99.93908300 -3.48516700
vn -99.86295300 0.00000000 -5.23359600
vn -99.86295300 0.00000000 -5.23359600
vn -89.10065200 0.00000000 45.39905000
vn 0.18265000 -99.93908300 -3.48516700
vn 0.18265000 -99.93908300 -3.48516700
vn -54.46390400 0.00000000 83.86705700
vn 0.18265000 -99.93908300 -3.48516700
vn -5.23359600 0.00000000 99.86295300
vn 45.39905000 -0.00000000 89.10065200
vn 0.18265000 -99.93908300 -3.48516700
vn 0.18265000 -99.93908300 -3.48516700
vn 83.86705700 -0.00000000 54.46390400
vn 99.86295300 -0.00000000 5.23359600
vn 0.18265000 -99.93908300 -3.48516700
vn 89.10065200 -0.00000000 -45.39905000
vn 0.18265000 -99.93908300 -3.48516700
vn 54.46390400 -0.00000000 -83.86705700
vn 0.18265000 -99.93908300 -3.48516700
vn 5.23359600 -0.00000000 -99.86295300
vn 0.18265000 -99.93908300 -3.48516700
vn -45.39905000 0.00000000 -89.10065200
vn 0.18265000 -99.93908300 -3.48516700
vn -83.86705700 0.00000000 -54.46390400
vn 0.18265000 -99.93908300 -3.48516700
vn 0.18265000 99.93908300 -3.48516700
vn 4.64577700 19.17555000 -98.03425400
vn 0.18263900 99.93908300 -3.48516800
vn 4.55565300 18.41108200 -98.18491800
vn -38.22741700 92.17078800 -6.57346700
vn 4.30212300 17.29479700 -98.39909400
vn -70.58020100 70.31227900 -8.63820400
vn 3.95195400 16.01350800 -98.63036900
vn -92.05057800 37.92975100 -9.38216800
vn -91.93174900 38.21694300 -9.38183300
vn -5.23359600 0.00000000 99.86295300
vn -5.23359600 0.00000000 99.86295300
vn -70.26966900 70.62460700 -8.62197800
vn -37.92604000 92.29676700 -6.55151300
vn -5.23359600 0.00000000 99.86295300
vn 0.18265000 99.93908300 -3.48516700
vn -5.23359600 0.00000000 99.86295300
vn 0.18265000 99.93908300 -3.48516700
vn 5.73241700 -18.41194700 -98.12308400
vn 38.70520300 -92.17075200 -2.54160100
vn 6.00700000 -17.29732100 -98.30930100
vn 71.09660800 -70.31216400 -1.21323700
vn 6.37963000 -16.01796400 -98.50241200
vn 92.52705900 -37.92965300 0.29113800
vn 99.98477000 0.00000000 1.74524100
vn 99.98477000 0.00000000 1.74524100
vn 6.79013700 -14.74349500 -98.67382300
vn -5.23359600 0.00000000 99.86295300
vn 99.98477000 0.00000000 1.74524100
vn 99.98477000 0.00000000 1.74524100
vn -5.23359600 0.00000000 99.86295300
vn 92.40880600 -38.21694300 0.27904600
vn -5.23359600 0.00000000 99.86295300
vn 70.78596700 -70.62460700 -1.22956500
vn -5.23359600 0.00000000 99.86295300
vn 38.40309700 -92.29676700 -2.55127300
vn 0.18265000 99.93908300 -3.48516700
vn 5.62704300 19.17555000 -97.98282900
vn 0.18265000 99.93908300 -3.48516700
vn 0.18265000 99.93908300 -3.48516700
vn 0.18265000 99.93908300 -3.48516700
vn -5.23359600 0.00000000 99.86295300
vn -99.86295300 0.00000000 -5.23359600
vn -99.86295300 0.00000000 -5.23359600
vn 0.18265000 99.93908300 -3.48516700
vn 0.18265000 99.93908300 -3.48516700
vn -83.86705700 0.00000000 -54.46390400
vn 0.18265000 99.93908300 -3.48516700
vn -45.39905000 0.00000000 -89.10065200
vn 0.18265000 99.93908300 -3.48516700
vn 5.23359600 -0.00000000 -99.86295300
vn 0.18265000 99.93908300 -3.48516700
vn 54.46390400 -0.00000000 -83.86705700
vn 89.10065200 -0.00000000 -45.39905000
vn 0.18265000 99.93908300 -3.48516700
vn 99.86295300 -0.00000000 5.23359600
vn 0.18265000 99.93908300 -3.48516700
vn 0.18265000 99.93908300 -3.48516700
vn 83.86705700 -0.00000000 54.46390400
vn 45.39905000 -0.00000000 89.10065200
vn 0.18265000 99.93908300 -3.48516700
vn -5.23359600 0.00000000 99.86295300
vn 0.18265000 99.93908300 -3.48516700
vn -54.46390400 0.00000000 83.86705700
vn 0.18265000 99.93908300 -3.48516700
vn 0.18265000 99.93908300 -3.48516700
vn -89.10065200 0.00000000 45.39905000
vn 99.98477000 -0.00000000 1.74524100
vn 8.65505400 -7.39892700 -99.34961500
vn 9.27595400 -0.00056700 -99.56885400
vn 99.98477000 -0.00000000 1.74524100
vn 8.65354600 7.38242800 -99.35097300
vn 99.98477000 -0.00000000 1.74524100
vn 99.98477000 -0.00000000 1.74524100
vn 6.78949200 14.73734200 -98.67478700
vn 99.98477000 -0.00000000 1.74524100
vn 99.98477000 -0.00000000 1.74524100
vn 99.98477000 -0.00000000 1.74524100
vn -5.23359600 0.00000000 99.86295300
vn 92.52698000 37.92984600 0.29113000
vn 6.37937500 16.01351200 -98.50315200
vn 6.00695000 17.29479900 -98.30974800
vn 71.09644000 70.31233300 -1.21324600
vn 38.70507200 92.17080700 -2.54160500
vn 5.73242200 18.41108300 -98.12324600
vn -5.23359600 0.00000000 99.86295300
vn 38.40309700 92.29676700 -2.55127300
vn 70.78596700 70.62460700 -1.22956500
vn -5.23359600 0.00000000 99.86295300
vn -5.23359600 0.00000000 99.86295300
vn 92.40880600 38.21694300 0.27904600
vn 7.98390200 12.92144000 -98.83973700
vn 5.44948700 14.89419700 -98.73432000
vn 6.21691100 -16.66458300 -98.40549600
vn 3.54355100 -16.23764600 -98.60923900
vn 2.34173200 12.51100300 -99.18664800
vn 1.07402900 5.26708200 -99.85541700
vn 0.80814400 -0.93610000 -99.99235300
vn 1.36302200 -7.59040800 -99.70219600
vn 2.78234900 -14.20316100 -98.94710100
vn 7.57068500 -14.29837700 -98.68252700
vn 9.05964200 -7.64161000 -99.29515900
vn 9.64131400 -0.94230400 -99.52968000
vn 9.36278700 5.30270200 -99.41941200
vn 8.03340600 12.59491600 -98.87786600
vn 3.25085300 14.30635100 -98.91794700
vn 2.40483700 6.03269100 -99.78889400
vn 2.22655000 -1.06941100 -99.96949000
vn 2.59788100 -8.68968100 -99.58785300
vn 5.38859700 -16.90220000 -98.41381300
vn 4.19083400 14.77493500 -98.81365400
vn 3.78153100 6.23402400 -99.73383100
vn 3.69507000 -1.10447700 -99.92560500
vn 3.87489900 -8.97821700 -99.52073500
vn 4.33204300 -16.76747900 -98.48901000
vn 5.62474800 6.28543800 -99.64364200
vn 5.66163300 -1.11343400 -99.83339200
vn 5.58453300 -9.05183800 -99.43277700
vn 7.28680000 -15.47673100 -98.52600300
vn 6.43467800 14.68388600 -98.70652700
vn 7.06314000 6.19483200 -99.55770200
vn 7.19552400 -1.09765000 -99.73474600
vn 6.91943200 -8.92207500 -99.36054600
vn 7.18520100 14.24270500 -98.71939100
vn 8.15269500 6.00540600 -99.48602200
vn 8.35622500 -1.06466000 -99.64456800
vn 7.93170800 -8.65055600 -99.30889100
vn 6.84962200 -16.16563300 -98.44671100
vn 7.70165900 13.63424400 -98.76635000
vn 8.89604500 5.74515200 -99.43768700
vn 9.14689700 -1.01934400 -99.57557500
vn 8.62346300 -8.27715800 -99.28305300
vn 9.29569500 5.44144700 -99.41821100
vn 9.57074100 -0.96646500 -99.53625900
vn 8.99650600 -7.84100000 -99.28535400
vn 7.52759100 -14.66877700 -98.63144700
vn -99.86295300 0.00000000 -5.23359600
vn -99.86295300 0.00000000 -5.23359600
vn -0.18265000 -99.93908300 3.48516700
vn -83.86705700 0.00000000 -54.46390400
vn -0.18265000 -99.93908300 3.48516700
vn -0.18265000 -99.93908300 3.48516700
vn -45.39905000 0.00000000 -89.10065200
vn 5.23359600 -0.00000000 -99.86295300
vn -0.18265000 -99.93908300 3.48516700
vn -0.18265000 -99.93908300 3.48516700
vn 54.46390400 -0.00000000 -83.86705700
vn -0.18265000 -99.93908300 3.48516700
vn 89.10065200 -0.00000000 -45.39905000
vn 99.86295300 -0.00000000 5.23359600
vn -0.18265000 -99.93908300 3.48516700
vn 83.86705700 -0.00000000 54.46390400
vn -0.18265000 -99.93908300 3.48516700
vn -0.18265000 -99.93908300 3.48516700
vn 45.39905000 -0.00000000 89.10065200
vn -0.18265000 -99.93908300 3.48516700
vn -5.23359600 0.00000000 99.86295300
vn -0.18265000 -99.93908300 3.48516700
vn -54.46390400 0.00000000 83.86705700
vn -0.18265000 -99.93908300 3.48516700
vn -89.10065200 0.00000000 45.39905000
vn -0.18265000 99.93908300 3.48516700
vn -99.86295300 0.00000000 -5.23359600
vn -99.86295300 0.00000000 -5.23359600
vn -0.18265000 99.93908300 3.48516700
vn -89.10065200 0.00000000 45.39905000
vn -54.46390400 0.00000000 83.86705700
vn -0.18265000 99.93908300 3.48516700
vn -0.18265000 99.93908300 3.48516700
vn -5.23359600 0.00000000 99.86295300
vn 45.39905000 -0.00000000 89.10065200
vn -0.18265000 99.93908300 3.48516700
vn 83.86705700 -0.00000000 54.46390400
vn -0.18265000 99.93908300 3.48516700
vn -0.18265000 99.93908300 3.48516700
vn 99.86295300 -0.00000000 5.23359600
vn -0.18265000 99.93908300 3.48516700
vn 89.10065200 -0.00000000 -45.39905000
vn -0.18265000 99.93908300 3.48516700
vn 54.46390400 -0.00000000 -83.86705700
vn -0.18265000 99.93908300 3.48516700
vn 5.23359600 -0.00000000 -99.86295300
vn -45.39905000 0.00000000 -89.10065200
vn -0.18265000 99.93908300 3.48516700
vn -83.86705700 0.00000000 -54.46390400
vn -0.18265000 99.93908300 3.48516700
vn -6.77417400 -14.35003000 98.73290800
vn -6.77417400 -14.35003000 98.73290800
vn -6.77340300 -14.34285400 98.73400400
vn -54.17539400 -12.20582200 83.16275900
vn -54.16557700 -12.21042700 83.16847800
vn -88.35762700 -6.94963700 46.31017500
vn -88.35252400 -6.94838100 46.32009900
vn -99.98477000 -0.00000000 -1.74524100
vn -99.98477000 0.00000000 -1.74524100
vn -99.98477000 0.00000000 -1.74524100
vn -99.98477000 -0.00000000 -1.74524100
vn -92.53887600 -37.90061000 -0.31648000
vn -92.51761300 -37.95269600 -0.29016900
vn -71.07802700 -70.33093000 1.21421600
vn -71.02933600 -70.38116100 1.15136100
vn -38.61139900 -92.21093200 2.51076100
vn -38.65504000 -92.19175700 2.54321000
vn -19.80706500 -97.97056300 3.07391100
vn -19.88363800 -97.95610400 3.04017800
vn -0.18265000 -99.93908300 3.48516700
vn -0.18265000 -99.93908300 3.48516700
vn -0.18265000 -99.93908300 3.48516700
vn -0.18265000 -99.93908300 3.48516700
vn -2.49635800 -88.77644000 45.96207000
vn -2.49860900 -88.75509900 46.00314400
vn -4.34222600 -60.04211600 79.85041900
vn -4.34423500 -60.00387000 79.87905400
vn -5.32607900 -19.87909100 97.85936100
vn -5.32607800 -19.87918500 97.85934200
vn -5.32607800 -19.87918500 97.85934200
vn -5.46780000 -18.90122800 98.04512600
vn -5.50482200 -18.96187500 98.03134300
vn -5.85064300 -17.54524700 98.27479000
vn -5.82234000 -17.50101600 98.28435700
vn -6.34780600 -15.93659300 98.51766500
vn -6.28250000 -15.91581700 98.52521000
vn -70.73259300 -53.43150700 46.28146800
vn -24.13707500 -28.14423700 92.87251200
vn -84.67746500 -25.66358000 46.59514500
vn -72.60706100 -25.34920200 63.91895400
vn -52.34612000 -23.28931200 81.96030600
vn -28.65704400 -19.59526900 93.78059100
vn -77.72521800 -42.50289300 46.39282800
vn -66.50720900 -39.52888900 63.35817300
vn -47.91881600 -33.23848000 81.23417100
vn -26.32867700 -24.77199300 93.23705900
vn -49.25075600 -73.80953600 46.11415600
vn -42.28693100 -65.74544500 62.36466900
vn -30.91722400 -51.64028500 79.85866400
vn -17.79678000 -34.54515400 92.14069100
vn -43.63683500 -39.66830200 80.76046300
vn -60.48771500 -48.69904100 63.00507600
vn -22.77144100 -85.69578500 46.23520100
vn -20.18083900 -75.69734300 62.15018900
vn -15.74797300 -58.70075700 79.41172800
vn -10.44013300 -38.45636800 91.71756300
vn -8.52393600 -7.19826900 99.37568800
vn -8.54753700 -7.17520600 99.37532900
vn -9.14139300 0.00000000 99.58129800
vn -9.10981400 -0.00778700 99.58419200
vn -8.54753700 7.17520600 99.37532900
vn -8.52634200 7.20021100 99.37534100
vn -6.77417400 14.35003000 98.73290800
vn -6.77417400 14.35003000 98.73290800
vn -6.77396100 14.34876500 98.73310700
vn -54.17539400 12.20582200 83.16275900
vn -54.16557700 12.21042700 83.16847800
vn -88.35252400 6.94838100 46.32009900
vn -88.35762700 6.94963700 46.31017500
vn -99.98477000 0.00000000 -1.74524100
vn -99.98477000 0.00000000 -1.74524100
vn -99.98477000 0.00000000 -1.74524100
vn -99.98477000 -0.00000000 -1.74524100
vn -99.98552100 0.00314300 -1.70165200
vn -99.98477000 0.00000000 -1.74524100
vn -99.98577400 -0.00000000 -1.68671100
vn -99.98477000 0.00000000 -1.74524100
vn -99.98552100 -0.00314300 -1.70165200
vn -99.98477000 0.00000000 -1.74524100
vn -55.58802300 9.08434400 82.62836300
vn -97.69400900 2.48926500 21.20576000
vn -56.24786800 3.07422300 82.62400600
vn -97.73563100 0.83998100 21.14333900
vn -56.25545800 -2.93623600 82.62385800
vn -97.73611200 -0.80225100 21.14258500
vn -55.59556400 -9.03766400 82.62840900
vn -71.88794800 -7.60580000 69.09612600
vn -88.26120800 -5.21744000 46.71977700
vn -97.69448300 -2.47639400 21.20508200
vn -56.00877600 -5.97563500 82.62753100
vn -72.16086400 -5.02532700 69.04749000
vn -88.38311100 -3.44479600 46.65360700
vn -97.72052000 -1.63445400 21.16668500
vn -56.33441300 0.09181600 82.62218500
vn -72.37613700 0.07717100 69.00499200
vn -88.47940400 0.05286900 46.59820100
vn -97.74110900 0.02507800 21.13468500
vn -88.45603800 -1.69120100 46.61189900
vn -72.32392500 -2.46823200 69.01563400
vn -55.99868100 6.06814700 82.62763100
vn -72.15419300 5.10321700 69.04874800
vn -88.38012900 3.49825000 46.65527900
vn -97.71988300 1.65983100 21.16765200
vn -88.45379300 1.77072600 46.61320700
vn -72.31890600 2.58426000 69.01664600
vn -88.25898600 5.24452500 46.72094100
vn -71.88297000 7.64518300 69.09695900
vn -5.32607800 19.87918500 97.85934200
vn -5.32607800 19.87915000 97.85934900
vn -5.32607800 19.87918500 97.85934200
vn -4.34423500 60.00387000 79.87905400
vn -4.34222600 60.04211600 79.85041900
vn -2.49860900 88.75509900 46.00314400
vn -2.49635800 88.77644000 45.96207000
vn -0.18265000 99.93908300 3.48516700
vn -0.18265000 99.93908300 3.48516700
vn -0.18265000 99.93908300 3.48516700
vn -0.18265000 99.93908300 3.48516700
vn -22.51745500 97.38545600 3.00617700
vn -22.82882300 97.31622600 2.89774600
vn -43.54675700 89.99329100 2.21077600
vn -43.70321900 89.91321000 2.37556100
vn -62.64410100 77.93160900 1.54299200
vn -62.75888400 77.83760900 1.62144700
vn -78.49714400 61.94813100 0.79211500
vn -78.53302100 61.90336600 0.73340300
vn -90.26298600 43.04153400 -0.14006100
vn -90.27273300 43.02125400 -0.07406800
vn -97.53746700 22.03568600 -0.93337100
vn -97.52269900 22.09984400 -0.95918800
vn -6.28281200 15.91915500 98.52465100
vn -6.33012000 15.92883800 98.52005700
vn -5.90139400 17.56246400 98.26868000
vn -5.82243900 17.50345800 98.28391600
vn -5.46902100 18.89957300 98.04537700
vn -5.49422700 18.96264700 98.03178800
vn -17.44963600 34.78591900 92.11650300
vn -20.14468100 86.34874600 46.23944100
vn -17.99672700 76.25798900 62.13563400
vn -14.25470000 59.10515600 79.39385400
vn -9.71748400 38.68440300 91.70107700
vn -36.52805300 80.87887200 46.09023100
vn -31.63786400 71.65283800 62.16845100
vn -23.58019300 55.79671900 79.56570000
vn -14.21416400 36.80563500 91.88744600
vn -48.02713000 74.62530400 46.09185200
vn -41.26213100 66.42252100 62.33366100
vn -30.20507500 52.10179700 79.83142300
vn -69.65554600 54.85532100 46.24931000
vn -59.55701200 49.90106800 62.95113700
vn -42.95688200 40.51986700 80.70221000
vn -23.77638700 28.61190300 92.82264000
vn -83.63544000 28.89459600 46.58557200
vn -71.68025900 28.06604800 63.82975300
vn -51.65202100 25.18262800 81.84072300
vn -28.26868200 20.55768000 93.69238700
vn -5.24343000 22.90421300 97.20032700
vn -5.24387300 22.90305800 97.20057500
vn -5.07661700 24.30825500 96.86762500
vn -5.07660800 24.30892700 96.86745600
vn -4.94508000 22.90305800 97.21623400
vn -4.94549500 22.90421300 97.21594100
vn -4.93218500 19.87918500 97.87998500
vn -4.93218600 19.87915000 97.87999300
vn -4.93218500 19.87918500 97.87998500
vn -4.02820300 60.04211600 79.86687600
vn -4.02919800 60.00387000 79.89556400
vn -2.32166200 88.77644000 45.97122500
vn -2.32371600 88.75509900 46.01231000
vn -0.18265000 99.93908300 3.48516700
vn -0.18265000 99.93908300 3.48516700
vn -0.18265000 99.93908300 3.48516700
vn -0.18265000 99.93908300 3.48516700
vn -0.18265000 99.93908300 3.48516700
vn -0.18265000 99.93908300 3.48516700
vn -0.18265000 99.93908300 3.48516700
vn -0.18265000 99.93908300 3.48516700
vn -0.18265000 99.93908300 3.48516700
vn -0.18265000 99.93908300 3.48516700
vn -3.91301300 63.77861300 76.92188800
vn -1.14917600 97.40108000 22.62098800
vn -3.92825800 64.21774600 76.55488100
vn -1.14874800 97.46870600 22.32782300
vn -4.07521300 64.33549600 76.44826100
vn -1.18576100 97.47668200 22.29103800
vn -4.21912300 62.86181000 77.65688500
vn -1.21664500 97.41528500 22.55619700
vn -3.48025200 76.68634200 64.08660400
vn -1.22927300 97.37672800 22.72139300
vn -4.13050500 63.95151100 76.76681000
vn -3.40219500 77.37812300 63.25386200
vn -1.20159000 97.45066600 22.40365900
vn -3.44532200 77.04693800 63.65453000
vn -4.18004000 63.42978000 77.19579200
vn -3.96240100 64.48513600 76.32802000
vn -3.26289100 77.71679300 62.84467800
vn -1.15634700 97.48681600 22.24822800
vn -1.17000100 97.48978100 22.23451800
vn -3.30671000 77.74458500 62.80800300
vn -4.01667700 64.52892600 76.28816500
vn -3.22634500 77.26837800 63.39707000
vn -1.14663400 97.43894500 22.45745500
vn -3.23654000 77.54709800 63.05531200
vn -3.23002800 76.91404300 63.82630300
vn -3.91413900 63.22045200 77.38122500
vn -3.35522800 77.62182700 62.95708400
vn -3.58333500 14.35003000 98.90013300
vn -3.58333500 14.35003000 98.90013300
vn -3.58356800 14.34876500 98.90030800
vn 45.17538000 12.21042700 88.37471700
vn 45.18574100 12.20582200 88.37005600
vn 83.02675000 6.94838100 55.30170600
vn 83.03286300 6.94963700 55.29237000
vn 99.61947000 0.00000000 8.71557400
vn 99.61947000 0.00000000 8.71557400
vn 99.61947000 -0.00000000 8.71557400
vn 99.61947000 -0.00000000 8.71557400
vn 97.10086100 22.03502300 9.26717300
vn 97.08880500 22.09951500 9.23987900
vn 89.78668800 43.01971400 9.36241900
vn 89.78368400 43.04046600 9.29561100
vn 77.98561400 61.94650600 8.99301700
vn 78.02782300 61.90124100 8.93841600
vn 62.24704600 77.83644200 8.17274000
vn 62.14110000 77.93044400 8.08267300
vn 43.23165500 89.91832200 6.76160900
vn 43.37350300 89.83623500 6.94190500
vn 22.57936100 97.27425400 5.28129200
vn 22.26047700 97.34354400 5.35775700
vn -4.80946400 18.89954000 98.07994900
vn -4.78299300 18.96261000 98.06906900
vn -4.48290300 17.50337900 98.35413200
vn -4.40277300 17.56235500 98.34723800
vn -4.00270600 15.92879700 98.64203900
vn -4.05021800 15.91909300 98.64166600
vn 9.56017000 33.32455900 93.79806400
vn 13.25005400 29.50340300 94.62550000
vn 76.02076200 34.98179300 54.74594000
vn 62.61145900 33.19882400 70.55241500
vn 41.36103800 28.78987800 86.37365000
vn 17.55420500 22.43959500 95.85569600
vn 62.10442400 57.73535000 53.00632000
vn 50.66481100 52.31145200 68.53166300
vn 32.89483500 42.20784400 84.47738000
vn 16.29547900 24.96952600 95.45145400
vn 38.93291000 33.61040700 85.75878400
vn 59.22430000 40.05568400 69.91440900
vn 72.11330900 43.12538400 54.22058600
vn 49.38632500 70.00739400 51.57475800
vn 39.92487500 62.56475800 67.01981400
vn 25.42810300 49.39035300 83.15049400
vn 34.59113400 79.41255700 49.97098300
vn 27.53569800 70.42503000 65.43776000
vn 16.89446500 54.92609800 81.83948200
vn 5.38481600 36.32531500 93.01330700
vn 18.79624800 85.45169100 48.42220000
vn 14.38848800 75.49751400 63.97731500
vn 7.91098500 58.55064900 80.67984700
vn 1.05241400 38.35963600 92.34408900
vn -1.90791800 7.20021100 99.72219800
vn -1.88683800 7.17520600 99.72440200
vn -1.31776500 0.00000000 99.99131700
vn -1.34947300 -0.00778700 99.99089400
vn -1.88683800 -7.17520600 99.72440200
vn -1.91034700 -7.19826900 99.72229200
vn -3.58333500 -14.35003000 98.90013300
vn -3.58421700 -14.34285400 98.90114200
vn -3.58333500 -14.35003000 98.90013300
vn 45.18574100 -12.20582200 88.37005600
vn 45.17538000 -12.21042700 88.37471700
vn 83.02675000 -6.94838100 55.30170600
vn 83.03286300 -6.94963700 55.29237000
vn 99.61947000 -0.00000000 8.71557400
vn 99.61947000 -0.00000000 8.71557400
vn 99.61947000 -0.00000000 8.71557400
vn 99.61947000 0.00000000 8.71557400
vn 99.61566100 -0.00314300 8.75900200
vn 99.61947000 -0.00000000 8.71557400
vn 99.61435100 -0.00000000 8.77388800
vn 99.61947000 -0.00000000 8.71557400
vn 99.61566100 0.00314300 8.75900200
vn 99.61947000 -0.00000000 8.71557400
vn 46.64649000 -9.08434400 87.98624700
vn 94.94222500 -2.48926500 31.30139700
vn 47.30317600 -3.07422300 88.05088700
vn 94.99014500 -0.83998100 31.24366900
vn 47.31074000 2.93623600 88.05153300
vn 94.99070100 0.80225100 31.24296900
vn 46.65398500 9.03766400 87.98708000
vn 64.27162700 7.60580000 76.23194700
vn 82.89415700 5.21744000 55.68964900
vn 94.94276800 2.47639400 31.30077300
vn 47.06502500 5.97563500 88.02940000
vn 64.54813100 5.02532700 76.21210400
vn 83.02230900 3.44479600 55.63658400
vn 94.97267600 1.63445400 31.26530700
vn 47.38943800 -0.09181600 88.05812200
vn 64.76666700 -0.07717100 76.19234200
vn 83.12386600 -0.05286900 55.59154700
vn 94.99649700 -0.02507800 31.23563500
vn 83.09919700 1.69120100 55.60272800
vn 64.71362900 2.46823200 76.19746800
vn 47.05497500 -6.06814700 88.02844400
vn 64.54136500 -5.10321700 76.21265900
vn 83.01916900 -3.49825000 55.63793500
vn 94.97194100 -1.65983100 31.26620300
vn 83.09682700 -1.77072600 55.60379400
vn 64.70853200 -2.58426000 76.19794900
vn 82.89182600 -5.24452500 55.69057500
vn 64.26658900 -7.64518300 76.23225500
vn -4.93218600 -19.87909100 97.88000400
vn -4.93218500 -19.87918500 97.87998500
vn -4.93218500 -19.87918500 97.87998500
vn -4.02820300 -60.04211600 79.86687600
vn -4.02919800 -60.00387000 79.89556400
vn -2.32371600 -88.75509900 46.01231000
vn -2.32166200 -88.77644000 45.97122500
vn -0.18265000 -99.93908300 3.48516700
vn -0.18265000 -99.93908300 3.48516700
vn -0.18265000 -99.93908300 3.48516700
vn -0.18265000 -99.93908300 3.48516700
vn 22.07987100 -97.38545600 5.34342400
vn 22.40086700 -97.31622600 5.26813300
vn 43.21549400 -89.91321000 6.93077800
vn 43.07711400 -89.99329100 6.75054100
vn 62.24559700 -77.83760900 8.17265400
vn 62.13964400 -77.93160900 8.08263100
vn 77.98433000 -61.94813100 8.99296200
vn 78.02614700 -61.90336600 8.93832200
vn 89.78315700 -43.04153400 9.29575700
vn 89.78595100 -43.02125400 9.36240800
vn 97.10071000 -22.03568600 9.26718300
vn 97.08872200 -22.09984400 9.23996400
vn -4.05056300 -15.91475800 98.64235100
vn -4.00270700 -15.92883800 98.64203200
vn -4.48304100 -17.50095400 98.35455700
vn -4.40280800 -17.56246400 98.34721700
vn -4.78298400 -18.96264700 98.06906300
vn -4.80948900 -18.89876100 98.08009800
vn 7.72524800 -34.78591900 93.43586300
vn 15.20098900 -86.34874600 48.09182900
vn 11.40319700 -76.25798900 63.67641800
vn 5.87769300 -59.10515600 80.44894800
vn 0.07887800 -38.68440300 92.21448200
vn 31.51020800 -80.87887200 49.65596500
vn 24.96617600 -71.65283800 65.13494300
vn 15.13413700 -55.79671900 81.59463300
vn 4.53144400 -36.80563500 92.86986200
vn 42.94612200 -74.62530400 50.85955800
vn 34.52045100 -66.42252100 66.30525800
vn 21.69495300 -52.10179700 82.55138900
vn 64.43959600 -54.85532100 53.27693900
vn 52.65056700 -49.90106800 68.83168700
vn 34.28588200 -40.51986700 84.75033200
vn 13.94352900 -28.61190300 94.79945700
vn 78.30775800 -28.89459600 55.07265500
vn 64.61556200 -28.06604800 70.97271400
vn 42.81438000 -25.18262800 86.79149800
vn 18.32030100 -20.55768000 96.13401300
vn -4.94549500 -22.90418200 97.21594800
vn -4.94508000 -22.90305800 97.21623400
vn -5.07661700 -24.30825500 96.86762500
vn -5.07660800 -24.30892700 96.86745600
vn -5.24343000 -22.90418200 97.20033400
vn -5.24387300 -22.90305800 97.20057500
vn -0.18265000 -99.93908300 3.48516700
vn -0.18265000 -99.93908300 3.48516700
vn -0.18265000 -99.93908300 3.48516700
vn -0.18265000 -99.93908300 3.48516700
vn -0.18265000 -99.93908300 3.48516700
vn -0.18265000 -99.93908300 3.48516700
vn -4.14895000 -63.77861300 76.90952300
vn -1.22165600 -97.40108000 22.61719000
vn -4.09542500 -64.21774600 76.54612100
vn -1.19143800 -97.46870600 22.32558600
vn -3.93813000 -64.33549600 76.45544500
vn -1.15078300 -97.47668200 22.29287200
vn -3.92134400 -62.86181000 77.67249100
vn -1.14778500 -97.41528500 22.55980600
vn -3.23768700 -76.68634200 64.09931600
vn -1.15249300 -97.37672800 22.72541700
vn -3.91643900 -63.95151100 76.77802900
vn -3.22827100 -77.37812300 63.26297700
vn -1.14681200 -97.45066600 22.40653000
vn -3.22726200 -77.04693800 63.66595800
vn -3.91201600 -63.42978000 77.20983800
vn -4.03775600 -64.48513600 76.32407100
vn -3.32404100 -77.71679300 62.84147400
vn -1.17556100 -97.48681600 22.24722100
vn -1.16054900 -97.48978100 22.23501300
vn -3.27662900 -77.74458500 62.80957900
vn -3.97961100 -64.52892600 76.29010700
vn -3.41812700 -77.26837800 63.38701900
vn -1.20709100 -97.43894500 22.45428600
vn -3.37226500 -77.54709800 63.04819900
vn -3.45933200 -76.91404300 63.81428500
vn -4.19584400 -63.22045200 77.36646100
vn -3.24396000 -77.62182700 62.96291500
vn 99.61947000 -0.00000000 8.71557400
vn 99.61947000 -0.00000000 8.71557400
vn 5.23359600 -0.00000000 -99.86295300
vn 5.23359600 -0.00000000 -99.86295300
vn 99.61947000 -0.00000000 8.71557400
vn 99.61947000 -0.00000000 8.71557400
vn -0.18265000 -99.93908300 3.48516700
vn -0.18265000 -99.93908300 3.48516700
vn 5.23359600 -0.00000000 -99.86295300
vn 5.23359600 -0.00000000 -99.86295300
vn 37.92604000 -92.29676700 6.55151300
vn 70.26966900 -70.62460700 8.62197800
vn 5.23359600 -0.00000000 -99.86295300
vn 91.93174900 -38.21694300 9.38183300
vn 5.23359600 -0.00000000 -99.86295300
vn -0.18265000 -99.93908300 3.48516700
vn -0.18265000 -99.93908300 3.48516700
vn 5.23359600 -0.00000000 -99.86295300
vn -99.98477000 -0.00000000 -1.74524100
vn -99.98477000 -0.00000000 -1.74524100
vn 5.23359600 -0.00000000 -99.86295300
vn -92.40880600 -38.21694300 -0.27904600
vn 5.23359600 -0.00000000 -99.86295300
vn 5.23359600 -0.00000000 -99.86295300
vn -70.78596700 -70.62460700 1.22956500
vn -38.40309700 -92.29676700 2.55127300
vn 5.23359600 -0.00000000 -99.86295300
vn -5.45434300 17.47495300 98.31010200
vn -6.45615500 -15.18594300 98.62913000
vn -2.92849200 14.82072700 98.85226300
vn -3.02657300 -14.52459300 98.89325600
vn -7.17026100 -6.39051800 99.53767400
vn -7.32062600 1.13235800 99.72525400
vn -7.00872700 9.21160200 99.32786200
vn -6.21385500 17.20137000 98.31327900
vn -5.72264400 9.36099000 99.39629400
vn -5.82803800 1.15020500 99.82339900
vn -5.77733400 -6.49484400 99.62148100
vn -5.53630400 -15.42820000 98.64745300
vn -4.49101600 -15.38050200 98.70800800
vn -4.18960200 -6.47427800 99.70221100
vn -4.12577500 1.14668900 99.90827300
vn -4.25738800 9.33155000 99.47259300
vn -4.59261800 17.42110000 98.36367800
vn -1.96048200 -6.10679200 99.79410600
vn -1.73610200 1.08372000 99.97905500
vn -2.20129800 8.80491400 99.58728700
vn -3.38793800 16.45391100 98.57885500
vn -1.40968300 7.92171400 99.67577100
vn -0.81566900 0.97773600 99.99189300
vn -1.10075600 -5.49172600 99.84302300
vn -2.46423200 -13.08141600 99.11006100
vn 91.93174900 38.21694300 9.38183300
vn 5.23359600 -0.00000000 -99.86295300
vn 5.23359600 -0.00000000 -99.86295300
vn 70.26966900 70.62460700 8.62197800
vn 5.23359600 -0.00000000 -99.86295300
vn 37.92604000 92.29676700 6.55151300
vn -0.18265000 99.93908300 3.48516700
vn -0.18265000 99.93908300 3.48516700
vn 5.23359600 -0.00000000 -99.86295300
vn 5.23359600 -0.00000000 -99.86295300
vn -99.98477000 0.00000000 -1.74524100
vn -99.98477000 0.00000000 -1.74524100
vn 5.23359600 -0.00000000 -99.86295300
vn -92.40880600 38.21694300 -0.27904600
vn 5.23359600 -0.00000000 -99.86295300
vn -70.78596700 70.62460700 1.22956500
vn -38.40309700 92.29676700 2.55127300
vn 5.23359600 -0.00000000 -99.86295300
vn -0.18265000 99.93908300 3.48516700
vn -0.18265000 99.93908300 3.48516700
vn 5.23359600 -0.00000000 -99.86295300
vt 1.99053700 -0.35315500
vt -0.61775800 5.53135800
vt 0.72170700 2.06602600
vt 1.95945400 -0.17797700
vt -0.44377400 5.49808500
vt 1.93395400 -0.00198400
vt -0.29466600 5.40245300
vt 1.91872200 0.17510400
vt -0.19344100 5.25788300
vt 4.98082900 1.99334600
vt 1.91781400 0.35315500
vt -0.15691000 5.08593300
vt 0.13048600 0.35315500
vt 5.04316800 0.20710600
vt 2.64289400 -2.19316800
vt 2.60867100 -2.36531200
vt 0.12567600 0.17657800
vt 2.51120500 -2.51120500
vt 0.12398700 0.00000000
vt 0.12567600 -0.17657800
vt 2.36531200 -2.60867100
vt 2.19316800 -2.64289400
vt 0.13048600 -0.35315500
vt 0.65683200 0.20710600
vt -4.89024200 5.53135900
vt 1.99052100 0.35315600
vt 4.97829300 2.06600900
vt -3.82137600 5.53088400
vt 3.91638000 2.18444500
vt -2.75261700 5.53071500
vt 2.84861500 2.22402700
vt 1.78165300 2.18438100
vt -1.68465300 5.53087900
vt 0.13048600 0.35315500
vt 5.04316800 0.20710600
vt -2.19316800 -2.64289400
vt -0.15691000 0.86043300
vt 1.91781400 -0.35315500
vt 0.71917100 1.99334600
vt 0.65683200 0.20710600
vt 2.64289400 2.19316800
vt 0.13048600 -0.35315500
vt 1.37500000 1.40783800
vt 2.60098900 -1.02101800
vt 2.60098900 1.02101800
vt 2.60666400 -0.85084800
vt 1.33145800 1.24523800
vt 1.21250000 1.12620800
vt 2.61081800 -0.68067800
vt 1.05000000 1.08263900
vt 2.61233800 -0.51050900
vt 2.61081800 -0.34033900
vt 0.88750000 1.12620800
vt 0.76854200 1.24523800
vt 2.60666400 -0.17017000
vt 2.60098900 -0.00000000
vt 0.72500000 1.40783800
vt 2.59531400 0.17017000
vt 0.76854200 1.57043700
vt 2.59116000 0.34033900
vt 0.88750000 1.68946700
vt 2.58964000 0.51050900
vt 1.05000000 1.73303600
vt 2.59116000 0.68067800
vt 1.21250000 1.68946700
vt 2.59531400 0.85084800
vt 1.33145800 1.57043700
vt 0.71917100 1.99334600
vt -5.35109000 5.08593300
vt 1.91781400 -0.35315500
vt -5.31456000 5.25788300
vt 1.91872200 -0.17510400
vt -5.21333500 5.40245300
vt 1.93395200 0.00198300
vt -5.06422700 5.49808500
vt 1.95944700 0.17797600
vt 0.12567600 0.17657800
vt -2.36531200 -2.60867100
vt -2.51120500 -2.51120500
vt 0.12398700 0.00000000
vt 0.12567600 -0.17657800
vt -2.60867100 -2.36531200
vt 0.13048600 -0.35315500
vt -2.64289400 -2.19316800
vt 0.65683200 0.20710600
vt -0.19344100 0.68848300
vt 1.91872200 -0.17510400
vt -0.29466600 0.54391400
vt 1.93395400 0.00198400
vt -0.44377400 0.44828200
vt 1.95945400 0.17797700
vt 1.99053700 0.35315500
vt 4.97829300 2.06602600
vt -0.61775800 0.41500800
vt 2.19316800 2.64289400
vt 5.04316800 0.20710600
vt 0.13048600 0.35315500
vt 2.36531200 2.60867100
vt 0.12567600 0.17657800
vt 2.51120500 2.51120500
vt 0.12398700 0.00000000
vt 2.60867100 2.36531200
vt 0.12567600 -0.17657800
vt 4.98082900 1.99334600
vt -5.35109000 0.86043300
vt 1.91781400 0.35315500
vt 5.04316800 0.20710600
vt 0.13048600 0.35315500
vt -2.64289400 2.19316800
vt -2.60098900 1.02101800
vt -2.60098900 -1.02101800
vt 4.32500000 1.40783800
vt 4.36854200 1.57043700
vt -2.59531400 0.85084800
vt 4.48750000 1.68946700
vt -2.59116000 0.68067800
vt 4.65000000 1.73303600
vt -2.58964000 0.51050900
vt 4.81250000 1.68946700
vt -2.59116000 0.34033900
vt -2.59531400 0.17017000
vt 4.93145800 1.57043700
vt -2.60098900 -0.00000000
vt 4.97500000 1.40783800
vt 4.93145800 1.24523800
vt -2.60666400 -0.17017000
vt -2.61081800 -0.34033900
vt 4.81250000 1.12620800
vt -2.61233800 -0.51050900
vt 4.65000000 1.08263900
vt -2.61081800 -0.68067800
vt 4.48750000 1.12620800
vt 4.36854200 1.24523800
vt -2.60666400 -0.85084800
vt 3.91834700 2.18438100
vt -1.68465300 0.41548700
vt -2.75261700 0.41565200
vt 2.85138500 2.22402700
vt -3.82137700 0.41548300
vt 1.78362000 2.18444500
vt 0.72170700 2.06600900
vt -4.89024300 0.41500700
vt 1.99052100 -0.35315500
vt 0.65683200 0.20710600
vt 0.13048600 -0.35315500
vt -2.19316800 2.64289400
vt 1.95944700 -0.17797600
vt -5.06422700 0.44828200
vt -5.21333500 0.54391400
vt 1.93395200 -0.00198300
vt 1.91872200 0.17510500
vt -5.31456000 0.68848400
vt -2.60867100 2.36531200
vt 0.12567600 0.17657800
vt 0.12398700 -0.00000000
vt -2.51120500 2.51120500
vt -2.36531200 2.60867100
vt 0.12567600 -0.17657800
vt -4.39722400 1.26770700
vt -4.39722400 2.87572600
vt -0.88882500 2.47372100
vt -0.88882500 3.82592100
vt -4.39722400 4.89793400
vt -3.44335800 4.89793400
vt -2.62997100 4.89793400
vt -1.75939800 4.89793400
vt -0.88882500 4.89793400
vt -0.88882500 1.09298600
vt -1.75939800 1.09298600
vt -2.62997100 1.09298600
vt -3.44335800 1.09298600
vt -4.39722400 1.09298600
vt -4.39722400 3.82592100
vt -3.44335800 3.82592100
vt -2.62997100 3.82592100
vt -1.75939800 3.82592100
vt -0.88882500 2.87572600
vt -4.39722400 3.35082300
vt -3.44335800 3.35082300
vt -2.62997100 3.35082300
vt -1.75939800 3.35082300
vt -0.88882500 3.35082300
vt -3.44335800 2.87572600
vt -2.62997100 2.87572600
vt -1.75939800 2.87572600
vt -0.88882500 1.66971200
vt -4.39722400 2.47372100
vt -3.44335800 2.47372100
vt -2.62997100 2.47372100
vt -1.75939800 2.47372100
vt -4.39722400 2.07171600
vt -3.44335800 2.07171600
vt -2.62997100 2.07171600
vt -1.75939800 2.07171600
vt -0.88882500 2.07171600
vt -4.39722400 1.66971200
vt -3.44335800 1.66971200
vt -2.62997100 1.66971200
vt -1.75939800 1.66971200
vt -3.44335800 1.26770700
vt -2.62997100 1.26770700
vt -1.75939800 1.26770700
vt -0.88882500 1.26770700
vt -2.80111100 -1.02101800
vt -2.80111100 1.02101800
vt -4.32500000 1.40085300
vt -2.79543600 0.85084800
vt -4.36854200 1.56345200
vt -4.48750000 1.68248300
vt -2.79128200 0.68067800
vt -2.78976200 0.51050900
vt -4.65000000 1.72605100
vt -4.81250000 1.68248300
vt -2.79128200 0.34033900
vt -4.93145800 1.56345200
vt -2.79543600 0.17017000
vt -2.80111100 -0.00000000
vt -4.97500000 1.40085300
vt -2.80678600 -0.17017000
vt -4.93145800 1.23825400
vt -4.81250000 1.11922400
vt -2.81094000 -0.34033900
vt -4.65000000 1.07565500
vt -2.81246000 -0.51050900
vt -4.48750000 1.11922400
vt -2.81094000 -0.68067800
vt -4.36854200 1.23825400
vt -2.80678600 -0.85084800
vt -1.37500000 1.40085300
vt 2.80111100 1.02101800
vt 2.80111100 -1.02101800
vt -1.33145800 1.23825400
vt 2.80678600 -0.85084800
vt 2.81094000 -0.68067800
vt -1.21250000 1.11922400
vt -1.05000000 1.07565500
vt 2.81246000 -0.51050900
vt 2.81094000 -0.34033900
vt -0.88750000 1.11922400
vt 2.80678600 -0.17017000
vt -0.76854200 1.23825400
vt -0.72500000 1.40085300
vt 2.80111100 -0.00000000
vt -0.76854200 1.56345200
vt 2.79543600 0.17017000
vt -0.88750000 1.68248300
vt 2.79128200 0.34033900
vt -1.05000000 1.72605100
vt 2.78976200 0.51050900
vt 2.79128200 0.68067800
vt -1.21250000 1.68248300
vt 2.79543600 0.85084800
vt -1.33145800 1.56345200
vt -0.00000000 0.98569500
vt -0.11945500 4.27897200
vt 4.95714100 0.30482200
vt -0.03706700 0.98569500
vt -0.07967400 4.27897200
vt -0.07419300 0.98569500
vt -0.03980500 4.27897200
vt -0.00000000 4.27897200
vt -0.72575200 2.18193200
vt -2.10651500 -0.51011300
vt -0.11123700 0.98569500
vt -0.11123700 0.73927100
vt -2.06763000 -0.25691500
vt -2.03509400 -0.00269400
vt -0.11123700 0.49284700
vt -0.11123700 0.24642400
vt -2.01493200 0.25328200
vt -2.01138700 0.38167700
vt -0.11123700 0.12321200
vt -0.00000000 0.00000000
vt -4.97751300 2.08835600
vt -2.01288200 0.51011300
vt -0.11123700 0.00000000
vt -0.03434700 0.00000000
vt -0.07417900 0.00000000
vt -0.03707200 0.00000000
vt -0.06873500 0.00000000
vt 5.54496400 0.87232900
vt -0.00000000 0.00000000
vt -0.10308200 0.00000000
vt 5.49888500 0.65306000
vt -0.00000000 0.24642400
vt -0.00000000 0.49284700
vt 5.36989600 0.46856600
vt -0.00000000 0.73927100
vt 5.17948400 0.34711100
vt -0.07366400 0.61019200
vt -0.01693600 0.61019200
vt -0.07366400 0.84708800
vt -0.05826700 0.84708800
vt -0.03760200 0.84708800
vt -0.01693600 0.84708800
vt -0.07366400 0.70848100
vt -0.05826700 0.70848100
vt -0.03760200 0.70848100
vt -0.01693600 0.70848100
vt -0.07366400 0.38495600
vt -0.05826700 0.38495600
vt -0.03760200 0.38495600
vt -0.01693600 0.38495600
vt -0.03760200 0.61019200
vt -0.05826700 0.61019200
vt -0.07366400 0.15972000
vt -0.05826700 0.15972000
vt -0.03760200 0.15972000
vt -0.01693600 0.15972000
vt 3.88156900 0.30745000
vt -0.11945500 3.21015600
vt -0.11945500 2.13948600
vt 2.80417500 0.30832000
vt -0.11945500 1.06881600
vt 1.72677500 0.30744700
vt -0.11945500 0.00000000
vt -0.00000000 0.00000000
vt 0.65120500 0.30482200
vt -0.03706300 0.00000000
vt -0.07967400 0.00000000
vt -0.03980500 0.00000000
vt -0.07418600 -0.00000000
vt -0.00000000 0.00000000
vt -4.97424800 2.18193200
vt -2.10651500 0.51011300
vt -0.11122600 0.00000000
vt -0.00000000 1.06881600
vt -3.91581500 2.29671900
vt -0.00000000 2.13948600
vt -2.85000000 2.33507000
vt -0.00000000 3.21015600
vt -1.78418500 2.29671900
vt -0.07888100 0.53078400
vt -0.01794000 0.53078400
vt -0.07888100 1.59235100
vt -0.01794000 1.59235100
vt -0.07888100 2.66209300
vt -0.01794000 2.66209300
vt -0.07888100 3.74001200
vt -0.06257200 3.74001200
vt -0.04025600 3.74001200
vt -0.01794000 3.74001200
vt -0.07888100 3.20105300
vt -0.06257200 3.20105300
vt -0.04025600 3.20105300
vt -0.01794000 3.20105300
vt -0.07888100 2.12313400
vt -0.06257200 2.12313400
vt -0.04025600 2.12313400
vt -0.01794000 2.12313400
vt -0.04025600 2.66209300
vt -0.06257200 2.66209300
vt -0.07888100 1.06156700
vt -0.06257200 1.06156700
vt -0.04025600 1.06156700
vt -0.01794000 1.06156700
vt -0.04025600 1.59235100
vt -0.06257200 1.59235100
vt -0.04025600 0.53078400
vt -0.06257200 0.53078400
vt -0.00000000 0.98541900
vt 0.06338500 0.87232900
vt -0.10308200 4.25533700
vt -0.06873500 4.25533700
vt -0.03706800 0.98541900
vt -0.07417200 0.98541900
vt -0.03434700 4.25533700
vt -0.11122600 0.98541900
vt -0.00000000 4.25533700
vt -2.01288200 -0.51011300
vt -0.72248700 2.08835600
vt -2.01165000 -0.36364800
vt -0.11122700 0.84492500
vt -0.11122600 0.70454700
vt -2.01687500 -0.21726000
vt -0.11122600 0.56309700
vt -2.02781200 -0.07022700
vt -2.04342000 0.07554700
vt -0.11122800 0.42230800
vt -0.11122600 0.28154800
vt -2.06252500 0.22085100
vt -2.08389100 0.36560600
vt -0.11122500 0.14078000
vt 0.42893000 0.34684900
vt -0.00000000 0.24635500
vt -0.00000000 0.49271000
vt 0.23846300 0.46856900
vt 0.10986700 0.65317900
vt -0.00000000 0.73906500
vt -0.01692500 0.61003400
vt -0.07364900 0.84855200
vt -0.05826300 0.84855200
vt -0.03759400 0.84855200
vt -0.01692500 0.84855200
vt -0.07364900 0.71168500
vt -0.05826300 0.71168500
vt -0.03759400 0.71168500
vt -0.01692500 0.71168500
vt -0.07364900 0.61003400
vt -0.05826300 0.61003400
vt -0.03759400 0.61003400
vt -0.07364900 0.38759100
vt -0.05826300 0.38759100
vt -0.03759400 0.38759100
vt -0.01692500 0.38759100
vt -0.07364900 0.16514700
vt -0.05826300 0.16514700
vt -0.03759400 0.16514700
vt -0.01692500 0.16514700
vt 0.06125100 1.93613300
vt -0.10308200 3.19150300
vt 0.06025500 3.00000000
vt -0.10308200 2.12766900
vt -0.10308200 1.06383400
vt 0.06125100 4.06386700
vt -0.00000000 -0.00000000
vt 0.06338500 5.12767100
vt -0.10308200 0.00000000
vt -0.03706800 0.00000000
vt -0.06873500 0.00000000
vt -0.03434700 0.00000000
vt -0.07417200 -0.00000000
vt -0.00000000 0.00000000
vt -0.11122600 -0.00000000
vt -2.01288200 0.51011300
vt -4.97751300 2.08835600
vt -0.00000000 1.06383400
vt -3.91375700 2.09035300
vt -0.00000000 2.12766900
vt -2.85000000 2.09127100
vt -0.00000000 3.19150300
vt -1.78624300 2.09035300
vt -0.06650900 1.03120400
vt -0.01496800 0.62180400
vt -0.06650900 1.44060500
vt -0.01496800 1.44060500
vt -0.06650900 2.66880500
vt -0.01496800 2.66880500
vt -0.06650900 3.87147100
vt -0.01496800 3.48760600
vt -0.05154100 3.87147100
vt -0.01496800 3.87147100
vt -0.06650900 3.07820500
vt -0.05154100 3.07820500
vt -0.01496800 3.07820500
vt -0.05154100 3.48760600
vt -0.06650900 3.48760600
vt -0.06650900 1.85000500
vt -0.05154100 1.85000500
vt -0.01496800 1.85000500
vt -0.01496800 2.25940500
vt -0.05154100 2.25940500
vt -0.06650900 2.25940500
vt -0.05154100 1.03120400
vt -0.01496800 1.03120400
vt -0.05154100 1.44060500
vt -0.05154100 0.62180400
vt -0.06650900 0.62180400
vt -0.05154100 2.66880500
vt -0.11945500 4.27897200
vt -0.00000000 0.98543000
vt 0.65120500 5.69517800
vt -0.07967400 4.27897200
vt -0.03706300 0.98543000
vt -0.03980500 4.27897200
vt -0.07418600 0.98543000
vt -0.11122600 0.98543000
vt -0.00000000 4.27897200
vt -0.72575200 2.18193200
vt -2.10651500 -0.51011300
vt -2.08389200 -0.36561100
vt -0.11122500 0.84464900
vt -2.06252600 -0.22086200
vt -0.11122600 0.70387900
vt -2.04342200 -0.07556100
vt -0.11122800 0.56311800
vt -2.02781300 0.07021500
vt -0.11122600 0.42232700
vt -0.11122600 0.28196700
vt -2.01694000 0.21611500
vt -0.11122700 0.14165300
vt -2.01166800 0.36243900
vt 0.10987000 5.34682600
vt -0.00000000 0.24635800
vt 0.23847100 5.53143900
vt -0.00000000 0.49271500
vt -0.00000000 0.73907300
vt 0.42893800 5.65315400
vt -0.01692500 0.43505800
vt -0.01692500 0.56947500
vt -0.07364900 0.77146100
vt -0.05826300 0.77146100
vt -0.03759400 0.77146100
vt -0.01692500 0.77146100
vt -0.07364900 0.56947500
vt -0.05826300 0.56947500
vt -0.03759400 0.56947500
vt -0.01692500 0.70388900
vt -0.03759400 0.70388700
vt -0.05826300 0.70388500
vt -0.07364900 0.70388300
vt -0.07364900 0.43505800
vt -0.05826300 0.43505800
vt -0.03759400 0.43505800
vt -0.07364900 0.30064200
vt -0.05826300 0.30064200
vt -0.03759400 0.30064200
vt -0.01692500 0.30064200
vt -0.07364900 0.16622500
vt -0.05826300 0.16622500
vt -0.03759400 0.16622500
vt -0.01692500 0.16622500
vt 1.72677500 5.69255300
vt -0.11945500 3.21015600
vt -0.11945500 2.13948600
vt 2.80417500 5.69168000
vt -0.11945500 1.06881600
vt 3.88156900 5.69255000
vt -0.11945500 0.00000000
vt 4.95714100 5.69517800
vt -0.00000000 -0.00000000
vt -0.03706300 0.00000000
vt -0.07967400 0.00000000
vt -0.03980500 0.00000000
vt -0.07418600 -0.00000000
vt -0.00000000 0.00000000
vt -2.10651500 0.51011300
vt -4.97424800 2.18193200
vt -0.11122600 0.00000000
vt -0.00000000 1.06881600
vt -3.91581500 2.29671900
vt -0.00000000 2.13948600
vt -2.85000000 2.33507000
vt -0.00000000 3.21015600
vt -1.78418500 2.29671900
vt -0.07888100 0.53078400
vt -0.01794000 0.53078400
vt -0.07888100 1.59235100
vt -0.01794000 1.59235100
vt -0.07888100 2.66209300
vt -0.01794000 2.66209300
vt -0.07888100 3.74001200
vt -0.06257200 3.74001200
vt -0.04025600 3.74001200
vt -0.01794000 3.74001200
vt -0.07888100 3.20105300
vt -0.06257200 3.20105300
vt -0.04025600 3.20105300
vt -0.01794000 3.20105300
vt -0.07888100 2.12313400
vt -0.06257200 2.12313400
vt -0.04025600 2.12313400
vt -0.01794000 2.12313400
vt -0.04025600 2.66209300
vt -0.06257200 2.66209300
vt -0.07888100 1.06156700
vt -0.06257200 1.06156700
vt -0.04025600 1.06156700
vt -0.01794000 1.06156700
vt -0.04025600 1.59235100
vt -0.06257200 1.59235100
vt -0.04025600 0.53078400
vt -0.06257200 0.53078400
vt 5.54496400 5.12767100
vt -0.00000000 0.98541900
vt -0.10308200 4.25533700
vt -0.03706800 0.98541900
vt -0.06873500 4.25533700
vt -0.07417200 0.98541900
vt -0.03434700 4.25533700
vt -2.01288200 -0.51011300
vt -0.11122600 0.98541900
vt -0.00000000 4.25533700
vt -0.72248700 2.08835600
vt -2.01165000 -0.36364800
vt -0.11122700 0.84492500
vt -2.01687500 -0.21726000
vt -0.11122600 0.70454700
vt -2.02781200 -0.07022700
vt -0.11122600 0.56309700
vt -2.04342000 0.07554700
vt -0.11122800 0.42230800
vt -0.11122600 0.28154800
vt -2.06252500 0.22085100
vt -2.08389100 0.36560600
vt -0.11122500 0.14078000
vt 5.17941800 5.65315100
vt -0.00000000 0.24635500
vt 5.36988500 5.53143100
vt -0.00000000 0.49271000
vt -0.00000000 0.73906500
vt 5.49848100 5.34682100
vt -0.01692500 0.61003400
vt -0.07364900 0.84855200
vt -0.05826300 0.84855200
vt -0.03759400 0.84855200
vt -0.01692500 0.84855200
vt -0.07364900 0.71168500
vt -0.05826300 0.71168500
vt -0.03759400 0.71168500
vt -0.01692500 0.71168500
vt -0.07364900 0.61003400
vt -0.05826300 0.61003400
vt -0.03759400 0.61003400
vt -0.07364900 0.38759100
vt -0.05826300 0.38759100
vt -0.03759400 0.38759100
vt -0.01692500 0.38759100
vt -0.07364900 0.16514700
vt -0.05826300 0.16514700
vt -0.03759400 0.16514700
vt -0.01692500 0.16514700
vt 5.54709800 4.06386700
vt -0.10308200 3.19150300
vt 5.54809400 3.00000000
vt -0.10308200 2.12766900
vt 5.54709800 1.93613300
vt -0.10308200 1.06383400
vt -3.91375700 2.09035300
vt -0.00000000 1.06383400
vt -0.00000000 2.12766900
vt -2.85000000 2.09127100
vt -1.78624300 2.09035300
vt -0.00000000 3.19150300
vt -0.06650900 1.03120400
vt -0.01496800 0.62180400
vt -0.06650900 1.44060500
vt -0.01496800 1.44060500
vt -0.06650900 2.66880500
vt -0.01496800 2.66880500
vt -0.06650900 3.87147100
vt -0.01496800 3.48760600
vt -0.05154100 3.87147100
vt -0.01496800 3.87147100
vt -0.06650900 3.07820500
vt -0.05154100 3.07820500
vt -0.01496800 3.07820500
vt -0.05154100 3.48760600
vt -0.06650900 3.48760600
vt -0.06650900 1.85000500
vt -0.05154100 1.85000500
vt -0.01496800 1.85000500
vt -0.01496800 2.25940500
vt -0.05154100 2.25940500
vt -0.06650900 2.25940500
vt -0.05154100 1.03120400
vt -0.01496800 1.03120400
vt -0.05154100 1.44060500
vt -0.05154100 0.62180400
vt -0.06650900 0.62180400
vt -0.05154100 2.66880500
vt -5.05039600 -0.00000000
vt 0.07674600 0.51011300
vt 2.20039600 -2.85000000
vt -2.20039600 -2.85000000
vt -0.64960400 -0.00000000
vt 0.07674600 -0.51011300
vt 0.07674600 -0.51011300
vt -0.64960400 0.00000000
vt 2.85000000 -2.20039600
vt 2.80056700 -2.44904800
vt 0.08369400 -0.25505600
vt 0.08613400 0.00000000
vt 2.65978300 -2.65978300
vt 0.08369400 0.25505600
vt 2.44904800 -2.80056700
vt 0.07674600 0.51011300
vt -5.05039600 -0.00000000
vt 2.85000000 2.20039600
vt -0.64960400 0.00000000
vt 0.07674600 -0.51011300
vt 2.20039600 2.85000000
vt 0.08369400 -0.25505600
vt 2.44904800 2.80056700
vt 2.65978300 2.65978300
vt 0.08613400 -0.00000000
vt 0.08369400 0.25505600
vt 2.80056700 2.44904800
vt 0.83877800 2.86163100
vt 4.53899000 2.45683800
vt 0.83877800 4.88559300
vt 4.53899000 4.07600800
vt 3.52988700 2.45683800
vt 2.67351100 2.45683800
vt 1.75614500 2.45683800
vt 0.83877800 2.45683800
vt 1.75614500 2.86163100
vt 2.67351100 2.86163100
vt 3.52988700 2.86163100
vt 4.53899000 2.86163100
vt 4.53899000 3.26642300
vt 3.52988700 3.26642300
vt 2.67351100 3.26642300
vt 1.75614500 3.26642300
vt 0.83877800 3.26642300
vt 3.52988700 4.07600800
vt 2.67351100 4.07600800
vt 1.75614500 4.07600800
vt 0.83877800 4.07600800
vt 1.75614500 4.88559300
vt 2.67351100 4.88559300
vt 3.52988700 4.88559300
vt 4.53899000 4.88559300
vt 0.08369400 -0.25505600
vt -2.44904800 -2.80056700
vt -2.65978300 -2.65978300
vt 0.08613400 0.00000000
vt -2.80056700 -2.44904800
vt 0.08369400 0.25505600
vt 0.07674600 0.51011300
vt -5.05039600 0.00000000
vt -2.85000000 -2.20039600
vt -2.20039600 2.85000000
vt 0.07674600 0.51011300
vt -5.05039600 0.00000000
vt -2.44904800 2.80056700
vt 0.08369400 0.25505600
vt -2.65978300 2.65978300
vt 0.08613400 0.00000000
vt 0.08369400 -0.25505600
vt -2.80056700 2.44904800
vt -0.64960400 -0.00000000
vt 0.07674600 -0.51011300
vt -2.85000000 2.20039600
f 1/1/1 4/4/4 23/23/23
f 23/23/23 4/4/4 20/20/20
f 20/20/20 4/4/4 6/6/6
f 20/20/20 6/6/6 19/19/19
f 19/19/19 6/6/6 8/8/8
f 19/19/19 8/8/8 17/17/17
f 17/17/17 8/8/8 11/11/11
f 17/17/17 11/11/11 13/13/13
f 27/27/27 29/29/29 35/35/35
f 35/35/35 29/29/29 31/31/31
f 35/35/35 31/31/31 24/24/24
f 24/24/24 31/31/31 32/32/32
f 24/24/24 32/32/32 3/3/3
f 39/39/39 65/65/65 10/10/10
f 10/10/10 65/65/65 67/67/67
f 10/10/10 67/67/67 43/43/43
f 40/40/40 57/57/57 39/39/39
f 39/39/39 57/57/57 59/59/59
f 39/39/39 59/59/59 61/61/61
f 14/14/14 48/48/48 40/40/40
f 40/40/40 48/48/48 50/50/50
f 40/40/40 50/50/50 53/53/53
f 48/48/48 14/14/14 47/47/47
f 47/47/47 14/14/14 10/10/10
f 47/47/47 10/10/10 43/43/43
f 53/53/53 54/54/54 40/40/40
f 40/40/40 54/54/54 57/57/57
f 61/61/61 63/63/63 39/39/39
f 39/39/39 63/63/63 65/65/65
f 83/83/83 70/70/70 81/81/81
f 81/81/81 70/70/70 72/72/72
f 81/81/81 72/72/72 80/80/80
f 80/80/80 72/72/72 74/74/74
f 80/80/80 74/74/74 77/77/77
f 77/77/77 74/74/74 76/76/76
f 77/77/77 76/76/76 34/34/34
f 34/34/34 76/76/76 26/26/26
f 42/42/42 38/38/38 103/103/103
f 103/103/103 38/38/38 87/87/87
f 103/103/103 87/87/87 101/101/101
f 101/101/101 87/87/87 89/89/89
f 101/101/101 89/89/89 99/99/99
f 99/99/99 89/89/89 91/91/91
f 99/99/99 91/91/91 97/97/97
f 97/97/97 91/91/91 92/92/92
f 68/68/68 115/115/115 104/104/104
f 104/104/104 115/115/115 117/117/117
f 104/104/104 117/117/117 119/119/119
f 85/85/85 133/133/133 68/68/68
f 68/68/68 133/133/133 112/112/112
f 68/68/68 112/112/112 113/113/113
f 133/133/133 85/85/85 132/132/132
f 132/132/132 85/85/85 107/107/107
f 132/132/132 107/107/107 130/130/130
f 130/130/130 107/107/107 128/128/128
f 128/128/128 107/107/107 125/125/125
f 125/125/125 107/107/107 124/124/124
f 124/124/124 107/107/107 104/104/104
f 124/124/124 104/104/104 122/122/122
f 122/122/122 104/104/104 119/119/119
f 113/113/113 115/115/115 68/68/68
f 93/93/93 135/135/135 96/96/96
f 96/96/96 135/135/135 138/138/138
f 96/96/96 138/138/138 144/144/144
f 144/144/144 138/138/138 140/140/140
f 144/144/144 140/140/140 141/141/141
f 143/143/143 147/147/147 145/145/145
f 145/145/145 147/147/147 158/158/158
f 158/158/158 147/147/147 150/150/150
f 158/158/158 150/150/150 155/155/155
f 155/155/155 150/150/150 151/151/151
f 155/155/155 151/151/151 154/154/154
f 154/154/154 151/151/151 106/106/106
f 154/154/154 106/106/106 108/108/108
f 9/9/9 167/167/167 12/12/12
f 12/12/12 167/167/167 162/162/162
f 12/12/12 162/162/162 182/182/182
f 182/182/182 162/162/162 176/176/176
f 182/182/182 176/176/176 181/181/181
f 181/181/181 176/176/176 175/175/175
f 181/181/181 175/175/175 180/180/180
f 180/180/180 175/175/175 174/174/174
f 180/180/180 174/174/174 179/179/179
f 179/179/179 174/174/174 173/173/173
f 179/179/179 173/173/173 178/178/178
f 178/178/178 173/173/173 69/69/69
f 178/178/178 69/69/69 160/160/160
f 160/160/160 69/69/69 105/105/105
f 160/160/160 105/105/105 187/187/187
f 187/187/187 105/105/105 191/191/191
f 187/187/187 191/191/191 192/192/192
f 192/192/192 191/191/191 197/197/197
f 192/192/192 197/197/197 198/198/198
f 198/198/198 197/197/197 201/201/201
f 198/198/198 201/201/201 202/202/202
f 202/202/202 201/201/201 169/169/169
f 202/202/202 169/169/169 168/168/168
f 168/168/168 169/169/169 136/136/136
f 168/168/168 136/136/136 94/94/94
f 9/9/9 7/7/7 167/167/167
f 167/167/167 7/7/7 5/5/5
f 167/167/167 5/5/5 2/2/2
f 2/2/2 33/33/33 167/167/167
f 167/167/167 33/33/33 166/166/166
f 167/167/167 166/166/166 162/162/162
f 162/162/162 166/166/166 176/176/176
f 166/166/166 33/33/33 165/165/165
f 165/165/165 33/33/33 30/30/30
f 165/165/165 30/30/30 164/164/164
f 164/164/164 30/30/30 28/28/28
f 164/164/164 28/28/28 163/163/163
f 163/163/163 28/28/28 25/25/25
f 163/163/163 25/25/25 73/73/73
f 73/73/73 25/25/25 75/75/75
f 73/73/73 71/71/71 163/163/163
f 163/163/163 71/71/71 69/69/69
f 163/163/163 69/69/69 173/173/173
f 152/152/152 142/142/142 105/105/105
f 105/105/105 142/142/142 172/172/172
f 105/105/105 172/172/172 159/159/159
f 159/159/159 172/172/172 171/171/171
f 159/159/159 171/171/171 200/200/200
f 200/200/200 171/171/171 170/170/170
f 200/200/200 170/170/170 201/201/201
f 201/201/201 170/170/170 169/169/169
f 149/149/149 148/148/148 152/152/152
f 152/152/152 148/148/148 142/142/142
f 142/142/142 139/139/139 172/172/172
f 172/172/172 139/139/139 171/171/171
f 139/139/139 137/137/137 171/171/171
f 171/171/171 137/137/137 170/170/170
f 137/137/137 136/136/136 170/170/170
f 170/170/170 136/136/136 169/169/169
f 90/90/90 88/88/88 94/94/94
f 94/94/94 88/88/88 168/168/168
f 88/88/88 86/86/86 168/168/168
f 168/168/168 86/86/86 37/37/37
f 168/168/168 37/37/37 203/203/203
f 203/203/203 37/37/37 186/186/186
f 203/203/203 186/186/186 199/199/199
f 199/199/199 186/186/186 194/194/194
f 199/199/199 194/194/194 193/193/193
f 193/193/193 194/194/194 189/189/189
f 193/193/193 189/189/189 188/188/188
f 188/188/188 189/189/189 183/183/183
f 188/188/188 183/183/183 160/160/160
f 160/160/160 183/183/183 178/178/178
f 12/12/12 177/177/177 37/37/37
f 37/37/37 177/177/177 161/161/161
f 37/37/37 161/161/161 195/195/195
f 195/195/195 161/161/161 190/190/190
f 195/195/195 190/190/190 194/194/194
f 194/194/194 190/190/190 189/189/189
f 188/188/188 160/160/160 187/187/187
f 173/173/173 174/174/174 163/163/163
f 163/163/163 174/174/174 164/164/164
f 176/176/176 166/166/166 165/165/165
f 174/174/174 175/175/175 164/164/164
f 164/164/164 175/175/175 165/165/165
f 175/175/175 176/176/176 165/165/165
f 177/177/177 12/12/12 182/182/182
f 105/105/105 159/159/159 196/196/196
f 196/196/196 159/159/159 200/200/200
f 196/196/196 200/200/200 197/197/197
f 197/197/197 200/200/200 201/201/201
f 178/178/178 183/183/183 179/179/179
f 179/179/179 183/183/183 184/184/184
f 179/179/179 184/184/184 180/180/180
f 180/180/180 184/184/184 185/185/185
f 180/180/180 185/185/185 181/181/181
f 181/181/181 185/185/185 177/177/177
f 181/181/181 177/177/177 182/182/182
f 186/186/186 37/37/37 195/195/195
f 183/183/183 189/189/189 184/184/184
f 184/184/184 189/189/189 190/190/190
f 184/184/184 190/190/190 185/185/185
f 185/185/185 190/190/190 161/161/161
f 185/185/185 161/161/161 177/177/177
f 194/194/194 186/186/186 195/195/195
f 193/193/193 188/188/188 192/192/192
f 192/192/192 188/188/188 187/187/187
f 196/196/196 197/197/197 191/191/191
f 199/199/199 193/193/193 198/198/198
f 198/198/198 193/193/193 192/192/192
f 196/196/196 191/191/191 105/105/105
f 203/203/203 199/199/199 202/202/202
f 202/202/202 199/199/199 198/198/198
f 168/168/168 203/203/203 202/202/202
f 21/21/21 15/15/15 22/22/22
f 22/22/22 15/15/15 109/109/109
f 22/22/22 109/109/109 84/84/84
f 18/18/18 16/16/16 21/21/21
f 21/21/21 16/16/16 15/15/15
f 109/109/109 15/15/15 146/146/146
f 146/146/146 15/15/15 41/41/41
f 146/146/146 41/41/41 95/95/95
f 95/95/95 41/41/41 102/102/102
f 95/95/95 102/102/102 98/98/98
f 98/98/98 102/102/102 100/100/100
f 109/109/109 146/146/146 153/153/153
f 153/153/153 146/146/146 157/157/157
f 153/153/153 157/157/157 156/156/156
f 82/82/82 78/78/78 84/84/84
f 84/84/84 78/78/78 36/36/36
f 84/84/84 36/36/36 22/22/22
f 82/82/82 79/79/79 78/78/78
f 134/134/134 204/204/204 111/111/111
f 110/110/110 205/205/205 207/207/207
f 110/110/110 207/207/207 114/114/114
f 114/114/114 207/207/207 210/210/210
f 114/114/114 210/210/210 116/116/116
f 116/116/116 210/210/210 211/211/211
f 116/116/116 211/211/211 118/118/118
f 118/118/118 211/211/211 120/120/120
f 120/120/120 211/211/211 214/214/214
f 120/120/120 214/214/214 121/121/121
f 121/121/121 214/214/214 216/216/216
f 121/121/121 216/216/216 123/123/123
f 123/123/123 216/216/216 217/217/217
f 123/123/123 217/217/217 126/126/126
f 126/126/126 217/217/217 219/219/219
f 126/126/126 219/219/219 127/127/127
f 127/127/127 219/219/219 222/222/222
f 127/127/127 222/222/222 129/129/129
f 129/129/129 222/222/222 224/224/224
f 129/129/129 224/224/224 226/226/226
f 204/204/204 134/134/134 228/228/228
f 228/228/228 134/134/134 131/131/131
f 228/228/228 131/131/131 226/226/226
f 226/226/226 131/131/131 129/129/129
f 233/233/233 46/46/46 231/231/231
f 231/231/231 46/46/46 44/44/44
f 230/230/230 45/45/45 252/252/252
f 252/252/252 45/45/45 66/66/66
f 252/252/252 66/66/66 250/250/250
f 250/250/250 66/66/66 64/64/64
f 250/250/250 64/64/64 249/249/249
f 249/249/249 64/64/64 62/62/62
f 249/249/249 62/62/62 60/60/60
f 46/46/46 233/233/233 49/49/49
f 49/49/49 233/233/233 234/234/234
f 49/49/49 234/234/234 51/51/51
f 51/51/51 234/234/234 237/237/237
f 51/51/51 237/237/237 238/238/238
f 51/51/51 238/238/238 52/52/52
f 52/52/52 238/238/238 240/240/240
f 52/52/52 240/240/240 55/55/55
f 55/55/55 240/240/240 243/243/243
f 55/55/55 243/243/243 56/56/56
f 56/56/56 243/243/243 245/245/245
f 56/56/56 245/245/245 58/58/58
f 58/58/58 245/245/245 247/247/247
f 58/58/58 247/247/247 60/60/60
f 60/60/60 247/247/247 249/249/249
f 288/288/288 254/254/254 295/295/295
f 295/295/295 254/254/254 257/257/257
f 295/295/295 257/257/257 294/294/294
f 294/294/294 257/257/257 293/293/293
f 294/294/294 293/293/293 298/298/298
f 298/298/298 293/293/293 297/297/297
f 298/298/298 297/297/297 304/304/304
f 304/304/304 297/297/297 305/305/305
f 304/304/304 305/305/305 302/302/302
f 302/302/302 305/305/305 301/301/301
f 302/302/302 301/301/301 308/308/308
f 308/308/308 301/301/301 307/307/307
f 308/308/308 307/307/307 279/279/279
f 279/279/279 307/307/307 278/278/278
f 278/278/278 307/307/307 306/306/306
f 278/278/278 306/306/306 272/272/272
f 272/272/272 306/306/306 269/269/269
f 269/269/269 306/306/306 300/300/300
f 269/269/269 300/300/300 268/268/268
f 268/268/268 300/300/300 290/290/290
f 268/268/268 290/290/290 265/265/265
f 265/265/265 290/290/290 296/296/296
f 265/265/265 296/296/296 292/292/292
f 292/292/292 296/296/296 297/297/297
f 292/292/292 297/297/297 293/293/293
f 257/257/257 259/259/259 293/293/293
f 293/293/293 259/259/259 292/292/292
f 259/259/259 264/264/264 292/292/292
f 292/292/292 264/264/264 265/265/265
f 272/272/272 276/276/276 278/278/278
f 308/308/308 279/279/279 309/309/309
f 309/309/309 279/279/279 282/282/282
f 309/309/309 282/282/282 285/285/285
f 309/309/309 285/285/285 303/303/303
f 303/303/303 285/285/285 286/286/286
f 303/303/303 286/286/286 291/291/291
f 291/291/291 286/286/286 288/288/288
f 291/291/291 288/288/288 299/299/299
f 299/299/299 288/288/288 295/295/295
f 299/299/299 295/295/295 294/294/294
f 299/299/299 294/294/294 298/298/298
f 305/305/305 297/297/297 296/296/296
f 291/291/291 299/299/299 298/298/298
f 291/291/291 298/298/298 304/304/304
f 300/300/300 301/301/301 290/290/290
f 290/290/290 301/301/301 305/305/305
f 290/290/290 305/305/305 296/296/296
f 306/306/306 307/307/307 300/300/300
f 300/300/300 307/307/307 301/301/301
f 291/291/291 304/304/304 303/303/303
f 303/303/303 304/304/304 302/302/302
f 303/303/303 302/302/302 309/309/309
f 309/309/309 302/302/302 308/308/308
f 331/331/331 261/261/261 342/342/342
f 342/342/342 261/261/261 260/260/260
f 342/342/342 260/260/260 341/341/341
f 341/341/341 260/260/260 340/340/340
f 341/341/341 340/340/340 345/345/345
f 345/345/345 340/340/340 344/344/344
f 345/345/345 344/344/344 351/351/351
f 351/351/351 344/344/344 352/352/352
f 351/351/351 352/352/352 349/349/349
f 349/349/349 352/352/352 348/348/348
f 349/349/349 348/348/348 357/357/357
f 357/357/357 348/348/348 358/358/358
f 357/357/357 358/358/358 355/355/355
f 355/355/355 358/358/358 354/354/354
f 355/355/355 354/354/354 359/359/359
f 359/359/359 354/354/354 360/360/360
f 359/359/359 360/360/360 321/321/321
f 321/321/321 360/360/360 320/320/320
f 320/320/320 360/360/360 333/333/333
f 320/320/320 333/333/333 316/316/316
f 316/316/316 333/333/333 314/314/314
f 314/314/314 333/333/333 353/353/353
f 314/314/314 353/353/353 335/335/335
f 335/335/335 353/353/353 354/354/354
f 335/335/335 354/354/354 358/358/358
f 260/260/260 258/258/258 340/340/340
f 340/340/340 258/258/258 339/339/339
f 340/340/340 339/339/339 344/344/344
f 344/344/344 339/339/339 343/343/343
f 344/344/344 343/343/343 352/352/352
f 352/352/352 343/343/343 337/337/337
f 352/352/352 337/337/337 348/348/348
f 348/348/348 337/337/337 347/347/347
f 348/348/348 347/347/347 358/358/358
f 358/358/358 347/347/347 335/335/335
f 258/258/258 255/255/255 339/339/339
f 339/339/339 255/255/255 311/311/311
f 339/339/339 311/311/311 343/343/343
f 343/343/343 311/311/311 337/337/337
f 311/311/311 312/312/312 337/337/337
f 337/337/337 312/312/312 347/347/347
f 347/347/347 312/312/312 335/335/335
f 335/335/335 312/312/312 314/314/314
f 359/359/359 321/321/321 334/334/334
f 334/334/334 321/321/321 323/323/323
f 334/334/334 323/323/323 327/327/327
f 329/329/329 336/336/336 327/327/327
f 327/327/327 336/336/336 356/356/356
f 327/327/327 356/356/356 334/334/334
f 334/334/334 356/356/356 355/355/355
f 334/334/334 355/355/355 359/359/359
f 331/331/331 338/338/338 329/329/329
f 329/329/329 338/338/338 350/350/350
f 329/329/329 350/350/350 336/336/336
f 336/336/336 350/350/350 349/349/349
f 336/336/336 349/349/349 357/357/357
f 338/338/338 331/331/331 346/346/346
f 346/346/346 331/331/331 342/342/342
f 346/346/346 342/342/342 341/341/341
f 346/346/346 341/341/341 345/345/345
f 338/338/338 346/346/346 345/345/345
f 338/338/338 345/345/345 351/351/351
f 338/338/338 351/351/351 350/350/350
f 350/350/350 351/351/351 349/349/349
f 360/360/360 354/354/354 353/353/353
f 333/333/333 360/360/360 353/353/353
f 336/336/336 357/357/357 356/356/356
f 356/356/356 357/357/357 355/355/355
f 389/389/389 361/361/361 394/394/394
f 394/394/394 361/361/361 365/365/365
f 394/394/394 365/365/365 393/393/393
f 393/393/393 365/365/365 392/392/392
f 393/393/393 392/392/392 397/397/397
f 397/397/397 392/392/392 396/396/396
f 397/397/397 396/396/396 401/401/401
f 401/401/401 396/396/396 400/400/400
f 401/401/401 400/400/400 404/404/404
f 404/404/404 400/400/400 403/403/403
f 404/404/404 403/403/403 408/408/408
f 408/408/408 403/403/403 407/407/407
f 408/408/408 407/407/407 319/319/319
f 319/319/319 407/407/407 322/322/322
f 322/322/322 407/407/407 406/406/406
f 322/322/322 406/406/406 383/383/383
f 383/383/383 406/406/406 380/380/380
f 380/380/380 406/406/406 402/402/402
f 380/380/380 402/402/402 379/379/379
f 379/379/379 402/402/402 376/376/376
f 376/376/376 402/402/402 399/399/399
f 376/376/376 399/399/399 374/374/374
f 374/374/374 399/399/399 395/395/395
f 374/374/374 395/395/395 373/373/373
f 373/373/373 395/395/395 391/391/391
f 373/373/373 391/391/391 368/368/368
f 368/368/368 391/391/391 366/366/366
f 366/366/366 391/391/391 392/392/392
f 366/366/366 392/392/392 365/365/365
f 383/383/383 326/326/326 322/322/322
f 408/408/408 319/319/319 409/409/409
f 409/409/409 319/319/319 317/317/317
f 409/409/409 317/317/317 385/385/385
f 409/409/409 385/385/385 405/405/405
f 405/405/405 385/385/385 386/386/386
f 405/405/405 386/386/386 390/390/390
f 390/390/390 386/386/386 389/389/389
f 390/390/390 389/389/389 398/398/398
f 398/398/398 389/389/389 394/394/394
f 398/398/398 394/394/394 393/393/393
f 396/396/396 392/392/392 391/391/391
f 398/398/398 393/393/393 397/397/397
f 400/400/400 396/396/396 395/395/395
f 395/395/395 396/396/396 391/391/391
f 390/390/390 398/398/398 397/397/397
f 390/390/390 397/397/397 401/401/401
f 403/403/403 400/400/400 399/399/399
f 399/399/399 400/400/400 395/395/395
f 405/405/405 390/390/390 401/401/401
f 405/405/405 401/401/401 404/404/404
f 407/407/407 403/403/403 402/402/402
f 402/402/402 403/403/403 399/399/399
f 406/406/406 407/407/407 402/402/402
f 409/409/409 405/405/405 404/404/404
f 409/409/409 404/404/404 408/408/408
f 367/367/367 442/442/442 369/369/369
f 369/369/369 442/442/442 440/440/440
f 369/369/369 440/440/440 431/431/431
f 431/431/431 440/440/440 445/445/445
f 431/431/431 445/445/445 438/438/438
f 438/438/438 445/445/445 444/444/444
f 438/438/438 444/444/444 459/459/459
f 459/459/459 444/444/444 443/443/443
f 459/459/459 443/443/443 437/437/437
f 437/437/437 443/443/443 413/413/413
f 437/437/437 413/413/413 453/453/453
f 453/453/453 413/413/413 448/448/448
f 453/453/453 448/448/448 449/449/449
f 449/449/449 448/448/448 456/456/456
f 449/449/449 456/456/456 436/436/436
f 436/436/436 456/456/456 455/455/455
f 436/436/436 455/455/455 427/427/427
f 427/427/427 455/455/455 434/434/434
f 427/427/427 434/434/434 423/423/423
f 423/423/423 434/434/434 421/421/421
f 421/421/421 434/434/434 457/457/457
f 421/421/421 457/457/457 420/420/420
f 420/420/420 457/457/457 458/458/458
f 420/420/420 458/458/458 433/433/433
f 433/433/433 458/458/458 457/457/457
f 433/433/433 457/457/457 454/454/454
f 454/454/454 457/457/457 434/434/434
f 454/454/454 434/434/434 455/455/455
f 442/442/442 367/367/367 441/441/441
f 441/441/441 367/367/367 364/364/364
f 441/441/441 364/364/364 439/439/439
f 439/439/439 364/364/364 363/363/363
f 439/439/439 363/363/363 411/411/411
f 413/413/413 443/443/443 411/411/411
f 411/411/411 443/443/443 447/447/447
f 411/411/411 447/447/447 439/439/439
f 439/439/439 447/447/447 446/446/446
f 439/439/439 446/446/446 441/441/441
f 441/441/441 446/446/446 440/440/440
f 441/441/441 440/440/440 442/442/442
f 448/448/448 413/413/413 435/435/435
f 435/435/435 413/413/413 414/414/414
f 435/435/435 414/414/414 433/433/433
f 433/433/433 414/414/414 420/420/420
f 414/414/414 418/418/418 420/420/420
f 427/427/427 429/429/429 436/436/436
f 436/436/436 429/429/429 450/450/450
f 436/436/436 450/450/450 449/449/449
f 449/449/449 450/450/450 452/452/452
f 449/449/449 452/452/452 453/453/453
f 453/453/453 452/452/452 437/437/437
f 431/431/431 438/438/438 429/429/429
f 429/429/429 438/438/438 451/451/451
f 429/429/429 451/451/451 450/450/450
f 450/450/450 451/451/451 452/452/452
f 446/446/446 447/447/447 444/444/444
f 444/444/444 447/447/447 443/443/443
f 440/440/440 446/446/446 445/445/445
f 445/445/445 446/446/446 444/444/444
f 438/438/438 459/459/459 451/451/451
f 451/451/451 459/459/459 452/452/452
f 459/459/459 437/437/437 452/452/452
f 433/433/433 454/454/454 435/435/435
f 435/435/435 454/454/454 456/456/456
f 435/435/435 456/456/456 448/448/448
f 454/454/454 455/455/455 456/456/456
f 487/487/487 461/461/461 494/494/494
f 494/494/494 461/461/461 464/464/464
f 494/494/494 464/464/464 493/493/493
f 493/493/493 464/464/464 492/492/492
f 493/493/493 492/492/492 499/499/499
f 499/499/499 492/492/492 500/500/500
f 499/499/499 500/500/500 497/497/497
f 497/497/497 500/500/500 496/496/496
f 497/497/497 496/496/496 504/504/504
f 504/504/504 496/496/496 503/503/503
f 504/504/504 503/503/503 507/507/507
f 507/507/507 503/503/503 506/506/506
f 507/507/507 506/506/506 511/511/511
f 511/511/511 506/506/506 510/510/510
f 511/511/511 510/510/510 419/419/419
f 419/419/419 510/510/510 422/422/422
f 422/422/422 510/510/510 509/509/509
f 422/422/422 509/509/509 481/481/481
f 481/481/481 509/509/509 479/479/479
f 479/479/479 509/509/509 505/505/505
f 479/479/479 505/505/505 478/478/478
f 478/478/478 505/505/505 502/502/502
f 478/478/478 502/502/502 476/476/476
f 476/476/476 502/502/502 495/495/495
f 476/476/476 495/495/495 474/474/474
f 474/474/474 495/495/495 501/501/501
f 474/474/474 501/501/501 491/491/491
f 491/491/491 501/501/501 500/500/500
f 491/491/491 500/500/500 492/492/492
f 464/464/464 466/466/466 492/492/492
f 492/492/492 466/466/466 491/491/491
f 467/467/467 472/472/472 466/466/466
f 466/466/466 472/472/472 491/491/491
f 472/472/472 474/474/474 491/491/491
f 481/481/481 424/424/424 422/422/422
f 511/511/511 419/419/419 512/512/512
f 512/512/512 419/419/419 416/416/416
f 512/512/512 416/416/416 484/484/484
f 486/486/486 489/489/489 484/484/484
f 484/484/484 489/489/489 508/508/508
f 484/484/484 508/508/508 512/512/512
f 512/512/512 508/508/508 507/507/507
f 512/512/512 507/507/507 511/511/511
f 489/489/489 486/486/486 490/490/490
f 490/490/490 486/486/486 487/487/487
f 490/490/490 487/487/487 498/498/498
f 498/498/498 487/487/487 494/494/494
f 498/498/498 494/494/494 493/493/493
f 498/498/498 493/493/493 499/499/499
f 500/500/500 501/501/501 496/496/496
f 496/496/496 501/501/501 495/495/495
f 496/496/496 495/495/495 503/503/503
f 503/503/503 495/495/495 502/502/502
f 503/503/503 502/502/502 506/506/506
f 506/506/506 502/502/502 505/505/505
f 506/506/506 505/505/505 510/510/510
f 510/510/510 505/505/505 509/509/509
f 498/498/498 499/499/499 490/490/490
f 490/490/490 499/499/499 497/497/497
f 490/490/490 497/497/497 489/489/489
f 489/489/489 497/497/497 504/504/504
f 489/489/489 504/504/504 508/508/508
f 508/508/508 504/504/504 507/507/507
f 534/534/534 468/468/468 545/545/545
f 545/545/545 468/468/468 465/465/465
f 545/545/545 465/465/465 544/544/544
f 544/544/544 465/465/465 543/543/543
f 544/544/544 543/543/543 548/548/548
f 548/548/548 543/543/543 547/547/547
f 548/548/548 547/547/547 554/554/554
f 554/554/554 547/547/547 555/555/555
f 554/554/554 555/555/555 552/552/552
f 552/552/552 555/555/555 551/551/551
f 552/552/552 551/551/551 560/560/560
f 560/560/560 551/551/551 561/561/561
f 560/560/560 561/561/561 558/558/558
f 558/558/558 561/561/561 557/557/557
f 558/558/558 557/557/557 562/562/562
f 562/562/562 557/557/557 563/563/563
f 562/562/562 563/563/563 524/524/524
f 524/524/524 563/563/563 523/523/523
f 523/523/523 563/563/563 536/536/536
f 523/523/523 536/536/536 519/519/519
f 519/519/519 536/536/536 517/517/517
f 517/517/517 536/536/536 556/556/556
f 517/517/517 556/556/556 538/538/538
f 538/538/538 556/556/556 557/557/557
f 538/538/538 557/557/557 561/561/561
f 465/465/465 463/463/463 543/543/543
f 543/543/543 463/463/463 542/542/542
f 543/543/543 542/542/542 547/547/547
f 547/547/547 542/542/542 546/546/546
f 547/547/547 546/546/546 555/555/555
f 555/555/555 546/546/546 540/540/540
f 555/555/555 540/540/540 551/551/551
f 551/551/551 540/540/540 550/550/550
f 551/551/551 550/550/550 561/561/561
f 561/561/561 550/550/550 538/538/538
f 463/463/463 460/460/460 542/542/542
f 542/542/542 460/460/460 514/514/514
f 542/542/542 514/514/514 546/546/546
f 546/546/546 514/514/514 540/540/540
f 514/514/514 515/515/515 540/540/540
f 540/540/540 515/515/515 550/550/550
f 550/550/550 515/515/515 538/538/538
f 538/538/538 515/515/515 517/517/517
f 562/562/562 524/524/524 537/537/537
f 537/537/537 524/524/524 526/526/526
f 537/537/537 526/526/526 530/530/530
f 532/532/532 539/539/539 530/530/530
f 530/530/530 539/539/539 559/559/559
f 530/530/530 559/559/559 537/537/537
f 537/537/537 559/559/559 558/558/558
f 537/537/537 558/558/558 562/562/562
f 534/534/534 541/541/541 532/532/532
f 532/532/532 541/541/541 553/553/553
f 532/532/532 553/553/553 539/539/539
f 539/539/539 553/553/553 552/552/552
f 539/539/539 552/552/552 560/560/560
f 541/541/541 534/534/534 549/549/549
f 549/549/549 534/534/534 545/545/545
f 549/549/549 545/545/545 544/544/544
f 549/549/549 544/544/544 548/548/548
f 541/541/541 549/549/549 548/548/548
f 541/541/541 548/548/548 554/554/554
f 541/541/541 554/554/554 553/553/553
f 553/553/553 554/554/554 552/552/552
f 563/563/563 557/557/557 556/556/556
f 536/536/536 563/563/563 556/556/556
f 539/539/539 560/560/560 559/559/559
f 559/559/559 560/560/560 558/558/558
f 591/591/591 565/565/565 597/597/597
f 597/597/597 565/565/565 567/567/567
f 597/597/597 567/567/567 596/596/596
f 596/596/596 567/567/567 595/595/595
f 596/596/596 595/595/595 600/600/600
f 600/600/600 595/595/595 599/599/599
f 600/600/600 599/599/599 604/604/604
f 604/604/604 599/599/599 603/603/603
f 604/604/604 603/603/603 607/607/607
f 607/607/607 603/603/603 606/606/606
f 607/607/607 606/606/606 611/611/611
f 611/611/611 606/606/606 610/610/610
f 611/611/611 610/610/610 522/522/522
f 522/522/522 610/610/610 525/525/525
f 525/525/525 610/610/610 609/609/609
f 525/525/525 609/609/609 586/586/586
f 586/586/586 609/609/609 583/583/583
f 583/583/583 609/609/609 605/605/605
f 583/583/583 605/605/605 582/582/582
f 582/582/582 605/605/605 580/580/580
f 580/580/580 605/605/605 602/602/602
f 580/580/580 602/602/602 578/578/578
f 578/578/578 602/602/602 598/598/598
f 578/578/578 598/598/598 576/576/576
f 576/576/576 598/598/598 594/594/594
f 576/576/576 594/594/594 572/572/572
f 572/572/572 594/594/594 569/569/569
f 569/569/569 594/594/594 595/595/595
f 569/569/569 595/595/595 567/567/567
f 586/586/586 529/529/529 525/525/525
f 611/611/611 522/522/522 612/612/612
f 612/612/612 522/522/522 521/521/521
f 612/612/612 521/521/521 588/588/588
f 612/612/612 588/588/588 608/608/608
f 608/608/608 588/588/588 590/590/590
f 608/608/608 590/590/590 593/593/593
f 593/593/593 590/590/590 591/591/591
f 593/593/593 591/591/591 601/601/601
f 601/601/601 591/591/591 597/597/597
f 601/601/601 597/597/597 596/596/596
f 599/599/599 595/595/595 594/594/594
f 601/601/601 596/596/596 600/600/600
f 603/603/603 599/599/599 598/598/598
f 598/598/598 599/599/599 594/594/594
f 593/593/593 601/601/601 600/600/600
f 593/593/593 600/600/600 604/604/604
f 606/606/606 603/603/603 602/602/602
f 602/602/602 603/603/603 598/598/598
f 608/608/608 593/593/593 604/604/604
f 608/608/608 604/604/604 607/607/607
f 610/610/610 606/606/606 605/605/605
f 605/605/605 606/606/606 602/602/602
f 609/609/609 610/610/610 605/605/605
f 612/612/612 608/608/608 607/607/607
f 612/612/612 607/607/607 611/611/611
f 570/570/570 634/634/634 573/573/573
f 573/573/573 634/634/634 632/632/632
f 573/573/573 632/632/632 624/624/624
f 624/624/624 632/632/632 637/637/637
f 624/624/624 637/637/637 630/630/630
f 630/630/630 637/637/637 636/636/636
f 630/630/630 636/636/636 651/651/651
f 651/651/651 636/636/636 635/635/635
f 651/651/651 635/635/635 629/629/629
f 629/629/629 635/635/635 616/616/616
f 629/629/629 616/616/616 645/645/645
f 645/645/645 616/616/616 640/640/640
f 645/645/645 640/640/640 641/641/641
f 641/641/641 640/640/640 648/648/648
f 641/641/641 648/648/648 628/628/628
f 628/628/628 648/648/648 647/647/647
f 628/628/628 647/647/647 620/620/620
f 620/620/620 647/647/647 626/626/626
f 620/620/620 626/626/626 273/273/273
f 273/273/273 626/626/626 277/277/277
f 277/277/277 626/626/626 649/649/649
f 277/277/277 649/649/649 280/280/280
f 280/280/280 649/649/649 650/650/650
f 280/280/280 650/650/650 625/625/625
f 625/625/625 650/650/650 649/649/649
f 625/625/625 649/649/649 646/646/646
f 646/646/646 649/649/649 626/626/626
f 646/646/646 626/626/626 647/647/647
f 634/634/634 570/570/570 633/633/633
f 633/633/633 570/570/570 568/568/568
f 633/633/633 568/568/568 631/631/631
f 631/631/631 568/568/568 566/566/566
f 631/631/631 566/566/566 614/614/614
f 616/616/616 635/635/635 614/614/614
f 614/614/614 635/635/635 639/639/639
f 614/614/614 639/639/639 631/631/631
f 631/631/631 639/639/639 638/638/638
f 631/631/631 638/638/638 633/633/633
f 633/633/633 638/638/638 632/632/632
f 633/633/633 632/632/632 634/634/634
f 640/640/640 616/616/616 627/627/627
f 627/627/627 616/616/616 618/618/618
f 627/627/627 618/618/618 625/625/625
f 625/625/625 618/618/618 280/280/280
f 618/618/618 283/283/283 280/280/280
f 620/620/620 621/621/621 628/628/628
f 628/628/628 621/621/621 642/642/642
f 628/628/628 642/642/642 641/641/641
f 641/641/641 642/642/642 644/644/644
f 641/641/641 644/644/644 645/645/645
f 645/645/645 644/644/644 629/629/629
f 624/624/624 630/630/630 621/621/621
f 621/621/621 630/630/630 643/643/643
f 621/621/621 643/643/643 642/642/642
f 642/642/642 643/643/643 644/644/644
f 638/638/638 639/639/639 636/636/636
f 636/636/636 639/639/639 635/635/635
f 632/632/632 638/638/638 637/637/637
f 637/637/637 638/638/638 636/636/636
f 630/630/630 651/651/651 643/643/643
f 643/643/643 651/651/651 644/644/644
f 651/651/651 629/629/629 644/644/644
f 625/625/625 646/646/646 627/627/627
f 627/627/627 646/646/646 648/648/648
f 627/627/627 648/648/648 640/640/640
f 646/646/646 647/647/647 648/648/648
f 469/469/469 535/535/535 656/656/656
f 656/656/656 535/535/535 533/533/533
f 656/656/656 533/533/533 652/652/652
f 652/652/652 533/533/533 531/531/531
f 652/652/652 531/531/531 528/528/528
f 527/527/527 585/585/585 653/653/653
f 653/653/653 585/585/585 665/665/665
f 665/665/665 585/585/585 584/584/584
f 665/665/665 584/584/584 581/581/581
f 665/665/665 581/581/581 663/663/663
f 663/663/663 581/581/581 579/579/579
f 663/663/663 579/579/579 662/662/662
f 662/662/662 579/579/579 577/577/577
f 662/662/662 577/577/577 575/575/575
f 571/571/571 658/658/658 575/575/575
f 575/575/575 658/658/658 662/662/662
f 574/574/574 623/623/623 659/659/659
f 659/659/659 623/623/623 227/227/227
f 659/659/659 227/227/227 225/225/225
f 623/623/623 622/622/622 227/227/227
f 227/227/227 622/622/622 206/206/206
f 206/206/206 622/622/622 208/208/208
f 208/208/208 622/622/622 619/619/619
f 208/208/208 619/619/619 209/209/209
f 209/209/209 619/619/619 212/212/212
f 212/212/212 619/619/619 274/274/274
f 212/212/212 274/274/274 213/213/213
f 213/213/213 274/274/274 215/215/215
f 215/215/215 274/274/274 218/218/218
f 218/218/218 274/274/274 668/668/668
f 218/218/218 668/668/668 220/220/220
f 220/220/220 668/668/668 221/221/221
f 221/221/221 668/668/668 223/223/223
f 223/223/223 668/668/668 225/225/225
f 225/225/225 668/668/668 659/659/659
f 275/275/275 271/271/271 667/667/667
f 667/667/667 271/271/271 677/677/677
f 677/677/677 271/271/271 270/270/270
f 677/677/677 270/270/270 676/676/676
f 676/676/676 270/270/270 267/267/267
f 676/676/676 267/267/267 673/673/673
f 673/673/673 267/267/267 266/266/266
f 673/673/673 266/266/266 671/671/671
f 671/671/671 266/266/266 263/263/263
f 289/289/289 281/281/281 256/256/256
f 256/256/256 281/281/281 680/680/680
f 256/256/256 680/680/680 310/310/310
f 310/310/310 680/680/680 683/683/683
f 310/310/310 683/683/683 313/313/313
f 313/313/313 683/683/683 684/684/684
f 313/313/313 684/684/684 315/315/315
f 315/315/315 684/684/684 685/685/685
f 315/315/315 685/685/685 686/686/686
f 686/686/686 685/685/685 679/679/679
f 686/686/686 679/679/679 410/410/410
f 410/410/410 679/679/679 412/412/412
f 412/412/412 679/679/679 695/695/695
f 412/412/412 695/695/695 415/415/415
f 415/415/415 695/695/695 699/699/699
f 415/415/415 699/699/699 681/681/681
f 681/681/681 699/699/699 698/698/698
f 681/681/681 698/698/698 700/700/700
f 700/700/700 698/698/698 697/697/697
f 700/700/700 697/697/697 701/701/701
f 701/701/701 697/697/697 696/696/696
f 701/701/701 696/696/696 702/702/702
f 702/702/702 696/696/696 682/682/682
f 702/702/702 682/682/682 703/703/703
f 703/703/703 682/682/682 564/564/564
f 703/703/703 564/564/564 592/592/592
f 289/289/289 287/287/287 281/281/281
f 281/281/281 287/287/287 284/284/284
f 281/281/281 617/617/617 680/680/680
f 680/680/680 617/617/617 615/615/615
f 680/680/680 615/615/615 690/690/690
f 690/690/690 615/615/615 691/691/691
f 690/690/690 691/691/691 692/692/692
f 692/692/692 691/691/691 696/696/696
f 692/692/692 696/696/696 697/697/697
f 615/615/615 613/613/613 691/691/691
f 691/691/691 613/613/613 682/682/682
f 691/691/691 682/682/682 696/696/696
f 613/613/613 564/564/564 682/682/682
f 592/592/592 589/589/589 703/703/703
f 703/703/703 589/589/589 587/587/587
f 703/703/703 587/587/587 520/520/520
f 520/520/520 518/518/518 703/703/703
f 703/703/703 518/518/518 702/702/702
f 518/518/518 516/516/516 702/702/702
f 702/702/702 516/516/516 701/701/701
f 516/516/516 513/513/513 701/701/701
f 701/701/701 513/513/513 700/700/700
f 700/700/700 513/513/513 681/681/681
f 681/681/681 513/513/513 462/462/462
f 681/681/681 462/462/462 488/488/488
f 488/488/488 485/485/485 681/681/681
f 681/681/681 485/485/485 483/483/483
f 681/681/681 483/483/483 417/417/417
f 417/417/417 415/415/415 681/681/681
f 410/410/410 362/362/362 686/686/686
f 686/686/686 362/362/362 318/318/318
f 686/686/686 318/318/318 315/315/315
f 388/388/388 387/387/387 362/362/362
f 362/362/362 387/387/387 384/384/384
f 362/362/362 384/384/384 318/318/318
f 683/683/683 680/680/680 689/689/689
f 689/689/689 680/680/680 690/690/690
f 689/689/689 690/690/690 692/692/692
f 684/684/684 683/683/683 688/688/688
f 688/688/688 683/683/683 689/689/689
f 688/688/688 689/689/689 693/693/693
f 693/693/693 689/689/689 692/692/692
f 693/693/693 692/692/692 697/697/697
f 685/685/685 684/684/684 687/687/687
f 687/687/687 684/684/684 688/688/688
f 687/687/687 688/688/688 694/694/694
f 694/694/694 688/688/688 693/693/693
f 694/694/694 693/693/693 698/698/698
f 698/698/698 693/693/693 697/697/697
f 679/679/679 687/687/687 695/695/695
f 695/695/695 687/687/687 694/694/694
f 695/695/695 694/694/694 699/699/699
f 699/699/699 694/694/694 698/698/698
f 687/687/687 679/679/679 685/685/685
f 425/425/425 482/482/482 710/710/710
f 710/710/710 482/482/482 709/709/709
f 709/709/709 482/482/482 480/480/480
f 709/709/709 480/480/480 477/477/477
f 709/709/709 477/477/477 707/707/707
f 707/707/707 477/477/477 475/475/475
f 707/707/707 475/475/475 704/704/704
f 704/704/704 475/475/475 473/473/473
f 704/704/704 473/473/473 471/471/471
f 470/470/470 657/657/657 471/471/471
f 471/471/471 657/657/657 704/704/704
f 708/708/708 705/705/705 712/712/712
f 712/712/712 705/705/705 655/655/655
f 712/712/712 655/655/655 654/654/654
f 708/708/708 706/706/706 705/705/705
f 666/666/666 660/660/660 654/654/654
f 654/654/654 660/660/660 724/724/724
f 654/654/654 724/724/724 712/712/712
f 664/664/664 661/661/661 666/666/666
f 666/666/666 661/661/661 660/660/660
f 724/724/724 660/660/660 713/713/713
f 713/713/713 660/660/660 669/669/669
f 713/713/713 669/669/669 672/672/672
f 672/672/672 669/669/669 678/678/678
f 672/672/672 678/678/678 674/674/674
f 674/674/674 678/678/678 675/675/675
f 724/724/724 713/713/713 721/721/721
f 721/721/721 713/713/713 716/716/716
f 721/721/721 716/716/716 718/718/718
f 262/262/262 332/332/332 670/670/670
f 670/670/670 332/332/332 330/330/330
f 670/670/670 330/330/330 715/715/715
f 715/715/715 330/330/330 328/328/328
f 715/715/715 328/328/328 324/324/324
f 325/325/325 382/382/382 714/714/714
f 714/714/714 382/382/382 717/717/717
f 717/717/717 382/382/382 381/381/381
f 717/717/717 381/381/381 378/378/378
f 717/717/717 378/378/378 719/719/719
f 719/719/719 378/378/378 377/377/377
f 719/719/719 377/377/377 720/720/720
f 720/720/720 377/377/377 375/375/375
f 720/720/720 375/375/375 372/372/372
f 370/370/370 723/723/723 372/372/372
f 372/372/372 723/723/723 720/720/720
f 432/432/432 248/248/248 371/371/371
f 371/371/371 248/248/248 246/246/246
f 371/371/371 246/246/246 244/244/244
f 430/430/430 253/253/253 432/432/432
f 432/432/432 253/253/253 251/251/251
f 432/432/432 251/251/251 248/248/248
f 428/428/428 232/232/232 430/430/430
f 430/430/430 232/232/232 229/229/229
f 430/430/430 229/229/229 253/253/253
f 426/426/426 711/711/711 428/428/428
f 428/428/428 711/711/711 232/232/232
f 232/232/232 711/711/711 235/235/235
f 235/235/235 711/711/711 722/722/722
f 235/235/235 722/722/722 236/236/236
f 236/236/236 722/722/722 239/239/239
f 239/239/239 722/722/722 241/241/241
f 241/241/241 722/722/722 242/242/242
f 242/242/242 722/722/722 371/371/371
f 242/242/242 371/371/371 244/244/244

