mtllib material.mtl
usemtl Opaque(38,83,134)
v 0.02709200 0.00278300 0.04142800
v 0.02709200 0.00278300 0.04142800
v 0.02709200 0.00278300 0.04142800
v 0.02748300 0.00268900 0.04105600
v 0.02748300 0.00268900 0.04105600
v 0.02770800 0.00243900 0.04060300
v 0.02770800 0.00243900 0.04060300
v 0.02770600 0.00172200 0.03973400
v 0.02770600 0.00172200 0.03973400
v 0.02770600 0.00172200 0.03973400
v 0.02770600 -0.02115700 0.03973400
v 0.02770600 -0.02115700 0.03973400
v 0.02770600 -0.02115700 0.03973400
v 0.02770800 -0.02187300 0.04060300
v 0.02770800 -0.02187300 0.04060300
v 0.02748300 -0.02212300 0.04105600
v 0.02748300 -0.02212300 0.04105600
v 0.02709200 -0.02221700 0.04142800
v 0.02709200 -0.02221700 0.04142800
v 0.02709200 -0.02221700 0.04142800
v 0.02754000 -0.00971700 0.04097200
v 0.02775800 -0.00971700 0.04037100
v 0.02648200 -0.00224100 0.03573200
v 0.02648200 -0.00224100 0.03573200
v 0.02648200 -0.00224100 0.03573200
v 0.02648200 -0.01719300 0.03573200
v 0.02648200 -0.01719300 0.03573200
v 0.02648200 -0.01719300 0.03573200
v 0.02707100 -0.01909600 0.03765800
v 0.02707100 -0.01909600 0.03765800
v 0.02698600 -0.01621700 0.03411700
v 0.02698600 -0.01621700 0.03411700
v 0.02698600 -0.01621700 0.03411700
v 0.02664900 -0.01630500 0.03449200
v 0.02664900 -0.01630500 0.03449200
v 0.02646300 -0.01653500 0.03492500
v 0.02646300 -0.01653500 0.03492500
v 0.02646300 -0.00289900 0.03492500
v 0.02646300 -0.00289900 0.03492500
v 0.02664900 -0.00312900 0.03449200
v 0.02664900 -0.00312900 0.03449200
v 0.02698600 -0.00321700 0.03411700
v 0.02698600 -0.00321700 0.03411700
v 0.02698600 -0.00321700 0.03411700
v 0.02660200 -0.00971700 0.03457200
v 0.02642500 -0.00971700 0.03514000
v 0.02954500 -0.00321700 0.03192700
v 0.02954500 -0.00321700 0.03192700
v 0.03192700 -0.00321700 0.02954500
v 0.03192700 -0.00321700 0.02954500
v 0.03411700 -0.00321700 0.02698600
v 0.03411700 -0.00321700 0.02698600
v 0.03411700 -0.00321700 0.02698600
v 0.03411700 -0.01621700 0.02698600
v 0.03411700 -0.01621700 0.02698600
v 0.03411700 -0.01621700 0.02698600
v 0.03192700 -0.01621700 0.02954500
v 0.03192700 -0.01621700 0.02954500
v 0.02954500 -0.01621700 0.03192700
v 0.02954500 -0.01621700 0.03192700
v 0.00000000 0.00778300 -0.05450000
v 0.00000000 0.00778300 -0.05450000
v 0.00000000 0.00778300 -0.05450000
v -0.00644600 0.00778300 -0.05411700
v -0.00644600 0.00778300 -0.05411700
v -0.01280100 0.00778300 -0.05297500
v -0.01280100 0.00778300 -0.05297500
v -0.01897700 0.00778300 -0.05108900
v -0.01897700 0.00778300 -0.05108900
v -0.02488600 0.00778300 -0.04848600
v -0.02488600 0.00778300 -0.04848600
v -0.03044600 0.00778300 -0.04520300
v -0.03044600 0.00778300 -0.04520300
v -0.03557900 0.00778300 -0.04128400
v -0.03557900 0.00778300 -0.04128400
v -0.04021200 0.00778300 -0.03678700
v -0.04021200 0.00778300 -0.03678700
v -0.04428100 0.00778300 -0.03177200
v -0.04428100 0.00778300 -0.03177200
v -0.04772800 0.00778300 -0.02631200
v -0.04772800 0.00778300 -0.02631200
v -0.05050500 0.00778300 -0.02048300
v -0.05050500 0.00778300 -0.02048300
v -0.05257300 0.00778300 -0.01436600
v -0.05257300 0.00778300 -0.01436600
v -0.05390300 0.00778300 -0.00804700
v -0.05390300 0.00778300 -0.00804700
v -0.05447600 0.00778300 -0.00161500
v -0.05447600 0.00778300 -0.00161500
v -0.05428500 0.00778300 0.00483900
v -0.05428500 0.00778300 0.00483900
v -0.05333100 0.00778300 0.01122600
v -0.05333100 0.00778300 0.01122600
v -0.05162900 0.00778300 0.01745500
v -0.05162900 0.00778300 0.01745500
v -0.04920200 0.00778300 0.02343900
v -0.04920200 0.00778300 0.02343900
v -0.04608500 0.00778300 0.02909300
v -0.04608500 0.00778300 0.02909300
v -0.04232100 0.00778300 0.03434000
v -0.04232100 0.00778300 0.03434000
v -0.03796200 0.00778300 0.03910400
v -0.03796200 0.00778300 0.03910400
v -0.03307100 0.00778300 0.04332000
v -0.03307100 0.00778300 0.04332000
v -0.02771500 0.00778300 0.04692700
v -0.02771500 0.00778300 0.04692700
v -0.02197000 0.00778300 0.04987500
v -0.02197000 0.00778300 0.04987500
v -0.01591700 0.00778300 0.05212400
v -0.01591700 0.00778300 0.05212400
v -0.00964100 0.00778300 0.05364100
v -0.00964100 0.00778300 0.05364100
v -0.00322900 0.00778300 0.05440400
v -0.00322900 0.00778300 0.05440400
v 0.00322900 0.00778300 0.05440400
v 0.00322900 0.00778300 0.05440400
v 0.00964100 0.00778300 0.05364100
v 0.00964100 0.00778300 0.05364100
v 0.01591700 0.00778300 0.05212400
v 0.01591700 0.00778300 0.05212400
v 0.02197000 0.00778300 0.04987500
v 0.02197000 0.00778300 0.04987500
v 0.02771500 0.00778300 0.04692700
v 0.02771500 0.00778300 0.04692700
v 0.03307100 0.00778300 0.04332000
v 0.03307100 0.00778300 0.04332000
v 0.03796200 0.00778300 0.03910400
v 0.03796200 0.00778300 0.03910400
v 0.04232100 0.00778300 0.03434000
v 0.04232100 0.00778300 0.03434000
v 0.04608500 0.00778300 0.02909300
v 0.04608500 0.00778300 0.02909300
v 0.04920200 0.00778300 0.02343900
v 0.04920200 0.00778300 0.02343900
v 0.05162900 0.00778300 0.01745500
v 0.05162900 0.00778300 0.01745500
v 0.05333100 0.00778300 0.01122600
v 0.05333100 0.00778300 0.01122600
v 0.05428500 0.00778300 0.00483900
v 0.05428500 0.00778300 0.00483900
v 0.05447600 0.00778300 -0.00161500
v 0.05447600 0.00778300 -0.00161500
v 0.05390300 0.00778300 -0.00804700
v 0.05390300 0.00778300 -0.00804700
v 0.05257300 0.00778300 -0.01436600
v 0.05257300 0.00778300 -0.01436600
v 0.05050500 0.00778300 -0.02048300
v 0.05050500 0.00778300 -0.02048300
v 0.04772800 0.00778300 -0.02631200
v 0.04772800 0.00778300 -0.02631200
v 0.04428100 0.00778300 -0.03177200
v 0.04428100 0.00778300 -0.03177200
v 0.04021200 0.00778300 -0.03678700
v 0.04021200 0.00778300 -0.03678700
v 0.03557900 0.00778300 -0.04128400
v 0.03557900 0.00778300 -0.04128400
v 0.03044600 0.00778300 -0.04520300
v 0.03044600 0.00778300 -0.04520300
v 0.02488600 0.00778300 -0.04848600
v 0.02488600 0.00778300 -0.04848600
v 0.01897700 0.00778300 -0.05108900
v 0.01897700 0.00778300 -0.05108900
v 0.01280100 0.00778300 -0.05297500
v 0.01280100 0.00778300 -0.05297500
v 0.00644600 0.00778300 -0.05411700
v 0.00644600 0.00778300 -0.05411700
v -0.00504300 -0.00321700 -0.04320700
v -0.00504300 -0.00321700 -0.04320700
v -0.00504300 -0.00321700 -0.04320700
v -0.00168400 -0.00321700 -0.04346700
v -0.00168400 -0.00321700 -0.04346700
v -0.00168400 -0.00321700 -0.04346700
v 0.00168400 -0.00321700 -0.04346700
v 0.00168400 -0.00321700 -0.04346700
v 0.00504300 -0.00321700 -0.04320700
v 0.00504300 -0.00321700 -0.04320700
v 0.00504300 -0.00321700 -0.04320700
v 0.00554600 -0.00312900 -0.04323300
v 0.00554600 -0.00312900 -0.04323300
v 0.00598400 -0.00289900 -0.04340800
v 0.00598400 -0.00289900 -0.04340800
v 0.00654100 -0.00224100 -0.04399200
v 0.00654100 -0.00224100 -0.04399200
v 0.00654100 -0.00224100 -0.04399200
v 0.00850500 0.00172200 -0.04768700
v 0.00850500 0.00172200 -0.04768700
v 0.00850500 0.00172200 -0.04768700
v 0.00911800 0.00243900 -0.04830300
v 0.00911800 0.00243900 -0.04830300
v 0.00959700 0.00268900 -0.04846500
v 0.00959700 0.00268900 -0.04846500
v 0.01013700 0.00278300 -0.04845100
v 0.01013700 0.00278300 -0.04845100
v 0.01013700 0.00278300 -0.04845100
v 0.01606600 0.00278300 -0.04682000
v 0.01606600 0.00278300 -0.04682000
v 0.02174700 0.00278300 -0.04446700
v 0.02174700 0.00278300 -0.04446700
v 0.02709200 0.00278300 -0.04142800
v 0.02709200 0.00278300 -0.04142800
v 0.02709200 0.00278300 -0.04142800
v 0.02748300 0.00268900 -0.04105600
v 0.02748300 0.00268900 -0.04105600
v 0.02770800 0.00243900 -0.04060300
v 0.02770800 0.00243900 -0.04060300
v 0.02770600 0.00172200 -0.03973400
v 0.02770600 0.00172200 -0.03973400
v 0.02770600 0.00172200 -0.03973400
v 0.02648200 -0.00224100 -0.03573200
v 0.02648200 -0.00224100 -0.03573200
v 0.02648200 -0.00224100 -0.03573200
v 0.02646300 -0.00289900 -0.03492500
v 0.02646300 -0.00289900 -0.03492500
v 0.02664900 -0.00312900 -0.03449200
v 0.02664900 -0.00312900 -0.03449200
v 0.02698600 -0.00321700 -0.03411700
v 0.02698600 -0.00321700 -0.03411700
v 0.02698600 -0.00321700 -0.03411700
v 0.02954500 -0.00321700 -0.03192700
v 0.02954500 -0.00321700 -0.03192700
v 0.03192700 -0.00321700 -0.02954500
v 0.03192700 -0.00321700 -0.02954500
v 0.03411700 -0.00321700 -0.02698600
v 0.03411700 -0.00321700 -0.02698600
v 0.03411700 -0.00321700 -0.02698600
v 0.03449200 -0.00312900 -0.02664900
v 0.03449200 -0.00312900 -0.02664900
v 0.03492500 -0.00289900 -0.02646300
v 0.03492500 -0.00289900 -0.02646300
v 0.03573200 -0.00224100 -0.02648200
v 0.03573200 -0.00224100 -0.02648200
v 0.03573200 -0.00224100 -0.02648200
v 0.03973400 0.00172200 -0.02770600
v 0.03973400 0.00172200 -0.02770600
v 0.03973400 0.00172200 -0.02770600
v 0.04060300 0.00243900 -0.02770800
v 0.04060300 0.00243900 -0.02770800
v 0.04105600 0.00268900 -0.02748300
v 0.04105600 0.00268900 -0.02748300
v 0.04142800 0.00278300 -0.02709200
v 0.04142800 0.00278300 -0.02709200
v 0.04142800 0.00278300 -0.02709200
v 0.04446700 0.00278300 -0.02174700
v 0.04446700 0.00278300 -0.02174700
v 0.04682000 0.00278300 -0.01606600
v 0.04682000 0.00278300 -0.01606600
v 0.04845100 0.00278300 -0.01013700
v 0.04845100 0.00278300 -0.01013700
v 0.04845100 0.00278300 -0.01013700
v 0.04846500 0.00268900 -0.00959700
v 0.04846500 0.00268900 -0.00959700
v 0.04830300 0.00243900 -0.00911800
v 0.04830300 0.00243900 -0.00911800
v 0.04768700 0.00172200 -0.00850500
v 0.04768700 0.00172200 -0.00850500
v 0.04768700 0.00172200 -0.00850500
v 0.04399200 -0.00224100 -0.00654100
v 0.04399200 -0.00224100 -0.00654100
v 0.04399200 -0.00224100 -0.00654100
v 0.04340800 -0.00289900 -0.00598400
v 0.04340800 -0.00289900 -0.00598400
v 0.04323300 -0.00312900 -0.00554600
v 0.04323300 -0.00312900 -0.00554600
v 0.04320700 -0.00321700 -0.00504300
v 0.04320700 -0.00321700 -0.00504300
v 0.04320700 -0.00321700 -0.00504300
v 0.04346700 -0.00321700 -0.00168400
v 0.04346700 -0.00321700 -0.00168400
v 0.04346700 -0.00321700 0.00168400
v 0.04346700 -0.00321700 0.00168400
v 0.04320700 -0.00321700 0.00504300
v 0.04320700 -0.00321700 0.00504300
v 0.04320700 -0.00321700 0.00504300
v 0.04323300 -0.00312900 0.00554600
v 0.04323300 -0.00312900 0.00554600
v 0.04340800 -0.00289900 0.00598400
v 0.04340800 -0.00289900 0.00598400
v 0.04399200 -0.00224100 0.00654100
v 0.04399200 -0.00224100 0.00654100
v 0.04399200 -0.00224100 0.00654100
v 0.04768700 0.00172200 0.00850500
v 0.04768700 0.00172200 0.00850500
v 0.04768700 0.00172200 0.00850500
v 0.04830300 0.00243900 0.00911800
v 0.04830300 0.00243900 0.00911800
v 0.04846500 0.00268900 0.00959700
v 0.04846500 0.00268900 0.00959700
v 0.04845100 0.00278300 0.01013700
v 0.04845100 0.00278300 0.01013700
v 0.04845100 0.00278300 0.01013700
v 0.04682000 0.00278300 0.01606600
v 0.04682000 0.00278300 0.01606600
v 0.04446700 0.00278300 0.02174700
v 0.04446700 0.00278300 0.02174700
v 0.04142800 0.00278300 0.02709200
v 0.04142800 0.00278300 0.02709200
v 0.04142800 0.00278300 0.02709200
v 0.04105600 0.00268900 0.02748300
v 0.04105600 0.00268900 0.02748300
v 0.04060300 0.00243900 0.02770800
v 0.04060300 0.00243900 0.02770800
v 0.03973400 0.00172200 0.02770600
v 0.03973400 0.00172200 0.02770600
v 0.03973400 0.00172200 0.02770600
v 0.03573200 -0.00224100 0.02648200
v 0.03573200 -0.00224100 0.02648200
v 0.03573200 -0.00224100 0.02648200
v 0.03492500 -0.00289900 0.02646300
v 0.03492500 -0.00289900 0.02646300
v 0.03449200 -0.00312900 0.02664900
v 0.03449200 -0.00312900 0.02664900
v 0.02174700 0.00278300 0.04446700
v 0.02174700 0.00278300 0.04446700
v 0.01606600 0.00278300 0.04682000
v 0.01606600 0.00278300 0.04682000
v 0.01013700 0.00278300 0.04845100
v 0.01013700 0.00278300 0.04845100
v 0.01013700 0.00278300 0.04845100
v 0.00959700 0.00268900 0.04846500
v 0.00959700 0.00268900 0.04846500
v 0.00911800 0.00243900 0.04830300
v 0.00911800 0.00243900 0.04830300
v 0.00850500 0.00172200 0.04768700
v 0.00850500 0.00172200 0.04768700
v 0.00850500 0.00172200 0.04768700
v 0.00654100 -0.00224100 0.04399200
v 0.00654100 -0.00224100 0.04399200
v 0.00654100 -0.00224100 0.04399200
v 0.00598400 -0.00289900 0.04340800
v 0.00598400 -0.00289900 0.04340800
v 0.00554600 -0.00312900 0.04323300
v 0.00554600 -0.00312900 0.04323300
v 0.00504300 -0.00321700 0.04320700
v 0.00504300 -0.00321700 0.04320700
v 0.00504300 -0.00321700 0.04320700
v 0.00168400 -0.00321700 0.04346700
v 0.00168400 -0.00321700 0.04346700
v -0.00168400 -0.00321700 0.04346700
v -0.00168400 -0.00321700 0.04346700
v -0.00504300 -0.00321700 0.04320700
v -0.00504300 -0.00321700 0.04320700
v -0.00504300 -0.00321700 0.04320700
v -0.00554600 -0.00312900 0.04323300
v -0.00554600 -0.00312900 0.04323300
v -0.00598400 -0.00289900 0.04340800
v -0.00598400 -0.00289900 0.04340800
v -0.00654100 -0.00224100 0.04399200
v -0.00654100 -0.00224100 0.04399200
v -0.00654100 -0.00224100 0.04399200
v -0.00850500 0.00172200 0.04768700
v -0.00850500 0.00172200 0.04768700
v -0.00850500 0.00172200 0.04768700
v -0.00911800 0.00243900 0.04830300
v -0.00911800 0.00243900 0.04830300
v -0.00959700 0.00268900 0.04846500
v -0.00959700 0.00268900 0.04846500
v -0.01013700 0.00278300 0.04845100
v -0.01013700 0.00278300 0.04845100
v -0.01013700 0.00278300 0.04845100
v -0.01606600 0.00278300 0.04682000
v -0.01606600 0.00278300 0.04682000
v -0.02174700 0.00278300 0.04446700
v -0.02174700 0.00278300 0.04446700
v -0.02709200 0.00278300 0.04142800
v -0.02709200 0.00278300 0.04142800
v -0.02709200 0.00278300 0.04142800
v -0.02748300 0.00268900 0.04105600
v -0.02748300 0.00268900 0.04105600
v -0.02770800 0.00243900 0.04060300
v -0.02770800 0.00243900 0.04060300
v -0.02770600 0.00172200 0.03973400
v -0.02770600 0.00172200 0.03973400
v -0.02770600 0.00172200 0.03973400
v -0.02648200 -0.00224100 0.03573200
v -0.02648200 -0.00224100 0.03573200
v -0.02648200 -0.00224100 0.03573200
v -0.02646300 -0.00289900 0.03492500
v -0.02646300 -0.00289900 0.03492500
v -0.02664900 -0.00312900 0.03449200
v -0.02664900 -0.00312900 0.03449200
v -0.02698600 -0.00321700 0.03411700
v -0.02698600 -0.00321700 0.03411700
v -0.02698600 -0.00321700 0.03411700
v -0.02954500 -0.00321700 0.03192700
v -0.02954500 -0.00321700 0.03192700
v -0.03192700 -0.00321700 0.02954500
v -0.03192700 -0.00321700 0.02954500
v -0.03411700 -0.00321700 0.02698600
v -0.03411700 -0.00321700 0.02698600
v -0.03411700 -0.00321700 0.02698600
v -0.03449200 -0.00312900 0.02664900
v -0.03449200 -0.00312900 0.02664900
v -0.03492500 -0.00289900 0.02646300
v -0.03492500 -0.00289900 0.02646300
v -0.03573200 -0.00224100 0.02648200
v -0.03573200 -0.00224100 0.02648200
v -0.03573200 -0.00224100 0.02648200
v -0.03973400 0.00172200 0.02770600
v -0.03973400 0.00172200 0.02770600
v -0.03973400 0.00172200 0.02770600
v -0.04060300 0.00243900 0.02770800
v -0.04060300 0.00243900 0.02770800
v -0.04105600 0.00268900 0.02748300
v -0.04105600 0.00268900 0.02748300
v -0.04142800 0.00278300 0.02709200
v -0.04142800 0.00278300 0.02709200
v -0.04142800 0.00278300 0.02709200
v -0.04446700 0.00278300 0.02174700
v -0.04446700 0.00278300 0.02174700
v -0.04682000 0.00278300 0.01606600
v -0.04682000 0.00278300 0.01606600
v -0.04845100 0.00278300 0.01013700
v -0.04845100 0.00278300 0.01013700
v -0.04845100 0.00278300 0.01013700
v -0.04846500 0.00268900 0.00959700
v -0.04846500 0.00268900 0.00959700
v -0.04830300 0.00243900 0.00911800
v -0.04830300 0.00243900 0.00911800
v -0.04768700 0.00172200 0.00850500
v -0.04768700 0.00172200 0.00850500
v -0.04768700 0.00172200 0.00850500
v -0.04399200 -0.00224100 0.00654100
v -0.04399200 -0.00224100 0.00654100
v -0.04399200 -0.00224100 0.00654100
v -0.04340800 -0.00289900 0.00598400
v -0.04340800 -0.00289900 0.00598400
v -0.04323300 -0.00312900 0.00554600
v -0.04323300 -0.00312900 0.00554600
v -0.04320700 -0.00321700 0.00504300
v -0.04320700 -0.00321700 0.00504300
v -0.04320700 -0.00321700 0.00504300
v -0.04346700 -0.00321700 0.00168400
v -0.04346700 -0.00321700 0.00168400
v -0.04346700 -0.00321700 -0.00168400
v -0.04346700 -0.00321700 -0.00168400
v -0.04320700 -0.00321700 -0.00504300
v -0.04320700 -0.00321700 -0.00504300
v -0.04320700 -0.00321700 -0.00504300
v -0.04323300 -0.00312900 -0.00554600
v -0.04323300 -0.00312900 -0.00554600
v -0.04340800 -0.00289900 -0.00598400
v -0.04340800 -0.00289900 -0.00598400
v -0.04399200 -0.00224100 -0.00654100
v -0.04399200 -0.00224100 -0.00654100
v -0.04399200 -0.00224100 -0.00654100
v -0.04768700 0.00172200 -0.00850500
v -0.04768700 0.00172200 -0.00850500
v -0.04768700 0.00172200 -0.00850500
v -0.04830300 0.00243900 -0.00911800
v -0.04830300 0.00243900 -0.00911800
v -0.04846500 0.00268900 -0.00959700
v -0.04846500 0.00268900 -0.00959700
v -0.04845100 0.00278300 -0.01013700
v -0.04845100 0.00278300 -0.01013700
v -0.04845100 0.00278300 -0.01013700
v -0.04682000 0.00278300 -0.01606600
v -0.04682000 0.00278300 -0.01606600
v -0.04446700 0.00278300 -0.02174700
v -0.04446700 0.00278300 -0.02174700
v -0.04142800 0.00278300 -0.02709200
v -0.04142800 0.00278300 -0.02709200
v -0.04142800 0.00278300 -0.02709200
v -0.04105600 0.00268900 -0.02748300
v -0.04105600 0.00268900 -0.02748300
v -0.04060300 0.00243900 -0.02770800
v -0.04060300 0.00243900 -0.02770800
v -0.03973400 0.00172200 -0.02770600
v -0.03973400 0.00172200 -0.02770600
v -0.03973400 0.00172200 -0.02770600
v -0.03573200 -0.00224100 -0.02648200
v -0.03573200 -0.00224100 -0.02648200
v -0.03573200 -0.00224100 -0.02648200
v -0.03492500 -0.00289900 -0.02646300
v -0.03492500 -0.00289900 -0.02646300
v -0.03449200 -0.00312900 -0.02664900
v -0.03449200 -0.00312900 -0.02664900
v -0.03411700 -0.00321700 -0.02698600
v -0.03411700 -0.00321700 -0.02698600
v -0.03411700 -0.00321700 -0.02698600
v -0.03192700 -0.00321700 -0.02954500
v -0.03192700 -0.00321700 -0.02954500
v -0.02954500 -0.00321700 -0.03192700
v -0.02954500 -0.00321700 -0.03192700
v -0.02698600 -0.00321700 -0.03411700
v -0.02698600 -0.00321700 -0.03411700
v -0.02698600 -0.00321700 -0.03411700
v -0.02664900 -0.00312900 -0.03449200
v -0.02664900 -0.00312900 -0.03449200
v -0.02646300 -0.00289900 -0.03492500
v -0.02646300 -0.00289900 -0.03492500
v -0.02648200 -0.00224100 -0.03573200
v -0.02648200 -0.00224100 -0.03573200
v -0.02648200 -0.00224100 -0.03573200
v -0.02770600 0.00172200 -0.03973400
v -0.02770600 0.00172200 -0.03973400
v -0.02770600 0.00172200 -0.03973400
v -0.02770800 0.00243900 -0.04060300
v -0.02770800 0.00243900 -0.04060300
v -0.02748300 0.00268900 -0.04105600
v -0.02748300 0.00268900 -0.04105600
v -0.02709200 0.00278300 -0.04142800
v -0.02709200 0.00278300 -0.04142800
v -0.02709200 0.00278300 -0.04142800
v -0.02174700 0.00278300 -0.04446700
v -0.02174700 0.00278300 -0.04446700
v -0.01606600 0.00278300 -0.04682000
v -0.01606600 0.00278300 -0.04682000
v -0.01013700 0.00278300 -0.04845100
v -0.01013700 0.00278300 -0.04845100
v -0.01013700 0.00278300 -0.04845100
v -0.00959700 0.00268900 -0.04846500
v -0.00959700 0.00268900 -0.04846500
v -0.00911800 0.00243900 -0.04830300
v -0.00911800 0.00243900 -0.04830300
v -0.00850500 0.00172200 -0.04768700
v -0.00850500 0.00172200 -0.04768700
v -0.00850500 0.00172200 -0.04768700
v -0.00654100 -0.00224100 -0.04399200
v -0.00654100 -0.00224100 -0.04399200
v -0.00654100 -0.00224100 -0.04399200
v -0.00598400 -0.00289900 -0.04340800
v -0.00598400 -0.00289900 -0.04340800
v -0.00554600 -0.00312900 -0.04323300
v -0.00554600 -0.00312900 -0.04323300
v 0.03573200 -0.01719300 0.02648200
v 0.03573200 -0.01719300 0.02648200
v 0.03573200 -0.01719300 0.02648200
v 0.03492500 -0.01653500 0.02646300
v 0.03492500 -0.01653500 0.02646300
v 0.03449200 -0.01630500 0.02664900
v 0.03449200 -0.01630500 0.02664900
v 0.03457200 -0.00971700 0.02660200
v 0.03514000 -0.00971700 0.02642500
v 0.00000000 -0.02721700 -0.05450000
v 0.00000000 -0.02721700 -0.05450000
v 0.00000000 -0.02721700 -0.05450000
v 0.00644600 -0.02721700 -0.05411700
v 0.00644600 -0.02721700 -0.05411700
v 0.01280100 -0.02721700 -0.05297500
v 0.01280100 -0.02721700 -0.05297500
v 0.01897700 -0.02721700 -0.05108900
v 0.01897700 -0.02721700 -0.05108900
v 0.02488600 -0.02721700 -0.04848600
v 0.02488600 -0.02721700 -0.04848600
v 0.03044600 -0.02721700 -0.04520300
v 0.03044600 -0.02721700 -0.04520300
v 0.03557900 -0.02721700 -0.04128400
v 0.03557900 -0.02721700 -0.04128400
v 0.04021200 -0.02721700 -0.03678700
v 0.04021200 -0.02721700 -0.03678700
v 0.04428100 -0.02721700 -0.03177200
v 0.04428100 -0.02721700 -0.03177200
v 0.04772800 -0.02721700 -0.02631200
v 0.04772800 -0.02721700 -0.02631200
v 0.05050500 -0.02721700 -0.02048300
v 0.05050500 -0.02721700 -0.02048300
v 0.05257300 -0.02721700 -0.01436600
v 0.05257300 -0.02721700 -0.01436600
v 0.05390300 -0.02721700 -0.00804700
v 0.05390300 -0.02721700 -0.00804700
v 0.05447600 -0.02721700 -0.00161500
v 0.05447600 -0.02721700 -0.00161500
v 0.05428500 -0.02721700 0.00483900
v 0.05428500 -0.02721700 0.00483900
v 0.05333100 -0.02721700 0.01122600
v 0.05333100 -0.02721700 0.01122600
v 0.05162900 -0.02721700 0.01745500
v 0.05162900 -0.02721700 0.01745500
v 0.04920200 -0.02721700 0.02343900
v 0.04920200 -0.02721700 0.02343900
v 0.04608500 -0.02721700 0.02909300
v 0.04608500 -0.02721700 0.02909300
v 0.04232100 -0.02721700 0.03434000
v 0.04232100 -0.02721700 0.03434000
v 0.03796200 -0.02721700 0.03910400
v 0.03796200 -0.02721700 0.03910400
v 0.03307100 -0.02721700 0.04332000
v 0.03307100 -0.02721700 0.04332000
v 0.02771500 -0.02721700 0.04692700
v 0.02771500 -0.02721700 0.04692700
v 0.02197000 -0.02721700 0.04987500
v 0.02197000 -0.02721700 0.04987500
v 0.01591700 -0.02721700 0.05212400
v 0.01591700 -0.02721700 0.05212400
v 0.00964100 -0.02721700 0.05364100
v 0.00964100 -0.02721700 0.05364100
v 0.00322900 -0.02721700 0.05440400
v 0.00322900 -0.02721700 0.05440400
v -0.00322900 -0.02721700 0.05440400
v -0.00322900 -0.02721700 0.05440400
v -0.00964100 -0.02721700 0.05364100
v -0.00964100 -0.02721700 0.05364100
v -0.01591700 -0.02721700 0.05212400
v -0.01591700 -0.02721700 0.05212400
v -0.02197000 -0.02721700 0.04987500
v -0.02197000 -0.02721700 0.04987500
v -0.02771500 -0.02721700 0.04692700
v -0.02771500 -0.02721700 0.04692700
v -0.03307100 -0.02721700 0.04332000
v -0.03307100 -0.02721700 0.04332000
v -0.03796200 -0.02721700 0.03910400
v -0.03796200 -0.02721700 0.03910400
v -0.04232100 -0.02721700 0.03434000
v -0.04232100 -0.02721700 0.03434000
v -0.04608500 -0.02721700 0.02909300
v -0.04608500 -0.02721700 0.02909300
v -0.04920200 -0.02721700 0.02343900
v -0.04920200 -0.02721700 0.02343900
v -0.05162900 -0.02721700 0.01745500
v -0.05162900 -0.02721700 0.01745500
v -0.05333100 -0.02721700 0.01122600
v -0.05333100 -0.02721700 0.01122600
v -0.05428500 -0.02721700 0.00483900
v -0.05428500 -0.02721700 0.00483900
v -0.05447600 -0.02721700 -0.00161500
v -0.05447600 -0.02721700 -0.00161500
v -0.05390300 -0.02721700 -0.00804700
v -0.05390300 -0.02721700 -0.00804700
v -0.05257300 -0.02721700 -0.01436600
v -0.05257300 -0.02721700 -0.01436600
v -0.05050500 -0.02721700 -0.02048300
v -0.05050500 -0.02721700 -0.02048300
v -0.04772800 -0.02721700 -0.02631200
v -0.04772800 -0.02721700 -0.02631200
v -0.04428100 -0.02721700 -0.03177200
v -0.04428100 -0.02721700 -0.03177200
v -0.04021200 -0.02721700 -0.03678700
v -0.04021200 -0.02721700 -0.03678700
v -0.03557900 -0.02721700 -0.04128400
v -0.03557900 -0.02721700 -0.04128400
v -0.03044600 -0.02721700 -0.04520300
v -0.03044600 -0.02721700 -0.04520300
v -0.02488600 -0.02721700 -0.04848600
v -0.02488600 -0.02721700 -0.04848600
v -0.01897700 -0.02721700 -0.05108900
v -0.01897700 -0.02721700 -0.05108900
v -0.01280100 -0.02721700 -0.05297500
v -0.01280100 -0.02721700 -0.05297500
v -0.00644600 -0.02721700 -0.05411700
v -0.00644600 -0.02721700 -0.05411700
v 0.00504300 -0.01621700 -0.04320700
v 0.00504300 -0.01621700 -0.04320700
v 0.00504300 -0.01621700 -0.04320700
v 0.00168400 -0.01621700 -0.04346700
v 0.00168400 -0.01621700 -0.04346700
v 0.00168400 -0.01621700 -0.04346700
v -0.00168400 -0.01621700 -0.04346700
v -0.00168400 -0.01621700 -0.04346700
v -0.00504300 -0.01621700 -0.04320700
v -0.00504300 -0.01621700 -0.04320700
v -0.00504300 -0.01621700 -0.04320700
v -0.00554600 -0.01630500 -0.04323300
v -0.00554600 -0.01630500 -0.04323300
v -0.00598400 -0.01653500 -0.04340800
v -0.00598400 -0.01653500 -0.04340800
v -0.00654100 -0.01719300 -0.04399200
v -0.00654100 -0.01719300 -0.04399200
v -0.00654100 -0.01719300 -0.04399200
v -0.00748600 -0.01909600 -0.04577000
v -0.00748600 -0.01909600 -0.04577000
v -0.00850500 -0.02115700 -0.04768700
v -0.00850500 -0.02115700 -0.04768700
v -0.00850500 -0.02115700 -0.04768700
v -0.00911800 -0.02187300 -0.04830300
v -0.00911800 -0.02187300 -0.04830300
v -0.00959700 -0.02212300 -0.04846500
v -0.00959700 -0.02212300 -0.04846500
v -0.01013700 -0.02221700 -0.04845100
v -0.01013700 -0.02221700 -0.04845100
v -0.01013700 -0.02221700 -0.04845100
v -0.01606600 -0.02221700 -0.04682000
v -0.01606600 -0.02221700 -0.04682000
v -0.02174700 -0.02221700 -0.04446700
v -0.02174700 -0.02221700 -0.04446700
v -0.02709200 -0.02221700 -0.04142800
v -0.02709200 -0.02221700 -0.04142800
v -0.02709200 -0.02221700 -0.04142800
v -0.02748300 -0.02212300 -0.04105600
v -0.02748300 -0.02212300 -0.04105600
v -0.02770800 -0.02187300 -0.04060300
v -0.02770800 -0.02187300 -0.04060300
v -0.02770600 -0.02115700 -0.03973400
v -0.02770600 -0.02115700 -0.03973400
v -0.02770600 -0.02115700 -0.03973400
v -0.02707100 -0.01909600 -0.03765800
v -0.02707100 -0.01909600 -0.03765800
v -0.02648200 -0.01719300 -0.03573200
v -0.02648200 -0.01719300 -0.03573200
v -0.02648200 -0.01719300 -0.03573200
v -0.02646300 -0.01653500 -0.03492500
v -0.02646300 -0.01653500 -0.03492500
v -0.02664900 -0.01630500 -0.03449200
v -0.02664900 -0.01630500 -0.03449200
v -0.02698600 -0.01621700 -0.03411700
v -0.02698600 -0.01621700 -0.03411700
v -0.02698600 -0.01621700 -0.03411700
v -0.02954500 -0.01621700 -0.03192700
v -0.02954500 -0.01621700 -0.03192700
v -0.03192700 -0.01621700 -0.02954500
v -0.03192700 -0.01621700 -0.02954500
v -0.03411700 -0.01621700 -0.02698600
v -0.03411700 -0.01621700 -0.02698600
v -0.03411700 -0.01621700 -0.02698600
v -0.03449200 -0.01630500 -0.02664900
v -0.03449200 -0.01630500 -0.02664900
v -0.03492500 -0.01653500 -0.02646300
v -0.03492500 -0.01653500 -0.02646300
v -0.03573200 -0.01719300 -0.02648200
v -0.03573200 -0.01719300 -0.02648200
v -0.03573200 -0.01719300 -0.02648200
v -0.03765800 -0.01909600 -0.02707100
v -0.03765800 -0.01909600 -0.02707100
v -0.03973400 -0.02115700 -0.02770600
v -0.03973400 -0.02115700 -0.02770600
v -0.03973400 -0.02115700 -0.02770600
v -0.04060300 -0.02187300 -0.02770800
v -0.04060300 -0.02187300 -0.02770800
v -0.04105600 -0.02212300 -0.02748300
v -0.04105600 -0.02212300 -0.02748300
v -0.04142800 -0.02221700 -0.02709200
v -0.04142800 -0.02221700 -0.02709200
v -0.04142800 -0.02221700 -0.02709200
v -0.04446700 -0.02221700 -0.02174700
v -0.04446700 -0.02221700 -0.02174700
v -0.04682000 -0.02221700 -0.01606600
v -0.04682000 -0.02221700 -0.01606600
v -0.04845100 -0.02221700 -0.01013700
v -0.04845100 -0.02221700 -0.01013700
v -0.04845100 -0.02221700 -0.01013700
v -0.04846500 -0.02212300 -0.00959700
v -0.04846500 -0.02212300 -0.00959700
v -0.04830300 -0.02187300 -0.00911800
v -0.04830300 -0.02187300 -0.00911800
v -0.04768700 -0.02115700 -0.00850500
v -0.04768700 -0.02115700 -0.00850500
v -0.04768700 -0.02115700 -0.00850500
v -0.04577000 -0.01909600 -0.00748600
v -0.04577000 -0.01909600 -0.00748600
v -0.04399200 -0.01719300 -0.00654100
v -0.04399200 -0.01719300 -0.00654100
v -0.04399200 -0.01719300 -0.00654100
v -0.04340800 -0.01653500 -0.00598400
v -0.04340800 -0.01653500 -0.00598400
v -0.04323300 -0.01630500 -0.00554600
v -0.04323300 -0.01630500 -0.00554600
v -0.04320700 -0.01621700 -0.00504300
v -0.04320700 -0.01621700 -0.00504300
v -0.04320700 -0.01621700 -0.00504300
v -0.04346700 -0.01621700 -0.00168400
v -0.04346700 -0.01621700 -0.00168400
v -0.04346700 -0.01621700 0.00168400
v -0.04346700 -0.01621700 0.00168400
v -0.04320700 -0.01621700 0.00504300
v -0.04320700 -0.01621700 0.00504300
v -0.04320700 -0.01621700 0.00504300
v -0.04323300 -0.01630500 0.00554600
v -0.04323300 -0.01630500 0.00554600
v -0.04340800 -0.01653500 0.00598400
v -0.04340800 -0.01653500 0.00598400
v -0.04399200 -0.01719300 0.00654100
v -0.04399200 -0.01719300 0.00654100
v -0.04399200 -0.01719300 0.00654100
v -0.04577000 -0.01909600 0.00748600
v -0.04577000 -0.01909600 0.00748600
v -0.04768700 -0.02115700 0.00850500
v -0.04768700 -0.02115700 0.00850500
v -0.04768700 -0.02115700 0.00850500
v -0.04830300 -0.02187300 0.00911800
v -0.04830300 -0.02187300 0.00911800
v -0.04846500 -0.02212300 0.00959700
v -0.04846500 -0.02212300 0.00959700
v -0.04845100 -0.02221700 0.01013700
v -0.04845100 -0.02221700 0.01013700
v -0.04845100 -0.02221700 0.01013700
v -0.04682000 -0.02221700 0.01606600
v -0.04682000 -0.02221700 0.01606600
v -0.04446700 -0.02221700 0.02174700
v -0.04446700 -0.02221700 0.02174700
v -0.04142800 -0.02221700 0.02709200
v -0.04142800 -0.02221700 0.02709200
v -0.04142800 -0.02221700 0.02709200
v -0.04105600 -0.02212300 0.02748300
v -0.04105600 -0.02212300 0.02748300
v -0.04060300 -0.02187300 0.02770800
v -0.04060300 -0.02187300 0.02770800
v -0.03973400 -0.02115700 0.02770600
v -0.03973400 -0.02115700 0.02770600
v -0.03973400 -0.02115700 0.02770600
v -0.03765800 -0.01909600 0.02707100
v -0.03765800 -0.01909600 0.02707100
v -0.03573200 -0.01719300 0.02648200
v -0.03573200 -0.01719300 0.02648200
v -0.03573200 -0.01719300 0.02648200
v -0.03492500 -0.01653500 0.02646300
v -0.03492500 -0.01653500 0.02646300
v -0.03449200 -0.01630500 0.02664900
v -0.03449200 -0.01630500 0.02664900
v -0.03411700 -0.01621700 0.02698600
v -0.03411700 -0.01621700 0.02698600
v -0.03411700 -0.01621700 0.02698600
v -0.03192700 -0.01621700 0.02954500
v -0.03192700 -0.01621700 0.02954500
v -0.02954500 -0.01621700 0.03192700
v -0.02954500 -0.01621700 0.03192700
v -0.02698600 -0.01621700 0.03411700
v -0.02698600 -0.01621700 0.03411700
v -0.02698600 -0.01621700 0.03411700
v -0.02664900 -0.01630500 0.03449200
v -0.02664900 -0.01630500 0.03449200
v -0.02646300 -0.01653500 0.03492500
v -0.02646300 -0.01653500 0.03492500
v -0.02648200 -0.01719300 0.03573200
v -0.02648200 -0.01719300 0.03573200
v -0.02648200 -0.01719300 0.03573200
v -0.02707100 -0.01909600 0.03765800
v -0.02707100 -0.01909600 0.03765800
v -0.02770600 -0.02115700 0.03973400
v -0.02770600 -0.02115700 0.03973400
v -0.02770600 -0.02115700 0.03973400
v -0.02770800 -0.02187300 0.04060300
v -0.02770800 -0.02187300 0.04060300
v -0.02748300 -0.02212300 0.04105600
v -0.02748300 -0.02212300 0.04105600
v -0.02709200 -0.02221700 0.04142800
v -0.02709200 -0.02221700 0.04142800
v -0.02709200 -0.02221700 0.04142800
v -0.02174700 -0.02221700 0.04446700
v -0.02174700 -0.02221700 0.04446700
v -0.01606600 -0.02221700 0.04682000
v -0.01606600 -0.02221700 0.04682000
v -0.01013700 -0.02221700 0.04845100
v -0.01013700 -0.02221700 0.04845100
v -0.01013700 -0.02221700 0.04845100
v -0.00959700 -0.02212300 0.04846500
v -0.00959700 -0.02212300 0.04846500
v -0.00911800 -0.02187300 0.04830300
v -0.00911800 -0.02187300 0.04830300
v -0.00850500 -0.02115700 0.04768700
v -0.00850500 -0.02115700 0.04768700
v -0.00850500 -0.02115700 0.04768700
v -0.00748600 -0.01909600 0.04577000
v -0.00748600 -0.01909600 0.04577000
v -0.00654100 -0.01719300 0.04399200
v -0.00654100 -0.01719300 0.04399200
v -0.00654100 -0.01719300 0.04399200
v -0.00598400 -0.01653500 0.04340800
v -0.00598400 -0.01653500 0.04340800
v -0.00554600 -0.01630500 0.04323300
v -0.00554600 -0.01630500 0.04323300
v -0.00504300 -0.01621700 0.04320700
v -0.00504300 -0.01621700 0.04320700
v -0.00504300 -0.01621700 0.04320700
v -0.00168400 -0.01621700 0.04346700
v -0.00168400 -0.01621700 0.04346700
v 0.00168400 -0.01621700 0.04346700
v 0.00168400 -0.01621700 0.04346700
v 0.00504300 -0.01621700 0.04320700
v 0.00504300 -0.01621700 0.04320700
v 0.00504300 -0.01621700 0.04320700
v 0.00554600 -0.01630500 0.04323300
v 0.00554600 -0.01630500 0.04323300
v 0.00598400 -0.01653500 0.04340800
v 0.00598400 -0.01653500 0.04340800
v 0.00654100 -0.01719300 0.04399200
v 0.00654100 -0.01719300 0.04399200
v 0.00654100 -0.01719300 0.04399200
v 0.00748600 -0.01909600 0.04577000
v 0.00748600 -0.01909600 0.04577000
v 0.00850500 -0.02115700 0.04768700
v 0.00850500 -0.02115700 0.04768700
v 0.00850500 -0.02115700 0.04768700
v 0.00911800 -0.02187300 0.04830300
v 0.00911800 -0.02187300 0.04830300
v 0.00959700 -0.02212300 0.04846500
v 0.00959700 -0.02212300 0.04846500
v 0.01013700 -0.02221700 0.04845100
v 0.01013700 -0.02221700 0.04845100
v 0.01013700 -0.02221700 0.04845100
v 0.01606600 -0.02221700 0.04682000
v 0.01606600 -0.02221700 0.04682000
v 0.02174700 -0.02221700 0.04446700
v 0.02174700 -0.02221700 0.04446700
v 0.03765800 -0.01909600 0.02707100
v 0.03765800 -0.01909600 0.02707100
v 0.03973400 -0.02115700 0.02770600
v 0.03973400 -0.02115700 0.02770600
v 0.03973400 -0.02115700 0.02770600
v 0.04060300 -0.02187300 0.02770800
v 0.04060300 -0.02187300 0.02770800
v 0.04105600 -0.02212300 0.02748300
v 0.04105600 -0.02212300 0.02748300
v 0.04142800 -0.02221700 0.02709200
v 0.04142800 -0.02221700 0.02709200
v 0.04142800 -0.02221700 0.02709200
v 0.04446700 -0.02221700 0.02174700
v 0.04446700 -0.02221700 0.02174700
v 0.04682000 -0.02221700 0.01606600
v 0.04682000 -0.02221700 0.01606600
v 0.04845100 -0.02221700 0.01013700
v 0.04845100 -0.02221700 0.01013700
v 0.04845100 -0.02221700 0.01013700
v 0.04846500 -0.02212300 0.00959700
v 0.04846500 -0.02212300 0.00959700
v 0.04830300 -0.02187300 0.00911800
v 0.04830300 -0.02187300 0.00911800
v 0.04768700 -0.02115700 0.00850500
v 0.04768700 -0.02115700 0.00850500
v 0.04768700 -0.02115700 0.00850500
v 0.04577000 -0.01909600 0.00748600
v 0.04577000 -0.01909600 0.00748600
v 0.04399200 -0.01719300 0.00654100
v 0.04399200 -0.01719300 0.00654100
v 0.04399200 -0.01719300 0.00654100
v 0.04340800 -0.01653500 0.00598400
v 0.04340800 -0.01653500 0.00598400
v 0.04323300 -0.01630500 0.00554600
v 0.04323300 -0.01630500 0.00554600
v 0.04320700 -0.01621700 0.00504300
v 0.04320700 -0.01621700 0.00504300
v 0.04320700 -0.01621700 0.00504300
v 0.04346700 -0.01621700 0.00168400
v 0.04346700 -0.01621700 0.00168400
v 0.04346700 -0.01621700 -0.00168400
v 0.04346700 -0.01621700 -0.00168400
v 0.04320700 -0.01621700 -0.00504300
v 0.04320700 -0.01621700 -0.00504300
v 0.04320700 -0.01621700 -0.00504300
v 0.04323300 -0.01630500 -0.00554600
v 0.04323300 -0.01630500 -0.00554600
v 0.04340800 -0.01653500 -0.00598400
v 0.04340800 -0.01653500 -0.00598400
v 0.04399200 -0.01719300 -0.00654100
v 0.04399200 -0.01719300 -0.00654100
v 0.04399200 -0.01719300 -0.00654100
v 0.04577000 -0.01909600 -0.00748600
v 0.04577000 -0.01909600 -0.00748600
v 0.04768700 -0.02115700 -0.00850500
v 0.04768700 -0.02115700 -0.00850500
v 0.04768700 -0.02115700 -0.00850500
v 0.04830300 -0.02187300 -0.00911800
v 0.04830300 -0.02187300 -0.00911800
v 0.04846500 -0.02212300 -0.00959700
v 0.04846500 -0.02212300 -0.00959700
v 0.04845100 -0.02221700 -0.01013700
v 0.04845100 -0.02221700 -0.01013700
v 0.04845100 -0.02221700 -0.01013700
v 0.04682000 -0.02221700 -0.01606600
v 0.04682000 -0.02221700 -0.01606600
v 0.04446700 -0.02221700 -0.02174700
v 0.04446700 -0.02221700 -0.02174700
v 0.04142800 -0.02221700 -0.02709200
v 0.04142800 -0.02221700 -0.02709200
v 0.04142800 -0.02221700 -0.02709200
v 0.04105600 -0.02212300 -0.02748300
v 0.04105600 -0.02212300 -0.02748300
v 0.04060300 -0.02187300 -0.02770800
v 0.04060300 -0.02187300 -0.02770800
v 0.03973400 -0.02115700 -0.02770600
v 0.03973400 -0.02115700 -0.02770600
v 0.03973400 -0.02115700 -0.02770600
v 0.03765800 -0.01909600 -0.02707100
v 0.03765800 -0.01909600 -0.02707100
v 0.03573200 -0.01719300 -0.02648200
v 0.03573200 -0.01719300 -0.02648200
v 0.03573200 -0.01719300 -0.02648200
v 0.03492500 -0.01653500 -0.02646300
v 0.03492500 -0.01653500 -0.02646300
v 0.03449200 -0.01630500 -0.02664900
v 0.03449200 -0.01630500 -0.02664900
v 0.03411700 -0.01621700 -0.02698600
v 0.03411700 -0.01621700 -0.02698600
v 0.03411700 -0.01621700 -0.02698600
v 0.03192700 -0.01621700 -0.02954500
v 0.03192700 -0.01621700 -0.02954500
v 0.02954500 -0.01621700 -0.03192700
v 0.02954500 -0.01621700 -0.03192700
v 0.02698600 -0.01621700 -0.03411700
v 0.02698600 -0.01621700 -0.03411700
v 0.02698600 -0.01621700 -0.03411700
v 0.02664900 -0.01630500 -0.03449200
v 0.02664900 -0.01630500 -0.03449200
v 0.02646300 -0.01653500 -0.03492500
v 0.02646300 -0.01653500 -0.03492500
v 0.02648200 -0.01719300 -0.03573200
v 0.02648200 -0.01719300 -0.03573200
v 0.02648200 -0.01719300 -0.03573200
v 0.02707100 -0.01909600 -0.03765800
v 0.02707100 -0.01909600 -0.03765800
v 0.02770600 -0.02115700 -0.03973400
v 0.02770600 -0.02115700 -0.03973400
v 0.02770600 -0.02115700 -0.03973400
v 0.02770800 -0.02187300 -0.04060300
v 0.02770800 -0.02187300 -0.04060300
v 0.02748300 -0.02212300 -0.04105600
v 0.02748300 -0.02212300 -0.04105600
v 0.02709200 -0.02221700 -0.04142800
v 0.02709200 -0.02221700 -0.04142800
v 0.02709200 -0.02221700 -0.04142800
v 0.02174700 -0.02221700 -0.04446700
v 0.02174700 -0.02221700 -0.04446700
v 0.01606600 -0.02221700 -0.04682000
v 0.01606600 -0.02221700 -0.04682000
v 0.01013700 -0.02221700 -0.04845100
v 0.01013700 -0.02221700 -0.04845100
v 0.01013700 -0.02221700 -0.04845100
v 0.00959700 -0.02212300 -0.04846500
v 0.00959700 -0.02212300 -0.04846500
v 0.00911800 -0.02187300 -0.04830300
v 0.00911800 -0.02187300 -0.04830300
v 0.00850500 -0.02115700 -0.04768700
v 0.00850500 -0.02115700 -0.04768700
v 0.00850500 -0.02115700 -0.04768700
v 0.00748600 -0.01909600 -0.04577000
v 0.00748600 -0.01909600 -0.04577000
v 0.00654100 -0.01719300 -0.04399200
v 0.00654100 -0.01719300 -0.04399200
v 0.00654100 -0.01719300 -0.04399200
v 0.00598400 -0.01653500 -0.04340800
v 0.00598400 -0.01653500 -0.04340800
v 0.00554600 -0.01630500 -0.04323300
v 0.00554600 -0.01630500 -0.04323300
v 0.04097200 -0.00971700 0.02754000
v 0.04037100 -0.00971700 0.02775800
v 0.04844600 -0.00971700 0.00949800
v 0.04817400 -0.00971700 0.00891900
v 0.04325600 -0.00971700 0.00563600
v 0.04353300 -0.00971700 0.00616300
v 0.04325600 -0.00971700 -0.00563600
v 0.04353300 -0.00971700 -0.00616300
v 0.04844600 -0.00971700 -0.00949800
v 0.04817400 -0.00971700 -0.00891900
v 0.04097200 -0.00971700 -0.02754000
v 0.04037100 -0.00971700 -0.02775800
v 0.03457200 -0.00971700 -0.02660200
v 0.03514000 -0.00971700 -0.02642500
v 0.02660200 -0.00971700 -0.03457200
v 0.02642500 -0.00971700 -0.03514000
v 0.02754000 -0.00971700 -0.04097200
v 0.02775800 -0.00971700 -0.04037100
v 0.00949800 -0.00971700 -0.04844600
v 0.00891900 -0.00971700 -0.04817400
v 0.00563600 -0.00971700 -0.04325600
v 0.00616300 -0.00971700 -0.04353300
v -0.00949800 -0.00971700 -0.04844600
v -0.00891900 -0.00971700 -0.04817400
v -0.00563600 -0.00971700 -0.04325600
v -0.00616300 -0.00971700 -0.04353300
v -0.02754000 -0.00971700 -0.04097200
v -0.02775800 -0.00971700 -0.04037100
v -0.02660200 -0.00971700 -0.03457200
v -0.02642500 -0.00971700 -0.03514000
v -0.03457200 -0.00971700 -0.02660200
v -0.03514000 -0.00971700 -0.02642500
v -0.04097200 -0.00971700 -0.02754000
v -0.04037100 -0.00971700 -0.02775800
v -0.04844600 -0.00971700 -0.00949800
v -0.04817400 -0.00971700 -0.00891900
v -0.04325600 -0.00971700 -0.00563600
v -0.04353300 -0.00971700 -0.00616300
v -0.04844600 -0.00971700 0.00949800
v -0.04817400 -0.00971700 0.00891900
v -0.04325600 -0.00971700 0.00563600
v -0.04353300 -0.00971700 0.00616300
v -0.04097200 -0.00971700 0.02754000
v -0.04037100 -0.00971700 0.02775800
v -0.03457200 -0.00971700 0.02660200
v -0.03514000 -0.00971700 0.02642500
v -0.02660200 -0.00971700 0.03457200
v -0.02642500 -0.00971700 0.03514000
v -0.02754000 -0.00971700 0.04097200
v -0.02775800 -0.00971700 0.04037100
v -0.00949800 -0.00971700 0.04844600
v -0.00891900 -0.00971700 0.04817400
v -0.00563600 -0.00971700 0.04325600
v -0.00616300 -0.00971700 0.04353300
v 0.00563600 -0.00971700 0.04325600
v 0.00616300 -0.00971700 0.04353300
v 0.00949800 -0.00971700 0.04844600
v 0.00891900 -0.00971700 0.04817400
v 0.08904000 0.00778300 0.00000000
v 0.08904000 0.00778300 0.00000000
v 0.08904000 0.00778300 0.00000000
v 0.08864900 0.00778300 -0.00833800
v 0.08864900 0.00778300 -0.00833800
v 0.08747900 0.00778300 -0.01660200
v 0.08747900 0.00778300 -0.01660200
v 0.08554000 0.00778300 -0.02472100
v 0.08554000 0.00778300 -0.02472100
v 0.08284900 0.00778300 -0.03262300
v 0.08284900 0.00778300 -0.03262300
v 0.07943000 0.00778300 -0.04023700
v 0.07943000 0.00778300 -0.04023700
v 0.07531300 0.00778300 -0.04749900
v 0.07531300 0.00778300 -0.04749900
v 0.07053400 0.00778300 -0.05434200
v 0.07053400 0.00778300 -0.05434200
v 0.06513600 0.00778300 -0.06070800
v 0.06513600 0.00778300 -0.06070800
v 0.05916500 0.00778300 -0.06654100
v 0.05916500 0.00778300 -0.06654100
v 0.05267400 0.00778300 -0.07178900
v 0.05267400 0.00778300 -0.07178900
v 0.04572000 0.00778300 -0.07640600
v 0.04572000 0.00778300 -0.07640600
v 0.03836400 0.00778300 -0.08035200
v 0.03836400 0.00778300 -0.08035200
v 0.03067100 0.00778300 -0.08359100
v 0.03067100 0.00778300 -0.08359100
v 0.02270900 0.00778300 -0.08609600
v 0.02270900 0.00778300 -0.08609600
v 0.01454700 0.00778300 -0.08784400
v 0.01454700 0.00778300 -0.08784400
v 0.00625700 0.00778300 -0.08882000
v 0.00625700 0.00778300 -0.08882000
v -0.00208700 0.00778300 -0.08901600
v -0.00208700 0.00778300 -0.08901600
v -0.01041400 0.00778300 -0.08842900
v -0.01041400 0.00778300 -0.08842900
v -0.01864900 0.00778300 -0.08706600
v -0.01864900 0.00778300 -0.08706600
v -0.02672000 0.00778300 -0.08493700
v -0.02672000 0.00778300 -0.08493700
v -0.03455600 0.00778300 -0.08206100
v -0.03455600 0.00778300 -0.08206100
v -0.04208800 0.00778300 -0.07846500
v -0.04208800 0.00778300 -0.07846500
v -0.04925100 0.00778300 -0.07417900
v -0.04925100 0.00778300 -0.07417900
v -0.05598100 0.00778300 -0.06924100
v -0.05598100 0.00778300 -0.06924100
v -0.06221900 0.00778300 -0.06369500
v -0.06221900 0.00778300 -0.06369500
v -0.06791000 0.00778300 -0.05758900
v -0.06791000 0.00778300 -0.05758900
v -0.07300400 0.00778300 -0.05097600
v -0.07300400 0.00778300 -0.05097600
v -0.07745700 0.00778300 -0.04391600
v -0.07745700 0.00778300 -0.04391600
v -0.08122900 0.00778300 -0.03647000
v -0.08122900 0.00778300 -0.03647000
v -0.08428700 0.00778300 -0.02870300
v -0.08428700 0.00778300 -0.02870300
v -0.08660500 0.00778300 -0.02068500
v -0.08660500 0.00778300 -0.02068500
v -0.08816100 0.00778300 -0.01248400
v -0.08816100 0.00778300 -0.01248400
v -0.08894300 0.00778300 -0.00417400
v -0.08894300 0.00778300 -0.00417400
v -0.08894300 0.00778300 0.00417400
v -0.08894300 0.00778300 0.00417400
v -0.08816100 0.00778300 0.01248400
v -0.08816100 0.00778300 0.01248400
v -0.08660500 0.00778300 0.02068500
v -0.08660500 0.00778300 0.02068500
v -0.08428700 0.00778300 0.02870300
v -0.08428700 0.00778300 0.02870300
v -0.08122900 0.00778300 0.03647000
v -0.08122900 0.00778300 0.03647000
v -0.07745700 0.00778300 0.04391600
v -0.07745700 0.00778300 0.04391600
v -0.07300400 0.00778300 0.05097600
v -0.07300400 0.00778300 0.05097600
v -0.06791000 0.00778300 0.05758900
v -0.06791000 0.00778300 0.05758900
v -0.06221900 0.00778300 0.06369500
v -0.06221900 0.00778300 0.06369500
v -0.05598100 0.00778300 0.06924100
v -0.05598100 0.00778300 0.06924100
v -0.04925100 0.00778300 0.07417900
v -0.04925100 0.00778300 0.07417900
v -0.04208800 0.00778300 0.07846500
v -0.04208800 0.00778300 0.07846500
v -0.03455600 0.00778300 0.08206100
v -0.03455600 0.00778300 0.08206100
v -0.02672000 0.00778300 0.08493700
v -0.02672000 0.00778300 0.08493700
v -0.01864900 0.00778300 0.08706600
v -0.01864900 0.00778300 0.08706600
v -0.01041400 0.00778300 0.08842900
v -0.01041400 0.00778300 0.08842900
v -0.00208700 0.00778300 0.08901600
v -0.00208700 0.00778300 0.08901600
v 0.00625700 0.00778300 0.08882000
v 0.00625700 0.00778300 0.08882000
v 0.01454700 0.00778300 0.08784400
v 0.01454700 0.00778300 0.08784400
v 0.02270900 0.00778300 0.08609600
v 0.02270900 0.00778300 0.08609600
v 0.03067100 0.00778300 0.08359100
v 0.03067100 0.00778300 0.08359100
v 0.03836400 0.00778300 0.08035200
v 0.03836400 0.00778300 0.08035200
v 0.04572000 0.00778300 0.07640600
v 0.04572000 0.00778300 0.07640600
v 0.05267400 0.00778300 0.07178900
v 0.05267400 0.00778300 0.07178900
v 0.05916500 0.00778300 0.06654100
v 0.05916500 0.00778300 0.06654100
v 0.06513600 0.00778300 0.06070800
v 0.06513600 0.00778300 0.06070800
v 0.07053400 0.00778300 0.05434200
v 0.07053400 0.00778300 0.05434200
v 0.07531300 0.00778300 0.04749900
v 0.07531300 0.00778300 0.04749900
v 0.07943000 0.00778300 0.04023700
v 0.07943000 0.00778300 0.04023700
v 0.08284900 0.00778300 0.03262300
v 0.08284900 0.00778300 0.03262300
v 0.08554000 0.00778300 0.02472100
v 0.08554000 0.00778300 0.02472100
v 0.08747900 0.00778300 0.01660200
v 0.08747900 0.00778300 0.01660200
v 0.08864900 0.00778300 0.00833800
v 0.08864900 0.00778300 0.00833800
v 0.08543200 0.00778300 -0.01334900
v 0.08543200 0.00778300 -0.01334900
v 0.08543200 0.00778300 -0.01334900
v 0.08576100 0.00778300 -0.01104400
v 0.08576100 0.00778300 -0.01104400
v 0.08602700 0.00778300 -0.00873100
v 0.08602700 0.00778300 -0.00873100
v 0.08623100 0.00778300 -0.00641100
v 0.08623100 0.00778300 -0.00641100
v 0.08623100 0.00778300 -0.00641100
v 0.08603100 0.00778300 -0.00459600
v 0.08603100 0.00778300 -0.00459600
v 0.08519300 0.00778300 -0.00297300
v 0.08519300 0.00778300 -0.00297300
v 0.08382800 0.00778300 -0.00176000
v 0.08382800 0.00778300 -0.00176000
v 0.08211800 0.00778300 -0.00111800
v 0.08211800 0.00778300 -0.00111800
v 0.08211800 0.00778300 -0.00111800
v 0.07692500 0.00778300 -0.00043600
v 0.07692500 0.00778300 -0.00043600
v 0.07169200 0.00778300 -0.00022600
v 0.07169200 0.00778300 -0.00022600
v 0.06646100 0.00778300 -0.00048900
v 0.06646100 0.00778300 -0.00048900
v 0.06127500 0.00778300 -0.00122300
v 0.06127500 0.00778300 -0.00122300
v 0.06127500 0.00778300 -0.00122300
v 0.05976800 0.00778300 -0.00176700
v 0.05976800 0.00778300 -0.00176700
v 0.05851100 0.00778300 -0.00275900
v 0.05851100 0.00778300 -0.00275900
v 0.05763300 0.00778300 -0.00409800
v 0.05763300 0.00778300 -0.00409800
v 0.05722200 0.00778300 -0.00564600
v 0.05722200 0.00778300 -0.00564600
v 0.05722200 0.00778300 -0.00564600
v 0.05715900 0.00778300 -0.00624900
v 0.05715900 0.00778300 -0.00624900
v 0.05709000 0.00778300 -0.00685200
v 0.05709000 0.00778300 -0.00685200
v 0.05701500 0.00778300 -0.00745400
v 0.05701500 0.00778300 -0.00745400
v 0.05701500 0.00778300 -0.00745400
v 0.05711000 0.00778300 -0.00868500
v 0.05711000 0.00778300 -0.00868500
v 0.05769300 0.00778300 -0.00977300
v 0.05769300 0.00778300 -0.00977300
v 0.05866500 0.00778300 -0.01053500
v 0.05866500 0.00778300 -0.01053500
v 0.05986200 0.00778300 -0.01084000
v 0.05986200 0.00778300 -0.01084000
v 0.05986200 0.00778300 -0.01084000
v 0.06536200 0.00778300 -0.01132000
v 0.06536200 0.00778300 -0.01132000
v 0.07079700 0.00778300 -0.01228800
v 0.07079700 0.00778300 -0.01228800
v 0.07612500 0.00778300 -0.01373500
v 0.07612500 0.00778300 -0.01373500
v 0.08130300 0.00778300 -0.01565100
v 0.08130300 0.00778300 -0.01565100
v 0.08130300 0.00778300 -0.01565100
v 0.08263200 0.00778300 -0.01588200
v 0.08263200 0.00778300 -0.01588200
v 0.08392900 0.00778300 -0.01550700
v 0.08392900 0.00778300 -0.01550700
v 0.08492900 0.00778300 -0.01460200
v 0.08492900 0.00778300 -0.01460200
v 0.08264200 0.00778300 -0.02543900
v 0.08264200 0.00778300 -0.02543900
v 0.08264200 0.00778300 -0.02543900
v 0.08285200 0.00778300 -0.02362400
v 0.08285200 0.00778300 -0.02362400
v 0.08239500 0.00778300 -0.02185600
v 0.08239500 0.00778300 -0.02185600
v 0.08133500 0.00778300 -0.02036900
v 0.08133500 0.00778300 -0.02036900
v 0.07981100 0.00778300 -0.01936300
v 0.07981100 0.00778300 -0.01936300
v 0.07981100 0.00778300 -0.01936300
v 0.07489900 0.00778300 -0.01754300
v 0.07489900 0.00778300 -0.01754300
v 0.06984400 0.00778300 -0.01617300
v 0.06984400 0.00778300 -0.01617300
v 0.06468600 0.00778300 -0.01526600
v 0.06468600 0.00778300 -0.01526600
v 0.05946600 0.00778300 -0.01482700
v 0.05946600 0.00778300 -0.01482700
v 0.05946600 0.00778300 -0.01482700
v 0.05787700 0.00778300 -0.01502200
v 0.05787700 0.00778300 -0.01502200
v 0.05643000 0.00778300 -0.01571000
v 0.05643000 0.00778300 -0.01571000
v 0.05527600 0.00778300 -0.01682000
v 0.05527600 0.00778300 -0.01682000
v 0.05453100 0.00778300 -0.01823700
v 0.05453100 0.00778300 -0.01823700
v 0.05453100 0.00778300 -0.01823700
v 0.05433600 0.00778300 -0.01881200
v 0.05433600 0.00778300 -0.01881200
v 0.05413400 0.00778300 -0.01938400
v 0.05413400 0.00778300 -0.01938400
v 0.05392700 0.00778300 -0.01995400
v 0.05392700 0.00778300 -0.01995400
v 0.05392700 0.00778300 -0.01995400
v 0.05374600 0.00778300 -0.02117500
v 0.05374600 0.00778300 -0.02117500
v 0.05407200 0.00778300 -0.02236600
v 0.05407200 0.00778300 -0.02236600
v 0.05485000 0.00778300 -0.02332500
v 0.05485000 0.00778300 -0.02332500
v 0.05594900 0.00778300 -0.02388900
v 0.05594900 0.00778300 -0.02388900
v 0.05594900 0.00778300 -0.02388900
v 0.06120400 0.00778300 -0.02558100
v 0.06120400 0.00778300 -0.02558100
v 0.06628800 0.00778300 -0.02773400
v 0.06628800 0.00778300 -0.02773400
v 0.07116000 0.00778300 -0.03033000
v 0.07116000 0.00778300 -0.03033000
v 0.07578200 0.00778300 -0.03335000
v 0.07578200 0.00778300 -0.03335000
v 0.07578200 0.00778300 -0.03335000
v 0.07702700 0.00778300 -0.03387100
v 0.07702700 0.00778300 -0.03387100
v 0.07837400 0.00778300 -0.03379400
v 0.07837400 0.00778300 -0.03379400
v 0.07955100 0.00778300 -0.03313400
v 0.07955100 0.00778300 -0.03313400
v 0.08032000 0.00778300 -0.03202500
v 0.08032000 0.00778300 -0.03202500
v 0.08032000 0.00778300 -0.03202500
v 0.08115300 0.00778300 -0.02985100
v 0.08115300 0.00778300 -0.02985100
v 0.08192700 0.00778300 -0.02765500
v 0.08192700 0.00778300 -0.02765500
v 0.07490900 0.00778300 -0.04319100
v 0.07490900 0.00778300 -0.04319100
v 0.07490900 0.00778300 -0.04319100
v 0.07551700 0.00778300 -0.04146800
v 0.07551700 0.00778300 -0.04146800
v 0.07546600 0.00778300 -0.03964300
v 0.07546600 0.00778300 -0.03964300
v 0.07476300 0.00778300 -0.03795700
v 0.07476300 0.00778300 -0.03795700
v 0.07350100 0.00778300 -0.03663700
v 0.07350100 0.00778300 -0.03663700
v 0.07350100 0.00778300 -0.03663700
v 0.06911800 0.00778300 -0.03377000
v 0.06911800 0.00778300 -0.03377000
v 0.06449400 0.00778300 -0.03131000
v 0.06449400 0.00778300 -0.03131000
v 0.05966700 0.00778300 -0.02927700
v 0.05966700 0.00778300 -0.02927700
v 0.05467600 0.00778300 -0.02768800
v 0.05467600 0.00778300 -0.02768800
v 0.05467600 0.00778300 -0.02768800
v 0.05308300 0.00778300 -0.02752400
v 0.05308300 0.00778300 -0.02752400
v 0.05152000 0.00778300 -0.02787300
v 0.05152000 0.00778300 -0.02787300
v 0.05014700 0.00778300 -0.02869800
v 0.05014700 0.00778300 -0.02869800
v 0.04910600 0.00778300 -0.02991500
v 0.04910600 0.00778300 -0.02991500
v 0.04910600 0.00778300 -0.02991500
v 0.04878700 0.00778300 -0.03043100
v 0.04878700 0.00778300 -0.03043100
v 0.04846400 0.00778300 -0.03094400
v 0.04846400 0.00778300 -0.03094400
v 0.04813500 0.00778300 -0.03145300
v 0.04813500 0.00778300 -0.03145300
v 0.04813500 0.00778300 -0.03145300
v 0.04768600 0.00778300 -0.03260400
v 0.04768600 0.00778300 -0.03260400
v 0.04773900 0.00778300 -0.03383700
v 0.04773900 0.00778300 -0.03383700
v 0.04828500 0.00778300 -0.03494500
v 0.04828500 0.00778300 -0.03494500
v 0.04923000 0.00778300 -0.03573900
v 0.04923000 0.00778300 -0.03573900
v 0.04923000 0.00778300 -0.03573900
v 0.05397700 0.00778300 -0.03855900
v 0.05397700 0.00778300 -0.03855900
v 0.05845500 0.00778300 -0.04178900
v 0.05845500 0.00778300 -0.04178900
v 0.06262700 0.00778300 -0.04540400
v 0.06262700 0.00778300 -0.04540400
v 0.06646100 0.00778300 -0.04937700
v 0.06646100 0.00778300 -0.04937700
v 0.06646100 0.00778300 -0.04937700
v 0.06755800 0.00778300 -0.05016200
v 0.06755800 0.00778300 -0.05016200
v 0.06888900 0.00778300 -0.05038600
v 0.06888900 0.00778300 -0.05038600
v 0.07018300 0.00778300 -0.05000500
v 0.07018300 0.00778300 -0.05000500
v 0.07118000 0.00778300 -0.04909500
v 0.07118000 0.00778300 -0.04909500
v 0.07118000 0.00778300 -0.04909500
v 0.07247600 0.00778300 -0.04716100
v 0.07247600 0.00778300 -0.04716100
v 0.07371900 0.00778300 -0.04519200
v 0.07371900 0.00778300 -0.04519200
v 0.06342000 0.00778300 -0.05877700
v 0.06342000 0.00778300 -0.05877700
v 0.06342000 0.00778300 -0.05877700
v 0.06439600 0.00778300 -0.05723300
v 0.06439600 0.00778300 -0.05723300
v 0.06475300 0.00778300 -0.05544100
v 0.06475300 0.00778300 -0.05544100
v 0.06444200 0.00778300 -0.05364200
v 0.06444200 0.00778300 -0.05364200
v 0.06350600 0.00778300 -0.05207400
v 0.06350600 0.00778300 -0.05207400
v 0.06350600 0.00778300 -0.05207400
v 0.05987000 0.00778300 -0.04830300
v 0.05987000 0.00778300 -0.04830300
v 0.05591000 0.00778300 -0.04487600
v 0.05591000 0.00778300 -0.04487600
v 0.05165600 0.00778300 -0.04182000
v 0.05165600 0.00778300 -0.04182000
v 0.04714400 0.00778300 -0.03916000
v 0.04714400 0.00778300 -0.03916000
v 0.04714400 0.00778300 -0.03916000
v 0.04562700 0.00778300 -0.03864600
v 0.04562700 0.00778300 -0.03864600
v 0.04402600 0.00778300 -0.03863800
v 0.04402600 0.00778300 -0.03863800
v 0.04250400 0.00778300 -0.03913700
v 0.04250400 0.00778300 -0.03913700
v 0.04121800 0.00778300 -0.04009200
v 0.04121800 0.00778300 -0.04009200
v 0.04121800 0.00778300 -0.04009200
v 0.04079300 0.00778300 -0.04052400
v 0.04079300 0.00778300 -0.04052400
v 0.04036300 0.00778300 -0.04095200
v 0.04036300 0.00778300 -0.04095200
v 0.03992900 0.00778300 -0.04137600
v 0.03992900 0.00778300 -0.04137600
v 0.03992900 0.00778300 -0.04137600
v 0.03923600 0.00778300 -0.04239800
v 0.03923600 0.00778300 -0.04239800
v 0.03901300 0.00778300 -0.04361200
v 0.03901300 0.00778300 -0.04361200
v 0.03929800 0.00778300 -0.04481400
v 0.03929800 0.00778300 -0.04481400
v 0.04004300 0.00778300 -0.04579800
v 0.04004300 0.00778300 -0.04579800
v 0.04004300 0.00778300 -0.04579800
v 0.04404400 0.00778300 -0.04960300
v 0.04404400 0.00778300 -0.04960300
v 0.04769000 0.00778300 -0.05374800
v 0.04769000 0.00778300 -0.05374800
v 0.05095300 0.00778300 -0.05820200
v 0.05095300 0.00778300 -0.05820200
v 0.05380700 0.00778300 -0.06292800
v 0.05380700 0.00778300 -0.06292800
v 0.05380700 0.00778300 -0.06292800
v 0.05470200 0.00778300 -0.06393700
v 0.05470200 0.00778300 -0.06393700
v 0.05595000 0.00778300 -0.06445200
v 0.05595000 0.00778300 -0.06445200
v 0.05729600 0.00778300 -0.06436800
v 0.05729600 0.00778300 -0.06436800
v 0.05847000 0.00778300 -0.06370300
v 0.05847000 0.00778300 -0.06370300
v 0.05847000 0.00778300 -0.06370300
v 0.06016400 0.00778300 -0.06210600
v 0.06016400 0.00778300 -0.06210600
v 0.06181500 0.00778300 -0.06046300
v 0.06181500 0.00778300 -0.06046300
v 0.04875100 0.00778300 -0.07141500
v 0.04875100 0.00778300 -0.07141500
v 0.04875100 0.00778300 -0.07141500
v 0.05004600 0.00778300 -0.07012700
v 0.05004600 0.00778300 -0.07012700
v 0.05079200 0.00778300 -0.06846000
v 0.05079200 0.00778300 -0.06846000
v 0.05089000 0.00778300 -0.06663600
v 0.05089000 0.00778300 -0.06663600
v 0.05032600 0.00778300 -0.06489900
v 0.05032600 0.00778300 -0.06489900
v 0.05032600 0.00778300 -0.06489900
v 0.04762100 0.00778300 -0.06041400
v 0.04762100 0.00778300 -0.06041400
v 0.04452200 0.00778300 -0.05619200
v 0.04452200 0.00778300 -0.05619200
v 0.04105500 0.00778300 -0.05226600
v 0.04105500 0.00778300 -0.05226600
v 0.03724800 0.00778300 -0.04866900
v 0.03724800 0.00778300 -0.04866900
v 0.03724800 0.00778300 -0.04866900
v 0.03588400 0.00778300 -0.04783000
v 0.03588400 0.00778300 -0.04783000
v 0.03432400 0.00778300 -0.04746600
v 0.03432400 0.00778300 -0.04746600
v 0.03273000 0.00778300 -0.04761400
v 0.03273000 0.00778300 -0.04761400
v 0.03126300 0.00778300 -0.04825800
v 0.03126300 0.00778300 -0.04825800
v 0.03126300 0.00778300 -0.04825800
v 0.03075300 0.00778300 -0.04858500
v 0.03075300 0.00778300 -0.04858500
v 0.03023800 0.00778300 -0.04890700
v 0.03023800 0.00778300 -0.04890700
v 0.02972100 0.00778300 -0.04922300
v 0.02972100 0.00778300 -0.04922300
v 0.02972100 0.00778300 -0.04922300
v 0.02881800 0.00778300 -0.05006500
v 0.02881800 0.00778300 -0.05006500
v 0.02833000 0.00778300 -0.05120000
v 0.02833000 0.00778300 -0.05120000
v 0.02834100 0.00778300 -0.05243500
v 0.02834100 0.00778300 -0.05243500
v 0.02884800 0.00778300 -0.05356000
v 0.02884800 0.00778300 -0.05356000
v 0.02884800 0.00778300 -0.05356000
v 0.03190200 0.00778300 -0.05816000
v 0.03190200 0.00778300 -0.05816000
v 0.03453400 0.00778300 -0.06301300
v 0.03453400 0.00778300 -0.06301300
v 0.03672500 0.00778300 -0.06808100
v 0.03672500 0.00778300 -0.06808100
v 0.03845500 0.00778300 -0.07332300
v 0.03845500 0.00778300 -0.07332300
v 0.03845500 0.00778300 -0.07332300
v 0.03910400 0.00778300 -0.07450700
v 0.03910400 0.00778300 -0.07450700
v 0.04020500 0.00778300 -0.07528600
v 0.04020500 0.00778300 -0.07528600
v 0.04153700 0.00778300 -0.07550400
v 0.04153700 0.00778300 -0.07550400
v 0.04282900 0.00778300 -0.07511700
v 0.04282900 0.00778300 -0.07511700
v 0.04282900 0.00778300 -0.07511700
v 0.04483600 0.00778300 -0.07393600
v 0.04483600 0.00778300 -0.07393600
v 0.04681100 0.00778300 -0.07270200
v 0.04681100 0.00778300 -0.07270200
v 0.03163800 0.00778300 -0.08047300
v 0.03163800 0.00778300 -0.08047300
v 0.03163800 0.00778300 -0.08047300
v 0.03318700 0.00778300 -0.07950600
v 0.03318700 0.00778300 -0.07950600
v 0.03428500 0.00778300 -0.07804600
v 0.03428500 0.00778300 -0.07804600
v 0.03478600 0.00778300 -0.07629000
v 0.03478600 0.00778300 -0.07629000
v 0.03462300 0.00778300 -0.07447100
v 0.03462300 0.00778300 -0.07447100
v 0.03462300 0.00778300 -0.07447100
v 0.03298300 0.00778300 -0.06949600
v 0.03298300 0.00778300 -0.06949600
v 0.03090200 0.00778300 -0.06469000
v 0.03090200 0.00778300 -0.06469000
v 0.02839600 0.00778300 -0.06009100
v 0.02839600 0.00778300 -0.06009100
v 0.02548400 0.00778300 -0.05573700
v 0.02548400 0.00778300 -0.05573700
v 0.02548400 0.00778300 -0.05573700
v 0.02434100 0.00778300 -0.05461600
v 0.02434100 0.00778300 -0.05461600
v 0.02290100 0.00778300 -0.05391400
v 0.02290100 0.00778300 -0.05391400
v 0.02131400 0.00778300 -0.05370300
v 0.02131400 0.00778300 -0.05370300
v 0.01974100 0.00778300 -0.05400500
v 0.01974100 0.00778300 -0.05400500
v 0.01974100 0.00778300 -0.05400500
v 0.01917000 0.00778300 -0.05421000
v 0.01917000 0.00778300 -0.05421000
v 0.01859700 0.00778300 -0.05440900
v 0.01859700 0.00778300 -0.05440900
v 0.01802200 0.00778300 -0.05460300
v 0.01802200 0.00778300 -0.05460300
v 0.01802200 0.00778300 -0.05460300
v 0.01695400 0.00778300 -0.05522300
v 0.01695400 0.00778300 -0.05522300
v 0.01622700 0.00778300 -0.05622000
v 0.01622700 0.00778300 -0.05622000
v 0.01596300 0.00778300 -0.05742600
v 0.01596300 0.00778300 -0.05742600
v 0.01620700 0.00778300 -0.05863700
v 0.01620700 0.00778300 -0.05863700
v 0.01620700 0.00778300 -0.05863700
v 0.01816000 0.00778300 -0.06380100
v 0.01816000 0.00778300 -0.06380100
v 0.01964700 0.00778300 -0.06911800
v 0.01964700 0.00778300 -0.06911800
v 0.02065400 0.00778300 -0.07454600
v 0.02065400 0.00778300 -0.07454600
v 0.02117500 0.00778300 -0.08004200
v 0.02117500 0.00778300 -0.08004200
v 0.02117500 0.00778300 -0.08004200
v 0.02154400 0.00778300 -0.08134000
v 0.02154400 0.00778300 -0.08134000
v 0.02244400 0.00778300 -0.08234500
v 0.02244400 0.00778300 -0.08234500
v 0.02369400 0.00778300 -0.08285400
v 0.02369400 0.00778300 -0.08285400
v 0.02504000 0.00778300 -0.08276400
v 0.02504000 0.00778300 -0.08276400
v 0.02504000 0.00778300 -0.08276400
v 0.02726000 0.00778300 -0.08205900
v 0.02726000 0.00778300 -0.08205900
v 0.02945900 0.00778300 -0.08129600
v 0.02945900 0.00778300 -0.08129600
v 0.01293700 0.00778300 -0.08549500
v 0.01293700 0.00778300 -0.08549500
v 0.01293700 0.00778300 -0.08549500
v 0.01466300 0.00778300 -0.08489700
v 0.01466300 0.00778300 -0.08489700
v 0.01605900 0.00778300 -0.08371900
v 0.01605900 0.00778300 -0.08371900
v 0.01693800 0.00778300 -0.08211800
v 0.01693800 0.00778300 -0.08211800
v 0.01718300 0.00778300 -0.08030800
v 0.01718300 0.00778300 -0.08030800
v 0.01718300 0.00778300 -0.08030800
v 0.01669200 0.00778300 -0.07509300
v 0.01669200 0.00778300 -0.07509300
v 0.01573200 0.00778300 -0.06994500
v 0.01573200 0.00778300 -0.06994500
v 0.01431200 0.00778300 -0.06490300
v 0.01431200 0.00778300 -0.06490300
v 0.01244300 0.00778300 -0.06001100
v 0.01244300 0.00778300 -0.06001100
v 0.01244300 0.00778300 -0.06001100
v 0.01157700 0.00778300 -0.05866300
v 0.01157700 0.00778300 -0.05866300
v 0.01033000 0.00778300 -0.05765800
v 0.01033000 0.00778300 -0.05765800
v 0.00882900 0.00778300 -0.05709900
v 0.00882900 0.00778300 -0.05709900
v 0.00722900 0.00778300 -0.05704400
v 0.00722900 0.00778300 -0.05704400
v 0.00722900 0.00778300 -0.05704400
v 0.00662700 0.00778300 -0.05711700
v 0.00662700 0.00778300 -0.05711700
v 0.00602400 0.00778300 -0.05718400
v 0.00602400 0.00778300 -0.05718400
v 0.00542000 0.00778300 -0.05724400
v 0.00542000 0.00778300 -0.05724400
v 0.00542000 0.00778300 -0.05724400
v 0.00424100 0.00778300 -0.05761100
v 0.00424100 0.00778300 -0.05761100
v 0.00331000 0.00778300 -0.05842200
v 0.00331000 0.00778300 -0.05842200
v 0.00278400 0.00778300 -0.05953900
v 0.00278400 0.00778300 -0.05953900
v 0.00275200 0.00778300 -0.06077300
v 0.00275200 0.00778300 -0.06077300
v 0.00275200 0.00778300 -0.06077300
v 0.00350800 0.00778300 -0.06624200
v 0.00350800 0.00778300 -0.06624200
v 0.00377400 0.00778300 -0.07175600
v 0.00377400 0.00778300 -0.07175600
v 0.00354900 0.00778300 -0.07727300
v 0.00354900 0.00778300 -0.07727300
v 0.00283300 0.00778300 -0.08274700
v 0.00283300 0.00778300 -0.08274700
v 0.00283300 0.00778300 -0.08274700
v 0.00290400 0.00778300 -0.08409500
v 0.00290400 0.00778300 -0.08409500
v 0.00355800 0.00778300 -0.08527500
v 0.00355800 0.00778300 -0.08527500
v 0.00466300 0.00778300 -0.08604900
v 0.00466300 0.00778300 -0.08604900
v 0.00599600 0.00778300 -0.08626100
v 0.00599600 0.00778300 -0.08626100
v 0.00599600 0.00778300 -0.08626100
v 0.00831600 0.00778300 -0.08606800
v 0.00831600 0.00778300 -0.08606800
v 0.01063100 0.00778300 -0.08581300
v 0.01063100 0.00778300 -0.08581300
v -0.00641100 0.00778300 -0.08623100
v -0.00641100 0.00778300 -0.08623100
v -0.00641100 0.00778300 -0.08623100
v -0.00459600 0.00778300 -0.08603100
v -0.00459600 0.00778300 -0.08603100
v -0.00297300 0.00778300 -0.08519300
v -0.00297300 0.00778300 -0.08519300
v -0.00176000 0.00778300 -0.08382800
v -0.00176000 0.00778300 -0.08382800
v -0.00111800 0.00778300 -0.08211800
v -0.00111800 0.00778300 -0.08211800
v -0.00111800 0.00778300 -0.08211800
v -0.00043600 0.00778300 -0.07692500
v -0.00043600 0.00778300 -0.07692500
v -0.00022600 0.00778300 -0.07169200
v -0.00022600 0.00778300 -0.07169200
v -0.00048900 0.00778300 -0.06646100
v -0.00048900 0.00778300 -0.06646100
v -0.00122300 0.00778300 -0.06127500
v -0.00122300 0.00778300 -0.06127500
v -0.00122300 0.00778300 -0.06127500
v -0.00176700 0.00778300 -0.05976800
v -0.00176700 0.00778300 -0.05976800
v -0.00275900 0.00778300 -0.05851100
v -0.00275900 0.00778300 -0.05851100
v -0.00409800 0.00778300 -0.05763300
v -0.00409800 0.00778300 -0.05763300
v -0.00564600 0.00778300 -0.05722200
v -0.00564600 0.00778300 -0.05722200
v -0.00564600 0.00778300 -0.05722200
v -0.00624900 0.00778300 -0.05715900
v -0.00624900 0.00778300 -0.05715900
v -0.00685200 0.00778300 -0.05709000
v -0.00685200 0.00778300 -0.05709000
v -0.00745400 0.00778300 -0.05701500
v -0.00745400 0.00778300 -0.05701500
v -0.00745400 0.00778300 -0.05701500
v -0.00868500 0.00778300 -0.05711000
v -0.00868500 0.00778300 -0.05711000
v -0.00977300 0.00778300 -0.05769300
v -0.00977300 0.00778300 -0.05769300
v -0.01053500 0.00778300 -0.05866500
v -0.01053500 0.00778300 -0.05866500
v -0.01084000 0.00778300 -0.05986200
v -0.01084000 0.00778300 -0.05986200
v -0.01084000 0.00778300 -0.05986200
v -0.01132000 0.00778300 -0.06536200
v -0.01132000 0.00778300 -0.06536200
v -0.01228800 0.00778300 -0.07079700
v -0.01228800 0.00778300 -0.07079700
v -0.01373500 0.00778300 -0.07612500
v -0.01373500 0.00778300 -0.07612500
v -0.01565100 0.00778300 -0.08130300
v -0.01565100 0.00778300 -0.08130300
v -0.01565100 0.00778300 -0.08130300
v -0.01588200 0.00778300 -0.08263200
v -0.01588200 0.00778300 -0.08263200
v -0.01550700 0.00778300 -0.08392900
v -0.01550700 0.00778300 -0.08392900
v -0.01460200 0.00778300 -0.08492900
v -0.01460200 0.00778300 -0.08492900
v -0.01334900 0.00778300 -0.08543200
v -0.01334900 0.00778300 -0.08543200
v -0.01334900 0.00778300 -0.08543200
v -0.01104400 0.00778300 -0.08576100
v -0.01104400 0.00778300 -0.08576100
v -0.00873100 0.00778300 -0.08602700
v -0.00873100 0.00778300 -0.08602700
v -0.02543900 0.00778300 -0.08264200
v -0.02543900 0.00778300 -0.08264200
v -0.02543900 0.00778300 -0.08264200
v -0.02362400 0.00778300 -0.08285200
v -0.02362400 0.00778300 -0.08285200
v -0.02185600 0.00778300 -0.08239500
v -0.02185600 0.00778300 -0.08239500
v -0.02036900 0.00778300 -0.08133500
v -0.02036900 0.00778300 -0.08133500
v -0.01936300 0.00778300 -0.07981100
v -0.01936300 0.00778300 -0.07981100
v -0.01936300 0.00778300 -0.07981100
v -0.01754300 0.00778300 -0.07489900
v -0.01754300 0.00778300 -0.07489900
v -0.01617300 0.00778300 -0.06984400
v -0.01617300 0.00778300 -0.06984400
v -0.01526600 0.00778300 -0.06468600
v -0.01526600 0.00778300 -0.06468600
v -0.01482700 0.00778300 -0.05946600
v -0.01482700 0.00778300 -0.05946600
v -0.01482700 0.00778300 -0.05946600
v -0.01502200 0.00778300 -0.05787700
v -0.01502200 0.00778300 -0.05787700
v -0.01571000 0.00778300 -0.05643000
v -0.01571000 0.00778300 -0.05643000
v -0.01682000 0.00778300 -0.05527600
v -0.01682000 0.00778300 -0.05527600
v -0.01823700 0.00778300 -0.05453100
v -0.01823700 0.00778300 -0.05453100
v -0.01823700 0.00778300 -0.05453100
v -0.01881200 0.00778300 -0.05433600
v -0.01881200 0.00778300 -0.05433600
v -0.01938400 0.00778300 -0.05413400
v -0.01938400 0.00778300 -0.05413400
v -0.01995400 0.00778300 -0.05392700
v -0.01995400 0.00778300 -0.05392700
v -0.01995400 0.00778300 -0.05392700
v -0.02117500 0.00778300 -0.05374600
v -0.02117500 0.00778300 -0.05374600
v -0.02236600 0.00778300 -0.05407200
v -0.02236600 0.00778300 -0.05407200
v -0.02332500 0.00778300 -0.05485000
v -0.02332500 0.00778300 -0.05485000
v -0.02388900 0.00778300 -0.05594900
v -0.02388900 0.00778300 -0.05594900
v -0.02388900 0.00778300 -0.05594900
v -0.02558100 0.00778300 -0.06120400
v -0.02558100 0.00778300 -0.06120400
v -0.02773400 0.00778300 -0.06628800
v -0.02773400 0.00778300 -0.06628800
v -0.03033000 0.00778300 -0.07116000
v -0.03033000 0.00778300 -0.07116000
v -0.03335000 0.00778300 -0.07578200
v -0.03335000 0.00778300 -0.07578200
v -0.03335000 0.00778300 -0.07578200
v -0.03387100 0.00778300 -0.07702700
v -0.03387100 0.00778300 -0.07702700
v -0.03379400 0.00778300 -0.07837400
v -0.03379400 0.00778300 -0.07837400
v -0.03313400 0.00778300 -0.07955100
v -0.03313400 0.00778300 -0.07955100
v -0.03202500 0.00778300 -0.08032000
v -0.03202500 0.00778300 -0.08032000
v -0.03202500 0.00778300 -0.08032000
v -0.02985100 0.00778300 -0.08115300
v -0.02985100 0.00778300 -0.08115300
v -0.02765500 0.00778300 -0.08192700
v -0.02765500 0.00778300 -0.08192700
v -0.04319100 0.00778300 -0.07490900
v -0.04319100 0.00778300 -0.07490900
v -0.04319100 0.00778300 -0.07490900
v -0.04146800 0.00778300 -0.07551700
v -0.04146800 0.00778300 -0.07551700
v -0.03964300 0.00778300 -0.07546600
v -0.03964300 0.00778300 -0.07546600
v -0.03795700 0.00778300 -0.07476300
v -0.03795700 0.00778300 -0.07476300
v -0.03663700 0.00778300 -0.07350100
v -0.03663700 0.00778300 -0.07350100
v -0.03663700 0.00778300 -0.07350100
v -0.03377000 0.00778300 -0.06911800
v -0.03377000 0.00778300 -0.06911800
v -0.03131000 0.00778300 -0.06449400
v -0.03131000 0.00778300 -0.06449400
v -0.02927700 0.00778300 -0.05966700
v -0.02927700 0.00778300 -0.05966700
v -0.02768800 0.00778300 -0.05467600
v -0.02768800 0.00778300 -0.05467600
v -0.02768800 0.00778300 -0.05467600
v -0.02752400 0.00778300 -0.05308300
v -0.02752400 0.00778300 -0.05308300
v -0.02787300 0.00778300 -0.05152000
v -0.02787300 0.00778300 -0.05152000
v -0.02869800 0.00778300 -0.05014700
v -0.02869800 0.00778300 -0.05014700
v -0.02991500 0.00778300 -0.04910600
v -0.02991500 0.00778300 -0.04910600
v -0.02991500 0.00778300 -0.04910600
v -0.03043100 0.00778300 -0.04878700
v -0.03043100 0.00778300 -0.04878700
v -0.03094400 0.00778300 -0.04846400
v -0.03094400 0.00778300 -0.04846400
v -0.03145300 0.00778300 -0.04813500
v -0.03145300 0.00778300 -0.04813500
v -0.03145300 0.00778300 -0.04813500
v -0.03260400 0.00778300 -0.04768600
v -0.03260400 0.00778300 -0.04768600
v -0.03383700 0.00778300 -0.04773900
v -0.03383700 0.00778300 -0.04773900
v -0.03494500 0.00778300 -0.04828500
v -0.03494500 0.00778300 -0.04828500
v -0.03573900 0.00778300 -0.04923000
v -0.03573900 0.00778300 -0.04923000
v -0.03573900 0.00778300 -0.04923000
v -0.03855900 0.00778300 -0.05397700
v -0.03855900 0.00778300 -0.05397700
v -0.04178900 0.00778300 -0.05845500
v -0.04178900 0.00778300 -0.05845500
v -0.04540400 0.00778300 -0.06262700
v -0.04540400 0.00778300 -0.06262700
v -0.04937700 0.00778300 -0.06646100
v -0.04937700 0.00778300 -0.06646100
v -0.04937700 0.00778300 -0.06646100
v -0.05016200 0.00778300 -0.06755800
v -0.05016200 0.00778300 -0.06755800
v -0.05038600 0.00778300 -0.06888900
v -0.05038600 0.00778300 -0.06888900
v -0.05000500 0.00778300 -0.07018300
v -0.05000500 0.00778300 -0.07018300
v -0.04909500 0.00778300 -0.07118000
v -0.04909500 0.00778300 -0.07118000
v -0.04909500 0.00778300 -0.07118000
v -0.04716100 0.00778300 -0.07247600
v -0.04716100 0.00778300 -0.07247600
v -0.04519200 0.00778300 -0.07371900
v -0.04519200 0.00778300 -0.07371900
v -0.05877700 0.00778300 -0.06342000
v -0.05877700 0.00778300 -0.06342000
v -0.05877700 0.00778300 -0.06342000
v -0.05723300 0.00778300 -0.06439600
v -0.05723300 0.00778300 -0.06439600
v -0.05544100 0.00778300 -0.06475300
v -0.05544100 0.00778300 -0.06475300
v -0.05364200 0.00778300 -0.06444200
v -0.05364200 0.00778300 -0.06444200
v -0.05207400 0.00778300 -0.06350600
v -0.05207400 0.00778300 -0.06350600
v -0.05207400 0.00778300 -0.06350600
v -0.04830300 0.00778300 -0.05987000
v -0.04830300 0.00778300 -0.05987000
v -0.04487600 0.00778300 -0.05591000
v -0.04487600 0.00778300 -0.05591000
v -0.04182000 0.00778300 -0.05165600
v -0.04182000 0.00778300 -0.05165600
v -0.03916000 0.00778300 -0.04714400
v -0.03916000 0.00778300 -0.04714400
v -0.03916000 0.00778300 -0.04714400
v -0.03864600 0.00778300 -0.04562700
v -0.03864600 0.00778300 -0.04562700
v -0.03863800 0.00778300 -0.04402600
v -0.03863800 0.00778300 -0.04402600
v -0.03913700 0.00778300 -0.04250400
v -0.03913700 0.00778300 -0.04250400
v -0.04009200 0.00778300 -0.04121800
v -0.04009200 0.00778300 -0.04121800
v -0.04009200 0.00778300 -0.04121800
v -0.04052400 0.00778300 -0.04079300
v -0.04052400 0.00778300 -0.04079300
v -0.04095200 0.00778300 -0.04036300
v -0.04095200 0.00778300 -0.04036300
v -0.04137600 0.00778300 -0.03992900
v -0.04137600 0.00778300 -0.03992900
v -0.04137600 0.00778300 -0.03992900
v -0.04239800 0.00778300 -0.03923600
v -0.04239800 0.00778300 -0.03923600
v -0.04361200 0.00778300 -0.03901300
v -0.04361200 0.00778300 -0.03901300
v -0.04481400 0.00778300 -0.03929800
v -0.04481400 0.00778300 -0.03929800
v -0.04579800 0.00778300 -0.04004300
v -0.04579800 0.00778300 -0.04004300
v -0.04579800 0.00778300 -0.04004300
v -0.04960300 0.00778300 -0.04404400
v -0.04960300 0.00778300 -0.04404400
v -0.05374800 0.00778300 -0.04769000
v -0.05374800 0.00778300 -0.04769000
v -0.05820200 0.00778300 -0.05095300
v -0.05820200 0.00778300 -0.05095300
v -0.06292800 0.00778300 -0.05380700
v -0.06292800 0.00778300 -0.05380700
v -0.06292800 0.00778300 -0.05380700
v -0.06393700 0.00778300 -0.05470200
v -0.06393700 0.00778300 -0.05470200
v -0.06445200 0.00778300 -0.05595000
v -0.06445200 0.00778300 -0.05595000
v -0.06436800 0.00778300 -0.05729600
v -0.06436800 0.00778300 -0.05729600
v -0.06370300 0.00778300 -0.05847000
v -0.06370300 0.00778300 -0.05847000
v -0.06370300 0.00778300 -0.05847000
v -0.06210600 0.00778300 -0.06016400
v -0.06210600 0.00778300 -0.06016400
v -0.06046300 0.00778300 -0.06181500
v -0.06046300 0.00778300 -0.06181500
v -0.07141500 0.00778300 -0.04875100
v -0.07141500 0.00778300 -0.04875100
v -0.07141500 0.00778300 -0.04875100
v -0.07012700 0.00778300 -0.05004600
v -0.07012700 0.00778300 -0.05004600
v -0.06846000 0.00778300 -0.05079200
v -0.06846000 0.00778300 -0.05079200
v -0.06663600 0.00778300 -0.05089000
v -0.06663600 0.00778300 -0.05089000
v -0.06489900 0.00778300 -0.05032600
v -0.06489900 0.00778300 -0.05032600
v -0.06489900 0.00778300 -0.05032600
v -0.06041400 0.00778300 -0.04762100
v -0.06041400 0.00778300 -0.04762100
v -0.05619200 0.00778300 -0.04452200
v -0.05619200 0.00778300 -0.04452200
v -0.05226600 0.00778300 -0.04105500
v -0.05226600 0.00778300 -0.04105500
v -0.04866900 0.00778300 -0.03724800
v -0.04866900 0.00778300 -0.03724800
v -0.04866900 0.00778300 -0.03724800
v -0.04783000 0.00778300 -0.03588400
v -0.04783000 0.00778300 -0.03588400
v -0.04746600 0.00778300 -0.03432400
v -0.04746600 0.00778300 -0.03432400
v -0.04761400 0.00778300 -0.03273000
v -0.04761400 0.00778300 -0.03273000
v -0.04825800 0.00778300 -0.03126300
v -0.04825800 0.00778300 -0.03126300
v -0.04825800 0.00778300 -0.03126300
v -0.04858500 0.00778300 -0.03075300
v -0.04858500 0.00778300 -0.03075300
v -0.04890700 0.00778300 -0.03023800
v -0.04890700 0.00778300 -0.03023800
v -0.04922300 0.00778300 -0.02972100
v -0.04922300 0.00778300 -0.02972100
v -0.04922300 0.00778300 -0.02972100
v -0.05006500 0.00778300 -0.02881800
v -0.05006500 0.00778300 -0.02881800
v -0.05120000 0.00778300 -0.02833000
v -0.05120000 0.00778300 -0.02833000
v -0.05243500 0.00778300 -0.02834100
v -0.05243500 0.00778300 -0.02834100
v -0.05356000 0.00778300 -0.02884800
v -0.05356000 0.00778300 -0.02884800
v -0.05356000 0.00778300 -0.02884800
v -0.05816000 0.00778300 -0.03190200
v -0.05816000 0.00778300 -0.03190200
v -0.06301300 0.00778300 -0.03453400
v -0.06301300 0.00778300 -0.03453400
v -0.06808100 0.00778300 -0.03672500
v -0.06808100 0.00778300 -0.03672500
v -0.07332300 0.00778300 -0.03845500
v -0.07332300 0.00778300 -0.03845500
v -0.07332300 0.00778300 -0.03845500
v -0.07450700 0.00778300 -0.03910400
v -0.07450700 0.00778300 -0.03910400
v -0.07528600 0.00778300 -0.04020500
v -0.07528600 0.00778300 -0.04020500
v -0.07550400 0.00778300 -0.04153700
v -0.07550400 0.00778300 -0.04153700
v -0.07511700 0.00778300 -0.04282900
v -0.07511700 0.00778300 -0.04282900
v -0.07511700 0.00778300 -0.04282900
v -0.07393600 0.00778300 -0.04483600
v -0.07393600 0.00778300 -0.04483600
v -0.07270200 0.00778300 -0.04681100
v -0.07270200 0.00778300 -0.04681100
v -0.08047300 0.00778300 -0.03163800
v -0.08047300 0.00778300 -0.03163800
v -0.08047300 0.00778300 -0.03163800
v -0.07950600 0.00778300 -0.03318700
v -0.07950600 0.00778300 -0.03318700
v -0.07804600 0.00778300 -0.03428500
v -0.07804600 0.00778300 -0.03428500
v -0.07629000 0.00778300 -0.03478600
v -0.07629000 0.00778300 -0.03478600
v -0.07447100 0.00778300 -0.03462300
v -0.07447100 0.00778300 -0.03462300
v -0.07447100 0.00778300 -0.03462300
v -0.06949600 0.00778300 -0.03298300
v -0.06949600 0.00778300 -0.03298300
v -0.06469000 0.00778300 -0.03090200
v -0.06469000 0.00778300 -0.03090200
v -0.06009100 0.00778300 -0.02839600
v -0.06009100 0.00778300 -0.02839600
v -0.05573700 0.00778300 -0.02548400
v -0.05573700 0.00778300 -0.02548400
v -0.05573700 0.00778300 -0.02548400
v -0.05461600 0.00778300 -0.02434100
v -0.05461600 0.00778300 -0.02434100
v -0.05391400 0.00778300 -0.02290100
v -0.05391400 0.00778300 -0.02290100
v -0.05370300 0.00778300 -0.02131400
v -0.05370300 0.00778300 -0.02131400
v -0.05400500 0.00778300 -0.01974100
v -0.05400500 0.00778300 -0.01974100
v -0.05400500 0.00778300 -0.01974100
v -0.05421000 0.00778300 -0.01917000
v -0.05421000 0.00778300 -0.01917000
v -0.05440900 0.00778300 -0.01859700
v -0.05440900 0.00778300 -0.01859700
v -0.05460300 0.00778300 -0.01802200
v -0.05460300 0.00778300 -0.01802200
v -0.05460300 0.00778300 -0.01802200
v -0.05522300 0.00778300 -0.01695400
v -0.05522300 0.00778300 -0.01695400
v -0.05622000 0.00778300 -0.01622700
v -0.05622000 0.00778300 -0.01622700
v -0.05742600 0.00778300 -0.01596300
v -0.05742600 0.00778300 -0.01596300
v -0.05863700 0.00778300 -0.01620700
v -0.05863700 0.00778300 -0.01620700
v -0.05863700 0.00778300 -0.01620700
v -0.06380100 0.00778300 -0.01816000
v -0.06380100 0.00778300 -0.01816000
v -0.06911800 0.00778300 -0.01964700
v -0.06911800 0.00778300 -0.01964700
v -0.07454600 0.00778300 -0.02065400
v -0.07454600 0.00778300 -0.02065400
v -0.08004200 0.00778300 -0.02117500
v -0.08004200 0.00778300 -0.02117500
v -0.08004200 0.00778300 -0.02117500
v -0.08134000 0.00778300 -0.02154400
v -0.08134000 0.00778300 -0.02154400
v -0.08234500 0.00778300 -0.02244400
v -0.08234500 0.00778300 -0.02244400
v -0.08285400 0.00778300 -0.02369400
v -0.08285400 0.00778300 -0.02369400
v -0.08276400 0.00778300 -0.02504000
v -0.08276400 0.00778300 -0.02504000
v -0.08276400 0.00778300 -0.02504000
v -0.08205900 0.00778300 -0.02726000
v -0.08205900 0.00778300 -0.02726000
v -0.08129600 0.00778300 -0.02945900
v -0.08129600 0.00778300 -0.02945900
v -0.08549500 0.00778300 -0.01293700
v -0.08549500 0.00778300 -0.01293700
v -0.08549500 0.00778300 -0.01293700
v -0.08489700 0.00778300 -0.01466300
v -0.08489700 0.00778300 -0.01466300
v -0.08371900 0.00778300 -0.01605900
v -0.08371900 0.00778300 -0.01605900
v -0.08211800 0.00778300 -0.01693800
v -0.08211800 0.00778300 -0.01693800
v -0.08030800 0.00778300 -0.01718300
v -0.08030800 0.00778300 -0.01718300
v -0.08030800 0.00778300 -0.01718300
v -0.07509300 0.00778300 -0.01669200
v -0.07509300 0.00778300 -0.01669200
v -0.06994500 0.00778300 -0.01573200
v -0.06994500 0.00778300 -0.01573200
v -0.06490300 0.00778300 -0.01431200
v -0.06490300 0.00778300 -0.01431200
v -0.06001100 0.00778300 -0.01244300
v -0.06001100 0.00778300 -0.01244300
v -0.06001100 0.00778300 -0.01244300
v -0.05866300 0.00778300 -0.01157700
v -0.05866300 0.00778300 -0.01157700
v -0.05765800 0.00778300 -0.01033000
v -0.05765800 0.00778300 -0.01033000
v -0.05709900 0.00778300 -0.00882900
v -0.05709900 0.00778300 -0.00882900
v -0.05704400 0.00778300 -0.00722900
v -0.05704400 0.00778300 -0.00722900
v -0.05704400 0.00778300 -0.00722900
v -0.05711700 0.00778300 -0.00662700
v -0.05711700 0.00778300 -0.00662700
v -0.05718400 0.00778300 -0.00602400
v -0.05718400 0.00778300 -0.00602400
v -0.05724400 0.00778300 -0.00542000
v -0.05724400 0.00778300 -0.00542000
v -0.05724400 0.00778300 -0.00542000
v -0.05761100 0.00778300 -0.00424100
v -0.05761100 0.00778300 -0.00424100
v -0.05842200 0.00778300 -0.00331000
v -0.05842200 0.00778300 -0.00331000
v -0.05953900 0.00778300 -0.00278400
v -0.05953900 0.00778300 -0.00278400
v -0.06077300 0.00778300 -0.00275200
v -0.06077300 0.00778300 -0.00275200
v -0.06077300 0.00778300 -0.00275200
v -0.06624200 0.00778300 -0.00350800
v -0.06624200 0.00778300 -0.00350800
v -0.07175600 0.00778300 -0.00377400
v -0.07175600 0.00778300 -0.00377400
v -0.07727300 0.00778300 -0.00354900
v -0.07727300 0.00778300 -0.00354900
v -0.08274700 0.00778300 -0.00283300
v -0.08274700 0.00778300 -0.00283300
v -0.08274700 0.00778300 -0.00283300
v -0.08409500 0.00778300 -0.00290400
v -0.08409500 0.00778300 -0.00290400
v -0.08527500 0.00778300 -0.00355800
v -0.08527500 0.00778300 -0.00355800
v -0.08604900 0.00778300 -0.00466300
v -0.08604900 0.00778300 -0.00466300
v -0.08626100 0.00778300 -0.00599600
v -0.08626100 0.00778300 -0.00599600
v -0.08626100 0.00778300 -0.00599600
v -0.08606800 0.00778300 -0.00831600
v -0.08606800 0.00778300 -0.00831600
v -0.08581300 0.00778300 -0.01063100
v -0.08581300 0.00778300 -0.01063100
v -0.08623100 0.00778300 0.00641100
v -0.08623100 0.00778300 0.00641100
v -0.08623100 0.00778300 0.00641100
v -0.08603100 0.00778300 0.00459600
v -0.08603100 0.00778300 0.00459600
v -0.08519300 0.00778300 0.00297300
v -0.08519300 0.00778300 0.00297300
v -0.08382800 0.00778300 0.00176000
v -0.08382800 0.00778300 0.00176000
v -0.08211800 0.00778300 0.00111800
v -0.08211800 0.00778300 0.00111800
v -0.08211800 0.00778300 0.00111800
v -0.07692500 0.00778300 0.00043600
v -0.07692500 0.00778300 0.00043600
v -0.07169200 0.00778300 0.00022600
v -0.07169200 0.00778300 0.00022600
v -0.06646100 0.00778300 0.00048900
v -0.06646100 0.00778300 0.00048900
v -0.06127500 0.00778300 0.00122300
v -0.06127500 0.00778300 0.00122300
v -0.06127500 0.00778300 0.00122300
v -0.05976800 0.00778300 0.00176700
v -0.05976800 0.00778300 0.00176700
v -0.05851100 0.00778300 0.00275900
v -0.05851100 0.00778300 0.00275900
v -0.05763300 0.00778300 0.00409800
v -0.05763300 0.00778300 0.00409800
v -0.05722200 0.00778300 0.00564600
v -0.05722200 0.00778300 0.00564600
v -0.05722200 0.00778300 0.00564600
v -0.05715900 0.00778300 0.00624900
v -0.05715900 0.00778300 0.00624900
v -0.05709000 0.00778300 0.00685200
v -0.05709000 0.00778300 0.00685200
v -0.05701500 0.00778300 0.00745400
v -0.05701500 0.00778300 0.00745400
v -0.05701500 0.00778300 0.00745400
v -0.05711000 0.00778300 0.00868500
v -0.05711000 0.00778300 0.00868500
v -0.05769300 0.00778300 0.00977300
v -0.05769300 0.00778300 0.00977300
v -0.05866500 0.00778300 0.01053500
v -0.05866500 0.00778300 0.01053500
v -0.05986200 0.00778300 0.01084000
v -0.05986200 0.00778300 0.01084000
v -0.05986200 0.00778300 0.01084000
v -0.06536200 0.00778300 0.01132000
v -0.06536200 0.00778300 0.01132000
v -0.07079700 0.00778300 0.01228800
v -0.07079700 0.00778300 0.01228800
v -0.07612500 0.00778300 0.01373500
v -0.07612500 0.00778300 0.01373500
v -0.08130300 0.00778300 0.01565100
v -0.08130300 0.00778300 0.01565100
v -0.08130300 0.00778300 0.01565100
v -0.08263200 0.00778300 0.01588200
v -0.08263200 0.00778300 0.01588200
v -0.08392900 0.00778300 0.01550700
v -0.08392900 0.00778300 0.01550700
v -0.08492900 0.00778300 0.01460200
v -0.08492900 0.00778300 0.01460200
v -0.08543200 0.00778300 0.01334900
v -0.08543200 0.00778300 0.01334900
v -0.08543200 0.00778300 0.01334900
v -0.08576100 0.00778300 0.01104400
v -0.08576100 0.00778300 0.01104400
v -0.08602700 0.00778300 0.00873100
v -0.08602700 0.00778300 0.00873100
v -0.08264200 0.00778300 0.02543900
v -0.08264200 0.00778300 0.02543900
v -0.08264200 0.00778300 0.02543900
v -0.08285200 0.00778300 0.02362400
v -0.08285200 0.00778300 0.02362400
v -0.08239500 0.00778300 0.02185600
v -0.08239500 0.00778300 0.02185600
v -0.08133500 0.00778300 0.02036900
v -0.08133500 0.00778300 0.02036900
v -0.07981100 0.00778300 0.01936300
v -0.07981100 0.00778300 0.01936300
v -0.07981100 0.00778300 0.01936300
v -0.07489900 0.00778300 0.01754300
v -0.07489900 0.00778300 0.01754300
v -0.06984400 0.00778300 0.01617300
v -0.06984400 0.00778300 0.01617300
v -0.06468600 0.00778300 0.01526600
v -0.06468600 0.00778300 0.01526600
v -0.05946600 0.00778300 0.01482700
v -0.05946600 0.00778300 0.01482700
v -0.05946600 0.00778300 0.01482700
v -0.05787700 0.00778300 0.01502200
v -0.05787700 0.00778300 0.01502200
v -0.05643000 0.00778300 0.01571000
v -0.05643000 0.00778300 0.01571000
v -0.05527600 0.00778300 0.01682000
v -0.05527600 0.00778300 0.01682000
v -0.05453100 0.00778300 0.01823700
v -0.05453100 0.00778300 0.01823700
v -0.05453100 0.00778300 0.01823700
v -0.05433600 0.00778300 0.01881200
v -0.05433600 0.00778300 0.01881200
v -0.05413400 0.00778300 0.01938400
v -0.05413400 0.00778300 0.01938400
v -0.05392700 0.00778300 0.01995400
v -0.05392700 0.00778300 0.01995400
v -0.05392700 0.00778300 0.01995400
v -0.05374600 0.00778300 0.02117500
v -0.05374600 0.00778300 0.02117500
v -0.05407200 0.00778300 0.02236600
v -0.05407200 0.00778300 0.02236600
v -0.05485000 0.00778300 0.02332500
v -0.05485000 0.00778300 0.02332500
v -0.05594900 0.00778300 0.02388900
v -0.05594900 0.00778300 0.02388900
v -0.05594900 0.00778300 0.02388900
v -0.06120400 0.00778300 0.02558100
v -0.06120400 0.00778300 0.02558100
v -0.06628800 0.00778300 0.02773400
v -0.06628800 0.00778300 0.02773400
v -0.07116000 0.00778300 0.03033000
v -0.07116000 0.00778300 0.03033000
v -0.07578200 0.00778300 0.03335000
v -0.07578200 0.00778300 0.03335000
v -0.07578200 0.00778300 0.03335000
v -0.07702700 0.00778300 0.03387100
v -0.07702700 0.00778300 0.03387100
v -0.07837400 0.00778300 0.03379400
v -0.07837400 0.00778300 0.03379400
v -0.07955100 0.00778300 0.03313400
v -0.07955100 0.00778300 0.03313400
v -0.08032000 0.00778300 0.03202500
v -0.08032000 0.00778300 0.03202500
v -0.08032000 0.00778300 0.03202500
v -0.08115300 0.00778300 0.02985100
v -0.08115300 0.00778300 0.02985100
v -0.08192700 0.00778300 0.02765500
v -0.08192700 0.00778300 0.02765500
v -0.07490900 0.00778300 0.04319100
v -0.07490900 0.00778300 0.04319100
v -0.07490900 0.00778300 0.04319100
v -0.07551700 0.00778300 0.04146800
v -0.07551700 0.00778300 0.04146800
v -0.07546600 0.00778300 0.03964300
v -0.07546600 0.00778300 0.03964300
v -0.07476300 0.00778300 0.03795700
v -0.07476300 0.00778300 0.03795700
v -0.07350100 0.00778300 0.03663700
v -0.07350100 0.00778300 0.03663700
v -0.07350100 0.00778300 0.03663700
v -0.06911800 0.00778300 0.03377000
v -0.06911800 0.00778300 0.03377000
v -0.06449400 0.00778300 0.03131000
v -0.06449400 0.00778300 0.03131000
v -0.05966700 0.00778300 0.02927700
v -0.05966700 0.00778300 0.02927700
v -0.05467600 0.00778300 0.02768800
v -0.05467600 0.00778300 0.02768800
v -0.05467600 0.00778300 0.02768800
v -0.05308300 0.00778300 0.02752400
v -0.05308300 0.00778300 0.02752400
v -0.05152000 0.00778300 0.02787300
v -0.05152000 0.00778300 0.02787300
v -0.05014700 0.00778300 0.02869800
v -0.05014700 0.00778300 0.02869800
v -0.04910600 0.00778300 0.02991500
v -0.04910600 0.00778300 0.02991500
v -0.04910600 0.00778300 0.02991500
v -0.04878700 0.00778300 0.03043100
v -0.04878700 0.00778300 0.03043100
v -0.04846400 0.00778300 0.03094400
v -0.04846400 0.00778300 0.03094400
v -0.04813500 0.00778300 0.03145300
v -0.04813500 0.00778300 0.03145300
v -0.04813500 0.00778300 0.03145300
v -0.04768600 0.00778300 0.03260400
v -0.04768600 0.00778300 0.03260400
v -0.04773900 0.00778300 0.03383700
v -0.04773900 0.00778300 0.03383700
v -0.04828500 0.00778300 0.03494500
v -0.04828500 0.00778300 0.03494500
v -0.04923000 0.00778300 0.03573900
v -0.04923000 0.00778300 0.03573900
v -0.04923000 0.00778300 0.03573900
v -0.05397700 0.00778300 0.03855900
v -0.05397700 0.00778300 0.03855900
v -0.05845500 0.00778300 0.04178900
v -0.05845500 0.00778300 0.04178900
v -0.06262700 0.00778300 0.04540400
v -0.06262700 0.00778300 0.04540400
v -0.06646100 0.00778300 0.04937700
v -0.06646100 0.00778300 0.04937700
v -0.06646100 0.00778300 0.04937700
v -0.06755800 0.00778300 0.05016200
v -0.06755800 0.00778300 0.05016200
v -0.06888900 0.00778300 0.05038600
v -0.06888900 0.00778300 0.05038600
v -0.07018300 0.00778300 0.05000500
v -0.07018300 0.00778300 0.05000500
v -0.07118000 0.00778300 0.04909500
v -0.07118000 0.00778300 0.04909500
v -0.07118000 0.00778300 0.04909500
v -0.07247600 0.00778300 0.04716100
v -0.07247600 0.00778300 0.04716100
v -0.07371900 0.00778300 0.04519200
v -0.07371900 0.00778300 0.04519200
v -0.06342000 0.00778300 0.05877700
v -0.06342000 0.00778300 0.05877700
v -0.06342000 0.00778300 0.05877700
v -0.06439600 0.00778300 0.05723300
v -0.06439600 0.00778300 0.05723300
v -0.06475300 0.00778300 0.05544100
v -0.06475300 0.00778300 0.05544100
v -0.06444200 0.00778300 0.05364200
v -0.06444200 0.00778300 0.05364200
v -0.06350600 0.00778300 0.05207400
v -0.06350600 0.00778300 0.05207400
v -0.06350600 0.00778300 0.05207400
v -0.05987000 0.00778300 0.04830300
v -0.05987000 0.00778300 0.04830300
v -0.05591000 0.00778300 0.04487600
v -0.05591000 0.00778300 0.04487600
v -0.05165600 0.00778300 0.04182000
v -0.05165600 0.00778300 0.04182000
v -0.04714400 0.00778300 0.03916000
v -0.04714400 0.00778300 0.03916000
v -0.04714400 0.00778300 0.03916000
v -0.04562700 0.00778300 0.03864600
v -0.04562700 0.00778300 0.03864600
v -0.04402600 0.00778300 0.03863800
v -0.04402600 0.00778300 0.03863800
v -0.04250400 0.00778300 0.03913700
v -0.04250400 0.00778300 0.03913700
v -0.04121800 0.00778300 0.04009200
v -0.04121800 0.00778300 0.04009200
v -0.04121800 0.00778300 0.04009200
v -0.04079300 0.00778300 0.04052400
v -0.04079300 0.00778300 0.04052400
v -0.04036300 0.00778300 0.04095200
v -0.04036300 0.00778300 0.04095200
v -0.03992900 0.00778300 0.04137600
v -0.03992900 0.00778300 0.04137600
v -0.03992900 0.00778300 0.04137600
v -0.03923600 0.00778300 0.04239800
v -0.03923600 0.00778300 0.04239800
v -0.03901300 0.00778300 0.04361200
v -0.03901300 0.00778300 0.04361200
v -0.03929800 0.00778300 0.04481400
v -0.03929800 0.00778300 0.04481400
v -0.04004300 0.00778300 0.04579800
v -0.04004300 0.00778300 0.04579800
v -0.04004300 0.00778300 0.04579800
v -0.04404400 0.00778300 0.04960300
v -0.04404400 0.00778300 0.04960300
v -0.04769000 0.00778300 0.05374800
v -0.04769000 0.00778300 0.05374800
v -0.05095300 0.00778300 0.05820200
v -0.05095300 0.00778300 0.05820200
v -0.05380700 0.00778300 0.06292800
v -0.05380700 0.00778300 0.06292800
v -0.05380700 0.00778300 0.06292800
v -0.05470200 0.00778300 0.06393700
v -0.05470200 0.00778300 0.06393700
v -0.05595000 0.00778300 0.06445200
v -0.05595000 0.00778300 0.06445200
v -0.05729600 0.00778300 0.06436800
v -0.05729600 0.00778300 0.06436800
v -0.05847000 0.00778300 0.06370300
v -0.05847000 0.00778300 0.06370300
v -0.05847000 0.00778300 0.06370300
v -0.06016400 0.00778300 0.06210600
v -0.06016400 0.00778300 0.06210600
v -0.06181500 0.00778300 0.06046300
v -0.06181500 0.00778300 0.06046300
v -0.04875100 0.00778300 0.07141500
v -0.04875100 0.00778300 0.07141500
v -0.04875100 0.00778300 0.07141500
v -0.05004600 0.00778300 0.07012700
v -0.05004600 0.00778300 0.07012700
v -0.05079200 0.00778300 0.06846000
v -0.05079200 0.00778300 0.06846000
v -0.05089000 0.00778300 0.06663600
v -0.05089000 0.00778300 0.06663600
v -0.05032600 0.00778300 0.06489900
v -0.05032600 0.00778300 0.06489900
v -0.05032600 0.00778300 0.06489900
v -0.04762100 0.00778300 0.06041400
v -0.04762100 0.00778300 0.06041400
v -0.04452200 0.00778300 0.05619200
v -0.04452200 0.00778300 0.05619200
v -0.04105500 0.00778300 0.05226600
v -0.04105500 0.00778300 0.05226600
v -0.03724800 0.00778300 0.04866900
v -0.03724800 0.00778300 0.04866900
v -0.03724800 0.00778300 0.04866900
v -0.03588400 0.00778300 0.04783000
v -0.03588400 0.00778300 0.04783000
v -0.03432400 0.00778300 0.04746600
v -0.03432400 0.00778300 0.04746600
v -0.03273000 0.00778300 0.04761400
v -0.03273000 0.00778300 0.04761400
v -0.03126300 0.00778300 0.04825800
v -0.03126300 0.00778300 0.04825800
v -0.03126300 0.00778300 0.04825800
v -0.03075300 0.00778300 0.04858500
v -0.03075300 0.00778300 0.04858500
v -0.03023800 0.00778300 0.04890700
v -0.03023800 0.00778300 0.04890700
v -0.02972100 0.00778300 0.04922300
v -0.02972100 0.00778300 0.04922300
v -0.02972100 0.00778300 0.04922300
v -0.02881800 0.00778300 0.05006500
v -0.02881800 0.00778300 0.05006500
v -0.02833000 0.00778300 0.05120000
v -0.02833000 0.00778300 0.05120000
v -0.02834100 0.00778300 0.05243500
v -0.02834100 0.00778300 0.05243500
v -0.02884800 0.00778300 0.05356000
v -0.02884800 0.00778300 0.05356000
v -0.02884800 0.00778300 0.05356000
v -0.03190200 0.00778300 0.05816000
v -0.03190200 0.00778300 0.05816000
v -0.03453400 0.00778300 0.06301300
v -0.03453400 0.00778300 0.06301300
v -0.03672500 0.00778300 0.06808100
v -0.03672500 0.00778300 0.06808100
v -0.03845500 0.00778300 0.07332300
v -0.03845500 0.00778300 0.07332300
v -0.03845500 0.00778300 0.07332300
v -0.03910400 0.00778300 0.07450700
v -0.03910400 0.00778300 0.07450700
v -0.04020500 0.00778300 0.07528600
v -0.04020500 0.00778300 0.07528600
v -0.04153700 0.00778300 0.07550400
v -0.04153700 0.00778300 0.07550400
v -0.04282900 0.00778300 0.07511700
v -0.04282900 0.00778300 0.07511700
v -0.04282900 0.00778300 0.07511700
v -0.04483600 0.00778300 0.07393600
v -0.04483600 0.00778300 0.07393600
v -0.04681100 0.00778300 0.07270200
v -0.04681100 0.00778300 0.07270200
v -0.03163800 0.00778300 0.08047300
v -0.03163800 0.00778300 0.08047300
v -0.03163800 0.00778300 0.08047300
v -0.03318700 0.00778300 0.07950600
v -0.03318700 0.00778300 0.07950600
v -0.03428500 0.00778300 0.07804600
v -0.03428500 0.00778300 0.07804600
v -0.03478600 0.00778300 0.07629000
v -0.03478600 0.00778300 0.07629000
v -0.03462300 0.00778300 0.07447100
v -0.03462300 0.00778300 0.07447100
v -0.03462300 0.00778300 0.07447100
v -0.03298300 0.00778300 0.06949600
v -0.03298300 0.00778300 0.06949600
v -0.03090200 0.00778300 0.06469000
v -0.03090200 0.00778300 0.06469000
v -0.02839600 0.00778300 0.06009100
v -0.02839600 0.00778300 0.06009100
v -0.02548400 0.00778300 0.05573700
v -0.02548400 0.00778300 0.05573700
v -0.02548400 0.00778300 0.05573700
v -0.02434100 0.00778300 0.05461600
v -0.02434100 0.00778300 0.05461600
v -0.02290100 0.00778300 0.05391400
v -0.02290100 0.00778300 0.05391400
v -0.02131400 0.00778300 0.05370300
v -0.02131400 0.00778300 0.05370300
v -0.01974100 0.00778300 0.05400500
v -0.01974100 0.00778300 0.05400500
v -0.01974100 0.00778300 0.05400500
v -0.01917000 0.00778300 0.05421000
v -0.01917000 0.00778300 0.05421000
v -0.01859700 0.00778300 0.05440900
v -0.01859700 0.00778300 0.05440900
v -0.01802200 0.00778300 0.05460300
v -0.01802200 0.00778300 0.05460300
v -0.01802200 0.00778300 0.05460300
v -0.01695400 0.00778300 0.05522300
v -0.01695400 0.00778300 0.05522300
v -0.01622700 0.00778300 0.05622000
v -0.01622700 0.00778300 0.05622000
v -0.01596300 0.00778300 0.05742600
v -0.01596300 0.00778300 0.05742600
v -0.01620700 0.00778300 0.05863700
v -0.01620700 0.00778300 0.05863700
v -0.01620700 0.00778300 0.05863700
v -0.01816000 0.00778300 0.06380100
v -0.01816000 0.00778300 0.06380100
v -0.01964700 0.00778300 0.06911800
v -0.01964700 0.00778300 0.06911800
v -0.02065400 0.00778300 0.07454600
v -0.02065400 0.00778300 0.07454600
v -0.02117500 0.00778300 0.08004200
v -0.02117500 0.00778300 0.08004200
v -0.02117500 0.00778300 0.08004200
v -0.02154400 0.00778300 0.08134000
v -0.02154400 0.00778300 0.08134000
v -0.02244400 0.00778300 0.08234500
v -0.02244400 0.00778300 0.08234500
v -0.02369400 0.00778300 0.08285400
v -0.02369400 0.00778300 0.08285400
v -0.02504000 0.00778300 0.08276400
v -0.02504000 0.00778300 0.08276400
v -0.02504000 0.00778300 0.08276400
v -0.02726000 0.00778300 0.08205900
v -0.02726000 0.00778300 0.08205900
v -0.02945900 0.00778300 0.08129600
v -0.02945900 0.00778300 0.08129600
v -0.01293700 0.00778300 0.08549500
v -0.01293700 0.00778300 0.08549500
v -0.01293700 0.00778300 0.08549500
v -0.01466300 0.00778300 0.08489700
v -0.01466300 0.00778300 0.08489700
v -0.01605900 0.00778300 0.08371900
v -0.01605900 0.00778300 0.08371900
v -0.01693800 0.00778300 0.08211800
v -0.01693800 0.00778300 0.08211800
v -0.01718300 0.00778300 0.08030800
v -0.01718300 0.00778300 0.08030800
v -0.01718300 0.00778300 0.08030800
v -0.01669200 0.00778300 0.07509300
v -0.01669200 0.00778300 0.07509300
v -0.01573200 0.00778300 0.06994500
v -0.01573200 0.00778300 0.06994500
v -0.01431200 0.00778300 0.06490300
v -0.01431200 0.00778300 0.06490300
v -0.01244300 0.00778300 0.06001100
v -0.01244300 0.00778300 0.06001100
v -0.01244300 0.00778300 0.06001100
v -0.01157700 0.00778300 0.05866300
v -0.01157700 0.00778300 0.05866300
v -0.01033000 0.00778300 0.05765800
v -0.01033000 0.00778300 0.05765800
v -0.00882900 0.00778300 0.05709900
v -0.00882900 0.00778300 0.05709900
v -0.00722900 0.00778300 0.05704400
v -0.00722900 0.00778300 0.05704400
v -0.00722900 0.00778300 0.05704400
v -0.00662700 0.00778300 0.05711700
v -0.00662700 0.00778300 0.05711700
v -0.00602400 0.00778300 0.05718400
v -0.00602400 0.00778300 0.05718400
v -0.00542000 0.00778300 0.05724400
v -0.00542000 0.00778300 0.05724400
v -0.00542000 0.00778300 0.05724400
v -0.00424100 0.00778300 0.05761100
v -0.00424100 0.00778300 0.05761100
v -0.00331000 0.00778300 0.05842200
v -0.00331000 0.00778300 0.05842200
v -0.00278400 0.00778300 0.05953900
v -0.00278400 0.00778300 0.05953900
v -0.00275200 0.00778300 0.06077300
v -0.00275200 0.00778300 0.06077300
v -0.00275200 0.00778300 0.06077300
v -0.00350800 0.00778300 0.06624200
v -0.00350800 0.00778300 0.06624200
v -0.00377400 0.00778300 0.07175600
v -0.00377400 0.00778300 0.07175600
v -0.00354900 0.00778300 0.07727300
v -0.00354900 0.00778300 0.07727300
v -0.00283300 0.00778300 0.08274700
v -0.00283300 0.00778300 0.08274700
v -0.00283300 0.00778300 0.08274700
v -0.00290400 0.00778300 0.08409500
v -0.00290400 0.00778300 0.08409500
v -0.00355800 0.00778300 0.08527500
v -0.00355800 0.00778300 0.08527500
v -0.00466300 0.00778300 0.08604900
v -0.00466300 0.00778300 0.08604900
v -0.00599600 0.00778300 0.08626100
v -0.00599600 0.00778300 0.08626100
v -0.00599600 0.00778300 0.08626100
v -0.00831600 0.00778300 0.08606800
v -0.00831600 0.00778300 0.08606800
v -0.01063100 0.00778300 0.08581300
v -0.01063100 0.00778300 0.08581300
v 0.00641100 0.00778300 0.08623100
v 0.00641100 0.00778300 0.08623100
v 0.00641100 0.00778300 0.08623100
v 0.00459600 0.00778300 0.08603100
v 0.00459600 0.00778300 0.08603100
v 0.00297300 0.00778300 0.08519300
v 0.00297300 0.00778300 0.08519300
v 0.00176000 0.00778300 0.08382800
v 0.00176000 0.00778300 0.08382800
v 0.00111800 0.00778300 0.08211800
v 0.00111800 0.00778300 0.08211800
v 0.00111800 0.00778300 0.08211800
v 0.00043600 0.00778300 0.07692500
v 0.00043600 0.00778300 0.07692500
v 0.00022600 0.00778300 0.07169200
v 0.00022600 0.00778300 0.07169200
v 0.00048900 0.00778300 0.06646100
v 0.00048900 0.00778300 0.06646100
v 0.00122300 0.00778300 0.06127500
v 0.00122300 0.00778300 0.06127500
v 0.00122300 0.00778300 0.06127500
v 0.00176700 0.00778300 0.05976800
v 0.00176700 0.00778300 0.05976800
v 0.00275900 0.00778300 0.05851100
v 0.00275900 0.00778300 0.05851100
v 0.00409800 0.00778300 0.05763300
v 0.00409800 0.00778300 0.05763300
v 0.00564600 0.00778300 0.05722200
v 0.00564600 0.00778300 0.05722200
v 0.00564600 0.00778300 0.05722200
v 0.00624900 0.00778300 0.05715900
v 0.00624900 0.00778300 0.05715900
v 0.00685200 0.00778300 0.05709000
v 0.00685200 0.00778300 0.05709000
v 0.00745400 0.00778300 0.05701500
v 0.00745400 0.00778300 0.05701500
v 0.00745400 0.00778300 0.05701500
v 0.00868500 0.00778300 0.05711000
v 0.00868500 0.00778300 0.05711000
v 0.00977300 0.00778300 0.05769300
v 0.00977300 0.00778300 0.05769300
v 0.01053500 0.00778300 0.05866500
v 0.01053500 0.00778300 0.05866500
v 0.01084000 0.00778300 0.05986200
v 0.01084000 0.00778300 0.05986200
v 0.01084000 0.00778300 0.05986200
v 0.01132000 0.00778300 0.06536200
v 0.01132000 0.00778300 0.06536200
v 0.01228800 0.00778300 0.07079700
v 0.01228800 0.00778300 0.07079700
v 0.01373500 0.00778300 0.07612500
v 0.01373500 0.00778300 0.07612500
v 0.01565100 0.00778300 0.08130300
v 0.01565100 0.00778300 0.08130300
v 0.01565100 0.00778300 0.08130300
v 0.01588200 0.00778300 0.08263200
v 0.01588200 0.00778300 0.08263200
v 0.01550700 0.00778300 0.08392900
v 0.01550700 0.00778300 0.08392900
v 0.01460200 0.00778300 0.08492900
v 0.01460200 0.00778300 0.08492900
v 0.01334900 0.00778300 0.08543200
v 0.01334900 0.00778300 0.08543200
v 0.01334900 0.00778300 0.08543200
v 0.01104400 0.00778300 0.08576100
v 0.01104400 0.00778300 0.08576100
v 0.00873100 0.00778300 0.08602700
v 0.00873100 0.00778300 0.08602700
v 0.02543900 0.00778300 0.08264200
v 0.02543900 0.00778300 0.08264200
v 0.02543900 0.00778300 0.08264200
v 0.02362400 0.00778300 0.08285200
v 0.02362400 0.00778300 0.08285200
v 0.02185600 0.00778300 0.08239500
v 0.02185600 0.00778300 0.08239500
v 0.02036900 0.00778300 0.08133500
v 0.02036900 0.00778300 0.08133500
v 0.01936300 0.00778300 0.07981100
v 0.01936300 0.00778300 0.07981100
v 0.01936300 0.00778300 0.07981100
v 0.01754300 0.00778300 0.07489900
v 0.01754300 0.00778300 0.07489900
v 0.01617300 0.00778300 0.06984400
v 0.01617300 0.00778300 0.06984400
v 0.01526600 0.00778300 0.06468600
v 0.01526600 0.00778300 0.06468600
v 0.01482700 0.00778300 0.05946600
v 0.01482700 0.00778300 0.05946600
v 0.01482700 0.00778300 0.05946600
v 0.01502200 0.00778300 0.05787700
v 0.01502200 0.00778300 0.05787700
v 0.01571000 0.00778300 0.05643000
v 0.01571000 0.00778300 0.05643000
v 0.01682000 0.00778300 0.05527600
v 0.01682000 0.00778300 0.05527600
v 0.01823700 0.00778300 0.05453100
v 0.01823700 0.00778300 0.05453100
v 0.01823700 0.00778300 0.05453100
v 0.01881200 0.00778300 0.05433600
v 0.01881200 0.00778300 0.05433600
v 0.01938400 0.00778300 0.05413400
v 0.01938400 0.00778300 0.05413400
v 0.01995400 0.00778300 0.05392700
v 0.01995400 0.00778300 0.05392700
v 0.01995400 0.00778300 0.05392700
v 0.02117500 0.00778300 0.05374600
v 0.02117500 0.00778300 0.05374600
v 0.02236600 0.00778300 0.05407200
v 0.02236600 0.00778300 0.05407200
v 0.02332500 0.00778300 0.05485000
v 0.02332500 0.00778300 0.05485000
v 0.02388900 0.00778300 0.05594900
v 0.02388900 0.00778300 0.05594900
v 0.02388900 0.00778300 0.05594900
v 0.02558100 0.00778300 0.06120400
v 0.02558100 0.00778300 0.06120400
v 0.02773400 0.00778300 0.06628800
v 0.02773400 0.00778300 0.06628800
v 0.03033000 0.00778300 0.07116000
v 0.03033000 0.00778300 0.07116000
v 0.03335000 0.00778300 0.07578200
v 0.03335000 0.00778300 0.07578200
v 0.03335000 0.00778300 0.07578200
v 0.03387100 0.00778300 0.07702700
v 0.03387100 0.00778300 0.07702700
v 0.03379400 0.00778300 0.07837400
v 0.03379400 0.00778300 0.07837400
v 0.03313400 0.00778300 0.07955100
v 0.03313400 0.00778300 0.07955100
v 0.03202500 0.00778300 0.08032000
v 0.03202500 0.00778300 0.08032000
v 0.03202500 0.00778300 0.08032000
v 0.02985100 0.00778300 0.08115300
v 0.02985100 0.00778300 0.08115300
v 0.02765500 0.00778300 0.08192700
v 0.02765500 0.00778300 0.08192700
v 0.04319100 0.00778300 0.07490900
v 0.04319100 0.00778300 0.07490900
v 0.04319100 0.00778300 0.07490900
v 0.04146800 0.00778300 0.07551700
v 0.04146800 0.00778300 0.07551700
v 0.03964300 0.00778300 0.07546600
v 0.03964300 0.00778300 0.07546600
v 0.03795700 0.00778300 0.07476300
v 0.03795700 0.00778300 0.07476300
v 0.03663700 0.00778300 0.07350100
v 0.03663700 0.00778300 0.07350100
v 0.03663700 0.00778300 0.07350100
v 0.03377000 0.00778300 0.06911800
v 0.03377000 0.00778300 0.06911800
v 0.03131000 0.00778300 0.06449400
v 0.03131000 0.00778300 0.06449400
v 0.02927700 0.00778300 0.05966700
v 0.02927700 0.00778300 0.05966700
v 0.02768800 0.00778300 0.05467600
v 0.02768800 0.00778300 0.05467600
v 0.02768800 0.00778300 0.05467600
v 0.02752400 0.00778300 0.05308300
v 0.02752400 0.00778300 0.05308300
v 0.02787300 0.00778300 0.05152000
v 0.02787300 0.00778300 0.05152000
v 0.02869800 0.00778300 0.05014700
v 0.02869800 0.00778300 0.05014700
v 0.02991500 0.00778300 0.04910600
v 0.02991500 0.00778300 0.04910600
v 0.02991500 0.00778300 0.04910600
v 0.03043100 0.00778300 0.04878700
v 0.03043100 0.00778300 0.04878700
v 0.03094400 0.00778300 0.04846400
v 0.03094400 0.00778300 0.04846400
v 0.03145300 0.00778300 0.04813500
v 0.03145300 0.00778300 0.04813500
v 0.03145300 0.00778300 0.04813500
v 0.03260400 0.00778300 0.04768600
v 0.03260400 0.00778300 0.04768600
v 0.03383700 0.00778300 0.04773900
v 0.03383700 0.00778300 0.04773900
v 0.03494500 0.00778300 0.04828500
v 0.03494500 0.00778300 0.04828500
v 0.03573900 0.00778300 0.04923000
v 0.03573900 0.00778300 0.04923000
v 0.03573900 0.00778300 0.04923000
v 0.03855900 0.00778300 0.05397700
v 0.03855900 0.00778300 0.05397700
v 0.04178900 0.00778300 0.05845500
v 0.04178900 0.00778300 0.05845500
v 0.04540400 0.00778300 0.06262700
v 0.04540400 0.00778300 0.06262700
v 0.04937700 0.00778300 0.06646100
v 0.04937700 0.00778300 0.06646100
v 0.04937700 0.00778300 0.06646100
v 0.05016200 0.00778300 0.06755800
v 0.05016200 0.00778300 0.06755800
v 0.05038600 0.00778300 0.06888900
v 0.05038600 0.00778300 0.06888900
v 0.05000500 0.00778300 0.07018300
v 0.05000500 0.00778300 0.07018300
v 0.04909500 0.00778300 0.07118000
v 0.04909500 0.00778300 0.07118000
v 0.04909500 0.00778300 0.07118000
v 0.04716100 0.00778300 0.07247600
v 0.04716100 0.00778300 0.07247600
v 0.04519200 0.00778300 0.07371900
v 0.04519200 0.00778300 0.07371900
v 0.05877700 0.00778300 0.06342000
v 0.05877700 0.00778300 0.06342000
v 0.05877700 0.00778300 0.06342000
v 0.05723300 0.00778300 0.06439600
v 0.05723300 0.00778300 0.06439600
v 0.05544100 0.00778300 0.06475300
v 0.05544100 0.00778300 0.06475300
v 0.05364200 0.00778300 0.06444200
v 0.05364200 0.00778300 0.06444200
v 0.05207400 0.00778300 0.06350600
v 0.05207400 0.00778300 0.06350600
v 0.05207400 0.00778300 0.06350600
v 0.04830300 0.00778300 0.05987000
v 0.04830300 0.00778300 0.05987000
v 0.04487600 0.00778300 0.05591000
v 0.04487600 0.00778300 0.05591000
v 0.04182000 0.00778300 0.05165600
v 0.04182000 0.00778300 0.05165600
v 0.03916000 0.00778300 0.04714400
v 0.03916000 0.00778300 0.04714400
v 0.03916000 0.00778300 0.04714400
v 0.03864600 0.00778300 0.04562700
v 0.03864600 0.00778300 0.04562700
v 0.03863800 0.00778300 0.04402600
v 0.03863800 0.00778300 0.04402600
v 0.03913700 0.00778300 0.04250400
v 0.03913700 0.00778300 0.04250400
v 0.04009200 0.00778300 0.04121800
v 0.04009200 0.00778300 0.04121800
v 0.04009200 0.00778300 0.04121800
v 0.04052400 0.00778300 0.04079300
v 0.04052400 0.00778300 0.04079300
v 0.04095200 0.00778300 0.04036300
v 0.04095200 0.00778300 0.04036300
v 0.04137600 0.00778300 0.03992900
v 0.04137600 0.00778300 0.03992900
v 0.04137600 0.00778300 0.03992900
v 0.04239800 0.00778300 0.03923600
v 0.04239800 0.00778300 0.03923600
v 0.04361200 0.00778300 0.03901300
v 0.04361200 0.00778300 0.03901300
v 0.04481400 0.00778300 0.03929800
v 0.04481400 0.00778300 0.03929800
v 0.04579800 0.00778300 0.04004300
v 0.04579800 0.00778300 0.04004300
v 0.04579800 0.00778300 0.04004300
v 0.04960300 0.00778300 0.04404400
v 0.04960300 0.00778300 0.04404400
v 0.05374800 0.00778300 0.04769000
v 0.05374800 0.00778300 0.04769000
v 0.05820200 0.00778300 0.05095300
v 0.05820200 0.00778300 0.05095300
v 0.06292800 0.00778300 0.05380700
v 0.06292800 0.00778300 0.05380700
v 0.06292800 0.00778300 0.05380700
v 0.06393700 0.00778300 0.05470200
v 0.06393700 0.00778300 0.05470200
v 0.06445200 0.00778300 0.05595000
v 0.06445200 0.00778300 0.05595000
v 0.06436800 0.00778300 0.05729600
v 0.06436800 0.00778300 0.05729600
v 0.06370300 0.00778300 0.05847000
v 0.06370300 0.00778300 0.05847000
v 0.06370300 0.00778300 0.05847000
v 0.06210600 0.00778300 0.06016400
v 0.06210600 0.00778300 0.06016400
v 0.06046300 0.00778300 0.06181500
v 0.06046300 0.00778300 0.06181500
v 0.07141500 0.00778300 0.04875100
v 0.07141500 0.00778300 0.04875100
v 0.07141500 0.00778300 0.04875100
v 0.07012700 0.00778300 0.05004600
v 0.07012700 0.00778300 0.05004600
v 0.06846000 0.00778300 0.05079200
v 0.06846000 0.00778300 0.05079200
v 0.06663600 0.00778300 0.05089000
v 0.06663600 0.00778300 0.05089000
v 0.06489900 0.00778300 0.05032600
v 0.06489900 0.00778300 0.05032600
v 0.06489900 0.00778300 0.05032600
v 0.06041400 0.00778300 0.04762100
v 0.06041400 0.00778300 0.04762100
v 0.05619200 0.00778300 0.04452200
v 0.05619200 0.00778300 0.04452200
v 0.05226600 0.00778300 0.04105500
v 0.05226600 0.00778300 0.04105500
v 0.04866900 0.00778300 0.03724800
v 0.04866900 0.00778300 0.03724800
v 0.04866900 0.00778300 0.03724800
v 0.04783000 0.00778300 0.03588400
v 0.04783000 0.00778300 0.03588400
v 0.04746600 0.00778300 0.03432400
v 0.04746600 0.00778300 0.03432400
v 0.04761400 0.00778300 0.03273000
v 0.04761400 0.00778300 0.03273000
v 0.04825800 0.00778300 0.03126300
v 0.04825800 0.00778300 0.03126300
v 0.04825800 0.00778300 0.03126300
v 0.04858500 0.00778300 0.03075300
v 0.04858500 0.00778300 0.03075300
v 0.04890700 0.00778300 0.03023800
v 0.04890700 0.00778300 0.03023800
v 0.04922300 0.00778300 0.02972100
v 0.04922300 0.00778300 0.02972100
v 0.04922300 0.00778300 0.02972100
v 0.05006500 0.00778300 0.02881800
v 0.05006500 0.00778300 0.02881800
v 0.05120000 0.00778300 0.02833000
v 0.05120000 0.00778300 0.02833000
v 0.05243500 0.00778300 0.02834100
v 0.05243500 0.00778300 0.02834100
v 0.05356000 0.00778300 0.02884800
v 0.05356000 0.00778300 0.02884800
v 0.05356000 0.00778300 0.02884800
v 0.05816000 0.00778300 0.03190200
v 0.05816000 0.00778300 0.03190200
v 0.06301300 0.00778300 0.03453400
v 0.06301300 0.00778300 0.03453400
v 0.06808100 0.00778300 0.03672500
v 0.06808100 0.00778300 0.03672500
v 0.07332300 0.00778300 0.03845500
v 0.07332300 0.00778300 0.03845500
v 0.07332300 0.00778300 0.03845500
v 0.07450700 0.00778300 0.03910400
v 0.07450700 0.00778300 0.03910400
v 0.07528600 0.00778300 0.04020500
v 0.07528600 0.00778300 0.04020500
v 0.07550400 0.00778300 0.04153700
v 0.07550400 0.00778300 0.04153700
v 0.07511700 0.00778300 0.04282900
v 0.07511700 0.00778300 0.04282900
v 0.07511700 0.00778300 0.04282900
v 0.07393600 0.00778300 0.04483600
v 0.07393600 0.00778300 0.04483600
v 0.07270200 0.00778300 0.04681100
v 0.07270200 0.00778300 0.04681100
v 0.08047300 0.00778300 0.03163800
v 0.08047300 0.00778300 0.03163800
v 0.08047300 0.00778300 0.03163800
v 0.07950600 0.00778300 0.03318700
v 0.07950600 0.00778300 0.03318700
v 0.07804600 0.00778300 0.03428500
v 0.07804600 0.00778300 0.03428500
v 0.07629000 0.00778300 0.03478600
v 0.07629000 0.00778300 0.03478600
v 0.07447100 0.00778300 0.03462300
v 0.07447100 0.00778300 0.03462300
v 0.07447100 0.00778300 0.03462300
v 0.06949600 0.00778300 0.03298300
v 0.06949600 0.00778300 0.03298300
v 0.06469000 0.00778300 0.03090200
v 0.06469000 0.00778300 0.03090200
v 0.06009100 0.00778300 0.02839600
v 0.06009100 0.00778300 0.02839600
v 0.05573700 0.00778300 0.02548400
v 0.05573700 0.00778300 0.02548400
v 0.05573700 0.00778300 0.02548400
v 0.05461600 0.00778300 0.02434100
v 0.05461600 0.00778300 0.02434100
v 0.05391400 0.00778300 0.02290100
v 0.05391400 0.00778300 0.02290100
v 0.05370300 0.00778300 0.02131400
v 0.05370300 0.00778300 0.02131400
v 0.05400500 0.00778300 0.01974100
v 0.05400500 0.00778300 0.01974100
v 0.05400500 0.00778300 0.01974100
v 0.05421000 0.00778300 0.01917000
v 0.05421000 0.00778300 0.01917000
v 0.05440900 0.00778300 0.01859700
v 0.05440900 0.00778300 0.01859700
v 0.05460300 0.00778300 0.01802200
v 0.05460300 0.00778300 0.01802200
v 0.05460300 0.00778300 0.01802200
v 0.05522300 0.00778300 0.01695400
v 0.05522300 0.00778300 0.01695400
v 0.05622000 0.00778300 0.01622700
v 0.05622000 0.00778300 0.01622700
v 0.05742600 0.00778300 0.01596300
v 0.05742600 0.00778300 0.01596300
v 0.05863700 0.00778300 0.01620700
v 0.05863700 0.00778300 0.01620700
v 0.05863700 0.00778300 0.01620700
v 0.06380100 0.00778300 0.01816000
v 0.06380100 0.00778300 0.01816000
v 0.06911800 0.00778300 0.01964700
v 0.06911800 0.00778300 0.01964700
v 0.07454600 0.00778300 0.02065400
v 0.07454600 0.00778300 0.02065400
v 0.08004200 0.00778300 0.02117500
v 0.08004200 0.00778300 0.02117500
v 0.08004200 0.00778300 0.02117500
v 0.08134000 0.00778300 0.02154400
v 0.08134000 0.00778300 0.02154400
v 0.08234500 0.00778300 0.02244400
v 0.08234500 0.00778300 0.02244400
v 0.08285400 0.00778300 0.02369400
v 0.08285400 0.00778300 0.02369400
v 0.08276400 0.00778300 0.02504000
v 0.08276400 0.00778300 0.02504000
v 0.08276400 0.00778300 0.02504000
v 0.08205900 0.00778300 0.02726000
v 0.08205900 0.00778300 0.02726000
v 0.08129600 0.00778300 0.02945900
v 0.08129600 0.00778300 0.02945900
v 0.08549500 0.00778300 0.01293700
v 0.08549500 0.00778300 0.01293700
v 0.08549500 0.00778300 0.01293700
v 0.08489700 0.00778300 0.01466300
v 0.08489700 0.00778300 0.01466300
v 0.08371900 0.00778300 0.01605900
v 0.08371900 0.00778300 0.01605900
v 0.08211800 0.00778300 0.01693800
v 0.08211800 0.00778300 0.01693800
v 0.08030800 0.00778300 0.01718300
v 0.08030800 0.00778300 0.01718300
v 0.08030800 0.00778300 0.01718300
v 0.07509300 0.00778300 0.01669200
v 0.07509300 0.00778300 0.01669200
v 0.06994500 0.00778300 0.01573200
v 0.06994500 0.00778300 0.01573200
v 0.06490300 0.00778300 0.01431200
v 0.06490300 0.00778300 0.01431200
v 0.06001100 0.00778300 0.01244300
v 0.06001100 0.00778300 0.01244300
v 0.06001100 0.00778300 0.01244300
v 0.05866300 0.00778300 0.01157700
v 0.05866300 0.00778300 0.01157700
v 0.05765800 0.00778300 0.01033000
v 0.05765800 0.00778300 0.01033000
v 0.05709900 0.00778300 0.00882900
v 0.05709900 0.00778300 0.00882900
v 0.05704400 0.00778300 0.00722900
v 0.05704400 0.00778300 0.00722900
v 0.05704400 0.00778300 0.00722900
v 0.05711700 0.00778300 0.00662700
v 0.05711700 0.00778300 0.00662700
v 0.05718400 0.00778300 0.00602400
v 0.05718400 0.00778300 0.00602400
v 0.05724400 0.00778300 0.00542000
v 0.05724400 0.00778300 0.00542000
v 0.05724400 0.00778300 0.00542000
v 0.05761100 0.00778300 0.00424100
v 0.05761100 0.00778300 0.00424100
v 0.05842200 0.00778300 0.00331000
v 0.05842200 0.00778300 0.00331000
v 0.05953900 0.00778300 0.00278400
v 0.05953900 0.00778300 0.00278400
v 0.06077300 0.00778300 0.00275200
v 0.06077300 0.00778300 0.00275200
v 0.06077300 0.00778300 0.00275200
v 0.06624200 0.00778300 0.00350800
v 0.06624200 0.00778300 0.00350800
v 0.07175600 0.00778300 0.00377400
v 0.07175600 0.00778300 0.00377400
v 0.07727300 0.00778300 0.00354900
v 0.07727300 0.00778300 0.00354900
v 0.08274700 0.00778300 0.00283300
v 0.08274700 0.00778300 0.00283300
v 0.08274700 0.00778300 0.00283300
v 0.08409500 0.00778300 0.00290400
v 0.08409500 0.00778300 0.00290400
v 0.08527500 0.00778300 0.00355800
v 0.08527500 0.00778300 0.00355800
v 0.08604900 0.00778300 0.00466300
v 0.08604900 0.00778300 0.00466300
v 0.08626100 0.00778300 0.00599600
v 0.08626100 0.00778300 0.00599600
v 0.08626100 0.00778300 0.00599600
v 0.08606800 0.00778300 0.00831600
v 0.08606800 0.00778300 0.00831600
v 0.08581300 0.00778300 0.01063100
v 0.08581300 0.00778300 0.01063100
v 0.08904000 -0.02721700 -0.00000000
v 0.08904000 -0.02721700 -0.00000000
v 0.08904000 -0.02721700 -0.00000000
v 0.08864900 -0.02721700 0.00833800
v 0.08864900 -0.02721700 0.00833800
v 0.08747900 -0.02721700 0.01660200
v 0.08747900 -0.02721700 0.01660200
v 0.08554000 -0.02721700 0.02472100
v 0.08554000 -0.02721700 0.02472100
v 0.08284900 -0.02721700 0.03262300
v 0.08284900 -0.02721700 0.03262300
v 0.07943000 -0.02721700 0.04023700
v 0.07943000 -0.02721700 0.04023700
v 0.07531300 -0.02721700 0.04749900
v 0.07531300 -0.02721700 0.04749900
v 0.07053400 -0.02721700 0.05434200
v 0.07053400 -0.02721700 0.05434200
v 0.06513600 -0.02721700 0.06070800
v 0.06513600 -0.02721700 0.06070800
v 0.05916500 -0.02721700 0.06654100
v 0.05916500 -0.02721700 0.06654100
v 0.05267400 -0.02721700 0.07178900
v 0.05267400 -0.02721700 0.07178900
v 0.04572000 -0.02721700 0.07640600
v 0.04572000 -0.02721700 0.07640600
v 0.03836400 -0.02721700 0.08035200
v 0.03836400 -0.02721700 0.08035200
v 0.03067100 -0.02721700 0.08359100
v 0.03067100 -0.02721700 0.08359100
v 0.02270900 -0.02721700 0.08609600
v 0.02270900 -0.02721700 0.08609600
v 0.01454700 -0.02721700 0.08784400
v 0.01454700 -0.02721700 0.08784400
v 0.00625700 -0.02721700 0.08882000
v 0.00625700 -0.02721700 0.08882000
v -0.00208700 -0.02721700 0.08901600
v -0.00208700 -0.02721700 0.08901600
v -0.01041400 -0.02721700 0.08842900
v -0.01041400 -0.02721700 0.08842900
v -0.01864900 -0.02721700 0.08706600
v -0.01864900 -0.02721700 0.08706600
v -0.02672000 -0.02721700 0.08493700
v -0.02672000 -0.02721700 0.08493700
v -0.03455600 -0.02721700 0.08206100
v -0.03455600 -0.02721700 0.08206100
v -0.04208800 -0.02721700 0.07846500
v -0.04208800 -0.02721700 0.07846500
v -0.04925100 -0.02721700 0.07417900
v -0.04925100 -0.02721700 0.07417900
v -0.05598100 -0.02721700 0.06924100
v -0.05598100 -0.02721700 0.06924100
v -0.06221900 -0.02721700 0.06369500
v -0.06221900 -0.02721700 0.06369500
v -0.06791000 -0.02721700 0.05758900
v -0.06791000 -0.02721700 0.05758900
v -0.07300400 -0.02721700 0.05097600
v -0.07300400 -0.02721700 0.05097600
v -0.07745700 -0.02721700 0.04391600
v -0.07745700 -0.02721700 0.04391600
v -0.08122900 -0.02721700 0.03647000
v -0.08122900 -0.02721700 0.03647000
v -0.08428700 -0.02721700 0.02870300
v -0.08428700 -0.02721700 0.02870300
v -0.08660500 -0.02721700 0.02068500
v -0.08660500 -0.02721700 0.02068500
v -0.08816100 -0.02721700 0.01248400
v -0.08816100 -0.02721700 0.01248400
v -0.08894300 -0.02721700 0.00417400
v -0.08894300 -0.02721700 0.00417400
v -0.08894300 -0.02721700 -0.00417400
v -0.08894300 -0.02721700 -0.00417400
v -0.08816100 -0.02721700 -0.01248400
v -0.08816100 -0.02721700 -0.01248400
v -0.08660500 -0.02721700 -0.02068500
v -0.08660500 -0.02721700 -0.02068500
v -0.08428700 -0.02721700 -0.02870300
v -0.08428700 -0.02721700 -0.02870300
v -0.08122900 -0.02721700 -0.03647000
v -0.08122900 -0.02721700 -0.03647000
v -0.07745700 -0.02721700 -0.04391600
v -0.07745700 -0.02721700 -0.04391600
v -0.07300400 -0.02721700 -0.05097600
v -0.07300400 -0.02721700 -0.05097600
v -0.06791000 -0.02721700 -0.05758900
v -0.06791000 -0.02721700 -0.05758900
v -0.06221900 -0.02721700 -0.06369500
v -0.06221900 -0.02721700 -0.06369500
v -0.05598100 -0.02721700 -0.06924100
v -0.05598100 -0.02721700 -0.06924100
v -0.04925100 -0.02721700 -0.07417900
v -0.04925100 -0.02721700 -0.07417900
v -0.04208800 -0.02721700 -0.07846500
v -0.04208800 -0.02721700 -0.07846500
v -0.03455600 -0.02721700 -0.08206100
v -0.03455600 -0.02721700 -0.08206100
v -0.02672000 -0.02721700 -0.08493700
v -0.02672000 -0.02721700 -0.08493700
v -0.01864900 -0.02721700 -0.08706600
v -0.01864900 -0.02721700 -0.08706600
v -0.01041400 -0.02721700 -0.08842900
v -0.01041400 -0.02721700 -0.08842900
v -0.00208700 -0.02721700 -0.08901600
v -0.00208700 -0.02721700 -0.08901600
v 0.00625700 -0.02721700 -0.08882000
v 0.00625700 -0.02721700 -0.08882000
v 0.01454700 -0.02721700 -0.08784400
v 0.01454700 -0.02721700 -0.08784400
v 0.02270900 -0.02721700 -0.08609600
v 0.02270900 -0.02721700 -0.08609600
v 0.03067100 -0.02721700 -0.08359100
v 0.03067100 -0.02721700 -0.08359100
v 0.03836400 -0.02721700 -0.08035200
v 0.03836400 -0.02721700 -0.08035200
v 0.04572000 -0.02721700 -0.07640600
v 0.04572000 -0.02721700 -0.07640600
v 0.05267400 -0.02721700 -0.07178900
v 0.05267400 -0.02721700 -0.07178900
v 0.05916500 -0.02721700 -0.06654100
v 0.05916500 -0.02721700 -0.06654100
v 0.06513600 -0.02721700 -0.06070800
v 0.06513600 -0.02721700 -0.06070800
v 0.07053400 -0.02721700 -0.05434200
v 0.07053400 -0.02721700 -0.05434200
v 0.07531300 -0.02721700 -0.04749900
v 0.07531300 -0.02721700 -0.04749900
v 0.07943000 -0.02721700 -0.04023700
v 0.07943000 -0.02721700 -0.04023700
v 0.08284900 -0.02721700 -0.03262300
v 0.08284900 -0.02721700 -0.03262300
v 0.08554000 -0.02721700 -0.02472100
v 0.08554000 -0.02721700 -0.02472100
v 0.08747900 -0.02721700 -0.01660200
v 0.08747900 -0.02721700 -0.01660200
v 0.08864900 -0.02721700 -0.00833800
v 0.08864900 -0.02721700 -0.00833800
v 0.08264200 -0.02721700 -0.02543900
v 0.08264200 -0.02721700 -0.02543900
v 0.08264200 -0.02721700 -0.02543900
v 0.08192700 -0.02721700 -0.02765500
v 0.08192700 -0.02721700 -0.02765500
v 0.08115300 -0.02721700 -0.02985100
v 0.08115300 -0.02721700 -0.02985100
v 0.08032000 -0.02721700 -0.03202500
v 0.08032000 -0.02721700 -0.03202500
v 0.08032000 -0.02721700 -0.03202500
v 0.07955100 -0.02721700 -0.03313400
v 0.07955100 -0.02721700 -0.03313400
v 0.07837400 -0.02721700 -0.03379400
v 0.07837400 -0.02721700 -0.03379400
v 0.07702700 -0.02721700 -0.03387100
v 0.07702700 -0.02721700 -0.03387100
v 0.07578200 -0.02721700 -0.03335000
v 0.07578200 -0.02721700 -0.03335000
v 0.07578200 -0.02721700 -0.03335000
v 0.07116000 -0.02721700 -0.03033000
v 0.07116000 -0.02721700 -0.03033000
v 0.06628800 -0.02721700 -0.02773400
v 0.06628800 -0.02721700 -0.02773400
v 0.06120400 -0.02721700 -0.02558100
v 0.06120400 -0.02721700 -0.02558100
v 0.05594900 -0.02721700 -0.02388900
v 0.05594900 -0.02721700 -0.02388900
v 0.05594900 -0.02721700 -0.02388900
v 0.05485000 -0.02721700 -0.02332500
v 0.05485000 -0.02721700 -0.02332500
v 0.05407200 -0.02721700 -0.02236600
v 0.05407200 -0.02721700 -0.02236600
v 0.05374600 -0.02721700 -0.02117500
v 0.05374600 -0.02721700 -0.02117500
v 0.05392700 -0.02721700 -0.01995400
v 0.05392700 -0.02721700 -0.01995400
v 0.05392700 -0.02721700 -0.01995400
v 0.05413400 -0.02721700 -0.01938400
v 0.05413400 -0.02721700 -0.01938400
v 0.05433600 -0.02721700 -0.01881200
v 0.05433600 -0.02721700 -0.01881200
v 0.05453100 -0.02721700 -0.01823700
v 0.05453100 -0.02721700 -0.01823700
v 0.05453100 -0.02721700 -0.01823700
v 0.05527600 -0.02721700 -0.01682000
v 0.05527600 -0.02721700 -0.01682000
v 0.05643000 -0.02721700 -0.01571000
v 0.05643000 -0.02721700 -0.01571000
v 0.05787700 -0.02721700 -0.01502200
v 0.05787700 -0.02721700 -0.01502200
v 0.05946600 -0.02721700 -0.01482700
v 0.05946600 -0.02721700 -0.01482700
v 0.05946600 -0.02721700 -0.01482700
v 0.06468600 -0.02721700 -0.01526600
v 0.06468600 -0.02721700 -0.01526600
v 0.06984400 -0.02721700 -0.01617300
v 0.06984400 -0.02721700 -0.01617300
v 0.07489900 -0.02721700 -0.01754300
v 0.07489900 -0.02721700 -0.01754300
v 0.07981100 -0.02721700 -0.01936300
v 0.07981100 -0.02721700 -0.01936300
v 0.07981100 -0.02721700 -0.01936300
v 0.08133500 -0.02721700 -0.02036900
v 0.08133500 -0.02721700 -0.02036900
v 0.08239500 -0.02721700 -0.02185600
v 0.08239500 -0.02721700 -0.02185600
v 0.08285200 -0.02721700 -0.02362400
v 0.08285200 -0.02721700 -0.02362400
v 0.07490900 -0.02721700 -0.04319100
v 0.07490900 -0.02721700 -0.04319100
v 0.07490900 -0.02721700 -0.04319100
v 0.07371900 -0.02721700 -0.04519200
v 0.07371900 -0.02721700 -0.04519200
v 0.07247600 -0.02721700 -0.04716100
v 0.07247600 -0.02721700 -0.04716100
v 0.07118000 -0.02721700 -0.04909500
v 0.07118000 -0.02721700 -0.04909500
v 0.07118000 -0.02721700 -0.04909500
v 0.07018300 -0.02721700 -0.05000500
v 0.07018300 -0.02721700 -0.05000500
v 0.06888900 -0.02721700 -0.05038600
v 0.06888900 -0.02721700 -0.05038600
v 0.06755800 -0.02721700 -0.05016200
v 0.06755800 -0.02721700 -0.05016200
v 0.06646100 -0.02721700 -0.04937700
v 0.06646100 -0.02721700 -0.04937700
v 0.06646100 -0.02721700 -0.04937700
v 0.06262700 -0.02721700 -0.04540400
v 0.06262700 -0.02721700 -0.04540400
v 0.05845500 -0.02721700 -0.04178900
v 0.05845500 -0.02721700 -0.04178900
v 0.05397700 -0.02721700 -0.03855900
v 0.05397700 -0.02721700 -0.03855900
v 0.04923000 -0.02721700 -0.03573900
v 0.04923000 -0.02721700 -0.03573900
v 0.04923000 -0.02721700 -0.03573900
v 0.04828500 -0.02721700 -0.03494500
v 0.04828500 -0.02721700 -0.03494500
v 0.04773900 -0.02721700 -0.03383700
v 0.04773900 -0.02721700 -0.03383700
v 0.04768600 -0.02721700 -0.03260400
v 0.04768600 -0.02721700 -0.03260400
v 0.04813500 -0.02721700 -0.03145300
v 0.04813500 -0.02721700 -0.03145300
v 0.04813500 -0.02721700 -0.03145300
v 0.04846400 -0.02721700 -0.03094400
v 0.04846400 -0.02721700 -0.03094400
v 0.04878700 -0.02721700 -0.03043100
v 0.04878700 -0.02721700 -0.03043100
v 0.04910600 -0.02721700 -0.02991500
v 0.04910600 -0.02721700 -0.02991500
v 0.04910600 -0.02721700 -0.02991500
v 0.05014700 -0.02721700 -0.02869800
v 0.05014700 -0.02721700 -0.02869800
v 0.05152000 -0.02721700 -0.02787300
v 0.05152000 -0.02721700 -0.02787300
v 0.05308300 -0.02721700 -0.02752400
v 0.05308300 -0.02721700 -0.02752400
v 0.05467600 -0.02721700 -0.02768800
v 0.05467600 -0.02721700 -0.02768800
v 0.05467600 -0.02721700 -0.02768800
v 0.05966700 -0.02721700 -0.02927700
v 0.05966700 -0.02721700 -0.02927700
v 0.06449400 -0.02721700 -0.03131000
v 0.06449400 -0.02721700 -0.03131000
v 0.06911800 -0.02721700 -0.03377000
v 0.06911800 -0.02721700 -0.03377000
v 0.07350100 -0.02721700 -0.03663700
v 0.07350100 -0.02721700 -0.03663700
v 0.07350100 -0.02721700 -0.03663700
v 0.07476300 -0.02721700 -0.03795700
v 0.07476300 -0.02721700 -0.03795700
v 0.07546600 -0.02721700 -0.03964300
v 0.07546600 -0.02721700 -0.03964300
v 0.07551700 -0.02721700 -0.04146800
v 0.07551700 -0.02721700 -0.04146800
v 0.06342000 -0.02721700 -0.05877700
v 0.06342000 -0.02721700 -0.05877700
v 0.06342000 -0.02721700 -0.05877700
v 0.06181500 -0.02721700 -0.06046300
v 0.06181500 -0.02721700 -0.06046300
v 0.06016400 -0.02721700 -0.06210600
v 0.06016400 -0.02721700 -0.06210600
v 0.05847000 -0.02721700 -0.06370300
v 0.05847000 -0.02721700 -0.06370300
v 0.05847000 -0.02721700 -0.06370300
v 0.05729600 -0.02721700 -0.06436800
v 0.05729600 -0.02721700 -0.06436800
v 0.05595000 -0.02721700 -0.06445200
v 0.05595000 -0.02721700 -0.06445200
v 0.05470200 -0.02721700 -0.06393700
v 0.05470200 -0.02721700 -0.06393700
v 0.05380700 -0.02721700 -0.06292800
v 0.05380700 -0.02721700 -0.06292800
v 0.05380700 -0.02721700 -0.06292800
v 0.05095300 -0.02721700 -0.05820200
v 0.05095300 -0.02721700 -0.05820200
v 0.04769000 -0.02721700 -0.05374800
v 0.04769000 -0.02721700 -0.05374800
v 0.04404400 -0.02721700 -0.04960300
v 0.04404400 -0.02721700 -0.04960300
v 0.04004300 -0.02721700 -0.04579800
v 0.04004300 -0.02721700 -0.04579800
v 0.04004300 -0.02721700 -0.04579800
v 0.03929800 -0.02721700 -0.04481400
v 0.03929800 -0.02721700 -0.04481400
v 0.03901300 -0.02721700 -0.04361200
v 0.03901300 -0.02721700 -0.04361200
v 0.03923600 -0.02721700 -0.04239800
v 0.03923600 -0.02721700 -0.04239800
v 0.03992900 -0.02721700 -0.04137600
v 0.03992900 -0.02721700 -0.04137600
v 0.03992900 -0.02721700 -0.04137600
v 0.04036300 -0.02721700 -0.04095200
v 0.04036300 -0.02721700 -0.04095200
v 0.04079300 -0.02721700 -0.04052400
v 0.04079300 -0.02721700 -0.04052400
v 0.04121800 -0.02721700 -0.04009200
v 0.04121800 -0.02721700 -0.04009200
v 0.04121800 -0.02721700 -0.04009200
v 0.04250400 -0.02721700 -0.03913700
v 0.04250400 -0.02721700 -0.03913700
v 0.04402600 -0.02721700 -0.03863800
v 0.04402600 -0.02721700 -0.03863800
v 0.04562700 -0.02721700 -0.03864600
v 0.04562700 -0.02721700 -0.03864600
v 0.04714400 -0.02721700 -0.03916000
v 0.04714400 -0.02721700 -0.03916000
v 0.04714400 -0.02721700 -0.03916000
v 0.05165600 -0.02721700 -0.04182000
v 0.05165600 -0.02721700 -0.04182000
v 0.05591000 -0.02721700 -0.04487600
v 0.05591000 -0.02721700 -0.04487600
v 0.05987000 -0.02721700 -0.04830300
v 0.05987000 -0.02721700 -0.04830300
v 0.06350600 -0.02721700 -0.05207400
v 0.06350600 -0.02721700 -0.05207400
v 0.06350600 -0.02721700 -0.05207400
v 0.06444200 -0.02721700 -0.05364200
v 0.06444200 -0.02721700 -0.05364200
v 0.06475300 -0.02721700 -0.05544100
v 0.06475300 -0.02721700 -0.05544100
v 0.06439600 -0.02721700 -0.05723300
v 0.06439600 -0.02721700 -0.05723300
v 0.04875100 -0.02721700 -0.07141500
v 0.04875100 -0.02721700 -0.07141500
v 0.04875100 -0.02721700 -0.07141500
v 0.04681100 -0.02721700 -0.07270200
v 0.04681100 -0.02721700 -0.07270200
v 0.04483600 -0.02721700 -0.07393600
v 0.04483600 -0.02721700 -0.07393600
v 0.04282900 -0.02721700 -0.07511700
v 0.04282900 -0.02721700 -0.07511700
v 0.04282900 -0.02721700 -0.07511700
v 0.04153700 -0.02721700 -0.07550400
v 0.04153700 -0.02721700 -0.07550400
v 0.04020500 -0.02721700 -0.07528600
v 0.04020500 -0.02721700 -0.07528600
v 0.03910400 -0.02721700 -0.07450700
v 0.03910400 -0.02721700 -0.07450700
v 0.03845500 -0.02721700 -0.07332300
v 0.03845500 -0.02721700 -0.07332300
v 0.03845500 -0.02721700 -0.07332300
v 0.03672500 -0.02721700 -0.06808100
v 0.03672500 -0.02721700 -0.06808100
v 0.03453400 -0.02721700 -0.06301300
v 0.03453400 -0.02721700 -0.06301300
v 0.03190200 -0.02721700 -0.05816000
v 0.03190200 -0.02721700 -0.05816000
v 0.02884800 -0.02721700 -0.05356000
v 0.02884800 -0.02721700 -0.05356000
v 0.02884800 -0.02721700 -0.05356000
v 0.02834100 -0.02721700 -0.05243500
v 0.02834100 -0.02721700 -0.05243500
v 0.02833000 -0.02721700 -0.05120000
v 0.02833000 -0.02721700 -0.05120000
v 0.02881800 -0.02721700 -0.05006500
v 0.02881800 -0.02721700 -0.05006500
v 0.02972100 -0.02721700 -0.04922300
v 0.02972100 -0.02721700 -0.04922300
v 0.02972100 -0.02721700 -0.04922300
v 0.03023800 -0.02721700 -0.04890700
v 0.03023800 -0.02721700 -0.04890700
v 0.03075300 -0.02721700 -0.04858500
v 0.03075300 -0.02721700 -0.04858500
v 0.03126300 -0.02721700 -0.04825800
v 0.03126300 -0.02721700 -0.04825800
v 0.03126300 -0.02721700 -0.04825800
v 0.03273000 -0.02721700 -0.04761400
v 0.03273000 -0.02721700 -0.04761400
v 0.03432400 -0.02721700 -0.04746600
v 0.03432400 -0.02721700 -0.04746600
v 0.03588400 -0.02721700 -0.04783000
v 0.03588400 -0.02721700 -0.04783000
v 0.03724800 -0.02721700 -0.04866900
v 0.03724800 -0.02721700 -0.04866900
v 0.03724800 -0.02721700 -0.04866900
v 0.04105500 -0.02721700 -0.05226600
v 0.04105500 -0.02721700 -0.05226600
v 0.04452200 -0.02721700 -0.05619200
v 0.04452200 -0.02721700 -0.05619200
v 0.04762100 -0.02721700 -0.06041400
v 0.04762100 -0.02721700 -0.06041400
v 0.05032600 -0.02721700 -0.06489900
v 0.05032600 -0.02721700 -0.06489900
v 0.05032600 -0.02721700 -0.06489900
v 0.05089000 -0.02721700 -0.06663600
v 0.05089000 -0.02721700 -0.06663600
v 0.05079200 -0.02721700 -0.06846000
v 0.05079200 -0.02721700 -0.06846000
v 0.05004600 -0.02721700 -0.07012700
v 0.05004600 -0.02721700 -0.07012700
v 0.03163800 -0.02721700 -0.08047300
v 0.03163800 -0.02721700 -0.08047300
v 0.03163800 -0.02721700 -0.08047300
v 0.02945900 -0.02721700 -0.08129600
v 0.02945900 -0.02721700 -0.08129600
v 0.02726000 -0.02721700 -0.08205900
v 0.02726000 -0.02721700 -0.08205900
v 0.02504000 -0.02721700 -0.08276400
v 0.02504000 -0.02721700 -0.08276400
v 0.02504000 -0.02721700 -0.08276400
v 0.02369400 -0.02721700 -0.08285400
v 0.02369400 -0.02721700 -0.08285400
v 0.02244400 -0.02721700 -0.08234500
v 0.02244400 -0.02721700 -0.08234500
v 0.02154400 -0.02721700 -0.08134000
v 0.02154400 -0.02721700 -0.08134000
v 0.02117500 -0.02721700 -0.08004200
v 0.02117500 -0.02721700 -0.08004200
v 0.02117500 -0.02721700 -0.08004200
v 0.02065400 -0.02721700 -0.07454600
v 0.02065400 -0.02721700 -0.07454600
v 0.01964700 -0.02721700 -0.06911800
v 0.01964700 -0.02721700 -0.06911800
v 0.01816000 -0.02721700 -0.06380100
v 0.01816000 -0.02721700 -0.06380100
v 0.01620700 -0.02721700 -0.05863700
v 0.01620700 -0.02721700 -0.05863700
v 0.01620700 -0.02721700 -0.05863700
v 0.01596300 -0.02721700 -0.05742600
v 0.01596300 -0.02721700 -0.05742600
v 0.01622700 -0.02721700 -0.05622000
v 0.01622700 -0.02721700 -0.05622000
v 0.01695400 -0.02721700 -0.05522300
v 0.01695400 -0.02721700 -0.05522300
v 0.01802200 -0.02721700 -0.05460300
v 0.01802200 -0.02721700 -0.05460300
v 0.01802200 -0.02721700 -0.05460300
v 0.01859700 -0.02721700 -0.05440900
v 0.01859700 -0.02721700 -0.05440900
v 0.01917000 -0.02721700 -0.05421000
v 0.01917000 -0.02721700 -0.05421000
v 0.01974100 -0.02721700 -0.05400500
v 0.01974100 -0.02721700 -0.05400500
v 0.01974100 -0.02721700 -0.05400500
v 0.02131400 -0.02721700 -0.05370300
v 0.02131400 -0.02721700 -0.05370300
v 0.02290100 -0.02721700 -0.05391400
v 0.02290100 -0.02721700 -0.05391400
v 0.02434100 -0.02721700 -0.05461600
v 0.02434100 -0.02721700 -0.05461600
v 0.02548400 -0.02721700 -0.05573700
v 0.02548400 -0.02721700 -0.05573700
v 0.02548400 -0.02721700 -0.05573700
v 0.02839600 -0.02721700 -0.06009100
v 0.02839600 -0.02721700 -0.06009100
v 0.03090200 -0.02721700 -0.06469000
v 0.03090200 -0.02721700 -0.06469000
v 0.03298300 -0.02721700 -0.06949600
v 0.03298300 -0.02721700 -0.06949600
v 0.03462300 -0.02721700 -0.07447100
v 0.03462300 -0.02721700 -0.07447100
v 0.03462300 -0.02721700 -0.07447100
v 0.03478600 -0.02721700 -0.07629000
v 0.03478600 -0.02721700 -0.07629000
v 0.03428500 -0.02721700 -0.07804600
v 0.03428500 -0.02721700 -0.07804600
v 0.03318700 -0.02721700 -0.07950600
v 0.03318700 -0.02721700 -0.07950600
v 0.01293700 -0.02721700 -0.08549500
v 0.01293700 -0.02721700 -0.08549500
v 0.01293700 -0.02721700 -0.08549500
v 0.01063100 -0.02721700 -0.08581300
v 0.01063100 -0.02721700 -0.08581300
v 0.00831600 -0.02721700 -0.08606800
v 0.00831600 -0.02721700 -0.08606800
v 0.00599600 -0.02721700 -0.08626100
v 0.00599600 -0.02721700 -0.08626100
v 0.00599600 -0.02721700 -0.08626100
v 0.00466300 -0.02721700 -0.08604900
v 0.00466300 -0.02721700 -0.08604900
v 0.00355800 -0.02721700 -0.08527500
v 0.00355800 -0.02721700 -0.08527500
v 0.00290400 -0.02721700 -0.08409500
v 0.00290400 -0.02721700 -0.08409500
v 0.00283300 -0.02721700 -0.08274700
v 0.00283300 -0.02721700 -0.08274700
v 0.00283300 -0.02721700 -0.08274700
v 0.00354900 -0.02721700 -0.07727300
v 0.00354900 -0.02721700 -0.07727300
v 0.00377400 -0.02721700 -0.07175600
v 0.00377400 -0.02721700 -0.07175600
v 0.00350800 -0.02721700 -0.06624200
v 0.00350800 -0.02721700 -0.06624200
v 0.00275200 -0.02721700 -0.06077300
v 0.00275200 -0.02721700 -0.06077300
v 0.00275200 -0.02721700 -0.06077300
v 0.00278400 -0.02721700 -0.05953900
v 0.00278400 -0.02721700 -0.05953900
v 0.00331000 -0.02721700 -0.05842200
v 0.00331000 -0.02721700 -0.05842200
v 0.00424100 -0.02721700 -0.05761100
v 0.00424100 -0.02721700 -0.05761100
v 0.00542000 -0.02721700 -0.05724400
v 0.00542000 -0.02721700 -0.05724400
v 0.00542000 -0.02721700 -0.05724400
v 0.00602400 -0.02721700 -0.05718400
v 0.00602400 -0.02721700 -0.05718400
v 0.00662700 -0.02721700 -0.05711700
v 0.00662700 -0.02721700 -0.05711700
v 0.00722900 -0.02721700 -0.05704400
v 0.00722900 -0.02721700 -0.05704400
v 0.00722900 -0.02721700 -0.05704400
v 0.00882900 -0.02721700 -0.05709900
v 0.00882900 -0.02721700 -0.05709900
v 0.01033000 -0.02721700 -0.05765800
v 0.01033000 -0.02721700 -0.05765800
v 0.01157700 -0.02721700 -0.05866300
v 0.01157700 -0.02721700 -0.05866300
v 0.01244300 -0.02721700 -0.06001100
v 0.01244300 -0.02721700 -0.06001100
v 0.01244300 -0.02721700 -0.06001100
v 0.01431200 -0.02721700 -0.06490300
v 0.01431200 -0.02721700 -0.06490300
v 0.01573200 -0.02721700 -0.06994500
v 0.01573200 -0.02721700 -0.06994500
v 0.01669200 -0.02721700 -0.07509300
v 0.01669200 -0.02721700 -0.07509300
v 0.01718300 -0.02721700 -0.08030800
v 0.01718300 -0.02721700 -0.08030800
v 0.01718300 -0.02721700 -0.08030800
v 0.01693800 -0.02721700 -0.08211800
v 0.01693800 -0.02721700 -0.08211800
v 0.01605900 -0.02721700 -0.08371900
v 0.01605900 -0.02721700 -0.08371900
v 0.01466300 -0.02721700 -0.08489700
v 0.01466300 -0.02721700 -0.08489700
v -0.00641100 -0.02721700 -0.08623100
v -0.00641100 -0.02721700 -0.08623100
v -0.00641100 -0.02721700 -0.08623100
v -0.00873100 -0.02721700 -0.08602700
v -0.00873100 -0.02721700 -0.08602700
v -0.01104400 -0.02721700 -0.08576100
v -0.01104400 -0.02721700 -0.08576100
v -0.01334900 -0.02721700 -0.08543200
v -0.01334900 -0.02721700 -0.08543200
v -0.01334900 -0.02721700 -0.08543200
v -0.01460200 -0.02721700 -0.08492900
v -0.01460200 -0.02721700 -0.08492900
v -0.01550700 -0.02721700 -0.08392900
v -0.01550700 -0.02721700 -0.08392900
v -0.01588200 -0.02721700 -0.08263200
v -0.01588200 -0.02721700 -0.08263200
v -0.01565100 -0.02721700 -0.08130300
v -0.01565100 -0.02721700 -0.08130300
v -0.01565100 -0.02721700 -0.08130300
v -0.01373500 -0.02721700 -0.07612500
v -0.01373500 -0.02721700 -0.07612500
v -0.01228800 -0.02721700 -0.07079700
v -0.01228800 -0.02721700 -0.07079700
v -0.01132000 -0.02721700 -0.06536200
v -0.01132000 -0.02721700 -0.06536200
v -0.01084000 -0.02721700 -0.05986200
v -0.01084000 -0.02721700 -0.05986200
v -0.01084000 -0.02721700 -0.05986200
v -0.01053500 -0.02721700 -0.05866500
v -0.01053500 -0.02721700 -0.05866500
v -0.00977300 -0.02721700 -0.05769300
v -0.00977300 -0.02721700 -0.05769300
v -0.00868500 -0.02721700 -0.05711000
v -0.00868500 -0.02721700 -0.05711000
v -0.00745400 -0.02721700 -0.05701500
v -0.00745400 -0.02721700 -0.05701500
v -0.00745400 -0.02721700 -0.05701500
v -0.00685200 -0.02721700 -0.05709000
v -0.00685200 -0.02721700 -0.05709000
v -0.00624900 -0.02721700 -0.05715900
v -0.00624900 -0.02721700 -0.05715900
v -0.00564600 -0.02721700 -0.05722200
v -0.00564600 -0.02721700 -0.05722200
v -0.00564600 -0.02721700 -0.05722200
v -0.00409800 -0.02721700 -0.05763300
v -0.00409800 -0.02721700 -0.05763300
v -0.00275900 -0.02721700 -0.05851100
v -0.00275900 -0.02721700 -0.05851100
v -0.00176700 -0.02721700 -0.05976800
v -0.00176700 -0.02721700 -0.05976800
v -0.00122300 -0.02721700 -0.06127500
v -0.00122300 -0.02721700 -0.06127500
v -0.00122300 -0.02721700 -0.06127500
v -0.00048900 -0.02721700 -0.06646100
v -0.00048900 -0.02721700 -0.06646100
v -0.00022600 -0.02721700 -0.07169200
v -0.00022600 -0.02721700 -0.07169200
v -0.00043600 -0.02721700 -0.07692500
v -0.00043600 -0.02721700 -0.07692500
v -0.00111800 -0.02721700 -0.08211800
v -0.00111800 -0.02721700 -0.08211800
v -0.00111800 -0.02721700 -0.08211800
v -0.00176000 -0.02721700 -0.08382800
v -0.00176000 -0.02721700 -0.08382800
v -0.00297300 -0.02721700 -0.08519300
v -0.00297300 -0.02721700 -0.08519300
v -0.00459600 -0.02721700 -0.08603100
v -0.00459600 -0.02721700 -0.08603100
v -0.02543900 -0.02721700 -0.08264200
v -0.02543900 -0.02721700 -0.08264200
v -0.02543900 -0.02721700 -0.08264200
v -0.02765500 -0.02721700 -0.08192700
v -0.02765500 -0.02721700 -0.08192700
v -0.02985100 -0.02721700 -0.08115300
v -0.02985100 -0.02721700 -0.08115300
v -0.03202500 -0.02721700 -0.08032000
v -0.03202500 -0.02721700 -0.08032000
v -0.03202500 -0.02721700 -0.08032000
v -0.03313400 -0.02721700 -0.07955100
v -0.03313400 -0.02721700 -0.07955100
v -0.03379400 -0.02721700 -0.07837400
v -0.03379400 -0.02721700 -0.07837400
v -0.03387100 -0.02721700 -0.07702700
v -0.03387100 -0.02721700 -0.07702700
v -0.03335000 -0.02721700 -0.07578200
v -0.03335000 -0.02721700 -0.07578200
v -0.03335000 -0.02721700 -0.07578200
v -0.03033000 -0.02721700 -0.07116000
v -0.03033000 -0.02721700 -0.07116000
v -0.02773400 -0.02721700 -0.06628800
v -0.02773400 -0.02721700 -0.06628800
v -0.02558100 -0.02721700 -0.06120400
v -0.02558100 -0.02721700 -0.06120400
v -0.02388900 -0.02721700 -0.05594900
v -0.02388900 -0.02721700 -0.05594900
v -0.02388900 -0.02721700 -0.05594900
v -0.02332500 -0.02721700 -0.05485000
v -0.02332500 -0.02721700 -0.05485000
v -0.02236600 -0.02721700 -0.05407200
v -0.02236600 -0.02721700 -0.05407200
v -0.02117500 -0.02721700 -0.05374600
v -0.02117500 -0.02721700 -0.05374600
v -0.01995400 -0.02721700 -0.05392700
v -0.01995400 -0.02721700 -0.05392700
v -0.01995400 -0.02721700 -0.05392700
v -0.01938400 -0.02721700 -0.05413400
v -0.01938400 -0.02721700 -0.05413400
v -0.01881200 -0.02721700 -0.05433600
v -0.01881200 -0.02721700 -0.05433600
v -0.01823700 -0.02721700 -0.05453100
v -0.01823700 -0.02721700 -0.05453100
v -0.01823700 -0.02721700 -0.05453100
v -0.01682000 -0.02721700 -0.05527600
v -0.01682000 -0.02721700 -0.05527600
v -0.01571000 -0.02721700 -0.05643000
v -0.01571000 -0.02721700 -0.05643000
v -0.01502200 -0.02721700 -0.05787700
v -0.01502200 -0.02721700 -0.05787700
v -0.01482700 -0.02721700 -0.05946600
v -0.01482700 -0.02721700 -0.05946600
v -0.01482700 -0.02721700 -0.05946600
v -0.01526600 -0.02721700 -0.06468600
v -0.01526600 -0.02721700 -0.06468600
v -0.01617300 -0.02721700 -0.06984400
v -0.01617300 -0.02721700 -0.06984400
v -0.01754300 -0.02721700 -0.07489900
v -0.01754300 -0.02721700 -0.07489900
v -0.01936300 -0.02721700 -0.07981100
v -0.01936300 -0.02721700 -0.07981100
v -0.01936300 -0.02721700 -0.07981100
v -0.02036900 -0.02721700 -0.08133500
v -0.02036900 -0.02721700 -0.08133500
v -0.02185600 -0.02721700 -0.08239500
v -0.02185600 -0.02721700 -0.08239500
v -0.02362400 -0.02721700 -0.08285200
v -0.02362400 -0.02721700 -0.08285200
v -0.04319100 -0.02721700 -0.07490900
v -0.04319100 -0.02721700 -0.07490900
v -0.04319100 -0.02721700 -0.07490900
v -0.04519200 -0.02721700 -0.07371900
v -0.04519200 -0.02721700 -0.07371900
v -0.04716100 -0.02721700 -0.07247600
v -0.04716100 -0.02721700 -0.07247600
v -0.04909500 -0.02721700 -0.07118000
v -0.04909500 -0.02721700 -0.07118000
v -0.04909500 -0.02721700 -0.07118000
v -0.05000500 -0.02721700 -0.07018300
v -0.05000500 -0.02721700 -0.07018300
v -0.05038600 -0.02721700 -0.06888900
v -0.05038600 -0.02721700 -0.06888900
v -0.05016200 -0.02721700 -0.06755800
v -0.05016200 -0.02721700 -0.06755800
v -0.04937700 -0.02721700 -0.06646100
v -0.04937700 -0.02721700 -0.06646100
v -0.04937700 -0.02721700 -0.06646100
v -0.04540400 -0.02721700 -0.06262700
v -0.04540400 -0.02721700 -0.06262700
v -0.04178900 -0.02721700 -0.05845500
v -0.04178900 -0.02721700 -0.05845500
v -0.03855900 -0.02721700 -0.05397700
v -0.03855900 -0.02721700 -0.05397700
v -0.03573900 -0.02721700 -0.04923000
v -0.03573900 -0.02721700 -0.04923000
v -0.03573900 -0.02721700 -0.04923000
v -0.03494500 -0.02721700 -0.04828500
v -0.03494500 -0.02721700 -0.04828500
v -0.03383700 -0.02721700 -0.04773900
v -0.03383700 -0.02721700 -0.04773900
v -0.03260400 -0.02721700 -0.04768600
v -0.03260400 -0.02721700 -0.04768600
v -0.03145300 -0.02721700 -0.04813500
v -0.03145300 -0.02721700 -0.04813500
v -0.03145300 -0.02721700 -0.04813500
v -0.03094400 -0.02721700 -0.04846400
v -0.03094400 -0.02721700 -0.04846400
v -0.03043100 -0.02721700 -0.04878700
v -0.03043100 -0.02721700 -0.04878700
v -0.02991500 -0.02721700 -0.04910600
v -0.02991500 -0.02721700 -0.04910600
v -0.02991500 -0.02721700 -0.04910600
v -0.02869800 -0.02721700 -0.05014700
v -0.02869800 -0.02721700 -0.05014700
v -0.02787300 -0.02721700 -0.05152000
v -0.02787300 -0.02721700 -0.05152000
v -0.02752400 -0.02721700 -0.05308300
v -0.02752400 -0.02721700 -0.05308300
v -0.02768800 -0.02721700 -0.05467600
v -0.02768800 -0.02721700 -0.05467600
v -0.02768800 -0.02721700 -0.05467600
v -0.02927700 -0.02721700 -0.05966700
v -0.02927700 -0.02721700 -0.05966700
v -0.03131000 -0.02721700 -0.06449400
v -0.03131000 -0.02721700 -0.06449400
v -0.03377000 -0.02721700 -0.06911800
v -0.03377000 -0.02721700 -0.06911800
v -0.03663700 -0.02721700 -0.07350100
v -0.03663700 -0.02721700 -0.07350100
v -0.03663700 -0.02721700 -0.07350100
v -0.03795700 -0.02721700 -0.07476300
v -0.03795700 -0.02721700 -0.07476300
v -0.03964300 -0.02721700 -0.07546600
v -0.03964300 -0.02721700 -0.07546600
v -0.04146800 -0.02721700 -0.07551700
v -0.04146800 -0.02721700 -0.07551700
v -0.05877700 -0.02721700 -0.06342000
v -0.05877700 -0.02721700 -0.06342000
v -0.05877700 -0.02721700 -0.06342000
v -0.06046300 -0.02721700 -0.06181500
v -0.06046300 -0.02721700 -0.06181500
v -0.06210600 -0.02721700 -0.06016400
v -0.06210600 -0.02721700 -0.06016400
v -0.06370300 -0.02721700 -0.05847000
v -0.06370300 -0.02721700 -0.05847000
v -0.06370300 -0.02721700 -0.05847000
v -0.06436800 -0.02721700 -0.05729600
v -0.06436800 -0.02721700 -0.05729600
v -0.06445200 -0.02721700 -0.05595000
v -0.06445200 -0.02721700 -0.05595000
v -0.06393700 -0.02721700 -0.05470200
v -0.06393700 -0.02721700 -0.05470200
v -0.06292800 -0.02721700 -0.05380700
v -0.06292800 -0.02721700 -0.05380700
v -0.06292800 -0.02721700 -0.05380700
v -0.05820200 -0.02721700 -0.05095300
v -0.05820200 -0.02721700 -0.05095300
v -0.05374800 -0.02721700 -0.04769000
v -0.05374800 -0.02721700 -0.04769000
v -0.04960300 -0.02721700 -0.04404400
v -0.04960300 -0.02721700 -0.04404400
v -0.04579800 -0.02721700 -0.04004300
v -0.04579800 -0.02721700 -0.04004300
v -0.04579800 -0.02721700 -0.04004300
v -0.04481400 -0.02721700 -0.03929800
v -0.04481400 -0.02721700 -0.03929800
v -0.04361200 -0.02721700 -0.03901300
v -0.04361200 -0.02721700 -0.03901300
v -0.04239800 -0.02721700 -0.03923600
v -0.04239800 -0.02721700 -0.03923600
v -0.04137600 -0.02721700 -0.03992900
v -0.04137600 -0.02721700 -0.03992900
v -0.04137600 -0.02721700 -0.03992900
v -0.04095200 -0.02721700 -0.04036300
v -0.04095200 -0.02721700 -0.04036300
v -0.04052400 -0.02721700 -0.04079300
v -0.04052400 -0.02721700 -0.04079300
v -0.04009200 -0.02721700 -0.04121800
v -0.04009200 -0.02721700 -0.04121800
v -0.04009200 -0.02721700 -0.04121800
v -0.03913700 -0.02721700 -0.04250400
v -0.03913700 -0.02721700 -0.04250400
v -0.03863800 -0.02721700 -0.04402600
v -0.03863800 -0.02721700 -0.04402600
v -0.03864600 -0.02721700 -0.04562700
v -0.03864600 -0.02721700 -0.04562700
v -0.03916000 -0.02721700 -0.04714400
v -0.03916000 -0.02721700 -0.04714400
v -0.03916000 -0.02721700 -0.04714400
v -0.04182000 -0.02721700 -0.05165600
v -0.04182000 -0.02721700 -0.05165600
v -0.04487600 -0.02721700 -0.05591000
v -0.04487600 -0.02721700 -0.05591000
v -0.04830300 -0.02721700 -0.05987000
v -0.04830300 -0.02721700 -0.05987000
v -0.05207400 -0.02721700 -0.06350600
v -0.05207400 -0.02721700 -0.06350600
v -0.05207400 -0.02721700 -0.06350600
v -0.05364200 -0.02721700 -0.06444200
v -0.05364200 -0.02721700 -0.06444200
v -0.05544100 -0.02721700 -0.06475300
v -0.05544100 -0.02721700 -0.06475300
v -0.05723300 -0.02721700 -0.06439600
v -0.05723300 -0.02721700 -0.06439600
v -0.07141500 -0.02721700 -0.04875100
v -0.07141500 -0.02721700 -0.04875100
v -0.07141500 -0.02721700 -0.04875100
v -0.07270200 -0.02721700 -0.04681100
v -0.07270200 -0.02721700 -0.04681100
v -0.07393600 -0.02721700 -0.04483600
v -0.07393600 -0.02721700 -0.04483600
v -0.07511700 -0.02721700 -0.04282900
v -0.07511700 -0.02721700 -0.04282900
v -0.07511700 -0.02721700 -0.04282900
v -0.07550400 -0.02721700 -0.04153700
v -0.07550400 -0.02721700 -0.04153700
v -0.07528600 -0.02721700 -0.04020500
v -0.07528600 -0.02721700 -0.04020500
v -0.07450700 -0.02721700 -0.03910400
v -0.07450700 -0.02721700 -0.03910400
v -0.07332300 -0.02721700 -0.03845500
v -0.07332300 -0.02721700 -0.03845500
v -0.07332300 -0.02721700 -0.03845500
v -0.06808100 -0.02721700 -0.03672500
v -0.06808100 -0.02721700 -0.03672500
v -0.06301300 -0.02721700 -0.03453400
v -0.06301300 -0.02721700 -0.03453400
v -0.05816000 -0.02721700 -0.03190200
v -0.05816000 -0.02721700 -0.03190200
v -0.05356000 -0.02721700 -0.02884800
v -0.05356000 -0.02721700 -0.02884800
v -0.05356000 -0.02721700 -0.02884800
v -0.05243500 -0.02721700 -0.02834100
v -0.05243500 -0.02721700 -0.02834100
v -0.05120000 -0.02721700 -0.02833000
v -0.05120000 -0.02721700 -0.02833000
v -0.05006500 -0.02721700 -0.02881800
v -0.05006500 -0.02721700 -0.02881800
v -0.04922300 -0.02721700 -0.02972100
v -0.04922300 -0.02721700 -0.02972100
v -0.04922300 -0.02721700 -0.02972100
v -0.04890700 -0.02721700 -0.03023800
v -0.04890700 -0.02721700 -0.03023800
v -0.04858500 -0.02721700 -0.03075300
v -0.04858500 -0.02721700 -0.03075300
v -0.04825800 -0.02721700 -0.03126300
v -0.04825800 -0.02721700 -0.03126300
v -0.04825800 -0.02721700 -0.03126300
v -0.04761400 -0.02721700 -0.03273000
v -0.04761400 -0.02721700 -0.03273000
v -0.04746600 -0.02721700 -0.03432400
v -0.04746600 -0.02721700 -0.03432400
v -0.04783000 -0.02721700 -0.03588400
v -0.04783000 -0.02721700 -0.03588400
v -0.04866900 -0.02721700 -0.03724800
v -0.04866900 -0.02721700 -0.03724800
v -0.04866900 -0.02721700 -0.03724800
v -0.05226600 -0.02721700 -0.04105500
v -0.05226600 -0.02721700 -0.04105500
v -0.05619200 -0.02721700 -0.04452200
v -0.05619200 -0.02721700 -0.04452200
v -0.06041400 -0.02721700 -0.04762100
v -0.06041400 -0.02721700 -0.04762100
v -0.06489900 -0.02721700 -0.05032600
v -0.06489900 -0.02721700 -0.05032600
v -0.06489900 -0.02721700 -0.05032600
v -0.06663600 -0.02721700 -0.05089000
v -0.06663600 -0.02721700 -0.05089000
v -0.06846000 -0.02721700 -0.05079200
v -0.06846000 -0.02721700 -0.05079200
v -0.07012700 -0.02721700 -0.05004600
v -0.07012700 -0.02721700 -0.05004600
v -0.08047300 -0.02721700 -0.03163800
v -0.08047300 -0.02721700 -0.03163800
v -0.08047300 -0.02721700 -0.03163800
v -0.08129600 -0.02721700 -0.02945900
v -0.08129600 -0.02721700 -0.02945900
v -0.08205900 -0.02721700 -0.02726000
v -0.08205900 -0.02721700 -0.02726000
v -0.08276400 -0.02721700 -0.02504000
v -0.08276400 -0.02721700 -0.02504000
v -0.08276400 -0.02721700 -0.02504000
v -0.08285400 -0.02721700 -0.02369400
v -0.08285400 -0.02721700 -0.02369400
v -0.08234500 -0.02721700 -0.02244400
v -0.08234500 -0.02721700 -0.02244400
v -0.08134000 -0.02721700 -0.02154400
v -0.08134000 -0.02721700 -0.02154400
v -0.08004200 -0.02721700 -0.02117500
v -0.08004200 -0.02721700 -0.02117500
v -0.08004200 -0.02721700 -0.02117500
v -0.07454600 -0.02721700 -0.02065400
v -0.07454600 -0.02721700 -0.02065400
v -0.06911800 -0.02721700 -0.01964700
v -0.06911800 -0.02721700 -0.01964700
v -0.06380100 -0.02721700 -0.01816000
v -0.06380100 -0.02721700 -0.01816000
v -0.05863700 -0.02721700 -0.01620700
v -0.05863700 -0.02721700 -0.01620700
v -0.05863700 -0.02721700 -0.01620700
v -0.05742600 -0.02721700 -0.01596300
v -0.05742600 -0.02721700 -0.01596300
v -0.05622000 -0.02721700 -0.01622700
v -0.05622000 -0.02721700 -0.01622700
v -0.05522300 -0.02721700 -0.01695400
v -0.05522300 -0.02721700 -0.01695400
v -0.05460300 -0.02721700 -0.01802200
v -0.05460300 -0.02721700 -0.01802200
v -0.05460300 -0.02721700 -0.01802200
v -0.05440900 -0.02721700 -0.01859700
v -0.05440900 -0.02721700 -0.01859700
v -0.05421000 -0.02721700 -0.01917000
v -0.05421000 -0.02721700 -0.01917000
v -0.05400500 -0.02721700 -0.01974100
v -0.05400500 -0.02721700 -0.01974100
v -0.05400500 -0.02721700 -0.01974100
v -0.05370300 -0.02721700 -0.02131400
v -0.05370300 -0.02721700 -0.02131400
v -0.05391400 -0.02721700 -0.02290100
v -0.05391400 -0.02721700 -0.02290100
v -0.05461600 -0.02721700 -0.02434100
v -0.05461600 -0.02721700 -0.02434100
v -0.05573700 -0.02721700 -0.02548400
v -0.05573700 -0.02721700 -0.02548400
v -0.05573700 -0.02721700 -0.02548400
v -0.06009100 -0.02721700 -0.02839600
v -0.06009100 -0.02721700 -0.02839600
v -0.06469000 -0.02721700 -0.03090200
v -0.06469000 -0.02721700 -0.03090200
v -0.06949600 -0.02721700 -0.03298300
v -0.06949600 -0.02721700 -0.03298300
v -0.07447100 -0.02721700 -0.03462300
v -0.07447100 -0.02721700 -0.03462300
v -0.07447100 -0.02721700 -0.03462300
v -0.07629000 -0.02721700 -0.03478600
v -0.07629000 -0.02721700 -0.03478600
v -0.07804600 -0.02721700 -0.03428500
v -0.07804600 -0.02721700 -0.03428500
v -0.07950600 -0.02721700 -0.03318700
v -0.07950600 -0.02721700 -0.03318700
v -0.08549500 -0.02721700 -0.01293700
v -0.08549500 -0.02721700 -0.01293700
v -0.08549500 -0.02721700 -0.01293700
v -0.08581300 -0.02721700 -0.01063100
v -0.08581300 -0.02721700 -0.01063100
v -0.08606800 -0.02721700 -0.00831600
v -0.08606800 -0.02721700 -0.00831600
v -0.08626100 -0.02721700 -0.00599600
v -0.08626100 -0.02721700 -0.00599600
v -0.08626100 -0.02721700 -0.00599600
v -0.08604900 -0.02721700 -0.00466300
v -0.08604900 -0.02721700 -0.00466300
v -0.08527500 -0.02721700 -0.00355800
v -0.08527500 -0.02721700 -0.00355800
v -0.08409500 -0.02721700 -0.00290400
v -0.08409500 -0.02721700 -0.00290400
v -0.08274700 -0.02721700 -0.00283300
v -0.08274700 -0.02721700 -0.00283300
v -0.08274700 -0.02721700 -0.00283300
v -0.07727300 -0.02721700 -0.00354900
v -0.07727300 -0.02721700 -0.00354900
v -0.07175600 -0.02721700 -0.00377400
v -0.07175600 -0.02721700 -0.00377400
v -0.06624200 -0.02721700 -0.00350800
v -0.06624200 -0.02721700 -0.00350800
v -0.06077300 -0.02721700 -0.00275200
v -0.06077300 -0.02721700 -0.00275200
v -0.06077300 -0.02721700 -0.00275200
v -0.05953900 -0.02721700 -0.00278400
v -0.05953900 -0.02721700 -0.00278400
v -0.05842200 -0.02721700 -0.00331000
v -0.05842200 -0.02721700 -0.00331000
v -0.05761100 -0.02721700 -0.00424100
v -0.05761100 -0.02721700 -0.00424100
v -0.05724400 -0.02721700 -0.00542000
v -0.05724400 -0.02721700 -0.00542000
v -0.05724400 -0.02721700 -0.00542000
v -0.05718400 -0.02721700 -0.00602400
v -0.05718400 -0.02721700 -0.00602400
v -0.05711700 -0.02721700 -0.00662700
v -0.05711700 -0.02721700 -0.00662700
v -0.05704400 -0.02721700 -0.00722900
v -0.05704400 -0.02721700 -0.00722900
v -0.05704400 -0.02721700 -0.00722900
v -0.05709900 -0.02721700 -0.00882900
v -0.05709900 -0.02721700 -0.00882900
v -0.05765800 -0.02721700 -0.01033000
v -0.05765800 -0.02721700 -0.01033000
v -0.05866300 -0.02721700 -0.01157700
v -0.05866300 -0.02721700 -0.01157700
v -0.06001100 -0.02721700 -0.01244300
v -0.06001100 -0.02721700 -0.01244300
v -0.06001100 -0.02721700 -0.01244300
v -0.06490300 -0.02721700 -0.01431200
v -0.06490300 -0.02721700 -0.01431200
v -0.06994500 -0.02721700 -0.01573200
v -0.06994500 -0.02721700 -0.01573200
v -0.07509300 -0.02721700 -0.01669200
v -0.07509300 -0.02721700 -0.01669200
v -0.08030800 -0.02721700 -0.01718300
v -0.08030800 -0.02721700 -0.01718300
v -0.08030800 -0.02721700 -0.01718300
v -0.08211800 -0.02721700 -0.01693800
v -0.08211800 -0.02721700 -0.01693800
v -0.08371900 -0.02721700 -0.01605900
v -0.08371900 -0.02721700 -0.01605900
v -0.08489700 -0.02721700 -0.01466300
v -0.08489700 -0.02721700 -0.01466300
v -0.08623100 -0.02721700 0.00641100
v -0.08623100 -0.02721700 0.00641100
v -0.08623100 -0.02721700 0.00641100
v -0.08602700 -0.02721700 0.00873100
v -0.08602700 -0.02721700 0.00873100
v -0.08576100 -0.02721700 0.01104400
v -0.08576100 -0.02721700 0.01104400
v -0.08543200 -0.02721700 0.01334900
v -0.08543200 -0.02721700 0.01334900
v -0.08543200 -0.02721700 0.01334900
v -0.08492900 -0.02721700 0.01460200
v -0.08492900 -0.02721700 0.01460200
v -0.08392900 -0.02721700 0.01550700
v -0.08392900 -0.02721700 0.01550700
v -0.08263200 -0.02721700 0.01588200
v -0.08263200 -0.02721700 0.01588200
v -0.08130300 -0.02721700 0.01565100
v -0.08130300 -0.02721700 0.01565100
v -0.08130300 -0.02721700 0.01565100
v -0.07612500 -0.02721700 0.01373500
v -0.07612500 -0.02721700 0.01373500
v -0.07079700 -0.02721700 0.01228800
v -0.07079700 -0.02721700 0.01228800
v -0.06536200 -0.02721700 0.01132000
v -0.06536200 -0.02721700 0.01132000
v -0.05986200 -0.02721700 0.01084000
v -0.05986200 -0.02721700 0.01084000
v -0.05986200 -0.02721700 0.01084000
v -0.05866500 -0.02721700 0.01053500
v -0.05866500 -0.02721700 0.01053500
v -0.05769300 -0.02721700 0.00977300
v -0.05769300 -0.02721700 0.00977300
v -0.05711000 -0.02721700 0.00868500
v -0.05711000 -0.02721700 0.00868500
v -0.05701500 -0.02721700 0.00745400
v -0.05701500 -0.02721700 0.00745400
v -0.05701500 -0.02721700 0.00745400
v -0.05709000 -0.02721700 0.00685200
v -0.05709000 -0.02721700 0.00685200
v -0.05715900 -0.02721700 0.00624900
v -0.05715900 -0.02721700 0.00624900
v -0.05722200 -0.02721700 0.00564600
v -0.05722200 -0.02721700 0.00564600
v -0.05722200 -0.02721700 0.00564600
v -0.05763300 -0.02721700 0.00409800
v -0.05763300 -0.02721700 0.00409800
v -0.05851100 -0.02721700 0.00275900
v -0.05851100 -0.02721700 0.00275900
v -0.05976800 -0.02721700 0.00176700
v -0.05976800 -0.02721700 0.00176700
v -0.06127500 -0.02721700 0.00122300
v -0.06127500 -0.02721700 0.00122300
v -0.06127500 -0.02721700 0.00122300
v -0.06646100 -0.02721700 0.00048900
v -0.06646100 -0.02721700 0.00048900
v -0.07169200 -0.02721700 0.00022600
v -0.07169200 -0.02721700 0.00022600
v -0.07692500 -0.02721700 0.00043600
v -0.07692500 -0.02721700 0.00043600
v -0.08211800 -0.02721700 0.00111800
v -0.08211800 -0.02721700 0.00111800
v -0.08211800 -0.02721700 0.00111800
v -0.08382800 -0.02721700 0.00176000
v -0.08382800 -0.02721700 0.00176000
v -0.08519300 -0.02721700 0.00297300
v -0.08519300 -0.02721700 0.00297300
v -0.08603100 -0.02721700 0.00459600
v -0.08603100 -0.02721700 0.00459600
v -0.08264200 -0.02721700 0.02543900
v -0.08264200 -0.02721700 0.02543900
v -0.08264200 -0.02721700 0.02543900
v -0.08192700 -0.02721700 0.02765500
v -0.08192700 -0.02721700 0.02765500
v -0.08115300 -0.02721700 0.02985100
v -0.08115300 -0.02721700 0.02985100
v -0.08032000 -0.02721700 0.03202500
v -0.08032000 -0.02721700 0.03202500
v -0.08032000 -0.02721700 0.03202500
v -0.07955100 -0.02721700 0.03313400
v -0.07955100 -0.02721700 0.03313400
v -0.07837400 -0.02721700 0.03379400
v -0.07837400 -0.02721700 0.03379400
v -0.07702700 -0.02721700 0.03387100
v -0.07702700 -0.02721700 0.03387100
v -0.07578200 -0.02721700 0.03335000
v -0.07578200 -0.02721700 0.03335000
v -0.07578200 -0.02721700 0.03335000
v -0.07116000 -0.02721700 0.03033000
v -0.07116000 -0.02721700 0.03033000
v -0.06628800 -0.02721700 0.02773400
v -0.06628800 -0.02721700 0.02773400
v -0.06120400 -0.02721700 0.02558100
v -0.06120400 -0.02721700 0.02558100
v -0.05594900 -0.02721700 0.02388900
v -0.05594900 -0.02721700 0.02388900
v -0.05594900 -0.02721700 0.02388900
v -0.05485000 -0.02721700 0.02332500
v -0.05485000 -0.02721700 0.02332500
v -0.05407200 -0.02721700 0.02236600
v -0.05407200 -0.02721700 0.02236600
v -0.05374600 -0.02721700 0.02117500
v -0.05374600 -0.02721700 0.02117500
v -0.05392700 -0.02721700 0.01995400
v -0.05392700 -0.02721700 0.01995400
v -0.05392700 -0.02721700 0.01995400
v -0.05413400 -0.02721700 0.01938400
v -0.05413400 -0.02721700 0.01938400
v -0.05433600 -0.02721700 0.01881200
v -0.05433600 -0.02721700 0.01881200
v -0.05453100 -0.02721700 0.01823700
v -0.05453100 -0.02721700 0.01823700
v -0.05453100 -0.02721700 0.01823700
v -0.05527600 -0.02721700 0.01682000
v -0.05527600 -0.02721700 0.01682000
v -0.05643000 -0.02721700 0.01571000
v -0.05643000 -0.02721700 0.01571000
v -0.05787700 -0.02721700 0.01502200
v -0.05787700 -0.02721700 0.01502200
v -0.05946600 -0.02721700 0.01482700
v -0.05946600 -0.02721700 0.01482700
v -0.05946600 -0.02721700 0.01482700
v -0.06468600 -0.02721700 0.01526600
v -0.06468600 -0.02721700 0.01526600
v -0.06984400 -0.02721700 0.01617300
v -0.06984400 -0.02721700 0.01617300
v -0.07489900 -0.02721700 0.01754300
v -0.07489900 -0.02721700 0.01754300
v -0.07981100 -0.02721700 0.01936300
v -0.07981100 -0.02721700 0.01936300
v -0.07981100 -0.02721700 0.01936300
v -0.08133500 -0.02721700 0.02036900
v -0.08133500 -0.02721700 0.02036900
v -0.08239500 -0.02721700 0.02185600
v -0.08239500 -0.02721700 0.02185600
v -0.08285200 -0.02721700 0.02362400
v -0.08285200 -0.02721700 0.02362400
v -0.07490900 -0.02721700 0.04319100
v -0.07490900 -0.02721700 0.04319100
v -0.07490900 -0.02721700 0.04319100
v -0.07371900 -0.02721700 0.04519200
v -0.07371900 -0.02721700 0.04519200
v -0.07247600 -0.02721700 0.04716100
v -0.07247600 -0.02721700 0.04716100
v -0.07118000 -0.02721700 0.04909500
v -0.07118000 -0.02721700 0.04909500
v -0.07118000 -0.02721700 0.04909500
v -0.07018300 -0.02721700 0.05000500
v -0.07018300 -0.02721700 0.05000500
v -0.06888900 -0.02721700 0.05038600
v -0.06888900 -0.02721700 0.05038600
v -0.06755800 -0.02721700 0.05016200
v -0.06755800 -0.02721700 0.05016200
v -0.06646100 -0.02721700 0.04937700
v -0.06646100 -0.02721700 0.04937700
v -0.06646100 -0.02721700 0.04937700
v -0.06262700 -0.02721700 0.04540400
v -0.06262700 -0.02721700 0.04540400
v -0.05845500 -0.02721700 0.04178900
v -0.05845500 -0.02721700 0.04178900
v -0.05397700 -0.02721700 0.03855900
v -0.05397700 -0.02721700 0.03855900
v -0.04923000 -0.02721700 0.03573900
v -0.04923000 -0.02721700 0.03573900
v -0.04923000 -0.02721700 0.03573900
v -0.04828500 -0.02721700 0.03494500
v -0.04828500 -0.02721700 0.03494500
v -0.04773900 -0.02721700 0.03383700
v -0.04773900 -0.02721700 0.03383700
v -0.04768600 -0.02721700 0.03260400
v -0.04768600 -0.02721700 0.03260400
v -0.04813500 -0.02721700 0.03145300
v -0.04813500 -0.02721700 0.03145300
v -0.04813500 -0.02721700 0.03145300
v -0.04846400 -0.02721700 0.03094400
v -0.04846400 -0.02721700 0.03094400
v -0.04878700 -0.02721700 0.03043100
v -0.04878700 -0.02721700 0.03043100
v -0.04910600 -0.02721700 0.02991500
v -0.04910600 -0.02721700 0.02991500
v -0.04910600 -0.02721700 0.02991500
v -0.05014700 -0.02721700 0.02869800
v -0.05014700 -0.02721700 0.02869800
v -0.05152000 -0.02721700 0.02787300
v -0.05152000 -0.02721700 0.02787300
v -0.05308300 -0.02721700 0.02752400
v -0.05308300 -0.02721700 0.02752400
v -0.05467600 -0.02721700 0.02768800
v -0.05467600 -0.02721700 0.02768800
v -0.05467600 -0.02721700 0.02768800
v -0.05966700 -0.02721700 0.02927700
v -0.05966700 -0.02721700 0.02927700
v -0.06449400 -0.02721700 0.03131000
v -0.06449400 -0.02721700 0.03131000
v -0.06911800 -0.02721700 0.03377000
v -0.06911800 -0.02721700 0.03377000
v -0.07350100 -0.02721700 0.03663700
v -0.07350100 -0.02721700 0.03663700
v -0.07350100 -0.02721700 0.03663700
v -0.07476300 -0.02721700 0.03795700
v -0.07476300 -0.02721700 0.03795700
v -0.07546600 -0.02721700 0.03964300
v -0.07546600 -0.02721700 0.03964300
v -0.07551700 -0.02721700 0.04146800
v -0.07551700 -0.02721700 0.04146800
v -0.06342000 -0.02721700 0.05877700
v -0.06342000 -0.02721700 0.05877700
v -0.06342000 -0.02721700 0.05877700
v -0.06181500 -0.02721700 0.06046300
v -0.06181500 -0.02721700 0.06046300
v -0.06016400 -0.02721700 0.06210600
v -0.06016400 -0.02721700 0.06210600
v -0.05847000 -0.02721700 0.06370300
v -0.05847000 -0.02721700 0.06370300
v -0.05847000 -0.02721700 0.06370300
v -0.05729600 -0.02721700 0.06436800
v -0.05729600 -0.02721700 0.06436800
v -0.05595000 -0.02721700 0.06445200
v -0.05595000 -0.02721700 0.06445200
v -0.05470200 -0.02721700 0.06393700
v -0.05470200 -0.02721700 0.06393700
v -0.05380700 -0.02721700 0.06292800
v -0.05380700 -0.02721700 0.06292800
v -0.05380700 -0.02721700 0.06292800
v -0.05095300 -0.02721700 0.05820200
v -0.05095300 -0.02721700 0.05820200
v -0.04769000 -0.02721700 0.05374800
v -0.04769000 -0.02721700 0.05374800
v -0.04404400 -0.02721700 0.04960300
v -0.04404400 -0.02721700 0.04960300
v -0.04004300 -0.02721700 0.04579800
v -0.04004300 -0.02721700 0.04579800
v -0.04004300 -0.02721700 0.04579800
v -0.03929800 -0.02721700 0.04481400
v -0.03929800 -0.02721700 0.04481400
v -0.03901300 -0.02721700 0.04361200
v -0.03901300 -0.02721700 0.04361200
v -0.03923600 -0.02721700 0.04239800
v -0.03923600 -0.02721700 0.04239800
v -0.03992900 -0.02721700 0.04137600
v -0.03992900 -0.02721700 0.04137600
v -0.03992900 -0.02721700 0.04137600
v -0.04036300 -0.02721700 0.04095200
v -0.04036300 -0.02721700 0.04095200
v -0.04079300 -0.02721700 0.04052400
v -0.04079300 -0.02721700 0.04052400
v -0.04121800 -0.02721700 0.04009200
v -0.04121800 -0.02721700 0.04009200
v -0.04121800 -0.02721700 0.04009200
v -0.04250400 -0.02721700 0.03913700
v -0.04250400 -0.02721700 0.03913700
v -0.04402600 -0.02721700 0.03863800
v -0.04402600 -0.02721700 0.03863800
v -0.04562700 -0.02721700 0.03864600
v -0.04562700 -0.02721700 0.03864600
v -0.04714400 -0.02721700 0.03916000
v -0.04714400 -0.02721700 0.03916000
v -0.04714400 -0.02721700 0.03916000
v -0.05165600 -0.02721700 0.04182000
v -0.05165600 -0.02721700 0.04182000
v -0.05591000 -0.02721700 0.04487600
v -0.05591000 -0.02721700 0.04487600
v -0.05987000 -0.02721700 0.04830300
v -0.05987000 -0.02721700 0.04830300
v -0.06350600 -0.02721700 0.05207400
v -0.06350600 -0.02721700 0.05207400
v -0.06350600 -0.02721700 0.05207400
v -0.06444200 -0.02721700 0.05364200
v -0.06444200 -0.02721700 0.05364200
v -0.06475300 -0.02721700 0.05544100
v -0.06475300 -0.02721700 0.05544100
v -0.06439600 -0.02721700 0.05723300
v -0.06439600 -0.02721700 0.05723300
v -0.04875100 -0.02721700 0.07141500
v -0.04875100 -0.02721700 0.07141500
v -0.04875100 -0.02721700 0.07141500
v -0.04681100 -0.02721700 0.07270200
v -0.04681100 -0.02721700 0.07270200
v -0.04483600 -0.02721700 0.07393600
v -0.04483600 -0.02721700 0.07393600
v -0.04282900 -0.02721700 0.07511700
v -0.04282900 -0.02721700 0.07511700
v -0.04282900 -0.02721700 0.07511700
v -0.04153700 -0.02721700 0.07550400
v -0.04153700 -0.02721700 0.07550400
v -0.04020500 -0.02721700 0.07528600
v -0.04020500 -0.02721700 0.07528600
v -0.03910400 -0.02721700 0.07450700
v -0.03910400 -0.02721700 0.07450700
v -0.03845500 -0.02721700 0.07332300
v -0.03845500 -0.02721700 0.07332300
v -0.03845500 -0.02721700 0.07332300
v -0.03672500 -0.02721700 0.06808100
v -0.03672500 -0.02721700 0.06808100
v -0.03453400 -0.02721700 0.06301300
v -0.03453400 -0.02721700 0.06301300
v -0.03190200 -0.02721700 0.05816000
v -0.03190200 -0.02721700 0.05816000
v -0.02884800 -0.02721700 0.05356000
v -0.02884800 -0.02721700 0.05356000
v -0.02884800 -0.02721700 0.05356000
v -0.02834100 -0.02721700 0.05243500
v -0.02834100 -0.02721700 0.05243500
v -0.02833000 -0.02721700 0.05120000
v -0.02833000 -0.02721700 0.05120000
v -0.02881800 -0.02721700 0.05006500
v -0.02881800 -0.02721700 0.05006500
v -0.02972100 -0.02721700 0.04922300
v -0.02972100 -0.02721700 0.04922300
v -0.02972100 -0.02721700 0.04922300
v -0.03023800 -0.02721700 0.04890700
v -0.03023800 -0.02721700 0.04890700
v -0.03075300 -0.02721700 0.04858500
v -0.03075300 -0.02721700 0.04858500
v -0.03126300 -0.02721700 0.04825800
v -0.03126300 -0.02721700 0.04825800
v -0.03126300 -0.02721700 0.04825800
v -0.03273000 -0.02721700 0.04761400
v -0.03273000 -0.02721700 0.04761400
v -0.03432400 -0.02721700 0.04746600
v -0.03432400 -0.02721700 0.04746600
v -0.03588400 -0.02721700 0.04783000
v -0.03588400 -0.02721700 0.04783000
v -0.03724800 -0.02721700 0.04866900
v -0.03724800 -0.02721700 0.04866900
v -0.03724800 -0.02721700 0.04866900
v -0.04105500 -0.02721700 0.05226600
v -0.04105500 -0.02721700 0.05226600
v -0.04452200 -0.02721700 0.05619200
v -0.04452200 -0.02721700 0.05619200
v -0.04762100 -0.02721700 0.06041400
v -0.04762100 -0.02721700 0.06041400
v -0.05032600 -0.02721700 0.06489900
v -0.05032600 -0.02721700 0.06489900
v -0.05032600 -0.02721700 0.06489900
v -0.05089000 -0.02721700 0.06663600
v -0.05089000 -0.02721700 0.06663600
v -0.05079200 -0.02721700 0.06846000
v -0.05079200 -0.02721700 0.06846000
v -0.05004600 -0.02721700 0.07012700
v -0.05004600 -0.02721700 0.07012700
v -0.03163800 -0.02721700 0.08047300
v -0.03163800 -0.02721700 0.08047300
v -0.03163800 -0.02721700 0.08047300
v -0.02945900 -0.02721700 0.08129600
v -0.02945900 -0.02721700 0.08129600
v -0.02726000 -0.02721700 0.08205900
v -0.02726000 -0.02721700 0.08205900
v -0.02504000 -0.02721700 0.08276400
v -0.02504000 -0.02721700 0.08276400
v -0.02504000 -0.02721700 0.08276400
v -0.02369400 -0.02721700 0.08285400
v -0.02369400 -0.02721700 0.08285400
v -0.02244400 -0.02721700 0.08234500
v -0.02244400 -0.02721700 0.08234500
v -0.02154400 -0.02721700 0.08134000
v -0.02154400 -0.02721700 0.08134000
v -0.02117500 -0.02721700 0.08004200
v -0.02117500 -0.02721700 0.08004200
v -0.02117500 -0.02721700 0.08004200
v -0.02065400 -0.02721700 0.07454600
v -0.02065400 -0.02721700 0.07454600
v -0.01964700 -0.02721700 0.06911800
v -0.01964700 -0.02721700 0.06911800
v -0.01816000 -0.02721700 0.06380100
v -0.01816000 -0.02721700 0.06380100
v -0.01620700 -0.02721700 0.05863700
v -0.01620700 -0.02721700 0.05863700
v -0.01620700 -0.02721700 0.05863700
v -0.01596300 -0.02721700 0.05742600
v -0.01596300 -0.02721700 0.05742600
v -0.01622700 -0.02721700 0.05622000
v -0.01622700 -0.02721700 0.05622000
v -0.01695400 -0.02721700 0.05522300
v -0.01695400 -0.02721700 0.05522300
v -0.01802200 -0.02721700 0.05460300
v -0.01802200 -0.02721700 0.05460300
v -0.01802200 -0.02721700 0.05460300
v -0.01859700 -0.02721700 0.05440900
v -0.01859700 -0.02721700 0.05440900
v -0.01917000 -0.02721700 0.05421000
v -0.01917000 -0.02721700 0.05421000
v -0.01974100 -0.02721700 0.05400500
v -0.01974100 -0.02721700 0.05400500
v -0.01974100 -0.02721700 0.05400500
v -0.02131400 -0.02721700 0.05370300
v -0.02131400 -0.02721700 0.05370300
v -0.02290100 -0.02721700 0.05391400
v -0.02290100 -0.02721700 0.05391400
v -0.02434100 -0.02721700 0.05461600
v -0.02434100 -0.02721700 0.05461600
v -0.02548400 -0.02721700 0.05573700
v -0.02548400 -0.02721700 0.05573700
v -0.02548400 -0.02721700 0.05573700
v -0.02839600 -0.02721700 0.06009100
v -0.02839600 -0.02721700 0.06009100
v -0.03090200 -0.02721700 0.06469000
v -0.03090200 -0.02721700 0.06469000
v -0.03298300 -0.02721700 0.06949600
v -0.03298300 -0.02721700 0.06949600
v -0.03462300 -0.02721700 0.07447100
v -0.03462300 -0.02721700 0.07447100
v -0.03462300 -0.02721700 0.07447100
v -0.03478600 -0.02721700 0.07629000
v -0.03478600 -0.02721700 0.07629000
v -0.03428500 -0.02721700 0.07804600
v -0.03428500 -0.02721700 0.07804600
v -0.03318700 -0.02721700 0.07950600
v -0.03318700 -0.02721700 0.07950600
v -0.01293700 -0.02721700 0.08549500
v -0.01293700 -0.02721700 0.08549500
v -0.01293700 -0.02721700 0.08549500
v -0.01063100 -0.02721700 0.08581300
v -0.01063100 -0.02721700 0.08581300
v -0.00831600 -0.02721700 0.08606800
v -0.00831600 -0.02721700 0.08606800
v -0.00599600 -0.02721700 0.08626100
v -0.00599600 -0.02721700 0.08626100
v -0.00599600 -0.02721700 0.08626100
v -0.00466300 -0.02721700 0.08604900
v -0.00466300 -0.02721700 0.08604900
v -0.00355800 -0.02721700 0.08527500
v -0.00355800 -0.02721700 0.08527500
v -0.00290400 -0.02721700 0.08409500
v -0.00290400 -0.02721700 0.08409500
v -0.00283300 -0.02721700 0.08274700
v -0.00283300 -0.02721700 0.08274700
v -0.00283300 -0.02721700 0.08274700
v -0.00354900 -0.02721700 0.07727300
v -0.00354900 -0.02721700 0.07727300
v -0.00377400 -0.02721700 0.07175600
v -0.00377400 -0.02721700 0.07175600
v -0.00350800 -0.02721700 0.06624200
v -0.00350800 -0.02721700 0.06624200
v -0.00275200 -0.02721700 0.06077300
v -0.00275200 -0.02721700 0.06077300
v -0.00275200 -0.02721700 0.06077300
v -0.00278400 -0.02721700 0.05953900
v -0.00278400 -0.02721700 0.05953900
v -0.00331000 -0.02721700 0.05842200
v -0.00331000 -0.02721700 0.05842200
v -0.00424100 -0.02721700 0.05761100
v -0.00424100 -0.02721700 0.05761100
v -0.00542000 -0.02721700 0.05724400
v -0.00542000 -0.02721700 0.05724400
v -0.00542000 -0.02721700 0.05724400
v -0.00602400 -0.02721700 0.05718400
v -0.00602400 -0.02721700 0.05718400
v -0.00662700 -0.02721700 0.05711700
v -0.00662700 -0.02721700 0.05711700
v -0.00722900 -0.02721700 0.05704400
v -0.00722900 -0.02721700 0.05704400
v -0.00722900 -0.02721700 0.05704400
v -0.00882900 -0.02721700 0.05709900
v -0.00882900 -0.02721700 0.05709900
v -0.01033000 -0.02721700 0.05765800
v -0.01033000 -0.02721700 0.05765800
v -0.01157700 -0.02721700 0.05866300
v -0.01157700 -0.02721700 0.05866300
v -0.01244300 -0.02721700 0.06001100
v -0.01244300 -0.02721700 0.06001100
v -0.01244300 -0.02721700 0.06001100
v -0.01431200 -0.02721700 0.06490300
v -0.01431200 -0.02721700 0.06490300
v -0.01573200 -0.02721700 0.06994500
v -0.01573200 -0.02721700 0.06994500
v -0.01669200 -0.02721700 0.07509300
v -0.01669200 -0.02721700 0.07509300
v -0.01718300 -0.02721700 0.08030800
v -0.01718300 -0.02721700 0.08030800
v -0.01718300 -0.02721700 0.08030800
v -0.01693800 -0.02721700 0.08211800
v -0.01693800 -0.02721700 0.08211800
v -0.01605900 -0.02721700 0.08371900
v -0.01605900 -0.02721700 0.08371900
v -0.01466300 -0.02721700 0.08489700
v -0.01466300 -0.02721700 0.08489700
v 0.00641100 -0.02721700 0.08623100
v 0.00641100 -0.02721700 0.08623100
v 0.00641100 -0.02721700 0.08623100
v 0.00873100 -0.02721700 0.08602700
v 0.00873100 -0.02721700 0.08602700
v 0.01104400 -0.02721700 0.08576100
v 0.01104400 -0.02721700 0.08576100
v 0.01334900 -0.02721700 0.08543200
v 0.01334900 -0.02721700 0.08543200
v 0.01334900 -0.02721700 0.08543200
v 0.01460200 -0.02721700 0.08492900
v 0.01460200 -0.02721700 0.08492900
v 0.01550700 -0.02721700 0.08392900
v 0.01550700 -0.02721700 0.08392900
v 0.01588200 -0.02721700 0.08263200
v 0.01588200 -0.02721700 0.08263200
v 0.01565100 -0.02721700 0.08130300
v 0.01565100 -0.02721700 0.08130300
v 0.01565100 -0.02721700 0.08130300
v 0.01373500 -0.02721700 0.07612500
v 0.01373500 -0.02721700 0.07612500
v 0.01228800 -0.02721700 0.07079700
v 0.01228800 -0.02721700 0.07079700
v 0.01132000 -0.02721700 0.06536200
v 0.01132000 -0.02721700 0.06536200
v 0.01084000 -0.02721700 0.05986200
v 0.01084000 -0.02721700 0.05986200
v 0.01084000 -0.02721700 0.05986200
v 0.01053500 -0.02721700 0.05866500
v 0.01053500 -0.02721700 0.05866500
v 0.00977300 -0.02721700 0.05769300
v 0.00977300 -0.02721700 0.05769300
v 0.00868500 -0.02721700 0.05711000
v 0.00868500 -0.02721700 0.05711000
v 0.00745400 -0.02721700 0.05701500
v 0.00745400 -0.02721700 0.05701500
v 0.00745400 -0.02721700 0.05701500
v 0.00685200 -0.02721700 0.05709000
v 0.00685200 -0.02721700 0.05709000
v 0.00624900 -0.02721700 0.05715900
v 0.00624900 -0.02721700 0.05715900
v 0.00564600 -0.02721700 0.05722200
v 0.00564600 -0.02721700 0.05722200
v 0.00564600 -0.02721700 0.05722200
v 0.00409800 -0.02721700 0.05763300
v 0.00409800 -0.02721700 0.05763300
v 0.00275900 -0.02721700 0.05851100
v 0.00275900 -0.02721700 0.05851100
v 0.00176700 -0.02721700 0.05976800
v 0.00176700 -0.02721700 0.05976800
v 0.00122300 -0.02721700 0.06127500
v 0.00122300 -0.02721700 0.06127500
v 0.00122300 -0.02721700 0.06127500
v 0.00048900 -0.02721700 0.06646100
v 0.00048900 -0.02721700 0.06646100
v 0.00022600 -0.02721700 0.07169200
v 0.00022600 -0.02721700 0.07169200
v 0.00043600 -0.02721700 0.07692500
v 0.00043600 -0.02721700 0.07692500
v 0.00111800 -0.02721700 0.08211800
v 0.00111800 -0.02721700 0.08211800
v 0.00111800 -0.02721700 0.08211800
v 0.00176000 -0.02721700 0.08382800
v 0.00176000 -0.02721700 0.08382800
v 0.00297300 -0.02721700 0.08519300
v 0.00297300 -0.02721700 0.08519300
v 0.00459600 -0.02721700 0.08603100
v 0.00459600 -0.02721700 0.08603100
v 0.02543900 -0.02721700 0.08264200
v 0.02543900 -0.02721700 0.08264200
v 0.02543900 -0.02721700 0.08264200
v 0.02765500 -0.02721700 0.08192700
v 0.02765500 -0.02721700 0.08192700
v 0.02985100 -0.02721700 0.08115300
v 0.02985100 -0.02721700 0.08115300
v 0.03202500 -0.02721700 0.08032000
v 0.03202500 -0.02721700 0.08032000
v 0.03202500 -0.02721700 0.08032000
v 0.03313400 -0.02721700 0.07955100
v 0.03313400 -0.02721700 0.07955100
v 0.03379400 -0.02721700 0.07837400
v 0.03379400 -0.02721700 0.07837400
v 0.03387100 -0.02721700 0.07702700
v 0.03387100 -0.02721700 0.07702700
v 0.03335000 -0.02721700 0.07578200
v 0.03335000 -0.02721700 0.07578200
v 0.03335000 -0.02721700 0.07578200
v 0.03033000 -0.02721700 0.07116000
v 0.03033000 -0.02721700 0.07116000
v 0.02773400 -0.02721700 0.06628800
v 0.02773400 -0.02721700 0.06628800
v 0.02558100 -0.02721700 0.06120400
v 0.02558100 -0.02721700 0.06120400
v 0.02388900 -0.02721700 0.05594900
v 0.02388900 -0.02721700 0.05594900
v 0.02388900 -0.02721700 0.05594900
v 0.02332500 -0.02721700 0.05485000
v 0.02332500 -0.02721700 0.05485000
v 0.02236600 -0.02721700 0.05407200
v 0.02236600 -0.02721700 0.05407200
v 0.02117500 -0.02721700 0.05374600
v 0.02117500 -0.02721700 0.05374600
v 0.01995400 -0.02721700 0.05392700
v 0.01995400 -0.02721700 0.05392700
v 0.01995400 -0.02721700 0.05392700
v 0.01938400 -0.02721700 0.05413400
v 0.01938400 -0.02721700 0.05413400
v 0.01881200 -0.02721700 0.05433600
v 0.01881200 -0.02721700 0.05433600
v 0.01823700 -0.02721700 0.05453100
v 0.01823700 -0.02721700 0.05453100
v 0.01823700 -0.02721700 0.05453100
v 0.01682000 -0.02721700 0.05527600
v 0.01682000 -0.02721700 0.05527600
v 0.01571000 -0.02721700 0.05643000
v 0.01571000 -0.02721700 0.05643000
v 0.01502200 -0.02721700 0.05787700
v 0.01502200 -0.02721700 0.05787700
v 0.01482700 -0.02721700 0.05946600
v 0.01482700 -0.02721700 0.05946600
v 0.01482700 -0.02721700 0.05946600
v 0.01526600 -0.02721700 0.06468600
v 0.01526600 -0.02721700 0.06468600
v 0.01617300 -0.02721700 0.06984400
v 0.01617300 -0.02721700 0.06984400
v 0.01754300 -0.02721700 0.07489900
v 0.01754300 -0.02721700 0.07489900
v 0.01936300 -0.02721700 0.07981100
v 0.01936300 -0.02721700 0.07981100
v 0.01936300 -0.02721700 0.07981100
v 0.02036900 -0.02721700 0.08133500
v 0.02036900 -0.02721700 0.08133500
v 0.02185600 -0.02721700 0.08239500
v 0.02185600 -0.02721700 0.08239500
v 0.02362400 -0.02721700 0.08285200
v 0.02362400 -0.02721700 0.08285200
v 0.04319100 -0.02721700 0.07490900
v 0.04319100 -0.02721700 0.07490900
v 0.04319100 -0.02721700 0.07490900
v 0.04519200 -0.02721700 0.07371900
v 0.04519200 -0.02721700 0.07371900
v 0.04716100 -0.02721700 0.07247600
v 0.04716100 -0.02721700 0.07247600
v 0.04909500 -0.02721700 0.07118000
v 0.04909500 -0.02721700 0.07118000
v 0.04909500 -0.02721700 0.07118000
v 0.05000500 -0.02721700 0.07018300
v 0.05000500 -0.02721700 0.07018300
v 0.05038600 -0.02721700 0.06888900
v 0.05038600 -0.02721700 0.06888900
v 0.05016200 -0.02721700 0.06755800
v 0.05016200 -0.02721700 0.06755800
v 0.04937700 -0.02721700 0.06646100
v 0.04937700 -0.02721700 0.06646100
v 0.04937700 -0.02721700 0.06646100
v 0.04540400 -0.02721700 0.06262700
v 0.04540400 -0.02721700 0.06262700
v 0.04178900 -0.02721700 0.05845500
v 0.04178900 -0.02721700 0.05845500
v 0.03855900 -0.02721700 0.05397700
v 0.03855900 -0.02721700 0.05397700
v 0.03573900 -0.02721700 0.04923000
v 0.03573900 -0.02721700 0.04923000
v 0.03573900 -0.02721700 0.04923000
v 0.03494500 -0.02721700 0.04828500
v 0.03494500 -0.02721700 0.04828500
v 0.03383700 -0.02721700 0.04773900
v 0.03383700 -0.02721700 0.04773900
v 0.03260400 -0.02721700 0.04768600
v 0.03260400 -0.02721700 0.04768600
v 0.03145300 -0.02721700 0.04813500
v 0.03145300 -0.02721700 0.04813500
v 0.03145300 -0.02721700 0.04813500
v 0.03094400 -0.02721700 0.04846400
v 0.03094400 -0.02721700 0.04846400
v 0.03043100 -0.02721700 0.04878700
v 0.03043100 -0.02721700 0.04878700
v 0.02991500 -0.02721700 0.04910600
v 0.02991500 -0.02721700 0.04910600
v 0.02991500 -0.02721700 0.04910600
v 0.02869800 -0.02721700 0.05014700
v 0.02869800 -0.02721700 0.05014700
v 0.02787300 -0.02721700 0.05152000
v 0.02787300 -0.02721700 0.05152000
v 0.02752400 -0.02721700 0.05308300
v 0.02752400 -0.02721700 0.05308300
v 0.02768800 -0.02721700 0.05467600
v 0.02768800 -0.02721700 0.05467600
v 0.02768800 -0.02721700 0.05467600
v 0.02927700 -0.02721700 0.05966700
v 0.02927700 -0.02721700 0.05966700
v 0.03131000 -0.02721700 0.06449400
v 0.03131000 -0.02721700 0.06449400
v 0.03377000 -0.02721700 0.06911800
v 0.03377000 -0.02721700 0.06911800
v 0.03663700 -0.02721700 0.07350100
v 0.03663700 -0.02721700 0.07350100
v 0.03663700 -0.02721700 0.07350100
v 0.03795700 -0.02721700 0.07476300
v 0.03795700 -0.02721700 0.07476300
v 0.03964300 -0.02721700 0.07546600
v 0.03964300 -0.02721700 0.07546600
v 0.04146800 -0.02721700 0.07551700
v 0.04146800 -0.02721700 0.07551700
v 0.05877700 -0.02721700 0.06342000
v 0.05877700 -0.02721700 0.06342000
v 0.05877700 -0.02721700 0.06342000
v 0.06046300 -0.02721700 0.06181500
v 0.06046300 -0.02721700 0.06181500
v 0.06210600 -0.02721700 0.06016400
v 0.06210600 -0.02721700 0.06016400
v 0.06370300 -0.02721700 0.05847000
v 0.06370300 -0.02721700 0.05847000
v 0.06370300 -0.02721700 0.05847000
v 0.06436800 -0.02721700 0.05729600
v 0.06436800 -0.02721700 0.05729600
v 0.06445200 -0.02721700 0.05595000
v 0.06445200 -0.02721700 0.05595000
v 0.06393700 -0.02721700 0.05470200
v 0.06393700 -0.02721700 0.05470200
v 0.06292800 -0.02721700 0.05380700
v 0.06292800 -0.02721700 0.05380700
v 0.06292800 -0.02721700 0.05380700
v 0.05820200 -0.02721700 0.05095300
v 0.05820200 -0.02721700 0.05095300
v 0.05374800 -0.02721700 0.04769000
v 0.05374800 -0.02721700 0.04769000
v 0.04960300 -0.02721700 0.04404400
v 0.04960300 -0.02721700 0.04404400
v 0.04579800 -0.02721700 0.04004300
v 0.04579800 -0.02721700 0.04004300
v 0.04579800 -0.02721700 0.04004300
v 0.04481400 -0.02721700 0.03929800
v 0.04481400 -0.02721700 0.03929800
v 0.04361200 -0.02721700 0.03901300
v 0.04361200 -0.02721700 0.03901300
v 0.04239800 -0.02721700 0.03923600
v 0.04239800 -0.02721700 0.03923600
v 0.04137600 -0.02721700 0.03992900
v 0.04137600 -0.02721700 0.03992900
v 0.04137600 -0.02721700 0.03992900
v 0.04095200 -0.02721700 0.04036300
v 0.04095200 -0.02721700 0.04036300
v 0.04052400 -0.02721700 0.04079300
v 0.04052400 -0.02721700 0.04079300
v 0.04009200 -0.02721700 0.04121800
v 0.04009200 -0.02721700 0.04121800
v 0.04009200 -0.02721700 0.04121800
v 0.03913700 -0.02721700 0.04250400
v 0.03913700 -0.02721700 0.04250400
v 0.03863800 -0.02721700 0.04402600
v 0.03863800 -0.02721700 0.04402600
v 0.03864600 -0.02721700 0.04562700
v 0.03864600 -0.02721700 0.04562700
v 0.03916000 -0.02721700 0.04714400
v 0.03916000 -0.02721700 0.04714400
v 0.03916000 -0.02721700 0.04714400
v 0.04182000 -0.02721700 0.05165600
v 0.04182000 -0.02721700 0.05165600
v 0.04487600 -0.02721700 0.05591000
v 0.04487600 -0.02721700 0.05591000
v 0.04830300 -0.02721700 0.05987000
v 0.04830300 -0.02721700 0.05987000
v 0.05207400 -0.02721700 0.06350600
v 0.05207400 -0.02721700 0.06350600
v 0.05207400 -0.02721700 0.06350600
v 0.05364200 -0.02721700 0.06444200
v 0.05364200 -0.02721700 0.06444200
v 0.05544100 -0.02721700 0.06475300
v 0.05544100 -0.02721700 0.06475300
v 0.05723300 -0.02721700 0.06439600
v 0.05723300 -0.02721700 0.06439600
v 0.07141500 -0.02721700 0.04875100
v 0.07141500 -0.02721700 0.04875100
v 0.07141500 -0.02721700 0.04875100
v 0.07270200 -0.02721700 0.04681100
v 0.07270200 -0.02721700 0.04681100
v 0.07393600 -0.02721700 0.04483600
v 0.07393600 -0.02721700 0.04483600
v 0.07511700 -0.02721700 0.04282900
v 0.07511700 -0.02721700 0.04282900
v 0.07511700 -0.02721700 0.04282900
v 0.07550400 -0.02721700 0.04153700
v 0.07550400 -0.02721700 0.04153700
v 0.07528600 -0.02721700 0.04020500
v 0.07528600 -0.02721700 0.04020500
v 0.07450700 -0.02721700 0.03910400
v 0.07450700 -0.02721700 0.03910400
v 0.07332300 -0.02721700 0.03845500
v 0.07332300 -0.02721700 0.03845500
v 0.07332300 -0.02721700 0.03845500
v 0.06808100 -0.02721700 0.03672500
v 0.06808100 -0.02721700 0.03672500
v 0.06301300 -0.02721700 0.03453400
v 0.06301300 -0.02721700 0.03453400
v 0.05816000 -0.02721700 0.03190200
v 0.05816000 -0.02721700 0.03190200
v 0.05356000 -0.02721700 0.02884800
v 0.05356000 -0.02721700 0.02884800
v 0.05356000 -0.02721700 0.02884800
v 0.05243500 -0.02721700 0.02834100
v 0.05243500 -0.02721700 0.02834100
v 0.05120000 -0.02721700 0.02833000
v 0.05120000 -0.02721700 0.02833000
v 0.05006500 -0.02721700 0.02881800
v 0.05006500 -0.02721700 0.02881800
v 0.04922300 -0.02721700 0.02972100
v 0.04922300 -0.02721700 0.02972100
v 0.04922300 -0.02721700 0.02972100
v 0.04890700 -0.02721700 0.03023800
v 0.04890700 -0.02721700 0.03023800
v 0.04858500 -0.02721700 0.03075300
v 0.04858500 -0.02721700 0.03075300
v 0.04825800 -0.02721700 0.03126300
v 0.04825800 -0.02721700 0.03126300
v 0.04825800 -0.02721700 0.03126300
v 0.04761400 -0.02721700 0.03273000
v 0.04761400 -0.02721700 0.03273000
v 0.04746600 -0.02721700 0.03432400
v 0.04746600 -0.02721700 0.03432400
v 0.04783000 -0.02721700 0.03588400
v 0.04783000 -0.02721700 0.03588400
v 0.04866900 -0.02721700 0.03724800
v 0.04866900 -0.02721700 0.03724800
v 0.04866900 -0.02721700 0.03724800
v 0.05226600 -0.02721700 0.04105500
v 0.05226600 -0.02721700 0.04105500
v 0.05619200 -0.02721700 0.04452200
v 0.05619200 -0.02721700 0.04452200
v 0.06041400 -0.02721700 0.04762100
v 0.06041400 -0.02721700 0.04762100
v 0.06489900 -0.02721700 0.05032600
v 0.06489900 -0.02721700 0.05032600
v 0.06489900 -0.02721700 0.05032600
v 0.06663600 -0.02721700 0.05089000
v 0.06663600 -0.02721700 0.05089000
v 0.06846000 -0.02721700 0.05079200
v 0.06846000 -0.02721700 0.05079200
v 0.07012700 -0.02721700 0.05004600
v 0.07012700 -0.02721700 0.05004600
v 0.08047300 -0.02721700 0.03163800
v 0.08047300 -0.02721700 0.03163800
v 0.08047300 -0.02721700 0.03163800
v 0.08129600 -0.02721700 0.02945900
v 0.08129600 -0.02721700 0.02945900
v 0.08205900 -0.02721700 0.02726000
v 0.08205900 -0.02721700 0.02726000
v 0.08276400 -0.02721700 0.02504000
v 0.08276400 -0.02721700 0.02504000
v 0.08276400 -0.02721700 0.02504000
v 0.08285400 -0.02721700 0.02369400
v 0.08285400 -0.02721700 0.02369400
v 0.08234500 -0.02721700 0.02244400
v 0.08234500 -0.02721700 0.02244400
v 0.08134000 -0.02721700 0.02154400
v 0.08134000 -0.02721700 0.02154400
v 0.08004200 -0.02721700 0.02117500
v 0.08004200 -0.02721700 0.02117500
v 0.08004200 -0.02721700 0.02117500
v 0.07454600 -0.02721700 0.02065400
v 0.07454600 -0.02721700 0.02065400
v 0.06911800 -0.02721700 0.01964700
v 0.06911800 -0.02721700 0.01964700
v 0.06380100 -0.02721700 0.01816000
v 0.06380100 -0.02721700 0.01816000
v 0.05863700 -0.02721700 0.01620700
v 0.05863700 -0.02721700 0.01620700
v 0.05863700 -0.02721700 0.01620700
v 0.05742600 -0.02721700 0.01596300
v 0.05742600 -0.02721700 0.01596300
v 0.05622000 -0.02721700 0.01622700
v 0.05622000 -0.02721700 0.01622700
v 0.05522300 -0.02721700 0.01695400
v 0.05522300 -0.02721700 0.01695400
v 0.05460300 -0.02721700 0.01802200
v 0.05460300 -0.02721700 0.01802200
v 0.05460300 -0.02721700 0.01802200
v 0.05440900 -0.02721700 0.01859700
v 0.05440900 -0.02721700 0.01859700
v 0.05421000 -0.02721700 0.01917000
v 0.05421000 -0.02721700 0.01917000
v 0.05400500 -0.02721700 0.01974100
v 0.05400500 -0.02721700 0.01974100
v 0.05400500 -0.02721700 0.01974100
v 0.05370300 -0.02721700 0.02131400
v 0.05370300 -0.02721700 0.02131400
v 0.05391400 -0.02721700 0.02290100
v 0.05391400 -0.02721700 0.02290100
v 0.05461600 -0.02721700 0.02434100
v 0.05461600 -0.02721700 0.02434100
v 0.05573700 -0.02721700 0.02548400
v 0.05573700 -0.02721700 0.02548400
v 0.05573700 -0.02721700 0.02548400
v 0.06009100 -0.02721700 0.02839600
v 0.06009100 -0.02721700 0.02839600
v 0.06469000 -0.02721700 0.03090200
v 0.06469000 -0.02721700 0.03090200
v 0.06949600 -0.02721700 0.03298300
v 0.06949600 -0.02721700 0.03298300
v 0.07447100 -0.02721700 0.03462300
v 0.07447100 -0.02721700 0.03462300
v 0.07447100 -0.02721700 0.03462300
v 0.07629000 -0.02721700 0.03478600
v 0.07629000 -0.02721700 0.03478600
v 0.07804600 -0.02721700 0.03428500
v 0.07804600 -0.02721700 0.03428500
v 0.07950600 -0.02721700 0.03318700
v 0.07950600 -0.02721700 0.03318700
v 0.08549500 -0.02721700 0.01293700
v 0.08549500 -0.02721700 0.01293700
v 0.08549500 -0.02721700 0.01293700
v 0.08581300 -0.02721700 0.01063100
v 0.08581300 -0.02721700 0.01063100
v 0.08606800 -0.02721700 0.00831600
v 0.08606800 -0.02721700 0.00831600
v 0.08626100 -0.02721700 0.00599600
v 0.08626100 -0.02721700 0.00599600
v 0.08626100 -0.02721700 0.00599600
v 0.08604900 -0.02721700 0.00466300
v 0.08604900 -0.02721700 0.00466300
v 0.08527500 -0.02721700 0.00355800
v 0.08527500 -0.02721700 0.00355800
v 0.08409500 -0.02721700 0.00290400
v 0.08409500 -0.02721700 0.00290400
v 0.08274700 -0.02721700 0.00283300
v 0.08274700 -0.02721700 0.00283300
v 0.08274700 -0.02721700 0.00283300
v 0.07727300 -0.02721700 0.00354900
v 0.07727300 -0.02721700 0.00354900
v 0.07175600 -0.02721700 0.00377400
v 0.07175600 -0.02721700 0.00377400
v 0.06624200 -0.02721700 0.00350800
v 0.06624200 -0.02721700 0.00350800
v 0.06077300 -0.02721700 0.00275200
v 0.06077300 -0.02721700 0.00275200
v 0.06077300 -0.02721700 0.00275200
v 0.05953900 -0.02721700 0.00278400
v 0.05953900 -0.02721700 0.00278400
v 0.05842200 -0.02721700 0.00331000
v 0.05842200 -0.02721700 0.00331000
v 0.05761100 -0.02721700 0.00424100
v 0.05761100 -0.02721700 0.00424100
v 0.05724400 -0.02721700 0.00542000
v 0.05724400 -0.02721700 0.00542000
v 0.05724400 -0.02721700 0.00542000
v 0.05718400 -0.02721700 0.00602400
v 0.05718400 -0.02721700 0.00602400
v 0.05711700 -0.02721700 0.00662700
v 0.05711700 -0.02721700 0.00662700
v 0.05704400 -0.02721700 0.00722900
v 0.05704400 -0.02721700 0.00722900
v 0.05704400 -0.02721700 0.00722900
v 0.05709900 -0.02721700 0.00882900
v 0.05709900 -0.02721700 0.00882900
v 0.05765800 -0.02721700 0.01033000
v 0.05765800 -0.02721700 0.01033000
v 0.05866300 -0.02721700 0.01157700
v 0.05866300 -0.02721700 0.01157700
v 0.06001100 -0.02721700 0.01244300
v 0.06001100 -0.02721700 0.01244300
v 0.06001100 -0.02721700 0.01244300
v 0.06490300 -0.02721700 0.01431200
v 0.06490300 -0.02721700 0.01431200
v 0.06994500 -0.02721700 0.01573200
v 0.06994500 -0.02721700 0.01573200
v 0.07509300 -0.02721700 0.01669200
v 0.07509300 -0.02721700 0.01669200
v 0.08030800 -0.02721700 0.01718300
v 0.08030800 -0.02721700 0.01718300
v 0.08030800 -0.02721700 0.01718300
v 0.08211800 -0.02721700 0.01693800
v 0.08211800 -0.02721700 0.01693800
v 0.08371900 -0.02721700 0.01605900
v 0.08371900 -0.02721700 0.01605900
v 0.08489700 -0.02721700 0.01466300
v 0.08489700 -0.02721700 0.01466300
v 0.08543200 -0.02721700 -0.01334900
v 0.08543200 -0.02721700 -0.01334900
v 0.08543200 -0.02721700 -0.01334900
v 0.08492900 -0.02721700 -0.01460200
v 0.08492900 -0.02721700 -0.01460200
v 0.08392900 -0.02721700 -0.01550700
v 0.08392900 -0.02721700 -0.01550700
v 0.08263200 -0.02721700 -0.01588200
v 0.08263200 -0.02721700 -0.01588200
v 0.08130300 -0.02721700 -0.01565100
v 0.08130300 -0.02721700 -0.01565100
v 0.08130300 -0.02721700 -0.01565100
v 0.07612500 -0.02721700 -0.01373500
v 0.07612500 -0.02721700 -0.01373500
v 0.07079700 -0.02721700 -0.01228800
v 0.07079700 -0.02721700 -0.01228800
v 0.06536200 -0.02721700 -0.01132000
v 0.06536200 -0.02721700 -0.01132000
v 0.05986200 -0.02721700 -0.01084000
v 0.05986200 -0.02721700 -0.01084000
v 0.05986200 -0.02721700 -0.01084000
v 0.05866500 -0.02721700 -0.01053500
v 0.05866500 -0.02721700 -0.01053500
v 0.05769300 -0.02721700 -0.00977300
v 0.05769300 -0.02721700 -0.00977300
v 0.05711000 -0.02721700 -0.00868500
v 0.05711000 -0.02721700 -0.00868500
v 0.05701500 -0.02721700 -0.00745400
v 0.05701500 -0.02721700 -0.00745400
v 0.05701500 -0.02721700 -0.00745400
v 0.05709000 -0.02721700 -0.00685200
v 0.05709000 -0.02721700 -0.00685200
v 0.05715900 -0.02721700 -0.00624900
v 0.05715900 -0.02721700 -0.00624900
v 0.05722200 -0.02721700 -0.00564600
v 0.05722200 -0.02721700 -0.00564600
v 0.05722200 -0.02721700 -0.00564600
v 0.05763300 -0.02721700 -0.00409800
v 0.05763300 -0.02721700 -0.00409800
v 0.05851100 -0.02721700 -0.00275900
v 0.05851100 -0.02721700 -0.00275900
v 0.05976800 -0.02721700 -0.00176700
v 0.05976800 -0.02721700 -0.00176700
v 0.06127500 -0.02721700 -0.00122300
v 0.06127500 -0.02721700 -0.00122300
v 0.06127500 -0.02721700 -0.00122300
v 0.06646100 -0.02721700 -0.00048900
v 0.06646100 -0.02721700 -0.00048900
v 0.07169200 -0.02721700 -0.00022600
v 0.07169200 -0.02721700 -0.00022600
v 0.07692500 -0.02721700 -0.00043600
v 0.07692500 -0.02721700 -0.00043600
v 0.08211800 -0.02721700 -0.00111800
v 0.08211800 -0.02721700 -0.00111800
v 0.08211800 -0.02721700 -0.00111800
v 0.08382800 -0.02721700 -0.00176000
v 0.08382800 -0.02721700 -0.00176000
v 0.08519300 -0.02721700 -0.00297300
v 0.08519300 -0.02721700 -0.00297300
v 0.08603100 -0.02721700 -0.00459600
v 0.08603100 -0.02721700 -0.00459600
v 0.08623100 -0.02721700 -0.00641100
v 0.08623100 -0.02721700 -0.00641100
v 0.08623100 -0.02721700 -0.00641100
v 0.08602700 -0.02721700 -0.00873100
v 0.08602700 -0.02721700 -0.00873100
v 0.08576100 -0.02721700 -0.01104400
v 0.08576100 -0.02721700 -0.01104400
v 0.09180000 -0.02539300 -0.00000000
v 0.09180000 -0.02539300 -0.00000000
v 0.09180000 -0.02539300 -0.00000000
v 0.09180000 -0.02539300 -0.00000000
v 0.09140900 -0.02539300 0.00847000
v 0.09140900 -0.02539300 0.00847000
v 0.09023700 -0.02539300 0.01686800
v 0.09023700 -0.02539300 0.01686800
v 0.08829600 -0.02539300 0.02512200
v 0.08829600 -0.02539300 0.02512200
v 0.08560100 -0.02539300 0.03316200
v 0.08560100 -0.02539300 0.03316200
v 0.08217600 -0.02539300 0.04091900
v 0.08217600 -0.02539300 0.04091900
v 0.07805000 -0.02539300 0.04832700
v 0.07805000 -0.02539300 0.04832700
v 0.07325800 -0.02539300 0.05532200
v 0.07325800 -0.02539300 0.05532200
v 0.06784100 -0.02539300 0.06184600
v 0.06784100 -0.02539300 0.06184600
v 0.06184600 -0.02539300 0.06784100
v 0.06184600 -0.02539300 0.06784100
v 0.05532200 -0.02539300 0.07325800
v 0.05532200 -0.02539300 0.07325800
v 0.04832700 -0.02539300 0.07805000
v 0.04832700 -0.02539300 0.07805000
v 0.04091900 -0.02539300 0.08217600
v 0.04091900 -0.02539300 0.08217600
v 0.03316200 -0.02539300 0.08560100
v 0.03316200 -0.02539300 0.08560100
v 0.02512200 -0.02539300 0.08829600
v 0.02512200 -0.02539300 0.08829600
v 0.01686800 -0.02539300 0.09023700
v 0.01686800 -0.02539300 0.09023700
v 0.00847000 -0.02539300 0.09140900
v 0.00847000 -0.02539300 0.09140900
v -0.00000000 -0.02539300 0.09180000
v -0.00000000 -0.02539300 0.09180000
v -0.00847000 -0.02539300 0.09140900
v -0.00847000 -0.02539300 0.09140900
v -0.01686800 -0.02539300 0.09023700
v -0.01686800 -0.02539300 0.09023700
v -0.02512200 -0.02539300 0.08829600
v -0.02512200 -0.02539300 0.08829600
v -0.03316200 -0.02539300 0.08560100
v -0.03316200 -0.02539300 0.08560100
v -0.04091900 -0.02539300 0.08217600
v -0.04091900 -0.02539300 0.08217600
v -0.04832700 -0.02539300 0.07805000
v -0.04832700 -0.02539300 0.07805000
v -0.05532200 -0.02539300 0.07325800
v -0.05532200 -0.02539300 0.07325800
v -0.06184600 -0.02539300 0.06784100
v -0.06184600 -0.02539300 0.06784100
v -0.06784100 -0.02539300 0.06184600
v -0.06784100 -0.02539300 0.06184600
v -0.07325800 -0.02539300 0.05532200
v -0.07325800 -0.02539300 0.05532200
v -0.07805000 -0.02539300 0.04832700
v -0.07805000 -0.02539300 0.04832700
v -0.08217600 -0.02539300 0.04091900
v -0.08217600 -0.02539300 0.04091900
v -0.08560100 -0.02539300 0.03316200
v -0.08560100 -0.02539300 0.03316200
v -0.08829600 -0.02539300 0.02512200
v -0.08829600 -0.02539300 0.02512200
v -0.09023700 -0.02539300 0.01686800
v -0.09023700 -0.02539300 0.01686800
v -0.09140900 -0.02539300 0.00847000
v -0.09140900 -0.02539300 0.00847000
v -0.09180000 -0.02539300 -0.00000000
v -0.09180000 -0.02539300 -0.00000000
v -0.09140900 -0.02539300 -0.00847000
v -0.09140900 -0.02539300 -0.00847000
v -0.09023700 -0.02539300 -0.01686800
v -0.09023700 -0.02539300 -0.01686800
v -0.08829600 -0.02539300 -0.02512200
v -0.08829600 -0.02539300 -0.02512200
v -0.08560100 -0.02539300 -0.03316200
v -0.08560100 -0.02539300 -0.03316200
v -0.08217600 -0.02539300 -0.04091900
v -0.08217600 -0.02539300 -0.04091900
v -0.07805000 -0.02539300 -0.04832700
v -0.07805000 -0.02539300 -0.04832700
v -0.07325800 -0.02539300 -0.05532200
v -0.07325800 -0.02539300 -0.05532200
v -0.06784100 -0.02539300 -0.06184600
v -0.06784100 -0.02539300 -0.06184600
v -0.06184600 -0.02539300 -0.06784100
v -0.06184600 -0.02539300 -0.06784100
v -0.05532200 -0.02539300 -0.07325800
v -0.05532200 -0.02539300 -0.07325800
v -0.04832700 -0.02539300 -0.07805000
v -0.04832700 -0.02539300 -0.07805000
v -0.04091900 -0.02539300 -0.08217600
v -0.04091900 -0.02539300 -0.08217600
v -0.03316200 -0.02539300 -0.08560100
v -0.03316200 -0.02539300 -0.08560100
v -0.02512200 -0.02539300 -0.08829600
v -0.02512200 -0.02539300 -0.08829600
v -0.01686800 -0.02539300 -0.09023700
v -0.01686800 -0.02539300 -0.09023700
v -0.00847000 -0.02539300 -0.09140900
v -0.00847000 -0.02539300 -0.09140900
v -0.00000000 -0.02539300 -0.09180000
v -0.00000000 -0.02539300 -0.09180000
v 0.00847000 -0.02539300 -0.09140900
v 0.00847000 -0.02539300 -0.09140900
v 0.01686800 -0.02539300 -0.09023700
v 0.01686800 -0.02539300 -0.09023700
v 0.02512200 -0.02539300 -0.08829600
v 0.02512200 -0.02539300 -0.08829600
v 0.03316200 -0.02539300 -0.08560100
v 0.03316200 -0.02539300 -0.08560100
v 0.04091900 -0.02539300 -0.08217600
v 0.04091900 -0.02539300 -0.08217600
v 0.04832700 -0.02539300 -0.07805000
v 0.04832700 -0.02539300 -0.07805000
v 0.05532200 -0.02539300 -0.07325800
v 0.05532200 -0.02539300 -0.07325800
v 0.06184600 -0.02539300 -0.06784100
v 0.06184600 -0.02539300 -0.06784100
v 0.06784100 -0.02539300 -0.06184600
v 0.06784100 -0.02539300 -0.06184600
v 0.07325800 -0.02539300 -0.05532200
v 0.07325800 -0.02539300 -0.05532200
v 0.07805000 -0.02539300 -0.04832700
v 0.07805000 -0.02539300 -0.04832700
v 0.08217600 -0.02539300 -0.04091900
v 0.08217600 -0.02539300 -0.04091900
v 0.08560100 -0.02539300 -0.03316200
v 0.08560100 -0.02539300 -0.03316200
v 0.08829600 -0.02539300 -0.02512200
v 0.08829600 -0.02539300 -0.02512200
v 0.09023700 -0.02539300 -0.01686800
v 0.09023700 -0.02539300 -0.01686800
v 0.09140900 -0.02539300 -0.00847000
v 0.09140900 -0.02539300 -0.00847000
v 0.09017900 -0.02699300 -0.00000000
v 0.09017900 -0.02699300 -0.00000000
v 0.09114800 -0.02635300 -0.00000000
v 0.09114800 -0.02635300 -0.00000000
v 0.08979500 -0.02699300 -0.00832100
v 0.09075900 -0.02635300 -0.00841000
v 0.08864400 -0.02699300 -0.01657000
v 0.08959600 -0.02635300 -0.01674800
v 0.08673700 -0.02699300 -0.02467900
v 0.08766800 -0.02635300 -0.02494400
v 0.08409000 -0.02699300 -0.03257600
v 0.08499300 -0.02635300 -0.03292600
v 0.08072500 -0.02699300 -0.04019600
v 0.08159200 -0.02635300 -0.04062800
v 0.07667200 -0.02699300 -0.04747300
v 0.07749500 -0.02635300 -0.04798300
v 0.07196500 -0.02699300 -0.05434500
v 0.07273700 -0.02635300 -0.05492900
v 0.06664300 -0.02699300 -0.06075300
v 0.06735900 -0.02635300 -0.06140600
v 0.06075300 -0.02699300 -0.06664300
v 0.06140600 -0.02635300 -0.06735900
v 0.05434500 -0.02699300 -0.07196500
v 0.05492900 -0.02635300 -0.07273700
v 0.04747300 -0.02699300 -0.07667200
v 0.04798300 -0.02635300 -0.07749500
v 0.04019600 -0.02699300 -0.08072500
v 0.04062800 -0.02635300 -0.08159200
v 0.03257600 -0.02699300 -0.08409000
v 0.03292600 -0.02635300 -0.08499300
v 0.02467900 -0.02699300 -0.08673700
v 0.02494400 -0.02635300 -0.08766800
v 0.01657000 -0.02699300 -0.08864400
v 0.01674800 -0.02635300 -0.08959600
v 0.00832100 -0.02699300 -0.08979500
v 0.00841000 -0.02635300 -0.09075900
v -0.00000000 -0.02699300 -0.09017900
v -0.00000000 -0.02635300 -0.09114800
v -0.00832100 -0.02699300 -0.08979500
v -0.00841000 -0.02635300 -0.09075900
v -0.01657000 -0.02699300 -0.08864400
v -0.01674800 -0.02635300 -0.08959600
v -0.02467900 -0.02699300 -0.08673700
v -0.02494400 -0.02635300 -0.08766800
v -0.03257600 -0.02699300 -0.08409000
v -0.03292600 -0.02635300 -0.08499300
v -0.04019600 -0.02699300 -0.08072500
v -0.04062800 -0.02635300 -0.08159200
v -0.04747300 -0.02699300 -0.07667200
v -0.04798300 -0.02635300 -0.07749500
v -0.05434500 -0.02699300 -0.07196500
v -0.05492900 -0.02635300 -0.07273700
v -0.06075300 -0.02699300 -0.06664300
v -0.06140600 -0.02635300 -0.06735900
v -0.06664300 -0.02699300 -0.06075300
v -0.06735900 -0.02635300 -0.06140600
v -0.07196500 -0.02699300 -0.05434500
v -0.07273700 -0.02635300 -0.05492900
v -0.07667200 -0.02699300 -0.04747300
v -0.07749500 -0.02635300 -0.04798300
v -0.08072500 -0.02699300 -0.04019600
v -0.08159200 -0.02635300 -0.04062800
v -0.08409000 -0.02699300 -0.03257600
v -0.08499300 -0.02635300 -0.03292600
v -0.08673700 -0.02699300 -0.02467900
v -0.08766800 -0.02635300 -0.02494400
v -0.08864400 -0.02699300 -0.01657000
v -0.08959600 -0.02635300 -0.01674800
v -0.08979500 -0.02699300 -0.00832100
v -0.09075900 -0.02635300 -0.00841000
v -0.09017900 -0.02699300 -0.00000000
v -0.09114800 -0.02635300 -0.00000000
v -0.08979500 -0.02699300 0.00832100
v -0.09075900 -0.02635300 0.00841000
v -0.08864400 -0.02699300 0.01657000
v -0.08959600 -0.02635300 0.01674800
v -0.08673700 -0.02699300 0.02467900
v -0.08766800 -0.02635300 0.02494400
v -0.08409000 -0.02699300 0.03257600
v -0.08499300 -0.02635300 0.03292600
v -0.08072500 -0.02699300 0.04019600
v -0.08159200 -0.02635300 0.04062800
v -0.07667200 -0.02699300 0.04747300
v -0.07749500 -0.02635300 0.04798300
v -0.07196500 -0.02699300 0.05434500
v -0.07273700 -0.02635300 0.05492900
v -0.06664300 -0.02699300 0.06075300
v -0.06735900 -0.02635300 0.06140600
v -0.06075300 -0.02699300 0.06664300
v -0.06140600 -0.02635300 0.06735900
v -0.05434500 -0.02699300 0.07196500
v -0.05492900 -0.02635300 0.07273700
v -0.04747300 -0.02699300 0.07667200
v -0.04798300 -0.02635300 0.07749500
v -0.04019600 -0.02699300 0.08072500
v -0.04062800 -0.02635300 0.08159200
v -0.03257600 -0.02699300 0.08409000
v -0.03292600 -0.02635300 0.08499300
v -0.02467900 -0.02699300 0.08673700
v -0.02494400 -0.02635300 0.08766800
v -0.01657000 -0.02699300 0.08864400
v -0.01674800 -0.02635300 0.08959600
v -0.00832100 -0.02699300 0.08979500
v -0.00841000 -0.02635300 0.09075900
v -0.00000000 -0.02699300 0.09017900
v -0.00000000 -0.02635300 0.09114800
v 0.00832100 -0.02699300 0.08979500
v 0.00841000 -0.02635300 0.09075900
v 0.01657000 -0.02699300 0.08864400
v 0.01674800 -0.02635300 0.08959600
v 0.02467900 -0.02699300 0.08673700
v 0.02494400 -0.02635300 0.08766800
v 0.03257600 -0.02699300 0.08409000
v 0.03292600 -0.02635300 0.08499300
v 0.04019600 -0.02699300 0.08072500
v 0.04062800 -0.02635300 0.08159200
v 0.04747300 -0.02699300 0.07667200
v 0.04798300 -0.02635300 0.07749500
v 0.05434500 -0.02699300 0.07196500
v 0.05492900 -0.02635300 0.07273700
v 0.06075300 -0.02699300 0.06664300
v 0.06140600 -0.02635300 0.06735900
v 0.06664300 -0.02699300 0.06075300
v 0.06735900 -0.02635300 0.06140600
v 0.07196500 -0.02699300 0.05434500
v 0.07273700 -0.02635300 0.05492900
v 0.07667200 -0.02699300 0.04747300
v 0.07749500 -0.02635300 0.04798300
v 0.08072500 -0.02699300 0.04019600
v 0.08159200 -0.02635300 0.04062800
v 0.08409000 -0.02699300 0.03257600
v 0.08499300 -0.02635300 0.03292600
v 0.08673700 -0.02699300 0.02467900
v 0.08766800 -0.02635300 0.02494400
v 0.08864400 -0.02699300 0.01657000
v 0.08959600 -0.02635300 0.01674800
v 0.08979500 -0.02699300 0.00832100
v 0.09075900 -0.02635300 0.00841000
v 0.09180000 0.00595900 -0.00000000
v 0.09180000 0.00595900 -0.00000000
v 0.09180000 0.00595900 -0.00000000
v 0.09180000 0.00595900 -0.00000000
v 0.09140900 0.00595900 -0.00847000
v 0.09140900 0.00595900 -0.00847000
v 0.09023700 0.00595900 -0.01686800
v 0.09023700 0.00595900 -0.01686800
v 0.08829600 0.00595900 -0.02512200
v 0.08829600 0.00595900 -0.02512200
v 0.08560100 0.00595900 -0.03316200
v 0.08560100 0.00595900 -0.03316200
v 0.08217600 0.00595900 -0.04091900
v 0.08217600 0.00595900 -0.04091900
v 0.07805000 0.00595900 -0.04832700
v 0.07805000 0.00595900 -0.04832700
v 0.07325800 0.00595900 -0.05532200
v 0.07325800 0.00595900 -0.05532200
v 0.06784100 0.00595900 -0.06184600
v 0.06784100 0.00595900 -0.06184600
v 0.06184600 0.00595900 -0.06784100
v 0.06184600 0.00595900 -0.06784100
v 0.05532200 0.00595900 -0.07325800
v 0.05532200 0.00595900 -0.07325800
v 0.04832700 0.00595900 -0.07805000
v 0.04832700 0.00595900 -0.07805000
v 0.04091900 0.00595900 -0.08217600
v 0.04091900 0.00595900 -0.08217600
v 0.03316200 0.00595900 -0.08560100
v 0.03316200 0.00595900 -0.08560100
v 0.02512200 0.00595900 -0.08829600
v 0.02512200 0.00595900 -0.08829600
v 0.01686800 0.00595900 -0.09023700
v 0.01686800 0.00595900 -0.09023700
v 0.00847000 0.00595900 -0.09140900
v 0.00847000 0.00595900 -0.09140900
v -0.00000000 0.00595900 -0.09180000
v -0.00000000 0.00595900 -0.09180000
v -0.00847000 0.00595900 -0.09140900
v -0.00847000 0.00595900 -0.09140900
v -0.01686800 0.00595900 -0.09023700
v -0.01686800 0.00595900 -0.09023700
v -0.02512200 0.00595900 -0.08829600
v -0.02512200 0.00595900 -0.08829600
v -0.03316200 0.00595900 -0.08560100
v -0.03316200 0.00595900 -0.08560100
v -0.04091900 0.00595900 -0.08217600
v -0.04091900 0.00595900 -0.08217600
v -0.04832700 0.00595900 -0.07805000
v -0.04832700 0.00595900 -0.07805000
v -0.05532200 0.00595900 -0.07325800
v -0.05532200 0.00595900 -0.07325800
v -0.06184600 0.00595900 -0.06784100
v -0.06184600 0.00595900 -0.06784100
v -0.06784100 0.00595900 -0.06184600
v -0.06784100 0.00595900 -0.06184600
v -0.07325800 0.00595900 -0.05532200
v -0.07325800 0.00595900 -0.05532200
v -0.07805000 0.00595900 -0.04832700
v -0.07805000 0.00595900 -0.04832700
v -0.08217600 0.00595900 -0.04091900
v -0.08217600 0.00595900 -0.04091900
v -0.08560100 0.00595900 -0.03316200
v -0.08560100 0.00595900 -0.03316200
v -0.08829600 0.00595900 -0.02512200
v -0.08829600 0.00595900 -0.02512200
v -0.09023700 0.00595900 -0.01686800
v -0.09023700 0.00595900 -0.01686800
v -0.09140900 0.00595900 -0.00847000
v -0.09140900 0.00595900 -0.00847000
v -0.09180000 0.00595900 -0.00000000
v -0.09180000 0.00595900 -0.00000000
v -0.09140900 0.00595900 0.00847000
v -0.09140900 0.00595900 0.00847000
v -0.09023700 0.00595900 0.01686800
v -0.09023700 0.00595900 0.01686800
v -0.08829600 0.00595900 0.02512200
v -0.08829600 0.00595900 0.02512200
v -0.08560100 0.00595900 0.03316200
v -0.08560100 0.00595900 0.03316200
v -0.08217600 0.00595900 0.04091900
v -0.08217600 0.00595900 0.04091900
v -0.07805000 0.00595900 0.04832700
v -0.07805000 0.00595900 0.04832700
v -0.07325800 0.00595900 0.05532200
v -0.07325800 0.00595900 0.05532200
v -0.06784100 0.00595900 0.06184600
v -0.06784100 0.00595900 0.06184600
v -0.06184600 0.00595900 0.06784100
v -0.06184600 0.00595900 0.06784100
v -0.05532200 0.00595900 0.07325800
v -0.05532200 0.00595900 0.07325800
v -0.04832700 0.00595900 0.07805000
v -0.04832700 0.00595900 0.07805000
v -0.04091900 0.00595900 0.08217600
v -0.04091900 0.00595900 0.08217600
v -0.03316200 0.00595900 0.08560100
v -0.03316200 0.00595900 0.08560100
v -0.02512200 0.00595900 0.08829600
v -0.02512200 0.00595900 0.08829600
v -0.01686800 0.00595900 0.09023700
v -0.01686800 0.00595900 0.09023700
v -0.00847000 0.00595900 0.09140900
v -0.00847000 0.00595900 0.09140900
v -0.00000000 0.00595900 0.09180000
v -0.00000000 0.00595900 0.09180000
v 0.00847000 0.00595900 0.09140900
v 0.00847000 0.00595900 0.09140900
v 0.01686800 0.00595900 0.09023700
v 0.01686800 0.00595900 0.09023700
v 0.02512200 0.00595900 0.08829600
v 0.02512200 0.00595900 0.08829600
v 0.03316200 0.00595900 0.08560100
v 0.03316200 0.00595900 0.08560100
v 0.04091900 0.00595900 0.08217600
v 0.04091900 0.00595900 0.08217600
v 0.04832700 0.00595900 0.07805000
v 0.04832700 0.00595900 0.07805000
v 0.05532200 0.00595900 0.07325800
v 0.05532200 0.00595900 0.07325800
v 0.06184600 0.00595900 0.06784100
v 0.06184600 0.00595900 0.06784100
v 0.06784100 0.00595900 0.06184600
v 0.06784100 0.00595900 0.06184600
v 0.07325800 0.00595900 0.05532200
v 0.07325800 0.00595900 0.05532200
v 0.07805000 0.00595900 0.04832700
v 0.07805000 0.00595900 0.04832700
v 0.08217600 0.00595900 0.04091900
v 0.08217600 0.00595900 0.04091900
v 0.08560100 0.00595900 0.03316200
v 0.08560100 0.00595900 0.03316200
v 0.08829600 0.00595900 0.02512200
v 0.08829600 0.00595900 0.02512200
v 0.09023700 0.00595900 0.01686800
v 0.09023700 0.00595900 0.01686800
v 0.09140900 0.00595900 0.00847000
v 0.09140900 0.00595900 0.00847000
v 0.09114800 0.00691800 0.00000000
v 0.09114800 0.00691800 0.00000000
v 0.09017900 0.00755800 0.00000000
v 0.09017900 0.00755800 0.00000000
v 0.09075900 0.00691800 -0.00841000
v 0.08979500 0.00755800 -0.00832100
v 0.08959600 0.00691800 -0.01674800
v 0.08864400 0.00755800 -0.01657000
v 0.08766800 0.00691800 -0.02494400
v 0.08673700 0.00755800 -0.02467900
v 0.08499300 0.00691800 -0.03292600
v 0.08409000 0.00755800 -0.03257600
v 0.08159200 0.00691800 -0.04062800
v 0.08072500 0.00755800 -0.04019600
v 0.07749500 0.00691800 -0.04798300
v 0.07667200 0.00755800 -0.04747300
v 0.07273700 0.00691800 -0.05492900
v 0.07196500 0.00755800 -0.05434500
v 0.06735900 0.00691800 -0.06140600
v 0.06664300 0.00755800 -0.06075300
v 0.06140600 0.00691800 -0.06735900
v 0.06075300 0.00755800 -0.06664300
v 0.05492900 0.00691800 -0.07273700
v 0.05434500 0.00755800 -0.07196500
v 0.04798300 0.00691800 -0.07749500
v 0.04747300 0.00755800 -0.07667200
v 0.04062800 0.00691800 -0.08159200
v 0.04019600 0.00755800 -0.08072500
v 0.03292600 0.00691800 -0.08499300
v 0.03257600 0.00755800 -0.08409000
v 0.02494400 0.00691800 -0.08766800
v 0.02467900 0.00755800 -0.08673700
v 0.01674800 0.00691800 -0.08959600
v 0.01657000 0.00755800 -0.08864400
v 0.00841000 0.00691800 -0.09075900
v 0.00832100 0.00755800 -0.08979500
v -0.00000000 0.00691800 -0.09114800
v -0.00000000 0.00755800 -0.09017900
v -0.00841000 0.00691800 -0.09075900
v -0.00832100 0.00755800 -0.08979500
v -0.01674800 0.00691800 -0.08959600
v -0.01657000 0.00755800 -0.08864400
v -0.02494400 0.00691800 -0.08766800
v -0.02467900 0.00755800 -0.08673700
v -0.03292600 0.00691800 -0.08499300
v -0.03257600 0.00755800 -0.08409000
v -0.04062800 0.00691800 -0.08159200
v -0.04019600 0.00755800 -0.08072500
v -0.04798300 0.00691800 -0.07749500
v -0.04747300 0.00755800 -0.07667200
v -0.05492900 0.00691800 -0.07273700
v -0.05434500 0.00755800 -0.07196500
v -0.06140600 0.00691800 -0.06735900
v -0.06075300 0.00755800 -0.06664300
v -0.06735900 0.00691800 -0.06140600
v -0.06664300 0.00755800 -0.06075300
v -0.07273700 0.00691800 -0.05492900
v -0.07196500 0.00755800 -0.05434500
v -0.07749500 0.00691800 -0.04798300
v -0.07667200 0.00755800 -0.04747300
v -0.08159200 0.00691800 -0.04062800
v -0.08072500 0.00755800 -0.04019600
v -0.08499300 0.00691800 -0.03292600
v -0.08409000 0.00755800 -0.03257600
v -0.08766800 0.00691800 -0.02494400
v -0.08673700 0.00755800 -0.02467900
v -0.08959600 0.00691800 -0.01674800
v -0.08864400 0.00755800 -0.01657000
v -0.09075900 0.00691800 -0.00841000
v -0.08979500 0.00755800 -0.00832100
v -0.09114800 0.00691800 -0.00000000
v -0.09017900 0.00755800 -0.00000000
v -0.09075900 0.00691800 0.00841000
v -0.08979500 0.00755800 0.00832100
v -0.08959600 0.00691800 0.01674800
v -0.08864400 0.00755800 0.01657000
v -0.08766800 0.00691800 0.02494400
v -0.08673700 0.00755800 0.02467900
v -0.08499300 0.00691800 0.03292600
v -0.08409000 0.00755800 0.03257600
v -0.08159200 0.00691800 0.04062800
v -0.08072500 0.00755800 0.04019600
v -0.07749500 0.00691800 0.04798300
v -0.07667200 0.00755800 0.04747300
v -0.07273700 0.00691800 0.05492900
v -0.07196500 0.00755800 0.05434500
v -0.06735900 0.00691800 0.06140600
v -0.06664300 0.00755800 0.06075300
v -0.06140600 0.00691800 0.06735900
v -0.06075300 0.00755800 0.06664300
v -0.05492900 0.00691800 0.07273700
v -0.05434500 0.00755800 0.07196500
v -0.04798300 0.00691800 0.07749500
v -0.04747300 0.00755800 0.07667200
v -0.04062800 0.00691800 0.08159200
v -0.04019600 0.00755800 0.08072500
v -0.03292600 0.00691800 0.08499300
v -0.03257600 0.00755800 0.08409000
v -0.02494400 0.00691800 0.08766800
v -0.02467900 0.00755800 0.08673700
v -0.01674800 0.00691800 0.08959600
v -0.01657000 0.00755800 0.08864400
v -0.00841000 0.00691800 0.09075900
v -0.00832100 0.00755800 0.08979500
v -0.00000000 0.00691800 0.09114800
v -0.00000000 0.00755800 0.09017900
v 0.00841000 0.00691800 0.09075900
v 0.00832100 0.00755800 0.08979500
v 0.01674800 0.00691800 0.08959600
v 0.01657000 0.00755800 0.08864400
v 0.02494400 0.00691800 0.08766800
v 0.02467900 0.00755800 0.08673700
v 0.03292600 0.00691800 0.08499300
v 0.03257600 0.00755800 0.08409000
v 0.04062800 0.00691800 0.08159200
v 0.04019600 0.00755800 0.08072500
v 0.04798300 0.00691800 0.07749500
v 0.04747300 0.00755800 0.07667200
v 0.05492900 0.00691800 0.07273700
v 0.05434500 0.00755800 0.07196500
v 0.06140600 0.00691800 0.06735900
v 0.06075300 0.00755800 0.06664300
v 0.06735900 0.00691800 0.06140600
v 0.06664300 0.00755800 0.06075300
v 0.07273700 0.00691800 0.05492900
v 0.07196500 0.00755800 0.05434500
v 0.07749500 0.00691800 0.04798300
v 0.07667200 0.00755800 0.04747300
v 0.08159200 0.00691800 0.04062800
v 0.08072500 0.00755800 0.04019600
v 0.08499300 0.00691800 0.03292600
v 0.08409000 0.00755800 0.03257600
v 0.08766800 0.00691800 0.02494400
v 0.08673700 0.00755800 0.02467900
v 0.08959600 0.00691800 0.01674800
v 0.08864400 0.00755800 0.01657000
v 0.09075900 0.00691800 0.00841000
v 0.08979500 0.00755800 0.00832100
v 0.08492900 -0.00971700 -0.01460200
v 0.08392900 -0.00971700 -0.01550700
v 0.08263200 -0.00971700 -0.01588200
v 0.05866500 -0.00971700 -0.01053500
v 0.05769300 -0.00971700 -0.00977300
v 0.05711000 -0.00971700 -0.00868500
v 0.07955100 -0.00971700 -0.03313400
v 0.07837400 -0.00971700 -0.03379400
v 0.07702700 -0.00971700 -0.03387100
v 0.05485000 -0.00971700 -0.02332500
v 0.05407200 -0.00971700 -0.02236600
v 0.05374600 -0.00971700 -0.02117500
v 0.07018300 -0.00971700 -0.05000500
v 0.06888900 -0.00971700 -0.05038600
v 0.06755800 -0.00971700 -0.05016200
v 0.04828500 -0.00971700 -0.03494500
v 0.04773900 -0.00971700 -0.03383700
v 0.04768600 -0.00971700 -0.03260400
v 0.05729600 -0.00971700 -0.06436800
v 0.05595000 -0.00971700 -0.06445200
v 0.05470200 -0.00971700 -0.06393700
v 0.03929800 -0.00971700 -0.04481400
v 0.03901300 -0.00971700 -0.04361200
v 0.03923600 -0.00971700 -0.04239800
v 0.04153700 -0.00971700 -0.07550400
v 0.04020500 -0.00971700 -0.07528600
v 0.03910400 -0.00971700 -0.07450700
v 0.02834100 -0.00971700 -0.05243500
v 0.02833000 -0.00971700 -0.05120000
v 0.02881800 -0.00971700 -0.05006500
v 0.02369400 -0.00971700 -0.08285400
v 0.02244400 -0.00971700 -0.08234500
v 0.02154400 -0.00971700 -0.08134000
v 0.01596300 -0.00971700 -0.05742600
v 0.01622700 -0.00971700 -0.05622000
v 0.01695400 -0.00971700 -0.05522300
v 0.00466300 -0.00971700 -0.08604900
v 0.00355800 -0.00971700 -0.08527500
v 0.00290400 -0.00971700 -0.08409500
v 0.00278400 -0.00971700 -0.05953900
v 0.00331000 -0.00971700 -0.05842200
v 0.00424100 -0.00971700 -0.05761100
v -0.01460200 -0.00971700 -0.08492900
v -0.01550700 -0.00971700 -0.08392900
v -0.01588200 -0.00971700 -0.08263200
v -0.01053500 -0.00971700 -0.05866500
v -0.00977300 -0.00971700 -0.05769300
v -0.00868500 -0.00971700 -0.05711000
v -0.03313400 -0.00971700 -0.07955100
v -0.03379400 -0.00971700 -0.07837400
v -0.03387100 -0.00971700 -0.07702700
v -0.02332500 -0.00971700 -0.05485000
v -0.02236600 -0.00971700 -0.05407200
v -0.02117500 -0.00971700 -0.05374600
v -0.05000500 -0.00971700 -0.07018300
v -0.05038600 -0.00971700 -0.06888900
v -0.05016200 -0.00971700 -0.06755800
v -0.03494500 -0.00971700 -0.04828500
v -0.03383700 -0.00971700 -0.04773900
v -0.03260400 -0.00971700 -0.04768600
v -0.06436800 -0.00971700 -0.05729600
v -0.06445200 -0.00971700 -0.05595000
v -0.06393700 -0.00971700 -0.05470200
v -0.04481400 -0.00971700 -0.03929800
v -0.04361200 -0.00971700 -0.03901300
v -0.04239800 -0.00971700 -0.03923600
v -0.07550400 -0.00971700 -0.04153700
v -0.07528600 -0.00971700 -0.04020500
v -0.07450700 -0.00971700 -0.03910400
v -0.05243500 -0.00971700 -0.02834100
v -0.05120000 -0.00971700 -0.02833000
v -0.05006500 -0.00971700 -0.02881800
v -0.08285400 -0.00971700 -0.02369400
v -0.08234500 -0.00971700 -0.02244400
v -0.08134000 -0.00971700 -0.02154400
v -0.05742600 -0.00971700 -0.01596300
v -0.05622000 -0.00971700 -0.01622700
v -0.05522300 -0.00971700 -0.01695400
v -0.08604900 -0.00971700 -0.00466300
v -0.08527500 -0.00971700 -0.00355800
v -0.08409500 -0.00971700 -0.00290400
v -0.05953900 -0.00971700 -0.00278400
v -0.05842200 -0.00971700 -0.00331000
v -0.05761100 -0.00971700 -0.00424100
v -0.08492900 -0.00971700 0.01460200
v -0.08392900 -0.00971700 0.01550700
v -0.08263200 -0.00971700 0.01588200
v -0.05866500 -0.00971700 0.01053500
v -0.05769300 -0.00971700 0.00977300
v -0.05711000 -0.00971700 0.00868500
v -0.07955100 -0.00971700 0.03313400
v -0.07837400 -0.00971700 0.03379400
v -0.07702700 -0.00971700 0.03387100
v -0.05485000 -0.00971700 0.02332500
v -0.05407200 -0.00971700 0.02236600
v -0.05374600 -0.00971700 0.02117500
v -0.07018300 -0.00971700 0.05000500
v -0.06888900 -0.00971700 0.05038600
v -0.06755800 -0.00971700 0.05016200
v -0.04828500 -0.00971700 0.03494500
v -0.04773900 -0.00971700 0.03383700
v -0.04768600 -0.00971700 0.03260400
v -0.05729600 -0.00971700 0.06436800
v -0.05595000 -0.00971700 0.06445200
v -0.05470200 -0.00971700 0.06393700
v -0.03929800 -0.00971700 0.04481400
v -0.03901300 -0.00971700 0.04361200
v -0.03923600 -0.00971700 0.04239800
v -0.04153700 -0.00971700 0.07550400
v -0.04020500 -0.00971700 0.07528600
v -0.03910400 -0.00971700 0.07450700
v -0.02834100 -0.00971700 0.05243500
v -0.02833000 -0.00971700 0.05120000
v -0.02881800 -0.00971700 0.05006500
v -0.02369400 -0.00971700 0.08285400
v -0.02244400 -0.00971700 0.08234500
v -0.02154400 -0.00971700 0.08134000
v -0.01596300 -0.00971700 0.05742600
v -0.01622700 -0.00971700 0.05622000
v -0.01695400 -0.00971700 0.05522300
v -0.00466300 -0.00971700 0.08604900
v -0.00355800 -0.00971700 0.08527500
v -0.00290400 -0.00971700 0.08409500
v -0.00278400 -0.00971700 0.05953900
v -0.00331000 -0.00971700 0.05842200
v -0.00424100 -0.00971700 0.05761100
v 0.01460200 -0.00971700 0.08492900
v 0.01550700 -0.00971700 0.08392900
v 0.01588200 -0.00971700 0.08263200
v 0.01053500 -0.00971700 0.05866500
v 0.00977300 -0.00971700 0.05769300
v 0.00868500 -0.00971700 0.05711000
v 0.03313400 -0.00971700 0.07955100
v 0.03379400 -0.00971700 0.07837400
v 0.03387100 -0.00971700 0.07702700
v 0.02332500 -0.00971700 0.05485000
v 0.02236600 -0.00971700 0.05407200
v 0.02117500 -0.00971700 0.05374600
v 0.05000500 -0.00971700 0.07018300
v 0.05038600 -0.00971700 0.06888900
v 0.05016200 -0.00971700 0.06755800
v 0.03494500 -0.00971700 0.04828500
v 0.03383700 -0.00971700 0.04773900
v 0.03260400 -0.00971700 0.04768600
v 0.06436800 -0.00971700 0.05729600
v 0.06445200 -0.00971700 0.05595000
v 0.06393700 -0.00971700 0.05470200
v 0.04481400 -0.00971700 0.03929800
v 0.04361200 -0.00971700 0.03901300
v 0.04239800 -0.00971700 0.03923600
v 0.07550400 -0.00971700 0.04153700
v 0.07528600 -0.00971700 0.04020500
v 0.07450700 -0.00971700 0.03910400
v 0.05243500 -0.00971700 0.02834100
v 0.05120000 -0.00971700 0.02833000
v 0.05006500 -0.00971700 0.02881800
v 0.08285400 -0.00971700 0.02369400
v 0.08234500 -0.00971700 0.02244400
v 0.08134000 -0.00971700 0.02154400
v 0.05742600 -0.00971700 0.01596300
v 0.05622000 -0.00971700 0.01622700
v 0.05522300 -0.00971700 0.01695400
v 0.08604900 -0.00971700 0.00466300
v 0.08527500 -0.00971700 0.00355800
v 0.08409500 -0.00971700 0.00290400
v 0.05953900 -0.00971700 0.00278400
v 0.05842200 -0.00971700 0.00331000
v 0.05761100 -0.00971700 0.00424100
v 0.09356700 -0.02032700 0.00000000
v 0.09356700 -0.02032700 0.00000000
v 0.09464000 -0.01507000 0.00000000
v 0.09464000 -0.01507000 0.00000000
v 0.09500000 -0.00971700 0.00000000
v 0.09500000 -0.00971700 0.00000000
v 0.09464000 -0.00436400 0.00000000
v 0.09464000 -0.00436400 0.00000000
v 0.09356700 0.00089300 0.00000000
v 0.09356700 0.00089300 0.00000000
v 0.09318000 -0.02032700 -0.00850900
v 0.09424800 -0.01507000 -0.00860600
v 0.09460600 -0.00971700 -0.00863900
v 0.09424800 -0.00436400 -0.00860600
v 0.09318000 0.00089300 -0.00850900
v 0.09202000 -0.02032700 -0.01694700
v 0.09307500 -0.01507000 -0.01714100
v 0.09342900 -0.00971700 -0.01720600
v 0.09307500 -0.00436400 -0.01714100
v 0.09202000 0.00089300 -0.01694700
v 0.09009800 -0.02032700 -0.02524400
v 0.09113100 -0.01507000 -0.02553400
v 0.09147700 -0.00971700 -0.02563100
v 0.09113100 -0.00436400 -0.02553400
v 0.09009800 0.00089300 -0.02524400
v 0.08742900 -0.02032700 -0.03333300
v 0.08843100 -0.01507000 -0.03371500
v 0.08876700 -0.00971700 -0.03384300
v 0.08843100 -0.00436400 -0.03371500
v 0.08742900 0.00089300 -0.03333300
v 0.08403500 -0.02032700 -0.04114500
v 0.08499900 -0.01507000 -0.04161700
v 0.08532200 -0.00971700 -0.04177500
v 0.08499900 -0.00436400 -0.04161700
v 0.08403500 0.00089300 -0.04114500
v 0.07994600 -0.02032700 -0.04861600
v 0.08086200 -0.01507000 -0.04917400
v 0.08117000 -0.00971700 -0.04936000
v 0.08086200 -0.00436400 -0.04917400
v 0.07994600 0.00089300 -0.04861600
v 0.07519400 -0.02032700 -0.05568400
v 0.07605600 -0.01507000 -0.05632300
v 0.07634500 -0.00971700 -0.05653700
v 0.07605600 -0.00436400 -0.05632300
v 0.07519400 0.00089300 -0.05568400
v 0.06981800 -0.02032700 -0.06229100
v 0.07061900 -0.01507000 -0.06300600
v 0.07088700 -0.00971700 -0.06324500
v 0.07061900 -0.00436400 -0.06300600
v 0.06981800 0.00089300 -0.06229100
v 0.06386500 -0.02032700 -0.06838200
v 0.06459700 -0.01507000 -0.06916600
v 0.06484300 -0.00971700 -0.06942900
v 0.06459700 -0.00436400 -0.06916600
v 0.06386500 0.00089300 -0.06838200
v 0.05738200 -0.02032700 -0.07390700
v 0.05804000 -0.01507000 -0.07475400
v 0.05826000 -0.00971700 -0.07503800
v 0.05804000 -0.00436400 -0.07475400
v 0.05738200 0.00089300 -0.07390700
v 0.05042300 -0.02032700 -0.07881800
v 0.05100100 -0.01507000 -0.07972200
v 0.05119500 -0.00971700 -0.08002500
v 0.05100100 -0.00436400 -0.07972200
v 0.05042300 0.00089300 -0.07881800
v 0.04304700 -0.02032700 -0.08307700
v 0.04354100 -0.01507000 -0.08403000
v 0.04370600 -0.00971700 -0.08434900
v 0.04354100 -0.00436400 -0.08403000
v 0.04304700 0.00089300 -0.08307700
v 0.03531400 -0.02032700 -0.08664700
v 0.03571900 -0.01507000 -0.08764100
v 0.03585500 -0.00971700 -0.08797400
v 0.03571900 -0.00436400 -0.08764100
v 0.03531400 0.00089300 -0.08664700
v 0.02728900 -0.02032700 -0.08950000
v 0.02760100 -0.01507000 -0.09052600
v 0.02770600 -0.00971700 -0.09087000
v 0.02760100 -0.00436400 -0.09052600
v 0.02728900 0.00089300 -0.08950000
v 0.01903700 -0.02032700 -0.09161000
v 0.01925500 -0.01507000 -0.09266100
v 0.01932800 -0.00971700 -0.09301300
v 0.01925500 -0.00436400 -0.09266100
v 0.01903700 0.00089300 -0.09161000
v 0.01062700 -0.02032700 -0.09296200
v 0.01074900 -0.01507000 -0.09402800
v 0.01079000 -0.00971700 -0.09438500
v 0.01074900 -0.00436400 -0.09402800
v 0.01062700 0.00089300 -0.09296200
v 0.00213000 -0.02032700 -0.09354300
v 0.00215400 -0.01507000 -0.09461600
v 0.00216300 -0.00971700 -0.09497500
v 0.00215400 -0.00436400 -0.09461600
v 0.00213000 0.00089300 -0.09354300
v -0.00638500 -0.02032700 -0.09334900
v -0.00645800 -0.01507000 -0.09442000
v -0.00648300 -0.00971700 -0.09477900
v -0.00645800 -0.00436400 -0.09442000
v -0.00638500 0.00089300 -0.09334900
v -0.01484700 -0.02032700 -0.09238200
v -0.01501800 -0.01507000 -0.09344100
v -0.01507500 -0.00971700 -0.09379600
v -0.01501800 -0.00436400 -0.09344100
v -0.01484700 0.00089300 -0.09238200
v -0.02318700 -0.02032700 -0.09064900
v -0.02345300 -0.01507000 -0.09168800
v -0.02354200 -0.00971700 -0.09203700
v -0.02345300 -0.00436400 -0.09168800
v -0.02318700 0.00089300 -0.09064900
v -0.03133400 -0.02032700 -0.08816500
v -0.03169300 -0.01507000 -0.08917600
v -0.03181400 -0.00971700 -0.08951500
v -0.03169300 -0.00436400 -0.08917600
v -0.03133400 0.00089300 -0.08816500
v -0.03922100 -0.02032700 -0.08495000
v -0.03967100 -0.01507000 -0.08592400
v -0.03982200 -0.00971700 -0.08625100
v -0.03967100 -0.00436400 -0.08592400
v -0.03922100 0.00089300 -0.08495000
v -0.04678400 -0.02032700 -0.08103200
v -0.04732000 -0.01507000 -0.08196100
v -0.04750000 -0.00971700 -0.08227200
v -0.04732000 -0.00436400 -0.08196100
v -0.04678400 0.00089300 -0.08103200
v -0.05395800 -0.02032700 -0.07644200
v -0.05457700 -0.01507000 -0.07731800
v -0.05478500 -0.00971700 -0.07761200
v -0.05457700 -0.00436400 -0.07731800
v -0.05395800 0.00089300 -0.07644200
v -0.06068600 -0.02032700 -0.07121800
v -0.06138200 -0.01507000 -0.07203500
v -0.06161500 -0.00971700 -0.07230900
v -0.06138200 -0.00436400 -0.07203500
v -0.06068600 0.00089300 -0.07121800
v -0.06691100 -0.02032700 -0.06540500
v -0.06767800 -0.01507000 -0.06615500
v -0.06793500 -0.00971700 -0.06640600
v -0.06767800 -0.00436400 -0.06615500
v -0.06691100 0.00089300 -0.06540500
v -0.07258100 -0.02032700 -0.05904900
v -0.07341300 -0.01507000 -0.05972600
v -0.07369300 -0.00971700 -0.05995300
v -0.07341300 -0.00436400 -0.05972600
v -0.07258100 0.00089300 -0.05904900
v -0.07765000 -0.02032700 -0.05220400
v -0.07854100 -0.01507000 -0.05280300
v -0.07883900 -0.00971700 -0.05300400
v -0.07854100 -0.00436400 -0.05280300
v -0.07765000 0.00089300 -0.05220400
v -0.08207600 -0.02032700 -0.04492700
v -0.08301700 -0.01507000 -0.04544200
v -0.08333200 -0.00971700 -0.04561500
v -0.08301700 -0.00436400 -0.04544200
v -0.08207600 0.00089300 -0.04492700
v -0.08582100 -0.02032700 -0.03727700
v -0.08680500 -0.01507000 -0.03770500
v -0.08713500 -0.00971700 -0.03784800
v -0.08680500 -0.00436400 -0.03770500
v -0.08582100 0.00089300 -0.03727700
v -0.08885500 -0.02032700 -0.02931900
v -0.08987400 -0.01507000 -0.02965500
v -0.09021600 -0.00971700 -0.02976800
v -0.08987400 -0.00436400 -0.02965500
v -0.08885500 0.00089300 -0.02931900
v -0.09115300 -0.02032700 -0.02111700
v -0.09219800 -0.01507000 -0.02135900
v -0.09254900 -0.00971700 -0.02144100
v -0.09219800 -0.00436400 -0.02135900
v -0.09115300 0.00089300 -0.02111700
v -0.09269600 -0.02032700 -0.01274100
v -0.09375900 -0.01507000 -0.01288700
v -0.09411500 -0.00971700 -0.01293600
v -0.09375900 -0.00436400 -0.01288700
v -0.09269600 0.00089300 -0.01274100
v -0.09347000 -0.02032700 -0.00425900
v -0.09454200 -0.01507000 -0.00430800
v -0.09490200 -0.00971700 -0.00432400
v -0.09454200 -0.00436400 -0.00430800
v -0.09347000 0.00089300 -0.00425900
v -0.09347000 -0.02032700 0.00425900
v -0.09454200 -0.01507000 0.00430800
v -0.09490200 -0.00971700 0.00432400
v -0.09454200 -0.00436400 0.00430800
v -0.09347000 0.00089300 0.00425900
v -0.09269600 -0.02032700 0.01274100
v -0.09375900 -0.01507000 0.01288700
v -0.09411500 -0.00971700 0.01293600
v -0.09375900 -0.00436400 0.01288700
v -0.09269600 0.00089300 0.01274100
v -0.09115300 -0.02032700 0.02111700
v -0.09219800 -0.01507000 0.02135900
v -0.09254900 -0.00971700 0.02144100
v -0.09219800 -0.00436400 0.02135900
v -0.09115300 0.00089300 0.02111700
v -0.08885500 -0.02032700 0.02931900
v -0.08987400 -0.01507000 0.02965500
v -0.09021600 -0.00971700 0.02976800
v -0.08987400 -0.00436400 0.02965500
v -0.08885500 0.00089300 0.02931900
v -0.08582100 -0.02032700 0.03727700
v -0.08680500 -0.01507000 0.03770500
v -0.08713500 -0.00971700 0.03784800
v -0.08680500 -0.00436400 0.03770500
v -0.08582100 0.00089300 0.03727700
v -0.08207600 -0.02032700 0.04492700
v -0.08301700 -0.01507000 0.04544200
v -0.08333200 -0.00971700 0.04561500
v -0.08301700 -0.00436400 0.04544200
v -0.08207600 0.00089300 0.04492700
v -0.07765000 -0.02032700 0.05220400
v -0.07854100 -0.01507000 0.05280300
v -0.07883900 -0.00971700 0.05300400
v -0.07854100 -0.00436400 0.05280300
v -0.07765000 0.00089300 0.05220400
v -0.07258100 -0.02032700 0.05904900
v -0.07341300 -0.01507000 0.05972600
v -0.07369300 -0.00971700 0.05995300
v -0.07341300 -0.00436400 0.05972600
v -0.07258100 0.00089300 0.05904900
v -0.06691100 -0.02032700 0.06540500
v -0.06767800 -0.01507000 0.06615500
v -0.06793500 -0.00971700 0.06640600
v -0.06767800 -0.00436400 0.06615500
v -0.06691100 0.00089300 0.06540500
v -0.06068600 -0.02032700 0.07121800
v -0.06138200 -0.01507000 0.07203500
v -0.06161500 -0.00971700 0.07230900
v -0.06138200 -0.00436400 0.07203500
v -0.06068600 0.00089300 0.07121800
v -0.05395800 -0.02032700 0.07644200
v -0.05457700 -0.01507000 0.07731800
v -0.05478500 -0.00971700 0.07761200
v -0.05457700 -0.00436400 0.07731800
v -0.05395800 0.00089300 0.07644200
v -0.04678400 -0.02032700 0.08103200
v -0.04732000 -0.01507000 0.08196100
v -0.04750000 -0.00971700 0.08227200
v -0.04732000 -0.00436400 0.08196100
v -0.04678400 0.00089300 0.08103200
v -0.03922100 -0.02032700 0.08495000
v -0.03967100 -0.01507000 0.08592400
v -0.03982200 -0.00971700 0.08625100
v -0.03967100 -0.00436400 0.08592400
v -0.03922100 0.00089300 0.08495000
v -0.03133400 -0.02032700 0.08816500
v -0.03169300 -0.01507000 0.08917600
v -0.03181400 -0.00971700 0.08951500
v -0.03169300 -0.00436400 0.08917600
v -0.03133400 0.00089300 0.08816500
v -0.02318700 -0.02032700 0.09064900
v -0.02345300 -0.01507000 0.09168800
v -0.02354200 -0.00971700 0.09203700
v -0.02345300 -0.00436400 0.09168800
v -0.02318700 0.00089300 0.09064900
v -0.01484700 -0.02032700 0.09238200
v -0.01501800 -0.01507000 0.09344100
v -0.01507500 -0.00971700 0.09379600
v -0.01501800 -0.00436400 0.09344100
v -0.01484700 0.00089300 0.09238200
v -0.00638500 -0.02032700 0.09334900
v -0.00645800 -0.01507000 0.09442000
v -0.00648300 -0.00971700 0.09477900
v -0.00645800 -0.00436400 0.09442000
v -0.00638500 0.00089300 0.09334900
v 0.00213000 -0.02032700 0.09354300
v 0.00215400 -0.01507000 0.09461600
v 0.00216300 -0.00971700 0.09497500
v 0.00215400 -0.00436400 0.09461600
v 0.00213000 0.00089300 0.09354300
v 0.01062700 -0.02032700 0.09296200
v 0.01074900 -0.01507000 0.09402800
v 0.01079000 -0.00971700 0.09438500
v 0.01074900 -0.00436400 0.09402800
v 0.01062700 0.00089300 0.09296200
v 0.01903700 -0.02032700 0.09161000
v 0.01925500 -0.01507000 0.09266100
v 0.01932800 -0.00971700 0.09301300
v 0.01925500 -0.00436400 0.09266100
v 0.01903700 0.00089300 0.09161000
v 0.02728900 -0.02032700 0.08950000
v 0.02760100 -0.01507000 0.09052600
v 0.02770600 -0.00971700 0.09087000
v 0.02760100 -0.00436400 0.09052600
v 0.02728900 0.00089300 0.08950000
v 0.03531400 -0.02032700 0.08664700
v 0.03571900 -0.01507000 0.08764100
v 0.03585500 -0.00971700 0.08797400
v 0.03571900 -0.00436400 0.08764100
v 0.03531400 0.00089300 0.08664700
v 0.04304700 -0.02032700 0.08307700
v 0.04354100 -0.01507000 0.08403000
v 0.04370600 -0.00971700 0.08434900
v 0.04354100 -0.00436400 0.08403000
v 0.04304700 0.00089300 0.08307700
v 0.05042300 -0.02032700 0.07881800
v 0.05100100 -0.01507000 0.07972200
v 0.05119500 -0.00971700 0.08002500
v 0.05100100 -0.00436400 0.07972200
v 0.05042300 0.00089300 0.07881800
v 0.05738200 -0.02032700 0.07390700
v 0.05804000 -0.01507000 0.07475400
v 0.05826000 -0.00971700 0.07503800
v 0.05804000 -0.00436400 0.07475400
v 0.05738200 0.00089300 0.07390700
v 0.06386500 -0.02032700 0.06838200
v 0.06459700 -0.01507000 0.06916600
v 0.06484300 -0.00971700 0.06942900
v 0.06459700 -0.00436400 0.06916600
v 0.06386500 0.00089300 0.06838200
v 0.06981800 -0.02032700 0.06229100
v 0.07061900 -0.01507000 0.06300600
v 0.07088700 -0.00971700 0.06324500
v 0.07061900 -0.00436400 0.06300600
v 0.06981800 0.00089300 0.06229100
v 0.07519400 -0.02032700 0.05568400
v 0.07605600 -0.01507000 0.05632300
v 0.07634500 -0.00971700 0.05653700
v 0.07605600 -0.00436400 0.05632300
v 0.07519400 0.00089300 0.05568400
v 0.07994600 -0.02032700 0.04861600
v 0.08086200 -0.01507000 0.04917400
v 0.08117000 -0.00971700 0.04936000
v 0.08086200 -0.00436400 0.04917400
v 0.07994600 0.00089300 0.04861600
v 0.08403500 -0.02032700 0.04114500
v 0.08499900 -0.01507000 0.04161700
v 0.08532200 -0.00971700 0.04177500
v 0.08499900 -0.00436400 0.04161700
v 0.08403500 0.00089300 0.04114500
v 0.08742900 -0.02032700 0.03333300
v 0.08843100 -0.01507000 0.03371500
v 0.08876700 -0.00971700 0.03384300
v 0.08843100 -0.00436400 0.03371500
v 0.08742900 0.00089300 0.03333300
v 0.09009800 -0.02032700 0.02524400
v 0.09113100 -0.01507000 0.02553400
v 0.09147700 -0.00971700 0.02563100
v 0.09113100 -0.00436400 0.02553400
v 0.09009800 0.00089300 0.02524400
v 0.09202000 -0.02032700 0.01694700
v 0.09307500 -0.01507000 0.01714100
v 0.09342900 -0.00971700 0.01720600
v 0.09307500 -0.00436400 0.01714100
v 0.09202000 0.00089300 0.01694700
v 0.09318000 -0.02032700 0.00850900
v 0.09424800 -0.01507000 0.00860600
v 0.09460600 -0.00971700 0.00863900
v 0.09424800 -0.00436400 0.00860600
v 0.09318000 0.00089300 0.00850900
vn -38.70098400 70.71067800 -59.17967400
vn -54.73145700 0.00000000 -83.69269800
vn -54.73145700 0.00000000 -83.69269800
vn -80.80990000 0.00000000 -58.90466900
vn -39.33465700 70.71067800 -58.76040100
vn -39.85735800 70.71067800 -58.40711400
vn -95.79139700 0.00000000 -28.70554300
vn -40.44383800 70.71067800 -58.00255100
vn -95.63047600 -0.00000000 29.23717000
vn -95.63047600 -0.00000000 29.23717000
vn -95.63047600 -0.00000000 29.23717000
vn -95.63047600 -0.00000000 29.23717000
vn -40.44383800 -70.71067800 -58.00255100
vn -39.85735800 -70.71067800 -58.40711400
vn -95.79139700 0.00000000 -28.70554300
vn -39.33465700 -70.71067800 -58.76040100
vn -80.80990000 0.00000000 -58.90466900
vn -54.73145700 0.00000000 -83.69269800
vn -54.73145700 0.00000000 -83.69269800
vn -38.70098400 -70.71067800 -59.17967400
vn -84.60875900 0.00000000 -53.30438900
vn -99.12024400 0.00000000 -13.23545700
vn -42.10299100 70.71067800 -56.80966600
vn -95.63047600 -0.00000000 29.23717000
vn -95.63047600 -0.00000000 29.23717000
vn -42.10299100 -70.71067800 -56.80966600
vn -95.63047600 -0.00000000 29.23717000
vn -95.63047600 -0.00000000 29.23717000
vn -41.27342600 -70.71067800 -57.41519200
vn -95.63047600 -0.00000000 29.23717000
vn -43.86677600 -70.71067800 -55.45904800
vn -62.03698900 0.00000000 -78.43093800
vn -62.03698900 0.00000000 -78.43093800
vn -43.23122500 -70.71067800 -55.95588600
vn -84.52990000 0.00000000 -53.42935600
vn -42.70386500 -70.71067800 -56.35938100
vn -96.92640000 0.00000000 -24.60229500
vn -42.70386500 70.71067800 -56.35938100
vn -96.92640000 0.00000000 -24.60229500
vn -84.52990000 0.00000000 -53.42935600
vn -43.23122500 70.71067800 -55.95588600
vn -62.03698900 0.00000000 -78.43093800
vn -62.03698900 0.00000000 -78.43093800
vn -43.86677600 70.71067800 -55.45904800
vn -87.65484500 0.00000000 -48.13136400
vn -99.47285900 0.00000000 -10.25428200
vn -67.91986000 0.00000000 -73.39545400
vn -48.02659300 70.71067800 -51.89842300
vn -51.89842300 70.71067800 -48.02659300
vn -73.39545400 0.00000000 -67.91986000
vn -78.43093800 0.00000000 -62.03698900
vn -55.45904800 70.71067800 -43.86677600
vn -78.43093800 0.00000000 -62.03698900
vn -78.43093800 0.00000000 -62.03698900
vn -78.43093800 0.00000000 -62.03698900
vn -55.45904800 -70.71067800 -43.86677600
vn -73.39545400 0.00000000 -67.91986000
vn -51.89842300 -70.71067800 -48.02659300
vn -48.02659300 -70.71067800 -51.89842300
vn -67.91986000 0.00000000 -73.39545400
vn 0.00000000 70.71067800 70.71067800
vn 0.00000000 100.00000000 0.00000000
vn 0.00000000 70.71067800 70.71067800
vn 8.36317600 70.71067800 70.21436700
vn 0.00000000 100.00000000 0.00000000
vn 0.00000000 100.00000000 0.00000000
vn 16.60895200 70.71067800 68.73239900
vn 24.62157400 70.71067800 66.28558000
vn 0.00000000 100.00000000 0.00000000
vn 0.00000000 100.00000000 0.00000000
vn 32.28856300 70.71067800 62.90825600
vn 39.50229200 70.71067800 58.64783800
vn 0.00000000 100.00000000 0.00000000
vn 0.00000000 100.00000000 0.00000000
vn 46.16149500 70.71067800 53.56413400
vn 52.17269100 70.71067800 47.72850600
vn 0.00000000 100.00000000 0.00000000
vn 57.45149800 70.71067800 41.22287400
vn 0.00000000 100.00000000 0.00000000
vn 0.00000000 100.00000000 0.00000000
vn 61.92381200 70.71067800 34.13856400
vn 65.52685100 70.71067800 26.57502300
vn 0.00000000 100.00000000 0.00000000
vn 0.00000000 100.00000000 0.00000000
vn 68.21003600 70.71067800 18.63842700
vn 69.93570200 70.71067800 10.44018900
vn 0.00000000 100.00000000 0.00000000
vn 0.00000000 100.00000000 0.00000000
vn 70.67962500 70.71067800 2.09539300
vn 0.00000000 100.00000000 0.00000000
vn 70.43136000 70.71067800 -6.27881800
vn 0.00000000 100.00000000 0.00000000
vn 69.19439300 70.71067800 -14.56488800
vn 66.98608900 70.71067800 -22.64649900
vn 0.00000000 100.00000000 0.00000000
vn 0.00000000 100.00000000 0.00000000
vn 63.83744700 70.71067800 -30.41020200
vn 0.00000000 100.00000000 0.00000000
vn 59.79266700 70.71067800 -37.74701300
vn 0.00000000 100.00000000 0.00000000
vn 54.90852900 70.71067800 -44.55393900
vn 0.00000000 100.00000000 0.00000000
vn 49.25359600 70.71067800 -50.73542500
vn 0.00000000 100.00000000 0.00000000
vn 42.90725000 70.71067800 -56.20469700
vn 0.00000000 100.00000000 0.00000000
vn 35.95858000 70.71067800 -60.88497800
vn 0.00000000 100.00000000 0.00000000
vn 28.50513100 70.71067800 -64.71056700
vn 0.00000000 100.00000000 0.00000000
vn 20.65153200 70.71067800 -67.62776200
vn 0.00000000 100.00000000 0.00000000
vn 12.50803100 70.71067800 -69.59561200
vn 0.00000000 100.00000000 0.00000000
vn 4.18894500 70.71067800 -70.58649100
vn 0.00000000 100.00000000 0.00000000
vn -4.18894500 70.71067800 -70.58649100
vn -12.50803100 70.71067800 -69.59561200
vn 0.00000000 100.00000000 0.00000000
vn 0.00000000 100.00000000 0.00000000
vn -20.65153200 70.71067800 -67.62776200
vn 0.00000000 100.00000000 0.00000000
vn -28.50513100 70.71067800 -64.71056700
vn 0.00000000 100.00000000 0.00000000
vn -35.95858000 70.71067800 -60.88497800
vn -42.90725000 70.71067800 -56.20469700
vn 0.00000000 100.00000000 0.00000000
vn -49.25359600 70.71067800 -50.73542500
vn 0.00000000 100.00000000 0.00000000
vn -54.90852900 70.71067800 -44.55393900
vn 0.00000000 100.00000000 0.00000000
vn -59.79266700 70.71067800 -37.74701300
vn 0.00000000 100.00000000 0.00000000
vn 0.00000000 100.00000000 0.00000000
vn -63.83744700 70.71067800 -30.41020200
vn -66.98608900 70.71067800 -22.64649900
vn 0.00000000 100.00000000 0.00000000
vn -69.19439300 70.71067800 -14.56488800
vn 0.00000000 100.00000000 0.00000000
vn 0.00000000 100.00000000 0.00000000
vn -70.43136000 70.71067800 -6.27881800
vn 0.00000000 100.00000000 0.00000000
vn -70.67962500 70.71067800 2.09539300
vn 0.00000000 100.00000000 0.00000000
vn -69.93570200 70.71067800 10.44018900
vn 0.00000000 100.00000000 0.00000000
vn -68.21003600 70.71067800 18.63842700
vn -65.52685100 70.71067800 26.57502300
vn 0.00000000 100.00000000 0.00000000
vn -61.92381200 70.71067800 34.13856400
vn 0.00000000 100.00000000 0.00000000
vn 0.00000000 100.00000000 0.00000000
vn -57.45149800 70.71067800 41.22287400
vn 0.00000000 100.00000000 0.00000000
vn -52.17269100 70.71067800 47.72850600
vn 0.00000000 100.00000000 0.00000000
vn -46.16149500 70.71067800 53.56413400
vn 0.00000000 100.00000000 0.00000000
vn -39.50229200 70.71067800 58.64783800
vn 0.00000000 100.00000000 0.00000000
vn -32.28856300 70.71067800 62.90825600
vn 0.00000000 100.00000000 0.00000000
vn -24.62157400 70.71067800 66.28558000
vn 0.00000000 100.00000000 0.00000000
vn -16.60895200 70.71067800 68.73239900
vn -8.36317600 70.71067800 70.21436700
vn 0.00000000 100.00000000 0.00000000
vn 11.59227200 -0.00000000 99.32582400
vn 8.19697400 70.71067800 70.23396300
vn 11.59227200 -0.00000000 99.32582400
vn 2.73779700 70.71067800 70.65765700
vn 2.73779700 70.71067800 70.65765700
vn 3.87183000 -0.00000000 99.92501700
vn -2.73779700 70.71067800 70.65765700
vn -3.87183000 -0.00000000 99.92501700
vn -8.19697400 70.71067800 70.23396300
vn -11.59227200 -0.00000000 99.32582400
vn -11.59227200 -0.00000000 99.32582400
vn -8.99769500 70.71067800 70.13587900
vn 21.99140500 -0.00000000 97.55192500
vn 51.14086500 -0.00000000 85.93376500
vn -9.65590800 70.71067800 70.04829400
vn -10.39919000 70.71067800 69.94181000
vn 88.29475900 -0.00000000 46.94715600
vn 88.29475900 -0.00000000 46.94715600
vn -12.41588500 70.71067800 69.61211000
vn 88.29475900 -0.00000000 46.94715600
vn 88.29475900 -0.00000000 46.94715600
vn -13.11665800 70.71067800 69.48347500
vn 47.43686200 -0.00000000 88.03263100
vn 15.48933800 -0.00000000 98.79311900
vn -13.73607500 70.71067800 69.36368100
vn -20.47869000 -0.00000000 97.88065800
vn -14.48062100 70.71067800 69.21207700
vn -20.47869000 -0.00000000 97.88065800
vn -32.45614600 -0.00000000 94.58646100
vn -22.94996100 70.71067800 66.88272800
vn -43.93276700 -0.00000000 89.83268900
vn -31.06515800 70.71067800 63.52130300
vn -54.73145700 -0.00000000 83.69269800
vn -38.70098400 70.71067800 59.17967400
vn -54.73145700 -0.00000000 83.69269800
vn -80.80990000 -0.00000000 58.90466900
vn -39.33465700 70.71067800 58.76040100
vn -95.79139700 -0.00000000 28.70554300
vn -39.85735800 70.71067800 58.40711400
vn -95.63047600 0.00000000 -29.23717000
vn -40.44383800 70.71067800 58.00255100
vn -95.63047600 0.00000000 -29.23717000
vn -42.10299100 70.71067800 56.80966600
vn -95.63047600 0.00000000 -29.23717000
vn -95.63047600 0.00000000 -29.23717000
vn -96.92640000 -0.00000000 24.60229500
vn -42.70386500 70.71067800 56.35938100
vn -84.52990000 -0.00000000 53.42935600
vn -43.23122500 70.71067800 55.95588600
vn -62.03698900 -0.00000000 78.43093800
vn -43.86677600 70.71067800 55.45904800
vn -62.03698900 -0.00000000 78.43093800
vn -48.02659300 70.71067800 51.89842300
vn -67.91986000 -0.00000000 73.39545400
vn -73.39545400 -0.00000000 67.91986000
vn -51.89842300 70.71067800 48.02659300
vn -78.43093800 -0.00000000 62.03698900
vn -55.45904800 70.71067800 43.86677600
vn -78.43093800 -0.00000000 62.03698900
vn -53.42935600 -0.00000000 84.52990000
vn -55.95588600 70.71067800 43.23122500
vn -56.35938100 70.71067800 42.70386500
vn -24.60229500 -0.00000000 96.92640000
vn -56.80966600 70.71067800 42.10299100
vn 29.23717000 -0.00000000 95.63047600
vn 29.23717000 -0.00000000 95.63047600
vn 29.23717000 -0.00000000 95.63047600
vn 29.23717000 -0.00000000 95.63047600
vn -58.00255100 70.71067800 40.44383800
vn -58.40711400 70.71067800 39.85735800
vn -28.70554300 -0.00000000 95.79139700
vn -58.90466900 -0.00000000 80.80990000
vn -58.76040100 70.71067800 39.33465700
vn -59.17967400 70.71067800 38.70098400
vn -83.69269800 -0.00000000 54.73145700
vn -83.69269800 -0.00000000 54.73145700
vn -63.52130300 70.71067800 31.06515800
vn -89.83268900 -0.00000000 43.93276700
vn -66.88272800 70.71067800 22.94996100
vn -94.58646100 -0.00000000 32.45614600
vn -97.88065800 -0.00000000 20.47869000
vn -97.88065800 -0.00000000 20.47869000
vn -69.21207700 70.71067800 14.48062100
vn -98.79311900 0.00000000 -15.48933800
vn -69.36368100 70.71067800 13.73607500
vn -88.03263100 0.00000000 -47.43686200
vn -69.48347500 70.71067800 13.11665800
vn -46.94715600 0.00000000 -88.29475900
vn -46.94715600 0.00000000 -88.29475900
vn -69.61211000 70.71067800 12.41588500
vn -46.94715600 0.00000000 -88.29475900
vn -69.94181000 70.71067800 10.39919000
vn -46.94715600 0.00000000 -88.29475900
vn -85.93376500 0.00000000 -51.14086500
vn -70.04829400 70.71067800 9.65590800
vn -70.13587900 70.71067800 8.99769500
vn -97.55192500 0.00000000 -21.99140500
vn -99.32582400 -0.00000000 11.59227200
vn -99.32582400 -0.00000000 11.59227200
vn -70.23396300 70.71067800 8.19697400
vn -70.65765700 70.71067800 2.73779700
vn -99.92501700 -0.00000000 3.87183000
vn -70.65765700 70.71067800 -2.73779700
vn -99.92501700 0.00000000 -3.87183000
vn -70.23396300 70.71067800 -8.19697400
vn -99.32582400 0.00000000 -11.59227200
vn -99.32582400 0.00000000 -11.59227200
vn -97.55192500 -0.00000000 21.99140500
vn -70.13587900 70.71067800 -8.99769500
vn -85.93376500 -0.00000000 51.14086500
vn -70.04829400 70.71067800 -9.65590800
vn -46.94715600 -0.00000000 88.29475900
vn -69.94181000 70.71067800 -10.39919000
vn -46.94715600 -0.00000000 88.29475900
vn -46.94715600 -0.00000000 88.29475900
vn -69.61211000 70.71067800 -12.41588500
vn -46.94715600 -0.00000000 88.29475900
vn -69.48347500 70.71067800 -13.11665800
vn -88.03263100 -0.00000000 47.43686200
vn -69.36368100 70.71067800 -13.73607500
vn -98.79311900 -0.00000000 15.48933800
vn -69.21207700 70.71067800 -14.48062100
vn -97.88065800 0.00000000 -20.47869000
vn -97.88065800 0.00000000 -20.47869000
vn -94.58646100 0.00000000 -32.45614600
vn -66.88272800 70.71067800 -22.94996100
vn -89.83268900 0.00000000 -43.93276700
vn -63.52130300 70.71067800 -31.06515800
vn -83.69269800 0.00000000 -54.73145700
vn -83.69269800 0.00000000 -54.73145700
vn -59.17967400 70.71067800 -38.70098400
vn -58.90466900 0.00000000 -80.80990000
vn -58.76040100 70.71067800 -39.33465700
vn -58.40711400 70.71067800 -39.85735800
vn -28.70554300 0.00000000 -95.79139700
vn 29.23717000 0.00000000 -95.63047600
vn 29.23717000 0.00000000 -95.63047600
vn -58.00255100 70.71067800 -40.44383800
vn 29.23717000 0.00000000 -95.63047600
vn 29.23717000 0.00000000 -95.63047600
vn -56.80966600 70.71067800 -42.10299100
vn -24.60229500 0.00000000 -96.92640000
vn -56.35938100 70.71067800 -42.70386500
vn -55.95588600 70.71067800 -43.23122500
vn -53.42935600 0.00000000 -84.52990000
vn -43.93276700 0.00000000 -89.83268900
vn -31.06515800 70.71067800 -63.52130300
vn -22.94996100 70.71067800 -66.88272800
vn -32.45614600 0.00000000 -94.58646100
vn -20.47869000 0.00000000 -97.88065800
vn -20.47869000 0.00000000 -97.88065800
vn -14.48062100 70.71067800 -69.21207700
vn -13.73607500 70.71067800 -69.36368100
vn 15.48933800 0.00000000 -98.79311900
vn -13.11665800 70.71067800 -69.48347500
vn 47.43686200 0.00000000 -88.03263100
vn -12.41588500 70.71067800 -69.61211000
vn 88.29475900 0.00000000 -46.94715600
vn 88.29475900 0.00000000 -46.94715600
vn -10.39919000 70.71067800 -69.94181000
vn 88.29475900 0.00000000 -46.94715600
vn 88.29475900 0.00000000 -46.94715600
vn 51.14086500 0.00000000 -85.93376500
vn -9.65590800 70.71067800 -70.04829400
vn -8.99769500 70.71067800 -70.13587900
vn 21.99140500 0.00000000 -97.55192500
vn -11.59227200 0.00000000 -99.32582400
vn -8.19697400 70.71067800 -70.23396300
vn -11.59227200 0.00000000 -99.32582400
vn -2.73779700 70.71067800 -70.65765700
vn -3.87183000 0.00000000 -99.92501700
vn 3.87183000 0.00000000 -99.92501700
vn 2.73779700 70.71067800 -70.65765700
vn 11.59227200 0.00000000 -99.32582400
vn 8.19697400 70.71067800 -70.23396300
vn 11.59227200 0.00000000 -99.32582400
vn -21.99140500 0.00000000 -97.55192500
vn 8.99769500 70.71067800 -70.13587900
vn -51.14086500 0.00000000 -85.93376500
vn 9.65590800 70.71067800 -70.04829400
vn 10.39919000 70.71067800 -69.94181000
vn -88.29475900 0.00000000 -46.94715600
vn -88.29475900 0.00000000 -46.94715600
vn -88.29475900 0.00000000 -46.94715600
vn -88.29475900 0.00000000 -46.94715600
vn 12.41588500 70.71067800 -69.61211000
vn 13.11665800 70.71067800 -69.48347500
vn -47.43686200 0.00000000 -88.03263100
vn 13.73607500 70.71067800 -69.36368100
vn -15.48933800 0.00000000 -98.79311900
vn 14.48062100 70.71067800 -69.21207700
vn 20.47869000 0.00000000 -97.88065800
vn 20.47869000 0.00000000 -97.88065800
vn 22.94996100 70.71067800 -66.88272800
vn 32.45614600 0.00000000 -94.58646100
vn 31.06515800 70.71067800 -63.52130300
vn 43.93276700 0.00000000 -89.83268900
vn 54.73145700 0.00000000 -83.69269800
vn 54.73145700 0.00000000 -83.69269800
vn 38.70098400 70.71067800 -59.17967400
vn 39.33465700 70.71067800 -58.76040100
vn 80.80990000 0.00000000 -58.90466900
vn 39.85735800 70.71067800 -58.40711400
vn 95.79139700 0.00000000 -28.70554300
vn 95.63047600 -0.00000000 29.23717000
vn 40.44383800 70.71067800 -58.00255100
vn 95.63047600 -0.00000000 29.23717000
vn 95.63047600 -0.00000000 29.23717000
vn 95.63047600 -0.00000000 29.23717000
vn 42.10299100 70.71067800 -56.80966600
vn 96.92640000 0.00000000 -24.60229500
vn 42.70386500 70.71067800 -56.35938100
vn 84.52990000 0.00000000 -53.42935600
vn 43.23122500 70.71067800 -55.95588600
vn 43.86677600 70.71067800 -55.45904800
vn 62.03698900 0.00000000 -78.43093800
vn 62.03698900 0.00000000 -78.43093800
vn 67.91986000 0.00000000 -73.39545400
vn 48.02659300 70.71067800 -51.89842300
vn 51.89842300 70.71067800 -48.02659300
vn 73.39545400 0.00000000 -67.91986000
vn 55.45904800 70.71067800 -43.86677600
vn 78.43093800 0.00000000 -62.03698900
vn 78.43093800 0.00000000 -62.03698900
vn 53.42935600 0.00000000 -84.52990000
vn 55.95588600 70.71067800 -43.23122500
vn 24.60229500 0.00000000 -96.92640000
vn 56.35938100 70.71067800 -42.70386500
vn -29.23717000 0.00000000 -95.63047600
vn 56.80966600 70.71067800 -42.10299100
vn -29.23717000 0.00000000 -95.63047600
vn -29.23717000 0.00000000 -95.63047600
vn 58.00255100 70.71067800 -40.44383800
vn -29.23717000 0.00000000 -95.63047600
vn 28.70554300 0.00000000 -95.79139700
vn 58.40711400 70.71067800 -39.85735800
vn 58.90466900 0.00000000 -80.80990000
vn 58.76040100 70.71067800 -39.33465700
vn 83.69269800 0.00000000 -54.73145700
vn 83.69269800 0.00000000 -54.73145700
vn 59.17967400 70.71067800 -38.70098400
vn 63.52130300 70.71067800 -31.06515800
vn 89.83268900 0.00000000 -43.93276700
vn 94.58646100 0.00000000 -32.45614600
vn 66.88272800 70.71067800 -22.94996100
vn 97.88065800 0.00000000 -20.47869000
vn 69.21207700 70.71067800 -14.48062100
vn 97.88065800 0.00000000 -20.47869000
vn 69.36368100 70.71067800 -13.73607500
vn 98.79311900 -0.00000000 15.48933800
vn 88.03263100 -0.00000000 47.43686200
vn 69.48347500 70.71067800 -13.11665800
vn 69.61211000 70.71067800 -12.41588500
vn 46.94715600 -0.00000000 88.29475900
vn 46.94715600 -0.00000000 88.29475900
vn 46.94715600 -0.00000000 88.29475900
vn 69.94181000 70.71067800 -10.39919000
vn 46.94715600 -0.00000000 88.29475900
vn 70.04829400 70.71067800 -9.65590800
vn 85.93376500 -0.00000000 51.14086500
vn 70.13587900 70.71067800 -8.99769500
vn 97.55192500 -0.00000000 21.99140500
vn 99.32582400 0.00000000 -11.59227200
vn 99.32582400 0.00000000 -11.59227200
vn 70.23396300 70.71067800 -8.19697400
vn 70.65765700 70.71067800 -2.73779700
vn 99.92501700 0.00000000 -3.87183000
vn 70.65765700 70.71067800 2.73779700
vn 99.92501700 -0.00000000 3.87183000
vn 70.23396300 70.71067800 8.19697400
vn 99.32582400 -0.00000000 11.59227200
vn 99.32582400 -0.00000000 11.59227200
vn 97.55192500 0.00000000 -21.99140500
vn 70.13587900 70.71067800 8.99769500
vn 70.04829400 70.71067800 9.65590800
vn 85.93376500 0.00000000 -51.14086500
vn 46.94715600 0.00000000 -88.29475900
vn 46.94715600 0.00000000 -88.29475900
vn 69.94181000 70.71067800 10.39919000
vn 69.61211000 70.71067800 12.41588500
vn 46.94715600 0.00000000 -88.29475900
vn 46.94715600 0.00000000 -88.29475900
vn 88.03263100 0.00000000 -47.43686200
vn 69.48347500 70.71067800 13.11665800
vn 98.79311900 0.00000000 -15.48933800
vn 69.36368100 70.71067800 13.73607500
vn 69.21207700 70.71067800 14.48062100
vn 97.88065800 -0.00000000 20.47869000
vn 97.88065800 -0.00000000 20.47869000
vn 94.58646100 -0.00000000 32.45614600
vn 66.88272800 70.71067800 22.94996100
vn 89.83268900 -0.00000000 43.93276700
vn 63.52130300 70.71067800 31.06515800
vn 59.17967400 70.71067800 38.70098400
vn 83.69269800 -0.00000000 54.73145700
vn 83.69269800 -0.00000000 54.73145700
vn 58.76040100 70.71067800 39.33465700
vn 58.90466900 -0.00000000 80.80990000
vn 28.70554300 -0.00000000 95.79139700
vn 58.40711400 70.71067800 39.85735800
vn -29.23717000 -0.00000000 95.63047600
vn 58.00255100 70.71067800 40.44383800
vn -29.23717000 -0.00000000 95.63047600
vn 56.80966600 70.71067800 42.10299100
vn -29.23717000 -0.00000000 95.63047600
vn -29.23717000 -0.00000000 95.63047600
vn 56.35938100 70.71067800 42.70386500
vn 24.60229500 -0.00000000 96.92640000
vn 53.42935600 -0.00000000 84.52990000
vn 55.95588600 70.71067800 43.23122500
vn 78.43093800 -0.00000000 62.03698900
vn 78.43093800 -0.00000000 62.03698900
vn 55.45904800 70.71067800 43.86677600
vn 51.89842300 70.71067800 48.02659300
vn 73.39545400 -0.00000000 67.91986000
vn 67.91986000 -0.00000000 73.39545400
vn 48.02659300 70.71067800 51.89842300
vn 43.86677600 70.71067800 55.45904800
vn 62.03698900 -0.00000000 78.43093800
vn 62.03698900 -0.00000000 78.43093800
vn 43.23122500 70.71067800 55.95588600
vn 84.52990000 -0.00000000 53.42935600
vn 96.92640000 -0.00000000 24.60229500
vn 42.70386500 70.71067800 56.35938100
vn 95.63047600 0.00000000 -29.23717000
vn 42.10299100 70.71067800 56.80966600
vn 95.63047600 0.00000000 -29.23717000
vn 95.63047600 0.00000000 -29.23717000
vn 95.63047600 0.00000000 -29.23717000
vn 40.44383800 70.71067800 58.00255100
vn 95.79139700 -0.00000000 28.70554300
vn 39.85735800 70.71067800 58.40711400
vn 39.33465700 70.71067800 58.76040100
vn 80.80990000 -0.00000000 58.90466900
vn 54.73145700 -0.00000000 83.69269800
vn 38.70098400 70.71067800 59.17967400
vn 54.73145700 -0.00000000 83.69269800
vn 31.06515800 70.71067800 63.52130300
vn 43.93276700 -0.00000000 89.83268900
vn 32.45614600 -0.00000000 94.58646100
vn 22.94996100 70.71067800 66.88272800
vn 20.47869000 -0.00000000 97.88065800
vn 20.47869000 -0.00000000 97.88065800
vn 14.48062100 70.71067800 69.21207700
vn -15.48933800 -0.00000000 98.79311900
vn 13.73607500 70.71067800 69.36368100
vn -47.43686200 -0.00000000 88.03263100
vn 13.11665800 70.71067800 69.48347500
vn -88.29475900 -0.00000000 46.94715600
vn -88.29475900 -0.00000000 46.94715600
vn 12.41588500 70.71067800 69.61211000
vn 10.39919000 70.71067800 69.94181000
vn -88.29475900 -0.00000000 46.94715600
vn -88.29475900 -0.00000000 46.94715600
vn -51.14086500 -0.00000000 85.93376500
vn 9.65590800 70.71067800 70.04829400
vn -21.99140500 -0.00000000 97.55192500
vn 8.99769500 70.71067800 70.13587900
vn 29.23717000 0.00000000 -95.63047600
vn -56.80966600 -70.71067800 -42.10299100
vn 29.23717000 0.00000000 -95.63047600
vn -56.35938100 -70.71067800 -42.70386500
vn -24.60229500 0.00000000 -96.92640000
vn -53.42935600 0.00000000 -84.52990000
vn -55.95588600 -70.71067800 -43.23122500
vn -48.13136400 0.00000000 -87.65484500
vn -10.25428200 0.00000000 -99.47285900
vn -0.00000000 -70.71067800 70.71067800
vn -0.00000000 -70.71067800 70.71067800
vn -0.00000000 -100.00000000 -0.00000000
vn -8.36317600 -70.71067800 70.21436700
vn -0.00000000 -100.00000000 -0.00000000
vn -16.60895200 -70.71067800 68.73239900
vn -0.00000000 -100.00000000 -0.00000000
vn -0.00000000 -100.00000000 -0.00000000
vn -24.62157400 -70.71067800 66.28558000
vn -0.00000000 -100.00000000 -0.00000000
vn -32.28856300 -70.71067800 62.90825600
vn -39.50229200 -70.71067800 58.64783800
vn -0.00000000 -100.00000000 -0.00000000
vn -0.00000000 -100.00000000 -0.00000000
vn -46.16149500 -70.71067800 53.56413400
vn -0.00000000 -100.00000000 -0.00000000
vn -52.17269100 -70.71067800 47.72850600
vn -0.00000000 -100.00000000 -0.00000000
vn -57.45149800 -70.71067800 41.22287400
vn -0.00000000 -100.00000000 -0.00000000
vn -61.92381200 -70.71067800 34.13856400
vn -0.00000000 -100.00000000 -0.00000000
vn -65.52685100 -70.71067800 26.57502300
vn -0.00000000 -100.00000000 -0.00000000
vn -68.21003600 -70.71067800 18.63842700
vn -0.00000000 -100.00000000 -0.00000000
vn -69.93570200 -70.71067800 10.44018900
vn -70.67962500 -70.71067800 2.09539300
vn -0.00000000 -100.00000000 -0.00000000
vn -0.00000000 -100.00000000 -0.00000000
vn -70.43136000 -70.71067800 -6.27881800
vn -0.00000000 -100.00000000 -0.00000000
vn -69.19439300 -70.71067800 -14.56488800
vn -0.00000000 -100.00000000 -0.00000000
vn -66.98608900 -70.71067800 -22.64649900
vn -0.00000000 -100.00000000 -0.00000000
vn -63.83744700 -70.71067800 -30.41020200
vn -59.79266700 -70.71067800 -37.74701300
vn -0.00000000 -100.00000000 -0.00000000
vn -0.00000000 -100.00000000 -0.00000000
vn -54.90852900 -70.71067800 -44.55393900
vn -0.00000000 -100.00000000 -0.00000000
vn -49.25359600 -70.71067800 -50.73542500
vn -42.90725000 -70.71067800 -56.20469700
vn -0.00000000 -100.00000000 -0.00000000
vn -35.95858000 -70.71067800 -60.88497800
vn -0.00000000 -100.00000000 -0.00000000
vn -0.00000000 -100.00000000 -0.00000000
vn -28.50513100 -70.71067800 -64.71056700
vn -0.00000000 -100.00000000 -0.00000000
vn -20.65153200 -70.71067800 -67.62776200
vn -12.50803100 -70.71067800 -69.59561200
vn -0.00000000 -100.00000000 -0.00000000
vn -0.00000000 -100.00000000 -0.00000000
vn -4.18894500 -70.71067800 -70.58649100
vn 4.18894500 -70.71067800 -70.58649100
vn -0.00000000 -100.00000000 -0.00000000
vn -0.00000000 -100.00000000 -0.00000000
vn 12.50803100 -70.71067800 -69.59561200
vn -0.00000000 -100.00000000 -0.00000000
vn 20.65153200 -70.71067800 -67.62776200
vn -0.00000000 -100.00000000 -0.00000000
vn 28.50513100 -70.71067800 -64.71056700
vn 35.95858000 -70.71067800 -60.88497800
vn -0.00000000 -100.00000000 -0.00000000
vn 42.90725000 -70.71067800 -56.20469700
vn -0.00000000 -100.00000000 -0.00000000
vn 49.25359600 -70.71067800 -50.73542500
vn -0.00000000 -100.00000000 -0.00000000
vn -0.00000000 -100.00000000 -0.00000000
vn 54.90852900 -70.71067800 -44.55393900
vn 59.79266700 -70.71067800 -37.74701300
vn -0.00000000 -100.00000000 -0.00000000
vn -0.00000000 -100.00000000 -0.00000000
vn 63.83744700 -70.71067800 -30.41020200
vn 66.98608900 -70.71067800 -22.64649900
vn -0.00000000 -100.00000000 -0.00000000
vn 69.19439300 -70.71067800 -14.56488800
vn -0.00000000 -100.00000000 -0.00000000
vn -0.00000000 -100.00000000 -0.00000000
vn 70.43136000 -70.71067800 -6.27881800
vn 70.67962500 -70.71067800 2.09539300
vn -0.00000000 -100.00000000 -0.00000000
vn -0.00000000 -100.00000000 -0.00000000
vn 69.93570200 -70.71067800 10.44018900
vn 68.21003600 -70.71067800 18.63842700
vn -0.00000000 -100.00000000 -0.00000000
vn 65.52685100 -70.71067800 26.57502300
vn -0.00000000 -100.00000000 -0.00000000
vn 61.92381200 -70.71067800 34.13856400
vn -0.00000000 -100.00000000 -0.00000000
vn -0.00000000 -100.00000000 -0.00000000
vn 57.45149800 -70.71067800 41.22287400
vn 52.17269100 -70.71067800 47.72850600
vn -0.00000000 -100.00000000 -0.00000000
vn 46.16149500 -70.71067800 53.56413400
vn -0.00000000 -100.00000000 -0.00000000
vn 39.50229200 -70.71067800 58.64783800
vn -0.00000000 -100.00000000 -0.00000000
vn 32.28856300 -70.71067800 62.90825600
vn -0.00000000 -100.00000000 -0.00000000
vn -0.00000000 -100.00000000 -0.00000000
vn 24.62157400 -70.71067800 66.28558000
vn 16.60895200 -70.71067800 68.73239900
vn -0.00000000 -100.00000000 -0.00000000
vn -0.00000000 -100.00000000 -0.00000000
vn 8.36317600 -70.71067800 70.21436700
vn -11.59227200 -0.00000000 99.32582400
vn -8.19697400 -70.71067800 70.23396300
vn -11.59227200 -0.00000000 99.32582400
vn -3.87183000 -0.00000000 99.92501700
vn -2.73779700 -70.71067800 70.65765700
vn -2.73779700 -70.71067800 70.65765700
vn 2.73779700 -70.71067800 70.65765700
vn 3.87183000 -0.00000000 99.92501700
vn 8.19697400 -70.71067800 70.23396300
vn 11.59227200 -0.00000000 99.32582400
vn 11.59227200 -0.00000000 99.32582400
vn 8.99769500 -70.71067800 70.13587900
vn -21.99140500 -0.00000000 97.55192500
vn 9.65590800 -70.71067800 70.04829400
vn -51.14086500 -0.00000000 85.93376500
vn -88.29475900 -0.00000000 46.94715600
vn 10.39919000 -70.71067800 69.94181000
vn -88.29475900 -0.00000000 46.94715600
vn 11.41395300 -70.71067800 69.78339100
vn -88.29475900 -0.00000000 46.94715600
vn -88.29475900 -0.00000000 46.94715600
vn -88.29475900 -0.00000000 46.94715600
vn 12.41588500 -70.71067800 69.61211000
vn -47.43686200 -0.00000000 88.03263100
vn 13.11665800 -70.71067800 69.48347500
vn 13.73607500 -70.71067800 69.36368100
vn -15.48933800 -0.00000000 98.79311900
vn 20.47869000 -0.00000000 97.88065800
vn 20.47869000 -0.00000000 97.88065800
vn 14.48062100 -70.71067800 69.21207700
vn 22.94996100 -70.71067800 66.88272800
vn 32.45614600 -0.00000000 94.58646100
vn 31.06515800 -70.71067800 63.52130300
vn 43.93276700 -0.00000000 89.83268900
vn 38.70098400 -70.71067800 59.17967400
vn 54.73145700 -0.00000000 83.69269800
vn 54.73145700 -0.00000000 83.69269800
vn 80.80990000 -0.00000000 58.90466900
vn 39.33465700 -70.71067800 58.76040100
vn 95.79139700 -0.00000000 28.70554300
vn 39.85735800 -70.71067800 58.40711400
vn 40.44383800 -70.71067800 58.00255100
vn 95.63047600 0.00000000 -29.23717000
vn 95.63047600 0.00000000 -29.23717000
vn 41.27342600 -70.71067800 57.41519200
vn 95.63047600 0.00000000 -29.23717000
vn 42.10299100 -70.71067800 56.80966600
vn 95.63047600 0.00000000 -29.23717000
vn 95.63047600 0.00000000 -29.23717000
vn 96.92640000 -0.00000000 24.60229500
vn 42.70386500 -70.71067800 56.35938100
vn 84.52990000 -0.00000000 53.42935600
vn 43.23122500 -70.71067800 55.95588600
vn 62.03698900 -0.00000000 78.43093800
vn 43.86677600 -70.71067800 55.45904800
vn 62.03698900 -0.00000000 78.43093800
vn 67.91986000 -0.00000000 73.39545400
vn 48.02659300 -70.71067800 51.89842300
vn 51.89842300 -70.71067800 48.02659300
vn 73.39545400 -0.00000000 67.91986000
vn 78.43093800 -0.00000000 62.03698900
vn 55.45904800 -70.71067800 43.86677600
vn 78.43093800 -0.00000000 62.03698900
vn 53.42935600 -0.00000000 84.52990000
vn 55.95588600 -70.71067800 43.23122500
vn 24.60229500 -0.00000000 96.92640000
vn 56.35938100 -70.71067800 42.70386500
vn -29.23717000 -0.00000000 95.63047600
vn -29.23717000 -0.00000000 95.63047600
vn 56.80966600 -70.71067800 42.10299100
vn -29.23717000 -0.00000000 95.63047600
vn 57.41519200 -70.71067800 41.27342600
vn -29.23717000 -0.00000000 95.63047600
vn -29.23717000 -0.00000000 95.63047600
vn 58.00255100 -70.71067800 40.44383800
vn 28.70554300 -0.00000000 95.79139700
vn 58.40711400 -70.71067800 39.85735800
vn 58.76040100 -70.71067800 39.33465700
vn 58.90466900 -0.00000000 80.80990000
vn 83.69269800 -0.00000000 54.73145700
vn 83.69269800 -0.00000000 54.73145700
vn 59.17967400 -70.71067800 38.70098400
vn 63.52130300 -70.71067800 31.06515800
vn 89.83268900 -0.00000000 43.93276700
vn 94.58646100 -0.00000000 32.45614600
vn 66.88272800 -70.71067800 22.94996100
vn 97.88065800 -0.00000000 20.47869000
vn 69.21207700 -70.71067800 14.48062100
vn 97.88065800 -0.00000000 20.47869000
vn 69.36368100 -70.71067800 13.73607500
vn 98.79311900 0.00000000 -15.48933800
vn 88.03263100 0.00000000 -47.43686200
vn 69.48347500 -70.71067800 13.11665800
vn 69.61211000 -70.71067800 12.41588500
vn 46.94715600 0.00000000 -88.29475900
vn 46.94715600 0.00000000 -88.29475900
vn 69.78339100 -70.71067800 11.41395300
vn 46.94715600 0.00000000 -88.29475900
vn 46.94715600 0.00000000 -88.29475900
vn 46.94715600 0.00000000 -88.29475900
vn 69.94181000 -70.71067800 10.39919000
vn 85.93376500 0.00000000 -51.14086500
vn 70.04829400 -70.71067800 9.65590800
vn 97.55192500 0.00000000 -21.99140500
vn 70.13587900 -70.71067800 8.99769500
vn 99.32582400 -0.00000000 11.59227200
vn 99.32582400 -0.00000000 11.59227200
vn 70.23396300 -70.71067800 8.19697400
vn 99.92501700 -0.00000000 3.87183000
vn 70.65765700 -70.71067800 2.73779700
vn 70.65765700 -70.71067800 -2.73779700
vn 99.92501700 0.00000000 -3.87183000
vn 70.23396300 -70.71067800 -8.19697400
vn 99.32582400 0.00000000 -11.59227200
vn 99.32582400 0.00000000 -11.59227200
vn 70.13587900 -70.71067800 -8.99769500
vn 97.55192500 -0.00000000 21.99140500
vn 85.93376500 -0.00000000 51.14086500
vn 70.04829400 -70.71067800 -9.65590800
vn 46.94715600 -0.00000000 88.29475900
vn 46.94715600 -0.00000000 88.29475900
vn 69.94181000 -70.71067800 -10.39919000
vn 69.78339100 -70.71067800 -11.41395300
vn 46.94715600 -0.00000000 88.29475900
vn 46.94715600 -0.00000000 88.29475900
vn 46.94715600 -0.00000000 88.29475900
vn 69.61211000 -70.71067800 -12.41588500
vn 88.03263100 -0.00000000 47.43686200
vn 69.48347500 -70.71067800 -13.11665800
vn 69.36368100 -70.71067800 -13.73607500
vn 98.79311900 -0.00000000 15.48933800
vn 97.88065800 0.00000000 -20.47869000
vn 97.88065800 0.00000000 -20.47869000
vn 69.21207700 -70.71067800 -14.48062100
vn 94.58646100 0.00000000 -32.45614600
vn 66.88272800 -70.71067800 -22.94996100
vn 63.52130300 -70.71067800 -31.06515800
vn 89.83268900 0.00000000 -43.93276700
vn 59.17967400 -70.71067800 -38.70098400
vn 83.69269800 0.00000000 -54.73145700
vn 83.69269800 0.00000000 -54.73145700
vn 58.76040100 -70.71067800 -39.33465700
vn 58.90466900 0.00000000 -80.80990000
vn 28.70554300 0.00000000 -95.79139700
vn 58.40711400 -70.71067800 -39.85735800
vn 58.00255100 -70.71067800 -40.44383800
vn -29.23717000 0.00000000 -95.63047600
vn -29.23717000 0.00000000 -95.63047600
vn 57.41519200 -70.71067800 -41.27342600
vn -29.23717000 0.00000000 -95.63047600
vn -29.23717000 0.00000000 -95.63047600
vn 56.80966600 -70.71067800 -42.10299100
vn -29.23717000 0.00000000 -95.63047600
vn 56.35938100 -70.71067800 -42.70386500
vn 24.60229500 0.00000000 -96.92640000
vn 55.95588600 -70.71067800 -43.23122500
vn 53.42935600 0.00000000 -84.52990000
vn 55.45904800 -70.71067800 -43.86677600
vn 78.43093800 0.00000000 -62.03698900
vn 78.43093800 0.00000000 -62.03698900
vn 51.89842300 -70.71067800 -48.02659300
vn 73.39545400 0.00000000 -67.91986000
vn 67.91986000 0.00000000 -73.39545400
vn 48.02659300 -70.71067800 -51.89842300
vn 62.03698900 0.00000000 -78.43093800
vn 43.86677600 -70.71067800 -55.45904800
vn 62.03698900 0.00000000 -78.43093800
vn 43.23122500 -70.71067800 -55.95588600
vn 84.52990000 0.00000000 -53.42935600
vn 42.70386500 -70.71067800 -56.35938100
vn 96.92640000 0.00000000 -24.60229500
vn 42.10299100 -70.71067800 -56.80966600
vn 95.63047600 -0.00000000 29.23717000
vn 95.63047600 -0.00000000 29.23717000
vn 41.27342600 -70.71067800 -57.41519200
vn 95.63047600 -0.00000000 29.23717000
vn 40.44383800 -70.71067800 -58.00255100
vn 95.63047600 -0.00000000 29.23717000
vn 95.63047600 -0.00000000 29.23717000
vn 39.85735800 -70.71067800 -58.40711400
vn 95.79139700 0.00000000 -28.70554300
vn 39.33465700 -70.71067800 -58.76040100
vn 80.80990000 0.00000000 -58.90466900
vn 54.73145700 0.00000000 -83.69269800
vn 38.70098400 -70.71067800 -59.17967400
vn 54.73145700 0.00000000 -83.69269800
vn 31.06515800 -70.71067800 -63.52130300
vn 43.93276700 0.00000000 -89.83268900
vn 22.94996100 -70.71067800 -66.88272800
vn 32.45614600 0.00000000 -94.58646100
vn 20.47869000 0.00000000 -97.88065800
vn 20.47869000 0.00000000 -97.88065800
vn 14.48062100 -70.71067800 -69.21207700
vn -15.48933800 0.00000000 -98.79311900
vn 13.73607500 -70.71067800 -69.36368100
vn 13.11665800 -70.71067800 -69.48347500
vn -47.43686200 0.00000000 -88.03263100
vn -88.29475900 0.00000000 -46.94715600
vn 12.41588500 -70.71067800 -69.61211000
vn -88.29475900 0.00000000 -46.94715600
vn 11.41395300 -70.71067800 -69.78339100
vn -88.29475900 0.00000000 -46.94715600
vn -88.29475900 0.00000000 -46.94715600
vn -88.29475900 0.00000000 -46.94715600
vn 10.39919000 -70.71067800 -69.94181000
vn -51.14086500 0.00000000 -85.93376500
vn 9.65590800 -70.71067800 -70.04829400
vn 8.99769500 -70.71067800 -70.13587900
vn -21.99140500 0.00000000 -97.55192500
vn 8.19697400 -70.71067800 -70.23396300
vn 11.59227200 0.00000000 -99.32582400
vn 11.59227200 0.00000000 -99.32582400
vn 3.87183000 0.00000000 -99.92501700
vn 2.73779700 -70.71067800 -70.65765700
vn -3.87183000 0.00000000 -99.92501700
vn -2.73779700 -70.71067800 -70.65765700
vn -11.59227200 0.00000000 -99.32582400
vn -11.59227200 0.00000000 -99.32582400
vn -8.19697400 -70.71067800 -70.23396300
vn -8.99769500 -70.71067800 -70.13587900
vn 21.99140500 0.00000000 -97.55192500
vn 51.14086500 0.00000000 -85.93376500
vn -9.65590800 -70.71067800 -70.04829400
vn -10.39919000 -70.71067800 -69.94181000
vn 88.29475900 0.00000000 -46.94715600
vn 88.29475900 0.00000000 -46.94715600
vn 88.29475900 0.00000000 -46.94715600
vn -11.41395300 -70.71067800 -69.78339100
vn 88.29475900 0.00000000 -46.94715600
vn -12.41588500 -70.71067800 -69.61211000
vn 88.29475900 0.00000000 -46.94715600
vn 47.43686200 0.00000000 -88.03263100
vn -13.11665800 -70.71067800 -69.48347500
vn -13.73607500 -70.71067800 -69.36368100
vn 15.48933800 0.00000000 -98.79311900
vn -14.48062100 -70.71067800 -69.21207700
vn -20.47869000 0.00000000 -97.88065800
vn -20.47869000 0.00000000 -97.88065800
vn -22.94996100 -70.71067800 -66.88272800
vn -32.45614600 0.00000000 -94.58646100
vn -31.06515800 -70.71067800 -63.52130300
vn -43.93276700 0.00000000 -89.83268900
vn -57.41519200 -70.71067800 -41.27342600
vn 29.23717000 0.00000000 -95.63047600
vn 29.23717000 0.00000000 -95.63047600
vn 29.23717000 0.00000000 -95.63047600
vn -58.00255100 -70.71067800 -40.44383800
vn -28.70554300 0.00000000 -95.79139700
vn -58.40711400 -70.71067800 -39.85735800
vn -58.76040100 -70.71067800 -39.33465700
vn -58.90466900 0.00000000 -80.80990000
vn -83.69269800 0.00000000 -54.73145700
vn -83.69269800 0.00000000 -54.73145700
vn -59.17967400 -70.71067800 -38.70098400
vn -63.52130300 -70.71067800 -31.06515800
vn -89.83268900 0.00000000 -43.93276700
vn -66.88272800 -70.71067800 -22.94996100
vn -94.58646100 0.00000000 -32.45614600
vn -69.21207700 -70.71067800 -14.48062100
vn -97.88065800 0.00000000 -20.47869000
vn -97.88065800 0.00000000 -20.47869000
vn -98.79311900 -0.00000000 15.48933800
vn -69.36368100 -70.71067800 -13.73607500
vn -69.48347500 -70.71067800 -13.11665800
vn -88.03263100 -0.00000000 47.43686200
vn -46.94715600 -0.00000000 88.29475900
vn -69.61211000 -70.71067800 -12.41588500
vn -46.94715600 -0.00000000 88.29475900
vn -69.78339100 -70.71067800 -11.41395300
vn -46.94715600 -0.00000000 88.29475900
vn -69.94181000 -70.71067800 -10.39919000
vn -46.94715600 -0.00000000 88.29475900
vn -46.94715600 -0.00000000 88.29475900
vn -70.04829400 -70.71067800 -9.65590800
vn -85.93376500 -0.00000000 51.14086500
vn -97.55192500 -0.00000000 21.99140500
vn -70.13587900 -70.71067800 -8.99769500
vn -99.32582400 0.00000000 -11.59227200
vn -99.32582400 0.00000000 -11.59227200
vn -70.23396300 -70.71067800 -8.19697400
vn -70.65765700 -70.71067800 -2.73779700
vn -99.92501700 0.00000000 -3.87183000
vn -99.92501700 -0.00000000 3.87183000
vn -70.65765700 -70.71067800 2.73779700
vn -70.23396300 -70.71067800 8.19697400
vn -99.32582400 -0.00000000 11.59227200
vn -99.32582400 -0.00000000 11.59227200
vn -97.55192500 0.00000000 -21.99140500
vn -70.13587900 -70.71067800 8.99769500
vn -70.04829400 -70.71067800 9.65590800
vn -85.93376500 0.00000000 -51.14086500
vn -46.94715600 0.00000000 -88.29475900
vn -69.94181000 -70.71067800 10.39919000
vn -46.94715600 0.00000000 -88.29475900
vn -69.78339100 -70.71067800 11.41395300
vn -46.94715600 0.00000000 -88.29475900
vn -69.61211000 -70.71067800 12.41588500
vn -46.94715600 0.00000000 -88.29475900
vn -46.94715600 0.00000000 -88.29475900
vn -69.48347500 -70.71067800 13.11665800
vn -88.03263100 0.00000000 -47.43686200
vn -98.79311900 0.00000000 -15.48933800
vn -69.36368100 -70.71067800 13.73607500
vn -69.21207700 -70.71067800 14.48062100
vn -97.88065800 -0.00000000 20.47869000
vn -97.88065800 -0.00000000 20.47869000
vn -94.58646100 -0.00000000 32.45614600
vn -66.88272800 -70.71067800 22.94996100
vn -89.83268900 -0.00000000 43.93276700
vn -63.52130300 -70.71067800 31.06515800
vn -59.17967400 -70.71067800 38.70098400
vn -83.69269800 -0.00000000 54.73145700
vn -83.69269800 -0.00000000 54.73145700
vn -58.76040100 -70.71067800 39.33465700
vn -58.90466900 -0.00000000 80.80990000
vn -28.70554300 -0.00000000 95.79139700
vn -58.40711400 -70.71067800 39.85735800
vn 29.23717000 -0.00000000 95.63047600
vn 29.23717000 -0.00000000 95.63047600
vn -58.00255100 -70.71067800 40.44383800
vn 29.23717000 -0.00000000 95.63047600
vn -57.41519200 -70.71067800 41.27342600
vn 29.23717000 -0.00000000 95.63047600
vn 29.23717000 -0.00000000 95.63047600
vn -56.80966600 -70.71067800 42.10299100
vn -24.60229500 -0.00000000 96.92640000
vn -56.35938100 -70.71067800 42.70386500
vn -55.95588600 -70.71067800 43.23122500
vn -53.42935600 -0.00000000 84.52990000
vn -78.43093800 -0.00000000 62.03698900
vn -78.43093800 -0.00000000 62.03698900
vn -55.45904800 -70.71067800 43.86677600
vn -51.89842300 -70.71067800 48.02659300
vn -73.39545400 -0.00000000 67.91986000
vn -48.02659300 -70.71067800 51.89842300
vn -67.91986000 -0.00000000 73.39545400
vn -43.86677600 -70.71067800 55.45904800
vn -62.03698900 -0.00000000 78.43093800
vn -62.03698900 -0.00000000 78.43093800
vn -84.52990000 -0.00000000 53.42935600
vn -43.23122500 -70.71067800 55.95588600
vn -42.70386500 -70.71067800 56.35938100
vn -96.92640000 -0.00000000 24.60229500
vn -42.10299100 -70.71067800 56.80966600
vn -95.63047600 0.00000000 -29.23717000
vn -95.63047600 0.00000000 -29.23717000
vn -95.63047600 0.00000000 -29.23717000
vn -41.27342600 -70.71067800 57.41519200
vn -95.63047600 0.00000000 -29.23717000
vn -95.63047600 0.00000000 -29.23717000
vn -40.44383800 -70.71067800 58.00255100
vn -95.79139700 -0.00000000 28.70554300
vn -39.85735800 -70.71067800 58.40711400
vn -39.33465700 -70.71067800 58.76040100
vn -80.80990000 -0.00000000 58.90466900
vn -54.73145700 -0.00000000 83.69269800
vn -54.73145700 -0.00000000 83.69269800
vn -38.70098400 -70.71067800 59.17967400
vn -43.93276700 -0.00000000 89.83268900
vn -31.06515800 -70.71067800 63.52130300
vn -22.94996100 -70.71067800 66.88272800
vn -32.45614600 -0.00000000 94.58646100
vn -20.47869000 -0.00000000 97.88065800
vn -14.48062100 -70.71067800 69.21207700
vn -20.47869000 -0.00000000 97.88065800
vn 15.48933800 -0.00000000 98.79311900
vn -13.73607500 -70.71067800 69.36368100
vn 47.43686200 -0.00000000 88.03263100
vn -13.11665800 -70.71067800 69.48347500
vn 88.29475900 -0.00000000 46.94715600
vn 88.29475900 -0.00000000 46.94715600
vn -12.41588500 -70.71067800 69.61211000
vn 88.29475900 -0.00000000 46.94715600
vn -11.41395300 -70.71067800 69.78339100
vn -10.39919000 -70.71067800 69.94181000
vn 88.29475900 -0.00000000 46.94715600
vn 88.29475900 -0.00000000 46.94715600
vn -9.65590800 -70.71067800 70.04829400
vn 51.14086500 -0.00000000 85.93376500
vn 21.99140500 -0.00000000 97.55192500
vn -8.99769500 -70.71067800 70.13587900
vn -53.30438900 0.00000000 -84.60875900
vn -13.23545700 0.00000000 -99.12024400
vn -97.51932200 -0.00000000 22.13553200
vn -79.44747700 -0.00000000 60.72971500
vn -96.01534900 -0.00000000 27.94732200
vn -77.58880600 -0.00000000 63.08706100
vn -96.01534900 0.00000000 -27.94732200
vn -77.58880600 0.00000000 -63.08706100
vn -97.51932200 0.00000000 -22.13553200
vn -79.44747700 0.00000000 -60.72971500
vn -53.30438900 -0.00000000 84.60875900
vn -13.23545700 -0.00000000 99.12024400
vn -48.13136400 -0.00000000 87.65484500
vn -10.25428200 -0.00000000 99.47285900
vn -87.65484500 -0.00000000 48.13136400
vn -99.47285900 -0.00000000 10.25428200
vn -84.60875900 -0.00000000 53.30438900
vn -99.12024400 -0.00000000 13.23545700
vn 22.13553200 -0.00000000 97.51932200
vn 60.72971500 -0.00000000 79.44747700
vn 27.94732200 -0.00000000 96.01534900
vn 63.08706100 -0.00000000 77.58880600
vn -22.13553200 -0.00000000 97.51932200
vn -60.72971500 -0.00000000 79.44747700
vn -27.94732200 -0.00000000 96.01534900
vn -63.08706100 -0.00000000 77.58880600
vn 84.60875900 -0.00000000 53.30438900
vn 99.12024400 -0.00000000 13.23545700
vn 87.65484500 -0.00000000 48.13136400
vn 99.47285900 -0.00000000 10.25428200
vn 48.13136400 -0.00000000 87.65484500
vn 10.25428200 -0.00000000 99.47285900
vn 53.30438900 -0.00000000 84.60875900
vn 13.23545700 -0.00000000 99.12024400
vn 97.51932200 0.00000000 -22.13553200
vn 79.44747700 0.00000000 -60.72971500
vn 96.01534900 0.00000000 -27.94732200
vn 77.58880600 0.00000000 -63.08706100
vn 97.51932200 -0.00000000 22.13553200
vn 79.44747700 -0.00000000 60.72971500
vn 96.01534900 -0.00000000 27.94732200
vn 77.58880600 -0.00000000 63.08706100
vn 53.30438900 0.00000000 -84.60875900
vn 13.23545700 0.00000000 -99.12024400
vn 48.13136400 0.00000000 -87.65484500
vn 10.25428200 0.00000000 -99.47285900
vn 87.65484500 0.00000000 -48.13136400
vn 99.47285900 0.00000000 -10.25428200
vn 84.60875900 0.00000000 -53.30438900
vn 99.12024400 0.00000000 -13.23545700
vn -22.13553200 0.00000000 -97.51932200
vn -60.72971500 0.00000000 -79.44747700
vn -27.94732200 0.00000000 -96.01534900
vn -63.08706100 0.00000000 -77.58880600
vn 27.94732200 0.00000000 -96.01534900
vn 63.08706100 0.00000000 -77.58880600
vn 22.13553200 0.00000000 -97.51932200
vn 60.72971500 0.00000000 -79.44747700
vn 0.00000000 100.00000000 0.00000000
vn 0.00000000 100.00000000 0.00000000
vn 0.00000000 100.00000000 0.00000000
vn 0.00000000 100.00000000 0.00000000
vn 0.00000000 100.00000000 0.00000000
vn 0.00000000 100.00000000 0.00000000
vn 0.00000000 100.00000000 0.00000000
vn 0.00000000 100.00000000 0.00000000
vn 0.00000000 100.00000000 0.00000000
vn 0.00000000 100.00000000 0.00000000
vn 0.00000000 100.00000000 0.00000000
vn 0.00000000 100.00000000 0.00000000
vn 0.00000000 100.00000000 0.00000000
vn 0.00000000 100.00000000 0.00000000
vn 0.00000000 100.00000000 0.00000000
vn 0.00000000 100.00000000 0.00000000
vn 0.00000000 100.00000000 0.00000000
vn 0.00000000 100.00000000 0.00000000
vn 0.00000000 100.00000000 0.00000000
vn 0.00000000 100.00000000 0.00000000
vn 0.00000000 100.00000000 0.00000000
vn 0.00000000 100.00000000 0.00000000
vn 0.00000000 100.00000000 0.00000000
vn 0.00000000 100.00000000 0.00000000
vn 0.00000000 100.00000000 0.00000000
vn 0.00000000 100.00000000 0.00000000
vn 0.00000000 100.00000000 0.00000000
vn 0.00000000 100.00000000 0.00000000
vn 0.00000000 100.00000000 0.00000000
vn 0.00000000 100.00000000 0.00000000
vn 0.00000000 100.00000000 0.00000000
vn 0.00000000 100.00000000 0.00000000
vn 0.00000000 100.00000000 0.00000000
vn 0.00000000 100.00000000 0.00000000
vn 0.00000000 100.00000000 0.00000000
vn 0.00000000 100.00000000 0.00000000
vn 0.00000000 100.00000000 0.00000000
vn 0.00000000 100.00000000 0.00000000
vn 0.00000000 100.00000000 0.00000000
vn 0.00000000 100.00000000 0.00000000
vn 0.00000000 100.00000000 0.00000000
vn 0.00000000 100.00000000 0.00000000
vn 0.00000000 100.00000000 0.00000000
vn 0.00000000 100.00000000 0.00000000
vn 0.00000000 100.00000000 0.00000000
vn 0.00000000 100.00000000 0.00000000
vn 0.00000000 100.00000000 0.00000000
vn 0.00000000 100.00000000 0.00000000
vn 0.00000000 100.00000000 0.00000000
vn 0.00000000 100.00000000 0.00000000
vn 0.00000000 100.00000000 0.00000000
vn 0.00000000 100.00000000 0.00000000
vn 0.00000000 100.00000000 0.00000000
vn 0.00000000 100.00000000 0.00000000
vn 0.00000000 100.00000000 0.00000000
vn 0.00000000 100.00000000 0.00000000
vn 0.00000000 100.00000000 0.00000000
vn 0.00000000 100.00000000 0.00000000
vn 0.00000000 100.00000000 0.00000000
vn 0.00000000 100.00000000 0.00000000
vn 0.00000000 100.00000000 0.00000000
vn 0.00000000 100.00000000 0.00000000
vn 0.00000000 100.00000000 0.00000000
vn 0.00000000 100.00000000 0.00000000
vn 0.00000000 100.00000000 0.00000000
vn 0.00000000 100.00000000 0.00000000
vn 0.00000000 100.00000000 0.00000000
vn 0.00000000 100.00000000 0.00000000
vn 0.00000000 100.00000000 0.00000000
vn 0.00000000 100.00000000 0.00000000
vn 0.00000000 100.00000000 0.00000000
vn 0.00000000 100.00000000 0.00000000
vn 0.00000000 100.00000000 0.00000000
vn 0.00000000 100.00000000 0.00000000
vn 0.00000000 100.00000000 0.00000000
vn 0.00000000 100.00000000 0.00000000
vn 0.00000000 100.00000000 0.00000000
vn 0.00000000 100.00000000 0.00000000
vn 0.00000000 100.00000000 0.00000000
vn 0.00000000 100.00000000 0.00000000
vn 0.00000000 100.00000000 0.00000000
vn 0.00000000 100.00000000 0.00000000
vn 0.00000000 100.00000000 0.00000000
vn 0.00000000 100.00000000 0.00000000
vn 0.00000000 100.00000000 0.00000000
vn 0.00000000 100.00000000 0.00000000
vn 0.00000000 100.00000000 0.00000000
vn 0.00000000 100.00000000 0.00000000
vn 0.00000000 100.00000000 0.00000000
vn 0.00000000 100.00000000 0.00000000
vn 0.00000000 100.00000000 0.00000000
vn 0.00000000 100.00000000 0.00000000
vn 0.00000000 100.00000000 0.00000000
vn 0.00000000 100.00000000 0.00000000
vn 0.00000000 100.00000000 0.00000000
vn 0.00000000 100.00000000 0.00000000
vn 0.00000000 100.00000000 0.00000000
vn 0.00000000 100.00000000 0.00000000
vn 0.00000000 100.00000000 0.00000000
vn 0.00000000 100.00000000 0.00000000
vn 0.00000000 100.00000000 0.00000000
vn 0.00000000 100.00000000 0.00000000
vn 0.00000000 100.00000000 0.00000000
vn 0.00000000 100.00000000 0.00000000
vn 0.00000000 100.00000000 0.00000000
vn 0.00000000 100.00000000 0.00000000
vn 0.00000000 100.00000000 0.00000000
vn 0.00000000 100.00000000 0.00000000
vn 0.00000000 100.00000000 0.00000000
vn 0.00000000 100.00000000 0.00000000
vn 0.00000000 100.00000000 0.00000000
vn 0.00000000 100.00000000 0.00000000
vn 0.00000000 100.00000000 0.00000000
vn 0.00000000 100.00000000 0.00000000
vn 0.00000000 100.00000000 0.00000000
vn 0.00000000 100.00000000 0.00000000
vn 0.00000000 100.00000000 0.00000000
vn 0.00000000 100.00000000 0.00000000
vn 0.00000000 100.00000000 0.00000000
vn 0.00000000 100.00000000 0.00000000
vn 0.00000000 100.00000000 0.00000000
vn 0.00000000 100.00000000 0.00000000
vn 0.00000000 100.00000000 0.00000000
vn 0.00000000 100.00000000 0.00000000
vn 0.00000000 100.00000000 0.00000000
vn 0.00000000 100.00000000 0.00000000
vn 0.00000000 100.00000000 0.00000000
vn 0.00000000 100.00000000 0.00000000
vn 0.00000000 100.00000000 0.00000000
vn 0.00000000 100.00000000 0.00000000
vn 0.00000000 100.00000000 0.00000000
vn 0.00000000 100.00000000 0.00000000
vn 0.00000000 100.00000000 0.00000000
vn 0.00000000 100.00000000 0.00000000
vn 0.00000000 100.00000000 0.00000000
vn 0.00000000 100.00000000 0.00000000
vn -98.80109000 -0.00000000 15.43841100
vn -98.80109000 -0.00000000 15.43841100
vn 0.00000000 100.00000000 0.00000000
vn -99.18096700 -0.00000000 12.77246300
vn 0.00000000 100.00000000 0.00000000
vn -99.48892100 -0.00000000 10.09725300
vn -99.72473100 -0.00000000 7.41472000
vn -99.72473100 -0.00000000 7.41472000
vn 0.00000000 100.00000000 0.00000000
vn -95.73434300 0.00000000 -28.89525100
vn 0.00000000 100.00000000 0.00000000
vn 0.00000000 100.00000000 0.00000000
vn -78.96976600 0.00000000 -61.34962100
vn 0.00000000 100.00000000 0.00000000
vn -51.66796000 0.00000000 -85.61788300
vn -17.47190500 0.00000000 -98.46183300
vn -17.47190500 0.00000000 -98.46183300
vn 0.00000000 100.00000000 0.00000000
vn -8.51833600 0.00000000 -99.63652900
vn 0.00000000 100.00000000 0.00000000
vn 0.00000000 100.00000000 0.00000000
vn 0.50469700 0.00000000 -99.99872600
vn 9.52361400 0.00000000 -99.54547100
vn 0.00000000 100.00000000 0.00000000
vn 18.46487000 0.00000000 -98.28045900
vn 18.46487000 0.00000000 -98.28045900
vn 0.00000000 100.00000000 0.00000000
vn 48.59047500 0.00000000 -87.40117700
vn 0.00000000 100.00000000 0.00000000
vn 73.73113100 0.00000000 -67.55531400
vn 0.00000000 100.00000000 0.00000000
vn 91.30762900 0.00000000 -40.77887700
vn 0.00000000 100.00000000 0.00000000
vn 99.51677900 0.00000000 -9.81889200
vn 99.51677900 0.00000000 -9.81889200
vn 0.00000000 100.00000000 0.00000000
vn 0.00000000 100.00000000 0.00000000
vn 99.40766400 0.00000000 -10.86813400
vn 0.00000000 100.00000000 0.00000000
vn 99.28748600 0.00000000 -11.91616800
vn 99.15626000 0.00000000 -12.96287500
vn 0.00000000 100.00000000 0.00000000
vn 99.15626000 0.00000000 -12.96287500
vn 0.00000000 100.00000000 0.00000000
vn 95.97852300 -0.00000000 28.07353100
vn 76.54121200 -0.00000000 64.35404300
vn 0.00000000 100.00000000 0.00000000
vn 44.13717200 -0.00000000 89.73243600
vn 0.00000000 100.00000000 0.00000000
vn 4.25592200 -0.00000000 99.90939500
vn 0.00000000 100.00000000 0.00000000
vn 4.25592200 -0.00000000 99.90939500
vn 0.00000000 100.00000000 0.00000000
vn 13.12679100 -0.00000000 99.13469300
vn 0.00000000 100.00000000 0.00000000
vn 21.89357400 -0.00000000 97.57392800
vn 30.48675800 -0.00000000 95.23947500
vn 0.00000000 100.00000000 0.00000000
vn 0.00000000 100.00000000 0.00000000
vn 38.83820500 -0.00000000 92.14984400
vn 38.83820500 -0.00000000 92.14984400
vn 0.00000000 100.00000000 0.00000000
vn -5.47642800 -0.00000000 99.84993100
vn 0.00000000 100.00000000 0.00000000
vn -48.68313800 -0.00000000 87.34959700
vn -82.04086800 -0.00000000 57.17775800
vn 0.00000000 100.00000000 0.00000000
vn -95.57449300 -0.00000000 29.41965800
vn 0.00000000 100.00000000 0.00000000
vn -95.57449300 -0.00000000 29.41965800
vn 0.00000000 100.00000000 0.00000000
vn -99.76388200 0.00000000 -6.86789100
vn 0.00000000 100.00000000 0.00000000
vn -90.64140400 0.00000000 -42.23903200
vn 0.00000000 100.00000000 0.00000000
vn -69.42430800 0.00000000 -71.97406100
vn 0.00000000 100.00000000 0.00000000
vn -38.94366700 0.00000000 -92.10532400
vn -38.94366700 0.00000000 -92.10532400
vn 0.00000000 100.00000000 0.00000000
vn -30.47597700 0.00000000 -95.24292500
vn 0.00000000 100.00000000 0.00000000
vn -21.75976700 0.00000000 -97.60385500
vn 0.00000000 100.00000000 0.00000000
vn -12.86611400 0.00000000 -99.16886200
vn 0.00000000 100.00000000 0.00000000
vn -3.86754200 0.00000000 -99.92518300
vn -3.86754200 0.00000000 -99.92518300
vn 27.92361900 0.00000000 -96.02224500
vn 0.00000000 100.00000000 0.00000000
vn 56.85006600 0.00000000 -82.26828100
vn 0.00000000 100.00000000 0.00000000
vn 79.94420300 0.00000000 -60.07432500
vn 0.00000000 100.00000000 0.00000000
vn 94.83677700 0.00000000 -31.71727800
vn 94.83677700 0.00000000 -31.71727800
vn 0.00000000 100.00000000 0.00000000
vn 0.00000000 100.00000000 0.00000000
vn 94.49691900 0.00000000 -32.71593400
vn 0.00000000 100.00000000 0.00000000
vn 94.14654500 0.00000000 -33.71094900
vn 0.00000000 100.00000000 0.00000000
vn 93.78569400 0.00000000 -34.70221200
vn 93.78569400 0.00000000 -34.70221200
vn 0.00000000 100.00000000 0.00000000
vn 99.81908900 -0.00000000 6.01243900
vn 0.00000000 100.00000000 0.00000000
vn 88.94228600 -0.00000000 45.70853100
vn 62.99790600 -0.00000000 77.66121200
vn 0.00000000 100.00000000 0.00000000
vn 0.00000000 100.00000000 0.00000000
vn 26.38114900 -0.00000000 96.45742600
vn 26.38114900 -0.00000000 96.45742600
vn 0.00000000 100.00000000 0.00000000
vn 34.85721900 -0.00000000 93.72819400
vn 43.05689800 -0.00000000 90.25576700
vn 0.00000000 100.00000000 0.00000000
vn 50.91516900 -0.00000000 86.06768000
vn 0.00000000 100.00000000 0.00000000
vn 58.36972000 -0.00000000 81.19714200
vn 0.00000000 100.00000000 0.00000000
vn 58.36972000 -0.00000000 81.19714200
vn 16.87957700 -0.00000000 98.56510500
vn 0.00000000 100.00000000 0.00000000
vn 0.00000000 100.00000000 0.00000000
vn -28.02543600 -0.00000000 95.99257800
vn 0.00000000 100.00000000 0.00000000
vn -67.26068400 -0.00000000 74.00000200
vn -92.88857100 -0.00000000 37.03664900
vn -92.88857100 -0.00000000 37.03664900
vn 0.00000000 100.00000000 0.00000000
vn -93.85215300 -0.00000000 34.52207200
vn 0.00000000 100.00000000 0.00000000
vn -94.74767600 -0.00000000 31.98246100
vn 0.00000000 100.00000000 0.00000000
vn -86.63175100 -0.00000000 49.94937100
vn -86.63175100 -0.00000000 49.94937100
vn 0.00000000 100.00000000 0.00000000
vn -98.79084200 -0.00000000 15.50385400
vn 0.00000000 100.00000000 0.00000000
vn 0.00000000 100.00000000 0.00000000
vn -97.76790400 0.00000000 -21.01040100
vn -83.69943100 0.00000000 -54.72116000
vn 0.00000000 100.00000000 0.00000000
vn -58.46263100 0.00000000 -81.13027000
vn 0.00000000 100.00000000 0.00000000
vn -58.46263100 0.00000000 -81.13027000
vn 0.00000000 100.00000000 0.00000000
vn -50.90542600 0.00000000 -86.07344300
vn 0.00000000 100.00000000 0.00000000
vn -42.93310500 0.00000000 -90.31471900
vn 0.00000000 100.00000000 0.00000000
vn -34.61068100 0.00000000 -93.81951200
vn -26.00602000 0.00000000 -96.55924100
vn 0.00000000 100.00000000 0.00000000
vn -26.00602000 0.00000000 -96.55924100
vn 5.85655600 0.00000000 -99.82835600
vn 0.00000000 100.00000000 0.00000000
vn 0.00000000 100.00000000 0.00000000
vn 37.11830100 0.00000000 -92.85597300
vn 0.00000000 100.00000000 0.00000000
vn 64.57204000 0.00000000 -76.35739400
vn 0.00000000 100.00000000 0.00000000
vn 85.40126300 0.00000000 -52.02522800
vn 85.40126300 0.00000000 -52.02522800
vn 0.00000000 100.00000000 0.00000000
vn 84.84770400 0.00000000 -52.92322000
vn 0.00000000 100.00000000 0.00000000
vn 84.28470300 0.00000000 -53.81532200
vn 83.71232300 0.00000000 -54.70143500
vn 0.00000000 100.00000000 0.00000000
vn 83.71232300 0.00000000 -54.70143500
vn 98.65431000 0.00000000 -16.35014300
vn 0.00000000 100.00000000 0.00000000
vn 96.88342200 -0.00000000 24.77100200
vn 0.00000000 100.00000000 0.00000000
vn 78.69966300 -0.00000000 61.69573000
vn 0.00000000 100.00000000 0.00000000
vn 47.18351500 -0.00000000 88.16867900
vn 47.18351500 -0.00000000 88.16867900
vn 0.00000000 100.00000000 0.00000000
vn 54.83976100 -0.00000000 83.62177100
vn 0.00000000 100.00000000 0.00000000
vn 62.06117000 -0.00000000 78.41180500
vn 0.00000000 100.00000000 0.00000000
vn 68.79048000 -0.00000000 72.58009300
vn 0.00000000 100.00000000 0.00000000
vn 74.97433300 -0.00000000 66.17287500
vn 74.97433300 -0.00000000 66.17287500
vn 0.00000000 100.00000000 0.00000000
vn 0.00000000 100.00000000 0.00000000
vn 38.38917000 -0.00000000 92.33781200
vn 0.00000000 100.00000000 0.00000000
vn -5.96242100 -0.00000000 99.82208900
vn 0.00000000 100.00000000 0.00000000
vn -49.10776900 -0.00000000 87.11157800
vn -82.31823100 -0.00000000 56.77771500
vn -82.31823100 -0.00000000 56.77771500
vn 0.00000000 100.00000000 0.00000000
vn -83.81719900 -0.00000000 54.54060000
vn 0.00000000 100.00000000 0.00000000
vn -85.25538700 -0.00000000 52.26393600
vn 0.00000000 100.00000000 0.00000000
vn -73.34493200 -0.00000000 67.97441400
vn 0.00000000 100.00000000 0.00000000
vn -73.34493200 -0.00000000 67.97441400
vn -92.86401800 -0.00000000 37.09817000
vn 0.00000000 100.00000000 0.00000000
vn 0.00000000 100.00000000 0.00000000
vn -99.99191300 -0.00000000 1.27177900
vn -93.77751500 0.00000000 -34.72431000
vn 0.00000000 100.00000000 0.00000000
vn -75.05003400 0.00000000 -66.08700600
vn -75.05003400 0.00000000 -66.08700600
vn 0.00000000 100.00000000 0.00000000
vn -68.78226300 0.00000000 -72.58788000
vn 0.00000000 100.00000000 0.00000000
vn 0.00000000 100.00000000 0.00000000
vn -61.95359800 0.00000000 -78.49682600
vn -54.61972400 0.00000000 -83.76565900
vn 0.00000000 100.00000000 0.00000000
vn -46.84044700 0.00000000 -88.35141500
vn -46.84044700 0.00000000 -88.35141500
vn 0.00000000 100.00000000 0.00000000
vn 0.00000000 100.00000000 0.00000000
vn -16.50417900 0.00000000 -98.62865700
vn 0.00000000 100.00000000 0.00000000
vn 15.52527000 0.00000000 -98.78747900
vn 0.00000000 100.00000000 0.00000000
vn 45.96196500 0.00000000 -88.81158600
vn 0.00000000 100.00000000 0.00000000
vn 71.68337200 0.00000000 -69.72441600
vn 71.68337200 0.00000000 -69.72441600
vn 70.94387000 0.00000000 -70.47671400
vn 0.00000000 100.00000000 0.00000000
vn 0.00000000 100.00000000 0.00000000
vn 70.19647400 0.00000000 -71.22117000
vn 0.00000000 100.00000000 0.00000000
vn 69.44126600 0.00000000 -71.95770000
vn 69.44126600 0.00000000 -71.95770000
vn 92.54259100 0.00000000 -37.89286000
vn 0.00000000 100.00000000 0.00000000
vn 99.96641900 -0.00000000 2.59135200
vn 0.00000000 100.00000000 0.00000000
vn 0.00000000 100.00000000 0.00000000
vn 90.45508900 -0.00000000 42.63656700
vn 0.00000000 100.00000000 0.00000000
vn 65.61990200 -0.00000000 75.45878600
vn 65.61990200 -0.00000000 75.45878600
vn 0.00000000 100.00000000 0.00000000
vn 72.07240800 -0.00000000 69.32220400
vn 0.00000000 100.00000000 0.00000000
vn 77.95343500 -0.00000000 62.63594800
vn 0.00000000 100.00000000 0.00000000
vn 83.21634900 -0.00000000 55.45303700
vn 87.81942000 -0.00000000 47.83042400
vn 87.81942000 -0.00000000 47.83042400
vn 0.00000000 100.00000000 0.00000000
vn 57.97377000 -0.00000000 81.48031700
vn 0.00000000 100.00000000 0.00000000
vn 0.00000000 100.00000000 0.00000000
vn 16.39957300 -0.00000000 98.64610500
vn -28.49238500 -0.00000000 95.85501600
vn 0.00000000 100.00000000 0.00000000
vn 0.00000000 100.00000000 0.00000000
vn -67.62011100 -0.00000000 73.67170800
vn -67.62011100 -0.00000000 73.67170800
vn -69.57930200 -0.00000000 71.82423500
vn 0.00000000 100.00000000 0.00000000
vn 0.00000000 100.00000000 0.00000000
vn -71.48803700 -0.00000000 69.92467800
vn -56.38029100 -0.00000000 82.59093700
vn -56.38029100 -0.00000000 82.59093700
vn 0.00000000 100.00000000 0.00000000
vn 0.00000000 100.00000000 0.00000000
vn -82.28060300 -0.00000000 56.83222900
vn -97.20190900 -0.00000000 23.49018700
vn 0.00000000 100.00000000 0.00000000
vn 0.00000000 100.00000000 0.00000000
vn -99.15320300 0.00000000 -12.98623900
vn -87.87411600 0.00000000 -47.72986300
vn -87.87411600 0.00000000 -47.72986300
vn 0.00000000 100.00000000 0.00000000
vn 0.00000000 100.00000000 0.00000000
vn -83.21007100 0.00000000 -55.46245600
vn -77.86747900 0.00000000 -62.74277400
vn 0.00000000 100.00000000 0.00000000
vn 0.00000000 100.00000000 0.00000000
vn -71.88990700 0.00000000 -69.51144700
vn -65.32609900 0.00000000 -75.71328000
vn 0.00000000 100.00000000 0.00000000
vn -65.32609900 0.00000000 -75.71328000
vn -38.03732600 0.00000000 -92.48330600
vn 0.00000000 100.00000000 0.00000000
vn 0.00000000 100.00000000 0.00000000
vn -6.84626300 0.00000000 -99.76536800
vn 0.00000000 100.00000000 0.00000000
vn 25.04716600 0.00000000 -96.81239300
vn 0.00000000 100.00000000 0.00000000
vn 54.37097800 0.00000000 -83.92733000
vn 54.37097800 0.00000000 -83.92733000
vn 53.48261500 0.00000000 -84.49621200
vn 0.00000000 100.00000000 0.00000000
vn 0.00000000 100.00000000 0.00000000
vn 52.58830000 0.00000000 -85.05569200
vn 0.00000000 100.00000000 0.00000000
vn 51.68813300 0.00000000 -85.60570600
vn 51.68813300 0.00000000 -85.60570600
vn 81.79040100 0.00000000 -57.53547000
vn 0.00000000 100.00000000 0.00000000
vn 98.03668200 0.00000000 -19.71823900
vn 0.00000000 100.00000000 0.00000000
vn 97.67472000 -0.00000000 21.43942800
vn 0.00000000 100.00000000 0.00000000
vn 0.00000000 100.00000000 0.00000000
vn 80.76583400 -0.00000000 58.96507500
vn 80.76583400 -0.00000000 58.96507500
vn 0.00000000 100.00000000 0.00000000
vn 85.69104400 -0.00000000 51.54653200
vn 89.93678900 -0.00000000 43.71926300
vn 0.00000000 100.00000000 0.00000000
vn 0.00000000 100.00000000 0.00000000
vn 93.46940300 -0.00000000 35.54533400
vn 0.00000000 100.00000000 0.00000000
vn 96.26087400 -0.00000000 27.08955600
vn 96.26087400 -0.00000000 27.08955600
vn 74.65132300 -0.00000000 66.53705800
vn 0.00000000 100.00000000 0.00000000
vn 0.00000000 100.00000000 0.00000000
vn 37.93922500 -0.00000000 92.52359300
vn -6.44827400 -0.00000000 99.79188200
vn 0.00000000 100.00000000 0.00000000
vn -49.53123600 -0.00000000 86.87149500
vn 0.00000000 100.00000000 0.00000000
vn -49.53123600 -0.00000000 86.87149500
vn 0.00000000 100.00000000 0.00000000
vn -51.85240800 -0.00000000 85.50630300
vn -54.13597800 -0.00000000 84.07910500
vn 0.00000000 100.00000000 0.00000000
vn -36.58850700 -0.00000000 93.06600400
vn -36.58850700 -0.00000000 93.06600400
vn 0.00000000 100.00000000 0.00000000
vn -67.57129600 -0.00000000 73.71648400
vn 0.00000000 100.00000000 0.00000000
vn -89.53779600 -0.00000000 44.53069800
vn 0.00000000 100.00000000 0.00000000
vn -99.55693500 -0.00000000 9.40301600
vn 0.00000000 100.00000000 0.00000000
vn 0.00000000 100.00000000 0.00000000
vn -96.29182200 0.00000000 -26.97934500
vn -96.29182200 0.00000000 -26.97934500
vn 0.00000000 100.00000000 0.00000000
vn -93.46537800 0.00000000 -35.55591400
vn -89.87676000 0.00000000 -43.84253700
vn 0.00000000 100.00000000 0.00000000
vn -85.55522900 0.00000000 -51.77164100
vn 0.00000000 100.00000000 0.00000000
vn -80.53602700 0.00000000 -59.27856600
vn -80.53602700 0.00000000 -59.27856600
vn 0.00000000 100.00000000 0.00000000
vn 0.00000000 100.00000000 0.00000000
vn -57.66312200 0.00000000 -81.70045500
vn -28.87449600 0.00000000 -95.74060500
vn 0.00000000 100.00000000 0.00000000
vn 0.00000000 100.00000000 0.00000000
vn 2.87639700 0.00000000 -99.95862300
vn 0.00000000 100.00000000 0.00000000
vn 34.33219700 0.00000000 -93.92177700
vn 34.33219700 0.00000000 -93.92177700
vn 0.00000000 100.00000000 0.00000000
vn 33.33951800 0.00000000 -94.27871700
vn 32.34313000 0.00000000 -94.62516600
vn 0.00000000 100.00000000 0.00000000
vn 0.00000000 100.00000000 0.00000000
vn 31.34314200 0.00000000 -94.96108400
vn 31.34314200 0.00000000 -94.96108400
vn 66.93689800 0.00000000 -74.29301200
vn 0.00000000 100.00000000 0.00000000
vn 91.19097700 0.00000000 -41.03907600
vn 0.00000000 100.00000000 0.00000000
vn 99.99653200 0.00000000 -0.83277300
vn 0.00000000 100.00000000 0.00000000
vn 0.00000000 100.00000000 0.00000000
vn 91.86182900 -0.00000000 39.51460900
vn 91.86182900 -0.00000000 39.51460900
vn 95.01277300 -0.00000000 31.18610100
vn 0.00000000 100.00000000 0.00000000
vn 0.00000000 100.00000000 0.00000000
vn 97.41033700 -0.00000000 22.61031200
vn 99.03551100 -0.00000000 13.85523900
vn 0.00000000 100.00000000 0.00000000
vn 99.87540700 -0.00000000 4.99030500
vn 99.87540700 -0.00000000 4.99030500
vn 0.00000000 100.00000000 0.00000000
vn 87.58554600 -0.00000000 48.25735300
vn 0.00000000 100.00000000 0.00000000
vn 0.00000000 100.00000000 0.00000000
vn 57.57644600 -0.00000000 81.76156100
vn 15.91918100 -0.00000000 98.72476700
vn 0.00000000 100.00000000 0.00000000
vn -28.95865900 -0.00000000 95.71518200
vn 0.00000000 100.00000000 0.00000000
vn -28.95865900 -0.00000000 95.71518200
vn 0.00000000 100.00000000 0.00000000
vn -31.52541700 -0.00000000 94.90072700
vn -34.06931500 -0.00000000 94.01745500
vn 0.00000000 100.00000000 0.00000000
vn -14.96202200 -0.00000000 98.87435400
vn -14.96202200 -0.00000000 98.87435400
vn 0.00000000 100.00000000 0.00000000
vn 0.00000000 100.00000000 0.00000000
vn -49.47368200 -0.00000000 86.90428500
vn -77.38388400 -0.00000000 63.33825500
vn 0.00000000 100.00000000 0.00000000
vn 0.00000000 100.00000000 0.00000000
vn -94.96846700 -0.00000000 31.32076500
vn -99.88105400 0.00000000 -4.87597100
vn -99.88105400 0.00000000 -4.87597100
vn 0.00000000 100.00000000 0.00000000
vn 0.00000000 100.00000000 0.00000000
vn -99.03394200 0.00000000 -13.86645000
vn -97.37924400 0.00000000 -22.74385300
vn 0.00000000 100.00000000 0.00000000
vn -94.93045500 0.00000000 -31.43578800
vn 0.00000000 100.00000000 0.00000000
vn 0.00000000 100.00000000 0.00000000
vn -91.70754200 0.00000000 -39.87137700
vn -91.70754200 0.00000000 -39.87137700
vn -74.39744900 0.00000000 -66.82080200
vn 0.00000000 100.00000000 0.00000000
vn -49.45484100 0.00000000 -86.91500900
vn 0.00000000 100.00000000 0.00000000
vn 0.00000000 100.00000000 0.00000000
vn -19.43860700 0.00000000 -98.09251000
vn 0.00000000 100.00000000 0.00000000
vn 12.57185500 0.00000000 -99.20659500
vn 12.57185500 0.00000000 -99.20659500
vn 0.00000000 100.00000000 0.00000000
vn 11.52463900 0.00000000 -99.33369400
vn 0.00000000 100.00000000 0.00000000
vn 10.47614000 0.00000000 -99.44973900
vn 9.42647500 0.00000000 -99.55471600
vn 0.00000000 100.00000000 0.00000000
vn 9.42647500 0.00000000 -99.55471600
vn 0.00000000 100.00000000 0.00000000
vn 48.72690000 0.00000000 -87.32519300
vn 0.00000000 100.00000000 0.00000000
vn 79.77257500 0.00000000 -60.30204200
vn 97.30410100 0.00000000 -23.06321500
vn 0.00000000 100.00000000 0.00000000
vn 0.00000000 100.00000000 0.00000000
vn 98.35148900 -0.00000000 18.08271500
vn 98.35148900 -0.00000000 18.08271500
vn 99.57016500 -0.00000000 9.26187000
vn 0.00000000 100.00000000 0.00000000
vn 0.00000000 100.00000000 0.00000000
vn 99.99932400 -0.00000000 0.36758500
vn 99.63556400 0.00000000 -8.52961500
vn 0.00000000 100.00000000 0.00000000
vn 98.48176900 0.00000000 -17.35918100
vn 0.00000000 100.00000000 0.00000000
vn 98.48176900 0.00000000 -17.35918100
vn 0.00000000 100.00000000 0.00000000
vn 96.12786500 -0.00000000 27.55782300
vn 74.32654300 -0.00000000 66.89966400
vn 0.00000000 100.00000000 0.00000000
vn 0.00000000 100.00000000 0.00000000
vn 37.48838100 -0.00000000 92.70718000
vn 0.00000000 100.00000000 0.00000000
vn -6.93397300 -0.00000000 99.75931000
vn -6.93397300 -0.00000000 99.75931000
vn -9.61761100 -0.00000000 99.53643300
vn 0.00000000 100.00000000 0.00000000
vn -12.29427400 -0.00000000 99.24137700
vn 0.00000000 100.00000000 0.00000000
vn 7.41472000 -0.00000000 99.72473100
vn 7.41472000 -0.00000000 99.72473100
vn 0.00000000 100.00000000 0.00000000
vn 0.00000000 100.00000000 0.00000000
vn -28.89525100 -0.00000000 95.73434300
vn -61.34962100 -0.00000000 78.96976600
vn 0.00000000 100.00000000 0.00000000
vn 0.00000000 100.00000000 0.00000000
vn -85.61788300 -0.00000000 51.66796000
vn -98.46183300 -0.00000000 17.47190500
vn 0.00000000 100.00000000 0.00000000
vn -98.46183300 -0.00000000 17.47190500
vn -99.63652900 -0.00000000 8.51833600
vn 0.00000000 100.00000000 0.00000000
vn -99.99872600 0.00000000 -0.50469700
vn 0.00000000 100.00000000 0.00000000
vn -99.54547100 0.00000000 -9.52361400
vn 0.00000000 100.00000000 0.00000000
vn 0.00000000 100.00000000 0.00000000
vn -98.28045900 0.00000000 -18.46487000
vn -98.28045900 0.00000000 -18.46487000
vn 0.00000000 100.00000000 0.00000000
vn -87.40117700 0.00000000 -48.59047500
vn 0.00000000 100.00000000 0.00000000
vn -67.55531400 0.00000000 -73.73113100
vn -40.77887700 0.00000000 -91.30762900
vn 0.00000000 100.00000000 0.00000000
vn -9.81889200 0.00000000 -99.51677900
vn -9.81889200 0.00000000 -99.51677900
vn 0.00000000 100.00000000 0.00000000
vn 0.00000000 100.00000000 0.00000000
vn -10.86813400 0.00000000 -99.40766400
vn -11.91616800 0.00000000 -99.28748600
vn 0.00000000 100.00000000 0.00000000
vn -12.96287500 0.00000000 -99.15626000
vn -12.96287500 0.00000000 -99.15626000
vn 0.00000000 100.00000000 0.00000000
vn 0.00000000 100.00000000 0.00000000
vn 28.07353100 0.00000000 -95.97852300
vn 64.35404300 0.00000000 -76.54121200
vn 0.00000000 100.00000000 0.00000000
vn 89.73243600 0.00000000 -44.13717200
vn 0.00000000 100.00000000 0.00000000
vn 99.90939500 0.00000000 -4.25592200
vn 99.90939500 0.00000000 -4.25592200
vn 0.00000000 100.00000000 0.00000000
vn 0.00000000 100.00000000 0.00000000
vn 99.13469300 0.00000000 -13.12679100
vn 97.57392800 0.00000000 -21.89357400
vn 0.00000000 100.00000000 0.00000000
vn 0.00000000 100.00000000 0.00000000
vn 95.23947500 0.00000000 -30.48675800
vn 0.00000000 100.00000000 0.00000000
vn 92.14984400 0.00000000 -38.83820500
vn 92.14984400 0.00000000 -38.83820500
vn 99.84993100 -0.00000000 5.47642800
vn 0.00000000 100.00000000 0.00000000
vn 87.34959700 -0.00000000 48.68313800
vn 0.00000000 100.00000000 0.00000000
vn 0.00000000 100.00000000 0.00000000
vn 57.17775800 -0.00000000 82.04086800
vn 0.00000000 100.00000000 0.00000000
vn 15.43841100 -0.00000000 98.80109000
vn 15.43841100 -0.00000000 98.80109000
vn 12.77246300 -0.00000000 99.18096700
vn 0.00000000 100.00000000 0.00000000
vn 10.09725300 -0.00000000 99.48892100
vn 0.00000000 100.00000000 0.00000000
vn 29.41965800 -0.00000000 95.57449300
vn 29.41965800 -0.00000000 95.57449300
vn 0.00000000 100.00000000 0.00000000
vn 0.00000000 100.00000000 0.00000000
vn -6.86789100 -0.00000000 99.76388200
vn -42.23903200 -0.00000000 90.64140400
vn 0.00000000 100.00000000 0.00000000
vn 0.00000000 100.00000000 0.00000000
vn -71.97406100 -0.00000000 69.42430800
vn 0.00000000 100.00000000 0.00000000
vn -92.10532400 -0.00000000 38.94366700
vn -92.10532400 -0.00000000 38.94366700
vn -95.24292500 -0.00000000 30.47597700
vn 0.00000000 100.00000000 0.00000000
vn 0.00000000 100.00000000 0.00000000
vn -97.60385500 -0.00000000 21.75976700
vn -99.16886200 -0.00000000 12.86611400
vn 0.00000000 100.00000000 0.00000000
vn -99.92518300 -0.00000000 3.86754200
vn -99.92518300 -0.00000000 3.86754200
vn 0.00000000 100.00000000 0.00000000
vn 0.00000000 100.00000000 0.00000000
vn -96.02224500 0.00000000 -27.92361900
vn -82.26828100 0.00000000 -56.85006600
vn 0.00000000 100.00000000 0.00000000
vn 0.00000000 100.00000000 0.00000000
vn -60.07432500 0.00000000 -79.94420300
vn 0.00000000 100.00000000 0.00000000
vn -31.71727800 0.00000000 -94.83677700
vn -31.71727800 0.00000000 -94.83677700
vn -32.71593400 0.00000000 -94.49691900
vn 0.00000000 100.00000000 0.00000000
vn -33.71094900 0.00000000 -94.14654500
vn 0.00000000 100.00000000 0.00000000
vn -34.70221200 0.00000000 -93.78569400
vn -34.70221200 0.00000000 -93.78569400
vn 0.00000000 100.00000000 0.00000000
vn 6.01243900 0.00000000 -99.81908900
vn 0.00000000 100.00000000 0.00000000
vn 45.70853100 0.00000000 -88.94228600
vn 0.00000000 100.00000000 0.00000000
vn 77.66121200 0.00000000 -62.99790600
vn 0.00000000 100.00000000 0.00000000
vn 96.45742600 0.00000000 -26.38114900
vn 96.45742600 0.00000000 -26.38114900
vn 0.00000000 100.00000000 0.00000000
vn 0.00000000 100.00000000 0.00000000
vn 93.72819400 0.00000000 -34.85721900
vn 0.00000000 100.00000000 0.00000000
vn 90.25576700 0.00000000 -43.05689800
vn 0.00000000 100.00000000 0.00000000
vn 86.06768000 0.00000000 -50.91516900
vn 81.19714200 0.00000000 -58.36972000
vn 81.19714200 0.00000000 -58.36972000
vn 0.00000000 100.00000000 0.00000000
vn 0.00000000 100.00000000 0.00000000
vn 98.56510500 0.00000000 -16.87957700
vn 0.00000000 100.00000000 0.00000000
vn 95.99257800 -0.00000000 28.02543600
vn 0.00000000 100.00000000 0.00000000
vn 74.00000200 -0.00000000 67.26068400
vn 0.00000000 100.00000000 0.00000000
vn 37.03664900 -0.00000000 92.88857100
vn 37.03664900 -0.00000000 92.88857100
vn 34.52207200 -0.00000000 93.85215300
vn 0.00000000 100.00000000 0.00000000
vn 0.00000000 100.00000000 0.00000000
vn 31.98246100 -0.00000000 94.74767600
vn 49.94937100 -0.00000000 86.63175100
vn 49.94937100 -0.00000000 86.63175100
vn 0.00000000 100.00000000 0.00000000
vn 15.50385400 -0.00000000 98.79084200
vn 0.00000000 100.00000000 0.00000000
vn 0.00000000 100.00000000 0.00000000
vn -21.01040100 -0.00000000 97.76790400
vn 0.00000000 100.00000000 0.00000000
vn -54.72116000 -0.00000000 83.69943100
vn -81.13027000 -0.00000000 58.46263100
vn 0.00000000 100.00000000 0.00000000
vn -81.13027000 -0.00000000 58.46263100
vn 0.00000000 100.00000000 0.00000000
vn -86.07344300 -0.00000000 50.90542600
vn -90.31471900 -0.00000000 42.93310500
vn 0.00000000 100.00000000 0.00000000
vn 0.00000000 100.00000000 0.00000000
vn -93.81951200 -0.00000000 34.61068100
vn -96.55924100 -0.00000000 26.00602000
vn -96.55924100 -0.00000000 26.00602000
vn 0.00000000 100.00000000 0.00000000
vn -99.82835600 0.00000000 -5.85655600
vn 0.00000000 100.00000000 0.00000000
vn -92.85597300 0.00000000 -37.11830100
vn 0.00000000 100.00000000 0.00000000
vn -76.35739400 0.00000000 -64.57204000
vn 0.00000000 100.00000000 0.00000000
vn -52.02522800 0.00000000 -85.40126300
vn -52.02522800 0.00000000 -85.40126300
vn 0.00000000 100.00000000 0.00000000
vn 0.00000000 100.00000000 0.00000000
vn -52.92322000 0.00000000 -84.84770400
vn -53.81532200 0.00000000 -84.28470300
vn 0.00000000 100.00000000 0.00000000
vn -54.70143500 0.00000000 -83.71232300
vn -54.70143500 0.00000000 -83.71232300
vn 0.00000000 100.00000000 0.00000000
vn -16.35014300 0.00000000 -98.65431000
vn 0.00000000 100.00000000 0.00000000
vn 24.77100200 0.00000000 -96.88342200
vn 0.00000000 100.00000000 0.00000000
vn 0.00000000 100.00000000 0.00000000
vn 61.69573000 0.00000000 -78.69966300
vn 0.00000000 100.00000000 0.00000000
vn 88.16867900 0.00000000 -47.18351500
vn 88.16867900 0.00000000 -47.18351500
vn 83.62177100 0.00000000 -54.83976100
vn 0.00000000 100.00000000 0.00000000
vn 78.41180500 0.00000000 -62.06117000
vn 0.00000000 100.00000000 0.00000000
vn 0.00000000 100.00000000 0.00000000
vn 72.58009300 0.00000000 -68.79048000
vn 0.00000000 100.00000000 0.00000000
vn 66.17287500 0.00000000 -74.97433300
vn 66.17287500 0.00000000 -74.97433300
vn 0.00000000 100.00000000 0.00000000
vn 92.33781200 0.00000000 -38.38917000
vn 99.82208900 -0.00000000 5.96242100
vn 0.00000000 100.00000000 0.00000000
vn 87.11157800 -0.00000000 49.10776900
vn 0.00000000 100.00000000 0.00000000
vn 56.77771500 -0.00000000 82.31823100
vn 56.77771500 -0.00000000 82.31823100
vn 0.00000000 100.00000000 0.00000000
vn 54.54060000 -0.00000000 83.81719900
vn 0.00000000 100.00000000 0.00000000
vn 52.26393600 -0.00000000 85.25538700
vn 0.00000000 100.00000000 0.00000000
vn 0.00000000 100.00000000 0.00000000
vn 67.97441400 -0.00000000 73.34493200
vn 67.97441400 -0.00000000 73.34493200
vn 37.09817000 -0.00000000 92.86401800
vn 0.00000000 100.00000000 0.00000000
vn 1.27177900 -0.00000000 99.99191300
vn 0.00000000 100.00000000 0.00000000
vn 0.00000000 100.00000000 0.00000000
vn -34.72431000 -0.00000000 93.77751500
vn -66.08700600 -0.00000000 75.05003400
vn -66.08700600 -0.00000000 75.05003400
vn 0.00000000 100.00000000 0.00000000
vn -72.58788000 -0.00000000 68.78226300
vn 0.00000000 100.00000000 0.00000000
vn -78.49682600 -0.00000000 61.95359800
vn 0.00000000 100.00000000 0.00000000
vn -83.76565900 -0.00000000 54.61972400
vn 0.00000000 100.00000000 0.00000000
vn 0.00000000 100.00000000 0.00000000
vn -88.35141500 -0.00000000 46.84044700
vn -88.35141500 -0.00000000 46.84044700
vn 0.00000000 100.00000000 0.00000000
vn -98.62865700 -0.00000000 16.50417900
vn 0.00000000 100.00000000 0.00000000
vn -98.78747900 0.00000000 -15.52527000
vn 0.00000000 100.00000000 0.00000000
vn -88.81158600 0.00000000 -45.96196500
vn 0.00000000 100.00000000 0.00000000
vn -69.72441600 0.00000000 -71.68337200
vn -69.72441600 0.00000000 -71.68337200
vn 0.00000000 100.00000000 0.00000000
vn -70.47671400 0.00000000 -70.94387000
vn 0.00000000 100.00000000 0.00000000
vn -71.22117000 0.00000000 -70.19647400
vn -71.95770000 0.00000000 -69.44126600
vn 0.00000000 100.00000000 0.00000000
vn -71.95770000 0.00000000 -69.44126600
vn -37.89286000 0.00000000 -92.54259100
vn 0.00000000 100.00000000 0.00000000
vn 2.59135200 0.00000000 -99.96641900
vn 0.00000000 100.00000000 0.00000000
vn 0.00000000 100.00000000 0.00000000
vn 42.63656700 0.00000000 -90.45508900
vn 75.45878600 0.00000000 -65.61990200
vn 75.45878600 0.00000000 -65.61990200
vn 0.00000000 100.00000000 0.00000000
vn 0.00000000 100.00000000 0.00000000
vn 69.32220400 0.00000000 -72.07240800
vn 0.00000000 100.00000000 0.00000000
vn 62.63594800 0.00000000 -77.95343500
vn 55.45303700 0.00000000 -83.21634900
vn 0.00000000 100.00000000 0.00000000
vn 0.00000000 100.00000000 0.00000000
vn 47.83042400 0.00000000 -87.81942000
vn 47.83042400 0.00000000 -87.81942000
vn 0.00000000 100.00000000 0.00000000
vn 81.48031700 0.00000000 -57.97377000
vn 98.64610500 0.00000000 -16.39957300
vn 0.00000000 100.00000000 0.00000000
vn 95.85501600 -0.00000000 28.49238500
vn 0.00000000 100.00000000 0.00000000
vn 0.00000000 100.00000000 0.00000000
vn 73.67170800 -0.00000000 67.62011100
vn 73.67170800 -0.00000000 67.62011100
vn 0.00000000 100.00000000 0.00000000
vn 71.82423500 -0.00000000 69.57930200
vn 0.00000000 100.00000000 0.00000000
vn 69.92467800 -0.00000000 71.48803700
vn 82.59093700 -0.00000000 56.38029100
vn 82.59093700 -0.00000000 56.38029100
vn 0.00000000 100.00000000 0.00000000
vn 56.83222900 -0.00000000 82.28060300
vn 0.00000000 100.00000000 0.00000000
vn 23.49018700 -0.00000000 97.20190900
vn 0.00000000 100.00000000 0.00000000
vn 0.00000000 100.00000000 0.00000000
vn -12.98623900 -0.00000000 99.15320300
vn -47.72986300 -0.00000000 87.87411600
vn -47.72986300 -0.00000000 87.87411600
vn 0.00000000 100.00000000 0.00000000
vn 0.00000000 100.00000000 0.00000000
vn -55.46245600 -0.00000000 83.21007100
vn 0.00000000 100.00000000 0.00000000
vn -62.74277400 -0.00000000 77.86747900
vn -69.51144700 -0.00000000 71.88990700
vn 0.00000000 100.00000000 0.00000000
vn -75.71328000 -0.00000000 65.32609900
vn -75.71328000 -0.00000000 65.32609900
vn 0.00000000 100.00000000 0.00000000
vn 0.00000000 100.00000000 0.00000000
vn -92.48330600 -0.00000000 38.03732600
vn 0.00000000 100.00000000 0.00000000
vn -99.76536800 -0.00000000 6.84626300
vn -96.81239300 0.00000000 -25.04716600
vn 0.00000000 100.00000000 0.00000000
vn 0.00000000 100.00000000 0.00000000
vn -83.92733000 0.00000000 -54.37097800
vn -83.92733000 0.00000000 -54.37097800
vn -84.49621200 0.00000000 -53.48261500
vn 0.00000000 100.00000000 0.00000000
vn 0.00000000 100.00000000 0.00000000
vn -85.05569200 0.00000000 -52.58830000
vn 0.00000000 100.00000000 0.00000000
vn -85.60570600 0.00000000 -51.68813300
vn -85.60570600 0.00000000 -51.68813300
vn -57.53547000 0.00000000 -81.79040100
vn 0.00000000 100.00000000 0.00000000
vn 0.00000000 100.00000000 0.00000000
vn -19.71823900 0.00000000 -98.03668200
vn 0.00000000 100.00000000 0.00000000
vn 21.43942800 0.00000000 -97.67472000
vn 58.96507500 0.00000000 -80.76583400
vn 0.00000000 100.00000000 0.00000000
vn 58.96507500 0.00000000 -80.76583400
vn 0.00000000 100.00000000 0.00000000
vn 51.54653200 0.00000000 -85.69104400
vn 0.00000000 100.00000000 0.00000000
vn 43.71926300 0.00000000 -89.93678900
vn 0.00000000 100.00000000 0.00000000
vn 35.54533400 0.00000000 -93.46940300
vn 0.00000000 100.00000000 0.00000000
vn 27.08955600 0.00000000 -96.26087400
vn 27.08955600 0.00000000 -96.26087400
vn 0.00000000 100.00000000 0.00000000
vn 66.53705800 0.00000000 -74.65132300
vn 0.00000000 100.00000000 0.00000000
vn 92.52359300 0.00000000 -37.93922500
vn 0.00000000 100.00000000 0.00000000
vn 99.79188200 -0.00000000 6.44827400
vn 0.00000000 100.00000000 0.00000000
vn 86.87149500 -0.00000000 49.53123600
vn 86.87149500 -0.00000000 49.53123600
vn 0.00000000 100.00000000 0.00000000
vn 85.50630300 -0.00000000 51.85240800
vn 0.00000000 100.00000000 0.00000000
vn 84.07910500 -0.00000000 54.13597800
vn 0.00000000 100.00000000 0.00000000
vn 93.06600400 -0.00000000 36.58850700
vn 93.06600400 -0.00000000 36.58850700
vn 0.00000000 100.00000000 0.00000000
vn 73.71648400 -0.00000000 67.57129600
vn 44.53069800 -0.00000000 89.53779600
vn 0.00000000 100.00000000 0.00000000
vn 0.00000000 100.00000000 0.00000000
vn 9.40301600 -0.00000000 99.55693500
vn 0.00000000 100.00000000 0.00000000
vn -26.97934500 -0.00000000 96.29182200
vn -26.97934500 -0.00000000 96.29182200
vn -35.55591400 -0.00000000 93.46537800
vn 0.00000000 100.00000000 0.00000000
vn 0.00000000 100.00000000 0.00000000
vn -43.84253700 -0.00000000 89.87676000
vn -51.77164100 -0.00000000 85.55522900
vn 0.00000000 100.00000000 0.00000000
vn -59.27856600 -0.00000000 80.53602700
vn 0.00000000 100.00000000 0.00000000
vn -59.27856600 -0.00000000 80.53602700
vn -81.70045500 -0.00000000 57.66312200
vn 0.00000000 100.00000000 0.00000000
vn -95.74060500 -0.00000000 28.87449600
vn 0.00000000 100.00000000 0.00000000
vn -99.95862300 0.00000000 -2.87639700
vn 0.00000000 100.00000000 0.00000000
vn -93.92177700 0.00000000 -34.33219700
vn -93.92177700 0.00000000 -34.33219700
vn 0.00000000 100.00000000 0.00000000
vn 0.00000000 100.00000000 0.00000000
vn -94.27871700 0.00000000 -33.33951800
vn 0.00000000 100.00000000 0.00000000
vn -94.62516600 0.00000000 -32.34313000
vn -94.96108400 0.00000000 -31.34314200
vn 0.00000000 100.00000000 0.00000000
vn -94.96108400 0.00000000 -31.34314200
vn -74.29301200 0.00000000 -66.93689800
vn 0.00000000 100.00000000 0.00000000
vn 0.00000000 100.00000000 0.00000000
vn -41.03907600 0.00000000 -91.19097700
vn 0.00000000 100.00000000 0.00000000
vn -0.83277300 0.00000000 -99.99653200
vn 39.51460900 0.00000000 -91.86182900
vn 39.51460900 0.00000000 -91.86182900
vn 0.00000000 100.00000000 0.00000000
vn 31.18610100 0.00000000 -95.01277300
vn 0.00000000 100.00000000 0.00000000
vn 22.61031200 0.00000000 -97.41033700
vn 0.00000000 100.00000000 0.00000000
vn 0.00000000 100.00000000 0.00000000
vn 13.85523900 0.00000000 -99.03551100
vn 4.99030500 0.00000000 -99.87540700
vn 0.00000000 100.00000000 0.00000000
vn 4.99030500 0.00000000 -99.87540700
vn 48.25735300 0.00000000 -87.58554600
vn 0.00000000 100.00000000 0.00000000
vn 81.76156100 0.00000000 -57.57644600
vn 0.00000000 100.00000000 0.00000000
vn 0.00000000 100.00000000 0.00000000
vn 98.72476700 0.00000000 -15.91918100
vn 95.71518200 -0.00000000 28.95865900
vn 0.00000000 100.00000000 0.00000000
vn 95.71518200 -0.00000000 28.95865900
vn 94.90072700 -0.00000000 31.52541700
vn 0.00000000 100.00000000 0.00000000
vn 94.01745500 -0.00000000 34.06931500
vn 0.00000000 100.00000000 0.00000000
vn 98.87435400 -0.00000000 14.96202200
vn 98.87435400 -0.00000000 14.96202200
vn 0.00000000 100.00000000 0.00000000
vn 0.00000000 100.00000000 0.00000000
vn 86.90428500 -0.00000000 49.47368200
vn 0.00000000 100.00000000 0.00000000
vn 63.33825500 -0.00000000 77.38388400
vn 31.32076500 -0.00000000 94.96846700
vn 0.00000000 100.00000000 0.00000000
vn -4.87597100 -0.00000000 99.88105400
vn -4.87597100 -0.00000000 99.88105400
vn 0.00000000 100.00000000 0.00000000
vn -13.86645000 -0.00000000 99.03394200
vn 0.00000000 100.00000000 0.00000000
vn 0.00000000 100.00000000 0.00000000
vn -22.74385300 -0.00000000 97.37924400
vn -31.43578800 -0.00000000 94.93045500
vn 0.00000000 100.00000000 0.00000000
vn 0.00000000 100.00000000 0.00000000
vn -39.87137700 -0.00000000 91.70754200
vn -39.87137700 -0.00000000 91.70754200
vn -66.82080200 -0.00000000 74.39744900
vn 0.00000000 100.00000000 0.00000000
vn -86.91500900 -0.00000000 49.45484100
vn 0.00000000 100.00000000 0.00000000
vn -98.09251000 -0.00000000 19.43860700
vn 0.00000000 100.00000000 0.00000000
vn -99.20659500 0.00000000 -12.57185500
vn 0.00000000 100.00000000 0.00000000
vn -99.20659500 0.00000000 -12.57185500
vn 0.00000000 100.00000000 0.00000000
vn -99.33369400 0.00000000 -11.52463900
vn 0.00000000 100.00000000 0.00000000
vn -99.44973900 0.00000000 -10.47614000
vn -99.55471600 0.00000000 -9.42647500
vn -99.55471600 0.00000000 -9.42647500
vn 0.00000000 100.00000000 0.00000000
vn 0.00000000 100.00000000 0.00000000
vn -87.32519300 0.00000000 -48.72690000
vn -60.30204200 0.00000000 -79.77257500
vn 0.00000000 100.00000000 0.00000000
vn 0.00000000 100.00000000 0.00000000
vn -23.06321500 0.00000000 -97.30410100
vn 18.08271500 0.00000000 -98.35148900
vn 18.08271500 0.00000000 -98.35148900
vn 0.00000000 100.00000000 0.00000000
vn 9.26187000 0.00000000 -99.57016500
vn 0.00000000 100.00000000 0.00000000
vn 0.36758500 0.00000000 -99.99932400
vn 0.00000000 100.00000000 0.00000000
vn -8.52961500 0.00000000 -99.63556400
vn 0.00000000 100.00000000 0.00000000
vn 0.00000000 100.00000000 0.00000000
vn -17.35918100 0.00000000 -98.48176900
vn -17.35918100 0.00000000 -98.48176900
vn 27.55782300 0.00000000 -96.12786500
vn 0.00000000 100.00000000 0.00000000
vn 0.00000000 100.00000000 0.00000000
vn 66.89966400 0.00000000 -74.32654300
vn 92.70718000 0.00000000 -37.48838100
vn 0.00000000 100.00000000 0.00000000
vn 99.75931000 -0.00000000 6.93397300
vn 0.00000000 100.00000000 0.00000000
vn 99.75931000 -0.00000000 6.93397300
vn 0.00000000 100.00000000 0.00000000
vn 99.53643300 -0.00000000 9.61761100
vn 99.24137700 -0.00000000 12.29427400
vn 0.00000000 100.00000000 0.00000000
vn 99.72473100 0.00000000 -7.41472000
vn 99.72473100 0.00000000 -7.41472000
vn 0.00000000 100.00000000 0.00000000
vn 95.73434300 -0.00000000 28.89525100
vn 0.00000000 100.00000000 0.00000000
vn 78.96976600 -0.00000000 61.34962100
vn 0.00000000 100.00000000 0.00000000
vn 51.66796000 -0.00000000 85.61788300
vn 0.00000000 100.00000000 0.00000000
vn 0.00000000 100.00000000 0.00000000
vn 17.47190500 -0.00000000 98.46183300
vn 17.47190500 -0.00000000 98.46183300
vn 8.51833600 -0.00000000 99.63652900
vn 0.00000000 100.00000000 0.00000000
vn -0.50469700 -0.00000000 99.99872600
vn 0.00000000 100.00000000 0.00000000
vn -9.52361400 -0.00000000 99.54547100
vn 0.00000000 100.00000000 0.00000000
vn -18.46487000 -0.00000000 98.28045900
vn -18.46487000 -0.00000000 98.28045900
vn 0.00000000 100.00000000 0.00000000
vn 0.00000000 100.00000000 0.00000000
vn -48.59047500 -0.00000000 87.40117700
vn -73.73113100 -0.00000000 67.55531400
vn 0.00000000 100.00000000 0.00000000
vn -91.30762900 -0.00000000 40.77887700
vn 0.00000000 100.00000000 0.00000000
vn 0.00000000 100.00000000 0.00000000
vn -99.51677900 -0.00000000 9.81889200
vn -99.51677900 -0.00000000 9.81889200
vn -99.40766400 -0.00000000 10.86813400
vn 0.00000000 100.00000000 0.00000000
vn -99.28748600 -0.00000000 11.91616800
vn 0.00000000 100.00000000 0.00000000
vn -99.15626000 -0.00000000 12.96287500
vn 0.00000000 100.00000000 0.00000000
vn -99.15626000 -0.00000000 12.96287500
vn -95.97852300 0.00000000 -28.07353100
vn 0.00000000 100.00000000 0.00000000
vn -76.54121200 0.00000000 -64.35404300
vn 0.00000000 100.00000000 0.00000000
vn -44.13717200 0.00000000 -89.73243600
vn 0.00000000 100.00000000 0.00000000
vn 0.00000000 100.00000000 0.00000000
vn -4.25592200 0.00000000 -99.90939500
vn -4.25592200 0.00000000 -99.90939500
vn 0.00000000 100.00000000 0.00000000
vn -13.12679100 0.00000000 -99.13469300
vn 0.00000000 100.00000000 0.00000000
vn -21.89357400 0.00000000 -97.57392800
vn -30.48675800 0.00000000 -95.23947500
vn 0.00000000 100.00000000 0.00000000
vn -38.83820500 0.00000000 -92.14984400
vn 0.00000000 100.00000000 0.00000000
vn -38.83820500 0.00000000 -92.14984400
vn 0.00000000 100.00000000 0.00000000
vn 5.47642800 0.00000000 -99.84993100
vn 0.00000000 100.00000000 0.00000000
vn 48.68313800 0.00000000 -87.34959700
vn 0.00000000 100.00000000 0.00000000
vn 82.04086800 0.00000000 -57.17775800
vn 98.80109000 0.00000000 -15.43841100
vn 98.80109000 0.00000000 -15.43841100
vn 0.00000000 100.00000000 0.00000000
vn 0.00000000 100.00000000 0.00000000
vn 99.18096700 0.00000000 -12.77246300
vn 99.48892100 0.00000000 -10.09725300
vn 0.00000000 100.00000000 0.00000000
vn 95.57449300 0.00000000 -29.41965800
vn 0.00000000 100.00000000 0.00000000
vn 95.57449300 0.00000000 -29.41965800
vn 0.00000000 100.00000000 0.00000000
vn 99.76388200 -0.00000000 6.86789100
vn 0.00000000 100.00000000 0.00000000
vn 90.64140400 -0.00000000 42.23903200
vn 0.00000000 100.00000000 0.00000000
vn 69.42430800 -0.00000000 71.97406100
vn 38.94366700 -0.00000000 92.10532400
vn 0.00000000 100.00000000 0.00000000
vn 38.94366700 -0.00000000 92.10532400
vn 30.47597700 -0.00000000 95.24292500
vn 0.00000000 100.00000000 0.00000000
vn 21.75976700 -0.00000000 97.60385500
vn 0.00000000 100.00000000 0.00000000
vn 0.00000000 100.00000000 0.00000000
vn 12.86611400 -0.00000000 99.16886200
vn 3.86754200 -0.00000000 99.92518300
vn 3.86754200 -0.00000000 99.92518300
vn 0.00000000 100.00000000 0.00000000
vn 0.00000000 100.00000000 0.00000000
vn -27.92361900 -0.00000000 96.02224500
vn -56.85006600 -0.00000000 82.26828100
vn 0.00000000 100.00000000 0.00000000
vn -79.94420300 -0.00000000 60.07432500
vn 0.00000000 100.00000000 0.00000000
vn -94.83677700 -0.00000000 31.71727800
vn -94.83677700 -0.00000000 31.71727800
vn 0.00000000 100.00000000 0.00000000
vn 0.00000000 100.00000000 0.00000000
vn -94.49691900 -0.00000000 32.71593400
vn -94.14654500 -0.00000000 33.71094900
vn 0.00000000 100.00000000 0.00000000
vn 0.00000000 100.00000000 0.00000000
vn -93.78569400 -0.00000000 34.70221200
vn -93.78569400 -0.00000000 34.70221200
vn 0.00000000 100.00000000 0.00000000
vn -99.81908900 0.00000000 -6.01243900
vn 0.00000000 100.00000000 0.00000000
vn -88.94228600 0.00000000 -45.70853100
vn 0.00000000 100.00000000 0.00000000
vn -62.99790600 0.00000000 -77.66121200
vn 0.00000000 100.00000000 0.00000000
vn -26.38114900 0.00000000 -96.45742600
vn -26.38114900 0.00000000 -96.45742600
vn -34.85721900 0.00000000 -93.72819400
vn 0.00000000 100.00000000 0.00000000
vn 0.00000000 100.00000000 0.00000000
vn -43.05689800 0.00000000 -90.25576700
vn 0.00000000 100.00000000 0.00000000
vn -50.91516900 0.00000000 -86.06768000
vn -58.36972000 0.00000000 -81.19714200
vn -58.36972000 0.00000000 -81.19714200
vn 0.00000000 100.00000000 0.00000000
vn -16.87957700 0.00000000 -98.56510500
vn 0.00000000 100.00000000 0.00000000
vn 28.02543600 0.00000000 -95.99257800
vn 0.00000000 100.00000000 0.00000000
vn 67.26068400 0.00000000 -74.00000200
vn 0.00000000 100.00000000 0.00000000
vn 0.00000000 100.00000000 0.00000000
vn 92.88857100 0.00000000 -37.03664900
vn 92.88857100 0.00000000 -37.03664900
vn 93.85215300 0.00000000 -34.52207200
vn 0.00000000 100.00000000 0.00000000
vn 94.74767600 0.00000000 -31.98246100
vn 0.00000000 100.00000000 0.00000000
vn 0.00000000 100.00000000 0.00000000
vn 86.63175100 0.00000000 -49.94937100
vn 86.63175100 0.00000000 -49.94937100
vn 98.79084200 0.00000000 -15.50385400
vn 0.00000000 100.00000000 0.00000000
vn 97.76790400 -0.00000000 21.01040100
vn 0.00000000 100.00000000 0.00000000
vn 0.00000000 100.00000000 0.00000000
vn 83.69943100 -0.00000000 54.72116000
vn 58.46263100 -0.00000000 81.13027000
vn 58.46263100 -0.00000000 81.13027000
vn 0.00000000 100.00000000 0.00000000
vn 0.00000000 100.00000000 0.00000000
vn 50.90542600 -0.00000000 86.07344300
vn 0.00000000 100.00000000 0.00000000
vn 42.93310500 -0.00000000 90.31471900
vn 0.00000000 100.00000000 0.00000000
vn 34.61068100 -0.00000000 93.81951200
vn 26.00602000 -0.00000000 96.55924100
vn 26.00602000 -0.00000000 96.55924100
vn 0.00000000 100.00000000 0.00000000
vn 0.00000000 100.00000000 0.00000000
vn -5.85655600 -0.00000000 99.82835600
vn 0.00000000 100.00000000 0.00000000
vn -37.11830100 -0.00000000 92.85597300
vn -64.57204000 -0.00000000 76.35739400
vn 0.00000000 100.00000000 0.00000000
vn 0.00000000 100.00000000 0.00000000
vn -85.40126300 -0.00000000 52.02522800
vn -85.40126300 -0.00000000 52.02522800
vn 0.00000000 100.00000000 0.00000000
vn -84.84770400 -0.00000000 52.92322000
vn -84.28470300 -0.00000000 53.81532200
vn 0.00000000 100.00000000 0.00000000
vn 0.00000000 100.00000000 0.00000000
vn -83.71232300 -0.00000000 54.70143500
vn -83.71232300 -0.00000000 54.70143500
vn 0.00000000 100.00000000 0.00000000
vn -98.65431000 -0.00000000 16.35014300
vn 0.00000000 100.00000000 0.00000000
vn -96.88342200 0.00000000 -24.77100200
vn 0.00000000 100.00000000 0.00000000
vn -78.69966300 0.00000000 -61.69573000
vn 0.00000000 100.00000000 0.00000000
vn -47.18351500 0.00000000 -88.16867900
vn -47.18351500 0.00000000 -88.16867900
vn 0.00000000 100.00000000 0.00000000
vn -54.83976100 0.00000000 -83.62177100
vn -62.06117000 0.00000000 -78.41180500
vn 0.00000000 100.00000000 0.00000000
vn -68.79048000 0.00000000 -72.58009300
vn 0.00000000 100.00000000 0.00000000
vn 0.00000000 100.00000000 0.00000000
vn -74.97433300 0.00000000 -66.17287500
vn -74.97433300 0.00000000 -66.17287500
vn 0.00000000 100.00000000 0.00000000
vn -38.38917000 0.00000000 -92.33781200
vn 5.96242100 0.00000000 -99.82208900
vn 0.00000000 100.00000000 0.00000000
vn 49.10776900 0.00000000 -87.11157800
vn 0.00000000 100.00000000 0.00000000
vn 82.31823100 0.00000000 -56.77771500
vn 82.31823100 0.00000000 -56.77771500
vn 0.00000000 100.00000000 0.00000000
vn 0.00000000 100.00000000 0.00000000
vn 83.81719900 0.00000000 -54.54060000
vn 85.25538700 0.00000000 -52.26393600
vn 0.00000000 100.00000000 0.00000000
vn 0.00000000 100.00000000 0.00000000
vn 73.34493200 0.00000000 -67.97441400
vn 73.34493200 0.00000000 -67.97441400
vn 92.86401800 0.00000000 -37.09817000
vn 0.00000000 100.00000000 0.00000000
vn 99.99191300 0.00000000 -1.27177900
vn 0.00000000 100.00000000 0.00000000
vn 93.77751500 -0.00000000 34.72431000
vn 0.00000000 100.00000000 0.00000000
vn 0.00000000 100.00000000 0.00000000
vn 75.05003400 -0.00000000 66.08700600
vn 75.05003400 -0.00000000 66.08700600
vn 68.78226300 -0.00000000 72.58788000
vn 0.00000000 100.00000000 0.00000000
vn 61.95359800 -0.00000000 78.49682600
vn 0.00000000 100.00000000 0.00000000
vn 0.00000000 100.00000000 0.00000000
vn 54.61972400 -0.00000000 83.76565900
vn 46.84044700 -0.00000000 88.35141500
vn 0.00000000 100.00000000 0.00000000
vn 46.84044700 -0.00000000 88.35141500
vn 0.00000000 100.00000000 0.00000000
vn 16.50417900 -0.00000000 98.62865700
vn 0.00000000 100.00000000 0.00000000
vn -15.52527000 -0.00000000 98.78747900
vn 0.00000000 100.00000000 0.00000000
vn -45.96196500 -0.00000000 88.81158600
vn -71.68337200 -0.00000000 69.72441600
vn 0.00000000 100.00000000 0.00000000
vn -71.68337200 -0.00000000 69.72441600
vn -70.94387000 -0.00000000 70.47671400
vn 0.00000000 100.00000000 0.00000000
vn 0.00000000 100.00000000 0.00000000
vn -70.19647400 -0.00000000 71.22117000
vn 0.00000000 100.00000000 0.00000000
vn -69.44126600 -0.00000000 71.95770000
vn -69.44126600 -0.00000000 71.95770000
vn -92.54259100 -0.00000000 37.89286000
vn 0.00000000 100.00000000 0.00000000
vn -99.96641900 0.00000000 -2.59135200
vn 0.00000000 100.00000000 0.00000000
vn 0.00000000 100.00000000 0.00000000
vn -90.45508900 0.00000000 -42.63656700
vn -65.61990200 0.00000000 -75.45878600
vn 0.00000000 100.00000000 0.00000000
vn -65.61990200 0.00000000 -75.45878600
vn 0.00000000 100.00000000 0.00000000
vn -72.07240800 0.00000000 -69.32220400
vn -77.95343500 0.00000000 -62.63594800
vn 0.00000000 100.00000000 0.00000000
vn 0.00000000 100.00000000 0.00000000
vn -83.21634900 0.00000000 -55.45303700
vn -87.81942000 0.00000000 -47.83042400
vn 0.00000000 100.00000000 0.00000000
vn -87.81942000 0.00000000 -47.83042400
vn -57.97377000 0.00000000 -81.48031700
vn 0.00000000 100.00000000 0.00000000
vn -16.39957300 0.00000000 -98.64610500
vn 0.00000000 100.00000000 0.00000000
vn 28.49238500 0.00000000 -95.85501600
vn 0.00000000 100.00000000 0.00000000
vn 67.62011100 0.00000000 -73.67170800
vn 0.00000000 100.00000000 0.00000000
vn 67.62011100 0.00000000 -73.67170800
vn 69.57930200 0.00000000 -71.82423500
vn 0.00000000 100.00000000 0.00000000
vn 71.48803700 0.00000000 -69.92467800
vn 0.00000000 100.00000000 0.00000000
vn 0.00000000 100.00000000 0.00000000
vn 56.38029100 0.00000000 -82.59093700
vn 56.38029100 0.00000000 -82.59093700
vn 0.00000000 100.00000000 0.00000000
vn 82.28060300 0.00000000 -56.83222900
vn 97.20190900 0.00000000 -23.49018700
vn 0.00000000 100.00000000 0.00000000
vn 99.15320300 -0.00000000 12.98623900
vn 0.00000000 100.00000000 0.00000000
vn 0.00000000 100.00000000 0.00000000
vn 87.87411600 -0.00000000 47.72986300
vn 87.87411600 -0.00000000 47.72986300
vn 0.00000000 100.00000000 0.00000000
vn 83.21007100 -0.00000000 55.46245600
vn 0.00000000 100.00000000 0.00000000
vn 77.86747900 -0.00000000 62.74277400
vn 71.88990700 -0.00000000 69.51144700
vn 0.00000000 100.00000000 0.00000000
vn 0.00000000 100.00000000 0.00000000
vn 65.32609900 -0.00000000 75.71328000
vn 65.32609900 -0.00000000 75.71328000
vn 38.03732600 -0.00000000 92.48330600
vn 0.00000000 100.00000000 0.00000000
vn 6.84626300 -0.00000000 99.76536800
vn 0.00000000 100.00000000 0.00000000
vn -25.04716600 -0.00000000 96.81239300
vn 0.00000000 100.00000000 0.00000000
vn -54.37097800 -0.00000000 83.92733000
vn -54.37097800 -0.00000000 83.92733000
vn 0.00000000 100.00000000 0.00000000
vn -53.48261500 -0.00000000 84.49621200
vn 0.00000000 100.00000000 0.00000000
vn 0.00000000 100.00000000 0.00000000
vn -52.58830000 -0.00000000 85.05569200
vn -51.68813300 -0.00000000 85.60570600
vn -51.68813300 -0.00000000 85.60570600
vn 0.00000000 100.00000000 0.00000000
vn 0.00000000 100.00000000 0.00000000
vn -81.79040100 -0.00000000 57.53547000
vn 0.00000000 100.00000000 0.00000000
vn -98.03668200 -0.00000000 19.71823900
vn 0.00000000 100.00000000 0.00000000
vn -97.67472000 0.00000000 -21.43942800
vn 0.00000000 100.00000000 0.00000000
vn -80.76583400 0.00000000 -58.96507500
vn -80.76583400 0.00000000 -58.96507500
vn -85.69104400 0.00000000 -51.54653200
vn 0.00000000 100.00000000 0.00000000
vn -89.93678900 0.00000000 -43.71926300
vn 0.00000000 100.00000000 0.00000000
vn -93.46940300 0.00000000 -35.54533400
vn 0.00000000 100.00000000 0.00000000
vn -96.26087400 0.00000000 -27.08955600
vn -96.26087400 0.00000000 -27.08955600
vn 0.00000000 100.00000000 0.00000000
vn 0.00000000 100.00000000 0.00000000
vn -74.65132300 0.00000000 -66.53705800
vn -37.93922500 0.00000000 -92.52359300
vn 0.00000000 100.00000000 0.00000000
vn 6.44827400 0.00000000 -99.79188200
vn 0.00000000 100.00000000 0.00000000
vn 49.53123600 0.00000000 -86.87149500
vn 49.53123600 0.00000000 -86.87149500
vn 0.00000000 100.00000000 0.00000000
vn 0.00000000 100.00000000 0.00000000
vn 51.85240800 0.00000000 -85.50630300
vn 0.00000000 100.00000000 0.00000000
vn 54.13597800 0.00000000 -84.07910500
vn 36.58850700 0.00000000 -93.06600400
vn 36.58850700 0.00000000 -93.06600400
vn 0.00000000 100.00000000 0.00000000
vn 67.57129600 0.00000000 -73.71648400
vn 0.00000000 100.00000000 0.00000000
vn 89.53779600 0.00000000 -44.53069800
vn 0.00000000 100.00000000 0.00000000
vn 99.55693500 0.00000000 -9.40301600
vn 0.00000000 100.00000000 0.00000000
vn 96.29182200 -0.00000000 26.97934500
vn 0.00000000 100.00000000 0.00000000
vn 96.29182200 -0.00000000 26.97934500
vn 93.46537800 -0.00000000 35.55591400
vn 0.00000000 100.00000000 0.00000000
vn 89.87676000 -0.00000000 43.84253700
vn 0.00000000 100.00000000 0.00000000
vn 85.55522900 -0.00000000 51.77164100
vn 0.00000000 100.00000000 0.00000000
vn 0.00000000 100.00000000 0.00000000
vn 80.53602700 -0.00000000 59.27856600
vn 80.53602700 -0.00000000 59.27856600
vn 57.66312200 -0.00000000 81.70045500
vn 0.00000000 100.00000000 0.00000000
vn 0.00000000 100.00000000 0.00000000
vn 28.87449600 -0.00000000 95.74060500
vn -2.87639700 -0.00000000 99.95862300
vn 0.00000000 100.00000000 0.00000000
vn -34.33219700 -0.00000000 93.92177700
vn -34.33219700 -0.00000000 93.92177700
vn 0.00000000 100.00000000 0.00000000
vn 0.00000000 100.00000000 0.00000000
vn -33.33951800 -0.00000000 94.27871700
vn 0.00000000 100.00000000 0.00000000
vn -32.34313000 -0.00000000 94.62516600
vn 0.00000000 100.00000000 0.00000000
vn -31.34314200 -0.00000000 94.96108400
vn -31.34314200 -0.00000000 94.96108400
vn 0.00000000 100.00000000 0.00000000
vn -66.93689800 -0.00000000 74.29301200
vn -91.19097700 -0.00000000 41.03907600
vn 0.00000000 100.00000000 0.00000000
vn 0.00000000 100.00000000 0.00000000
vn -99.99653200 -0.00000000 0.83277300
vn 0.00000000 100.00000000 0.00000000
vn -91.86182900 0.00000000 -39.51460900
vn -91.86182900 0.00000000 -39.51460900
vn -95.01277300 0.00000000 -31.18610100
vn 0.00000000 100.00000000 0.00000000
vn -97.41033700 0.00000000 -22.61031200
vn 0.00000000 100.00000000 0.00000000
vn -99.03551100 0.00000000 -13.85523900
vn 0.00000000 100.00000000 0.00000000
vn 0.00000000 100.00000000 0.00000000
vn -99.87540700 0.00000000 -4.99030500
vn -99.87540700 0.00000000 -4.99030500
vn -87.58554600 0.00000000 -48.25735300
vn 0.00000000 100.00000000 0.00000000
vn 0.00000000 100.00000000 0.00000000
vn -57.57644600 0.00000000 -81.76156100
vn -15.91918100 0.00000000 -98.72476700
vn 0.00000000 100.00000000 0.00000000
vn 0.00000000 100.00000000 0.00000000
vn 28.95865900 0.00000000 -95.71518200
vn 28.95865900 0.00000000 -95.71518200
vn 0.00000000 100.00000000 0.00000000
vn 31.52541700 0.00000000 -94.90072700
vn 0.00000000 100.00000000 0.00000000
vn 34.06931500 0.00000000 -94.01745500
vn 14.96202200 0.00000000 -98.87435400
vn 14.96202200 0.00000000 -98.87435400
vn 0.00000000 100.00000000 0.00000000
vn 49.47368200 0.00000000 -86.90428500
vn 0.00000000 100.00000000 0.00000000
vn 77.38388400 0.00000000 -63.33825500
vn 0.00000000 100.00000000 0.00000000
vn 0.00000000 100.00000000 0.00000000
vn 94.96846700 0.00000000 -31.32076500
vn 99.88105400 -0.00000000 4.87597100
vn 0.00000000 100.00000000 0.00000000
vn 99.88105400 -0.00000000 4.87597100
vn 0.00000000 100.00000000 0.00000000
vn 99.03394200 -0.00000000 13.86645000
vn 0.00000000 100.00000000 0.00000000
vn 97.37924400 -0.00000000 22.74385300
vn 94.93045500 -0.00000000 31.43578800
vn 0.00000000 100.00000000 0.00000000
vn 0.00000000 100.00000000 0.00000000
vn 91.70754200 -0.00000000 39.87137700
vn 91.70754200 -0.00000000 39.87137700
vn 0.00000000 100.00000000 0.00000000
vn 74.39744900 -0.00000000 66.82080200
vn 0.00000000 100.00000000 0.00000000
vn 49.45484100 -0.00000000 86.91500900
vn 19.43860700 -0.00000000 98.09251000
vn 0.00000000 100.00000000 0.00000000
vn -12.57185500 -0.00000000 99.20659500
vn -12.57185500 -0.00000000 99.20659500
vn 0.00000000 100.00000000 0.00000000
vn -11.52463900 -0.00000000 99.33369400
vn 0.00000000 100.00000000 0.00000000
vn 0.00000000 100.00000000 0.00000000
vn -10.47614000 -0.00000000 99.44973900
vn -9.42647500 -0.00000000 99.55471600
vn 0.00000000 100.00000000 0.00000000
vn -9.42647500 -0.00000000 99.55471600
vn 0.00000000 100.00000000 0.00000000
vn -48.72690000 -0.00000000 87.32519300
vn 0.00000000 100.00000000 0.00000000
vn -79.77257500 -0.00000000 60.30204200
vn -97.30410100 -0.00000000 23.06321500
vn 0.00000000 100.00000000 0.00000000
vn -98.35148900 0.00000000 -18.08271500
vn -98.35148900 0.00000000 -18.08271500
vn 0.00000000 100.00000000 0.00000000
vn 0.00000000 100.00000000 0.00000000
vn -99.57016500 0.00000000 -9.26187000
vn 0.00000000 100.00000000 0.00000000
vn -99.99932400 0.00000000 -0.36758500
vn 0.00000000 100.00000000 0.00000000
vn -99.63556400 -0.00000000 8.52961500
vn 0.00000000 100.00000000 0.00000000
vn -98.48176900 -0.00000000 17.35918100
vn -98.48176900 -0.00000000 17.35918100
vn 0.00000000 100.00000000 0.00000000
vn -96.12786500 0.00000000 -27.55782300
vn 0.00000000 100.00000000 0.00000000
vn -74.32654300 0.00000000 -66.89966400
vn 0.00000000 100.00000000 0.00000000
vn -37.48838100 0.00000000 -92.70718000
vn 0.00000000 100.00000000 0.00000000
vn 6.93397300 0.00000000 -99.75931000
vn 6.93397300 0.00000000 -99.75931000
vn 0.00000000 100.00000000 0.00000000
vn 9.61761100 0.00000000 -99.53643300
vn 0.00000000 100.00000000 0.00000000
vn 12.29427400 0.00000000 -99.24137700
vn 0.00000000 100.00000000 0.00000000
vn -7.41472000 0.00000000 -99.72473100
vn -7.41472000 0.00000000 -99.72473100
vn 28.89525100 0.00000000 -95.73434300
vn 0.00000000 100.00000000 0.00000000
vn 0.00000000 100.00000000 0.00000000
vn 61.34962100 0.00000000 -78.96976600
vn 0.00000000 100.00000000 0.00000000
vn 85.61788300 0.00000000 -51.66796000
vn 0.00000000 100.00000000 0.00000000
vn 98.46183300 0.00000000 -17.47190500
vn 98.46183300 0.00000000 -17.47190500
vn 0.00000000 100.00000000 0.00000000
vn 99.63652900 0.00000000 -8.51833600
vn 0.00000000 100.00000000 0.00000000
vn 99.99872600 -0.00000000 0.50469700
vn 0.00000000 100.00000000 0.00000000
vn 99.54547100 -0.00000000 9.52361400
vn 0.00000000 100.00000000 0.00000000
vn 98.28045900 -0.00000000 18.46487000
vn 98.28045900 -0.00000000 18.46487000
vn 87.40117700 -0.00000000 48.59047500
vn 0.00000000 100.00000000 0.00000000
vn 67.55531400 -0.00000000 73.73113100
vn 0.00000000 100.00000000 0.00000000
vn 0.00000000 100.00000000 0.00000000
vn 40.77887700 -0.00000000 91.30762900
vn 9.81889200 -0.00000000 99.51677900
vn 0.00000000 100.00000000 0.00000000
vn 9.81889200 -0.00000000 99.51677900
vn 0.00000000 100.00000000 0.00000000
vn 10.86813400 -0.00000000 99.40766400
vn 0.00000000 100.00000000 0.00000000
vn 11.91616800 -0.00000000 99.28748600
vn 12.96287500 -0.00000000 99.15626000
vn 12.96287500 -0.00000000 99.15626000
vn 0.00000000 100.00000000 0.00000000
vn -28.07353100 -0.00000000 95.97852300
vn 0.00000000 100.00000000 0.00000000
vn 0.00000000 100.00000000 0.00000000
vn -64.35404300 -0.00000000 76.54121200
vn 0.00000000 100.00000000 0.00000000
vn -89.73243600 -0.00000000 44.13717200
vn -99.90939500 -0.00000000 4.25592200
vn 0.00000000 100.00000000 0.00000000
vn -99.90939500 -0.00000000 4.25592200
vn 0.00000000 100.00000000 0.00000000
vn -99.13469300 -0.00000000 13.12679100
vn -97.57392800 -0.00000000 21.89357400
vn 0.00000000 100.00000000 0.00000000
vn 0.00000000 100.00000000 0.00000000
vn -95.23947500 -0.00000000 30.48675800
vn -92.14984400 -0.00000000 38.83820500
vn 0.00000000 100.00000000 0.00000000
vn -92.14984400 -0.00000000 38.83820500
vn -99.84993100 0.00000000 -5.47642800
vn 0.00000000 100.00000000 0.00000000
vn -87.34959700 0.00000000 -48.68313800
vn 0.00000000 100.00000000 0.00000000
vn 0.00000000 100.00000000 0.00000000
vn -57.17775800 0.00000000 -82.04086800
vn -15.43841100 0.00000000 -98.80109000
vn -15.43841100 0.00000000 -98.80109000
vn 0.00000000 100.00000000 0.00000000
vn 0.00000000 100.00000000 0.00000000
vn -12.77246300 0.00000000 -99.18096700
vn -10.09725300 0.00000000 -99.48892100
vn 0.00000000 100.00000000 0.00000000
vn 0.00000000 100.00000000 0.00000000
vn -29.41965800 0.00000000 -95.57449300
vn -29.41965800 0.00000000 -95.57449300
vn 6.86789100 0.00000000 -99.76388200
vn 0.00000000 100.00000000 0.00000000
vn 42.23903200 0.00000000 -90.64140400
vn 0.00000000 100.00000000 0.00000000
vn 0.00000000 100.00000000 0.00000000
vn 71.97406100 0.00000000 -69.42430800
vn 0.00000000 100.00000000 0.00000000
vn 92.10532400 0.00000000 -38.94366700
vn 92.10532400 0.00000000 -38.94366700
vn 95.24292500 0.00000000 -30.47597700
vn 0.00000000 100.00000000 0.00000000
vn 0.00000000 100.00000000 0.00000000
vn 97.60385500 0.00000000 -21.75976700
vn 99.16886200 0.00000000 -12.86611400
vn 0.00000000 100.00000000 0.00000000
vn 0.00000000 100.00000000 0.00000000
vn 99.92518300 0.00000000 -3.86754200
vn 99.92518300 0.00000000 -3.86754200
vn 96.02224500 -0.00000000 27.92361900
vn 0.00000000 100.00000000 0.00000000
vn 82.26828100 -0.00000000 56.85006600
vn 0.00000000 100.00000000 0.00000000
vn 60.07432500 -0.00000000 79.94420300
vn 0.00000000 100.00000000 0.00000000
vn 0.00000000 100.00000000 0.00000000
vn 31.71727800 -0.00000000 94.83677700
vn 31.71727800 -0.00000000 94.83677700
vn 32.71593400 -0.00000000 94.49691900
vn 0.00000000 100.00000000 0.00000000
vn 33.71094900 -0.00000000 94.14654500
vn 0.00000000 100.00000000 0.00000000
vn 0.00000000 100.00000000 0.00000000
vn 34.70221200 -0.00000000 93.78569400
vn 34.70221200 -0.00000000 93.78569400
vn 0.00000000 100.00000000 0.00000000
vn -6.01243900 -0.00000000 99.81908900
vn 0.00000000 100.00000000 0.00000000
vn -45.70853100 -0.00000000 88.94228600
vn -77.66121200 -0.00000000 62.99790600
vn 0.00000000 100.00000000 0.00000000
vn -96.45742600 -0.00000000 26.38114900
vn -96.45742600 -0.00000000 26.38114900
vn 0.00000000 100.00000000 0.00000000
vn -93.72819400 -0.00000000 34.85721900
vn 0.00000000 100.00000000 0.00000000
vn 0.00000000 100.00000000 0.00000000
vn -90.25576700 -0.00000000 43.05689800
vn -86.06768000 -0.00000000 50.91516900
vn 0.00000000 100.00000000 0.00000000
vn -81.19714200 -0.00000000 58.36972000
vn 0.00000000 100.00000000 0.00000000
vn -81.19714200 -0.00000000 58.36972000
vn 0.00000000 100.00000000 0.00000000
vn -98.56510500 -0.00000000 16.87957700
vn -95.99257800 0.00000000 -28.02543600
vn 0.00000000 100.00000000 0.00000000
vn -74.00000200 0.00000000 -67.26068400
vn 0.00000000 100.00000000 0.00000000
vn -37.03664900 0.00000000 -92.88857100
vn -37.03664900 0.00000000 -92.88857100
vn 0.00000000 100.00000000 0.00000000
vn -34.52207200 0.00000000 -93.85215300
vn 0.00000000 100.00000000 0.00000000
vn 0.00000000 100.00000000 0.00000000
vn -31.98246100 0.00000000 -94.74767600
vn 0.00000000 100.00000000 0.00000000
vn -49.94937100 0.00000000 -86.63175100
vn -49.94937100 0.00000000 -86.63175100
vn 0.00000000 100.00000000 0.00000000
vn -15.50385400 0.00000000 -98.79084200
vn 0.00000000 100.00000000 0.00000000
vn 21.01040100 0.00000000 -97.76790400
vn 0.00000000 100.00000000 0.00000000
vn 54.72116000 0.00000000 -83.69943100
vn 81.13027000 0.00000000 -58.46263100
vn 0.00000000 100.00000000 0.00000000
vn 81.13027000 0.00000000 -58.46263100
vn 0.00000000 100.00000000 0.00000000
vn 86.07344300 0.00000000 -50.90542600
vn 90.31471900 0.00000000 -42.93310500
vn 0.00000000 100.00000000 0.00000000
vn 93.81951200 0.00000000 -34.61068100
vn 0.00000000 100.00000000 0.00000000
vn 0.00000000 100.00000000 0.00000000
vn 96.55924100 0.00000000 -26.00602000
vn 96.55924100 0.00000000 -26.00602000
vn 99.82835600 -0.00000000 5.85655600
vn 0.00000000 100.00000000 0.00000000
vn 0.00000000 100.00000000 0.00000000
vn 92.85597300 -0.00000000 37.11830100
vn 76.35739400 -0.00000000 64.57204000
vn 0.00000000 100.00000000 0.00000000
vn 52.02522800 -0.00000000 85.40126300
vn 52.02522800 -0.00000000 85.40126300
vn 0.00000000 100.00000000 0.00000000
vn 52.92322000 -0.00000000 84.84770400
vn 0.00000000 100.00000000 0.00000000
vn 53.81532200 -0.00000000 84.28470300
vn 0.00000000 100.00000000 0.00000000
vn 0.00000000 100.00000000 0.00000000
vn 54.70143500 -0.00000000 83.71232300
vn 54.70143500 -0.00000000 83.71232300
vn 16.35014300 -0.00000000 98.65431000
vn 0.00000000 100.00000000 0.00000000
vn -24.77100200 -0.00000000 96.88342200
vn 0.00000000 100.00000000 0.00000000
vn -61.69573000 -0.00000000 78.69966300
vn 0.00000000 100.00000000 0.00000000
vn 0.00000000 100.00000000 0.00000000
vn -88.16867900 -0.00000000 47.18351500
vn -88.16867900 -0.00000000 47.18351500
vn 0.00000000 100.00000000 0.00000000
vn -83.62177100 -0.00000000 54.83976100
vn -78.41180500 -0.00000000 62.06117000
vn 0.00000000 100.00000000 0.00000000
vn 0.00000000 100.00000000 0.00000000
vn -72.58009300 -0.00000000 68.79048000
vn -66.17287500 -0.00000000 74.97433300
vn 0.00000000 100.00000000 0.00000000
vn -66.17287500 -0.00000000 74.97433300
vn -92.33781200 -0.00000000 38.38917000
vn 0.00000000 100.00000000 0.00000000
vn 0.00000000 100.00000000 0.00000000
vn -99.82208900 0.00000000 -5.96242100
vn 0.00000000 100.00000000 0.00000000
vn -87.11157800 0.00000000 -49.10776900
vn -56.77771500 0.00000000 -82.31823100
vn -56.77771500 0.00000000 -82.31823100
vn 0.00000000 100.00000000 0.00000000
vn 0.00000000 100.00000000 0.00000000
vn -54.54060000 0.00000000 -83.81719900
vn 0.00000000 100.00000000 0.00000000
vn -52.26393600 0.00000000 -85.25538700
vn 0.00000000 100.00000000 0.00000000
vn -67.97441400 0.00000000 -73.34493200
vn -67.97441400 0.00000000 -73.34493200
vn -37.09817000 0.00000000 -92.86401800
vn 0.00000000 100.00000000 0.00000000
vn -1.27177900 0.00000000 -99.99191300
vn 0.00000000 100.00000000 0.00000000
vn 34.72431000 0.00000000 -93.77751500
vn 0.00000000 100.00000000 0.00000000
vn 0.00000000 100.00000000 0.00000000
vn 66.08700600 0.00000000 -75.05003400
vn 66.08700600 0.00000000 -75.05003400
vn 0.00000000 100.00000000 0.00000000
vn 72.58788000 0.00000000 -68.78226300
vn 78.49682600 0.00000000 -61.95359800
vn 0.00000000 100.00000000 0.00000000
vn 83.76565900 0.00000000 -54.61972400
vn 0.00000000 100.00000000 0.00000000
vn 88.35141500 0.00000000 -46.84044700
vn 0.00000000 100.00000000 0.00000000
vn 88.35141500 0.00000000 -46.84044700
vn 98.62865700 0.00000000 -16.50417900
vn 0.00000000 100.00000000 0.00000000
vn 0.00000000 100.00000000 0.00000000
vn 98.78747900 -0.00000000 15.52527000
vn 88.81158600 -0.00000000 45.96196500
vn 0.00000000 100.00000000 0.00000000
vn 69.72441600 -0.00000000 71.68337200
vn 69.72441600 -0.00000000 71.68337200
vn 0.00000000 100.00000000 0.00000000
vn 70.47671400 -0.00000000 70.94387000
vn 0.00000000 100.00000000 0.00000000
vn 0.00000000 100.00000000 0.00000000
vn 71.22117000 -0.00000000 70.19647400
vn 0.00000000 100.00000000 0.00000000
vn 71.95770000 -0.00000000 69.44126600
vn 71.95770000 -0.00000000 69.44126600
vn 0.00000000 100.00000000 0.00000000
vn 37.89286000 -0.00000000 92.54259100
vn 0.00000000 100.00000000 0.00000000
vn -2.59135200 -0.00000000 99.96641900
vn 0.00000000 100.00000000 0.00000000
vn -42.63656700 -0.00000000 90.45508900
vn 0.00000000 100.00000000 0.00000000
vn -75.45878600 -0.00000000 65.61990200
vn -75.45878600 -0.00000000 65.61990200
vn 0.00000000 100.00000000 0.00000000
vn -69.32220400 -0.00000000 72.07240800
vn 0.00000000 100.00000000 0.00000000
vn -62.63594800 -0.00000000 77.95343500
vn 0.00000000 100.00000000 0.00000000
vn -55.45303700 -0.00000000 83.21634900
vn 0.00000000 100.00000000 0.00000000
vn -47.83042400 -0.00000000 87.81942000
vn -47.83042400 -0.00000000 87.81942000
vn 0.00000000 100.00000000 0.00000000
vn -81.48031700 -0.00000000 57.97377000
vn -98.64610500 -0.00000000 16.39957300
vn 0.00000000 100.00000000 0.00000000
vn 0.00000000 100.00000000 0.00000000
vn -95.85501600 0.00000000 -28.49238500
vn 0.00000000 100.00000000 0.00000000
vn -73.67170800 0.00000000 -67.62011100
vn -73.67170800 0.00000000 -67.62011100
vn -71.82423500 0.00000000 -69.57930200
vn 0.00000000 100.00000000 0.00000000
vn -69.92467800 0.00000000 -71.48803700
vn 0.00000000 100.00000000 0.00000000
vn -82.59093700 0.00000000 -56.38029100
vn 0.00000000 100.00000000 0.00000000
vn -82.59093700 0.00000000 -56.38029100
vn 0.00000000 100.00000000 0.00000000
vn -56.83222900 0.00000000 -82.28060300
vn 0.00000000 100.00000000 0.00000000
vn -23.49018700 0.00000000 -97.20190900
vn 12.98623900 0.00000000 -99.15320300
vn 0.00000000 100.00000000 0.00000000
vn 47.72986300 0.00000000 -87.87411600
vn 47.72986300 0.00000000 -87.87411600
vn 0.00000000 100.00000000 0.00000000
vn 55.46245600 0.00000000 -83.21007100
vn 0.00000000 100.00000000 0.00000000
vn 62.74277400 0.00000000 -77.86747900
vn 0.00000000 100.00000000 0.00000000
vn 0.00000000 100.00000000 0.00000000
vn 69.51144700 0.00000000 -71.88990700
vn 0.00000000 100.00000000 0.00000000
vn 75.71328000 0.00000000 -65.32609900
vn 75.71328000 0.00000000 -65.32609900
vn 92.48330600 0.00000000 -38.03732600
vn 0.00000000 100.00000000 0.00000000
vn 0.00000000 100.00000000 0.00000000
vn 99.76536800 0.00000000 -6.84626300
vn 96.81239300 -0.00000000 25.04716600
vn 0.00000000 100.00000000 0.00000000
vn 83.92733000 -0.00000000 54.37097800
vn 0.00000000 100.00000000 0.00000000
vn 83.92733000 -0.00000000 54.37097800
vn 84.49621200 -0.00000000 53.48261500
vn 0.00000000 100.00000000 0.00000000
vn 85.05569200 -0.00000000 52.58830000
vn 0.00000000 100.00000000 0.00000000
vn 85.60570600 -0.00000000 51.68813300
vn 0.00000000 100.00000000 0.00000000
vn 85.60570600 -0.00000000 51.68813300
vn 57.53547000 -0.00000000 81.79040100
vn 0.00000000 100.00000000 0.00000000
vn 0.00000000 100.00000000 0.00000000
vn 19.71823900 -0.00000000 98.03668200
vn -21.43942800 -0.00000000 97.67472000
vn 0.00000000 100.00000000 0.00000000
vn -58.96507500 -0.00000000 80.76583400
vn -58.96507500 -0.00000000 80.76583400
vn 0.00000000 100.00000000 0.00000000
vn -51.54653200 -0.00000000 85.69104400
vn 0.00000000 100.00000000 0.00000000
vn -43.71926300 -0.00000000 89.93678900
vn 0.00000000 100.00000000 0.00000000
vn -35.54533400 -0.00000000 93.46940300
vn 0.00000000 100.00000000 0.00000000
vn -27.08955600 -0.00000000 96.26087400
vn -27.08955600 -0.00000000 96.26087400
vn 0.00000000 100.00000000 0.00000000
vn 0.00000000 100.00000000 0.00000000
vn -66.53705800 -0.00000000 74.65132300
vn 0.00000000 100.00000000 0.00000000
vn -92.52359300 -0.00000000 37.93922500
vn -99.79188200 0.00000000 -6.44827400
vn 0.00000000 100.00000000 0.00000000
vn -86.87149500 0.00000000 -49.53123600
vn 0.00000000 100.00000000 0.00000000
vn -86.87149500 0.00000000 -49.53123600
vn -85.50630300 0.00000000 -51.85240800
vn 0.00000000 100.00000000 0.00000000
vn 0.00000000 100.00000000 0.00000000
vn -84.07910500 0.00000000 -54.13597800
vn -93.06600400 0.00000000 -36.58850700
vn -93.06600400 0.00000000 -36.58850700
vn 0.00000000 100.00000000 0.00000000
vn -73.71648400 0.00000000 -67.57129600
vn 0.00000000 100.00000000 0.00000000
vn -44.53069800 0.00000000 -89.53779600
vn 0.00000000 100.00000000 0.00000000
vn 0.00000000 100.00000000 0.00000000
vn -9.40301600 0.00000000 -99.55693500
vn 0.00000000 100.00000000 0.00000000
vn 26.97934500 0.00000000 -96.29182200
vn 26.97934500 0.00000000 -96.29182200
vn 0.00000000 100.00000000 0.00000000
vn 35.55591400 0.00000000 -93.46537800
vn 43.84253700 0.00000000 -89.87676000
vn 0.00000000 100.00000000 0.00000000
vn 0.00000000 100.00000000 0.00000000
vn 51.77164100 0.00000000 -85.55522900
vn 59.27856600 0.00000000 -80.53602700
vn 0.00000000 100.00000000 0.00000000
vn 59.27856600 0.00000000 -80.53602700
vn 0.00000000 100.00000000 0.00000000
vn 81.70045500 0.00000000 -57.66312200
vn 0.00000000 100.00000000 0.00000000
vn 95.74060500 0.00000000 -28.87449600
vn 0.00000000 100.00000000 0.00000000
vn 99.95862300 -0.00000000 2.87639700
vn 93.92177700 -0.00000000 34.33219700
vn 93.92177700 -0.00000000 34.33219700
vn 0.00000000 100.00000000 0.00000000
vn 0.00000000 100.00000000 0.00000000
vn 94.27871700 -0.00000000 33.33951800
vn 94.62516600 -0.00000000 32.34313000
vn 0.00000000 100.00000000 0.00000000
vn 94.96108400 -0.00000000 31.34314200
vn 0.00000000 100.00000000 0.00000000
vn 94.96108400 -0.00000000 31.34314200
vn 0.00000000 100.00000000 0.00000000
vn 74.29301200 -0.00000000 66.93689800
vn 0.00000000 100.00000000 0.00000000
vn 41.03907600 -0.00000000 91.19097700
vn 0.00000000 100.00000000 0.00000000
vn 0.83277300 -0.00000000 99.99653200
vn 0.00000000 100.00000000 0.00000000
vn -39.51460900 -0.00000000 91.86182900
vn -39.51460900 -0.00000000 91.86182900
vn -31.18610100 -0.00000000 95.01277300
vn 0.00000000 100.00000000 0.00000000
vn -22.61031200 -0.00000000 97.41033700
vn 0.00000000 100.00000000 0.00000000
vn 0.00000000 100.00000000 0.00000000
vn -13.85523900 -0.00000000 99.03551100
vn -4.99030500 -0.00000000 99.87540700
vn 0.00000000 100.00000000 0.00000000
vn -4.99030500 -0.00000000 99.87540700
vn 0.00000000 100.00000000 0.00000000
vn -48.25735300 -0.00000000 87.58554600
vn -81.76156100 -0.00000000 57.57644600
vn 0.00000000 100.00000000 0.00000000
vn 0.00000000 100.00000000 0.00000000
vn -98.72476700 -0.00000000 15.91918100
vn 0.00000000 100.00000000 0.00000000
vn -95.71518200 0.00000000 -28.95865900
vn -95.71518200 0.00000000 -28.95865900
vn -94.90072700 0.00000000 -31.52541700
vn 0.00000000 100.00000000 0.00000000
vn -94.01745500 0.00000000 -34.06931500
vn 0.00000000 100.00000000 0.00000000
vn 0.00000000 100.00000000 0.00000000
vn -98.87435400 0.00000000 -14.96202200
vn -98.87435400 0.00000000 -14.96202200
vn -86.90428500 0.00000000 -49.47368200
vn 0.00000000 100.00000000 0.00000000
vn -63.33825500 0.00000000 -77.38388400
vn 0.00000000 100.00000000 0.00000000
vn 0.00000000 100.00000000 0.00000000
vn -31.32076500 0.00000000 -94.96846700
vn 4.87597100 0.00000000 -99.88105400
vn 0.00000000 100.00000000 0.00000000
vn 4.87597100 0.00000000 -99.88105400
vn 0.00000000 100.00000000 0.00000000
vn 13.86645000 0.00000000 -99.03394200
vn 22.74385300 0.00000000 -97.37924400
vn 0.00000000 100.00000000 0.00000000
vn 31.43578800 0.00000000 -94.93045500
vn 0.00000000 100.00000000 0.00000000
vn 0.00000000 100.00000000 0.00000000
vn 39.87137700 0.00000000 -91.70754200
vn 39.87137700 0.00000000 -91.70754200
vn 0.00000000 100.00000000 0.00000000
vn 66.82080200 0.00000000 -74.39744900
vn 86.91500900 0.00000000 -49.45484100
vn 0.00000000 100.00000000 0.00000000
vn 0.00000000 100.00000000 0.00000000
vn 98.09251000 0.00000000 -19.43860700
vn 99.20659500 -0.00000000 12.57185500
vn 99.20659500 -0.00000000 12.57185500
vn 0.00000000 100.00000000 0.00000000
vn 0.00000000 100.00000000 0.00000000
vn 99.33369400 -0.00000000 11.52463900
vn 0.00000000 100.00000000 0.00000000
vn 99.44973900 -0.00000000 10.47614000
vn 99.55471600 -0.00000000 9.42647500
vn 0.00000000 100.00000000 0.00000000
vn 99.55471600 -0.00000000 9.42647500
vn 0.00000000 100.00000000 0.00000000
vn 87.32519300 -0.00000000 48.72690000
vn 0.00000000 100.00000000 0.00000000
vn 60.30204200 -0.00000000 79.77257500
vn 23.06321500 -0.00000000 97.30410100
vn 0.00000000 100.00000000 0.00000000
vn -18.08271500 -0.00000000 98.35148900
vn -18.08271500 -0.00000000 98.35148900
vn 0.00000000 100.00000000 0.00000000
vn 0.00000000 100.00000000 0.00000000
vn -9.26187000 -0.00000000 99.57016500
vn -0.36758500 -0.00000000 99.99932400
vn 0.00000000 100.00000000 0.00000000
vn 8.52961500 -0.00000000 99.63556400
vn 0.00000000 100.00000000 0.00000000
vn 0.00000000 100.00000000 0.00000000
vn 17.35918100 -0.00000000 98.48176900
vn 17.35918100 -0.00000000 98.48176900
vn -27.55782300 -0.00000000 96.12786500
vn 0.00000000 100.00000000 0.00000000
vn -66.89966400 -0.00000000 74.32654300
vn 0.00000000 100.00000000 0.00000000
vn 0.00000000 100.00000000 0.00000000
vn -92.70718000 -0.00000000 37.48838100
vn -99.75931000 0.00000000 -6.93397300
vn -99.75931000 0.00000000 -6.93397300
vn 0.00000000 100.00000000 0.00000000
vn -99.53643300 0.00000000 -9.61761100
vn 0.00000000 100.00000000 0.00000000
vn -99.24137700 0.00000000 -12.29427400
vn 0.00000000 100.00000000 0.00000000
vn -0.00000000 -100.00000000 -0.00000000
vn -0.00000000 -100.00000000 -0.00000000
vn -0.00000000 -100.00000000 -0.00000000
vn -0.00000000 -100.00000000 -0.00000000
vn -0.00000000 -100.00000000 -0.00000000
vn -0.00000000 -100.00000000 -0.00000000
vn -0.00000000 -100.00000000 -0.00000000
vn -0.00000000 -100.00000000 -0.00000000
vn -0.00000000 -100.00000000 -0.00000000
vn -0.00000000 -100.00000000 -0.00000000
vn -0.00000000 -100.00000000 -0.00000000
vn -0.00000000 -100.00000000 -0.00000000
vn -0.00000000 -100.00000000 -0.00000000
vn -0.00000000 -100.00000000 -0.00000000
vn -0.00000000 -100.00000000 -0.00000000
vn -0.00000000 -100.00000000 -0.00000000
vn -0.00000000 -100.00000000 -0.00000000
vn -0.00000000 -100.00000000 -0.00000000
vn -0.00000000 -100.00000000 -0.00000000
vn -0.00000000 -100.00000000 -0.00000000
vn -0.00000000 -100.00000000 -0.00000000
vn -0.00000000 -100.00000000 -0.00000000
vn -0.00000000 -100.00000000 -0.00000000
vn -0.00000000 -100.00000000 -0.00000000
vn -0.00000000 -100.00000000 -0.00000000
vn -0.00000000 -100.00000000 -0.00000000
vn -0.00000000 -100.00000000 -0.00000000
vn -0.00000000 -100.00000000 -0.00000000
vn -0.00000000 -100.00000000 -0.00000000
vn -0.00000000 -100.00000000 -0.00000000
vn -0.00000000 -100.00000000 -0.00000000
vn -0.00000000 -100.00000000 -0.00000000
vn -0.00000000 -100.00000000 -0.00000000
vn -0.00000000 -100.00000000 -0.00000000
vn -0.00000000 -100.00000000 -0.00000000
vn -0.00000000 -100.00000000 -0.00000000
vn -0.00000000 -100.00000000 -0.00000000
vn -0.00000000 -100.00000000 -0.00000000
vn -0.00000000 -100.00000000 -0.00000000
vn -0.00000000 -100.00000000 -0.00000000
vn -0.00000000 -100.00000000 -0.00000000
vn -0.00000000 -100.00000000 -0.00000000
vn -0.00000000 -100.00000000 -0.00000000
vn -0.00000000 -100.00000000 -0.00000000
vn -0.00000000 -100.00000000 -0.00000000
vn -0.00000000 -100.00000000 -0.00000000
vn -0.00000000 -100.00000000 -0.00000000
vn -0.00000000 -100.00000000 -0.00000000
vn -0.00000000 -100.00000000 -0.00000000
vn -0.00000000 -100.00000000 -0.00000000
vn -0.00000000 -100.00000000 -0.00000000
vn -0.00000000 -100.00000000 -0.00000000
vn -0.00000000 -100.00000000 -0.00000000
vn -0.00000000 -100.00000000 -0.00000000
vn -0.00000000 -100.00000000 -0.00000000
vn -0.00000000 -100.00000000 -0.00000000
vn -0.00000000 -100.00000000 -0.00000000
vn -0.00000000 -100.00000000 -0.00000000
vn -0.00000000 -100.00000000 -0.00000000
vn -0.00000000 -100.00000000 -0.00000000
vn -0.00000000 -100.00000000 -0.00000000
vn -0.00000000 -100.00000000 -0.00000000
vn -0.00000000 -100.00000000 -0.00000000
vn -0.00000000 -100.00000000 -0.00000000
vn -0.00000000 -100.00000000 -0.00000000
vn -0.00000000 -100.00000000 -0.00000000
vn -0.00000000 -100.00000000 -0.00000000
vn -0.00000000 -100.00000000 -0.00000000
vn -0.00000000 -100.00000000 -0.00000000
vn -0.00000000 -100.00000000 -0.00000000
vn -0.00000000 -100.00000000 -0.00000000
vn -0.00000000 -100.00000000 -0.00000000
vn -0.00000000 -100.00000000 -0.00000000
vn -0.00000000 -100.00000000 -0.00000000
vn -0.00000000 -100.00000000 -0.00000000
vn -0.00000000 -100.00000000 -0.00000000
vn -0.00000000 -100.00000000 -0.00000000
vn -0.00000000 -100.00000000 -0.00000000
vn -0.00000000 -100.00000000 -0.00000000
vn -0.00000000 -100.00000000 -0.00000000
vn -0.00000000 -100.00000000 -0.00000000
vn -0.00000000 -100.00000000 -0.00000000
vn -0.00000000 -100.00000000 -0.00000000
vn -0.00000000 -100.00000000 -0.00000000
vn -0.00000000 -100.00000000 -0.00000000
vn -0.00000000 -100.00000000 -0.00000000
vn -0.00000000 -100.00000000 -0.00000000
vn -0.00000000 -100.00000000 -0.00000000
vn -0.00000000 -100.00000000 -0.00000000
vn -0.00000000 -100.00000000 -0.00000000
vn -0.00000000 -100.00000000 -0.00000000
vn -0.00000000 -100.00000000 -0.00000000
vn -0.00000000 -100.00000000 -0.00000000
vn -0.00000000 -100.00000000 -0.00000000
vn -0.00000000 -100.00000000 -0.00000000
vn -0.00000000 -100.00000000 -0.00000000
vn -0.00000000 -100.00000000 -0.00000000
vn -0.00000000 -100.00000000 -0.00000000
vn -0.00000000 -100.00000000 -0.00000000
vn -0.00000000 -100.00000000 -0.00000000
vn -0.00000000 -100.00000000 -0.00000000
vn -0.00000000 -100.00000000 -0.00000000
vn -0.00000000 -100.00000000 -0.00000000
vn -0.00000000 -100.00000000 -0.00000000
vn -0.00000000 -100.00000000 -0.00000000
vn -0.00000000 -100.00000000 -0.00000000
vn -0.00000000 -100.00000000 -0.00000000
vn -0.00000000 -100.00000000 -0.00000000
vn -0.00000000 -100.00000000 -0.00000000
vn -0.00000000 -100.00000000 -0.00000000
vn -0.00000000 -100.00000000 -0.00000000
vn -0.00000000 -100.00000000 -0.00000000
vn -0.00000000 -100.00000000 -0.00000000
vn -0.00000000 -100.00000000 -0.00000000
vn -0.00000000 -100.00000000 -0.00000000
vn -0.00000000 -100.00000000 -0.00000000
vn -0.00000000 -100.00000000 -0.00000000
vn -0.00000000 -100.00000000 -0.00000000
vn -0.00000000 -100.00000000 -0.00000000
vn -0.00000000 -100.00000000 -0.00000000
vn -0.00000000 -100.00000000 -0.00000000
vn -0.00000000 -100.00000000 -0.00000000
vn -0.00000000 -100.00000000 -0.00000000
vn -0.00000000 -100.00000000 -0.00000000
vn -0.00000000 -100.00000000 -0.00000000
vn -0.00000000 -100.00000000 -0.00000000
vn -0.00000000 -100.00000000 -0.00000000
vn -0.00000000 -100.00000000 -0.00000000
vn -0.00000000 -100.00000000 -0.00000000
vn -0.00000000 -100.00000000 -0.00000000
vn -0.00000000 -100.00000000 -0.00000000
vn -0.00000000 -100.00000000 -0.00000000
vn -0.00000000 -100.00000000 -0.00000000
vn -0.00000000 -100.00000000 -0.00000000
vn -0.00000000 -100.00000000 -0.00000000
vn -95.57449300 -0.00000000 29.41965800
vn -95.57449300 -0.00000000 29.41965800
vn -0.00000000 -100.00000000 -0.00000000
vn -0.00000000 -100.00000000 -0.00000000
vn -94.74767600 -0.00000000 31.98246100
vn -0.00000000 -100.00000000 -0.00000000
vn -93.85215300 -0.00000000 34.52207200
vn -0.00000000 -100.00000000 -0.00000000
vn -92.88857100 -0.00000000 37.03664900
vn -92.88857100 -0.00000000 37.03664900
vn -67.26068400 -0.00000000 74.00000200
vn -0.00000000 -100.00000000 -0.00000000
vn -0.00000000 -100.00000000 -0.00000000
vn -28.02543600 -0.00000000 95.99257800
vn -0.00000000 -100.00000000 -0.00000000
vn 16.87957700 -0.00000000 98.56510500
vn -0.00000000 -100.00000000 -0.00000000
vn 58.36972000 -0.00000000 81.19714200
vn 58.36972000 -0.00000000 81.19714200
vn -0.00000000 -100.00000000 -0.00000000
vn 50.91516900 -0.00000000 86.06768000
vn -0.00000000 -100.00000000 -0.00000000
vn 43.05689800 -0.00000000 90.25576700
vn 34.85721900 -0.00000000 93.72819400
vn -0.00000000 -100.00000000 -0.00000000
vn -0.00000000 -100.00000000 -0.00000000
vn 26.38114900 -0.00000000 96.45742600
vn 26.38114900 -0.00000000 96.45742600
vn 62.99790600 -0.00000000 77.66121200
vn -0.00000000 -100.00000000 -0.00000000
vn 88.94228600 -0.00000000 45.70853100
vn -0.00000000 -100.00000000 -0.00000000
vn 99.81908900 -0.00000000 6.01243900
vn -0.00000000 -100.00000000 -0.00000000
vn 93.78569400 0.00000000 -34.70221200
vn 93.78569400 0.00000000 -34.70221200
vn -0.00000000 -100.00000000 -0.00000000
vn 94.14654500 0.00000000 -33.71094900
vn -0.00000000 -100.00000000 -0.00000000
vn -0.00000000 -100.00000000 -0.00000000
vn 94.49691900 0.00000000 -32.71593400
vn -0.00000000 -100.00000000 -0.00000000
vn 94.83677700 0.00000000 -31.71727800
vn 94.83677700 0.00000000 -31.71727800
vn -0.00000000 -100.00000000 -0.00000000
vn 79.94420300 0.00000000 -60.07432500
vn 56.85006600 0.00000000 -82.26828100
vn -0.00000000 -100.00000000 -0.00000000
vn -0.00000000 -100.00000000 -0.00000000
vn 27.92361900 0.00000000 -96.02224500
vn -3.86754200 0.00000000 -99.92518300
vn -0.00000000 -100.00000000 -0.00000000
vn -3.86754200 0.00000000 -99.92518300
vn -12.86611400 0.00000000 -99.16886200
vn -0.00000000 -100.00000000 -0.00000000
vn -21.75976700 0.00000000 -97.60385500
vn -0.00000000 -100.00000000 -0.00000000
vn -30.47597700 0.00000000 -95.24292500
vn -0.00000000 -100.00000000 -0.00000000
vn -38.94366700 0.00000000 -92.10532400
vn -38.94366700 0.00000000 -92.10532400
vn -0.00000000 -100.00000000 -0.00000000
vn -0.00000000 -100.00000000 -0.00000000
vn -69.42430800 0.00000000 -71.97406100
vn -0.00000000 -100.00000000 -0.00000000
vn -90.64140400 0.00000000 -42.23903200
vn -0.00000000 -100.00000000 -0.00000000
vn -99.76388200 0.00000000 -6.86789100
vn -0.00000000 -100.00000000 -0.00000000
vn -86.63175100 -0.00000000 49.94937100
vn -86.63175100 -0.00000000 49.94937100
vn -0.00000000 -100.00000000 -0.00000000
vn -85.25538700 -0.00000000 52.26393600
vn -0.00000000 -100.00000000 -0.00000000
vn -83.81719900 -0.00000000 54.54060000
vn -82.31823100 -0.00000000 56.77771500
vn -0.00000000 -100.00000000 -0.00000000
vn -82.31823100 -0.00000000 56.77771500
vn -49.10776900 -0.00000000 87.11157800
vn -0.00000000 -100.00000000 -0.00000000
vn -5.96242100 -0.00000000 99.82208900
vn -0.00000000 -100.00000000 -0.00000000
vn 38.38917000 -0.00000000 92.33781200
vn -0.00000000 -100.00000000 -0.00000000
vn 74.97433300 -0.00000000 66.17287500
vn 74.97433300 -0.00000000 66.17287500
vn -0.00000000 -100.00000000 -0.00000000
vn 68.79048000 -0.00000000 72.58009300
vn -0.00000000 -100.00000000 -0.00000000
vn 62.06117000 -0.00000000 78.41180500
vn -0.00000000 -100.00000000 -0.00000000
vn 54.83976100 -0.00000000 83.62177100
vn -0.00000000 -100.00000000 -0.00000000
vn 47.18351500 -0.00000000 88.16867900
vn 47.18351500 -0.00000000 88.16867900
vn -0.00000000 -100.00000000 -0.00000000
vn 78.69966300 -0.00000000 61.69573000
vn -0.00000000 -100.00000000 -0.00000000
vn 96.88342200 -0.00000000 24.77100200
vn -0.00000000 -100.00000000 -0.00000000
vn -0.00000000 -100.00000000 -0.00000000
vn 98.65431000 0.00000000 -16.35014300
vn 83.71232300 0.00000000 -54.70143500
vn -0.00000000 -100.00000000 -0.00000000
vn 83.71232300 0.00000000 -54.70143500
vn 84.28470300 0.00000000 -53.81532200
vn -0.00000000 -100.00000000 -0.00000000
vn -0.00000000 -100.00000000 -0.00000000
vn 84.84770400 0.00000000 -52.92322000
vn -0.00000000 -100.00000000 -0.00000000
vn 85.40126300 0.00000000 -52.02522800
vn 85.40126300 0.00000000 -52.02522800
vn 64.57204000 0.00000000 -76.35739400
vn -0.00000000 -100.00000000 -0.00000000
vn 37.11830100 0.00000000 -92.85597300
vn -0.00000000 -100.00000000 -0.00000000
vn 5.85655600 0.00000000 -99.82835600
vn -0.00000000 -100.00000000 -0.00000000
vn -26.00602000 0.00000000 -96.55924100
vn -0.00000000 -100.00000000 -0.00000000
vn -26.00602000 0.00000000 -96.55924100
vn -34.61068100 0.00000000 -93.81951200
vn -0.00000000 -100.00000000 -0.00000000
vn -42.93310500 0.00000000 -90.31471900
vn -0.00000000 -100.00000000 -0.00000000
vn -0.00000000 -100.00000000 -0.00000000
vn -50.90542600 0.00000000 -86.07344300
vn -58.46263100 0.00000000 -81.13027000
vn -0.00000000 -100.00000000 -0.00000000
vn -58.46263100 0.00000000 -81.13027000
vn -0.00000000 -100.00000000 -0.00000000
vn -83.69943100 0.00000000 -54.72116000
vn -0.00000000 -100.00000000 -0.00000000
vn -97.76790400 0.00000000 -21.01040100
vn -98.79084200 -0.00000000 15.50385400
vn -0.00000000 -100.00000000 -0.00000000
vn -0.00000000 -100.00000000 -0.00000000
vn -73.34493200 -0.00000000 67.97441400
vn -73.34493200 -0.00000000 67.97441400
vn -71.48803700 -0.00000000 69.92467800
vn -0.00000000 -100.00000000 -0.00000000
vn -0.00000000 -100.00000000 -0.00000000
vn -69.57930200 -0.00000000 71.82423500
vn -67.62011100 -0.00000000 73.67170800
vn -67.62011100 -0.00000000 73.67170800
vn -0.00000000 -100.00000000 -0.00000000
vn -28.49238500 -0.00000000 95.85501600
vn -0.00000000 -100.00000000 -0.00000000
vn -0.00000000 -100.00000000 -0.00000000
vn 16.39957300 -0.00000000 98.64610500
vn 57.97377000 -0.00000000 81.48031700
vn -0.00000000 -100.00000000 -0.00000000
vn -0.00000000 -100.00000000 -0.00000000
vn 87.81942000 -0.00000000 47.83042400
vn 87.81942000 -0.00000000 47.83042400
vn -0.00000000 -100.00000000 -0.00000000
vn 83.21634900 -0.00000000 55.45303700
vn 77.95343500 -0.00000000 62.63594800
vn -0.00000000 -100.00000000 -0.00000000
vn 72.07240800 -0.00000000 69.32220400
vn -0.00000000 -100.00000000 -0.00000000
vn 65.61990200 -0.00000000 75.45878600
vn 65.61990200 -0.00000000 75.45878600
vn -0.00000000 -100.00000000 -0.00000000
vn 90.45508900 -0.00000000 42.63656700
vn -0.00000000 -100.00000000 -0.00000000
vn 99.96641900 -0.00000000 2.59135200
vn -0.00000000 -100.00000000 -0.00000000
vn 92.54259100 0.00000000 -37.89286000
vn -0.00000000 -100.00000000 -0.00000000
vn 69.44126600 0.00000000 -71.95770000
vn 69.44126600 0.00000000 -71.95770000
vn -0.00000000 -100.00000000 -0.00000000
vn 70.19647400 0.00000000 -71.22117000
vn -0.00000000 -100.00000000 -0.00000000
vn 70.94387000 0.00000000 -70.47671400
vn -0.00000000 -100.00000000 -0.00000000
vn -0.00000000 -100.00000000 -0.00000000
vn 71.68337200 0.00000000 -69.72441600
vn 71.68337200 0.00000000 -69.72441600
vn -0.00000000 -100.00000000 -0.00000000
vn 45.96196500 0.00000000 -88.81158600
vn 15.52527000 0.00000000 -98.78747900
vn -0.00000000 -100.00000000 -0.00000000
vn -0.00000000 -100.00000000 -0.00000000
vn -16.50417900 0.00000000 -98.62865700
vn -46.84044700 0.00000000 -88.35141500
vn -0.00000000 -100.00000000 -0.00000000
vn -46.84044700 0.00000000 -88.35141500
vn -54.61972400 0.00000000 -83.76565900
vn -0.00000000 -100.00000000 -0.00000000
vn -61.95359800 0.00000000 -78.49682600
vn -0.00000000 -100.00000000 -0.00000000
vn -0.00000000 -100.00000000 -0.00000000
vn -68.78226300 0.00000000 -72.58788000
vn -0.00000000 -100.00000000 -0.00000000
vn -75.05003400 0.00000000 -66.08700600
vn -75.05003400 0.00000000 -66.08700600
vn -0.00000000 -100.00000000 -0.00000000
vn -93.77751500 0.00000000 -34.72431000
vn -99.99191300 -0.00000000 1.27177900
vn -0.00000000 -100.00000000 -0.00000000
vn -92.86401800 -0.00000000 37.09817000
vn -0.00000000 -100.00000000 -0.00000000
vn -56.38029100 -0.00000000 82.59093700
vn -0.00000000 -100.00000000 -0.00000000
vn -56.38029100 -0.00000000 82.59093700
vn -0.00000000 -100.00000000 -0.00000000
vn -54.13597800 -0.00000000 84.07910500
vn -51.85240800 -0.00000000 85.50630300
vn -0.00000000 -100.00000000 -0.00000000
vn -49.53123600 -0.00000000 86.87149500
vn -49.53123600 -0.00000000 86.87149500
vn -0.00000000 -100.00000000 -0.00000000
vn -0.00000000 -100.00000000 -0.00000000
vn -6.44827400 -0.00000000 99.79188200
vn -0.00000000 -100.00000000 -0.00000000
vn 37.93922500 -0.00000000 92.52359300
vn 74.65132300 -0.00000000 66.53705800
vn -0.00000000 -100.00000000 -0.00000000
vn 96.26087400 -0.00000000 27.08955600
vn 96.26087400 -0.00000000 27.08955600
vn -0.00000000 -100.00000000 -0.00000000
vn -0.00000000 -100.00000000 -0.00000000
vn 93.46940300 -0.00000000 35.54533400
vn 89.93678900 -0.00000000 43.71926300
vn -0.00000000 -100.00000000 -0.00000000
vn 85.69104400 -0.00000000 51.54653200
vn -0.00000000 -100.00000000 -0.00000000
vn -0.00000000 -100.00000000 -0.00000000
vn 80.76583400 -0.00000000 58.96507500
vn 80.76583400 -0.00000000 58.96507500
vn -0.00000000 -100.00000000 -0.00000000
vn 97.67472000 -0.00000000 21.43942800
vn -0.00000000 -100.00000000 -0.00000000
vn 98.03668200 0.00000000 -19.71823900
vn -0.00000000 -100.00000000 -0.00000000
vn 81.79040100 0.00000000 -57.53547000
vn 51.68813300 0.00000000 -85.60570600
vn -0.00000000 -100.00000000 -0.00000000
vn 51.68813300 0.00000000 -85.60570600
vn 52.58830000 0.00000000 -85.05569200
vn -0.00000000 -100.00000000 -0.00000000
vn 53.48261500 0.00000000 -84.49621200
vn -0.00000000 -100.00000000 -0.00000000
vn -0.00000000 -100.00000000 -0.00000000
vn 54.37097800 0.00000000 -83.92733000
vn 54.37097800 0.00000000 -83.92733000
vn 25.04716600 0.00000000 -96.81239300
vn -0.00000000 -100.00000000 -0.00000000
vn -6.84626300 0.00000000 -99.76536800
vn -0.00000000 -100.00000000 -0.00000000
vn -0.00000000 -100.00000000 -0.00000000
vn -38.03732600 0.00000000 -92.48330600
vn -65.32609900 0.00000000 -75.71328000
vn -0.00000000 -100.00000000 -0.00000000
vn -65.32609900 0.00000000 -75.71328000
vn -71.88990700 0.00000000 -69.51144700
vn -0.00000000 -100.00000000 -0.00000000
vn -0.00000000 -100.00000000 -0.00000000
vn -77.86747900 0.00000000 -62.74277400
vn -83.21007100 0.00000000 -55.46245600
vn -0.00000000 -100.00000000 -0.00000000
vn -87.87411600 0.00000000 -47.72986300
vn -0.00000000 -100.00000000 -0.00000000
vn -87.87411600 0.00000000 -47.72986300
vn -99.15320300 0.00000000 -12.98623900
vn -0.00000000 -100.00000000 -0.00000000
vn -97.20190900 -0.00000000 23.49018700
vn -0.00000000 -100.00000000 -0.00000000
vn -82.28060300 -0.00000000 56.83222900
vn -0.00000000 -100.00000000 -0.00000000
vn -36.58850700 -0.00000000 93.06600400
vn -36.58850700 -0.00000000 93.06600400
vn -0.00000000 -100.00000000 -0.00000000
vn -0.00000000 -100.00000000 -0.00000000
vn -34.06931500 -0.00000000 94.01745500
vn -0.00000000 -100.00000000 -0.00000000
vn -31.52541700 -0.00000000 94.90072700
vn -28.95865900 -0.00000000 95.71518200
vn -0.00000000 -100.00000000 -0.00000000
vn -28.95865900 -0.00000000 95.71518200
vn -0.00000000 -100.00000000 -0.00000000
vn 15.91918100 -0.00000000 98.72476700
vn 57.57644600 -0.00000000 81.76156100
vn -0.00000000 -100.00000000 -0.00000000
vn 87.58554600 -0.00000000 48.25735300
vn -0.00000000 -100.00000000 -0.00000000
vn -0.00000000 -100.00000000 -0.00000000
vn 99.87540700 -0.00000000 4.99030500
vn 99.87540700 -0.00000000 4.99030500
vn -0.00000000 -100.00000000 -0.00000000
vn 99.03551100 -0.00000000 13.85523900
vn 97.41033700 -0.00000000 22.61031200
vn -0.00000000 -100.00000000 -0.00000000
vn -0.00000000 -100.00000000 -0.00000000
vn 95.01277300 -0.00000000 31.18610100
vn -0.00000000 -100.00000000 -0.00000000
vn 91.86182900 -0.00000000 39.51460900
vn 91.86182900 -0.00000000 39.51460900
vn 99.99653200 0.00000000 -0.83277300
vn -0.00000000 -100.00000000 -0.00000000
vn 91.19097700 0.00000000 -41.03907600
vn -0.00000000 -100.00000000 -0.00000000
vn 66.93689800 0.00000000 -74.29301200
vn -0.00000000 -100.00000000 -0.00000000
vn 31.34314200 0.00000000 -94.96108400
vn 31.34314200 0.00000000 -94.96108400
vn -0.00000000 -100.00000000 -0.00000000
vn -0.00000000 -100.00000000 -0.00000000
vn 32.34313000 0.00000000 -94.62516600
vn -0.00000000 -100.00000000 -0.00000000
vn 33.33951800 0.00000000 -94.27871700
vn 34.33219700 0.00000000 -93.92177700
vn 34.33219700 0.00000000 -93.92177700
vn -0.00000000 -100.00000000 -0.00000000
vn 2.87639700 0.00000000 -99.95862300
vn -0.00000000 -100.00000000 -0.00000000
vn -28.87449600 0.00000000 -95.74060500
vn -0.00000000 -100.00000000 -0.00000000
vn -57.66312200 0.00000000 -81.70045500
vn -0.00000000 -100.00000000 -0.00000000
vn -80.53602700 0.00000000 -59.27856600
vn -0.00000000 -100.00000000 -0.00000000
vn -80.53602700 0.00000000 -59.27856600
vn -85.55522900 0.00000000 -51.77164100
vn -0.00000000 -100.00000000 -0.00000000
vn -0.00000000 -100.00000000 -0.00000000
vn -89.87676000 0.00000000 -43.84253700
vn -0.00000000 -100.00000000 -0.00000000
vn -93.46537800 0.00000000 -35.55591400
vn -96.29182200 0.00000000 -26.97934500
vn -96.29182200 0.00000000 -26.97934500
vn -0.00000000 -100.00000000 -0.00000000
vn -0.00000000 -100.00000000 -0.00000000
vn -99.55693500 -0.00000000 9.40301600
vn -0.00000000 -100.00000000 -0.00000000
vn -89.53779600 -0.00000000 44.53069800
vn -0.00000000 -100.00000000 -0.00000000
vn -67.57129600 -0.00000000 73.71648400
vn -0.00000000 -100.00000000 -0.00000000
vn -14.96202200 -0.00000000 98.87435400
vn -14.96202200 -0.00000000 98.87435400
vn -0.00000000 -100.00000000 -0.00000000
vn -12.29427400 -0.00000000 99.24137700
vn -0.00000000 -100.00000000 -0.00000000
vn -9.61761100 -0.00000000 99.53643300
vn -0.00000000 -100.00000000 -0.00000000
vn -6.93397300 -0.00000000 99.75931000
vn -6.93397300 -0.00000000 99.75931000
vn -0.00000000 -100.00000000 -0.00000000
vn 37.48838100 -0.00000000 92.70718000
vn 74.32654300 -0.00000000 66.89966400
vn -0.00000000 -100.00000000 -0.00000000
vn 96.12786500 -0.00000000 27.55782300
vn -0.00000000 -100.00000000 -0.00000000
vn 98.48176900 0.00000000 -17.35918100
vn 98.48176900 0.00000000 -17.35918100
vn -0.00000000 -100.00000000 -0.00000000
vn -0.00000000 -100.00000000 -0.00000000
vn 99.63556400 0.00000000 -8.52961500
vn 99.99932400 -0.00000000 0.36758500
vn -0.00000000 -100.00000000 -0.00000000
vn 99.57016500 -0.00000000 9.26187000
vn -0.00000000 -100.00000000 -0.00000000
vn 98.35148900 -0.00000000 18.08271500
vn 98.35148900 -0.00000000 18.08271500
vn -0.00000000 -100.00000000 -0.00000000
vn 97.30410100 0.00000000 -23.06321500
vn -0.00000000 -100.00000000 -0.00000000
vn 79.77257500 0.00000000 -60.30204200
vn -0.00000000 -100.00000000 -0.00000000
vn -0.00000000 -100.00000000 -0.00000000
vn 48.72690000 0.00000000 -87.32519300
vn 9.42647500 0.00000000 -99.55471600
vn -0.00000000 -100.00000000 -0.00000000
vn 9.42647500 0.00000000 -99.55471600
vn -0.00000000 -100.00000000 -0.00000000
vn 10.47614000 0.00000000 -99.44973900
vn -0.00000000 -100.00000000 -0.00000000
vn 11.52463900 0.00000000 -99.33369400
vn 12.57185500 0.00000000 -99.20659500
vn 12.57185500 0.00000000 -99.20659500
vn -0.00000000 -100.00000000 -0.00000000
vn -19.43860700 0.00000000 -98.09251000
vn -0.00000000 -100.00000000 -0.00000000
vn -0.00000000 -100.00000000 -0.00000000
vn -49.45484100 0.00000000 -86.91500900
vn -0.00000000 -100.00000000 -0.00000000
vn -74.39744900 0.00000000 -66.82080200
vn -0.00000000 -100.00000000 -0.00000000
vn -91.70754200 0.00000000 -39.87137700
vn -91.70754200 0.00000000 -39.87137700
vn -94.93045500 0.00000000 -31.43578800
vn -0.00000000 -100.00000000 -0.00000000
vn -97.37924400 0.00000000 -22.74385300
vn -0.00000000 -100.00000000 -0.00000000
vn -0.00000000 -100.00000000 -0.00000000
vn -99.03394200 0.00000000 -13.86645000
vn -0.00000000 -100.00000000 -0.00000000
vn -99.88105400 0.00000000 -4.87597100
vn -99.88105400 0.00000000 -4.87597100
vn -0.00000000 -100.00000000 -0.00000000
vn -94.96846700 -0.00000000 31.32076500
vn -0.00000000 -100.00000000 -0.00000000
vn -77.38388400 -0.00000000 63.33825500
vn -0.00000000 -100.00000000 -0.00000000
vn -49.47368200 -0.00000000 86.90428500
vn -0.00000000 -100.00000000 -0.00000000
vn 7.41472000 -0.00000000 99.72473100
vn 7.41472000 -0.00000000 99.72473100
vn -0.00000000 -100.00000000 -0.00000000
vn 10.09725300 -0.00000000 99.48892100
vn -0.00000000 -100.00000000 -0.00000000
vn 12.77246300 -0.00000000 99.18096700
vn -0.00000000 -100.00000000 -0.00000000
vn 15.43841100 -0.00000000 98.80109000
vn 15.43841100 -0.00000000 98.80109000
vn -0.00000000 -100.00000000 -0.00000000
vn 57.17775800 -0.00000000 82.04086800
vn 87.34959700 -0.00000000 48.68313800
vn -0.00000000 -100.00000000 -0.00000000
vn -0.00000000 -100.00000000 -0.00000000
vn 99.84993100 -0.00000000 5.47642800
vn -0.00000000 -100.00000000 -0.00000000
vn 92.14984400 0.00000000 -38.83820500
vn 92.14984400 0.00000000 -38.83820500
vn 95.23947500 0.00000000 -30.48675800
vn -0.00000000 -100.00000000 -0.00000000
vn -0.00000000 -100.00000000 -0.00000000
vn 97.57392800 0.00000000 -21.89357400
vn 99.13469300 0.00000000 -13.12679100
vn -0.00000000 -100.00000000 -0.00000000
vn 99.90939500 0.00000000 -4.25592200
vn -0.00000000 -100.00000000 -0.00000000
vn 99.90939500 0.00000000 -4.25592200
vn 89.73243600 0.00000000 -44.13717200
vn -0.00000000 -100.00000000 -0.00000000
vn 64.35404300 0.00000000 -76.54121200
vn -0.00000000 -100.00000000 -0.00000000
vn 28.07353100 0.00000000 -95.97852300
vn -0.00000000 -100.00000000 -0.00000000
vn -12.96287500 0.00000000 -99.15626000
vn -12.96287500 0.00000000 -99.15626000
vn -0.00000000 -100.00000000 -0.00000000
vn -0.00000000 -100.00000000 -0.00000000
vn -11.91616800 0.00000000 -99.28748600
vn -0.00000000 -100.00000000 -0.00000000
vn -10.86813400 0.00000000 -99.40766400
vn -9.81889200 0.00000000 -99.51677900
vn -9.81889200 0.00000000 -99.51677900
vn -0.00000000 -100.00000000 -0.00000000
vn -40.77887700 0.00000000 -91.30762900
vn -0.00000000 -100.00000000 -0.00000000
vn -67.55531400 0.00000000 -73.73113100
vn -0.00000000 -100.00000000 -0.00000000
vn -0.00000000 -100.00000000 -0.00000000
vn -87.40117700 0.00000000 -48.59047500
vn -0.00000000 -100.00000000 -0.00000000
vn -98.28045900 0.00000000 -18.46487000
vn -98.28045900 0.00000000 -18.46487000
vn -99.54547100 0.00000000 -9.52361400
vn -0.00000000 -100.00000000 -0.00000000
vn -0.00000000 -100.00000000 -0.00000000
vn -99.99872600 0.00000000 -0.50469700
vn -99.63652900 -0.00000000 8.51833600
vn -0.00000000 -100.00000000 -0.00000000
vn -98.46183300 -0.00000000 17.47190500
vn -98.46183300 -0.00000000 17.47190500
vn -0.00000000 -100.00000000 -0.00000000
vn -85.61788300 -0.00000000 51.66796000
vn -0.00000000 -100.00000000 -0.00000000
vn -61.34962100 -0.00000000 78.96976600
vn -0.00000000 -100.00000000 -0.00000000
vn -28.89525100 -0.00000000 95.73434300
vn -0.00000000 -100.00000000 -0.00000000
vn 29.41965800 -0.00000000 95.57449300
vn -0.00000000 -100.00000000 -0.00000000
vn 29.41965800 -0.00000000 95.57449300
vn 31.98246100 -0.00000000 94.74767600
vn -0.00000000 -100.00000000 -0.00000000
vn -0.00000000 -100.00000000 -0.00000000
vn 34.52207200 -0.00000000 93.85215300
vn 37.03664900 -0.00000000 92.88857100
vn 37.03664900 -0.00000000 92.88857100
vn -0.00000000 -100.00000000 -0.00000000
vn -0.00000000 -100.00000000 -0.00000000
vn 74.00000200 -0.00000000 67.26068400
vn 95.99257800 -0.00000000 28.02543600
vn -0.00000000 -100.00000000 -0.00000000
vn 98.56510500 0.00000000 -16.87957700
vn -0.00000000 -100.00000000 -0.00000000
vn 81.19714200 0.00000000 -58.36972000
vn -0.00000000 -100.00000000 -0.00000000
vn 81.19714200 0.00000000 -58.36972000
vn 86.06768000 0.00000000 -50.91516900
vn -0.00000000 -100.00000000 -0.00000000
vn 90.25576700 0.00000000 -43.05689800
vn -0.00000000 -100.00000000 -0.00000000
vn -0.00000000 -100.00000000 -0.00000000
vn 93.72819400 0.00000000 -34.85721900
vn 96.45742600 0.00000000 -26.38114900
vn -0.00000000 -100.00000000 -0.00000000
vn 96.45742600 0.00000000 -26.38114900
vn -0.00000000 -100.00000000 -0.00000000
vn 77.66121200 0.00000000 -62.99790600
vn -0.00000000 -100.00000000 -0.00000000
vn 45.70853100 0.00000000 -88.94228600
vn -0.00000000 -100.00000000 -0.00000000
vn 6.01243900 0.00000000 -99.81908900
vn -34.70221200 0.00000000 -93.78569400
vn -34.70221200 0.00000000 -93.78569400
vn -0.00000000 -100.00000000 -0.00000000
vn -0.00000000 -100.00000000 -0.00000000
vn -33.71094900 0.00000000 -94.14654500
vn -0.00000000 -100.00000000 -0.00000000
vn -32.71593400 0.00000000 -94.49691900
vn -31.71727800 0.00000000 -94.83677700
vn -0.00000000 -100.00000000 -0.00000000
vn -31.71727800 0.00000000 -94.83677700
vn -60.07432500 0.00000000 -79.94420300
vn -0.00000000 -100.00000000 -0.00000000
vn -82.26828100 0.00000000 -56.85006600
vn -0.00000000 -100.00000000 -0.00000000
vn -0.00000000 -100.00000000 -0.00000000
vn -96.02224500 0.00000000 -27.92361900
vn -99.92518300 -0.00000000 3.86754200
vn -0.00000000 -100.00000000 -0.00000000
vn -99.92518300 -0.00000000 3.86754200
vn -99.16886200 -0.00000000 12.86611400
vn -0.00000000 -100.00000000 -0.00000000
vn -0.00000000 -100.00000000 -0.00000000
vn -97.60385500 -0.00000000 21.75976700
vn -0.00000000 -100.00000000 -0.00000000
vn -95.24292500 -0.00000000 30.47597700
vn -92.10532400 -0.00000000 38.94366700
vn -0.00000000 -100.00000000 -0.00000000
vn -92.10532400 -0.00000000 38.94366700
vn -71.97406100 -0.00000000 69.42430800
vn -0.00000000 -100.00000000 -0.00000000
vn -42.23903200 -0.00000000 90.64140400
vn -0.00000000 -100.00000000 -0.00000000
vn -6.86789100 -0.00000000 99.76388200
vn -0.00000000 -100.00000000 -0.00000000
vn 49.94937100 -0.00000000 86.63175100
vn -0.00000000 -100.00000000 -0.00000000
vn 49.94937100 -0.00000000 86.63175100
vn -0.00000000 -100.00000000 -0.00000000
vn 52.26393600 -0.00000000 85.25538700
vn -0.00000000 -100.00000000 -0.00000000
vn 54.54060000 -0.00000000 83.81719900
vn 56.77771500 -0.00000000 82.31823100
vn 56.77771500 -0.00000000 82.31823100
vn -0.00000000 -100.00000000 -0.00000000
vn -0.00000000 -100.00000000 -0.00000000
vn 87.11157800 -0.00000000 49.10776900
vn -0.00000000 -100.00000000 -0.00000000
vn 99.82208900 -0.00000000 5.96242100
vn 92.33781200 0.00000000 -38.38917000
vn -0.00000000 -100.00000000 -0.00000000
vn 66.17287500 0.00000000 -74.97433300
vn -0.00000000 -100.00000000 -0.00000000
vn 66.17287500 0.00000000 -74.97433300
vn 72.58009300 0.00000000 -68.79048000
vn -0.00000000 -100.00000000 -0.00000000
vn 78.41180500 0.00000000 -62.06117000
vn -0.00000000 -100.00000000 -0.00000000
vn -0.00000000 -100.00000000 -0.00000000
vn 83.62177100 0.00000000 -54.83976100
vn 88.16867900 0.00000000 -47.18351500
vn 88.16867900 0.00000000 -47.18351500
vn -0.00000000 -100.00000000 -0.00000000
vn -0.00000000 -100.00000000 -0.00000000
vn 61.69573000 0.00000000 -78.69966300
vn 24.77100200 0.00000000 -96.88342200
vn -0.00000000 -100.00000000 -0.00000000
vn -16.35014300 0.00000000 -98.65431000
vn -0.00000000 -100.00000000 -0.00000000
vn -54.70143500 0.00000000 -83.71232300
vn -0.00000000 -100.00000000 -0.00000000
vn -54.70143500 0.00000000 -83.71232300
vn -0.00000000 -100.00000000 -0.00000000
vn -53.81532200 0.00000000 -84.28470300
vn -52.92322000 0.00000000 -84.84770400
vn -0.00000000 -100.00000000 -0.00000000
vn -52.02522800 0.00000000 -85.40126300
vn -52.02522800 0.00000000 -85.40126300
vn -0.00000000 -100.00000000 -0.00000000
vn -76.35739400 0.00000000 -64.57204000
vn -0.00000000 -100.00000000 -0.00000000
vn -0.00000000 -100.00000000 -0.00000000
vn -92.85597300 0.00000000 -37.11830100
vn -99.82835600 0.00000000 -5.85655600
vn -0.00000000 -100.00000000 -0.00000000
vn -0.00000000 -100.00000000 -0.00000000
vn -96.55924100 -0.00000000 26.00602000
vn -96.55924100 -0.00000000 26.00602000
vn -93.81951200 -0.00000000 34.61068100
vn -0.00000000 -100.00000000 -0.00000000
vn -0.00000000 -100.00000000 -0.00000000
vn -90.31471900 -0.00000000 42.93310500
vn -86.07344300 -0.00000000 50.90542600
vn -0.00000000 -100.00000000 -0.00000000
vn -0.00000000 -100.00000000 -0.00000000
vn -81.13027000 -0.00000000 58.46263100
vn -81.13027000 -0.00000000 58.46263100
vn -0.00000000 -100.00000000 -0.00000000
vn -54.72116000 -0.00000000 83.69943100
vn -0.00000000 -100.00000000 -0.00000000
vn -21.01040100 -0.00000000 97.76790400
vn -0.00000000 -100.00000000 -0.00000000
vn 15.50385400 -0.00000000 98.79084200
vn -0.00000000 -100.00000000 -0.00000000
vn 67.97441400 -0.00000000 73.34493200
vn 67.97441400 -0.00000000 73.34493200
vn 69.92467800 -0.00000000 71.48803700
vn -0.00000000 -100.00000000 -0.00000000
vn 71.82423500 -0.00000000 69.57930200
vn -0.00000000 -100.00000000 -0.00000000
vn 73.67170800 -0.00000000 67.62011100
vn -0.00000000 -100.00000000 -0.00000000
vn 73.67170800 -0.00000000 67.62011100
vn -0.00000000 -100.00000000 -0.00000000
vn 95.85501600 -0.00000000 28.49238500
vn -0.00000000 -100.00000000 -0.00000000
vn 98.64610500 0.00000000 -16.39957300
vn -0.00000000 -100.00000000 -0.00000000
vn 81.48031700 0.00000000 -57.97377000
vn 47.83042400 0.00000000 -87.81942000
vn 47.83042400 0.00000000 -87.81942000
vn -0.00000000 -100.00000000 -0.00000000
vn 55.45303700 0.00000000 -83.21634900
vn -0.00000000 -100.00000000 -0.00000000
vn -0.00000000 -100.00000000 -0.00000000
vn 62.63594800 0.00000000 -77.95343500
vn 69.32220400 0.00000000 -72.07240800
vn -0.00000000 -100.00000000 -0.00000000
vn 75.45878600 0.00000000 -65.61990200
vn 75.45878600 0.00000000 -65.61990200
vn -0.00000000 -100.00000000 -0.00000000
vn 42.63656700 0.00000000 -90.45508900
vn -0.00000000 -100.00000000 -0.00000000
vn 2.59135200 0.00000000 -99.96641900
vn -0.00000000 -100.00000000 -0.00000000
vn -37.89286000 0.00000000 -92.54259100
vn -0.00000000 -100.00000000 -0.00000000
vn -71.95770000 0.00000000 -69.44126600
vn -71.95770000 0.00000000 -69.44126600
vn -0.00000000 -100.00000000 -0.00000000
vn -71.22117000 0.00000000 -70.19647400
vn -0.00000000 -100.00000000 -0.00000000
vn -70.47671400 0.00000000 -70.94387000
vn -0.00000000 -100.00000000 -0.00000000
vn -0.00000000 -100.00000000 -0.00000000
vn -69.72441600 0.00000000 -71.68337200
vn -69.72441600 0.00000000 -71.68337200
vn -88.81158600 0.00000000 -45.96196500
vn -0.00000000 -100.00000000 -0.00000000
vn -98.78747900 0.00000000 -15.52527000
vn -0.00000000 -100.00000000 -0.00000000
vn -98.62865700 -0.00000000 16.50417900
vn -0.00000000 -100.00000000 -0.00000000
vn -0.00000000 -100.00000000 -0.00000000
vn -88.35141500 -0.00000000 46.84044700
vn -88.35141500 -0.00000000 46.84044700
vn -0.00000000 -100.00000000 -0.00000000
vn -83.76565900 -0.00000000 54.61972400
vn -78.49682600 -0.00000000 61.95359800
vn -0.00000000 -100.00000000 -0.00000000
vn -0.00000000 -100.00000000 -0.00000000
vn -72.58788000 -0.00000000 68.78226300
vn -0.00000000 -100.00000000 -0.00000000
vn -66.08700600 -0.00000000 75.05003400
vn -66.08700600 -0.00000000 75.05003400
vn -0.00000000 -100.00000000 -0.00000000
vn -34.72431000 -0.00000000 93.77751500
vn -0.00000000 -100.00000000 -0.00000000
vn 1.27177900 -0.00000000 99.99191300
vn 37.09817000 -0.00000000 92.86401800
vn -0.00000000 -100.00000000 -0.00000000
vn -0.00000000 -100.00000000 -0.00000000
vn 82.59093700 -0.00000000 56.38029100
vn 82.59093700 -0.00000000 56.38029100
vn 84.07910500 -0.00000000 54.13597800
vn -0.00000000 -100.00000000 -0.00000000
vn 85.50630300 -0.00000000 51.85240800
vn -0.00000000 -100.00000000 -0.00000000
vn 86.87149500 -0.00000000 49.53123600
vn 86.87149500 -0.00000000 49.53123600
vn -0.00000000 -100.00000000 -0.00000000
vn 99.79188200 -0.00000000 6.44827400
vn -0.00000000 -100.00000000 -0.00000000
vn 92.52359300 0.00000000 -37.93922500
vn -0.00000000 -100.00000000 -0.00000000
vn 66.53705800 0.00000000 -74.65132300
vn -0.00000000 -100.00000000 -0.00000000
vn 27.08955600 0.00000000 -96.26087400
vn 27.08955600 0.00000000 -96.26087400
vn -0.00000000 -100.00000000 -0.00000000
vn 35.54533400 0.00000000 -93.46940300
vn -0.00000000 -100.00000000 -0.00000000
vn -0.00000000 -100.00000000 -0.00000000
vn 43.71926300 0.00000000 -89.93678900
vn 51.54653200 0.00000000 -85.69104400
vn -0.00000000 -100.00000000 -0.00000000
vn 58.96507500 0.00000000 -80.76583400
vn -0.00000000 -100.00000000 -0.00000000
vn 58.96507500 0.00000000 -80.76583400
vn -0.00000000 -100.00000000 -0.00000000
vn 21.43942800 0.00000000 -97.67472000
vn -0.00000000 -100.00000000 -0.00000000
vn -19.71823900 0.00000000 -98.03668200
vn -0.00000000 -100.00000000 -0.00000000
vn -57.53547000 0.00000000 -81.79040100
vn -0.00000000 -100.00000000 -0.00000000
vn -85.60570600 0.00000000 -51.68813300
vn -85.60570600 0.00000000 -51.68813300
vn -0.00000000 -100.00000000 -0.00000000
vn -85.05569200 0.00000000 -52.58830000
vn -84.49621200 0.00000000 -53.48261500
vn -0.00000000 -100.00000000 -0.00000000
vn -83.92733000 0.00000000 -54.37097800
vn -0.00000000 -100.00000000 -0.00000000
vn -83.92733000 0.00000000 -54.37097800
vn -0.00000000 -100.00000000 -0.00000000
vn -96.81239300 0.00000000 -25.04716600
vn -0.00000000 -100.00000000 -0.00000000
vn -99.76536800 -0.00000000 6.84626300
vn -92.48330600 -0.00000000 38.03732600
vn -0.00000000 -100.00000000 -0.00000000
vn -75.71328000 -0.00000000 65.32609900
vn -75.71328000 -0.00000000 65.32609900
vn -0.00000000 -100.00000000 -0.00000000
vn -69.51144700 -0.00000000 71.88990700
vn -0.00000000 -100.00000000 -0.00000000
vn -0.00000000 -100.00000000 -0.00000000
vn -62.74277400 -0.00000000 77.86747900
vn -0.00000000 -100.00000000 -0.00000000
vn -55.46245600 -0.00000000 83.21007100
vn -47.72986300 -0.00000000 87.87411600
vn -47.72986300 -0.00000000 87.87411600
vn -0.00000000 -100.00000000 -0.00000000
vn -0.00000000 -100.00000000 -0.00000000
vn -12.98623900 -0.00000000 99.15320300
vn -0.00000000 -100.00000000 -0.00000000
vn 23.49018700 -0.00000000 97.20190900
vn 56.83222900 -0.00000000 82.28060300
vn -0.00000000 -100.00000000 -0.00000000
vn 93.06600400 -0.00000000 36.58850700
vn 93.06600400 -0.00000000 36.58850700
vn -0.00000000 -100.00000000 -0.00000000
vn -0.00000000 -100.00000000 -0.00000000
vn 94.01745500 -0.00000000 34.06931500
vn 94.90072700 -0.00000000 31.52541700
vn -0.00000000 -100.00000000 -0.00000000
vn -0.00000000 -100.00000000 -0.00000000
vn 95.71518200 -0.00000000 28.95865900
vn 95.71518200 -0.00000000 28.95865900
vn 98.72476700 0.00000000 -15.91918100
vn -0.00000000 -100.00000000 -0.00000000
vn -0.00000000 -100.00000000 -0.00000000
vn 81.76156100 0.00000000 -57.57644600
vn -0.00000000 -100.00000000 -0.00000000
vn 48.25735300 0.00000000 -87.58554600
vn 4.99030500 0.00000000 -99.87540700
vn -0.00000000 -100.00000000 -0.00000000
vn 4.99030500 0.00000000 -99.87540700
vn -0.00000000 -100.00000000 -0.00000000
vn 13.85523900 0.00000000 -99.03551100
vn 22.61031200 0.00000000 -97.41033700
vn -0.00000000 -100.00000000 -0.00000000
vn 31.18610100 0.00000000 -95.01277300
vn -0.00000000 -100.00000000 -0.00000000
vn 39.51460900 0.00000000 -91.86182900
vn 39.51460900 0.00000000 -91.86182900
vn -0.00000000 -100.00000000 -0.00000000
vn -0.83277300 0.00000000 -99.99653200
vn -0.00000000 -100.00000000 -0.00000000
vn -41.03907600 0.00000000 -91.19097700
vn -0.00000000 -100.00000000 -0.00000000
vn -0.00000000 -100.00000000 -0.00000000
vn -74.29301200 0.00000000 -66.93689800
vn -0.00000000 -100.00000000 -0.00000000
vn -94.96108400 0.00000000 -31.34314200
vn -94.96108400 0.00000000 -31.34314200
vn -0.00000000 -100.00000000 -0.00000000
vn -94.62516600 0.00000000 -32.34313000
vn -0.00000000 -100.00000000 -0.00000000
vn -94.27871700 0.00000000 -33.33951800
vn -0.00000000 -100.00000000 -0.00000000
vn -93.92177700 0.00000000 -34.33219700
vn -93.92177700 0.00000000 -34.33219700
vn -99.95862300 0.00000000 -2.87639700
vn -0.00000000 -100.00000000 -0.00000000
vn -95.74060500 -0.00000000 28.87449600
vn -0.00000000 -100.00000000 -0.00000000
vn -81.70045500 -0.00000000 57.66312200
vn -0.00000000 -100.00000000 -0.00000000
vn -59.27856600 -0.00000000 80.53602700
vn -0.00000000 -100.00000000 -0.00000000
vn -59.27856600 -0.00000000 80.53602700
vn -0.00000000 -100.00000000 -0.00000000
vn -51.77164100 -0.00000000 85.55522900
vn -43.84253700 -0.00000000 89.87676000
vn -0.00000000 -100.00000000 -0.00000000
vn -0.00000000 -100.00000000 -0.00000000
vn -35.55591400 -0.00000000 93.46537800
vn -26.97934500 -0.00000000 96.29182200
vn -26.97934500 -0.00000000 96.29182200
vn -0.00000000 -100.00000000 -0.00000000
vn 9.40301600 -0.00000000 99.55693500
vn -0.00000000 -100.00000000 -0.00000000
vn 44.53069800 -0.00000000 89.53779600
vn -0.00000000 -100.00000000 -0.00000000
vn 73.71648400 -0.00000000 67.57129600
vn -0.00000000 -100.00000000 -0.00000000
vn 98.87435400 -0.00000000 14.96202200
vn 98.87435400 -0.00000000 14.96202200
vn -0.00000000 -100.00000000 -0.00000000
vn 99.24137700 -0.00000000 12.29427400
vn -0.00000000 -100.00000000 -0.00000000
vn 99.53643300 -0.00000000 9.61761100
vn -0.00000000 -100.00000000 -0.00000000
vn 99.75931000 -0.00000000 6.93397300
vn -0.00000000 -100.00000000 -0.00000000
vn 99.75931000 -0.00000000 6.93397300
vn -0.00000000 -100.00000000 -0.00000000
vn 92.70718000 0.00000000 -37.48838100
vn 66.89966400 0.00000000 -74.32654300
vn -0.00000000 -100.00000000 -0.00000000
vn -0.00000000 -100.00000000 -0.00000000
vn 27.55782300 0.00000000 -96.12786500
vn -17.35918100 0.00000000 -98.48176900
vn -0.00000000 -100.00000000 -0.00000000
vn -17.35918100 0.00000000 -98.48176900
vn -0.00000000 -100.00000000 -0.00000000
vn -8.52961500 0.00000000 -99.63556400
vn -0.00000000 -100.00000000 -0.00000000
vn 0.36758500 0.00000000 -99.99932400
vn 9.26187000 0.00000000 -99.57016500
vn -0.00000000 -100.00000000 -0.00000000
vn -0.00000000 -100.00000000 -0.00000000
vn 18.08271500 0.00000000 -98.35148900
vn 18.08271500 0.00000000 -98.35148900
vn -23.06321500 0.00000000 -97.30410100
vn -0.00000000 -100.00000000 -0.00000000
vn -60.30204200 0.00000000 -79.77257500
vn -0.00000000 -100.00000000 -0.00000000
vn -0.00000000 -100.00000000 -0.00000000
vn -87.32519300 0.00000000 -48.72690000
vn -99.55471600 0.00000000 -9.42647500
vn -99.55471600 0.00000000 -9.42647500
vn -0.00000000 -100.00000000 -0.00000000
vn -99.44973900 0.00000000 -10.47614000
vn -0.00000000 -100.00000000 -0.00000000
vn -99.33369400 0.00000000 -11.52463900
vn -0.00000000 -100.00000000 -0.00000000
vn -99.20659500 0.00000000 -12.57185500
vn -0.00000000 -100.00000000 -0.00000000
vn -99.20659500 0.00000000 -12.57185500
vn -98.09251000 -0.00000000 19.43860700
vn -0.00000000 -100.00000000 -0.00000000
vn -86.91500900 -0.00000000 49.45484100
vn -0.00000000 -100.00000000 -0.00000000
vn -66.82080200 -0.00000000 74.39744900
vn -0.00000000 -100.00000000 -0.00000000
vn -0.00000000 -100.00000000 -0.00000000
vn -39.87137700 -0.00000000 91.70754200
vn -39.87137700 -0.00000000 91.70754200
vn -31.43578800 -0.00000000 94.93045500
vn -0.00000000 -100.00000000 -0.00000000
vn -22.74385300 -0.00000000 97.37924400
vn -0.00000000 -100.00000000 -0.00000000
vn -0.00000000 -100.00000000 -0.00000000
vn -13.86645000 -0.00000000 99.03394200
vn -4.87597100 -0.00000000 99.88105400
vn -4.87597100 -0.00000000 99.88105400
vn -0.00000000 -100.00000000 -0.00000000
vn 31.32076500 -0.00000000 94.96846700
vn -0.00000000 -100.00000000 -0.00000000
vn -0.00000000 -100.00000000 -0.00000000
vn 63.33825500 -0.00000000 77.38388400
vn 86.90428500 -0.00000000 49.47368200
vn -0.00000000 -100.00000000 -0.00000000
vn 99.72473100 0.00000000 -7.41472000
vn 99.72473100 0.00000000 -7.41472000
vn -0.00000000 -100.00000000 -0.00000000
vn -0.00000000 -100.00000000 -0.00000000
vn 99.48892100 0.00000000 -10.09725300
vn 99.18096700 0.00000000 -12.77246300
vn -0.00000000 -100.00000000 -0.00000000
vn -0.00000000 -100.00000000 -0.00000000
vn 98.80109000 0.00000000 -15.43841100
vn 98.80109000 0.00000000 -15.43841100
vn 82.04086800 0.00000000 -57.17775800
vn -0.00000000 -100.00000000 -0.00000000
vn 48.68313800 0.00000000 -87.34959700
vn -0.00000000 -100.00000000 -0.00000000
vn -0.00000000 -100.00000000 -0.00000000
vn 5.47642800 0.00000000 -99.84993100
vn -0.00000000 -100.00000000 -0.00000000
vn -38.83820500 0.00000000 -92.14984400
vn -38.83820500 0.00000000 -92.14984400
vn -0.00000000 -100.00000000 -0.00000000
vn -30.48675800 0.00000000 -95.23947500
vn -21.89357400 0.00000000 -97.57392800
vn -0.00000000 -100.00000000 -0.00000000
vn -0.00000000 -100.00000000 -0.00000000
vn -13.12679100 0.00000000 -99.13469300
vn -4.25592200 0.00000000 -99.90939500
vn -0.00000000 -100.00000000 -0.00000000
vn -4.25592200 0.00000000 -99.90939500
vn -0.00000000 -100.00000000 -0.00000000
vn -44.13717200 0.00000000 -89.73243600
vn -76.54121200 0.00000000 -64.35404300
vn -0.00000000 -100.00000000 -0.00000000
vn -95.97852300 0.00000000 -28.07353100
vn -0.00000000 -100.00000000 -0.00000000
vn -99.15626000 -0.00000000 12.96287500
vn -99.15626000 -0.00000000 12.96287500
vn -0.00000000 -100.00000000 -0.00000000
vn -0.00000000 -100.00000000 -0.00000000
vn -99.28748600 -0.00000000 11.91616800
vn -0.00000000 -100.00000000 -0.00000000
vn -99.40766400 -0.00000000 10.86813400
vn -99.51677900 -0.00000000 9.81889200
vn -0.00000000 -100.00000000 -0.00000000
vn -99.51677900 -0.00000000 9.81889200
vn -0.00000000 -100.00000000 -0.00000000
vn -91.30762900 -0.00000000 40.77887700
vn -0.00000000 -100.00000000 -0.00000000
vn -73.73113100 -0.00000000 67.55531400
vn -0.00000000 -100.00000000 -0.00000000
vn -48.59047500 -0.00000000 87.40117700
vn -18.46487000 -0.00000000 98.28045900
vn -0.00000000 -100.00000000 -0.00000000
vn -18.46487000 -0.00000000 98.28045900
vn -9.52361400 -0.00000000 99.54547100
vn -0.00000000 -100.00000000 -0.00000000
vn -0.00000000 -100.00000000 -0.00000000
vn -0.50469700 -0.00000000 99.99872600
vn -0.00000000 -100.00000000 -0.00000000
vn 8.51833600 -0.00000000 99.63652900
vn 17.47190500 -0.00000000 98.46183300
vn -0.00000000 -100.00000000 -0.00000000
vn 17.47190500 -0.00000000 98.46183300
vn -0.00000000 -100.00000000 -0.00000000
vn 51.66796000 -0.00000000 85.61788300
vn -0.00000000 -100.00000000 -0.00000000
vn 78.96976600 -0.00000000 61.34962100
vn 95.73434300 -0.00000000 28.89525100
vn -0.00000000 -100.00000000 -0.00000000
vn 95.57449300 0.00000000 -29.41965800
vn 95.57449300 0.00000000 -29.41965800
vn -0.00000000 -100.00000000 -0.00000000
vn 94.74767600 0.00000000 -31.98246100
vn -0.00000000 -100.00000000 -0.00000000
vn -0.00000000 -100.00000000 -0.00000000
vn 93.85215300 0.00000000 -34.52207200
vn -0.00000000 -100.00000000 -0.00000000
vn 92.88857100 0.00000000 -37.03664900
vn 92.88857100 0.00000000 -37.03664900
vn 67.26068400 0.00000000 -74.00000200
vn -0.00000000 -100.00000000 -0.00000000
vn 28.02543600 0.00000000 -95.99257800
vn -0.00000000 -100.00000000 -0.00000000
vn -0.00000000 -100.00000000 -0.00000000
vn -16.87957700 0.00000000 -98.56510500
vn -0.00000000 -100.00000000 -0.00000000
vn -58.36972000 0.00000000 -81.19714200
vn -58.36972000 0.00000000 -81.19714200
vn -0.00000000 -100.00000000 -0.00000000
vn -50.91516900 0.00000000 -86.06768000
vn -43.05689800 0.00000000 -90.25576700
vn -0.00000000 -100.00000000 -0.00000000
vn -0.00000000 -100.00000000 -0.00000000
vn -34.85721900 0.00000000 -93.72819400
vn -0.00000000 -100.00000000 -0.00000000
vn -26.38114900 0.00000000 -96.45742600
vn -26.38114900 0.00000000 -96.45742600
vn -62.99790600 0.00000000 -77.66121200
vn -0.00000000 -100.00000000 -0.00000000
vn -88.94228600 0.00000000 -45.70853100
vn -0.00000000 -100.00000000 -0.00000000
vn -99.81908900 0.00000000 -6.01243900
vn -0.00000000 -100.00000000 -0.00000000
vn -0.00000000 -100.00000000 -0.00000000
vn -93.78569400 -0.00000000 34.70221200
vn -93.78569400 -0.00000000 34.70221200
vn -94.14654500 -0.00000000 33.71094900
vn -0.00000000 -100.00000000 -0.00000000
vn -0.00000000 -100.00000000 -0.00000000
vn -94.49691900 -0.00000000 32.71593400
vn -94.83677700 -0.00000000 31.71727800
vn -94.83677700 -0.00000000 31.71727800
vn -0.00000000 -100.00000000 -0.00000000
vn -79.94420300 -0.00000000 60.07432500
vn -0.00000000 -100.00000000 -0.00000000
vn -56.85006600 -0.00000000 82.26828100
vn -0.00000000 -100.00000000 -0.00000000
vn -27.92361900 -0.00000000 96.02224500
vn -0.00000000 -100.00000000 -0.00000000
vn 3.86754200 -0.00000000 99.92518300
vn 3.86754200 -0.00000000 99.92518300
vn -0.00000000 -100.00000000 -0.00000000
vn -0.00000000 -100.00000000 -0.00000000
vn 12.86611400 -0.00000000 99.16886200
vn 21.75976700 -0.00000000 97.60385500
vn -0.00000000 -100.00000000 -0.00000000
vn 30.47597700 -0.00000000 95.24292500
vn -0.00000000 -100.00000000 -0.00000000
vn 38.94366700 -0.00000000 92.10532400
vn -0.00000000 -100.00000000 -0.00000000
vn 38.94366700 -0.00000000 92.10532400
vn -0.00000000 -100.00000000 -0.00000000
vn 69.42430800 -0.00000000 71.97406100
vn 90.64140400 -0.00000000 42.23903200
vn -0.00000000 -100.00000000 -0.00000000
vn -0.00000000 -100.00000000 -0.00000000
vn 99.76388200 -0.00000000 6.86789100
vn 86.63175100 0.00000000 -49.94937100
vn -0.00000000 -100.00000000 -0.00000000
vn 86.63175100 0.00000000 -49.94937100
vn -0.00000000 -100.00000000 -0.00000000
vn 85.25538700 0.00000000 -52.26393600
vn 83.81719900 0.00000000 -54.54060000
vn -0.00000000 -100.00000000 -0.00000000
vn 82.31823100 0.00000000 -56.77771500
vn -0.00000000 -100.00000000 -0.00000000
vn 82.31823100 0.00000000 -56.77771500
vn 49.10776900 0.00000000 -87.11157800
vn -0.00000000 -100.00000000 -0.00000000
vn -0.00000000 -100.00000000 -0.00000000
vn 5.96242100 0.00000000 -99.82208900
vn -38.38917000 0.00000000 -92.33781200
vn -0.00000000 -100.00000000 -0.00000000
vn -74.97433300 0.00000000 -66.17287500
vn -74.97433300 0.00000000 -66.17287500
vn -0.00000000 -100.00000000 -0.00000000
vn -68.79048000 0.00000000 -72.58009300
vn -0.00000000 -100.00000000 -0.00000000
vn -62.06117000 0.00000000 -78.41180500
vn -0.00000000 -100.00000000 -0.00000000
vn -54.83976100 0.00000000 -83.62177100
vn -0.00000000 -100.00000000 -0.00000000
vn -47.18351500 0.00000000 -88.16867900
vn -47.18351500 0.00000000 -88.16867900
vn -0.00000000 -100.00000000 -0.00000000
vn -78.69966300 0.00000000 -61.69573000
vn -0.00000000 -100.00000000 -0.00000000
vn -0.00000000 -100.00000000 -0.00000000
vn -96.88342200 0.00000000 -24.77100200
vn -0.00000000 -100.00000000 -0.00000000
vn -98.65431000 -0.00000000 16.35014300
vn -83.71232300 -0.00000000 54.70143500
vn -0.00000000 -100.00000000 -0.00000000
vn -83.71232300 -0.00000000 54.70143500
vn -84.28470300 -0.00000000 53.81532200
vn -0.00000000 -100.00000000 -0.00000000
vn -84.84770400 -0.00000000 52.92322000
vn -0.00000000 -100.00000000 -0.00000000
vn -85.40126300 -0.00000000 52.02522800
vn -0.00000000 -100.00000000 -0.00000000
vn -85.40126300 -0.00000000 52.02522800
vn -64.57204000 -0.00000000 76.35739400
vn -0.00000000 -100.00000000 -0.00000000
vn -37.11830100 -0.00000000 92.85597300
vn -0.00000000 -100.00000000 -0.00000000
vn -0.00000000 -100.00000000 -0.00000000
vn -5.85655600 -0.00000000 99.82835600
vn 26.00602000 -0.00000000 96.55924100
vn 26.00602000 -0.00000000 96.55924100
vn -0.00000000 -100.00000000 -0.00000000
vn -0.00000000 -100.00000000 -0.00000000
vn 34.61068100 -0.00000000 93.81951200
vn -0.00000000 -100.00000000 -0.00000000
vn 42.93310500 -0.00000000 90.31471900
vn -0.00000000 -100.00000000 -0.00000000
vn 50.90542600 -0.00000000 86.07344300
vn -0.00000000 -100.00000000 -0.00000000
vn 58.46263100 -0.00000000 81.13027000
vn 58.46263100 -0.00000000 81.13027000
vn 83.69943100 -0.00000000 54.72116000
vn -0.00000000 -100.00000000 -0.00000000
vn 97.76790400 -0.00000000 21.01040100
vn -0.00000000 -100.00000000 -0.00000000
vn -0.00000000 -100.00000000 -0.00000000
vn 98.79084200 0.00000000 -15.50385400
vn -0.00000000 -100.00000000 -0.00000000
vn 73.34493200 0.00000000 -67.97441400
vn 73.34493200 0.00000000 -67.97441400
vn -0.00000000 -100.00000000 -0.00000000
vn 71.48803700 0.00000000 -69.92467800
vn 69.57930200 0.00000000 -71.82423500
vn -0.00000000 -100.00000000 -0.00000000
vn 67.62011100 0.00000000 -73.67170800
vn 67.62011100 0.00000000 -73.67170800
vn -0.00000000 -100.00000000 -0.00000000
vn 28.49238500 0.00000000 -95.85501600
vn -0.00000000 -100.00000000 -0.00000000
vn -16.39957300 0.00000000 -98.64610500
vn -0.00000000 -100.00000000 -0.00000000
vn -57.97377000 0.00000000 -81.48031700
vn -0.00000000 -100.00000000 -0.00000000
vn -87.81942000 0.00000000 -47.83042400
vn -87.81942000 0.00000000 -47.83042400
vn -0.00000000 -100.00000000 -0.00000000
vn -83.21634900 0.00000000 -55.45303700
vn -0.00000000 -100.00000000 -0.00000000
vn -0.00000000 -100.00000000 -0.00000000
vn -77.95343500 0.00000000 -62.63594800
vn -0.00000000 -100.00000000 -0.00000000
vn -72.07240800 0.00000000 -69.32220400
vn -65.61990200 0.00000000 -75.45878600
vn -65.61990200 0.00000000 -75.45878600
vn -0.00000000 -100.00000000 -0.00000000
vn -90.45508900 0.00000000 -42.63656700
vn -0.00000000 -100.00000000 -0.00000000
vn -0.00000000 -100.00000000 -0.00000000
vn -99.96641900 0.00000000 -2.59135200
vn -92.54259100 -0.00000000 37.89286000
vn -0.00000000 -100.00000000 -0.00000000
vn -0.00000000 -100.00000000 -0.00000000
vn -69.44126600 -0.00000000 71.95770000
vn -69.44126600 -0.00000000 71.95770000
vn -0.00000000 -100.00000000 -0.00000000
vn -70.19647400 -0.00000000 71.22117000
vn -0.00000000 -100.00000000 -0.00000000
vn -70.94387000 -0.00000000 70.47671400
vn -71.68337200 -0.00000000 69.72441600
vn -0.00000000 -100.00000000 -0.00000000
vn -71.68337200 -0.00000000 69.72441600
vn -0.00000000 -100.00000000 -0.00000000
vn -45.96196500 -0.00000000 88.81158600
vn -15.52527000 -0.00000000 98.78747900
vn -0.00000000 -100.00000000 -0.00000000
vn 16.50417900 -0.00000000 98.62865700
vn -0.00000000 -100.00000000 -0.00000000
vn 46.84044700 -0.00000000 88.35141500
vn 46.84044700 -0.00000000 88.35141500
vn -0.00000000 -100.00000000 -0.00000000
vn 54.61972400 -0.00000000 83.76565900
vn -0.00000000 -100.00000000 -0.00000000
vn -0.00000000 -100.00000000 -0.00000000
vn 61.95359800 -0.00000000 78.49682600
vn -0.00000000 -100.00000000 -0.00000000
vn 68.78226300 -0.00000000 72.58788000
vn -0.00000000 -100.00000000 -0.00000000
vn 75.05003400 -0.00000000 66.08700600
vn 75.05003400 -0.00000000 66.08700600
vn 93.77751500 -0.00000000 34.72431000
vn -0.00000000 -100.00000000 -0.00000000
vn 99.99191300 0.00000000 -1.27177900
vn -0.00000000 -100.00000000 -0.00000000
vn 92.86401800 0.00000000 -37.09817000
vn -0.00000000 -100.00000000 -0.00000000
vn -0.00000000 -100.00000000 -0.00000000
vn 56.38029100 0.00000000 -82.59093700
vn 56.38029100 0.00000000 -82.59093700
vn -0.00000000 -100.00000000 -0.00000000
vn 54.13597800 0.00000000 -84.07910500
vn 51.85240800 0.00000000 -85.50630300
vn -0.00000000 -100.00000000 -0.00000000
vn 49.53123600 0.00000000 -86.87149500
vn 49.53123600 0.00000000 -86.87149500
vn -0.00000000 -100.00000000 -0.00000000
vn -0.00000000 -100.00000000 -0.00000000
vn 6.44827400 0.00000000 -99.79188200
vn -37.93922500 0.00000000 -92.52359300
vn -0.00000000 -100.00000000 -0.00000000
vn -74.65132300 0.00000000 -66.53705800
vn -0.00000000 -100.00000000 -0.00000000
vn -96.26087400 0.00000000 -27.08955600
vn -0.00000000 -100.00000000 -0.00000000
vn -96.26087400 0.00000000 -27.08955600
vn -0.00000000 -100.00000000 -0.00000000
vn -93.46940300 0.00000000 -35.54533400
vn -0.00000000 -100.00000000 -0.00000000
vn -89.93678900 0.00000000 -43.71926300
vn -0.00000000 -100.00000000 -0.00000000
vn -85.69104400 0.00000000 -51.54653200
vn -0.00000000 -100.00000000 -0.00000000
vn -80.76583400 0.00000000 -58.96507500
vn -80.76583400 0.00000000 -58.96507500
vn -0.00000000 -100.00000000 -0.00000000
vn -97.67472000 0.00000000 -21.43942800
vn -0.00000000 -100.00000000 -0.00000000
vn -98.03668200 -0.00000000 19.71823900
vn -0.00000000 -100.00000000 -0.00000000
vn -81.79040100 -0.00000000 57.53547000
vn -51.68813300 -0.00000000 85.60570600
vn -51.68813300 -0.00000000 85.60570600
vn -0.00000000 -100.00000000 -0.00000000
vn -0.00000000 -100.00000000 -0.00000000
vn -52.58830000 -0.00000000 85.05569200
vn -53.48261500 -0.00000000 84.49621200
vn -0.00000000 -100.00000000 -0.00000000
vn -0.00000000 -100.00000000 -0.00000000
vn -54.37097800 -0.00000000 83.92733000
vn -54.37097800 -0.00000000 83.92733000
vn -0.00000000 -100.00000000 -0.00000000
vn -25.04716600 -0.00000000 96.81239300
vn -0.00000000 -100.00000000 -0.00000000
vn 6.84626300 -0.00000000 99.76536800
vn 38.03732600 -0.00000000 92.48330600
vn -0.00000000 -100.00000000 -0.00000000
vn 65.32609900 -0.00000000 75.71328000
vn -0.00000000 -100.00000000 -0.00000000
vn 65.32609900 -0.00000000 75.71328000
vn -0.00000000 -100.00000000 -0.00000000
vn 71.88990700 -0.00000000 69.51144700
vn 77.86747900 -0.00000000 62.74277400
vn -0.00000000 -100.00000000 -0.00000000
vn 83.21007100 -0.00000000 55.46245600
vn -0.00000000 -100.00000000 -0.00000000
vn 87.87411600 -0.00000000 47.72986300
vn 87.87411600 -0.00000000 47.72986300
vn -0.00000000 -100.00000000 -0.00000000
vn 99.15320300 -0.00000000 12.98623900
vn -0.00000000 -100.00000000 -0.00000000
vn -0.00000000 -100.00000000 -0.00000000
vn 97.20190900 0.00000000 -23.49018700
vn -0.00000000 -100.00000000 -0.00000000
vn 82.28060300 0.00000000 -56.83222900
vn -0.00000000 -100.00000000 -0.00000000
vn 36.58850700 0.00000000 -93.06600400
vn 36.58850700 0.00000000 -93.06600400
vn 34.06931500 0.00000000 -94.01745500
vn -0.00000000 -100.00000000 -0.00000000
vn 31.52541700 0.00000000 -94.90072700
vn -0.00000000 -100.00000000 -0.00000000
vn 28.95865900 0.00000000 -95.71518200
vn 28.95865900 0.00000000 -95.71518200
vn -0.00000000 -100.00000000 -0.00000000
vn -0.00000000 -100.00000000 -0.00000000
vn -15.91918100 0.00000000 -98.72476700
vn -0.00000000 -100.00000000 -0.00000000
vn -57.57644600 0.00000000 -81.76156100
vn -0.00000000 -100.00000000 -0.00000000
vn -87.58554600 0.00000000 -48.25735300
vn -99.87540700 0.00000000 -4.99030500
vn -0.00000000 -100.00000000 -0.00000000
vn -99.87540700 0.00000000 -4.99030500
vn -0.00000000 -100.00000000 -0.00000000
vn -99.03551100 0.00000000 -13.85523900
vn -97.41033700 0.00000000 -22.61031200
vn -0.00000000 -100.00000000 -0.00000000
vn -0.00000000 -100.00000000 -0.00000000
vn -95.01277300 0.00000000 -31.18610100
vn -91.86182900 0.00000000 -39.51460900
vn -91.86182900 0.00000000 -39.51460900
vn -0.00000000 -100.00000000 -0.00000000
vn -99.99653200 -0.00000000 0.83277300
vn -0.00000000 -100.00000000 -0.00000000
vn -91.19097700 -0.00000000 41.03907600
vn -0.00000000 -100.00000000 -0.00000000
vn -66.93689800 -0.00000000 74.29301200
vn -0.00000000 -100.00000000 -0.00000000
vn -31.34314200 -0.00000000 94.96108400
vn -0.00000000 -100.00000000 -0.00000000
vn -31.34314200 -0.00000000 94.96108400
vn -0.00000000 -100.00000000 -0.00000000
vn -32.34313000 -0.00000000 94.62516600
vn -0.00000000 -100.00000000 -0.00000000
vn -33.33951800 -0.00000000 94.27871700
vn -34.33219700 -0.00000000 93.92177700
vn -0.00000000 -100.00000000 -0.00000000
vn -34.33219700 -0.00000000 93.92177700
vn -2.87639700 -0.00000000 99.95862300
vn -0.00000000 -100.00000000 -0.00000000
vn -0.00000000 -100.00000000 -0.00000000
vn 28.87449600 -0.00000000 95.74060500
vn -0.00000000 -100.00000000 -0.00000000
vn 57.66312200 -0.00000000 81.70045500
vn 80.53602700 -0.00000000 59.27856600
vn 80.53602700 -0.00000000 59.27856600
vn -0.00000000 -100.00000000 -0.00000000
vn 85.55522900 -0.00000000 51.77164100
vn -0.00000000 -100.00000000 -0.00000000
vn 89.87676000 -0.00000000 43.84253700
vn -0.00000000 -100.00000000 -0.00000000
vn -0.00000000 -100.00000000 -0.00000000
vn 93.46537800 -0.00000000 35.55591400
vn 96.29182200 -0.00000000 26.97934500
vn -0.00000000 -100.00000000 -0.00000000
vn 96.29182200 -0.00000000 26.97934500
vn -0.00000000 -100.00000000 -0.00000000
vn 99.55693500 0.00000000 -9.40301600
vn 89.53779600 0.00000000 -44.53069800
vn -0.00000000 -100.00000000 -0.00000000
vn -0.00000000 -100.00000000 -0.00000000
vn 67.57129600 0.00000000 -73.71648400
vn -0.00000000 -100.00000000 -0.00000000
vn 14.96202200 0.00000000 -98.87435400
vn 14.96202200 0.00000000 -98.87435400
vn -0.00000000 -100.00000000 -0.00000000
vn 12.29427400 0.00000000 -99.24137700
vn -0.00000000 -100.00000000 -0.00000000
vn 9.61761100 0.00000000 -99.53643300
vn -0.00000000 -100.00000000 -0.00000000
vn 6.93397300 0.00000000 -99.75931000
vn 6.93397300 0.00000000 -99.75931000
vn -0.00000000 -100.00000000 -0.00000000
vn -37.48838100 0.00000000 -92.70718000
vn -0.00000000 -100.00000000 -0.00000000
vn -74.32654300 0.00000000 -66.89966400
vn -0.00000000 -100.00000000 -0.00000000
vn -96.12786500 0.00000000 -27.55782300
vn -0.00000000 -100.00000000 -0.00000000
vn -98.48176900 -0.00000000 17.35918100
vn -98.48176900 -0.00000000 17.35918100
vn -99.63556400 -0.00000000 8.52961500
vn -0.00000000 -100.00000000 -0.00000000
vn -99.99932400 0.00000000 -0.36758500
vn -0.00000000 -100.00000000 -0.00000000
vn -99.57016500 0.00000000 -9.26187000
vn -0.00000000 -100.00000000 -0.00000000
vn -0.00000000 -100.00000000 -0.00000000
vn -98.35148900 0.00000000 -18.08271500
vn -98.35148900 0.00000000 -18.08271500
vn -0.00000000 -100.00000000 -0.00000000
vn -97.30410100 -0.00000000 23.06321500
vn -0.00000000 -100.00000000 -0.00000000
vn -79.77257500 -0.00000000 60.30204200
vn -0.00000000 -100.00000000 -0.00000000
vn -48.72690000 -0.00000000 87.32519300
vn -9.42647500 -0.00000000 99.55471600
vn -9.42647500 -0.00000000 99.55471600
vn -0.00000000 -100.00000000 -0.00000000
vn -0.00000000 -100.00000000 -0.00000000
vn -10.47614000 -0.00000000 99.44973900
vn -0.00000000 -100.00000000 -0.00000000
vn -11.52463900 -0.00000000 99.33369400
vn -12.57185500 -0.00000000 99.20659500
vn -12.57185500 -0.00000000 99.20659500
vn -0.00000000 -100.00000000 -0.00000000
vn 19.43860700 -0.00000000 98.09251000
vn -0.00000000 -100.00000000 -0.00000000
vn 49.45484100 -0.00000000 86.91500900
vn -0.00000000 -100.00000000 -0.00000000
vn -0.00000000 -100.00000000 -0.00000000
vn 74.39744900 -0.00000000 66.82080200
vn 91.70754200 -0.00000000 39.87137700
vn 91.70754200 -0.00000000 39.87137700
vn -0.00000000 -100.00000000 -0.00000000
vn 94.93045500 -0.00000000 31.43578800
vn -0.00000000 -100.00000000 -0.00000000
vn 97.37924400 -0.00000000 22.74385300
vn -0.00000000 -100.00000000 -0.00000000
vn 99.03394200 -0.00000000 13.86645000
vn -0.00000000 -100.00000000 -0.00000000
vn 99.88105400 -0.00000000 4.87597100
vn 99.88105400 -0.00000000 4.87597100
vn -0.00000000 -100.00000000 -0.00000000
vn 94.96846700 0.00000000 -31.32076500
vn -0.00000000 -100.00000000 -0.00000000
vn 77.38388400 0.00000000 -63.33825500
vn -0.00000000 -100.00000000 -0.00000000
vn 49.47368200 0.00000000 -86.90428500
vn -0.00000000 -100.00000000 -0.00000000
vn -7.41472000 0.00000000 -99.72473100
vn -7.41472000 0.00000000 -99.72473100
vn -0.00000000 -100.00000000 -0.00000000
vn -10.09725300 0.00000000 -99.48892100
vn -0.00000000 -100.00000000 -0.00000000
vn -12.77246300 0.00000000 -99.18096700
vn -0.00000000 -100.00000000 -0.00000000
vn -0.00000000 -100.00000000 -0.00000000
vn -15.43841100 0.00000000 -98.80109000
vn -15.43841100 0.00000000 -98.80109000
vn -0.00000000 -100.00000000 -0.00000000
vn -57.17775800 0.00000000 -82.04086800
vn -0.00000000 -100.00000000 -0.00000000
vn -87.34959700 0.00000000 -48.68313800
vn -0.00000000 -100.00000000 -0.00000000
vn -99.84993100 0.00000000 -5.47642800
vn -0.00000000 -100.00000000 -0.00000000
vn -92.14984400 -0.00000000 38.83820500
vn -92.14984400 -0.00000000 38.83820500
vn -95.23947500 -0.00000000 30.48675800
vn -0.00000000 -100.00000000 -0.00000000
vn -0.00000000 -100.00000000 -0.00000000
vn -97.57392800 -0.00000000 21.89357400
vn -99.13469300 -0.00000000 13.12679100
vn -0.00000000 -100.00000000 -0.00000000
vn -99.90939500 -0.00000000 4.25592200
vn -99.90939500 -0.00000000 4.25592200
vn -0.00000000 -100.00000000 -0.00000000
vn -0.00000000 -100.00000000 -0.00000000
vn -89.73243600 -0.00000000 44.13717200
vn -0.00000000 -100.00000000 -0.00000000
vn -64.35404300 -0.00000000 76.54121200
vn -28.07353100 -0.00000000 95.97852300
vn -0.00000000 -100.00000000 -0.00000000
vn -0.00000000 -100.00000000 -0.00000000
vn 12.96287500 -0.00000000 99.15626000
vn 12.96287500 -0.00000000 99.15626000
vn -0.00000000 -100.00000000 -0.00000000
vn 11.91616800 -0.00000000 99.28748600
vn -0.00000000 -100.00000000 -0.00000000
vn 10.86813400 -0.00000000 99.40766400
vn 9.81889200 -0.00000000 99.51677900
vn 9.81889200 -0.00000000 99.51677900
vn -0.00000000 -100.00000000 -0.00000000
vn -0.00000000 -100.00000000 -0.00000000
vn 40.77887700 -0.00000000 91.30762900
vn 67.55531400 -0.00000000 73.73113100
vn -0.00000000 -100.00000000 -0.00000000
vn 87.40117700 -0.00000000 48.59047500
vn -0.00000000 -100.00000000 -0.00000000
vn 98.28045900 -0.00000000 18.46487000
vn -0.00000000 -100.00000000 -0.00000000
vn 98.28045900 -0.00000000 18.46487000
vn 99.54547100 -0.00000000 9.52361400
vn -0.00000000 -100.00000000 -0.00000000
vn -0.00000000 -100.00000000 -0.00000000
vn 99.99872600 -0.00000000 0.50469700
vn -0.00000000 -100.00000000 -0.00000000
vn 99.63652900 0.00000000 -8.51833600
vn -0.00000000 -100.00000000 -0.00000000
vn 98.46183300 0.00000000 -17.47190500
vn 98.46183300 0.00000000 -17.47190500
vn -0.00000000 -100.00000000 -0.00000000
vn 85.61788300 0.00000000 -51.66796000
vn -0.00000000 -100.00000000 -0.00000000
vn 61.34962100 0.00000000 -78.96976600
vn -0.00000000 -100.00000000 -0.00000000
vn 28.89525100 0.00000000 -95.73434300
vn -0.00000000 -100.00000000 -0.00000000
vn -29.41965800 0.00000000 -95.57449300
vn -29.41965800 0.00000000 -95.57449300
vn -0.00000000 -100.00000000 -0.00000000
vn -31.98246100 0.00000000 -94.74767600
vn -0.00000000 -100.00000000 -0.00000000
vn -34.52207200 0.00000000 -93.85215300
vn -37.03664900 0.00000000 -92.88857100
vn -0.00000000 -100.00000000 -0.00000000
vn -37.03664900 0.00000000 -92.88857100
vn -74.00000200 0.00000000 -67.26068400
vn -0.00000000 -100.00000000 -0.00000000
vn -95.99257800 0.00000000 -28.02543600
vn -0.00000000 -100.00000000 -0.00000000
vn -0.00000000 -100.00000000 -0.00000000
vn -98.56510500 -0.00000000 16.87957700
vn -0.00000000 -100.00000000 -0.00000000
vn -81.19714200 -0.00000000 58.36972000
vn -81.19714200 -0.00000000 58.36972000
vn -0.00000000 -100.00000000 -0.00000000
vn -86.06768000 -0.00000000 50.91516900
vn -0.00000000 -100.00000000 -0.00000000
vn -90.25576700 -0.00000000 43.05689800
vn -93.72819400 -0.00000000 34.85721900
vn -0.00000000 -100.00000000 -0.00000000
vn -96.45742600 -0.00000000 26.38114900
vn -0.00000000 -100.00000000 -0.00000000
vn -96.45742600 -0.00000000 26.38114900
vn -77.66121200 -0.00000000 62.99790600
vn -0.00000000 -100.00000000 -0.00000000
vn -0.00000000 -100.00000000 -0.00000000
vn -45.70853100 -0.00000000 88.94228600
vn -6.01243900 -0.00000000 99.81908900
vn -0.00000000 -100.00000000 -0.00000000
vn -0.00000000 -100.00000000 -0.00000000
vn 34.70221200 -0.00000000 93.78569400
vn 34.70221200 -0.00000000 93.78569400
vn -0.00000000 -100.00000000 -0.00000000
vn 33.71094900 -0.00000000 94.14654500
vn 32.71593400 -0.00000000 94.49691900
vn -0.00000000 -100.00000000 -0.00000000
vn 31.71727800 -0.00000000 94.83677700
vn 31.71727800 -0.00000000 94.83677700
vn -0.00000000 -100.00000000 -0.00000000
vn -0.00000000 -100.00000000 -0.00000000
vn 60.07432500 -0.00000000 79.94420300
vn -0.00000000 -100.00000000 -0.00000000
vn 82.26828100 -0.00000000 56.85006600
vn -0.00000000 -100.00000000 -0.00000000
vn 96.02224500 -0.00000000 27.92361900
vn -0.00000000 -100.00000000 -0.00000000
vn 99.92518300 0.00000000 -3.86754200
vn 99.92518300 0.00000000 -3.86754200
vn 99.16886200 0.00000000 -12.86611400
vn -0.00000000 -100.00000000 -0.00000000
vn 97.60385500 0.00000000 -21.75976700
vn -0.00000000 -100.00000000 -0.00000000
vn 95.24292500 0.00000000 -30.47597700
vn -0.00000000 -100.00000000 -0.00000000
vn 92.10532400 0.00000000 -38.94366700
vn -0.00000000 -100.00000000 -0.00000000
vn 92.10532400 0.00000000 -38.94366700
vn -0.00000000 -100.00000000 -0.00000000
vn 71.97406100 0.00000000 -69.42430800
vn -0.00000000 -100.00000000 -0.00000000
vn 42.23903200 0.00000000 -90.64140400
vn 6.86789100 0.00000000 -99.76388200
vn -0.00000000 -100.00000000 -0.00000000
vn -49.94937100 0.00000000 -86.63175100
vn -0.00000000 -100.00000000 -0.00000000
vn -49.94937100 0.00000000 -86.63175100
vn -52.26393600 0.00000000 -85.25538700
vn -0.00000000 -100.00000000 -0.00000000
vn -54.54060000 0.00000000 -83.81719900
vn -0.00000000 -100.00000000 -0.00000000
vn -56.77771500 0.00000000 -82.31823100
vn -56.77771500 0.00000000 -82.31823100
vn -0.00000000 -100.00000000 -0.00000000
vn -0.00000000 -100.00000000 -0.00000000
vn -87.11157800 0.00000000 -49.10776900
vn -0.00000000 -100.00000000 -0.00000000
vn -99.82208900 0.00000000 -5.96242100
vn -0.00000000 -100.00000000 -0.00000000
vn -92.33781200 -0.00000000 38.38917000
vn -0.00000000 -100.00000000 -0.00000000
vn -66.17287500 -0.00000000 74.97433300
vn -66.17287500 -0.00000000 74.97433300
vn -72.58009300 -0.00000000 68.79048000
vn -0.00000000 -100.00000000 -0.00000000
vn -78.41180500 -0.00000000 62.06117000
vn -0.00000000 -100.00000000 -0.00000000
vn -83.62177100 -0.00000000 54.83976100
vn -0.00000000 -100.00000000 -0.00000000
vn -88.16867900 -0.00000000 47.18351500
vn -88.16867900 -0.00000000 47.18351500
vn -0.00000000 -100.00000000 -0.00000000
vn -0.00000000 -100.00000000 -0.00000000
vn -61.69573000 -0.00000000 78.69966300
vn -24.77100200 -0.00000000 96.88342200
vn -0.00000000 -100.00000000 -0.00000000
vn -0.00000000 -100.00000000 -0.00000000
vn 16.35014300 -0.00000000 98.65431000
vn -0.00000000 -100.00000000 -0.00000000
vn 54.70143500 -0.00000000 83.71232300
vn 54.70143500 -0.00000000 83.71232300
vn -0.00000000 -100.00000000 -0.00000000
vn 53.81532200 -0.00000000 84.28470300
vn 52.92322000 -0.00000000 84.84770400
vn -0.00000000 -100.00000000 -0.00000000
vn 52.02522800 -0.00000000 85.40126300
vn -0.00000000 -100.00000000 -0.00000000
vn 52.02522800 -0.00000000 85.40126300
vn 76.35739400 -0.00000000 64.57204000
vn -0.00000000 -100.00000000 -0.00000000
vn 92.85597300 -0.00000000 37.11830100
vn -0.00000000 -100.00000000 -0.00000000
vn 99.82835600 -0.00000000 5.85655600
vn -0.00000000 -100.00000000 -0.00000000
vn 96.55924100 0.00000000 -26.00602000
vn -0.00000000 -100.00000000 -0.00000000
vn 96.55924100 0.00000000 -26.00602000
vn 93.81951200 0.00000000 -34.61068100
vn -0.00000000 -100.00000000 -0.00000000
vn 90.31471900 0.00000000 -42.93310500
vn -0.00000000 -100.00000000 -0.00000000
vn -0.00000000 -100.00000000 -0.00000000
vn 86.07344300 0.00000000 -50.90542600
vn -0.00000000 -100.00000000 -0.00000000
vn 81.13027000 0.00000000 -58.46263100
vn 81.13027000 0.00000000 -58.46263100
vn 54.72116000 0.00000000 -83.69943100
vn -0.00000000 -100.00000000 -0.00000000
vn 21.01040100 0.00000000 -97.76790400
vn -0.00000000 -100.00000000 -0.00000000
vn -15.50385400 0.00000000 -98.79084200
vn -0.00000000 -100.00000000 -0.00000000
vn -67.97441400 0.00000000 -73.34493200
vn -67.97441400 0.00000000 -73.34493200
vn -0.00000000 -100.00000000 -0.00000000
vn -0.00000000 -100.00000000 -0.00000000
vn -69.92467800 0.00000000 -71.48803700
vn -0.00000000 -100.00000000 -0.00000000
vn -71.82423500 0.00000000 -69.57930200
vn -0.00000000 -100.00000000 -0.00000000
vn -73.67170800 0.00000000 -67.62011100
vn -73.67170800 0.00000000 -67.62011100
vn -0.00000000 -100.00000000 -0.00000000
vn -95.85501600 0.00000000 -28.49238500
vn -98.64610500 -0.00000000 16.39957300
vn -0.00000000 -100.00000000 -0.00000000
vn -81.48031700 -0.00000000 57.97377000
vn -0.00000000 -100.00000000 -0.00000000
vn -47.83042400 -0.00000000 87.81942000
vn -47.83042400 -0.00000000 87.81942000
vn -0.00000000 -100.00000000 -0.00000000
vn -55.45303700 -0.00000000 83.21634900
vn -0.00000000 -100.00000000 -0.00000000
vn -62.63594800 -0.00000000 77.95343500
vn -0.00000000 -100.00000000 -0.00000000
vn -0.00000000 -100.00000000 -0.00000000
vn -69.32220400 -0.00000000 72.07240800
vn -75.45878600 -0.00000000 65.61990200
vn -0.00000000 -100.00000000 -0.00000000
vn -75.45878600 -0.00000000 65.61990200
vn -0.00000000 -100.00000000 -0.00000000
vn -42.63656700 -0.00000000 90.45508900
vn -0.00000000 -100.00000000 -0.00000000
vn -2.59135200 -0.00000000 99.96641900
vn -0.00000000 -100.00000000 -0.00000000
vn 37.89286000 -0.00000000 92.54259100
vn 71.95770000 -0.00000000 69.44126600
vn 71.95770000 -0.00000000 69.44126600
vn -0.00000000 -100.00000000 -0.00000000
vn 71.22117000 -0.00000000 70.19647400
vn -0.00000000 -100.00000000 -0.00000000
vn -0.00000000 -100.00000000 -0.00000000
vn 70.47671400 -0.00000000 70.94387000
vn 69.72441600 -0.00000000 71.68337200
vn 69.72441600 -0.00000000 71.68337200
vn -0.00000000 -100.00000000 -0.00000000
vn -0.00000000 -100.00000000 -0.00000000
vn 88.81158600 -0.00000000 45.96196500
vn 98.78747900 -0.00000000 15.52527000
vn -0.00000000 -100.00000000 -0.00000000
vn -0.00000000 -100.00000000 -0.00000000
vn 98.62865700 0.00000000 -16.50417900
vn -0.00000000 -100.00000000 -0.00000000
vn 88.35141500 0.00000000 -46.84044700
vn 88.35141500 0.00000000 -46.84044700
vn -0.00000000 -100.00000000 -0.00000000
vn 83.76565900 0.00000000 -54.61972400
vn 78.49682600 0.00000000 -61.95359800
vn -0.00000000 -100.00000000 -0.00000000
vn 72.58788000 0.00000000 -68.78226300
vn -0.00000000 -100.00000000 -0.00000000
vn 66.08700600 0.00000000 -75.05003400
vn 66.08700600 0.00000000 -75.05003400
vn -0.00000000 -100.00000000 -0.00000000
vn 34.72431000 0.00000000 -93.77751500
vn -0.00000000 -100.00000000 -0.00000000
vn -0.00000000 -100.00000000 -0.00000000
vn -1.27177900 0.00000000 -99.99191300
vn -0.00000000 -100.00000000 -0.00000000
vn -37.09817000 0.00000000 -92.86401800
vn -82.59093700 0.00000000 -56.38029100
vn -0.00000000 -100.00000000 -0.00000000
vn -82.59093700 0.00000000 -56.38029100
vn -84.07910500 0.00000000 -54.13597800
vn -0.00000000 -100.00000000 -0.00000000
vn -0.00000000 -100.00000000 -0.00000000
vn -85.50630300 0.00000000 -51.85240800
vn -0.00000000 -100.00000000 -0.00000000
vn -86.87149500 0.00000000 -49.53123600
vn -86.87149500 0.00000000 -49.53123600
vn -0.00000000 -100.00000000 -0.00000000
vn -99.79188200 0.00000000 -6.44827400
vn -92.52359300 -0.00000000 37.93922500
vn -0.00000000 -100.00000000 -0.00000000
vn -0.00000000 -100.00000000 -0.00000000
vn -66.53705800 -0.00000000 74.65132300
vn -0.00000000 -100.00000000 -0.00000000
vn -27.08955600 -0.00000000 96.26087400
vn -27.08955600 -0.00000000 96.26087400
vn -0.00000000 -100.00000000 -0.00000000
vn -35.54533400 -0.00000000 93.46940300
vn -0.00000000 -100.00000000 -0.00000000
vn -43.71926300 -0.00000000 89.93678900
vn -0.00000000 -100.00000000 -0.00000000
vn -51.54653200 -0.00000000 85.69104400
vn -0.00000000 -100.00000000 -0.00000000
vn -58.96507500 -0.00000000 80.76583400
vn -58.96507500 -0.00000000 80.76583400
vn -21.43942800 -0.00000000 97.67472000
vn -0.00000000 -100.00000000 -0.00000000
vn -0.00000000 -100.00000000 -0.00000000
vn 19.71823900 -0.00000000 98.03668200
vn -0.00000000 -100.00000000 -0.00000000
vn 57.53547000 -0.00000000 81.79040100
vn -0.00000000 -100.00000000 -0.00000000
vn 85.60570600 -0.00000000 51.68813300
vn 85.60570600 -0.00000000 51.68813300
vn -0.00000000 -100.00000000 -0.00000000
vn 85.05569200 -0.00000000 52.58830000
vn -0.00000000 -100.00000000 -0.00000000
vn 84.49621200 -0.00000000 53.48261500
vn 83.92733000 -0.00000000 54.37097800
vn -0.00000000 -100.00000000 -0.00000000
vn 83.92733000 -0.00000000 54.37097800
vn -0.00000000 -100.00000000 -0.00000000
vn 96.81239300 -0.00000000 25.04716600
vn 99.76536800 0.00000000 -6.84626300
vn -0.00000000 -100.00000000 -0.00000000
vn 92.48330600 0.00000000 -38.03732600
vn -0.00000000 -100.00000000 -0.00000000
vn 75.71328000 0.00000000 -65.32609900
vn 75.71328000 0.00000000 -65.32609900
vn -0.00000000 -100.00000000 -0.00000000
vn -0.00000000 -100.00000000 -0.00000000
vn 69.51144700 0.00000000 -71.88990700
vn -0.00000000 -100.00000000 -0.00000000
vn 62.74277400 0.00000000 -77.86747900
vn -0.00000000 -100.00000000 -0.00000000
vn 55.46245600 0.00000000 -83.21007100
vn 47.72986300 0.00000000 -87.87411600
vn -0.00000000 -100.00000000 -0.00000000
vn 47.72986300 0.00000000 -87.87411600
vn 12.98623900 0.00000000 -99.15320300
vn -0.00000000 -100.00000000 -0.00000000
vn -0.00000000 -100.00000000 -0.00000000
vn -23.49018700 0.00000000 -97.20190900
vn -0.00000000 -100.00000000 -0.00000000
vn -56.83222900 0.00000000 -82.28060300
vn -93.06600400 0.00000000 -36.58850700
vn -0.00000000 -100.00000000 -0.00000000
vn -93.06600400 0.00000000 -36.58850700
vn -0.00000000 -100.00000000 -0.00000000
vn -94.01745500 0.00000000 -34.06931500
vn -0.00000000 -100.00000000 -0.00000000
vn -94.90072700 0.00000000 -31.52541700
vn -95.71518200 0.00000000 -28.95865900
vn -95.71518200 0.00000000 -28.95865900
vn -0.00000000 -100.00000000 -0.00000000
vn -0.00000000 -100.00000000 -0.00000000
vn -98.72476700 -0.00000000 15.91918100
vn -81.76156100 -0.00000000 57.57644600
vn -0.00000000 -100.00000000 -0.00000000
vn -48.25735300 -0.00000000 87.58554600
vn -0.00000000 -100.00000000 -0.00000000
vn -4.99030500 -0.00000000 99.87540700
vn -4.99030500 -0.00000000 99.87540700
vn -0.00000000 -100.00000000 -0.00000000
vn -0.00000000 -100.00000000 -0.00000000
vn -13.85523900 -0.00000000 99.03551100
vn -22.61031200 -0.00000000 97.41033700
vn -0.00000000 -100.00000000 -0.00000000
vn -0.00000000 -100.00000000 -0.00000000
vn -31.18610100 -0.00000000 95.01277300
vn -39.51460900 -0.00000000 91.86182900
vn -0.00000000 -100.00000000 -0.00000000
vn -39.51460900 -0.00000000 91.86182900
vn 0.83277300 -0.00000000 99.99653200
vn -0.00000000 -100.00000000 -0.00000000
vn 41.03907600 -0.00000000 91.19097700
vn -0.00000000 -100.00000000 -0.00000000
vn 74.29301200 -0.00000000 66.93689800
vn -0.00000000 -100.00000000 -0.00000000
vn 94.96108400 -0.00000000 31.34314200
vn -0.00000000 -100.00000000 -0.00000000
vn 94.96108400 -0.00000000 31.34314200
vn -0.00000000 -100.00000000 -0.00000000
vn 94.62516600 -0.00000000 32.34313000
vn -0.00000000 -100.00000000 -0.00000000
vn 94.27871700 -0.00000000 33.33951800
vn 93.92177700 -0.00000000 34.33219700
vn 93.92177700 -0.00000000 34.33219700
vn -0.00000000 -100.00000000 -0.00000000
vn 99.95862300 -0.00000000 2.87639700
vn -0.00000000 -100.00000000 -0.00000000
vn 95.74060500 0.00000000 -28.87449600
vn -0.00000000 -100.00000000 -0.00000000
vn 81.70045500 0.00000000 -57.66312200
vn -0.00000000 -100.00000000 -0.00000000
vn 59.27856600 0.00000000 -80.53602700
vn 59.27856600 0.00000000 -80.53602700
vn -0.00000000 -100.00000000 -0.00000000
vn 51.77164100 0.00000000 -85.55522900
vn -0.00000000 -100.00000000 -0.00000000
vn -0.00000000 -100.00000000 -0.00000000
vn 43.84253700 0.00000000 -89.87676000
vn 35.55591400 0.00000000 -93.46537800
vn -0.00000000 -100.00000000 -0.00000000
vn 26.97934500 0.00000000 -96.29182200
vn 26.97934500 0.00000000 -96.29182200
vn -0.00000000 -100.00000000 -0.00000000
vn -0.00000000 -100.00000000 -0.00000000
vn -9.40301600 0.00000000 -99.55693500
vn -0.00000000 -100.00000000 -0.00000000
vn -44.53069800 0.00000000 -89.53779600
vn -73.71648400 0.00000000 -67.57129600
vn -0.00000000 -100.00000000 -0.00000000
vn -98.87435400 0.00000000 -14.96202200
vn -98.87435400 0.00000000 -14.96202200
vn -0.00000000 -100.00000000 -0.00000000
vn -0.00000000 -100.00000000 -0.00000000
vn -99.24137700 0.00000000 -12.29427400
vn -0.00000000 -100.00000000 -0.00000000
vn -99.53643300 0.00000000 -9.61761100
vn -99.75931000 0.00000000 -6.93397300
vn -0.00000000 -100.00000000 -0.00000000
vn -99.75931000 0.00000000 -6.93397300
vn -92.70718000 -0.00000000 37.48838100
vn -0.00000000 -100.00000000 -0.00000000
vn -66.89966400 -0.00000000 74.32654300
vn -0.00000000 -100.00000000 -0.00000000
vn -0.00000000 -100.00000000 -0.00000000
vn -27.55782300 -0.00000000 96.12786500
vn 17.35918100 -0.00000000 98.48176900
vn 17.35918100 -0.00000000 98.48176900
vn -0.00000000 -100.00000000 -0.00000000
vn 8.52961500 -0.00000000 99.63556400
vn -0.00000000 -100.00000000 -0.00000000
vn -0.36758500 -0.00000000 99.99932400
vn -0.00000000 -100.00000000 -0.00000000
vn -0.00000000 -100.00000000 -0.00000000
vn -9.26187000 -0.00000000 99.57016500
vn -0.00000000 -100.00000000 -0.00000000
vn -18.08271500 -0.00000000 98.35148900
vn -18.08271500 -0.00000000 98.35148900
vn -0.00000000 -100.00000000 -0.00000000
vn 23.06321500 -0.00000000 97.30410100
vn 60.30204200 -0.00000000 79.77257500
vn -0.00000000 -100.00000000 -0.00000000
vn 87.32519300 -0.00000000 48.72690000
vn -0.00000000 -100.00000000 -0.00000000
vn 99.55471600 -0.00000000 9.42647500
vn 99.55471600 -0.00000000 9.42647500
vn -0.00000000 -100.00000000 -0.00000000
vn 99.44973900 -0.00000000 10.47614000
vn -0.00000000 -100.00000000 -0.00000000
vn 99.33369400 -0.00000000 11.52463900
vn -0.00000000 -100.00000000 -0.00000000
vn 99.20659500 -0.00000000 12.57185500
vn -0.00000000 -100.00000000 -0.00000000
vn 99.20659500 -0.00000000 12.57185500
vn 98.09251000 0.00000000 -19.43860700
vn -0.00000000 -100.00000000 -0.00000000
vn 86.91500900 0.00000000 -49.45484100
vn -0.00000000 -100.00000000 -0.00000000
vn -0.00000000 -100.00000000 -0.00000000
vn 66.82080200 0.00000000 -74.39744900
vn 39.87137700 0.00000000 -91.70754200
vn 39.87137700 0.00000000 -91.70754200
vn -0.00000000 -100.00000000 -0.00000000
vn 31.43578800 0.00000000 -94.93045500
vn -0.00000000 -100.00000000 -0.00000000
vn -0.00000000 -100.00000000 -0.00000000
vn 22.74385300 0.00000000 -97.37924400
vn 13.86645000 0.00000000 -99.03394200
vn -0.00000000 -100.00000000 -0.00000000
vn 4.87597100 0.00000000 -99.88105400
vn -0.00000000 -100.00000000 -0.00000000
vn 4.87597100 0.00000000 -99.88105400
vn -31.32076500 0.00000000 -94.96846700
vn -0.00000000 -100.00000000 -0.00000000
vn -0.00000000 -100.00000000 -0.00000000
vn -63.33825500 0.00000000 -77.38388400
vn -0.00000000 -100.00000000 -0.00000000
vn -86.90428500 0.00000000 -49.47368200
vn -98.80109000 -0.00000000 15.43841100
vn -98.80109000 -0.00000000 15.43841100
vn -0.00000000 -100.00000000 -0.00000000
vn -0.00000000 -100.00000000 -0.00000000
vn -82.04086800 -0.00000000 57.17775800
vn -0.00000000 -100.00000000 -0.00000000
vn -48.68313800 -0.00000000 87.34959700
vn -0.00000000 -100.00000000 -0.00000000
vn -5.47642800 -0.00000000 99.84993100
vn 38.83820500 -0.00000000 92.14984400
vn 38.83820500 -0.00000000 92.14984400
vn -0.00000000 -100.00000000 -0.00000000
vn 30.48675800 -0.00000000 95.23947500
vn -0.00000000 -100.00000000 -0.00000000
vn -0.00000000 -100.00000000 -0.00000000
vn 21.89357400 -0.00000000 97.57392800
vn 13.12679100 -0.00000000 99.13469300
vn -0.00000000 -100.00000000 -0.00000000
vn 4.25592200 -0.00000000 99.90939500
vn 4.25592200 -0.00000000 99.90939500
vn -0.00000000 -100.00000000 -0.00000000
vn 44.13717200 -0.00000000 89.73243600
vn -0.00000000 -100.00000000 -0.00000000
vn 76.54121200 -0.00000000 64.35404300
vn -0.00000000 -100.00000000 -0.00000000
vn -0.00000000 -100.00000000 -0.00000000
vn 95.97852300 -0.00000000 28.07353100
vn 99.15626000 0.00000000 -12.96287500
vn 99.15626000 0.00000000 -12.96287500
vn -0.00000000 -100.00000000 -0.00000000
vn 99.28748600 0.00000000 -11.91616800
vn -0.00000000 -100.00000000 -0.00000000
vn 99.40766400 0.00000000 -10.86813400
vn -0.00000000 -100.00000000 -0.00000000
vn 99.51677900 0.00000000 -9.81889200
vn -0.00000000 -100.00000000 -0.00000000
vn 99.51677900 0.00000000 -9.81889200
vn -0.00000000 -100.00000000 -0.00000000
vn 91.30762900 0.00000000 -40.77887700
vn -0.00000000 -100.00000000 -0.00000000
vn 73.73113100 0.00000000 -67.55531400
vn -0.00000000 -100.00000000 -0.00000000
vn 48.59047500 0.00000000 -87.40117700
vn 18.46487000 0.00000000 -98.28045900
vn -0.00000000 -100.00000000 -0.00000000
vn 18.46487000 0.00000000 -98.28045900
vn -0.00000000 -100.00000000 -0.00000000
vn 9.52361400 0.00000000 -99.54547100
vn 0.50469700 0.00000000 -99.99872600
vn -0.00000000 -100.00000000 -0.00000000
vn -8.51833600 0.00000000 -99.63652900
vn -0.00000000 -100.00000000 -0.00000000
vn -17.47190500 0.00000000 -98.46183300
vn -17.47190500 0.00000000 -98.46183300
vn -0.00000000 -100.00000000 -0.00000000
vn -0.00000000 -100.00000000 -0.00000000
vn -51.66796000 0.00000000 -85.61788300
vn -0.00000000 -100.00000000 -0.00000000
vn -78.96976600 0.00000000 -61.34962100
vn -95.73434300 0.00000000 -28.89525100
vn -0.00000000 -100.00000000 -0.00000000
vn -99.72473100 -0.00000000 7.41472000
vn -99.72473100 -0.00000000 7.41472000
vn -0.00000000 -100.00000000 -0.00000000
vn -99.48892100 -0.00000000 10.09725300
vn -0.00000000 -100.00000000 -0.00000000
vn -0.00000000 -100.00000000 -0.00000000
vn -99.18096700 -0.00000000 12.77246300
vn 92.00112700 -39.18918900 -0.00000000
vn 92.00112700 -39.18918900 -0.00000000
vn 92.00112700 -39.18918900 0.00000000
vn 92.00112700 -39.18918900 0.00000000
vn 91.60866700 -39.18918900 8.48879300
vn 91.60866700 -39.18918900 8.48879300
vn 90.43463300 -39.18918900 16.90516300
vn 90.43463300 -39.18918900 16.90516300
vn 88.48904400 -39.18918900 25.17730400
vn 88.48904400 -39.18918900 25.17730400
vn 85.78849600 -39.18918900 33.23464100
vn 85.78849600 -39.18918900 33.23464100
vn 82.35603200 -39.18918900 41.00843100
vn 82.35603200 -39.18918900 41.00843100
vn 78.22093500 -39.18918900 48.43235300
vn 78.22093500 -39.18918900 48.43235300
vn 73.41848500 -39.18918900 55.44306600
vn 73.41848500 -39.18918900 55.44306600
vn 67.98965400 -39.18918900 61.98075900
vn 67.98965400 -39.18918900 61.98075900
vn 61.98075900 -39.18918900 67.98965400
vn 61.98075900 -39.18918900 67.98965400
vn 55.44306600 -39.18918900 73.41848500
vn 55.44306600 -39.18918900 73.41848500
vn 48.43235300 -39.18918900 78.22093500
vn 48.43235300 -39.18918900 78.22093500
vn 41.00843100 -39.18918900 82.35603200
vn 41.00843100 -39.18918900 82.35603200
vn 33.23464100 -39.18918900 85.78849600
vn 33.23464100 -39.18918900 85.78849600
vn 25.17730400 -39.18918900 88.48904400
vn 25.17730400 -39.18918900 88.48904400
vn 16.90516300 -39.18918900 90.43463300
vn 16.90516300 -39.18918900 90.43463300
vn 8.48879300 -39.18918900 91.60866700
vn 8.48879300 -39.18918900 91.60866700
vn -0.00000000 -39.18918900 92.00112700
vn -0.00000000 -39.18918900 92.00112700
vn -8.48879300 -39.18918900 91.60866700
vn -8.48879300 -39.18918900 91.60866700
vn -16.90516300 -39.18918900 90.43463300
vn -16.90516300 -39.18918900 90.43463300
vn -25.17730400 -39.18918900 88.48904400
vn -25.17730400 -39.18918900 88.48904400
vn -33.23464100 -39.18918900 85.78849600
vn -33.23464100 -39.18918900 85.78849600
vn -41.00843100 -39.18918900 82.35603200
vn -41.00843100 -39.18918900 82.35603200
vn -48.43235300 -39.18918900 78.22093500
vn -48.43235300 -39.18918900 78.22093500
vn -55.44306600 -39.18918900 73.41848500
vn -55.44306600 -39.18918900 73.41848500
vn -61.98075900 -39.18918900 67.98965400
vn -61.98075900 -39.18918900 67.98965400
vn -67.98965400 -39.18918900 61.98075900
vn -67.98965400 -39.18918900 61.98075900
vn -73.41848500 -39.18918900 55.44306600
vn -73.41848500 -39.18918900 55.44306600
vn -78.22093500 -39.18918900 48.43235300
vn -78.22093500 -39.18918900 48.43235300
vn -82.35603200 -39.18918900 41.00843100
vn -82.35603200 -39.18918900 41.00843100
vn -85.78849600 -39.18918900 33.23464100
vn -85.78849600 -39.18918900 33.23464100
vn -88.48904400 -39.18918900 25.17730400
vn -88.48904400 -39.18918900 25.17730400
vn -90.43463300 -39.18918900 16.90516300
vn -90.43463300 -39.18918900 16.90516300
vn -91.60866700 -39.18918900 8.48879300
vn -91.60866700 -39.18918900 8.48879300
vn -92.00112700 -39.18918900 -0.00000000
vn -92.00112700 -39.18918900 -0.00000000
vn -91.60866700 -39.18918900 -8.48879300
vn -91.60866700 -39.18918900 -8.48879300
vn -90.43463300 -39.18918900 -16.90516300
vn -90.43463300 -39.18918900 -16.90516300
vn -88.48904400 -39.18918900 -25.17730400
vn -88.48904400 -39.18918900 -25.17730400
vn -85.78849600 -39.18918900 -33.23464100
vn -85.78849600 -39.18918900 -33.23464100
vn -82.35603200 -39.18918900 -41.00843100
vn -82.35603200 -39.18918900 -41.00843100
vn -78.22093500 -39.18918900 -48.43235300
vn -78.22093500 -39.18918900 -48.43235300
vn -73.41848500 -39.18918900 -55.44306600
vn -73.41848500 -39.18918900 -55.44306600
vn -67.98965400 -39.18918900 -61.98075900
vn -67.98965400 -39.18918900 -61.98075900
vn -61.98075900 -39.18918900 -67.98965400
vn -61.98075900 -39.18918900 -67.98965400
vn -55.44306600 -39.18918900 -73.41848500
vn -55.44306600 -39.18918900 -73.41848500
vn -48.43235300 -39.18918900 -78.22093500
vn -48.43235300 -39.18918900 -78.22093500
vn -41.00843100 -39.18918900 -82.35603200
vn -41.00843100 -39.18918900 -82.35603200
vn -33.23464100 -39.18918900 -85.78849600
vn -33.23464100 -39.18918900 -85.78849600
vn -25.17730400 -39.18918900 -88.48904400
vn -25.17730400 -39.18918900 -88.48904400
vn -16.90516300 -39.18918900 -90.43463300
vn -16.90516300 -39.18918900 -90.43463300
vn -8.48879300 -39.18918900 -91.60866700
vn -8.48879300 -39.18918900 -91.60866700
vn -0.00000000 -39.18918900 -92.00112700
vn -0.00000000 -39.18918900 -92.00112700
vn 8.48879300 -39.18918900 -91.60866700
vn 8.48879300 -39.18918900 -91.60866700
vn 16.90516300 -39.18918900 -90.43463300
vn 16.90516300 -39.18918900 -90.43463300
vn 25.17730400 -39.18918900 -88.48904400
vn 25.17730400 -39.18918900 -88.48904400
vn 33.23464100 -39.18918900 -85.78849600
vn 33.23464100 -39.18918900 -85.78849600
vn 41.00843100 -39.18918900 -82.35603200
vn 41.00843100 -39.18918900 -82.35603200
vn 48.43235300 -39.18918900 -78.22093500
vn 48.43235300 -39.18918900 -78.22093500
vn 55.44306600 -39.18918900 -73.41848500
vn 55.44306600 -39.18918900 -73.41848500
vn 61.98075900 -39.18918900 -67.98965400
vn 61.98075900 -39.18918900 -67.98965400
vn 67.98965400 -39.18918900 -61.98075900
vn 67.98965400 -39.18918900 -61.98075900
vn 73.41848500 -39.18918900 -55.44306600
vn 73.41848500 -39.18918900 -55.44306600
vn 78.22093500 -39.18918900 -48.43235300
vn 78.22093500 -39.18918900 -48.43235300
vn 82.35603200 -39.18918900 -41.00843100
vn 82.35603200 -39.18918900 -41.00843100
vn 85.78849600 -39.18918900 -33.23464100
vn 85.78849600 -39.18918900 -33.23464100
vn 88.48904400 -39.18918900 -25.17730400
vn 88.48904400 -39.18918900 -25.17730400
vn 90.43463300 -39.18918900 -16.90516300
vn 90.43463300 -39.18918900 -16.90516300
vn 91.60866700 -39.18918900 -8.48879300
vn 91.60866700 -39.18918900 -8.48879300
vn 37.96054200 -92.51484900 -0.00000000
vn 37.96054200 -92.51484900 -0.00000000
vn 70.23827600 -71.17994600 -0.00000000
vn 70.23827600 -71.17994600 -0.00000000
vn 37.79860900 -92.51484900 -3.50255700
vn 69.93865100 -71.17994600 -6.48077000
vn 37.31419100 -92.51484900 -6.97523100
vn 69.04233500 -71.17994600 -12.90624900
vn 36.51142200 -92.51484900 -10.38839500
vn 67.55697500 -71.17994600 -19.22161700
vn 35.39715100 -92.51484900 -13.71292900
vn 65.49524100 -71.17994600 -25.37299200
vn 33.98088300 -92.51484900 -16.92046900
vn 62.87472600 -71.17994600 -31.30789300
vn 32.27470300 -92.51484900 -19.98365000
vn 59.71778500 -71.17994600 -36.97568700
vn 30.29316600 -92.51484900 -22.87633700
vn 56.05135400 -71.17994600 -42.32801800
vn 28.05317900 -92.51484900 -25.57385200
vn 51.90671200 -71.17994600 -47.31922000
vn 25.57385200 -92.51484900 -28.05317900
vn 47.31922000 -71.17994600 -51.90671200
vn 22.87633700 -92.51484900 -30.29316600
vn 42.32801800 -71.17994600 -56.05135400
vn 19.98365000 -92.51484900 -32.27470300
vn 36.97568700 -71.17994600 -59.71778500
vn 16.92046900 -92.51484900 -33.98088300
vn 31.30789300 -71.17994600 -62.87472600
vn 13.71292900 -92.51484900 -35.39715100
vn 25.37299200 -71.17994600 -65.49524100
vn 10.38839500 -92.51484900 -36.51142200
vn 19.22161700 -71.17994600 -67.55697500
vn 6.97523100 -92.51484900 -37.31419100
vn 12.90624900 -71.17994600 -69.04233500
vn 3.50255700 -92.51484900 -37.79860900
vn 6.48077000 -71.17994600 -69.93865100
vn -0.00000000 -92.51484900 -37.96054200
vn -0.00000000 -71.17994600 -70.23827600
vn -3.50255700 -92.51484900 -37.79860900
vn -6.48077000 -71.17994600 -69.93865100
vn -6.97523100 -92.51484900 -37.31419100
vn -12.90624900 -71.17994600 -69.04233500
vn -10.38839500 -92.51484900 -36.51142200
vn -19.22161700 -71.17994600 -67.55697500
vn -13.71292900 -92.51484900 -35.39715100
vn -25.37299200 -71.17994600 -65.49524100
vn -16.92046900 -92.51484900 -33.98088300
vn -31.30789300 -71.17994600 -62.87472600
vn -19.98365000 -92.51484900 -32.27470300
vn -36.97568700 -71.17994600 -59.71778500
vn -22.87633700 -92.51484900 -30.29316600
vn -42.32801800 -71.17994600 -56.05135400
vn -25.57385200 -92.51484900 -28.05317900
vn -47.31922000 -71.17994600 -51.90671200
vn -28.05317900 -92.51484900 -25.57385200
vn -51.90671200 -71.17994600 -47.31922000
vn -30.29316600 -92.51484900 -22.87633700
vn -56.05135400 -71.17994600 -42.32801800
vn -32.27470300 -92.51484900 -19.98365000
vn -59.71778500 -71.17994600 -36.97568700
vn -33.98088300 -92.51484900 -16.92046900
vn -62.87472600 -71.17994600 -31.30789300
vn -35.39715100 -92.51484900 -13.71292900
vn -65.49524100 -71.17994600 -25.37299200
vn -36.51142200 -92.51484900 -10.38839500
vn -67.55697500 -71.17994600 -19.22161700
vn -37.31419100 -92.51484900 -6.97523100
vn -69.04233500 -71.17994600 -12.90624900
vn -37.79860900 -92.51484900 -3.50255700
vn -69.93865100 -71.17994600 -6.48077000
vn -37.96054200 -92.51484900 -0.00000000
vn -70.23827600 -71.17994600 -0.00000000
vn -37.79860900 -92.51484900 3.50255700
vn -69.93865100 -71.17994600 6.48077000
vn -37.31419100 -92.51484900 6.97523100
vn -69.04233500 -71.17994600 12.90624900
vn -36.51142200 -92.51484900 10.38839500
vn -67.55697500 -71.17994600 19.22161700
vn -35.39715100 -92.51484900 13.71292900
vn -65.49524100 -71.17994600 25.37299200
vn -33.98088300 -92.51484900 16.92046900
vn -62.87472600 -71.17994600 31.30789300
vn -32.27470300 -92.51484900 19.98365000
vn -59.71778500 -71.17994600 36.97568700
vn -30.29316600 -92.51484900 22.87633700
vn -56.05135400 -71.17994600 42.32801800
vn -28.05317900 -92.51484900 25.57385200
vn -51.90671200 -71.17994600 47.31922000
vn -25.57385200 -92.51484900 28.05317900
vn -47.31922000 -71.17994600 51.90671200
vn -22.87633700 -92.51484900 30.29316600
vn -42.32801800 -71.17994600 56.05135400
vn -19.98365000 -92.51484900 32.27470300
vn -36.97568700 -71.17994600 59.71778500
vn -16.92046900 -92.51484900 33.98088300
vn -31.30789300 -71.17994600 62.87472600
vn -13.71292900 -92.51484900 35.39715100
vn -25.37299200 -71.17994600 65.49524100
vn -10.38839500 -92.51484900 36.51142200
vn -19.22161700 -71.17994600 67.55697500
vn -6.97523100 -92.51484900 37.31419100
vn -12.90624900 -71.17994600 69.04233500
vn -3.50255700 -92.51484900 37.79860900
vn -6.48077000 -71.17994600 69.93865100
vn -0.00000000 -92.51484900 37.96054200
vn -0.00000000 -71.17994600 70.23827600
vn 3.50255700 -92.51484900 37.79860900
vn 6.48077000 -71.17994600 69.93865100
vn 6.97523100 -92.51484900 37.31419100
vn 12.90624900 -71.17994600 69.04233500
vn 10.38839500 -92.51484900 36.51142200
vn 19.22161700 -71.17994600 67.55697500
vn 13.71292900 -92.51484900 35.39715100
vn 25.37299200 -71.17994600 65.49524100
vn 16.92046900 -92.51484900 33.98088300
vn 31.30789300 -71.17994600 62.87472600
vn 19.98365000 -92.51484900 32.27470300
vn 36.97568700 -71.17994600 59.71778500
vn 22.87633700 -92.51484900 30.29316600
vn 42.32801800 -71.17994600 56.05135400
vn 25.57385200 -92.51484900 28.05317900
vn 47.31922000 -71.17994600 51.90671200
vn 28.05317900 -92.51484900 25.57385200
vn 51.90671200 -71.17994600 47.31922000
vn 30.29316600 -92.51484900 22.87633700
vn 56.05135400 -71.17994600 42.32801800
vn 32.27470300 -92.51484900 19.98365000
vn 59.71778500 -71.17994600 36.97568700
vn 33.98088300 -92.51484900 16.92046900
vn 62.87472600 -71.17994600 31.30789300
vn 35.39715100 -92.51484900 13.71292900
vn 65.49524100 -71.17994600 25.37299200
vn 36.51142200 -92.51484900 10.38839500
vn 67.55697500 -71.17994600 19.22161700
vn 37.31419100 -92.51484900 6.97523100
vn 69.04233500 -71.17994600 12.90624900
vn 37.79860900 -92.51484900 3.50255700
vn 69.93865100 -71.17994600 6.48077000
vn 92.00112700 39.18918900 0.00000000
vn 92.00112700 39.18918900 0.00000000
vn 92.00112700 39.18918900 0.00000000
vn 92.00112700 39.18918900 0.00000000
vn 91.60866700 39.18918900 -8.48879300
vn 91.60866700 39.18918900 -8.48879300
vn 90.43463300 39.18918900 -16.90516300
vn 90.43463300 39.18918900 -16.90516300
vn 88.48904400 39.18918900 -25.17730400
vn 88.48904400 39.18918900 -25.17730400
vn 85.78849600 39.18918900 -33.23464100
vn 85.78849600 39.18918900 -33.23464100
vn 82.35603200 39.18918900 -41.00843100
vn 82.35603200 39.18918900 -41.00843100
vn 78.22093500 39.18918900 -48.43235300
vn 78.22093500 39.18918900 -48.43235300
vn 73.41848500 39.18918900 -55.44306600
vn 73.41848500 39.18918900 -55.44306600
vn 67.98965400 39.18918900 -61.98075900
vn 67.98965400 39.18918900 -61.98075900
vn 61.98075900 39.18918900 -67.98965400
vn 61.98075900 39.18918900 -67.98965400
vn 55.44306600 39.18918900 -73.41848500
vn 55.44306600 39.18918900 -73.41848500
vn 48.43235300 39.18918900 -78.22093500
vn 48.43235300 39.18918900 -78.22093500
vn 41.00843100 39.18918900 -82.35603200
vn 41.00843100 39.18918900 -82.35603200
vn 33.23464100 39.18918900 -85.78849600
vn 33.23464100 39.18918900 -85.78849600
vn 25.17730400 39.18918900 -88.48904400
vn 25.17730400 39.18918900 -88.48904400
vn 16.90516300 39.18918900 -90.43463300
vn 16.90516300 39.18918900 -90.43463300
vn 8.48879300 39.18918900 -91.60866700
vn 8.48879300 39.18918900 -91.60866700
vn -0.00000000 39.18918900 -92.00112700
vn -0.00000000 39.18918900 -92.00112700
vn -8.48879300 39.18918900 -91.60866700
vn -8.48879300 39.18918900 -91.60866700
vn -16.90516300 39.18918900 -90.43463300
vn -16.90516300 39.18918900 -90.43463300
vn -25.17730400 39.18918900 -88.48904400
vn -25.17730400 39.18918900 -88.48904400
vn -33.23464100 39.18918900 -85.78849600
vn -33.23464100 39.18918900 -85.78849600
vn -41.00843100 39.18918900 -82.35603200
vn -41.00843100 39.18918900 -82.35603200
vn -48.43235300 39.18918900 -78.22093500
vn -48.43235300 39.18918900 -78.22093500
vn -55.44306600 39.18918900 -73.41848500
vn -55.44306600 39.18918900 -73.41848500
vn -61.98075900 39.18918900 -67.98965400
vn -61.98075900 39.18918900 -67.98965400
vn -67.98965400 39.18918900 -61.98075900
vn -67.98965400 39.18918900 -61.98075900
vn -73.41848500 39.18918900 -55.44306600
vn -73.41848500 39.18918900 -55.44306600
vn -78.22093500 39.18918900 -48.43235300
vn -78.22093500 39.18918900 -48.43235300
vn -82.35603200 39.18918900 -41.00843100
vn -82.35603200 39.18918900 -41.00843100
vn -85.78849600 39.18918900 -33.23464100
vn -85.78849600 39.18918900 -33.23464100
vn -88.48904400 39.18918900 -25.17730400
vn -88.48904400 39.18918900 -25.17730400
vn -90.43463300 39.18918900 -16.90516300
vn -90.43463300 39.18918900 -16.90516300
vn -91.60866700 39.18918900 -8.48879300
vn -91.60866700 39.18918900 -8.48879300
vn -92.00112700 39.18918900 0.00000000
vn -92.00112700 39.18918900 0.00000000
vn -91.60866700 39.18918900 8.48879300
vn -91.60866700 39.18918900 8.48879300
vn -90.43463300 39.18918900 16.90516300
vn -90.43463300 39.18918900 16.90516300
vn -88.48904400 39.18918900 25.17730400
vn -88.48904400 39.18918900 25.17730400
vn -85.78849600 39.18918900 33.23464100
vn -85.78849600 39.18918900 33.23464100
vn -82.35603200 39.18918900 41.00843100
vn -82.35603200 39.18918900 41.00843100
vn -78.22093500 39.18918900 48.43235300
vn -78.22093500 39.18918900 48.43235300
vn -73.41848500 39.18918900 55.44306600
vn -73.41848500 39.18918900 55.44306600
vn -67.98965400 39.18918900 61.98075900
vn -67.98965400 39.18918900 61.98075900
vn -61.98075900 39.18918900 67.98965400
vn -61.98075900 39.18918900 67.98965400
vn -55.44306600 39.18918900 73.41848500
vn -55.44306600 39.18918900 73.41848500
vn -48.43235300 39.18918900 78.22093500
vn -48.43235300 39.18918900 78.22093500
vn -41.00843100 39.18918900 82.35603200
vn -41.00843100 39.18918900 82.35603200
vn -33.23464100 39.18918900 85.78849600
vn -33.23464100 39.18918900 85.78849600
vn -25.17730400 39.18918900 88.48904400
vn -25.17730400 39.18918900 88.48904400
vn -16.90516300 39.18918900 90.43463300
vn -16.90516300 39.18918900 90.43463300
vn -8.48879300 39.18918900 91.60866700
vn -8.48879300 39.18918900 91.60866700
vn -0.00000000 39.18918900 92.00112700
vn -0.00000000 39.18918900 92.00112700
vn 8.48879300 39.18918900 91.60866700
vn 8.48879300 39.18918900 91.60866700
vn 16.90516300 39.18918900 90.43463300
vn 16.90516300 39.18918900 90.43463300
vn 25.17730400 39.18918900 88.48904400
vn 25.17730400 39.18918900 88.48904400
vn 33.23464100 39.18918900 85.78849600
vn 33.23464100 39.18918900 85.78849600
vn 41.00843100 39.18918900 82.35603200
vn 41.00843100 39.18918900 82.35603200
vn 48.43235300 39.18918900 78.22093500
vn 48.43235300 39.18918900 78.22093500
vn 55.44306600 39.18918900 73.41848500
vn 55.44306600 39.18918900 73.41848500
vn 61.98075900 39.18918900 67.98965400
vn 61.98075900 39.18918900 67.98965400
vn 67.98965400 39.18918900 61.98075900
vn 67.98965400 39.18918900 61.98075900
vn 73.41848500 39.18918900 55.44306600
vn 73.41848500 39.18918900 55.44306600
vn 78.22093500 39.18918900 48.43235300
vn 78.22093500 39.18918900 48.43235300
vn 82.35603200 39.18918900 41.00843100
vn 82.35603200 39.18918900 41.00843100
vn 85.78849600 39.18918900 33.23464100
vn 85.78849600 39.18918900 33.23464100
vn 88.48904400 39.18918900 25.17730400
vn 88.48904400 39.18918900 25.17730400
vn 90.43463300 39.18918900 16.90516300
vn 90.43463300 39.18918900 16.90516300
vn 91.60866700 39.18918900 8.48879300
vn 91.60866700 39.18918900 8.48879300
vn 70.23827600 71.17994600 0.00000000
vn 70.23827600 71.17994600 0.00000000
vn 37.96054200 92.51484900 0.00000000
vn 37.96054200 92.51484900 0.00000000
vn 69.93865100 71.17994600 -6.48077000
vn 37.79860900 92.51484900 -3.50255700
vn 69.04233500 71.17994600 -12.90624900
vn 37.31419100 92.51484900 -6.97523100
vn 67.55697500 71.17994600 -19.22161700
vn 36.51142200 92.51484900 -10.38839500
vn 65.49524100 71.17994600 -25.37299200
vn 35.39715100 92.51484900 -13.71292900
vn 62.87472600 71.17994600 -31.30789300
vn 33.98088300 92.51484900 -16.92046900
vn 59.71778500 71.17994600 -36.97568700
vn 32.27470300 92.51484900 -19.98365000
vn 56.05135400 71.17994600 -42.32801800
vn 30.29316600 92.51484900 -22.87633700
vn 51.90671200 71.17994600 -47.31922000
vn 28.05317900 92.51484900 -25.57385200
vn 47.31922000 71.17994600 -51.90671200
vn 25.57385200 92.51484900 -28.05317900
vn 42.32801800 71.17994600 -56.05135400
vn 22.87633700 92.51484900 -30.29316600
vn 36.97568700 71.17994600 -59.71778500
vn 19.98365000 92.51484900 -32.27470300
vn 31.30789300 71.17994600 -62.87472600
vn 16.92046900 92.51484900 -33.98088300
vn 25.37299200 71.17994600 -65.49524100
vn 13.71292900 92.51484900 -35.39715100
vn 19.22161700 71.17994600 -67.55697500
vn 10.38839500 92.51484900 -36.51142200
vn 12.90624900 71.17994600 -69.04233500
vn 6.97523100 92.51484900 -37.31419100
vn 6.48077000 71.17994600 -69.93865100
vn 3.50255700 92.51484900 -37.79860900
vn -0.00000000 71.17994600 -70.23827600
vn -0.00000000 92.51484900 -37.96054200
vn -6.48077000 71.17994600 -69.93865100
vn -3.50255700 92.51484900 -37.79860900
vn -12.90624900 71.17994600 -69.04233500
vn -6.97523100 92.51484900 -37.31419100
vn -19.22161700 71.17994600 -67.55697500
vn -10.38839500 92.51484900 -36.51142200
vn -25.37299200 71.17994600 -65.49524100
vn -13.71292900 92.51484900 -35.39715100
vn -31.30789300 71.17994600 -62.87472600
vn -16.92046900 92.51484900 -33.98088300
vn -36.97568700 71.17994600 -59.71778500
vn -19.98365000 92.51484900 -32.27470300
vn -42.32801800 71.17994600 -56.05135400
vn -22.87633700 92.51484900 -30.29316600
vn -47.31922000 71.17994600 -51.90671200
vn -25.57385200 92.51484900 -28.05317900
vn -51.90671200 71.17994600 -47.31922000
vn -28.05317900 92.51484900 -25.57385200
vn -56.05135400 71.17994600 -42.32801800
vn -30.29316600 92.51484900 -22.87633700
vn -59.71778500 71.17994600 -36.97568700
vn -32.27470300 92.51484900 -19.98365000
vn -62.87472600 71.17994600 -31.30789300
vn -33.98088300 92.51484900 -16.92046900
vn -65.49524100 71.17994600 -25.37299200
vn -35.39715100 92.51484900 -13.71292900
vn -67.55697500 71.17994600 -19.22161700
vn -36.51142200 92.51484900 -10.38839500
vn -69.04233500 71.17994600 -12.90624900
vn -37.31419100 92.51484900 -6.97523100
vn -69.93865100 71.17994600 -6.48077000
vn -37.79860900 92.51484900 -3.50255700
vn -70.23827600 71.17994600 0.00000000
vn -37.96054200 92.51484900 0.00000000
vn -69.93865100 71.17994600 6.48077000
vn -37.79860900 92.51484900 3.50255700
vn -69.04233500 71.17994600 12.90624900
vn -37.31419100 92.51484900 6.97523100
vn -67.55697500 71.17994600 19.22161700
vn -36.51142200 92.51484900 10.38839500
vn -65.49524100 71.17994600 25.37299200
vn -35.39715100 92.51484900 13.71292900
vn -62.87472600 71.17994600 31.30789300
vn -33.98088300 92.51484900 16.92046900
vn -59.71778500 71.17994600 36.97568700
vn -32.27470300 92.51484900 19.98365000
vn -56.05135400 71.17994600 42.32801800
vn -30.29316600 92.51484900 22.87633700
vn -51.90671200 71.17994600 47.31922000
vn -28.05317900 92.51484900 25.57385200
vn -47.31922000 71.17994600 51.90671200
vn -25.57385200 92.51484900 28.05317900
vn -42.32801800 71.17994600 56.05135400
vn -22.87633700 92.51484900 30.29316600
vn -36.97568700 71.17994600 59.71778500
vn -19.98365000 92.51484900 32.27470300
vn -31.30789300 71.17994600 62.87472600
vn -16.92046900 92.51484900 33.98088300
vn -25.37299200 71.17994600 65.49524100
vn -13.71292900 92.51484900 35.39715100
vn -19.22161700 71.17994600 67.55697500
vn -10.38839500 92.51484900 36.51142200
vn -12.90624900 71.17994600 69.04233500
vn -6.97523100 92.51484900 37.31419100
vn -6.48077000 71.17994600 69.93865100
vn -3.50255700 92.51484900 37.79860900
vn -0.00000000 71.17994600 70.23827600
vn -0.00000000 92.51484900 37.96054200
vn 6.48077000 71.17994600 69.93865100
vn 3.50255700 92.51484900 37.79860900
vn 12.90624900 71.17994600 69.04233500
vn 6.97523100 92.51484900 37.31419100
vn 19.22161700 71.17994600 67.55697500
vn 10.38839500 92.51484900 36.51142200
vn 25.37299200 71.17994600 65.49524100
vn 13.71292900 92.51484900 35.39715100
vn 31.30789300 71.17994600 62.87472600
vn 16.92046900 92.51484900 33.98088300
vn 36.97568700 71.17994600 59.71778500
vn 19.98365000 92.51484900 32.27470300
vn 42.32801800 71.17994600 56.05135400
vn 22.87633700 92.51484900 30.29316600
vn 47.31922000 71.17994600 51.90671200
vn 25.57385200 92.51484900 28.05317900
vn 51.90671200 71.17994600 47.31922000
vn 28.05317900 92.51484900 25.57385200
vn 56.05135400 71.17994600 42.32801800
vn 30.29316600 92.51484900 22.87633700
vn 59.71778500 71.17994600 36.97568700
vn 32.27470300 92.51484900 19.98365000
vn 62.87472600 71.17994600 31.30789300
vn 33.98088300 92.51484900 16.92046900
vn 65.49524100 71.17994600 25.37299200
vn 35.39715100 92.51484900 13.71292900
vn 67.55697500 71.17994600 19.22161700
vn 36.51142200 92.51484900 10.38839500
vn 69.04233500 71.17994600 12.90624900
vn 37.31419100 92.51484900 6.97523100
vn 69.93865100 71.17994600 6.48077000
vn 37.79860900 92.51484900 3.50255700
vn -82.04086800 -0.00000000 57.17775800
vn -48.68313800 -0.00000000 87.34959700
vn -5.47642800 -0.00000000 99.84993100
vn 44.13717200 -0.00000000 89.73243600
vn 76.54121200 -0.00000000 64.35404300
vn 95.97852300 -0.00000000 28.07353100
vn -67.26068400 -0.00000000 74.00000200
vn -28.02543600 -0.00000000 95.99257800
vn 16.87957700 -0.00000000 98.56510500
vn 62.99790600 -0.00000000 77.66121200
vn 88.94228600 -0.00000000 45.70853100
vn 99.81908900 -0.00000000 6.01243900
vn -49.10776900 -0.00000000 87.11157800
vn -5.96242100 -0.00000000 99.82208900
vn 38.38917000 -0.00000000 92.33781200
vn 78.69966300 -0.00000000 61.69573000
vn 96.88342200 -0.00000000 24.77100200
vn 98.65431000 0.00000000 -16.35014300
vn -28.49238500 -0.00000000 95.85501600
vn 16.39957300 -0.00000000 98.64610500
vn 57.97377000 -0.00000000 81.48031700
vn 90.45508900 -0.00000000 42.63656700
vn 99.96641900 -0.00000000 2.59135200
vn 92.54259100 0.00000000 -37.89286000
vn -6.44827400 -0.00000000 99.79188200
vn 37.93922500 -0.00000000 92.52359300
vn 74.65132300 -0.00000000 66.53705800
vn 97.67472000 -0.00000000 21.43942800
vn 98.03668200 0.00000000 -19.71823900
vn 81.79040100 0.00000000 -57.53547000
vn 15.91918100 -0.00000000 98.72476700
vn 57.57644600 -0.00000000 81.76156100
vn 87.58554600 -0.00000000 48.25735300
vn 99.99653200 0.00000000 -0.83277300
vn 91.19097700 0.00000000 -41.03907600
vn 66.93689800 0.00000000 -74.29301200
vn 37.48838100 -0.00000000 92.70718000
vn 74.32654300 -0.00000000 66.89966400
vn 96.12786500 -0.00000000 27.55782300
vn 97.30410100 0.00000000 -23.06321500
vn 79.77257500 0.00000000 -60.30204200
vn 48.72690000 0.00000000 -87.32519300
vn 57.17775800 -0.00000000 82.04086800
vn 87.34959700 -0.00000000 48.68313800
vn 99.84993100 -0.00000000 5.47642800
vn 89.73243600 0.00000000 -44.13717200
vn 64.35404300 0.00000000 -76.54121200
vn 28.07353100 0.00000000 -95.97852300
vn 74.00000200 -0.00000000 67.26068400
vn 95.99257800 -0.00000000 28.02543600
vn 98.56510500 0.00000000 -16.87957700
vn 77.66121200 0.00000000 -62.99790600
vn 45.70853100 0.00000000 -88.94228600
vn 6.01243900 0.00000000 -99.81908900
vn 87.11157800 -0.00000000 49.10776900
vn 99.82208900 -0.00000000 5.96242100
vn 92.33781200 0.00000000 -38.38917000
vn 61.69573000 0.00000000 -78.69966300
vn 24.77100200 0.00000000 -96.88342200
vn -16.35014300 0.00000000 -98.65431000
vn 95.85501600 -0.00000000 28.49238500
vn 98.64610500 0.00000000 -16.39957300
vn 81.48031700 0.00000000 -57.97377000
vn 42.63656700 0.00000000 -90.45508900
vn 2.59135200 0.00000000 -99.96641900
vn -37.89286000 0.00000000 -92.54259100
vn 99.79188200 -0.00000000 6.44827400
vn 92.52359300 0.00000000 -37.93922500
vn 66.53705800 0.00000000 -74.65132300
vn 21.43942800 0.00000000 -97.67472000
vn -19.71823900 0.00000000 -98.03668200
vn -57.53547000 0.00000000 -81.79040100
vn 98.72476700 0.00000000 -15.91918100
vn 81.76156100 0.00000000 -57.57644600
vn 48.25735300 0.00000000 -87.58554600
vn -0.83277300 0.00000000 -99.99653200
vn -41.03907600 0.00000000 -91.19097700
vn -74.29301200 0.00000000 -66.93689800
vn 92.70718000 0.00000000 -37.48838100
vn 66.89966400 0.00000000 -74.32654300
vn 27.55782300 0.00000000 -96.12786500
vn -23.06321500 0.00000000 -97.30410100
vn -60.30204200 0.00000000 -79.77257500
vn -87.32519300 0.00000000 -48.72690000
vn 82.04086800 0.00000000 -57.17775800
vn 48.68313800 0.00000000 -87.34959700
vn 5.47642800 0.00000000 -99.84993100
vn -44.13717200 0.00000000 -89.73243600
vn -76.54121200 0.00000000 -64.35404300
vn -95.97852300 0.00000000 -28.07353100
vn 67.26068400 0.00000000 -74.00000200
vn 28.02543600 0.00000000 -95.99257800
vn -16.87957700 0.00000000 -98.56510500
vn -62.99790600 0.00000000 -77.66121200
vn -88.94228600 0.00000000 -45.70853100
vn -99.81908900 0.00000000 -6.01243900
vn 49.10776900 0.00000000 -87.11157800
vn 5.96242100 0.00000000 -99.82208900
vn -38.38917000 0.00000000 -92.33781200
vn -78.69966300 0.00000000 -61.69573000
vn -96.88342200 0.00000000 -24.77100200
vn -98.65431000 -0.00000000 16.35014300
vn 28.49238500 0.00000000 -95.85501600
vn -16.39957300 0.00000000 -98.64610500
vn -57.97377000 0.00000000 -81.48031700
vn -90.45508900 0.00000000 -42.63656700
vn -99.96641900 0.00000000 -2.59135200
vn -92.54259100 -0.00000000 37.89286000
vn 6.44827400 0.00000000 -99.79188200
vn -37.93922500 0.00000000 -92.52359300
vn -74.65132300 0.00000000 -66.53705800
vn -97.67472000 0.00000000 -21.43942800
vn -98.03668200 -0.00000000 19.71823900
vn -81.79040100 -0.00000000 57.53547000
vn -15.91918100 0.00000000 -98.72476700
vn -57.57644600 0.00000000 -81.76156100
vn -87.58554600 0.00000000 -48.25735300
vn -99.99653200 -0.00000000 0.83277300
vn -91.19097700 -0.00000000 41.03907600
vn -66.93689800 -0.00000000 74.29301200
vn -37.48838100 0.00000000 -92.70718000
vn -74.32654300 0.00000000 -66.89966400
vn -96.12786500 0.00000000 -27.55782300
vn -97.30410100 -0.00000000 23.06321500
vn -79.77257500 -0.00000000 60.30204200
vn -48.72690000 -0.00000000 87.32519300
vn -57.17775800 0.00000000 -82.04086800
vn -87.34959700 0.00000000 -48.68313800
vn -99.84993100 0.00000000 -5.47642800
vn -89.73243600 -0.00000000 44.13717200
vn -64.35404300 -0.00000000 76.54121200
vn -28.07353100 -0.00000000 95.97852300
vn -74.00000200 0.00000000 -67.26068400
vn -95.99257800 0.00000000 -28.02543600
vn -98.56510500 -0.00000000 16.87957700
vn -77.66121200 -0.00000000 62.99790600
vn -45.70853100 -0.00000000 88.94228600
vn -6.01243900 -0.00000000 99.81908900
vn -87.11157800 0.00000000 -49.10776900
vn -99.82208900 0.00000000 -5.96242100
vn -92.33781200 -0.00000000 38.38917000
vn -61.69573000 -0.00000000 78.69966300
vn -24.77100200 -0.00000000 96.88342200
vn 16.35014300 -0.00000000 98.65431000
vn -95.85501600 0.00000000 -28.49238500
vn -98.64610500 -0.00000000 16.39957300
vn -81.48031700 -0.00000000 57.97377000
vn -42.63656700 -0.00000000 90.45508900
vn -2.59135200 -0.00000000 99.96641900
vn 37.89286000 -0.00000000 92.54259100
vn -99.79188200 0.00000000 -6.44827400
vn -92.52359300 -0.00000000 37.93922500
vn -66.53705800 -0.00000000 74.65132300
vn -21.43942800 -0.00000000 97.67472000
vn 19.71823900 -0.00000000 98.03668200
vn 57.53547000 -0.00000000 81.79040100
vn -98.72476700 -0.00000000 15.91918100
vn -81.76156100 -0.00000000 57.57644600
vn -48.25735300 -0.00000000 87.58554600
vn 0.83277300 -0.00000000 99.99653200
vn 41.03907600 -0.00000000 91.19097700
vn 74.29301200 -0.00000000 66.93689800
vn -92.70718000 -0.00000000 37.48838100
vn -66.89966400 -0.00000000 74.32654300
vn -27.55782300 -0.00000000 96.12786500
vn 23.06321500 -0.00000000 97.30410100
vn 60.30204200 -0.00000000 79.77257500
vn 87.32519300 -0.00000000 48.72690000
vn 96.41810400 -26.52450300 -0.00000000
vn 96.41810400 -26.52450300 -0.00000000
vn 99.10048000 -13.38263100 0.00000000
vn 99.10048000 -13.38263100 0.00000000
vn 100.00000000 0.00000000 0.00000000
vn 100.00000000 0.00000000 0.00000000
vn 99.10048000 13.38263100 0.00000000
vn 99.10048000 13.38263100 0.00000000
vn 96.41810400 26.52450300 0.00000000
vn 96.41810400 26.52450300 0.00000000
vn 96.01862800 -26.52450300 -8.76776700
vn 98.68989100 -13.38263100 -9.01168900
vn 99.58568400 0.00000000 -9.09348600
vn 98.68989100 13.38263100 -9.01168900
vn 96.01862800 26.52450300 -8.76776700
vn 94.82351200 -26.52450300 -17.46288100
vn 97.46152700 -13.38263100 -17.94870300
vn 98.34617000 0.00000000 -18.11162100
vn 97.46152700 13.38263100 -17.94870300
vn 94.82351200 26.52450300 -17.46288100
vn 92.84265900 -26.52450300 -26.01329300
vn 95.42556600 -13.38263100 -26.73699000
vn 96.29172900 0.00000000 -26.97967700
vn 95.42556600 13.38263100 -26.73699000
vn 92.84265900 26.52450300 -26.01329300
vn 90.09248200 -26.52450300 -34.34815000
vn 92.59887800 -13.38263100 -35.30372500
vn 93.43938400 0.00000000 -35.62417100
vn 92.59887800 13.38263100 -35.30372500
vn 90.09248200 26.52450300 -34.34815000
vn 86.59577000 -26.52450300 -42.39838800
vn 89.00488700 -13.38263100 -43.57792200
vn 89.81277100 0.00000000 -43.97347200
vn 89.00488700 13.38263100 -43.57792200
vn 86.59577000 26.52450300 -42.39838800
vn 82.38149900 -26.52450300 -50.09729900
vn 84.67337300 -13.38263100 -51.49101900
vn 85.44194000 0.00000000 -51.95839500
vn 84.67337300 13.38263100 -51.49101900
vn 82.38149900 26.52450300 -50.09729900
vn 77.48458800 -26.52450300 -57.38108800
vn 79.64022900 -13.38263100 -58.97744500
vn 80.36311200 0.00000000 -59.51277400
vn 79.64022900 13.38263100 -58.97744500
vn 77.48458800 26.52450300 -57.38108800
vn 71.94561600 -26.52450300 -64.18940000
vn 73.94716200 -13.38263100 -65.97516600
vn 74.61836900 0.00000000 -66.57401200
vn 73.94716200 13.38263100 -65.97516600
vn 71.94561600 26.52450300 -64.18940000
vn 65.81048000 -26.52450300 -70.46581800
vn 67.64134400 -13.38263100 -72.42619500
vn 68.25531400 0.00000000 -73.08359600
vn 67.64134400 13.38263100 -72.42619500
vn 65.81048000 26.52450300 -70.46581800
vn 59.13001700 -26.52450300 -76.15833400
vn 60.77502900 -13.38263100 -78.27707800
vn 61.32667500 0.00000000 -78.98758700
vn 60.77502900 13.38263100 -78.27707800
vn 59.13001700 26.52450300 -76.15833400
vn 51.95958500 -26.52450300 -81.21977800
vn 53.40511400 -13.38263100 -83.47933300
vn 53.88986400 0.00000000 -84.23706200
vn 53.40511400 13.38263100 -83.47933300
vn 51.95958500 26.52450300 -81.21977800
vn 44.35859900 -26.52450300 -85.60820900
vn 45.59266600 -13.38263100 -87.98985200
vn 46.00650400 0.00000000 -88.78852200
vn 45.59266600 13.38263100 -87.98985200
vn 44.35859900 26.52450300 -85.60820900
vn 36.39004300 -26.52450300 -89.28726400
vn 37.40242400 -13.38263100 -91.77125900
vn 37.74192000 0.00000000 -92.60425200
vn 37.40242400 13.38263100 -91.77125900
vn 36.39004300 26.52450300 -89.28726400
vn 28.11994800 -26.52450300 -92.22645600
vn 28.90225300 -13.38263100 -94.79222000
vn 29.16459400 0.00000000 -95.65263400
vn 28.90225300 13.38263100 -94.79222000
vn 28.11994800 26.52450300 -92.22645600
vn 19.61684300 -26.52450300 -94.40143100
vn 20.16258900 -13.38263100 -97.02770300
vn 20.34560100 0.00000000 -97.90840900
vn 20.16258900 13.38263100 -97.02770300
vn 19.61684300 26.52450300 -94.40143100
vn 10.95118600 -26.52450300 -95.79416600
vn 11.25585100 -13.38263100 -98.45918400
vn 11.35801900 0.00000000 -99.35288300
vn 11.25585100 13.38263100 -98.45918400
vn 10.95118600 26.52450300 -95.79416600
vn 2.19478400 -26.52450300 -96.39312000
vn 2.25584400 -13.38263100 -99.07480200
vn 2.27632000 0.00000000 -99.97408800
vn 2.25584400 13.38263100 -99.07480200
vn 2.19478400 26.52450300 -96.39312000
vn -6.57980400 -26.52450300 -96.19333100
vn -6.76285600 -13.38263100 -98.86945400
vn -6.82424100 0.00000000 -99.76687700
vn -6.76285600 13.38263100 -98.86945400
vn -6.57980400 26.52450300 -96.19333100
vn -15.29987000 -26.52450300 -95.19645300
vn -15.72551700 -13.38263100 -97.84484300
vn -15.86825500 0.00000000 -98.73296600
vn -15.72551700 13.38263100 -97.84484300
vn -15.29987000 26.52450300 -95.19645300
vn -23.89315700 -26.52450300 -93.41074800
vn -24.55787100 -13.38263100 -96.00945900
vn -24.78077900 0.00000000 -96.88092200
vn -24.55787100 13.38263100 -96.00945900
vn -23.89315700 26.52450300 -93.41074800
vn -32.28845700 -26.52450300 -90.85101100
vn -33.18673000 -13.38263100 -93.37851000
vn -33.48796100 0.00000000 -94.22609200
vn -33.18673000 13.38263100 -93.37851000
vn -32.28845700 26.52450300 -90.85101100
vn -40.41620500 -26.52450300 -87.53845500
vn -41.54059400 -13.38263100 -89.97379700
vn -41.91765200 0.00000000 -90.79047600
vn -41.54059400 13.38263100 -89.97379700
vn -40.41620500 26.52450300 -87.53845500
vn -48.20905200 -26.52450300 -83.50052700
vn -49.55024000 -13.38263100 -85.82353300
vn -50.00000000 0.00000000 -86.60254000
vn -49.55024000 13.38263100 -85.82353300
vn -48.20905200 26.52450300 -83.50052700
vn -55.60242300 -26.52450300 -78.77068800
vn -57.14929700 -13.38263100 -80.96210900
vn -57.66803200 0.00000000 -81.69698900
vn -57.14929700 13.38263100 -80.96210900
vn -55.60242300 26.52450300 -78.77068800
vn -62.53505500 -26.52450300 -73.38813000
vn -64.27479700 -13.38263100 -75.42980700
vn -64.85820900 0.00000000 -76.11447100
vn -64.27479700 13.38263100 -75.42980700
vn -62.53505500 26.52450300 -73.38813000
vn -68.94950200 -26.52450300 -67.39745500
vn -70.86769500 -13.38263100 -69.27246900
vn -71.51095000 0.00000000 -69.90124500
vn -70.86769500 13.38263100 -69.27246900
vn -68.94950200 26.52450300 -67.39745500
vn -74.79261200 -26.52450300 -60.84830300
vn -76.87336100 -13.38263100 -62.54111800
vn -77.57112900 0.00000000 -63.10879400
vn -76.87336100 13.38263100 -62.54111800
vn -74.79261200 26.52450300 -60.84830300
vn -80.01596600 -26.52450300 -53.79494300
vn -82.24203100 -13.38263100 -55.29153200
vn -82.98852900 0.00000000 -55.79340500
vn -82.24203100 13.38263100 -55.29153200
vn -80.01596600 26.52450300 -53.79494300
vn -84.57628300 -26.52450300 -46.29582100
vn -86.92921700 -13.38263100 -47.58378300
vn -87.71826000 0.00000000 -48.01569300
vn -86.92921700 13.38263100 -47.58378300
vn -84.57628300 26.52450300 -46.29582100
vn -88.43577400 -26.52450300 -38.41307800
vn -90.89608000 -13.38263100 -39.48173900
vn -91.72113000 0.00000000 -39.84010900
vn -90.89608000 13.38263100 -39.48173900
vn -88.43577400 26.52450300 -38.41307800
vn -91.56245900 -26.52450300 -30.21203100
vn -94.10975000 -13.38263100 -31.05253800
vn -94.96397000 0.00000000 -31.33439700
vn -94.10975000 13.38263100 -31.05253800
vn -91.56245900 26.52450300 -30.21203100
vn -93.93042800 -26.52450300 -21.76063800
vn -96.54359700 -13.38263100 -22.36602500
vn -97.41990800 0.00000000 -22.56903800
vn -96.54359700 13.38263100 -22.36602500
vn -93.93042800 26.52450300 -21.76063800
vn -95.52006000 -26.52450300 -13.12893000
vn -98.17745300 -13.38263100 -13.49418000
vn -99.06859500 0.00000000 -13.61666500
vn -98.17745300 13.38263100 -13.49418000
vn -95.52006000 26.52450300 -13.12893000
vn -96.31818300 -26.52450300 -4.38843100
vn -98.99778000 -13.38263100 -4.51051900
vn -99.89636700 0.00000000 -4.55146000
vn -98.99778000 13.38263100 -4.51051900
vn -96.31818300 26.52450300 -4.38843100
vn -96.31818300 -26.52450300 4.38843100
vn -98.99778000 -13.38263100 4.51051900
vn -99.89636700 0.00000000 4.55146000
vn -98.99778000 13.38263100 4.51051900
vn -96.31818300 26.52450300 4.38843100
vn -95.52006000 -26.52450300 13.12893000
vn -98.17745300 -13.38263100 13.49418000
vn -99.06859500 0.00000000 13.61666500
vn -98.17745300 13.38263100 13.49418000
vn -95.52006000 26.52450300 13.12893000
vn -93.93042800 -26.52450300 21.76063800
vn -96.54359700 -13.38263100 22.36602500
vn -97.41990800 0.00000000 22.56903800
vn -96.54359700 13.38263100 22.36602500
vn -93.93042800 26.52450300 21.76063800
vn -91.56245900 -26.52450300 30.21203100
vn -94.10975000 -13.38263100 31.05253800
vn -94.96397000 0.00000000 31.33439700
vn -94.10975000 13.38263100 31.05253800
vn -91.56245900 26.52450300 30.21203100
vn -88.43577400 -26.52450300 38.41307800
vn -90.89608000 -13.38263100 39.48173900
vn -91.72113000 0.00000000 39.84010900
vn -90.89608000 13.38263100 39.48173900
vn -88.43577400 26.52450300 38.41307800
vn -84.57628300 -26.52450300 46.29582100
vn -86.92921700 -13.38263100 47.58378300
vn -87.71826000 0.00000000 48.01569300
vn -86.92921700 13.38263100 47.58378300
vn -84.57628300 26.52450300 46.29582100
vn -80.01596600 -26.52450300 53.79494300
vn -82.24203100 -13.38263100 55.29153200
vn -82.98852900 0.00000000 55.79340500
vn -82.24203100 13.38263100 55.29153200
vn -80.01596600 26.52450300 53.79494300
vn -74.79261200 -26.52450300 60.84830300
vn -76.87336100 -13.38263100 62.54111800
vn -77.57112900 0.00000000 63.10879400
vn -76.87336100 13.38263100 62.54111800
vn -74.79261200 26.52450300 60.84830300
vn -68.94950200 -26.52450300 67.39745500
vn -70.86769500 -13.38263100 69.27246900
vn -71.51095000 0.00000000 69.90124500
vn -70.86769500 13.38263100 69.27246900
vn -68.94950200 26.52450300 67.39745500
vn -62.53505500 -26.52450300 73.38813000
vn -64.27479700 -13.38263100 75.42980700
vn -64.85820900 0.00000000 76.11447100
vn -64.27479700 13.38263100 75.42980700
vn -62.53505500 26.52450300 73.38813000
vn -55.60242300 -26.52450300 78.77068800
vn -57.14929700 -13.38263100 80.96210900
vn -57.66803200 0.00000000 81.69698900
vn -57.14929700 13.38263100 80.96210900
vn -55.60242300 26.52450300 78.77068800
vn -48.20905200 -26.52450300 83.50052700
vn -49.55024000 -13.38263100 85.82353300
vn -50.00000000 0.00000000 86.60254000
vn -49.55024000 13.38263100 85.82353300
vn -48.20905200 26.52450300 83.50052700
vn -40.41620500 -26.52450300 87.53845500
vn -41.54059400 -13.38263100 89.97379700
vn -41.91765200 0.00000000 90.79047600
vn -41.54059400 13.38263100 89.97379700
vn -40.41620500 26.52450300 87.53845500
vn -32.28845700 -26.52450300 90.85101100
vn -33.18673000 -13.38263100 93.37851000
vn -33.48796100 0.00000000 94.22609200
vn -33.18673000 13.38263100 93.37851000
vn -32.28845700 26.52450300 90.85101100
vn -23.89315700 -26.52450300 93.41074800
vn -24.55787100 -13.38263100 96.00945900
vn -24.78077900 0.00000000 96.88092200
vn -24.55787100 13.38263100 96.00945900
vn -23.89315700 26.52450300 93.41074800
vn -15.29987000 -26.52450300 95.19645300
vn -15.72551700 -13.38263100 97.84484300
vn -15.86825500 0.00000000 98.73296600
vn -15.72551700 13.38263100 97.84484300
vn -15.29987000 26.52450300 95.19645300
vn -6.57980400 -26.52450300 96.19333100
vn -6.76285600 -13.38263100 98.86945400
vn -6.82424100 0.00000000 99.76687700
vn -6.76285600 13.38263100 98.86945400
vn -6.57980400 26.52450300 96.19333100
vn 2.19478400 -26.52450300 96.39312000
vn 2.25584400 -13.38263100 99.07480200
vn 2.27632000 0.00000000 99.97408800
vn 2.25584400 13.38263100 99.07480200
vn 2.19478400 26.52450300 96.39312000
vn 10.95118600 -26.52450300 95.79416600
vn 11.25585100 -13.38263100 98.45918400
vn 11.35801900 0.00000000 99.35288300
vn 11.25585100 13.38263100 98.45918400
vn 10.95118600 26.52450300 95.79416600
vn 19.61684300 -26.52450300 94.40143100
vn 20.16258900 -13.38263100 97.02770300
vn 20.34560100 0.00000000 97.90840900
vn 20.16258900 13.38263100 97.02770300
vn 19.61684300 26.52450300 94.40143100
vn 28.11994800 -26.52450300 92.22645600
vn 28.90225300 -13.38263100 94.79222000
vn 29.16459400 0.00000000 95.65263400
vn 28.90225300 13.38263100 94.79222000
vn 28.11994800 26.52450300 92.22645600
vn 36.39004300 -26.52450300 89.28726400
vn 37.40242400 -13.38263100 91.77125900
vn 37.74192000 0.00000000 92.60425200
vn 37.40242400 13.38263100 91.77125900
vn 36.39004300 26.52450300 89.28726400
vn 44.35859900 -26.52450300 85.60820900
vn 45.59266600 -13.38263100 87.98985200
vn 46.00650400 0.00000000 88.78852200
vn 45.59266600 13.38263100 87.98985200
vn 44.35859900 26.52450300 85.60820900
vn 51.95958500 -26.52450300 81.21977800
vn 53.40511400 -13.38263100 83.47933300
vn 53.88986400 0.00000000 84.23706200
vn 53.40511400 13.38263100 83.47933300
vn 51.95958500 26.52450300 81.21977800
vn 59.13001700 -26.52450300 76.15833400
vn 60.77502900 -13.38263100 78.27707800
vn 61.32667500 0.00000000 78.98758700
vn 60.77502900 13.38263100 78.27707800
vn 59.13001700 26.52450300 76.15833400
vn 65.81048000 -26.52450300 70.46581800
vn 67.64134400 -13.38263100 72.42619500
vn 68.25531400 0.00000000 73.08359600
vn 67.64134400 13.38263100 72.42619500
vn 65.81048000 26.52450300 70.46581800
vn 71.94561600 -26.52450300 64.18940000
vn 73.94716200 -13.38263100 65.97516600
vn 74.61836900 0.00000000 66.57401200
vn 73.94716200 13.38263100 65.97516600
vn 71.94561600 26.52450300 64.18940000
vn 77.48458800 -26.52450300 57.38108800
vn 79.64022900 -13.38263100 58.97744500
vn 80.36311200 0.00000000 59.51277400
vn 79.64022900 13.38263100 58.97744500
vn 77.48458800 26.52450300 57.38108800
vn 82.38149900 -26.52450300 50.09729900
vn 84.67337300 -13.38263100 51.49101900
vn 85.44194000 0.00000000 51.95839500
vn 84.67337300 13.38263100 51.49101900
vn 82.38149900 26.52450300 50.09729900
vn 86.59577000 -26.52450300 42.39838800
vn 89.00488700 -13.38263100 43.57792200
vn 89.81277100 0.00000000 43.97347200
vn 89.00488700 13.38263100 43.57792200
vn 86.59577000 26.52450300 42.39838800
vn 90.09248200 -26.52450300 34.34815000
vn 92.59887800 -13.38263100 35.30372500
vn 93.43938400 0.00000000 35.62417100
vn 92.59887800 13.38263100 35.30372500
vn 90.09248200 26.52450300 34.34815000
vn 92.84265900 -26.52450300 26.01329300
vn 95.42556600 -13.38263100 26.73699000
vn 96.29172900 0.00000000 26.97967700
vn 95.42556600 13.38263100 26.73699000
vn 92.84265900 26.52450300 26.01329300
vn 94.82351200 -26.52450300 17.46288100
vn 97.46152700 -13.38263100 17.94870300
vn 98.34617000 0.00000000 18.11162100
vn 97.46152700 13.38263100 17.94870300
vn 94.82351200 26.52450300 17.46288100
vn 96.01862800 -26.52450300 8.76776700
vn 98.68989100 -13.38263100 9.01168900
vn 99.58568400 0.00000000 9.09348600
vn 98.68989100 13.38263100 9.01168900
vn 96.01862800 26.52450300 8.76776700
vt -0.35355300 2.83784600
vt -1.25000000 0.09662600
vt 1.25000000 2.86680300
vt -1.24057500 0.04236100
vt -0.36688300 2.89049900
vt -0.40218800 2.93421800
vt -1.21561000 -0.00844800
vt -0.50353300 2.98359100
vt -0.22214500 -1.14394800
vt -1.14394800 -0.09662600
vt 1.14394800 -0.09662600
vt -0.22214500 1.14394800
vt -0.50353300 -2.98359100
vt -0.40218800 -2.93421800
vt 1.21561000 -0.00844800
vt -0.36688300 -2.89049900
vt 1.24057500 0.04236100
vt -1.25000000 2.86680300
vt 1.25000000 0.09662600
vt -0.35355300 -2.83784600
vt 0.00000000 0.03220900
vt 0.00000000 -0.03220900
vt -1.06405100 3.12520100
vt 0.19628500 -0.74760200
vt 0.74760200 -0.08987200
vt -1.06405100 -3.12520100
vt 0.19628500 0.74760200
vt -0.74760200 -0.08987200
vt -0.79498200 -3.05402900
vt -0.00508800 0.93786300
vt -1.20208200 -3.27915000
vt -0.65000000 0.08987200
vt 0.65000000 -9.74404600
vt -1.18968000 -3.22324800
vt -0.65876900 0.03918500
vt -1.15708800 -3.17723400
vt -0.68181500 -0.00807900
vt -1.15708800 3.17723400
vt 0.68181500 -0.00807900
vt 0.65876900 0.03918500
vt -1.18968000 3.22324800
vt -0.65000000 -9.74404600
vt 0.65000000 0.08987200
vt -1.20208200 3.27915000
vt 0.00000000 0.02995700
vt 0.00000000 -0.02995700
vt -0.65000000 -10.08097900
vt -1.20208200 3.65868400
vt -1.20208200 4.03821800
vt -0.65000000 -10.41791300
vt -0.65000000 0.08987200
vt -1.20208200 4.41775200
vt -0.65000000 -10.75484600
vt 0.65000000 -10.75484600
vt 0.65000000 0.08987200
vt -1.20208200 -4.41775200
vt 0.65000000 -10.41791300
vt -1.20208200 -4.03821800
vt -1.20208200 -3.65868400
vt 0.65000000 -10.08097900
vt 0.35355300 -15.39380400
vt 0.00000000 -14.09687400
vt 0.35355300 15.39380400
vt 0.35355300 -14.81290600
vt 0.64458900 -14.05862100
vt 1.28012900 -13.94439900
vt 0.35355300 -14.23200700
vt 0.35355300 -13.65110900
vt 1.89769900 -13.75581100
vt 2.48862900 -13.49550500
vt 0.35355300 -13.07021100
vt 0.35355300 -12.48931300
vt 3.04462500 -13.16713500
vt 3.55788100 -12.77531000
vt 0.35355300 -11.90841400
vt 0.35355300 -11.32751600
vt 4.02119100 -12.32553100
vt 0.35355300 -10.74661800
vt 4.42805300 -11.82411200
vt 4.77275500 -11.27809100
vt 0.35355300 -10.16572000
vt 0.35355300 -9.58482100
vt 5.05045800 -10.69513400
vt 5.25726400 -10.08342400
vt 0.35355300 -9.00392300
vt 0.35355300 -8.42302500
vt 5.39026900 -9.45154700
vt 5.44760700 -8.80837500
vt 0.35355300 -7.84212700
vt 5.42847200 -8.16293600
vt 0.35355300 -7.26122800
vt 5.33313300 -7.52429000
vt 0.35355300 -6.68033000
vt 0.35355300 -6.09943200
vt 5.16292900 -6.90140300
vt 4.92024800 -6.30301800
vt 0.35355300 -5.51853400
vt 4.60849800 -5.73753600
vt 0.35355300 -4.93763500
vt 4.23205500 -5.21289500
vt 0.35355300 -4.35673700
vt 3.79620300 -4.73645900
vt 0.35355300 -3.77583900
vt 3.30706100 -4.31491700
vt 0.35355300 -3.19494000
vt 2.77149500 -3.95418600
vt 0.35355300 -2.61404200
vt 2.19702300 -3.65933000
vt 0.35355300 -2.03314400
vt 1.59170900 -3.43448800
vt 0.35355300 -1.45224600
vt 0.96405200 -3.28281700
vt 0.35355300 -0.87134700
vt 0.32286100 -3.20644500
vt 0.35355300 -0.29044900
vt -0.32286100 -3.20644500
vt 0.35355300 0.29044900
vt 0.35355300 0.87134700
vt -0.96405200 -3.28281700
vt -1.59170900 -3.43448800
vt 0.35355300 1.45224600
vt -2.19702300 -3.65933000
vt 0.35355300 2.03314400
vt -2.77149500 -3.95418600
vt 0.35355300 2.61404200
vt 0.35355300 3.19494000
vt -3.30706100 -4.31491700
vt 0.35355300 3.77583900
vt -3.79620300 -4.73645900
vt 0.35355300 4.35673700
vt -4.23205500 -5.21289500
vt 0.35355300 4.93763500
vt -4.60849800 -5.73753600
vt -4.92024800 -6.30301800
vt 0.35355300 5.51853400
vt 0.35355300 6.09943200
vt -5.16292900 -6.90140300
vt 0.35355300 6.68033000
vt -5.33313300 -7.52429000
vt -5.42847200 -8.16293600
vt 0.35355300 7.26122800
vt -5.44760700 -8.80837500
vt 0.35355300 7.84212700
vt -5.39026900 -9.45154700
vt 0.35355300 8.42302500
vt -5.25726400 -10.08342400
vt 0.35355300 9.00392300
vt 0.35355300 9.58482100
vt -5.05045800 -10.69513400
vt 0.35355300 10.16572000
vt -4.77275500 -11.27809100
vt -4.42805300 -11.82411200
vt 0.35355300 10.74661800
vt -4.02119100 -12.32553100
vt 0.35355300 11.32751600
vt -3.55788100 -12.77531000
vt 0.35355300 11.90841400
vt -3.04462500 -13.16713500
vt 0.35355300 12.48931300
vt -2.48862900 -13.49550500
vt 0.35355300 13.07021100
vt -1.89769900 -13.75581100
vt 0.35355300 13.65110900
vt -1.28012900 -13.94439900
vt 0.35355300 14.23200700
vt 0.35355300 14.81290600
vt -0.64458900 -14.05862100
vt -0.65000000 0.08987200
vt -1.20208200 -14.82450300
vt -0.65000000 6.32756400
vt -1.20208200 -15.20403700
vt -1.20208200 15.58357100
vt -0.65000000 6.66449700
vt -1.20208200 15.20403700
vt -0.65000000 7.00143100
vt -1.20208200 14.82450300
vt -0.65000000 7.33836400
vt 0.65000000 0.08987200
vt -1.18968000 14.76860100
vt 0.65876900 0.03918500
vt 0.68181500 -0.00807900
vt -1.15708800 14.72258700
vt -1.06405100 14.67055400
vt 0.19628500 -0.74760200
vt 0.74760200 -0.08987200
vt -0.50353300 14.52894400
vt -0.22214500 -1.14394800
vt -1.14394800 -0.09662600
vt -0.40218800 14.47957100
vt -1.21561000 -0.00844800
vt -1.24057500 0.04236100
vt -0.36688300 14.43585200
vt -1.25000000 0.09662600
vt -0.35355300 14.38319900
vt 1.25000000 14.52996600
vt 1.25000000 13.91467100
vt -0.35355300 13.77411900
vt 1.25000000 13.29937600
vt -0.35355300 13.16503800
vt 1.25000000 0.09662600
vt -0.35355300 12.55595800
vt 1.25000000 12.68408000
vt 1.24057500 0.04236100
vt -0.36688300 12.50330500
vt 1.21561000 -0.00844800
vt -0.40218800 12.45958600
vt 1.14394800 -0.09662600
vt -0.50353300 12.41021300
vt 0.22214500 -1.14394800
vt -1.06405100 12.26860300
vt -0.19628500 -0.74760200
vt -0.74760200 -0.08987200
vt -0.68181500 -0.00807900
vt -1.15708800 12.21657000
vt -0.65876900 0.03918500
vt -1.18968000 12.17055600
vt -0.65000000 0.08987200
vt -1.20208200 12.11465400
vt -0.65000000 9.74404600
vt -1.20208200 11.73512000
vt -0.65000000 10.08097900
vt -0.65000000 10.41791300
vt -1.20208200 11.35558600
vt 0.65000000 0.08987200
vt -1.20208200 10.97605200
vt -0.65000000 10.75484600
vt 0.65876900 0.03918500
vt -1.18968000 10.92015000
vt -1.15708800 10.87413600
vt 0.68181500 -0.00807900
vt -1.06405100 10.82210300
vt 0.19628500 -0.74760200
vt 0.74760200 -0.08987200
vt -1.14394800 -0.09662600
vt -0.22214500 -1.14394800
vt -0.50353300 10.68049300
vt -0.40218800 10.63112000
vt -1.21561000 -0.00844800
vt -1.24057500 0.04236100
vt -0.36688300 10.58740100
vt -0.35355300 10.53474800
vt -1.25000000 0.09662600
vt 1.25000000 10.64224500
vt -0.35355300 9.92566800
vt 1.25000000 10.02695000
vt -0.35355300 9.31658700
vt 1.25000000 9.41165500
vt 1.25000000 0.09662600
vt 1.25000000 8.79635900
vt -0.35355300 8.70750700
vt 1.24057500 0.04236100
vt -0.36688300 8.65485400
vt 1.21561000 -0.00844800
vt -0.40218800 8.61113500
vt 0.22214500 -1.14394800
vt 1.14394800 -0.09662600
vt -0.50353300 8.56176200
vt -0.74760200 -0.08987200
vt -1.06405100 8.42015200
vt -0.19628500 -0.74760200
vt -0.68181500 -0.00807900
vt -1.15708800 8.36811900
vt -1.18968000 8.32210500
vt -0.65876900 0.03918500
vt -0.65000000 -0.50540000
vt -0.65000000 0.08987200
vt -1.20208200 8.26620300
vt -1.20208200 7.88666900
vt -0.65000000 -0.16846700
vt -1.20208200 7.50713500
vt -0.65000000 0.16846700
vt -1.20208200 7.12760100
vt -0.65000000 0.50540000
vt 0.65000000 0.08987200
vt 0.65876900 0.03918500
vt -1.18968000 7.07169900
vt 0.68181500 -0.00807900
vt -1.15708800 7.02568500
vt 0.74760200 -0.08987200
vt -1.06405100 6.97365200
vt 0.19628500 -0.74760200
vt -0.22214500 -1.14394800
vt -0.50353300 6.83204200
vt -1.14394800 -0.09662600
vt -0.40218800 6.78266900
vt -1.21561000 -0.00844800
vt -0.36688300 6.73895000
vt -1.24057500 0.04236100
vt -0.35355300 6.68629700
vt 1.25000000 6.75452400
vt -1.25000000 0.09662600
vt 1.25000000 6.13922900
vt -0.35355300 6.07721700
vt 1.25000000 5.52393400
vt -0.35355300 5.46813600
vt 1.25000000 0.09662600
vt 1.25000000 4.90863900
vt -0.35355300 4.85905600
vt 1.24057500 0.04236100
vt -0.36688300 4.80640300
vt -0.40218800 4.76268400
vt 1.21561000 -0.00844800
vt 1.14394800 -0.09662600
vt 0.22214500 -1.14394800
vt -0.50353300 4.71331100
vt -0.74760200 -0.08987200
vt -0.19628500 -0.74760200
vt -1.06405100 4.57170100
vt -0.68181500 -0.00807900
vt -1.15708800 4.51966800
vt -1.18968000 4.47365400
vt -0.65876900 0.03918500
vt 1.25000000 2.25150800
vt -0.35355300 2.22876600
vt -0.35355300 1.61968500
vt 1.25000000 1.63621300
vt 1.25000000 0.09662600
vt 1.25000000 1.02091800
vt -0.35355300 1.01060500
vt -0.36688300 0.95795200
vt 1.24057500 0.04236100
vt -0.40218800 0.91423300
vt 1.21561000 -0.00844800
vt -0.50353300 0.86486000
vt 0.22214500 -1.14394800
vt 1.14394800 -0.09662600
vt -1.06405100 0.72325000
vt -0.19628500 -0.74760200
vt -0.74760200 -0.08987200
vt -0.68181500 -0.00807900
vt -1.15708800 0.67121700
vt -1.18968000 0.62520300
vt -0.65876900 0.03918500
vt -0.65000000 0.08987200
vt -1.20208200 0.56930100
vt -0.65000000 -7.33836400
vt -1.20208200 0.18976700
vt -0.65000000 -7.00143100
vt -0.65000000 -6.66449700
vt -1.20208200 -0.18976700
vt 0.65000000 0.08987200
vt -1.20208200 -0.56930100
vt -0.65000000 -6.32756400
vt 0.65876900 0.03918500
vt -1.18968000 -0.62520300
vt 0.68181500 -0.00807900
vt -1.15708800 -0.67121700
vt -1.06405100 -0.72325000
vt 0.19628500 -0.74760200
vt 0.74760200 -0.08987200
vt -1.14394800 -0.09662600
vt -0.22214500 -1.14394800
vt -0.50353300 -0.86486000
vt -0.40218800 -0.91423300
vt -1.21561000 -0.00844800
vt -0.36688300 -0.95795200
vt -1.24057500 0.04236100
vt -0.35355300 -1.01060500
vt 1.25000000 -1.02091800
vt -1.25000000 0.09662600
vt -0.35355300 -1.61968500
vt 1.25000000 -1.63621300
vt -0.35355300 -2.22876600
vt 1.25000000 -2.25150800
vt 1.25000000 -2.86680300
vt 1.25000000 0.09662600
vt -0.35355300 -2.83784600
vt -0.36688300 -2.89049900
vt 1.24057500 0.04236100
vt -0.40218800 -2.93421800
vt 1.21561000 -0.00844800
vt 1.14394800 -0.09662600
vt -0.50353300 -2.98359100
vt 0.22214500 -1.14394800
vt -0.19628500 -0.74760200
vt -0.74760200 -0.08987200
vt -1.06405100 -3.12520100
vt -0.68181500 -0.00807900
vt -1.15708800 -3.17723400
vt -0.65876900 0.03918500
vt -1.18968000 -3.22324800
vt -1.20208200 -3.27915000
vt -0.65000000 0.08987200
vt -0.65000000 -3.92188200
vt -0.65000000 -3.58494900
vt -1.20208200 -3.65868400
vt -1.20208200 -4.03821800
vt -0.65000000 -3.24801500
vt -1.20208200 -4.41775200
vt -0.65000000 -2.91108200
vt 0.65000000 0.08987200
vt 0.65876900 0.03918500
vt -1.18968000 -4.47365400
vt 0.68181500 -0.00807900
vt -1.15708800 -4.51966800
vt 0.19628500 -0.74760200
vt -1.06405100 -4.57170100
vt 0.74760200 -0.08987200
vt -1.14394800 -0.09662600
vt -0.50353300 -4.71331100
vt -0.22214500 -1.14394800
vt -1.21561000 -0.00844800
vt -0.40218800 -4.76268400
vt -1.24057500 0.04236100
vt -0.36688300 -4.80640300
vt 1.25000000 -4.90863900
vt -1.25000000 0.09662600
vt -0.35355300 -4.85905600
vt -0.35355300 -5.46813600
vt 1.25000000 -5.52393400
vt 1.25000000 -6.13922900
vt -0.35355300 -6.07721700
vt 1.25000000 -6.75452400
vt -0.35355300 -6.68629700
vt 1.25000000 0.09662600
vt -0.36688300 -6.73895000
vt 1.24057500 0.04236100
vt 1.21561000 -0.00844800
vt -0.40218800 -6.78266900
vt -0.50353300 -6.83204200
vt 1.14394800 -0.09662600
vt 0.22214500 -1.14394800
vt -0.19628500 -0.74760200
vt -1.06405100 -6.97365200
vt -0.74760200 -0.08987200
vt -1.15708800 -7.02568500
vt -0.68181500 -0.00807900
vt -1.18968000 -7.07169900
vt -0.65876900 0.03918500
vt -0.65000000 -0.50540000
vt -0.65000000 0.08987200
vt -1.20208200 -7.12760100
vt -1.20208200 -7.50713500
vt -0.65000000 -0.16846700
vt -1.20208200 -7.88666900
vt -0.65000000 0.16846700
vt -1.20208200 -8.26620300
vt 0.65000000 0.08987200
vt -0.65000000 0.50540000
vt 0.65876900 0.03918500
vt -1.18968000 -8.32210500
vt -1.15708800 -8.36811900
vt 0.68181500 -0.00807900
vt 0.74760200 -0.08987200
vt 0.19628500 -0.74760200
vt -1.06405100 -8.42015200
vt -0.50353300 -8.56176200
vt -0.22214500 -1.14394800
vt -1.14394800 -0.09662600
vt -1.21561000 -0.00844800
vt -0.40218800 -8.61113500
vt -1.24057500 0.04236100
vt -0.36688300 -8.65485400
vt -0.35355300 -8.70750700
vt -1.25000000 0.09662600
vt 1.25000000 -8.79635900
vt 1.25000000 -9.41165500
vt -0.35355300 -9.31658700
vt 1.25000000 -10.02695000
vt -0.35355300 -9.92566800
vt -0.35355300 -10.53474800
vt 1.25000000 -10.64224500
vt 1.25000000 0.09662600
vt -0.36688300 -10.58740100
vt 1.24057500 0.04236100
vt 1.21561000 -0.00844800
vt -0.40218800 -10.63112000
vt 1.14394800 -0.09662600
vt -0.50353300 -10.68049300
vt 0.22214500 -1.14394800
vt -1.06405100 -10.82210300
vt -0.19628500 -0.74760200
vt -0.74760200 -0.08987200
vt -1.15708800 -10.87413600
vt -0.68181500 -0.00807900
vt -0.65876900 0.03918500
vt -1.18968000 -10.92015000
vt -0.65000000 2.91108200
vt -0.65000000 0.08987200
vt -1.20208200 -10.97605200
vt -1.20208200 -11.35558600
vt -0.65000000 3.24801500
vt -0.65000000 3.58494900
vt -1.20208200 -11.73512000
vt -1.20208200 -12.11465400
vt 0.65000000 0.08987200
vt -0.65000000 3.92188200
vt -1.18968000 -12.17055600
vt 0.65876900 0.03918500
vt 0.68181500 -0.00807900
vt -1.15708800 -12.21657000
vt 0.19628500 -0.74760200
vt -1.06405100 -12.26860300
vt 0.74760200 -0.08987200
vt -0.22214500 -1.14394800
vt -1.14394800 -0.09662600
vt -0.50353300 -12.41021300
vt -1.21561000 -0.00844800
vt -0.40218800 -12.45958600
vt -0.36688300 -12.50330500
vt -1.24057500 0.04236100
vt -1.25000000 0.09662600
vt -0.35355300 -12.55595800
vt 1.25000000 -12.68408000
vt -0.35355300 -13.16503800
vt 1.25000000 -13.29937600
vt 1.25000000 -13.91467100
vt -0.35355300 -13.77411900
vt 1.25000000 0.09662600
vt 1.25000000 -14.52996600
vt -0.35355300 -14.38319900
vt 1.24057500 0.04236100
vt -0.36688300 -14.43585200
vt 1.21561000 -0.00844800
vt -0.40218800 -14.47957100
vt 1.14394800 -0.09662600
vt 0.22214500 -1.14394800
vt -0.50353300 -14.52894400
vt -1.06405100 -14.67055400
vt -0.74760200 -0.08987200
vt -0.19628500 -0.74760200
vt -0.68181500 -0.00807900
vt -1.15708800 -14.72258700
vt -0.65876900 0.03918500
vt -1.18968000 -14.76860100
vt 0.74760200 -0.08987200
vt -1.06405100 -4.57170100
vt -0.19628500 0.74760200
vt -1.15708800 -4.51966800
vt 0.68181500 -0.00807900
vt 0.65876900 0.03918500
vt -1.18968000 -4.47365400
vt -0.00000000 0.02995700
vt -0.00000000 -0.02995700
vt 0.35355300 -15.39380400
vt 0.35355300 15.39380400
vt -0.00000000 -14.54687400
vt 0.35355300 -14.81290600
vt 0.64458900 -14.50862100
vt 0.35355300 -14.23200700
vt 1.28012900 -14.39439900
vt 1.89769900 -14.20581100
vt 0.35355300 -13.65110900
vt 2.48862900 -13.94550500
vt 0.35355300 -13.07021100
vt 0.35355300 -12.48931300
vt 3.04462500 -13.61713500
vt 3.55788100 -13.22531000
vt 0.35355300 -11.90841400
vt 4.02119100 -12.77553100
vt 0.35355300 -11.32751600
vt 4.42805300 -12.27411200
vt 0.35355300 -10.74661800
vt 4.77275500 -11.72809100
vt 0.35355300 -10.16572000
vt 5.05045800 -11.14513400
vt 0.35355300 -9.58482100
vt 5.25726400 -10.53342400
vt 0.35355300 -9.00392300
vt 5.39026900 -9.90154700
vt 0.35355300 -8.42302500
vt 0.35355300 -7.84212700
vt 5.44760700 -9.25837500
vt 5.42847200 -8.61293600
vt 0.35355300 -7.26122800
vt 5.33313300 -7.97429000
vt 0.35355300 -6.68033000
vt 5.16292900 -7.35140300
vt 0.35355300 -6.09943200
vt 4.92024800 -6.75301800
vt 0.35355300 -5.51853400
vt 0.35355300 -4.93763500
vt 4.60849800 -6.18753600
vt 4.23205500 -5.66289500
vt 0.35355300 -4.35673700
vt 3.79620300 -5.18645900
vt 0.35355300 -3.77583900
vt 0.35355300 -3.19494000
vt 3.30706100 -4.76491700
vt 0.35355300 -2.61404200
vt 2.77149500 -4.40418600
vt 2.19702300 -4.10933000
vt 0.35355300 -2.03314400
vt 1.59170900 -3.88448800
vt 0.35355300 -1.45224600
vt 0.35355300 -0.87134700
vt 0.96405200 -3.73281700
vt 0.32286100 -3.65644500
vt 0.35355300 -0.29044900
vt 0.35355300 0.29044900
vt -0.32286100 -3.65644500
vt -0.96405200 -3.73281700
vt 0.35355300 0.87134700
vt -1.59170900 -3.88448800
vt 0.35355300 1.45224600
vt -2.19702300 -4.10933000
vt 0.35355300 2.03314400
vt 0.35355300 2.61404200
vt -2.77149500 -4.40418600
vt 0.35355300 3.19494000
vt -3.30706100 -4.76491700
vt 0.35355300 3.77583900
vt -3.79620300 -5.18645900
vt -4.23205500 -5.66289500
vt 0.35355300 4.35673700
vt 0.35355300 4.93763500
vt -4.60849800 -6.18753600
vt -4.92024800 -6.75301800
vt 0.35355300 5.51853400
vt 0.35355300 6.09943200
vt -5.16292900 -7.35140300
vt 0.35355300 6.68033000
vt -5.33313300 -7.97429000
vt -5.42847200 -8.61293600
vt 0.35355300 7.26122800
vt 0.35355300 7.84212700
vt -5.44760700 -9.25837500
vt -5.39026900 -9.90154700
vt 0.35355300 8.42302500
vt 0.35355300 9.00392300
vt -5.25726400 -10.53342400
vt 0.35355300 9.58482100
vt -5.05045800 -11.14513400
vt 0.35355300 10.16572000
vt -4.77275500 -11.72809100
vt -4.42805300 -12.27411200
vt 0.35355300 10.74661800
vt 0.35355300 11.32751600
vt -4.02119100 -12.77553100
vt 0.35355300 11.90841400
vt -3.55788100 -13.22531000
vt 0.35355300 12.48931300
vt -3.04462500 -13.61713500
vt 0.35355300 13.07021100
vt -2.48862900 -13.94550500
vt -1.89769900 -14.20581100
vt 0.35355300 13.65110900
vt 0.35355300 14.23200700
vt -1.28012900 -14.39439900
vt -0.64458900 -14.50862100
vt 0.35355300 14.81290600
vt -0.65000000 0.08987200
vt -1.20208200 -14.82450300
vt 0.65000000 7.33836400
vt 0.65000000 7.00143100
vt -1.20208200 15.58357100
vt -1.20208200 -15.20403700
vt -1.20208200 15.20403700
vt 0.65000000 6.66449700
vt -1.20208200 14.82450300
vt 0.65000000 6.32756400
vt 0.65000000 0.08987200
vt -1.18968000 14.76860100
vt 0.65876900 0.03918500
vt -1.15708800 14.72258700
vt 0.68181500 -0.00807900
vt -0.19628500 0.74760200
vt -1.06405100 14.67055400
vt 0.74760200 -0.08987200
vt -0.79498200 14.59938200
vt 0.00508800 0.93786300
vt 0.22214500 1.14394800
vt -1.14394800 -0.09662600
vt -0.50353300 14.52894400
vt -1.21561000 -0.00844800
vt -0.40218800 14.47957100
vt -0.36688300 14.43585200
vt -1.24057500 0.04236100
vt -1.25000000 -14.52996600
vt -1.25000000 0.09662600
vt -0.35355300 14.38319900
vt -0.35355300 13.77411900
vt -1.25000000 -13.91467100
vt -0.35355300 13.16503800
vt -1.25000000 -13.29937600
vt -0.35355300 12.55595800
vt 1.25000000 0.09662600
vt -1.25000000 -12.68408000
vt 1.24057500 0.04236100
vt -0.36688300 12.50330500
vt 1.21561000 -0.00844800
vt -0.40218800 12.45958600
vt -0.50353300 12.41021300
vt -0.22214500 1.14394800
vt 1.14394800 -0.09662600
vt -0.79498200 12.33977500
vt -0.00508800 0.93786300
vt -1.06405100 12.26860300
vt -0.74760200 -0.08987200
vt 0.19628500 0.74760200
vt -0.68181500 -0.00807900
vt -1.15708800 12.21657000
vt -0.65876900 0.03918500
vt -1.18968000 12.17055600
vt -0.65000000 0.08987200
vt -1.20208200 12.11465400
vt 0.65000000 3.92188200
vt 0.65000000 3.58494900
vt -1.20208200 11.73512000
vt -1.20208200 11.35558600
vt 0.65000000 3.24801500
vt 0.65000000 0.08987200
vt -1.20208200 10.97605200
vt 0.65000000 2.91108200
vt 0.65876900 0.03918500
vt -1.18968000 10.92015000
vt 0.68181500 -0.00807900
vt -1.15708800 10.87413600
vt -0.19628500 0.74760200
vt 0.74760200 -0.08987200
vt -1.06405100 10.82210300
vt 0.00508800 0.93786300
vt -0.79498200 10.75093100
vt 0.22214500 1.14394800
vt -1.14394800 -0.09662600
vt -0.50353300 10.68049300
vt -1.21561000 -0.00844800
vt -0.40218800 10.63112000
vt -0.36688300 10.58740100
vt -1.24057500 0.04236100
vt -1.25000000 -10.64224500
vt -1.25000000 0.09662600
vt -0.35355300 10.53474800
vt -0.35355300 9.92566800
vt -1.25000000 -10.02695000
vt -1.25000000 -9.41165500
vt -0.35355300 9.31658700
vt -1.25000000 -8.79635900
vt -0.35355300 8.70750700
vt 1.25000000 0.09662600
vt -0.36688300 8.65485400
vt 1.24057500 0.04236100
vt 1.21561000 -0.00844800
vt -0.40218800 8.61113500
vt -0.50353300 8.56176200
vt 1.14394800 -0.09662600
vt -0.22214500 1.14394800
vt -0.79498200 8.49132400
vt -0.00508800 0.93786300
vt 0.19628500 0.74760200
vt -0.74760200 -0.08987200
vt -1.06405100 8.42015200
vt -0.68181500 -0.00807900
vt -1.15708800 8.36811900
vt -0.65876900 0.03918500
vt -1.18968000 8.32210500
vt 0.65000000 0.50540000
vt -0.65000000 0.08987200
vt -1.20208200 8.26620300
vt 0.65000000 0.16846700
vt -1.20208200 7.88666900
vt -1.20208200 7.50713500
vt 0.65000000 -0.16846700
vt -1.20208200 7.12760100
vt 0.65000000 -0.50540000
vt 0.65000000 0.08987200
vt -1.18968000 7.07169900
vt 0.65876900 0.03918500
vt 0.68181500 -0.00807900
vt -1.15708800 7.02568500
vt 0.74760200 -0.08987200
vt -0.19628500 0.74760200
vt -1.06405100 6.97365200
vt -0.79498200 6.90248000
vt 0.00508800 0.93786300
vt 0.22214500 1.14394800
vt -1.14394800 -0.09662600
vt -0.50353300 6.83204200
vt -1.21561000 -0.00844800
vt -0.40218800 6.78266900
vt -0.36688300 6.73895000
vt -1.24057500 0.04236100
vt -1.25000000 0.09662600
vt -1.25000000 -6.75452400
vt -0.35355300 6.68629700
vt -1.25000000 -6.13922900
vt -0.35355300 6.07721700
vt -0.35355300 5.46813600
vt -1.25000000 -5.52393400
vt -0.35355300 4.85905600
vt -1.25000000 -4.90863900
vt 1.25000000 0.09662600
vt -0.36688300 4.80640300
vt 1.24057500 0.04236100
vt 1.21561000 -0.00844800
vt -0.40218800 4.76268400
vt -0.50353300 4.71331100
vt 1.14394800 -0.09662600
vt -0.22214500 1.14394800
vt -0.79498200 4.64287300
vt -0.00508800 0.93786300
vt 0.19628500 0.74760200
vt -1.06405100 4.57170100
vt -0.74760200 -0.08987200
vt -1.15708800 4.51966800
vt -0.68181500 -0.00807900
vt -1.18968000 4.47365400
vt -0.65876900 0.03918500
vt -1.20208200 4.41775200
vt 0.65000000 -2.91108200
vt -0.65000000 0.08987200
vt -1.20208200 4.03821800
vt 0.65000000 -3.24801500
vt 0.65000000 -3.58494900
vt -1.20208200 3.65868400
vt 0.65000000 0.08987200
vt -1.20208200 3.27915000
vt 0.65000000 -3.92188200
vt -1.18968000 3.22324800
vt 0.65876900 0.03918500
vt -1.15708800 3.17723400
vt 0.68181500 -0.00807900
vt -1.06405100 3.12520100
vt -0.19628500 0.74760200
vt 0.74760200 -0.08987200
vt -0.79498200 3.05402900
vt 0.00508800 0.93786300
vt -0.50353300 2.98359100
vt -1.14394800 -0.09662600
vt 0.22214500 1.14394800
vt -0.40218800 2.93421800
vt -1.21561000 -0.00844800
vt -0.36688300 2.89049900
vt -1.24057500 0.04236100
vt -1.25000000 -2.86680300
vt -0.35355300 2.83784600
vt -1.25000000 0.09662600
vt -0.35355300 2.22876600
vt -1.25000000 -2.25150800
vt -0.35355300 1.61968500
vt -1.25000000 -1.63621300
vt -1.25000000 -1.02091800
vt 1.25000000 0.09662600
vt -0.35355300 1.01060500
vt 1.24057500 0.04236100
vt -0.36688300 0.95795200
vt -0.40218800 0.91423300
vt 1.21561000 -0.00844800
vt 1.14394800 -0.09662600
vt -0.50353300 0.86486000
vt -0.22214500 1.14394800
vt -0.79498200 0.79442200
vt -0.00508800 0.93786300
vt 0.19628500 0.74760200
vt -0.74760200 -0.08987200
vt -1.06405100 0.72325000
vt -0.68181500 -0.00807900
vt -1.15708800 0.67121700
vt -1.18968000 0.62520300
vt -0.65876900 0.03918500
vt -1.20208200 0.56930100
vt 0.65000000 -6.32756400
vt -0.65000000 0.08987200
vt 0.65000000 -6.66449700
vt -1.20208200 0.18976700
vt 0.65000000 -7.00143100
vt -1.20208200 -0.18976700
vt 0.65000000 -7.33836400
vt 0.65000000 0.08987200
vt -1.20208200 -0.56930100
vt -1.18968000 -0.62520300
vt 0.65876900 0.03918500
vt 0.68181500 -0.00807900
vt -1.15708800 -0.67121700
vt -1.06405100 -0.72325000
vt 0.74760200 -0.08987200
vt -0.19628500 0.74760200
vt 0.00508800 0.93786300
vt -0.79498200 -0.79442200
vt -1.14394800 -0.09662600
vt -0.50353300 -0.86486000
vt 0.22214500 1.14394800
vt -1.21561000 -0.00844800
vt -0.40218800 -0.91423300
vt -0.36688300 -0.95795200
vt -1.24057500 0.04236100
vt -0.35355300 -1.01060500
vt -1.25000000 1.02091800
vt -1.25000000 0.09662600
vt -0.35355300 -1.61968500
vt -1.25000000 1.63621300
vt -0.35355300 -2.22876600
vt -1.25000000 2.25150800
vt -0.79498200 -4.64287300
vt 0.00508800 0.93786300
vt -1.14394800 -0.09662600
vt 0.22214500 1.14394800
vt -0.50353300 -4.71331100
vt -1.21561000 -0.00844800
vt -0.40218800 -4.76268400
vt -0.36688300 -4.80640300
vt -1.24057500 0.04236100
vt -1.25000000 0.09662600
vt -1.25000000 4.90863900
vt -0.35355300 -4.85905600
vt -0.35355300 -5.46813600
vt -1.25000000 5.52393400
vt -0.35355300 -6.07721700
vt -1.25000000 6.13922900
vt -0.35355300 -6.68629700
vt 1.25000000 0.09662600
vt -1.25000000 6.75452400
vt 1.24057500 0.04236100
vt -0.36688300 -6.73895000
vt -0.40218800 -6.78266900
vt 1.21561000 -0.00844800
vt -0.22214500 1.14394800
vt -0.50353300 -6.83204200
vt 1.14394800 -0.09662600
vt -0.79498200 -6.90248000
vt -0.00508800 0.93786300
vt -1.06405100 -6.97365200
vt -0.74760200 -0.08987200
vt 0.19628500 0.74760200
vt -1.15708800 -7.02568500
vt -0.68181500 -0.00807900
vt -0.65876900 0.03918500
vt -1.18968000 -7.07169900
vt 0.65000000 0.50540000
vt -0.65000000 0.08987200
vt -1.20208200 -7.12760100
vt -1.20208200 -7.50713500
vt 0.65000000 0.16846700
vt 0.65000000 -0.16846700
vt -1.20208200 -7.88666900
vt -1.20208200 -8.26620300
vt 0.65000000 0.08987200
vt 0.65000000 -0.50540000
vt 0.65876900 0.03918500
vt -1.18968000 -8.32210500
vt -1.15708800 -8.36811900
vt 0.68181500 -0.00807900
vt -0.19628500 0.74760200
vt -1.06405100 -8.42015200
vt 0.74760200 -0.08987200
vt -0.79498200 -8.49132400
vt 0.00508800 0.93786300
vt -0.50353300 -8.56176200
vt -1.14394800 -0.09662600
vt 0.22214500 1.14394800
vt -0.40218800 -8.61113500
vt -1.21561000 -0.00844800
vt -1.24057500 0.04236100
vt -0.36688300 -8.65485400
vt -0.35355300 -8.70750700
vt -1.25000000 0.09662600
vt -1.25000000 8.79635900
vt -1.25000000 9.41165500
vt -0.35355300 -9.31658700
vt -1.25000000 10.02695000
vt -0.35355300 -9.92566800
vt -0.35355300 -10.53474800
vt 1.25000000 0.09662600
vt -1.25000000 10.64224500
vt -0.36688300 -10.58740100
vt 1.24057500 0.04236100
vt 1.21561000 -0.00844800
vt -0.40218800 -10.63112000
vt -0.22214500 1.14394800
vt 1.14394800 -0.09662600
vt -0.50353300 -10.68049300
vt -0.00508800 0.93786300
vt -0.79498200 -10.75093100
vt 0.19628500 0.74760200
vt -0.74760200 -0.08987200
vt -1.06405100 -10.82210300
vt -0.68181500 -0.00807900
vt -1.15708800 -10.87413600
vt -1.18968000 -10.92015000
vt -0.65876900 0.03918500
vt 0.65000000 10.75484600
vt -0.65000000 0.08987200
vt -1.20208200 -10.97605200
vt -1.20208200 -11.35558600
vt 0.65000000 10.41791300
vt -1.20208200 -11.73512000
vt 0.65000000 10.08097900
vt -1.20208200 -12.11465400
vt 0.65000000 9.74404600
vt 0.65000000 0.08987200
vt 0.65876900 0.03918500
vt -1.18968000 -12.17055600
vt -1.15708800 -12.21657000
vt 0.68181500 -0.00807900
vt -1.06405100 -12.26860300
vt 0.74760200 -0.08987200
vt -0.19628500 0.74760200
vt 0.00508800 0.93786300
vt -0.79498200 -12.33977500
vt 0.22214500 1.14394800
vt -1.14394800 -0.09662600
vt -0.50353300 -12.41021300
vt -1.21561000 -0.00844800
vt -0.40218800 -12.45958600
vt -0.36688300 -12.50330500
vt -1.24057500 0.04236100
vt -1.25000000 12.68408000
vt -1.25000000 0.09662600
vt -0.35355300 -12.55595800
vt -1.25000000 13.29937600
vt -0.35355300 -13.16503800
vt -0.35355300 -13.77411900
vt -1.25000000 13.91467100
vt -1.25000000 14.52996600
vt -0.35355300 -14.38319900
vt 1.25000000 0.09662600
vt 1.24057500 0.04236100
vt -0.36688300 -14.43585200
vt 1.21561000 -0.00844800
vt -0.40218800 -14.47957100
vt -0.22214500 1.14394800
vt 1.14394800 -0.09662600
vt -0.50353300 -14.52894400
vt -0.00508800 0.93786300
vt -0.79498200 -14.59938200
vt -1.06405100 -14.67055400
vt -0.74760200 -0.08987200
vt 0.19628500 0.74760200
vt -1.15708800 -14.72258700
vt -0.68181500 -0.00807900
vt -0.65876900 0.03918500
vt -1.18968000 -14.76860100
vt 0.00000000 0.03220900
vt 0.00000000 -0.03220900
vt 0.00000000 0.03220900
vt 0.00000000 -0.03220900
vt 0.00000000 0.02995700
vt 0.00000000 -0.02995700
vt -0.00000000 0.02995700
vt -0.00000000 -0.02995700
vt 0.00000000 0.03220900
vt 0.00000000 -0.03220900
vt 0.00000000 0.03220900
vt 0.00000000 -0.03220900
vt 0.00000000 0.02995700
vt 0.00000000 -0.02995700
vt -0.00000000 0.02995700
vt -0.00000000 -0.02995700
vt 0.00000000 0.03220900
vt -0.00000000 -0.03220900
vt 0.00000000 0.03220900
vt 0.00000000 -0.03220900
vt 0.00000000 0.02995700
vt 0.00000000 -0.02995700
vt 0.00000000 0.03220900
vt -0.00000000 -0.03220900
vt -0.00000000 0.02995700
vt -0.00000000 -0.02995700
vt 0.00000000 0.03220900
vt 0.00000000 -0.03220900
vt 0.00000000 0.02995700
vt 0.00000000 -0.02995700
vt -0.00000000 0.02995700
vt -0.00000000 -0.02995700
vt 0.00000000 0.03220900
vt -0.00000000 -0.03220900
vt 0.00000000 0.03220900
vt 0.00000000 -0.03220900
vt 0.00000000 0.02995700
vt 0.00000000 -0.02995700
vt 0.00000000 0.03220900
vt 0.00000000 -0.03220900
vt -0.00000000 0.02995700
vt -0.00000000 -0.02995700
vt 0.00000000 0.03220900
vt 0.00000000 -0.03220900
vt 0.00000000 0.02995700
vt 0.00000000 -0.02995700
vt -0.00000000 0.02995700
vt -0.00000000 -0.02995700
vt 0.00000000 0.03220900
vt 0.00000000 -0.03220900
vt 0.00000000 0.03220900
vt 0.00000000 -0.03220900
vt 0.00000000 0.02995700
vt 0.00000000 -0.02995700
vt -0.00000000 0.02995700
vt -0.00000000 -0.02995700
vt 0.00000000 0.03220900
vt -0.00000000 -0.03220900
vt -0.47123900 -28.49256500
vt -0.47123900 28.49256500
vt -8.90404200 -8.64687400
vt -8.86491700 -9.48066100
vt -0.47123900 -27.64204000
vt -0.47123900 -26.79151600
vt -8.74788700 -10.30712200
vt -0.47123900 -25.94099200
vt -8.55398100 -11.11899200
vt -8.28490200 -11.90913700
vt -0.47123900 -25.09046700
vt -7.94301500 -12.67061300
vt -0.47123900 -24.23994300
vt -7.53132400 -13.39672800
vt -0.47123900 -23.38941900
vt -7.05344800 -14.08110200
vt -0.47123900 -22.53889400
vt -6.51358600 -14.71771900
vt -0.47123900 -21.68837000
vt -5.91648200 -15.30098500
vt -0.47123900 -20.83784600
vt -5.26738400 -15.82577500
vt -0.47123900 -19.98732100
vt -4.57199600 -16.28747700
vt -0.47123900 -19.13679700
vt -3.83642900 -16.68203200
vt -0.47123900 -18.28627300
vt -3.06714700 -17.00597400
vt -0.47123900 -17.43574800
vt -2.27091100 -17.25645700
vt -0.47123900 -16.58522400
vt -0.47123900 -15.73470000
vt -1.45471900 -17.43127800
vt -0.62574200 -17.52890100
vt -0.47123900 -14.88417600
vt 0.20873400 -17.54846800
vt -0.47123900 -14.03365100
vt 1.04137500 -17.48980800
vt -0.47123900 -13.18312700
vt 1.86486500 -17.35343700
vt -0.47123900 -12.33260300
vt 2.67196600 -17.14055100
vt -0.47123900 -11.48207800
vt 3.45558600 -16.85302300
vt -0.47123900 -10.63155400
vt -0.47123900 -9.78103000
vt 4.20883800 -16.49337900
vt -0.47123900 -8.93050500
vt 4.92510300 -16.06477900
vt 5.59808600 -15.57099100
vt -0.47123900 -8.07998100
vt 6.22187200 -15.01635300
vt -0.47123900 -7.22945700
vt -0.47123900 -6.37893200
vt 6.79098100 -14.40574000
vt -0.47123900 -5.52840800
vt 7.30041000 -13.74451800
vt -0.47123900 -4.67788400
vt 7.74568300 -13.03849700
vt -0.47123900 -3.82735900
vt 8.12288600 -12.29388300
vt -0.47123900 -2.97683500
vt 8.42870500 -11.51721900
vt 8.66045300 -10.71533000
vt -0.47123900 -2.12631100
vt 8.81609200 -9.89526400
vt -0.47123900 -1.27578600
vt -0.47123900 -0.42526200
vt 8.89425500 -9.06422600
vt -0.47123900 0.42526200
vt 8.89425500 -8.22952100
vt -0.47123900 1.27578600
vt 8.81609200 -7.39848400
vt -0.47123900 2.12631100
vt 8.66045300 -6.57841700
vt 8.42870500 -5.77652800
vt -0.47123900 2.97683500
vt 8.12288600 -4.99986400
vt -0.47123900 3.82735900
vt 7.74568300 -4.25525000
vt -0.47123900 4.67788400
vt -0.47123900 5.52840800
vt 7.30041000 -3.54922900
vt 6.79098100 -2.88800700
vt -0.47123900 6.37893200
vt -0.47123900 7.22945700
vt 6.22187200 -2.27739400
vt -0.47123900 8.07998100
vt 5.59808600 -1.72275700
vt 4.92510300 -1.22896800
vt -0.47123900 8.93050500
vt -0.47123900 9.78103000
vt 4.20883800 -0.80036900
vt 3.45558600 -0.44072400
vt -0.47123900 10.63155400
vt 2.67196600 -0.15319600
vt -0.47123900 11.48207800
vt -0.47123900 12.33260300
vt 1.86486500 0.05968900
vt -0.47123900 13.18312700
vt 1.04137500 0.19606100
vt 0.20873400 0.25472100
vt -0.47123900 14.03365100
vt -0.47123900 14.88417600
vt -0.62574200 0.23515300
vt -1.45471900 0.13753000
vt -0.47123900 15.73470000
vt -2.27091100 -0.03729100
vt -0.47123900 16.58522400
vt -3.06714700 -0.28777300
vt -0.47123900 17.43574800
vt -0.47123900 18.28627300
vt -3.83642900 -0.61171500
vt -0.47123900 19.13679700
vt -4.57199600 -1.00627100
vt -5.26738400 -1.46797200
vt -0.47123900 19.98732100
vt -5.91648200 -1.99276200
vt -0.47123900 20.83784600
vt -6.51358600 -2.57602800
vt -0.47123900 21.68837000
vt -7.05344800 -3.21264600
vt -0.47123900 22.53889400
vt -7.53132400 -3.89701900
vt -0.47123900 23.38941900
vt -7.94301500 -4.62313400
vt -0.47123900 24.23994300
vt -8.28490200 -5.38461000
vt -0.47123900 25.09046700
vt -0.47123900 25.94099200
vt -8.55398100 -6.17475500
vt -0.47123900 26.79151600
vt -8.74788700 -6.98662600
vt -8.86491700 -7.81308600
vt -0.47123900 27.64204000
vt -8.54320500 -9.98181400
vt 1.75000000 14.92277800
vt 3.50000000 -0.49205800
vt -8.57605300 -9.75129200
vt 1.75000000 14.68992100
vt -8.60268100 -9.51997000
vt 1.75000000 14.45706400
vt 1.75000000 14.22420800
vt 3.50000000 -0.74829100
vt -8.62307100 -9.28801500
vt 3.50000000 -0.93196400
vt -8.60312000 -9.10646500
vt -8.51929700 -8.94419300
vt 3.50000000 -1.11563800
vt -8.38278800 -8.82285200
vt 3.50000000 -1.29931200
vt 3.50000000 -1.48298600
vt 3.50000000 -0.44280600
vt -8.21180700 -8.75863200
vt 3.50000000 -0.96674200
vt -7.69250000 -8.69050000
vt -7.16916400 -8.66949300
vt 3.50000000 -1.49067700
vt 3.50000000 -2.01461300
vt -6.64606700 -8.69578100
vt 3.50000000 1.47793900
vt 3.50000000 -2.53854800
vt -6.12747400 -8.76915200
vt 3.50000000 1.31709700
vt -5.97684600 -8.82354800
vt 3.50000000 1.15625500
vt -5.85114300 -8.92277800
vt 3.50000000 0.99541400
vt -5.76326100 -9.05666000
vt 3.50000000 0.83457200
vt -1.75000000 9.59757600
vt -5.72221500 -9.21146000
vt -5.71594100 -9.27179100
vt -1.75000000 9.65823300
vt -5.70903000 -9.33205300
vt -1.75000000 9.71889000
vt -1.75000000 9.77954800
vt -5.70148500 -9.39223900
vt 3.50000000 0.44291700
vt -5.71101800 -9.51534800
vt 3.50000000 0.31855100
vt 3.50000000 0.19418500
vt -5.76933000 -9.62419000
vt 3.50000000 0.06981800
vt -5.86654200 -9.70032500
vt -3.50000000 -2.58674100
vt -5.98618600 -9.73085600
vt 3.50000000 -0.05454800
vt -6.53618000 -9.77888700
vt -3.50000000 -2.03447100
vt -7.07972000 -9.87565500
vt -3.50000000 -1.48220100
vt -3.50000000 -0.92993200
vt -7.61249800 -10.02039100
vt -8.13028800 -10.21194800
vt -3.50000000 -0.37766200
vt 3.50000000 0.05234300
vt -8.26323100 -10.23504800
vt 3.50000000 -0.08375700
vt -8.39285200 -10.19754700
vt 3.50000000 -0.21985700
vt 3.50000000 -0.35595700
vt -8.49292500 -10.10703200
vt 3.50000000 -0.74829100
vt -8.26420600 -11.19075400
vt 1.75000000 16.16456200
vt -8.28515300 -11.00931700
vt 3.50000000 -0.93196400
vt -8.23954000 -10.83246100
vt 3.50000000 -1.11563800
vt -8.13345500 -10.68378600
vt 3.50000000 -1.29931200
vt -7.98105200 -10.58312900
vt 3.50000000 -1.48298600
vt 3.50000000 -0.44280600
vt -7.48992600 -10.40114900
vt 3.50000000 -0.96674200
vt -6.98438500 -10.26421500
vt 3.50000000 -1.49067700
vt -6.46855300 -10.17344400
vt 3.50000000 -2.01461300
vt -5.94663600 -10.12957800
vt 3.50000000 1.47793900
vt 3.50000000 -2.53854800
vt 3.50000000 1.31709700
vt -5.78768000 -10.14909200
vt 3.50000000 1.15625500
vt -5.64304800 -10.21786200
vt 3.50000000 0.99541400
vt -5.52757800 -10.32883200
vt 3.50000000 0.83457200
vt -1.75000000 10.88787300
vt -5.45311500 -10.47061700
vt -5.43357300 -10.52804000
vt -1.75000000 10.94853000
vt -5.41342600 -10.58525300
vt -1.75000000 11.00918700
vt -5.39267700 -10.64225100
vt 3.50000000 0.44291700
vt -1.75000000 11.06984500
vt -5.37457700 -10.76439500
vt 3.50000000 0.31855100
vt -5.40720800 -10.88348300
vt 3.50000000 0.19418500
vt 3.50000000 0.06981800
vt -5.48504100 -10.97934100
vt -5.59489100 -11.03573000
vt -3.50000000 -2.58674100
vt 3.50000000 -0.05454800
vt -6.12040700 -11.20494200
vt -3.50000000 -2.03447100
vt -3.50000000 -1.48220100
vt -6.62878800 -11.42023300
vt -3.50000000 -0.92993200
vt -7.11600000 -11.67989400
vt -3.50000000 -0.37766200
vt -7.57818200 -11.98186700
vt 3.50000000 0.05234300
vt 3.50000000 -0.08375700
vt -7.70265300 -12.03397100
vt -7.83736800 -12.02625400
vt 3.50000000 -0.21985700
vt -7.95507400 -11.96027600
vt 3.50000000 -0.35595700
vt 1.75000000 16.86313200
vt 3.50000000 -0.49205800
vt -8.03195700 -11.84938600
vt 1.75000000 16.63027500
vt -8.11527700 -11.63195400
vt 1.75000000 16.39741800
vt -8.19271200 -11.41235700
vt 1.75000000 18.10491600
vt 3.50000000 -0.74829100
vt -7.49093800 -12.96593300
vt 3.50000000 -0.93196400
vt -7.55173400 -12.79370500
vt -7.54661900 -12.61113400
vt 3.50000000 -1.11563800
vt 3.50000000 -1.29931200
vt -7.47627600 -12.44258000
vt 3.50000000 -0.44280600
vt -7.35009200 -12.31053400
vt 3.50000000 -1.48298600
vt -6.91177500 -12.02383000
vt 3.50000000 -0.96674200
vt -6.44938000 -11.77783600
vt 3.50000000 -1.49067700
vt -5.96667900 -11.57455800
vt 3.50000000 -2.01461300
vt 3.50000000 1.47793900
vt -5.46760900 -11.41565400
vt 3.50000000 -2.53854800
vt 3.50000000 1.31709700
vt -5.30829600 -11.39930900
vt -5.15198700 -11.43417100
vt 3.50000000 1.15625500
vt -5.01471900 -11.51666300
vt 3.50000000 0.99541400
vt -4.91057300 -11.63832400
vt 3.50000000 0.83457200
vt -1.75000000 12.17817000
vt -4.87874300 -11.68995900
vt -1.75000000 12.23882700
vt -4.84637000 -11.74125500
vt -1.75000000 12.29948400
vt 3.50000000 0.44291700
vt -4.81345900 -11.79220600
vt -1.75000000 12.36014200
vt 3.50000000 0.31855100
vt -4.76863300 -11.90726000
vt 3.50000000 0.19418500
vt -4.77394500 -12.03062300
vt 3.50000000 0.06981800
vt -4.82849700 -12.14139800
vt 3.50000000 -0.05454800
vt -3.50000000 -2.58674100
vt -4.92304500 -12.22081700
vt -3.50000000 -2.03447100
vt -5.39773200 -12.50272500
vt -3.50000000 -1.48220100
vt -5.84546000 -12.82574300
vt -3.50000000 -0.92993200
vt -6.26267700 -13.18730900
vt -3.50000000 -0.37766200
vt 3.50000000 0.05234300
vt -6.64607600 -13.58455600
vt -6.75583100 -13.66305100
vt 3.50000000 -0.08375700
vt -6.88888600 -13.68550400
vt 3.50000000 -0.21985700
vt -7.01832200 -13.64737200
vt 3.50000000 -0.35595700
vt 1.75000000 18.80348600
vt 3.50000000 -0.49205800
vt -7.11795300 -13.55637100
vt 1.75000000 18.57062900
vt -7.24756700 -13.36293000
vt 1.75000000 18.33777200
vt -7.37192600 -13.16607000
vt 3.50000000 -0.74829100
vt -6.34204400 -14.52453500
vt 1.75000000 20.04527000
vt 3.50000000 -0.93196400
vt -6.43963900 -14.37015400
vt -6.47527800 -14.19102200
vt 3.50000000 -1.11563800
vt 3.50000000 -1.29931200
vt -6.44420600 -14.01104200
vt 3.50000000 -1.48298600
vt 3.50000000 -0.44280600
vt -6.35056900 -13.85422800
vt 3.50000000 -0.96674200
vt -5.98703800 -13.47717800
vt -5.59097600 -13.13445900
vt 3.50000000 -1.49067700
vt 3.50000000 -2.01461300
vt -5.16561100 -12.82886600
vt 3.50000000 1.47793900
vt 3.50000000 -2.53854800
vt -4.71441300 -12.56289300
vt -4.56273200 -12.51150600
vt 3.50000000 1.31709700
vt -4.40258400 -12.51071200
vt 3.50000000 1.15625500
vt -4.25040100 -12.56059200
vt 3.50000000 0.99541400
vt -4.12179400 -12.65602800
vt 3.50000000 0.83457200
vt -1.75000000 13.46846700
vt -1.75000000 13.52912400
vt -4.07927300 -12.69928500
vt -4.03629700 -12.74209100
vt -1.75000000 13.58978100
vt -3.99287300 -12.78444100
vt -1.75000000 13.65043900
vt 3.50000000 0.44291700
vt 3.50000000 0.31855100
vt -3.92356900 -12.88663600
vt 3.50000000 0.19418500
vt -3.90129700 -13.00808900
vt -3.92983100 -13.12822400
vt 3.50000000 0.06981800
vt -4.00433700 -13.22669100
vt 3.50000000 -0.05454800
vt -3.50000000 -2.58674100
vt -4.40439200 -13.60715900
vt -3.50000000 -2.03447100
vt -4.76901600 -14.02170700
vt -3.50000000 -1.48220100
vt -5.09531700 -14.46704700
vt -3.50000000 -0.92993200
vt 3.50000000 0.05234300
vt -3.50000000 -0.37766200
vt -5.38070700 -14.93964900
vt 3.50000000 -0.08375700
vt -5.47024400 -15.04059900
vt -5.59496600 -15.09209600
vt 3.50000000 -0.21985700
vt 3.50000000 -0.35595700
vt -5.72964200 -15.08372300
vt -5.84702600 -15.01717300
vt 1.75000000 20.74384000
vt 3.50000000 -0.49205800
vt 1.75000000 20.51098300
vt -6.01643400 -14.85742400
vt -6.18148000 -14.69317200
vt 1.75000000 20.27812600
vt 3.50000000 -0.74829100
vt 1.75000000 21.98562300
vt -4.87513300 -15.78840800
vt -5.00463400 -15.65961400
vt 3.50000000 -0.93196400
vt 3.50000000 -1.11563800
vt -5.07924100 -15.49290400
vt -5.08899700 -15.31052200
vt 3.50000000 -1.29931200
vt 3.50000000 -0.44280600
vt 3.50000000 -1.48298600
vt -5.03260200 -15.13680400
vt -4.76208700 -14.68831300
vt 3.50000000 -0.96674200
vt 3.50000000 -1.49067700
vt -4.45221700 -14.26605500
vt -4.10551800 -13.87347200
vt 3.50000000 -2.01461300
vt 3.50000000 1.47793900
vt -3.72481700 -13.51376500
vt 3.50000000 -2.53854800
vt 3.50000000 1.31709700
vt -3.58837300 -13.42991500
vt -3.43241700 -13.39350500
vt 3.50000000 1.15625500
vt -3.27295000 -13.40827000
vt 3.50000000 0.99541400
vt -3.12633100 -13.47269500
vt 3.50000000 0.83457200
vt -1.75000000 14.75876400
vt -1.75000000 14.81942100
vt -3.07525000 -13.50540600
vt -3.02382700 -13.53757600
vt -1.75000000 14.88007800
vt -2.97206800 -13.56920200
vt -1.75000000 14.94073600
vt 3.50000000 0.44291700
vt 3.50000000 0.31855100
vt -2.88176100 -13.65341200
vt 3.50000000 0.19418500
vt -2.83302200 -13.76686400
vt 3.50000000 0.06981800
vt -2.83410800 -13.89033700
vt -2.88483500 -14.00291400
vt 3.50000000 -0.05454800
vt -3.50000000 -2.58674100
vt -3.19019800 -14.46286400
vt -3.50000000 -2.03447100
vt -3.50000000 -1.48220100
vt -3.45343400 -14.94815400
vt -3.67245600 -15.45493800
vt -3.50000000 -0.92993200
vt -3.84552700 -15.97919600
vt -3.50000000 -0.37766200
vt 3.50000000 0.05234300
vt 3.50000000 -0.08375700
vt -3.91035600 -16.09753900
vt -4.02049200 -16.17549800
vt 3.50000000 -0.21985700
vt 3.50000000 -0.35595700
vt -4.15365500 -16.19730300
vt 1.75000000 22.68419400
vt -4.28290300 -16.15854200
vt 3.50000000 -0.49205800
vt -4.48361200 -16.04049600
vt 1.75000000 22.45133700
vt 1.75000000 22.21848000
vt -4.68107000 -15.91708800
vt 1.75000000 23.92597700
vt 3.50000000 -0.74829100
vt -3.16376200 -16.69417300
vt 3.50000000 -0.93196400
vt -3.31867600 -16.59742600
vt 3.50000000 -1.11563800
vt -3.42850800 -16.45149700
vt 3.50000000 -1.29931200
vt -3.47860400 -16.27585900
vt -3.46227900 -16.09394700
vt 3.50000000 -0.44280600
vt 3.50000000 -1.48298600
vt -3.29834500 -15.59650600
vt 3.50000000 -0.96674200
vt 3.50000000 -1.49067700
vt -3.09020500 -15.11588200
vt 3.50000000 -2.01461300
vt -2.83955600 -14.65599400
vt 3.50000000 1.47793900
vt 3.50000000 -2.53854800
vt -2.54844200 -14.22059200
vt -2.43407800 -14.10848200
vt 3.50000000 1.31709700
vt 3.50000000 1.15625500
vt -2.29013500 -14.03828200
vt -2.13138000 -14.01719200
vt 3.50000000 0.99541400
vt -1.97410100 -14.04737600
vt 3.50000000 0.83457200
vt -1.75000000 16.04906100
vt -1.91702200 -14.06790000
vt -1.75000000 16.10971800
vt -1.75000000 16.17037500
vt -1.85973000 -14.08782100
vt -1.80223100 -14.10713600
vt -1.75000000 16.23103200
vt 3.50000000 0.44291700
vt 3.50000000 0.31855100
vt -1.69544900 -14.16914000
vt 3.50000000 0.19418500
vt -1.62268700 -14.26890200
vt 3.50000000 0.06981800
vt -1.59627100 -14.38952100
vt -1.62067500 -14.51056300
vt -3.50000000 -2.58674100
vt 3.50000000 -0.05454800
vt -3.50000000 -2.03447100
vt -1.81603300 -15.02693000
vt -1.96468200 -15.55862900
vt -3.50000000 -1.48220100
vt -3.50000000 -0.92993200
vt -2.06544300 -16.10144400
vt -3.50000000 -0.37766200
vt 3.50000000 0.05234300
vt -2.11751600 -16.65107000
vt 3.50000000 -0.08375700
vt -2.15438600 -16.78087100
vt -2.24441300 -16.88138400
vt 3.50000000 -0.21985700
vt 3.50000000 -0.35595700
vt -2.36938500 -16.93227300
vt 1.75000000 24.62454700
vt -2.50401900 -16.92324500
vt 3.50000000 -0.49205800
vt -2.72596300 -16.85282000
vt 1.75000000 24.39169100
vt 1.75000000 24.15883400
vt -2.94593100 -16.77644400
vt 3.50000000 -0.74829100
vt 1.75000000 25.86633100
vt -1.29374700 -17.19641400
vt -1.46630500 -17.13656400
vt 3.50000000 -0.93196400
vt 3.50000000 -1.11563800
vt -1.60585600 -17.01873400
vt -1.69377900 -16.85864600
vt 3.50000000 -1.29931200
vt 3.50000000 -0.44280600
vt 3.50000000 -1.48298600
vt -1.71834200 -16.67766200
vt -1.66921000 -16.15621500
vt 3.50000000 -0.96674200
vt 3.50000000 -1.49067700
vt -1.57323700 -15.64132500
vt 3.50000000 -2.01461300
vt -1.43120800 -15.13719300
vt -1.24427900 -14.64792900
vt 3.50000000 -2.53854800
vt 3.50000000 1.47793900
vt 3.50000000 1.31709700
vt -1.15772800 -14.51318200
vt 3.50000000 1.15625500
vt -1.03301500 -14.41271100
vt -0.88293400 -14.35682300
vt 3.50000000 0.99541400
vt -0.72288200 -14.35125300
vt -1.75000000 17.33935800
vt 3.50000000 0.83457200
vt -0.66266700 -14.35856100
vt -1.75000000 17.40001500
vt -0.60237800 -14.36523400
vt -1.75000000 17.46067200
vt 3.50000000 0.44291700
vt -0.54202200 -14.37127000
vt -1.75000000 17.52132900
vt -0.42412100 -14.40795800
vt 3.50000000 0.31855100
vt -0.33098400 -14.48902800
vt 3.50000000 0.19418500
vt 3.50000000 0.06981800
vt -0.27838900 -14.60074400
vt -0.27524700 -14.72418200
vt 3.50000000 -0.05454800
vt -3.50000000 -2.58674100
vt -3.50000000 -2.03447100
vt -0.35080500 -15.27107500
vt -0.37741300 -15.82252000
vt -3.50000000 -1.48220100
vt -3.50000000 -0.92993200
vt -0.35486000 -16.37414700
vt 3.50000000 0.05234300
vt -0.28332500 -16.92158000
vt -3.50000000 -0.37766200
vt -0.29038600 -17.05633100
vt 3.50000000 -0.08375700
vt 3.50000000 -0.21985700
vt -0.35579000 -17.17435600
vt -0.46630500 -17.25177900
vt 3.50000000 -0.35595700
vt -0.59957200 -17.27293500
vt 1.75000000 26.56490100
vt 3.50000000 -0.49205800
vt 1.75000000 26.33204500
vt -0.83162300 -17.25366300
vt 1.75000000 26.09918800
vt -1.06307000 -17.22815000
vt 1.75000000 -26.52322400
vt 3.50000000 -0.74829100
vt 0.64114200 -17.26994500
vt 0.45959200 -17.24999300
vt 3.50000000 -0.93196400
vt 3.50000000 -1.11563800
vt 0.29732000 -17.16617000
vt 0.17597800 -17.02966100
vt 3.50000000 -1.29931200
vt 3.50000000 -1.48298600
vt 0.11175900 -16.85868100
vt 3.50000000 -0.44280600
vt 3.50000000 -0.96674200
vt 0.04362600 -16.33937400
vt 3.50000000 -1.49067700
vt 0.02261900 -15.81603800
vt 3.50000000 -2.01461300
vt 0.04890800 -15.29294100
vt 0.12227800 -14.77434800
vt 3.50000000 -2.53854800
vt 3.50000000 1.47793900
vt 0.17667500 -14.62372000
vt 3.50000000 1.31709700
vt 0.27590400 -14.49801700
vt 3.50000000 1.15625500
vt 3.50000000 0.99541400
vt 0.40978600 -14.41013400
vt 3.50000000 0.83457200
vt -1.75000000 -17.49866000
vt 0.56458600 -14.36908800
vt 0.62491800 -14.36281400
vt -1.75000000 -17.43800300
vt -1.75000000 -17.37734600
vt 0.68518000 -14.35590400
vt -1.75000000 -17.31668900
vt 3.50000000 0.44291700
vt 0.74536500 -14.34835900
vt 0.86847500 -14.35789200
vt 3.50000000 0.31855100
vt 3.50000000 0.19418500
vt 0.97731600 -14.41620400
vt 3.50000000 0.06981800
vt 1.05345100 -14.51341600
vt 3.50000000 -0.05454800
vt -3.50000000 -2.58674100
vt 1.08398200 -14.63306000
vt 1.13201400 -15.18305300
vt -3.50000000 -2.03447100
vt -3.50000000 -1.48220100
vt 1.22878100 -15.72659400
vt 1.37351700 -16.25937100
vt -3.50000000 -0.92993200
vt 1.56507400 -16.77716100
vt 3.50000000 0.05234300
vt -3.50000000 -0.37766200
vt 3.50000000 -0.08375700
vt 1.58817400 -16.91010500
vt 3.50000000 -0.21985700
vt 1.55067300 -17.03972500
vt 1.46015800 -17.13979800
vt 3.50000000 -0.35595700
vt 1.33494000 -17.19007900
vt 1.75000000 -25.82465400
vt 3.50000000 -0.49205800
vt 1.75000000 -26.05751100
vt 1.10441900 -17.22292700
vt 1.75000000 -26.29036800
vt 0.87309700 -17.24955500
vt 1.75000000 -24.58287000
vt 3.50000000 -0.74829100
vt 2.54388100 -16.91107900
vt 2.36244300 -16.93202600
vt 3.50000000 -0.93196400
vt 3.50000000 -1.11563800
vt 2.18558700 -16.88641400
vt 2.03691200 -16.78032800
vt 3.50000000 -1.29931200
vt 1.93625600 -16.62792500
vt 3.50000000 -1.48298600
vt 3.50000000 -0.44280600
vt 3.50000000 -0.96674200
vt 1.75427500 -16.13679900
vt 1.61734100 -15.63125900
vt 3.50000000 -1.49067700
vt 3.50000000 -2.01461300
vt 1.52657100 -15.11542700
vt 3.50000000 1.47793900
vt 3.50000000 -2.53854800
vt 1.48270400 -14.59351000
vt 1.50221900 -14.43455400
vt 3.50000000 1.31709700
vt 3.50000000 1.15625500
vt 1.57098800 -14.28992200
vt 1.68195800 -14.17445100
vt 3.50000000 0.99541400
vt 1.82374300 -14.09998800
vt 3.50000000 0.83457200
vt -1.75000000 -16.20836300
vt -1.75000000 -16.14770600
vt 1.88116600 -14.08044600
vt -1.75000000 -16.08704900
vt 1.93838000 -14.06030000
vt -1.75000000 -16.02639200
vt 3.50000000 0.44291700
vt 1.99537700 -14.03955100
vt 3.50000000 0.31855100
vt 2.11752100 -14.02145100
vt 3.50000000 0.19418500
vt 2.23660900 -14.05408100
vt 3.50000000 0.06981800
vt 2.33246700 -14.13191400
vt 3.50000000 -0.05454800
vt -3.50000000 -2.58674100
vt 2.38885600 -14.24176500
vt 2.55806800 -14.76728100
vt -3.50000000 -2.03447100
vt 2.77335900 -15.27566100
vt -3.50000000 -1.48220100
vt 3.03302000 -15.76287400
vt -3.50000000 -0.92993200
vt 3.50000000 0.05234300
vt -3.50000000 -0.37766200
vt 3.33499400 -16.22505600
vt 3.38709800 -16.34952700
vt 3.50000000 -0.08375700
vt 3.37938000 -16.48424200
vt 3.50000000 -0.21985700
vt 3.31340200 -16.60194700
vt 3.50000000 -0.35595700
vt 3.20251200 -16.67883100
vt 3.50000000 -0.49205800
vt 1.75000000 -23.88430000
vt 1.75000000 -24.11715700
vt 2.98508000 -16.76215100
vt 2.76548300 -16.83958500
vt 1.75000000 -24.35001400
vt 1.75000000 -22.64251600
vt 3.50000000 -0.74829100
vt 4.31905900 -16.13781200
vt 3.50000000 -0.93196400
vt 4.14683100 -16.19860700
vt 3.96426000 -16.19349200
vt 3.50000000 -1.11563800
vt 3.79570600 -16.12315000
vt 3.50000000 -1.29931200
vt 3.50000000 -1.48298600
vt 3.66366100 -15.99696600
vt 3.50000000 -0.44280600
vt 3.37695700 -15.55864800
vt 3.50000000 -0.96674200
vt 3.50000000 -1.49067700
vt 3.13096300 -15.09625400
vt 2.92768500 -14.61355300
vt 3.50000000 -2.01461300
vt 3.50000000 -2.53854800
vt 3.50000000 1.47793900
vt 2.76878100 -14.11448300
vt 3.50000000 1.31709700
vt 2.75243500 -13.95517000
vt 3.50000000 1.15625500
vt 2.78729700 -13.79886100
vt 3.50000000 0.99541400
vt 2.86979000 -13.66159200
vt 3.50000000 0.83457200
vt -1.75000000 -14.91806600
vt 2.99145100 -13.55744600
vt 3.04308500 -13.52561700
vt -1.75000000 -14.85740900
vt -1.75000000 -14.79675200
vt 3.09438100 -13.49324400
vt -1.75000000 -14.73609500
vt 3.50000000 0.44291700
vt 3.14533300 -13.46033200
vt 3.50000000 0.31855100
vt 3.26038600 -13.41550600
vt 3.50000000 0.19418500
vt 3.38375000 -13.42081900
vt 3.49452400 -13.47537000
vt 3.50000000 0.06981800
vt 3.57394300 -13.56991900
vt 3.50000000 -0.05454800
vt -3.50000000 -2.58674100
vt -3.50000000 -2.03447100
vt 3.85585100 -14.04460600
vt -3.50000000 -1.48220100
vt 4.17886900 -14.49233300
vt 4.54043500 -14.90955000
vt -3.50000000 -0.92993200
vt 4.93768300 -15.29294900
vt -3.50000000 -0.37766200
vt 3.50000000 0.05234300
vt 5.01617800 -15.40270500
vt 3.50000000 -0.08375700
vt 3.50000000 -0.21985700
vt 5.03863000 -15.53576000
vt 3.50000000 -0.35595700
vt 5.00049900 -15.66519600
vt 3.50000000 -0.49205800
vt 1.75000000 -21.94394600
vt 4.90949700 -15.76482700
vt 1.75000000 -22.17680300
vt 4.71605700 -15.89444100
vt 1.75000000 -22.40966000
vt 4.51919600 -16.01879900
vt 5.87766200 -14.98891700
vt 3.50000000 -0.74829100
vt 1.75000000 -20.70216300
vt 3.50000000 -0.93196400
vt 5.72328100 -15.08651300
vt 3.50000000 -1.11563800
vt 5.54414900 -15.12215200
vt 5.36416800 -15.09108000
vt 3.50000000 -1.29931200
vt 3.50000000 -0.44280600
vt 3.50000000 -1.48298600
vt 5.20735500 -14.99744300
vt 3.50000000 -0.96674200
vt 4.83030400 -14.63391200
vt 3.50000000 -1.49067700
vt 4.48758500 -14.23784900
vt 3.50000000 -2.01461300
vt 4.18199300 -13.81248500
vt 3.91601900 -13.36128700
vt 3.50000000 -2.53854800
vt 3.50000000 1.47793900
vt 3.86463300 -13.20960500
vt 3.50000000 1.31709700
vt 3.86383900 -13.04945800
vt 3.50000000 1.15625500
vt 3.91371800 -12.89727500
vt 3.50000000 0.99541400
vt 4.00915400 -12.76866800
vt -1.75000000 -13.62776900
vt 3.50000000 0.83457200
vt 4.05241100 -12.72614600
vt -1.75000000 -13.56711200
vt 4.09521700 -12.68317100
vt -1.75000000 -13.50645500
vt 3.50000000 0.44291700
vt 4.13756800 -12.63974600
vt -1.75000000 -13.44579800
vt 3.50000000 0.31855100
vt 4.23976200 -12.57044200
vt 3.50000000 0.19418500
vt 4.36121500 -12.54817100
vt 4.48135100 -12.57670500
vt 3.50000000 0.06981800
vt 3.50000000 -0.05454800
vt -3.50000000 -2.58674100
vt 4.57981700 -12.65121100
vt 4.96028500 -13.05126600
vt -3.50000000 -2.03447100
vt 5.37483300 -13.41589000
vt -3.50000000 -1.48220100
vt -3.50000000 -0.92993200
vt 5.82017400 -13.74219000
vt 6.29277600 -14.02758100
vt 3.50000000 0.05234300
vt -3.50000000 -0.37766200
vt 6.39372500 -14.11711800
vt 3.50000000 -0.08375700
vt 3.50000000 -0.21985700
vt 6.44522300 -14.24184000
vt 3.50000000 -0.35595700
vt 6.43684900 -14.37651600
vt 6.37030000 -14.49389900
vt 1.75000000 -20.00359200
vt 3.50000000 -0.49205800
vt 6.21055100 -14.66330800
vt 1.75000000 -20.23644900
vt 6.04629900 -14.82835400
vt 1.75000000 -20.46930600
vt 1.75000000 -18.76180900
vt 3.50000000 -0.74829100
vt 7.14153400 -13.52200600
vt 3.50000000 -0.93196400
vt 7.01274000 -13.65150800
vt 3.50000000 -1.11563800
vt 6.84603000 -13.72611400
vt 6.66364800 -13.73587100
vt 3.50000000 -1.29931200
vt 3.50000000 -1.48298600
vt 3.50000000 -0.44280600
vt 6.48993000 -13.67947500
vt 6.04144000 -13.40896100
vt 3.50000000 -0.96674200
vt 5.61918100 -13.09909000
vt 3.50000000 -1.49067700
vt 3.50000000 -2.01461300
vt 5.22659800 -12.75239100
vt 3.50000000 1.47793900
vt 3.50000000 -2.53854800
vt 4.86689200 -12.37169000
vt 4.78304200 -12.23524600
vt 3.50000000 1.31709700
vt 4.74663100 -12.07929100
vt 3.50000000 1.15625500
vt 3.50000000 0.99541400
vt 4.76139600 -11.91982400
vt 4.82582100 -11.77320500
vt -1.75000000 -12.33747200
vt 3.50000000 0.83457200
vt -1.75000000 -12.27681500
vt 4.85853200 -11.72212400
vt 4.89070200 -11.67070100
vt -1.75000000 -12.21615800
vt 4.92232800 -11.61894100
vt -1.75000000 -12.15550100
vt 3.50000000 0.44291700
vt 3.50000000 0.31855100
vt 5.00653900 -11.52863500
vt 5.11999000 -11.47989600
vt 3.50000000 0.19418500
vt 5.24346300 -11.48098200
vt 3.50000000 0.06981800
vt 3.50000000 -0.05454800
vt 5.35604000 -11.53170800
vt -3.50000000 -2.58674100
vt 5.81599000 -11.83707100
vt -3.50000000 -2.03447100
vt 6.30128100 -12.10030700
vt -3.50000000 -1.48220100
vt 6.80806400 -12.31932900
vt -3.50000000 -0.92993200
vt 7.33232300 -12.49240100
vt 3.50000000 0.05234300
vt -3.50000000 -0.37766200
vt 7.45066500 -12.55722900
vt 3.50000000 -0.08375700
vt 7.52862500 -12.66736600
vt 3.50000000 -0.21985700
vt 7.55043000 -12.80052800
vt 3.50000000 -0.35595700
vt 7.51166800 -12.92977700
vt 3.50000000 -0.49205800
vt 1.75000000 -18.06323900
vt 7.39362200 -13.13048600
vt 1.75000000 -18.29609500
vt 7.27021400 -13.32794300
vt 1.75000000 -18.52895200
vt 8.04730000 -11.81063600
vt 3.50000000 -0.74829100
vt 1.75000000 -16.82145500
vt 7.95055200 -11.96555000
vt 3.50000000 -0.93196400
vt 3.50000000 -1.11563800
vt 7.80462300 -12.07538200
vt 7.62898500 -12.12547800
vt 3.50000000 -1.29931200
vt 7.44707300 -12.10915200
vt 3.50000000 -0.44280600
vt 3.50000000 -1.48298600
vt 3.50000000 -0.96674200
vt 6.94963200 -11.94521800
vt 6.46900800 -11.73707900
vt 3.50000000 -1.49067700
vt 3.50000000 -2.01461300
vt 6.00912000 -11.48643000
vt 3.50000000 -2.53854800
vt 5.57371800 -11.19531600
vt 3.50000000 1.47793900
vt 3.50000000 1.31709700
vt 5.46160900 -11.08095200
vt 3.50000000 1.15625500
vt 5.39140800 -10.93700800
vt 3.50000000 0.99541400
vt 5.37031800 -10.77825400
vt -1.75000000 -11.04717500
vt 3.50000000 0.83457200
vt 5.40050200 -10.62097500
vt 5.42102600 -10.56389600
vt -1.75000000 -10.98651800
vt 5.44094700 -10.50660400
vt -1.75000000 -10.92586100
vt -1.75000000 -10.86520400
vt 5.46026200 -10.44910400
vt 3.50000000 0.44291700
vt 3.50000000 0.31855100
vt 5.52226700 -10.34232300
vt 5.62202800 -10.26956100
vt 3.50000000 0.19418500
vt 5.74264700 -10.24314400
vt 3.50000000 0.06981800
vt -3.50000000 -2.58674100
vt 3.50000000 -0.05454800
vt 5.86368900 -10.26754800
vt -3.50000000 -2.03447100
vt 6.38005700 -10.46290700
vt -3.50000000 -1.48220100
vt 6.91175600 -10.61155600
vt 7.45457000 -10.71231600
vt -3.50000000 -0.92993200
vt -3.50000000 -0.37766200
vt 8.00419600 -10.76439000
vt 3.50000000 0.05234300
vt 3.50000000 -0.08375700
vt 8.13399700 -10.80126000
vt 3.50000000 -0.21985700
vt 8.23451000 -10.89128700
vt 8.28540000 -11.01625900
vt 3.50000000 -0.35595700
vt 3.50000000 -0.49205800
vt 8.27637100 -11.15089200
vt 1.75000000 -16.12288500
vt 1.75000000 -16.35574100
vt 8.20594600 -11.37283700
vt 1.75000000 -16.58859800
vt 8.12957100 -11.59280400
vt 1.75000000 -14.88110100
vt 3.50000000 -0.74829100
vt 8.54954000 -9.94062100
vt 8.48969000 -10.11317900
vt 3.50000000 -0.93196400
vt 8.37186000 -10.25273000
vt 3.50000000 -1.11563800
vt 3.50000000 -1.29931200
vt 8.21177300 -10.34065300
vt 3.50000000 -1.48298600
vt 3.50000000 -0.44280600
vt 8.03078900 -10.36521600
vt 3.50000000 -0.96674200
vt 7.50934100 -10.31608300
vt 6.99445200 -10.22011100
vt 3.50000000 -1.49067700
vt 3.50000000 -2.01461300
vt 6.49031900 -10.07808100
vt 6.00105500 -9.89115200
vt 3.50000000 -2.53854800
vt 3.50000000 1.47793900
vt 3.50000000 1.31709700
vt 5.86630800 -9.80460200
vt 3.50000000 1.15625500
vt 5.76583700 -9.67988900
vt 3.50000000 0.99541400
vt 5.70995000 -9.52980800
vt -1.75000000 -9.75687800
vt 5.70437900 -9.36975500
vt 3.50000000 0.83457200
vt 5.71168700 -9.30954000
vt -1.75000000 -9.69622100
vt 5.71836000 -9.24925200
vt -1.75000000 -9.63556400
vt -1.75000000 -9.57490700
vt 3.50000000 0.44291700
vt 5.72439600 -9.18889600
vt 5.76108500 -9.07099500
vt 3.50000000 0.31855100
vt 3.50000000 0.19418500
vt 5.84215400 -8.97785800
vt 5.95387100 -8.92526300
vt 3.50000000 0.06981800
vt 3.50000000 -0.05454800
vt -3.50000000 -2.58674100
vt 6.07730800 -8.92212100
vt -3.50000000 -2.03447100
vt 6.62420100 -8.99767900
vt -3.50000000 -1.48220100
vt 7.17564700 -9.02428700
vt -3.50000000 -0.92993200
vt 7.72727300 -9.00173400
vt 8.27470600 -8.93019800
vt -3.50000000 -0.37766200
vt 3.50000000 0.05234300
vt 3.50000000 -0.08375700
vt 8.40945700 -8.93726000
vt 8.52748300 -9.00266400
vt 3.50000000 -0.21985700
vt 3.50000000 -0.35595700
vt 8.60490500 -9.11317800
vt 3.50000000 -0.49205800
vt 8.62606200 -9.24644600
vt 1.75000000 -14.18253100
vt 8.60679000 -9.47849600
vt 1.75000000 -14.41538700
vt 1.75000000 -14.64824400
vt 8.58127600 -9.70994400
vt 1.75000000 -12.94074700
vt 3.50000000 -0.74829100
vt 8.62307100 -8.00573200
vt 3.50000000 -0.93196400
vt 8.60312000 -8.18728200
vt 3.50000000 -1.11563800
vt 8.51929700 -8.34955400
vt 3.50000000 -1.29931200
vt 8.38278800 -8.47089500
vt 8.21180700 -8.53511500
vt 3.50000000 -1.48298600
vt 3.50000000 -0.44280600
vt 3.50000000 -0.96674200
vt 7.69250000 -8.60324700
vt 3.50000000 -1.49067700
vt 7.16916400 -8.62425500
vt 3.50000000 -2.01461300
vt 6.64606700 -8.59796600
vt 3.50000000 -2.53854800
vt 3.50000000 1.47793900
vt 6.12747400 -8.52459500
vt 5.97684600 -8.47019900
vt 3.50000000 1.31709700
vt 3.50000000 1.15625500
vt 5.85114300 -8.37096900
vt 3.50000000 0.99541400
vt 5.76326100 -8.23708700
vt 5.72221500 -8.08228700
vt -1.75000000 -8.46658100
vt 3.50000000 0.83457200
vt -1.75000000 -8.40592400
vt 5.71594100 -8.02195600
vt -1.75000000 -8.34526700
vt 5.70903000 -7.96169400
vt 3.50000000 0.44291700
vt 5.70148500 -7.90150800
vt -1.75000000 -8.28461000
vt 3.50000000 0.31855100
vt 5.71101800 -7.77839900
vt 3.50000000 0.19418500
vt 5.76933000 -7.66955800
vt 3.50000000 0.06981800
vt 5.86654200 -7.59342200
vt 5.98618600 -7.56289200
vt 3.50000000 -0.05454800
vt -3.50000000 -2.58674100
vt 6.53618000 -7.51486000
vt -3.50000000 -2.03447100
vt 7.07972000 -7.41809300
vt -3.50000000 -1.48220100
vt -3.50000000 -0.92993200
vt 7.61249800 -7.27335700
vt -3.50000000 -0.37766200
vt 8.13028800 -7.08179900
vt 3.50000000 0.05234300
vt 8.26323100 -7.05869900
vt 3.50000000 -0.08375700
vt 8.39285200 -7.09620000
vt 3.50000000 -0.21985700
vt 8.49292500 -7.18671600
vt 3.50000000 -0.35595700
vt 1.75000000 -12.24217700
vt 3.50000000 -0.49205800
vt 8.54320500 -7.31193400
vt 8.57605300 -7.54245500
vt 1.75000000 -12.47503400
vt 1.75000000 -12.70789000
vt 8.60268100 -7.77377700
vt 1.75000000 -11.00039300
vt 8.26420600 -6.10299300
vt 3.50000000 -0.74829100
vt 8.28515300 -6.28443100
vt 3.50000000 -0.93196400
vt 8.23954000 -6.46128600
vt 3.50000000 -1.11563800
vt 8.13345500 -6.60996200
vt 3.50000000 -1.29931200
vt 3.50000000 -0.44280600
vt 7.98105200 -6.71061800
vt 3.50000000 -1.48298600
vt 3.50000000 -0.96674200
vt 7.48992600 -6.89259900
vt 3.50000000 -1.49067700
vt 6.98438500 -7.02953300
vt 6.46855300 -7.12030300
vt 3.50000000 -2.01461300
vt 3.50000000 -2.53854800
vt 3.50000000 1.47793900
vt 5.94663600 -7.16417000
vt 5.78768000 -7.14465500
vt 3.50000000 1.31709700
vt 3.50000000 1.15625500
vt 5.64304800 -7.07588500
vt 3.50000000 0.99541400
vt 5.52757800 -6.96491500
vt 3.50000000 0.83457200
vt -1.75000000 -7.17628400
vt 5.45311500 -6.82313000
vt 5.43357300 -6.76570700
vt -1.75000000 -7.11562700
vt -1.75000000 -7.05497000
vt 5.41342600 -6.70849400
vt 5.39267700 -6.65149600
vt -1.75000000 -6.99431300
vt 3.50000000 0.44291700
vt 5.37457700 -6.52935300
vt 3.50000000 0.31855100
vt 5.40720800 -6.41026400
vt 3.50000000 0.19418500
vt 5.48504100 -6.31440600
vt 3.50000000 0.06981800
vt 5.59489100 -6.25801800
vt -3.50000000 -2.58674100
vt 3.50000000 -0.05454800
vt -3.50000000 -2.03447100
vt 6.12040700 -6.08880500
vt 6.62878800 -5.87351500
vt -3.50000000 -1.48220100
vt 7.11600000 -5.61385300
vt -3.50000000 -0.92993200
vt -3.50000000 -0.37766200
vt 3.50000000 0.05234300
vt 7.57818200 -5.31188000
vt 3.50000000 -0.08375700
vt 7.70265300 -5.25977600
vt 3.50000000 -0.21985700
vt 7.83736800 -5.26749400
vt 3.50000000 -0.35595700
vt 7.95507400 -5.33347100
vt 8.03195700 -5.44436100
vt 3.50000000 -0.49205800
vt 1.75000000 -10.30182300
vt 1.75000000 -10.53468000
vt 8.11527700 -5.66179400
vt 1.75000000 -10.76753600
vt 8.19271200 -5.88139100
vt 7.49093800 -4.32781500
vt 1.75000000 -9.06003900
vt 3.50000000 -0.74829100
vt 3.50000000 -0.93196400
vt 7.55173400 -4.50004200
vt 3.50000000 -1.11563800
vt 7.54661900 -4.68261300
vt 7.47627600 -4.85116700
vt 3.50000000 -1.29931200
vt 3.50000000 -0.44280600
vt 3.50000000 -1.48298600
vt 7.35009200 -4.98321300
vt 6.91177500 -5.26991700
vt 3.50000000 -0.96674200
vt 6.44938000 -5.51591100
vt 3.50000000 -1.49067700
vt 5.96667900 -5.71918900
vt 3.50000000 -2.01461300
vt 3.50000000 1.47793900
vt 3.50000000 -2.53854800
vt 5.46760900 -5.87809300
vt 5.30829600 -5.89443900
vt 3.50000000 1.31709700
vt 5.15198700 -5.85957700
vt 3.50000000 1.15625500
vt 3.50000000 0.99541400
vt 5.01471900 -5.77708400
vt 4.91057300 -5.65542300
vt -1.75000000 -5.88598700
vt 3.50000000 0.83457200
vt 4.87874300 -5.60378900
vt -1.75000000 -5.82533000
vt -1.75000000 -5.76467300
vt 4.84637000 -5.55249300
vt 4.81345900 -5.50154100
vt -1.75000000 -5.70401600
vt 3.50000000 0.44291700
vt 4.76863300 -5.38648700
vt 3.50000000 0.31855100
vt 4.77394500 -5.26312400
vt 3.50000000 0.19418500
vt 4.82849700 -5.15235000
vt 3.50000000 0.06981800
vt 4.92304500 -5.07293100
vt 3.50000000 -0.05454800
vt -3.50000000 -2.58674100
vt 5.39773200 -4.79102200
vt -3.50000000 -2.03447100
vt -3.50000000 -1.48220100
vt 5.84546000 -4.46800500
vt -3.50000000 -0.92993200
vt 6.26267700 -4.10643800
vt 6.64607600 -3.70919100
vt -3.50000000 -0.37766200
vt 3.50000000 0.05234300
vt 6.75583100 -3.63069600
vt 3.50000000 -0.08375700
vt 3.50000000 -0.21985700
vt 6.88888600 -3.60824300
vt 3.50000000 -0.35595700
vt 7.01832200 -3.64637500
vt 1.75000000 -8.36146900
vt 3.50000000 -0.49205800
vt 7.11795300 -3.73737600
vt 7.24756700 -3.93081700
vt 1.75000000 -8.59432600
vt 1.75000000 -8.82718200
vt 7.37192600 -4.12767700
vt 6.34204400 -2.76921200
vt 1.75000000 -7.11968500
vt 3.50000000 -0.74829100
vt 3.50000000 -0.93196400
vt 6.43963900 -2.92359300
vt 3.50000000 -1.11563800
vt 6.47527800 -3.10272500
vt 3.50000000 -1.29931200
vt 6.44420600 -3.28270600
vt 6.35056900 -3.43951900
vt 3.50000000 -1.48298600
vt 3.50000000 -0.44280600
vt 3.50000000 -0.96674200
vt 5.98703800 -3.81657000
vt 3.50000000 -1.49067700
vt 5.59097600 -4.15928900
vt 5.16561100 -4.46488100
vt 3.50000000 -2.01461300
vt 3.50000000 -2.53854800
vt 4.71441300 -4.73085500
vt 3.50000000 1.47793900
vt 4.56273200 -4.78224100
vt 3.50000000 1.31709700
vt 4.40258400 -4.78303500
vt 3.50000000 1.15625500
vt 4.25040100 -4.73315600
vt 3.50000000 0.99541400
vt -1.75000000 -4.59569000
vt 4.12179400 -4.63772000
vt 3.50000000 0.83457200
vt -1.75000000 -4.53503300
vt 4.07927300 -4.59446300
vt 4.03629700 -4.55165600
vt -1.75000000 -4.47437600
vt 3.99287300 -4.50930600
vt -1.75000000 -4.41371900
vt 3.50000000 0.44291700
vt 3.50000000 0.31855100
vt 3.92356900 -4.40711100
vt 3.50000000 0.19418500
vt 3.90129700 -4.28565900
vt 3.92983100 -4.16552300
vt 3.50000000 0.06981800
vt 3.50000000 -0.05454800
vt 4.00433700 -4.06705600
vt -3.50000000 -2.58674100
vt 4.40439200 -3.68658800
vt -3.50000000 -2.03447100
vt -3.50000000 -1.48220100
vt 4.76901600 -3.27204000
vt 5.09531700 -2.82670000
vt -3.50000000 -0.92993200
vt -3.50000000 -0.37766200
vt 5.38070700 -2.35409800
vt 3.50000000 0.05234300
vt 3.50000000 -0.08375700
vt 5.47024400 -2.25314800
vt 3.50000000 -0.21985700
vt 5.59496600 -2.20165100
vt 3.50000000 -0.35595700
vt 5.72964200 -2.21002400
vt 3.50000000 -0.49205800
vt 5.84702600 -2.27657400
vt 1.75000000 -6.42111500
vt 1.75000000 -6.65397200
vt 6.01643400 -2.43632300
vt 1.75000000 -6.88682800
vt 6.18148000 -2.60057500
vt 4.87513300 -1.50534000
vt 3.50000000 -0.74829100
vt 1.75000000 -5.17933100
vt 5.00463400 -1.63413300
vt 3.50000000 -0.93196400
vt 3.50000000 -1.11563800
vt 5.07924100 -1.80084300
vt 3.50000000 -1.29931200
vt 5.08899700 -1.98322600
vt 5.03260200 -2.15694400
vt 3.50000000 -1.48298600
vt 3.50000000 -0.44280600
vt 4.76208700 -2.60543400
vt 3.50000000 -0.96674200
vt 4.45221700 -3.02769300
vt 3.50000000 -1.49067700
vt 3.50000000 -2.01461300
vt 4.10551800 -3.42027600
vt 3.72481700 -3.77998200
vt 3.50000000 1.47793900
vt 3.50000000 -2.53854800
vt 3.50000000 1.31709700
vt 3.58837300 -3.86383200
vt 3.50000000 1.15625500
vt 3.43241700 -3.90024200
vt 3.50000000 0.99541400
vt 3.27295000 -3.88547700
vt 3.50000000 0.83457200
vt -1.75000000 -3.30539400
vt 3.12633100 -3.82105200
vt -1.75000000 -3.24473600
vt 3.07525000 -3.78834100
vt 3.02382700 -3.75617100
vt -1.75000000 -3.18407900
vt -1.75000000 -3.12342200
vt 3.50000000 0.44291700
vt 2.97206800 -3.72454600
vt 2.88176100 -3.64033500
vt 3.50000000 0.31855100
vt 2.83302200 -3.52688300
vt 3.50000000 0.19418500
vt 2.83410800 -3.40341000
vt 3.50000000 0.06981800
vt 2.88483500 -3.29083300
vt -3.50000000 -2.58674100
vt 3.50000000 -0.05454800
vt -3.50000000 -2.03447100
vt 3.19019800 -2.83088400
vt -3.50000000 -1.48220100
vt 3.45343400 -2.34559300
vt -3.50000000 -0.92993200
vt 3.67245600 -1.83880900
vt -3.50000000 -0.37766200
vt 3.50000000 0.05234300
vt 3.84552700 -1.31455100
vt 3.91035600 -1.19620900
vt 3.50000000 -0.08375700
vt 3.50000000 -0.21985700
vt 4.02049200 -1.11824900
vt 3.50000000 -0.35595700
vt 4.15365500 -1.09644400
vt 1.75000000 -4.48076100
vt 3.50000000 -0.49205800
vt 4.28290300 -1.13520500
vt 4.48361200 -1.25325200
vt 1.75000000 -4.71361800
vt 4.68107000 -1.37666000
vt 1.75000000 -4.94647500
vt 1.75000000 -3.23897700
vt 3.50000000 -0.74829100
vt 3.16376200 -0.59957400
vt 3.50000000 -0.93196400
vt 3.31867600 -0.69632100
vt 3.50000000 -1.11563800
vt 3.42850800 -0.84225000
vt 3.50000000 -1.29931200
vt 3.47860400 -1.01788900
vt 3.50000000 -1.48298600
vt 3.46227900 -1.19980100
vt 3.50000000 -0.44280600
vt 3.50000000 -0.96674200
vt 3.29834500 -1.69724200
vt 3.50000000 -1.49067700
vt 3.09020500 -2.17786600
vt 3.50000000 -2.01461300
vt 2.83955600 -2.63775400
vt 2.54844200 -3.07315500
vt 3.50000000 -2.53854800
vt 3.50000000 1.47793900
vt 3.50000000 1.31709700
vt 2.43407800 -3.18526500
vt 2.29013500 -3.25546600
vt 3.50000000 1.15625500
vt 3.50000000 0.99541400
vt 2.13138000 -3.27655600
vt -1.75000000 -2.01509700
vt 3.50000000 0.83457200
vt 1.97410100 -3.24637100
vt 1.91702200 -3.22584700
vt -1.75000000 -1.95443900
vt 1.85973000 -3.20592700
vt -1.75000000 -1.89378200
vt 1.80223100 -3.18661100
vt -1.75000000 -1.83312500
vt 3.50000000 0.44291700
vt 1.69544900 -3.12460700
vt 3.50000000 0.31855100
vt 3.50000000 0.19418500
vt 1.62268700 -3.02484500
vt 1.59627100 -2.90422600
vt 3.50000000 0.06981800
vt 1.62067500 -2.78318400
vt -3.50000000 -2.58674100
vt 3.50000000 -0.05454800
vt -3.50000000 -2.03447100
vt 1.81603300 -2.26681700
vt -3.50000000 -1.48220100
vt 1.96468200 -1.73511800
vt -3.50000000 -0.92993200
vt 2.06544300 -1.19230300
vt 2.11751600 -0.64267700
vt -3.50000000 -0.37766200
vt 3.50000000 0.05234300
vt 3.50000000 -0.08375700
vt 2.15438600 -0.51287600
vt 2.24441300 -0.41236400
vt 3.50000000 -0.21985700
vt 3.50000000 -0.35595700
vt 2.36938500 -0.36147400
vt 2.50401900 -0.37050300
vt 1.75000000 -2.54040700
vt 3.50000000 -0.49205800
vt 2.72596300 -0.44092800
vt 1.75000000 -2.77326400
vt 2.94593100 -0.51730300
vt 1.75000000 -3.00612100
vt 3.50000000 -0.74829100
vt 1.75000000 -1.29862300
vt 1.29374700 -0.09733300
vt 3.50000000 -0.93196400
vt 1.46630500 -0.15718400
vt 3.50000000 -1.11563800
vt 1.60585600 -0.27501400
vt 1.69377900 -0.43510100
vt 3.50000000 -1.29931200
vt 3.50000000 -0.44280600
vt 1.71834200 -0.61608500
vt 3.50000000 -1.48298600
vt 1.66921000 -1.13753300
vt 3.50000000 -0.96674200
vt 1.57323700 -1.65242200
vt 3.50000000 -1.49067700
vt 3.50000000 -2.01461300
vt 1.43120800 -2.15655400
vt 1.24427900 -2.64581800
vt 3.50000000 1.47793900
vt 3.50000000 -2.53854800
vt 1.15772800 -2.78056500
vt 3.50000000 1.31709700
vt 1.03301500 -2.88103700
vt 3.50000000 1.15625500
vt 3.50000000 0.99541400
vt 0.88293400 -2.93692400
vt 3.50000000 0.83457200
vt -1.75000000 -0.72480000
vt 0.72288200 -2.94249400
vt -1.75000000 -0.66414200
vt 0.66266700 -2.93518600
vt 0.60237800 -2.92851400
vt -1.75000000 -0.60348500
vt -1.75000000 -0.54282800
vt 0.54202200 -2.92247700
vt 3.50000000 0.44291700
vt 0.42412100 -2.88578900
vt 3.50000000 0.31855100
vt 0.33098400 -2.80471900
vt 3.50000000 0.19418500
vt 3.50000000 0.06981800
vt 0.27838900 -2.69300300
vt 3.50000000 -0.05454800
vt -3.50000000 -2.58674100
vt 0.27524700 -2.56956500
vt 0.35080500 -2.02267300
vt -3.50000000 -2.03447100
vt 0.37741300 -1.47122700
vt -3.50000000 -1.48220100
vt 0.35486000 -0.91960100
vt -3.50000000 -0.92993200
vt 0.28332500 -0.37216800
vt 3.50000000 0.05234300
vt -3.50000000 -0.37766200
vt 0.29038600 -0.23741700
vt 3.50000000 -0.08375700
vt 0.35579000 -0.11939100
vt 3.50000000 -0.21985700
vt 0.46630500 -0.04196900
vt 3.50000000 -0.35595700
vt 0.59957200 -0.02081200
vt 1.75000000 -0.60005300
vt 3.50000000 -0.49205800
vt 0.83162300 -0.04008400
vt 1.75000000 -0.83291000
vt 1.06307000 -0.06559700
vt 1.75000000 -1.06576700
vt -0.64114200 -0.02380200
vt 3.50000000 -0.74829100
vt 1.75000000 0.64173000
vt 3.50000000 -0.93196400
vt -0.45959200 -0.04375400
vt -0.29732000 -0.12757700
vt 3.50000000 -1.11563800
vt -0.17597800 -0.26408600
vt 3.50000000 -1.29931200
vt -0.11175900 -0.43506600
vt 3.50000000 -1.48298600
vt 3.50000000 -0.44280600
vt -0.04362600 -0.95437300
vt 3.50000000 -0.96674200
vt -0.02261900 -1.47770900
vt 3.50000000 -1.49067700
vt -0.04890800 -2.00080600
vt 3.50000000 -2.01461300
vt -0.12227800 -2.51939900
vt 3.50000000 -2.53854800
vt 3.50000000 1.47793900
vt 3.50000000 1.31709700
vt -0.17667500 -2.67002700
vt 3.50000000 1.15625500
vt -0.27590400 -2.79573100
vt -0.40978600 -2.88361300
vt 3.50000000 0.99541400
vt -1.75000000 0.56549700
vt -0.56458600 -2.92465900
vt 3.50000000 0.83457200
vt -0.62491800 -2.93093300
vt -1.75000000 0.62615500
vt -0.68518000 -2.93784300
vt -1.75000000 0.68681200
vt -1.75000000 0.74746900
vt 3.50000000 0.44291700
vt -0.74536500 -2.94538900
vt 3.50000000 0.31855100
vt -0.86847500 -2.93585500
vt -0.97731600 -2.87754400
vt 3.50000000 0.19418500
vt -1.05345100 -2.78033100
vt 3.50000000 0.06981800
vt 3.50000000 -0.05454800
vt -1.08398200 -2.66068800
vt -3.50000000 -2.58674100
vt -1.13201400 -2.11069400
vt -3.50000000 -2.03447100
vt -3.50000000 -1.48220100
vt -1.22878100 -1.56715300
vt -1.37351700 -1.03437600
vt -3.50000000 -0.92993200
vt 3.50000000 0.05234300
vt -1.56507400 -0.51658600
vt -3.50000000 -0.37766200
vt 3.50000000 -0.08375700
vt -1.58817400 -0.38364200
vt 3.50000000 -0.21985700
vt -1.55067300 -0.25402200
vt -1.46015800 -0.15394900
vt 3.50000000 -0.35595700
vt 1.75000000 1.34030100
vt 3.50000000 -0.49205800
vt -1.33494000 -0.10366800
vt -1.10441900 -0.07082100
vt 1.75000000 1.10744400
vt 1.75000000 0.87458700
vt -0.87309700 -0.04419200
vt -2.54388100 -0.38266800
vt 3.50000000 -0.74829100
vt 1.75000000 2.58208400
vt 3.50000000 -0.93196400
vt -2.36244300 -0.36172100
vt 3.50000000 -1.11563800
vt -2.18558700 -0.40733300
vt -2.03691200 -0.51341900
vt 3.50000000 -1.29931200
vt -1.93625600 -0.66582200
vt 3.50000000 -1.48298600
vt 3.50000000 -0.44280600
vt 3.50000000 -0.96674200
vt -1.75427500 -1.15694800
vt -1.61734100 -1.66248800
vt 3.50000000 -1.49067700
vt 3.50000000 -2.01461300
vt -1.52657100 -2.17832000
vt -1.48270400 -2.70023700
vt 3.50000000 -2.53854800
vt 3.50000000 1.47793900
vt 3.50000000 1.31709700
vt -1.50221900 -2.85919300
vt 3.50000000 1.15625500
vt -1.57098800 -3.00382500
vt 3.50000000 0.99541400
vt -1.68195800 -3.11929600
vt -1.82374300 -3.19375900
vt 3.50000000 0.83457200
vt -1.75000000 1.85579400
vt -1.75000000 1.91645200
vt -1.88116600 -3.21330100
vt -1.75000000 1.97710900
vt -1.93838000 -3.23344700
vt -1.99537700 -3.25419600
vt 3.50000000 0.44291700
vt -1.75000000 2.03776600
vt -2.11752100 -3.27229600
vt 3.50000000 0.31855100
vt -2.23660900 -3.23966600
vt 3.50000000 0.19418500
vt 3.50000000 0.06981800
vt -2.33246700 -3.16183300
vt -3.50000000 -2.58674100
vt 3.50000000 -0.05454800
vt -2.38885600 -3.05198300
vt -3.50000000 -2.03447100
vt -2.55806800 -2.52646600
vt -2.77335900 -2.01808600
vt -3.50000000 -1.48220100
vt -3.50000000 -0.92993200
vt -3.03302000 -1.53087300
vt -3.50000000 -0.37766200
vt -3.33499400 -1.06869100
vt 3.50000000 0.05234300
vt -3.38709800 -0.94422100
vt 3.50000000 -0.08375700
vt 3.50000000 -0.21985700
vt -3.37938000 -0.80950600
vt 3.50000000 -0.35595700
vt -3.31340200 -0.69180000
vt 1.75000000 3.28065400
vt 3.50000000 -0.49205800
vt -3.20251200 -0.61491600
vt 1.75000000 3.04779800
vt -2.98508000 -0.53159700
vt -2.76548300 -0.45416200
vt 1.75000000 2.81494100
vt -4.31905900 -1.15593600
vt 3.50000000 -0.74829100
vt 1.75000000 4.52243800
vt -4.14683100 -1.09514000
vt 3.50000000 -0.93196400
vt -3.96426000 -1.10025500
vt 3.50000000 -1.11563800
vt -3.79570600 -1.17059700
vt 3.50000000 -1.29931200
vt 3.50000000 -1.48298600
vt -3.66366100 -1.29678100
vt 3.50000000 -0.44280600
vt -3.37695700 -1.73509900
vt 3.50000000 -0.96674200
vt 3.50000000 -1.49067700
vt -3.13096300 -2.19749400
vt 3.50000000 -2.01461300
vt -2.92768500 -2.68019400
vt -2.76878100 -3.17926500
vt 3.50000000 1.47793900
vt 3.50000000 -2.53854800
vt 3.50000000 1.31709700
vt -2.75243500 -3.33857800
vt -2.78729700 -3.49488600
vt 3.50000000 1.15625500
vt 3.50000000 0.99541400
vt -2.86979000 -3.63215500
vt 3.50000000 0.83457200
vt -1.75000000 3.14609100
vt -2.99145100 -3.73630100
vt -1.75000000 3.20674800
vt -3.04308500 -3.76813100
vt -1.75000000 3.26740600
vt -3.09438100 -3.80050300
vt -3.14533300 -3.83341500
vt 3.50000000 0.44291700
vt -1.75000000 3.32806300
vt 3.50000000 0.31855100
vt -3.26038600 -3.87824100
vt 3.50000000 0.19418500
vt -3.38375000 -3.87292800
vt 3.50000000 0.06981800
vt -3.49452400 -3.81837700
vt -3.57394300 -3.72382900
vt 3.50000000 -0.05454800
vt -3.50000000 -2.58674100
vt -3.85585100 -3.24914100
vt -3.50000000 -2.03447100
vt -3.50000000 -1.48220100
vt -4.17886900 -2.80141400
vt -4.54043500 -2.38419700
vt -3.50000000 -0.92993200
vt 3.50000000 0.05234300
vt -4.93768300 -2.00079800
vt -3.50000000 -0.37766200
vt 3.50000000 -0.08375700
vt -5.01617800 -1.89104200
vt -5.03863000 -1.75798800
vt 3.50000000 -0.21985700
vt -5.00049900 -1.62855200
vt 3.50000000 -0.35595700
vt 3.50000000 -0.49205800
vt 1.75000000 5.22100800
vt -4.90949700 -1.52892000
vt -4.71605700 -1.39930600
vt 1.75000000 4.98815200
vt -4.51919600 -1.27494800
vt 1.75000000 4.75529500
vt -5.87766200 -2.30483000
vt 1.75000000 6.46279200
vt 3.50000000 -0.74829100
vt 3.50000000 -0.93196400
vt -5.72328100 -2.20723500
vt 3.50000000 -1.11563800
vt -5.54414900 -2.17159500
vt 3.50000000 -1.29931200
vt -5.36416800 -2.20266700
vt -5.20735500 -2.29630500
vt 3.50000000 -1.48298600
vt 3.50000000 -0.44280600
vt -4.83030400 -2.65983500
vt 3.50000000 -0.96674200
vt 3.50000000 -1.49067700
vt -4.48758500 -3.05589800
vt 3.50000000 -2.01461300
vt -4.18199300 -3.48126300
vt 3.50000000 -2.53854800
vt -3.91601900 -3.93246100
vt 3.50000000 1.47793900
vt 3.50000000 1.31709700
vt -3.86463300 -4.08414200
vt -3.86383900 -4.24428900
vt 3.50000000 1.15625500
vt 3.50000000 0.99541400
vt -3.91371800 -4.39647300
vt 3.50000000 0.83457200
vt -1.75000000 4.43638800
vt -4.00915400 -4.52508000
vt -1.75000000 4.49704500
vt -4.05241100 -4.56760100
vt -4.09521700 -4.61057600
vt -1.75000000 4.55770300
vt -4.13756800 -4.65400100
vt -1.75000000 4.61836000
vt 3.50000000 0.44291700
vt -4.23976200 -4.72330500
vt 3.50000000 0.31855100
vt -4.36121500 -4.74557600
vt 3.50000000 0.19418500
vt -4.48135100 -4.71704200
vt 3.50000000 0.06981800
vt -4.57981700 -4.64253700
vt 3.50000000 -0.05454800
vt -3.50000000 -2.58674100
vt -4.96028500 -4.24248100
vt -3.50000000 -2.03447100
vt -5.37483300 -3.87785800
vt -3.50000000 -1.48220100
vt -5.82017400 -3.55155700
vt -3.50000000 -0.92993200
vt -6.29277600 -3.26616700
vt 3.50000000 0.05234300
vt -3.50000000 -0.37766200
vt -6.39372500 -3.17663000
vt 3.50000000 -0.08375700
vt 3.50000000 -0.21985700
vt -6.44522300 -3.05190700
vt -6.43684900 -2.91723100
vt 3.50000000 -0.35595700
vt -6.37030000 -2.79984800
vt 3.50000000 -0.49205800
vt 1.75000000 7.16136200
vt 1.75000000 6.92850600
vt -6.21055100 -2.63043900
vt 1.75000000 6.69564900
vt -6.04629900 -2.46539300
vt 1.75000000 8.40314600
vt -7.14153400 -3.77174100
vt 3.50000000 -0.74829100
vt -7.01274000 -3.64224000
vt 3.50000000 -0.93196400
vt -6.84603000 -3.56763300
vt 3.50000000 -1.11563800
vt 3.50000000 -1.29931200
vt -6.66364800 -3.55787700
vt 3.50000000 -1.48298600
vt 3.50000000 -0.44280600
vt -6.48993000 -3.61427200
vt 3.50000000 -0.96674200
vt -6.04144000 -3.88478700
vt 3.50000000 -1.49067700
vt -5.61918100 -4.19465700
vt -5.22659800 -4.54135600
vt 3.50000000 -2.01461300
vt -4.86689200 -4.92205700
vt 3.50000000 1.47793900
vt 3.50000000 -2.53854800
vt 3.50000000 1.31709700
vt -4.78304200 -5.05850100
vt -4.74663100 -5.21445600
vt 3.50000000 1.15625500
vt 3.50000000 0.99541400
vt -4.76139600 -5.37392300
vt 3.50000000 0.83457200
vt -4.82582100 -5.52054200
vt -1.75000000 5.72668500
vt -1.75000000 5.78734200
vt -4.85853200 -5.57162300
vt -1.75000000 5.84800000
vt -4.89070200 -5.62304600
vt 3.50000000 0.44291700
vt -4.92232800 -5.67480600
vt -1.75000000 5.90865700
vt 3.50000000 0.31855100
vt -5.00653900 -5.76511300
vt -5.11999000 -5.81385200
vt 3.50000000 0.19418500
vt 3.50000000 0.06981800
vt -5.24346300 -5.81276600
vt 3.50000000 -0.05454800
vt -3.50000000 -2.58674100
vt -5.35604000 -5.76203900
vt -3.50000000 -2.03447100
vt -5.81599000 -5.45667600
vt -3.50000000 -1.48220100
vt -6.30128100 -5.19344000
vt -3.50000000 -0.92993200
vt -6.80806400 -4.97441800
vt -3.50000000 -0.37766200
vt 3.50000000 0.05234300
vt -7.33232300 -4.80134700
vt -7.45066500 -4.73651800
vt 3.50000000 -0.08375700
vt -7.52862500 -4.62638200
vt 3.50000000 -0.21985700
vt 3.50000000 -0.35595700
vt -7.55043000 -4.49321900
vt 3.50000000 -0.49205800
vt -7.51166800 -4.36397000
vt 1.75000000 9.10171600
vt 1.75000000 8.86885900
vt -7.39362200 -4.16326100
vt -7.27021400 -3.96580400
vt 1.75000000 8.63600300
vt 1.75000000 10.34350000
vt 3.50000000 -0.74829100
vt -8.04730000 -5.48311200
vt 3.50000000 -0.93196400
vt -7.95055200 -5.32819800
vt 3.50000000 -1.11563800
vt -7.80462300 -5.21836500
vt -7.62898500 -5.16827000
vt 3.50000000 -1.29931200
vt -7.44707300 -5.18459500
vt 3.50000000 -1.48298600
vt 3.50000000 -0.44280600
vt -6.94963200 -5.34852900
vt 3.50000000 -0.96674200
vt 3.50000000 -1.49067700
vt -6.46900800 -5.55666900
vt -6.00912000 -5.80731800
vt 3.50000000 -2.01461300
vt 3.50000000 -2.53854800
vt -5.57371800 -6.09843100
vt 3.50000000 1.47793900
vt -5.46160900 -6.21279600
vt 3.50000000 1.31709700
vt -5.39140800 -6.35673900
vt 3.50000000 1.15625500
vt -5.37031800 -6.51549300
vt 3.50000000 0.99541400
vt -1.75000000 7.01698200
vt 3.50000000 0.83457200
vt -5.40050200 -6.67277200
vt -5.42102600 -6.72985100
vt -1.75000000 7.07763900
vt -1.75000000 7.13829700
vt -5.44094700 -6.78714400
vt -1.75000000 7.19895400
vt -5.46026200 -6.84464300
vt 3.50000000 0.44291700
vt -5.52226700 -6.95142400
vt 3.50000000 0.31855100
vt -5.62202800 -7.02418600
vt 3.50000000 0.19418500
vt -5.74264700 -7.05060300
vt 3.50000000 0.06981800
vt -5.86368900 -7.02619900
vt 3.50000000 -0.05454800
vt -3.50000000 -2.58674100
vt -3.50000000 -2.03447100
vt -6.38005700 -6.83084000
vt -3.50000000 -1.48220100
vt -6.91175600 -6.68219200
vt -7.45457000 -6.58143100
vt -3.50000000 -0.92993200
vt 3.50000000 0.05234300
vt -8.00419600 -6.52935700
vt -3.50000000 -0.37766200
vt -8.13399700 -6.49248800
vt 3.50000000 -0.08375700
vt 3.50000000 -0.21985700
vt -8.23451000 -6.40246000
vt -8.28540000 -6.27748900
vt 3.50000000 -0.35595700
vt -8.27637100 -6.14285500
vt 1.75000000 11.04207000
vt 3.50000000 -0.49205800
vt 1.75000000 10.80921300
vt -8.20594600 -5.92091100
vt 1.75000000 10.57635700
vt -8.12957100 -5.70094300
vt -8.54954000 -7.35312600
vt 3.50000000 -0.74829100
vt 1.75000000 12.28385400
vt 3.50000000 -0.93196400
vt -8.48969000 -7.18056800
vt 3.50000000 -1.11563800
vt -8.37186000 -7.04101700
vt -8.21177300 -6.95309400
vt 3.50000000 -1.29931200
vt 3.50000000 -0.44280600
vt -8.03078900 -6.92853100
vt 3.50000000 -1.48298600
vt -7.50934100 -6.97766400
vt 3.50000000 -0.96674200
vt 3.50000000 -1.49067700
vt -6.99445200 -7.07363600
vt 3.50000000 -2.01461300
vt -6.49031900 -7.21566600
vt -6.00105500 -7.40259500
vt 3.50000000 -2.53854800
vt 3.50000000 1.47793900
vt -5.86630800 -7.48914500
vt 3.50000000 1.31709700
vt 3.50000000 1.15625500
vt -5.76583700 -7.61385800
vt -5.70995000 -7.76394000
vt 3.50000000 0.99541400
vt 3.50000000 0.83457200
vt -1.75000000 8.30727900
vt -5.70437900 -7.92399200
vt -5.71168700 -7.98420700
vt -1.75000000 8.36793600
vt -5.71836000 -8.04449600
vt -1.75000000 8.42859400
vt 3.50000000 0.44291700
vt -5.72439600 -8.10485100
vt -1.75000000 8.48925100
vt -5.76108500 -8.22275300
vt 3.50000000 0.31855100
vt -5.84215400 -8.31589000
vt 3.50000000 0.19418500
vt 3.50000000 0.06981800
vt -5.95387100 -8.36848400
vt -3.50000000 -2.58674100
vt 3.50000000 -0.05454800
vt -6.07730800 -8.37162600
vt -6.62420100 -8.29606800
vt -3.50000000 -2.03447100
vt -3.50000000 -1.48220100
vt -7.17564700 -8.26946100
vt -3.50000000 -0.92993200
vt -7.72727300 -8.29201400
vt -8.27470600 -8.36354900
vt 3.50000000 0.05234300
vt -3.50000000 -0.37766200
vt 3.50000000 -0.08375700
vt -8.40945700 -8.35648700
vt 3.50000000 -0.21985700
vt -8.52748300 -8.29108300
vt -8.60490500 -8.18056900
vt 3.50000000 -0.35595700
vt 1.75000000 12.98242400
vt 3.50000000 -0.49205800
vt -8.62606200 -8.04730200
vt 1.75000000 12.74956700
vt -8.60679000 -7.81525100
vt 1.75000000 12.51671100
vt -8.58127600 -7.58380300
vt 0.47123900 -28.49256500
vt 8.90404200 -9.09687400
vt 0.47123900 28.49256500
vt 8.86491700 -8.26308600
vt 0.47123900 27.64204000
vt 8.74788700 -7.43662600
vt 0.47123900 26.79151600
vt 0.47123900 25.94099200
vt 8.55398100 -6.62475500
vt 0.47123900 25.09046700
vt 8.28490200 -5.83461000
vt 7.94301500 -5.07313400
vt 0.47123900 24.23994300
vt 7.53132400 -4.34701900
vt 0.47123900 23.38941900
vt 7.05344800 -3.66264600
vt 0.47123900 22.53889400
vt 6.51358600 -3.02602800
vt 0.47123900 21.68837000
vt 5.91648200 -2.44276200
vt 0.47123900 20.83784600
vt 5.26738400 -1.91797200
vt 0.47123900 19.98732100
vt 4.57199600 -1.45627100
vt 0.47123900 19.13679700
vt 0.47123900 18.28627300
vt 3.83642900 -1.06171500
vt 0.47123900 17.43574800
vt 3.06714700 -0.73777300
vt 0.47123900 16.58522400
vt 2.27091100 -0.48729100
vt 1.45471900 -0.31247000
vt 0.47123900 15.73470000
vt 0.62574200 -0.21484700
vt 0.47123900 14.88417600
vt -0.20873400 -0.19527900
vt 0.47123900 14.03365100
vt 0.47123900 13.18312700
vt -1.04137500 -0.25393900
vt -1.86486500 -0.39031100
vt 0.47123900 12.33260300
vt -2.67196600 -0.60319600
vt 0.47123900 11.48207800
vt -3.45558600 -0.89072400
vt 0.47123900 10.63155400
vt -4.20883800 -1.25036900
vt 0.47123900 9.78103000
vt -4.92510300 -1.67896800
vt 0.47123900 8.93050500
vt -5.59808600 -2.17275700
vt 0.47123900 8.07998100
vt 0.47123900 7.22945700
vt -6.22187200 -2.72739400
vt 0.47123900 6.37893200
vt -6.79098100 -3.33800700
vt 0.47123900 5.52840800
vt -7.30041000 -3.99922900
vt 0.47123900 4.67788400
vt -7.74568300 -4.70525000
vt 0.47123900 3.82735900
vt -8.12288600 -5.44986400
vt 0.47123900 2.97683500
vt -8.42870500 -6.22652800
vt 0.47123900 2.12631100
vt -8.66045300 -7.02841700
vt -8.81609200 -7.84848400
vt 0.47123900 1.27578600
vt -8.89425500 -8.67952100
vt 0.47123900 0.42526200
vt 0.47123900 -0.42526200
vt -8.89425500 -9.51422600
vt 0.47123900 -1.27578600
vt -8.81609200 -10.34526400
vt -8.66045300 -11.16533000
vt 0.47123900 -2.12631100
vt -8.42870500 -11.96721900
vt 0.47123900 -2.97683500
vt -8.12288600 -12.74388300
vt 0.47123900 -3.82735900
vt -7.74568300 -13.48849700
vt 0.47123900 -4.67788400
vt -7.30041000 -14.19451800
vt 0.47123900 -5.52840800
vt 0.47123900 -6.37893200
vt -6.79098100 -14.85574000
vt 0.47123900 -7.22945700
vt -6.22187200 -15.46635300
vt 0.47123900 -8.07998100
vt -5.59808600 -16.02099100
vt 0.47123900 -8.93050500
vt -4.92510300 -16.51477900
vt 0.47123900 -9.78103000
vt -4.20883800 -16.94337900
vt -3.45558600 -17.30302300
vt 0.47123900 -10.63155400
vt -2.67196600 -17.59055100
vt 0.47123900 -11.48207800
vt 0.47123900 -12.33260300
vt -1.86486500 -17.80343700
vt -1.04137500 -17.93980800
vt 0.47123900 -13.18312700
vt -0.20873400 -17.99846800
vt 0.47123900 -14.03365100
vt 0.62574200 -17.97890100
vt 0.47123900 -14.88417600
vt 0.47123900 -15.73470000
vt 1.45471900 -17.88127800
vt 0.47123900 -16.58522400
vt 2.27091100 -17.70645700
vt 0.47123900 -17.43574800
vt 3.06714700 -17.45597400
vt 3.83642900 -17.13203200
vt 0.47123900 -18.28627300
vt 4.57199600 -16.73747700
vt 0.47123900 -19.13679700
vt 5.26738400 -16.27577500
vt 0.47123900 -19.98732100
vt 5.91648200 -15.75098500
vt 0.47123900 -20.83784600
vt 6.51358600 -15.16771900
vt 0.47123900 -21.68837000
vt 0.47123900 -22.53889400
vt 7.05344800 -14.53110200
vt 0.47123900 -23.38941900
vt 7.53132400 -13.84672800
vt 0.47123900 -24.23994300
vt 7.94301500 -13.12061300
vt 8.28490200 -12.35913700
vt 0.47123900 -25.09046700
vt 0.47123900 -25.94099200
vt 8.55398100 -11.56899200
vt 0.47123900 -26.79151600
vt 8.74788700 -10.75712200
vt 8.86491700 -9.93066100
vt 0.47123900 -27.64204000
vt -1.75000000 16.16456200
vt -0.00000000 -0.74829100
vt 8.26420600 -11.64075400
vt 8.19271200 -11.86235700
vt -1.75000000 16.39741800
vt 8.11527700 -12.08195400
vt -1.75000000 16.63027500
vt 8.03195700 -12.29938600
vt -0.00000000 -0.49205800
vt -1.75000000 16.86313200
vt -0.00000000 -0.35595700
vt 7.95507400 -12.41027600
vt 7.83736800 -12.47625400
vt -0.00000000 -0.21985700
vt 7.70265300 -12.48397100
vt -0.00000000 -0.08375700
vt 7.57818200 -12.43186700
vt -0.00000000 -0.37766200
vt -0.00000000 0.05234300
vt 7.11600000 -12.12989400
vt 0.00000000 -0.92993200
vt 6.62878800 -11.87023300
vt -0.00000000 -1.48220100
vt -0.00000000 -2.03447100
vt 6.12040700 -11.65494200
vt 5.59489100 -11.48573000
vt -0.00000000 -0.05454800
vt -0.00000000 -2.58674100
vt -0.00000000 0.06981800
vt 5.48504100 -11.42934100
vt -0.00000000 0.19418500
vt 5.40720800 -11.33348300
vt -0.00000000 0.31855100
vt 5.37457700 -11.21439500
vt 0.00000000 0.44291700
vt 1.75000000 11.06984500
vt 5.39267700 -11.09225100
vt 1.75000000 11.00918700
vt 5.41342600 -11.03525300
vt 5.43357300 -10.97804000
vt 1.75000000 10.94853000
vt 5.45311500 -10.92061700
vt 1.75000000 10.88787300
vt 0.00000000 0.83457200
vt 5.52757800 -10.77883200
vt 0.00000000 0.99541400
vt 0.00000000 1.15625500
vt 5.64304800 -10.66786200
vt 5.78768000 -10.59909200
vt 0.00000000 1.31709700
vt 0.00000000 -2.53854800
vt 5.94663600 -10.57957800
vt 0.00000000 1.47793900
vt -0.00000000 -2.01461300
vt 6.46855300 -10.62344400
vt -0.00000000 -1.49067700
vt 6.98438500 -10.71421500
vt 0.00000000 -0.96674200
vt 7.48992600 -10.85114900
vt 0.00000000 -0.44280600
vt 0.00000000 -1.48298600
vt 7.98105200 -11.03312900
vt 8.13345500 -11.13378600
vt 0.00000000 -1.29931200
vt 8.23954000 -11.28246100
vt 0.00000000 -1.11563800
vt 8.28515300 -11.45931700
vt 0.00000000 -0.93196400
vt 7.49093800 -13.41593300
vt -1.75000000 18.10491600
vt -0.00000000 -0.74829100
vt 7.37192600 -13.61607000
vt -1.75000000 18.33777200
vt 7.24756700 -13.81293000
vt -1.75000000 18.57062900
vt -1.75000000 18.80348600
vt 7.11795300 -14.00637100
vt -0.00000000 -0.49205800
vt -0.00000000 -0.35595700
vt 7.01832200 -14.09737200
vt -0.00000000 -0.21985700
vt 6.88888600 -14.13550400
vt -0.00000000 -0.08375700
vt 6.75583100 -14.11305100
vt -0.00000000 0.05234300
vt 0.00000000 -0.37766200
vt 6.64607600 -14.03455600
vt 0.00000000 -0.92993200
vt 6.26267700 -13.63730900
vt -0.00000000 -1.48220100
vt 5.84546000 -13.27574300
vt -0.00000000 -2.03447100
vt 5.39773200 -12.95272500
vt 0.00000000 -2.58674100
vt -0.00000000 -0.05454800
vt 4.92304500 -12.67081700
vt -0.00000000 0.06981800
vt 4.82849700 -12.59139800
vt -0.00000000 0.19418500
vt 4.77394500 -12.48062300
vt 4.76863300 -12.35726000
vt 0.00000000 0.31855100
vt 1.75000000 12.36014200
vt 4.81345900 -12.24220600
vt 0.00000000 0.44291700
vt 1.75000000 12.29948400
vt 4.84637000 -12.19125500
vt 4.87874300 -12.13995900
vt 1.75000000 12.23882700
vt 4.91057300 -12.08832400
vt 1.75000000 12.17817000
vt 0.00000000 0.83457200
vt 0.00000000 0.99541400
vt 5.01471900 -11.96666300
vt 0.00000000 1.15625500
vt 5.15198700 -11.88417100
vt 0.00000000 1.31709700
vt 5.30829600 -11.84930900
vt 0.00000000 -2.53854800
vt 5.46760900 -11.86565400
vt 0.00000000 1.47793900
vt 0.00000000 -2.01461300
vt 5.96667900 -12.02455800
vt -0.00000000 -1.49067700
vt 6.44938000 -12.22783600
vt 6.91177500 -12.47383000
vt -0.00000000 -0.96674200
vt 0.00000000 -0.44280600
vt 7.35009200 -12.76053400
vt 0.00000000 -1.48298600
vt 7.47627600 -12.89258000
vt 0.00000000 -1.29931200
vt 7.54661900 -13.06113400
vt 0.00000000 -1.11563800
vt -0.00000000 -0.93196400
vt 7.55173400 -13.24370500
vt 6.34204400 -14.97453500
vt -0.00000000 -0.74829100
vt -1.75000000 20.04527000
vt -1.75000000 20.27812600
vt 6.18148000 -15.14317200
vt 6.01643400 -15.30742400
vt -1.75000000 20.51098300
vt -1.75000000 20.74384000
vt -0.00000000 -0.49205800
vt 5.84702600 -15.46717300
vt -0.00000000 -0.35595700
vt 5.72964200 -15.53372300
vt 5.59496600 -15.54209600
vt -0.00000000 -0.21985700
vt -0.00000000 -0.08375700
vt 5.47024400 -15.49059900
vt 5.38070700 -15.38964900
vt -0.00000000 0.05234300
vt 0.00000000 -0.37766200
vt 5.09531700 -14.91704700
vt -0.00000000 -0.92993200
vt -0.00000000 -1.48220100
vt 4.76901600 -14.47170700
vt -0.00000000 -2.03447100
vt 4.40439200 -14.05715900
vt 0.00000000 -2.58674100
vt -0.00000000 -0.05454800
vt 4.00433700 -13.67669100
vt -0.00000000 0.06981800
vt 3.92983100 -13.57822400
vt -0.00000000 0.19418500
vt 3.90129700 -13.45808900
vt 0.00000000 0.31855100
vt 3.92356900 -13.33663600
vt 1.75000000 13.65043900
vt 0.00000000 0.44291700
vt 3.99287300 -13.23444100
vt 1.75000000 13.58978100
vt 4.03629700 -13.19209100
vt 1.75000000 13.52912400
vt 4.07927300 -13.14928500
vt 4.12179400 -13.10602800
vt 0.00000000 0.83457200
vt 1.75000000 13.46846700
vt 4.25040100 -13.01059200
vt 0.00000000 0.99541400
vt 0.00000000 1.15625500
vt 4.40258400 -12.96071200
vt 4.56273200 -12.96150600
vt 0.00000000 1.31709700
vt 0.00000000 1.47793900
vt 4.71441300 -13.01289300
vt -0.00000000 -2.53854800
vt 0.00000000 -2.01461300
vt 5.16561100 -13.27886600
vt 0.00000000 -1.49067700
vt 5.59097600 -13.58445900
vt 5.98703800 -13.92717800
vt -0.00000000 -0.96674200
vt 6.35056900 -14.30422800
vt 0.00000000 -1.48298600
vt -0.00000000 -0.44280600
vt 6.44420600 -14.46104200
vt 0.00000000 -1.29931200
vt -0.00000000 -1.11563800
vt 6.47527800 -14.64102200
vt -0.00000000 -0.93196400
vt 6.43963900 -14.82015400
vt -0.00000000 -0.74829100
vt 4.87513300 -16.23840800
vt -1.75000000 21.98562300
vt 4.68107000 -16.36708800
vt -1.75000000 22.21848000
vt -1.75000000 22.45133700
vt 4.48361200 -16.49049600
vt -0.00000000 -0.49205800
vt -1.75000000 22.68419400
vt 4.28290300 -16.60854200
vt 4.15365500 -16.64730300
vt -0.00000000 -0.35595700
vt 4.02049200 -16.62549800
vt -0.00000000 -0.21985700
vt -0.00000000 -0.08375700
vt 3.91035600 -16.54753900
vt 0.00000000 -0.37766200
vt -0.00000000 0.05234300
vt 3.84552700 -16.42919600
vt 3.67245600 -15.90493800
vt -0.00000000 -0.92993200
vt -0.00000000 -1.48220100
vt 3.45343400 -15.39815400
vt 0.00000000 -2.03447100
vt 3.19019800 -14.91286400
vt 2.88483500 -14.45291400
vt -0.00000000 -0.05454800
vt 0.00000000 -2.58674100
vt 2.83410800 -14.34033700
vt -0.00000000 0.06981800
vt 2.83302200 -14.21686400
vt 0.00000000 0.19418500
vt 2.88176100 -14.10341200
vt 0.00000000 0.31855100
vt 0.00000000 0.44291700
vt 2.97206800 -14.01920200
vt 1.75000000 14.94073600
vt 1.75000000 14.88007800
vt 3.02382700 -13.98757600
vt 1.75000000 14.81942100
vt 3.07525000 -13.95540600
vt 3.12633100 -13.92269500
vt 0.00000000 0.83457200
vt 1.75000000 14.75876400
vt 0.00000000 0.99541400
vt 3.27295000 -13.85827000
vt 0.00000000 1.15625500
vt 3.43241700 -13.84350500
vt 3.58837300 -13.87991500
vt 0.00000000 1.31709700
vt 0.00000000 1.47793900
vt 3.72481700 -13.96376500
vt -0.00000000 -2.53854800
vt -0.00000000 -2.01461300
vt 4.10551800 -14.32347200
vt 4.45221700 -14.71605500
vt 0.00000000 -1.49067700
vt -0.00000000 -0.96674200
vt 4.76208700 -15.13831300
vt 0.00000000 -1.48298600
vt 5.03260200 -15.58680400
vt -0.00000000 -0.44280600
vt 0.00000000 -1.29931200
vt 5.08899700 -15.76052200
vt -0.00000000 -1.11563800
vt 5.07924100 -15.94290400
vt -0.00000000 -0.93196400
vt 5.00463400 -16.10961400
vt -0.00000000 -0.74829100
vt -1.75000000 23.92597700
vt 3.16376200 -17.14417300
vt 2.94593100 -17.22644400
vt -1.75000000 24.15883400
vt 2.72596300 -17.30282000
vt -1.75000000 24.39169100
vt -1.75000000 24.62454700
vt 2.50401900 -17.37324500
vt -0.00000000 -0.49205800
vt 2.36938500 -17.38227300
vt -0.00000000 -0.35595700
vt -0.00000000 -0.21985700
vt 2.24441300 -17.33138400
vt -0.00000000 -0.08375700
vt 2.15438600 -17.23087100
vt 2.11751600 -17.10107000
vt -0.00000000 0.05234300
vt -0.00000000 -0.37766200
vt 2.06544300 -16.55144400
vt 0.00000000 -0.92993200
vt -0.00000000 -1.48220100
vt 1.96468200 -16.00862900
vt 1.81603300 -15.47693000
vt 0.00000000 -2.03447100
vt 1.62067500 -14.96056300
vt -0.00000000 -2.58674100
vt -0.00000000 -0.05454800
vt 0.00000000 0.06981800
vt 1.59627100 -14.83952100
vt 0.00000000 0.19418500
vt 1.62268700 -14.71890200
vt 0.00000000 0.31855100
vt 1.69544900 -14.61914000
vt 1.75000000 16.23103200
vt 0.00000000 0.44291700
vt 1.80223100 -14.55713600
vt 1.85973000 -14.53782100
vt 1.75000000 16.17037500
vt 1.91702200 -14.51790000
vt 1.75000000 16.10971800
vt 0.00000000 0.83457200
vt 1.75000000 16.04906100
vt 1.97410100 -14.49737600
vt 0.00000000 0.99541400
vt 2.13138000 -14.46719200
vt 0.00000000 1.15625500
vt 2.29013500 -14.48828200
vt 0.00000000 1.31709700
vt 2.43407800 -14.55848200
vt -0.00000000 -2.53854800
vt 2.54844200 -14.67059200
vt 0.00000000 1.47793900
vt -0.00000000 -2.01461300
vt 2.83955600 -15.10599400
vt 3.09020500 -15.56588200
vt 0.00000000 -1.49067700
vt 3.29834500 -16.04650600
vt -0.00000000 -0.96674200
vt -0.00000000 -0.44280600
vt 0.00000000 -1.48298600
vt 3.46227900 -16.54394700
vt 3.47860400 -16.72585900
vt -0.00000000 -1.29931200
vt 3.42850800 -16.90149700
vt -0.00000000 -1.11563800
vt 3.31867600 -17.04742600
vt -0.00000000 -0.93196400
vt 1.29374700 -17.64641400
vt -0.00000000 -0.74829100
vt -1.75000000 25.86633100
vt 1.06307000 -17.67815000
vt -1.75000000 26.09918800
vt 0.83162300 -17.70366300
vt -1.75000000 26.33204500
vt 0.59957200 -17.72293500
vt -1.75000000 26.56490100
vt -0.00000000 -0.49205800
vt 0.46630500 -17.70177900
vt -0.00000000 -0.35595700
vt -0.00000000 -0.21985700
vt 0.35579000 -17.62435600
vt -0.00000000 -0.08375700
vt 0.29038600 -17.50633100
vt 0.00000000 -0.37766200
vt 0.00000000 0.05234300
vt 0.28332500 -17.37158000
vt 0.35486000 -16.82414700
vt 0.00000000 -0.92993200
vt -0.00000000 -1.48220100
vt 0.37741300 -16.27252000
vt 0.00000000 -2.03447100
vt 0.35080500 -15.72107500
vt -0.00000000 -2.58674100
vt -0.00000000 -0.05454800
vt 0.27524700 -15.17418200
vt 0.00000000 0.06981800
vt 0.27838900 -15.05074400
vt 0.00000000 0.19418500
vt 0.33098400 -14.93902800
vt 0.42412100 -14.85795800
vt 0.00000000 0.31855100
vt 0.00000000 0.44291700
vt 0.54202200 -14.82127000
vt 1.75000000 17.52132900
vt 0.60237800 -14.81523400
vt 1.75000000 17.46067200
vt 0.66266700 -14.80856100
vt 1.75000000 17.40001500
vt 1.75000000 17.33935800
vt 0.00000000 0.83457200
vt 0.72288200 -14.80125300
vt 0.00000000 0.99541400
vt 0.88293400 -14.80682300
vt 1.03301500 -14.86271100
vt 0.00000000 1.15625500
vt 1.15772800 -14.96318200
vt 0.00000000 1.31709700
vt 1.24427900 -15.09792900
vt 0.00000000 1.47793900
vt 0.00000000 -2.53854800
vt -0.00000000 -2.01461300
vt 1.43120800 -15.58719300
vt 0.00000000 -1.49067700
vt 1.57323700 -16.09132500
vt 1.66921000 -16.60621500
vt -0.00000000 -0.96674200
vt 1.71834200 -17.12766200
vt 0.00000000 -1.48298600
vt 0.00000000 -0.44280600
vt 1.69377900 -17.30864600
vt -0.00000000 -1.29931200
vt 1.60585600 -17.46873400
vt -0.00000000 -1.11563800
vt 1.46630500 -17.58656400
vt -0.00000000 -0.93196400
vt -0.64114200 -17.71994500
vt -1.75000000 -26.52322400
vt -0.00000000 -0.74829100
vt -0.87309700 -17.69955500
vt -1.75000000 -26.29036800
vt -1.10441900 -17.67292700
vt -1.75000000 -26.05751100
vt -1.33494000 -17.64007900
vt -0.00000000 -0.49205800
vt -1.75000000 -25.82465400
vt -1.46015800 -17.58979800
vt -0.00000000 -0.35595700
vt -0.00000000 -0.21985700
vt -1.55067300 -17.48972500
vt -1.58817400 -17.36010500
vt -0.00000000 -0.08375700
vt -1.56507400 -17.22716100
vt 0.00000000 -0.37766200
vt 0.00000000 0.05234300
vt -0.00000000 -0.92993200
vt -1.37351700 -16.70937100
vt -1.22878100 -16.17659400
vt 0.00000000 -1.48220100
vt 0.00000000 -2.03447100
vt -1.13201400 -15.63305300
vt 0.00000000 -0.05454800
vt -1.08398200 -15.08306000
vt 0.00000000 -2.58674100
vt 0.00000000 0.06981800
vt -1.05345100 -14.96341600
vt 0.00000000 0.19418500
vt -0.97731600 -14.86620400
vt 0.00000000 0.31855100
vt -0.86847500 -14.80789200
vt 0.00000000 0.44291700
vt 1.75000000 -17.31668900
vt -0.74536500 -14.79835900
vt -0.68518000 -14.80590400
vt 1.75000000 -17.37734600
vt -0.62491800 -14.81281400
vt 1.75000000 -17.43800300
vt 0.00000000 0.83457200
vt 1.75000000 -17.49866000
vt -0.56458600 -14.81908800
vt 0.00000000 0.99541400
vt -0.40978600 -14.86013400
vt 0.00000000 1.15625500
vt -0.27590400 -14.94801700
vt -0.17667500 -15.07372000
vt 0.00000000 1.31709700
vt -0.12227800 -15.22434800
vt 0.00000000 1.47793900
vt 0.00000000 -2.53854800
vt -0.00000000 -2.01461300
vt -0.04890800 -15.74294100
vt -0.02261900 -16.26603800
vt 0.00000000 -1.49067700
vt -0.00000000 -0.96674200
vt -0.04362600 -16.78937400
vt -0.00000000 -1.48298600
vt -0.00000000 -0.44280600
vt -0.11175900 -17.30868100
vt -0.00000000 -1.29931200
vt -0.17597800 -17.47966100
vt -0.00000000 -1.11563800
vt -0.29732000 -17.61617000
vt -0.00000000 -0.93196400
vt -0.45959200 -17.69999300
vt -1.75000000 -24.58287000
vt -2.54388100 -17.36107900
vt -0.00000000 -0.74829100
vt -1.75000000 -24.35001400
vt -2.76548300 -17.28958500
vt -2.98508000 -17.21215100
vt -1.75000000 -24.11715700
vt -1.75000000 -23.88430000
vt -0.00000000 -0.49205800
vt -3.20251200 -17.12883100
vt -3.31340200 -17.05194700
vt -0.00000000 -0.35595700
vt -0.00000000 -0.21985700
vt -3.37938000 -16.93424200
vt 0.00000000 -0.08375700
vt -3.38709800 -16.79952700
vt 0.00000000 -0.37766200
vt -3.33499400 -16.67505600
vt 0.00000000 0.05234300
vt -0.00000000 -0.92993200
vt -3.03302000 -16.21287400
vt -0.00000000 -1.48220100
vt -2.77335900 -15.72566100
vt -2.55806800 -15.21728100
vt 0.00000000 -2.03447100
vt 0.00000000 -0.05454800
vt -2.38885600 -14.69176500
vt 0.00000000 -2.58674100
vt -2.33246700 -14.58191400
vt 0.00000000 0.06981800
vt -2.23660900 -14.50408100
vt 0.00000000 0.19418500
vt -2.11752100 -14.47145100
vt 0.00000000 0.31855100
vt 0.00000000 0.44291700
vt 1.75000000 -16.02639200
vt -1.99537700 -14.48955100
vt -1.93838000 -14.51030000
vt 1.75000000 -16.08704900
vt -1.88116600 -14.53044600
vt 1.75000000 -16.14770600
vt 0.00000000 0.83457200
vt -1.82374300 -14.54998800
vt 1.75000000 -16.20836300
vt 0.00000000 0.99541400
vt -1.68195800 -14.62445100
vt 0.00000000 1.15625500
vt -1.57098800 -14.73992200
vt -1.50221900 -14.88455400
vt 0.00000000 1.31709700
vt -0.00000000 1.47793900
vt -1.48270400 -15.04351000
vt -0.00000000 -2.53854800
vt -0.00000000 -2.01461300
vt -1.52657100 -15.56542700
vt -1.61734100 -16.08125900
vt -0.00000000 -1.49067700
vt -1.75427500 -16.58679900
vt -0.00000000 -0.96674200
vt -0.00000000 -1.48298600
vt -1.93625600 -17.07792500
vt -0.00000000 -0.44280600
vt -0.00000000 -1.29931200
vt -2.03691200 -17.23032800
vt -0.00000000 -1.11563800
vt -2.18558700 -17.33641400
vt -0.00000000 -0.93196400
vt -2.36244300 -17.38202600
vt -0.00000000 -0.74829100
vt -4.31905900 -16.58781200
vt -1.75000000 -22.64251600
vt -4.51919600 -16.46879900
vt -1.75000000 -22.40966000
vt -4.71605700 -16.34444100
vt -1.75000000 -22.17680300
vt -1.75000000 -21.94394600
vt -0.00000000 -0.49205800
vt -4.90949700 -16.21482700
vt -5.00049900 -16.11519600
vt -0.00000000 -0.35595700
vt -5.03863000 -15.98576000
vt -0.00000000 -0.21985700
vt 0.00000000 -0.08375700
vt -5.01617800 -15.85270500
vt 0.00000000 0.05234300
vt -4.93768300 -15.74294900
vt 0.00000000 -0.37766200
vt -0.00000000 -0.92993200
vt -4.54043500 -15.35955000
vt 0.00000000 -1.48220100
vt -4.17886900 -14.94233300
vt -3.85585100 -14.49460600
vt 0.00000000 -2.03447100
vt 0.00000000 -2.58674100
vt 0.00000000 -0.05454800
vt -3.57394300 -14.01991900
vt -3.49452400 -13.92537000
vt 0.00000000 0.06981800
vt 0.00000000 0.19418500
vt -3.38375000 -13.87081900
vt 0.00000000 0.31855100
vt -3.26038600 -13.86550600
vt 1.75000000 -14.73609500
vt -3.14533300 -13.91033200
vt 0.00000000 0.44291700
vt -3.09438100 -13.94324400
vt 1.75000000 -14.79675200
vt 1.75000000 -14.85740900
vt -3.04308500 -13.97561700
vt 1.75000000 -14.91806600
vt 0.00000000 0.83457200
vt -2.99145100 -14.00744600
vt 0.00000000 0.99541400
vt -2.86979000 -14.11159200
vt -2.78729700 -14.24886100
vt 0.00000000 1.15625500
vt 0.00000000 1.31709700
vt -2.75243500 -14.40517000
vt -2.76878100 -14.56448300
vt -0.00000000 1.47793900
vt -0.00000000 -2.53854800
vt 0.00000000 -2.01461300
vt -2.92768500 -15.06355300
vt -3.13096300 -15.54625400
vt -0.00000000 -1.49067700
vt -0.00000000 -0.96674200
vt -3.37695700 -16.00864800
vt -3.66366100 -16.44696600
vt -0.00000000 -0.44280600
vt -0.00000000 -1.48298600
vt -3.79570600 -16.57315000
vt -0.00000000 -1.29931200
vt -3.96426000 -16.64349200
vt -0.00000000 -1.11563800
vt -4.14683100 -16.64860700
vt -0.00000000 -0.93196400
vt -5.87766200 -15.43891700
vt -0.00000000 -0.74829100
vt -1.75000000 -20.70216300
vt -1.75000000 -20.46930600
vt -6.04629900 -15.27835400
vt -1.75000000 -20.23644900
vt -6.21055100 -15.11330800
vt -1.75000000 -20.00359200
vt -6.37030000 -14.94389900
vt -0.00000000 -0.49205800
vt -6.43684900 -14.82651600
vt -0.00000000 -0.35595700
vt -6.44522300 -14.69184000
vt 0.00000000 -0.21985700
vt -6.39372500 -14.56711800
vt 0.00000000 -0.08375700
vt 0.00000000 0.05234300
vt 0.00000000 -0.37766200
vt -6.29277600 -14.47758100
vt -0.00000000 -0.92993200
vt -5.82017400 -14.19219000
vt -5.37483300 -13.86589000
vt 0.00000000 -1.48220100
vt 0.00000000 -2.03447100
vt -4.96028500 -13.50126600
vt 0.00000000 -2.58674100
vt 0.00000000 -0.05454800
vt -4.57981700 -13.10121100
vt 0.00000000 0.06981800
vt -4.48135100 -13.02670500
vt 0.00000000 0.19418500
vt -4.36121500 -12.99817100
vt 0.00000000 0.31855100
vt -4.23976200 -13.02044200
vt 0.00000000 0.44291700
vt 1.75000000 -13.44579800
vt -4.13756800 -13.08974600
vt 1.75000000 -13.50645500
vt -4.09521700 -13.13317100
vt 1.75000000 -13.56711200
vt -4.05241100 -13.17614600
vt -4.00915400 -13.21866800
vt 1.75000000 -13.62776900
vt 0.00000000 0.83457200
vt 0.00000000 0.99541400
vt -3.91371800 -13.34727500
vt 0.00000000 1.15625500
vt -3.86383900 -13.49945800
vt -0.00000000 1.31709700
vt -3.86463300 -13.65960500
vt -3.91601900 -13.81128700
vt -0.00000000 -2.53854800
vt -0.00000000 1.47793900
vt -4.18199300 -14.26248500
vt 0.00000000 -2.01461300
vt -0.00000000 -1.49067700
vt -4.48758500 -14.68784900
vt -4.83030400 -15.08391200
vt -0.00000000 -0.96674200
vt -5.20735500 -15.44744300
vt -0.00000000 -1.48298600
vt -0.00000000 -0.44280600
vt -5.36416800 -15.54108000
vt -0.00000000 -1.29931200
vt -5.54414900 -15.57215200
vt -0.00000000 -1.11563800
vt -0.00000000 -0.93196400
vt -5.72328100 -15.53651300
vt -7.14153400 -13.97200600
vt -0.00000000 -0.74829100
vt -1.75000000 -18.76180900
vt -1.75000000 -18.52895200
vt -7.27021400 -13.77794300
vt -1.75000000 -18.29609500
vt -7.39362200 -13.58048600
vt -1.75000000 -18.06323900
vt -0.00000000 -0.49205800
vt -7.51166800 -13.37977700
vt -0.00000000 -0.35595700
vt -7.55043000 -13.25052800
vt 0.00000000 -0.21985700
vt -7.52862500 -13.11736600
vt 0.00000000 -0.08375700
vt -7.45066500 -13.00722900
vt 0.00000000 0.05234300
vt 0.00000000 -0.37766200
vt -7.33232300 -12.94240100
vt -0.00000000 -0.92993200
vt -6.80806400 -12.76932900
vt -6.30128100 -12.55030700
vt 0.00000000 -1.48220100
vt -0.00000000 -2.03447100
vt -5.81599000 -12.28707100
vt 0.00000000 -2.58674100
vt -5.35604000 -11.98170800
vt 0.00000000 -0.05454800
vt -5.24346300 -11.93098200
vt 0.00000000 0.06981800
vt -5.11999000 -11.92989600
vt 0.00000000 0.19418500
vt -5.00653900 -11.97863500
vt 0.00000000 0.31855100
vt -4.92232800 -12.06894100
vt 1.75000000 -12.15550100
vt 0.00000000 0.44291700
vt -4.89070200 -12.12070100
vt 1.75000000 -12.21615800
vt 1.75000000 -12.27681500
vt -4.85853200 -12.17212400
vt 1.75000000 -12.33747200
vt -4.82582100 -12.22320500
vt 0.00000000 0.83457200
vt -4.76139600 -12.36982400
vt 0.00000000 0.99541400
vt -4.74663100 -12.52929100
vt -0.00000000 1.15625500
vt -0.00000000 1.31709700
vt -4.78304200 -12.68524600
vt -0.00000000 -2.53854800
vt -0.00000000 1.47793900
vt -4.86689200 -12.82169000
vt 0.00000000 -2.01461300
vt -5.22659800 -13.20239100
vt -5.61918100 -13.54909000
vt -0.00000000 -1.49067700
vt -6.04144000 -13.85896100
vt 0.00000000 -0.96674200
vt -0.00000000 -1.48298600
vt -0.00000000 -0.44280600
vt -6.48993000 -14.12947500
vt -6.66364800 -14.18587100
vt -0.00000000 -1.29931200
vt -6.84603000 -14.17611400
vt -0.00000000 -1.11563800
vt -0.00000000 -0.93196400
vt -7.01274000 -14.10150800
vt -0.00000000 -0.74829100
vt -1.75000000 -16.82145500
vt -8.04730000 -12.26063600
vt -8.12957100 -12.04280400
vt -1.75000000 -16.58859800
vt -1.75000000 -16.35574100
vt -8.20594600 -11.82283700
vt -8.27637100 -11.60089200
vt -1.75000000 -16.12288500
vt -0.00000000 -0.49205800
vt 0.00000000 -0.35595700
vt -8.28540000 -11.46625900
vt -8.23451000 -11.34128700
vt 0.00000000 -0.21985700
vt -8.13399700 -11.25126000
vt 0.00000000 -0.08375700
vt 0.00000000 0.05234300
vt -8.00419600 -11.21439000
vt 0.00000000 -0.37766200
vt -7.45457000 -11.16231600
vt -0.00000000 -0.92993200
vt -0.00000000 -1.48220100
vt -6.91175600 -11.06155600
vt 0.00000000 -2.03447100
vt -6.38005700 -10.91290700
vt 0.00000000 -2.58674100
vt 0.00000000 -0.05454800
vt -5.86368900 -10.71754800
vt 0.00000000 0.06981800
vt -5.74264700 -10.69314400
vt 0.00000000 0.19418500
vt -5.62202800 -10.71956100
vt -5.52226700 -10.79232300
vt 0.00000000 0.31855100
vt -5.46026200 -10.89910400
vt 1.75000000 -10.86520400
vt 0.00000000 0.44291700
vt -5.44094700 -10.95660400
vt 1.75000000 -10.92586100
vt -5.42102600 -11.01389600
vt 1.75000000 -10.98651800
vt -5.40050200 -11.07097500
vt 0.00000000 0.83457200
vt 1.75000000 -11.04717500
vt 0.00000000 0.99541400
vt -5.37031800 -11.22825400
vt -0.00000000 1.15625500
vt -5.39140800 -11.38700800
vt -0.00000000 1.31709700
vt -5.46160900 -11.53095200
vt -0.00000000 1.47793900
vt -5.57371800 -11.64531600
vt -0.00000000 -2.53854800
vt -6.00912000 -11.93643000
vt 0.00000000 -2.01461300
vt 0.00000000 -1.49067700
vt -6.46900800 -12.18707900
vt -6.94963200 -12.39521800
vt -0.00000000 -0.96674200
vt -0.00000000 -0.44280600
vt -0.00000000 -1.48298600
vt -7.44707300 -12.55915200
vt -0.00000000 -1.29931200
vt -7.62898500 -12.57547800
vt -0.00000000 -1.11563800
vt -7.80462300 -12.52538200
vt -0.00000000 -0.93196400
vt -7.95055200 -12.41555000
vt -0.00000000 -0.74829100
vt -1.75000000 -14.88110100
vt -8.54954000 -10.39062100
vt -1.75000000 -14.64824400
vt -8.58127600 -10.15994400
vt -1.75000000 -14.41538700
vt -8.60679000 -9.92849600
vt -0.00000000 -0.49205800
vt -8.62606200 -9.69644600
vt -1.75000000 -14.18253100
vt -8.60490500 -9.56317800
vt 0.00000000 -0.35595700
vt 0.00000000 -0.21985700
vt -8.52748300 -9.45266400
vt -8.40945700 -9.38726000
vt 0.00000000 -0.08375700
vt 0.00000000 0.05234300
vt -8.27470600 -9.38019800
vt 0.00000000 -0.37766200
vt -7.72727300 -9.45173400
vt -0.00000000 -0.92993200
vt -7.17564700 -9.47428700
vt 0.00000000 -1.48220100
vt 0.00000000 -2.03447100
vt -6.62420100 -9.44767900
vt -6.07730800 -9.37212100
vt 0.00000000 -0.05454800
vt 0.00000000 -2.58674100
vt 0.00000000 0.06981800
vt -5.95387100 -9.37526300
vt 0.00000000 0.19418500
vt -5.84215400 -9.42785800
vt -5.76108500 -9.52099500
vt 0.00000000 0.31855100
vt 1.75000000 -9.57490700
vt 0.00000000 0.44291700
vt -5.72439600 -9.63889600
vt 1.75000000 -9.63556400
vt -5.71836000 -9.69925200
vt 1.75000000 -9.69622100
vt -5.71168700 -9.75954000
vt 0.00000000 0.83457200
vt -5.70437900 -9.81975500
vt 1.75000000 -9.75687800
vt -0.00000000 0.99541400
vt -5.70995000 -9.97980800
vt -0.00000000 1.15625500
vt -5.76583700 -10.12988900
vt -0.00000000 1.31709700
vt -5.86630800 -10.25460200
vt -6.00105500 -10.34115200
vt -0.00000000 -2.53854800
vt -0.00000000 1.47793900
vt -0.00000000 -2.01461300
vt -6.49031900 -10.52808100
vt -0.00000000 -1.49067700
vt -6.99445200 -10.67011100
vt -7.50934100 -10.76608300
vt -0.00000000 -0.96674200
vt -0.00000000 -0.44280600
vt -0.00000000 -1.48298600
vt -8.03078900 -10.81521600
vt -0.00000000 -1.29931200
vt -8.21177300 -10.79065300
vt -8.37186000 -10.70273000
vt -0.00000000 -1.11563800
vt -0.00000000 -0.93196400
vt -8.48969000 -10.56317900
vt 0.00000000 -0.74829100
vt -1.75000000 -12.94074700
vt -8.62307100 -8.45573200
vt -8.60268100 -8.22377700
vt -1.75000000 -12.70789000
vt -1.75000000 -12.47503400
vt -8.57605300 -7.99245500
vt -8.54320500 -7.76193400
vt 0.00000000 -0.49205800
vt -1.75000000 -12.24217700
vt 0.00000000 -0.35595700
vt -8.49292500 -7.63671600
vt 0.00000000 -0.21985700
vt -8.39285200 -7.54620000
vt -8.26323100 -7.50869900
vt 0.00000000 -0.08375700
vt -8.13028800 -7.53179900
vt 0.00000000 0.05234300
vt -0.00000000 -0.37766200
vt -7.61249800 -7.72335700
vt 0.00000000 -0.92993200
vt -0.00000000 -1.48220100
vt -7.07972000 -7.86809300
vt -6.53618000 -7.96486000
vt -0.00000000 -2.03447100
vt -0.00000000 -2.58674100
vt -5.98618600 -8.01289200
vt 0.00000000 -0.05454800
vt -5.86654200 -8.04342200
vt 0.00000000 0.06981800
vt 0.00000000 0.19418500
vt -5.76933000 -8.11955800
vt 0.00000000 0.31855100
vt -5.71101800 -8.22839900
vt 1.75000000 -8.28461000
vt -0.00000000 0.44291700
vt -5.70148500 -8.35150800
vt -5.70903000 -8.41169400
vt 1.75000000 -8.34526700
vt -5.71594100 -8.47195600
vt 1.75000000 -8.40592400
vt -0.00000000 0.83457200
vt -5.72221500 -8.53228700
vt 1.75000000 -8.46658100
vt -5.76326100 -8.68708700
vt -0.00000000 0.99541400
vt -5.85114300 -8.82096900
vt -0.00000000 1.15625500
vt -5.97684600 -8.92019900
vt -0.00000000 1.31709700
vt -0.00000000 1.47793900
vt -6.12747400 -8.97459500
vt -0.00000000 -2.53854800
vt -0.00000000 -2.01461300
vt -6.64606700 -9.04796600
vt -7.16916400 -9.07425500
vt -0.00000000 -1.49067700
vt -7.69250000 -9.05324700
vt -0.00000000 -0.96674200
vt -0.00000000 -0.44280600
vt -8.21180700 -8.98511500
vt -0.00000000 -1.48298600
vt -8.38278800 -8.92089500
vt -0.00000000 -1.29931200
vt -8.51929700 -8.79955400
vt -0.00000000 -1.11563800
vt -0.00000000 -0.93196400
vt -8.60312000 -8.63728200
vt -1.75000000 -11.00039300
vt 0.00000000 -0.74829100
vt -8.26420600 -6.55299300
vt -1.75000000 -10.76753600
vt -8.19271200 -6.33139100
vt -8.11527700 -6.11179400
vt -1.75000000 -10.53468000
vt -8.03195700 -5.89436100
vt 0.00000000 -0.49205800
vt -1.75000000 -10.30182300
vt 0.00000000 -0.35595700
vt -7.95507400 -5.78347100
vt 0.00000000 -0.21985700
vt -7.83736800 -5.71749400
vt -7.70265300 -5.70977600
vt 0.00000000 -0.08375700
vt -7.57818200 -5.76188000
vt -0.00000000 -0.37766200
vt 0.00000000 0.05234300
vt -7.11600000 -6.06385300
vt -0.00000000 -0.92993200
vt 0.00000000 -1.48220100
vt -6.62878800 -6.32351500
vt -6.12040700 -6.53880500
vt 0.00000000 -2.03447100
vt -5.59489100 -6.70801800
vt -0.00000000 -2.58674100
vt 0.00000000 -0.05454800
vt 0.00000000 0.06981800
vt -5.48504100 -6.76440600
vt 0.00000000 0.19418500
vt -5.40720800 -6.86026400
vt 0.00000000 0.31855100
vt -5.37457700 -6.97935300
vt -5.39267700 -7.10149600
vt -0.00000000 0.44291700
vt 1.75000000 -6.99431300
vt 1.75000000 -7.05497000
vt -5.41342600 -7.15849400
vt -5.43357300 -7.21570700
vt 1.75000000 -7.11562700
vt -0.00000000 0.83457200
vt 1.75000000 -7.17628400
vt -5.45311500 -7.27313000
vt -0.00000000 0.99541400
vt -5.52757800 -7.41491500
vt -0.00000000 1.15625500
vt -5.64304800 -7.52588500
vt -0.00000000 1.31709700
vt -5.78768000 -7.59465500
vt 0.00000000 -2.53854800
vt -0.00000000 1.47793900
vt -5.94663600 -7.61417000
vt -6.46855300 -7.57030300
vt 0.00000000 -2.01461300
vt 0.00000000 -1.49067700
vt -6.98438500 -7.47953300
vt -0.00000000 -0.96674200
vt -7.48992600 -7.34259900
vt 0.00000000 -0.44280600
vt -7.98105200 -7.16061800
vt -0.00000000 -1.48298600
vt -8.13345500 -7.05996200
vt -0.00000000 -1.29931200
vt -0.00000000 -1.11563800
vt -8.23954000 -6.91128600
vt -8.28515300 -6.73443100
vt -0.00000000 -0.93196400
vt 0.00000000 -0.74829100
vt -7.49093800 -4.77781500
vt -1.75000000 -9.06003900
vt -7.37192600 -4.57767700
vt -1.75000000 -8.82718200
vt -1.75000000 -8.59432600
vt -7.24756700 -4.38081700
vt 0.00000000 -0.49205800
vt -7.11795300 -4.18737600
vt -1.75000000 -8.36146900
vt 0.00000000 -0.35595700
vt -7.01832200 -4.09637500
vt -6.88888600 -4.05824300
vt 0.00000000 -0.21985700
vt 0.00000000 -0.08375700
vt -6.75583100 -4.08069600
vt 0.00000000 0.05234300
vt -0.00000000 -0.37766200
vt -6.64607600 -4.15919100
vt -0.00000000 -0.92993200
vt -6.26267700 -4.55643800
vt 0.00000000 -1.48220100
vt -5.84546000 -4.91800500
vt 0.00000000 -2.03447100
vt -5.39773200 -5.24102200
vt -0.00000000 -2.58674100
vt 0.00000000 -0.05454800
vt -4.92304500 -5.52293100
vt 0.00000000 0.06981800
vt -4.82849700 -5.60235000
vt -4.77394500 -5.71312400
vt 0.00000000 0.19418500
vt -4.76863300 -5.83648700
vt -0.00000000 0.31855100
vt -0.00000000 0.44291700
vt -4.81345900 -5.95154100
vt 1.75000000 -5.70401600
vt 1.75000000 -5.76467300
vt -4.84637000 -6.00249300
vt 1.75000000 -5.82533000
vt -4.87874300 -6.05378900
vt -0.00000000 0.83457200
vt -4.91057300 -6.10542300
vt 1.75000000 -5.88598700
vt -0.00000000 0.99541400
vt -5.01471900 -6.22708400
vt -0.00000000 1.15625500
vt -5.15198700 -6.30957700
vt -5.30829600 -6.34443900
vt -0.00000000 1.31709700
vt -0.00000000 1.47793900
vt 0.00000000 -2.53854800
vt -5.46760900 -6.32809300
vt -5.96667900 -6.16918900
vt -0.00000000 -2.01461300
vt -6.44938000 -5.96591100
vt 0.00000000 -1.49067700
vt -6.91177500 -5.71991700
vt 0.00000000 -0.96674200
vt -7.35009200 -5.43321300
vt -0.00000000 -1.48298600
vt 0.00000000 -0.44280600
vt -0.00000000 -1.29931200
vt -7.47627600 -5.30116700
vt -0.00000000 -1.11563800
vt -7.54661900 -5.13261300
vt -7.55173400 -4.95004200
vt 0.00000000 -0.93196400
vt -6.34204400 -3.21921200
vt -1.75000000 -7.11968500
vt 0.00000000 -0.74829100
vt -6.18148000 -3.05057500
vt -1.75000000 -6.88682800
vt -1.75000000 -6.65397200
vt -6.01643400 -2.88632300
vt -1.75000000 -6.42111500
vt 0.00000000 -0.49205800
vt -5.84702600 -2.72657400
vt 0.00000000 -0.35595700
vt -5.72964200 -2.66002400
vt 0.00000000 -0.21985700
vt -5.59496600 -2.65165100
vt 0.00000000 -0.08375700
vt -5.47024400 -2.70314800
vt -0.00000000 -0.37766200
vt 0.00000000 0.05234300
vt -5.38070700 -2.80409800
vt 0.00000000 -0.92993200
vt -5.09531700 -3.27670000
vt -4.76901600 -3.72204000
vt 0.00000000 -1.48220100
vt -4.40439200 -4.13658800
vt 0.00000000 -2.03447100
vt -0.00000000 -2.58674100
vt 0.00000000 -0.05454800
vt -4.00433700 -4.51705600
vt 0.00000000 0.06981800
vt -3.92983100 -4.61552300
vt -3.90129700 -4.73565900
vt 0.00000000 0.19418500
vt -0.00000000 0.31855100
vt -3.92356900 -4.85711100
vt -3.99287300 -4.95930600
vt -0.00000000 0.44291700
vt 1.75000000 -4.41371900
vt -4.03629700 -5.00165600
vt 1.75000000 -4.47437600
vt -4.07927300 -5.04446300
vt 1.75000000 -4.53503300
vt 1.75000000 -4.59569000
vt -4.12179400 -5.08772000
vt -0.00000000 0.83457200
vt -4.25040100 -5.18315600
vt -0.00000000 0.99541400
vt -0.00000000 1.15625500
vt -4.40258400 -5.23303500
vt -0.00000000 1.31709700
vt -4.56273200 -5.23224100
vt -0.00000000 1.47793900
vt 0.00000000 -2.53854800
vt -4.71441300 -5.18085500
vt -0.00000000 -2.01461300
vt -5.16561100 -4.91488100
vt -5.59097600 -4.60928900
vt -0.00000000 -1.49067700
vt -5.98703800 -4.26657000
vt 0.00000000 -0.96674200
vt -6.35056900 -3.88951900
vt -0.00000000 -1.48298600
vt 0.00000000 -0.44280600
vt -0.00000000 -1.29931200
vt -6.44420600 -3.73270600
vt 0.00000000 -1.11563800
vt -6.47527800 -3.55272500
vt 0.00000000 -0.93196400
vt -6.43963900 -3.37359300
vt -4.87513300 -1.95534000
vt -0.00000000 -0.74829100
vt -1.75000000 -5.17933100
vt -4.68107000 -1.82666000
vt -1.75000000 -4.94647500
vt -1.75000000 -4.71361800
vt -4.48361200 -1.70325200
vt 0.00000000 -0.49205800
vt -1.75000000 -4.48076100
vt -4.28290300 -1.58520500
vt -4.15365500 -1.54644400
vt 0.00000000 -0.35595700
vt 0.00000000 -0.21985700
vt -4.02049200 -1.56824900
vt 0.00000000 -0.08375700
vt -3.91035600 -1.64620900
vt 0.00000000 -0.37766200
vt -3.84552700 -1.76455100
vt 0.00000000 0.05234300
vt -3.67245600 -2.28880900
vt 0.00000000 -0.92993200
vt -3.45343400 -2.79559300
vt 0.00000000 -1.48220100
vt -3.19019800 -3.28088400
vt -0.00000000 -2.03447100
vt -2.88483500 -3.74083300
vt 0.00000000 -0.05454800
vt -0.00000000 -2.58674100
vt -2.83410800 -3.85341000
vt 0.00000000 0.06981800
vt -2.83302200 -3.97688300
vt -0.00000000 0.19418500
vt -2.88176100 -4.09033500
vt -0.00000000 0.31855100
vt -0.00000000 0.44291700
vt 1.75000000 -3.12342200
vt -2.97206800 -4.17454600
vt -3.02382700 -4.20617100
vt 1.75000000 -3.18407900
vt 1.75000000 -3.24473600
vt -3.07525000 -4.23834100
vt -3.12633100 -4.27105200
vt 1.75000000 -3.30539400
vt -0.00000000 0.83457200
vt -3.27295000 -4.33547700
vt -0.00000000 0.99541400
vt -3.43241700 -4.35024200
vt -0.00000000 1.15625500
vt -0.00000000 1.31709700
vt -3.58837300 -4.31383200
vt -0.00000000 1.47793900
vt -3.72481700 -4.22998200
vt 0.00000000 -2.53854800
vt -4.10551800 -3.87027600
vt 0.00000000 -2.01461300
vt -0.00000000 -1.49067700
vt -4.45221700 -3.47769300
vt 0.00000000 -0.96674200
vt -4.76208700 -3.05543400
vt 0.00000000 -0.44280600
vt -0.00000000 -1.48298600
vt -5.03260200 -2.60694400
vt -0.00000000 -1.29931200
vt -5.08899700 -2.43322600
vt -5.07924100 -2.25084300
vt 0.00000000 -1.11563800
vt -5.00463400 -2.08413300
vt 0.00000000 -0.93196400
vt -3.16376200 -1.04957400
vt 0.00000000 -0.74829100
vt -1.75000000 -3.23897700
vt -1.75000000 -3.00612100
vt -2.94593100 -0.96730300
vt -1.75000000 -2.77326400
vt -2.72596300 -0.89092800
vt -1.75000000 -2.54040700
vt 0.00000000 -0.49205800
vt -2.50401900 -0.82050300
vt -2.36938500 -0.81147400
vt 0.00000000 -0.35595700
vt -2.24441300 -0.86236400
vt 0.00000000 -0.21985700
vt -2.15438600 -0.96287600
vt 0.00000000 -0.08375700
vt 0.00000000 -0.37766200
vt -2.11751600 -1.09267700
vt 0.00000000 0.05234300
vt -2.06544300 -1.64230300
vt -0.00000000 -0.92993200
vt 0.00000000 -1.48220100
vt -1.96468200 -2.18511800
vt -1.81603300 -2.71681700
vt -0.00000000 -2.03447100
vt -0.00000000 -2.58674100
vt 0.00000000 -0.05454800
vt -1.62067500 -3.23318400
vt -0.00000000 0.06981800
vt -1.59627100 -3.35422600
vt -0.00000000 0.19418500
vt -1.62268700 -3.47484500
vt -0.00000000 0.31855100
vt -1.69544900 -3.57460700
vt -0.00000000 0.44291700
vt -1.80223100 -3.63661100
vt 1.75000000 -1.83312500
vt -1.85973000 -3.65592700
vt 1.75000000 -1.89378200
vt -1.91702200 -3.67584700
vt 1.75000000 -1.95443900
vt 1.75000000 -2.01509700
vt -1.97410100 -3.69637100
vt -0.00000000 0.83457200
vt -0.00000000 0.99541400
vt -2.13138000 -3.72655600
vt -2.29013500 -3.70546600
vt -0.00000000 1.15625500
vt -2.43407800 -3.63526500
vt -0.00000000 1.31709700
vt 0.00000000 -2.53854800
vt -0.00000000 1.47793900
vt -2.54844200 -3.52315500
vt 0.00000000 -2.01461300
vt -2.83955600 -3.08775400
vt -0.00000000 -1.49067700
vt -3.09020500 -2.62786600
vt -3.29834500 -2.14724200
vt 0.00000000 -0.96674200
vt -0.00000000 -0.44280600
vt -3.46227900 -1.64980100
vt -0.00000000 -1.48298600
vt -3.47860400 -1.46788900
vt 0.00000000 -1.29931200
vt 0.00000000 -1.11563800
vt -3.42850800 -1.29225000
vt -3.31867600 -1.14632100
vt 0.00000000 -0.93196400
vt -1.29374700 -0.54733300
vt 0.00000000 -0.74829100
vt -1.75000000 -1.29862300
vt -1.06307000 -0.51559700
vt -1.75000000 -1.06576700
vt -0.83162300 -0.49008400
vt -1.75000000 -0.83291000
vt -0.59957200 -0.47081200
vt -1.75000000 -0.60005300
vt 0.00000000 -0.49205800
vt -0.46630500 -0.49196900
vt 0.00000000 -0.35595700
vt -0.35579000 -0.56939100
vt 0.00000000 -0.21985700
vt -0.29038600 -0.68741700
vt 0.00000000 -0.08375700
vt -0.28332500 -0.82216800
vt -0.00000000 -0.37766200
vt -0.00000000 0.05234300
vt -0.00000000 -0.92993200
vt -0.35486000 -1.36960100
vt 0.00000000 -1.48220100
vt -0.37741300 -1.92122700
vt -0.00000000 -2.03447100
vt -0.35080500 -2.47267300
vt -0.27524700 -3.01956500
vt -0.00000000 -2.58674100
vt 0.00000000 -0.05454800
vt -0.27838900 -3.14300300
vt -0.00000000 0.06981800
vt -0.33098400 -3.25471900
vt -0.00000000 0.19418500
vt -0.42412100 -3.33578900
vt -0.00000000 0.31855100
vt -0.00000000 0.44291700
vt 1.75000000 -0.54282800
vt -0.54202200 -3.37247700
vt -0.60237800 -3.37851400
vt 1.75000000 -0.60348500
vt -0.66266700 -3.38518600
vt 1.75000000 -0.66414200
vt -0.00000000 0.83457200
vt 1.75000000 -0.72480000
vt -0.72288200 -3.39249400
vt -0.00000000 0.99541400
vt -0.88293400 -3.38692400
vt -0.00000000 1.15625500
vt -1.03301500 -3.33103700
vt -1.15772800 -3.23056500
vt -0.00000000 1.31709700
vt -0.00000000 1.47793900
vt 0.00000000 -2.53854800
vt -1.24427900 -3.09581800
vt 0.00000000 -2.01461300
vt -1.43120800 -2.60655400
vt -0.00000000 -1.49067700
vt -1.57323700 -2.10242200
vt 0.00000000 -0.96674200
vt -1.66921000 -1.58753300
vt -0.00000000 -1.48298600
vt -0.00000000 -0.44280600
vt -1.71834200 -1.06608500
vt 0.00000000 -1.29931200
vt -1.69377900 -0.88510100
vt 0.00000000 -1.11563800
vt -1.60585600 -0.72501400
vt 0.00000000 -0.93196400
vt -1.46630500 -0.60718400
vt -1.75000000 0.64173000
vt 0.00000000 -0.74829100
vt 0.64114200 -0.47380200
vt -1.75000000 0.87458700
vt 0.87309700 -0.49419200
vt -1.75000000 1.10744400
vt 1.10441900 -0.52082100
vt 1.33494000 -0.55366800
vt 0.00000000 -0.49205800
vt -1.75000000 1.34030100
vt 1.46015800 -0.60394900
vt 0.00000000 -0.35595700
vt 1.55067300 -0.70402200
vt 0.00000000 -0.21985700
vt 1.58817400 -0.83364200
vt 0.00000000 -0.08375700
vt 1.56507400 -0.96658600
vt 0.00000000 -0.37766200
vt -0.00000000 0.05234300
vt 0.00000000 -0.92993200
vt 1.37351700 -1.48437600
vt 1.22878100 -2.01715300
vt -0.00000000 -1.48220100
vt -0.00000000 -2.03447100
vt 1.13201400 -2.56069400
vt -0.00000000 -0.05454800
vt -0.00000000 -2.58674100
vt 1.08398200 -3.11068800
vt 1.05345100 -3.23033100
vt -0.00000000 0.06981800
vt 0.97731600 -3.32754400
vt -0.00000000 0.19418500
vt -0.00000000 0.31855100
vt 0.86847500 -3.38585500
vt 0.74536500 -3.39538900
vt -0.00000000 0.44291700
vt 1.75000000 0.74746900
vt 0.68518000 -3.38784300
vt 1.75000000 0.68681200
vt 0.62491800 -3.38093300
vt 1.75000000 0.62615500
vt 1.75000000 0.56549700
vt -0.00000000 0.83457200
vt 0.56458600 -3.37465900
vt 0.40978600 -3.33361300
vt -0.00000000 0.99541400
vt -0.00000000 1.15625500
vt 0.27590400 -3.24573100
vt -0.00000000 1.31709700
vt 0.17667500 -3.12002700
vt -0.00000000 1.47793900
vt 0.12227800 -2.96939900
vt 0.00000000 -2.53854800
vt 0.00000000 -2.01461300
vt 0.04890800 -2.45080600
vt 0.02261900 -1.92770900
vt -0.00000000 -1.49067700
vt 0.04362600 -1.40437300
vt 0.00000000 -0.96674200
vt 0.11175900 -0.88506600
vt 0.00000000 -0.44280600
vt 0.00000000 -1.48298600
vt 0.17597800 -0.71408600
vt 0.00000000 -1.29931200
vt 0.29732000 -0.57757700
vt 0.00000000 -1.11563800
vt 0.45959200 -0.49375400
vt 0.00000000 -0.93196400
vt 2.54388100 -0.83266800
vt 0.00000000 -0.74829100
vt -1.75000000 2.58208400
vt 2.76548300 -0.90416200
vt -1.75000000 2.81494100
vt 2.98508000 -0.98159700
vt -1.75000000 3.04779800
vt -1.75000000 3.28065400
vt 3.20251200 -1.06491600
vt 0.00000000 -0.49205800
vt 0.00000000 -0.35595700
vt 3.31340200 -1.14180000
vt 0.00000000 -0.21985700
vt 3.37938000 -1.25950600
vt 3.38709800 -1.39422100
vt -0.00000000 -0.08375700
vt 3.33499400 -1.51869100
vt -0.00000000 0.05234300
vt 0.00000000 -0.37766200
vt 3.03302000 -1.98087300
vt 0.00000000 -0.92993200
vt 2.77335900 -2.46808600
vt 0.00000000 -1.48220100
vt -0.00000000 -2.03447100
vt 2.55806800 -2.97646600
vt -0.00000000 -0.05454800
vt 2.38885600 -3.50198300
vt -0.00000000 -2.58674100
vt -0.00000000 0.06981800
vt 2.33246700 -3.61183300
vt 2.23660900 -3.68966600
vt -0.00000000 0.19418500
vt -0.00000000 0.31855100
vt 2.11752100 -3.72229600
vt 1.99537700 -3.70419600
vt 1.75000000 2.03776600
vt -0.00000000 0.44291700
vt 1.93838000 -3.68344700
vt 1.75000000 1.97710900
vt 1.75000000 1.91645200
vt 1.88116600 -3.66330100
vt -0.00000000 0.83457200
vt 1.75000000 1.85579400
vt 1.82374300 -3.64375900
vt 1.68195800 -3.56929600
vt -0.00000000 0.99541400
vt 1.57098800 -3.45382500
vt -0.00000000 1.15625500
vt 1.50221900 -3.30919300
vt -0.00000000 1.31709700
vt 1.48270400 -3.15023700
vt 0.00000000 -2.53854800
vt 0.00000000 1.47793900
vt 0.00000000 -2.01461300
vt 1.52657100 -2.62832000
vt 0.00000000 -1.49067700
vt 1.61734100 -2.11248800
vt 0.00000000 -0.96674200
vt 1.75427500 -1.60694800
vt -0.00000000 -0.44280600
vt 1.93625600 -1.11582200
vt 0.00000000 -1.48298600
vt 2.03691200 -0.96341900
vt 0.00000000 -1.29931200
vt 2.18558700 -0.85733300
vt 0.00000000 -1.11563800
vt 0.00000000 -0.93196400
vt 2.36244300 -0.81172100
vt 0.00000000 -0.74829100
vt 4.31905900 -1.60593600
vt -1.75000000 4.52243800
vt -1.75000000 4.75529500
vt 4.51919600 -1.72494800
vt -1.75000000 4.98815200
vt 4.71605700 -1.84930600
vt -0.00000000 -0.49205800
vt -1.75000000 5.22100800
vt 4.90949700 -1.97892000
vt 5.00049900 -2.07855200
vt 0.00000000 -0.35595700
vt 5.03863000 -2.20798800
vt 0.00000000 -0.21985700
vt 5.01617800 -2.34104200
vt -0.00000000 -0.08375700
vt 4.93768300 -2.45079800
vt -0.00000000 0.05234300
vt -0.00000000 -0.37766200
vt 0.00000000 -0.92993200
vt 4.54043500 -2.83419700
vt -0.00000000 -1.48220100
vt 4.17886900 -3.25141400
vt -0.00000000 -2.03447100
vt 3.85585100 -3.69914100
vt -0.00000000 -2.58674100
vt -0.00000000 -0.05454800
vt 3.57394300 -4.17382900
vt 3.49452400 -4.26837700
vt -0.00000000 0.06981800
vt -0.00000000 0.19418500
vt 3.38375000 -4.32292800
vt 3.26038600 -4.32824100
vt -0.00000000 0.31855100
vt 3.14533300 -4.28341500
vt -0.00000000 0.44291700
vt 1.75000000 3.32806300
vt 3.09438100 -4.25050300
vt 1.75000000 3.26740600
vt 1.75000000 3.20674800
vt 3.04308500 -4.21813100
vt -0.00000000 0.83457200
vt 2.99145100 -4.18630100
vt 1.75000000 3.14609100
vt -0.00000000 0.99541400
vt 2.86979000 -4.08215500
vt -0.00000000 1.15625500
vt 2.78729700 -3.94488600
vt -0.00000000 1.31709700
vt 2.75243500 -3.78857800
vt 0.00000000 -2.53854800
vt 2.76878100 -3.62926500
vt 0.00000000 1.47793900
vt -0.00000000 -2.01461300
vt 2.92768500 -3.13019400
vt 0.00000000 -1.49067700
vt 3.13096300 -2.64749400
vt 3.37695700 -2.18509900
vt 0.00000000 -0.96674200
vt 3.66366100 -1.74678100
vt -0.00000000 -0.44280600
vt 0.00000000 -1.48298600
vt 0.00000000 -1.29931200
vt 3.79570600 -1.62059700
vt 0.00000000 -1.11563800
vt 3.96426000 -1.55025500
vt 0.00000000 -0.93196400
vt 4.14683100 -1.54514000
vt -1.75000000 6.46279200
vt 0.00000000 -0.74829100
vt 5.87766200 -2.75483000
vt 6.04629900 -2.91539300
vt -1.75000000 6.69564900
vt 6.21055100 -3.08043900
vt -1.75000000 6.92850600
vt 6.37030000 -3.24984800
vt 0.00000000 -0.49205800
vt -1.75000000 7.16136200
vt 6.43684900 -3.36723100
vt 0.00000000 -0.35595700
vt -0.00000000 -0.21985700
vt 6.44522300 -3.50190700
vt -0.00000000 -0.08375700
vt 6.39372500 -3.62663000
vt -0.00000000 0.05234300
vt -0.00000000 -0.37766200
vt 6.29277600 -3.71616700
vt 0.00000000 -0.92993200
vt 5.82017400 -4.00155700
vt -0.00000000 -1.48220100
vt 5.37483300 -4.32785800
vt 4.96028500 -4.69248100
vt -0.00000000 -2.03447100
vt -0.00000000 -0.05454800
vt 4.57981700 -5.09253700
vt -0.00000000 -2.58674100
vt 4.48135100 -5.16704200
vt -0.00000000 0.06981800
vt 4.36121500 -5.19557600
vt -0.00000000 0.19418500
vt 4.23976200 -5.17330500
vt -0.00000000 0.31855100
vt -0.00000000 0.44291700
vt 1.75000000 4.61836000
vt 4.13756800 -5.10400100
vt 1.75000000 4.55770300
vt 4.09521700 -5.06057600
vt 4.05241100 -5.01760100
vt 1.75000000 4.49704500
vt 1.75000000 4.43638800
vt -0.00000000 0.83457200
vt 4.00915400 -4.97508000
vt 3.91371800 -4.84647300
vt -0.00000000 0.99541400
vt -0.00000000 1.15625500
vt 3.86383900 -4.69428900
vt 3.86463300 -4.53414200
vt 0.00000000 1.31709700
vt 3.91601900 -4.38246100
vt 0.00000000 -2.53854800
vt 0.00000000 1.47793900
vt 4.18199300 -3.93126300
vt -0.00000000 -2.01461300
vt 0.00000000 -1.49067700
vt 4.48758500 -3.50589800
vt 0.00000000 -0.96674200
vt 4.83030400 -3.10983500
vt 0.00000000 -0.44280600
vt 0.00000000 -1.48298600
vt 5.20735500 -2.74630500
vt 0.00000000 -1.29931200
vt 5.36416800 -2.65266700
vt 5.54414900 -2.62159500
vt 0.00000000 -1.11563800
vt 5.72328100 -2.65723500
vt 0.00000000 -0.93196400
vt -1.75000000 8.40314600
vt 7.14153400 -4.22174100
vt 0.00000000 -0.74829100
vt -1.75000000 8.63600300
vt 7.27021400 -4.41580400
vt 7.39362200 -4.61326100
vt -1.75000000 8.86885900
vt 7.51166800 -4.81397000
vt 0.00000000 -0.49205800
vt -1.75000000 9.10171600
vt 7.55043000 -4.94321900
vt 0.00000000 -0.35595700
vt -0.00000000 -0.21985700
vt 7.52862500 -5.07638200
vt 7.45066500 -5.18651800
vt -0.00000000 -0.08375700
vt 7.33232300 -5.25134700
vt -0.00000000 0.05234300
vt -0.00000000 -0.37766200
vt 6.80806400 -5.42441800
vt 0.00000000 -0.92993200
vt 6.30128100 -5.64344000
vt -0.00000000 -1.48220100
vt 5.81599000 -5.90667600
vt 0.00000000 -2.03447100
vt 5.35604000 -6.21203900
vt -0.00000000 -2.58674100
vt -0.00000000 -0.05454800
vt -0.00000000 0.06981800
vt 5.24346300 -6.26276600
vt 5.11999000 -6.26385200
vt -0.00000000 0.19418500
vt 5.00653900 -6.21511300
vt -0.00000000 0.31855100
vt 4.92232800 -6.12480600
vt -0.00000000 0.44291700
vt 1.75000000 5.90865700
vt 4.89070200 -6.07304600
vt 1.75000000 5.84800000
vt 4.85853200 -6.02162300
vt 1.75000000 5.78734200
vt 1.75000000 5.72668500
vt 4.82582100 -5.97054200
vt -0.00000000 0.83457200
vt 4.76139600 -5.82392300
vt -0.00000000 0.99541400
vt 0.00000000 1.15625500
vt 4.74663100 -5.66445600
vt 0.00000000 1.31709700
vt 4.78304200 -5.50850100
vt 0.00000000 -2.53854800
vt 0.00000000 1.47793900
vt 4.86689200 -5.37205700
vt 5.22659800 -4.99135600
vt -0.00000000 -2.01461300
vt 5.61918100 -4.64465700
vt 0.00000000 -1.49067700
vt 6.04144000 -4.33478700
vt -0.00000000 -0.96674200
vt 0.00000000 -0.44280600
vt 6.48993000 -4.06427200
vt 0.00000000 -1.48298600
vt 0.00000000 -1.29931200
vt 6.66364800 -4.00787700
vt 6.84603000 -4.01763300
vt 0.00000000 -1.11563800
vt 7.01274000 -4.09224000
vt 0.00000000 -0.93196400
vt 0.00000000 -0.74829100
vt 8.04730000 -5.93311200
vt -1.75000000 10.34350000
vt 8.12957100 -6.15094300
vt -1.75000000 10.57635700
vt 8.20594600 -6.37091100
vt -1.75000000 10.80921300
vt 0.00000000 -0.49205800
vt -1.75000000 11.04207000
vt 8.27637100 -6.59285500
vt 8.28540000 -6.72748900
vt -0.00000000 -0.35595700
vt -0.00000000 -0.21985700
vt 8.23451000 -6.85246000
vt -0.00000000 -0.08375700
vt 8.13399700 -6.94248800
vt -0.00000000 -0.37766200
vt -0.00000000 0.05234300
vt 8.00419600 -6.97935700
vt 7.45457000 -7.03143100
vt 0.00000000 -0.92993200
vt 0.00000000 -1.48220100
vt 6.91175600 -7.13219200
vt 6.38005700 -7.28084000
vt -0.00000000 -2.03447100
vt -0.00000000 -2.58674100
vt 5.86368900 -7.47619900
vt -0.00000000 -0.05454800
vt -0.00000000 0.06981800
vt 5.74264700 -7.50060300
vt -0.00000000 0.19418500
vt 5.62202800 -7.47418600
vt -0.00000000 0.31855100
vt 5.52226700 -7.40142400
vt 1.75000000 7.19895400
vt 5.46026200 -7.29464300
vt -0.00000000 0.44291700
vt 5.44094700 -7.23714400
vt 1.75000000 7.13829700
vt 5.42102600 -7.17985100
vt 1.75000000 7.07763900
vt -0.00000000 0.83457200
vt 1.75000000 7.01698200
vt 5.40050200 -7.12277200
vt -0.00000000 0.99541400
vt 5.37031800 -6.96549300
vt 0.00000000 1.15625500
vt 5.39140800 -6.80673900
vt 0.00000000 1.31709700
vt 5.46160900 -6.66279600
vt 0.00000000 1.47793900
vt 0.00000000 -2.53854800
vt 5.57371800 -6.54843100
vt -0.00000000 -2.01461300
vt 6.00912000 -6.25731800
vt 6.46900800 -6.00666900
vt -0.00000000 -1.49067700
vt 0.00000000 -0.96674200
vt 6.94963200 -5.79852900
vt 0.00000000 -0.44280600
vt 0.00000000 -1.48298600
vt 7.44707300 -5.63459500
vt 7.62898500 -5.61827000
vt 0.00000000 -1.29931200
vt 7.80462300 -5.66836500
vt 0.00000000 -1.11563800
vt 0.00000000 -0.93196400
vt 7.95055200 -5.77819800
vt -1.75000000 12.28385400
vt 0.00000000 -0.74829100
vt 8.54954000 -7.80312600
vt 8.58127600 -8.03380300
vt -1.75000000 12.51671100
vt 8.60679000 -8.26525100
vt -1.75000000 12.74956700
vt 0.00000000 -0.49205800
vt 8.62606200 -8.49730200
vt -1.75000000 12.98242400
vt -0.00000000 -0.35595700
vt 8.60490500 -8.63056900
vt -0.00000000 -0.21985700
vt 8.52748300 -8.74108300
vt 8.40945700 -8.80648700
vt -0.00000000 -0.08375700
vt -0.00000000 0.05234300
vt -0.00000000 -0.37766200
vt 8.27470600 -8.81354900
vt 0.00000000 -0.92993200
vt 7.72727300 -8.74201400
vt -0.00000000 -1.48220100
vt 7.17564700 -8.71946100
vt 6.62420100 -8.74606800
vt -0.00000000 -2.03447100
vt 6.07730800 -8.82162600
vt -0.00000000 -2.58674100
vt -0.00000000 -0.05454800
vt 5.95387100 -8.81848400
vt -0.00000000 0.06981800
vt -0.00000000 0.19418500
vt 5.84215400 -8.76589000
vt -0.00000000 0.31855100
vt 5.76108500 -8.67275300
vt -0.00000000 0.44291700
vt 1.75000000 8.48925100
vt 5.72439600 -8.55485100
vt 1.75000000 8.42859400
vt 5.71836000 -8.49449600
vt 1.75000000 8.36793600
vt 5.71168700 -8.43420700
vt -0.00000000 0.83457200
vt 5.70437900 -8.37399200
vt 1.75000000 8.30727900
vt 0.00000000 0.99541400
vt 5.70995000 -8.21394000
vt 0.00000000 1.15625500
vt 5.76583700 -8.06385800
vt 5.86630800 -7.93914500
vt 0.00000000 1.31709700
vt 0.00000000 -2.53854800
vt 0.00000000 1.47793900
vt 6.00105500 -7.85259500
vt 0.00000000 -2.01461300
vt 6.49031900 -7.66566600
vt 6.99445200 -7.52363600
vt 0.00000000 -1.49067700
vt 0.00000000 -0.96674200
vt 7.50934100 -7.42766400
vt 0.00000000 -0.44280600
vt 8.03078900 -7.37853100
vt 0.00000000 -1.48298600
vt 0.00000000 -1.29931200
vt 8.21177300 -7.40309400
vt 8.37186000 -7.49101700
vt 0.00000000 -1.11563800
vt 8.48969000 -7.63056800
vt 0.00000000 -0.93196400
vt -0.00000000 -0.49205800
vt -1.75000000 14.92277800
vt 8.54320500 -10.43181400
vt 8.49292500 -10.55703200
vt -0.00000000 -0.35595700
vt 8.39285200 -10.64754700
vt -0.00000000 -0.21985700
vt 8.26323100 -10.68504800
vt -0.00000000 -0.08375700
vt -0.00000000 -0.37766200
vt -0.00000000 0.05234300
vt 8.13028800 -10.66194800
vt -0.00000000 -0.92993200
vt 7.61249800 -10.47039100
vt 7.07972000 -10.32565500
vt 0.00000000 -1.48220100
vt 0.00000000 -2.03447100
vt 6.53618000 -10.22888700
vt -0.00000000 -2.58674100
vt -0.00000000 -0.05454800
vt 5.98618600 -10.18085600
vt -0.00000000 0.06981800
vt 5.86654200 -10.15032500
vt -0.00000000 0.19418500
vt 5.76933000 -10.07419000
vt 5.71101800 -9.96534800
vt -0.00000000 0.31855100
vt 1.75000000 9.77954800
vt 0.00000000 0.44291700
vt 5.70148500 -9.84223900
vt 1.75000000 9.71889000
vt 5.70903000 -9.78205300
vt 1.75000000 9.65823300
vt 5.71594100 -9.72179100
vt 1.75000000 9.59757600
vt 5.72221500 -9.66146000
vt 0.00000000 0.83457200
vt 5.76326100 -9.50666000
vt 0.00000000 0.99541400
vt 5.85114300 -9.37277800
vt 0.00000000 1.15625500
vt 5.97684600 -9.27354800
vt 0.00000000 1.31709700
vt 0.00000000 -2.53854800
vt 6.12747400 -9.21915200
vt 0.00000000 1.47793900
vt 6.64606700 -9.14578100
vt 0.00000000 -2.01461300
vt 0.00000000 -1.49067700
vt 7.16916400 -9.11949300
vt 0.00000000 -0.96674200
vt 7.69250000 -9.14050000
vt 0.00000000 -1.48298600
vt 0.00000000 -0.44280600
vt 8.21180700 -9.20863200
vt 8.38278800 -9.27285200
vt 0.00000000 -1.29931200
vt 8.51929700 -9.39419300
vt 0.00000000 -1.11563800
vt 0.00000000 -0.93196400
vt 8.60312000 -9.55646500
vt -0.00000000 -0.74829100
vt -1.75000000 14.22420800
vt 8.62307100 -9.73801500
vt -1.75000000 14.45706400
vt 8.60268100 -9.96997000
vt 8.57605300 -10.20129200
vt -1.75000000 14.68992100
vt 1.61074800 29.84513000
vt 1.61074800 -29.84513000
vt 0.12080600 -28.49256500
vt 0.12080600 28.49256500
vt 0.12080600 27.65454800
vt 1.61074800 28.96733200
vt 1.61074800 28.08953400
vt 0.12080600 26.81653100
vt 0.12080600 25.97851500
vt 1.61074800 27.21173600
vt 1.61074800 26.33393800
vt 0.12080600 25.14049800
vt 1.61074800 25.45614000
vt 0.12080600 24.30248200
vt 1.61074800 24.57834300
vt 0.12080600 23.46446500
vt 1.61074800 23.70054500
vt 0.12080600 22.62644800
vt 1.61074800 22.82274700
vt 0.12080600 21.78843200
vt 0.12080600 20.95041500
vt 1.61074800 21.94494900
vt 1.61074800 21.06715100
vt 0.12080600 20.11239900
vt 1.61074800 20.18935300
vt 0.12080600 19.27438200
vt 0.12080600 18.43636500
vt 1.61074800 19.31155500
vt 1.61074800 18.43375700
vt 0.12080600 17.59834900
vt 0.12080600 16.76033200
vt 1.61074800 17.55595900
vt 0.12080600 15.92231600
vt 1.61074800 16.67816100
vt 1.61074800 15.80036300
vt 0.12080600 15.08429900
vt 0.12080600 14.24628200
vt 1.61074800 14.92256500
vt 0.12080600 13.40826600
vt 1.61074800 14.04476700
vt 0.12080600 12.57024900
vt 1.61074800 13.16696900
vt 1.61074800 12.28917100
vt 0.12080600 11.73223200
vt 1.61074800 11.41137300
vt 0.12080600 10.89421600
vt 1.61074800 10.53357500
vt 0.12080600 10.05619900
vt 0.12080600 9.21818300
vt 1.61074800 9.65577700
vt 1.61074800 8.77797900
vt 0.12080600 8.38016600
vt 0.12080600 7.54214900
vt 1.61074800 7.90018200
vt 0.12080600 6.70413300
vt 1.61074800 7.02238400
vt 0.12080600 5.86611600
vt 1.61074800 6.14458600
vt 0.12080600 5.02810000
vt 1.61074800 5.26678800
vt 0.12080600 4.19008300
vt 1.61074800 4.38899000
vt 0.12080600 3.35206600
vt 1.61074800 3.51119200
vt 0.12080600 2.51405000
vt 1.61074800 2.63339400
vt 1.61074800 1.75559600
vt 0.12080600 1.67603300
vt 0.12080600 0.83801700
vt 1.61074800 0.87779800
vt 1.61074800 -0.00000000
vt 0.12080600 0.00000000
vt 1.61074800 -0.87779800
vt 0.12080600 -0.83801700
vt 0.12080600 -1.67603300
vt 1.61074800 -1.75559600
vt 0.12080600 -2.51405000
vt 1.61074800 -2.63339400
vt 0.12080600 -3.35206600
vt 1.61074800 -3.51119200
vt 1.61074800 -4.38899000
vt 0.12080600 -4.19008300
vt 0.12080600 -5.02810000
vt 1.61074800 -5.26678800
vt 0.12080600 -5.86611600
vt 1.61074800 -6.14458600
vt 1.61074800 -7.02238400
vt 0.12080600 -6.70413300
vt 1.61074800 -7.90018200
vt 0.12080600 -7.54214900
vt 0.12080600 -8.38016600
vt 1.61074800 -8.77797900
vt 0.12080600 -9.21818300
vt 1.61074800 -9.65577700
vt 1.61074800 -10.53357500
vt 0.12080600 -10.05619900
vt 1.61074800 -11.41137300
vt 0.12080600 -10.89421600
vt 0.12080600 -11.73223200
vt 1.61074800 -12.28917100
vt 1.61074800 -13.16696900
vt 0.12080600 -12.57024900
vt 1.61074800 -14.04476700
vt 0.12080600 -13.40826600
vt 0.12080600 -14.24628200
vt 1.61074800 -14.92256500
vt 1.61074800 -15.80036300
vt 0.12080600 -15.08429900
vt 0.12080600 -15.92231600
vt 1.61074800 -16.67816100
vt 1.61074800 -17.55595900
vt 0.12080600 -16.76033200
vt 0.12080600 -17.59834900
vt 1.61074800 -18.43375700
vt 0.12080600 -18.43636500
vt 1.61074800 -19.31155500
vt 1.61074800 -20.18935300
vt 0.12080600 -19.27438200
vt 0.12080600 -20.11239900
vt 1.61074800 -21.06715100
vt 0.12080600 -20.95041500
vt 1.61074800 -21.94494900
vt 0.12080600 -21.78843200
vt 1.61074800 -22.82274700
vt 1.61074800 -23.70054500
vt 0.12080600 -22.62644800
vt 0.12080600 -23.46446500
vt 1.61074800 -24.57834300
vt 0.12080600 -24.30248200
vt 1.61074800 -25.45614000
vt 1.61074800 -26.33393800
vt 0.12080600 -25.14049800
vt 0.12080600 -25.97851500
vt 1.61074800 -27.21173600
vt 1.61074800 -28.08953400
vt 0.12080600 -26.81653100
vt 1.61074800 -28.96733200
vt 0.12080600 -27.65454800
vt 0.35442800 -28.49256500
vt 0.35442800 28.49256500
vt 0.23761700 28.49256500
vt 0.23761700 -28.49256500
vt 0.35442800 -27.65454800
vt 0.23761700 -27.65454800
vt 0.35442800 -26.81653100
vt 0.23761700 -26.81653100
vt 0.35442800 -25.97851500
vt 0.23761700 -25.97851500
vt 0.35442800 -25.14049800
vt 0.23761700 -25.14049800
vt 0.35442800 -24.30248200
vt 0.23761700 -24.30248200
vt 0.35442800 -23.46446500
vt 0.23761700 -23.46446500
vt 0.35442800 -22.62644800
vt 0.23761700 -22.62644800
vt 0.35442800 -21.78843200
vt 0.23761700 -21.78843200
vt 0.35442800 -20.95041500
vt 0.23761700 -20.95041500
vt 0.35442800 -20.11239900
vt 0.23761700 -20.11239900
vt 0.35442800 -19.27438200
vt 0.23761700 -19.27438200
vt 0.35442800 -18.43636500
vt 0.23761700 -18.43636500
vt 0.35442800 -17.59834900
vt 0.23761700 -17.59834900
vt 0.35442800 -16.76033200
vt 0.23761700 -16.76033200
vt 0.35442800 -15.92231600
vt 0.23761700 -15.92231600
vt 0.35442800 -15.08429900
vt 0.23761700 -15.08429900
vt 0.35442800 -14.24628200
vt 0.23761700 -14.24628200
vt 0.35442800 -13.40826600
vt 0.23761700 -13.40826600
vt 0.35442800 -12.57024900
vt 0.23761700 -12.57024900
vt 0.35442800 -11.73223200
vt 0.23761700 -11.73223200
vt 0.35442800 -10.89421600
vt 0.23761700 -10.89421600
vt 0.35442800 -10.05619900
vt 0.23761700 -10.05619900
vt 0.35442800 -9.21818300
vt 0.23761700 -9.21818300
vt 0.35442800 -8.38016600
vt 0.23761700 -8.38016600
vt 0.35442800 -7.54214900
vt 0.23761700 -7.54214900
vt 0.35442800 -6.70413300
vt 0.23761700 -6.70413300
vt 0.35442800 -5.86611600
vt 0.23761700 -5.86611600
vt 0.35442800 -5.02810000
vt 0.23761700 -5.02810000
vt 0.35442800 -4.19008300
vt 0.23761700 -4.19008300
vt 0.35442800 -3.35206600
vt 0.23761700 -3.35206600
vt 0.35442800 -2.51405000
vt 0.23761700 -2.51405000
vt 0.35442800 -1.67603300
vt 0.23761700 -1.67603300
vt 0.35442800 -0.83801700
vt 0.23761700 -0.83801700
vt 0.35442800 0.00000000
vt 0.23761700 0.00000000
vt 0.35442800 0.83801700
vt 0.23761700 0.83801700
vt 0.35442800 1.67603300
vt 0.23761700 1.67603300
vt 0.35442800 2.51405000
vt 0.23761700 2.51405000
vt 0.35442800 3.35206600
vt 0.23761700 3.35206600
vt 0.35442800 4.19008300
vt 0.23761700 4.19008300
vt 0.35442800 5.02810000
vt 0.23761700 5.02810000
vt 0.35442800 5.86611600
vt 0.23761700 5.86611600
vt 0.35442800 6.70413300
vt 0.23761700 6.70413300
vt 0.35442800 7.54214900
vt 0.23761700 7.54214900
vt 0.35442800 8.38016600
vt 0.23761700 8.38016600
vt 0.35442800 9.21818300
vt 0.23761700 9.21818300
vt 0.35442800 10.05619900
vt 0.23761700 10.05619900
vt 0.35442800 10.89421600
vt 0.23761700 10.89421600
vt 0.35442800 11.73223200
vt 0.23761700 11.73223200
vt 0.35442800 12.57024900
vt 0.23761700 12.57024900
vt 0.35442800 13.40826600
vt 0.23761700 13.40826600
vt 0.35442800 14.24628200
vt 0.23761700 14.24628200
vt 0.35442800 15.08429900
vt 0.23761700 15.08429900
vt 0.35442800 15.92231600
vt 0.23761700 15.92231600
vt 0.35442800 16.76033200
vt 0.23761700 16.76033200
vt 0.35442800 17.59834900
vt 0.23761700 17.59834900
vt 0.35442800 18.43636500
vt 0.23761700 18.43636500
vt 0.35442800 19.27438200
vt 0.23761700 19.27438200
vt 0.35442800 20.11239900
vt 0.23761700 20.11239900
vt 0.35442800 20.95041500
vt 0.23761700 20.95041500
vt 0.35442800 21.78843200
vt 0.23761700 21.78843200
vt 0.35442800 22.62644800
vt 0.23761700 22.62644800
vt 0.35442800 23.46446500
vt 0.23761700 23.46446500
vt 0.35442800 24.30248200
vt 0.23761700 24.30248200
vt 0.35442800 25.14049800
vt 0.23761700 25.14049800
vt 0.35442800 25.97851500
vt 0.23761700 25.97851500
vt 0.35442800 26.81653100
vt 0.23761700 26.81653100
vt 0.35442800 27.65454800
vt 0.23761700 27.65454800
vt -0.12080600 -28.49256500
vt -0.12080600 28.49256500
vt -1.61074800 -29.84513000
vt -1.61074800 29.84513000
vt -1.61074800 -28.96733200
vt -0.12080600 -27.65454800
vt -1.61074800 -28.08953400
vt -0.12080600 -26.81653100
vt -1.61074800 -27.21173600
vt -0.12080600 -25.97851500
vt -1.61074800 -26.33393800
vt -0.12080600 -25.14049800
vt -1.61074800 -25.45614000
vt -0.12080600 -24.30248200
vt -1.61074800 -24.57834300
vt -0.12080600 -23.46446500
vt -1.61074800 -23.70054500
vt -0.12080600 -22.62644800
vt -1.61074800 -22.82274700
vt -0.12080600 -21.78843200
vt -0.12080600 -20.95041500
vt -1.61074800 -21.94494900
vt -0.12080600 -20.11239900
vt -1.61074800 -21.06715100
vt -1.61074800 -20.18935300
vt -0.12080600 -19.27438200
vt -1.61074800 -19.31155500
vt -0.12080600 -18.43636500
vt -1.61074800 -18.43375700
vt -0.12080600 -17.59834900
vt -1.61074800 -17.55595900
vt -0.12080600 -16.76033200
vt -1.61074800 -16.67816100
vt -0.12080600 -15.92231600
vt -0.12080600 -15.08429900
vt -1.61074800 -15.80036300
vt -1.61074800 -14.92256500
vt -0.12080600 -14.24628200
vt -1.61074800 -14.04476700
vt -0.12080600 -13.40826600
vt -0.12080600 -12.57024900
vt -1.61074800 -13.16696900
vt -0.12080600 -11.73223200
vt -1.61074800 -12.28917100
vt -0.12080600 -10.89421600
vt -1.61074800 -11.41137300
vt -1.61074800 -10.53357500
vt -0.12080600 -10.05619900
vt -1.61074800 -9.65577700
vt -0.12080600 -9.21818300
vt -1.61074800 -8.77797900
vt -0.12080600 -8.38016600
vt -0.12080600 -7.54214900
vt -1.61074800 -7.90018200
vt -1.61074800 -7.02238400
vt -0.12080600 -6.70413300
vt -0.12080600 -5.86611600
vt -1.61074800 -6.14458600
vt -0.12080600 -5.02810000
vt -1.61074800 -5.26678800
vt -0.12080600 -4.19008300
vt -1.61074800 -4.38899000
vt -0.12080600 -3.35206600
vt -1.61074800 -3.51119200
vt -1.61074800 -2.63339400
vt -0.12080600 -2.51405000
vt -1.61074800 -1.75559600
vt -0.12080600 -1.67603300
vt -1.61074800 -0.87779800
vt -0.12080600 -0.83801700
vt -1.61074800 0.00000000
vt -0.12080600 0.00000000
vt -1.61074800 0.87779800
vt -0.12080600 0.83801700
vt -1.61074800 1.75559600
vt -0.12080600 1.67603300
vt -1.61074800 2.63339400
vt -0.12080600 2.51405000
vt -0.12080600 3.35206600
vt -1.61074800 3.51119200
vt -1.61074800 4.38899000
vt -0.12080600 4.19008300
vt -1.61074800 5.26678800
vt -0.12080600 5.02810000
vt -1.61074800 6.14458600
vt -0.12080600 5.86611600
vt -1.61074800 7.02238400
vt -0.12080600 6.70413300
vt -0.12080600 7.54214900
vt -1.61074800 7.90018200
vt -0.12080600 8.38016600
vt -1.61074800 8.77797900
vt -1.61074800 9.65577700
vt -0.12080600 9.21818300
vt -0.12080600 10.05619900
vt -1.61074800 10.53357500
vt -0.12080600 10.89421600
vt -1.61074800 11.41137300
vt -1.61074800 12.28917100
vt -0.12080600 11.73223200
vt -0.12080600 12.57024900
vt -1.61074800 13.16696900
vt -0.12080600 13.40826600
vt -1.61074800 14.04476700
vt -1.61074800 14.92256500
vt -0.12080600 14.24628200
vt -0.12080600 15.08429900
vt -1.61074800 15.80036300
vt -0.12080600 15.92231600
vt -1.61074800 16.67816100
vt -1.61074800 17.55595900
vt -0.12080600 16.76033200
vt -1.61074800 18.43375700
vt -0.12080600 17.59834900
vt -0.12080600 18.43636500
vt -1.61074800 19.31155500
vt -1.61074800 20.18935300
vt -0.12080600 19.27438200
vt -1.61074800 21.06715100
vt -0.12080600 20.11239900
vt -0.12080600 20.95041500
vt -1.61074800 21.94494900
vt -0.12080600 21.78843200
vt -1.61074800 22.82274700
vt -0.12080600 22.62644800
vt -1.61074800 23.70054500
vt -1.61074800 24.57834300
vt -0.12080600 23.46446500
vt -0.12080600 24.30248200
vt -1.61074800 25.45614000
vt -0.12080600 25.14049800
vt -1.61074800 26.33393800
vt -1.61074800 27.21173600
vt -0.12080600 25.97851500
vt -0.12080600 26.81653100
vt -1.61074800 28.08953400
vt -0.12080600 27.65454800
vt -1.61074800 28.96733200
vt -0.23761700 -28.49256500
vt -0.23761700 28.49256500
vt -0.35442800 -28.49256500
vt -0.35442800 28.49256500
vt -0.23761700 -27.65454800
vt -0.35442800 -27.65454800
vt -0.23761700 -26.81653100
vt -0.35442800 -26.81653100
vt -0.23761700 -25.97851500
vt -0.35442800 -25.97851500
vt -0.23761700 -25.14049800
vt -0.35442800 -25.14049800
vt -0.23761700 -24.30248200
vt -0.35442800 -24.30248200
vt -0.23761700 -23.46446500
vt -0.35442800 -23.46446500
vt -0.23761700 -22.62644800
vt -0.35442800 -22.62644800
vt -0.23761700 -21.78843200
vt -0.35442800 -21.78843200
vt -0.23761700 -20.95041500
vt -0.35442800 -20.95041500
vt -0.23761700 -20.11239900
vt -0.35442800 -20.11239900
vt -0.23761700 -19.27438200
vt -0.35442800 -19.27438200
vt -0.23761700 -18.43636500
vt -0.35442800 -18.43636500
vt -0.23761700 -17.59834900
vt -0.35442800 -17.59834900
vt -0.23761700 -16.76033200
vt -0.35442800 -16.76033200
vt -0.23761700 -15.92231600
vt -0.35442800 -15.92231600
vt -0.23761700 -15.08429900
vt -0.35442800 -15.08429900
vt -0.23761700 -14.24628200
vt -0.35442800 -14.24628200
vt -0.23761700 -13.40826600
vt -0.35442800 -13.40826600
vt -0.23761700 -12.57024900
vt -0.35442800 -12.57024900
vt -0.23761700 -11.73223200
vt -0.35442800 -11.73223200
vt -0.23761700 -10.89421600
vt -0.35442800 -10.89421600
vt -0.23761700 -10.05619900
vt -0.35442800 -10.05619900
vt -0.23761700 -9.21818300
vt -0.35442800 -9.21818300
vt -0.23761700 -8.38016600
vt -0.35442800 -8.38016600
vt -0.23761700 -7.54214900
vt -0.35442800 -7.54214900
vt -0.23761700 -6.70413300
vt -0.35442800 -6.70413300
vt -0.23761700 -5.86611600
vt -0.35442800 -5.86611600
vt -0.23761700 -5.02810000
vt -0.35442800 -5.02810000
vt -0.23761700 -4.19008300
vt -0.35442800 -4.19008300
vt -0.23761700 -3.35206600
vt -0.35442800 -3.35206600
vt -0.23761700 -2.51405000
vt -0.35442800 -2.51405000
vt -0.23761700 -1.67603300
vt -0.35442800 -1.67603300
vt -0.23761700 -0.83801700
vt -0.35442800 -0.83801700
vt -0.23761700 0.00000000
vt -0.35442800 0.00000000
vt -0.23761700 0.83801700
vt -0.35442800 0.83801700
vt -0.23761700 1.67603300
vt -0.35442800 1.67603300
vt -0.23761700 2.51405000
vt -0.35442800 2.51405000
vt -0.23761700 3.35206600
vt -0.35442800 3.35206600
vt -0.23761700 4.19008300
vt -0.35442800 4.19008300
vt -0.23761700 5.02810000
vt -0.35442800 5.02810000
vt -0.23761700 5.86611600
vt -0.35442800 5.86611600
vt -0.23761700 6.70413300
vt -0.35442800 6.70413300
vt -0.23761700 7.54214900
vt -0.35442800 7.54214900
vt -0.23761700 8.38016600
vt -0.35442800 8.38016600
vt -0.23761700 9.21818300
vt -0.35442800 9.21818300
vt -0.23761700 10.05619900
vt -0.35442800 10.05619900
vt -0.23761700 10.89421600
vt -0.35442800 10.89421600
vt -0.23761700 11.73223200
vt -0.35442800 11.73223200
vt -0.23761700 12.57024900
vt -0.35442800 12.57024900
vt -0.23761700 13.40826600
vt -0.35442800 13.40826600
vt -0.23761700 14.24628200
vt -0.35442800 14.24628200
vt -0.23761700 15.08429900
vt -0.35442800 15.08429900
vt -0.23761700 15.92231600
vt -0.35442800 15.92231600
vt -0.23761700 16.76033200
vt -0.35442800 16.76033200
vt -0.23761700 17.59834900
vt -0.35442800 17.59834900
vt -0.23761700 18.43636500
vt -0.35442800 18.43636500
vt -0.23761700 19.27438200
vt -0.35442800 19.27438200
vt -0.23761700 20.11239900
vt -0.35442800 20.11239900
vt -0.23761700 20.95041500
vt -0.35442800 20.95041500
vt -0.23761700 21.78843200
vt -0.35442800 21.78843200
vt -0.23761700 22.62644800
vt -0.35442800 22.62644800
vt -0.23761700 23.46446500
vt -0.35442800 23.46446500
vt -0.23761700 24.30248200
vt -0.35442800 24.30248200
vt -0.23761700 25.14049800
vt -0.35442800 25.14049800
vt -0.23761700 25.97851500
vt -0.35442800 25.97851500
vt -0.23761700 26.81653100
vt -0.35442800 26.81653100
vt -0.23761700 27.65454800
vt -0.35442800 27.65454800
vt 1.75000000 -0.35595700
vt 1.75000000 -0.21985700
vt 1.75000000 -0.08375700
vt 1.75000000 0.06981800
vt 1.75000000 0.19418500
vt 1.75000000 0.31855100
vt 1.75000000 -0.35595700
vt 1.75000000 -0.21985700
vt 1.75000000 -0.08375700
vt 1.75000000 0.06981800
vt 1.75000000 0.19418500
vt 1.75000000 0.31855100
vt 1.75000000 -0.35595700
vt 1.75000000 -0.21985700
vt 1.75000000 -0.08375700
vt 1.75000000 0.06981800
vt 1.75000000 0.19418500
vt 1.75000000 0.31855100
vt 1.75000000 -0.35595700
vt 1.75000000 -0.21985700
vt 1.75000000 -0.08375700
vt 1.75000000 0.06981800
vt 1.75000000 0.19418500
vt 1.75000000 0.31855100
vt 1.75000000 -0.35595700
vt 1.75000000 -0.21985700
vt 1.75000000 -0.08375700
vt 1.75000000 0.06981800
vt 1.75000000 0.19418500
vt 1.75000000 0.31855100
vt 1.75000000 -0.35595700
vt 1.75000000 -0.21985700
vt 1.75000000 -0.08375700
vt 1.75000000 0.06981800
vt 1.75000000 0.19418500
vt 1.75000000 0.31855100
vt 1.75000000 -0.35595700
vt 1.75000000 -0.21985700
vt 1.75000000 -0.08375700
vt 1.75000000 0.06981800
vt 1.75000000 0.19418500
vt 1.75000000 0.31855100
vt 1.75000000 -0.35595700
vt 1.75000000 -0.21985700
vt 1.75000000 -0.08375700
vt 1.75000000 0.06981800
vt 1.75000000 0.19418500
vt 1.75000000 0.31855100
vt 1.75000000 -0.35595700
vt 1.75000000 -0.21985700
vt 1.75000000 -0.08375700
vt 1.75000000 0.06981800
vt 1.75000000 0.19418500
vt 1.75000000 0.31855100
vt 1.75000000 -0.35595700
vt 1.75000000 -0.21985700
vt 1.75000000 -0.08375700
vt 1.75000000 0.06981800
vt 1.75000000 0.19418500
vt 1.75000000 0.31855100
vt 1.75000000 -0.35595700
vt 1.75000000 -0.21985700
vt 1.75000000 -0.08375700
vt 1.75000000 0.06981800
vt 1.75000000 0.19418500
vt 1.75000000 0.31855100
vt 1.75000000 -0.35595700
vt 1.75000000 -0.21985700
vt 1.75000000 -0.08375700
vt 1.75000000 0.06981800
vt 1.75000000 0.19418500
vt 1.75000000 0.31855100
vt 1.75000000 -0.35595700
vt 1.75000000 -0.21985700
vt 1.75000000 -0.08375700
vt 1.75000000 0.06981800
vt 1.75000000 0.19418500
vt 1.75000000 0.31855100
vt 1.75000000 -0.35595700
vt 1.75000000 -0.21985700
vt 1.75000000 -0.08375700
vt 1.75000000 0.06981800
vt 1.75000000 0.19418500
vt 1.75000000 0.31855100
vt 1.75000000 -0.35595700
vt 1.75000000 -0.21985700
vt 1.75000000 -0.08375700
vt 1.75000000 0.06981800
vt 1.75000000 0.19418500
vt 1.75000000 0.31855100
vt 1.75000000 -0.35595700
vt 1.75000000 -0.21985700
vt 1.75000000 -0.08375700
vt 1.75000000 0.06981800
vt 1.75000000 0.19418500
vt 1.75000000 0.31855100
vt 1.75000000 -0.35595700
vt 1.75000000 -0.21985700
vt 1.75000000 -0.08375700
vt 1.75000000 0.06981800
vt 1.75000000 0.19418500
vt 1.75000000 0.31855100
vt 1.75000000 -0.35595700
vt 1.75000000 -0.21985700
vt 1.75000000 -0.08375700
vt 1.75000000 0.06981800
vt 1.75000000 0.19418500
vt 1.75000000 0.31855100
vt 1.75000000 -0.35595700
vt 1.75000000 -0.21985700
vt 1.75000000 -0.08375700
vt 1.75000000 0.06981800
vt 1.75000000 0.19418500
vt 1.75000000 0.31855100
vt 1.75000000 -0.35595700
vt 1.75000000 -0.21985700
vt 1.75000000 -0.08375700
vt 1.75000000 0.06981800
vt 1.75000000 0.19418500
vt 1.75000000 0.31855100
vt 1.75000000 -0.35595700
vt 1.75000000 -0.21985700
vt 1.75000000 -0.08375700
vt 1.75000000 0.06981800
vt 1.75000000 0.19418500
vt 1.75000000 0.31855100
vt 1.75000000 -0.35595700
vt 1.75000000 -0.21985700
vt 1.75000000 -0.08375700
vt 1.75000000 0.06981800
vt 1.75000000 0.19418500
vt 1.75000000 0.31855100
vt 1.75000000 -0.35595700
vt 1.75000000 -0.21985700
vt 1.75000000 -0.08375700
vt 1.75000000 0.06981800
vt 1.75000000 0.19418500
vt 1.75000000 0.31855100
vt 1.75000000 -0.35595700
vt 1.75000000 -0.21985700
vt 1.75000000 -0.08375700
vt 1.75000000 0.06981800
vt 1.75000000 0.19418500
vt 1.75000000 0.31855100
vt 1.75000000 -0.35595700
vt 1.75000000 -0.21985700
vt 1.75000000 -0.08375700
vt 1.75000000 0.06981800
vt 1.75000000 0.19418500
vt 1.75000000 0.31855100
vt 1.75000000 -0.35595700
vt 1.75000000 -0.21985700
vt 1.75000000 -0.08375700
vt 1.75000000 0.06981800
vt 1.75000000 0.19418500
vt 1.75000000 0.31855100
vt 1.75000000 -0.35595700
vt 1.75000000 -0.21985700
vt 1.75000000 -0.08375700
vt 1.75000000 0.06981800
vt 1.75000000 0.19418500
vt 1.75000000 0.31855100
vt 1.75000000 -0.35595700
vt 1.75000000 -0.21985700
vt 1.75000000 -0.08375700
vt 1.75000000 0.06981800
vt 1.75000000 0.19418500
vt 1.75000000 0.31855100
vt 1.07383200 29.84513000
vt 1.07383200 -29.84513000
vt 0.53691600 29.84513000
vt 0.53691600 -29.84513000
vt -0.00000000 29.84513000
vt -0.00000000 -29.84513000
vt -0.53691600 29.84513000
vt -0.53691600 -29.84513000
vt -1.07383200 29.84513000
vt -1.07383200 -29.84513000
vt 1.07383200 -28.98005400
vt 0.53691600 -28.98005400
vt -0.00000000 -28.98005400
vt -0.53691600 -28.98005400
vt -1.07383200 -28.98005400
vt 1.07383200 -28.11497800
vt 0.53691600 -28.11497800
vt -0.00000000 -28.11497800
vt -0.53691600 -28.11497800
vt -1.07383200 -28.11497800
vt 1.07383200 -27.24990100
vt 0.53691600 -27.24990100
vt -0.00000000 -27.24990100
vt -0.53691600 -27.24990100
vt -1.07383200 -27.24990100
vt 1.07383200 -26.38482500
vt 0.53691600 -26.38482500
vt -0.00000000 -26.38482500
vt -0.53691600 -26.38482500
vt -1.07383200 -26.38482500
vt 1.07383200 -25.51974900
vt 0.53691600 -25.51974900
vt -0.00000000 -25.51974900
vt -0.53691600 -25.51974900
vt -1.07383200 -25.51974900
vt 1.07383200 -24.65467300
vt 0.53691600 -24.65467300
vt -0.00000000 -24.65467300
vt -0.53691600 -24.65467300
vt -1.07383200 -24.65467300
vt 1.07383200 -23.78959700
vt 0.53691600 -23.78959700
vt -0.00000000 -23.78959700
vt -0.53691600 -23.78959700
vt -1.07383200 -23.78959700
vt 1.07383200 -22.92452000
vt 0.53691600 -22.92452000
vt -0.00000000 -22.92452000
vt -0.53691600 -22.92452000
vt -1.07383200 -22.92452000
vt 1.07383200 -22.05944400
vt 0.53691600 -22.05944400
vt -0.00000000 -22.05944400
vt -0.53691600 -22.05944400
vt -1.07383200 -22.05944400
vt 1.07383200 -21.19436800
vt 0.53691600 -21.19436800
vt -0.00000000 -21.19436800
vt -0.53691600 -21.19436800
vt -1.07383200 -21.19436800
vt 1.07383200 -20.32929200
vt 0.53691600 -20.32929200
vt -0.00000000 -20.32929200
vt -0.53691600 -20.32929200
vt -1.07383200 -20.32929200
vt 1.07383200 -19.46421500
vt 0.53691600 -19.46421500
vt -0.00000000 -19.46421500
vt -0.53691600 -19.46421500
vt -1.07383200 -19.46421500
vt 1.07383200 -18.59913900
vt 0.53691600 -18.59913900
vt -0.00000000 -18.59913900
vt -0.53691600 -18.59913900
vt -1.07383200 -18.59913900
vt 1.07383200 -17.73406300
vt 0.53691600 -17.73406300
vt -0.00000000 -17.73406300
vt -0.53691600 -17.73406300
vt -1.07383200 -17.73406300
vt 1.07383200 -16.86898700
vt 0.53691600 -16.86898700
vt -0.00000000 -16.86898700
vt -0.53691600 -16.86898700
vt -1.07383200 -16.86898700
vt 1.07383200 -16.00391000
vt 0.53691600 -16.00391000
vt -0.00000000 -16.00391000
vt -0.53691600 -16.00391000
vt -1.07383200 -16.00391000
vt 1.07383200 -15.13883400
vt 0.53691600 -15.13883400
vt -0.00000000 -15.13883400
vt -0.53691600 -15.13883400
vt -1.07383200 -15.13883400
vt 1.07383200 -14.27375800
vt 0.53691600 -14.27375800
vt -0.00000000 -14.27375800
vt -0.53691600 -14.27375800
vt -1.07383200 -14.27375800
vt 1.07383200 -13.40868200
vt 0.53691600 -13.40868200
vt -0.00000000 -13.40868200
vt -0.53691600 -13.40868200
vt -1.07383200 -13.40868200
vt 1.07383200 -12.54360500
vt 0.53691600 -12.54360500
vt -0.00000000 -12.54360500
vt -0.53691600 -12.54360500
vt -1.07383200 -12.54360500
vt 1.07383200 -11.67852900
vt 0.53691600 -11.67852900
vt -0.00000000 -11.67852900
vt -0.53691600 -11.67852900
vt -1.07383200 -11.67852900
vt 1.07383200 -10.81345300
vt 0.53691600 -10.81345300
vt -0.00000000 -10.81345300
vt -0.53691600 -10.81345300
vt -1.07383200 -10.81345300
vt 1.07383200 -9.94837700
vt 0.53691600 -9.94837700
vt -0.00000000 -9.94837700
vt -0.53691600 -9.94837700
vt -1.07383200 -9.94837700
vt 1.07383200 -9.08330000
vt 0.53691600 -9.08330000
vt -0.00000000 -9.08330000
vt -0.53691600 -9.08330000
vt -1.07383200 -9.08330000
vt 1.07383200 -8.21822400
vt 0.53691600 -8.21822400
vt -0.00000000 -8.21822400
vt -0.53691600 -8.21822400
vt -1.07383200 -8.21822400
vt 1.07383200 -7.35314800
vt 0.53691600 -7.35314800
vt -0.00000000 -7.35314800
vt -0.53691600 -7.35314800
vt -1.07383200 -7.35314800
vt 1.07383200 -6.48807200
vt 0.53691600 -6.48807200
vt -0.00000000 -6.48807200
vt -0.53691600 -6.48807200
vt -1.07383200 -6.48807200
vt 1.07383200 -5.62299600
vt 0.53691600 -5.62299600
vt -0.00000000 -5.62299600
vt -0.53691600 -5.62299600
vt -1.07383200 -5.62299600
vt 1.07383200 -4.75791900
vt 0.53691600 -4.75791900
vt -0.00000000 -4.75791900
vt -0.53691600 -4.75791900
vt -1.07383200 -4.75791900
vt 1.07383200 -3.89284300
vt 0.53691600 -3.89284300
vt -0.00000000 -3.89284300
vt -0.53691600 -3.89284300
vt -1.07383200 -3.89284300
vt 1.07383200 -3.02776700
vt 0.53691600 -3.02776700
vt -0.00000000 -3.02776700
vt -0.53691600 -3.02776700
vt -1.07383200 -3.02776700
vt 1.07383200 -2.16269100
vt 0.53691600 -2.16269100
vt -0.00000000 -2.16269100
vt -0.53691600 -2.16269100
vt -1.07383200 -2.16269100
vt 1.07383200 -1.29761400
vt 0.53691600 -1.29761400
vt -0.00000000 -1.29761400
vt -0.53691600 -1.29761400
vt -1.07383200 -1.29761400
vt 1.07383200 -0.43253800
vt 0.53691600 -0.43253800
vt -0.00000000 -0.43253800
vt -0.53691600 -0.43253800
vt -1.07383200 -0.43253800
vt 1.07383200 0.43253800
vt 0.53691600 0.43253800
vt -0.00000000 0.43253800
vt -0.53691600 0.43253800
vt -1.07383200 0.43253800
vt 1.07383200 1.29761400
vt 0.53691600 1.29761400
vt -0.00000000 1.29761400
vt -0.53691600 1.29761400
vt -1.07383200 1.29761400
vt 1.07383200 2.16269100
vt 0.53691600 2.16269100
vt -0.00000000 2.16269100
vt -0.53691600 2.16269100
vt -1.07383200 2.16269100
vt 1.07383200 3.02776700
vt 0.53691600 3.02776700
vt -0.00000000 3.02776700
vt -0.53691600 3.02776700
vt -1.07383200 3.02776700
vt 1.07383200 3.89284300
vt 0.53691600 3.89284300
vt -0.00000000 3.89284300
vt -0.53691600 3.89284300
vt -1.07383200 3.89284300
vt 1.07383200 4.75791900
vt 0.53691600 4.75791900
vt -0.00000000 4.75791900
vt -0.53691600 4.75791900
vt -1.07383200 4.75791900
vt 1.07383200 5.62299600
vt 0.53691600 5.62299600
vt -0.00000000 5.62299600
vt -0.53691600 5.62299600
vt -1.07383200 5.62299600
vt 1.07383200 6.48807200
vt 0.53691600 6.48807200
vt -0.00000000 6.48807200
vt -0.53691600 6.48807200
vt -1.07383200 6.48807200
vt 1.07383200 7.35314800
vt 0.53691600 7.35314800
vt -0.00000000 7.35314800
vt -0.53691600 7.35314800
vt -1.07383200 7.35314800
vt 1.07383200 8.21822400
vt 0.53691600 8.21822400
vt -0.00000000 8.21822400
vt -0.53691600 8.21822400
vt -1.07383200 8.21822400
vt 1.07383200 9.08330000
vt 0.53691600 9.08330000
vt -0.00000000 9.08330000
vt -0.53691600 9.08330000
vt -1.07383200 9.08330000
vt 1.07383200 9.94837700
vt 0.53691600 9.94837700
vt -0.00000000 9.94837700
vt -0.53691600 9.94837700
vt -1.07383200 9.94837700
vt 1.07383200 10.81345300
vt 0.53691600 10.81345300
vt -0.00000000 10.81345300
vt -0.53691600 10.81345300
vt -1.07383200 10.81345300
vt 1.07383200 11.67852900
vt 0.53691600 11.67852900
vt -0.00000000 11.67852900
vt -0.53691600 11.67852900
vt -1.07383200 11.67852900
vt 1.07383200 12.54360500
vt 0.53691600 12.54360500
vt -0.00000000 12.54360500
vt -0.53691600 12.54360500
vt -1.07383200 12.54360500
vt 1.07383200 13.40868200
vt 0.53691600 13.40868200
vt -0.00000000 13.40868200
vt -0.53691600 13.40868200
vt -1.07383200 13.40868200
vt 1.07383200 14.27375800
vt 0.53691600 14.27375800
vt -0.00000000 14.27375800
vt -0.53691600 14.27375800
vt -1.07383200 14.27375800
vt 1.07383200 15.13883400
vt 0.53691600 15.13883400
vt -0.00000000 15.13883400
vt -0.53691600 15.13883400
vt -1.07383200 15.13883400
vt 1.07383200 16.00391000
vt 0.53691600 16.00391000
vt -0.00000000 16.00391000
vt -0.53691600 16.00391000
vt -1.07383200 16.00391000
vt 1.07383200 16.86898700
vt 0.53691600 16.86898700
vt -0.00000000 16.86898700
vt -0.53691600 16.86898700
vt -1.07383200 16.86898700
vt 1.07383200 17.73406300
vt 0.53691600 17.73406300
vt -0.00000000 17.73406300
vt -0.53691600 17.73406300
vt -1.07383200 17.73406300
vt 1.07383200 18.59913900
vt 0.53691600 18.59913900
vt -0.00000000 18.59913900
vt -0.53691600 18.59913900
vt -1.07383200 18.59913900
vt 1.07383200 19.46421500
vt 0.53691600 19.46421500
vt -0.00000000 19.46421500
vt -0.53691600 19.46421500
vt -1.07383200 19.46421500
vt 1.07383200 20.32929200
vt 0.53691600 20.32929200
vt -0.00000000 20.32929200
vt -0.53691600 20.32929200
vt -1.07383200 20.32929200
vt 1.07383200 21.19436800
vt 0.53691600 21.19436800
vt -0.00000000 21.19436800
vt -0.53691600 21.19436800
vt -1.07383200 21.19436800
vt 1.07383200 22.05944400
vt 0.53691600 22.05944400
vt -0.00000000 22.05944400
vt -0.53691600 22.05944400
vt -1.07383200 22.05944400
vt 1.07383200 22.92452000
vt 0.53691600 22.92452000
vt -0.00000000 22.92452000
vt -0.53691600 22.92452000
vt -1.07383200 22.92452000
vt 1.07383200 23.78959700
vt 0.53691600 23.78959700
vt -0.00000000 23.78959700
vt -0.53691600 23.78959700
vt -1.07383200 23.78959700
vt 1.07383200 24.65467300
vt 0.53691600 24.65467300
vt -0.00000000 24.65467300
vt -0.53691600 24.65467300
vt -1.07383200 24.65467300
vt 1.07383200 25.51974900
vt 0.53691600 25.51974900
vt -0.00000000 25.51974900
vt -0.53691600 25.51974900
vt -1.07383200 25.51974900
vt 1.07383200 26.38482500
vt 0.53691600 26.38482500
vt -0.00000000 26.38482500
vt -0.53691600 26.38482500
vt -1.07383200 26.38482500
vt 1.07383200 27.24990100
vt 0.53691600 27.24990100
vt -0.00000000 27.24990100
vt -0.53691600 27.24990100
vt -1.07383200 27.24990100
vt 1.07383200 28.11497800
vt 0.53691600 28.11497800
vt -0.00000000 28.11497800
vt -0.53691600 28.11497800
vt -1.07383200 28.11497800
vt 1.07383200 28.98005400
vt 0.53691600 28.98005400
vt -0.00000000 28.98005400
vt -0.53691600 28.98005400
vt -1.07383200 28.98005400
f 4/4/4 21/21/21 2/2/2
f 2/2/2 21/21/21 17/17/17
f 2/2/2 17/17/17 19/19/19
f 4/4/4 7/7/7 21/21/21
f 21/21/21 7/7/7 22/22/22
f 21/21/21 22/22/22 15/15/15
f 15/15/15 22/22/22 11/11/11
f 11/11/11 22/22/22 10/10/10
f 10/10/10 22/22/22 7/7/7
f 15/15/15 17/17/17 21/21/21
f 12/12/12 9/9/9 30/30/30
f 30/30/30 9/9/9 24/24/24
f 30/30/30 24/24/24 27/27/27
f 35/35/35 45/45/45 32/32/32
f 32/32/32 45/45/45 40/40/40
f 32/32/32 40/40/40 43/43/43
f 35/35/35 37/37/37 45/45/45
f 45/45/45 37/37/37 46/46/46
f 45/45/45 46/46/46 39/39/39
f 39/39/39 46/46/46 25/25/25
f 25/25/25 46/46/46 28/28/28
f 28/28/28 46/46/46 37/37/37
f 39/39/39 40/40/40 45/45/45
f 33/33/33 42/42/42 60/60/60
f 60/60/60 42/42/42 47/47/47
f 60/60/60 47/47/47 50/50/50
f 53/53/53 54/54/54 50/50/50
f 50/50/50 54/54/54 57/57/57
f 50/50/50 57/57/57 60/60/60
f 64/64/64 171/171/171 61/61/61
f 63/63/63 172/172/172 174/174/174
f 63/63/63 174/174/174 166/166/166
f 166/166/166 174/174/174 176/176/176
f 166/166/166 176/176/176 179/179/179
f 67/67/67 513/513/513 64/64/64
f 64/64/64 513/513/513 515/515/515
f 64/64/64 515/515/515 518/518/518
f 68/68/68 508/508/508 67/67/67
f 67/67/67 508/508/508 511/511/511
f 67/67/67 511/511/511 513/513/513
f 508/508/508 68/68/68 505/505/505
f 505/505/505 68/68/68 71/71/71
f 505/505/505 71/71/71 503/503/503
f 503/503/503 71/71/71 72/72/72
f 503/503/503 72/72/72 500/500/500
f 500/500/500 72/72/72 499/499/499
f 499/499/499 72/72/72 497/497/497
f 497/497/497 72/72/72 491/491/491
f 497/497/497 491/491/491 493/493/493
f 72/72/72 75/75/75 491/491/491
f 491/491/491 75/75/75 488/488/488
f 488/488/488 75/75/75 485/485/485
f 485/485/485 75/75/75 484/484/484
f 484/484/484 75/75/75 76/76/76
f 484/484/484 76/76/76 481/481/481
f 481/481/481 76/76/76 480/480/480
f 480/480/480 76/76/76 78/78/78
f 480/480/480 78/78/78 471/471/471
f 471/471/471 78/78/78 469/469/469
f 469/469/469 78/78/78 467/467/467
f 467/467/467 78/78/78 464/464/464
f 464/464/464 78/78/78 461/461/461
f 461/461/461 78/78/78 81/81/81
f 461/461/461 81/81/81 460/460/460
f 460/460/460 81/81/81 82/82/82
f 460/460/460 82/82/82 458/458/458
f 458/458/458 82/82/82 85/85/85
f 458/458/458 85/85/85 454/454/454
f 454/454/454 85/85/85 86/86/86
f 454/454/454 86/86/86 453/453/453
f 453/453/453 86/86/86 451/451/451
f 451/451/451 86/86/86 447/447/447
f 447/447/447 86/86/86 446/446/446
f 446/446/446 86/86/86 442/442/442
f 442/442/442 86/86/86 441/441/441
f 441/441/441 86/86/86 437/437/437
f 437/437/437 86/86/86 89/89/89
f 437/437/437 89/89/89 435/435/435
f 435/435/435 89/89/89 433/433/433
f 433/433/433 89/89/89 91/91/91
f 433/433/433 91/91/91 432/432/432
f 432/432/432 91/91/91 424/424/424
f 432/432/432 424/424/424 428/428/428
f 428/428/428 424/424/424 426/426/426
f 93/93/93 419/419/419 91/91/91
f 91/91/91 419/419/419 420/420/420
f 91/91/91 420/420/420 424/424/424
f 94/94/94 414/414/414 93/93/93
f 93/93/93 414/414/414 416/416/416
f 93/93/93 416/416/416 419/419/419
f 414/414/414 94/94/94 412/412/412
f 412/412/412 94/94/94 97/97/97
f 412/412/412 97/97/97 409/409/409
f 409/409/409 97/97/97 99/99/99
f 409/409/409 99/99/99 408/408/408
f 408/408/408 99/99/99 405/405/405
f 405/405/405 99/99/99 403/403/403
f 403/403/403 99/99/99 400/400/400
f 400/400/400 99/99/99 101/101/101
f 400/400/400 101/101/101 395/395/395
f 395/395/395 101/101/101 393/393/393
f 393/393/393 101/101/101 389/389/389
f 389/389/389 101/101/101 387/387/387
f 387/387/387 101/101/101 103/103/103
f 387/387/387 103/103/103 386/386/386
f 386/386/386 103/103/103 105/105/105
f 386/386/386 105/105/105 382/382/382
f 382/382/382 105/105/105 381/381/381
f 381/381/381 105/105/105 379/379/379
f 379/379/379 105/105/105 377/377/377
f 377/377/377 105/105/105 373/373/373
f 373/373/373 105/105/105 370/370/370
f 370/370/370 105/105/105 368/368/368
f 368/368/368 105/105/105 107/107/107
f 368/368/368 107/107/107 367/367/367
f 367/367/367 107/107/107 363/363/363
f 363/363/363 107/107/107 109/109/109
f 363/363/363 109/109/109 361/361/361
f 361/361/361 109/109/109 111/111/111
f 361/361/361 111/111/111 358/358/358
f 358/358/358 111/111/111 113/113/113
f 358/358/358 113/113/113 356/356/356
f 356/356/356 113/113/113 354/354/354
f 354/354/354 113/113/113 353/353/353
f 353/353/353 113/113/113 348/348/348
f 348/348/348 113/113/113 342/342/342
f 348/348/348 342/342/342 345/345/345
f 113/113/113 115/115/115 342/342/342
f 342/342/342 115/115/115 340/340/340
f 340/340/340 115/115/115 337/337/337
f 337/337/337 115/115/115 117/117/117
f 337/337/337 117/117/117 335/335/335
f 335/335/335 117/117/117 327/327/327
f 335/335/335 327/327/327 332/332/332
f 332/332/332 327/327/327 331/331/331
f 327/327/327 117/117/117 324/324/324
f 324/324/324 117/117/117 118/118/118
f 324/324/324 118/118/118 322/322/322
f 322/322/322 118/118/118 320/320/320
f 320/320/320 118/118/118 319/319/319
f 319/319/319 118/118/118 121/121/121
f 319/319/319 121/121/121 315/315/315
f 315/315/315 121/121/121 123/123/123
f 315/315/315 123/123/123 314/314/314
f 314/314/314 123/123/123 125/125/125
f 314/314/314 125/125/125 1/1/1
f 1/1/1 125/125/125 5/5/5
f 5/5/5 125/125/125 126/126/126
f 5/5/5 126/126/126 6/6/6
f 6/6/6 126/126/126 8/8/8
f 8/8/8 126/126/126 23/23/23
f 23/23/23 126/126/126 38/38/38
f 38/38/38 126/126/126 41/41/41
f 41/41/41 126/126/126 44/44/44
f 44/44/44 126/126/126 48/48/48
f 48/48/48 126/126/126 128/128/128
f 48/48/48 128/128/128 49/49/49
f 49/49/49 128/128/128 130/130/130
f 49/49/49 130/130/130 52/52/52
f 52/52/52 130/130/130 311/311/311
f 311/311/311 130/130/130 308/308/308
f 311/311/311 308/308/308 310/310/310
f 132/132/132 301/301/301 130/130/130
f 130/130/130 301/301/301 305/305/305
f 130/130/130 305/305/305 308/308/308
f 135/135/135 295/295/295 132/132/132
f 132/132/132 295/295/295 298/298/298
f 132/132/132 298/298/298 300/300/300
f 295/295/295 135/135/135 293/293/293
f 293/293/293 135/135/135 136/136/136
f 293/293/293 136/136/136 289/289/289
f 289/289/289 136/136/136 138/138/138
f 289/289/289 138/138/138 287/287/287
f 287/287/287 138/138/138 285/285/285
f 285/285/285 138/138/138 283/283/283
f 283/283/283 138/138/138 280/280/280
f 280/280/280 138/138/138 141/141/141
f 280/280/280 141/141/141 272/272/272
f 272/272/272 141/141/141 270/270/270
f 270/270/270 141/141/141 143/143/143
f 270/270/270 143/143/143 268/268/268
f 268/268/268 143/143/143 267/267/267
f 267/267/267 143/143/143 145/145/145
f 267/267/267 145/145/145 263/263/263
f 263/263/263 145/145/145 262/262/262
f 262/262/262 145/145/145 259/259/259
f 259/259/259 145/145/145 257/257/257
f 257/257/257 145/145/145 254/254/254
f 254/254/254 145/145/145 252/252/252
f 252/252/252 145/145/145 250/250/250
f 250/250/250 145/145/145 147/147/147
f 250/250/250 147/147/147 246/246/246
f 246/246/246 147/147/147 148/148/148
f 246/246/246 148/148/148 244/244/244
f 244/244/244 148/148/148 150/150/150
f 244/244/244 150/150/150 241/241/241
f 241/241/241 150/150/150 153/153/153
f 241/241/241 153/153/153 240/240/240
f 240/240/240 153/153/153 237/237/237
f 237/237/237 153/153/153 236/236/236
f 236/236/236 153/153/153 231/231/231
f 231/231/231 153/153/153 225/225/225
f 231/231/231 225/225/225 228/228/228
f 153/153/153 155/155/155 225/225/225
f 225/225/225 155/155/155 223/223/223
f 223/223/223 155/155/155 220/220/220
f 220/220/220 155/155/155 157/157/157
f 220/220/220 157/157/157 218/218/218
f 218/218/218 157/157/157 210/210/210
f 218/218/218 210/210/210 216/216/216
f 216/216/216 210/210/210 214/214/214
f 210/210/210 157/157/157 208/208/208
f 208/208/208 157/157/157 159/159/159
f 208/208/208 159/159/159 206/206/206
f 206/206/206 159/159/159 204/204/204
f 204/204/204 159/159/159 201/201/201
f 201/201/201 159/159/159 161/161/161
f 201/201/201 161/161/161 199/199/199
f 199/199/199 161/161/161 163/163/163
f 199/199/199 163/163/163 197/197/197
f 197/197/197 163/163/163 165/165/165
f 197/197/197 165/165/165 194/194/194
f 194/194/194 165/165/165 192/192/192
f 192/192/192 165/165/165 189/189/189
f 189/189/189 165/165/165 186/186/186
f 186/186/186 165/165/165 166/166/166
f 186/186/186 166/166/166 183/183/183
f 183/183/183 166/166/166 179/179/179
f 183/183/183 179/179/179 182/182/182
f 525/525/525 169/169/169 64/64/64
f 64/64/64 169/169/169 171/171/171
f 228/228/228 229/229/229 231/231/231
f 272/272/272 276/276/276 280/280/280
f 280/280/280 276/276/276 278/278/278
f 300/300/300 301/301/301 132/132/132
f 345/345/345 347/347/347 348/348/348
f 395/395/395 397/397/397 400/400/400
f 474/474/474 477/477/477 471/471/471
f 471/471/471 477/477/477 480/480/480
f 518/518/518 519/519/519 64/64/64
f 64/64/64 519/519/519 525/525/525
f 519/519/519 523/523/523 525/525/525
f 312/312/312 533/533/533 51/51/51
f 51/51/51 533/533/533 531/531/531
f 51/51/51 531/531/531 55/55/55
f 312/312/312 309/309/309 533/533/533
f 533/533/533 309/309/309 534/534/534
f 533/533/533 534/534/534 530/530/530
f 530/530/530 534/534/534 526/526/526
f 526/526/526 534/534/534 306/306/306
f 306/306/306 534/534/534 309/309/309
f 530/530/530 531/531/531 533/533/533
f 538/538/538 647/647/647 535/535/535
f 536/536/536 646/646/646 648/648/648
f 536/536/536 648/648/648 641/641/641
f 641/641/641 648/648/648 650/650/650
f 641/641/641 650/650/650 653/653/653
f 540/540/540 1008/1008/1008 538/538/538
f 538/538/538 1008/1008/1008 1010/1010/1010
f 538/538/538 1010/1010/1010 1013/1013/1013
f 543/543/543 1002/1002/1002 540/540/540
f 540/540/540 1002/1002/1002 1005/1005/1005
f 540/540/540 1005/1005/1005 1008/1008/1008
f 1002/1002/1002 543/543/543 1001/1001/1001
f 1001/1001/1001 543/543/543 545/545/545
f 1001/1001/1001 545/545/545 999/999/999
f 999/999/999 545/545/545 546/546/546
f 999/999/999 546/546/546 995/995/995
f 995/995/995 546/546/546 994/994/994
f 994/994/994 546/546/546 992/992/992
f 992/992/992 546/546/546 989/989/989
f 989/989/989 546/546/546 983/983/983
f 989/989/989 983/983/983 985/985/985
f 546/546/546 549/549/549 983/983/983
f 983/983/983 549/549/549 982/982/982
f 982/982/982 549/549/549 978/978/978
f 978/978/978 549/549/549 976/976/976
f 976/976/976 549/549/549 551/551/551
f 976/976/976 551/551/551 974/974/974
f 974/974/974 551/551/551 973/973/973
f 973/973/973 551/551/551 963/963/963
f 973/973/973 963/963/963 969/969/969
f 969/969/969 963/963/963 966/966/966
f 969/969/969 966/966/966 968/968/968
f 551/551/551 553/553/553 963/963/963
f 963/963/963 553/553/553 961/961/961
f 961/961/961 553/553/553 958/958/958
f 958/958/958 553/553/553 955/955/955
f 955/955/955 553/553/553 952/952/952
f 952/952/952 553/553/553 555/555/555
f 952/952/952 555/555/555 951/951/951
f 951/951/951 555/555/555 557/557/557
f 951/951/951 557/557/557 949/949/949
f 949/949/949 557/557/557 559/559/559
f 949/949/949 559/559/559 945/945/945
f 945/945/945 559/559/559 561/561/561
f 945/945/945 561/561/561 944/944/944
f 944/944/944 561/561/561 941/941/941
f 941/941/941 561/561/561 938/938/938
f 938/938/938 561/561/561 936/936/936
f 936/936/936 561/561/561 934/934/934
f 934/934/934 561/561/561 931/931/931
f 931/931/931 561/561/561 930/930/930
f 930/930/930 561/561/561 926/926/926
f 926/926/926 561/561/561 562/562/562
f 926/926/926 562/562/562 925/925/925
f 925/925/925 562/562/562 922/922/922
f 922/922/922 562/562/562 565/565/565
f 922/922/922 565/565/565 921/921/921
f 921/921/921 565/565/565 918/918/918
f 918/918/918 565/565/565 910/910/910
f 918/918/918 910/910/910 912/912/912
f 567/567/567 905/905/905 565/565/565
f 565/565/565 905/905/905 908/908/908
f 565/565/565 908/908/908 910/910/910
f 569/569/569 900/900/900 567/567/567
f 567/567/567 900/900/900 904/904/904
f 567/567/567 904/904/904 905/905/905
f 900/900/900 569/569/569 898/898/898
f 898/898/898 569/569/569 571/571/571
f 898/898/898 571/571/571 896/896/896
f 896/896/896 571/571/571 572/572/572
f 896/896/896 572/572/572 895/895/895
f 895/895/895 572/572/572 891/891/891
f 891/891/891 572/572/572 890/890/890
f 890/890/890 572/572/572 888/888/888
f 888/888/888 572/572/572 575/575/575
f 888/888/888 575/575/575 529/529/529
f 529/529/529 575/575/575 532/532/532
f 532/532/532 575/575/575 56/56/56
f 56/56/56 575/575/575 58/58/58
f 58/58/58 575/575/575 577/577/577
f 58/58/58 577/577/577 59/59/59
f 59/59/59 577/577/577 578/578/578
f 59/59/59 578/578/578 31/31/31
f 31/31/31 578/578/578 34/34/34
f 34/34/34 578/578/578 36/36/36
f 36/36/36 578/578/578 26/26/26
f 26/26/26 578/578/578 29/29/29
f 29/29/29 578/578/578 13/13/13
f 13/13/13 578/578/578 14/14/14
f 14/14/14 578/578/578 16/16/16
f 16/16/16 578/578/578 580/580/580
f 16/16/16 580/580/580 20/20/20
f 20/20/20 580/580/580 882/882/882
f 882/882/882 580/580/580 583/583/583
f 882/882/882 583/583/583 880/880/880
f 880/880/880 583/583/583 585/585/585
f 880/880/880 585/585/585 877/877/877
f 877/877/877 585/585/585 586/586/586
f 877/877/877 586/586/586 875/875/875
f 875/875/875 586/586/586 874/874/874
f 874/874/874 586/586/586 871/871/871
f 871/871/871 586/586/586 869/869/869
f 869/869/869 586/586/586 865/865/865
f 865/865/865 586/586/586 860/860/860
f 865/865/865 860/860/860 861/861/861
f 586/586/586 589/589/589 860/860/860
f 860/860/860 589/589/589 857/857/857
f 857/857/857 589/589/589 855/855/855
f 855/855/855 589/589/589 590/590/590
f 855/855/855 590/590/590 851/851/851
f 851/851/851 590/590/590 842/842/842
f 851/851/851 842/842/842 849/849/849
f 849/849/849 842/842/842 846/846/846
f 849/849/849 846/846/846 848/848/848
f 842/842/842 590/590/590 840/840/840
f 840/840/840 590/590/590 593/593/593
f 840/840/840 593/593/593 837/837/837
f 837/837/837 593/593/593 836/836/836
f 836/836/836 593/593/593 834/834/834
f 834/834/834 593/593/593 595/595/595
f 834/834/834 595/595/595 830/830/830
f 830/830/830 595/595/595 597/597/597
f 830/830/830 597/597/597 828/828/828
f 828/828/828 597/597/597 598/598/598
f 828/828/828 598/598/598 826/826/826
f 826/826/826 598/598/598 823/823/823
f 823/823/823 598/598/598 600/600/600
f 823/823/823 600/600/600 821/821/821
f 821/821/821 600/600/600 818/818/818
f 818/818/818 600/600/600 813/813/813
f 818/818/818 813/813/813 816/816/816
f 602/602/602 805/805/805 600/600/600
f 600/600/600 805/805/805 807/807/807
f 600/600/600 807/807/807 809/809/809
f 805/805/805 602/602/602 802/802/802
f 802/802/802 602/602/602 605/605/605
f 802/802/802 605/605/605 799/799/799
f 799/799/799 605/605/605 797/797/797
f 797/797/797 605/605/605 790/790/790
f 797/797/797 790/790/790 793/793/793
f 606/606/606 786/786/786 605/605/605
f 605/605/605 786/786/786 787/787/787
f 605/605/605 787/787/787 790/790/790
f 609/609/609 778/778/778 606/606/606
f 606/606/606 778/778/778 780/780/780
f 606/606/606 780/780/780 783/783/783
f 778/778/778 609/609/609 777/777/777
f 777/777/777 609/609/609 610/610/610
f 777/777/777 610/610/610 775/775/775
f 775/775/775 610/610/610 612/612/612
f 775/775/775 612/612/612 771/771/771
f 771/771/771 612/612/612 770/770/770
f 770/770/770 612/612/612 768/768/768
f 768/768/768 612/612/612 764/764/764
f 764/764/764 612/612/612 763/763/763
f 763/763/763 612/612/612 615/615/615
f 763/763/763 615/615/615 754/754/754
f 754/754/754 615/615/615 752/752/752
f 752/752/752 615/615/615 616/616/616
f 752/752/752 616/616/616 751/751/751
f 751/751/751 616/616/616 749/749/749
f 749/749/749 616/616/616 619/619/619
f 749/749/749 619/619/619 746/746/746
f 746/746/746 619/619/619 744/744/744
f 744/744/744 619/619/619 742/742/742
f 742/742/742 619/619/619 738/738/738
f 738/738/738 619/619/619 735/735/735
f 735/735/735 619/619/619 734/734/734
f 734/734/734 619/619/619 731/731/731
f 731/731/731 619/619/619 729/729/729
f 729/729/729 619/619/619 620/620/620
f 729/729/729 620/620/620 727/727/727
f 727/727/727 620/620/620 622/622/622
f 727/727/727 622/622/622 724/724/724
f 724/724/724 622/622/622 624/624/624
f 724/724/724 624/624/624 723/723/723
f 723/723/723 624/624/624 627/627/627
f 723/723/723 627/627/627 719/719/719
f 719/719/719 627/627/627 718/718/718
f 718/718/718 627/627/627 716/716/716
f 716/716/716 627/627/627 713/713/713
f 713/713/713 627/627/627 711/711/711
f 711/711/711 627/627/627 703/703/703
f 711/711/711 703/703/703 706/706/706
f 627/627/627 628/628/628 703/703/703
f 703/703/703 628/628/628 700/700/700
f 700/700/700 628/628/628 699/699/699
f 699/699/699 628/628/628 630/630/630
f 699/699/699 630/630/630 696/696/696
f 696/696/696 630/630/630 686/686/686
f 696/696/696 686/686/686 694/694/694
f 694/694/694 686/686/686 688/688/688
f 694/694/694 688/688/688 692/692/692
f 686/686/686 630/630/630 683/683/683
f 683/683/683 630/630/630 632/632/632
f 683/683/683 632/632/632 682/682/682
f 682/682/682 632/632/632 680/680/680
f 680/680/680 632/632/632 676/676/676
f 676/676/676 632/632/632 634/634/634
f 676/676/676 634/634/634 674/674/674
f 674/674/674 634/634/634 637/637/637
f 674/674/674 637/637/637 672/672/672
f 672/672/672 637/637/637 638/638/638
f 672/672/672 638/638/638 671/671/671
f 671/671/671 638/638/638 667/667/667
f 667/667/667 638/638/638 666/666/666
f 666/666/666 638/638/638 664/664/664
f 664/664/664 638/638/638 641/641/641
f 664/664/664 641/641/641 658/658/658
f 658/658/658 641/641/641 653/653/653
f 658/658/658 653/653/653 655/655/655
f 1022/1022/1022 643/643/643 538/538/538
f 538/538/538 643/643/643 647/647/647
f 658/658/658 660/660/660 664/664/664
f 706/706/706 708/708/708 711/711/711
f 754/754/754 757/757/757 763/763/763
f 763/763/763 757/757/757 760/760/760
f 783/783/783 786/786/786 606/606/606
f 793/793/793 795/795/795 797/797/797
f 809/809/809 811/811/811 600/600/600
f 600/600/600 811/811/811 813/813/813
f 861/861/861 864/864/864 865/865/865
f 527/527/527 884/884/884 529/529/529
f 529/529/529 884/884/884 888/888/888
f 912/912/912 915/915/915 918/918/918
f 1013/1013/1013 1015/1015/1015 538/538/538
f 538/538/538 1015/1015/1015 1019/1019/1019
f 538/538/538 1019/1019/1019 1022/1022/1022
f 1015/1015/1015 1016/1016/1016 1019/1019/1019
f 528/528/528 307/307/307 885/885/885
f 885/885/885 307/307/307 304/304/304
f 885/885/885 304/304/304 887/887/887
f 892/892/892 1023/1023/1023 893/893/893
f 893/893/893 1023/1023/1023 299/299/299
f 893/893/893 299/299/299 296/296/296
f 892/892/892 889/889/889 1023/1023/1023
f 1023/1023/1023 889/889/889 1024/1024/1024
f 1023/1023/1023 1024/1024/1024 302/302/302
f 302/302/302 1024/1024/1024 303/303/303
f 303/303/303 1024/1024/1024 886/886/886
f 886/886/886 1024/1024/1024 889/889/889
f 302/302/302 299/299/299 1023/1023/1023
f 288/288/288 1025/1025/1025 291/291/291
f 291/291/291 1025/1025/1025 903/903/903
f 291/291/291 903/903/903 901/901/901
f 288/288/288 286/286/286 1025/1025/1025
f 1025/1025/1025 286/286/286 1026/1026/1026
f 1025/1025/1025 1026/1026/1026 906/906/906
f 906/906/906 1026/1026/1026 909/909/909
f 909/909/909 1026/1026/1026 284/284/284
f 284/284/284 1026/1026/1026 286/286/286
f 906/906/906 903/903/903 1025/1025/1025
f 907/907/907 282/282/282 911/911/911
f 911/911/911 282/282/282 281/281/281
f 911/911/911 281/281/281 914/914/914
f 917/917/917 1027/1027/1027 920/920/920
f 920/920/920 1027/1027/1027 275/275/275
f 920/920/920 275/275/275 274/274/274
f 917/917/917 916/916/916 1027/1027/1027
f 1027/1027/1027 916/916/916 1028/1028/1028
f 1027/1027/1027 1028/1028/1028 277/277/277
f 277/277/277 1028/1028/1028 279/279/279
f 279/279/279 1028/1028/1028 913/913/913
f 913/913/913 1028/1028/1028 916/916/916
f 277/277/277 275/275/275 1027/1027/1027
f 919/919/919 273/273/273 923/923/923
f 923/923/923 273/273/273 271/271/271
f 923/923/923 271/271/271 269/269/269
f 265/265/265 928/928/928 269/269/269
f 269/269/269 928/928/928 924/924/924
f 269/269/269 924/924/924 923/923/923
f 264/264/264 1029/1029/1029 266/266/266
f 266/266/266 1029/1029/1029 929/929/929
f 266/266/266 929/929/929 927/927/927
f 264/264/264 261/261/261 1029/1029/1029
f 1029/1029/1029 261/261/261 1030/1030/1030
f 1029/1029/1029 1030/1030/1030 932/932/932
f 932/932/932 1030/1030/1030 935/935/935
f 935/935/935 1030/1030/1030 258/258/258
f 258/258/258 1030/1030/1030 261/261/261
f 932/932/932 929/929/929 1029/1029/1029
f 933/933/933 260/260/260 937/937/937
f 937/937/937 260/260/260 255/255/255
f 937/937/937 255/255/255 940/940/940
f 943/943/943 1031/1031/1031 946/946/946
f 946/946/946 1031/1031/1031 251/251/251
f 946/946/946 251/251/251 248/248/248
f 943/943/943 942/942/942 1031/1031/1031
f 1031/1031/1031 942/942/942 1032/1032/1032
f 1031/1031/1031 1032/1032/1032 253/253/253
f 253/253/253 1032/1032/1032 256/256/256
f 256/256/256 1032/1032/1032 939/939/939
f 939/939/939 1032/1032/1032 942/942/942
f 253/253/253 251/251/251 1031/1031/1031
f 239/239/239 1033/1033/1033 242/242/242
f 242/242/242 1033/1033/1033 956/956/956
f 242/242/242 956/956/956 953/953/953
f 239/239/239 238/238/238 1033/1033/1033
f 1033/1033/1033 238/238/238 1034/1034/1034
f 1033/1033/1033 1034/1034/1034 957/957/957
f 957/957/957 1034/1034/1034 960/960/960
f 960/960/960 1034/1034/1034 234/234/234
f 234/234/234 1034/1034/1034 238/238/238
f 957/957/957 956/956/956 1033/1033/1033
f 959/959/959 235/235/235 962/962/962
f 962/962/962 235/235/235 232/232/232
f 962/962/962 232/232/232 964/964/964
f 970/970/970 1035/1035/1035 972/972/972
f 972/972/972 1035/1035/1035 227/227/227
f 972/972/972 227/227/227 224/224/224
f 970/970/970 967/967/967 1035/1035/1035
f 1035/1035/1035 967/967/967 1036/1036/1036
f 1035/1035/1035 1036/1036/1036 230/230/230
f 230/230/230 1036/1036/1036 233/233/233
f 233/233/233 1036/1036/1036 965/965/965
f 965/965/965 1036/1036/1036 967/967/967
f 230/230/230 227/227/227 1035/1035/1035
f 971/971/971 226/226/226 975/975/975
f 975/975/975 226/226/226 222/222/222
f 975/975/975 222/222/222 221/221/221
f 219/219/219 979/979/979 221/221/221
f 221/221/221 979/979/979 977/977/977
f 221/221/221 977/977/977 975/975/975
f 215/215/215 1037/1037/1037 217/217/217
f 217/217/217 1037/1037/1037 981/981/981
f 217/217/217 981/981/981 980/980/980
f 215/215/215 213/213/213 1037/1037/1037
f 1037/1037/1037 213/213/213 1038/1038/1038
f 1037/1037/1037 1038/1038/1038 984/984/984
f 984/984/984 1038/1038/1038 986/986/986
f 986/986/986 1038/1038/1038 212/212/212
f 212/212/212 1038/1038/1038 213/213/213
f 984/984/984 981/981/981 1037/1037/1037
f 987/987/987 211/211/211 988/988/988
f 988/988/988 211/211/211 209/209/209
f 988/988/988 209/209/209 990/990/990
f 996/996/996 1039/1039/1039 998/998/998
f 998/998/998 1039/1039/1039 203/203/203
f 998/998/998 203/203/203 200/200/200
f 996/996/996 993/993/993 1039/1039/1039
f 1039/1039/1039 993/993/993 1040/1040/1040
f 1039/1039/1039 1040/1040/1040 205/205/205
f 205/205/205 1040/1040/1040 207/207/207
f 207/207/207 1040/1040/1040 991/991/991
f 991/991/991 1040/1040/1040 993/993/993
f 205/205/205 203/203/203 1039/1039/1039
f 191/191/191 1041/1041/1041 193/193/193
f 193/193/193 1041/1041/1041 1007/1007/1007
f 193/193/193 1007/1007/1007 1006/1006/1006
f 191/191/191 190/190/190 1041/1041/1041
f 1041/1041/1041 190/190/190 1042/1042/1042
f 1041/1041/1041 1042/1042/1042 1009/1009/1009
f 1009/1009/1009 1042/1042/1042 1012/1012/1012
f 1012/1012/1012 1042/1042/1042 188/188/188
f 188/188/188 1042/1042/1042 190/190/190
f 1009/1009/1009 1007/1007/1007 1041/1041/1041
f 1011/1011/1011 187/187/187 1014/1014/1014
f 1014/1014/1014 187/187/187 184/184/184
f 1014/1014/1014 184/184/184 1018/1018/1018
f 1021/1021/1021 1043/1043/1043 642/642/642
f 642/642/642 1043/1043/1043 180/180/180
f 642/642/642 180/180/180 178/178/178
f 1021/1021/1021 1020/1020/1020 1043/1043/1043
f 1043/1043/1043 1020/1020/1020 1044/1044/1044
f 1043/1043/1043 1044/1044/1044 181/181/181
f 181/181/181 1044/1044/1044 185/185/185
f 185/185/185 1044/1044/1044 1017/1017/1017
f 1017/1017/1017 1044/1044/1044 1020/1020/1020
f 181/181/181 180/180/180 1043/1043/1043
f 644/644/644 177/177/177 645/645/645
f 645/645/645 177/177/177 175/175/175
f 645/645/645 175/175/175 173/173/173
f 170/170/170 651/651/651 173/173/173
f 173/173/173 651/651/651 649/649/649
f 173/173/173 649/649/649 645/645/645
f 668/668/668 1045/1045/1045 670/670/670
f 670/670/670 1045/1045/1045 512/512/512
f 670/670/670 512/512/512 509/509/509
f 668/668/668 665/665/665 1045/1045/1045
f 1045/1045/1045 665/665/665 1046/1046/1046
f 1045/1045/1045 1046/1046/1046 514/514/514
f 514/514/514 1046/1046/1046 516/516/516
f 516/516/516 1046/1046/1046 663/663/663
f 663/663/663 1046/1046/1046 665/665/665
f 514/514/514 512/512/512 1045/1045/1045
f 662/662/662 661/661/661 517/517/517
f 517/517/517 661/661/661 521/521/521
f 521/521/521 661/661/661 657/657/657
f 524/524/524 1047/1047/1047 168/168/168
f 168/168/168 1047/1047/1047 654/654/654
f 168/168/168 654/654/654 652/652/652
f 524/524/524 522/522/522 1047/1047/1047
f 1047/1047/1047 522/522/522 1048/1048/1048
f 1047/1047/1047 1048/1048/1048 656/656/656
f 656/656/656 1048/1048/1048 659/659/659
f 659/659/659 1048/1048/1048 520/520/520
f 520/520/520 1048/1048/1048 522/522/522
f 656/656/656 654/654/654 1047/1047/1047
f 501/501/501 1049/1049/1049 502/502/502
f 502/502/502 1049/1049/1049 679/679/679
f 502/502/502 679/679/679 677/677/677
f 501/501/501 498/498/498 1049/1049/1049
f 1049/1049/1049 498/498/498 1050/1050/1050
f 1049/1049/1049 1050/1050/1050 681/681/681
f 681/681/681 1050/1050/1050 685/685/685
f 685/685/685 1050/1050/1050 496/496/496
f 496/496/496 1050/1050/1050 498/498/498
f 681/681/681 679/679/679 1049/1049/1049
f 684/684/684 495/495/495 687/687/687
f 687/687/687 495/495/495 492/492/492
f 687/687/687 492/492/492 690/690/690
f 693/693/693 1051/1051/1051 695/695/695
f 695/695/695 1051/1051/1051 489/489/489
f 695/695/695 489/489/489 486/486/486
f 693/693/693 691/691/691 1051/1051/1051
f 1051/1051/1051 691/691/691 1052/1052/1052
f 1051/1051/1051 1052/1052/1052 490/490/490
f 490/490/490 1052/1052/1052 494/494/494
f 494/494/494 1052/1052/1052 689/689/689
f 689/689/689 1052/1052/1052 691/691/691
f 490/490/490 489/489/489 1051/1051/1051
f 697/697/697 487/487/487 698/698/698
f 698/698/698 487/487/487 483/483/483
f 698/698/698 483/483/483 482/482/482
f 478/478/478 704/704/704 482/482/482
f 482/482/482 704/704/704 701/701/701
f 482/482/482 701/701/701 698/698/698
f 476/476/476 1053/1053/1053 479/479/479
f 479/479/479 1053/1053/1053 705/705/705
f 479/479/479 705/705/705 702/702/702
f 476/476/476 475/475/475 1053/1053/1053
f 1053/1053/1053 475/475/475 1054/1054/1054
f 1053/1053/1053 1054/1054/1054 707/707/707
f 707/707/707 1054/1054/1054 710/710/710
f 710/710/710 1054/1054/1054 473/473/473
f 473/473/473 1054/1054/1054 475/475/475
f 707/707/707 705/705/705 1053/1053/1053
f 709/709/709 472/472/472 712/712/712
f 712/712/712 472/472/472 470/470/470
f 712/712/712 470/470/470 714/714/714
f 720/720/720 1055/1055/1055 722/722/722
f 722/722/722 1055/1055/1055 465/465/465
f 722/722/722 465/465/465 463/463/463
f 720/720/720 717/717/717 1055/1055/1055
f 1055/1055/1055 717/717/717 1056/1056/1056
f 1055/1055/1055 1056/1056/1056 466/466/466
f 466/466/466 1056/1056/1056 468/468/468
f 468/468/468 1056/1056/1056 715/715/715
f 715/715/715 1056/1056/1056 717/717/717
f 466/466/466 465/465/465 1055/1055/1055
f 452/452/452 1057/1057/1057 455/455/455
f 455/455/455 1057/1057/1057 732/732/732
f 455/455/455 732/732/732 730/730/730
f 452/452/452 450/450/450 1057/1057/1057
f 1057/1057/1057 450/450/450 1058/1058/1058
f 1057/1057/1057 1058/1058/1058 733/733/733
f 733/733/733 1058/1058/1058 736/736/736
f 736/736/736 1058/1058/1058 449/449/449
f 449/449/449 1058/1058/1058 450/450/450
f 733/733/733 732/732/732 1057/1057/1057
f 737/737/737 448/448/448 739/739/739
f 739/739/739 448/448/448 445/445/445
f 739/739/739 445/445/445 740/740/740
f 745/745/745 1059/1059/1059 748/748/748
f 748/748/748 1059/1059/1059 440/440/440
f 748/748/748 440/440/440 438/438/438
f 745/745/745 743/743/743 1059/1059/1059
f 1059/1059/1059 743/743/743 1060/1060/1060
f 1059/1059/1059 1060/1060/1060 443/443/443
f 443/443/443 1060/1060/1060 444/444/444
f 444/444/444 1060/1060/1060 741/741/741
f 741/741/741 1060/1060/1060 743/743/743
f 443/443/443 440/440/440 1059/1059/1059
f 747/747/747 439/439/439 750/750/750
f 750/750/750 439/439/439 436/436/436
f 750/750/750 436/436/436 434/434/434
f 430/430/430 755/755/755 434/434/434
f 434/434/434 755/755/755 753/753/753
f 434/434/434 753/753/753 750/750/750
f 772/772/772 1061/1061/1061 773/773/773
f 773/773/773 1061/1061/1061 417/417/417
f 773/773/773 417/417/417 415/415/415
f 772/772/772 769/769/769 1061/1061/1061
f 1061/1061/1061 769/769/769 1062/1062/1062
f 1061/1061/1061 1062/1062/1062 418/418/418
f 418/418/418 1062/1062/1062 421/421/421
f 421/421/421 1062/1062/1062 767/767/767
f 767/767/767 1062/1062/1062 769/769/769
f 418/418/418 417/417/417 1061/1061/1061
f 766/766/766 765/765/765 422/422/422
f 422/422/422 765/765/765 423/423/423
f 423/423/423 765/765/765 762/762/762
f 429/429/429 1063/1063/1063 431/431/431
f 431/431/431 1063/1063/1063 758/758/758
f 431/431/431 758/758/758 756/756/756
f 429/429/429 427/427/427 1063/1063/1063
f 1063/1063/1063 427/427/427 1064/1064/1064
f 1063/1063/1063 1064/1064/1064 759/759/759
f 759/759/759 1064/1064/1064 761/761/761
f 761/761/761 1064/1064/1064 425/425/425
f 425/425/425 1064/1064/1064 427/427/427
f 759/759/759 758/758/758 1063/1063/1063
f 404/404/404 1065/1065/1065 407/407/407
f 407/407/407 1065/1065/1065 784/784/784
f 407/407/407 784/784/784 782/782/782
f 404/404/404 402/402/402 1065/1065/1065
f 1065/1065/1065 402/402/402 1066/1066/1066
f 1065/1065/1065 1066/1066/1066 785/785/785
f 785/785/785 1066/1066/1066 788/788/788
f 788/788/788 1066/1066/1066 399/399/399
f 399/399/399 1066/1066/1066 402/402/402
f 785/785/785 784/784/784 1065/1065/1065
f 789/789/789 401/401/401 791/791/791
f 791/791/791 401/401/401 396/396/396
f 791/791/791 396/396/396 792/792/792
f 798/798/798 1067/1067/1067 801/801/801
f 801/801/801 1067/1067/1067 392/392/392
f 801/801/801 392/392/392 391/391/391
f 798/798/798 796/796/796 1067/1067/1067
f 1067/1067/1067 796/796/796 1068/1068/1068
f 1067/1067/1067 1068/1068/1068 394/394/394
f 394/394/394 1068/1068/1068 398/398/398
f 398/398/398 1068/1068/1068 794/794/794
f 794/794/794 1068/1068/1068 796/796/796
f 394/394/394 392/392/392 1067/1067/1067
f 800/800/800 390/390/390 803/803/803
f 803/803/803 390/390/390 388/388/388
f 803/803/803 388/388/388 385/385/385
f 384/384/384 808/808/808 385/385/385
f 385/385/385 808/808/808 804/804/804
f 385/385/385 804/804/804 803/803/803
f 380/380/380 1069/1069/1069 383/383/383
f 383/383/383 1069/1069/1069 810/810/810
f 383/383/383 810/810/810 806/806/806
f 380/380/380 378/378/378 1069/1069/1069
f 1069/1069/1069 378/378/378 1070/1070/1070
f 1069/1069/1069 1070/1070/1070 812/812/812
f 812/812/812 1070/1070/1070 815/815/815
f 815/815/815 1070/1070/1070 376/376/376
f 376/376/376 1070/1070/1070 378/378/378
f 812/812/812 810/810/810 1069/1069/1069
f 814/814/814 375/375/375 817/817/817
f 817/817/817 375/375/375 374/374/374
f 817/817/817 374/374/374 820/820/820
f 824/824/824 1071/1071/1071 827/827/827
f 827/827/827 1071/1071/1071 369/369/369
f 827/827/827 369/369/369 366/366/366
f 824/824/824 822/822/822 1071/1071/1071
f 1071/1071/1071 822/822/822 1072/1072/1072
f 1071/1071/1071 1072/1072/1072 371/371/371
f 371/371/371 1072/1072/1072 372/372/372
f 372/372/372 1072/1072/1072 819/819/819
f 819/819/819 1072/1072/1072 822/822/822
f 371/371/371 369/369/369 1071/1071/1071
f 357/357/357 1073/1073/1073 360/360/360
f 360/360/360 1073/1073/1073 835/835/835
f 360/360/360 835/835/835 833/833/833
f 357/357/357 355/355/355 1073/1073/1073
f 1073/1073/1073 355/355/355 1074/1074/1074
f 1073/1073/1073 1074/1074/1074 838/838/838
f 838/838/838 1074/1074/1074 839/839/839
f 839/839/839 1074/1074/1074 351/351/351
f 351/351/351 1074/1074/1074 355/355/355
f 838/838/838 835/835/835 1073/1073/1073
f 841/841/841 352/352/352 843/843/843
f 843/843/843 352/352/352 349/349/349
f 843/843/843 349/349/349 844/844/844
f 850/850/850 1075/1075/1075 853/853/853
f 853/853/853 1075/1075/1075 344/344/344
f 853/853/853 344/344/344 341/341/341
f 850/850/850 847/847/847 1075/1075/1075
f 1075/1075/1075 847/847/847 1076/1076/1076
f 1075/1075/1075 1076/1076/1076 346/346/346
f 346/346/346 1076/1076/1076 350/350/350
f 350/350/350 1076/1076/1076 845/845/845
f 845/845/845 1076/1076/1076 847/847/847
f 346/346/346 344/344/344 1075/1075/1075
f 852/852/852 343/343/343 854/854/854
f 854/854/854 343/343/343 339/339/339
f 854/854/854 339/339/339 338/338/338
f 336/336/336 858/858/858 338/338/338
f 338/338/338 858/858/858 856/856/856
f 338/338/338 856/856/856 854/854/854
f 333/333/333 1077/1077/1077 334/334/334
f 334/334/334 1077/1077/1077 862/862/862
f 334/334/334 862/862/862 859/859/859
f 333/333/333 330/330/330 1077/1077/1077
f 1077/1077/1077 330/330/330 1078/1078/1078
f 1077/1077/1077 1078/1078/1078 863/863/863
f 863/863/863 1078/1078/1078 866/866/866
f 866/866/866 1078/1078/1078 329/329/329
f 329/329/329 1078/1078/1078 330/330/330
f 863/863/863 862/862/862 1077/1077/1077
f 867/867/867 328/328/328 868/868/868
f 868/868/868 328/328/328 325/325/325
f 868/868/868 325/325/325 872/872/872
f 876/876/876 1079/1079/1079 879/879/879
f 879/879/879 1079/1079/1079 321/321/321
f 879/879/879 321/321/321 317/317/317
f 876/876/876 873/873/873 1079/1079/1079
f 1079/1079/1079 873/873/873 1080/1080/1080
f 1079/1079/1079 1080/1080/1080 323/323/323
f 323/323/323 1080/1080/1080 326/326/326
f 326/326/326 1080/1080/1080 870/870/870
f 870/870/870 1080/1080/1080 873/873/873
f 323/323/323 321/321/321 1079/1079/1079
f 3/3/3 18/18/18 313/313/313
f 313/313/313 18/18/18 883/883/883
f 313/313/313 883/883/883 316/316/316
f 316/316/316 883/883/883 881/881/881
f 316/316/316 881/881/881 318/318/318
f 318/318/318 881/881/881 878/878/878
f 825/825/825 365/365/365 829/829/829
f 829/829/829 365/365/365 364/364/364
f 829/829/829 364/364/364 831/831/831
f 831/831/831 364/364/364 362/362/362
f 831/831/831 362/362/362 832/832/832
f 832/832/832 362/362/362 359/359/359
f 774/774/774 413/413/413 776/776/776
f 776/776/776 413/413/413 411/411/411
f 776/776/776 411/411/411 779/779/779
f 779/779/779 411/411/411 410/410/410
f 779/779/779 410/410/410 781/781/781
f 781/781/781 410/410/410 406/406/406
f 721/721/721 462/462/462 725/725/725
f 725/725/725 462/462/462 459/459/459
f 725/725/725 459/459/459 726/726/726
f 726/726/726 459/459/459 457/457/457
f 726/726/726 457/457/457 728/728/728
f 728/728/728 457/457/457 456/456/456
f 669/669/669 510/510/510 673/673/673
f 673/673/673 510/510/510 507/507/507
f 673/673/673 507/507/507 675/675/675
f 675/675/675 507/507/507 506/506/506
f 675/675/675 506/506/506 678/678/678
f 678/678/678 506/506/506 504/504/504
f 997/997/997 202/202/202 1000/1000/1000
f 1000/1000/1000 202/202/202 198/198/198
f 1000/1000/1000 198/198/198 1003/1003/1003
f 1003/1003/1003 198/198/198 196/196/196
f 1003/1003/1003 196/196/196 1004/1004/1004
f 1004/1004/1004 196/196/196 195/195/195
f 947/947/947 249/249/249 948/948/948
f 948/948/948 249/249/249 247/247/247
f 948/948/948 247/247/247 950/950/950
f 950/950/950 247/247/247 245/245/245
f 950/950/950 245/245/245 954/954/954
f 954/954/954 245/245/245 243/243/243
f 894/894/894 297/297/297 897/897/897
f 897/897/897 297/297/297 294/294/294
f 897/897/897 294/294/294 899/899/899
f 899/899/899 294/294/294 292/292/292
f 899/899/899 292/292/292 902/902/902
f 902/902/902 292/292/292 290/290/290
f 1084/1084/1084 1227/1227/1227 1083/1083/1083
f 1083/1083/1083 1227/1227/1227 1228/1228/1228
f 1083/1083/1083 1228/1228/1228 1230/1230/1230
f 1087/1087/1087 1219/1219/1219 1084/1084/1084
f 1084/1084/1084 1219/1219/1219 1221/1221/1221
f 1084/1084/1084 1221/1221/1221 1225/1225/1225
f 1089/1089/1089 1289/1289/1289 1087/1087/1087
f 1087/1087/1087 1289/1289/1289 1291/1291/1291
f 1087/1087/1087 1291/1291/1291 1280/1280/1280
f 1280/1280/1280 1291/1291/1291 1278/1278/1278
f 1278/1278/1278 1291/1291/1291 1293/1293/1293
f 1278/1278/1278 1293/1293/1293 1275/1275/1275
f 1275/1275/1275 1293/1293/1293 1296/1296/1296
f 1275/1275/1275 1296/1296/1296 1274/1274/1274
f 1274/1274/1274 1296/1296/1296 1271/1271/1271
f 1271/1271/1271 1296/1296/1296 1298/1298/1298
f 1271/1271/1271 1298/1298/1298 1269/1269/1269
f 1269/1269/1269 1298/1298/1298 1300/1300/1300
f 1269/1269/1269 1300/1300/1300 1267/1267/1267
f 1267/1267/1267 1300/1300/1300 1302/1302/1302
f 1267/1267/1267 1302/1302/1302 1265/1265/1265
f 1265/1265/1265 1302/1302/1302 1306/1306/1306
f 1265/1265/1265 1306/1306/1306 1263/1263/1263
f 1263/1263/1263 1306/1306/1306 1308/1308/1308
f 1263/1263/1263 1308/1308/1308 146/146/146
f 146/146/146 1308/1308/1308 1310/1310/1310
f 146/146/146 1310/1310/1310 1313/1313/1313
f 1090/1090/1090 1351/1351/1351 1089/1089/1089
f 1089/1089/1089 1351/1351/1351 1285/1285/1285
f 1089/1089/1089 1285/1285/1285 1287/1287/1287
f 1092/1092/1092 1343/1343/1343 1090/1090/1090
f 1090/1090/1090 1343/1343/1343 1347/1347/1347
f 1090/1090/1090 1347/1347/1347 1349/1349/1349
f 1094/1094/1094 1354/1354/1354 1092/1092/1092
f 1092/1092/1092 1354/1354/1354 1356/1356/1356
f 1092/1092/1092 1356/1356/1356 1357/1357/1357
f 1096/1096/1096 1415/1415/1415 1094/1094/1094
f 1094/1094/1094 1415/1415/1415 1417/1417/1417
f 1094/1094/1094 1417/1417/1417 1419/1419/1419
f 1098/1098/1098 1424/1424/1424 1096/1096/1096
f 1096/1096/1096 1424/1424/1424 1425/1425/1425
f 1096/1096/1096 1425/1425/1425 1428/1428/1428
f 1100/1100/1100 1485/1485/1485 1098/1098/1098
f 1098/1098/1098 1485/1485/1485 1486/1486/1486
f 1098/1098/1098 1486/1486/1486 1421/1421/1421
f 1102/1102/1102 1477/1477/1477 1100/1100/1100
f 1100/1100/1100 1477/1477/1477 1480/1480/1480
f 1100/1100/1100 1480/1480/1480 1481/1481/1481
f 1104/1104/1104 1490/1490/1490 1102/1102/1102
f 1102/1102/1102 1490/1490/1490 1491/1491/1491
f 1102/1102/1102 1491/1491/1491 1494/1494/1494
f 1106/1106/1106 1548/1548/1548 1104/1104/1104
f 1104/1104/1104 1548/1548/1548 1550/1550/1550
f 1104/1104/1104 1550/1550/1550 1552/1552/1552
f 1108/1108/1108 1560/1560/1560 1106/1106/1106
f 1106/1106/1106 1560/1560/1560 1562/1562/1562
f 1106/1106/1106 1562/1562/1562 1564/1564/1564
f 1110/1110/1110 1618/1618/1618 1108/1108/1108
f 1108/1108/1108 1618/1618/1618 1620/1620/1620
f 1108/1108/1108 1620/1620/1620 1623/1623/1623
f 1113/1113/1113 1630/1630/1630 1110/1110/1110
f 1110/1110/1110 1630/1630/1630 1631/1631/1631
f 1110/1110/1110 1631/1631/1631 1613/1613/1613
f 1613/1613/1613 1631/1631/1631 1612/1612/1612
f 1612/1612/1612 1631/1631/1631 1635/1635/1635
f 1612/1612/1612 1635/1635/1635 1610/1610/1610
f 1610/1610/1610 1635/1635/1635 1636/1636/1636
f 1610/1610/1610 1636/1636/1636 1607/1607/1607
f 1607/1607/1607 1636/1636/1636 1604/1604/1604
f 1604/1604/1604 1636/1636/1636 1639/1639/1639
f 1604/1604/1604 1639/1639/1639 1603/1603/1603
f 1603/1603/1603 1639/1639/1639 1641/1641/1641
f 1603/1603/1603 1641/1641/1641 1599/1599/1599
f 1599/1599/1599 1641/1641/1641 1642/1642/1642
f 1599/1599/1599 1642/1642/1642 1598/1598/1598
f 1598/1598/1598 1642/1642/1642 1646/1646/1646
f 1598/1598/1598 1646/1646/1646 1596/1596/1596
f 1596/1596/1596 1646/1646/1646 164/164/164
f 1596/1596/1596 164/164/164 1594/1594/1594
f 1594/1594/1594 164/164/164 1590/1590/1590
f 1590/1590/1590 164/164/164 162/162/162
f 1590/1590/1590 162/162/162 1589/1589/1589
f 1589/1589/1589 162/162/162 1586/1586/1586
f 1586/1586/1586 162/162/162 1583/1583/1583
f 1583/1583/1583 162/162/162 1581/1581/1581
f 1581/1581/1581 162/162/162 160/160/160
f 1581/1581/1581 160/160/160 1580/1580/1580
f 1580/1580/1580 160/160/160 1577/1577/1577
f 1577/1577/1577 160/160/160 1528/1528/1528
f 1577/1577/1577 1528/1528/1528 1530/1530/1530
f 1114/1114/1114 1691/1691/1691 1113/1113/1113
f 1113/1113/1113 1691/1691/1691 1626/1626/1626
f 1113/1113/1113 1626/1626/1626 1627/1627/1627
f 1116/1116/1116 1683/1683/1683 1114/1114/1114
f 1114/1114/1114 1683/1683/1683 1685/1685/1685
f 1114/1114/1114 1685/1685/1685 1689/1689/1689
f 1118/1118/1118 1694/1694/1694 1116/1116/1116
f 1116/1116/1116 1694/1694/1694 1695/1695/1695
f 1116/1116/1116 1695/1695/1695 1698/1698/1698
f 1120/1120/1120 1753/1753/1753 1118/1118/1118
f 1118/1118/1118 1753/1753/1753 1757/1757/1757
f 1118/1118/1118 1757/1757/1757 1759/1759/1759
f 1122/1122/1122 1763/1763/1763 1120/1120/1120
f 1120/1120/1120 1763/1763/1763 1766/1766/1766
f 1120/1120/1120 1766/1766/1766 1767/1767/1767
f 1124/1124/1124 1825/1825/1825 1122/1122/1122
f 1122/1122/1122 1825/1825/1825 1826/1826/1826
f 1122/1122/1122 1826/1826/1826 1762/1762/1762
f 1127/1127/1127 1817/1817/1817 1124/1124/1124
f 1124/1124/1124 1817/1817/1817 1819/1819/1819
f 1124/1124/1124 1819/1819/1819 1821/1821/1821
f 1129/1129/1129 1895/1895/1895 1127/1127/1127
f 1127/1127/1127 1895/1895/1895 1830/1830/1830
f 1127/1127/1127 1830/1830/1830 1832/1832/1832
f 1130/1130/1130 1888/1888/1888 1129/1129/1129
f 1129/1129/1129 1888/1888/1888 1891/1891/1891
f 1129/1129/1129 1891/1891/1891 1893/1893/1893
f 1132/1132/1132 1900/1900/1900 1130/1130/1130
f 1130/1130/1130 1900/1900/1900 1902/1902/1902
f 1130/1130/1130 1902/1902/1902 1903/1903/1903
f 1135/1135/1135 1957/1957/1957 1132/1132/1132
f 1132/1132/1132 1957/1957/1957 1960/1960/1960
f 1132/1132/1132 1960/1960/1960 1962/1962/1962
f 1137/1137/1137 1970/1970/1970 1135/1135/1135
f 1135/1135/1135 1970/1970/1970 1971/1971/1971
f 1135/1135/1135 1971/1971/1971 1954/1954/1954
f 1954/1954/1954 1971/1971/1971 1951/1951/1951
f 1951/1951/1951 1971/1971/1971 1975/1975/1975
f 1951/1951/1951 1975/1975/1975 1948/1948/1948
f 1948/1948/1948 1975/1975/1975 1976/1976/1976
f 1948/1948/1948 1976/1976/1976 1947/1947/1947
f 1947/1947/1947 1976/1976/1976 1944/1944/1944
f 1944/1944/1944 1976/1976/1976 1978/1978/1978
f 1944/1944/1944 1978/1978/1978 1942/1942/1942
f 1942/1942/1942 1978/1978/1978 1981/1981/1981
f 1942/1942/1942 1981/1981/1981 1941/1941/1941
f 1941/1941/1941 1981/1981/1981 1984/1984/1984
f 1941/1941/1941 1984/1984/1984 1937/1937/1937
f 1937/1937/1937 1984/1984/1984 1985/1985/1985
f 1937/1937/1937 1985/1985/1985 1936/1936/1936
f 1936/1936/1936 1985/1985/1985 1987/1987/1987
f 1936/1936/1936 1987/1987/1987 79/79/79
f 79/79/79 1987/1987/1987 1990/1990/1990
f 79/79/79 1990/1990/1990 1991/1991/1991
f 1139/1139/1139 2030/2030/2030 1137/1137/1137
f 1137/1137/1137 2030/2030/2030 1966/1966/1966
f 1137/1137/1137 1966/1966/1966 1968/1968/1968
f 1141/1141/1141 2023/2023/2023 1139/1139/1139
f 1139/1139/1139 2023/2023/2023 2025/2025/2025
f 1139/1139/1139 2025/2025/2025 2028/2028/2028
f 1143/1143/1143 2032/2032/2032 1141/1141/1141
f 1141/1141/1141 2032/2032/2032 2035/2035/2035
f 1141/1141/1141 2035/2035/2035 2038/2038/2038
f 1144/1144/1144 2094/2094/2094 1143/1143/1143
f 1143/1143/1143 2094/2094/2094 2097/2097/2097
f 1143/1143/1143 2097/2097/2097 2099/2099/2099
f 1146/1146/1146 2103/2103/2103 1144/1144/1144
f 1144/1144/1144 2103/2103/2103 2105/2105/2105
f 1144/1144/1144 2105/2105/2105 2108/2108/2108
f 1149/1149/1149 2164/2164/2164 1146/1146/1146
f 1146/1146/1146 2164/2164/2164 2167/2167/2167
f 1146/1146/1146 2167/2167/2167 2102/2102/2102
f 1151/1151/1151 2174/2174/2174 1149/1149/1149
f 1149/1149/1149 2174/2174/2174 2157/2157/2157
f 1149/1149/1149 2157/2157/2157 2160/2160/2160
f 1153/1153/1153 2235/2235/2235 1151/1151/1151
f 1151/1151/1151 2235/2235/2235 2170/2170/2170
f 1151/1151/1151 2170/2170/2170 2172/2172/2172
f 1155/1155/1155 2227/2227/2227 1153/1153/1153
f 1153/1153/1153 2227/2227/2227 2231/2231/2231
f 1153/1153/1153 2231/2231/2231 2232/2232/2232
f 1156/1156/1156 2237/2237/2237 1155/1155/1155
f 1155/1155/1155 2237/2237/2237 2239/2239/2239
f 1155/1155/1155 2239/2239/2239 2241/2241/2241
f 1158/1158/1158 2297/2297/2297 1156/1156/1156
f 1156/1156/1156 2297/2297/2297 2301/2301/2301
f 1156/1156/1156 2301/2301/2301 2303/2303/2303
f 1160/1160/1160 2308/2308/2308 1158/1158/1158
f 1158/1158/1158 2308/2308/2308 2310/2310/2310
f 1158/1158/1158 2310/2310/2310 2311/2311/2311
f 1163/1163/1163 2371/2371/2371 1160/1160/1160
f 1160/1160/1160 2371/2371/2371 2304/2304/2304
f 1160/1160/1160 2304/2304/2304 2308/2308/2308
f 1164/1164/1164 2362/2362/2362 1163/1163/1163
f 1163/1163/1163 2362/2362/2362 2364/2364/2364
f 1163/1163/1163 2364/2364/2364 2367/2367/2367
f 1167/1167/1167 2372/2372/2372 1164/1164/1164
f 1164/1164/1164 2372/2372/2372 2376/2376/2376
f 1164/1164/1164 2376/2376/2376 2378/2378/2378
f 1169/1169/1169 2434/2434/2434 1167/1167/1167
f 1167/1167/1167 2434/2434/2434 2437/2437/2437
f 1167/1167/1167 2437/2437/2437 2439/2439/2439
f 1170/1170/1170 2443/2443/2443 1169/1169/1169
f 1169/1169/1169 2443/2443/2443 2446/2446/2446
f 1169/1169/1169 2446/2446/2446 2448/2448/2448
f 1173/1173/1173 2504/2504/2504 1170/1170/1170
f 1170/1170/1170 2504/2504/2504 2506/2506/2506
f 1170/1170/1170 2506/2506/2506 2440/2440/2440
f 1174/1174/1174 2514/2514/2514 1173/1173/1173
f 1173/1173/1173 2514/2514/2514 2498/2498/2498
f 1173/1173/1173 2498/2498/2498 2500/2500/2500
f 1176/1176/1176 2574/2574/2574 1174/1174/1174
f 1174/1174/1174 2574/2574/2574 2510/2510/2510
f 1174/1174/1174 2510/2510/2510 2512/2512/2512
f 1179/1179/1179 2568/2568/2568 1176/1176/1176
f 1176/1176/1176 2568/2568/2568 2569/2569/2569
f 1176/1176/1176 2569/2569/2569 2572/2572/2572
f 1181/1181/1181 2578/2578/2578 1179/1179/1179
f 1179/1179/1179 2578/2578/2578 2580/2580/2580
f 1179/1179/1179 2580/2580/2580 2582/2582/2582
f 1182/1182/1182 2637/2637/2637 1181/1181/1181
f 1181/1181/1181 2637/2637/2637 2640/2640/2640
f 1181/1181/1181 2640/2640/2640 2642/2642/2642
f 1185/1185/1185 2648/2648/2648 1182/1182/1182
f 1182/1182/1182 2648/2648/2648 2649/2649/2649
f 1182/1182/1182 2649/2649/2649 2651/2651/2651
f 1186/1186/1186 2708/2708/2708 1185/1185/1185
f 1185/1185/1185 2708/2708/2708 2711/2711/2711
f 1185/1185/1185 2711/2711/2711 2644/2644/2644
f 1188/1188/1188 2702/2702/2702 1186/1186/1186
f 1186/1186/1186 2702/2702/2702 2703/2703/2703
f 1186/1186/1186 2703/2703/2703 2707/2707/2707
f 1190/1190/1190 2712/2712/2712 1188/1188/1188
f 1188/1188/1188 2712/2712/2712 2716/2716/2716
f 1188/1188/1188 2716/2716/2716 2718/2718/2718
f 1193/1193/1193 2772/2772/2772 1190/1190/1190
f 1190/1190/1190 2772/2772/2772 2775/2775/2775
f 1190/1190/1190 2775/2775/2775 2777/2777/2777
f 1195/1195/1195 2783/2783/2783 1193/1193/1193
f 1193/1193/1193 2783/2783/2783 2785/2785/2785
f 1193/1193/1193 2785/2785/2785 2787/2787/2787
f 1196/1196/1196 2844/2844/2844 1195/1195/1195
f 1195/1195/1195 2844/2844/2844 2846/2846/2846
f 1195/1195/1195 2846/2846/2846 2780/2780/2780
f 1198/1198/1198 2854/2854/2854 1196/1196/1196
f 1196/1196/1196 2854/2854/2854 2837/2837/2837
f 1196/1196/1196 2837/2837/2837 2839/2839/2839
f 1200/1200/1200 2915/2915/2915 1198/1198/1198
f 1198/1198/1198 2915/2915/2915 2848/2848/2848
f 1198/1198/1198 2848/2848/2848 2852/2852/2852
f 1202/1202/1202 2907/2907/2907 1200/1200/1200
f 1200/1200/1200 2907/2907/2907 2909/2909/2909
f 1200/1200/1200 2909/2909/2909 2913/2913/2913
f 1204/1204/1204 2917/2917/2917 1202/1202/1202
f 1202/1202/1202 2917/2917/2917 2919/2919/2919
f 1202/1202/1202 2919/2919/2919 2921/2921/2921
f 1206/1206/1206 2978/2978/2978 1204/1204/1204
f 1204/1204/1204 2978/2978/2978 2981/2981/2981
f 1204/1204/1204 2981/2981/2981 2982/2982/2982
f 1208/1208/1208 2988/2988/2988 1206/1206/1206
f 1206/1206/1206 2988/2988/2988 2990/2990/2990
f 1206/1206/1206 2990/2990/2990 2991/2991/2991
f 1211/1211/1211 3049/3049/3049 1208/1208/1208
f 1208/1208/1208 3049/3049/3049 3051/3051/3051
f 1208/1208/1208 3051/3051/3051 2986/2986/2986
f 1213/1213/1213 3042/3042/3042 1211/1211/1211
f 1211/1211/1211 3042/3042/3042 3043/3043/3043
f 1211/1211/1211 3043/3043/3043 3045/3045/3045
f 1214/1214/1214 3052/3052/3052 1213/1213/1213
f 1213/1213/1213 3052/3052/3052 3056/3056/3056
f 1213/1213/1213 3056/3056/3056 3058/3058/3058
f 1083/1083/1083 3111/3111/3111 1214/1214/1214
f 1214/1214/1214 3111/3111/3111 3115/3115/3115
f 1214/1214/1214 3115/3115/3115 3117/3117/3117
f 1283/1283/1283 1216/1216/1216 1087/1087/1087
f 1087/1087/1087 1216/1216/1216 1219/1219/1219
f 1225/1225/1225 1227/1227/1227 1084/1084/1084
f 1083/1083/1083 1230/1230/1230 3108/3108/3108
f 3108/3108/3108 1230/1230/1230 1234/1234/1234
f 3108/3108/3108 1234/1234/1234 3104/3104/3104
f 3104/3104/3104 1234/1234/1234 1236/1236/1236
f 3104/3104/3104 1236/1236/1236 3103/3103/3103
f 3103/3103/3103 1236/1236/1236 3101/3101/3101
f 3101/3101/3101 1236/1236/1236 1237/1237/1237
f 3101/3101/3101 1237/1237/1237 3098/3098/3098
f 3098/3098/3098 1237/1237/1237 1240/1240/1240
f 3098/3098/3098 1240/1240/1240 3097/3097/3097
f 3097/3097/3097 1240/1240/1240 1243/1243/1243
f 3097/3097/3097 1243/1243/1243 3094/3094/3094
f 3094/3094/3094 1243/1243/1243 1245/1245/1245
f 3094/3094/3094 1245/1245/1245 3091/3091/3091
f 3091/3091/3091 1245/1245/1245 1247/1247/1247
f 3091/3091/3091 1247/1247/1247 142/142/142
f 142/142/142 1247/1247/1247 1249/1249/1249
f 142/142/142 1249/1249/1249 1252/1252/1252
f 142/142/142 1252/1252/1252 144/144/144
f 144/144/144 1252/1252/1252 1253/1253/1253
f 144/144/144 1253/1253/1253 1255/1255/1255
f 1255/1255/1255 1258/1258/1258 144/144/144
f 144/144/144 1258/1258/1258 1260/1260/1260
f 144/144/144 1260/1260/1260 1263/1263/1263
f 1280/1280/1280 1283/1283/1283 1087/1087/1087
f 1287/1287/1287 1289/1289/1289 1089/1089/1089
f 146/146/146 1313/1313/1313 149/149/149
f 149/149/149 1313/1313/1313 1314/1314/1314
f 149/149/149 1314/1314/1314 1316/1316/1316
f 1316/1316/1316 1318/1318/1318 149/149/149
f 149/149/149 1318/1318/1318 1321/1321/1321
f 149/149/149 1321/1321/1321 1323/1323/1323
f 1326/1326/1326 1374/1374/1374 1323/1323/1323
f 1323/1323/1323 1374/1374/1374 1375/1375/1375
f 1323/1323/1323 1375/1375/1375 151/151/151
f 151/151/151 1375/1375/1375 1377/1377/1377
f 151/151/151 1377/1377/1377 1379/1379/1379
f 1374/1374/1374 1326/1326/1326 1371/1371/1371
f 1371/1371/1371 1326/1326/1326 1327/1327/1327
f 1371/1371/1371 1327/1327/1327 1368/1368/1368
f 1368/1368/1368 1327/1327/1327 1330/1330/1330
f 1368/1368/1368 1330/1330/1330 1366/1366/1366
f 1366/1366/1366 1330/1330/1330 1333/1333/1333
f 1366/1366/1366 1333/1333/1333 1364/1364/1364
f 1364/1364/1364 1333/1333/1333 1335/1335/1335
f 1364/1364/1364 1335/1335/1335 1337/1337/1337
f 1364/1364/1364 1337/1337/1337 1362/1362/1362
f 1362/1362/1362 1337/1337/1337 1340/1340/1340
f 1362/1362/1362 1340/1340/1340 1360/1360/1360
f 1360/1360/1360 1340/1340/1340 1341/1341/1341
f 1360/1360/1360 1341/1341/1341 1092/1092/1092
f 1092/1092/1092 1341/1341/1341 1343/1343/1343
f 1349/1349/1349 1351/1351/1351 1090/1090/1090
f 1357/1357/1357 1360/1360/1360 1092/1092/1092
f 1379/1379/1379 1382/1382/1382 151/151/151
f 151/151/151 1382/1382/1382 1384/1384/1384
f 151/151/151 1384/1384/1384 152/152/152
f 152/152/152 1384/1384/1384 1387/1387/1387
f 152/152/152 1387/1387/1387 1390/1390/1390
f 1390/1390/1390 1392/1392/1392 152/152/152
f 152/152/152 1392/1392/1392 1443/1443/1443
f 152/152/152 1443/1443/1443 154/154/154
f 154/154/154 1443/1443/1443 1445/1445/1445
f 154/154/154 1445/1445/1445 1447/1447/1447
f 1443/1443/1443 1392/1392/1392 1441/1441/1441
f 1441/1441/1441 1392/1392/1392 1394/1394/1394
f 1441/1441/1441 1394/1394/1394 1440/1440/1440
f 1440/1440/1440 1394/1394/1394 1397/1397/1397
f 1440/1440/1440 1397/1397/1397 1437/1437/1437
f 1437/1437/1437 1397/1397/1397 1399/1399/1399
f 1437/1437/1437 1399/1399/1399 1434/1434/1434
f 1434/1434/1434 1399/1399/1399 1401/1401/1401
f 1434/1434/1434 1401/1401/1401 1433/1433/1433
f 1433/1433/1433 1401/1401/1401 1403/1403/1403
f 1433/1433/1433 1403/1403/1403 1406/1406/1406
f 1433/1433/1433 1406/1406/1406 1431/1431/1431
f 1431/1431/1431 1406/1406/1406 1407/1407/1407
f 1431/1431/1431 1407/1407/1407 1428/1428/1428
f 1428/1428/1428 1407/1407/1407 1096/1096/1096
f 1407/1407/1407 1409/1409/1409 1096/1096/1096
f 1096/1096/1096 1409/1409/1409 1411/1411/1411
f 1096/1096/1096 1411/1411/1411 1415/1415/1415
f 1419/1419/1419 1354/1354/1354 1094/1094/1094
f 1421/1421/1421 1424/1424/1424 1098/1098/1098
f 1447/1447/1447 1451/1451/1451 154/154/154
f 154/154/154 1451/1451/1451 1452/1452/1452
f 154/154/154 1452/1452/1452 1454/1454/1454
f 154/154/154 1454/1454/1454 156/156/156
f 156/156/156 1454/1454/1454 1458/1458/1458
f 156/156/156 1458/1458/1458 1460/1460/1460
f 156/156/156 1460/1460/1460 1510/1510/1510
f 1510/1510/1510 1460/1460/1460 1461/1461/1461
f 1510/1510/1510 1461/1461/1461 1507/1507/1507
f 1507/1507/1507 1461/1461/1461 1463/1463/1463
f 1507/1507/1507 1463/1463/1463 1504/1504/1504
f 1504/1504/1504 1463/1463/1463 1466/1466/1466
f 1504/1504/1504 1466/1466/1466 1503/1503/1503
f 1503/1503/1503 1466/1466/1466 1468/1468/1468
f 1503/1503/1503 1468/1468/1468 1500/1500/1500
f 1500/1500/1500 1468/1468/1468 1470/1470/1470
f 1500/1500/1500 1470/1470/1470 1474/1474/1474
f 1500/1500/1500 1474/1474/1474 1499/1499/1499
f 1499/1499/1499 1474/1474/1474 1476/1476/1476
f 1499/1499/1499 1476/1476/1476 1495/1495/1495
f 1495/1495/1495 1476/1476/1476 1477/1477/1477
f 1495/1495/1495 1477/1477/1477 1494/1494/1494
f 1494/1494/1494 1477/1477/1477 1102/1102/1102
f 1481/1481/1481 1485/1485/1485 1100/1100/1100
f 1510/1510/1510 1511/1511/1511 156/156/156
f 156/156/156 1511/1511/1511 158/158/158
f 158/158/158 1511/1511/1511 1513/1513/1513
f 158/158/158 1513/1513/1513 1515/1515/1515
f 1515/1515/1515 1519/1519/1519 158/158/158
f 158/158/158 1519/1519/1519 1520/1520/1520
f 158/158/158 1520/1520/1520 1522/1522/1522
f 158/158/158 1522/1522/1522 160/160/160
f 160/160/160 1522/1522/1522 1526/1526/1526
f 160/160/160 1526/1526/1526 1528/1528/1528
f 1577/1577/1577 1530/1530/1530 1576/1576/1576
f 1576/1576/1576 1530/1530/1530 1531/1531/1531
f 1576/1576/1576 1531/1531/1531 1573/1573/1573
f 1573/1573/1573 1531/1531/1531 1534/1534/1534
f 1573/1573/1573 1534/1534/1534 1571/1571/1571
f 1571/1571/1571 1534/1534/1534 1537/1537/1537
f 1571/1571/1571 1537/1537/1537 1568/1568/1568
f 1568/1568/1568 1537/1537/1537 1538/1538/1538
f 1568/1568/1568 1538/1538/1538 1540/1540/1540
f 1568/1568/1568 1540/1540/1540 1565/1565/1565
f 1565/1565/1565 1540/1540/1540 1544/1544/1544
f 1565/1565/1565 1544/1544/1544 1564/1564/1564
f 1564/1564/1564 1544/1544/1544 1106/1106/1106
f 1544/1544/1544 1545/1545/1545 1106/1106/1106
f 1106/1106/1106 1545/1545/1545 1548/1548/1548
f 1552/1552/1552 1555/1555/1555 1104/1104/1104
f 1104/1104/1104 1555/1555/1555 1490/1490/1490
f 1623/1623/1623 1558/1558/1558 1108/1108/1108
f 1108/1108/1108 1558/1558/1558 1560/1560/1560
f 1613/1613/1613 1616/1616/1616 1110/1110/1110
f 1110/1110/1110 1616/1616/1616 1618/1618/1618
f 1627/1627/1627 1630/1630/1630 1113/1113/1113
f 1646/1646/1646 1648/1648/1648 164/164/164
f 164/164/164 1648/1648/1648 1649/1649/1649
f 164/164/164 1649/1649/1649 167/167/167
f 167/167/167 1649/1649/1649 1651/1651/1651
f 167/167/167 1651/1651/1651 1654/1654/1654
f 1654/1654/1654 1656/1656/1656 167/167/167
f 167/167/167 1656/1656/1656 1659/1659/1659
f 167/167/167 1659/1659/1659 1661/1661/1661
f 167/167/167 1661/1661/1661 62/62/62
f 62/62/62 1661/1661/1661 1663/1663/1663
f 62/62/62 1663/1663/1663 1713/1713/1713
f 1713/1713/1713 1663/1663/1663 1666/1666/1666
f 1713/1713/1713 1666/1666/1666 1710/1710/1710
f 1710/1710/1710 1666/1666/1666 1667/1667/1667
f 1710/1710/1710 1667/1667/1667 1709/1709/1709
f 1709/1709/1709 1667/1667/1667 1671/1671/1671
f 1709/1709/1709 1671/1671/1671 1707/1707/1707
f 1707/1707/1707 1671/1671/1671 1672/1672/1672
f 1707/1707/1707 1672/1672/1672 1705/1705/1705
f 1705/1705/1705 1672/1672/1672 1675/1675/1675
f 1705/1705/1705 1675/1675/1675 1677/1677/1677
f 1705/1705/1705 1677/1677/1677 1702/1702/1702
f 1702/1702/1702 1677/1677/1677 1679/1679/1679
f 1702/1702/1702 1679/1679/1679 1699/1699/1699
f 1699/1699/1699 1679/1679/1679 1682/1682/1682
f 1699/1699/1699 1682/1682/1682 1116/1116/1116
f 1116/1116/1116 1682/1682/1682 1683/1683/1683
f 1689/1689/1689 1691/1691/1691 1114/1114/1114
f 1698/1698/1698 1699/1699/1699 1116/1116/1116
f 1713/1713/1713 1715/1715/1715 62/62/62
f 62/62/62 1715/1715/1715 1718/1718/1718
f 62/62/62 1718/1718/1718 65/65/65
f 65/65/65 1718/1718/1718 1721/1721/1721
f 65/65/65 1721/1721/1721 1722/1722/1722
f 1722/1722/1722 1725/1725/1725 65/65/65
f 65/65/65 1725/1725/1725 1728/1728/1728
f 65/65/65 1728/1728/1728 1729/1729/1729
f 65/65/65 1729/1729/1729 66/66/66
f 66/66/66 1729/1729/1729 1732/1732/1732
f 66/66/66 1732/1732/1732 1781/1781/1781
f 1781/1781/1781 1732/1732/1732 1734/1734/1734
f 1781/1781/1781 1734/1734/1734 1780/1780/1780
f 1780/1780/1780 1734/1734/1734 1737/1737/1737
f 1780/1780/1780 1737/1737/1737 1777/1777/1777
f 1777/1777/1777 1737/1737/1737 1738/1738/1738
f 1777/1777/1777 1738/1738/1738 1774/1774/1774
f 1774/1774/1774 1738/1738/1738 1741/1741/1741
f 1774/1774/1774 1741/1741/1741 1773/1773/1773
f 1773/1773/1773 1741/1741/1741 1742/1742/1742
f 1773/1773/1773 1742/1742/1742 1744/1744/1744
f 1773/1773/1773 1744/1744/1744 1769/1769/1769
f 1769/1769/1769 1744/1744/1744 1748/1748/1748
f 1769/1769/1769 1748/1748/1748 1767/1767/1767
f 1767/1767/1767 1748/1748/1748 1120/1120/1120
f 1748/1748/1748 1750/1750/1750 1120/1120/1120
f 1120/1120/1120 1750/1750/1750 1751/1751/1751
f 1120/1120/1120 1751/1751/1751 1753/1753/1753
f 1759/1759/1759 1694/1694/1694 1118/1118/1118
f 1762/1762/1762 1763/1763/1763 1122/1122/1122
f 1781/1781/1781 1784/1784/1784 66/66/66
f 66/66/66 1784/1784/1784 1785/1785/1785
f 66/66/66 1785/1785/1785 69/69/69
f 69/69/69 1785/1785/1785 1787/1787/1787
f 69/69/69 1787/1787/1787 1791/1791/1791
f 1791/1791/1791 1793/1793/1793 69/69/69
f 69/69/69 1793/1793/1793 1796/1796/1796
f 69/69/69 1796/1796/1796 1798/1798/1798
f 69/69/69 1798/1798/1798 70/70/70
f 70/70/70 1798/1798/1798 1800/1800/1800
f 70/70/70 1800/1800/1800 1850/1850/1850
f 1850/1850/1850 1800/1800/1800 1802/1802/1802
f 1850/1850/1850 1802/1802/1802 1848/1848/1848
f 1848/1848/1848 1802/1802/1802 1805/1805/1805
f 1848/1848/1848 1805/1805/1805 1844/1844/1844
f 1844/1844/1844 1805/1805/1805 1806/1806/1806
f 1844/1844/1844 1806/1806/1806 1843/1843/1843
f 1843/1843/1843 1806/1806/1806 1808/1808/1808
f 1843/1843/1843 1808/1808/1808 1840/1840/1840
f 1840/1840/1840 1808/1808/1808 1810/1810/1810
f 1840/1840/1840 1810/1810/1810 1814/1814/1814
f 1840/1840/1840 1814/1814/1814 1838/1838/1838
f 1838/1838/1838 1814/1814/1814 1815/1815/1815
f 1838/1838/1838 1815/1815/1815 1835/1835/1835
f 1835/1835/1835 1815/1815/1815 1817/1817/1817
f 1835/1835/1835 1817/1817/1817 1833/1833/1833
f 1833/1833/1833 1817/1817/1817 1127/1127/1127
f 1833/1833/1833 1127/1127/1127 1832/1832/1832
f 1821/1821/1821 1825/1825/1825 1124/1124/1124
f 1850/1850/1850 1852/1852/1852 70/70/70
f 70/70/70 1852/1852/1852 1854/1854/1854
f 70/70/70 1854/1854/1854 1857/1857/1857
f 70/70/70 1857/1857/1857 73/73/73
f 73/73/73 1857/1857/1857 1858/1858/1858
f 73/73/73 1858/1858/1858 1861/1861/1861
f 1861/1861/1861 1864/1864/1864 73/73/73
f 73/73/73 1864/1864/1864 1866/1866/1866
f 73/73/73 1866/1866/1866 1868/1868/1868
f 1869/1869/1869 1917/1917/1917 1868/1868/1868
f 1868/1868/1868 1917/1917/1917 1919/1919/1919
f 1868/1868/1868 1919/1919/1919 74/74/74
f 74/74/74 1919/1919/1919 1921/1921/1921
f 74/74/74 1921/1921/1921 1923/1923/1923
f 1917/1917/1917 1869/1869/1869 1914/1914/1914
f 1914/1914/1914 1869/1869/1869 1871/1871/1871
f 1914/1914/1914 1871/1871/1871 1913/1913/1913
f 1913/1913/1913 1871/1871/1871 1875/1875/1875
f 1913/1913/1913 1875/1875/1875 1911/1911/1911
f 1911/1911/1911 1875/1875/1875 1877/1877/1877
f 1911/1911/1911 1877/1877/1877 1909/1909/1909
f 1909/1909/1909 1877/1877/1877 1878/1878/1878
f 1909/1909/1909 1878/1878/1878 1880/1880/1880
f 1909/1909/1909 1880/1880/1880 1907/1907/1907
f 1907/1907/1907 1880/1880/1880 1883/1883/1883
f 1907/1907/1907 1883/1883/1883 1903/1903/1903
f 1903/1903/1903 1883/1883/1883 1130/1130/1130
f 1883/1883/1883 1886/1886/1886 1130/1130/1130
f 1130/1130/1130 1886/1886/1886 1888/1888/1888
f 1893/1893/1893 1895/1895/1895 1129/1129/1129
f 1962/1962/1962 1896/1896/1896 1132/1132/1132
f 1132/1132/1132 1896/1896/1896 1900/1900/1900
f 74/74/74 1923/1923/1923 77/77/77
f 77/77/77 1923/1923/1923 1926/1926/1926
f 77/77/77 1926/1926/1926 1928/1928/1928
f 1928/1928/1928 1931/1931/1931 77/77/77
f 77/77/77 1931/1931/1931 1934/1934/1934
f 77/77/77 1934/1934/1934 1936/1936/1936
f 1954/1954/1954 1956/1956/1956 1135/1135/1135
f 1135/1135/1135 1956/1956/1956 1957/1957/1957
f 1968/1968/1968 1970/1970/1970 1137/1137/1137
f 1991/1991/1991 1995/1995/1995 79/79/79
f 79/79/79 1995/1995/1995 80/80/80
f 80/80/80 1995/1995/1995 1996/1996/1996
f 80/80/80 1996/1996/1996 1998/1998/1998
f 1998/1998/1998 2002/2002/2002 80/80/80
f 80/80/80 2002/2002/2002 2003/2003/2003
f 80/80/80 2003/2003/2003 2056/2056/2056
f 2056/2056/2056 2003/2003/2003 2054/2054/2054
f 2054/2054/2054 2003/2003/2003 2005/2005/2005
f 2054/2054/2054 2005/2005/2005 2051/2051/2051
f 2051/2051/2051 2005/2005/2005 2008/2008/2008
f 2051/2051/2051 2008/2008/2008 2049/2049/2049
f 2049/2049/2049 2008/2008/2008 2010/2010/2010
f 2049/2049/2049 2010/2010/2010 2046/2046/2046
f 2046/2046/2046 2010/2010/2010 2012/2012/2012
f 2046/2046/2046 2012/2012/2012 2045/2045/2045
f 2045/2045/2045 2012/2012/2012 2014/2014/2014
f 2045/2045/2045 2014/2014/2014 2016/2016/2016
f 2045/2045/2045 2016/2016/2016 2041/2041/2041
f 2041/2041/2041 2016/2016/2016 2019/2019/2019
f 2041/2041/2041 2019/2019/2019 2039/2039/2039
f 2039/2039/2039 2019/2019/2019 2021/2021/2021
f 2039/2039/2039 2021/2021/2021 1141/1141/1141
f 1141/1141/1141 2021/2021/2021 2023/2023/2023
f 2028/2028/2028 2030/2030/2030 1139/1139/1139
f 2038/2038/2038 2039/2039/2039 1141/1141/1141
f 80/80/80 2056/2056/2056 83/83/83
f 83/83/83 2056/2056/2056 2058/2058/2058
f 83/83/83 2058/2058/2058 2061/2061/2061
f 2061/2061/2061 2062/2062/2062 83/83/83
f 83/83/83 2062/2062/2062 2064/2064/2064
f 83/83/83 2064/2064/2064 84/84/84
f 84/84/84 2064/2064/2064 2067/2067/2067
f 84/84/84 2067/2067/2067 2070/2070/2070
f 2070/2070/2070 2071/2071/2071 84/84/84
f 84/84/84 2071/2071/2071 2122/2122/2122
f 84/84/84 2122/2122/2122 2124/2124/2124
f 2071/2071/2071 2073/2073/2073 2122/2122/2122
f 2122/2122/2122 2073/2073/2073 2118/2118/2118
f 2118/2118/2118 2073/2073/2073 2077/2077/2077
f 2118/2118/2118 2077/2077/2077 2117/2117/2117
f 2117/2117/2117 2077/2077/2077 2079/2079/2079
f 2117/2117/2117 2079/2079/2079 2114/2114/2114
f 2114/2114/2114 2079/2079/2079 2081/2081/2081
f 2114/2114/2114 2081/2081/2081 2113/2113/2113
f 2113/2113/2113 2081/2081/2081 2082/2082/2082
f 2113/2113/2113 2082/2082/2082 2085/2085/2085
f 2113/2113/2113 2085/2085/2085 2111/2111/2111
f 2111/2111/2111 2085/2085/2085 2088/2088/2088
f 2111/2111/2111 2088/2088/2088 2108/2108/2108
f 2108/2108/2108 2088/2088/2088 1144/1144/1144
f 2088/2088/2088 2090/2090/2090 1144/1144/1144
f 1144/1144/1144 2090/2090/2090 2091/2091/2091
f 1144/1144/1144 2091/2091/2091 2094/2094/2094
f 2099/2099/2099 2032/2032/2032 1143/1143/1143
f 2102/2102/2102 2103/2103/2103 1146/1146/1146
f 84/84/84 2124/2124/2124 87/87/87
f 87/87/87 2124/2124/2124 2126/2126/2126
f 87/87/87 2126/2126/2126 2128/2128/2128
f 2128/2128/2128 2130/2130/2130 87/87/87
f 87/87/87 2130/2130/2130 2132/2132/2132
f 87/87/87 2132/2132/2132 2136/2136/2136
f 87/87/87 2136/2136/2136 88/88/88
f 88/88/88 2136/2136/2136 2137/2137/2137
f 88/88/88 2137/2137/2137 2140/2140/2140
f 88/88/88 2140/2140/2140 2189/2189/2189
f 2189/2189/2189 2140/2140/2140 2141/2141/2141
f 2189/2189/2189 2141/2141/2141 2188/2188/2188
f 2188/2188/2188 2141/2141/2141 2145/2145/2145
f 2188/2188/2188 2145/2145/2145 2185/2185/2185
f 2185/2185/2185 2145/2145/2145 2147/2147/2147
f 2185/2185/2185 2147/2147/2147 2183/2183/2183
f 2183/2183/2183 2147/2147/2147 2149/2149/2149
f 2183/2183/2183 2149/2149/2149 2181/2181/2181
f 2181/2181/2181 2149/2149/2149 2151/2151/2151
f 2181/2181/2181 2151/2151/2151 2152/2152/2152
f 2181/2181/2181 2152/2152/2152 2177/2177/2177
f 2177/2177/2177 2152/2152/2152 2156/2156/2156
f 2177/2177/2177 2156/2156/2156 2176/2176/2176
f 2176/2176/2176 2156/2156/2156 2157/2157/2157
f 2176/2176/2176 2157/2157/2157 2174/2174/2174
f 2160/2160/2160 2162/2162/2162 1149/1149/1149
f 1149/1149/1149 2162/2162/2162 2164/2164/2164
f 2172/2172/2172 2174/2174/2174 1151/1151/1151
f 2189/2189/2189 2192/2192/2192 88/88/88
f 88/88/88 2192/2192/2192 2194/2194/2194
f 88/88/88 2194/2194/2194 90/90/90
f 90/90/90 2194/2194/2194 2195/2195/2195
f 90/90/90 2195/2195/2195 2199/2199/2199
f 2199/2199/2199 2201/2201/2201 90/90/90
f 90/90/90 2201/2201/2201 2203/2203/2203
f 90/90/90 2203/2203/2203 92/92/92
f 92/92/92 2203/2203/2203 2206/2206/2206
f 92/92/92 2206/2206/2206 2208/2208/2208
f 92/92/92 2208/2208/2208 2257/2257/2257
f 2257/2257/2257 2208/2208/2208 2210/2210/2210
f 2257/2257/2257 2210/2210/2210 2256/2256/2256
f 2256/2256/2256 2210/2210/2210 2211/2211/2211
f 2256/2256/2256 2211/2211/2211 2252/2252/2252
f 2252/2252/2252 2211/2211/2211 2214/2214/2214
f 2252/2252/2252 2214/2214/2214 2251/2251/2251
f 2251/2251/2251 2214/2214/2214 2216/2216/2216
f 2251/2251/2251 2216/2216/2216 2249/2249/2249
f 2249/2249/2249 2216/2216/2216 2219/2219/2219
f 2249/2249/2249 2219/2219/2219 2221/2221/2221
f 2249/2249/2249 2221/2221/2221 2246/2246/2246
f 2246/2246/2246 2221/2221/2221 2223/2223/2223
f 2246/2246/2246 2223/2223/2223 2243/2243/2243
f 2243/2243/2243 2223/2223/2223 1155/1155/1155
f 2243/2243/2243 1155/1155/1155 2241/2241/2241
f 2223/2223/2223 2225/2225/2225 1155/1155/1155
f 1155/1155/1155 2225/2225/2225 2227/2227/2227
f 2232/2232/2232 2235/2235/2235 1153/1153/1153
f 2257/2257/2257 2260/2260/2260 92/92/92
f 92/92/92 2260/2260/2260 2262/2262/2262
f 92/92/92 2262/2262/2262 95/95/95
f 95/95/95 2262/2262/2262 2265/2265/2265
f 95/95/95 2265/2265/2265 2266/2266/2266
f 2266/2266/2266 2269/2269/2269 95/95/95
f 95/95/95 2269/2269/2269 2270/2270/2270
f 95/95/95 2270/2270/2270 2273/2273/2273
f 95/95/95 2273/2273/2273 96/96/96
f 96/96/96 2273/2273/2273 2275/2275/2275
f 96/96/96 2275/2275/2275 2325/2325/2325
f 2325/2325/2325 2275/2275/2275 2277/2277/2277
f 2325/2325/2325 2277/2277/2277 2324/2324/2324
f 2324/2324/2324 2277/2277/2277 2279/2279/2279
f 2324/2324/2324 2279/2279/2279 2320/2320/2320
f 2320/2320/2320 2279/2279/2279 2283/2283/2283
f 2320/2320/2320 2283/2283/2283 2318/2318/2318
f 2318/2318/2318 2283/2283/2283 2284/2284/2284
f 2318/2318/2318 2284/2284/2284 2316/2316/2316
f 2316/2316/2316 2284/2284/2284 2286/2286/2286
f 2316/2316/2316 2286/2286/2286 2290/2290/2290
f 2316/2316/2316 2290/2290/2290 2315/2315/2315
f 2315/2315/2315 2290/2290/2290 2292/2292/2292
f 2315/2315/2315 2292/2292/2292 2311/2311/2311
f 2311/2311/2311 2292/2292/2292 2294/2294/2294
f 2311/2311/2311 2294/2294/2294 1158/1158/1158
f 1158/1158/1158 2294/2294/2294 2296/2296/2296
f 1158/1158/1158 2296/2296/2296 2297/2297/2297
f 2303/2303/2303 2237/2237/2237 1156/1156/1156
f 2325/2325/2325 2327/2327/2327 96/96/96
f 96/96/96 2327/2327/2327 2330/2330/2330
f 96/96/96 2330/2330/2330 98/98/98
f 98/98/98 2330/2330/2330 2331/2331/2331
f 98/98/98 2331/2331/2331 2334/2334/2334
f 2334/2334/2334 2337/2337/2337 98/98/98
f 98/98/98 2337/2337/2337 2338/2338/2338
f 98/98/98 2338/2338/2338 2341/2341/2341
f 98/98/98 2341/2341/2341 100/100/100
f 100/100/100 2341/2341/2341 2343/2343/2343
f 100/100/100 2343/2343/2343 2393/2393/2393
f 2393/2393/2393 2343/2343/2343 2345/2345/2345
f 2393/2393/2393 2345/2345/2345 2391/2391/2391
f 2391/2391/2391 2345/2345/2345 2347/2347/2347
f 2391/2391/2391 2347/2347/2347 2388/2388/2388
f 2388/2388/2388 2347/2347/2347 2350/2350/2350
f 2388/2388/2388 2350/2350/2350 2387/2387/2387
f 2387/2387/2387 2350/2350/2350 2353/2353/2353
f 2387/2387/2387 2353/2353/2353 2385/2385/2385
f 2385/2385/2385 2353/2353/2353 2355/2355/2355
f 2385/2385/2385 2355/2355/2355 2356/2356/2356
f 2385/2385/2385 2356/2356/2356 2381/2381/2381
f 2381/2381/2381 2356/2356/2356 2359/2359/2359
f 2381/2381/2381 2359/2359/2359 2380/2380/2380
f 2380/2380/2380 2359/2359/2359 2362/2362/2362
f 2380/2380/2380 2362/2362/2362 2378/2378/2378
f 2378/2378/2378 2362/2362/2362 1164/1164/1164
f 2367/2367/2367 2368/2368/2368 1163/1163/1163
f 1163/1163/1163 2368/2368/2368 2371/2371/2371
f 2393/2393/2393 2395/2395/2395 100/100/100
f 100/100/100 2395/2395/2395 2397/2397/2397
f 100/100/100 2397/2397/2397 102/102/102
f 102/102/102 2397/2397/2397 2400/2400/2400
f 102/102/102 2400/2400/2400 2403/2403/2403
f 2403/2403/2403 2404/2404/2404 102/102/102
f 102/102/102 2404/2404/2404 2406/2406/2406
f 102/102/102 2406/2406/2406 2410/2410/2410
f 102/102/102 2410/2410/2410 104/104/104
f 104/104/104 2410/2410/2410 2412/2412/2412
f 104/104/104 2412/2412/2412 2462/2462/2462
f 2462/2462/2462 2412/2412/2412 2413/2413/2413
f 2462/2462/2462 2413/2413/2413 2458/2458/2458
f 2458/2458/2458 2413/2413/2413 2416/2416/2416
f 2458/2458/2458 2416/2416/2416 2457/2457/2457
f 2457/2457/2457 2416/2416/2416 2418/2418/2418
f 2457/2457/2457 2418/2418/2418 2454/2454/2454
f 2454/2454/2454 2418/2418/2418 2421/2421/2421
f 2454/2454/2454 2421/2421/2421 2452/2452/2452
f 2452/2452/2452 2421/2421/2421 2422/2422/2422
f 2452/2452/2452 2422/2422/2422 2425/2425/2425
f 2452/2452/2452 2425/2425/2425 2449/2449/2449
f 2449/2449/2449 2425/2425/2425 2428/2428/2428
f 2449/2449/2449 2428/2428/2428 2448/2448/2448
f 2448/2448/2448 2428/2428/2428 1169/1169/1169
f 2428/2428/2428 2430/2430/2430 1169/1169/1169
f 1169/1169/1169 2430/2430/2430 2432/2432/2432
f 1169/1169/1169 2432/2432/2432 2434/2434/2434
f 2439/2439/2439 2372/2372/2372 1167/1167/1167
f 2440/2440/2440 2443/2443/2443 1170/1170/1170
f 2462/2462/2462 2464/2464/2464 104/104/104
f 104/104/104 2464/2464/2464 2466/2466/2466
f 104/104/104 2466/2466/2466 2469/2469/2469
f 104/104/104 2469/2469/2469 106/106/106
f 106/106/106 2469/2469/2469 2471/2471/2471
f 106/106/106 2471/2471/2471 2472/2472/2472
f 2472/2472/2472 2476/2476/2476 106/106/106
f 106/106/106 2476/2476/2476 2477/2477/2477
f 106/106/106 2477/2477/2477 2479/2479/2479
f 2481/2481/2481 2530/2530/2530 2479/2479/2479
f 2479/2479/2479 2530/2530/2530 2531/2531/2531
f 2479/2479/2479 2531/2531/2531 108/108/108
f 108/108/108 2531/2531/2531 2534/2534/2534
f 108/108/108 2534/2534/2534 2537/2537/2537
f 2530/2530/2530 2481/2481/2481 2526/2526/2526
f 2526/2526/2526 2481/2481/2481 2483/2483/2483
f 2526/2526/2526 2483/2483/2483 2525/2525/2525
f 2525/2525/2525 2483/2483/2483 2487/2487/2487
f 2525/2525/2525 2487/2487/2487 2523/2523/2523
f 2523/2523/2523 2487/2487/2487 2489/2489/2489
f 2523/2523/2523 2489/2489/2489 2521/2521/2521
f 2521/2521/2521 2489/2489/2489 2491/2491/2491
f 2521/2521/2521 2491/2491/2491 2494/2494/2494
f 2521/2521/2521 2494/2494/2494 2518/2518/2518
f 2518/2518/2518 2494/2494/2494 2495/2495/2495
f 2518/2518/2518 2495/2495/2495 2516/2516/2516
f 2516/2516/2516 2495/2495/2495 2498/2498/2498
f 2516/2516/2516 2498/2498/2498 2514/2514/2514
f 2500/2500/2500 2503/2503/2503 1173/1173/1173
f 1173/1173/1173 2503/2503/2503 2504/2504/2504
f 2512/2512/2512 2514/2514/2514 1174/1174/1174
f 108/108/108 2537/2537/2537 110/110/110
f 110/110/110 2537/2537/2537 2538/2538/2538
f 110/110/110 2538/2538/2538 2540/2540/2540
f 2540/2540/2540 2542/2542/2542 110/110/110
f 110/110/110 2542/2542/2542 2545/2545/2545
f 110/110/110 2545/2545/2545 2548/2548/2548
f 2549/2549/2549 2597/2597/2597 2548/2548/2548
f 2548/2548/2548 2597/2597/2597 2599/2599/2599
f 2548/2548/2548 2599/2599/2599 112/112/112
f 112/112/112 2599/2599/2599 2602/2602/2602
f 112/112/112 2602/2602/2602 2605/2605/2605
f 2597/2597/2597 2549/2549/2549 2594/2594/2594
f 2594/2594/2594 2549/2549/2549 2551/2551/2551
f 2594/2594/2594 2551/2551/2551 2593/2593/2593
f 2593/2593/2593 2551/2551/2551 2555/2555/2555
f 2593/2593/2593 2555/2555/2555 2590/2590/2590
f 2590/2590/2590 2555/2555/2555 2557/2557/2557
f 2590/2590/2590 2557/2557/2557 2588/2588/2588
f 2588/2588/2588 2557/2557/2557 2559/2559/2559
f 2588/2588/2588 2559/2559/2559 2560/2560/2560
f 2588/2588/2588 2560/2560/2560 2586/2586/2586
f 2586/2586/2586 2560/2560/2560 2564/2564/2564
f 2586/2586/2586 2564/2564/2564 2583/2583/2583
f 2583/2583/2583 2564/2564/2564 1179/1179/1179
f 2583/2583/2583 1179/1179/1179 2582/2582/2582
f 2564/2564/2564 2565/2565/2565 1179/1179/1179
f 1179/1179/1179 2565/2565/2565 2568/2568/2568
f 2572/2572/2572 2574/2574/2574 1176/1176/1176
f 2605/2605/2605 2607/2607/2607 112/112/112
f 112/112/112 2607/2607/2607 114/114/114
f 114/114/114 2607/2607/2607 2608/2608/2608
f 114/114/114 2608/2608/2608 2611/2611/2611
f 2611/2611/2611 2613/2613/2613 114/114/114
f 114/114/114 2613/2613/2613 2615/2615/2615
f 114/114/114 2615/2615/2615 2668/2668/2668
f 2668/2668/2668 2615/2615/2615 2666/2666/2666
f 2666/2666/2666 2615/2615/2615 2618/2618/2618
f 2666/2666/2666 2618/2618/2618 2662/2662/2662
f 2662/2662/2662 2618/2618/2618 2621/2621/2621
f 2662/2662/2662 2621/2621/2621 2660/2660/2660
f 2660/2660/2660 2621/2621/2621 2622/2622/2622
f 2660/2660/2660 2622/2622/2622 2658/2658/2658
f 2658/2658/2658 2622/2622/2622 2624/2624/2624
f 2658/2658/2658 2624/2624/2624 2656/2656/2656
f 2656/2656/2656 2624/2624/2624 2626/2626/2626
f 2656/2656/2656 2626/2626/2626 2628/2628/2628
f 2656/2656/2656 2628/2628/2628 2653/2653/2653
f 2653/2653/2653 2628/2628/2628 2631/2631/2631
f 2653/2653/2653 2631/2631/2631 2651/2651/2651
f 2651/2651/2651 2631/2631/2631 2633/2633/2633
f 2651/2651/2651 2633/2633/2633 1182/1182/1182
f 1182/1182/1182 2633/2633/2633 2635/2635/2635
f 1182/1182/1182 2635/2635/2635 2637/2637/2637
f 2642/2642/2642 2578/2578/2578 1181/1181/1181
f 2644/2644/2644 2648/2648/2648 1185/1185/1185
f 114/114/114 2668/2668/2668 116/116/116
f 116/116/116 2668/2668/2668 2669/2669/2669
f 116/116/116 2669/2669/2669 2672/2672/2672
f 2672/2672/2672 2674/2674/2674 116/116/116
f 116/116/116 2674/2674/2674 2676/2676/2676
f 116/116/116 2676/2676/2676 119/119/119
f 119/119/119 2676/2676/2676 2680/2680/2680
f 119/119/119 2680/2680/2680 2682/2682/2682
f 2682/2682/2682 2683/2683/2683 119/119/119
f 119/119/119 2683/2683/2683 2736/2736/2736
f 119/119/119 2736/2736/2736 120/120/120
f 120/120/120 2736/2736/2736 2738/2738/2738
f 120/120/120 2738/2738/2738 2739/2739/2739
f 2736/2736/2736 2683/2683/2683 2734/2734/2734
f 2734/2734/2734 2683/2683/2683 2685/2685/2685
f 2734/2734/2734 2685/2685/2685 2730/2730/2730
f 2730/2730/2730 2685/2685/2685 2688/2688/2688
f 2730/2730/2730 2688/2688/2688 2729/2729/2729
f 2729/2729/2729 2688/2688/2688 2690/2690/2690
f 2729/2729/2729 2690/2690/2690 2726/2726/2726
f 2726/2726/2726 2690/2690/2690 2693/2693/2693
f 2726/2726/2726 2693/2693/2693 2725/2725/2725
f 2725/2725/2725 2693/2693/2693 2694/2694/2694
f 2725/2725/2725 2694/2694/2694 2697/2697/2697
f 2725/2725/2725 2697/2697/2697 2721/2721/2721
f 2721/2721/2721 2697/2697/2697 2700/2700/2700
f 2721/2721/2721 2700/2700/2700 2719/2719/2719
f 2719/2719/2719 2700/2700/2700 2702/2702/2702
f 2719/2719/2719 2702/2702/2702 2718/2718/2718
f 2718/2718/2718 2702/2702/2702 1188/1188/1188
f 2707/2707/2707 2708/2708/2708 1186/1186/1186
f 2739/2739/2739 2743/2743/2743 120/120/120
f 120/120/120 2743/2743/2743 2745/2745/2745
f 120/120/120 2745/2745/2745 2746/2746/2746
f 120/120/120 2746/2746/2746 122/122/122
f 122/122/122 2746/2746/2746 2749/2749/2749
f 122/122/122 2749/2749/2749 2751/2751/2751
f 122/122/122 2751/2751/2751 2802/2802/2802
f 2802/2802/2802 2751/2751/2751 2754/2754/2754
f 2802/2802/2802 2754/2754/2754 2798/2798/2798
f 2798/2798/2798 2754/2754/2754 2757/2757/2757
f 2798/2798/2798 2757/2757/2757 2797/2797/2797
f 2797/2797/2797 2757/2757/2757 2759/2759/2759
f 2797/2797/2797 2759/2759/2759 2795/2795/2795
f 2795/2795/2795 2759/2759/2759 2760/2760/2760
f 2795/2795/2795 2760/2760/2760 2792/2792/2792
f 2792/2792/2792 2760/2760/2760 2763/2763/2763
f 2792/2792/2792 2763/2763/2763 2765/2765/2765
f 2792/2792/2792 2765/2765/2765 2790/2790/2790
f 2790/2790/2790 2765/2765/2765 2767/2767/2767
f 2790/2790/2790 2767/2767/2767 2787/2787/2787
f 2787/2787/2787 2767/2767/2767 1193/1193/1193
f 2767/2767/2767 2770/2770/2770 1193/1193/1193
f 1193/1193/1193 2770/2770/2770 2772/2772/2772
f 2777/2777/2777 2778/2778/2778 1190/1190/1190
f 1190/1190/1190 2778/2778/2778 2712/2712/2712
f 2780/2780/2780 2783/2783/2783 1195/1195/1195
f 2802/2802/2802 2803/2803/2803 122/122/122
f 122/122/122 2803/2803/2803 124/124/124
f 124/124/124 2803/2803/2803 2806/2806/2806
f 124/124/124 2806/2806/2806 2809/2809/2809
f 2809/2809/2809 2811/2811/2811 124/124/124
f 124/124/124 2811/2811/2811 2813/2813/2813
f 124/124/124 2813/2813/2813 2814/2814/2814
f 124/124/124 2814/2814/2814 127/127/127
f 127/127/127 2814/2814/2814 2818/2818/2818
f 127/127/127 2818/2818/2818 2820/2820/2820
f 127/127/127 2820/2820/2820 2870/2870/2870
f 2870/2870/2870 2820/2820/2820 2822/2822/2822
f 2870/2870/2870 2822/2822/2822 2867/2867/2867
f 2867/2867/2867 2822/2822/2822 2823/2823/2823
f 2867/2867/2867 2823/2823/2823 2865/2865/2865
f 2865/2865/2865 2823/2823/2823 2826/2826/2826
f 2865/2865/2865 2826/2826/2826 2863/2863/2863
f 2863/2863/2863 2826/2826/2826 2829/2829/2829
f 2863/2863/2863 2829/2829/2829 2860/2860/2860
f 2860/2860/2860 2829/2829/2829 2830/2830/2830
f 2860/2860/2860 2830/2830/2830 2833/2833/2833
f 2860/2860/2860 2833/2833/2833 2857/2857/2857
f 2857/2857/2857 2833/2833/2833 2836/2836/2836
f 2857/2857/2857 2836/2836/2836 2856/2856/2856
f 2856/2856/2856 2836/2836/2836 2837/2837/2837
f 2856/2856/2856 2837/2837/2837 2854/2854/2854
f 2839/2839/2839 2843/2843/2843 1196/1196/1196
f 1196/1196/1196 2843/2843/2843 2844/2844/2844
f 2852/2852/2852 2854/2854/2854 1198/1198/1198
f 2870/2870/2870 2871/2871/2871 127/127/127
f 127/127/127 2871/2871/2871 2874/2874/2874
f 127/127/127 2874/2874/2874 129/129/129
f 129/129/129 2874/2874/2874 2877/2877/2877
f 129/129/129 2877/2877/2877 2879/2879/2879
f 2879/2879/2879 2880/2880/2880 129/129/129
f 129/129/129 2880/2880/2880 2882/2882/2882
f 129/129/129 2882/2882/2882 2885/2885/2885
f 129/129/129 2885/2885/2885 131/131/131
f 131/131/131 2885/2885/2885 2887/2887/2887
f 131/131/131 2887/2887/2887 2938/2938/2938
f 2938/2938/2938 2887/2887/2887 2889/2889/2889
f 2938/2938/2938 2889/2889/2889 2934/2934/2934
f 2934/2934/2934 2889/2889/2889 2891/2891/2891
f 2934/2934/2934 2891/2891/2891 2932/2932/2932
f 2932/2932/2932 2891/2891/2891 2894/2894/2894
f 2932/2932/2932 2894/2894/2894 2931/2931/2931
f 2931/2931/2931 2894/2894/2894 2896/2896/2896
f 2931/2931/2931 2896/2896/2896 2929/2929/2929
f 2929/2929/2929 2896/2896/2896 2898/2898/2898
f 2929/2929/2929 2898/2898/2898 2900/2900/2900
f 2929/2929/2929 2900/2900/2900 2927/2927/2927
f 2927/2927/2927 2900/2900/2900 2903/2903/2903
f 2927/2927/2927 2903/2903/2903 2924/2924/2924
f 2924/2924/2924 2903/2903/2903 1202/1202/1202
f 2924/2924/2924 1202/1202/1202 2921/2921/2921
f 2903/2903/2903 2906/2906/2906 1202/1202/1202
f 1202/1202/1202 2906/2906/2906 2907/2907/2907
f 2913/2913/2913 2915/2915/2915 1200/1200/1200
f 2938/2938/2938 2939/2939/2939 131/131/131
f 131/131/131 2939/2939/2939 2942/2942/2942
f 131/131/131 2942/2942/2942 133/133/133
f 133/133/133 2942/2942/2942 2944/2944/2944
f 133/133/133 2944/2944/2944 2947/2947/2947
f 2947/2947/2947 2949/2949/2949 133/133/133
f 133/133/133 2949/2949/2949 2951/2951/2951
f 133/133/133 2951/2951/2951 2954/2954/2954
f 133/133/133 2954/2954/2954 134/134/134
f 134/134/134 2954/2954/2954 2955/2955/2955
f 134/134/134 2955/2955/2955 3005/3005/3005
f 3005/3005/3005 2955/2955/2955 2958/2958/2958
f 3005/3005/3005 2958/2958/2958 3003/3003/3003
f 3003/3003/3003 2958/2958/2958 2961/2961/2961
f 3003/3003/3003 2961/2961/2961 3000/3000/3000
f 3000/3000/3000 2961/2961/2961 2963/2963/2963
f 3000/3000/3000 2963/2963/2963 2999/2999/2999
f 2999/2999/2999 2963/2963/2963 2965/2965/2965
f 2999/2999/2999 2965/2965/2965 2996/2996/2996
f 2996/2996/2996 2965/2965/2965 2967/2967/2967
f 2996/2996/2996 2967/2967/2967 2970/2970/2970
f 2996/2996/2996 2970/2970/2970 2993/2993/2993
f 2993/2993/2993 2970/2970/2970 2971/2971/2971
f 2993/2993/2993 2971/2971/2971 2991/2991/2991
f 2991/2991/2991 2971/2971/2971 1206/1206/1206
f 2971/2971/2971 2973/2973/2973 1206/1206/1206
f 1206/1206/1206 2973/2973/2973 2976/2976/2976
f 1206/1206/1206 2976/2976/2976 2978/2978/2978
f 2982/2982/2982 2917/2917/2917 1204/1204/1204
f 2986/2986/2986 2988/2988/2988 1208/1208/1208
f 3005/3005/3005 3007/3007/3007 134/134/134
f 134/134/134 3007/3007/3007 3009/3009/3009
f 134/134/134 3009/3009/3009 137/137/137
f 137/137/137 3009/3009/3009 3013/3013/3013
f 137/137/137 3013/3013/3013 3014/3014/3014
f 3014/3014/3014 3017/3017/3017 137/137/137
f 137/137/137 3017/3017/3017 3019/3019/3019
f 137/137/137 3019/3019/3019 3021/3021/3021
f 137/137/137 3021/3021/3021 139/139/139
f 139/139/139 3021/3021/3021 3023/3023/3023
f 139/139/139 3023/3023/3023 3073/3073/3073
f 3073/3073/3073 3023/3023/3023 3025/3025/3025
f 3073/3073/3073 3025/3025/3025 3070/3070/3070
f 3070/3070/3070 3025/3025/3025 3027/3027/3027
f 3070/3070/3070 3027/3027/3027 3069/3069/3069
f 3069/3069/3069 3027/3027/3027 3031/3031/3031
f 3069/3069/3069 3031/3031/3031 3067/3067/3067
f 3067/3067/3067 3031/3031/3031 3033/3033/3033
f 3067/3067/3067 3033/3033/3033 3064/3064/3064
f 3064/3064/3064 3033/3033/3033 3034/3034/3034
f 3064/3064/3064 3034/3034/3034 3037/3037/3037
f 3064/3064/3064 3037/3037/3037 3062/3062/3062
f 3062/3062/3062 3037/3037/3037 3039/3039/3039
f 3062/3062/3062 3039/3039/3039 3059/3059/3059
f 3059/3059/3059 3039/3039/3039 3042/3042/3042
f 3059/3059/3059 3042/3042/3042 3058/3058/3058
f 3058/3058/3058 3042/3042/3042 1213/1213/1213
f 3045/3045/3045 3049/3049/3049 1211/1211/1211
f 3073/3073/3073 3076/3076/3076 139/139/139
f 139/139/139 3076/3076/3076 3077/3077/3077
f 139/139/139 3077/3077/3077 3081/3081/3081
f 139/139/139 3081/3081/3081 140/140/140
f 140/140/140 3081/3081/3081 3082/3082/3082
f 140/140/140 3082/3082/3082 3084/3084/3084
f 3084/3084/3084 3087/3087/3087 140/140/140
f 140/140/140 3087/3087/3087 3089/3089/3089
f 140/140/140 3089/3089/3089 142/142/142
f 142/142/142 3089/3089/3089 3091/3091/3091
f 3108/3108/3108 3110/3110/3110 1083/1083/1083
f 1083/1083/1083 3110/3110/3110 3111/3111/3111
f 3117/3117/3117 3119/3119/3119 1214/1214/1214
f 1214/1214/1214 3119/3119/3119 3052/3052/3052
f 151/151/151 149/149/149 1323/1323/1323
f 146/146/146 144/144/144 1263/1263/1263
f 112/112/112 110/110/110 2548/2548/2548
f 108/108/108 106/106/106 2479/2479/2479
f 79/79/79 77/77/77 1936/1936/1936
f 74/74/74 73/73/73 1868/1868/1868
f 3123/3123/3123 5034/5034/5034 3121/3121/3121
f 3121/3121/3121 5034/5034/5034 5036/5036/5036
f 3121/3121/3121 5036/5036/5036 5037/5037/5037
f 3125/3125/3125 5025/5025/5025 3123/3123/3123
f 3123/3123/3123 5025/5025/5025 5026/5026/5026
f 3123/3123/3123 5026/5026/5026 5028/5028/5028
f 3128/3128/3128 4968/4968/4968 3125/3125/3125
f 3125/3125/3125 4968/4968/4968 5087/5087/5087
f 3125/3125/3125 5087/5087/5087 5089/5089/5089
f 3130/3130/3130 4960/4960/4960 3128/3128/3128
f 3128/3128/3128 4960/4960/4960 4964/4964/4964
f 3128/3128/3128 4964/4964/4964 4965/4965/4965
f 3131/3131/3131 5022/5022/5022 3130/3130/3130
f 3130/3130/3130 5022/5022/5022 4956/4956/4956
f 3130/3130/3130 4956/4956/4956 4958/4958/4958
f 3133/3133/3133 4894/4894/4894 3131/3131/3131
f 3131/3131/3131 4894/4894/4894 4897/4897/4897
f 3131/3131/3131 4897/4897/4897 4900/4900/4900
f 3135/3135/3135 4888/4888/4888 3133/3133/3133
f 3133/3133/3133 4888/4888/4888 4891/4891/4891
f 3133/3133/3133 4891/4891/4891 4892/4892/4892
f 3137/3137/3137 4829/4829/4829 3135/3135/3135
f 3135/3135/3135 4829/4829/4829 4832/4832/4832
f 3135/3135/3135 4832/4832/4832 4834/4834/4834
f 3139/3139/3139 4822/4822/4822 3137/3137/3137
f 3137/3137/3137 4822/4822/4822 4824/4824/4824
f 3137/3137/3137 4824/4824/4824 4826/4826/4826
f 3141/3141/3141 4883/4883/4883 3139/3139/3139
f 3139/3139/3139 4883/4883/4883 4885/4885/4885
f 3139/3139/3139 4885/4885/4885 4821/4821/4821
f 3143/3143/3143 4757/4757/4757 3141/3141/3141
f 3141/3141/3141 4757/4757/4757 4760/4760/4760
f 3141/3141/3141 4760/4760/4760 4761/4761/4761
f 3146/3146/3146 4818/4818/4818 3143/3143/3143
f 3143/3143/3143 4818/4818/4818 4752/4752/4752
f 3143/3143/3143 4752/4752/4752 4755/4755/4755
f 3148/3148/3148 4694/4694/4694 3146/3146/3146
f 3146/3146/3146 4694/4694/4694 4696/4696/4696
f 3146/3146/3146 4696/4696/4696 4697/4697/4697
f 3150/3150/3150 4683/4683/4683 3148/3148/3148
f 3148/3148/3148 4683/4683/4683 4686/4686/4686
f 3148/3148/3148 4686/4686/4686 4688/4688/4688
f 3151/3151/3151 4627/4627/4627 3150/3150/3150
f 3150/3150/3150 4627/4627/4627 4747/4747/4747
f 3150/3150/3150 4747/4747/4747 4750/4750/4750
f 3153/3153/3153 4621/4621/4621 3151/3151/3151
f 3151/3151/3151 4621/4621/4621 4622/4622/4622
f 3151/3151/3151 4622/4622/4622 4625/4625/4625
f 3155/3155/3155 4681/4681/4681 3153/3153/3153
f 3153/3153/3153 4681/4681/4681 4617/4617/4617
f 3153/3153/3153 4617/4617/4617 4619/4619/4619
f 3158/3158/3158 4554/4554/4554 3155/3155/3155
f 3155/3155/3155 4554/4554/4554 4557/4557/4557
f 3155/3155/3155 4557/4557/4557 4559/4559/4559
f 3159/3159/3159 4547/4547/4547 3158/3158/3158
f 3158/3158/3158 4547/4547/4547 4550/4550/4550
f 3158/3158/3158 4550/4550/4550 4552/4552/4552
f 3161/3161/3161 4489/4489/4489 3159/3159/3159
f 3159/3159/3159 4489/4489/4489 4491/4491/4491
f 3159/3159/3159 4491/4491/4491 4493/4493/4493
f 3163/3163/3163 4483/4483/4483 3161/3161/3161
f 3161/3161/3161 4483/4483/4483 4485/4485/4485
f 3161/3161/3161 4485/4485/4485 4488/4488/4488
f 3165/3165/3165 4544/4544/4544 3163/3163/3163
f 3163/3163/3163 4544/4544/4544 4545/4545/4545
f 3163/3163/3163 4545/4545/4545 4479/4479/4479
f 3167/3167/3167 4417/4417/4417 3165/3165/3165
f 3165/3165/3165 4417/4417/4417 4420/4420/4420
f 3165/3165/3165 4420/4420/4420 4421/4421/4421
f 3169/3169/3169 4477/4477/4477 3167/3167/3167
f 3167/3167/3167 4477/4477/4477 4411/4411/4411
f 3167/3167/3167 4411/4411/4411 4414/4414/4414
f 3172/3172/3172 4352/4352/4352 3169/3169/3169
f 3169/3169/3169 4352/4352/4352 4354/4354/4354
f 3169/3169/3169 4354/4354/4354 4356/4356/4356
f 3174/3174/3174 4343/4343/4343 3172/3172/3172
f 3172/3172/3172 4343/4343/4343 4346/4346/4346
f 3172/3172/3172 4346/4346/4346 4349/4349/4349
f 3176/3176/3176 4287/4287/4287 3174/3174/3174
f 3174/3174/3174 4287/4287/4287 4408/4408/4408
f 3174/3174/3174 4408/4408/4408 4410/4410/4410
f 3178/3178/3178 4278/4278/4278 3176/3176/3176
f 3176/3176/3176 4278/4278/4278 4281/4281/4281
f 3176/3176/3176 4281/4281/4281 4283/4283/4283
f 3180/3180/3180 4341/4341/4341 3178/3178/3178
f 3178/3178/3178 4341/4341/4341 4276/4276/4276
f 3178/3178/3178 4276/4276/4276 4278/4278/4278
f 3182/3182/3182 4214/4214/4214 3180/3180/3180
f 3180/3180/3180 4214/4214/4214 4218/4218/4218
f 3180/3180/3180 4218/4218/4218 4220/4220/4220
f 3184/3184/3184 4209/4209/4209 3182/3182/3182
f 3182/3182/3182 4209/4209/4209 4211/4211/4211
f 3182/3182/3182 4211/4211/4211 4212/4212/4212
f 3185/3185/3185 4150/4150/4150 3184/3184/3184
f 3184/3184/3184 4150/4150/4150 4152/4152/4152
f 3184/3184/3184 4152/4152/4152 4153/4153/4153
f 3187/3187/3187 4142/4142/4142 3185/3185/3185
f 3185/3185/3185 4142/4142/4142 4145/4145/4145
f 3185/3185/3185 4145/4145/4145 4146/4146/4146
f 3190/3190/3190 4203/4203/4203 3187/3187/3187
f 3187/3187/3187 4203/4203/4203 4206/4206/4206
f 3187/3187/3187 4206/4206/4206 4141/4141/4141
f 3192/3192/3192 4077/4077/4077 3190/3190/3190
f 3190/3190/3190 4077/4077/4077 4079/4079/4079
f 3190/3190/3190 4079/4079/4079 4081/4081/4081
f 3193/3193/3193 4138/4138/4138 3192/3192/3192
f 3192/3192/3192 4138/4138/4138 4073/4073/4073
f 3192/3192/3192 4073/4073/4073 4075/4075/4075
f 3195/3195/3195 4010/4010/4010 3193/3193/3193
f 3193/3193/3193 4010/4010/4010 4014/4014/4014
f 3193/3193/3193 4014/4014/4014 4015/4015/4015
f 3197/3197/3197 4005/4005/4005 3195/3195/3195
f 3195/3195/3195 4005/4005/4005 4006/4006/4006
f 3195/3195/3195 4006/4006/4006 4009/4009/4009
f 3199/3199/3199 3946/3946/3946 3197/3197/3197
f 3197/3197/3197 3946/3946/3946 3948/3948/3948
f 3197/3197/3197 3948/3948/3948 4066/4066/4066
f 4066/4066/4066 3948/3948/3948 3950/3950/3950
f 4066/4066/4066 3950/3950/3950 4064/4064/4064
f 4064/4064/4064 3950/3950/3950 3953/3953/3953
f 4064/4064/4064 3953/3953/3953 4060/4060/4060
f 4060/4060/4060 3953/3953/3953 3955/3955/3955
f 4060/4060/4060 3955/3955/3955 3956/3956/3956
f 3201/3201/3201 3939/3939/3939 3199/3199/3199
f 3199/3199/3199 3939/3939/3939 3941/3941/3941
f 3199/3199/3199 3941/3941/3941 3944/3944/3944
f 3204/3204/3204 3999/3999/3999 3201/3201/3201
f 3201/3201/3201 3999/3999/3999 4002/4002/4002
f 3201/3201/3201 4002/4002/4002 3935/3935/3935
f 3206/3206/3206 3875/3875/3875 3204/3204/3204
f 3204/3204/3204 3875/3875/3875 3877/3877/3877
f 3204/3204/3204 3877/3877/3877 3879/3879/3879
f 3208/3208/3208 3934/3934/3934 3206/3206/3206
f 3206/3206/3206 3934/3934/3934 3867/3867/3867
f 3206/3206/3206 3867/3867/3867 3871/3871/3871
f 3210/3210/3210 3809/3809/3809 3208/3208/3208
f 3208/3208/3208 3809/3809/3809 3811/3811/3811
f 3208/3208/3208 3811/3811/3811 3814/3814/3814
f 3212/3212/3212 3802/3802/3802 3210/3210/3210
f 3210/3210/3210 3802/3802/3802 3804/3804/3804
f 3210/3210/3210 3804/3804/3804 3808/3808/3808
f 3213/3213/3213 3744/3744/3744 3212/3212/3212
f 3212/3212/3212 3744/3744/3744 3863/3863/3863
f 3212/3212/3212 3863/3863/3863 3865/3865/3865
f 3215/3215/3215 3736/3736/3736 3213/3213/3213
f 3213/3213/3213 3736/3736/3736 3740/3740/3740
f 3213/3213/3213 3740/3740/3740 3741/3741/3741
f 3218/3218/3218 3798/3798/3798 3215/3215/3215
f 3215/3215/3215 3798/3798/3798 3732/3732/3732
f 3215/3215/3215 3732/3732/3732 3735/3735/3735
f 3219/3219/3219 3670/3670/3670 3218/3218/3218
f 3218/3218/3218 3670/3670/3670 3673/3673/3673
f 3218/3218/3218 3673/3673/3673 3676/3676/3676
f 3221/3221/3221 3663/3663/3663 3219/3219/3219
f 3219/3219/3219 3663/3663/3663 3666/3666/3666
f 3219/3219/3219 3666/3666/3666 3668/3668/3668
f 3223/3223/3223 3605/3605/3605 3221/3221/3221
f 3221/3221/3221 3605/3605/3605 3608/3608/3608
f 3221/3221/3221 3608/3608/3608 3726/3726/3726
f 3726/3726/3726 3608/3608/3608 3610/3610/3610
f 3726/3726/3726 3610/3610/3610 3724/3724/3724
f 3724/3724/3724 3610/3610/3610 3613/3613/3613
f 3724/3724/3724 3613/3613/3613 3721/3721/3721
f 3721/3721/3721 3613/3613/3613 3614/3614/3614
f 3721/3721/3721 3614/3614/3614 3617/3617/3617
f 3226/3226/3226 3598/3598/3598 3223/3223/3223
f 3223/3223/3223 3598/3598/3598 3600/3600/3600
f 3223/3223/3223 3600/3600/3600 3602/3602/3602
f 3228/3228/3228 3659/3659/3659 3226/3226/3226
f 3226/3226/3226 3659/3659/3659 3661/3661/3661
f 3226/3226/3226 3661/3661/3661 3595/3595/3595
f 3230/3230/3230 3535/3535/3535 3228/3228/3228
f 3228/3228/3228 3535/3535/3535 3537/3537/3537
f 3228/3228/3228 3537/3537/3537 3540/3540/3540
f 3231/3231/3231 3593/3593/3593 3230/3230/3230
f 3230/3230/3230 3593/3593/3593 3529/3529/3529
f 3230/3230/3230 3529/3529/3529 3530/3530/3530
f 3233/3233/3233 3469/3469/3469 3231/3231/3231
f 3231/3231/3231 3469/3469/3469 3471/3471/3471
f 3231/3231/3231 3471/3471/3471 3474/3474/3474
f 3235/3235/3235 3460/3460/3460 3233/3233/3233
f 3233/3233/3233 3460/3460/3460 3462/3462/3462
f 3233/3233/3233 3462/3462/3462 3465/3465/3465
f 3237/3237/3237 3403/3403/3403 3235/3235/3235
f 3235/3235/3235 3403/3403/3403 3524/3524/3524
f 3235/3235/3235 3524/3524/3524 3526/3526/3526
f 3239/3239/3239 3396/3396/3396 3237/3237/3237
f 3237/3237/3237 3396/3396/3396 3400/3400/3400
f 3237/3237/3237 3400/3400/3400 3402/3402/3402
f 3242/3242/3242 3458/3458/3458 3239/3239/3239
f 3239/3239/3239 3458/3458/3458 3391/3391/3391
f 3239/3239/3239 3391/3391/3391 3395/3395/3395
f 3244/3244/3244 3331/3331/3331 3242/3242/3242
f 3242/3242/3242 3331/3331/3331 3334/3334/3334
f 3242/3242/3242 3334/3334/3334 3336/3336/3336
f 3246/3246/3246 3323/3323/3323 3244/3244/3244
f 3244/3244/3244 3323/3323/3323 3326/3326/3326
f 3244/3244/3244 3326/3326/3326 3328/3328/3328
f 3247/3247/3247 3266/3266/3266 3246/3246/3246
f 3246/3246/3246 3266/3266/3266 3267/3267/3267
f 3246/3246/3246 3267/3267/3267 3385/3385/3385
f 3385/3385/3385 3267/3267/3267 3269/3269/3269
f 3385/3385/3385 3269/3269/3269 3383/3383/3383
f 3383/3383/3383 3269/3269/3269 3271/3271/3271
f 3383/3383/3383 3271/3271/3271 3380/3380/3380
f 3380/3380/3380 3271/3271/3271 3274/3274/3274
f 3380/3380/3380 3274/3274/3274 3276/3276/3276
f 3250/3250/3250 3258/3258/3258 3247/3247/3247
f 3247/3247/3247 3258/3258/3258 3260/3260/3260
f 3247/3247/3247 3260/3260/3260 3262/3262/3262
f 3252/3252/3252 3319/3319/3319 3250/3250/3250
f 3250/3250/3250 3319/3319/3319 3321/3321/3321
f 3250/3250/3250 3321/3321/3321 3257/3257/3257
f 3253/3253/3253 5157/5157/5157 3252/3252/3252
f 3252/3252/3252 5157/5157/5157 5093/5093/5093
f 3252/3252/3252 5093/5093/5093 5094/5094/5094
f 3121/3121/3121 5151/5151/5151 3253/3253/3253
f 3253/3253/3253 5151/5151/5151 5154/5154/5154
f 3253/3253/3253 5154/5154/5154 5156/5156/5156
f 3257/3257/3257 3258/3258/3258 3250/3250/3250
f 3262/3262/3262 3266/3266/3266 3247/3247/3247
f 3380/3380/3380 3276/3276/3276 3379/3379/3379
f 3379/3379/3379 3276/3276/3276 3279/3279/3279
f 3379/3379/3379 3279/3279/3279 3377/3377/3377
f 3377/3377/3377 3279/3279/3279 3280/3280/3280
f 3377/3377/3377 3280/3280/3280 3374/3374/3374
f 3374/3374/3374 3280/3280/3280 3284/3284/3284
f 3374/3374/3374 3284/3284/3284 3372/3372/3372
f 3372/3372/3372 3284/3284/3284 3286/3286/3286
f 3372/3372/3372 3286/3286/3286 3370/3370/3370
f 3370/3370/3370 3286/3286/3286 554/554/554
f 3370/3370/3370 554/554/554 3368/3368/3368
f 3368/3368/3368 554/554/554 3364/3364/3364
f 3364/3364/3364 554/554/554 3362/3362/3362
f 3362/3362/3362 554/554/554 3361/3361/3361
f 3361/3361/3361 554/554/554 552/552/552
f 3361/3361/3361 552/552/552 3358/3358/3358
f 3358/3358/3358 552/552/552 3355/3355/3355
f 3355/3355/3355 552/552/552 3354/3354/3354
f 3354/3354/3354 552/552/552 3438/3438/3438
f 3354/3354/3354 3438/3438/3438 3439/3439/3439
f 554/554/554 3286/3286/3286 556/556/556
f 556/556/556 3286/3286/3286 3288/3288/3288
f 556/556/556 3288/3288/3288 3291/3291/3291
f 3291/3291/3291 3293/3293/3293 556/556/556
f 556/556/556 3293/3293/3293 3294/3294/3294
f 556/556/556 3294/3294/3294 3296/3296/3296
f 556/556/556 3296/3296/3296 558/558/558
f 558/558/558 3296/3296/3296 3299/3299/3299
f 558/558/558 3299/3299/3299 3302/3302/3302
f 558/558/558 3302/3302/3302 5115/5115/5115
f 5115/5115/5115 3302/3302/3302 3303/3303/3303
f 5115/5115/5115 3303/3303/3303 5113/5113/5113
f 5113/5113/5113 3303/3303/3303 3306/3306/3306
f 5113/5113/5113 3306/3306/3306 5111/5111/5111
f 5111/5111/5111 3306/3306/3306 3309/3309/3309
f 5111/5111/5111 3309/3309/3309 5108/5108/5108
f 5108/5108/5108 3309/3309/3309 3311/3311/3311
f 5108/5108/5108 3311/3311/3311 5105/5105/5105
f 5105/5105/5105 3311/3311/3311 3313/3313/3313
f 5105/5105/5105 3313/3313/3313 5104/5104/5104
f 5104/5104/5104 3313/3313/3313 5102/5102/5102
f 5102/5102/5102 3313/3313/3313 3316/3316/3316
f 5102/5102/5102 3316/3316/3316 5098/5098/5098
f 5098/5098/5098 3316/3316/3316 3317/3317/3317
f 5098/5098/5098 3317/3317/3317 5096/5096/5096
f 5096/5096/5096 3317/3317/3317 3252/3252/3252
f 5096/5096/5096 3252/3252/3252 5094/5094/5094
f 3317/3317/3317 3319/3319/3319 3252/3252/3252
f 3328/3328/3328 3331/3331/3331 3244/3244/3244
f 3336/3336/3336 3338/3338/3338 3242/3242/3242
f 3242/3242/3242 3338/3338/3338 3453/3453/3453
f 3242/3242/3242 3453/3453/3453 3456/3456/3456
f 3453/3453/3453 3338/3338/3338 3450/3450/3450
f 3450/3450/3450 3338/3338/3338 3341/3341/3341
f 3450/3450/3450 3341/3341/3341 3448/3448/3448
f 3448/3448/3448 3341/3341/3341 3343/3343/3343
f 3448/3448/3448 3343/3343/3343 3345/3345/3345
f 3448/3448/3448 3345/3345/3345 3447/3447/3447
f 3447/3447/3447 3345/3345/3345 3347/3347/3347
f 3447/3447/3447 3347/3347/3347 3445/3445/3445
f 3445/3445/3445 3347/3347/3347 3350/3350/3350
f 3445/3445/3445 3350/3350/3350 3442/3442/3442
f 3442/3442/3442 3350/3350/3350 3352/3352/3352
f 3442/3442/3442 3352/3352/3352 3439/3439/3439
f 3439/3439/3439 3352/3352/3352 3354/3354/3354
f 3385/3385/3385 3387/3387/3387 3246/3246/3246
f 3246/3246/3246 3387/3387/3387 3390/3390/3390
f 3246/3246/3246 3390/3390/3390 3323/3323/3323
f 3395/3395/3395 3396/3396/3396 3239/3239/3239
f 3402/3402/3402 3403/3403/3403 3237/3237/3237
f 3524/3524/3524 3403/3403/3403 3522/3522/3522
f 3522/3522/3522 3403/3403/3403 3406/3406/3406
f 3522/3522/3522 3406/3406/3406 3519/3519/3519
f 3519/3519/3519 3406/3406/3406 3407/3407/3407
f 3519/3519/3519 3407/3407/3407 3517/3517/3517
f 3517/3517/3517 3407/3407/3407 3410/3410/3410
f 3517/3517/3517 3410/3410/3410 3413/3413/3413
f 3517/3517/3517 3413/3413/3413 3514/3514/3514
f 3514/3514/3514 3413/3413/3413 3415/3415/3415
f 3514/3514/3514 3415/3415/3415 3513/3513/3513
f 3513/3513/3513 3415/3415/3415 3418/3418/3418
f 3513/3513/3513 3418/3418/3418 3510/3510/3510
f 3510/3510/3510 3418/3418/3418 3420/3420/3420
f 3510/3510/3510 3420/3420/3420 3507/3507/3507
f 3507/3507/3507 3420/3420/3420 3422/3422/3422
f 3507/3507/3507 3422/3422/3422 548/548/548
f 548/548/548 3422/3422/3422 3424/3424/3424
f 548/548/548 3424/3424/3424 3427/3427/3427
f 548/548/548 3427/3427/3427 550/550/550
f 550/550/550 3427/3427/3427 3429/3429/3429
f 550/550/550 3429/3429/3429 3431/3431/3431
f 3431/3431/3431 3432/3432/3432 550/550/550
f 550/550/550 3432/3432/3432 3435/3435/3435
f 550/550/550 3435/3435/3435 3438/3438/3438
f 3456/3456/3456 3458/3458/3458 3242/3242/3242
f 3465/3465/3465 3468/3468/3468 3233/3233/3233
f 3233/3233/3233 3468/3468/3468 3469/3469/3469
f 3477/3477/3477 3588/3588/3588 3474/3474/3474
f 3474/3474/3474 3588/3588/3588 3589/3589/3589
f 3474/3474/3474 3589/3589/3589 3231/3231/3231
f 3231/3231/3231 3589/3589/3589 3591/3591/3591
f 3231/3231/3231 3591/3591/3591 3593/3593/3593
f 3588/3588/3588 3477/3477/3477 3584/3584/3584
f 3584/3584/3584 3477/3477/3477 3478/3478/3478
f 3584/3584/3584 3478/3478/3478 3481/3481/3481
f 3584/3584/3584 3481/3481/3481 3582/3582/3582
f 3582/3582/3582 3481/3481/3481 3483/3483/3483
f 3582/3582/3582 3483/3483/3483 3581/3581/3581
f 3581/3581/3581 3483/3483/3483 3484/3484/3484
f 3581/3581/3581 3484/3484/3484 3578/3578/3578
f 3578/3578/3578 3484/3484/3484 3487/3487/3487
f 3578/3578/3578 3487/3487/3487 3576/3576/3576
f 3576/3576/3576 3487/3487/3487 3489/3489/3489
f 3576/3576/3576 3489/3489/3489 544/544/544
f 544/544/544 3489/3489/3489 3491/3491/3491
f 544/544/544 3491/3491/3491 3494/3494/3494
f 544/544/544 3494/3494/3494 547/547/547
f 547/547/547 3494/3494/3494 3497/3497/3497
f 547/547/547 3497/3497/3497 3499/3499/3499
f 3499/3499/3499 3500/3500/3500 547/547/547
f 547/547/547 3500/3500/3500 3504/3504/3504
f 547/547/547 3504/3504/3504 3506/3506/3506
f 547/547/547 3506/3506/3506 548/548/548
f 548/548/548 3506/3506/3506 3507/3507/3507
f 3526/3526/3526 3460/3460/3460 3235/3235/3235
f 3530/3530/3530 3532/3532/3532 3230/3230/3230
f 3230/3230/3230 3532/3532/3532 3535/3535/3535
f 3228/3228/3228 3540/3540/3540 3657/3657/3657
f 3657/3657/3657 3540/3540/3540 3542/3542/3542
f 3657/3657/3657 3542/3542/3542 3654/3654/3654
f 3654/3654/3654 3542/3542/3542 3543/3543/3543
f 3654/3654/3654 3543/3543/3543 3652/3652/3652
f 3652/3652/3652 3543/3543/3543 3546/3546/3546
f 3652/3652/3652 3546/3546/3546 3549/3549/3549
f 3652/3652/3652 3549/3549/3549 3651/3651/3651
f 3651/3651/3651 3549/3549/3549 3550/3550/3550
f 3651/3651/3651 3550/3550/3550 3649/3649/3649
f 3649/3649/3649 3550/3550/3550 3552/3552/3552
f 3649/3649/3649 3552/3552/3552 3645/3645/3645
f 3645/3645/3645 3552/3552/3552 3556/3556/3556
f 3645/3645/3645 3556/3556/3556 3643/3643/3643
f 3643/3643/3643 3556/3556/3556 3558/3558/3558
f 3643/3643/3643 3558/3558/3558 541/541/541
f 541/541/541 3558/3558/3558 3560/3560/3560
f 541/541/541 3560/3560/3560 3563/3563/3563
f 541/541/541 3563/3563/3563 542/542/542
f 542/542/542 3563/3563/3563 3564/3564/3564
f 542/542/542 3564/3564/3564 3566/3566/3566
f 3566/3566/3566 3570/3570/3570 542/542/542
f 542/542/542 3570/3570/3570 3572/3572/3572
f 542/542/542 3572/3572/3572 544/544/544
f 544/544/544 3572/3572/3572 3574/3574/3574
f 544/544/544 3574/3574/3574 3576/3576/3576
f 3595/3595/3595 3598/3598/3598 3226/3226/3226
f 3602/3602/3602 3605/3605/3605 3223/3223/3223
f 3721/3721/3721 3617/3617/3617 3718/3718/3718
f 3718/3718/3718 3617/3617/3617 3619/3619/3619
f 3718/3718/3718 3619/3619/3619 3717/3717/3717
f 3717/3717/3717 3619/3619/3619 3622/3622/3622
f 3717/3717/3717 3622/3622/3622 3713/3713/3713
f 3713/3713/3713 3622/3622/3622 3624/3624/3624
f 3713/3713/3713 3624/3624/3624 3711/3711/3711
f 3711/3711/3711 3624/3624/3624 3626/3626/3626
f 3711/3711/3711 3626/3626/3626 537/537/537
f 537/537/537 3626/3626/3626 3627/3627/3627
f 537/537/537 3627/3627/3627 539/539/539
f 539/539/539 3627/3627/3627 3630/3630/3630
f 539/539/539 3630/3630/3630 3632/3632/3632
f 3632/3632/3632 3634/3634/3634 539/539/539
f 539/539/539 3634/3634/3634 3638/3638/3638
f 539/539/539 3638/3638/3638 3640/3640/3640
f 539/539/539 3640/3640/3640 541/541/541
f 541/541/541 3640/3640/3640 3641/3641/3641
f 541/541/541 3641/3641/3641 3643/3643/3643
f 3657/3657/3657 3659/3659/3659 3228/3228/3228
f 3668/3668/3668 3670/3670/3670 3219/3219/3219
f 3676/3676/3676 3677/3677/3677 3218/3218/3218
f 3218/3218/3218 3677/3677/3677 3794/3794/3794
f 3218/3218/3218 3794/3794/3794 3796/3796/3796
f 3794/3794/3794 3677/3677/3677 3791/3791/3791
f 3791/3791/3791 3677/3677/3677 3679/3679/3679
f 3791/3791/3791 3679/3679/3679 3788/3788/3788
f 3788/3788/3788 3679/3679/3679 3683/3683/3683
f 3788/3788/3788 3683/3683/3683 3684/3684/3684
f 3788/3788/3788 3684/3684/3684 3786/3786/3786
f 3786/3786/3786 3684/3684/3684 3687/3687/3687
f 3786/3786/3786 3687/3687/3687 3785/3785/3785
f 3785/3785/3785 3687/3687/3687 3689/3689/3689
f 3785/3785/3785 3689/3689/3689 3782/3782/3782
f 3782/3782/3782 3689/3689/3689 3692/3692/3692
f 3782/3782/3782 3692/3692/3692 3779/3779/3779
f 3779/3779/3779 3692/3692/3692 3694/3694/3694
f 3779/3779/3779 3694/3694/3694 639/639/639
f 639/639/639 3694/3694/3694 3696/3696/3696
f 639/639/639 3696/3696/3696 640/640/640
f 640/640/640 3696/3696/3696 3699/3699/3699
f 640/640/640 3699/3699/3699 3700/3700/3700
f 3700/3700/3700 3702/3702/3702 640/640/640
f 640/640/640 3702/3702/3702 3706/3706/3706
f 640/640/640 3706/3706/3706 3708/3708/3708
f 640/640/640 3708/3708/3708 537/537/537
f 537/537/537 3708/3708/3708 3710/3710/3710
f 537/537/537 3710/3710/3710 3711/3711/3711
f 3726/3726/3726 3728/3728/3728 3221/3221/3221
f 3221/3221/3221 3728/3728/3728 3730/3730/3730
f 3221/3221/3221 3730/3730/3730 3663/3663/3663
f 3735/3735/3735 3736/3736/3736 3215/3215/3215
f 3741/3741/3741 3744/3744/3744 3213/3213/3213
f 3863/3863/3863 3744/3744/3744 3861/3861/3861
f 3861/3861/3861 3744/3744/3744 3746/3746/3746
f 3861/3861/3861 3746/3746/3746 3858/3858/3858
f 3858/3858/3858 3746/3746/3746 3748/3748/3748
f 3858/3858/3858 3748/3748/3748 3857/3857/3857
f 3857/3857/3857 3748/3748/3748 3751/3751/3751
f 3857/3857/3857 3751/3751/3751 3753/3753/3753
f 3857/3857/3857 3753/3753/3753 3854/3854/3854
f 3854/3854/3854 3753/3753/3753 3754/3754/3754
f 3854/3854/3854 3754/3754/3754 3853/3853/3853
f 3853/3853/3853 3754/3754/3754 3757/3757/3757
f 3853/3853/3853 3757/3757/3757 3849/3849/3849
f 3849/3849/3849 3757/3757/3757 3759/3759/3759
f 3849/3849/3849 3759/3759/3759 3848/3848/3848
f 3848/3848/3848 3759/3759/3759 3761/3761/3761
f 3848/3848/3848 3761/3761/3761 635/635/635
f 635/635/635 3761/3761/3761 3763/3763/3763
f 635/635/635 3763/3763/3763 636/636/636
f 636/636/636 3763/3763/3763 3767/3767/3767
f 636/636/636 3767/3767/3767 3768/3768/3768
f 3768/3768/3768 3770/3770/3770 636/636/636
f 636/636/636 3770/3770/3770 3773/3773/3773
f 636/636/636 3773/3773/3773 3776/3776/3776
f 636/636/636 3776/3776/3776 639/639/639
f 639/639/639 3776/3776/3776 3778/3778/3778
f 639/639/639 3778/3778/3778 3779/3779/3779
f 3796/3796/3796 3798/3798/3798 3218/3218/3218
f 3865/3865/3865 3800/3800/3800 3212/3212/3212
f 3212/3212/3212 3800/3800/3800 3802/3802/3802
f 3808/3808/3808 3809/3809/3809 3210/3210/3210
f 3816/3816/3816 3926/3926/3926 3814/3814/3814
f 3814/3814/3814 3926/3926/3926 3929/3929/3929
f 3814/3814/3814 3929/3929/3929 3208/3208/3208
f 3208/3208/3208 3929/3929/3929 3931/3931/3931
f 3208/3208/3208 3931/3931/3931 3934/3934/3934
f 3926/3926/3926 3816/3816/3816 3924/3924/3924
f 3924/3924/3924 3816/3816/3816 3819/3819/3819
f 3924/3924/3924 3819/3819/3819 3821/3821/3821
f 3924/3924/3924 3821/3821/3821 3923/3923/3923
f 3923/3923/3923 3821/3821/3821 3822/3822/3822
f 3923/3923/3923 3822/3822/3822 3920/3920/3920
f 3920/3920/3920 3822/3822/3822 3826/3826/3826
f 3920/3920/3920 3826/3826/3826 3917/3917/3917
f 3917/3917/3917 3826/3826/3826 3827/3827/3827
f 3917/3917/3917 3827/3827/3827 3916/3916/3916
f 3916/3916/3916 3827/3827/3827 3830/3830/3830
f 3916/3916/3916 3830/3830/3830 3914/3914/3914
f 3914/3914/3914 3830/3830/3830 631/631/631
f 3914/3914/3914 631/631/631 3912/3912/3912
f 3912/3912/3912 631/631/631 3908/3908/3908
f 3908/3908/3908 631/631/631 629/629/629
f 3908/3908/3908 629/629/629 3907/3907/3907
f 3907/3907/3907 629/629/629 3905/3905/3905
f 3905/3905/3905 629/629/629 3903/3903/3903
f 3903/3903/3903 629/629/629 3900/3900/3900
f 3900/3900/3900 629/629/629 3898/3898/3898
f 3898/3898/3898 629/629/629 626/626/626
f 3898/3898/3898 626/626/626 3981/3981/3981
f 3981/3981/3981 626/626/626 3979/3979/3979
f 3979/3979/3979 626/626/626 3977/3977/3977
f 3977/3977/3977 626/626/626 3975/3975/3975
f 3975/3975/3975 626/626/626 625/625/625
f 3975/3975/3975 625/625/625 3972/3972/3972
f 3972/3972/3972 625/625/625 3969/3969/3969
f 3969/3969/3969 625/625/625 3967/3967/3967
f 3967/3967/3967 625/625/625 3965/3965/3965
f 3965/3965/3965 625/625/625 4050/4050/4050
f 3965/3965/3965 4050/4050/4050 4052/4052/4052
f 631/631/631 3830/3830/3830 633/633/633
f 633/633/633 3830/3830/3830 3832/3832/3832
f 633/633/633 3832/3832/3832 3834/3834/3834
f 3834/3834/3834 3836/3836/3836 633/633/633
f 633/633/633 3836/3836/3836 3839/3839/3839
f 633/633/633 3839/3839/3839 3842/3842/3842
f 633/633/633 3842/3842/3842 635/635/635
f 635/635/635 3842/3842/3842 3844/3844/3844
f 635/635/635 3844/3844/3844 3845/3845/3845
f 3845/3845/3845 3848/3848/3848 635/635/635
f 3871/3871/3871 3873/3873/3873 3206/3206/3206
f 3206/3206/3206 3873/3873/3873 3875/3875/3875
f 3204/3204/3204 3879/3879/3879 3997/3997/3997
f 3997/3997/3997 3879/3879/3879 3881/3881/3881
f 3997/3997/3997 3881/3881/3881 3996/3996/3996
f 3996/3996/3996 3881/3881/3881 3885/3885/3885
f 3996/3996/3996 3885/3885/3885 3992/3992/3992
f 3992/3992/3992 3885/3885/3885 3887/3887/3887
f 3992/3992/3992 3887/3887/3887 3888/3888/3888
f 3992/3992/3992 3888/3888/3888 3990/3990/3990
f 3990/3990/3990 3888/3888/3888 3891/3891/3891
f 3990/3990/3990 3891/3891/3891 3989/3989/3989
f 3989/3989/3989 3891/3891/3891 3894/3894/3894
f 3989/3989/3989 3894/3894/3894 3987/3987/3987
f 3987/3987/3987 3894/3894/3894 3896/3896/3896
f 3987/3987/3987 3896/3896/3896 3984/3984/3984
f 3984/3984/3984 3896/3896/3896 3898/3898/3898
f 3984/3984/3984 3898/3898/3898 3981/3981/3981
f 3935/3935/3935 3939/3939/3939 3201/3201/3201
f 3944/3944/3944 3946/3946/3946 3199/3199/3199
f 4060/4060/4060 3956/3956/3956 4059/4059/4059
f 4059/4059/4059 3956/3956/3956 3959/3959/3959
f 4059/4059/4059 3959/3959/3959 4056/4056/4056
f 4056/4056/4056 3959/3959/3959 3961/3961/3961
f 4056/4056/4056 3961/3961/3961 4054/4054/4054
f 4054/4054/4054 3961/3961/3961 3963/3963/3963
f 4054/4054/4054 3963/3963/3963 4052/4052/4052
f 4052/4052/4052 3963/3963/3963 3965/3965/3965
f 3997/3997/3997 3999/3999/3999 3204/3204/3204
f 4009/4009/4009 4010/4010/4010 3195/3195/3195
f 4015/4015/4015 4017/4017/4017 3193/3193/3193
f 3193/3193/3193 4017/4017/4017 4134/4134/4134
f 3193/3193/3193 4134/4134/4134 4135/4135/4135
f 4134/4134/4134 4017/4017/4017 4132/4132/4132
f 4132/4132/4132 4017/4017/4017 4020/4020/4020
f 4132/4132/4132 4020/4020/4020 4128/4128/4128
f 4128/4128/4128 4020/4020/4020 4022/4022/4022
f 4128/4128/4128 4022/4022/4022 4025/4025/4025
f 4128/4128/4128 4025/4025/4025 4127/4127/4127
f 4127/4127/4127 4025/4025/4025 4027/4027/4027
f 4127/4127/4127 4027/4027/4027 4125/4125/4125
f 4125/4125/4125 4027/4027/4027 4030/4030/4030
f 4125/4125/4125 4030/4030/4030 4121/4121/4121
f 4121/4121/4121 4030/4030/4030 4032/4032/4032
f 4121/4121/4121 4032/4032/4032 4120/4120/4120
f 4120/4120/4120 4032/4032/4032 4034/4034/4034
f 4120/4120/4120 4034/4034/4034 621/621/621
f 621/621/621 4034/4034/4034 4035/4035/4035
f 621/621/621 4035/4035/4035 4037/4037/4037
f 4037/4037/4037 4040/4040/4040 621/621/621
f 621/621/621 4040/4040/4040 623/623/623
f 623/623/623 4040/4040/4040 4042/4042/4042
f 623/623/623 4042/4042/4042 4044/4044/4044
f 4044/4044/4044 4048/4048/4048 623/623/623
f 623/623/623 4048/4048/4048 4050/4050/4050
f 623/623/623 4050/4050/4050 625/625/625
f 4066/4066/4066 4068/4068/4068 3197/3197/3197
f 3197/3197/3197 4068/4068/4068 4070/4070/4070
f 3197/3197/3197 4070/4070/4070 4005/4005/4005
f 4075/4075/4075 4077/4077/4077 3192/3192/3192
f 4081/4081/4081 4084/4084/4084 3190/3190/3190
f 3190/3190/3190 4084/4084/4084 4203/4203/4203
f 4203/4203/4203 4084/4084/4084 4201/4201/4201
f 4201/4201/4201 4084/4084/4084 4085/4085/4085
f 4201/4201/4201 4085/4085/4085 4199/4199/4199
f 4199/4199/4199 4085/4085/4085 4088/4088/4088
f 4199/4199/4199 4088/4088/4088 4196/4196/4196
f 4196/4196/4196 4088/4088/4088 4090/4090/4090
f 4196/4196/4196 4090/4090/4090 4092/4092/4092
f 4196/4196/4196 4092/4092/4092 4194/4194/4194
f 4194/4194/4194 4092/4092/4092 4095/4095/4095
f 4194/4194/4194 4095/4095/4095 4193/4193/4193
f 4193/4193/4193 4095/4095/4095 4096/4096/4096
f 4193/4193/4193 4096/4096/4096 4190/4190/4190
f 4190/4190/4190 4096/4096/4096 4100/4100/4100
f 4190/4190/4190 4100/4100/4100 4187/4187/4187
f 4187/4187/4187 4100/4100/4100 4102/4102/4102
f 4187/4187/4187 4102/4102/4102 617/617/617
f 617/617/617 4102/4102/4102 4103/4103/4103
f 617/617/617 4103/4103/4103 4107/4107/4107
f 617/617/617 4107/4107/4107 618/618/618
f 618/618/618 4107/4107/4107 4109/4109/4109
f 618/618/618 4109/4109/4109 4111/4111/4111
f 4111/4111/4111 4113/4113/4113 618/618/618
f 618/618/618 4113/4113/4113 4116/4116/4116
f 618/618/618 4116/4116/4116 4118/4118/4118
f 618/618/618 4118/4118/4118 621/621/621
f 621/621/621 4118/4118/4118 4120/4120/4120
f 4135/4135/4135 4138/4138/4138 3193/3193/3193
f 4141/4141/4141 4142/4142/4142 3187/3187/3187
f 4146/4146/4146 4150/4150/4150 3185/3185/3185
f 4155/4155/4155 4267/4267/4267 4153/4153/4153
f 4153/4153/4153 4267/4267/4267 4269/4269/4269
f 4153/4153/4153 4269/4269/4269 3184/3184/3184
f 3184/3184/3184 4269/4269/4269 4272/4272/4272
f 3184/3184/3184 4272/4272/4272 4273/4273/4273
f 4267/4267/4267 4155/4155/4155 4265/4265/4265
f 4265/4265/4265 4155/4155/4155 4158/4158/4158
f 4265/4265/4265 4158/4158/4158 4161/4161/4161
f 4265/4265/4265 4161/4161/4161 4263/4263/4263
f 4263/4263/4263 4161/4161/4161 4162/4162/4162
f 4263/4263/4263 4162/4162/4162 4260/4260/4260
f 4260/4260/4260 4162/4162/4162 4165/4165/4165
f 4260/4260/4260 4165/4165/4165 4259/4259/4259
f 4259/4259/4259 4165/4165/4165 4167/4167/4167
f 4259/4259/4259 4167/4167/4167 4256/4256/4256
f 4256/4256/4256 4167/4167/4167 4170/4170/4170
f 4256/4256/4256 4170/4170/4170 613/613/613
f 613/613/613 4170/4170/4170 4172/4172/4172
f 613/613/613 4172/4172/4172 4175/4175/4175
f 613/613/613 4175/4175/4175 614/614/614
f 614/614/614 4175/4175/4175 4176/4176/4176
f 614/614/614 4176/4176/4176 4178/4178/4178
f 4178/4178/4178 4181/4181/4181 614/614/614
f 614/614/614 4181/4181/4181 4183/4183/4183
f 614/614/614 4183/4183/4183 617/617/617
f 617/617/617 4183/4183/4183 4185/4185/4185
f 617/617/617 4185/4185/4185 4187/4187/4187
f 4212/4212/4212 4214/4214/4214 3182/3182/3182
f 3180/3180/3180 4220/4220/4220 4338/4338/4338
f 4338/4338/4338 4220/4220/4220 4221/4221/4221
f 4338/4338/4338 4221/4221/4221 4334/4334/4334
f 4334/4334/4334 4221/4221/4221 4223/4223/4223
f 4334/4334/4334 4223/4223/4223 4332/4332/4332
f 4332/4332/4332 4223/4223/4223 4226/4226/4226
f 4332/4332/4332 4226/4226/4226 4229/4229/4229
f 4332/4332/4332 4229/4229/4229 4330/4330/4330
f 4330/4330/4330 4229/4229/4229 4230/4230/4230
f 4330/4330/4330 4230/4230/4230 4328/4328/4328
f 4328/4328/4328 4230/4230/4230 4232/4232/4232
f 4328/4328/4328 4232/4232/4232 4327/4327/4327
f 4327/4327/4327 4232/4232/4232 4236/4236/4236
f 4327/4327/4327 4236/4236/4236 4323/4323/4323
f 4323/4323/4323 4236/4236/4236 4238/4238/4238
f 4323/4323/4323 4238/4238/4238 608/608/608
f 608/608/608 4238/4238/4238 4240/4240/4240
f 608/608/608 4240/4240/4240 611/611/611
f 611/611/611 4240/4240/4240 4241/4241/4241
f 611/611/611 4241/4241/4241 4245/4245/4245
f 4245/4245/4245 4246/4246/4246 611/611/611
f 611/611/611 4246/4246/4246 4250/4250/4250
f 611/611/611 4250/4250/4250 4252/4252/4252
f 611/611/611 4252/4252/4252 613/613/613
f 613/613/613 4252/4252/4252 4254/4254/4254
f 613/613/613 4254/4254/4254 4256/4256/4256
f 4273/4273/4273 4209/4209/4209 3184/3184/3184
f 4283/4283/4283 4286/4286/4286 3176/3176/3176
f 3176/3176/3176 4286/4286/4286 4287/4287/4287
f 4408/4408/4408 4287/4287/4287 4406/4406/4406
f 4406/4406/4406 4287/4287/4287 4290/4290/4290
f 4406/4406/4406 4290/4290/4290 4402/4402/4402
f 4402/4402/4402 4290/4290/4290 4293/4293/4293
f 4402/4402/4402 4293/4293/4293 4400/4400/4400
f 4400/4400/4400 4293/4293/4293 4295/4295/4295
f 4400/4400/4400 4295/4295/4295 4297/4297/4297
f 4400/4400/4400 4297/4297/4297 4398/4398/4398
f 4398/4398/4398 4297/4297/4297 4299/4299/4299
f 4398/4398/4398 4299/4299/4299 4397/4397/4397
f 4397/4397/4397 4299/4299/4299 4302/4302/4302
f 4397/4397/4397 4302/4302/4302 4395/4395/4395
f 4395/4395/4395 4302/4302/4302 4304/4304/4304
f 4395/4395/4395 4304/4304/4304 4392/4392/4392
f 4392/4392/4392 4304/4304/4304 4305/4305/4305
f 4392/4392/4392 4305/4305/4305 604/604/604
f 604/604/604 4305/4305/4305 4307/4307/4307
f 604/604/604 4307/4307/4307 607/607/607
f 607/607/607 4307/4307/4307 4310/4310/4310
f 607/607/607 4310/4310/4310 4313/4313/4313
f 4313/4313/4313 4315/4315/4315 607/607/607
f 607/607/607 4315/4315/4315 4317/4317/4317
f 607/607/607 4317/4317/4317 4320/4320/4320
f 607/607/607 4320/4320/4320 608/608/608
f 608/608/608 4320/4320/4320 4322/4322/4322
f 608/608/608 4322/4322/4322 4323/4323/4323
f 4338/4338/4338 4340/4340/4340 3180/3180/3180
f 3180/3180/3180 4340/4340/4340 4341/4341/4341
f 4349/4349/4349 4352/4352/4352 3172/3172/3172
f 4356/4356/4356 4358/4358/4358 3169/3169/3169
f 3169/3169/3169 4358/4358/4358 4474/4474/4474
f 3169/3169/3169 4474/4474/4474 4475/4475/4475
f 4474/4474/4474 4358/4358/4358 4472/4472/4472
f 4472/4472/4472 4358/4358/4358 4361/4361/4361
f 4472/4472/4472 4361/4361/4361 4469/4469/4469
f 4469/4469/4469 4361/4361/4361 4363/4363/4363
f 4469/4469/4469 4363/4363/4363 4364/4364/4364
f 4469/4469/4469 4364/4364/4364 4467/4467/4467
f 4467/4467/4467 4364/4364/4364 4366/4366/4366
f 4467/4467/4467 4366/4366/4366 4464/4464/4464
f 4464/4464/4464 4366/4366/4366 4370/4370/4370
f 4464/4464/4464 4370/4370/4370 4462/4462/4462
f 4462/4462/4462 4370/4370/4370 4372/4372/4372
f 4462/4462/4462 4372/4372/4372 4460/4460/4460
f 4460/4460/4460 4372/4372/4372 4373/4373/4373
f 4460/4460/4460 4373/4373/4373 601/601/601
f 601/601/601 4373/4373/4373 4376/4376/4376
f 601/601/601 4376/4376/4376 603/603/603
f 603/603/603 4376/4376/4376 4377/4377/4377
f 603/603/603 4377/4377/4377 4380/4380/4380
f 4380/4380/4380 4382/4382/4382 603/603/603
f 603/603/603 4382/4382/4382 4385/4385/4385
f 603/603/603 4385/4385/4385 4387/4387/4387
f 603/603/603 4387/4387/4387 604/604/604
f 604/604/604 4387/4387/4387 4390/4390/4390
f 604/604/604 4390/4390/4390 4392/4392/4392
f 4410/4410/4410 4343/4343/4343 3174/3174/3174
f 4414/4414/4414 4417/4417/4417 3167/3167/3167
f 4421/4421/4421 4424/4424/4424 3165/3165/3165
f 3165/3165/3165 4424/4424/4424 4544/4544/4544
f 4544/4544/4544 4424/4424/4424 4541/4541/4541
f 4541/4541/4541 4424/4424/4424 4426/4426/4426
f 4541/4541/4541 4426/4426/4426 4539/4539/4539
f 4539/4539/4539 4426/4426/4426 4428/4428/4428
f 4539/4539/4539 4428/4428/4428 4536/4536/4536
f 4536/4536/4536 4428/4428/4428 4430/4430/4430
f 4536/4536/4536 4430/4430/4430 4432/4432/4432
f 4536/4536/4536 4432/4432/4432 4535/4535/4535
f 4535/4535/4535 4432/4432/4432 4434/4434/4434
f 4535/4535/4535 4434/4434/4434 4533/4533/4533
f 4533/4533/4533 4434/4434/4434 4436/4436/4436
f 4533/4533/4533 4436/4436/4436 4531/4531/4531
f 4531/4531/4531 4436/4436/4436 4439/4439/4439
f 4531/4531/4531 4439/4439/4439 4527/4527/4527
f 4527/4527/4527 4439/4439/4439 4441/4441/4441
f 4527/4527/4527 4441/4441/4441 4525/4525/4525
f 4525/4525/4525 4441/4441/4441 596/596/596
f 4525/4525/4525 596/596/596 4524/4524/4524
f 4524/4524/4524 596/596/596 4521/4521/4521
f 4521/4521/4521 596/596/596 594/594/594
f 4521/4521/4521 594/594/594 4518/4518/4518
f 4518/4518/4518 594/594/594 4516/4516/4516
f 4516/4516/4516 594/594/594 4514/4514/4514
f 4514/4514/4514 594/594/594 4512/4512/4512
f 4512/4512/4512 594/594/594 4510/4510/4510
f 4510/4510/4510 594/594/594 592/592/592
f 4510/4510/4510 592/592/592 4594/4594/4594
f 4594/4594/4594 592/592/592 4592/4592/4592
f 4592/4592/4592 592/592/592 4590/4590/4590
f 4590/4590/4590 592/592/592 4586/4586/4586
f 4586/4586/4586 592/592/592 591/591/591
f 4586/4586/4586 591/591/591 4584/4584/4584
f 4584/4584/4584 591/591/591 4583/4583/4583
f 4583/4583/4583 591/591/591 4579/4579/4579
f 4579/4579/4579 591/591/591 4577/4577/4577
f 4577/4577/4577 591/591/591 4662/4662/4662
f 4577/4577/4577 4662/4662/4662 4664/4664/4664
f 596/596/596 4441/4441/4441 599/599/599
f 599/599/599 4441/4441/4441 4443/4443/4443
f 599/599/599 4443/4443/4443 4447/4447/4447
f 4447/4447/4447 4448/4448/4448 599/599/599
f 599/599/599 4448/4448/4448 4451/4451/4451
f 599/599/599 4451/4451/4451 4452/4452/4452
f 599/599/599 4452/4452/4452 601/601/601
f 601/601/601 4452/4452/4452 4455/4455/4455
f 601/601/601 4455/4455/4455 4457/4457/4457
f 4457/4457/4457 4460/4460/4460 601/601/601
f 4475/4475/4475 4477/4477/4477 3169/3169/3169
f 4479/4479/4479 4483/4483/4483 3163/3163/3163
f 4488/4488/4488 4489/4489/4489 3161/3161/3161
f 4496/4496/4496 4608/4608/4608 4493/4493/4493
f 4493/4493/4493 4608/4608/4608 4610/4610/4610
f 4493/4493/4493 4610/4610/4610 3159/3159/3159
f 3159/3159/3159 4610/4610/4610 4612/4612/4612
f 3159/3159/3159 4612/4612/4612 4614/4614/4614
f 4608/4608/4608 4496/4496/4496 4605/4605/4605
f 4605/4605/4605 4496/4496/4496 4498/4498/4498
f 4605/4605/4605 4498/4498/4498 4501/4501/4501
f 4605/4605/4605 4501/4501/4501 4603/4603/4603
f 4603/4603/4603 4501/4501/4501 4502/4502/4502
f 4603/4603/4603 4502/4502/4502 4601/4601/4601
f 4601/4601/4601 4502/4502/4502 4506/4506/4506
f 4601/4601/4601 4506/4506/4506 4599/4599/4599
f 4599/4599/4599 4506/4506/4506 4508/4508/4508
f 4599/4599/4599 4508/4508/4508 4595/4595/4595
f 4595/4595/4595 4508/4508/4508 4510/4510/4510
f 4595/4595/4595 4510/4510/4510 4594/4594/4594
f 4552/4552/4552 4554/4554/4554 3158/3158/3158
f 3155/3155/3155 4559/4559/4559 4677/4677/4677
f 4677/4677/4677 4559/4559/4559 4561/4561/4561
f 4677/4677/4677 4561/4561/4561 4674/4674/4674
f 4674/4674/4674 4561/4561/4561 4563/4563/4563
f 4674/4674/4674 4563/4563/4563 4672/4672/4672
f 4672/4672/4672 4563/4563/4563 4567/4567/4567
f 4672/4672/4672 4567/4567/4567 4569/4569/4569
f 4672/4672/4672 4569/4569/4569 4670/4670/4670
f 4670/4670/4670 4569/4569/4569 4571/4571/4571
f 4670/4670/4670 4571/4571/4571 4669/4669/4669
f 4669/4669/4669 4571/4571/4571 4572/4572/4572
f 4669/4669/4669 4572/4572/4572 4666/4666/4666
f 4666/4666/4666 4572/4572/4572 4575/4575/4575
f 4666/4666/4666 4575/4575/4575 4664/4664/4664
f 4664/4664/4664 4575/4575/4575 4577/4577/4577
f 4614/4614/4614 4547/4547/4547 3159/3159/3159
f 4619/4619/4619 4621/4621/4621 3153/3153/3153
f 4625/4625/4625 4627/4627/4627 3151/3151/3151
f 4747/4747/4747 4627/4627/4627 4745/4745/4745
f 4745/4745/4745 4627/4627/4627 4629/4629/4629
f 4745/4745/4745 4629/4629/4629 4743/4743/4743
f 4743/4743/4743 4629/4629/4629 4631/4631/4631
f 4743/4743/4743 4631/4631/4631 4741/4741/4741
f 4741/4741/4741 4631/4631/4631 4635/4635/4635
f 4741/4741/4741 4635/4635/4635 4636/4636/4636
f 4741/4741/4741 4636/4636/4636 4739/4739/4739
f 4739/4739/4739 4636/4636/4636 4639/4639/4639
f 4739/4739/4739 4639/4639/4639 4737/4737/4737
f 4737/4737/4737 4639/4639/4639 4642/4642/4642
f 4737/4737/4737 4642/4642/4642 4733/4733/4733
f 4733/4733/4733 4642/4642/4642 4643/4643/4643
f 4733/4733/4733 4643/4643/4643 4731/4731/4731
f 4731/4731/4731 4643/4643/4643 4645/4645/4645
f 4731/4731/4731 4645/4645/4645 4729/4729/4729
f 4729/4729/4729 4645/4645/4645 587/587/587
f 4729/4729/4729 587/587/587 584/584/584
f 4645/4645/4645 4648/4648/4648 587/587/587
f 587/587/587 4648/4648/4648 4649/4649/4649
f 587/587/587 4649/4649/4649 4652/4652/4652
f 587/587/587 4652/4652/4652 588/588/588
f 588/588/588 4652/4652/4652 4654/4654/4654
f 588/588/588 4654/4654/4654 4658/4658/4658
f 4658/4658/4658 4659/4659/4659 588/588/588
f 588/588/588 4659/4659/4659 4662/4662/4662
f 588/588/588 4662/4662/4662 591/591/591
f 4677/4677/4677 4679/4679/4679 3155/3155/3155
f 3155/3155/3155 4679/4679/4679 4681/4681/4681
f 4688/4688/4688 4691/4691/4691 3148/3148/3148
f 3148/3148/3148 4691/4691/4691 4694/4694/4694
f 4699/4699/4699 4810/4810/4810 4697/4697/4697
f 4697/4697/4697 4810/4810/4810 4814/4814/4814
f 4697/4697/4697 4814/4814/4814 3146/3146/3146
f 3146/3146/3146 4814/4814/4814 4816/4816/4816
f 3146/3146/3146 4816/4816/4816 4818/4818/4818
f 4810/4810/4810 4699/4699/4699 4808/4808/4808
f 4808/4808/4808 4699/4699/4699 4702/4702/4702
f 4808/4808/4808 4702/4702/4702 4704/4704/4704
f 4808/4808/4808 4704/4704/4704 4807/4807/4807
f 4807/4807/4807 4704/4704/4704 4707/4707/4707
f 4807/4807/4807 4707/4707/4707 4805/4805/4805
f 4805/4805/4805 4707/4707/4707 4709/4709/4709
f 4805/4805/4805 4709/4709/4709 4802/4802/4802
f 4802/4802/4802 4709/4709/4709 4712/4712/4712
f 4802/4802/4802 4712/4712/4712 4800/4800/4800
f 4800/4800/4800 4712/4712/4712 4713/4713/4713
f 4800/4800/4800 4713/4713/4713 582/582/582
f 582/582/582 4713/4713/4713 4716/4716/4716
f 582/582/582 4716/4716/4716 4717/4717/4717
f 582/582/582 4717/4717/4717 584/584/584
f 584/584/584 4717/4717/4717 4720/4720/4720
f 584/584/584 4720/4720/4720 4723/4723/4723
f 4723/4723/4723 4726/4726/4726 584/584/584
f 584/584/584 4726/4726/4726 4727/4727/4727
f 584/584/584 4727/4727/4727 4729/4729/4729
f 4750/4750/4750 4683/4683/4683 3150/3150/3150
f 4755/4755/4755 4757/4757/4757 3143/3143/3143
f 4761/4761/4761 4763/4763/4763 3141/3141/3141
f 3141/3141/3141 4763/4763/4763 4883/4883/4883
f 4883/4883/4883 4763/4763/4763 4882/4882/4882
f 4882/4882/4882 4763/4763/4763 4765/4765/4765
f 4882/4882/4882 4765/4765/4765 4880/4880/4880
f 4880/4880/4880 4765/4765/4765 4767/4767/4767
f 4880/4880/4880 4767/4767/4767 4877/4877/4877
f 4877/4877/4877 4767/4767/4767 4771/4771/4771
f 4877/4877/4877 4771/4771/4771 4773/4773/4773
f 4877/4877/4877 4773/4773/4773 4875/4875/4875
f 4875/4875/4875 4773/4773/4773 4775/4775/4775
f 4875/4875/4875 4775/4775/4775 4872/4872/4872
f 4872/4872/4872 4775/4775/4775 4778/4778/4778
f 4872/4872/4872 4778/4778/4778 4869/4869/4869
f 4869/4869/4869 4778/4778/4778 4779/4779/4779
f 4869/4869/4869 4779/4779/4779 4867/4867/4867
f 4867/4867/4867 4779/4779/4779 4782/4782/4782
f 4867/4867/4867 4782/4782/4782 579/579/579
f 579/579/579 4782/4782/4782 4783/4783/4783
f 579/579/579 4783/4783/4783 4785/4785/4785
f 579/579/579 4785/4785/4785 581/581/581
f 581/581/581 4785/4785/4785 4788/4788/4788
f 581/581/581 4788/4788/4788 4791/4791/4791
f 4791/4791/4791 4793/4793/4793 581/581/581
f 581/581/581 4793/4793/4793 4796/4796/4796
f 581/581/581 4796/4796/4796 4798/4798/4798
f 581/581/581 4798/4798/4798 582/582/582
f 582/582/582 4798/4798/4798 4800/4800/4800
f 4821/4821/4821 4822/4822/4822 3139/3139/3139
f 4826/4826/4826 4829/4829/4829 3137/3137/3137
f 4837/4837/4837 4947/4947/4947 4834/4834/4834
f 4834/4834/4834 4947/4947/4947 4950/4950/4950
f 4834/4834/4834 4950/4950/4950 3135/3135/3135
f 3135/3135/3135 4950/4950/4950 4951/4951/4951
f 3135/3135/3135 4951/4951/4951 4953/4953/4953
f 4947/4947/4947 4837/4837/4837 4944/4944/4944
f 4944/4944/4944 4837/4837/4837 4839/4839/4839
f 4944/4944/4944 4839/4839/4839 4841/4841/4841
f 4944/4944/4944 4841/4841/4841 4942/4942/4942
f 4942/4942/4942 4841/4841/4841 4842/4842/4842
f 4942/4942/4942 4842/4842/4842 4940/4940/4940
f 4940/4940/4940 4842/4842/4842 4845/4845/4845
f 4940/4940/4940 4845/4845/4845 4939/4939/4939
f 4939/4939/4939 4845/4845/4845 4847/4847/4847
f 4939/4939/4939 4847/4847/4847 4936/4936/4936
f 4936/4936/4936 4847/4847/4847 4849/4849/4849
f 4936/4936/4936 4849/4849/4849 574/574/574
f 574/574/574 4849/4849/4849 4851/4851/4851
f 574/574/574 4851/4851/4851 576/576/576
f 576/576/576 4851/4851/4851 4855/4855/4855
f 576/576/576 4855/4855/4855 4857/4857/4857
f 4857/4857/4857 4858/4858/4858 576/576/576
f 576/576/576 4858/4858/4858 4862/4862/4862
f 576/576/576 4862/4862/4862 4863/4863/4863
f 576/576/576 4863/4863/4863 579/579/579
f 579/579/579 4863/4863/4863 4866/4866/4866
f 579/579/579 4866/4866/4866 4867/4867/4867
f 4892/4892/4892 4894/4894/4894 3133/3133/3133
f 4900/4900/4900 4901/4901/4901 3131/3131/3131
f 3131/3131/3131 4901/4901/4901 5017/5017/5017
f 3131/3131/3131 5017/5017/5017 5019/5019/5019
f 5017/5017/5017 4901/4901/4901 5016/5016/5016
f 5016/5016/5016 4901/4901/4901 4903/4903/4903
f 5016/5016/5016 4903/4903/4903 5013/5013/5013
f 5013/5013/5013 4903/4903/4903 4906/4906/4906
f 5013/5013/5013 4906/4906/4906 4908/4908/4908
f 5013/5013/5013 4908/4908/4908 5010/5010/5010
f 5010/5010/5010 4908/4908/4908 4910/4910/4910
f 5010/5010/5010 4910/4910/4910 5009/5009/5009
f 5009/5009/5009 4910/4910/4910 4912/4912/4912
f 5009/5009/5009 4912/4912/4912 5007/5007/5007
f 5007/5007/5007 4912/4912/4912 4916/4916/4916
f 5007/5007/5007 4916/4916/4916 5004/5004/5004
f 5004/5004/5004 4916/4916/4916 4917/4917/4917
f 5004/5004/5004 4917/4917/4917 570/570/570
f 570/570/570 4917/4917/4917 4919/4919/4919
f 570/570/570 4919/4919/4919 573/573/573
f 573/573/573 4919/4919/4919 4921/4921/4921
f 573/573/573 4921/4921/4921 4924/4924/4924
f 4924/4924/4924 4926/4926/4926 573/573/573
f 573/573/573 4926/4926/4926 4929/4929/4929
f 573/573/573 4929/4929/4929 4931/4931/4931
f 573/573/573 4931/4931/4931 574/574/574
f 574/574/574 4931/4931/4931 4934/4934/4934
f 574/574/574 4934/4934/4934 4936/4936/4936
f 4953/4953/4953 4888/4888/4888 3135/3135/3135
f 4958/4958/4958 4960/4960/4960 3130/3130/3130
f 4965/4965/4965 4968/4968/4968 3128/3128/3128
f 5087/5087/5087 4968/4968/4968 5086/5086/5086
f 5086/5086/5086 4968/4968/4968 4970/4970/4970
f 5086/5086/5086 4970/4970/4970 5083/5083/5083
f 5083/5083/5083 4970/4970/4970 4973/4973/4973
f 5083/5083/5083 4973/4973/4973 5081/5081/5081
f 5081/5081/5081 4973/4973/4973 4974/4974/4974
f 5081/5081/5081 4974/4974/4974 4977/4977/4977
f 5081/5081/5081 4977/4977/4977 5078/5078/5078
f 5078/5078/5078 4977/4977/4977 4978/4978/4978
f 5078/5078/5078 4978/4978/4978 5077/5077/5077
f 5077/5077/5077 4978/4978/4978 4981/4981/4981
f 5077/5077/5077 4981/4981/4981 5075/5075/5075
f 5075/5075/5075 4981/4981/4981 4984/4984/4984
f 5075/5075/5075 4984/4984/4984 5071/5071/5071
f 5071/5071/5071 4984/4984/4984 4986/4986/4986
f 5071/5071/5071 4986/4986/4986 566/566/566
f 566/566/566 4986/4986/4986 4988/4988/4988
f 566/566/566 4988/4988/4988 568/568/568
f 568/568/568 4988/4988/4988 4990/4990/4990
f 568/568/568 4990/4990/4990 4992/4992/4992
f 4992/4992/4992 4994/4994/4994 568/568/568
f 568/568/568 4994/4994/4994 4998/4998/4998
f 568/568/568 4998/4998/4998 5000/5000/5000
f 568/568/568 5000/5000/5000 570/570/570
f 570/570/570 5000/5000/5000 5002/5002/5002
f 570/570/570 5002/5002/5002 5004/5004/5004
f 5019/5019/5019 5022/5022/5022 3131/3131/3131
f 5028/5028/5028 5031/5031/5031 3123/3123/3123
f 3123/3123/3123 5031/5031/5031 5034/5034/5034
f 5041/5041/5041 5145/5145/5145 5037/5037/5037
f 5037/5037/5037 5145/5145/5145 5146/5146/5146
f 5037/5037/5037 5146/5146/5146 3121/3121/3121
f 3121/3121/3121 5146/5146/5146 5148/5148/5148
f 3121/3121/3121 5148/5148/5148 5151/5151/5151
f 5145/5145/5145 5041/5041/5041 5142/5142/5142
f 5142/5142/5142 5041/5041/5041 5043/5043/5043
f 5142/5142/5142 5043/5043/5043 5045/5045/5045
f 5142/5142/5142 5045/5045/5045 5140/5140/5140
f 5140/5140/5140 5045/5045/5045 5046/5046/5046
f 5140/5140/5140 5046/5046/5046 5137/5137/5137
f 5137/5137/5137 5046/5046/5046 5048/5048/5048
f 5137/5137/5137 5048/5048/5048 5135/5135/5135
f 5135/5135/5135 5048/5048/5048 5051/5051/5051
f 5135/5135/5135 5051/5051/5051 5132/5132/5132
f 5132/5132/5132 5051/5051/5051 5054/5054/5054
f 5132/5132/5132 5054/5054/5054 5130/5130/5130
f 5130/5130/5130 5054/5054/5054 563/563/563
f 5130/5130/5130 563/563/563 5128/5128/5128
f 5128/5128/5128 563/563/563 5126/5126/5126
f 5126/5126/5126 563/563/563 560/560/560
f 5126/5126/5126 560/560/560 5124/5124/5124
f 5124/5124/5124 560/560/560 5122/5122/5122
f 5122/5122/5122 560/560/560 5120/5120/5120
f 5120/5120/5120 560/560/560 5116/5116/5116
f 5116/5116/5116 560/560/560 5115/5115/5115
f 5115/5115/5115 560/560/560 558/558/558
f 5054/5054/5054 5056/5056/5056 563/563/563
f 563/563/563 5056/5056/5056 564/564/564
f 564/564/564 5056/5056/5056 5059/5059/5059
f 564/564/564 5059/5059/5059 5061/5061/5061
f 5061/5061/5061 5063/5063/5063 564/564/564
f 564/564/564 5063/5063/5063 5065/5065/5065
f 564/564/564 5065/5065/5065 566/566/566
f 566/566/566 5065/5065/5065 5068/5068/5068
f 566/566/566 5068/5068/5068 5070/5070/5070
f 5070/5070/5070 5071/5071/5071 566/566/566
f 5089/5089/5089 5025/5025/5025 3125/3125/3125
f 5156/5156/5156 5157/5157/5157 3253/3253/3253
f 552/552/552 550/550/550 3438/3438/3438
f 3254/3254/3254 5301/5301/5301 3120/3120/3120
f 3120/3120/3120 5301/5301/5301 5297/5297/5297
f 3122/3122/3122 5298/5298/5298 5433/5433/5433
f 5433/5433/5433 5298/5298/5298 5299/5299/5299
f 5433/5433/5433 5299/5299/5299 5434/5434/5434
f 5434/5434/5434 5299/5299/5299 5162/5162/5162
f 5434/5434/5434 5162/5162/5162 5163/5163/5163
f 5301/5301/5301 3254/3254/3254 5303/5303/5303
f 5303/5303/5303 3254/3254/3254 3251/3251/3251
f 5303/5303/5303 3251/3251/3251 5305/5305/5305
f 5305/5305/5305 3251/3251/3251 3249/3249/3249
f 5305/5305/5305 3249/3249/3249 5307/5307/5307
f 5307/5307/5307 3249/3249/3249 3248/3248/3248
f 5307/5307/5307 3248/3248/3248 5309/5309/5309
f 5309/5309/5309 3248/3248/3248 3245/3245/3245
f 5309/5309/5309 3245/3245/3245 5311/5311/5311
f 5311/5311/5311 3245/3245/3245 3243/3243/3243
f 5311/5311/5311 3243/3243/3243 5313/5313/5313
f 5313/5313/5313 3243/3243/3243 3241/3241/3241
f 5313/5313/5313 3241/3241/3241 5315/5315/5315
f 5315/5315/5315 3241/3241/3241 3240/3240/3240
f 5315/5315/5315 3240/3240/3240 5317/5317/5317
f 5317/5317/5317 3240/3240/3240 3238/3238/3238
f 5317/5317/5317 3238/3238/3238 5319/5319/5319
f 5319/5319/5319 3238/3238/3238 3236/3236/3236
f 5319/5319/5319 3236/3236/3236 5321/5321/5321
f 5321/5321/5321 3236/3236/3236 3234/3234/3234
f 5321/5321/5321 3234/3234/3234 5323/5323/5323
f 5323/5323/5323 3234/3234/3234 3232/3232/3232
f 5323/5323/5323 3232/3232/3232 5325/5325/5325
f 5325/5325/5325 3232/3232/3232 3229/3229/3229
f 5325/5325/5325 3229/3229/3229 5327/5327/5327
f 5327/5327/5327 3229/3229/3229 3227/3227/3227
f 5327/5327/5327 3227/3227/3227 5329/5329/5329
f 5329/5329/5329 3227/3227/3227 3225/3225/3225
f 5329/5329/5329 3225/3225/3225 5331/5331/5331
f 5331/5331/5331 3225/3225/3225 3224/3224/3224
f 5331/5331/5331 3224/3224/3224 5333/5333/5333
f 5333/5333/5333 3224/3224/3224 3222/3222/3222
f 5333/5333/5333 3222/3222/3222 5335/5335/5335
f 5335/5335/5335 3222/3222/3222 3220/3220/3220
f 5335/5335/5335 3220/3220/3220 5337/5337/5337
f 5337/5337/5337 3220/3220/3220 3217/3217/3217
f 5337/5337/5337 3217/3217/3217 5339/5339/5339
f 5339/5339/5339 3217/3217/3217 3216/3216/3216
f 5339/5339/5339 3216/3216/3216 5341/5341/5341
f 5341/5341/5341 3216/3216/3216 3214/3214/3214
f 5341/5341/5341 3214/3214/3214 5343/5343/5343
f 5343/5343/5343 3214/3214/3214 3211/3211/3211
f 5343/5343/5343 3211/3211/3211 5345/5345/5345
f 5345/5345/5345 3211/3211/3211 3209/3209/3209
f 5345/5345/5345 3209/3209/3209 5347/5347/5347
f 5347/5347/5347 3209/3209/3209 3207/3207/3207
f 5347/5347/5347 3207/3207/3207 5349/5349/5349
f 5349/5349/5349 3207/3207/3207 3205/3205/3205
f 5349/5349/5349 3205/3205/3205 5351/5351/5351
f 5351/5351/5351 3205/3205/3205 3203/3203/3203
f 5351/5351/5351 3203/3203/3203 5353/5353/5353
f 5353/5353/5353 3203/3203/3203 3202/3202/3202
f 5353/5353/5353 3202/3202/3202 5355/5355/5355
f 5355/5355/5355 3202/3202/3202 3200/3200/3200
f 5355/5355/5355 3200/3200/3200 5357/5357/5357
f 5357/5357/5357 3200/3200/3200 3198/3198/3198
f 5357/5357/5357 3198/3198/3198 5359/5359/5359
f 5359/5359/5359 3198/3198/3198 3196/3196/3196
f 5359/5359/5359 3196/3196/3196 5361/5361/5361
f 5361/5361/5361 3196/3196/3196 3194/3194/3194
f 5361/5361/5361 3194/3194/3194 5363/5363/5363
f 5363/5363/5363 3194/3194/3194 3191/3191/3191
f 5363/5363/5363 3191/3191/3191 5365/5365/5365
f 5365/5365/5365 3191/3191/3191 3189/3189/3189
f 5365/5365/5365 3189/3189/3189 5367/5367/5367
f 5367/5367/5367 3189/3189/3189 3188/3188/3188
f 5367/5367/5367 3188/3188/3188 5369/5369/5369
f 5369/5369/5369 3188/3188/3188 3186/3186/3186
f 5369/5369/5369 3186/3186/3186 5371/5371/5371
f 5371/5371/5371 3186/3186/3186 3183/3183/3183
f 5371/5371/5371 3183/3183/3183 5373/5373/5373
f 5373/5373/5373 3183/3183/3183 3181/3181/3181
f 5373/5373/5373 3181/3181/3181 5375/5375/5375
f 5375/5375/5375 3181/3181/3181 3179/3179/3179
f 5375/5375/5375 3179/3179/3179 5377/5377/5377
f 5377/5377/5377 3179/3179/3179 3177/3177/3177
f 5377/5377/5377 3177/3177/3177 5379/5379/5379
f 5379/5379/5379 3177/3177/3177 3175/3175/3175
f 5379/5379/5379 3175/3175/3175 5381/5381/5381
f 5381/5381/5381 3175/3175/3175 3173/3173/3173
f 5381/5381/5381 3173/3173/3173 5383/5383/5383
f 5383/5383/5383 3173/3173/3173 3171/3171/3171
f 5383/5383/5383 3171/3171/3171 5385/5385/5385
f 5385/5385/5385 3171/3171/3171 3170/3170/3170
f 5385/5385/5385 3170/3170/3170 5387/5387/5387
f 5387/5387/5387 3170/3170/3170 3168/3168/3168
f 5387/5387/5387 3168/3168/3168 5389/5389/5389
f 5389/5389/5389 3168/3168/3168 3166/3166/3166
f 5389/5389/5389 3166/3166/3166 5391/5391/5391
f 5391/5391/5391 3166/3166/3166 3164/3164/3164
f 5391/5391/5391 3164/3164/3164 5393/5393/5393
f 5393/5393/5393 3164/3164/3164 3162/3162/3162
f 5393/5393/5393 3162/3162/3162 5395/5395/5395
f 5395/5395/5395 3162/3162/3162 3160/3160/3160
f 5395/5395/5395 3160/3160/3160 5397/5397/5397
f 5397/5397/5397 3160/3160/3160 3157/3157/3157
f 5397/5397/5397 3157/3157/3157 5399/5399/5399
f 5399/5399/5399 3157/3157/3157 3156/3156/3156
f 5399/5399/5399 3156/3156/3156 5401/5401/5401
f 5401/5401/5401 3156/3156/3156 3154/3154/3154
f 5401/5401/5401 3154/3154/3154 5403/5403/5403
f 5403/5403/5403 3154/3154/3154 3152/3152/3152
f 5403/5403/5403 3152/3152/3152 5405/5405/5405
f 5405/5405/5405 3152/3152/3152 3149/3149/3149
f 5405/5405/5405 3149/3149/3149 5407/5407/5407
f 5407/5407/5407 3149/3149/3149 3147/3147/3147
f 5407/5407/5407 3147/3147/3147 5409/5409/5409
f 5409/5409/5409 3147/3147/3147 3145/3145/3145
f 5409/5409/5409 3145/3145/3145 5411/5411/5411
f 5411/5411/5411 3145/3145/3145 3144/3144/3144
f 5411/5411/5411 3144/3144/3144 5413/5413/5413
f 5413/5413/5413 3144/3144/3144 3142/3142/3142
f 5413/5413/5413 3142/3142/3142 5415/5415/5415
f 5415/5415/5415 3142/3142/3142 3140/3140/3140
f 5415/5415/5415 3140/3140/3140 5417/5417/5417
f 5417/5417/5417 3140/3140/3140 3138/3138/3138
f 5417/5417/5417 3138/3138/3138 5419/5419/5419
f 5419/5419/5419 3138/3138/3138 3136/3136/3136
f 5419/5419/5419 3136/3136/3136 5421/5421/5421
f 5421/5421/5421 3136/3136/3136 3134/3134/3134
f 5421/5421/5421 3134/3134/3134 5423/5423/5423
f 5423/5423/5423 3134/3134/3134 3132/3132/3132
f 5423/5423/5423 3132/3132/3132 5425/5425/5425
f 5425/5425/5425 3132/3132/3132 3129/3129/3129
f 5425/5425/5425 3129/3129/3129 5427/5427/5427
f 5427/5427/5427 3129/3129/3129 3127/3127/3127
f 5427/5427/5427 3127/3127/3127 5429/5429/5429
f 5429/5429/5429 3127/3127/3127 3126/3126/3126
f 5429/5429/5429 3126/3126/3126 5431/5431/5431
f 5431/5431/5431 3126/3126/3126 3124/3124/3124
f 5431/5431/5431 3124/3124/3124 5433/5433/5433
f 5433/5433/5433 3124/3124/3124 3122/3122/3122
f 5434/5434/5434 5163/5163/5163 5432/5432/5432
f 5432/5432/5432 5163/5163/5163 5166/5166/5166
f 5432/5432/5432 5166/5166/5166 5430/5430/5430
f 5430/5430/5430 5166/5166/5166 5167/5167/5167
f 5430/5430/5430 5167/5167/5167 5428/5428/5428
f 5428/5428/5428 5167/5167/5167 5170/5170/5170
f 5428/5428/5428 5170/5170/5170 5426/5426/5426
f 5426/5426/5426 5170/5170/5170 5172/5172/5172
f 5426/5426/5426 5172/5172/5172 5424/5424/5424
f 5424/5424/5424 5172/5172/5172 5174/5174/5174
f 5424/5424/5424 5174/5174/5174 5422/5422/5422
f 5422/5422/5422 5174/5174/5174 5176/5176/5176
f 5422/5422/5422 5176/5176/5176 5420/5420/5420
f 5420/5420/5420 5176/5176/5176 5178/5178/5178
f 5420/5420/5420 5178/5178/5178 5418/5418/5418
f 5418/5418/5418 5178/5178/5178 5179/5179/5179
f 5418/5418/5418 5179/5179/5179 5416/5416/5416
f 5416/5416/5416 5179/5179/5179 5182/5182/5182
f 5416/5416/5416 5182/5182/5182 5414/5414/5414
f 5414/5414/5414 5182/5182/5182 5184/5184/5184
f 5414/5414/5414 5184/5184/5184 5412/5412/5412
f 5412/5412/5412 5184/5184/5184 5185/5185/5185
f 5412/5412/5412 5185/5185/5185 5410/5410/5410
f 5410/5410/5410 5185/5185/5185 5188/5188/5188
f 5410/5410/5410 5188/5188/5188 5408/5408/5408
f 5408/5408/5408 5188/5188/5188 5189/5189/5189
f 5408/5408/5408 5189/5189/5189 5406/5406/5406
f 5406/5406/5406 5189/5189/5189 5191/5191/5191
f 5406/5406/5406 5191/5191/5191 5404/5404/5404
f 5404/5404/5404 5191/5191/5191 5194/5194/5194
f 5404/5404/5404 5194/5194/5194 5402/5402/5402
f 5402/5402/5402 5194/5194/5194 5195/5195/5195
f 5402/5402/5402 5195/5195/5195 5400/5400/5400
f 5400/5400/5400 5195/5195/5195 5197/5197/5197
f 5400/5400/5400 5197/5197/5197 5398/5398/5398
f 5398/5398/5398 5197/5197/5197 5199/5199/5199
f 5398/5398/5398 5199/5199/5199 5396/5396/5396
f 5396/5396/5396 5199/5199/5199 5202/5202/5202
f 5396/5396/5396 5202/5202/5202 5394/5394/5394
f 5394/5394/5394 5202/5202/5202 5204/5204/5204
f 5394/5394/5394 5204/5204/5204 5392/5392/5392
f 5392/5392/5392 5204/5204/5204 5206/5206/5206
f 5392/5392/5392 5206/5206/5206 5390/5390/5390
f 5390/5390/5390 5206/5206/5206 5207/5207/5207
f 5390/5390/5390 5207/5207/5207 5388/5388/5388
f 5388/5388/5388 5207/5207/5207 5210/5210/5210
f 5388/5388/5388 5210/5210/5210 5386/5386/5386
f 5386/5386/5386 5210/5210/5210 5211/5211/5211
f 5386/5386/5386 5211/5211/5211 5384/5384/5384
f 5384/5384/5384 5211/5211/5211 5213/5213/5213
f 5384/5384/5384 5213/5213/5213 5382/5382/5382
f 5382/5382/5382 5213/5213/5213 5215/5215/5215
f 5382/5382/5382 5215/5215/5215 5380/5380/5380
f 5380/5380/5380 5215/5215/5215 5217/5217/5217
f 5380/5380/5380 5217/5217/5217 5378/5378/5378
f 5378/5378/5378 5217/5217/5217 5219/5219/5219
f 5378/5378/5378 5219/5219/5219 5376/5376/5376
f 5376/5376/5376 5219/5219/5219 5221/5221/5221
f 5376/5376/5376 5221/5221/5221 5374/5374/5374
f 5374/5374/5374 5221/5221/5221 5223/5223/5223
f 5374/5374/5374 5223/5223/5223 5372/5372/5372
f 5372/5372/5372 5223/5223/5223 5226/5226/5226
f 5372/5372/5372 5226/5226/5226 5370/5370/5370
f 5370/5370/5370 5226/5226/5226 5227/5227/5227
f 5370/5370/5370 5227/5227/5227 5368/5368/5368
f 5368/5368/5368 5227/5227/5227 5230/5230/5230
f 5368/5368/5368 5230/5230/5230 5366/5366/5366
f 5366/5366/5366 5230/5230/5230 5232/5232/5232
f 5366/5366/5366 5232/5232/5232 5364/5364/5364
f 5364/5364/5364 5232/5232/5232 5233/5233/5233
f 5364/5364/5364 5233/5233/5233 5362/5362/5362
f 5362/5362/5362 5233/5233/5233 5235/5235/5235
f 5362/5362/5362 5235/5235/5235 5360/5360/5360
f 5360/5360/5360 5235/5235/5235 5237/5237/5237
f 5360/5360/5360 5237/5237/5237 5358/5358/5358
f 5358/5358/5358 5237/5237/5237 5240/5240/5240
f 5358/5358/5358 5240/5240/5240 5356/5356/5356
f 5356/5356/5356 5240/5240/5240 5241/5241/5241
f 5356/5356/5356 5241/5241/5241 5354/5354/5354
f 5354/5354/5354 5241/5241/5241 5243/5243/5243
f 5354/5354/5354 5243/5243/5243 5352/5352/5352
f 5352/5352/5352 5243/5243/5243 5246/5246/5246
f 5352/5352/5352 5246/5246/5246 5350/5350/5350
f 5350/5350/5350 5246/5246/5246 5248/5248/5248
f 5350/5350/5350 5248/5248/5248 5348/5348/5348
f 5348/5348/5348 5248/5248/5248 5249/5249/5249
f 5348/5348/5348 5249/5249/5249 5346/5346/5346
f 5346/5346/5346 5249/5249/5249 5251/5251/5251
f 5346/5346/5346 5251/5251/5251 5344/5344/5344
f 5344/5344/5344 5251/5251/5251 5254/5254/5254
f 5344/5344/5344 5254/5254/5254 5342/5342/5342
f 5342/5342/5342 5254/5254/5254 5256/5256/5256
f 5342/5342/5342 5256/5256/5256 5340/5340/5340
f 5340/5340/5340 5256/5256/5256 5257/5257/5257
f 5340/5340/5340 5257/5257/5257 5338/5338/5338
f 5338/5338/5338 5257/5257/5257 5260/5260/5260
f 5338/5338/5338 5260/5260/5260 5336/5336/5336
f 5336/5336/5336 5260/5260/5260 5262/5262/5262
f 5336/5336/5336 5262/5262/5262 5334/5334/5334
f 5334/5334/5334 5262/5262/5262 5263/5263/5263
f 5334/5334/5334 5263/5263/5263 5332/5332/5332
f 5332/5332/5332 5263/5263/5263 5266/5266/5266
f 5332/5332/5332 5266/5266/5266 5330/5330/5330
f 5330/5330/5330 5266/5266/5266 5267/5267/5267
f 5330/5330/5330 5267/5267/5267 5328/5328/5328
f 5328/5328/5328 5267/5267/5267 5270/5270/5270
f 5328/5328/5328 5270/5270/5270 5326/5326/5326
f 5326/5326/5326 5270/5270/5270 5271/5271/5271
f 5326/5326/5326 5271/5271/5271 5324/5324/5324
f 5324/5324/5324 5271/5271/5271 5273/5273/5273
f 5324/5324/5324 5273/5273/5273 5322/5322/5322
f 5322/5322/5322 5273/5273/5273 5276/5276/5276
f 5322/5322/5322 5276/5276/5276 5320/5320/5320
f 5320/5320/5320 5276/5276/5276 5277/5277/5277
f 5320/5320/5320 5277/5277/5277 5318/5318/5318
f 5318/5318/5318 5277/5277/5277 5279/5279/5279
f 5318/5318/5318 5279/5279/5279 5316/5316/5316
f 5316/5316/5316 5279/5279/5279 5281/5281/5281
f 5316/5316/5316 5281/5281/5281 5314/5314/5314
f 5314/5314/5314 5281/5281/5281 5284/5284/5284
f 5314/5314/5314 5284/5284/5284 5312/5312/5312
f 5312/5312/5312 5284/5284/5284 5285/5285/5285
f 5312/5312/5312 5285/5285/5285 5310/5310/5310
f 5310/5310/5310 5285/5285/5285 5287/5287/5287
f 5310/5310/5310 5287/5287/5287 5308/5308/5308
f 5308/5308/5308 5287/5287/5287 5290/5290/5290
f 5308/5308/5308 5290/5290/5290 5306/5306/5306
f 5306/5306/5306 5290/5290/5290 5291/5291/5291
f 5306/5306/5306 5291/5291/5291 5304/5304/5304
f 5304/5304/5304 5291/5291/5291 5294/5294/5294
f 5304/5304/5304 5294/5294/5294 5302/5302/5302
f 5302/5302/5302 5294/5294/5294 5296/5296/5296
f 5302/5302/5302 5296/5296/5296 5300/5300/5300
f 5300/5300/5300 5296/5296/5296 5161/5161/5161
f 5302/5302/5302 5300/5300/5300 5297/5297/5297
f 5302/5302/5302 5297/5297/5297 5301/5301/5301
f 5304/5304/5304 5302/5302/5302 5301/5301/5301
f 5306/5306/5306 5304/5304/5304 5303/5303/5303
f 5303/5303/5303 5304/5304/5304 5301/5301/5301
f 5308/5308/5308 5306/5306/5306 5305/5305/5305
f 5305/5305/5305 5306/5306/5306 5303/5303/5303
f 5310/5310/5310 5308/5308/5308 5307/5307/5307
f 5307/5307/5307 5308/5308/5308 5305/5305/5305
f 5312/5312/5312 5310/5310/5310 5309/5309/5309
f 5309/5309/5309 5310/5310/5310 5307/5307/5307
f 5314/5314/5314 5312/5312/5312 5311/5311/5311
f 5311/5311/5311 5312/5312/5312 5309/5309/5309
f 5316/5316/5316 5314/5314/5314 5313/5313/5313
f 5313/5313/5313 5314/5314/5314 5311/5311/5311
f 5318/5318/5318 5316/5316/5316 5315/5315/5315
f 5315/5315/5315 5316/5316/5316 5313/5313/5313
f 5320/5320/5320 5318/5318/5318 5317/5317/5317
f 5317/5317/5317 5318/5318/5318 5315/5315/5315
f 5322/5322/5322 5320/5320/5320 5319/5319/5319
f 5319/5319/5319 5320/5320/5320 5317/5317/5317
f 5324/5324/5324 5322/5322/5322 5321/5321/5321
f 5321/5321/5321 5322/5322/5322 5319/5319/5319
f 5326/5326/5326 5324/5324/5324 5323/5323/5323
f 5323/5323/5323 5324/5324/5324 5321/5321/5321
f 5328/5328/5328 5326/5326/5326 5325/5325/5325
f 5325/5325/5325 5326/5326/5326 5323/5323/5323
f 5330/5330/5330 5328/5328/5328 5327/5327/5327
f 5327/5327/5327 5328/5328/5328 5325/5325/5325
f 5332/5332/5332 5330/5330/5330 5329/5329/5329
f 5329/5329/5329 5330/5330/5330 5327/5327/5327
f 5334/5334/5334 5332/5332/5332 5331/5331/5331
f 5331/5331/5331 5332/5332/5332 5329/5329/5329
f 5336/5336/5336 5334/5334/5334 5333/5333/5333
f 5333/5333/5333 5334/5334/5334 5331/5331/5331
f 5338/5338/5338 5336/5336/5336 5335/5335/5335
f 5335/5335/5335 5336/5336/5336 5333/5333/5333
f 5340/5340/5340 5338/5338/5338 5337/5337/5337
f 5337/5337/5337 5338/5338/5338 5335/5335/5335
f 5342/5342/5342 5340/5340/5340 5339/5339/5339
f 5339/5339/5339 5340/5340/5340 5337/5337/5337
f 5344/5344/5344 5342/5342/5342 5341/5341/5341
f 5341/5341/5341 5342/5342/5342 5339/5339/5339
f 5346/5346/5346 5344/5344/5344 5343/5343/5343
f 5343/5343/5343 5344/5344/5344 5341/5341/5341
f 5348/5348/5348 5346/5346/5346 5345/5345/5345
f 5345/5345/5345 5346/5346/5346 5343/5343/5343
f 5350/5350/5350 5348/5348/5348 5347/5347/5347
f 5347/5347/5347 5348/5348/5348 5345/5345/5345
f 5352/5352/5352 5350/5350/5350 5349/5349/5349
f 5349/5349/5349 5350/5350/5350 5347/5347/5347
f 5354/5354/5354 5352/5352/5352 5351/5351/5351
f 5351/5351/5351 5352/5352/5352 5349/5349/5349
f 5356/5356/5356 5354/5354/5354 5353/5353/5353
f 5353/5353/5353 5354/5354/5354 5351/5351/5351
f 5358/5358/5358 5356/5356/5356 5355/5355/5355
f 5355/5355/5355 5356/5356/5356 5353/5353/5353
f 5360/5360/5360 5358/5358/5358 5357/5357/5357
f 5357/5357/5357 5358/5358/5358 5355/5355/5355
f 5362/5362/5362 5360/5360/5360 5359/5359/5359
f 5359/5359/5359 5360/5360/5360 5357/5357/5357
f 5364/5364/5364 5362/5362/5362 5361/5361/5361
f 5361/5361/5361 5362/5362/5362 5359/5359/5359
f 5366/5366/5366 5364/5364/5364 5363/5363/5363
f 5363/5363/5363 5364/5364/5364 5361/5361/5361
f 5368/5368/5368 5366/5366/5366 5365/5365/5365
f 5365/5365/5365 5366/5366/5366 5363/5363/5363
f 5370/5370/5370 5368/5368/5368 5367/5367/5367
f 5367/5367/5367 5368/5368/5368 5365/5365/5365
f 5372/5372/5372 5370/5370/5370 5369/5369/5369
f 5369/5369/5369 5370/5370/5370 5367/5367/5367
f 5374/5374/5374 5372/5372/5372 5371/5371/5371
f 5371/5371/5371 5372/5372/5372 5369/5369/5369
f 5376/5376/5376 5374/5374/5374 5373/5373/5373
f 5373/5373/5373 5374/5374/5374 5371/5371/5371
f 5378/5378/5378 5376/5376/5376 5375/5375/5375
f 5375/5375/5375 5376/5376/5376 5373/5373/5373
f 5380/5380/5380 5378/5378/5378 5377/5377/5377
f 5377/5377/5377 5378/5378/5378 5375/5375/5375
f 5382/5382/5382 5380/5380/5380 5379/5379/5379
f 5379/5379/5379 5380/5380/5380 5377/5377/5377
f 5384/5384/5384 5382/5382/5382 5381/5381/5381
f 5381/5381/5381 5382/5382/5382 5379/5379/5379
f 5386/5386/5386 5384/5384/5384 5383/5383/5383
f 5383/5383/5383 5384/5384/5384 5381/5381/5381
f 5388/5388/5388 5386/5386/5386 5385/5385/5385
f 5385/5385/5385 5386/5386/5386 5383/5383/5383
f 5390/5390/5390 5388/5388/5388 5387/5387/5387
f 5387/5387/5387 5388/5388/5388 5385/5385/5385
f 5392/5392/5392 5390/5390/5390 5389/5389/5389
f 5389/5389/5389 5390/5390/5390 5387/5387/5387
f 5394/5394/5394 5392/5392/5392 5391/5391/5391
f 5391/5391/5391 5392/5392/5392 5389/5389/5389
f 5396/5396/5396 5394/5394/5394 5393/5393/5393
f 5393/5393/5393 5394/5394/5394 5391/5391/5391
f 5398/5398/5398 5396/5396/5396 5395/5395/5395
f 5395/5395/5395 5396/5396/5396 5393/5393/5393
f 5400/5400/5400 5398/5398/5398 5397/5397/5397
f 5397/5397/5397 5398/5398/5398 5395/5395/5395
f 5402/5402/5402 5400/5400/5400 5399/5399/5399
f 5399/5399/5399 5400/5400/5400 5397/5397/5397
f 5404/5404/5404 5402/5402/5402 5401/5401/5401
f 5401/5401/5401 5402/5402/5402 5399/5399/5399
f 5406/5406/5406 5404/5404/5404 5403/5403/5403
f 5403/5403/5403 5404/5404/5404 5401/5401/5401
f 5408/5408/5408 5406/5406/5406 5405/5405/5405
f 5405/5405/5405 5406/5406/5406 5403/5403/5403
f 5410/5410/5410 5408/5408/5408 5407/5407/5407
f 5407/5407/5407 5408/5408/5408 5405/5405/5405
f 5412/5412/5412 5410/5410/5410 5409/5409/5409
f 5409/5409/5409 5410/5410/5410 5407/5407/5407
f 5414/5414/5414 5412/5412/5412 5411/5411/5411
f 5411/5411/5411 5412/5412/5412 5409/5409/5409
f 5416/5416/5416 5414/5414/5414 5413/5413/5413
f 5413/5413/5413 5414/5414/5414 5411/5411/5411
f 5418/5418/5418 5416/5416/5416 5415/5415/5415
f 5415/5415/5415 5416/5416/5416 5413/5413/5413
f 5420/5420/5420 5418/5418/5418 5417/5417/5417
f 5417/5417/5417 5418/5418/5418 5415/5415/5415
f 5422/5422/5422 5420/5420/5420 5419/5419/5419
f 5419/5419/5419 5420/5420/5420 5417/5417/5417
f 5424/5424/5424 5422/5422/5422 5421/5421/5421
f 5421/5421/5421 5422/5422/5422 5419/5419/5419
f 5426/5426/5426 5424/5424/5424 5423/5423/5423
f 5423/5423/5423 5424/5424/5424 5421/5421/5421
f 5428/5428/5428 5426/5426/5426 5425/5425/5425
f 5425/5425/5425 5426/5426/5426 5423/5423/5423
f 5430/5430/5430 5428/5428/5428 5427/5427/5427
f 5427/5427/5427 5428/5428/5428 5425/5425/5425
f 5432/5432/5432 5430/5430/5430 5429/5429/5429
f 5429/5429/5429 5430/5430/5430 5427/5427/5427
f 5434/5434/5434 5432/5432/5432 5431/5431/5431
f 5431/5431/5431 5432/5432/5432 5429/5429/5429
f 5433/5433/5433 5434/5434/5434 5431/5431/5431
f 5440/5440/5440 5577/5577/5577 5435/5435/5435
f 5435/5435/5435 5577/5577/5577 5573/5573/5573
f 5436/5436/5436 5574/5574/5574 5571/5571/5571
f 5571/5571/5571 5574/5574/5574 5709/5709/5709
f 5571/5571/5571 5709/5709/5709 5569/5569/5569
f 5569/5569/5569 5709/5709/5709 5707/5707/5707
f 5569/5569/5569 5707/5707/5707 5568/5568/5568
f 5568/5568/5568 5707/5707/5707 5705/5705/5705
f 5568/5568/5568 5705/5705/5705 5565/5565/5565
f 5565/5565/5565 5705/5705/5705 5703/5703/5703
f 5565/5565/5565 5703/5703/5703 5563/5563/5563
f 5563/5563/5563 5703/5703/5703 5701/5701/5701
f 5563/5563/5563 5701/5701/5701 5562/5562/5562
f 5562/5562/5562 5701/5701/5701 5699/5699/5699
f 5562/5562/5562 5699/5699/5699 5559/5559/5559
f 5559/5559/5559 5699/5699/5699 5697/5697/5697
f 5559/5559/5559 5697/5697/5697 5557/5557/5557
f 5557/5557/5557 5697/5697/5697 5695/5695/5695
f 5557/5557/5557 5695/5695/5695 5555/5555/5555
f 5555/5555/5555 5695/5695/5695 5693/5693/5693
f 5555/5555/5555 5693/5693/5693 5554/5554/5554
f 5554/5554/5554 5693/5693/5693 5691/5691/5691
f 5554/5554/5554 5691/5691/5691 5552/5552/5552
f 5552/5552/5552 5691/5691/5691 5689/5689/5689
f 5552/5552/5552 5689/5689/5689 5549/5549/5549
f 5549/5549/5549 5689/5689/5689 5687/5687/5687
f 5549/5549/5549 5687/5687/5687 5548/5548/5548
f 5548/5548/5548 5687/5687/5687 5685/5685/5685
f 5548/5548/5548 5685/5685/5685 5546/5546/5546
f 5546/5546/5546 5685/5685/5685 5683/5683/5683
f 5546/5546/5546 5683/5683/5683 5543/5543/5543
f 5543/5543/5543 5683/5683/5683 5681/5681/5681
f 5543/5543/5543 5681/5681/5681 5541/5541/5541
f 5541/5541/5541 5681/5681/5681 5679/5679/5679
f 5541/5541/5541 5679/5679/5679 5540/5540/5540
f 5540/5540/5540 5679/5679/5679 5677/5677/5677
f 5540/5540/5540 5677/5677/5677 5537/5537/5537
f 5537/5537/5537 5677/5677/5677 5675/5675/5675
f 5537/5537/5537 5675/5675/5675 5535/5535/5535
f 5535/5535/5535 5675/5675/5675 5673/5673/5673
f 5535/5535/5535 5673/5673/5673 5534/5534/5534
f 5534/5534/5534 5673/5673/5673 5671/5671/5671
f 5534/5534/5534 5671/5671/5671 5531/5531/5531
f 5531/5531/5531 5671/5671/5671 5669/5669/5669
f 5531/5531/5531 5669/5669/5669 5529/5529/5529
f 5529/5529/5529 5669/5669/5669 5667/5667/5667
f 5529/5529/5529 5667/5667/5667 5528/5528/5528
f 5528/5528/5528 5667/5667/5667 5665/5665/5665
f 5528/5528/5528 5665/5665/5665 5525/5525/5525
f 5525/5525/5525 5665/5665/5665 5663/5663/5663
f 5525/5525/5525 5663/5663/5663 5523/5523/5523
f 5523/5523/5523 5663/5663/5663 5661/5661/5661
f 5523/5523/5523 5661/5661/5661 5522/5522/5522
f 5522/5522/5522 5661/5661/5661 5659/5659/5659
f 5522/5522/5522 5659/5659/5659 5520/5520/5520
f 5520/5520/5520 5659/5659/5659 5657/5657/5657
f 5520/5520/5520 5657/5657/5657 5518/5518/5518
f 5518/5518/5518 5657/5657/5657 5655/5655/5655
f 5518/5518/5518 5655/5655/5655 5516/5516/5516
f 5516/5516/5516 5655/5655/5655 5653/5653/5653
f 5516/5516/5516 5653/5653/5653 5513/5513/5513
f 5513/5513/5513 5653/5653/5653 5651/5651/5651
f 5513/5513/5513 5651/5651/5651 5512/5512/5512
f 5512/5512/5512 5651/5651/5651 5649/5649/5649
f 5512/5512/5512 5649/5649/5649 5510/5510/5510
f 5510/5510/5510 5649/5649/5649 5647/5647/5647
f 5510/5510/5510 5647/5647/5647 5508/5508/5508
f 5508/5508/5508 5647/5647/5647 5645/5645/5645
f 5508/5508/5508 5645/5645/5645 5506/5506/5506
f 5506/5506/5506 5645/5645/5645 5643/5643/5643
f 5506/5506/5506 5643/5643/5643 5504/5504/5504
f 5504/5504/5504 5643/5643/5643 5641/5641/5641
f 5504/5504/5504 5641/5641/5641 5502/5502/5502
f 5502/5502/5502 5641/5641/5641 5639/5639/5639
f 5502/5502/5502 5639/5639/5639 5500/5500/5500
f 5500/5500/5500 5639/5639/5639 5637/5637/5637
f 5500/5500/5500 5637/5637/5637 5497/5497/5497
f 5497/5497/5497 5637/5637/5637 5635/5635/5635
f 5497/5497/5497 5635/5635/5635 5495/5495/5495
f 5495/5495/5495 5635/5635/5635 5633/5633/5633
f 5495/5495/5495 5633/5633/5633 5493/5493/5493
f 5493/5493/5493 5633/5633/5633 5631/5631/5631
f 5493/5493/5493 5631/5631/5631 5491/5491/5491
f 5491/5491/5491 5631/5631/5631 5629/5629/5629
f 5491/5491/5491 5629/5629/5629 5490/5490/5490
f 5490/5490/5490 5629/5629/5629 5627/5627/5627
f 5490/5490/5490 5627/5627/5627 5487/5487/5487
f 5487/5487/5487 5627/5627/5627 5625/5625/5625
f 5487/5487/5487 5625/5625/5625 5486/5486/5486
f 5486/5486/5486 5625/5625/5625 5623/5623/5623
f 5486/5486/5486 5623/5623/5623 5484/5484/5484
f 5484/5484/5484 5623/5623/5623 5621/5621/5621
f 5484/5484/5484 5621/5621/5621 5482/5482/5482
f 5482/5482/5482 5621/5621/5621 5619/5619/5619
f 5482/5482/5482 5619/5619/5619 5479/5479/5479
f 5479/5479/5479 5619/5619/5619 5617/5617/5617
f 5479/5479/5479 5617/5617/5617 5477/5477/5477
f 5477/5477/5477 5617/5617/5617 5615/5615/5615
f 5477/5477/5477 5615/5615/5615 5475/5475/5475
f 5475/5475/5475 5615/5615/5615 5613/5613/5613
f 5475/5475/5475 5613/5613/5613 5474/5474/5474
f 5474/5474/5474 5613/5613/5613 5611/5611/5611
f 5474/5474/5474 5611/5611/5611 5472/5472/5472
f 5472/5472/5472 5611/5611/5611 5609/5609/5609
f 5472/5472/5472 5609/5609/5609 5469/5469/5469
f 5469/5469/5469 5609/5609/5609 5607/5607/5607
f 5469/5469/5469 5607/5607/5607 5468/5468/5468
f 5468/5468/5468 5607/5607/5607 5605/5605/5605
f 5468/5468/5468 5605/5605/5605 5466/5466/5466
f 5466/5466/5466 5605/5605/5605 5603/5603/5603
f 5466/5466/5466 5603/5603/5603 5464/5464/5464
f 5464/5464/5464 5603/5603/5603 5601/5601/5601
f 5464/5464/5464 5601/5601/5601 5462/5462/5462
f 5462/5462/5462 5601/5601/5601 5599/5599/5599
f 5462/5462/5462 5599/5599/5599 5460/5460/5460
f 5460/5460/5460 5599/5599/5599 5597/5597/5597
f 5460/5460/5460 5597/5597/5597 5457/5457/5457
f 5457/5457/5457 5597/5597/5597 5595/5595/5595
f 5457/5457/5457 5595/5595/5595 5455/5455/5455
f 5455/5455/5455 5595/5595/5595 5593/5593/5593
f 5455/5455/5455 5593/5593/5593 5454/5454/5454
f 5454/5454/5454 5593/5593/5593 5591/5591/5591
f 5454/5454/5454 5591/5591/5591 5452/5452/5452
f 5452/5452/5452 5591/5591/5591 5589/5589/5589
f 5452/5452/5452 5589/5589/5589 5450/5450/5450
f 5450/5450/5450 5589/5589/5589 5587/5587/5587
f 5450/5450/5450 5587/5587/5587 5448/5448/5448
f 5448/5448/5448 5587/5587/5587 5585/5585/5585
f 5448/5448/5448 5585/5585/5585 5446/5446/5446
f 5446/5446/5446 5585/5585/5585 5583/5583/5583
f 5446/5446/5446 5583/5583/5583 5444/5444/5444
f 5444/5444/5444 5583/5583/5583 5581/5581/5581
f 5444/5444/5444 5581/5581/5581 5442/5442/5442
f 5442/5442/5442 5581/5581/5581 5579/5579/5579
f 5442/5442/5442 5579/5579/5579 5440/5440/5440
f 5440/5440/5440 5579/5579/5579 5577/5577/5577
f 1215/1215/1215 5710/5710/5710 1082/1082/1082
f 1082/1082/1082 5710/5710/5710 5576/5576/5576
f 1081/1081/1081 5575/5575/5575 5578/5578/5578
f 5578/5578/5578 5575/5575/5575 5573/5573/5573
f 5578/5578/5578 5573/5573/5573 5577/5577/5577
f 5710/5710/5710 1215/1215/1215 5708/5708/5708
f 5708/5708/5708 1215/1215/1215 1212/1212/1212
f 5708/5708/5708 1212/1212/1212 5706/5706/5706
f 5706/5706/5706 1212/1212/1212 1210/1210/1210
f 5706/5706/5706 1210/1210/1210 5704/5704/5704
f 5704/5704/5704 1210/1210/1210 1209/1209/1209
f 5704/5704/5704 1209/1209/1209 5702/5702/5702
f 5702/5702/5702 1209/1209/1209 1207/1207/1207
f 5702/5702/5702 1207/1207/1207 5700/5700/5700
f 5700/5700/5700 1207/1207/1207 1205/1205/1205
f 5700/5700/5700 1205/1205/1205 5698/5698/5698
f 5698/5698/5698 1205/1205/1205 1203/1203/1203
f 5698/5698/5698 1203/1203/1203 5696/5696/5696
f 5696/5696/5696 1203/1203/1203 1201/1201/1201
f 5696/5696/5696 1201/1201/1201 5694/5694/5694
f 5694/5694/5694 1201/1201/1201 1199/1199/1199
f 5694/5694/5694 1199/1199/1199 5692/5692/5692
f 5692/5692/5692 1199/1199/1199 1197/1197/1197
f 5692/5692/5692 1197/1197/1197 5690/5690/5690
f 5690/5690/5690 1197/1197/1197 1194/1194/1194
f 5690/5690/5690 1194/1194/1194 5688/5688/5688
f 5688/5688/5688 1194/1194/1194 1192/1192/1192
f 5688/5688/5688 1192/1192/1192 5686/5686/5686
f 5686/5686/5686 1192/1192/1192 1191/1191/1191
f 5686/5686/5686 1191/1191/1191 5684/5684/5684
f 5684/5684/5684 1191/1191/1191 1189/1189/1189
f 5684/5684/5684 1189/1189/1189 5682/5682/5682
f 5682/5682/5682 1189/1189/1189 1187/1187/1187
f 5682/5682/5682 1187/1187/1187 5680/5680/5680
f 5680/5680/5680 1187/1187/1187 1184/1184/1184
f 5680/5680/5680 1184/1184/1184 5678/5678/5678
f 5678/5678/5678 1184/1184/1184 1183/1183/1183
f 5678/5678/5678 1183/1183/1183 5676/5676/5676
f 5676/5676/5676 1183/1183/1183 1180/1180/1180
f 5676/5676/5676 1180/1180/1180 5674/5674/5674
f 5674/5674/5674 1180/1180/1180 1178/1178/1178
f 5674/5674/5674 1178/1178/1178 5672/5672/5672
f 5672/5672/5672 1178/1178/1178 1177/1177/1177
f 5672/5672/5672 1177/1177/1177 5670/5670/5670
f 5670/5670/5670 1177/1177/1177 1175/1175/1175
f 5670/5670/5670 1175/1175/1175 5668/5668/5668
f 5668/5668/5668 1175/1175/1175 1172/1172/1172
f 5668/5668/5668 1172/1172/1172 5666/5666/5666
f 5666/5666/5666 1172/1172/1172 1171/1171/1171
f 5666/5666/5666 1171/1171/1171 5664/5664/5664
f 5664/5664/5664 1171/1171/1171 1168/1168/1168
f 5664/5664/5664 1168/1168/1168 5662/5662/5662
f 5662/5662/5662 1168/1168/1168 1166/1166/1166
f 5662/5662/5662 1166/1166/1166 5660/5660/5660
f 5660/5660/5660 1166/1166/1166 1165/1165/1165
f 5660/5660/5660 1165/1165/1165 5658/5658/5658
f 5658/5658/5658 1165/1165/1165 1162/1162/1162
f 5658/5658/5658 1162/1162/1162 5656/5656/5656
f 5656/5656/5656 1162/1162/1162 1161/1161/1161
f 5656/5656/5656 1161/1161/1161 5654/5654/5654
f 5654/5654/5654 1161/1161/1161 1159/1159/1159
f 5654/5654/5654 1159/1159/1159 5652/5652/5652
f 5652/5652/5652 1159/1159/1159 1157/1157/1157
f 5652/5652/5652 1157/1157/1157 5650/5650/5650
f 5650/5650/5650 1157/1157/1157 1154/1154/1154
f 5650/5650/5650 1154/1154/1154 5648/5648/5648
f 5648/5648/5648 1154/1154/1154 1152/1152/1152
f 5648/5648/5648 1152/1152/1152 5646/5646/5646
f 5646/5646/5646 1152/1152/1152 1150/1150/1150
f 5646/5646/5646 1150/1150/1150 5644/5644/5644
f 5644/5644/5644 1150/1150/1150 1148/1148/1148
f 5644/5644/5644 1148/1148/1148 5642/5642/5642
f 5642/5642/5642 1148/1148/1148 1147/1147/1147
f 5642/5642/5642 1147/1147/1147 5640/5640/5640
f 5640/5640/5640 1147/1147/1147 1145/1145/1145
f 5640/5640/5640 1145/1145/1145 5638/5638/5638
f 5638/5638/5638 1145/1145/1145 1142/1142/1142
f 5638/5638/5638 1142/1142/1142 5636/5636/5636
f 5636/5636/5636 1142/1142/1142 1140/1140/1140
f 5636/5636/5636 1140/1140/1140 5634/5634/5634
f 5634/5634/5634 1140/1140/1140 1138/1138/1138
f 5634/5634/5634 1138/1138/1138 5632/5632/5632
f 5632/5632/5632 1138/1138/1138 1136/1136/1136
f 5632/5632/5632 1136/1136/1136 5630/5630/5630
f 5630/5630/5630 1136/1136/1136 1134/1134/1134
f 5630/5630/5630 1134/1134/1134 5628/5628/5628
f 5628/5628/5628 1134/1134/1134 1133/1133/1133
f 5628/5628/5628 1133/1133/1133 5626/5626/5626
f 5626/5626/5626 1133/1133/1133 1131/1131/1131
f 5626/5626/5626 1131/1131/1131 5624/5624/5624
f 5624/5624/5624 1131/1131/1131 1128/1128/1128
f 5624/5624/5624 1128/1128/1128 5622/5622/5622
f 5622/5622/5622 1128/1128/1128 1126/1126/1126
f 5622/5622/5622 1126/1126/1126 5620/5620/5620
f 5620/5620/5620 1126/1126/1126 1125/1125/1125
f 5620/5620/5620 1125/1125/1125 5618/5618/5618
f 5618/5618/5618 1125/1125/1125 1123/1123/1123
f 5618/5618/5618 1123/1123/1123 5616/5616/5616
f 5616/5616/5616 1123/1123/1123 1121/1121/1121
f 5616/5616/5616 1121/1121/1121 5614/5614/5614
f 5614/5614/5614 1121/1121/1121 1119/1119/1119
f 5614/5614/5614 1119/1119/1119 5612/5612/5612
f 5612/5612/5612 1119/1119/1119 1117/1117/1117
f 5612/5612/5612 1117/1117/1117 5610/5610/5610
f 5610/5610/5610 1117/1117/1117 1115/1115/1115
f 5610/5610/5610 1115/1115/1115 5608/5608/5608
f 5608/5608/5608 1115/1115/1115 1112/1112/1112
f 5608/5608/5608 1112/1112/1112 5606/5606/5606
f 5606/5606/5606 1112/1112/1112 1111/1111/1111
f 5606/5606/5606 1111/1111/1111 5604/5604/5604
f 5604/5604/5604 1111/1111/1111 1109/1109/1109
f 5604/5604/5604 1109/1109/1109 5602/5602/5602
f 5602/5602/5602 1109/1109/1109 1107/1107/1107
f 5602/5602/5602 1107/1107/1107 5600/5600/5600
f 5600/5600/5600 1107/1107/1107 1105/1105/1105
f 5600/5600/5600 1105/1105/1105 5598/5598/5598
f 5598/5598/5598 1105/1105/1105 1103/1103/1103
f 5598/5598/5598 1103/1103/1103 5596/5596/5596
f 5596/5596/5596 1103/1103/1103 1101/1101/1101
f 5596/5596/5596 1101/1101/1101 5594/5594/5594
f 5594/5594/5594 1101/1101/1101 1099/1099/1099
f 5594/5594/5594 1099/1099/1099 5592/5592/5592
f 5592/5592/5592 1099/1099/1099 1097/1097/1097
f 5592/5592/5592 1097/1097/1097 5590/5590/5590
f 5590/5590/5590 1097/1097/1097 1095/1095/1095
f 5590/5590/5590 1095/1095/1095 5588/5588/5588
f 5588/5588/5588 1095/1095/1095 1093/1093/1093
f 5588/5588/5588 1093/1093/1093 5586/5586/5586
f 5586/5586/5586 1093/1093/1093 1091/1091/1091
f 5586/5586/5586 1091/1091/1091 5584/5584/5584
f 5584/5584/5584 1091/1091/1091 1088/1088/1088
f 5584/5584/5584 1088/1088/1088 5582/5582/5582
f 5582/5582/5582 1088/1088/1088 1086/1086/1086
f 5582/5582/5582 1086/1086/1086 5580/5580/5580
f 5580/5580/5580 1086/1086/1086 1085/1085/1085
f 5580/5580/5580 1085/1085/1085 5578/5578/5578
f 5578/5578/5578 1085/1085/1085 1081/1081/1081
f 5574/5574/5574 5576/5576/5576 5709/5709/5709
f 5709/5709/5709 5576/5576/5576 5710/5710/5710
f 5709/5709/5709 5710/5710/5710 5707/5707/5707
f 5707/5707/5707 5710/5710/5710 5708/5708/5708
f 5707/5707/5707 5708/5708/5708 5705/5705/5705
f 5705/5705/5705 5708/5708/5708 5706/5706/5706
f 5705/5705/5705 5706/5706/5706 5703/5703/5703
f 5703/5703/5703 5706/5706/5706 5704/5704/5704
f 5703/5703/5703 5704/5704/5704 5701/5701/5701
f 5701/5701/5701 5704/5704/5704 5702/5702/5702
f 5701/5701/5701 5702/5702/5702 5699/5699/5699
f 5699/5699/5699 5702/5702/5702 5700/5700/5700
f 5699/5699/5699 5700/5700/5700 5697/5697/5697
f 5697/5697/5697 5700/5700/5700 5698/5698/5698
f 5697/5697/5697 5698/5698/5698 5695/5695/5695
f 5695/5695/5695 5698/5698/5698 5696/5696/5696
f 5695/5695/5695 5696/5696/5696 5693/5693/5693
f 5693/5693/5693 5696/5696/5696 5694/5694/5694
f 5693/5693/5693 5694/5694/5694 5691/5691/5691
f 5691/5691/5691 5694/5694/5694 5692/5692/5692
f 5691/5691/5691 5692/5692/5692 5689/5689/5689
f 5689/5689/5689 5692/5692/5692 5690/5690/5690
f 5689/5689/5689 5690/5690/5690 5687/5687/5687
f 5687/5687/5687 5690/5690/5690 5688/5688/5688
f 5687/5687/5687 5688/5688/5688 5685/5685/5685
f 5685/5685/5685 5688/5688/5688 5686/5686/5686
f 5685/5685/5685 5686/5686/5686 5683/5683/5683
f 5683/5683/5683 5686/5686/5686 5684/5684/5684
f 5683/5683/5683 5684/5684/5684 5681/5681/5681
f 5681/5681/5681 5684/5684/5684 5682/5682/5682
f 5681/5681/5681 5682/5682/5682 5679/5679/5679
f 5679/5679/5679 5682/5682/5682 5680/5680/5680
f 5679/5679/5679 5680/5680/5680 5677/5677/5677
f 5677/5677/5677 5680/5680/5680 5678/5678/5678
f 5677/5677/5677 5678/5678/5678 5675/5675/5675
f 5675/5675/5675 5678/5678/5678 5676/5676/5676
f 5675/5675/5675 5676/5676/5676 5673/5673/5673
f 5673/5673/5673 5676/5676/5676 5674/5674/5674
f 5673/5673/5673 5674/5674/5674 5671/5671/5671
f 5671/5671/5671 5674/5674/5674 5672/5672/5672
f 5671/5671/5671 5672/5672/5672 5669/5669/5669
f 5669/5669/5669 5672/5672/5672 5670/5670/5670
f 5669/5669/5669 5670/5670/5670 5667/5667/5667
f 5667/5667/5667 5670/5670/5670 5668/5668/5668
f 5667/5667/5667 5668/5668/5668 5665/5665/5665
f 5665/5665/5665 5668/5668/5668 5666/5666/5666
f 5665/5665/5665 5666/5666/5666 5663/5663/5663
f 5663/5663/5663 5666/5666/5666 5664/5664/5664
f 5663/5663/5663 5664/5664/5664 5661/5661/5661
f 5661/5661/5661 5664/5664/5664 5662/5662/5662
f 5661/5661/5661 5662/5662/5662 5659/5659/5659
f 5659/5659/5659 5662/5662/5662 5660/5660/5660
f 5659/5659/5659 5660/5660/5660 5657/5657/5657
f 5657/5657/5657 5660/5660/5660 5658/5658/5658
f 5657/5657/5657 5658/5658/5658 5655/5655/5655
f 5655/5655/5655 5658/5658/5658 5656/5656/5656
f 5655/5655/5655 5656/5656/5656 5653/5653/5653
f 5653/5653/5653 5656/5656/5656 5654/5654/5654
f 5653/5653/5653 5654/5654/5654 5651/5651/5651
f 5651/5651/5651 5654/5654/5654 5652/5652/5652
f 5651/5651/5651 5652/5652/5652 5649/5649/5649
f 5649/5649/5649 5652/5652/5652 5650/5650/5650
f 5649/5649/5649 5650/5650/5650 5647/5647/5647
f 5647/5647/5647 5650/5650/5650 5648/5648/5648
f 5647/5647/5647 5648/5648/5648 5645/5645/5645
f 5645/5645/5645 5648/5648/5648 5646/5646/5646
f 5645/5645/5645 5646/5646/5646 5643/5643/5643
f 5643/5643/5643 5646/5646/5646 5644/5644/5644
f 5643/5643/5643 5644/5644/5644 5641/5641/5641
f 5641/5641/5641 5644/5644/5644 5642/5642/5642
f 5641/5641/5641 5642/5642/5642 5639/5639/5639
f 5639/5639/5639 5642/5642/5642 5640/5640/5640
f 5639/5639/5639 5640/5640/5640 5637/5637/5637
f 5637/5637/5637 5640/5640/5640 5638/5638/5638
f 5637/5637/5637 5638/5638/5638 5635/5635/5635
f 5635/5635/5635 5638/5638/5638 5636/5636/5636
f 5635/5635/5635 5636/5636/5636 5633/5633/5633
f 5633/5633/5633 5636/5636/5636 5634/5634/5634
f 5633/5633/5633 5634/5634/5634 5631/5631/5631
f 5631/5631/5631 5634/5634/5634 5632/5632/5632
f 5631/5631/5631 5632/5632/5632 5629/5629/5629
f 5629/5629/5629 5632/5632/5632 5630/5630/5630
f 5629/5629/5629 5630/5630/5630 5627/5627/5627
f 5627/5627/5627 5630/5630/5630 5628/5628/5628
f 5627/5627/5627 5628/5628/5628 5625/5625/5625
f 5625/5625/5625 5628/5628/5628 5626/5626/5626
f 5625/5625/5625 5626/5626/5626 5623/5623/5623
f 5623/5623/5623 5626/5626/5626 5624/5624/5624
f 5623/5623/5623 5624/5624/5624 5621/5621/5621
f 5621/5621/5621 5624/5624/5624 5622/5622/5622
f 5621/5621/5621 5622/5622/5622 5619/5619/5619
f 5619/5619/5619 5622/5622/5622 5620/5620/5620
f 5619/5619/5619 5620/5620/5620 5617/5617/5617
f 5617/5617/5617 5620/5620/5620 5618/5618/5618
f 5617/5617/5617 5618/5618/5618 5615/5615/5615
f 5615/5615/5615 5618/5618/5618 5616/5616/5616
f 5615/5615/5615 5616/5616/5616 5613/5613/5613
f 5613/5613/5613 5616/5616/5616 5614/5614/5614
f 5613/5613/5613 5614/5614/5614 5611/5611/5611
f 5611/5611/5611 5614/5614/5614 5612/5612/5612
f 5611/5611/5611 5612/5612/5612 5609/5609/5609
f 5609/5609/5609 5612/5612/5612 5610/5610/5610
f 5609/5609/5609 5610/5610/5610 5607/5607/5607
f 5607/5607/5607 5610/5610/5610 5608/5608/5608
f 5607/5607/5607 5608/5608/5608 5605/5605/5605
f 5605/5605/5605 5608/5608/5608 5606/5606/5606
f 5605/5605/5605 5606/5606/5606 5603/5603/5603
f 5603/5603/5603 5606/5606/5606 5604/5604/5604
f 5603/5603/5603 5604/5604/5604 5601/5601/5601
f 5601/5601/5601 5604/5604/5604 5602/5602/5602
f 5601/5601/5601 5602/5602/5602 5599/5599/5599
f 5599/5599/5599 5602/5602/5602 5600/5600/5600
f 5599/5599/5599 5600/5600/5600 5597/5597/5597
f 5597/5597/5597 5600/5600/5600 5598/5598/5598
f 5597/5597/5597 5598/5598/5598 5595/5595/5595
f 5595/5595/5595 5598/5598/5598 5596/5596/5596
f 5595/5595/5595 5596/5596/5596 5593/5593/5593
f 5593/5593/5593 5596/5596/5596 5594/5594/5594
f 5593/5593/5593 5594/5594/5594 5591/5591/5591
f 5591/5591/5591 5594/5594/5594 5592/5592/5592
f 5591/5591/5591 5592/5592/5592 5589/5589/5589
f 5589/5589/5589 5592/5592/5592 5590/5590/5590
f 5589/5589/5589 5590/5590/5590 5587/5587/5587
f 5587/5587/5587 5590/5590/5590 5588/5588/5588
f 5587/5587/5587 5588/5588/5588 5585/5585/5585
f 5585/5585/5585 5588/5588/5588 5586/5586/5586
f 5585/5585/5585 5586/5586/5586 5583/5583/5583
f 5583/5583/5583 5586/5586/5586 5584/5584/5584
f 5583/5583/5583 5584/5584/5584 5581/5581/5581
f 5581/5581/5581 5584/5584/5584 5582/5582/5582
f 5581/5581/5581 5582/5582/5582 5579/5579/5579
f 5579/5579/5579 5582/5582/5582 5580/5580/5580
f 5579/5579/5579 5580/5580/5580 5577/5577/5577
f 5577/5577/5577 5580/5580/5580 5578/5578/5578
f 3298/3298/3298 1311/1311/1311 3300/3300/3300
f 3300/3300/3300 1311/1311/1311 1309/1309/1309
f 3300/3300/3300 1309/1309/1309 3301/3301/3301
f 3301/3301/3301 1309/1309/1309 1307/1307/1307
f 3301/3301/3301 1307/1307/1307 3304/3304/3304
f 3304/3304/3304 1307/1307/1307 1305/1305/1305
f 3304/3304/3304 1305/1305/1305 3307/3307/3307
f 3307/3307/3307 1305/1305/1305 1303/1303/1303
f 3305/3305/3305 1304/1304/1304 3308/3308/3308
f 3308/3308/3308 1304/1304/1304 1301/1301/1301
f 3308/3308/3308 1301/1301/1301 1299/1299/1299
f 3308/3308/3308 1299/1299/1299 3310/3310/3310
f 3310/3310/3310 1299/1299/1299 1297/1297/1297
f 3310/3310/3310 1297/1297/1297 3312/3312/3312
f 3312/3312/3312 1297/1297/1297 3314/3314/3314
f 3314/3314/3314 1297/1297/1297 1295/1295/1295
f 3315/3315/3315 1294/1294/1294 3318/3318/3318
f 3318/3318/3318 1294/1294/1294 1292/1292/1292
f 3318/3318/3318 1292/1292/1292 3320/3320/3320
f 3320/3320/3320 1292/1292/1292 1290/1290/1290
f 3320/3320/3320 1290/1290/1290 3322/3322/3322
f 3322/3322/3322 1290/1290/1290 1288/1288/1288
f 3322/3322/3322 1288/1288/1288 3256/3256/3256
f 3256/3256/3256 1288/1288/1288 1284/1284/1284
f 5091/5091/5091 1218/1218/1218 5711/5711/5711
f 5711/5711/5711 1218/1218/1218 1282/1282/1282
f 5711/5711/5711 1282/1282/1282 5712/5712/5712
f 5712/5712/5712 1282/1282/1282 1281/1281/1281
f 5712/5712/5712 1281/1281/1281 5713/5713/5713
f 5713/5713/5713 1281/1281/1281 1279/1279/1279
f 5713/5713/5713 1279/1279/1279 1277/1277/1277
f 1277/1277/1277 5101/5101/5101 5713/5713/5713
f 5713/5713/5713 5101/5101/5101 5099/5099/5099
f 5713/5713/5713 5099/5099/5099 5712/5712/5712
f 5712/5712/5712 5099/5099/5099 5097/5097/5097
f 5712/5712/5712 5097/5097/5097 5711/5711/5711
f 5711/5711/5711 5097/5097/5097 5095/5095/5095
f 5711/5711/5711 5095/5095/5095 5091/5091/5091
f 5100/5100/5100 1276/1276/1276 5103/5103/5103
f 5103/5103/5103 1276/1276/1276 1273/1273/1273
f 5103/5103/5103 1273/1273/1273 5106/5106/5106
f 5106/5106/5106 1273/1273/1273 1272/1272/1272
f 5106/5106/5106 1272/1272/1272 5107/5107/5107
f 5107/5107/5107 1272/1272/1272 1270/1270/1270
f 5107/5107/5107 1270/1270/1270 5109/5109/5109
f 5109/5109/5109 1270/1270/1270 1266/1266/1266
f 5110/5110/5110 1268/1268/1268 5714/5714/5714
f 5714/5714/5714 1268/1268/1268 1264/1264/1264
f 5714/5714/5714 1264/1264/1264 5715/5715/5715
f 5715/5715/5715 1264/1264/1264 1262/1262/1262
f 5715/5715/5715 1262/1262/1262 5716/5716/5716
f 5716/5716/5716 1262/1262/1262 1261/1261/1261
f 5716/5716/5716 1261/1261/1261 1259/1259/1259
f 1259/1259/1259 5119/5119/5119 5716/5716/5716
f 5716/5716/5716 5119/5119/5119 5117/5117/5117
f 5716/5716/5716 5117/5117/5117 5715/5715/5715
f 5715/5715/5715 5117/5117/5117 5114/5114/5114
f 5715/5715/5715 5114/5114/5114 5714/5714/5714
f 5714/5714/5714 5114/5114/5114 5112/5112/5112
f 5714/5714/5714 5112/5112/5112 5110/5110/5110
f 3366/3366/3366 1380/1380/1380 3367/3367/3367
f 3367/3367/3367 1380/1380/1380 1378/1378/1378
f 3367/3367/3367 1378/1378/1378 3369/3369/3369
f 3369/3369/3369 1378/1378/1378 1376/1376/1376
f 3369/3369/3369 1376/1376/1376 3371/3371/3371
f 3371/3371/3371 1376/1376/1376 1373/1373/1373
f 3371/3371/3371 1373/1373/1373 3375/3375/3375
f 3375/3375/3375 1373/1373/1373 1370/1370/1370
f 3373/3373/3373 1372/1372/1372 3376/3376/3376
f 3376/3376/3376 1372/1372/1372 1369/1369/1369
f 3376/3376/3376 1369/1369/1369 1367/1367/1367
f 3376/3376/3376 1367/1367/1367 3378/3378/3378
f 3378/3378/3378 1367/1367/1367 1365/1365/1365
f 3378/3378/3378 1365/1365/1365 3381/3381/3381
f 3381/3381/3381 1365/1365/1365 3382/3382/3382
f 3382/3382/3382 1365/1365/1365 1361/1361/1361
f 3384/3384/3384 1363/1363/1363 3386/3386/3386
f 3386/3386/3386 1363/1363/1363 1359/1359/1359
f 3386/3386/3386 1359/1359/1359 3388/3388/3388
f 3388/3388/3388 1359/1359/1359 1358/1358/1358
f 3388/3388/3388 1358/1358/1358 3389/3389/3389
f 3389/3389/3389 1358/1358/1358 1355/1355/1355
f 3389/3389/3389 1355/1355/1355 3325/3325/3325
f 3325/3325/3325 1355/1355/1355 1353/1353/1353
f 3263/3263/3263 1346/1346/1346 5717/5717/5717
f 5717/5717/5717 1346/1346/1346 1344/1344/1344
f 5717/5717/5717 1344/1344/1344 5718/5718/5718
f 5718/5718/5718 1344/1344/1344 1342/1342/1342
f 5718/5718/5718 1342/1342/1342 5719/5719/5719
f 5719/5719/5719 1342/1342/1342 1339/1339/1339
f 5719/5719/5719 1339/1339/1339 1338/1338/1338
f 1338/1338/1338 3273/3273/3273 5719/5719/5719
f 5719/5719/5719 3273/3273/3273 3270/3270/3270
f 5719/5719/5719 3270/3270/3270 5718/5718/5718
f 5718/5718/5718 3270/3270/3270 3268/3268/3268
f 5718/5718/5718 3268/3268/3268 5717/5717/5717
f 5717/5717/5717 3268/3268/3268 3265/3265/3265
f 5717/5717/5717 3265/3265/3265 3263/3263/3263
f 3272/3272/3272 1336/1336/1336 3275/3275/3275
f 3275/3275/3275 1336/1336/1336 1334/1334/1334
f 3275/3275/3275 1334/1334/1334 3277/3277/3277
f 3277/3277/3277 1334/1334/1334 1332/1332/1332
f 3277/3277/3277 1332/1332/1332 3278/3278/3278
f 3278/3278/3278 1332/1332/1332 1331/1331/1331
f 3278/3278/3278 1331/1331/1331 3282/3282/3282
f 3282/3282/3282 1331/1331/1331 1328/1328/1328
f 3281/3281/3281 1329/1329/1329 5720/5720/5720
f 5720/5720/5720 1329/1329/1329 1325/1325/1325
f 5720/5720/5720 1325/1325/1325 5721/5721/5721
f 5721/5721/5721 1325/1325/1325 1324/1324/1324
f 5721/5721/5721 1324/1324/1324 5722/5722/5722
f 5722/5722/5722 1324/1324/1324 1322/1322/1322
f 5722/5722/5722 1322/1322/1322 1319/1319/1319
f 1319/1319/1319 3289/3289/3289 5722/5722/5722
f 5722/5722/5722 3289/3289/3289 3287/3287/3287
f 5722/5722/5722 3287/3287/3287 5721/5721/5721
f 5721/5721/5721 3287/3287/3287 3285/3285/3285
f 5721/5721/5721 3285/3285/3285 5720/5720/5720
f 5720/5720/5720 3285/3285/3285 3283/3283/3283
f 5720/5720/5720 3283/3283/3283 3281/3281/3281
f 3433/3433/3433 1448/1448/1448 3436/3436/3436
f 3436/3436/3436 1448/1448/1448 1446/1446/1446
f 3436/3436/3436 1446/1446/1446 3437/3437/3437
f 3437/3437/3437 1446/1446/1446 1444/1444/1444
f 3437/3437/3437 1444/1444/1444 3440/3440/3440
f 3440/3440/3440 1444/1444/1444 1442/1442/1442
f 3440/3440/3440 1442/1442/1442 3441/3441/3441
f 3441/3441/3441 1442/1442/1442 1438/1438/1438
f 3443/3443/3443 1439/1439/1439 3444/3444/3444
f 3444/3444/3444 1439/1439/1439 1436/1436/1436
f 3444/3444/3444 1436/1436/1436 1435/1435/1435
f 3444/3444/3444 1435/1435/1435 3446/3446/3446
f 3446/3446/3446 1435/1435/1435 1432/1432/1432
f 3446/3446/3446 1432/1432/1432 3449/3449/3449
f 3449/3449/3449 1432/1432/1432 3452/3452/3452
f 3452/3452/3452 1432/1432/1432 1430/1430/1430
f 3451/3451/3451 1429/1429/1429 3454/3454/3454
f 3454/3454/3454 1429/1429/1429 1427/1427/1427
f 3454/3454/3454 1427/1427/1427 3455/3455/3455
f 3455/3455/3455 1427/1427/1427 1426/1426/1426
f 3455/3455/3455 1426/1426/1426 3457/3457/3457
f 3457/3457/3457 1426/1426/1426 1423/1423/1423
f 3457/3457/3457 1423/1423/1423 3392/3392/3392
f 3392/3392/3392 1423/1423/1423 1420/1420/1420
f 3332/3332/3332 1414/1414/1414 5723/5723/5723
f 5723/5723/5723 1414/1414/1414 1412/1412/1412
f 5723/5723/5723 1412/1412/1412 5724/5724/5724
f 5724/5724/5724 1412/1412/1412 1410/1410/1410
f 5724/5724/5724 1410/1410/1410 5725/5725/5725
f 5725/5725/5725 1410/1410/1410 1408/1408/1408
f 5725/5725/5725 1408/1408/1408 1405/1405/1405
f 1405/1405/1405 3339/3339/3339 5725/5725/5725
f 5725/5725/5725 3339/3339/3339 3337/3337/3337
f 5725/5725/5725 3337/3337/3337 5724/5724/5724
f 5724/5724/5724 3337/3337/3337 3335/3335/3335
f 5724/5724/5724 3335/3335/3335 5723/5723/5723
f 5723/5723/5723 3335/3335/3335 3333/3333/3333
f 5723/5723/5723 3333/3333/3333 3332/3332/3332
f 3340/3340/3340 1404/1404/1404 3342/3342/3342
f 3342/3342/3342 1404/1404/1404 1402/1402/1402
f 3342/3342/3342 1402/1402/1402 3344/3344/3344
f 3344/3344/3344 1402/1402/1402 1400/1400/1400
f 3344/3344/3344 1400/1400/1400 3346/3346/3346
f 3346/3346/3346 1400/1400/1400 1398/1398/1398
f 3346/3346/3346 1398/1398/1398 3348/3348/3348
f 3348/3348/3348 1398/1398/1398 1396/1396/1396
f 3349/3349/3349 1395/1395/1395 5726/5726/5726
f 5726/5726/5726 1395/1395/1395 1393/1393/1393
f 5726/5726/5726 1393/1393/1393 5727/5727/5727
f 5727/5727/5727 1393/1393/1393 1391/1391/1391
f 5727/5727/5727 1391/1391/1391 5728/5728/5728
f 5728/5728/5728 1391/1391/1391 1389/1389/1389
f 5728/5728/5728 1389/1389/1389 1386/1386/1386
f 1386/1386/1386 3359/3359/3359 5728/5728/5728
f 5728/5728/5728 3359/3359/3359 3356/3356/3356
f 5728/5728/5728 3356/3356/3356 5727/5727/5727
f 5727/5727/5727 3356/3356/3356 3353/3353/3353
f 5727/5727/5727 3353/3353/3353 5726/5726/5726
f 5726/5726/5726 3353/3353/3353 3351/3351/3351
f 5726/5726/5726 3351/3351/3351 3349/3349/3349
f 3501/3501/3501 1516/1516/1516 3503/3503/3503
f 3503/3503/3503 1516/1516/1516 1514/1514/1514
f 3503/3503/3503 1514/1514/1514 3505/3505/3505
f 3505/3505/3505 1514/1514/1514 1512/1512/1512
f 3505/3505/3505 1512/1512/1512 3508/3508/3508
f 3508/3508/3508 1512/1512/1512 1509/1509/1509
f 3508/3508/3508 1509/1509/1509 3509/3509/3509
f 3509/3509/3509 1509/1509/1509 1506/1506/1506
f 3511/3511/3511 1508/1508/1508 3512/3512/3512
f 3512/3512/3512 1508/1508/1508 1505/1505/1505
f 3512/3512/3512 1505/1505/1505 1502/1502/1502
f 3512/3512/3512 1502/1502/1502 3515/3515/3515
f 3515/3515/3515 1502/1502/1502 1501/1501/1501
f 3515/3515/3515 1501/1501/1501 3516/3516/3516
f 3516/3516/3516 1501/1501/1501 3520/3520/3520
f 3520/3520/3520 1501/1501/1501 1497/1497/1497
f 3518/3518/3518 1498/1498/1498 3521/3521/3521
f 3521/3521/3521 1498/1498/1498 1496/1496/1496
f 3521/3521/3521 1496/1496/1496 3523/3523/3523
f 3523/3523/3523 1496/1496/1496 1493/1493/1493
f 3523/3523/3523 1493/1493/1493 3525/3525/3525
f 3525/3525/3525 1493/1493/1493 1492/1492/1492
f 3525/3525/3525 1492/1492/1492 3459/3459/3459
f 3459/3459/3459 1492/1492/1492 1488/1488/1488
f 3399/3399/3399 1483/1483/1483 5729/5729/5729
f 5729/5729/5729 1483/1483/1483 1479/1479/1479
f 5729/5729/5729 1479/1479/1479 5730/5730/5730
f 5730/5730/5730 1479/1479/1479 1478/1478/1478
f 5730/5730/5730 1478/1478/1478 5731/5731/5731
f 5731/5731/5731 1478/1478/1478 1475/1475/1475
f 5731/5731/5731 1475/1475/1475 1472/1472/1472
f 1472/1472/1472 3408/3408/3408 5731/5731/5731
f 5731/5731/5731 3408/3408/3408 3405/3405/3405
f 5731/5731/5731 3405/3405/3405 5730/5730/5730
f 5730/5730/5730 3405/3405/3405 3404/3404/3404
f 5730/5730/5730 3404/3404/3404 5729/5729/5729
f 5729/5729/5729 3404/3404/3404 3401/3401/3401
f 5729/5729/5729 3401/3401/3401 3399/3399/3399
f 3409/3409/3409 1473/1473/1473 3411/3411/3411
f 3411/3411/3411 1473/1473/1473 1471/1471/1471
f 3411/3411/3411 1471/1471/1471 3412/3412/3412
f 3412/3412/3412 1471/1471/1471 1469/1469/1469
f 3412/3412/3412 1469/1469/1469 3414/3414/3414
f 3414/3414/3414 1469/1469/1469 1467/1467/1467
f 3414/3414/3414 1467/1467/1467 3416/3416/3416
f 3416/3416/3416 1467/1467/1467 1465/1465/1465
f 3417/3417/3417 1464/1464/1464 5732/5732/5732
f 5732/5732/5732 1464/1464/1464 1462/1462/1462
f 5732/5732/5732 1462/1462/1462 5733/5733/5733
f 5733/5733/5733 1462/1462/1462 1459/1459/1459
f 5733/5733/5733 1459/1459/1459 5734/5734/5734
f 5734/5734/5734 1459/1459/1459 1457/1457/1457
f 5734/5734/5734 1457/1457/1457 1456/1456/1456
f 1456/1456/1456 3426/3426/3426 5734/5734/5734
f 5734/5734/5734 3426/3426/3426 3423/3423/3423
f 5734/5734/5734 3423/3423/3423 5733/5733/5733
f 5733/5733/5733 3423/3423/3423 3421/3421/3421
f 5733/5733/5733 3421/3421/3421 5732/5732/5732
f 5732/5732/5732 3421/3421/3421 3419/3419/3419
f 5732/5732/5732 3419/3419/3419 3417/3417/3417
f 3568/3568/3568 1584/1584/1584 3571/3571/3571
f 3571/3571/3571 1584/1584/1584 1582/1582/1582
f 3571/3571/3571 1582/1582/1582 3573/3573/3573
f 3573/3573/3573 1582/1582/1582 1579/1579/1579
f 3573/3573/3573 1579/1579/1579 3575/3575/3575
f 3575/3575/3575 1579/1579/1579 1578/1578/1578
f 3575/3575/3575 1578/1578/1578 3579/3579/3579
f 3579/3579/3579 1578/1578/1578 1574/1574/1574
f 3577/3577/3577 1575/1575/1575 3580/3580/3580
f 3580/3580/3580 1575/1575/1575 1572/1572/1572
f 3580/3580/3580 1572/1572/1572 1570/1570/1570
f 3580/3580/3580 1570/1570/1570 3583/3583/3583
f 3583/3583/3583 1570/1570/1570 1569/1569/1569
f 3583/3583/3583 1569/1569/1569 3585/3585/3585
f 3585/3585/3585 1569/1569/1569 3586/3586/3586
f 3586/3586/3586 1569/1569/1569 1566/1566/1566
f 3587/3587/3587 1567/1567/1567 3590/3590/3590
f 3590/3590/3590 1567/1567/1567 1563/1563/1563
f 3590/3590/3590 1563/1563/1563 3592/3592/3592
f 3592/3592/3592 1563/1563/1563 1561/1561/1561
f 3592/3592/3592 1561/1561/1561 3594/3594/3594
f 3594/3594/3594 1561/1561/1561 1559/1559/1559
f 3594/3594/3594 1559/1559/1559 3527/3527/3527
f 3527/3527/3527 1559/1559/1559 1557/1557/1557
f 3466/3466/3466 1551/1551/1551 5735/5735/5735
f 5735/5735/5735 1551/1551/1551 1547/1547/1547
f 5735/5735/5735 1547/1547/1547 5736/5736/5736
f 5736/5736/5736 1547/1547/1547 1546/1546/1546
f 5736/5736/5736 1546/1546/1546 5737/5737/5737
f 5737/5737/5737 1546/1546/1546 1543/1543/1543
f 5737/5737/5737 1543/1543/1543 1542/1542/1542
f 1542/1542/1542 3476/3476/3476 5737/5737/5737
f 5737/5737/5737 3476/3476/3476 3473/3473/3473
f 5737/5737/5737 3473/3473/3473 5736/5736/5736
f 5736/5736/5736 3473/3473/3473 3472/3472/3472
f 5736/5736/5736 3472/3472/3472 5735/5735/5735
f 5735/5735/5735 3472/3472/3472 3470/3470/3470
f 5735/5735/5735 3470/3470/3470 3466/3466/3466
f 3475/3475/3475 1541/1541/1541 3479/3479/3479
f 3479/3479/3479 1541/1541/1541 1539/1539/1539
f 3479/3479/3479 1539/1539/1539 3480/3480/3480
f 3480/3480/3480 1539/1539/1539 1536/1536/1536
f 3480/3480/3480 1536/1536/1536 3482/3482/3482
f 3482/3482/3482 1536/1536/1536 1535/1535/1535
f 3482/3482/3482 1535/1535/1535 3486/3486/3486
f 3486/3486/3486 1535/1535/1535 1533/1533/1533
f 3485/3485/3485 1532/1532/1532 5738/5738/5738
f 5738/5738/5738 1532/1532/1532 1529/1529/1529
f 5738/5738/5738 1529/1529/1529 5739/5739/5739
f 5739/5739/5739 1529/1529/1529 1527/1527/1527
f 5739/5739/5739 1527/1527/1527 5740/5740/5740
f 5740/5740/5740 1527/1527/1527 1525/1525/1525
f 5740/5740/5740 1525/1525/1525 1524/1524/1524
f 1524/1524/1524 3493/3493/3493 5740/5740/5740
f 5740/5740/5740 3493/3493/3493 3492/3492/3492
f 5740/5740/5740 3492/3492/3492 5739/5739/5739
f 5739/5739/5739 3492/3492/3492 3490/3490/3490
f 5739/5739/5739 3490/3490/3490 5738/5738/5738
f 5738/5738/5738 3490/3490/3490 3488/3488/3488
f 5738/5738/5738 3488/3488/3488 3485/3485/3485
f 3637/3637/3637 1653/1653/1653 3639/3639/3639
f 3639/3639/3639 1653/1653/1653 1650/1650/1650
f 3639/3639/3639 1650/1650/1650 3642/3642/3642
f 3642/3642/3642 1650/1650/1650 1647/1647/1647
f 3642/3642/3642 1647/1647/1647 3644/3644/3644
f 3644/3644/3644 1647/1647/1647 1645/1645/1645
f 3644/3644/3644 1645/1645/1645 3646/3646/3646
f 3646/3646/3646 1645/1645/1645 1644/1644/1644
f 3647/3647/3647 1643/1643/1643 3648/3648/3648
f 3648/3648/3648 1643/1643/1643 1640/1640/1640
f 3648/3648/3648 1640/1640/1640 1638/1638/1638
f 3648/3648/3648 1638/1638/1638 3650/3650/3650
f 3650/3650/3650 1638/1638/1638 1637/1637/1637
f 3650/3650/3650 1637/1637/1637 3653/3653/3653
f 3653/3653/3653 1637/1637/1637 3656/3656/3656
f 3656/3656/3656 1637/1637/1637 1633/1633/1633
f 3655/3655/3655 1634/1634/1634 3658/3658/3658
f 3658/3658/3658 1634/1634/1634 1632/1632/1632
f 3658/3658/3658 1632/1632/1632 3660/3660/3660
f 3660/3660/3660 1632/1632/1632 1629/1629/1629
f 3660/3660/3660 1629/1629/1629 3662/3662/3662
f 3662/3662/3662 1629/1629/1629 1628/1628/1628
f 3662/3662/3662 1628/1628/1628 3596/3596/3596
f 3596/3596/3596 1628/1628/1628 1624/1624/1624
f 3536/3536/3536 1619/1619/1619 5741/5741/5741
f 5741/5741/5741 1619/1619/1619 1615/1615/1615
f 5741/5741/5741 1615/1615/1615 5742/5742/5742
f 5742/5742/5742 1615/1615/1615 1614/1614/1614
f 5742/5742/5742 1614/1614/1614 5743/5743/5743
f 5743/5743/5743 1614/1614/1614 1611/1611/1611
f 5743/5743/5743 1611/1611/1611 1609/1609/1609
f 1609/1609/1609 3544/3544/3544 5743/5743/5743
f 5743/5743/5743 3544/3544/3544 3541/3541/3541
f 5743/5743/5743 3541/3541/3541 5742/5742/5742
f 5742/5742/5742 3541/3541/3541 3539/3539/3539
f 5742/5742/5742 3539/3539/3539 5741/5741/5741
f 5741/5741/5741 3539/3539/3539 3538/3538/3538
f 5741/5741/5741 3538/3538/3538 3536/3536/3536
f 3545/3545/3545 1608/1608/1608 3547/3547/3547
f 3547/3547/3547 1608/1608/1608 1606/1606/1606
f 3547/3547/3547 1606/1606/1606 3548/3548/3548
f 3548/3548/3548 1606/1606/1606 1605/1605/1605
f 3548/3548/3548 1605/1605/1605 3551/3551/3551
f 3551/3551/3551 1605/1605/1605 1602/1602/1602
f 3551/3551/3551 1602/1602/1602 3553/3553/3553
f 3553/3553/3553 1602/1602/1602 1600/1600/1600
f 3554/3554/3554 1601/1601/1601 5744/5744/5744
f 5744/5744/5744 1601/1601/1601 1597/1597/1597
f 5744/5744/5744 1597/1597/1597 5745/5745/5745
f 5745/5745/5745 1597/1597/1597 1595/1595/1595
f 5745/5745/5745 1595/1595/1595 5746/5746/5746
f 5746/5746/5746 1595/1595/1595 1593/1593/1593
f 5746/5746/5746 1593/1593/1593 1592/1592/1592
f 1592/1592/1592 3562/3562/3562 5746/5746/5746
f 5746/5746/5746 3562/3562/3562 3559/3559/3559
f 5746/5746/5746 3559/3559/3559 5745/5745/5745
f 5745/5745/5745 3559/3559/3559 3557/3557/3557
f 5745/5745/5745 3557/3557/3557 5744/5744/5744
f 5744/5744/5744 3557/3557/3557 3555/3555/3555
f 5744/5744/5744 3555/3555/3555 3554/3554/3554
f 3704/3704/3704 1719/1719/1719 3707/3707/3707
f 3707/3707/3707 1719/1719/1719 1717/1717/1717
f 3707/3707/3707 1717/1717/1717 3709/3709/3709
f 3709/3709/3709 1717/1717/1717 1716/1716/1716
f 3709/3709/3709 1716/1716/1716 3712/3712/3712
f 3712/3712/3712 1716/1716/1716 1714/1714/1714
f 3712/3712/3712 1714/1714/1714 3714/3714/3714
f 3714/3714/3714 1714/1714/1714 1712/1712/1712
f 3715/3715/3715 1711/1711/1711 3716/3716/3716
f 3716/3716/3716 1711/1711/1711 1708/1708/1708
f 3716/3716/3716 1708/1708/1708 1706/1706/1706
f 3716/3716/3716 1706/1706/1706 3719/3719/3719
f 3719/3719/3719 1706/1706/1706 1704/1704/1704
f 3719/3719/3719 1704/1704/1704 3720/3720/3720
f 3720/3720/3720 1704/1704/1704 3723/3723/3723
f 3723/3723/3723 1704/1704/1704 1703/1703/1703
f 3722/3722/3722 1701/1701/1701 3725/3725/3725
f 3725/3725/3725 1701/1701/1701 1700/1700/1700
f 3725/3725/3725 1700/1700/1700 3727/3727/3727
f 3727/3727/3727 1700/1700/1700 1697/1697/1697
f 3727/3727/3727 1697/1697/1697 3729/3729/3729
f 3729/3729/3729 1697/1697/1697 1696/1696/1696
f 3729/3729/3729 1696/1696/1696 3665/3665/3665
f 3665/3665/3665 1696/1696/1696 1693/1693/1693
f 3604/3604/3604 1687/1687/1687 5747/5747/5747
f 5747/5747/5747 1687/1687/1687 1684/1684/1684
f 5747/5747/5747 1684/1684/1684 5748/5748/5748
f 5748/5748/5748 1684/1684/1684 1681/1681/1681
f 5748/5748/5748 1681/1681/1681 5749/5749/5749
f 5749/5749/5749 1681/1681/1681 1680/1680/1680
f 5749/5749/5749 1680/1680/1680 1676/1676/1676
f 1676/1676/1676 3612/3612/3612 5749/5749/5749
f 5749/5749/5749 3612/3612/3612 3609/3609/3609
f 5749/5749/5749 3609/3609/3609 5748/5748/5748
f 5748/5748/5748 3609/3609/3609 3607/3607/3607
f 5748/5748/5748 3607/3607/3607 5747/5747/5747
f 5747/5747/5747 3607/3607/3607 3606/3606/3606
f 5747/5747/5747 3606/3606/3606 3604/3604/3604
f 3611/3611/3611 1678/1678/1678 3615/3615/3615
f 3615/3615/3615 1678/1678/1678 1674/1674/1674
f 3615/3615/3615 1674/1674/1674 3616/3616/3616
f 3616/3616/3616 1674/1674/1674 1673/1673/1673
f 3616/3616/3616 1673/1673/1673 3618/3618/3618
f 3618/3618/3618 1673/1673/1673 1670/1670/1670
f 3618/3618/3618 1670/1670/1670 3620/3620/3620
f 3620/3620/3620 1670/1670/1670 1669/1669/1669
f 3621/3621/3621 1668/1668/1668 5750/5750/5750
f 5750/5750/5750 1668/1668/1668 1665/1665/1665
f 5750/5750/5750 1665/1665/1665 5751/5751/5751
f 5751/5751/5751 1665/1665/1665 1664/1664/1664
f 5751/5751/5751 1664/1664/1664 5752/5752/5752
f 5752/5752/5752 1664/1664/1664 1662/1662/1662
f 5752/5752/5752 1662/1662/1662 1658/1658/1658
f 1658/1658/1658 3629/3629/3629 5752/5752/5752
f 5752/5752/5752 3629/3629/3629 3628/3628/3628
f 5752/5752/5752 3628/3628/3628 5751/5751/5751
f 5751/5751/5751 3628/3628/3628 3625/3625/3625
f 5751/5751/5751 3625/3625/3625 5750/5750/5750
f 5750/5750/5750 3625/3625/3625 3623/3623/3623
f 5750/5750/5750 3623/3623/3623 3621/3621/3621
f 3772/3772/3772 1788/1788/1788 3775/3775/3775
f 3775/3775/3775 1788/1788/1788 1786/1786/1786
f 3775/3775/3775 1786/1786/1786 3777/3777/3777
f 3777/3777/3777 1786/1786/1786 1783/1783/1783
f 3777/3777/3777 1783/1783/1783 3780/3780/3780
f 3780/3780/3780 1783/1783/1783 1782/1782/1782
f 3780/3780/3780 1782/1782/1782 3781/3781/3781
f 3781/3781/3781 1782/1782/1782 1778/1778/1778
f 3783/3783/3783 1779/1779/1779 3784/3784/3784
f 3784/3784/3784 1779/1779/1779 1776/1776/1776
f 3784/3784/3784 1776/1776/1776 1775/1775/1775
f 3784/3784/3784 1775/1775/1775 3787/3787/3787
f 3787/3787/3787 1775/1775/1775 1772/1772/1772
f 3787/3787/3787 1772/1772/1772 3789/3789/3789
f 3789/3789/3789 1772/1772/1772 3792/3792/3792
f 3792/3792/3792 1772/1772/1772 1771/1771/1771
f 3790/3790/3790 1770/1770/1770 3793/3793/3793
f 3793/3793/3793 1770/1770/1770 1768/1768/1768
f 3793/3793/3793 1768/1768/1768 3795/3795/3795
f 3795/3795/3795 1768/1768/1768 1765/1765/1765
f 3795/3795/3795 1765/1765/1765 3797/3797/3797
f 3797/3797/3797 1765/1765/1765 1764/1764/1764
f 3797/3797/3797 1764/1764/1764 3733/3733/3733
f 3733/3733/3733 1764/1764/1764 1761/1761/1761
f 3671/3671/3671 1755/1755/1755 5753/5753/5753
f 5753/5753/5753 1755/1755/1755 1752/1752/1752
f 5753/5753/5753 1752/1752/1752 5754/5754/5754
f 5754/5754/5754 1752/1752/1752 1749/1749/1749
f 5754/5754/5754 1749/1749/1749 5755/5755/5755
f 5755/5755/5755 1749/1749/1749 1747/1747/1747
f 5755/5755/5755 1747/1747/1747 1745/1745/1745
f 1745/1745/1745 3681/3681/3681 5755/5755/5755
f 5755/5755/5755 3681/3681/3681 3678/3678/3678
f 5755/5755/5755 3678/3678/3678 5754/5754/5754
f 5754/5754/5754 3678/3678/3678 3675/3675/3675
f 5754/5754/5754 3675/3675/3675 5753/5753/5753
f 5753/5753/5753 3675/3675/3675 3674/3674/3674
f 5753/5753/5753 3674/3674/3674 3671/3671/3671
f 3680/3680/3680 1746/1746/1746 3682/3682/3682
f 3682/3682/3682 1746/1746/1746 1743/1743/1743
f 3682/3682/3682 1743/1743/1743 3685/3685/3685
f 3685/3685/3685 1743/1743/1743 1740/1740/1740
f 3685/3685/3685 1740/1740/1740 3686/3686/3686
f 3686/3686/3686 1740/1740/1740 1739/1739/1739
f 3686/3686/3686 1739/1739/1739 3690/3690/3690
f 3690/3690/3690 1739/1739/1739 1736/1736/1736
f 3688/3688/3688 1735/1735/1735 5756/5756/5756
f 5756/5756/5756 1735/1735/1735 1733/1733/1733
f 5756/5756/5756 1733/1733/1733 5757/5757/5757
f 5757/5757/5757 1733/1733/1733 1731/1731/1731
f 5757/5757/5757 1731/1731/1731 5758/5758/5758
f 5758/5758/5758 1731/1731/1731 1730/1730/1730
f 5758/5758/5758 1730/1730/1730 1727/1727/1727
f 1727/1727/1727 3697/3697/3697 5758/5758/5758
f 5758/5758/5758 3697/3697/3697 3695/3695/3695
f 5758/5758/5758 3695/3695/3695 5757/5757/5757
f 5757/5757/5757 3695/3695/3695 3693/3693/3693
f 5757/5757/5757 3693/3693/3693 5756/5756/5756
f 5756/5756/5756 3693/3693/3693 3691/3691/3691
f 5756/5756/5756 3691/3691/3691 3688/3688/3688
f 3841/3841/3841 1855/1855/1855 3843/3843/3843
f 3843/3843/3843 1855/1855/1855 1853/1853/1853
f 3843/3843/3843 1853/1853/1853 3846/3846/3846
f 3846/3846/3846 1853/1853/1853 1851/1851/1851
f 3846/3846/3846 1851/1851/1851 3847/3847/3847
f 3847/3847/3847 1851/1851/1851 1849/1849/1849
f 3847/3847/3847 1849/1849/1849 3850/3850/3850
f 3850/3850/3850 1849/1849/1849 1847/1847/1847
f 3851/3851/3851 1846/1846/1846 3852/3852/3852
f 3852/3852/3852 1846/1846/1846 1845/1845/1845
f 3852/3852/3852 1845/1845/1845 1842/1842/1842
f 3852/3852/3852 1842/1842/1842 3855/3855/3855
f 3855/3855/3855 1842/1842/1842 1841/1841/1841
f 3855/3855/3855 1841/1841/1841 3856/3856/3856
f 3856/3856/3856 1841/1841/1841 3859/3859/3859
f 3859/3859/3859 1841/1841/1841 1839/1839/1839
f 3860/3860/3860 1837/1837/1837 3862/3862/3862
f 3862/3862/3862 1837/1837/1837 1836/1836/1836
f 3862/3862/3862 1836/1836/1836 3864/3864/3864
f 3864/3864/3864 1836/1836/1836 1834/1834/1834
f 3864/3864/3864 1834/1834/1834 3866/3866/3866
f 3866/3866/3866 1834/1834/1834 1831/1831/1831
f 3866/3866/3866 1831/1831/1831 3799/3799/3799
f 3799/3799/3799 1831/1831/1831 1829/1829/1829
f 3739/3739/3739 1822/1822/1822 5759/5759/5759
f 5759/5759/5759 1822/1822/1822 1820/1820/1820
f 5759/5759/5759 1820/1820/1820 5760/5760/5760
f 5760/5760/5760 1820/1820/1820 1818/1818/1818
f 5760/5760/5760 1818/1818/1818 5761/5761/5761
f 5761/5761/5761 1818/1818/1818 1816/1816/1816
f 5761/5761/5761 1816/1816/1816 1812/1812/1812
f 1812/1812/1812 3749/3749/3749 5761/5761/5761
f 5761/5761/5761 3749/3749/3749 3745/3745/3745
f 5761/5761/5761 3745/3745/3745 5760/5760/5760
f 5760/5760/5760 3745/3745/3745 3743/3743/3743
f 5760/5760/5760 3743/3743/3743 5759/5759/5759
f 5759/5759/5759 3743/3743/3743 3742/3742/3742
f 5759/5759/5759 3742/3742/3742 3739/3739/3739
f 3747/3747/3747 1813/1813/1813 3750/3750/3750
f 3750/3750/3750 1813/1813/1813 1811/1811/1811
f 3750/3750/3750 1811/1811/1811 3752/3752/3752
f 3752/3752/3752 1811/1811/1811 1809/1809/1809
f 3752/3752/3752 1809/1809/1809 3755/3755/3755
f 3755/3755/3755 1809/1809/1809 1807/1807/1807
f 3755/3755/3755 1807/1807/1807 3758/3758/3758
f 3758/3758/3758 1807/1807/1807 1804/1804/1804
f 3756/3756/3756 1803/1803/1803 5762/5762/5762
f 5762/5762/5762 1803/1803/1803 1801/1801/1801
f 5762/5762/5762 1801/1801/1801 5763/5763/5763
f 5763/5763/5763 1801/1801/1801 1799/1799/1799
f 5763/5763/5763 1799/1799/1799 5764/5764/5764
f 5764/5764/5764 1799/1799/1799 1797/1797/1797
f 5764/5764/5764 1797/1797/1797 1795/1795/1795
f 1795/1795/1795 3765/3765/3765 5764/5764/5764
f 5764/5764/5764 3765/3765/3765 3764/3764/3764
f 5764/5764/5764 3764/3764/3764 5763/5763/5763
f 5763/5763/5763 3764/3764/3764 3762/3762/3762
f 5763/5763/5763 3762/3762/3762 5762/5762/5762
f 5762/5762/5762 3762/3762/3762 3760/3760/3760
f 5762/5762/5762 3760/3760/3760 3756/3756/3756
f 3910/3910/3910 1925/1925/1925 3911/3911/3911
f 3911/3911/3911 1925/1925/1925 1922/1922/1922
f 3911/3911/3911 1922/1922/1922 3913/3913/3913
f 3913/3913/3913 1922/1922/1922 1920/1920/1920
f 3913/3913/3913 1920/1920/1920 3915/3915/3915
f 3915/3915/3915 1920/1920/1920 1918/1918/1918
f 3915/3915/3915 1918/1918/1918 3919/3919/3919
f 3919/3919/3919 1918/1918/1918 1916/1916/1916
f 3918/3918/3918 1915/1915/1915 3921/3921/3921
f 3921/3921/3921 1915/1915/1915 1912/1912/1912
f 3921/3921/3921 1912/1912/1912 1910/1910/1910
f 3921/3921/3921 1910/1910/1910 3922/3922/3922
f 3922/3922/3922 1910/1910/1910 1908/1908/1908
f 3922/3922/3922 1908/1908/1908 3925/3925/3925
f 3925/3925/3925 1908/1908/1908 3928/3928/3928
f 3928/3928/3928 1908/1908/1908 1905/1905/1905
f 3927/3927/3927 1906/1906/1906 3930/3930/3930
f 3930/3930/3930 1906/1906/1906 1904/1904/1904
f 3930/3930/3930 1904/1904/1904 3932/3932/3932
f 3932/3932/3932 1904/1904/1904 1901/1901/1901
f 3932/3932/3932 1901/1901/1901 3933/3933/3933
f 3933/3933/3933 1901/1901/1901 1899/1899/1899
f 3933/3933/3933 1899/1899/1899 3868/3868/3868
f 3868/3868/3868 1899/1899/1899 1897/1897/1897
f 3807/3807/3807 1889/1889/1889 5765/5765/5765
f 5765/5765/5765 1889/1889/1889 1887/1887/1887
f 5765/5765/5765 1887/1887/1887 5766/5766/5766
f 5766/5766/5766 1887/1887/1887 1885/1885/1885
f 5766/5766/5766 1885/1885/1885 5767/5767/5767
f 5767/5767/5767 1885/1885/1885 1884/1884/1884
f 5767/5767/5767 1884/1884/1884 1882/1882/1882
f 1882/1882/1882 3815/3815/3815 5767/5767/5767
f 5767/5767/5767 3815/3815/3815 3813/3813/3813
f 5767/5767/5767 3813/3813/3813 5766/5766/5766
f 5766/5766/5766 3813/3813/3813 3812/3812/3812
f 5766/5766/5766 3812/3812/3812 5765/5765/5765
f 5765/5765/5765 3812/3812/3812 3810/3810/3810
f 5765/5765/5765 3810/3810/3810 3807/3807/3807
f 3817/3817/3817 1881/1881/1881 3818/3818/3818
f 3818/3818/3818 1881/1881/1881 1879/1879/1879
f 3818/3818/3818 1879/1879/1879 3820/3820/3820
f 3820/3820/3820 1879/1879/1879 1876/1876/1876
f 3820/3820/3820 1876/1876/1876 3823/3823/3823
f 3823/3823/3823 1876/1876/1876 1874/1874/1874
f 3823/3823/3823 1874/1874/1874 3824/3824/3824
f 3824/3824/3824 1874/1874/1874 1873/1873/1873
f 3825/3825/3825 1872/1872/1872 5768/5768/5768
f 5768/5768/5768 1872/1872/1872 1870/1870/1870
f 5768/5768/5768 1870/1870/1870 5769/5769/5769
f 5769/5769/5769 1870/1870/1870 1867/1867/1867
f 5769/5769/5769 1867/1867/1867 5770/5770/5770
f 5770/5770/5770 1867/1867/1867 1865/1865/1865
f 5770/5770/5770 1865/1865/1865 1863/1863/1863
f 1863/1863/1863 3835/3835/3835 5770/5770/5770
f 5770/5770/5770 3835/3835/3835 3831/3831/3831
f 5770/5770/5770 3831/3831/3831 5769/5769/5769
f 5769/5769/5769 3831/3831/3831 3829/3829/3829
f 5769/5769/5769 3829/3829/3829 5768/5768/5768
f 5768/5768/5768 3829/3829/3829 3828/3828/3828
f 5768/5768/5768 3828/3828/3828 3825/3825/3825
f 3978/3978/3978 1993/1993/1993 3980/3980/3980
f 3980/3980/3980 1993/1993/1993 1989/1989/1989
f 3980/3980/3980 1989/1989/1989 3982/3982/3982
f 3982/3982/3982 1989/1989/1989 1988/1988/1988
f 3982/3982/3982 1988/1988/1988 3983/3983/3983
f 3983/3983/3983 1988/1988/1988 1986/1986/1986
f 3983/3983/3983 1986/1986/1986 3986/3986/3986
f 3986/3986/3986 1986/1986/1986 1982/1982/1982
f 3985/3985/3985 1983/1983/1983 3988/3988/3988
f 3988/3988/3988 1983/1983/1983 1980/1980/1980
f 3988/3988/3988 1980/1980/1980 1979/1979/1979
f 3988/3988/3988 1979/1979/1979 3991/3991/3991
f 3991/3991/3991 1979/1979/1979 1977/1977/1977
f 3991/3991/3991 1977/1977/1977 3993/3993/3993
f 3993/3993/3993 1977/1977/1977 3995/3995/3995
f 3995/3995/3995 1977/1977/1977 1974/1974/1974
f 3994/3994/3994 1973/1973/1973 3998/3998/3998
f 3998/3998/3998 1973/1973/1973 1972/1972/1972
f 3998/3998/3998 1972/1972/1972 4000/4000/4000
f 4000/4000/4000 1972/1972/1972 1969/1969/1969
f 4000/4000/4000 1969/1969/1969 4001/4001/4001
f 4001/4001/4001 1969/1969/1969 1967/1967/1967
f 4001/4001/4001 1967/1967/1967 3936/3936/3936
f 3936/3936/3936 1967/1967/1967 1965/1965/1965
f 3876/3876/3876 1959/1959/1959 5771/5771/5771
f 5771/5771/5771 1959/1959/1959 1955/1955/1955
f 5771/5771/5771 1955/1955/1955 5772/5772/5772
f 5772/5772/5772 1955/1955/1955 1953/1953/1953
f 5772/5772/5772 1953/1953/1953 5773/5773/5773
f 5773/5773/5773 1953/1953/1953 1952/1952/1952
f 5773/5773/5773 1952/1952/1952 1949/1949/1949
f 1949/1949/1949 3883/3883/3883 5773/5773/5773
f 5773/5773/5773 3883/3883/3883 3882/3882/3882
f 5773/5773/5773 3882/3882/3882 5772/5772/5772
f 5772/5772/5772 3882/3882/3882 3880/3880/3880
f 5772/5772/5772 3880/3880/3880 5771/5771/5771
f 5771/5771/5771 3880/3880/3880 3878/3878/3878
f 5771/5771/5771 3878/3878/3878 3876/3876/3876
f 3884/3884/3884 1950/1950/1950 3886/3886/3886
f 3886/3886/3886 1950/1950/1950 1946/1946/1946
f 3886/3886/3886 1946/1946/1946 3889/3889/3889
f 3889/3889/3889 1946/1946/1946 1945/1945/1945
f 3889/3889/3889 1945/1945/1945 3890/3890/3890
f 3890/3890/3890 1945/1945/1945 1943/1943/1943
f 3890/3890/3890 1943/1943/1943 3892/3892/3892
f 3892/3892/3892 1943/1943/1943 1940/1940/1940
f 3893/3893/3893 1939/1939/1939 5774/5774/5774
f 5774/5774/5774 1939/1939/1939 1938/1938/1938
f 5774/5774/5774 1938/1938/1938 5775/5775/5775
f 5775/5775/5775 1938/1938/1938 1935/1935/1935
f 5775/5775/5775 1935/1935/1935 5776/5776/5776
f 5776/5776/5776 1935/1935/1935 1933/1933/1933
f 5776/5776/5776 1933/1933/1933 1930/1930/1930
f 1930/1930/1930 3901/3901/3901 5776/5776/5776
f 5776/5776/5776 3901/3901/3901 3899/3899/3899
f 5776/5776/5776 3899/3899/3899 5775/5775/5775
f 5775/5775/5775 3899/3899/3899 3897/3897/3897
f 5775/5775/5775 3897/3897/3897 5774/5774/5774
f 5774/5774/5774 3897/3897/3897 3895/3895/3895
f 5774/5774/5774 3895/3895/3895 3893/3893/3893
f 4045/4045/4045 2060/2060/2060 4047/4047/4047
f 4047/4047/4047 2060/2060/2060 2057/2057/2057
f 4047/4047/4047 2057/2057/2057 4049/4049/4049
f 4049/4049/4049 2057/2057/2057 2055/2055/2055
f 4049/4049/4049 2055/2055/2055 4051/4051/4051
f 4051/4051/4051 2055/2055/2055 2053/2053/2053
f 4051/4051/4051 2053/2053/2053 4053/4053/4053
f 4053/4053/4053 2053/2053/2053 2052/2052/2052
f 4055/4055/4055 2050/2050/2050 4057/4057/4057
f 4057/4057/4057 2050/2050/2050 2048/2048/2048
f 4057/4057/4057 2048/2048/2048 2047/2047/2047
f 4057/4057/4057 2047/2047/2047 4058/4058/4058
f 4058/4058/4058 2047/2047/2047 2044/2044/2044
f 4058/4058/4058 2044/2044/2044 4061/4061/4061
f 4061/4061/4061 2044/2044/2044 4062/4062/4062
f 4062/4062/4062 2044/2044/2044 2042/2042/2042
f 4063/4063/4063 2043/2043/2043 4065/4065/4065
f 4065/4065/4065 2043/2043/2043 2040/2040/2040
f 4065/4065/4065 2040/2040/2040 4067/4067/4067
f 4067/4067/4067 2040/2040/2040 2037/2037/2037
f 4067/4067/4067 2037/2037/2037 4069/4069/4069
f 4069/4069/4069 2037/2037/2037 2036/2036/2036
f 4069/4069/4069 2036/2036/2036 4003/4003/4003
f 4003/4003/4003 2036/2036/2036 2033/2033/2033
f 3943/3943/3943 2026/2026/2026 5777/5777/5777
f 5777/5777/5777 2026/2026/2026 2024/2024/2024
f 5777/5777/5777 2024/2024/2024 5778/5778/5778
f 5778/5778/5778 2024/2024/2024 2022/2022/2022
f 5778/5778/5778 2022/2022/2022 5779/5779/5779
f 5779/5779/5779 2022/2022/2022 2020/2020/2020
f 5779/5779/5779 2020/2020/2020 2017/2017/2017
f 2017/2017/2017 3951/3951/3951 5779/5779/5779
f 5779/5779/5779 3951/3951/3951 3949/3949/3949
f 5779/5779/5779 3949/3949/3949 5778/5778/5778
f 5778/5778/5778 3949/3949/3949 3947/3947/3947
f 5778/5778/5778 3947/3947/3947 5777/5777/5777
f 5777/5777/5777 3947/3947/3947 3945/3945/3945
f 5777/5777/5777 3945/3945/3945 3943/3943/3943
f 3952/3952/3952 2018/2018/2018 3954/3954/3954
f 3954/3954/3954 2018/2018/2018 2015/2015/2015
f 3954/3954/3954 2015/2015/2015 3957/3957/3957
f 3957/3957/3957 2015/2015/2015 2013/2013/2013
f 3957/3957/3957 2013/2013/2013 3958/3958/3958
f 3958/3958/3958 2013/2013/2013 2011/2011/2011
f 3958/3958/3958 2011/2011/2011 3960/3960/3960
f 3960/3960/3960 2011/2011/2011 2009/2009/2009
f 3962/3962/3962 2007/2007/2007 5780/5780/5780
f 5780/5780/5780 2007/2007/2007 2006/2006/2006
f 5780/5780/5780 2006/2006/2006 5781/5781/5781
f 5781/5781/5781 2006/2006/2006 2004/2004/2004
f 5781/5781/5781 2004/2004/2004 5782/5782/5782
f 5782/5782/5782 2004/2004/2004 2001/2001/2001
f 5782/5782/5782 2001/2001/2001 2000/2000/2000
f 2000/2000/2000 3971/3971/3971 5782/5782/5782
f 5782/5782/5782 3971/3971/3971 3968/3968/3968
f 5782/5782/5782 3968/3968/3968 5781/5781/5781
f 5781/5781/5781 3968/3968/3968 3966/3966/3966
f 5781/5781/5781 3966/3966/3966 5780/5780/5780
f 5780/5780/5780 3966/3966/3966 3964/3964/3964
f 5780/5780/5780 3964/3964/3964 3962/3962/3962
f 4112/4112/4112 2129/2129/2129 4115/4115/4115
f 4115/4115/4115 2129/2129/2129 2125/2125/2125
f 4115/4115/4115 2125/2125/2125 4117/4117/4117
f 4117/4117/4117 2125/2125/2125 2123/2123/2123
f 4117/4117/4117 2123/2123/2123 4119/4119/4119
f 4119/4119/4119 2123/2123/2123 2121/2121/2121
f 4119/4119/4119 2121/2121/2121 4123/4123/4123
f 4123/4123/4123 2121/2121/2121 2120/2120/2120
f 4122/4122/4122 2119/2119/2119 4124/4124/4124
f 4124/4124/4124 2119/2119/2119 2116/2116/2116
f 4124/4124/4124 2116/2116/2116 2115/2115/2115
f 4124/4124/4124 2115/2115/2115 4126/4126/4126
f 4126/4126/4126 2115/2115/2115 2112/2112/2112
f 4126/4126/4126 2112/2112/2112 4129/4129/4129
f 4129/4129/4129 2112/2112/2112 4130/4130/4130
f 4130/4130/4130 2112/2112/2112 2110/2110/2110
f 4131/4131/4131 2109/2109/2109 4133/4133/4133
f 4133/4133/4133 2109/2109/2109 2107/2107/2107
f 4133/4133/4133 2107/2107/2107 4136/4136/4136
f 4136/4136/4136 2107/2107/2107 2106/2106/2106
f 4136/4136/4136 2106/2106/2106 4137/4137/4137
f 4137/4137/4137 2106/2106/2106 2104/2104/2104
f 4137/4137/4137 2104/2104/2104 4071/4071/4071
f 4071/4071/4071 2104/2104/2104 2101/2101/2101
f 4012/4012/4012 2093/2093/2093 5783/5783/5783
f 5783/5783/5783 2093/2093/2093 2092/2092/2092
f 5783/5783/5783 2092/2092/2092 5784/5784/5784
f 5784/5784/5784 2092/2092/2092 2089/2089/2089
f 5784/5784/5784 2089/2089/2089 5785/5785/5785
f 5785/5785/5785 2089/2089/2089 2087/2087/2087
f 5785/5785/5785 2087/2087/2087 2086/2086/2086
f 2086/2086/2086 4019/4019/4019 5785/5785/5785
f 5785/5785/5785 4019/4019/4019 4018/4018/4018
f 5785/5785/5785 4018/4018/4018 5784/5784/5784
f 5784/5784/5784 4018/4018/4018 4016/4016/4016
f 5784/5784/5784 4016/4016/4016 5783/5783/5783
f 5783/5783/5783 4016/4016/4016 4013/4013/4013
f 5783/5783/5783 4013/4013/4013 4012/4012/4012
f 4021/4021/4021 2084/2084/2084 4023/4023/4023
f 4023/4023/4023 2084/2084/2084 2083/2083/2083
f 4023/4023/4023 2083/2083/2083 4024/4024/4024
f 4024/4024/4024 2083/2083/2083 2080/2080/2080
f 4024/4024/4024 2080/2080/2080 4026/4026/4026
f 4026/4026/4026 2080/2080/2080 2078/2078/2078
f 4026/4026/4026 2078/2078/2078 4028/4028/4028
f 4028/4028/4028 2078/2078/2078 2075/2075/2075
f 4029/4029/4029 2076/2076/2076 5786/5786/5786
f 5786/5786/5786 2076/2076/2076 2074/2074/2074
f 5786/5786/5786 2074/2074/2074 5787/5787/5787
f 5787/5787/5787 2074/2074/2074 2072/2072/2072
f 5787/5787/5787 2072/2072/2072 5788/5788/5788
f 5788/5788/5788 2072/2072/2072 2069/2069/2069
f 5788/5788/5788 2069/2069/2069 2068/2068/2068
f 2068/2068/2068 4039/4039/4039 5788/5788/5788
f 5788/5788/5788 4039/4039/4039 4036/4036/4036
f 5788/5788/5788 4036/4036/4036 5787/5787/5787
f 5787/5787/5787 4036/4036/4036 4033/4033/4033
f 5787/5787/5787 4033/4033/4033 5786/5786/5786
f 5786/5786/5786 4033/4033/4033 4031/4031/4031
f 5786/5786/5786 4031/4031/4031 4029/4029/4029
f 4180/4180/4180 2197/2197/2197 4184/4184/4184
f 4184/4184/4184 2197/2197/2197 2193/2193/2193
f 4184/4184/4184 2193/2193/2193 4186/4186/4186
f 4186/4186/4186 2193/2193/2193 2191/2191/2191
f 4186/4186/4186 2191/2191/2191 4188/4188/4188
f 4188/4188/4188 2191/2191/2191 2190/2190/2190
f 4188/4188/4188 2190/2190/2190 4189/4189/4189
f 4189/4189/4189 2190/2190/2190 2187/2187/2187
f 4191/4191/4191 2186/2186/2186 4192/4192/4192
f 4192/4192/4192 2186/2186/2186 2184/2184/2184
f 4192/4192/4192 2184/2184/2184 2182/2182/2182
f 4192/4192/4192 2182/2182/2182 4195/4195/4195
f 4195/4195/4195 2182/2182/2182 2180/2180/2180
f 4195/4195/4195 2180/2180/2180 4197/4197/4197
f 4197/4197/4197 2180/2180/2180 4198/4198/4198
f 4198/4198/4198 2180/2180/2180 2179/2179/2179
f 4200/4200/4200 2178/2178/2178 4202/4202/4202
f 4202/4202/4202 2178/2178/2178 2175/2175/2175
f 4202/4202/4202 2175/2175/2175 4204/4204/4204
f 4204/4204/4204 2175/2175/2175 2173/2173/2173
f 4204/4204/4204 2173/2173/2173 4205/4205/4205
f 4205/4205/4205 2173/2173/2173 2171/2171/2171
f 4205/4205/4205 2171/2171/2171 4139/4139/4139
f 4139/4139/4139 2171/2171/2171 2169/2169/2169
f 4078/4078/4078 2161/2161/2161 5789/5789/5789
f 5789/5789/5789 2161/2161/2161 2159/2159/2159
f 5789/5789/5789 2159/2159/2159 5790/5790/5790
f 5790/5790/5790 2159/2159/2159 2158/2158/2158
f 5790/5790/5790 2158/2158/2158 5791/5791/5791
f 5791/5791/5791 2158/2158/2158 2155/2155/2155
f 5791/5791/5791 2155/2155/2155 2154/2154/2154
f 2154/2154/2154 4087/4087/4087 5791/5791/5791
f 5791/5791/5791 4087/4087/4087 4086/4086/4086
f 5791/5791/5791 4086/4086/4086 5790/5790/5790
f 5790/5790/5790 4086/4086/4086 4083/4083/4083
f 5790/5790/5790 4083/4083/4083 5789/5789/5789
f 5789/5789/5789 4083/4083/4083 4082/4082/4082
f 5789/5789/5789 4082/4082/4082 4078/4078/4078
f 4089/4089/4089 2153/2153/2153 4091/4091/4091
f 4091/4091/4091 2153/2153/2153 2150/2150/2150
f 4091/4091/4091 2150/2150/2150 4093/4093/4093
f 4093/4093/4093 2150/2150/2150 2148/2148/2148
f 4093/4093/4093 2148/2148/2148 4094/4094/4094
f 4094/4094/4094 2148/2148/2148 2146/2146/2146
f 4094/4094/4094 2146/2146/2146 4098/4098/4098
f 4098/4098/4098 2146/2146/2146 2144/2144/2144
f 4097/4097/4097 2143/2143/2143 5792/5792/5792
f 5792/5792/5792 2143/2143/2143 2142/2142/2142
f 5792/5792/5792 2142/2142/2142 5793/5793/5793
f 5793/5793/5793 2142/2142/2142 2139/2139/2139
f 5793/5793/5793 2139/2139/2139 5794/5794/5794
f 5794/5794/5794 2139/2139/2139 2138/2138/2138
f 5794/5794/5794 2138/2138/2138 2135/2135/2135
f 2135/2135/2135 4106/4106/4106 5794/5794/5794
f 5794/5794/5794 4106/4106/4106 4104/4104/4104
f 5794/5794/5794 4104/4104/4104 5793/5793/5793
f 5793/5793/5793 4104/4104/4104 4101/4101/4101
f 5793/5793/5793 4101/4101/4101 5792/5792/5792
f 5792/5792/5792 4101/4101/4101 4099/4099/4099
f 5792/5792/5792 4099/4099/4099 4097/4097/4097
f 4248/4248/4248 2263/2263/2263 4251/4251/4251
f 4251/4251/4251 2263/2263/2263 2261/2261/2261
f 4251/4251/4251 2261/2261/2261 4253/4253/4253
f 4253/4253/4253 2261/2261/2261 2259/2259/2259
f 4253/4253/4253 2259/2259/2259 4255/4255/4255
f 4255/4255/4255 2259/2259/2259 2258/2258/2258
f 4255/4255/4255 2258/2258/2258 4258/4258/4258
f 4258/4258/4258 2258/2258/2258 2255/2255/2255
f 4257/4257/4257 2254/2254/2254 4261/4261/4261
f 4261/4261/4261 2254/2254/2254 2253/2253/2253
f 4261/4261/4261 2253/2253/2253 2250/2250/2250
f 4261/4261/4261 2250/2250/2250 4262/4262/4262
f 4262/4262/4262 2250/2250/2250 2248/2248/2248
f 4262/4262/4262 2248/2248/2248 4264/4264/4264
f 4264/4264/4264 2248/2248/2248 4266/4266/4266
f 4266/4266/4266 2248/2248/2248 2245/2245/2245
f 4268/4268/4268 2247/2247/2247 4270/4270/4270
f 4270/4270/4270 2247/2247/2247 2244/2244/2244
f 4270/4270/4270 2244/2244/2244 4271/4271/4271
f 4271/4271/4271 2244/2244/2244 2242/2242/2242
f 4271/4271/4271 2242/2242/2242 4274/4274/4274
f 4274/4274/4274 2242/2242/2242 2240/2240/2240
f 4274/4274/4274 2240/2240/2240 4208/4208/4208
f 4208/4208/4208 2240/2240/2240 2238/2238/2238
f 4147/4147/4147 2230/2230/2230 5795/5795/5795
f 5795/5795/5795 2230/2230/2230 2228/2228/2228
f 5795/5795/5795 2228/2228/2228 5796/5796/5796
f 5796/5796/5796 2228/2228/2228 2226/2226/2226
f 5796/5796/5796 2226/2226/2226 5797/5797/5797
f 5797/5797/5797 2226/2226/2226 2224/2224/2224
f 5797/5797/5797 2224/2224/2224 2222/2222/2222
f 2222/2222/2222 4156/4156/4156 5797/5797/5797
f 5797/5797/5797 4156/4156/4156 4154/4154/4154
f 5797/5797/5797 4154/4154/4154 5796/5796/5796
f 5796/5796/5796 4154/4154/4154 4151/4151/4151
f 5796/5796/5796 4151/4151/4151 5795/5795/5795
f 5795/5795/5795 4151/4151/4151 4149/4149/4149
f 5795/5795/5795 4149/4149/4149 4147/4147/4147
f 4157/4157/4157 2220/2220/2220 4159/4159/4159
f 4159/4159/4159 2220/2220/2220 2218/2218/2218
f 4159/4159/4159 2218/2218/2218 4160/4160/4160
f 4160/4160/4160 2218/2218/2218 2217/2217/2217
f 4160/4160/4160 2217/2217/2217 4163/4163/4163
f 4163/4163/4163 2217/2217/2217 2215/2215/2215
f 4163/4163/4163 2215/2215/2215 4164/4164/4164
f 4164/4164/4164 2215/2215/2215 2213/2213/2213
f 4166/4166/4166 2212/2212/2212 5798/5798/5798
f 5798/5798/5798 2212/2212/2212 2209/2209/2209
f 5798/5798/5798 2209/2209/2209 5799/5799/5799
f 5799/5799/5799 2209/2209/2209 2207/2207/2207
f 5799/5799/5799 2207/2207/2207 5800/5800/5800
f 5800/5800/5800 2207/2207/2207 2205/2205/2205
f 5800/5800/5800 2205/2205/2205 2202/2202/2202
f 2202/2202/2202 4174/4174/4174 5800/5800/5800
f 5800/5800/5800 4174/4174/4174 4171/4171/4171
f 5800/5800/5800 4171/4171/4171 5799/5799/5799
f 5799/5799/5799 4171/4171/4171 4169/4169/4169
f 5799/5799/5799 4169/4169/4169 5798/5798/5798
f 5798/5798/5798 4169/4169/4169 4168/4168/4168
f 5798/5798/5798 4168/4168/4168 4166/4166/4166
f 4316/4316/4316 2333/2333/2333 4319/4319/4319
f 4319/4319/4319 2333/2333/2333 2329/2329/2329
f 4319/4319/4319 2329/2329/2329 4321/4321/4321
f 4321/4321/4321 2329/2329/2329 2328/2328/2328
f 4321/4321/4321 2328/2328/2328 4324/4324/4324
f 4324/4324/4324 2328/2328/2328 2326/2326/2326
f 4324/4324/4324 2326/2326/2326 4325/4325/4325
f 4325/4325/4325 2326/2326/2326 2322/2322/2322
f 4326/4326/4326 2323/2323/2323 4329/4329/4329
f 4329/4329/4329 2323/2323/2323 2321/2321/2321
f 4329/4329/4329 2321/2321/2321 2319/2319/2319
f 4329/4329/4329 2319/2319/2319 4331/4331/4331
f 4331/4331/4331 2319/2319/2319 2317/2317/2317
f 4331/4331/4331 2317/2317/2317 4333/4333/4333
f 4333/4333/4333 2317/2317/2317 4336/4336/4336
f 4336/4336/4336 2317/2317/2317 2313/2313/2313
f 4335/4335/4335 2314/2314/2314 4337/4337/4337
f 4337/4337/4337 2314/2314/2314 2312/2312/2312
f 4337/4337/4337 2312/2312/2312 4339/4339/4339
f 4339/4339/4339 2312/2312/2312 2309/2309/2309
f 4339/4339/4339 2309/2309/2309 4342/4342/4342
f 4342/4342/4342 2309/2309/2309 2307/2307/2307
f 4342/4342/4342 2307/2307/2307 4275/4275/4275
f 4275/4275/4275 2307/2307/2307 2306/2306/2306
f 4215/4215/4215 2298/2298/2298 5801/5801/5801
f 5801/5801/5801 2298/2298/2298 2295/2295/2295
f 5801/5801/5801 2295/2295/2295 5802/5802/5802
f 5802/5802/5802 2295/2295/2295 2293/2293/2293
f 5802/5802/5802 2293/2293/2293 5803/5803/5803
f 5803/5803/5803 2293/2293/2293 2291/2291/2291
f 5803/5803/5803 2291/2291/2291 2289/2289/2289
f 2289/2289/2289 4225/4225/4225 5803/5803/5803
f 5803/5803/5803 4225/4225/4225 4222/4222/4222
f 5803/5803/5803 4222/4222/4222 5802/5802/5802
f 5802/5802/5802 4222/4222/4222 4219/4219/4219
f 5802/5802/5802 4219/4219/4219 5801/5801/5801
f 5801/5801/5801 4219/4219/4219 4217/4217/4217
f 5801/5801/5801 4217/4217/4217 4215/4215/4215
f 4224/4224/4224 2288/2288/2288 4227/4227/4227
f 4227/4227/4227 2288/2288/2288 2287/2287/2287
f 4227/4227/4227 2287/2287/2287 4228/4228/4228
f 4228/4228/4228 2287/2287/2287 2285/2285/2285
f 4228/4228/4228 2285/2285/2285 4231/4231/4231
f 4231/4231/4231 2285/2285/2285 2282/2282/2282
f 4231/4231/4231 2282/2282/2282 4233/4233/4233
f 4233/4233/4233 2282/2282/2282 2280/2280/2280
f 4234/4234/4234 2281/2281/2281 5804/5804/5804
f 5804/5804/5804 2281/2281/2281 2278/2278/2278
f 5804/5804/5804 2278/2278/2278 5805/5805/5805
f 5805/5805/5805 2278/2278/2278 2276/2276/2276
f 5805/5805/5805 2276/2276/2276 5806/5806/5806
f 5806/5806/5806 2276/2276/2276 2274/2274/2274
f 5806/5806/5806 2274/2274/2274 2272/2272/2272
f 2272/2272/2272 4242/4242/4242 5806/5806/5806
f 5806/5806/5806 4242/4242/4242 4239/4239/4239
f 5806/5806/5806 4239/4239/4239 5805/5805/5805
f 5805/5805/5805 4239/4239/4239 4237/4237/4237
f 5805/5805/5805 4237/4237/4237 5804/5804/5804
f 5804/5804/5804 4237/4237/4237 4235/4235/4235
f 5804/5804/5804 4235/4235/4235 4234/4234/4234
f 4386/4386/4386 2401/2401/2401 4388/4388/4388
f 4388/4388/4388 2401/2401/2401 2398/2398/2398
f 4388/4388/4388 2398/2398/2398 4389/4389/4389
f 4389/4389/4389 2398/2398/2398 2396/2396/2396
f 4389/4389/4389 2396/2396/2396 4391/4391/4391
f 4391/4391/4391 2396/2396/2396 2394/2394/2394
f 4391/4391/4391 2394/2394/2394 4393/4393/4393
f 4393/4393/4393 2394/2394/2394 2392/2392/2392
f 4394/4394/4394 2390/2390/2390 4396/4396/4396
f 4396/4396/4396 2390/2390/2390 2389/2389/2389
f 4396/4396/4396 2389/2389/2389 2386/2386/2386
f 4396/4396/4396 2386/2386/2386 4399/4399/4399
f 4399/4399/4399 2386/2386/2386 2384/2384/2384
f 4399/4399/4399 2384/2384/2384 4401/4401/4401
f 4401/4401/4401 2384/2384/2384 4404/4404/4404
f 4404/4404/4404 2384/2384/2384 2383/2383/2383
f 4403/4403/4403 2382/2382/2382 4405/4405/4405
f 4405/4405/4405 2382/2382/2382 2379/2379/2379
f 4405/4405/4405 2379/2379/2379 4407/4407/4407
f 4407/4407/4407 2379/2379/2379 2377/2377/2377
f 4407/4407/4407 2377/2377/2377 4409/4409/4409
f 4409/4409/4409 2377/2377/2377 2375/2375/2375
f 4409/4409/4409 2375/2375/2375 4345/4345/4345
f 4345/4345/4345 2375/2375/2375 2374/2374/2374
f 4282/4282/4282 2366/2366/2366 5807/5807/5807
f 5807/5807/5807 2366/2366/2366 2363/2363/2363
f 5807/5807/5807 2363/2363/2363 5808/5808/5808
f 5808/5808/5808 2363/2363/2363 2361/2361/2361
f 5808/5808/5808 2361/2361/2361 5809/5809/5809
f 5809/5809/5809 2361/2361/2361 2360/2360/2360
f 5809/5809/5809 2360/2360/2360 2358/2358/2358
f 2358/2358/2358 4291/4291/4291 5809/5809/5809
f 5809/5809/5809 4291/4291/4291 4289/4289/4289
f 5809/5809/5809 4289/4289/4289 5808/5808/5808
f 5808/5808/5808 4289/4289/4289 4288/4288/4288
f 5808/5808/5808 4288/4288/4288 5807/5807/5807
f 5807/5807/5807 4288/4288/4288 4285/4285/4285
f 5807/5807/5807 4285/4285/4285 4282/4282/4282
f 4292/4292/4292 2357/2357/2357 4294/4294/4294
f 4294/4294/4294 2357/2357/2357 2354/2354/2354
f 4294/4294/4294 2354/2354/2354 4296/4296/4296
f 4296/4296/4296 2354/2354/2354 2352/2352/2352
f 4296/4296/4296 2352/2352/2352 4298/4298/4298
f 4298/4298/4298 2352/2352/2352 2351/2351/2351
f 4298/4298/4298 2351/2351/2351 4300/4300/4300
f 4300/4300/4300 2351/2351/2351 2349/2349/2349
f 4301/4301/4301 2348/2348/2348 5810/5810/5810
f 5810/5810/5810 2348/2348/2348 2346/2346/2346
f 5810/5810/5810 2346/2346/2346 5811/5811/5811
f 5811/5811/5811 2346/2346/2346 2344/2344/2344
f 5811/5811/5811 2344/2344/2344 5812/5812/5812
f 5812/5812/5812 2344/2344/2344 2342/2342/2342
f 5812/5812/5812 2342/2342/2342 2340/2340/2340
f 2340/2340/2340 4309/4309/4309 5812/5812/5812
f 5812/5812/5812 4309/4309/4309 4308/4308/4308
f 5812/5812/5812 4308/4308/4308 5811/5811/5811
f 5811/5811/5811 4308/4308/4308 4306/4306/4306
f 5811/5811/5811 4306/4306/4306 5810/5810/5810
f 5810/5810/5810 4306/4306/4306 4303/4303/4303
f 5810/5810/5810 4303/4303/4303 4301/4301/4301
f 4454/4454/4454 2467/2467/2467 4456/4456/4456
f 4456/4456/4456 2467/2467/2467 2465/2465/2465
f 4456/4456/4456 2465/2465/2465 4458/4458/4458
f 4458/4458/4458 2465/2465/2465 2463/2463/2463
f 4458/4458/4458 2463/2463/2463 4459/4459/4459
f 4459/4459/4459 2463/2463/2463 2461/2461/2461
f 4459/4459/4459 2461/2461/2461 4461/4461/4461
f 4461/4461/4461 2461/2461/2461 2459/2459/2459
f 4463/4463/4463 2460/2460/2460 4465/4465/4465
f 4465/4465/4465 2460/2460/2460 2456/2456/2456
f 4465/4465/4465 2456/2456/2456 2455/2455/2455
f 4465/4465/4465 2455/2455/2455 4466/4466/4466
f 4466/4466/4466 2455/2455/2455 2453/2453/2453
f 4466/4466/4466 2453/2453/2453 4468/4468/4468
f 4468/4468/4468 2453/2453/2453 4470/4470/4470
f 4470/4470/4470 2453/2453/2453 2451/2451/2451
f 4471/4471/4471 2450/2450/2450 4473/4473/4473
f 4473/4473/4473 2450/2450/2450 2447/2447/2447
f 4473/4473/4473 2447/2447/2447 4476/4476/4476
f 4476/4476/4476 2447/2447/2447 2445/2445/2445
f 4476/4476/4476 2445/2445/2445 4478/4478/4478
f 4478/4478/4478 2445/2445/2445 2444/2444/2444
f 4478/4478/4478 2444/2444/2444 4412/4412/4412
f 4412/4412/4412 2444/2444/2444 2441/2441/2441
f 4351/4351/4351 2433/2433/2433 5813/5813/5813
f 5813/5813/5813 2433/2433/2433 2431/2431/2431
f 5813/5813/5813 2431/2431/2431 5814/5814/5814
f 5814/5814/5814 2431/2431/2431 2429/2429/2429
f 5814/5814/5814 2429/2429/2429 5815/5815/5815
f 5815/5815/5815 2429/2429/2429 2427/2427/2427
f 5815/5815/5815 2427/2427/2427 2426/2426/2426
f 2426/2426/2426 4360/4360/4360 5815/5815/5815
f 5815/5815/5815 4360/4360/4360 4357/4357/4357
f 5815/5815/5815 4357/4357/4357 5814/5814/5814
f 5814/5814/5814 4357/4357/4357 4355/4355/4355
f 5814/5814/5814 4355/4355/4355 5813/5813/5813
f 5813/5813/5813 4355/4355/4355 4353/4353/4353
f 5813/5813/5813 4353/4353/4353 4351/4351/4351
f 4359/4359/4359 2424/2424/2424 4362/4362/4362
f 4362/4362/4362 2424/2424/2424 2423/2423/2423
f 4362/4362/4362 2423/2423/2423 4365/4365/4365
f 4365/4365/4365 2423/2423/2423 2420/2420/2420
f 4365/4365/4365 2420/2420/2420 4367/4367/4367
f 4367/4367/4367 2420/2420/2420 2419/2419/2419
f 4367/4367/4367 2419/2419/2419 4368/4368/4368
f 4368/4368/4368 2419/2419/2419 2417/2417/2417
f 4369/4369/4369 2415/2415/2415 5816/5816/5816
f 5816/5816/5816 2415/2415/2415 2414/2414/2414
f 5816/5816/5816 2414/2414/2414 5817/5817/5817
f 5817/5817/5817 2414/2414/2414 2411/2411/2411
f 5817/5817/5817 2411/2411/2411 5818/5818/5818
f 5818/5818/5818 2411/2411/2411 2409/2409/2409
f 5818/5818/5818 2409/2409/2409 2408/2408/2408
f 2408/2408/2408 4378/4378/4378 5818/5818/5818
f 5818/5818/5818 4378/4378/4378 4375/4375/4375
f 5818/5818/5818 4375/4375/4375 5817/5817/5817
f 5817/5817/5817 4375/4375/4375 4374/4374/4374
f 5817/5817/5817 4374/4374/4374 5816/5816/5816
f 5816/5816/5816 4374/4374/4374 4371/4371/4371
f 5816/5816/5816 4371/4371/4371 4369/4369/4369
f 4522/4522/4522 2536/2536/2536 4523/4523/4523
f 4523/4523/4523 2536/2536/2536 2533/2533/2533
f 4523/4523/4523 2533/2533/2533 4526/4526/4526
f 4526/4526/4526 2533/2533/2533 2532/2532/2532
f 4526/4526/4526 2532/2532/2532 4528/4528/4528
f 4528/4528/4528 2532/2532/2532 2529/2529/2529
f 4528/4528/4528 2529/2529/2529 4530/4530/4530
f 4530/4530/4530 2529/2529/2529 2528/2528/2528
f 4529/4529/4529 2527/2527/2527 4532/4532/4532
f 4532/4532/4532 2527/2527/2527 2524/2524/2524
f 4532/4532/4532 2524/2524/2524 2522/2522/2522
f 4532/4532/4532 2522/2522/2522 4534/4534/4534
f 4534/4534/4534 2522/2522/2522 2520/2520/2520
f 4534/4534/4534 2520/2520/2520 4537/4537/4537
f 4537/4537/4537 2520/2520/2520 4538/4538/4538
f 4538/4538/4538 2520/2520/2520 2519/2519/2519
f 4540/4540/4540 2517/2517/2517 4542/4542/4542
f 4542/4542/4542 2517/2517/2517 2515/2515/2515
f 4542/4542/4542 2515/2515/2515 4543/4543/4543
f 4543/4543/4543 2515/2515/2515 2513/2513/2513
f 4543/4543/4543 2513/2513/2513 4546/4546/4546
f 4546/4546/4546 2513/2513/2513 2511/2511/2511
f 4546/4546/4546 2511/2511/2511 4480/4480/4480
f 4480/4480/4480 2511/2511/2511 2509/2509/2509
f 4418/4418/4418 2502/2502/2502 5819/5819/5819
f 5819/5819/5819 2502/2502/2502 2499/2499/2499
f 5819/5819/5819 2499/2499/2499 5820/5820/5820
f 5820/5820/5820 2499/2499/2499 2497/2497/2497
f 5820/5820/5820 2497/2497/2497 5821/5821/5821
f 5821/5821/5821 2497/2497/2497 2496/2496/2496
f 5821/5821/5821 2496/2496/2496 2493/2493/2493
f 2493/2493/2493 4429/4429/4429 5821/5821/5821
f 5821/5821/5821 4429/4429/4429 4425/4425/4425
f 5821/5821/5821 4425/4425/4425 5820/5820/5820
f 5820/5820/5820 4425/4425/4425 4423/4423/4423
f 5820/5820/5820 4423/4423/4423 5819/5819/5819
f 5819/5819/5819 4423/4423/4423 4422/4422/4422
f 5819/5819/5819 4422/4422/4422 4418/4418/4418
f 4427/4427/4427 2492/2492/2492 4431/4431/4431
f 4431/4431/4431 2492/2492/2492 2490/2490/2490
f 4431/4431/4431 2490/2490/2490 4433/4433/4433
f 4433/4433/4433 2490/2490/2490 2488/2488/2488
f 4433/4433/4433 2488/2488/2488 4435/4435/4435
f 4435/4435/4435 2488/2488/2488 2486/2486/2486
f 4435/4435/4435 2486/2486/2486 4438/4438/4438
f 4438/4438/4438 2486/2486/2486 2484/2484/2484
f 4437/4437/4437 2485/2485/2485 5822/5822/5822
f 5822/5822/5822 2485/2485/2485 2482/2482/2482
f 5822/5822/5822 2482/2482/2482 5823/5823/5823
f 5823/5823/5823 2482/2482/2482 2480/2480/2480
f 5823/5823/5823 2480/2480/2480 5824/5824/5824
f 5824/5824/5824 2480/2480/2480 2478/2478/2478
f 5824/5824/5824 2478/2478/2478 2475/2475/2475
f 2475/2475/2475 4445/4445/4445 5824/5824/5824
f 5824/5824/5824 4445/4445/4445 4444/4444/4444
f 5824/5824/5824 4444/4444/4444 5823/5823/5823
f 5823/5823/5823 4444/4444/4444 4442/4442/4442
f 5823/5823/5823 4442/4442/4442 5822/5822/5822
f 5822/5822/5822 4442/4442/4442 4440/4440/4440
f 5822/5822/5822 4440/4440/4440 4437/4437/4437
f 4588/4588/4588 2603/2603/2603 4591/4591/4591
f 4591/4591/4591 2603/2603/2603 2601/2601/2601
f 4591/4591/4591 2601/2601/2601 4593/4593/4593
f 4593/4593/4593 2601/2601/2601 2600/2600/2600
f 4593/4593/4593 2600/2600/2600 4596/4596/4596
f 4596/4596/4596 2600/2600/2600 2598/2598/2598
f 4596/4596/4596 2598/2598/2598 4597/4597/4597
f 4597/4597/4597 2598/2598/2598 2595/2595/2595
f 4598/4598/4598 2596/2596/2596 4600/4600/4600
f 4600/4600/4600 2596/2596/2596 2592/2592/2592
f 4600/4600/4600 2592/2592/2592 2591/2591/2591
f 4600/4600/4600 2591/2591/2591 4602/4602/4602
f 4602/4602/4602 2591/2591/2591 2589/2589/2589
f 4602/4602/4602 2589/2589/2589 4604/4604/4604
f 4604/4604/4604 2589/2589/2589 4607/4607/4607
f 4607/4607/4607 2589/2589/2589 2585/2585/2585
f 4606/4606/4606 2587/2587/2587 4609/4609/4609
f 4609/4609/4609 2587/2587/2587 2584/2584/2584
f 4609/4609/4609 2584/2584/2584 4611/4611/4611
f 4611/4611/4611 2584/2584/2584 2581/2581/2581
f 4611/4611/4611 2581/2581/2581 4613/4613/4613
f 4613/4613/4613 2581/2581/2581 2579/2579/2579
f 4613/4613/4613 2579/2579/2579 4548/4548/4548
f 4548/4548/4548 2579/2579/2579 2576/2576/2576
f 4487/4487/4487 2571/2571/2571 5825/5825/5825
f 5825/5825/5825 2571/2571/2571 2567/2567/2567
f 5825/5825/5825 2567/2567/2567 5826/5826/5826
f 5826/5826/5826 2567/2567/2567 2566/2566/2566
f 5826/5826/5826 2566/2566/2566 5827/5827/5827
f 5827/5827/5827 2566/2566/2566 2563/2563/2563
f 5827/5827/5827 2563/2563/2563 2562/2562/2562
f 2562/2562/2562 4497/4497/4497 5827/5827/5827
f 5827/5827/5827 4497/4497/4497 4494/4494/4494
f 5827/5827/5827 4494/4494/4494 5826/5826/5826
f 5826/5826/5826 4494/4494/4494 4492/4492/4492
f 5826/5826/5826 4492/4492/4492 5825/5825/5825
f 5825/5825/5825 4492/4492/4492 4490/4490/4490
f 5825/5825/5825 4490/4490/4490 4487/4487/4487
f 4495/4495/4495 2561/2561/2561 4499/4499/4499
f 4499/4499/4499 2561/2561/2561 2558/2558/2558
f 4499/4499/4499 2558/2558/2558 4500/4500/4500
f 4500/4500/4500 2558/2558/2558 2556/2556/2556
f 4500/4500/4500 2556/2556/2556 4503/4503/4503
f 4503/4503/4503 2556/2556/2556 2554/2554/2554
f 4503/4503/4503 2554/2554/2554 4504/4504/4504
f 4504/4504/4504 2554/2554/2554 2552/2552/2552
f 4505/4505/4505 2553/2553/2553 5828/5828/5828
f 5828/5828/5828 2553/2553/2553 2550/2550/2550
f 5828/5828/5828 2550/2550/2550 5829/5829/5829
f 5829/5829/5829 2550/2550/2550 2547/2547/2547
f 5829/5829/5829 2547/2547/2547 5830/5830/5830
f 5830/5830/5830 2547/2547/2547 2546/2546/2546
f 5830/5830/5830 2546/2546/2546 2544/2544/2544
f 2544/2544/2544 4513/4513/4513 5830/5830/5830
f 5830/5830/5830 4513/4513/4513 4511/4511/4511
f 5830/5830/5830 4511/4511/4511 5829/5829/5829
f 5829/5829/5829 4511/4511/4511 4509/4509/4509
f 5829/5829/5829 4509/4509/4509 5828/5828/5828
f 5828/5828/5828 4509/4509/4509 4507/4507/4507
f 5828/5828/5828 4507/4507/4507 4505/4505/4505
f 4657/4657/4657 2673/2673/2673 4660/4660/4660
f 4660/4660/4660 2673/2673/2673 2670/2670/2670
f 4660/4660/4660 2670/2670/2670 4661/4661/4661
f 4661/4661/4661 2670/2670/2670 2667/2667/2667
f 4661/4661/4661 2667/2667/2667 4663/4663/4663
f 4663/4663/4663 2667/2667/2667 2665/2665/2665
f 4663/4663/4663 2665/2665/2665 4665/4665/4665
f 4665/4665/4665 2665/2665/2665 2664/2664/2664
f 4667/4667/4667 2663/2663/2663 4668/4668/4668
f 4668/4668/4668 2663/2663/2663 2661/2661/2661
f 4668/4668/4668 2661/2661/2661 2659/2659/2659
f 4668/4668/4668 2659/2659/2659 4671/4671/4671
f 4671/4671/4671 2659/2659/2659 2657/2657/2657
f 4671/4671/4671 2657/2657/2657 4673/4673/4673
f 4673/4673/4673 2657/2657/2657 4675/4675/4675
f 4675/4675/4675 2657/2657/2657 2655/2655/2655
f 4676/4676/4676 2654/2654/2654 4678/4678/4678
f 4678/4678/4678 2654/2654/2654 2652/2652/2652
f 4678/4678/4678 2652/2652/2652 4680/4680/4680
f 4680/4680/4680 2652/2652/2652 2650/2650/2650
f 4680/4680/4680 2650/2650/2650 4682/4682/4682
f 4682/4682/4682 2650/2650/2650 2647/2647/2647
f 4682/4682/4682 2647/2647/2647 4616/4616/4616
f 4616/4616/4616 2647/2647/2647 2645/2645/2645
f 4556/4556/4556 2639/2639/2639 5831/5831/5831
f 5831/5831/5831 2639/2639/2639 2636/2636/2636
f 5831/5831/5831 2636/2636/2636 5832/5832/5832
f 5832/5832/5832 2636/2636/2636 2634/2634/2634
f 5832/5832/5832 2634/2634/2634 5833/5833/5833
f 5833/5833/5833 2634/2634/2634 2632/2632/2632
f 5833/5833/5833 2632/2632/2632 2629/2629/2629
f 2629/2629/2629 4565/4565/4565 5833/5833/5833
f 5833/5833/5833 4565/4565/4565 4562/4562/4562
f 5833/5833/5833 4562/4562/4562 5832/5832/5832
f 5832/5832/5832 4562/4562/4562 4560/4560/4560
f 5832/5832/5832 4560/4560/4560 5831/5831/5831
f 5831/5831/5831 4560/4560/4560 4558/4558/4558
f 5831/5831/5831 4558/4558/4558 4556/4556/4556
f 4564/4564/4564 2630/2630/2630 4566/4566/4566
f 4566/4566/4566 2630/2630/2630 2627/2627/2627
f 4566/4566/4566 2627/2627/2627 4568/4568/4568
f 4568/4568/4568 2627/2627/2627 2625/2625/2625
f 4568/4568/4568 2625/2625/2625 4570/4570/4570
f 4570/4570/4570 2625/2625/2625 2623/2623/2623
f 4570/4570/4570 2623/2623/2623 4573/4573/4573
f 4573/4573/4573 2623/2623/2623 2620/2620/2620
f 4574/4574/4574 2619/2619/2619 5834/5834/5834
f 5834/5834/5834 2619/2619/2619 2617/2617/2617
f 5834/5834/5834 2617/2617/2617 5835/5835/5835
f 5835/5835/5835 2617/2617/2617 2616/2616/2616
f 5835/5835/5835 2616/2616/2616 5836/5836/5836
f 5836/5836/5836 2616/2616/2616 2614/2614/2614
f 5836/5836/5836 2614/2614/2614 2612/2612/2612
f 2612/2612/2612 4581/4581/4581 5836/5836/5836
f 5836/5836/5836 4581/4581/4581 4580/4580/4580
f 5836/5836/5836 4580/4580/4580 5835/5835/5835
f 5835/5835/5835 4580/4580/4580 4578/4578/4578
f 5835/5835/5835 4578/4578/4578 5834/5834/5834
f 5834/5834/5834 4578/4578/4578 4576/4576/4576
f 5834/5834/5834 4576/4576/4576 4574/4574/4574
f 4724/4724/4724 2740/2740/2740 4728/4728/4728
f 4728/4728/4728 2740/2740/2740 2737/2737/2737
f 4728/4728/4728 2737/2737/2737 4730/4730/4730
f 4730/4730/4730 2737/2737/2737 2735/2735/2735
f 4730/4730/4730 2735/2735/2735 4732/4732/4732
f 4732/4732/4732 2735/2735/2735 2733/2733/2733
f 4732/4732/4732 2733/2733/2733 4735/4735/4735
f 4735/4735/4735 2733/2733/2733 2732/2732/2732
f 4734/4734/4734 2731/2731/2731 4736/4736/4736
f 4736/4736/4736 2731/2731/2731 2728/2728/2728
f 4736/4736/4736 2728/2728/2728 2727/2727/2727
f 4736/4736/4736 2727/2727/2727 4738/4738/4738
f 4738/4738/4738 2727/2727/2727 2724/2724/2724
f 4738/4738/4738 2724/2724/2724 4740/4740/4740
f 4740/4740/4740 2724/2724/2724 4742/4742/4742
f 4742/4742/4742 2724/2724/2724 2723/2723/2723
f 4744/4744/4744 2722/2722/2722 4746/4746/4746
f 4746/4746/4746 2722/2722/2722 2720/2720/2720
f 4746/4746/4746 2720/2720/2720 4748/4748/4748
f 4748/4748/4748 2720/2720/2720 2717/2717/2717
f 4748/4748/4748 2717/2717/2717 4749/4749/4749
f 4749/4749/4749 2717/2717/2717 2715/2715/2715
f 4749/4749/4749 2715/2715/2715 4684/4684/4684
f 4684/4684/4684 2715/2715/2715 2713/2713/2713
f 4623/4623/4623 2706/2706/2706 5837/5837/5837
f 5837/5837/5837 2706/2706/2706 2704/2704/2704
f 5837/5837/5837 2704/2704/2704 5838/5838/5838
f 5838/5838/5838 2704/2704/2704 2701/2701/2701
f 5838/5838/5838 2701/2701/2701 5839/5839/5839
f 5839/5839/5839 2701/2701/2701 2699/2699/2699
f 5839/5839/5839 2699/2699/2699 2696/2696/2696
f 2696/2696/2696 4633/4633/4633 5839/5839/5839
f 5839/5839/5839 4633/4633/4633 4630/4630/4630
f 5839/5839/5839 4630/4630/4630 5838/5838/5838
f 5838/5838/5838 4630/4630/4630 4628/4628/4628
f 5838/5838/5838 4628/4628/4628 5837/5837/5837
f 5837/5837/5837 4628/4628/4628 4626/4626/4626
f 5837/5837/5837 4626/4626/4626 4623/4623/4623
f 4632/4632/4632 2698/2698/2698 4634/4634/4634
f 4634/4634/4634 2698/2698/2698 2695/2695/2695
f 4634/4634/4634 2695/2695/2695 4637/4637/4637
f 4637/4637/4637 2695/2695/2695 2692/2692/2692
f 4637/4637/4637 2692/2692/2692 4638/4638/4638
f 4638/4638/4638 2692/2692/2692 2691/2691/2691
f 4638/4638/4638 2691/2691/2691 4641/4641/4641
f 4641/4641/4641 2691/2691/2691 2689/2689/2689
f 4640/4640/4640 2687/2687/2687 5840/5840/5840
f 5840/5840/5840 2687/2687/2687 2686/2686/2686
f 5840/5840/5840 2686/2686/2686 5841/5841/5841
f 5841/5841/5841 2686/2686/2686 2684/2684/2684
f 5841/5841/5841 2684/2684/2684 5842/5842/5842
f 5842/5842/5842 2684/2684/2684 2681/2681/2681
f 5842/5842/5842 2681/2681/2681 2679/2679/2679
f 2679/2679/2679 4650/4650/4650 5842/5842/5842
f 5842/5842/5842 4650/4650/4650 4647/4647/4647
f 5842/5842/5842 4647/4647/4647 5841/5841/5841
f 5841/5841/5841 4647/4647/4647 4646/4646/4646
f 5841/5841/5841 4646/4646/4646 5840/5840/5840
f 5840/5840/5840 4646/4646/4646 4644/4644/4644
f 5840/5840/5840 4644/4644/4644 4640/4640/4640
f 4792/4792/4792 2807/2807/2807 4795/4795/4795
f 4795/4795/4795 2807/2807/2807 2805/2805/2805
f 4795/4795/4795 2805/2805/2805 4797/4797/4797
f 4797/4797/4797 2805/2805/2805 2804/2804/2804
f 4797/4797/4797 2804/2804/2804 4799/4799/4799
f 4799/4799/4799 2804/2804/2804 2801/2801/2801
f 4799/4799/4799 2801/2801/2801 4803/4803/4803
f 4803/4803/4803 2801/2801/2801 2799/2799/2799
f 4801/4801/4801 2800/2800/2800 4804/4804/4804
f 4804/4804/4804 2800/2800/2800 2796/2796/2796
f 4804/4804/4804 2796/2796/2796 2794/2794/2794
f 4804/4804/4804 2794/2794/2794 4806/4806/4806
f 4806/4806/4806 2794/2794/2794 2793/2793/2793
f 4806/4806/4806 2793/2793/2793 4809/4809/4809
f 4809/4809/4809 2793/2793/2793 4811/4811/4811
f 4811/4811/4811 2793/2793/2793 2791/2791/2791
f 4812/4812/4812 2789/2789/2789 4813/4813/4813
f 4813/4813/4813 2789/2789/2789 2788/2788/2788
f 4813/4813/4813 2788/2788/2788 4815/4815/4815
f 4815/4815/4815 2788/2788/2788 2786/2786/2786
f 4815/4815/4815 2786/2786/2786 4817/4817/4817
f 4817/4817/4817 2786/2786/2786 2784/2784/2784
f 4817/4817/4817 2784/2784/2784 4751/4751/4751
f 4751/4751/4751 2784/2784/2784 2781/2781/2781
f 4692/4692/4692 2774/2774/2774 5843/5843/5843
f 5843/5843/5843 2774/2774/2774 2771/2771/2771
f 5843/5843/5843 2771/2771/2771 5844/5844/5844
f 5844/5844/5844 2771/2771/2771 2769/2769/2769
f 5844/5844/5844 2769/2769/2769 5845/5845/5845
f 5845/5845/5845 2769/2769/2769 2768/2768/2768
f 5845/5845/5845 2768/2768/2768 2766/2766/2766
f 2766/2766/2766 4700/4700/4700 5845/5845/5845
f 5845/5845/5845 4700/4700/4700 4698/4698/4698
f 5845/5845/5845 4698/4698/4698 5844/5844/5844
f 5844/5844/5844 4698/4698/4698 4695/4695/4695
f 5844/5844/5844 4695/4695/4695 5843/5843/5843
f 5843/5843/5843 4695/4695/4695 4693/4693/4693
f 5843/5843/5843 4693/4693/4693 4692/4692/4692
f 4701/4701/4701 2764/2764/2764 4703/4703/4703
f 4703/4703/4703 2764/2764/2764 2762/2762/2762
f 4703/4703/4703 2762/2762/2762 4705/4705/4705
f 4705/4705/4705 2762/2762/2762 2761/2761/2761
f 4705/4705/4705 2761/2761/2761 4706/4706/4706
f 4706/4706/4706 2761/2761/2761 2758/2758/2758
f 4706/4706/4706 2758/2758/2758 4710/4710/4710
f 4710/4710/4710 2758/2758/2758 2755/2755/2755
f 4708/4708/4708 2756/2756/2756 5846/5846/5846
f 5846/5846/5846 2756/2756/2756 2753/2753/2753
f 5846/5846/5846 2753/2753/2753 5847/5847/5847
f 5847/5847/5847 2753/2753/2753 2752/2752/2752
f 5847/5847/5847 2752/2752/2752 5848/5848/5848
f 5848/5848/5848 2752/2752/2752 2750/2750/2750
f 5848/5848/5848 2750/2750/2750 2747/2747/2747
f 2747/2747/2747 4719/4719/4719 5848/5848/5848
f 5848/5848/5848 4719/4719/4719 4715/4715/4715
f 5848/5848/5848 4715/4715/4715 5847/5847/5847
f 5847/5847/5847 4715/4715/4715 4714/4714/4714
f 5847/5847/5847 4714/4714/4714 5846/5846/5846
f 5846/5846/5846 4714/4714/4714 4711/4711/4711
f 5846/5846/5846 4711/4711/4711 4708/4708/4708
f 4861/4861/4861 2875/2875/2875 4864/4864/4864
f 4864/4864/4864 2875/2875/2875 2873/2873/2873
f 4864/4864/4864 2873/2873/2873 4865/4865/4865
f 4865/4865/4865 2873/2873/2873 2872/2872/2872
f 4865/4865/4865 2872/2872/2872 4868/4868/4868
f 4868/4868/4868 2872/2872/2872 2869/2869/2869
f 4868/4868/4868 2869/2869/2869 4871/4871/4871
f 4871/4871/4871 2869/2869/2869 2868/2868/2868
f 4870/4870/4870 2866/2866/2866 4873/4873/4873
f 4873/4873/4873 2866/2866/2866 2864/2864/2864
f 4873/4873/4873 2864/2864/2864 2862/2862/2862
f 4873/4873/4873 2862/2862/2862 4874/4874/4874
f 4874/4874/4874 2862/2862/2862 2861/2861/2861
f 4874/4874/4874 2861/2861/2861 4876/4876/4876
f 4876/4876/4876 2861/2861/2861 4878/4878/4878
f 4878/4878/4878 2861/2861/2861 2859/2859/2859
f 4879/4879/4879 2858/2858/2858 4881/4881/4881
f 4881/4881/4881 2858/2858/2858 2855/2855/2855
f 4881/4881/4881 2855/2855/2855 4884/4884/4884
f 4884/4884/4884 2855/2855/2855 2853/2853/2853
f 4884/4884/4884 2853/2853/2853 4886/4886/4886
f 4886/4886/4886 2853/2853/2853 2851/2851/2851
f 4886/4886/4886 2851/2851/2851 4820/4820/4820
f 4820/4820/4820 2851/2851/2851 2850/2850/2850
f 4758/4758/4758 2841/2841/2841 5849/5849/5849
f 5849/5849/5849 2841/2841/2841 2840/2840/2840
f 5849/5849/5849 2840/2840/2840 5850/5850/5850
f 5850/5850/5850 2840/2840/2840 2838/2838/2838
f 5850/5850/5850 2838/2838/2838 5851/5851/5851
f 5851/5851/5851 2838/2838/2838 2835/2835/2835
f 5851/5851/5851 2835/2835/2835 2832/2832/2832
f 2832/2832/2832 4768/4768/4768 5851/5851/5851
f 5851/5851/5851 4768/4768/4768 4766/4766/4766
f 5851/5851/5851 4766/4766/4766 5850/5850/5850
f 5850/5850/5850 4766/4766/4766 4764/4764/4764
f 5850/5850/5850 4764/4764/4764 5849/5849/5849
f 5849/5849/5849 4764/4764/4764 4762/4762/4762
f 5849/5849/5849 4762/4762/4762 4758/4758/4758
f 4769/4769/4769 2834/2834/2834 4770/4770/4770
f 4770/4770/4770 2834/2834/2834 2831/2831/2831
f 4770/4770/4770 2831/2831/2831 4772/4772/4772
f 4772/4772/4772 2831/2831/2831 2828/2828/2828
f 4772/4772/4772 2828/2828/2828 4774/4774/4774
f 4774/4774/4774 2828/2828/2828 2827/2827/2827
f 4774/4774/4774 2827/2827/2827 4776/4776/4776
f 4776/4776/4776 2827/2827/2827 2825/2825/2825
f 4777/4777/4777 2824/2824/2824 5852/5852/5852
f 5852/5852/5852 2824/2824/2824 2821/2821/2821
f 5852/5852/5852 2821/2821/2821 5853/5853/5853
f 5853/5853/5853 2821/2821/2821 2819/2819/2819
f 5853/5853/5853 2819/2819/2819 5854/5854/5854
f 5854/5854/5854 2819/2819/2819 2817/2817/2817
f 5854/5854/5854 2817/2817/2817 2815/2815/2815
f 2815/2815/2815 4786/4786/4786 5854/5854/5854
f 5854/5854/5854 4786/4786/4786 4784/4784/4784
f 5854/5854/5854 4784/4784/4784 5853/5853/5853
f 5853/5853/5853 4784/4784/4784 4781/4781/4781
f 5853/5853/5853 4781/4781/4781 5852/5852/5852
f 5852/5852/5852 4781/4781/4781 4780/4780/4780
f 5852/5852/5852 4780/4780/4780 4777/4777/4777
f 4930/4930/4930 2943/2943/2943 4932/4932/4932
f 4932/4932/4932 2943/2943/2943 2941/2941/2941
f 4932/4932/4932 2941/2941/2941 4933/4933/4933
f 4933/4933/4933 2941/2941/2941 2940/2940/2940
f 4933/4933/4933 2940/2940/2940 4935/4935/4935
f 4935/4935/4935 2940/2940/2940 2937/2937/2937
f 4935/4935/4935 2937/2937/2937 4938/4938/4938
f 4938/4938/4938 2937/2937/2937 2935/2935/2935
f 4937/4937/4937 2936/2936/2936 4941/4941/4941
f 4941/4941/4941 2936/2936/2936 2933/2933/2933
f 4941/4941/4941 2933/2933/2933 2930/2930/2930
f 4941/4941/4941 2930/2930/2930 4943/4943/4943
f 4943/4943/4943 2930/2930/2930 2928/2928/2928
f 4943/4943/4943 2928/2928/2928 4945/4945/4945
f 4945/4945/4945 2928/2928/2928 4946/4946/4946
f 4946/4946/4946 2928/2928/2928 2926/2926/2926
f 4948/4948/4948 2925/2925/2925 4949/4949/4949
f 4949/4949/4949 2925/2925/2925 2923/2923/2923
f 4949/4949/4949 2923/2923/2923 4952/4952/4952
f 4952/4952/4952 2923/2923/2923 2922/2922/2922
f 4952/4952/4952 2922/2922/2922 4954/4954/4954
f 4954/4954/4954 2922/2922/2922 2920/2920/2920
f 4954/4954/4954 2920/2920/2920 4889/4889/4889
f 4889/4889/4889 2920/2920/2920 2918/2918/2918
f 4827/4827/4827 2910/2910/2910 5855/5855/5855
f 5855/5855/5855 2910/2910/2910 2908/2908/2908
f 5855/5855/5855 2908/2908/2908 5856/5856/5856
f 5856/5856/5856 2908/2908/2908 2905/2905/2905
f 5856/5856/5856 2905/2905/2905 5857/5857/5857
f 5857/5857/5857 2905/2905/2905 2904/2904/2904
f 5857/5857/5857 2904/2904/2904 2901/2901/2901
f 2901/2901/2901 4835/4835/4835 5857/5857/5857
f 5857/5857/5857 4835/4835/4835 4833/4833/4833
f 5857/5857/5857 4833/4833/4833 5856/5856/5856
f 5856/5856/5856 4833/4833/4833 4831/4831/4831
f 5856/5856/5856 4831/4831/4831 5855/5855/5855
f 5855/5855/5855 4831/4831/4831 4830/4830/4830
f 5855/5855/5855 4830/4830/4830 4827/4827/4827
f 4836/4836/4836 2902/2902/2902 4838/4838/4838
f 4838/4838/4838 2902/2902/2902 2899/2899/2899
f 4838/4838/4838 2899/2899/2899 4840/4840/4840
f 4840/4840/4840 2899/2899/2899 2897/2897/2897
f 4840/4840/4840 2897/2897/2897 4843/4843/4843
f 4843/4843/4843 2897/2897/2897 2895/2895/2895
f 4843/4843/4843 2895/2895/2895 4846/4846/4846
f 4846/4846/4846 2895/2895/2895 2893/2893/2893
f 4844/4844/4844 2892/2892/2892 5858/5858/5858
f 5858/5858/5858 2892/2892/2892 2890/2890/2890
f 5858/5858/5858 2890/2890/2890 5859/5859/5859
f 5859/5859/5859 2890/2890/2890 2888/2888/2888
f 5859/5859/5859 2888/2888/2888 5860/5860/5860
f 5860/5860/5860 2888/2888/2888 2886/2886/2886
f 5860/5860/5860 2886/2886/2886 2884/2884/2884
f 2884/2884/2884 4853/4853/4853 5860/5860/5860
f 5860/5860/5860 4853/4853/4853 4852/4852/4852
f 5860/5860/5860 4852/4852/4852 5859/5859/5859
f 5859/5859/5859 4852/4852/4852 4850/4850/4850
f 5859/5859/5859 4850/4850/4850 5858/5858/5858
f 5858/5858/5858 4850/4850/4850 4848/4848/4848
f 5858/5858/5858 4848/4848/4848 4844/4844/4844
f 4996/4996/4996 3012/3012/3012 4999/4999/4999
f 4999/4999/4999 3012/3012/3012 3010/3010/3010
f 4999/4999/4999 3010/3010/3010 5001/5001/5001
f 5001/5001/5001 3010/3010/3010 3008/3008/3008
f 5001/5001/5001 3008/3008/3008 5003/5003/5003
f 5003/5003/5003 3008/3008/3008 3006/3006/3006
f 5003/5003/5003 3006/3006/3006 5005/5005/5005
f 5005/5005/5005 3006/3006/3006 3004/3004/3004
f 5006/5006/5006 3002/3002/3002 5008/5008/5008
f 5008/5008/5008 3002/3002/3002 3001/3001/3001
f 5008/5008/5008 3001/3001/3001 2998/2998/2998
f 5008/5008/5008 2998/2998/2998 5011/5011/5011
f 5011/5011/5011 2998/2998/2998 2997/2997/2997
f 5011/5011/5011 2997/2997/2997 5012/5012/5012
f 5012/5012/5012 2997/2997/2997 5014/5014/5014
f 5014/5014/5014 2997/2997/2997 2995/2995/2995
f 5015/5015/5015 2994/2994/2994 5018/5018/5018
f 5018/5018/5018 2994/2994/2994 2992/2992/2992
f 5018/5018/5018 2992/2992/2992 5020/5020/5020
f 5020/5020/5020 2992/2992/2992 2989/2989/2989
f 5020/5020/5020 2989/2989/2989 5021/5021/5021
f 5021/5021/5021 2989/2989/2989 2987/2987/2987
f 5021/5021/5021 2987/2987/2987 4955/4955/4955
f 4955/4955/4955 2987/2987/2987 2985/2985/2985
f 4895/4895/4895 2977/2977/2977 5861/5861/5861
f 5861/5861/5861 2977/2977/2977 2975/2975/2975
f 5861/5861/5861 2975/2975/2975 5862/5862/5862
f 5862/5862/5862 2975/2975/2975 2974/2974/2974
f 5862/5862/5862 2974/2974/2974 5863/5863/5863
f 5863/5863/5863 2974/2974/2974 2972/2972/2972
f 5863/5863/5863 2972/2972/2972 2969/2969/2969
f 2969/2969/2969 4904/4904/4904 5863/5863/5863
f 5863/5863/5863 4904/4904/4904 4902/4902/4902
f 5863/5863/5863 4902/4902/4902 5862/5862/5862
f 5862/5862/5862 4902/4902/4902 4899/4899/4899
f 5862/5862/5862 4899/4899/4899 5861/5861/5861
f 5861/5861/5861 4899/4899/4899 4898/4898/4898
f 5861/5861/5861 4898/4898/4898 4895/4895/4895
f 4905/4905/4905 2968/2968/2968 4907/4907/4907
f 4907/4907/4907 2968/2968/2968 2966/2966/2966
f 4907/4907/4907 2966/2966/2966 4909/4909/4909
f 4909/4909/4909 2966/2966/2966 2964/2964/2964
f 4909/4909/4909 2964/2964/2964 4911/4911/4911
f 4911/4911/4911 2964/2964/2964 2962/2962/2962
f 4911/4911/4911 2962/2962/2962 4913/4913/4913
f 4913/4913/4913 2962/2962/2962 2960/2960/2960
f 4914/4914/4914 2959/2959/2959 5864/5864/5864
f 5864/5864/5864 2959/2959/2959 2957/2957/2957
f 5864/5864/5864 2957/2957/2957 5865/5865/5865
f 5865/5865/5865 2957/2957/2957 2956/2956/2956
f 5865/5865/5865 2956/2956/2956 5866/5866/5866
f 5866/5866/5866 2956/2956/2956 2953/2953/2953
f 5866/5866/5866 2953/2953/2953 2950/2950/2950
f 2950/2950/2950 4922/4922/4922 5866/5866/5866
f 5866/5866/5866 4922/4922/4922 4920/4920/4920
f 5866/5866/5866 4920/4920/4920 5865/5865/5865
f 5865/5865/5865 4920/4920/4920 4918/4918/4918
f 5865/5865/5865 4918/4918/4918 5864/5864/5864
f 5864/5864/5864 4918/4918/4918 4915/4915/4915
f 5864/5864/5864 4915/4915/4915 4914/4914/4914
f 5064/5064/5064 3079/3079/3079 5067/5067/5067
f 5067/5067/5067 3079/3079/3079 3078/3078/3078
f 5067/5067/5067 3078/3078/3078 5069/5069/5069
f 5069/5069/5069 3078/3078/3078 3075/3075/3075
f 5069/5069/5069 3075/3075/3075 5072/5072/5072
f 5072/5072/5072 3075/3075/3075 3074/3074/3074
f 5072/5072/5072 3074/3074/3074 5074/5074/5074
f 5074/5074/5074 3074/3074/3074 3072/3072/3072
f 5073/5073/5073 3071/3071/3071 5076/5076/5076
f 5076/5076/5076 3071/3071/3071 3068/3068/3068
f 5076/5076/5076 3068/3068/3068 3066/3066/3066
f 5076/5076/5076 3066/3066/3066 5079/5079/5079
f 5079/5079/5079 3066/3066/3066 3065/3065/3065
f 5079/5079/5079 3065/3065/3065 5080/5080/5080
f 5080/5080/5080 3065/3065/3065 5082/5082/5082
f 5082/5082/5082 3065/3065/3065 3061/3061/3061
f 5084/5084/5084 3063/3063/3063 5085/5085/5085
f 5085/5085/5085 3063/3063/3063 3060/3060/3060
f 5085/5085/5085 3060/3060/3060 5088/5088/5088
f 5088/5088/5088 3060/3060/3060 3057/3057/3057
f 5088/5088/5088 3057/3057/3057 5090/5090/5090
f 5090/5090/5090 3057/3057/3057 3055/3055/3055
f 5090/5090/5090 3055/3055/3055 5024/5024/5024
f 5024/5024/5024 3055/3055/3055 3053/3053/3053
f 4962/4962/4962 3047/3047/3047 5867/5867/5867
f 5867/5867/5867 3047/3047/3047 3044/3044/3044
f 5867/5867/5867 3044/3044/3044 5868/5868/5868
f 5868/5868/5868 3044/3044/3044 3041/3041/3041
f 5868/5868/5868 3041/3041/3041 5869/5869/5869
f 5869/5869/5869 3041/3041/3041 3040/3040/3040
f 5869/5869/5869 3040/3040/3040 3036/3036/3036
f 3036/3036/3036 4972/4972/4972 5869/5869/5869
f 5869/5869/5869 4972/4972/4972 4969/4969/4969
f 5869/5869/5869 4969/4969/4969 5868/5868/5868
f 5868/5868/5868 4969/4969/4969 4967/4967/4967
f 5868/5868/5868 4967/4967/4967 5867/5867/5867
f 5867/5867/5867 4967/4967/4967 4966/4966/4966
f 5867/5867/5867 4966/4966/4966 4962/4962/4962
f 4971/4971/4971 3038/3038/3038 4975/4975/4975
f 4975/4975/4975 3038/3038/3038 3035/3035/3035
f 4975/4975/4975 3035/3035/3035 4976/4976/4976
f 4976/4976/4976 3035/3035/3035 3032/3032/3032
f 4976/4976/4976 3032/3032/3032 4979/4979/4979
f 4979/4979/4979 3032/3032/3032 3030/3030/3030
f 4979/4979/4979 3030/3030/3030 4980/4980/4980
f 4980/4980/4980 3030/3030/3030 3029/3029/3029
f 4982/4982/4982 3028/3028/3028 5870/5870/5870
f 5870/5870/5870 3028/3028/3028 3026/3026/3026
f 5870/5870/5870 3026/3026/3026 5871/5871/5871
f 5871/5871/5871 3026/3026/3026 3024/3024/3024
f 5871/5871/5871 3024/3024/3024 5872/5872/5872
f 5872/5872/5872 3024/3024/3024 3022/3022/3022
f 5872/5872/5872 3022/3022/3022 3020/3020/3020
f 3020/3020/3020 4991/4991/4991 5872/5872/5872
f 5872/5872/5872 4991/4991/4991 4987/4987/4987
f 5872/5872/5872 4987/4987/4987 5871/5871/5871
f 5871/5871/5871 4987/4987/4987 4985/4985/4985
f 5871/5871/5871 4985/4985/4985 5870/5870/5870
f 5870/5870/5870 4985/4985/4985 4983/4983/4983
f 5870/5870/5870 4983/4983/4983 4982/4982/4982
f 5023/5023/5023 3054/3054/3054 5027/5027/5027
f 5027/5027/5027 3054/3054/3054 3118/3118/3118
f 5027/5027/5027 3118/3118/3118 5029/5029/5029
f 5029/5029/5029 3118/3118/3118 3116/3116/3116
f 5029/5029/5029 3116/3116/3116 5032/5032/5032
f 5032/5032/5032 3116/3116/3116 3113/3113/3113
f 4957/4957/4957 2984/2984/2984 4959/4959/4959
f 4959/4959/4959 2984/2984/2984 3050/3050/3050
f 4959/4959/4959 3050/3050/3050 4961/4961/4961
f 4961/4961/4961 3050/3050/3050 3048/3048/3048
f 4961/4961/4961 3048/3048/3048 4963/4963/4963
f 4963/4963/4963 3048/3048/3048 3046/3046/3046
f 4887/4887/4887 2916/2916/2916 4890/4890/4890
f 4890/4890/4890 2916/2916/2916 2983/2983/2983
f 4890/4890/4890 2983/2983/2983 4893/4893/4893
f 4893/4893/4893 2983/2983/2983 2980/2980/2980
f 4893/4893/4893 2980/2980/2980 4896/4896/4896
f 4896/4896/4896 2980/2980/2980 2979/2979/2979
f 4819/4819/4819 2849/2849/2849 4823/4823/4823
f 4823/4823/4823 2849/2849/2849 2914/2914/2914
f 4823/4823/4823 2914/2914/2914 4825/4825/4825
f 4825/4825/4825 2914/2914/2914 2912/2912/2912
f 4825/4825/4825 2912/2912/2912 4828/4828/4828
f 4828/4828/4828 2912/2912/2912 2911/2911/2911
f 4753/4753/4753 2782/2782/2782 4754/4754/4754
f 4754/4754/4754 2782/2782/2782 2847/2847/2847
f 4754/4754/4754 2847/2847/2847 4756/4756/4756
f 4756/4756/4756 2847/2847/2847 2845/2845/2845
f 4756/4756/4756 2845/2845/2845 4759/4759/4759
f 4759/4759/4759 2845/2845/2845 2842/2842/2842
f 4685/4685/4685 2714/2714/2714 4687/4687/4687
f 4687/4687/4687 2714/2714/2714 2779/2779/2779
f 4687/4687/4687 2779/2779/2779 4689/4689/4689
f 4689/4689/4689 2779/2779/2779 2776/2776/2776
f 4689/4689/4689 2776/2776/2776 4690/4690/4690
f 4690/4690/4690 2776/2776/2776 2773/2773/2773
f 4615/4615/4615 2646/2646/2646 4618/4618/4618
f 4618/4618/4618 2646/2646/2646 2710/2710/2710
f 4618/4618/4618 2710/2710/2710 4620/4620/4620
f 4620/4620/4620 2710/2710/2710 2709/2709/2709
f 4620/4620/4620 2709/2709/2709 4624/4624/4624
f 4624/4624/4624 2709/2709/2709 2705/2705/2705
f 4549/4549/4549 2577/2577/2577 4551/4551/4551
f 4551/4551/4551 2577/2577/2577 2643/2643/2643
f 4551/4551/4551 2643/2643/2643 4553/4553/4553
f 4553/4553/4553 2643/2643/2643 2641/2641/2641
f 4553/4553/4553 2641/2641/2641 4555/4555/4555
f 4555/4555/4555 2641/2641/2641 2638/2638/2638
f 4481/4481/4481 2508/2508/2508 4482/4482/4482
f 4482/4482/4482 2508/2508/2508 2575/2575/2575
f 4482/4482/4482 2575/2575/2575 4484/4484/4484
f 4484/4484/4484 2575/2575/2575 2573/2573/2573
f 4484/4484/4484 2573/2573/2573 4486/4486/4486
f 4486/4486/4486 2573/2573/2573 2570/2570/2570
f 4413/4413/4413 2442/2442/2442 4415/4415/4415
f 4415/4415/4415 2442/2442/2442 2507/2507/2507
f 4415/4415/4415 2507/2507/2507 4416/4416/4416
f 4416/4416/4416 2507/2507/2507 2505/2505/2505
f 4416/4416/4416 2505/2505/2505 4419/4419/4419
f 4419/4419/4419 2505/2505/2505 2501/2501/2501
f 4344/4344/4344 2373/2373/2373 4347/4347/4347
f 4347/4347/4347 2373/2373/2373 2438/2438/2438
f 4347/4347/4347 2438/2438/2438 4348/4348/4348
f 4348/4348/4348 2438/2438/2438 2436/2436/2436
f 4348/4348/4348 2436/2436/2436 4350/4350/4350
f 4350/4350/4350 2436/2436/2436 2435/2435/2435
f 4277/4277/4277 2305/2305/2305 4279/4279/4279
f 4279/4279/4279 2305/2305/2305 2370/2370/2370
f 4279/4279/4279 2370/2370/2370 4280/4280/4280
f 4280/4280/4280 2370/2370/2370 2369/2369/2369
f 4280/4280/4280 2369/2369/2369 4284/4284/4284
f 4284/4284/4284 2369/2369/2369 2365/2365/2365
f 4207/4207/4207 2236/2236/2236 4210/4210/4210
f 4210/4210/4210 2236/2236/2236 2302/2302/2302
f 4210/4210/4210 2302/2302/2302 4213/4213/4213
f 4213/4213/4213 2302/2302/2302 2300/2300/2300
f 4213/4213/4213 2300/2300/2300 4216/4216/4216
f 4216/4216/4216 2300/2300/2300 2299/2299/2299
f 4140/4140/4140 2168/2168/2168 4143/4143/4143
f 4143/4143/4143 2168/2168/2168 2234/2234/2234
f 4143/4143/4143 2234/2234/2234 4144/4144/4144
f 4144/4144/4144 2234/2234/2234 2233/2233/2233
f 4144/4144/4144 2233/2233/2233 4148/4148/4148
f 4148/4148/4148 2233/2233/2233 2229/2229/2229
f 4072/4072/4072 2100/2100/2100 4074/4074/4074
f 4074/4074/4074 2100/2100/2100 2166/2166/2166
f 4074/4074/4074 2166/2166/2166 4076/4076/4076
f 4076/4076/4076 2166/2166/2166 2165/2165/2165
f 4076/4076/4076 2165/2165/2165 4080/4080/4080
f 4080/4080/4080 2165/2165/2165 2163/2163/2163
f 4004/4004/4004 2034/2034/2034 4007/4007/4007
f 4007/4007/4007 2034/2034/2034 2098/2098/2098
f 4007/4007/4007 2098/2098/2098 4008/4008/4008
f 4008/4008/4008 2098/2098/2098 2096/2096/2096
f 4008/4008/4008 2096/2096/2096 4011/4011/4011
f 4011/4011/4011 2096/2096/2096 2095/2095/2095
f 3937/3937/3937 1964/1964/1964 3938/3938/3938
f 3938/3938/3938 1964/1964/1964 2031/2031/2031
f 3938/3938/3938 2031/2031/2031 3940/3940/3940
f 3940/3940/3940 2031/2031/2031 2029/2029/2029
f 3940/3940/3940 2029/2029/2029 3942/3942/3942
f 3942/3942/3942 2029/2029/2029 2027/2027/2027
f 3869/3869/3869 1898/1898/1898 3870/3870/3870
f 3870/3870/3870 1898/1898/1898 1963/1963/1963
f 3870/3870/3870 1963/1963/1963 3872/3872/3872
f 3872/3872/3872 1963/1963/1963 1961/1961/1961
f 3872/3872/3872 1961/1961/1961 3874/3874/3874
f 3874/3874/3874 1961/1961/1961 1958/1958/1958
f 3801/3801/3801 1828/1828/1828 3803/3803/3803
f 3803/3803/3803 1828/1828/1828 1894/1894/1894
f 3803/3803/3803 1894/1894/1894 3805/3805/3805
f 3805/3805/3805 1894/1894/1894 1892/1892/1892
f 3805/3805/3805 1892/1892/1892 3806/3806/3806
f 3806/3806/3806 1892/1892/1892 1890/1890/1890
f 3731/3731/3731 1760/1760/1760 3734/3734/3734
f 3734/3734/3734 1760/1760/1760 1827/1827/1827
f 3734/3734/3734 1827/1827/1827 3737/3737/3737
f 3737/3737/3737 1827/1827/1827 1824/1824/1824
f 3737/3737/3737 1824/1824/1824 3738/3738/3738
f 3738/3738/3738 1824/1824/1824 1823/1823/1823
f 3664/3664/3664 1692/1692/1692 3667/3667/3667
f 3667/3667/3667 1692/1692/1692 1758/1758/1758
f 3667/3667/3667 1758/1758/1758 3669/3669/3669
f 3669/3669/3669 1758/1758/1758 1756/1756/1756
f 3669/3669/3669 1756/1756/1756 3672/3672/3672
f 3672/3672/3672 1756/1756/1756 1754/1754/1754
f 3597/3597/3597 1625/1625/1625 3599/3599/3599
f 3599/3599/3599 1625/1625/1625 1690/1690/1690
f 3599/3599/3599 1690/1690/1690 3601/3601/3601
f 3601/3601/3601 1690/1690/1690 1688/1688/1688
f 3601/3601/3601 1688/1688/1688 3603/3603/3603
f 3603/3603/3603 1688/1688/1688 1686/1686/1686
f 3528/3528/3528 1556/1556/1556 3531/3531/3531
f 3531/3531/3531 1556/1556/1556 1622/1622/1622
f 3531/3531/3531 1622/1622/1622 3533/3533/3533
f 3533/3533/3533 1622/1622/1622 1621/1621/1621
f 3533/3533/3533 1621/1621/1621 3534/3534/3534
f 3534/3534/3534 1621/1621/1621 1617/1617/1617
f 3461/3461/3461 1489/1489/1489 3463/3463/3463
f 3463/3463/3463 1489/1489/1489 1554/1554/1554
f 3463/3463/3463 1554/1554/1554 3464/3464/3464
f 3464/3464/3464 1554/1554/1554 1553/1553/1553
f 3464/3464/3464 1553/1553/1553 3467/3467/3467
f 3467/3467/3467 1553/1553/1553 1549/1549/1549
f 3393/3393/3393 1422/1422/1422 3394/3394/3394
f 3394/3394/3394 1422/1422/1422 1487/1487/1487
f 3394/3394/3394 1487/1487/1487 3397/3397/3397
f 3397/3397/3397 1487/1487/1487 1484/1484/1484
f 3397/3397/3397 1484/1484/1484 3398/3398/3398
f 3398/3398/3398 1484/1484/1484 1482/1482/1482
f 3324/3324/3324 1352/1352/1352 3327/3327/3327
f 3327/3327/3327 1352/1352/1352 1418/1418/1418
f 3327/3327/3327 1418/1418/1418 3329/3329/3329
f 3329/3329/3329 1418/1418/1418 1416/1416/1416
f 3329/3329/3329 1416/1416/1416 3330/3330/3330
f 3330/3330/3330 1416/1416/1416 1413/1413/1413
f 3255/3255/3255 1286/1286/1286 3259/3259/3259
f 3259/3259/3259 1286/1286/1286 1350/1350/1350
f 3259/3259/3259 1350/1350/1350 3261/3261/3261
f 3261/3261/3261 1350/1350/1350 1348/1348/1348
f 3261/3261/3261 1348/1348/1348 3264/3264/3264
f 3264/3264/3264 1348/1348/1348 1345/1345/1345
f 1217/1217/1217 5092/5092/5092 1220/1220/1220
f 1220/1220/1220 5092/5092/5092 5158/5158/5158
f 1220/1220/1220 5158/5158/5158 1222/1222/1222
f 1222/1222/1222 5158/5158/5158 5155/5155/5155
f 1222/1222/1222 5155/5155/5155 1223/1223/1223
f 1223/1223/1223 5155/5155/5155 5153/5153/5153
f 3080/3080/3080 5066/5066/5066 3083/3083/3083
f 3083/3083/3083 5066/5066/5066 5062/5062/5062
f 3083/3083/3083 5062/5062/5062 3085/3085/3085
f 3085/3085/3085 5062/5062/5062 5060/5060/5060
f 3085/3085/3085 5060/5060/5060 3088/3088/3088
f 3088/3088/3088 5060/5060/5060 5058/5058/5058
f 3011/3011/3011 4997/4997/4997 3015/3015/3015
f 3015/3015/3015 4997/4997/4997 4995/4995/4995
f 3015/3015/3015 4995/4995/4995 3016/3016/3016
f 3016/3016/3016 4995/4995/4995 4993/4993/4993
f 3016/3016/3016 4993/4993/4993 3018/3018/3018
f 3018/3018/3018 4993/4993/4993 4989/4989/4989
f 2945/2945/2945 4928/4928/4928 2946/2946/2946
f 2946/2946/2946 4928/4928/4928 4927/4927/4927
f 2946/2946/2946 4927/4927/4927 2948/2948/2948
f 2948/2948/2948 4927/4927/4927 4925/4925/4925
f 2948/2948/2948 4925/4925/4925 2952/2952/2952
f 2952/2952/2952 4925/4925/4925 4923/4923/4923
f 2876/2876/2876 4860/4860/4860 2878/2878/2878
f 2878/2878/2878 4860/4860/4860 4859/4859/4859
f 2878/2878/2878 4859/4859/4859 2881/2881/2881
f 2881/2881/2881 4859/4859/4859 4856/4856/4856
f 2881/2881/2881 4856/4856/4856 2883/2883/2883
f 2883/2883/2883 4856/4856/4856 4854/4854/4854
f 2808/2808/2808 4794/4794/4794 2810/2810/2810
f 2810/2810/2810 4794/4794/4794 4790/4790/4790
f 2810/2810/2810 4790/4790/4790 2812/2812/2812
f 2812/2812/2812 4790/4790/4790 4789/4789/4789
f 2812/2812/2812 4789/4789/4789 2816/2816/2816
f 2816/2816/2816 4789/4789/4789 4787/4787/4787
f 2741/2741/2741 4725/4725/4725 2742/2742/2742
f 2742/2742/2742 4725/4725/4725 4722/4722/4722
f 2742/2742/2742 4722/4722/4722 2744/2744/2744
f 2744/2744/2744 4722/4722/4722 4721/4721/4721
f 2744/2744/2744 4721/4721/4721 2748/2748/2748
f 2748/2748/2748 4721/4721/4721 4718/4718/4718
f 2671/2671/2671 4656/4656/4656 2675/2675/2675
f 2675/2675/2675 4656/4656/4656 4655/4655/4655
f 2675/2675/2675 4655/4655/4655 2677/2677/2677
f 2677/2677/2677 4655/4655/4655 4653/4653/4653
f 2677/2677/2677 4653/4653/4653 2678/2678/2678
f 2678/2678/2678 4653/4653/4653 4651/4651/4651
f 2604/2604/2604 4589/4589/4589 2606/2606/2606
f 2606/2606/2606 4589/4589/4589 4587/4587/4587
f 2606/2606/2606 4587/4587/4587 2609/2609/2609
f 2609/2609/2609 4587/4587/4587 4585/4585/4585
f 2609/2609/2609 4585/4585/4585 2610/2610/2610
f 2610/2610/2610 4585/4585/4585 4582/4582/4582
f 2535/2535/2535 4520/4520/4520 2539/2539/2539
f 2539/2539/2539 4520/4520/4520 4519/4519/4519
f 2539/2539/2539 4519/4519/4519 2541/2541/2541
f 2541/2541/2541 4519/4519/4519 4517/4517/4517
f 2541/2541/2541 4517/4517/4517 2543/2543/2543
f 2543/2543/2543 4517/4517/4517 4515/4515/4515
f 2468/2468/2468 4453/4453/4453 2470/2470/2470
f 2470/2470/2470 4453/4453/4453 4450/4450/4450
f 2470/2470/2470 4450/4450/4450 2473/2473/2473
f 2473/2473/2473 4450/4450/4450 4449/4449/4449
f 2473/2473/2473 4449/4449/4449 2474/2474/2474
f 2474/2474/2474 4449/4449/4449 4446/4446/4446
f 2399/2399/2399 4384/4384/4384 2402/2402/2402
f 2402/2402/2402 4384/4384/4384 4383/4383/4383
f 2402/2402/2402 4383/4383/4383 2405/2405/2405
f 2405/2405/2405 4383/4383/4383 4381/4381/4381
f 2405/2405/2405 4381/4381/4381 2407/2407/2407
f 2407/2407/2407 4381/4381/4381 4379/4379/4379
f 2332/2332/2332 4318/4318/4318 2335/2335/2335
f 2335/2335/2335 4318/4318/4318 4314/4314/4314
f 2335/2335/2335 4314/4314/4314 2336/2336/2336
f 2336/2336/2336 4314/4314/4314 4312/4312/4312
f 2336/2336/2336 4312/4312/4312 2339/2339/2339
f 2339/2339/2339 4312/4312/4312 4311/4311/4311
f 2264/2264/2264 4249/4249/4249 2267/2267/2267
f 2267/2267/2267 4249/4249/4249 4247/4247/4247
f 2267/2267/2267 4247/4247/4247 2268/2268/2268
f 2268/2268/2268 4247/4247/4247 4244/4244/4244
f 2268/2268/2268 4244/4244/4244 2271/2271/2271
f 2271/2271/2271 4244/4244/4244 4243/4243/4243
f 2196/2196/2196 4182/4182/4182 2198/2198/2198
f 2198/2198/2198 4182/4182/4182 4179/4179/4179
f 2198/2198/2198 4179/4179/4179 2200/2200/2200
f 2200/2200/2200 4179/4179/4179 4177/4177/4177
f 2200/2200/2200 4177/4177/4177 2204/2204/2204
f 2204/2204/2204 4177/4177/4177 4173/4173/4173
f 2127/2127/2127 4114/4114/4114 2131/2131/2131
f 2131/2131/2131 4114/4114/4114 4110/4110/4110
f 2131/2131/2131 4110/4110/4110 2133/2133/2133
f 2133/2133/2133 4110/4110/4110 4108/4108/4108
f 2133/2133/2133 4108/4108/4108 2134/2134/2134
f 2134/2134/2134 4108/4108/4108 4105/4105/4105
f 2059/2059/2059 4046/4046/4046 2063/2063/2063
f 2063/2063/2063 4046/4046/4046 4043/4043/4043
f 2063/2063/2063 4043/4043/4043 2065/2065/2065
f 2065/2065/2065 4043/4043/4043 4041/4041/4041
f 2065/2065/2065 4041/4041/4041 2066/2066/2066
f 2066/2066/2066 4041/4041/4041 4038/4038/4038
f 1992/1992/1992 3976/3976/3976 1994/1994/1994
f 1994/1994/1994 3976/3976/3976 3974/3974/3974
f 1994/1994/1994 3974/3974/3974 1997/1997/1997
f 1997/1997/1997 3974/3974/3974 3973/3973/3973
f 1997/1997/1997 3973/3973/3973 1999/1999/1999
f 1999/1999/1999 3973/3973/3973 3970/3970/3970
f 1924/1924/1924 3909/3909/3909 1927/1927/1927
f 1927/1927/1927 3909/3909/3909 3906/3906/3906
f 1927/1927/1927 3906/3906/3906 1929/1929/1929
f 1929/1929/1929 3906/3906/3906 3904/3904/3904
f 1929/1929/1929 3904/3904/3904 1932/1932/1932
f 1932/1932/1932 3904/3904/3904 3902/3902/3902
f 1856/1856/1856 3840/3840/3840 1859/1859/1859
f 1859/1859/1859 3840/3840/3840 3838/3838/3838
f 1859/1859/1859 3838/3838/3838 1860/1860/1860
f 1860/1860/1860 3838/3838/3838 3837/3837/3837
f 1860/1860/1860 3837/3837/3837 1862/1862/1862
f 1862/1862/1862 3837/3837/3837 3833/3833/3833
f 1789/1789/1789 3774/3774/3774 1790/1790/1790
f 1790/1790/1790 3774/3774/3774 3771/3771/3771
f 1790/1790/1790 3771/3771/3771 1792/1792/1792
f 1792/1792/1792 3771/3771/3771 3769/3769/3769
f 1792/1792/1792 3769/3769/3769 1794/1794/1794
f 1794/1794/1794 3769/3769/3769 3766/3766/3766
f 1720/1720/1720 3705/3705/3705 1723/1723/1723
f 1723/1723/1723 3705/3705/3705 3703/3703/3703
f 1723/1723/1723 3703/3703/3703 1724/1724/1724
f 1724/1724/1724 3703/3703/3703 3701/3701/3701
f 1724/1724/1724 3701/3701/3701 1726/1726/1726
f 1726/1726/1726 3701/3701/3701 3698/3698/3698
f 1652/1652/1652 3636/3636/3636 1655/1655/1655
f 1655/1655/1655 3636/3636/3636 3635/3635/3635
f 1655/1655/1655 3635/3635/3635 1657/1657/1657
f 1657/1657/1657 3635/3635/3635 3633/3633/3633
f 1657/1657/1657 3633/3633/3633 1660/1660/1660
f 1660/1660/1660 3633/3633/3633 3631/3631/3631
f 1585/1585/1585 3569/3569/3569 1587/1587/1587
f 1587/1587/1587 3569/3569/3569 3567/3567/3567
f 1587/1587/1587 3567/3567/3567 1588/1588/1588
f 1588/1588/1588 3567/3567/3567 3565/3565/3565
f 1588/1588/1588 3565/3565/3565 1591/1591/1591
f 1591/1591/1591 3565/3565/3565 3561/3561/3561
f 1517/1517/1517 3502/3502/3502 1518/1518/1518
f 1518/1518/1518 3502/3502/3502 3498/3498/3498
f 1518/1518/1518 3498/3498/3498 1521/1521/1521
f 1521/1521/1521 3498/3498/3498 3496/3496/3496
f 1521/1521/1521 3496/3496/3496 1523/1523/1523
f 1523/1523/1523 3496/3496/3496 3495/3495/3495
f 1449/1449/1449 3434/3434/3434 1450/1450/1450
f 1450/1450/1450 3434/3434/3434 3430/3430/3430
f 1450/1450/1450 3430/3430/3430 1453/1453/1453
f 1453/1453/1453 3430/3430/3430 3428/3428/3428
f 1453/1453/1453 3428/3428/3428 1455/1455/1455
f 1455/1455/1455 3428/3428/3428 3425/3425/3425
f 1381/1381/1381 3365/3365/3365 1383/1383/1383
f 1383/1383/1383 3365/3365/3365 3363/3363/3363
f 1383/1383/1383 3363/3363/3363 1385/1385/1385
f 1385/1385/1385 3363/3363/3363 3360/3360/3360
f 1385/1385/1385 3360/3360/3360 1388/1388/1388
f 1388/1388/1388 3360/3360/3360 3357/3357/3357
f 5118/5118/5118 1257/1257/1257 5121/5121/5121
f 5121/5121/5121 1257/1257/1257 1256/1256/1256
f 5121/5121/5121 1256/1256/1256 5123/5123/5123
f 5123/5123/5123 1256/1256/1256 1254/1254/1254
f 5123/5123/5123 1254/1254/1254 5125/5125/5125
f 5125/5125/5125 1254/1254/1254 1251/1251/1251
f 1312/1312/1312 3297/3297/3297 1315/1315/1315
f 1315/1315/1315 3297/3297/3297 3295/3295/3295
f 1315/1315/1315 3295/3295/3295 1317/1317/1317
f 1317/1317/1317 3295/3295/3295 3292/3292/3292
f 1317/1317/1317 3292/3292/3292 1320/1320/1320
f 1320/1320/1320 3292/3292/3292 3290/3290/3290
f 5127/5127/5127 1250/1250/1250 5129/5129/5129
f 5129/5129/5129 1250/1250/1250 1248/1248/1248
f 5129/5129/5129 1248/1248/1248 5131/5131/5131
f 5131/5131/5131 1248/1248/1248 1246/1246/1246
f 5131/5131/5131 1246/1246/1246 5133/5133/5133
f 5133/5133/5133 1246/1246/1246 1244/1244/1244
f 5133/5133/5133 1244/1244/1244 5136/5136/5136
f 5136/5136/5136 1244/1244/1244 1241/1241/1241
f 5134/5134/5134 1242/1242/1242 5138/5138/5138
f 5138/5138/5138 1242/1242/1242 1239/1239/1239
f 5138/5138/5138 1239/1239/1239 1238/1238/1238
f 5138/5138/5138 1238/1238/1238 5139/5139/5139
f 5139/5139/5139 1238/1238/1238 1235/1235/1235
f 5139/5139/5139 1235/1235/1235 5141/5141/5141
f 5141/5141/5141 1235/1235/1235 5144/5144/5144
f 5144/5144/5144 1235/1235/1235 1233/1233/1233
f 5143/5143/5143 1232/1232/1232 5147/5147/5147
f 5147/5147/5147 1232/1232/1232 1231/1231/1231
f 5147/5147/5147 1231/1231/1231 5149/5149/5149
f 5149/5149/5149 1231/1231/1231 1229/1229/1229
f 5149/5149/5149 1229/1229/1229 5150/5150/5150
f 5150/5150/5150 1229/1229/1229 1226/1226/1226
f 5150/5150/5150 1226/1226/1226 5152/5152/5152
f 5152/5152/5152 1226/1226/1226 1224/1224/1224
f 5030/5030/5030 3114/3114/3114 5873/5873/5873
f 5873/5873/5873 3114/3114/3114 3112/3112/3112
f 5873/5873/5873 3112/3112/3112 5874/5874/5874
f 5874/5874/5874 3112/3112/3112 3109/3109/3109
f 5874/5874/5874 3109/3109/3109 5875/5875/5875
f 5875/5875/5875 3109/3109/3109 3107/3107/3107
f 5875/5875/5875 3107/3107/3107 3105/3105/3105
f 3105/3105/3105 5039/5039/5039 5875/5875/5875
f 5875/5875/5875 5039/5039/5039 5038/5038/5038
f 5875/5875/5875 5038/5038/5038 5874/5874/5874
f 5874/5874/5874 5038/5038/5038 5035/5035/5035
f 5874/5874/5874 5035/5035/5035 5873/5873/5873
f 5873/5873/5873 5035/5035/5035 5033/5033/5033
f 5873/5873/5873 5033/5033/5033 5030/5030/5030
f 5040/5040/5040 3106/3106/3106 5042/5042/5042
f 5042/5042/5042 3106/3106/3106 3102/3102/3102
f 5042/5042/5042 3102/3102/3102 5044/5044/5044
f 5044/5044/5044 3102/3102/3102 3100/3100/3100
f 5044/5044/5044 3100/3100/3100 5047/5047/5047
f 5047/5047/5047 3100/3100/3100 3099/3099/3099
f 5047/5047/5047 3099/3099/3099 5049/5049/5049
f 5049/5049/5049 3099/3099/3099 3095/3095/3095
f 5050/5050/5050 3096/3096/3096 5876/5876/5876
f 5876/5876/5876 3096/3096/3096 3093/3093/3093
f 5876/5876/5876 3093/3093/3093 5877/5877/5877
f 5877/5877/5877 3093/3093/3093 3092/3092/3092
f 5877/5877/5877 3092/3092/3092 5878/5878/5878
f 5878/5878/5878 3092/3092/3092 3090/3090/3090
f 5878/5878/5878 3090/3090/3090 3086/3086/3086
f 3086/3086/3086 5057/5057/5057 5878/5878/5878
f 5878/5878/5878 5057/5057/5057 5055/5055/5055
f 5878/5878/5878 5055/5055/5055 5877/5877/5877
f 5877/5877/5877 5055/5055/5055 5053/5053/5053
f 5877/5877/5877 5053/5053/5053 5876/5876/5876
f 5876/5876/5876 5053/5053/5053 5052/5052/5052
f 5876/5876/5876 5052/5052/5052 5050/5050/5050
f 5295/5295/5295 5889/5889/5889 5160/5160/5160
f 5160/5160/5160 5889/5889/5889 5880/5880/5880
f 5159/5159/5159 5879/5879/5879 6224/6224/6224
f 6224/6224/6224 5879/5879/5879 5881/5881/5881
f 6224/6224/6224 5881/5881/5881 6225/6225/6225
f 6225/6225/6225 5881/5881/5881 5883/5883/5883
f 6225/6225/6225 5883/5883/5883 6226/6226/6226
f 6226/6226/6226 5883/5883/5883 5885/5885/5885
f 6226/6226/6226 5885/5885/5885 6227/6227/6227
f 6227/6227/6227 5885/5885/5885 5887/5887/5887
f 6227/6227/6227 5887/5887/5887 6228/6228/6228
f 6228/6228/6228 5887/5887/5887 5438/5438/5438
f 6228/6228/6228 5438/5438/5438 5572/5572/5572
f 5889/5889/5889 5295/5295/5295 5894/5894/5894
f 5894/5894/5894 5295/5295/5295 5293/5293/5293
f 5894/5894/5894 5293/5293/5293 5899/5899/5899
f 5899/5899/5899 5293/5293/5293 5292/5292/5292
f 5899/5899/5899 5292/5292/5292 5904/5904/5904
f 5904/5904/5904 5292/5292/5292 5289/5289/5289
f 5904/5904/5904 5289/5289/5289 5909/5909/5909
f 5909/5909/5909 5289/5289/5289 5288/5288/5288
f 5909/5909/5909 5288/5288/5288 5914/5914/5914
f 5914/5914/5914 5288/5288/5288 5286/5286/5286
f 5914/5914/5914 5286/5286/5286 5919/5919/5919
f 5919/5919/5919 5286/5286/5286 5283/5283/5283
f 5919/5919/5919 5283/5283/5283 5924/5924/5924
f 5924/5924/5924 5283/5283/5283 5282/5282/5282
f 5924/5924/5924 5282/5282/5282 5929/5929/5929
f 5929/5929/5929 5282/5282/5282 5280/5280/5280
f 5929/5929/5929 5280/5280/5280 5934/5934/5934
f 5934/5934/5934 5280/5280/5280 5278/5278/5278
f 5934/5934/5934 5278/5278/5278 5939/5939/5939
f 5939/5939/5939 5278/5278/5278 5275/5275/5275
f 5939/5939/5939 5275/5275/5275 5944/5944/5944
f 5944/5944/5944 5275/5275/5275 5274/5274/5274
f 5944/5944/5944 5274/5274/5274 5949/5949/5949
f 5949/5949/5949 5274/5274/5274 5272/5272/5272
f 5949/5949/5949 5272/5272/5272 5954/5954/5954
f 5954/5954/5954 5272/5272/5272 5269/5269/5269
f 5954/5954/5954 5269/5269/5269 5959/5959/5959
f 5959/5959/5959 5269/5269/5269 5268/5268/5268
f 5959/5959/5959 5268/5268/5268 5964/5964/5964
f 5964/5964/5964 5268/5268/5268 5265/5265/5265
f 5964/5964/5964 5265/5265/5265 5969/5969/5969
f 5969/5969/5969 5265/5265/5265 5264/5264/5264
f 5969/5969/5969 5264/5264/5264 5974/5974/5974
f 5974/5974/5974 5264/5264/5264 5261/5261/5261
f 5974/5974/5974 5261/5261/5261 5979/5979/5979
f 5979/5979/5979 5261/5261/5261 5259/5259/5259
f 5979/5979/5979 5259/5259/5259 5984/5984/5984
f 5984/5984/5984 5259/5259/5259 5258/5258/5258
f 5984/5984/5984 5258/5258/5258 5989/5989/5989
f 5989/5989/5989 5258/5258/5258 5255/5255/5255
f 5989/5989/5989 5255/5255/5255 5994/5994/5994
f 5994/5994/5994 5255/5255/5255 5253/5253/5253
f 5994/5994/5994 5253/5253/5253 5999/5999/5999
f 5999/5999/5999 5253/5253/5253 5252/5252/5252
f 5999/5999/5999 5252/5252/5252 6004/6004/6004
f 6004/6004/6004 5252/5252/5252 5250/5250/5250
f 6004/6004/6004 5250/5250/5250 6009/6009/6009
f 6009/6009/6009 5250/5250/5250 5247/5247/5247
f 6009/6009/6009 5247/5247/5247 6014/6014/6014
f 6014/6014/6014 5247/5247/5247 5245/5245/5245
f 6014/6014/6014 5245/5245/5245 6019/6019/6019
f 6019/6019/6019 5245/5245/5245 5244/5244/5244
f 6019/6019/6019 5244/5244/5244 6024/6024/6024
f 6024/6024/6024 5244/5244/5244 5242/5242/5242
f 6024/6024/6024 5242/5242/5242 6029/6029/6029
f 6029/6029/6029 5242/5242/5242 5239/5239/5239
f 6029/6029/6029 5239/5239/5239 6034/6034/6034
f 6034/6034/6034 5239/5239/5239 5238/5238/5238
f 6034/6034/6034 5238/5238/5238 6039/6039/6039
f 6039/6039/6039 5238/5238/5238 5236/5236/5236
f 6039/6039/6039 5236/5236/5236 6044/6044/6044
f 6044/6044/6044 5236/5236/5236 5234/5234/5234
f 6044/6044/6044 5234/5234/5234 6049/6049/6049
f 6049/6049/6049 5234/5234/5234 5231/5231/5231
f 6049/6049/6049 5231/5231/5231 6054/6054/6054
f 6054/6054/6054 5231/5231/5231 5229/5229/5229
f 6054/6054/6054 5229/5229/5229 6059/6059/6059
f 6059/6059/6059 5229/5229/5229 5228/5228/5228
f 6059/6059/6059 5228/5228/5228 6064/6064/6064
f 6064/6064/6064 5228/5228/5228 5225/5225/5225
f 6064/6064/6064 5225/5225/5225 6069/6069/6069
f 6069/6069/6069 5225/5225/5225 5224/5224/5224
f 6069/6069/6069 5224/5224/5224 6074/6074/6074
f 6074/6074/6074 5224/5224/5224 5222/5222/5222
f 6074/6074/6074 5222/5222/5222 6079/6079/6079
f 6079/6079/6079 5222/5222/5222 5220/5220/5220
f 6079/6079/6079 5220/5220/5220 6084/6084/6084
f 6084/6084/6084 5220/5220/5220 5218/5218/5218
f 6084/6084/6084 5218/5218/5218 6089/6089/6089
f 6089/6089/6089 5218/5218/5218 5216/5216/5216
f 6089/6089/6089 5216/5216/5216 6094/6094/6094
f 6094/6094/6094 5216/5216/5216 5214/5214/5214
f 6094/6094/6094 5214/5214/5214 6099/6099/6099
f 6099/6099/6099 5214/5214/5214 5212/5212/5212
f 6099/6099/6099 5212/5212/5212 6104/6104/6104
f 6104/6104/6104 5212/5212/5212 5209/5209/5209
f 6104/6104/6104 5209/5209/5209 6109/6109/6109
f 6109/6109/6109 5209/5209/5209 5208/5208/5208
f 6109/6109/6109 5208/5208/5208 6114/6114/6114
f 6114/6114/6114 5208/5208/5208 5205/5205/5205
f 6114/6114/6114 5205/5205/5205 6119/6119/6119
f 6119/6119/6119 5205/5205/5205 5203/5203/5203
f 6119/6119/6119 5203/5203/5203 6124/6124/6124
f 6124/6124/6124 5203/5203/5203 5201/5201/5201
f 6124/6124/6124 5201/5201/5201 6129/6129/6129
f 6129/6129/6129 5201/5201/5201 5200/5200/5200
f 6129/6129/6129 5200/5200/5200 6134/6134/6134
f 6134/6134/6134 5200/5200/5200 5198/5198/5198
f 6134/6134/6134 5198/5198/5198 6139/6139/6139
f 6139/6139/6139 5198/5198/5198 5196/5196/5196
f 6139/6139/6139 5196/5196/5196 6144/6144/6144
f 6144/6144/6144 5196/5196/5196 5193/5193/5193
f 6144/6144/6144 5193/5193/5193 6149/6149/6149
f 6149/6149/6149 5193/5193/5193 5192/5192/5192
f 6149/6149/6149 5192/5192/5192 6154/6154/6154
f 6154/6154/6154 5192/5192/5192 5190/5190/5190
f 6154/6154/6154 5190/5190/5190 6159/6159/6159
f 6159/6159/6159 5190/5190/5190 5187/5187/5187
f 6159/6159/6159 5187/5187/5187 6164/6164/6164
f 6164/6164/6164 5187/5187/5187 5186/5186/5186
f 6164/6164/6164 5186/5186/5186 6169/6169/6169
f 6169/6169/6169 5186/5186/5186 5183/5183/5183
f 6169/6169/6169 5183/5183/5183 6174/6174/6174
f 6174/6174/6174 5183/5183/5183 5181/5181/5181
f 6174/6174/6174 5181/5181/5181 6179/6179/6179
f 6179/6179/6179 5181/5181/5181 5180/5180/5180
f 6179/6179/6179 5180/5180/5180 6184/6184/6184
f 6184/6184/6184 5180/5180/5180 5177/5177/5177
f 6184/6184/6184 5177/5177/5177 6189/6189/6189
f 6189/6189/6189 5177/5177/5177 5175/5175/5175
f 6189/6189/6189 5175/5175/5175 6194/6194/6194
f 6194/6194/6194 5175/5175/5175 5173/5173/5173
f 6194/6194/6194 5173/5173/5173 6199/6199/6199
f 6199/6199/6199 5173/5173/5173 5171/5171/5171
f 6199/6199/6199 5171/5171/5171 6204/6204/6204
f 6204/6204/6204 5171/5171/5171 5169/5169/5169
f 6204/6204/6204 5169/5169/5169 6209/6209/6209
f 6209/6209/6209 5169/5169/5169 5168/5168/5168
f 6209/6209/6209 5168/5168/5168 6214/6214/6214
f 6214/6214/6214 5168/5168/5168 5165/5165/5165
f 6214/6214/6214 5165/5165/5165 6219/6219/6219
f 6219/6219/6219 5165/5165/5165 5164/5164/5164
f 6219/6219/6219 5164/5164/5164 6224/6224/6224
f 6224/6224/6224 5164/5164/5164 5159/5159/5159
f 6228/6228/6228 5572/5572/5572 6223/6223/6223
f 6223/6223/6223 5572/5572/5572 5570/5570/5570
f 6223/6223/6223 5570/5570/5570 6218/6218/6218
f 6218/6218/6218 5570/5570/5570 5567/5567/5567
f 6218/6218/6218 5567/5567/5567 6213/6213/6213
f 6213/6213/6213 5567/5567/5567 5566/5566/5566
f 6213/6213/6213 5566/5566/5566 6208/6208/6208
f 6208/6208/6208 5566/5566/5566 5564/5564/5564
f 6208/6208/6208 5564/5564/5564 6203/6203/6203
f 6203/6203/6203 5564/5564/5564 5561/5561/5561
f 6203/6203/6203 5561/5561/5561 6198/6198/6198
f 6198/6198/6198 5561/5561/5561 5560/5560/5560
f 6198/6198/6198 5560/5560/5560 6193/6193/6193
f 6193/6193/6193 5560/5560/5560 5558/5558/5558
f 6193/6193/6193 5558/5558/5558 6188/6188/6188
f 6188/6188/6188 5558/5558/5558 5556/5556/5556
f 6188/6188/6188 5556/5556/5556 6183/6183/6183
f 6183/6183/6183 5556/5556/5556 5553/5553/5553
f 6183/6183/6183 5553/5553/5553 6178/6178/6178
f 6178/6178/6178 5553/5553/5553 5551/5551/5551
f 6178/6178/6178 5551/5551/5551 6173/6173/6173
f 6173/6173/6173 5551/5551/5551 5550/5550/5550
f 6173/6173/6173 5550/5550/5550 6168/6168/6168
f 6168/6168/6168 5550/5550/5550 5547/5547/5547
f 6168/6168/6168 5547/5547/5547 6163/6163/6163
f 6163/6163/6163 5547/5547/5547 5545/5545/5545
f 6163/6163/6163 5545/5545/5545 6158/6158/6158
f 6158/6158/6158 5545/5545/5545 5544/5544/5544
f 6158/6158/6158 5544/5544/5544 6153/6153/6153
f 6153/6153/6153 5544/5544/5544 5542/5542/5542
f 6153/6153/6153 5542/5542/5542 6148/6148/6148
f 6148/6148/6148 5542/5542/5542 5539/5539/5539
f 6148/6148/6148 5539/5539/5539 6143/6143/6143
f 6143/6143/6143 5539/5539/5539 5538/5538/5538
f 6143/6143/6143 5538/5538/5538 6138/6138/6138
f 6138/6138/6138 5538/5538/5538 5536/5536/5536
f 6138/6138/6138 5536/5536/5536 6133/6133/6133
f 6133/6133/6133 5536/5536/5536 5533/5533/5533
f 6133/6133/6133 5533/5533/5533 6128/6128/6128
f 6128/6128/6128 5533/5533/5533 5532/5532/5532
f 6128/6128/6128 5532/5532/5532 6123/6123/6123
f 6123/6123/6123 5532/5532/5532 5530/5530/5530
f 6123/6123/6123 5530/5530/5530 6118/6118/6118
f 6118/6118/6118 5530/5530/5530 5527/5527/5527
f 6118/6118/6118 5527/5527/5527 6113/6113/6113
f 6113/6113/6113 5527/5527/5527 5526/5526/5526
f 6113/6113/6113 5526/5526/5526 6108/6108/6108
f 6108/6108/6108 5526/5526/5526 5524/5524/5524
f 6108/6108/6108 5524/5524/5524 6103/6103/6103
f 6103/6103/6103 5524/5524/5524 5521/5521/5521
f 6103/6103/6103 5521/5521/5521 6098/6098/6098
f 6098/6098/6098 5521/5521/5521 5519/5519/5519
f 6098/6098/6098 5519/5519/5519 6093/6093/6093
f 6093/6093/6093 5519/5519/5519 5517/5517/5517
f 6093/6093/6093 5517/5517/5517 6088/6088/6088
f 6088/6088/6088 5517/5517/5517 5515/5515/5515
f 6088/6088/6088 5515/5515/5515 6083/6083/6083
f 6083/6083/6083 5515/5515/5515 5514/5514/5514
f 6083/6083/6083 5514/5514/5514 6078/6078/6078
f 6078/6078/6078 5514/5514/5514 5511/5511/5511
f 6078/6078/6078 5511/5511/5511 6073/6073/6073
f 6073/6073/6073 5511/5511/5511 5509/5509/5509
f 6073/6073/6073 5509/5509/5509 6068/6068/6068
f 6068/6068/6068 5509/5509/5509 5507/5507/5507
f 6068/6068/6068 5507/5507/5507 6063/6063/6063
f 6063/6063/6063 5507/5507/5507 5505/5505/5505
f 6063/6063/6063 5505/5505/5505 6058/6058/6058
f 6058/6058/6058 5505/5505/5505 5503/5503/5503
f 6058/6058/6058 5503/5503/5503 6053/6053/6053
f 6053/6053/6053 5503/5503/5503 5501/5501/5501
f 6053/6053/6053 5501/5501/5501 6048/6048/6048
f 6048/6048/6048 5501/5501/5501 5499/5499/5499
f 6048/6048/6048 5499/5499/5499 6043/6043/6043
f 6043/6043/6043 5499/5499/5499 5498/5498/5498
f 6043/6043/6043 5498/5498/5498 6038/6038/6038
f 6038/6038/6038 5498/5498/5498 5496/5496/5496
f 6038/6038/6038 5496/5496/5496 6033/6033/6033
f 6033/6033/6033 5496/5496/5496 5494/5494/5494
f 6033/6033/6033 5494/5494/5494 6028/6028/6028
f 6028/6028/6028 5494/5494/5494 5492/5492/5492
f 6028/6028/6028 5492/5492/5492 6023/6023/6023
f 6023/6023/6023 5492/5492/5492 5489/5489/5489
f 6023/6023/6023 5489/5489/5489 6018/6018/6018
f 6018/6018/6018 5489/5489/5489 5488/5488/5488
f 6018/6018/6018 5488/5488/5488 6013/6013/6013
f 6013/6013/6013 5488/5488/5488 5485/5485/5485
f 6013/6013/6013 5485/5485/5485 6008/6008/6008
f 6008/6008/6008 5485/5485/5485 5483/5483/5483
f 6008/6008/6008 5483/5483/5483 6003/6003/6003
f 6003/6003/6003 5483/5483/5483 5481/5481/5481
f 6003/6003/6003 5481/5481/5481 5998/5998/5998
f 5998/5998/5998 5481/5481/5481 5480/5480/5480
f 5998/5998/5998 5480/5480/5480 5993/5993/5993
f 5993/5993/5993 5480/5480/5480 5478/5478/5478
f 5993/5993/5993 5478/5478/5478 5988/5988/5988
f 5988/5988/5988 5478/5478/5478 5476/5476/5476
f 5988/5988/5988 5476/5476/5476 5983/5983/5983
f 5983/5983/5983 5476/5476/5476 5473/5473/5473
f 5983/5983/5983 5473/5473/5473 5978/5978/5978
f 5978/5978/5978 5473/5473/5473 5471/5471/5471
f 5978/5978/5978 5471/5471/5471 5973/5973/5973
f 5973/5973/5973 5471/5471/5471 5470/5470/5470
f 5973/5973/5973 5470/5470/5470 5968/5968/5968
f 5968/5968/5968 5470/5470/5470 5467/5467/5467
f 5968/5968/5968 5467/5467/5467 5963/5963/5963
f 5963/5963/5963 5467/5467/5467 5465/5465/5465
f 5963/5963/5963 5465/5465/5465 5958/5958/5958
f 5958/5958/5958 5465/5465/5465 5463/5463/5463
f 5958/5958/5958 5463/5463/5463 5953/5953/5953
f 5953/5953/5953 5463/5463/5463 5461/5461/5461
f 5953/5953/5953 5461/5461/5461 5948/5948/5948
f 5948/5948/5948 5461/5461/5461 5459/5459/5459
f 5948/5948/5948 5459/5459/5459 5943/5943/5943
f 5943/5943/5943 5459/5459/5459 5458/5458/5458
f 5943/5943/5943 5458/5458/5458 5938/5938/5938
f 5938/5938/5938 5458/5458/5458 5456/5456/5456
f 5938/5938/5938 5456/5456/5456 5933/5933/5933
f 5933/5933/5933 5456/5456/5456 5453/5453/5453
f 5933/5933/5933 5453/5453/5453 5928/5928/5928
f 5928/5928/5928 5453/5453/5453 5451/5451/5451
f 5928/5928/5928 5451/5451/5451 5923/5923/5923
f 5923/5923/5923 5451/5451/5451 5449/5449/5449
f 5923/5923/5923 5449/5449/5449 5918/5918/5918
f 5918/5918/5918 5449/5449/5449 5447/5447/5447
f 5918/5918/5918 5447/5447/5447 5913/5913/5913
f 5913/5913/5913 5447/5447/5447 5445/5445/5445
f 5913/5913/5913 5445/5445/5445 5908/5908/5908
f 5908/5908/5908 5445/5445/5445 5443/5443/5443
f 5908/5908/5908 5443/5443/5443 5903/5903/5903
f 5903/5903/5903 5443/5443/5443 5441/5441/5441
f 5903/5903/5903 5441/5441/5441 5898/5898/5898
f 5898/5898/5898 5441/5441/5441 5439/5439/5439
f 5898/5898/5898 5439/5439/5439 5893/5893/5893
f 5893/5893/5893 5439/5439/5439 5437/5437/5437
f 5893/5893/5893 5437/5437/5437 5888/5888/5888
f 5882/5882/5882 5880/5880/5880 5890/5890/5890
f 5890/5890/5890 5880/5880/5880 5889/5889/5889
f 5890/5890/5890 5889/5889/5889 5895/5895/5895
f 5895/5895/5895 5889/5889/5889 5894/5894/5894
f 5895/5895/5895 5894/5894/5894 5900/5900/5900
f 5900/5900/5900 5894/5894/5894 5899/5899/5899
f 5900/5900/5900 5899/5899/5899 5905/5905/5905
f 5905/5905/5905 5899/5899/5899 5904/5904/5904
f 5905/5905/5905 5904/5904/5904 5910/5910/5910
f 5910/5910/5910 5904/5904/5904 5909/5909/5909
f 5910/5910/5910 5909/5909/5909 5915/5915/5915
f 5915/5915/5915 5909/5909/5909 5914/5914/5914
f 5915/5915/5915 5914/5914/5914 5920/5920/5920
f 5920/5920/5920 5914/5914/5914 5919/5919/5919
f 5920/5920/5920 5919/5919/5919 5925/5925/5925
f 5925/5925/5925 5919/5919/5919 5924/5924/5924
f 5925/5925/5925 5924/5924/5924 5930/5930/5930
f 5930/5930/5930 5924/5924/5924 5929/5929/5929
f 5930/5930/5930 5929/5929/5929 5935/5935/5935
f 5935/5935/5935 5929/5929/5929 5934/5934/5934
f 5935/5935/5935 5934/5934/5934 5940/5940/5940
f 5940/5940/5940 5934/5934/5934 5939/5939/5939
f 5940/5940/5940 5939/5939/5939 5945/5945/5945
f 5945/5945/5945 5939/5939/5939 5944/5944/5944
f 5945/5945/5945 5944/5944/5944 5950/5950/5950
f 5950/5950/5950 5944/5944/5944 5949/5949/5949
f 5950/5950/5950 5949/5949/5949 5955/5955/5955
f 5955/5955/5955 5949/5949/5949 5954/5954/5954
f 5955/5955/5955 5954/5954/5954 5960/5960/5960
f 5960/5960/5960 5954/5954/5954 5959/5959/5959
f 5960/5960/5960 5959/5959/5959 5965/5965/5965
f 5965/5965/5965 5959/5959/5959 5964/5964/5964
f 5965/5965/5965 5964/5964/5964 5970/5970/5970
f 5970/5970/5970 5964/5964/5964 5969/5969/5969
f 5970/5970/5970 5969/5969/5969 5975/5975/5975
f 5975/5975/5975 5969/5969/5969 5974/5974/5974
f 5975/5975/5975 5974/5974/5974 5980/5980/5980
f 5980/5980/5980 5974/5974/5974 5979/5979/5979
f 5980/5980/5980 5979/5979/5979 5985/5985/5985
f 5985/5985/5985 5979/5979/5979 5984/5984/5984
f 5985/5985/5985 5984/5984/5984 5990/5990/5990
f 5990/5990/5990 5984/5984/5984 5989/5989/5989
f 5990/5990/5990 5989/5989/5989 5995/5995/5995
f 5995/5995/5995 5989/5989/5989 5994/5994/5994
f 5995/5995/5995 5994/5994/5994 6000/6000/6000
f 6000/6000/6000 5994/5994/5994 5999/5999/5999
f 6000/6000/6000 5999/5999/5999 6005/6005/6005
f 6005/6005/6005 5999/5999/5999 6004/6004/6004
f 6005/6005/6005 6004/6004/6004 6010/6010/6010
f 6010/6010/6010 6004/6004/6004 6009/6009/6009
f 6010/6010/6010 6009/6009/6009 6015/6015/6015
f 6015/6015/6015 6009/6009/6009 6014/6014/6014
f 6015/6015/6015 6014/6014/6014 6020/6020/6020
f 6020/6020/6020 6014/6014/6014 6019/6019/6019
f 6020/6020/6020 6019/6019/6019 6025/6025/6025
f 6025/6025/6025 6019/6019/6019 6024/6024/6024
f 6025/6025/6025 6024/6024/6024 6030/6030/6030
f 6030/6030/6030 6024/6024/6024 6029/6029/6029
f 6030/6030/6030 6029/6029/6029 6035/6035/6035
f 6035/6035/6035 6029/6029/6029 6034/6034/6034
f 6035/6035/6035 6034/6034/6034 6040/6040/6040
f 6040/6040/6040 6034/6034/6034 6039/6039/6039
f 6040/6040/6040 6039/6039/6039 6045/6045/6045
f 6045/6045/6045 6039/6039/6039 6044/6044/6044
f 6045/6045/6045 6044/6044/6044 6050/6050/6050
f 6050/6050/6050 6044/6044/6044 6049/6049/6049
f 6050/6050/6050 6049/6049/6049 6055/6055/6055
f 6055/6055/6055 6049/6049/6049 6054/6054/6054
f 6055/6055/6055 6054/6054/6054 6060/6060/6060
f 6060/6060/6060 6054/6054/6054 6059/6059/6059
f 6060/6060/6060 6059/6059/6059 6065/6065/6065
f 6065/6065/6065 6059/6059/6059 6064/6064/6064
f 6065/6065/6065 6064/6064/6064 6070/6070/6070
f 6070/6070/6070 6064/6064/6064 6069/6069/6069
f 6070/6070/6070 6069/6069/6069 6075/6075/6075
f 6075/6075/6075 6069/6069/6069 6074/6074/6074
f 6075/6075/6075 6074/6074/6074 6080/6080/6080
f 6080/6080/6080 6074/6074/6074 6079/6079/6079
f 6080/6080/6080 6079/6079/6079 6085/6085/6085
f 6085/6085/6085 6079/6079/6079 6084/6084/6084
f 6085/6085/6085 6084/6084/6084 6090/6090/6090
f 6090/6090/6090 6084/6084/6084 6089/6089/6089
f 6090/6090/6090 6089/6089/6089 6095/6095/6095
f 6095/6095/6095 6089/6089/6089 6094/6094/6094
f 6095/6095/6095 6094/6094/6094 6100/6100/6100
f 6100/6100/6100 6094/6094/6094 6099/6099/6099
f 6100/6100/6100 6099/6099/6099 6105/6105/6105
f 6105/6105/6105 6099/6099/6099 6104/6104/6104
f 6105/6105/6105 6104/6104/6104 6110/6110/6110
f 6110/6110/6110 6104/6104/6104 6109/6109/6109
f 6110/6110/6110 6109/6109/6109 6115/6115/6115
f 6115/6115/6115 6109/6109/6109 6114/6114/6114
f 6115/6115/6115 6114/6114/6114 6120/6120/6120
f 6120/6120/6120 6114/6114/6114 6119/6119/6119
f 6120/6120/6120 6119/6119/6119 6125/6125/6125
f 6125/6125/6125 6119/6119/6119 6124/6124/6124
f 6125/6125/6125 6124/6124/6124 6130/6130/6130
f 6130/6130/6130 6124/6124/6124 6129/6129/6129
f 6130/6130/6130 6129/6129/6129 6135/6135/6135
f 6135/6135/6135 6129/6129/6129 6134/6134/6134
f 6135/6135/6135 6134/6134/6134 6140/6140/6140
f 6140/6140/6140 6134/6134/6134 6139/6139/6139
f 6140/6140/6140 6139/6139/6139 6145/6145/6145
f 6145/6145/6145 6139/6139/6139 6144/6144/6144
f 6145/6145/6145 6144/6144/6144 6150/6150/6150
f 6150/6150/6150 6144/6144/6144 6149/6149/6149
f 6150/6150/6150 6149/6149/6149 6155/6155/6155
f 6155/6155/6155 6149/6149/6149 6154/6154/6154
f 6155/6155/6155 6154/6154/6154 6160/6160/6160
f 6160/6160/6160 6154/6154/6154 6159/6159/6159
f 6160/6160/6160 6159/6159/6159 6165/6165/6165
f 6165/6165/6165 6159/6159/6159 6164/6164/6164
f 6165/6165/6165 6164/6164/6164 6170/6170/6170
f 6170/6170/6170 6164/6164/6164 6169/6169/6169
f 6170/6170/6170 6169/6169/6169 6175/6175/6175
f 6175/6175/6175 6169/6169/6169 6174/6174/6174
f 6175/6175/6175 6174/6174/6174 6180/6180/6180
f 6180/6180/6180 6174/6174/6174 6179/6179/6179
f 6180/6180/6180 6179/6179/6179 6185/6185/6185
f 6185/6185/6185 6179/6179/6179 6184/6184/6184
f 6185/6185/6185 6184/6184/6184 6190/6190/6190
f 6190/6190/6190 6184/6184/6184 6189/6189/6189
f 6190/6190/6190 6189/6189/6189 6195/6195/6195
f 6195/6195/6195 6189/6189/6189 6194/6194/6194
f 6195/6195/6195 6194/6194/6194 6200/6200/6200
f 6200/6200/6200 6194/6194/6194 6199/6199/6199
f 6200/6200/6200 6199/6199/6199 6205/6205/6205
f 6205/6205/6205 6199/6199/6199 6204/6204/6204
f 6205/6205/6205 6204/6204/6204 6210/6210/6210
f 6210/6210/6210 6204/6204/6204 6209/6209/6209
f 6210/6210/6210 6209/6209/6209 6215/6215/6215
f 6215/6215/6215 6209/6209/6209 6214/6214/6214
f 6215/6215/6215 6214/6214/6214 6220/6220/6220
f 6220/6220/6220 6214/6214/6214 6219/6219/6219
f 6220/6220/6220 6219/6219/6219 6225/6225/6225
f 6225/6225/6225 6219/6219/6219 6224/6224/6224
f 5884/5884/5884 5882/5882/5882 5891/5891/5891
f 5891/5891/5891 5882/5882/5882 5890/5890/5890
f 5891/5891/5891 5890/5890/5890 5896/5896/5896
f 5896/5896/5896 5890/5890/5890 5895/5895/5895
f 5896/5896/5896 5895/5895/5895 5901/5901/5901
f 5901/5901/5901 5895/5895/5895 5900/5900/5900
f 5901/5901/5901 5900/5900/5900 5906/5906/5906
f 5906/5906/5906 5900/5900/5900 5905/5905/5905
f 5906/5906/5906 5905/5905/5905 5911/5911/5911
f 5911/5911/5911 5905/5905/5905 5910/5910/5910
f 5911/5911/5911 5910/5910/5910 5916/5916/5916
f 5916/5916/5916 5910/5910/5910 5915/5915/5915
f 5916/5916/5916 5915/5915/5915 5921/5921/5921
f 5921/5921/5921 5915/5915/5915 5920/5920/5920
f 5921/5921/5921 5920/5920/5920 5926/5926/5926
f 5926/5926/5926 5920/5920/5920 5925/5925/5925
f 5926/5926/5926 5925/5925/5925 5931/5931/5931
f 5931/5931/5931 5925/5925/5925 5930/5930/5930
f 5931/5931/5931 5930/5930/5930 5936/5936/5936
f 5936/5936/5936 5930/5930/5930 5935/5935/5935
f 5936/5936/5936 5935/5935/5935 5941/5941/5941
f 5941/5941/5941 5935/5935/5935 5940/5940/5940
f 5941/5941/5941 5940/5940/5940 5946/5946/5946
f 5946/5946/5946 5940/5940/5940 5945/5945/5945
f 5946/5946/5946 5945/5945/5945 5951/5951/5951
f 5951/5951/5951 5945/5945/5945 5950/5950/5950
f 5951/5951/5951 5950/5950/5950 5956/5956/5956
f 5956/5956/5956 5950/5950/5950 5955/5955/5955
f 5956/5956/5956 5955/5955/5955 5961/5961/5961
f 5961/5961/5961 5955/5955/5955 5960/5960/5960
f 5961/5961/5961 5960/5960/5960 5966/5966/5966
f 5966/5966/5966 5960/5960/5960 5965/5965/5965
f 5966/5966/5966 5965/5965/5965 5971/5971/5971
f 5971/5971/5971 5965/5965/5965 5970/5970/5970
f 5971/5971/5971 5970/5970/5970 5976/5976/5976
f 5976/5976/5976 5970/5970/5970 5975/5975/5975
f 5976/5976/5976 5975/5975/5975 5981/5981/5981
f 5981/5981/5981 5975/5975/5975 5980/5980/5980
f 5981/5981/5981 5980/5980/5980 5986/5986/5986
f 5986/5986/5986 5980/5980/5980 5985/5985/5985
f 5986/5986/5986 5985/5985/5985 5991/5991/5991
f 5991/5991/5991 5985/5985/5985 5990/5990/5990
f 5991/5991/5991 5990/5990/5990 5996/5996/5996
f 5996/5996/5996 5990/5990/5990 5995/5995/5995
f 5996/5996/5996 5995/5995/5995 6001/6001/6001
f 6001/6001/6001 5995/5995/5995 6000/6000/6000
f 6001/6001/6001 6000/6000/6000 6006/6006/6006
f 6006/6006/6006 6000/6000/6000 6005/6005/6005
f 6006/6006/6006 6005/6005/6005 6011/6011/6011
f 6011/6011/6011 6005/6005/6005 6010/6010/6010
f 6011/6011/6011 6010/6010/6010 6016/6016/6016
f 6016/6016/6016 6010/6010/6010 6015/6015/6015
f 6016/6016/6016 6015/6015/6015 6021/6021/6021
f 6021/6021/6021 6015/6015/6015 6020/6020/6020
f 6021/6021/6021 6020/6020/6020 6026/6026/6026
f 6026/6026/6026 6020/6020/6020 6025/6025/6025
f 6026/6026/6026 6025/6025/6025 6031/6031/6031
f 6031/6031/6031 6025/6025/6025 6030/6030/6030
f 6031/6031/6031 6030/6030/6030 6036/6036/6036
f 6036/6036/6036 6030/6030/6030 6035/6035/6035
f 6036/6036/6036 6035/6035/6035 6041/6041/6041
f 6041/6041/6041 6035/6035/6035 6040/6040/6040
f 6041/6041/6041 6040/6040/6040 6046/6046/6046
f 6046/6046/6046 6040/6040/6040 6045/6045/6045
f 6046/6046/6046 6045/6045/6045 6051/6051/6051
f 6051/6051/6051 6045/6045/6045 6050/6050/6050
f 6051/6051/6051 6050/6050/6050 6056/6056/6056
f 6056/6056/6056 6050/6050/6050 6055/6055/6055
f 6056/6056/6056 6055/6055/6055 6061/6061/6061
f 6061/6061/6061 6055/6055/6055 6060/6060/6060
f 6061/6061/6061 6060/6060/6060 6066/6066/6066
f 6066/6066/6066 6060/6060/6060 6065/6065/6065
f 6066/6066/6066 6065/6065/6065 6071/6071/6071
f 6071/6071/6071 6065/6065/6065 6070/6070/6070
f 6071/6071/6071 6070/6070/6070 6076/6076/6076
f 6076/6076/6076 6070/6070/6070 6075/6075/6075
f 6076/6076/6076 6075/6075/6075 6081/6081/6081
f 6081/6081/6081 6075/6075/6075 6080/6080/6080
f 6081/6081/6081 6080/6080/6080 6086/6086/6086
f 6086/6086/6086 6080/6080/6080 6085/6085/6085
f 6086/6086/6086 6085/6085/6085 6091/6091/6091
f 6091/6091/6091 6085/6085/6085 6090/6090/6090
f 6091/6091/6091 6090/6090/6090 6096/6096/6096
f 6096/6096/6096 6090/6090/6090 6095/6095/6095
f 6096/6096/6096 6095/6095/6095 6101/6101/6101
f 6101/6101/6101 6095/6095/6095 6100/6100/6100
f 6101/6101/6101 6100/6100/6100 6106/6106/6106
f 6106/6106/6106 6100/6100/6100 6105/6105/6105
f 6106/6106/6106 6105/6105/6105 6111/6111/6111
f 6111/6111/6111 6105/6105/6105 6110/6110/6110
f 6111/6111/6111 6110/6110/6110 6116/6116/6116
f 6116/6116/6116 6110/6110/6110 6115/6115/6115
f 6116/6116/6116 6115/6115/6115 6121/6121/6121
f 6121/6121/6121 6115/6115/6115 6120/6120/6120
f 6121/6121/6121 6120/6120/6120 6126/6126/6126
f 6126/6126/6126 6120/6120/6120 6125/6125/6125
f 6126/6126/6126 6125/6125/6125 6131/6131/6131
f 6131/6131/6131 6125/6125/6125 6130/6130/6130
f 6131/6131/6131 6130/6130/6130 6136/6136/6136
f 6136/6136/6136 6130/6130/6130 6135/6135/6135
f 6136/6136/6136 6135/6135/6135 6141/6141/6141
f 6141/6141/6141 6135/6135/6135 6140/6140/6140
f 6141/6141/6141 6140/6140/6140 6146/6146/6146
f 6146/6146/6146 6140/6140/6140 6145/6145/6145
f 6146/6146/6146 6145/6145/6145 6151/6151/6151
f 6151/6151/6151 6145/6145/6145 6150/6150/6150
f 6151/6151/6151 6150/6150/6150 6156/6156/6156
f 6156/6156/6156 6150/6150/6150 6155/6155/6155
f 6156/6156/6156 6155/6155/6155 6161/6161/6161
f 6161/6161/6161 6155/6155/6155 6160/6160/6160
f 6161/6161/6161 6160/6160/6160 6166/6166/6166
f 6166/6166/6166 6160/6160/6160 6165/6165/6165
f 6166/6166/6166 6165/6165/6165 6171/6171/6171
f 6171/6171/6171 6165/6165/6165 6170/6170/6170
f 6171/6171/6171 6170/6170/6170 6176/6176/6176
f 6176/6176/6176 6170/6170/6170 6175/6175/6175
f 6176/6176/6176 6175/6175/6175 6181/6181/6181
f 6181/6181/6181 6175/6175/6175 6180/6180/6180
f 6181/6181/6181 6180/6180/6180 6186/6186/6186
f 6186/6186/6186 6180/6180/6180 6185/6185/6185
f 6186/6186/6186 6185/6185/6185 6191/6191/6191
f 6191/6191/6191 6185/6185/6185 6190/6190/6190
f 6191/6191/6191 6190/6190/6190 6196/6196/6196
f 6196/6196/6196 6190/6190/6190 6195/6195/6195
f 6196/6196/6196 6195/6195/6195 6201/6201/6201
f 6201/6201/6201 6195/6195/6195 6200/6200/6200
f 6201/6201/6201 6200/6200/6200 6206/6206/6206
f 6206/6206/6206 6200/6200/6200 6205/6205/6205
f 6206/6206/6206 6205/6205/6205 6211/6211/6211
f 6211/6211/6211 6205/6205/6205 6210/6210/6210
f 6211/6211/6211 6210/6210/6210 6216/6216/6216
f 6216/6216/6216 6210/6210/6210 6215/6215/6215
f 6216/6216/6216 6215/6215/6215 6221/6221/6221
f 6221/6221/6221 6215/6215/6215 6220/6220/6220
f 6221/6221/6221 6220/6220/6220 6226/6226/6226
f 6226/6226/6226 6220/6220/6220 6225/6225/6225
f 5893/5893/5893 5888/5888/5888 5886/5886/5886
f 5886/5886/5886 5884/5884/5884 5892/5892/5892
f 5892/5892/5892 5884/5884/5884 5891/5891/5891
f 5892/5892/5892 5891/5891/5891 5897/5897/5897
f 5897/5897/5897 5891/5891/5891 5896/5896/5896
f 5897/5897/5897 5896/5896/5896 5902/5902/5902
f 5902/5902/5902 5896/5896/5896 5901/5901/5901
f 5902/5902/5902 5901/5901/5901 5907/5907/5907
f 5907/5907/5907 5901/5901/5901 5906/5906/5906
f 5907/5907/5907 5906/5906/5906 5912/5912/5912
f 5912/5912/5912 5906/5906/5906 5911/5911/5911
f 5912/5912/5912 5911/5911/5911 5917/5917/5917
f 5917/5917/5917 5911/5911/5911 5916/5916/5916
f 5917/5917/5917 5916/5916/5916 5922/5922/5922
f 5922/5922/5922 5916/5916/5916 5921/5921/5921
f 5922/5922/5922 5921/5921/5921 5927/5927/5927
f 5927/5927/5927 5921/5921/5921 5926/5926/5926
f 5927/5927/5927 5926/5926/5926 5932/5932/5932
f 5932/5932/5932 5926/5926/5926 5931/5931/5931
f 5932/5932/5932 5931/5931/5931 5937/5937/5937
f 5937/5937/5937 5931/5931/5931 5936/5936/5936
f 5937/5937/5937 5936/5936/5936 5942/5942/5942
f 5942/5942/5942 5936/5936/5936 5941/5941/5941
f 5942/5942/5942 5941/5941/5941 5947/5947/5947
f 5947/5947/5947 5941/5941/5941 5946/5946/5946
f 5947/5947/5947 5946/5946/5946 5952/5952/5952
f 5952/5952/5952 5946/5946/5946 5951/5951/5951
f 5952/5952/5952 5951/5951/5951 5957/5957/5957
f 5957/5957/5957 5951/5951/5951 5956/5956/5956
f 5957/5957/5957 5956/5956/5956 5962/5962/5962
f 5962/5962/5962 5956/5956/5956 5961/5961/5961
f 5962/5962/5962 5961/5961/5961 5967/5967/5967
f 5967/5967/5967 5961/5961/5961 5966/5966/5966
f 5967/5967/5967 5966/5966/5966 5972/5972/5972
f 5972/5972/5972 5966/5966/5966 5971/5971/5971
f 5972/5972/5972 5971/5971/5971 5977/5977/5977
f 5977/5977/5977 5971/5971/5971 5976/5976/5976
f 5977/5977/5977 5976/5976/5976 5982/5982/5982
f 5982/5982/5982 5976/5976/5976 5981/5981/5981
f 5982/5982/5982 5981/5981/5981 5987/5987/5987
f 5987/5987/5987 5981/5981/5981 5986/5986/5986
f 5987/5987/5987 5986/5986/5986 5992/5992/5992
f 5992/5992/5992 5986/5986/5986 5991/5991/5991
f 5992/5992/5992 5991/5991/5991 5997/5997/5997
f 5997/5997/5997 5991/5991/5991 5996/5996/5996
f 5997/5997/5997 5996/5996/5996 6002/6002/6002
f 6002/6002/6002 5996/5996/5996 6001/6001/6001
f 6002/6002/6002 6001/6001/6001 6007/6007/6007
f 6007/6007/6007 6001/6001/6001 6006/6006/6006
f 6007/6007/6007 6006/6006/6006 6012/6012/6012
f 6012/6012/6012 6006/6006/6006 6011/6011/6011
f 6012/6012/6012 6011/6011/6011 6017/6017/6017
f 6017/6017/6017 6011/6011/6011 6016/6016/6016
f 6017/6017/6017 6016/6016/6016 6022/6022/6022
f 6022/6022/6022 6016/6016/6016 6021/6021/6021
f 6022/6022/6022 6021/6021/6021 6027/6027/6027
f 6027/6027/6027 6021/6021/6021 6026/6026/6026
f 6027/6027/6027 6026/6026/6026 6032/6032/6032
f 6032/6032/6032 6026/6026/6026 6031/6031/6031
f 6032/6032/6032 6031/6031/6031 6037/6037/6037
f 6037/6037/6037 6031/6031/6031 6036/6036/6036
f 6037/6037/6037 6036/6036/6036 6042/6042/6042
f 6042/6042/6042 6036/6036/6036 6041/6041/6041
f 6042/6042/6042 6041/6041/6041 6047/6047/6047
f 6047/6047/6047 6041/6041/6041 6046/6046/6046
f 6047/6047/6047 6046/6046/6046 6052/6052/6052
f 6052/6052/6052 6046/6046/6046 6051/6051/6051
f 6052/6052/6052 6051/6051/6051 6057/6057/6057
f 6057/6057/6057 6051/6051/6051 6056/6056/6056
f 6057/6057/6057 6056/6056/6056 6062/6062/6062
f 6062/6062/6062 6056/6056/6056 6061/6061/6061
f 6062/6062/6062 6061/6061/6061 6067/6067/6067
f 6067/6067/6067 6061/6061/6061 6066/6066/6066
f 6067/6067/6067 6066/6066/6066 6072/6072/6072
f 6072/6072/6072 6066/6066/6066 6071/6071/6071
f 6072/6072/6072 6071/6071/6071 6077/6077/6077
f 6077/6077/6077 6071/6071/6071 6076/6076/6076
f 6077/6077/6077 6076/6076/6076 6082/6082/6082
f 6082/6082/6082 6076/6076/6076 6081/6081/6081
f 6082/6082/6082 6081/6081/6081 6087/6087/6087
f 6087/6087/6087 6081/6081/6081 6086/6086/6086
f 6087/6087/6087 6086/6086/6086 6092/6092/6092
f 6092/6092/6092 6086/6086/6086 6091/6091/6091
f 6092/6092/6092 6091/6091/6091 6097/6097/6097
f 6097/6097/6097 6091/6091/6091 6096/6096/6096
f 6097/6097/6097 6096/6096/6096 6102/6102/6102
f 6102/6102/6102 6096/6096/6096 6101/6101/6101
f 6102/6102/6102 6101/6101/6101 6107/6107/6107
f 6107/6107/6107 6101/6101/6101 6106/6106/6106
f 6107/6107/6107 6106/6106/6106 6112/6112/6112
f 6112/6112/6112 6106/6106/6106 6111/6111/6111
f 6112/6112/6112 6111/6111/6111 6117/6117/6117
f 6117/6117/6117 6111/6111/6111 6116/6116/6116
f 6117/6117/6117 6116/6116/6116 6122/6122/6122
f 6122/6122/6122 6116/6116/6116 6121/6121/6121
f 6122/6122/6122 6121/6121/6121 6127/6127/6127
f 6127/6127/6127 6121/6121/6121 6126/6126/6126
f 6127/6127/6127 6126/6126/6126 6132/6132/6132
f 6132/6132/6132 6126/6126/6126 6131/6131/6131
f 6132/6132/6132 6131/6131/6131 6137/6137/6137
f 6137/6137/6137 6131/6131/6131 6136/6136/6136
f 6137/6137/6137 6136/6136/6136 6142/6142/6142
f 6142/6142/6142 6136/6136/6136 6141/6141/6141
f 6142/6142/6142 6141/6141/6141 6147/6147/6147
f 6147/6147/6147 6141/6141/6141 6146/6146/6146
f 6147/6147/6147 6146/6146/6146 6152/6152/6152
f 6152/6152/6152 6146/6146/6146 6151/6151/6151
f 6152/6152/6152 6151/6151/6151 6157/6157/6157
f 6157/6157/6157 6151/6151/6151 6156/6156/6156
f 6157/6157/6157 6156/6156/6156 6162/6162/6162
f 6162/6162/6162 6156/6156/6156 6161/6161/6161
f 6162/6162/6162 6161/6161/6161 6167/6167/6167
f 6167/6167/6167 6161/6161/6161 6166/6166/6166
f 6167/6167/6167 6166/6166/6166 6172/6172/6172
f 6172/6172/6172 6166/6166/6166 6171/6171/6171
f 6172/6172/6172 6171/6171/6171 6177/6177/6177
f 6177/6177/6177 6171/6171/6171 6176/6176/6176
f 6177/6177/6177 6176/6176/6176 6182/6182/6182
f 6182/6182/6182 6176/6176/6176 6181/6181/6181
f 6182/6182/6182 6181/6181/6181 6187/6187/6187
f 6187/6187/6187 6181/6181/6181 6186/6186/6186
f 6187/6187/6187 6186/6186/6186 6192/6192/6192
f 6192/6192/6192 6186/6186/6186 6191/6191/6191
f 6192/6192/6192 6191/6191/6191 6197/6197/6197
f 6197/6197/6197 6191/6191/6191 6196/6196/6196
f 6197/6197/6197 6196/6196/6196 6202/6202/6202
f 6202/6202/6202 6196/6196/6196 6201/6201/6201
f 6202/6202/6202 6201/6201/6201 6207/6207/6207
f 6207/6207/6207 6201/6201/6201 6206/6206/6206
f 6207/6207/6207 6206/6206/6206 6212/6212/6212
f 6212/6212/6212 6206/6206/6206 6211/6211/6211
f 6212/6212/6212 6211/6211/6211 6217/6217/6217
f 6217/6217/6217 6211/6211/6211 6216/6216/6216
f 6217/6217/6217 6216/6216/6216 6222/6222/6222
f 6222/6222/6222 6216/6216/6216 6221/6221/6221
f 6222/6222/6222 6221/6221/6221 6227/6227/6227
f 6227/6227/6227 6221/6221/6221 6226/6226/6226
f 5898/5898/5898 5893/5893/5893 5892/5892/5892
f 5892/5892/5892 5893/5893/5893 5886/5886/5886
f 5898/5898/5898 5892/5892/5892 5897/5897/5897
f 5903/5903/5903 5898/5898/5898 5897/5897/5897
f 5903/5903/5903 5897/5897/5897 5902/5902/5902
f 5908/5908/5908 5903/5903/5903 5902/5902/5902
f 5908/5908/5908 5902/5902/5902 5907/5907/5907
f 5913/5913/5913 5908/5908/5908 5907/5907/5907
f 5913/5913/5913 5907/5907/5907 5912/5912/5912
f 5918/5918/5918 5913/5913/5913 5912/5912/5912
f 5918/5918/5918 5912/5912/5912 5917/5917/5917
f 5923/5923/5923 5918/5918/5918 5917/5917/5917
f 5923/5923/5923 5917/5917/5917 5922/5922/5922
f 5928/5928/5928 5923/5923/5923 5922/5922/5922
f 5928/5928/5928 5922/5922/5922 5927/5927/5927
f 5933/5933/5933 5928/5928/5928 5927/5927/5927
f 5933/5933/5933 5927/5927/5927 5932/5932/5932
f 5938/5938/5938 5933/5933/5933 5932/5932/5932
f 5938/5938/5938 5932/5932/5932 5937/5937/5937
f 5943/5943/5943 5938/5938/5938 5937/5937/5937
f 5943/5943/5943 5937/5937/5937 5942/5942/5942
f 5948/5948/5948 5943/5943/5943 5942/5942/5942
f 5948/5948/5948 5942/5942/5942 5947/5947/5947
f 5953/5953/5953 5948/5948/5948 5947/5947/5947
f 5953/5953/5953 5947/5947/5947 5952/5952/5952
f 5958/5958/5958 5953/5953/5953 5952/5952/5952
f 5958/5958/5958 5952/5952/5952 5957/5957/5957
f 5963/5963/5963 5958/5958/5958 5957/5957/5957
f 5963/5963/5963 5957/5957/5957 5962/5962/5962
f 5968/5968/5968 5963/5963/5963 5962/5962/5962
f 5968/5968/5968 5962/5962/5962 5967/5967/5967
f 5973/5973/5973 5968/5968/5968 5967/5967/5967
f 5973/5973/5973 5967/5967/5967 5972/5972/5972
f 5978/5978/5978 5973/5973/5973 5972/5972/5972
f 5978/5978/5978 5972/5972/5972 5977/5977/5977
f 5983/5983/5983 5978/5978/5978 5977/5977/5977
f 5983/5983/5983 5977/5977/5977 5982/5982/5982
f 5988/5988/5988 5983/5983/5983 5982/5982/5982
f 5988/5988/5988 5982/5982/5982 5987/5987/5987
f 5993/5993/5993 5988/5988/5988 5987/5987/5987
f 5993/5993/5993 5987/5987/5987 5992/5992/5992
f 5998/5998/5998 5993/5993/5993 5992/5992/5992
f 5998/5998/5998 5992/5992/5992 5997/5997/5997
f 6003/6003/6003 5998/5998/5998 5997/5997/5997
f 6003/6003/6003 5997/5997/5997 6002/6002/6002
f 6008/6008/6008 6003/6003/6003 6002/6002/6002
f 6008/6008/6008 6002/6002/6002 6007/6007/6007
f 6013/6013/6013 6008/6008/6008 6007/6007/6007
f 6013/6013/6013 6007/6007/6007 6012/6012/6012
f 6018/6018/6018 6013/6013/6013 6012/6012/6012
f 6018/6018/6018 6012/6012/6012 6017/6017/6017
f 6023/6023/6023 6018/6018/6018 6017/6017/6017
f 6023/6023/6023 6017/6017/6017 6022/6022/6022
f 6028/6028/6028 6023/6023/6023 6022/6022/6022
f 6028/6028/6028 6022/6022/6022 6027/6027/6027
f 6033/6033/6033 6028/6028/6028 6027/6027/6027
f 6033/6033/6033 6027/6027/6027 6032/6032/6032
f 6038/6038/6038 6033/6033/6033 6032/6032/6032
f 6038/6038/6038 6032/6032/6032 6037/6037/6037
f 6043/6043/6043 6038/6038/6038 6037/6037/6037
f 6043/6043/6043 6037/6037/6037 6042/6042/6042
f 6048/6048/6048 6043/6043/6043 6042/6042/6042
f 6048/6048/6048 6042/6042/6042 6047/6047/6047
f 6053/6053/6053 6048/6048/6048 6047/6047/6047
f 6053/6053/6053 6047/6047/6047 6052/6052/6052
f 6058/6058/6058 6053/6053/6053 6052/6052/6052
f 6058/6058/6058 6052/6052/6052 6057/6057/6057
f 6063/6063/6063 6058/6058/6058 6057/6057/6057
f 6063/6063/6063 6057/6057/6057 6062/6062/6062
f 6068/6068/6068 6063/6063/6063 6062/6062/6062
f 6068/6068/6068 6062/6062/6062 6067/6067/6067
f 6073/6073/6073 6068/6068/6068 6067/6067/6067
f 6073/6073/6073 6067/6067/6067 6072/6072/6072
f 6078/6078/6078 6073/6073/6073 6072/6072/6072
f 6078/6078/6078 6072/6072/6072 6077/6077/6077
f 6083/6083/6083 6078/6078/6078 6077/6077/6077
f 6083/6083/6083 6077/6077/6077 6082/6082/6082
f 6088/6088/6088 6083/6083/6083 6082/6082/6082
f 6088/6088/6088 6082/6082/6082 6087/6087/6087
f 6093/6093/6093 6088/6088/6088 6087/6087/6087
f 6093/6093/6093 6087/6087/6087 6092/6092/6092
f 6098/6098/6098 6093/6093/6093 6092/6092/6092
f 6098/6098/6098 6092/6092/6092 6097/6097/6097
f 6103/6103/6103 6098/6098/6098 6097/6097/6097
f 6103/6103/6103 6097/6097/6097 6102/6102/6102
f 6108/6108/6108 6103/6103/6103 6102/6102/6102
f 6108/6108/6108 6102/6102/6102 6107/6107/6107
f 6113/6113/6113 6108/6108/6108 6107/6107/6107
f 6113/6113/6113 6107/6107/6107 6112/6112/6112
f 6118/6118/6118 6113/6113/6113 6112/6112/6112
f 6118/6118/6118 6112/6112/6112 6117/6117/6117
f 6123/6123/6123 6118/6118/6118 6117/6117/6117
f 6123/6123/6123 6117/6117/6117 6122/6122/6122
f 6128/6128/6128 6123/6123/6123 6122/6122/6122
f 6128/6128/6128 6122/6122/6122 6127/6127/6127
f 6133/6133/6133 6128/6128/6128 6127/6127/6127
f 6133/6133/6133 6127/6127/6127 6132/6132/6132
f 6138/6138/6138 6133/6133/6133 6132/6132/6132
f 6138/6138/6138 6132/6132/6132 6137/6137/6137
f 6143/6143/6143 6138/6138/6138 6137/6137/6137
f 6143/6143/6143 6137/6137/6137 6142/6142/6142
f 6148/6148/6148 6143/6143/6143 6142/6142/6142
f 6148/6148/6148 6142/6142/6142 6147/6147/6147
f 6153/6153/6153 6148/6148/6148 6147/6147/6147
f 6153/6153/6153 6147/6147/6147 6152/6152/6152
f 6158/6158/6158 6153/6153/6153 6152/6152/6152
f 6158/6158/6158 6152/6152/6152 6157/6157/6157
f 6163/6163/6163 6158/6158/6158 6157/6157/6157
f 6163/6163/6163 6157/6157/6157 6162/6162/6162
f 6168/6168/6168 6163/6163/6163 6162/6162/6162
f 6168/6168/6168 6162/6162/6162 6167/6167/6167
f 6173/6173/6173 6168/6168/6168 6167/6167/6167
f 6173/6173/6173 6167/6167/6167 6172/6172/6172
f 6178/6178/6178 6173/6173/6173 6172/6172/6172
f 6178/6178/6178 6172/6172/6172 6177/6177/6177
f 6183/6183/6183 6178/6178/6178 6177/6177/6177
f 6183/6183/6183 6177/6177/6177 6182/6182/6182
f 6188/6188/6188 6183/6183/6183 6182/6182/6182
f 6188/6188/6188 6182/6182/6182 6187/6187/6187
f 6193/6193/6193 6188/6188/6188 6187/6187/6187
f 6193/6193/6193 6187/6187/6187 6192/6192/6192
f 6198/6198/6198 6193/6193/6193 6192/6192/6192
f 6198/6198/6198 6192/6192/6192 6197/6197/6197
f 6203/6203/6203 6198/6198/6198 6197/6197/6197
f 6203/6203/6203 6197/6197/6197 6202/6202/6202
f 6208/6208/6208 6203/6203/6203 6202/6202/6202
f 6208/6208/6208 6202/6202/6202 6207/6207/6207
f 6213/6213/6213 6208/6208/6208 6207/6207/6207
f 6213/6213/6213 6207/6207/6207 6212/6212/6212
f 6218/6218/6218 6213/6213/6213 6212/6212/6212
f 6218/6218/6218 6212/6212/6212 6217/6217/6217
f 6223/6223/6223 6218/6218/6218 6217/6217/6217
f 6223/6223/6223 6217/6217/6217 6222/6222/6222
f 6228/6228/6228 6223/6223/6223 6222/6222/6222
f 6228/6228/6228 6222/6222/6222 6227/6227/6227

