mtllib material.mtl
usemtl Opaque(63,63,63)
v 0.00000000 0.02278300 0.03175700
v 0.00000000 0.02278300 0.03175700
v 0.00000000 0.02278300 0.03175700
v -0.00496800 0.02278300 0.03136600
v -0.00496800 0.02278300 0.03136600
v -0.00981400 0.02278300 0.03020300
v -0.00981400 0.02278300 0.03020300
v -0.01441800 0.02278300 0.02829600
v -0.01441800 0.02278300 0.02829600
v -0.01866700 0.02278300 0.02569200
v -0.01866700 0.02278300 0.02569200
v -0.02245600 0.02278300 0.02245600
v -0.02245600 0.02278300 0.02245600
v -0.02569200 0.02278300 0.01866700
v -0.02569200 0.02278300 0.01866700
v -0.02829600 0.02278300 0.01441800
v -0.02829600 0.02278300 0.01441800
v -0.03020300 0.02278300 0.00981400
v -0.03020300 0.02278300 0.00981400
v -0.03136600 0.02278300 0.00496800
v -0.03136600 0.02278300 0.00496800
v -0.03175700 0.02278300 0.00000000
v -0.03175700 0.02278300 0.00000000
v -0.03136600 0.02278300 -0.00496800
v -0.03136600 0.02278300 -0.00496800
v -0.03020300 0.02278300 -0.00981400
v -0.03020300 0.02278300 -0.00981400
v -0.02829600 0.02278300 -0.01441800
v -0.02829600 0.02278300 -0.01441800
v -0.02569200 0.02278300 -0.01866700
v -0.02569200 0.02278300 -0.01866700
v -0.02245600 0.02278300 -0.02245600
v -0.02245600 0.02278300 -0.02245600
v -0.01866700 0.02278300 -0.02569200
v -0.01866700 0.02278300 -0.02569200
v -0.01441800 0.02278300 -0.02829600
v -0.01441800 0.02278300 -0.02829600
v -0.00981400 0.02278300 -0.03020300
v -0.00981400 0.02278300 -0.03020300
v -0.00496800 0.02278300 -0.03136600
v -0.00496800 0.02278300 -0.03136600
v -0.00000000 0.02278300 -0.03175700
v -0.00000000 0.02278300 -0.03175700
v 0.00496800 0.02278300 -0.03136600
v 0.00496800 0.02278300 -0.03136600
v 0.00981400 0.02278300 -0.03020300
v 0.00981400 0.02278300 -0.03020300
v 0.01441800 0.02278300 -0.02829600
v 0.01441800 0.02278300 -0.02829600
v 0.01866700 0.02278300 -0.02569200
v 0.01866700 0.02278300 -0.02569200
v 0.02245600 0.02278300 -0.02245600
v 0.02245600 0.02278300 -0.02245600
v 0.02569200 0.02278300 -0.01866700
v 0.02569200 0.02278300 -0.01866700
v 0.02829600 0.02278300 -0.01441800
v 0.02829600 0.02278300 -0.01441800
v 0.03020300 0.02278300 -0.00981400
v 0.03020300 0.02278300 -0.00981400
v 0.03136600 0.02278300 -0.00496800
v 0.03136600 0.02278300 -0.00496800
v 0.03175700 0.02278300 -0.00000000
v 0.03175700 0.02278300 -0.00000000
v 0.03136600 0.02278300 0.00496800
v 0.03136600 0.02278300 0.00496800
v 0.03020300 0.02278300 0.00981400
v 0.03020300 0.02278300 0.00981400
v 0.02829600 0.02278300 0.01441800
v 0.02829600 0.02278300 0.01441800
v 0.02569200 0.02278300 0.01866700
v 0.02569200 0.02278300 0.01866700
v 0.02245600 0.02278300 0.02245600
v 0.02245600 0.02278300 0.02245600
v 0.01866700 0.02278300 0.02569200
v 0.01866700 0.02278300 0.02569200
v 0.01441800 0.02278300 0.02829600
v 0.01441800 0.02278300 0.02829600
v 0.00981400 0.02278300 0.03020300
v 0.00981400 0.02278300 0.03020300
v 0.00496800 0.02278300 0.03136600
v 0.00496800 0.02278300 0.03136600
v 0.03387900 0.02366200 -0.00000000
v 0.03387900 0.02366200 -0.00000000
v 0.03387900 0.02366200 -0.00000000
v 0.03350000 0.02366200 -0.00504900
v 0.03350000 0.02366200 -0.00504900
v 0.03237400 0.02366200 -0.00998600
v 0.03237400 0.02366200 -0.00998600
v 0.03052400 0.02366200 -0.01469900
v 0.03052400 0.02366200 -0.01469900
v 0.02799200 0.02366200 -0.01908500
v 0.02799200 0.02366200 -0.01908500
v 0.02483500 0.02366200 -0.02304300
v 0.02483500 0.02366200 -0.02304300
v 0.02112300 0.02366200 -0.02648700
v 0.02112300 0.02366200 -0.02648700
v 0.01693900 0.02366200 -0.02934000
v 0.01693900 0.02366200 -0.02934000
v 0.01237700 0.02366200 -0.03153700
v 0.01237700 0.02366200 -0.03153700
v 0.00753900 0.02366200 -0.03302900
v 0.00753900 0.02366200 -0.03302900
v 0.00253200 0.02366200 -0.03378400
v 0.00253200 0.02366200 -0.03378400
v -0.00253200 0.02366200 -0.03378400
v -0.00253200 0.02366200 -0.03378400
v -0.00753900 0.02366200 -0.03302900
v -0.00753900 0.02366200 -0.03302900
v -0.01237700 0.02366200 -0.03153700
v -0.01237700 0.02366200 -0.03153700
v -0.01693900 0.02366200 -0.02934000
v -0.01693900 0.02366200 -0.02934000
v -0.02112300 0.02366200 -0.02648700
v -0.02112300 0.02366200 -0.02648700
v -0.02483500 0.02366200 -0.02304300
v -0.02483500 0.02366200 -0.02304300
v -0.02799200 0.02366200 -0.01908500
v -0.02799200 0.02366200 -0.01908500
v -0.03052400 0.02366200 -0.01469900
v -0.03052400 0.02366200 -0.01469900
v -0.03237400 0.02366200 -0.00998600
v -0.03237400 0.02366200 -0.00998600
v -0.03350000 0.02366200 -0.00504900
v -0.03350000 0.02366200 -0.00504900
v -0.03387900 0.02366200 0.00000000
v -0.03387900 0.02366200 0.00000000
v -0.03350000 0.02366200 0.00504900
v -0.03350000 0.02366200 0.00504900
v -0.03237400 0.02366200 0.00998600
v -0.03237400 0.02366200 0.00998600
v -0.03052400 0.02366200 0.01469900
v -0.03052400 0.02366200 0.01469900
v -0.02799200 0.02366200 0.01908500
v -0.02799200 0.02366200 0.01908500
v -0.02483500 0.02366200 0.02304300
v -0.02483500 0.02366200 0.02304300
v -0.02112300 0.02366200 0.02648700
v -0.02112300 0.02366200 0.02648700
v -0.01693900 0.02366200 0.02934000
v -0.01693900 0.02366200 0.02934000
v -0.01237700 0.02366200 0.03153700
v -0.01237700 0.02366200 0.03153700
v -0.00753900 0.02366200 0.03302900
v -0.00753900 0.02366200 0.03302900
v -0.00253200 0.02366200 0.03378400
v -0.00253200 0.02366200 0.03378400
v -0.00253200 0.02366200 0.03378400
v 0.00253200 0.02366200 0.03378400
v 0.00253200 0.02366200 0.03378400
v 0.00753900 0.02366200 0.03302900
v 0.00753900 0.02366200 0.03302900
v 0.01237700 0.02366200 0.03153700
v 0.01237700 0.02366200 0.03153700
v 0.01693900 0.02366200 0.02934000
v 0.01693900 0.02366200 0.02934000
v 0.02112300 0.02366200 0.02648700
v 0.02112300 0.02366200 0.02648700
v 0.02483500 0.02366200 0.02304300
v 0.02483500 0.02366200 0.02304300
v 0.02799200 0.02366200 0.01908500
v 0.02799200 0.02366200 0.01908500
v 0.03052400 0.02366200 0.01469900
v 0.03052400 0.02366200 0.01469900
v 0.03237400 0.02366200 0.00998600
v 0.03237400 0.02366200 0.00998600
v 0.03350000 0.02366200 0.00504900
v 0.03350000 0.02366200 0.00504900
v 0.00000000 0.02301100 0.03290500
v 0.00000000 0.02301100 0.03290500
v -0.00490400 0.02301100 0.03253800
v -0.00969900 0.02301100 0.03144400
v -0.01427700 0.02301100 0.02964700
v -0.01853600 0.02301100 0.02718800
v -0.02238100 0.02301100 0.02412100
v -0.02572600 0.02301100 0.02051600
v -0.02849700 0.02301100 0.01645300
v -0.03063100 0.02301100 0.01202200
v -0.03208000 0.02301100 0.00732200
v -0.03281300 0.02301100 0.00245900
v -0.03281300 0.02301100 -0.00245900
v -0.03208000 0.02301100 -0.00732200
v -0.03063100 0.02301100 -0.01202200
v -0.02849700 0.02301100 -0.01645300
v -0.02572600 0.02301100 -0.02051600
v -0.02238100 0.02301100 -0.02412100
v -0.01853600 0.02301100 -0.02718800
v -0.01427700 0.02301100 -0.02964700
v -0.00969900 0.02301100 -0.03144400
v -0.00490400 0.02301100 -0.03253800
v -0.00000000 0.02301100 -0.03290500
v 0.00490400 0.02301100 -0.03253800
v 0.00969900 0.02301100 -0.03144400
v 0.01427700 0.02301100 -0.02964700
v 0.01853600 0.02301100 -0.02718800
v 0.02238100 0.02301100 -0.02412100
v 0.02572600 0.02301100 -0.02051600
v 0.02849700 0.02301100 -0.01645300
v 0.03063100 0.02301100 -0.01202200
v 0.03208000 0.02301100 -0.00732200
v 0.03281300 0.02301100 -0.00245900
v 0.03281300 0.02301100 0.00245900
v 0.03208000 0.02301100 0.00732200
v 0.03063100 0.02301100 0.01202200
v 0.02849700 0.02301100 0.01645300
v 0.02572600 0.02301100 0.02051600
v 0.02238100 0.02301100 0.02412100
v 0.01853600 0.02301100 0.02718800
v 0.01427700 0.02301100 0.02964700
v 0.00969900 0.02301100 0.03144400
v 0.00490400 0.02301100 0.03253800
v 0.00000000 0.02890400 0.03912100
v 0.00000000 0.02890400 0.03912100
v 0.00000000 0.02890400 0.03912100
v 0.00544500 0.02890400 0.03874100
v 0.00544500 0.02890400 0.03874100
v 0.01078300 0.02890400 0.03760600
v 0.01078300 0.02890400 0.03760600
v 0.01591200 0.02890400 0.03573900
v 0.01591200 0.02890400 0.03573900
v 0.02073100 0.02890400 0.03317700
v 0.02073100 0.02890400 0.03317700
v 0.02514700 0.02890400 0.02996900
v 0.02514700 0.02890400 0.02996900
v 0.02907300 0.02890400 0.02617700
v 0.02907300 0.02890400 0.02617700
v 0.03243300 0.02890400 0.02187600
v 0.03243300 0.02890400 0.02187600
v 0.03516200 0.02890400 0.01715000
v 0.03516200 0.02890400 0.01715000
v 0.03720700 0.02890400 0.01208900
v 0.03720700 0.02890400 0.01208900
v 0.03852700 0.02890400 0.00679300
v 0.03852700 0.02890400 0.00679300
v 0.03909700 0.02890400 0.00136500
v 0.03909700 0.02890400 0.00136500
v 0.03909700 0.02890400 0.00136500
v 0.03890700 0.02890400 -0.00408900
v 0.03890700 0.02890400 -0.00408900
v 0.03795900 0.02890400 -0.00946400
v 0.03795900 0.02890400 -0.00946400
v 0.03627300 0.02890400 -0.01465500
v 0.03627300 0.02890400 -0.01465500
v 0.03388000 0.02890400 -0.01956100
v 0.03388000 0.02890400 -0.01956100
v 0.03082800 0.02890400 -0.02408500
v 0.03082800 0.02890400 -0.02408500
v 0.02717600 0.02890400 -0.02814200
v 0.02717600 0.02890400 -0.02814200
v 0.02299500 0.02890400 -0.03165000
v 0.02299500 0.02890400 -0.03165000
v 0.01836600 0.02890400 -0.03454200
v 0.01836600 0.02890400 -0.03454200
v 0.01338000 0.02890400 -0.03676200
v 0.01338000 0.02890400 -0.03676200
v 0.00813400 0.02890400 -0.03826600
v 0.00813400 0.02890400 -0.03826600
v 0.00272900 0.02890400 -0.03902600
v 0.00272900 0.02890400 -0.03902600
v -0.00272900 0.02890400 -0.03902600
v -0.00272900 0.02890400 -0.03902600
v -0.00813400 0.02890400 -0.03826600
v -0.00813400 0.02890400 -0.03826600
v -0.01338000 0.02890400 -0.03676200
v -0.01338000 0.02890400 -0.03676200
v -0.01836600 0.02890400 -0.03454200
v -0.01836600 0.02890400 -0.03454200
v -0.02299500 0.02890400 -0.03165000
v -0.02299500 0.02890400 -0.03165000
v -0.02717600 0.02890400 -0.02814200
v -0.02717600 0.02890400 -0.02814200
v -0.03082800 0.02890400 -0.02408500
v -0.03082800 0.02890400 -0.02408500
v -0.03388000 0.02890400 -0.01956100
v -0.03388000 0.02890400 -0.01956100
v -0.03627300 0.02890400 -0.01465500
v -0.03627300 0.02890400 -0.01465500
v -0.03795900 0.02890400 -0.00946400
v -0.03795900 0.02890400 -0.00946400
v -0.03890700 0.02890400 -0.00408900
v -0.03890700 0.02890400 -0.00408900
v -0.03909700 0.02890400 0.00136500
v -0.03909700 0.02890400 0.00136500
v -0.03852700 0.02890400 0.00679300
v -0.03852700 0.02890400 0.00679300
v -0.03720700 0.02890400 0.01208900
v -0.03720700 0.02890400 0.01208900
v -0.03516200 0.02890400 0.01715000
v -0.03516200 0.02890400 0.01715000
v -0.03243300 0.02890400 0.02187600
v -0.03243300 0.02890400 0.02187600
v -0.02907300 0.02890400 0.02617700
v -0.02907300 0.02890400 0.02617700
v -0.02514700 0.02890400 0.02996900
v -0.02514700 0.02890400 0.02996900
v -0.02073100 0.02890400 0.03317700
v -0.02073100 0.02890400 0.03317700
v -0.01591200 0.02890400 0.03573900
v -0.01591200 0.02890400 0.03573900
v -0.01078300 0.02890400 0.03760600
v -0.01078300 0.02890400 0.03760600
v -0.00544500 0.02890400 0.03874100
v -0.00544500 0.02890400 0.03874100
v 0.00000000 0.02978300 0.04124300
v 0.00000000 0.02978300 0.04124300
v 0.00000000 0.02978300 0.04124300
v 0.00561600 0.02978300 0.04085900
v 0.00561600 0.02978300 0.04085900
v 0.01112700 0.02978300 0.03971300
v 0.01112700 0.02978300 0.03971300
v 0.01643100 0.02978300 0.03782800
v 0.01643100 0.02978300 0.03782800
v 0.02142900 0.02978300 0.03523900
v 0.02142900 0.02978300 0.03523900
v 0.02602800 0.02978300 0.03199200
v 0.02602800 0.02978300 0.03199200
v 0.03014200 0.02978300 0.02815000
v 0.03014200 0.02978300 0.02815000
v 0.03369400 0.02978300 0.02378400
v 0.03369400 0.02978300 0.02378400
v 0.03661900 0.02978300 0.01897400
v 0.03661900 0.02978300 0.01897400
v 0.03886100 0.02978300 0.01381100
v 0.03886100 0.02978300 0.01381100
v 0.04038000 0.02978300 0.00839100
v 0.04038000 0.02978300 0.00839100
v 0.04114600 0.02978300 0.00281400
v 0.04114600 0.02978300 0.00281400
v 0.04114600 0.02978300 -0.00281400
v 0.04114600 0.02978300 -0.00281400
v 0.04038000 0.02978300 -0.00839100
v 0.04038000 0.02978300 -0.00839100
v 0.03886100 0.02978300 -0.01381100
v 0.03886100 0.02978300 -0.01381100
v 0.03661900 0.02978300 -0.01897400
v 0.03661900 0.02978300 -0.01897400
v 0.03369400 0.02978300 -0.02378400
v 0.03369400 0.02978300 -0.02378400
v 0.03014200 0.02978300 -0.02815000
v 0.03014200 0.02978300 -0.02815000
v 0.02602800 0.02978300 -0.03199200
v 0.02602800 0.02978300 -0.03199200
v 0.02142900 0.02978300 -0.03523900
v 0.02142900 0.02978300 -0.03523900
v 0.01643100 0.02978300 -0.03782800
v 0.01643100 0.02978300 -0.03782800
v 0.01112700 0.02978300 -0.03971300
v 0.01112700 0.02978300 -0.03971300
v 0.00561600 0.02978300 -0.04085900
v 0.00561600 0.02978300 -0.04085900
v -0.00000000 0.02978300 -0.04124300
v -0.00000000 0.02978300 -0.04124300
v -0.00561600 0.02978300 -0.04085900
v -0.00561600 0.02978300 -0.04085900
v -0.01112700 0.02978300 -0.03971300
v -0.01112700 0.02978300 -0.03971300
v -0.01643100 0.02978300 -0.03782800
v -0.01643100 0.02978300 -0.03782800
v -0.02142900 0.02978300 -0.03523900
v -0.02142900 0.02978300 -0.03523900
v -0.02602800 0.02978300 -0.03199200
v -0.02602800 0.02978300 -0.03199200
v -0.03014200 0.02978300 -0.02815000
v -0.03014200 0.02978300 -0.02815000
v -0.03369400 0.02978300 -0.02378400
v -0.03369400 0.02978300 -0.02378400
v -0.03661900 0.02978300 -0.01897400
v -0.03661900 0.02978300 -0.01897400
v -0.03886100 0.02978300 -0.01381100
v -0.03886100 0.02978300 -0.01381100
v -0.04038000 0.02978300 -0.00839100
v -0.04038000 0.02978300 -0.00839100
v -0.04114600 0.02978300 -0.00281400
v -0.04114600 0.02978300 -0.00281400
v -0.04114600 0.02978300 0.00281400
v -0.04114600 0.02978300 0.00281400
v -0.04038000 0.02978300 0.00839100
v -0.04038000 0.02978300 0.00839100
v -0.03886100 0.02978300 0.01381100
v -0.03886100 0.02978300 0.01381100
v -0.03661900 0.02978300 0.01897400
v -0.03661900 0.02978300 0.01897400
v -0.03369400 0.02978300 0.02378400
v -0.03369400 0.02978300 0.02378400
v -0.03014200 0.02978300 0.02815000
v -0.03014200 0.02978300 0.02815000
v -0.02602800 0.02978300 0.03199200
v -0.02602800 0.02978300 0.03199200
v -0.02142900 0.02978300 0.03523900
v -0.02142900 0.02978300 0.03523900
v -0.01643100 0.02978300 0.03782800
v -0.01643100 0.02978300 0.03782800
v -0.01112700 0.02978300 0.03971300
v -0.01112700 0.02978300 0.03971300
v -0.00561600 0.02978300 0.04085900
v -0.00561600 0.02978300 0.04085900
v 0.00000000 0.02955400 0.04009500
v 0.00000000 0.02955400 0.04009500
v -0.00267800 0.02955400 -0.04000500
v -0.00534400 0.02955400 0.03973700
v -0.01059300 0.02955400 0.03867000
v -0.01565200 0.02955400 0.03691300
v -0.02043300 0.02955400 0.03449700
v -0.02484900 0.02955400 0.03146600
v -0.02882100 0.02955400 0.02787300
v -0.03227900 0.02955400 0.02378300
v -0.03516100 0.02955400 0.01926900
v -0.03741500 0.02955400 0.01441000
v -0.03900200 0.02955400 0.00929500
v -0.03989300 0.02955400 0.00401300
v -0.04007200 0.02955400 -0.00134000
v -0.03953600 0.02955400 -0.00666900
v -0.03829400 0.02955400 -0.01187900
v -0.03636900 0.02955400 -0.01687700
v -0.03379500 0.02955400 -0.02157400
v -0.03061800 0.02955400 -0.02588600
v -0.02689500 0.02955400 -0.02973600
v -0.02269100 0.02955400 -0.03305600
v -0.01808300 0.02955400 -0.03578500
v -0.01315200 0.02955400 -0.03787600
v -0.00798600 0.02955400 -0.03929100
v 0.00798600 0.02955400 -0.03929100
v 0.00267800 0.02955400 -0.04000500
v 0.01315200 0.02955400 -0.03787600
v 0.01808300 0.02955400 -0.03578500
v 0.02269100 0.02955400 -0.03305600
v 0.02689500 0.02955400 -0.02973600
v 0.03061800 0.02955400 -0.02588600
v 0.03379500 0.02955400 -0.02157400
v 0.03636900 0.02955400 -0.01687700
v 0.03829400 0.02955400 -0.01187900
v 0.03953600 0.02955400 -0.00666900
v 0.04007200 0.02955400 -0.00134000
v 0.03989300 0.02955400 0.00401300
v 0.03900200 0.02955400 0.00929500
v 0.03741500 0.02955400 0.01441000
v 0.03516100 0.02955400 0.01926900
v 0.03227900 0.02955400 0.02378300
v 0.02882100 0.02955400 0.02787300
v 0.02484900 0.02955400 0.03146600
v 0.02043300 0.02955400 0.03449700
v 0.01565200 0.02955400 0.03691300
v 0.01059300 0.02955400 0.03867000
v 0.00534400 0.02955400 0.03973700
v 0.00000000 0.02978300 0.05350000
v 0.00000000 0.02978300 0.05350000
v 0.00000000 0.02978300 0.05350000
v 0.00644900 0.02978300 0.05311000
v 0.00644900 0.02978300 0.05311000
v 0.01280300 0.02978300 0.05194500
v 0.01280300 0.02978300 0.05194500
v 0.01897100 0.02978300 0.05002300
v 0.01897100 0.02978300 0.05002300
v 0.02486300 0.02978300 0.04737200
v 0.02486300 0.02978300 0.04737200
v 0.03039100 0.02978300 0.04403000
v 0.03039100 0.02978300 0.04403000
v 0.03547700 0.02978300 0.04004500
v 0.03547700 0.02978300 0.04004500
v 0.04004500 0.02978300 0.03547700
v 0.04004500 0.02978300 0.03547700
v 0.04403000 0.02978300 0.03039100
v 0.04403000 0.02978300 0.03039100
v 0.04737200 0.02978300 0.02486300
v 0.04737200 0.02978300 0.02486300
v 0.05002300 0.02978300 0.01897100
v 0.05002300 0.02978300 0.01897100
v 0.05194500 0.02978300 0.01280300
v 0.05194500 0.02978300 0.01280300
v 0.05311000 0.02978300 0.00644900
v 0.05311000 0.02978300 0.00644900
v 0.05350000 0.02978300 -0.00000000
v 0.05350000 0.02978300 -0.00000000
v 0.05311000 0.02978300 -0.00644900
v 0.05311000 0.02978300 -0.00644900
v 0.05194500 0.02978300 -0.01280300
v 0.05194500 0.02978300 -0.01280300
v 0.05002300 0.02978300 -0.01897100
v 0.05002300 0.02978300 -0.01897100
v 0.04737200 0.02978300 -0.02486300
v 0.04737200 0.02978300 -0.02486300
v 0.04403000 0.02978300 -0.03039100
v 0.04403000 0.02978300 -0.03039100
v 0.04004500 0.02978300 -0.03547700
v 0.04004500 0.02978300 -0.03547700
v 0.03547700 0.02978300 -0.04004500
v 0.03547700 0.02978300 -0.04004500
v 0.03039100 0.02978300 -0.04403000
v 0.03039100 0.02978300 -0.04403000
v 0.02486300 0.02978300 -0.04737200
v 0.02486300 0.02978300 -0.04737200
v 0.01897100 0.02978300 -0.05002300
v 0.01897100 0.02978300 -0.05002300
v 0.01280300 0.02978300 -0.05194500
v 0.01280300 0.02978300 -0.05194500
v 0.00644900 0.02978300 -0.05311000
v 0.00644900 0.02978300 -0.05311000
v -0.00000000 0.02978300 -0.05350000
v -0.00000000 0.02978300 -0.05350000
v -0.00644900 0.02978300 -0.05311000
v -0.00644900 0.02978300 -0.05311000
v -0.01280300 0.02978300 -0.05194500
v -0.01280300 0.02978300 -0.05194500
v -0.01897100 0.02978300 -0.05002300
v -0.01897100 0.02978300 -0.05002300
v -0.02486300 0.02978300 -0.04737200
v -0.02486300 0.02978300 -0.04737200
v -0.03039100 0.02978300 -0.04403000
v -0.03039100 0.02978300 -0.04403000
v -0.03547700 0.02978300 -0.04004500
v -0.03547700 0.02978300 -0.04004500
v -0.04004500 0.02978300 -0.03547700
v -0.04004500 0.02978300 -0.03547700
v -0.04403000 0.02978300 -0.03039100
v -0.04403000 0.02978300 -0.03039100
v -0.04737200 0.02978300 -0.02486300
v -0.04737200 0.02978300 -0.02486300
v -0.05002300 0.02978300 -0.01897100
v -0.05002300 0.02978300 -0.01897100
v -0.05194500 0.02978300 -0.01280300
v -0.05194500 0.02978300 -0.01280300
v -0.05311000 0.02978300 -0.00644900
v -0.05311000 0.02978300 -0.00644900
v -0.05350000 0.02978300 -0.00000000
v -0.05350000 0.02978300 -0.00000000
v -0.05311000 0.02978300 0.00644900
v -0.05311000 0.02978300 0.00644900
v -0.05194500 0.02978300 0.01280300
v -0.05194500 0.02978300 0.01280300
v -0.05002300 0.02978300 0.01897100
v -0.05002300 0.02978300 0.01897100
v -0.04737200 0.02978300 0.02486300
v -0.04737200 0.02978300 0.02486300
v -0.04403000 0.02978300 0.03039100
v -0.04403000 0.02978300 0.03039100
v -0.04004500 0.02978300 0.03547700
v -0.04004500 0.02978300 0.03547700
v -0.03547700 0.02978300 0.04004500
v -0.03547700 0.02978300 0.04004500
v -0.03039100 0.02978300 0.04403000
v -0.03039100 0.02978300 0.04403000
v -0.02486300 0.02978300 0.04737200
v -0.02486300 0.02978300 0.04737200
v -0.01897100 0.02978300 0.05002300
v -0.01897100 0.02978300 0.05002300
v -0.01280300 0.02978300 0.05194500
v -0.01280300 0.02978300 0.05194500
v -0.00644900 0.02978300 0.05311000
v -0.00644900 0.02978300 0.05311000
v -0.00000000 0.02878300 -0.05450000
v -0.00000000 0.02878300 -0.05450000
v -0.00000000 0.02878300 -0.05450000
v -0.00644600 0.02878300 -0.05411700
v -0.00644600 0.02878300 -0.05411700
v -0.01280100 0.02878300 -0.05297500
v -0.01280100 0.02878300 -0.05297500
v -0.01897700 0.02878300 -0.05108900
v -0.01897700 0.02878300 -0.05108900
v -0.02488600 0.02878300 -0.04848600
v -0.02488600 0.02878300 -0.04848600
v -0.03044600 0.02878300 -0.04520300
v -0.03044600 0.02878300 -0.04520300
v -0.03557900 0.02878300 -0.04128400
v -0.03557900 0.02878300 -0.04128400
v -0.04021200 0.02878300 -0.03678700
v -0.04021200 0.02878300 -0.03678700
v -0.04428100 0.02878300 -0.03177200
v -0.04428100 0.02878300 -0.03177200
v -0.04772800 0.02878300 -0.02631200
v -0.04772800 0.02878300 -0.02631200
v -0.05050500 0.02878300 -0.02048300
v -0.05050500 0.02878300 -0.02048300
v -0.05257300 0.02878300 -0.01436600
v -0.05257300 0.02878300 -0.01436600
v -0.05390300 0.02878300 -0.00804700
v -0.05390300 0.02878300 -0.00804700
v -0.05447600 0.02878300 -0.00161500
v -0.05447600 0.02878300 -0.00161500
v -0.05428500 0.02878300 0.00483900
v -0.05428500 0.02878300 0.00483900
v -0.05333100 0.02878300 0.01122600
v -0.05333100 0.02878300 0.01122600
v -0.05162900 0.02878300 0.01745500
v -0.05162900 0.02878300 0.01745500
v -0.04920200 0.02878300 0.02343900
v -0.04920200 0.02878300 0.02343900
v -0.04608500 0.02878300 0.02909300
v -0.04608500 0.02878300 0.02909300
v -0.04232100 0.02878300 0.03434000
v -0.04232100 0.02878300 0.03434000
v -0.03796200 0.02878300 0.03910400
v -0.03796200 0.02878300 0.03910400
v -0.03307100 0.02878300 0.04332000
v -0.03307100 0.02878300 0.04332000
v -0.02771500 0.02878300 0.04692700
v -0.02771500 0.02878300 0.04692700
v -0.02197000 0.02878300 0.04987500
v -0.02197000 0.02878300 0.04987500
v -0.01591700 0.02878300 0.05212400
v -0.01591700 0.02878300 0.05212400
v -0.00964100 0.02878300 0.05364100
v -0.00964100 0.02878300 0.05364100
v -0.00322900 0.02878300 0.05440400
v -0.00322900 0.02878300 0.05440400
v -0.00322900 0.02878300 0.05440400
v 0.00322900 0.02878300 0.05440400
v 0.00322900 0.02878300 0.05440400
v 0.00964100 0.02878300 0.05364100
v 0.00964100 0.02878300 0.05364100
v 0.01591700 0.02878300 0.05212400
v 0.01591700 0.02878300 0.05212400
v 0.02197000 0.02878300 0.04987500
v 0.02197000 0.02878300 0.04987500
v 0.02771500 0.02878300 0.04692700
v 0.02771500 0.02878300 0.04692700
v 0.03307100 0.02878300 0.04332000
v 0.03307100 0.02878300 0.04332000
v 0.03796200 0.02878300 0.03910400
v 0.03796200 0.02878300 0.03910400
v 0.04232100 0.02878300 0.03434000
v 0.04232100 0.02878300 0.03434000
v 0.04608500 0.02878300 0.02909300
v 0.04608500 0.02878300 0.02909300
v 0.04920200 0.02878300 0.02343900
v 0.04920200 0.02878300 0.02343900
v 0.05162900 0.02878300 0.01745500
v 0.05162900 0.02878300 0.01745500
v 0.05333100 0.02878300 0.01122600
v 0.05333100 0.02878300 0.01122600
v 0.05428500 0.02878300 0.00483900
v 0.05428500 0.02878300 0.00483900
v 0.05447600 0.02878300 -0.00161500
v 0.05447600 0.02878300 -0.00161500
v 0.05390300 0.02878300 -0.00804700
v 0.05390300 0.02878300 -0.00804700
v 0.05257300 0.02878300 -0.01436600
v 0.05257300 0.02878300 -0.01436600
v 0.05050500 0.02878300 -0.02048300
v 0.05050500 0.02878300 -0.02048300
v 0.04772800 0.02878300 -0.02631200
v 0.04772800 0.02878300 -0.02631200
v 0.04428100 0.02878300 -0.03177200
v 0.04428100 0.02878300 -0.03177200
v 0.04021200 0.02878300 -0.03678700
v 0.04021200 0.02878300 -0.03678700
v 0.03557900 0.02878300 -0.04128400
v 0.03557900 0.02878300 -0.04128400
v 0.03044600 0.02878300 -0.04520300
v 0.03044600 0.02878300 -0.04520300
v 0.02488600 0.02878300 -0.04848600
v 0.02488600 0.02878300 -0.04848600
v 0.01897700 0.02878300 -0.05108900
v 0.01897700 0.02878300 -0.05108900
v 0.01280100 0.02878300 -0.05297500
v 0.01280100 0.02878300 -0.05297500
v 0.00644600 0.02878300 -0.05411700
v 0.00644600 0.02878300 -0.05411700
v -0.00000000 0.02778300 -0.05450000
v -0.00000000 0.02778300 -0.05450000
v -0.00000000 0.02778300 -0.05450000
v -0.00000000 0.02778300 -0.05450000
v -0.00644600 0.02778300 -0.05411700
v -0.00644600 0.02778300 -0.05411700
v -0.01280100 0.02778300 -0.05297500
v -0.01280100 0.02778300 -0.05297500
v -0.01897700 0.02778300 -0.05108900
v -0.01897700 0.02778300 -0.05108900
v -0.02488600 0.02778300 -0.04848600
v -0.02488600 0.02778300 -0.04848600
v -0.03044600 0.02778300 -0.04520300
v -0.03044600 0.02778300 -0.04520300
v -0.03557900 0.02778300 -0.04128400
v -0.03557900 0.02778300 -0.04128400
v -0.04021200 0.02778300 -0.03678700
v -0.04021200 0.02778300 -0.03678700
v -0.04428100 0.02778300 -0.03177200
v -0.04428100 0.02778300 -0.03177200
v -0.04772800 0.02778300 -0.02631200
v -0.04772800 0.02778300 -0.02631200
v -0.05050500 0.02778300 -0.02048300
v -0.05050500 0.02778300 -0.02048300
v -0.05257300 0.02778300 -0.01436600
v -0.05257300 0.02778300 -0.01436600
v -0.05390300 0.02778300 -0.00804700
v -0.05390300 0.02778300 -0.00804700
v -0.05447600 0.02778300 -0.00161500
v -0.05447600 0.02778300 -0.00161500
v -0.05428500 0.02778300 0.00483900
v -0.05428500 0.02778300 0.00483900
v -0.05333100 0.02778300 0.01122600
v -0.05333100 0.02778300 0.01122600
v -0.05162900 0.02778300 0.01745500
v -0.05162900 0.02778300 0.01745500
v -0.04920200 0.02778300 0.02343900
v -0.04920200 0.02778300 0.02343900
v -0.04608500 0.02778300 0.02909300
v -0.04608500 0.02778300 0.02909300
v -0.04232100 0.02778300 0.03434000
v -0.04232100 0.02778300 0.03434000
v -0.03796200 0.02778300 0.03910400
v -0.03796200 0.02778300 0.03910400
v -0.03307100 0.02778300 0.04332000
v -0.03307100 0.02778300 0.04332000
v -0.02771500 0.02778300 0.04692700
v -0.02771500 0.02778300 0.04692700
v -0.02197000 0.02778300 0.04987500
v -0.02197000 0.02778300 0.04987500
v -0.01591700 0.02778300 0.05212400
v -0.01591700 0.02778300 0.05212400
v -0.00964100 0.02778300 0.05364100
v -0.00964100 0.02778300 0.05364100
v -0.00322900 0.02778300 0.05440400
v -0.00322900 0.02778300 0.05440400
v 0.00322900 0.02778300 0.05440400
v 0.00322900 0.02778300 0.05440400
v 0.00964100 0.02778300 0.05364100
v 0.00964100 0.02778300 0.05364100
v 0.01591700 0.02778300 0.05212400
v 0.01591700 0.02778300 0.05212400
v 0.02197000 0.02778300 0.04987500
v 0.02197000 0.02778300 0.04987500
v 0.02771500 0.02778300 0.04692700
v 0.02771500 0.02778300 0.04692700
v 0.03307100 0.02778300 0.04332000
v 0.03307100 0.02778300 0.04332000
v 0.03796200 0.02778300 0.03910400
v 0.03796200 0.02778300 0.03910400
v 0.04232100 0.02778300 0.03434000
v 0.04232100 0.02778300 0.03434000
v 0.04608500 0.02778300 0.02909300
v 0.04608500 0.02778300 0.02909300
v 0.04920200 0.02778300 0.02343900
v 0.04920200 0.02778300 0.02343900
v 0.05162900 0.02778300 0.01745500
v 0.05162900 0.02778300 0.01745500
v 0.05333100 0.02778300 0.01122600
v 0.05333100 0.02778300 0.01122600
v 0.05428500 0.02778300 0.00483900
v 0.05428500 0.02778300 0.00483900
v 0.05447600 0.02778300 -0.00161500
v 0.05447600 0.02778300 -0.00161500
v 0.05390300 0.02778300 -0.00804700
v 0.05390300 0.02778300 -0.00804700
v 0.05257300 0.02778300 -0.01436600
v 0.05257300 0.02778300 -0.01436600
v 0.05050500 0.02778300 -0.02048300
v 0.05050500 0.02778300 -0.02048300
v 0.04772800 0.02778300 -0.02631200
v 0.04772800 0.02778300 -0.02631200
v 0.04428100 0.02778300 -0.03177200
v 0.04428100 0.02778300 -0.03177200
v 0.04021200 0.02778300 -0.03678700
v 0.04021200 0.02778300 -0.03678700
v 0.03557900 0.02778300 -0.04128400
v 0.03557900 0.02778300 -0.04128400
v 0.03044600 0.02778300 -0.04520300
v 0.03044600 0.02778300 -0.04520300
v 0.02488600 0.02778300 -0.04848600
v 0.02488600 0.02778300 -0.04848600
v 0.01897700 0.02778300 -0.05108900
v 0.01897700 0.02778300 -0.05108900
v 0.01280100 0.02778300 -0.05297500
v 0.01280100 0.02778300 -0.05297500
v 0.00644600 0.02778300 -0.05411700
v 0.00644600 0.02778300 -0.05411700
v 0.00520400 0.01648300 -0.04288500
v 0.00520400 0.01648300 -0.04288500
v 0.00520400 0.01648300 -0.04288500
v 0.00173900 0.01648300 -0.04316500
v 0.00173900 0.01648300 -0.04316500
v 0.00173900 0.01648300 -0.04316500
v -0.00173900 0.01648300 -0.04316500
v -0.00173900 0.01648300 -0.04316500
v -0.00520400 0.01648300 -0.04288500
v -0.00520400 0.01648300 -0.04288500
v -0.00520400 0.01648300 -0.04288500
v -0.00571000 0.01657100 -0.04291000
v -0.00571000 0.01657100 -0.04291000
v -0.00614900 0.01680300 -0.04308400
v -0.00614900 0.01680300 -0.04308400
v -0.00670900 0.01746500 -0.04367000
v -0.00670900 0.01746500 -0.04367000
v -0.00670900 0.01746500 -0.04367000
v -0.00866400 0.02141600 -0.04734700
v -0.00866400 0.02141600 -0.04734700
v -0.00866400 0.02141600 -0.04734700
v -0.00928000 0.02213700 -0.04796400
v -0.00928000 0.02213700 -0.04796400
v -0.00976100 0.02238800 -0.04812500
v -0.00976100 0.02238800 -0.04812500
v -0.01030300 0.02248300 -0.04810900
v -0.01030300 0.02248300 -0.04810900
v -0.01030300 0.02248300 -0.04810900
v -0.01604200 0.02248300 -0.04651100
v -0.01604200 0.02248300 -0.04651100
v -0.02154500 0.02248300 -0.04423200
v -0.02154500 0.02248300 -0.04423200
v -0.02673300 0.02248300 -0.04130300
v -0.02673300 0.02248300 -0.04130300
v -0.02673300 0.02248300 -0.04130300
v -0.02712700 0.02238800 -0.04093200
v -0.02712700 0.02238800 -0.04093200
v -0.02735400 0.02213700 -0.04047800
v -0.02735400 0.02213700 -0.04047800
v -0.02735300 0.02141600 -0.03960600
v -0.02735300 0.02141600 -0.03960600
v -0.02735300 0.02141600 -0.03960600
v -0.02613500 0.01746500 -0.03562400
v -0.02613500 0.01746500 -0.03562400
v -0.02613500 0.01746500 -0.03562400
v -0.02611700 0.01680300 -0.03481300
v -0.02611700 0.01680300 -0.03481300
v -0.02630400 0.01657100 -0.03438000
v -0.02630400 0.01657100 -0.03438000
v -0.02664500 0.01648300 -0.03400500
v -0.02664500 0.01648300 -0.03400500
v -0.02664500 0.01648300 -0.03400500
v -0.02929300 0.01648300 -0.03175200
v -0.02929300 0.01648300 -0.03175200
v -0.03175200 0.01648300 -0.02929300
v -0.03175200 0.01648300 -0.02929300
v -0.03400500 0.01648300 -0.02664500
v -0.03400500 0.01648300 -0.02664500
v -0.03400500 0.01648300 -0.02664500
v -0.03438000 0.01657100 -0.02630400
v -0.03438000 0.01657100 -0.02630400
v -0.03481300 0.01680300 -0.02611700
v -0.03481300 0.01680300 -0.02611700
v -0.03562400 0.01746500 -0.02613500
v -0.03562400 0.01746500 -0.02613500
v -0.03562400 0.01746500 -0.02613500
v -0.03960600 0.02141600 -0.02735300
v -0.03960600 0.02141600 -0.02735300
v -0.03960600 0.02141600 -0.02735300
v -0.04047800 0.02213700 -0.02735400
v -0.04047800 0.02213700 -0.02735400
v -0.04093200 0.02238800 -0.02712700
v -0.04093200 0.02238800 -0.02712700
v -0.04130300 0.02248300 -0.02673300
v -0.04130300 0.02248300 -0.02673300
v -0.04130300 0.02248300 -0.02673300
v -0.04423200 0.02248300 -0.02154500
v -0.04423200 0.02248300 -0.02154500
v -0.04651100 0.02248300 -0.01604200
v -0.04651100 0.02248300 -0.01604200
v -0.04810900 0.02248300 -0.01030300
v -0.04810900 0.02248300 -0.01030300
v -0.04810900 0.02248300 -0.01030300
v -0.04812500 0.02238800 -0.00976100
v -0.04812500 0.02238800 -0.00976100
v -0.04796400 0.02213700 -0.00928000
v -0.04796400 0.02213700 -0.00928000
v -0.04734700 0.02141600 -0.00866400
v -0.04734700 0.02141600 -0.00866400
v -0.04734700 0.02141600 -0.00866400
v -0.04367000 0.01746500 -0.00670900
v -0.04367000 0.01746500 -0.00670900
v -0.04367000 0.01746500 -0.00670900
v -0.04308400 0.01680300 -0.00614900
v -0.04308400 0.01680300 -0.00614900
v -0.04291000 0.01657100 -0.00571000
v -0.04291000 0.01657100 -0.00571000
v -0.04288500 0.01648300 -0.00520400
v -0.04288500 0.01648300 -0.00520400
v -0.04288500 0.01648300 -0.00520400
v -0.04316500 0.01648300 -0.00173900
v -0.04316500 0.01648300 -0.00173900
v -0.04316500 0.01648300 0.00173900
v -0.04316500 0.01648300 0.00173900
v -0.04288500 0.01648300 0.00520400
v -0.04288500 0.01648300 0.00520400
v -0.04288500 0.01648300 0.00520400
v -0.04291000 0.01657100 0.00571000
v -0.04291000 0.01657100 0.00571000
v -0.04308400 0.01680300 0.00614900
v -0.04308400 0.01680300 0.00614900
v -0.04367000 0.01746500 0.00670900
v -0.04367000 0.01746500 0.00670900
v -0.04367000 0.01746500 0.00670900
v -0.04734700 0.02141600 0.00866400
v -0.04734700 0.02141600 0.00866400
v -0.04734700 0.02141600 0.00866400
v -0.04796400 0.02213700 0.00928000
v -0.04796400 0.02213700 0.00928000
v -0.04812500 0.02238800 0.00976100
v -0.04812500 0.02238800 0.00976100
v -0.04810900 0.02248300 0.01030300
v -0.04810900 0.02248300 0.01030300
v -0.04810900 0.02248300 0.01030300
v -0.04651100 0.02248300 0.01604200
v -0.04651100 0.02248300 0.01604200
v -0.04423200 0.02248300 0.02154500
v -0.04423200 0.02248300 0.02154500
v -0.04130300 0.02248300 0.02673300
v -0.04130300 0.02248300 0.02673300
v -0.04130300 0.02248300 0.02673300
v -0.04093200 0.02238800 0.02712700
v -0.04093200 0.02238800 0.02712700
v -0.04047800 0.02213700 0.02735400
v -0.04047800 0.02213700 0.02735400
v -0.03960600 0.02141600 0.02735300
v -0.03960600 0.02141600 0.02735300
v -0.03960600 0.02141600 0.02735300
v -0.03562400 0.01746500 0.02613500
v -0.03562400 0.01746500 0.02613500
v -0.03562400 0.01746500 0.02613500
v -0.03481300 0.01680300 0.02611700
v -0.03481300 0.01680300 0.02611700
v -0.03438000 0.01657100 0.02630400
v -0.03438000 0.01657100 0.02630400
v -0.03400500 0.01648300 0.02664500
v -0.03400500 0.01648300 0.02664500
v -0.03400500 0.01648300 0.02664500
v -0.03175200 0.01648300 0.02929300
v -0.03175200 0.01648300 0.02929300
v -0.02929300 0.01648300 0.03175200
v -0.02929300 0.01648300 0.03175200
v -0.02664500 0.01648300 0.03400500
v -0.02664500 0.01648300 0.03400500
v -0.02664500 0.01648300 0.03400500
v -0.02630400 0.01657100 0.03438000
v -0.02630400 0.01657100 0.03438000
v -0.02611700 0.01680300 0.03481300
v -0.02611700 0.01680300 0.03481300
v -0.02613500 0.01746500 0.03562400
v -0.02613500 0.01746500 0.03562400
v -0.02613500 0.01746500 0.03562400
v -0.02735300 0.02141600 0.03960600
v -0.02735300 0.02141600 0.03960600
v -0.02735300 0.02141600 0.03960600
v -0.02735400 0.02213700 0.04047800
v -0.02735400 0.02213700 0.04047800
v -0.02712700 0.02238800 0.04093200
v -0.02712700 0.02238800 0.04093200
v -0.02673300 0.02248300 0.04130300
v -0.02673300 0.02248300 0.04130300
v -0.02673300 0.02248300 0.04130300
v -0.02154500 0.02248300 0.04423200
v -0.02154500 0.02248300 0.04423200
v -0.01604200 0.02248300 0.04651100
v -0.01604200 0.02248300 0.04651100
v -0.01030300 0.02248300 0.04810900
v -0.01030300 0.02248300 0.04810900
v -0.01030300 0.02248300 0.04810900
v -0.00976100 0.02238800 0.04812500
v -0.00976100 0.02238800 0.04812500
v -0.00928000 0.02213700 0.04796400
v -0.00928000 0.02213700 0.04796400
v -0.00866400 0.02141600 0.04734700
v -0.00866400 0.02141600 0.04734700
v -0.00866400 0.02141600 0.04734700
v -0.00670900 0.01746500 0.04367000
v -0.00670900 0.01746500 0.04367000
v -0.00670900 0.01746500 0.04367000
v -0.00614900 0.01680300 0.04308400
v -0.00614900 0.01680300 0.04308400
v -0.00571000 0.01657100 0.04291000
v -0.00571000 0.01657100 0.04291000
v -0.00520400 0.01648300 0.04288500
v -0.00520400 0.01648300 0.04288500
v -0.00520400 0.01648300 0.04288500
v -0.00173900 0.01648300 0.04316500
v -0.00173900 0.01648300 0.04316500
v 0.00173900 0.01648300 0.04316500
v 0.00173900 0.01648300 0.04316500
v 0.00520400 0.01648300 0.04288500
v 0.00520400 0.01648300 0.04288500
v 0.00520400 0.01648300 0.04288500
v 0.00571000 0.01657100 0.04291000
v 0.00571000 0.01657100 0.04291000
v 0.00614900 0.01680300 0.04308400
v 0.00614900 0.01680300 0.04308400
v 0.00670900 0.01746500 0.04367000
v 0.00670900 0.01746500 0.04367000
v 0.00670900 0.01746500 0.04367000
v 0.00866400 0.02141600 0.04734700
v 0.00866400 0.02141600 0.04734700
v 0.00866400 0.02141600 0.04734700
v 0.00928000 0.02213700 0.04796400
v 0.00928000 0.02213700 0.04796400
v 0.00976100 0.02238800 0.04812500
v 0.00976100 0.02238800 0.04812500
v 0.01030300 0.02248300 0.04810900
v 0.01030300 0.02248300 0.04810900
v 0.01030300 0.02248300 0.04810900
v 0.01604200 0.02248300 0.04651100
v 0.01604200 0.02248300 0.04651100
v 0.02154500 0.02248300 0.04423200
v 0.02154500 0.02248300 0.04423200
v 0.02673300 0.02248300 0.04130300
v 0.02673300 0.02248300 0.04130300
v 0.02673300 0.02248300 0.04130300
v 0.02712700 0.02238800 0.04093200
v 0.02712700 0.02238800 0.04093200
v 0.02735400 0.02213700 0.04047800
v 0.02735400 0.02213700 0.04047800
v 0.02735300 0.02141600 0.03960600
v 0.02735300 0.02141600 0.03960600
v 0.02735300 0.02141600 0.03960600
v 0.02613500 0.01746500 0.03562400
v 0.02613500 0.01746500 0.03562400
v 0.02613500 0.01746500 0.03562400
v 0.02611700 0.01680300 0.03481300
v 0.02611700 0.01680300 0.03481300
v 0.02630400 0.01657100 0.03438000
v 0.02630400 0.01657100 0.03438000
v 0.02664500 0.01648300 0.03400500
v 0.02664500 0.01648300 0.03400500
v 0.02664500 0.01648300 0.03400500
v 0.02929300 0.01648300 0.03175200
v 0.02929300 0.01648300 0.03175200
v 0.03175200 0.01648300 0.02929300
v 0.03175200 0.01648300 0.02929300
v 0.03400500 0.01648300 0.02664500
v 0.03400500 0.01648300 0.02664500
v 0.03400500 0.01648300 0.02664500
v 0.03438000 0.01657100 0.02630400
v 0.03438000 0.01657100 0.02630400
v 0.03481300 0.01680300 0.02611700
v 0.03481300 0.01680300 0.02611700
v 0.03562400 0.01746500 0.02613500
v 0.03562400 0.01746500 0.02613500
v 0.03562400 0.01746500 0.02613500
v 0.03960600 0.02141600 0.02735300
v 0.03960600 0.02141600 0.02735300
v 0.03960600 0.02141600 0.02735300
v 0.04047800 0.02213700 0.02735400
v 0.04047800 0.02213700 0.02735400
v 0.04093200 0.02238800 0.02712700
v 0.04093200 0.02238800 0.02712700
v 0.04130300 0.02248300 0.02673300
v 0.04130300 0.02248300 0.02673300
v 0.04130300 0.02248300 0.02673300
v 0.04423200 0.02248300 0.02154500
v 0.04423200 0.02248300 0.02154500
v 0.04651100 0.02248300 0.01604200
v 0.04651100 0.02248300 0.01604200
v 0.04810900 0.02248300 0.01030300
v 0.04810900 0.02248300 0.01030300
v 0.04810900 0.02248300 0.01030300
v 0.04812500 0.02238800 0.00976100
v 0.04812500 0.02238800 0.00976100
v 0.04796400 0.02213700 0.00928000
v 0.04796400 0.02213700 0.00928000
v 0.04734700 0.02141600 0.00866400
v 0.04734700 0.02141600 0.00866400
v 0.04734700 0.02141600 0.00866400
v 0.04367000 0.01746500 0.00670900
v 0.04367000 0.01746500 0.00670900
v 0.04367000 0.01746500 0.00670900
v 0.04308400 0.01680300 0.00614900
v 0.04308400 0.01680300 0.00614900
v 0.04291000 0.01657100 0.00571000
v 0.04291000 0.01657100 0.00571000
v 0.04288500 0.01648300 0.00520400
v 0.04288500 0.01648300 0.00520400
v 0.04288500 0.01648300 0.00520400
v 0.04316500 0.01648300 0.00173900
v 0.04316500 0.01648300 0.00173900
v 0.04316500 0.01648300 -0.00173900
v 0.04316500 0.01648300 -0.00173900
v 0.04288500 0.01648300 -0.00520400
v 0.04288500 0.01648300 -0.00520400
v 0.04288500 0.01648300 -0.00520400
v 0.04291000 0.01657100 -0.00571000
v 0.04291000 0.01657100 -0.00571000
v 0.04308400 0.01680300 -0.00614900
v 0.04308400 0.01680300 -0.00614900
v 0.04367000 0.01746500 -0.00670900
v 0.04367000 0.01746500 -0.00670900
v 0.04367000 0.01746500 -0.00670900
v 0.04734700 0.02141600 -0.00866400
v 0.04734700 0.02141600 -0.00866400
v 0.04734700 0.02141600 -0.00866400
v 0.04796400 0.02213700 -0.00928000
v 0.04796400 0.02213700 -0.00928000
v 0.04812500 0.02238800 -0.00976100
v 0.04812500 0.02238800 -0.00976100
v 0.04810900 0.02248300 -0.01030300
v 0.04810900 0.02248300 -0.01030300
v 0.04810900 0.02248300 -0.01030300
v 0.04651100 0.02248300 -0.01604200
v 0.04651100 0.02248300 -0.01604200
v 0.04423200 0.02248300 -0.02154500
v 0.04423200 0.02248300 -0.02154500
v 0.04130300 0.02248300 -0.02673300
v 0.04130300 0.02248300 -0.02673300
v 0.04130300 0.02248300 -0.02673300
v 0.04093200 0.02238800 -0.02712700
v 0.04093200 0.02238800 -0.02712700
v 0.04047800 0.02213700 -0.02735400
v 0.04047800 0.02213700 -0.02735400
v 0.03960600 0.02141600 -0.02735300
v 0.03960600 0.02141600 -0.02735300
v 0.03960600 0.02141600 -0.02735300
v 0.03562400 0.01746500 -0.02613500
v 0.03562400 0.01746500 -0.02613500
v 0.03562400 0.01746500 -0.02613500
v 0.03481300 0.01680300 -0.02611700
v 0.03481300 0.01680300 -0.02611700
v 0.03438000 0.01657100 -0.02630400
v 0.03438000 0.01657100 -0.02630400
v 0.03400500 0.01648300 -0.02664500
v 0.03400500 0.01648300 -0.02664500
v 0.03400500 0.01648300 -0.02664500
v 0.03175200 0.01648300 -0.02929300
v 0.03175200 0.01648300 -0.02929300
v 0.02929300 0.01648300 -0.03175200
v 0.02929300 0.01648300 -0.03175200
v 0.02664500 0.01648300 -0.03400500
v 0.02664500 0.01648300 -0.03400500
v 0.02664500 0.01648300 -0.03400500
v 0.02630400 0.01657100 -0.03438000
v 0.02630400 0.01657100 -0.03438000
v 0.02611700 0.01680300 -0.03481300
v 0.02611700 0.01680300 -0.03481300
v 0.02613500 0.01746500 -0.03562400
v 0.02613500 0.01746500 -0.03562400
v 0.02613500 0.01746500 -0.03562400
v 0.02735300 0.02141600 -0.03960600
v 0.02735300 0.02141600 -0.03960600
v 0.02735300 0.02141600 -0.03960600
v 0.02735400 0.02213700 -0.04047800
v 0.02735400 0.02213700 -0.04047800
v 0.02712700 0.02238800 -0.04093200
v 0.02712700 0.02238800 -0.04093200
v 0.02673300 0.02248300 -0.04130300
v 0.02673300 0.02248300 -0.04130300
v 0.02673300 0.02248300 -0.04130300
v 0.02154500 0.02248300 -0.04423200
v 0.02154500 0.02248300 -0.04423200
v 0.01604200 0.02248300 -0.04651100
v 0.01604200 0.02248300 -0.04651100
v 0.01030300 0.02248300 -0.04810900
v 0.01030300 0.02248300 -0.04810900
v 0.01030300 0.02248300 -0.04810900
v 0.00976100 0.02238800 -0.04812500
v 0.00976100 0.02238800 -0.04812500
v 0.00928000 0.02213700 -0.04796400
v 0.00928000 0.02213700 -0.04796400
v 0.00866400 0.02141600 -0.04734700
v 0.00866400 0.02141600 -0.04734700
v 0.00866400 0.02141600 -0.04734700
v 0.00670900 0.01746500 -0.04367000
v 0.00670900 0.01746500 -0.04367000
v 0.00670900 0.01746500 -0.04367000
v 0.00614900 0.01680300 -0.04308400
v 0.00614900 0.01680300 -0.04308400
v 0.00571000 0.01657100 -0.04291000
v 0.00571000 0.01657100 -0.04291000
v 0.00000000 -0.00890400 -0.04190400
v 0.00000000 -0.00890400 -0.04190400
v 0.00000000 -0.00890400 -0.04190400
v 0.00570600 -0.00890400 -0.04151400
v 0.00570600 -0.00890400 -0.04151400
v 0.01130600 -0.00890400 -0.04035000
v 0.01130600 -0.00890400 -0.04035000
v 0.01669500 -0.00890400 -0.03843500
v 0.01669500 -0.00890400 -0.03843500
v 0.02177300 -0.00890400 -0.03580400
v 0.02177300 -0.00890400 -0.03580400
v 0.02644500 -0.00890400 -0.03250600
v 0.02644500 -0.00890400 -0.03250600
v 0.03062500 -0.00890400 -0.02860200
v 0.03062500 -0.00890400 -0.02860200
v 0.03423400 -0.00890400 -0.02416500
v 0.03423400 -0.00890400 -0.02416500
v 0.03720600 -0.00890400 -0.01927900
v 0.03720600 -0.00890400 -0.01927900
v 0.03948500 -0.00890400 -0.01403300
v 0.03948500 -0.00890400 -0.01403300
v 0.04102800 -0.00890400 -0.00852600
v 0.04102800 -0.00890400 -0.00852600
v 0.04180600 -0.00890400 -0.00286000
v 0.04180600 -0.00890400 -0.00286000
v 0.04180600 -0.00890400 0.00286000
v 0.04180600 -0.00890400 0.00286000
v 0.04102800 -0.00890400 0.00852600
v 0.04102800 -0.00890400 0.00852600
v 0.03948500 -0.00890400 0.01403300
v 0.03948500 -0.00890400 0.01403300
v 0.03720600 -0.00890400 0.01927900
v 0.03720600 -0.00890400 0.01927900
v 0.03423400 -0.00890400 0.02416500
v 0.03423400 -0.00890400 0.02416500
v 0.03062500 -0.00890400 0.02860200
v 0.03062500 -0.00890400 0.02860200
v 0.02644500 -0.00890400 0.03250600
v 0.02644500 -0.00890400 0.03250600
v 0.02177300 -0.00890400 0.03580400
v 0.02177300 -0.00890400 0.03580400
v 0.01669500 -0.00890400 0.03843500
v 0.01669500 -0.00890400 0.03843500
v 0.01130600 -0.00890400 0.04035000
v 0.01130600 -0.00890400 0.04035000
v 0.00570600 -0.00890400 0.04151400
v 0.00570600 -0.00890400 0.04151400
v 0.00000000 -0.00890400 0.04190400
v 0.00000000 -0.00890400 0.04190400
v 0.00000000 -0.00890400 0.04190400
v -0.00570600 -0.00890400 0.04151400
v -0.00570600 -0.00890400 0.04151400
v -0.01130600 -0.00890400 0.04035000
v -0.01130600 -0.00890400 0.04035000
v -0.01669500 -0.00890400 0.03843500
v -0.01669500 -0.00890400 0.03843500
v -0.02177300 -0.00890400 0.03580400
v -0.02177300 -0.00890400 0.03580400
v -0.02644500 -0.00890400 0.03250600
v -0.02644500 -0.00890400 0.03250600
v -0.03062500 -0.00890400 0.02860200
v -0.03062500 -0.00890400 0.02860200
v -0.03423400 -0.00890400 0.02416500
v -0.03423400 -0.00890400 0.02416500
v -0.03720600 -0.00890400 0.01927900
v -0.03720600 -0.00890400 0.01927900
v -0.03948500 -0.00890400 0.01403300
v -0.03948500 -0.00890400 0.01403300
v -0.04102800 -0.00890400 0.00852600
v -0.04102800 -0.00890400 0.00852600
v -0.04180600 -0.00890400 0.00286000
v -0.04180600 -0.00890400 0.00286000
v -0.04180600 -0.00890400 -0.00286000
v -0.04180600 -0.00890400 -0.00286000
v -0.04102800 -0.00890400 -0.00852600
v -0.04102800 -0.00890400 -0.00852600
v -0.03948500 -0.00890400 -0.01403300
v -0.03948500 -0.00890400 -0.01403300
v -0.03720600 -0.00890400 -0.01927900
v -0.03720600 -0.00890400 -0.01927900
v -0.03423400 -0.00890400 -0.02416500
v -0.03423400 -0.00890400 -0.02416500
v -0.03062500 -0.00890400 -0.02860200
v -0.03062500 -0.00890400 -0.02860200
v -0.02644500 -0.00890400 -0.03250600
v -0.02644500 -0.00890400 -0.03250600
v -0.02177300 -0.00890400 -0.03580400
v -0.02177300 -0.00890400 -0.03580400
v -0.01669500 -0.00890400 -0.03843500
v -0.01669500 -0.00890400 -0.03843500
v -0.01130600 -0.00890400 -0.04035000
v -0.01130600 -0.00890400 -0.04035000
v -0.00570600 -0.00890400 -0.04151400
v -0.00570600 -0.00890400 -0.04151400
v 0.00000000 -0.00087900 0.03387900
v 0.00000000 -0.00087900 0.03387900
v 0.00000000 -0.00087900 0.03387900
v 0.00000000 -0.00087900 0.03387900
v 0.00504900 -0.00087900 0.03350000
v 0.00504900 -0.00087900 0.03350000
v 0.00998600 -0.00087900 0.03237400
v 0.00998600 -0.00087900 0.03237400
v 0.01469900 -0.00087900 0.03052400
v 0.01469900 -0.00087900 0.03052400
v 0.01908500 -0.00087900 0.02799200
v 0.01908500 -0.00087900 0.02799200
v 0.02304300 -0.00087900 0.02483500
v 0.02304300 -0.00087900 0.02483500
v 0.02648700 -0.00087900 0.02112300
v 0.02648700 -0.00087900 0.02112300
v 0.02934000 -0.00087900 0.01693900
v 0.02934000 -0.00087900 0.01693900
v 0.03153700 -0.00087900 0.01237700
v 0.03153700 -0.00087900 0.01237700
v 0.03302900 -0.00087900 0.00753900
v 0.03302900 -0.00087900 0.00753900
v 0.03378400 -0.00087900 0.00253200
v 0.03378400 -0.00087900 0.00253200
v 0.03378400 -0.00087900 -0.00253200
v 0.03378400 -0.00087900 -0.00253200
v 0.03302900 -0.00087900 -0.00753900
v 0.03302900 -0.00087900 -0.00753900
v 0.03153700 -0.00087900 -0.01237700
v 0.03153700 -0.00087900 -0.01237700
v 0.02934000 -0.00087900 -0.01693900
v 0.02934000 -0.00087900 -0.01693900
v 0.02648700 -0.00087900 -0.02112300
v 0.02648700 -0.00087900 -0.02112300
v 0.02304300 -0.00087900 -0.02483500
v 0.02304300 -0.00087900 -0.02483500
v 0.01908500 -0.00087900 -0.02799200
v 0.01908500 -0.00087900 -0.02799200
v 0.01469900 -0.00087900 -0.03052400
v 0.01469900 -0.00087900 -0.03052400
v 0.00998600 -0.00087900 -0.03237400
v 0.00998600 -0.00087900 -0.03237400
v 0.00504900 -0.00087900 -0.03350000
v 0.00504900 -0.00087900 -0.03350000
v -0.00000000 -0.00087900 -0.03387900
v -0.00000000 -0.00087900 -0.03387900
v -0.00504900 -0.00087900 -0.03350000
v -0.00504900 -0.00087900 -0.03350000
v -0.00998600 -0.00087900 -0.03237400
v -0.00998600 -0.00087900 -0.03237400
v -0.01469900 -0.00087900 -0.03052400
v -0.01469900 -0.00087900 -0.03052400
v -0.01908500 -0.00087900 -0.02799200
v -0.01908500 -0.00087900 -0.02799200
v -0.02304300 -0.00087900 -0.02483500
v -0.02304300 -0.00087900 -0.02483500
v -0.02648700 -0.00087900 -0.02112300
v -0.02648700 -0.00087900 -0.02112300
v -0.02934000 -0.00087900 -0.01693900
v -0.02934000 -0.00087900 -0.01693900
v -0.03153700 -0.00087900 -0.01237700
v -0.03153700 -0.00087900 -0.01237700
v -0.03302900 -0.00087900 -0.00753900
v -0.03302900 -0.00087900 -0.00753900
v -0.03378400 -0.00087900 -0.00253200
v -0.03378400 -0.00087900 -0.00253200
v -0.03378400 -0.00087900 0.00253200
v -0.03378400 -0.00087900 0.00253200
v -0.03302900 -0.00087900 0.00753900
v -0.03302900 -0.00087900 0.00753900
v -0.03153700 -0.00087900 0.01237700
v -0.03153700 -0.00087900 0.01237700
v -0.02934000 -0.00087900 0.01693900
v -0.02934000 -0.00087900 0.01693900
v -0.02648700 -0.00087900 0.02112300
v -0.02648700 -0.00087900 0.02112300
v -0.02304300 -0.00087900 0.02483500
v -0.02304300 -0.00087900 0.02483500
v -0.01908500 -0.00087900 0.02799200
v -0.01908500 -0.00087900 0.02799200
v -0.01469900 -0.00087900 0.03052400
v -0.01469900 -0.00087900 0.03052400
v -0.00998600 -0.00087900 0.03237400
v -0.00998600 -0.00087900 0.03237400
v -0.00504900 -0.00087900 0.03350000
v -0.00504900 -0.00087900 0.03350000
v 0.00000000 -0.00978300 -0.04402500
v 0.00000000 -0.00978300 -0.04402500
v 0.00000000 -0.00978300 -0.04402500
v 0.00586800 -0.00978300 -0.04363300
v 0.00586800 -0.00978300 -0.04363300
v 0.01163100 -0.00978300 -0.04246100
v 0.01163100 -0.00978300 -0.04246100
v 0.01718700 -0.00978300 -0.04053200
v 0.01718700 -0.00978300 -0.04053200
v 0.02243600 -0.00978300 -0.03788000
v 0.02243600 -0.00978300 -0.03788000
v 0.02728500 -0.00978300 -0.03455100
v 0.02728500 -0.00978300 -0.03455100
v 0.03164700 -0.00978300 -0.03060600
v 0.03164700 -0.00978300 -0.03060600
v 0.03544400 -0.00978300 -0.02611500
v 0.03544400 -0.00978300 -0.02611500
v 0.03860800 -0.00978300 -0.02115800
v 0.03860800 -0.00978300 -0.02115800
v 0.04108400 -0.00978300 -0.01582300
v 0.04108400 -0.00978300 -0.01582300
v 0.04282600 -0.00978300 -0.01020600
v 0.04282600 -0.00978300 -0.01020600
v 0.04380400 -0.00978300 -0.00440700
v 0.04380400 -0.00978300 -0.00440700
v 0.04400100 -0.00978300 0.00147100
v 0.04400100 -0.00978300 0.00147100
v 0.04341200 -0.00978300 0.00732300
v 0.04341200 -0.00978300 0.00732300
v 0.04204900 -0.00978300 0.01304400
v 0.04204900 -0.00978300 0.01304400
v 0.03993500 -0.00978300 0.01853200
v 0.03993500 -0.00978300 0.01853200
v 0.03710900 -0.00978300 0.02368900
v 0.03710900 -0.00978300 0.02368900
v 0.03362000 -0.00978300 0.02842400
v 0.03362000 -0.00978300 0.02842400
v 0.02953200 -0.00978300 0.03265200
v 0.02953200 -0.00978300 0.03265200
v 0.02491600 -0.00978300 0.03629600
v 0.02491600 -0.00978300 0.03629600
v 0.01985600 -0.00978300 0.03929400
v 0.01985600 -0.00978300 0.03929400
v 0.01444100 -0.00978300 0.04159000
v 0.01444100 -0.00978300 0.04159000
v 0.00876900 -0.00978300 0.04314300
v 0.00876900 -0.00978300 0.04314300
v 0.00294100 -0.00978300 0.04392700
v 0.00294100 -0.00978300 0.04392700
v -0.00294100 -0.00978300 0.04392700
v -0.00294100 -0.00978300 0.04392700
v -0.00876900 -0.00978300 0.04314300
v -0.00876900 -0.00978300 0.04314300
v -0.01444100 -0.00978300 0.04159000
v -0.01444100 -0.00978300 0.04159000
v -0.01985600 -0.00978300 0.03929400
v -0.01985600 -0.00978300 0.03929400
v -0.02491600 -0.00978300 0.03629600
v -0.02491600 -0.00978300 0.03629600
v -0.02953200 -0.00978300 0.03265200
v -0.02953200 -0.00978300 0.03265200
v -0.03362000 -0.00978300 0.02842400
v -0.03362000 -0.00978300 0.02842400
v -0.03710900 -0.00978300 0.02368900
v -0.03710900 -0.00978300 0.02368900
v -0.03993500 -0.00978300 0.01853200
v -0.03993500 -0.00978300 0.01853200
v -0.04204900 -0.00978300 0.01304400
v -0.04204900 -0.00978300 0.01304400
v -0.04341200 -0.00978300 0.00732300
v -0.04341200 -0.00978300 0.00732300
v -0.04400100 -0.00978300 0.00147100
v -0.04400100 -0.00978300 0.00147100
v -0.04380400 -0.00978300 -0.00440700
v -0.04380400 -0.00978300 -0.00440700
v -0.04282600 -0.00978300 -0.01020600
v -0.04282600 -0.00978300 -0.01020600
v -0.04108400 -0.00978300 -0.01582300
v -0.04108400 -0.00978300 -0.01582300
v -0.03860800 -0.00978300 -0.02115800
v -0.03860800 -0.00978300 -0.02115800
v -0.03544400 -0.00978300 -0.02611500
v -0.03544400 -0.00978300 -0.02611500
v -0.03164700 -0.00978300 -0.03060600
v -0.03164700 -0.00978300 -0.03060600
v -0.02728500 -0.00978300 -0.03455100
v -0.02728500 -0.00978300 -0.03455100
v -0.02243600 -0.00978300 -0.03788000
v -0.02243600 -0.00978300 -0.03788000
v -0.01718700 -0.00978300 -0.04053200
v -0.01718700 -0.00978300 -0.04053200
v -0.01163100 -0.00978300 -0.04246100
v -0.01163100 -0.00978300 -0.04246100
v -0.00586800 -0.00978300 -0.04363300
v -0.00586800 -0.00978300 -0.04363300
v 0.00000000 -0.00955400 -0.04287700
v 0.00000000 -0.00955400 -0.04287700
v -0.03801500 -0.00955400 0.01983200
v 0.00274700 -0.00955400 0.04278900
v 0.03516700 -0.00955400 0.02453100
v -0.00548300 -0.00955400 -0.04252500
v -0.01087600 -0.00955400 -0.04147500
v -0.01609000 -0.00955400 -0.03974400
v -0.02104100 -0.00955400 -0.03736000
v -0.02564500 -0.00955400 -0.03436300
v -0.02982900 -0.00955400 -0.03080100
v -0.03352300 -0.00955400 -0.02673400
v -0.03666600 -0.00955400 -0.02222700
v -0.03920800 -0.00955400 -0.01735600
v -0.04110500 -0.00955400 -0.01220000
v -0.04232800 -0.00955400 -0.00684300
v -0.04285500 -0.00955400 -0.00137400
v -0.04267900 -0.00955400 0.00411700
v -0.04180200 -0.00955400 0.00954100
v -0.04023900 -0.00955400 0.01480800
v -0.03174100 -0.00955400 0.02882700
v -0.03516700 -0.00955400 0.02453100
v -0.02779400 -0.00955400 0.03264900
v -0.02339100 -0.00955400 0.03593500
v -0.01860400 -0.00955400 0.03863100
v -0.01351100 -0.00955400 0.04069300
v -0.00819600 -0.00955400 0.04208700
v -0.00274700 -0.00955400 0.04278900
v 0.00819600 -0.00955400 0.04208700
v 0.01351100 -0.00955400 0.04069300
v 0.01860400 -0.00955400 0.03863100
v 0.02339100 -0.00955400 0.03593500
v 0.02779400 -0.00955400 0.03264900
v 0.03174100 -0.00955400 0.02882700
v 0.04023900 -0.00955400 0.01480800
v 0.03801500 -0.00955400 0.01983200
v 0.04180200 -0.00955400 0.00954100
v 0.04267900 -0.00955400 0.00411700
v 0.04285500 -0.00955400 -0.00137400
v 0.04232800 -0.00955400 -0.00684300
v 0.04110500 -0.00955400 -0.01220000
v 0.03920800 -0.00955400 -0.01735600
v 0.03666600 -0.00955400 -0.02222700
v 0.03352300 -0.00955400 -0.02673400
v 0.02982900 -0.00955400 -0.03080100
v 0.02564500 -0.00955400 -0.03436300
v 0.02104100 -0.00955400 -0.03736000
v 0.01609000 -0.00955400 -0.03974400
v 0.01087600 -0.00955400 -0.04147500
v 0.00548300 -0.00955400 -0.04252500
v 0.04367000 0.00253500 0.00670900
v 0.04367000 0.00253500 0.00670900
v 0.04367000 0.00253500 0.00670900
v 0.04734700 -0.00141600 0.00866400
v 0.04734700 -0.00141600 0.00866400
v 0.04734700 -0.00141600 0.00866400
v 0.03960600 -0.00141600 0.02735300
v 0.03960600 -0.00141600 0.02735300
v 0.03960600 -0.00141600 0.02735300
v 0.03562400 0.00253500 0.02613500
v 0.03562400 0.00253500 0.02613500
v 0.03562400 0.00253500 0.02613500
v 0.03562400 0.00253500 -0.02613500
v 0.03562400 0.00253500 -0.02613500
v 0.03562400 0.00253500 -0.02613500
v 0.03960600 -0.00141600 -0.02735300
v 0.03960600 -0.00141600 -0.02735300
v 0.03960600 -0.00141600 -0.02735300
v 0.04734700 -0.00141600 -0.00866400
v 0.04734700 -0.00141600 -0.00866400
v 0.04734700 -0.00141600 -0.00866400
v 0.04367000 0.00253500 -0.00670900
v 0.04367000 0.00253500 -0.00670900
v 0.04367000 0.00253500 -0.00670900
v 0.02613500 0.00253500 0.03562400
v 0.02613500 0.00253500 0.03562400
v 0.02613500 0.00253500 0.03562400
v 0.02735300 -0.00141600 0.03960600
v 0.02735300 -0.00141600 0.03960600
v 0.02735300 -0.00141600 0.03960600
v 0.00866400 -0.00141600 0.04734700
v 0.00866400 -0.00141600 0.04734700
v 0.00866400 -0.00141600 0.04734700
v 0.00670900 0.00253500 0.04367000
v 0.00670900 0.00253500 0.04367000
v 0.00670900 0.00253500 0.04367000
v 0.02613500 0.00253500 -0.03562400
v 0.02613500 0.00253500 -0.03562400
v 0.02613500 0.00253500 -0.03562400
v 0.02664500 0.00351700 -0.03400500
v 0.02664500 0.00351700 -0.03400500
v 0.02664500 0.00351700 -0.03400500
v 0.02630400 0.00342900 -0.03438000
v 0.02630400 0.00342900 -0.03438000
v 0.02611700 0.00319700 -0.03481300
v 0.02611700 0.00319700 -0.03481300
v 0.02607800 0.01000000 -0.03502900
v 0.02625700 0.01000000 -0.03445900
v 0.02735300 -0.00141600 -0.03960600
v 0.02735300 -0.00141600 -0.03960600
v 0.02735300 -0.00141600 -0.03960600
v 0.01030300 -0.00248300 0.04810900
v 0.01030300 -0.00248300 0.04810900
v 0.01030300 -0.00248300 0.04810900
v 0.00928000 -0.00213700 0.04796400
v 0.00928000 -0.00213700 0.04796400
v 0.00976100 -0.00238800 0.04812500
v 0.00976100 -0.00238800 0.04812500
v 0.00908000 0.01000000 0.04783600
v 0.00966100 0.01000000 0.04810600
v 0.02673300 -0.00248300 0.04130300
v 0.02673300 -0.00248300 0.04130300
v 0.02673300 -0.00248300 0.04130300
v 0.01604200 -0.00248300 0.04651100
v 0.01604200 -0.00248300 0.04651100
v 0.02154500 -0.00248300 0.04423200
v 0.02154500 -0.00248300 0.04423200
v 0.02712700 -0.00238800 0.04093200
v 0.02712700 -0.00238800 0.04093200
v 0.02735400 -0.00213700 0.04047800
v 0.02735400 -0.00213700 0.04047800
v 0.02718500 0.01000000 0.04084800
v 0.02740500 0.01000000 0.04024500
v 0.02664500 0.00351700 0.03400500
v 0.02664500 0.00351700 0.03400500
v 0.02664500 0.00351700 0.03400500
v 0.02611700 0.00319700 0.03481300
v 0.02611700 0.00319700 0.03481300
v 0.02630400 0.00342900 0.03438000
v 0.02630400 0.00342900 0.03438000
v 0.02607800 0.01000000 0.03502900
v 0.02625700 0.01000000 0.03445900
v 0.03400500 0.00351700 0.02664500
v 0.03400500 0.00351700 0.02664500
v 0.03400500 0.00351700 0.02664500
v 0.02929300 0.00351700 0.03175200
v 0.02929300 0.00351700 0.03175200
v 0.03175200 0.00351700 0.02929300
v 0.03175200 0.00351700 0.02929300
v 0.03438000 0.00342900 0.02630400
v 0.03438000 0.00342900 0.02630400
v 0.03481300 0.00319700 0.02611700
v 0.03481300 0.00319700 0.02611700
v 0.03502900 0.01000000 0.02607800
v 0.03445900 0.01000000 0.02625700
v 0.04130300 -0.00248300 0.02673300
v 0.04130300 -0.00248300 0.02673300
v 0.04130300 -0.00248300 0.02673300
v 0.04047800 -0.00213700 0.02735400
v 0.04047800 -0.00213700 0.02735400
v 0.04093200 -0.00238800 0.02712700
v 0.04093200 -0.00238800 0.02712700
v 0.04024500 0.01000000 0.02740500
v 0.04084800 0.01000000 0.02718500
v 0.04810900 -0.00248300 0.01030300
v 0.04810900 -0.00248300 0.01030300
v 0.04810900 -0.00248300 0.01030300
v 0.04423200 -0.00248300 0.02154500
v 0.04423200 -0.00248300 0.02154500
v 0.04651100 -0.00248300 0.01604200
v 0.04651100 -0.00248300 0.01604200
v 0.04812500 -0.00238800 0.00976100
v 0.04812500 -0.00238800 0.00976100
v 0.04796400 -0.00213700 0.00928000
v 0.04796400 -0.00213700 0.00928000
v 0.04810600 0.01000000 0.00966100
v 0.04783600 0.01000000 0.00908000
v 0.04288500 0.00351700 0.00520400
v 0.04288500 0.00351700 0.00520400
v 0.04288500 0.00351700 0.00520400
v 0.04308400 0.00319700 0.00614900
v 0.04308400 0.00319700 0.00614900
v 0.04291000 0.00342900 0.00571000
v 0.04291000 0.00342900 0.00571000
v 0.04320900 0.01000000 0.00633000
v 0.04293300 0.01000000 0.00580000
v 0.04288500 0.00351700 -0.00520400
v 0.04288500 0.00351700 -0.00520400
v 0.04288500 0.00351700 -0.00520400
v 0.04316500 0.00351700 0.00173900
v 0.04316500 0.00351700 0.00173900
v 0.04316500 0.00351700 -0.00173900
v 0.04316500 0.00351700 -0.00173900
v 0.04291000 0.00342900 -0.00571000
v 0.04291000 0.00342900 -0.00571000
v 0.04308400 0.00319700 -0.00614900
v 0.04308400 0.00319700 -0.00614900
v 0.04320900 0.01000000 -0.00633000
v 0.04293300 0.01000000 -0.00580000
v 0.04810900 -0.00248300 -0.01030300
v 0.04810900 -0.00248300 -0.01030300
v 0.04810900 -0.00248300 -0.01030300
v 0.04796400 -0.00213700 -0.00928000
v 0.04796400 -0.00213700 -0.00928000
v 0.04812500 -0.00238800 -0.00976100
v 0.04812500 -0.00238800 -0.00976100
v 0.04783600 0.01000000 -0.00908000
v 0.04810600 0.01000000 -0.00966100
v 0.03400500 0.00351700 -0.02664500
v 0.03400500 0.00351700 -0.02664500
v 0.03400500 0.00351700 -0.02664500
v 0.03175200 0.00351700 -0.02929300
v 0.03175200 0.00351700 -0.02929300
v 0.02929300 0.00351700 -0.03175200
v 0.02929300 0.00351700 -0.03175200
v 0.03481300 0.00319700 -0.02611700
v 0.03481300 0.00319700 -0.02611700
v 0.03438000 0.00342900 -0.02630400
v 0.03438000 0.00342900 -0.02630400
v 0.03502900 0.01000000 -0.02607800
v 0.03445900 0.01000000 -0.02625700
v 0.04130300 -0.00248300 -0.02673300
v 0.04130300 -0.00248300 -0.02673300
v 0.04130300 -0.00248300 -0.02673300
v 0.04651100 -0.00248300 -0.01604200
v 0.04651100 -0.00248300 -0.01604200
v 0.04423200 -0.00248300 -0.02154500
v 0.04423200 -0.00248300 -0.02154500
v 0.04093200 -0.00238800 -0.02712700
v 0.04093200 -0.00238800 -0.02712700
v 0.04047800 -0.00213700 -0.02735400
v 0.04047800 -0.00213700 -0.02735400
v 0.04084800 0.01000000 -0.02718500
v 0.04024500 0.01000000 -0.02740500
v 0.02673300 -0.00248300 -0.04130300
v 0.02673300 -0.00248300 -0.04130300
v 0.02673300 -0.00248300 -0.04130300
v 0.02735400 -0.00213700 -0.04047800
v 0.02735400 -0.00213700 -0.04047800
v 0.02712700 -0.00238800 -0.04093200
v 0.02712700 -0.00238800 -0.04093200
v 0.02740500 0.01000000 -0.04024500
v 0.02718500 0.01000000 -0.04084800
v 0.01030300 -0.00248300 -0.04810900
v 0.01030300 -0.00248300 -0.04810900
v 0.01030300 -0.00248300 -0.04810900
v 0.02154500 -0.00248300 -0.04423200
v 0.02154500 -0.00248300 -0.04423200
v 0.01604200 -0.00248300 -0.04651100
v 0.01604200 -0.00248300 -0.04651100
v -0.00520400 0.00351700 -0.04288500
v -0.00520400 0.00351700 -0.04288500
v -0.00520400 0.00351700 -0.04288500
v -0.00173900 0.00351700 -0.04316500
v -0.00173900 0.00351700 -0.04316500
v -0.00173900 0.00351700 -0.04316500
v 0.00173900 0.00351700 -0.04316500
v 0.00173900 0.00351700 -0.04316500
v 0.00520400 0.00351700 -0.04288500
v 0.00520400 0.00351700 -0.04288500
v 0.00520400 0.00351700 -0.04288500
v 0.00571000 0.00342900 -0.04291000
v 0.00571000 0.00342900 -0.04291000
v 0.00614900 0.00319700 -0.04308400
v 0.00614900 0.00319700 -0.04308400
v 0.00670900 0.00253500 -0.04367000
v 0.00670900 0.00253500 -0.04367000
v 0.00670900 0.00253500 -0.04367000
v 0.00866400 -0.00141600 -0.04734700
v 0.00866400 -0.00141600 -0.04734700
v 0.00866400 -0.00141600 -0.04734700
v 0.00928000 -0.00213700 -0.04796400
v 0.00928000 -0.00213700 -0.04796400
v 0.00976100 -0.00238800 -0.04812500
v 0.00976100 -0.00238800 -0.04812500
v 0.00614900 0.00319700 0.04308400
v 0.00614900 0.00319700 0.04308400
v 0.00571000 0.00342900 0.04291000
v 0.00571000 0.00342900 0.04291000
v 0.00520400 0.00351700 0.04288500
v 0.00520400 0.00351700 0.04288500
v 0.00520400 0.00351700 0.04288500
v 0.00173900 0.00351700 0.04316500
v 0.00173900 0.00351700 0.04316500
v -0.00173900 0.00351700 0.04316500
v -0.00173900 0.00351700 0.04316500
v -0.00520400 0.00351700 0.04288500
v -0.00520400 0.00351700 0.04288500
v -0.00520400 0.00351700 0.04288500
v -0.00571000 0.00342900 0.04291000
v -0.00571000 0.00342900 0.04291000
v -0.00614900 0.00319700 0.04308400
v -0.00614900 0.00319700 0.04308400
v -0.00670900 0.00253500 0.04367000
v -0.00670900 0.00253500 0.04367000
v -0.00670900 0.00253500 0.04367000
v -0.00866400 -0.00141600 0.04734700
v -0.00866400 -0.00141600 0.04734700
v -0.00866400 -0.00141600 0.04734700
v -0.00928000 -0.00213700 0.04796400
v -0.00928000 -0.00213700 0.04796400
v -0.00976100 -0.00238800 0.04812500
v -0.00976100 -0.00238800 0.04812500
v -0.01030300 -0.00248300 0.04810900
v -0.01030300 -0.00248300 0.04810900
v -0.01030300 -0.00248300 0.04810900
v -0.01604200 -0.00248300 0.04651100
v -0.01604200 -0.00248300 0.04651100
v -0.02154500 -0.00248300 0.04423200
v -0.02154500 -0.00248300 0.04423200
v -0.02673300 -0.00248300 0.04130300
v -0.02673300 -0.00248300 0.04130300
v -0.02673300 -0.00248300 0.04130300
v -0.02712700 -0.00238800 0.04093200
v -0.02712700 -0.00238800 0.04093200
v -0.02735400 -0.00213700 0.04047800
v -0.02735400 -0.00213700 0.04047800
v -0.02735300 -0.00141600 0.03960600
v -0.02735300 -0.00141600 0.03960600
v -0.02735300 -0.00141600 0.03960600
v -0.02613500 0.00253500 0.03562400
v -0.02613500 0.00253500 0.03562400
v -0.02613500 0.00253500 0.03562400
v -0.02611700 0.00319700 0.03481300
v -0.02611700 0.00319700 0.03481300
v -0.02630400 0.00342900 0.03438000
v -0.02630400 0.00342900 0.03438000
v -0.02664500 0.00351700 0.03400500
v -0.02664500 0.00351700 0.03400500
v -0.02664500 0.00351700 0.03400500
v -0.02929300 0.00351700 0.03175200
v -0.02929300 0.00351700 0.03175200
v -0.03175200 0.00351700 0.02929300
v -0.03175200 0.00351700 0.02929300
v -0.03400500 0.00351700 0.02664500
v -0.03400500 0.00351700 0.02664500
v -0.03400500 0.00351700 0.02664500
v -0.03438000 0.00342900 0.02630400
v -0.03438000 0.00342900 0.02630400
v -0.03481300 0.00319700 0.02611700
v -0.03481300 0.00319700 0.02611700
v -0.03562400 0.00253500 0.02613500
v -0.03562400 0.00253500 0.02613500
v -0.03562400 0.00253500 0.02613500
v -0.03960600 -0.00141600 0.02735300
v -0.03960600 -0.00141600 0.02735300
v -0.03960600 -0.00141600 0.02735300
v -0.04047800 -0.00213700 0.02735400
v -0.04047800 -0.00213700 0.02735400
v -0.04093200 -0.00238800 0.02712700
v -0.04093200 -0.00238800 0.02712700
v -0.04130300 -0.00248300 0.02673300
v -0.04130300 -0.00248300 0.02673300
v -0.04130300 -0.00248300 0.02673300
v -0.04423200 -0.00248300 0.02154500
v -0.04423200 -0.00248300 0.02154500
v -0.04651100 -0.00248300 0.01604200
v -0.04651100 -0.00248300 0.01604200
v -0.04810900 -0.00248300 0.01030300
v -0.04810900 -0.00248300 0.01030300
v -0.04810900 -0.00248300 0.01030300
v -0.04812500 -0.00238800 0.00976100
v -0.04812500 -0.00238800 0.00976100
v -0.04796400 -0.00213700 0.00928000
v -0.04796400 -0.00213700 0.00928000
v -0.04734700 -0.00141600 0.00866400
v -0.04734700 -0.00141600 0.00866400
v -0.04734700 -0.00141600 0.00866400
v -0.04367000 0.00253500 0.00670900
v -0.04367000 0.00253500 0.00670900
v -0.04367000 0.00253500 0.00670900
v -0.04308400 0.00319700 0.00614900
v -0.04308400 0.00319700 0.00614900
v -0.04291000 0.00342900 0.00571000
v -0.04291000 0.00342900 0.00571000
v -0.04288500 0.00351700 0.00520400
v -0.04288500 0.00351700 0.00520400
v -0.04288500 0.00351700 0.00520400
v -0.04316500 0.00351700 0.00173900
v -0.04316500 0.00351700 0.00173900
v -0.04316500 0.00351700 -0.00173900
v -0.04316500 0.00351700 -0.00173900
v -0.04288500 0.00351700 -0.00520400
v -0.04288500 0.00351700 -0.00520400
v -0.04288500 0.00351700 -0.00520400
v -0.04291000 0.00342900 -0.00571000
v -0.04291000 0.00342900 -0.00571000
v -0.04308400 0.00319700 -0.00614900
v -0.04308400 0.00319700 -0.00614900
v -0.04367000 0.00253500 -0.00670900
v -0.04367000 0.00253500 -0.00670900
v -0.04367000 0.00253500 -0.00670900
v -0.04734700 -0.00141600 -0.00866400
v -0.04734700 -0.00141600 -0.00866400
v -0.04734700 -0.00141600 -0.00866400
v -0.04796400 -0.00213700 -0.00928000
v -0.04796400 -0.00213700 -0.00928000
v -0.04812500 -0.00238800 -0.00976100
v -0.04812500 -0.00238800 -0.00976100
v -0.04810900 -0.00248300 -0.01030300
v -0.04810900 -0.00248300 -0.01030300
v -0.04810900 -0.00248300 -0.01030300
v -0.04651100 -0.00248300 -0.01604200
v -0.04651100 -0.00248300 -0.01604200
v -0.04423200 -0.00248300 -0.02154500
v -0.04423200 -0.00248300 -0.02154500
v -0.04130300 -0.00248300 -0.02673300
v -0.04130300 -0.00248300 -0.02673300
v -0.04130300 -0.00248300 -0.02673300
v -0.04093200 -0.00238800 -0.02712700
v -0.04093200 -0.00238800 -0.02712700
v -0.04047800 -0.00213700 -0.02735400
v -0.04047800 -0.00213700 -0.02735400
v -0.03960600 -0.00141600 -0.02735300
v -0.03960600 -0.00141600 -0.02735300
v -0.03960600 -0.00141600 -0.02735300
v -0.03562400 0.00253500 -0.02613500
v -0.03562400 0.00253500 -0.02613500
v -0.03562400 0.00253500 -0.02613500
v -0.03481300 0.00319700 -0.02611700
v -0.03481300 0.00319700 -0.02611700
v -0.03438000 0.00342900 -0.02630400
v -0.03438000 0.00342900 -0.02630400
v -0.03400500 0.00351700 -0.02664500
v -0.03400500 0.00351700 -0.02664500
v -0.03400500 0.00351700 -0.02664500
v -0.03175200 0.00351700 -0.02929300
v -0.03175200 0.00351700 -0.02929300
v -0.02929300 0.00351700 -0.03175200
v -0.02929300 0.00351700 -0.03175200
v -0.02664500 0.00351700 -0.03400500
v -0.02664500 0.00351700 -0.03400500
v -0.02664500 0.00351700 -0.03400500
v -0.02630400 0.00342900 -0.03438000
v -0.02630400 0.00342900 -0.03438000
v -0.02611700 0.00319700 -0.03481300
v -0.02611700 0.00319700 -0.03481300
v -0.02613500 0.00253500 -0.03562400
v -0.02613500 0.00253500 -0.03562400
v -0.02613500 0.00253500 -0.03562400
v -0.02735300 -0.00141600 -0.03960600
v -0.02735300 -0.00141600 -0.03960600
v -0.02735300 -0.00141600 -0.03960600
v -0.02735400 -0.00213700 -0.04047800
v -0.02735400 -0.00213700 -0.04047800
v -0.02712700 -0.00238800 -0.04093200
v -0.02712700 -0.00238800 -0.04093200
v -0.02673300 -0.00248300 -0.04130300
v -0.02673300 -0.00248300 -0.04130300
v -0.02673300 -0.00248300 -0.04130300
v -0.02154500 -0.00248300 -0.04423200
v -0.02154500 -0.00248300 -0.04423200
v -0.01604200 -0.00248300 -0.04651100
v -0.01604200 -0.00248300 -0.04651100
v -0.01030300 -0.00248300 -0.04810900
v -0.01030300 -0.00248300 -0.04810900
v -0.01030300 -0.00248300 -0.04810900
v -0.00976100 -0.00238800 -0.04812500
v -0.00976100 -0.00238800 -0.04812500
v -0.00928000 -0.00213700 -0.04796400
v -0.00928000 -0.00213700 -0.04796400
v -0.00866400 -0.00141600 -0.04734700
v -0.00866400 -0.00141600 -0.04734700
v -0.00866400 -0.00141600 -0.04734700
v -0.00670900 0.00253500 -0.04367000
v -0.00670900 0.00253500 -0.04367000
v -0.00670900 0.00253500 -0.04367000
v -0.00614900 0.00319700 -0.04308400
v -0.00614900 0.00319700 -0.04308400
v -0.00571000 0.00342900 -0.04291000
v -0.00571000 0.00342900 -0.04291000
v 0.00000000 -0.00778300 -0.05450000
v 0.00000000 -0.00778300 -0.05450000
v 0.00000000 -0.00778300 -0.05450000
v 0.00000000 -0.00778300 -0.05450000
v -0.00644600 -0.00778300 -0.05411700
v -0.00644600 -0.00778300 -0.05411700
v -0.01280100 -0.00778300 -0.05297500
v -0.01280100 -0.00778300 -0.05297500
v -0.01897700 -0.00778300 -0.05108900
v -0.01897700 -0.00778300 -0.05108900
v -0.02488600 -0.00778300 -0.04848600
v -0.02488600 -0.00778300 -0.04848600
v -0.03044600 -0.00778300 -0.04520300
v -0.03044600 -0.00778300 -0.04520300
v -0.03557900 -0.00778300 -0.04128400
v -0.03557900 -0.00778300 -0.04128400
v -0.04021200 -0.00778300 -0.03678700
v -0.04021200 -0.00778300 -0.03678700
v -0.04428100 -0.00778300 -0.03177200
v -0.04428100 -0.00778300 -0.03177200
v -0.04772800 -0.00778300 -0.02631200
v -0.04772800 -0.00778300 -0.02631200
v -0.05050500 -0.00778300 -0.02048300
v -0.05050500 -0.00778300 -0.02048300
v -0.05257300 -0.00778300 -0.01436600
v -0.05257300 -0.00778300 -0.01436600
v -0.05390300 -0.00778300 -0.00804700
v -0.05390300 -0.00778300 -0.00804700
v -0.05447600 -0.00778300 -0.00161500
v -0.05447600 -0.00778300 -0.00161500
v -0.05428500 -0.00778300 0.00483900
v -0.05428500 -0.00778300 0.00483900
v -0.05333100 -0.00778300 0.01122600
v -0.05333100 -0.00778300 0.01122600
v -0.05162900 -0.00778300 0.01745500
v -0.05162900 -0.00778300 0.01745500
v -0.04920200 -0.00778300 0.02343900
v -0.04920200 -0.00778300 0.02343900
v -0.04608500 -0.00778300 0.02909300
v -0.04608500 -0.00778300 0.02909300
v -0.04232100 -0.00778300 0.03434000
v -0.04232100 -0.00778300 0.03434000
v -0.03796200 -0.00778300 0.03910400
v -0.03796200 -0.00778300 0.03910400
v -0.03307100 -0.00778300 0.04332000
v -0.03307100 -0.00778300 0.04332000
v -0.02771500 -0.00778300 0.04692700
v -0.02771500 -0.00778300 0.04692700
v -0.02197000 -0.00778300 0.04987500
v -0.02197000 -0.00778300 0.04987500
v -0.01591700 -0.00778300 0.05212400
v -0.01591700 -0.00778300 0.05212400
v -0.00964100 -0.00778300 0.05364100
v -0.00964100 -0.00778300 0.05364100
v -0.00322900 -0.00778300 0.05440400
v -0.00322900 -0.00778300 0.05440400
v 0.00322900 -0.00778300 0.05440400
v 0.00322900 -0.00778300 0.05440400
v 0.00964100 -0.00778300 0.05364100
v 0.00964100 -0.00778300 0.05364100
v 0.01591700 -0.00778300 0.05212400
v 0.01591700 -0.00778300 0.05212400
v 0.02197000 -0.00778300 0.04987500
v 0.02197000 -0.00778300 0.04987500
v 0.02771500 -0.00778300 0.04692700
v 0.02771500 -0.00778300 0.04692700
v 0.03307100 -0.00778300 0.04332000
v 0.03307100 -0.00778300 0.04332000
v 0.03796200 -0.00778300 0.03910400
v 0.03796200 -0.00778300 0.03910400
v 0.04232100 -0.00778300 0.03434000
v 0.04232100 -0.00778300 0.03434000
v 0.04608500 -0.00778300 0.02909300
v 0.04608500 -0.00778300 0.02909300
v 0.04920200 -0.00778300 0.02343900
v 0.04920200 -0.00778300 0.02343900
v 0.05162900 -0.00778300 0.01745500
v 0.05162900 -0.00778300 0.01745500
v 0.05333100 -0.00778300 0.01122600
v 0.05333100 -0.00778300 0.01122600
v 0.05428500 -0.00778300 0.00483900
v 0.05428500 -0.00778300 0.00483900
v 0.05447600 -0.00778300 -0.00161500
v 0.05447600 -0.00778300 -0.00161500
v 0.05390300 -0.00778300 -0.00804700
v 0.05390300 -0.00778300 -0.00804700
v 0.05257300 -0.00778300 -0.01436600
v 0.05257300 -0.00778300 -0.01436600
v 0.05050500 -0.00778300 -0.02048300
v 0.05050500 -0.00778300 -0.02048300
v 0.04772800 -0.00778300 -0.02631200
v 0.04772800 -0.00778300 -0.02631200
v 0.04428100 -0.00778300 -0.03177200
v 0.04428100 -0.00778300 -0.03177200
v 0.04021200 -0.00778300 -0.03678700
v 0.04021200 -0.00778300 -0.03678700
v 0.03557900 -0.00778300 -0.04128400
v 0.03557900 -0.00778300 -0.04128400
v 0.03044600 -0.00778300 -0.04520300
v 0.03044600 -0.00778300 -0.04520300
v 0.02488600 -0.00778300 -0.04848600
v 0.02488600 -0.00778300 -0.04848600
v 0.01897700 -0.00778300 -0.05108900
v 0.01897700 -0.00778300 -0.05108900
v 0.01280100 -0.00778300 -0.05297500
v 0.01280100 -0.00778300 -0.05297500
v 0.00644600 -0.00778300 -0.05411700
v 0.00644600 -0.00778300 -0.05411700
v -0.00633000 0.01000000 -0.04320900
v -0.00580000 0.01000000 -0.04293300
v 0.00633000 0.01000000 -0.04320900
v 0.00580000 0.01000000 -0.04293300
v 0.00966100 0.01000000 -0.04810600
v 0.00908000 0.01000000 -0.04783600
v 0.00000000 -0.00878300 0.05450000
v 0.00000000 -0.00878300 0.05450000
v 0.00000000 -0.00878300 0.05450000
v 0.00644600 -0.00878300 0.05411700
v 0.00644600 -0.00878300 0.05411700
v 0.01280100 -0.00878300 0.05297500
v 0.01280100 -0.00878300 0.05297500
v 0.01897700 -0.00878300 0.05108900
v 0.01897700 -0.00878300 0.05108900
v 0.02488600 -0.00878300 0.04848600
v 0.02488600 -0.00878300 0.04848600
v 0.03044600 -0.00878300 0.04520300
v 0.03044600 -0.00878300 0.04520300
v 0.03557900 -0.00878300 0.04128400
v 0.03557900 -0.00878300 0.04128400
v 0.04021200 -0.00878300 0.03678700
v 0.04021200 -0.00878300 0.03678700
v 0.04428100 -0.00878300 0.03177200
v 0.04428100 -0.00878300 0.03177200
v 0.04772800 -0.00878300 0.02631200
v 0.04772800 -0.00878300 0.02631200
v 0.05050500 -0.00878300 0.02048300
v 0.05050500 -0.00878300 0.02048300
v 0.05257300 -0.00878300 0.01436600
v 0.05257300 -0.00878300 0.01436600
v 0.05390300 -0.00878300 0.00804700
v 0.05390300 -0.00878300 0.00804700
v 0.05447600 -0.00878300 0.00161500
v 0.05447600 -0.00878300 0.00161500
v 0.05428500 -0.00878300 -0.00483900
v 0.05428500 -0.00878300 -0.00483900
v 0.05333100 -0.00878300 -0.01122600
v 0.05333100 -0.00878300 -0.01122600
v 0.05162900 -0.00878300 -0.01745500
v 0.05162900 -0.00878300 -0.01745500
v 0.04920200 -0.00878300 -0.02343900
v 0.04920200 -0.00878300 -0.02343900
v 0.04608500 -0.00878300 -0.02909300
v 0.04608500 -0.00878300 -0.02909300
v 0.04232100 -0.00878300 -0.03434000
v 0.04232100 -0.00878300 -0.03434000
v 0.03796200 -0.00878300 -0.03910400
v 0.03796200 -0.00878300 -0.03910400
v 0.03307100 -0.00878300 -0.04332000
v 0.03307100 -0.00878300 -0.04332000
v 0.02771500 -0.00878300 -0.04692700
v 0.02771500 -0.00878300 -0.04692700
v 0.02197000 -0.00878300 -0.04987500
v 0.02197000 -0.00878300 -0.04987500
v 0.01591700 -0.00878300 -0.05212400
v 0.01591700 -0.00878300 -0.05212400
v 0.00964100 -0.00878300 -0.05364100
v 0.00964100 -0.00878300 -0.05364100
v 0.00322900 -0.00878300 -0.05440400
v 0.00322900 -0.00878300 -0.05440400
v 0.00322900 -0.00878300 -0.05440400
v -0.00322900 -0.00878300 -0.05440400
v -0.00322900 -0.00878300 -0.05440400
v -0.00964100 -0.00878300 -0.05364100
v -0.00964100 -0.00878300 -0.05364100
v -0.01591700 -0.00878300 -0.05212400
v -0.01591700 -0.00878300 -0.05212400
v -0.02197000 -0.00878300 -0.04987500
v -0.02197000 -0.00878300 -0.04987500
v -0.02771500 -0.00878300 -0.04692700
v -0.02771500 -0.00878300 -0.04692700
v -0.03307100 -0.00878300 -0.04332000
v -0.03307100 -0.00878300 -0.04332000
v -0.03796200 -0.00878300 -0.03910400
v -0.03796200 -0.00878300 -0.03910400
v -0.04232100 -0.00878300 -0.03434000
v -0.04232100 -0.00878300 -0.03434000
v -0.04608500 -0.00878300 -0.02909300
v -0.04608500 -0.00878300 -0.02909300
v -0.04920200 -0.00878300 -0.02343900
v -0.04920200 -0.00878300 -0.02343900
v -0.05162900 -0.00878300 -0.01745500
v -0.05162900 -0.00878300 -0.01745500
v -0.05333100 -0.00878300 -0.01122600
v -0.05333100 -0.00878300 -0.01122600
v -0.05428500 -0.00878300 -0.00483900
v -0.05428500 -0.00878300 -0.00483900
v -0.05447600 -0.00878300 0.00161500
v -0.05447600 -0.00878300 0.00161500
v -0.05390300 -0.00878300 0.00804700
v -0.05390300 -0.00878300 0.00804700
v -0.05257300 -0.00878300 0.01436600
v -0.05257300 -0.00878300 0.01436600
v -0.05050500 -0.00878300 0.02048300
v -0.05050500 -0.00878300 0.02048300
v -0.04772800 -0.00878300 0.02631200
v -0.04772800 -0.00878300 0.02631200
v -0.04428100 -0.00878300 0.03177200
v -0.04428100 -0.00878300 0.03177200
v -0.04021200 -0.00878300 0.03678700
v -0.04021200 -0.00878300 0.03678700
v -0.03557900 -0.00878300 0.04128400
v -0.03557900 -0.00878300 0.04128400
v -0.03044600 -0.00878300 0.04520300
v -0.03044600 -0.00878300 0.04520300
v -0.02488600 -0.00878300 0.04848600
v -0.02488600 -0.00878300 0.04848600
v -0.01897700 -0.00878300 0.05108900
v -0.01897700 -0.00878300 0.05108900
v -0.01280100 -0.00878300 0.05297500
v -0.01280100 -0.00878300 0.05297500
v -0.00644600 -0.00878300 0.05411700
v -0.00644600 -0.00878300 0.05411700
v 0.00000000 -0.00978300 0.05350000
v 0.00000000 -0.00978300 0.05350000
v 0.00000000 -0.00978300 0.05350000
v 0.00644900 -0.00978300 0.05311000
v 0.00644900 -0.00978300 0.05311000
v 0.01280300 -0.00978300 0.05194500
v 0.01280300 -0.00978300 0.05194500
v 0.01897100 -0.00978300 0.05002300
v 0.01897100 -0.00978300 0.05002300
v 0.02486300 -0.00978300 0.04737200
v 0.02486300 -0.00978300 0.04737200
v 0.03039100 -0.00978300 0.04403000
v 0.03039100 -0.00978300 0.04403000
v 0.03547700 -0.00978300 0.04004500
v 0.03547700 -0.00978300 0.04004500
v 0.04004500 -0.00978300 0.03547700
v 0.04004500 -0.00978300 0.03547700
v 0.04403000 -0.00978300 0.03039100
v 0.04403000 -0.00978300 0.03039100
v 0.04737200 -0.00978300 0.02486300
v 0.04737200 -0.00978300 0.02486300
v 0.05002300 -0.00978300 0.01897100
v 0.05002300 -0.00978300 0.01897100
v 0.05194500 -0.00978300 0.01280300
v 0.05194500 -0.00978300 0.01280300
v 0.05311000 -0.00978300 0.00644900
v 0.05311000 -0.00978300 0.00644900
v 0.05350000 -0.00978300 -0.00000000
v 0.05350000 -0.00978300 -0.00000000
v 0.05311000 -0.00978300 -0.00644900
v 0.05311000 -0.00978300 -0.00644900
v 0.05194500 -0.00978300 -0.01280300
v 0.05194500 -0.00978300 -0.01280300
v 0.05002300 -0.00978300 -0.01897100
v 0.05002300 -0.00978300 -0.01897100
v 0.04737200 -0.00978300 -0.02486300
v 0.04737200 -0.00978300 -0.02486300
v 0.04403000 -0.00978300 -0.03039100
v 0.04403000 -0.00978300 -0.03039100
v 0.04004500 -0.00978300 -0.03547700
v 0.04004500 -0.00978300 -0.03547700
v 0.03547700 -0.00978300 -0.04004500
v 0.03547700 -0.00978300 -0.04004500
v 0.03039100 -0.00978300 -0.04403000
v 0.03039100 -0.00978300 -0.04403000
v 0.02486300 -0.00978300 -0.04737200
v 0.02486300 -0.00978300 -0.04737200
v 0.01897100 -0.00978300 -0.05002300
v 0.01897100 -0.00978300 -0.05002300
v 0.01280300 -0.00978300 -0.05194500
v 0.01280300 -0.00978300 -0.05194500
v 0.00644900 -0.00978300 -0.05311000
v 0.00644900 -0.00978300 -0.05311000
v -0.00000000 -0.00978300 -0.05350000
v -0.00000000 -0.00978300 -0.05350000
v -0.00644900 -0.00978300 -0.05311000
v -0.00644900 -0.00978300 -0.05311000
v -0.01280300 -0.00978300 -0.05194500
v -0.01280300 -0.00978300 -0.05194500
v -0.01897100 -0.00978300 -0.05002300
v -0.01897100 -0.00978300 -0.05002300
v -0.02486300 -0.00978300 -0.04737200
v -0.02486300 -0.00978300 -0.04737200
v -0.03039100 -0.00978300 -0.04403000
v -0.03039100 -0.00978300 -0.04403000
v -0.03547700 -0.00978300 -0.04004500
v -0.03547700 -0.00978300 -0.04004500
v -0.04004500 -0.00978300 -0.03547700
v -0.04004500 -0.00978300 -0.03547700
v -0.04403000 -0.00978300 -0.03039100
v -0.04403000 -0.00978300 -0.03039100
v -0.04737200 -0.00978300 -0.02486300
v -0.04737200 -0.00978300 -0.02486300
v -0.05002300 -0.00978300 -0.01897100
v -0.05002300 -0.00978300 -0.01897100
v -0.05194500 -0.00978300 -0.01280300
v -0.05194500 -0.00978300 -0.01280300
v -0.05311000 -0.00978300 -0.00644900
v -0.05311000 -0.00978300 -0.00644900
v -0.05350000 -0.00978300 0.00000000
v -0.05350000 -0.00978300 0.00000000
v -0.05311000 -0.00978300 0.00644900
v -0.05311000 -0.00978300 0.00644900
v -0.05194500 -0.00978300 0.01280300
v -0.05194500 -0.00978300 0.01280300
v -0.05002300 -0.00978300 0.01897100
v -0.05002300 -0.00978300 0.01897100
v -0.04737200 -0.00978300 0.02486300
v -0.04737200 -0.00978300 0.02486300
v -0.04403000 -0.00978300 0.03039100
v -0.04403000 -0.00978300 0.03039100
v -0.04004500 -0.00978300 0.03547700
v -0.04004500 -0.00978300 0.03547700
v -0.03547700 -0.00978300 0.04004500
v -0.03547700 -0.00978300 0.04004500
v -0.03039100 -0.00978300 0.04403000
v -0.03039100 -0.00978300 0.04403000
v -0.02486300 -0.00978300 0.04737200
v -0.02486300 -0.00978300 0.04737200
v -0.01897100 -0.00978300 0.05002300
v -0.01897100 -0.00978300 0.05002300
v -0.01280300 -0.00978300 0.05194500
v -0.01280300 -0.00978300 0.05194500
v -0.00644900 -0.00978300 0.05311000
v -0.00644900 -0.00978300 0.05311000
v 0.00000000 0.00000000 0.03175700
v 0.00000000 0.00000000 0.03175700
v 0.00000000 0.00000000 0.03175700
v -0.00496800 0.00000000 0.03136600
v -0.00496800 0.00000000 0.03136600
v -0.00981400 0.00000000 0.03020300
v -0.00981400 0.00000000 0.03020300
v -0.01441800 0.00000000 0.02829600
v -0.01441800 0.00000000 0.02829600
v -0.01866700 0.00000000 0.02569200
v -0.01866700 0.00000000 0.02569200
v -0.02245600 -0.00000000 0.02245600
v -0.02245600 -0.00000000 0.02245600
v -0.02569200 -0.00000000 0.01866700
v -0.02569200 -0.00000000 0.01866700
v -0.02829600 -0.00000000 0.01441800
v -0.02829600 -0.00000000 0.01441800
v -0.03020300 -0.00000000 0.00981400
v -0.03020300 -0.00000000 0.00981400
v -0.03136600 -0.00000000 0.00496800
v -0.03136600 -0.00000000 0.00496800
v -0.03175700 -0.00000000 0.00000000
v -0.03175700 -0.00000000 0.00000000
v -0.03136600 -0.00000000 -0.00496800
v -0.03136600 -0.00000000 -0.00496800
v -0.03020300 -0.00000000 -0.00981400
v -0.03020300 -0.00000000 -0.00981400
v -0.02829600 -0.00000000 -0.01441800
v -0.02829600 -0.00000000 -0.01441800
v -0.02569200 -0.00000000 -0.01866700
v -0.02569200 -0.00000000 -0.01866700
v -0.02245600 -0.00000000 -0.02245600
v -0.02245600 -0.00000000 -0.02245600
v -0.01866700 -0.00000000 -0.02569200
v -0.01866700 -0.00000000 -0.02569200
v -0.01441800 -0.00000000 -0.02829600
v -0.01441800 -0.00000000 -0.02829600
v -0.00981400 -0.00000000 -0.03020300
v -0.00981400 -0.00000000 -0.03020300
v -0.00496800 -0.00000000 -0.03136600
v -0.00496800 -0.00000000 -0.03136600
v -0.00000000 -0.00000000 -0.03175700
v -0.00000000 -0.00000000 -0.03175700
v 0.00496800 -0.00000000 -0.03136600
v 0.00496800 -0.00000000 -0.03136600
v 0.00981400 -0.00000000 -0.03020300
v 0.00981400 -0.00000000 -0.03020300
v 0.01441800 -0.00000000 -0.02829600
v 0.01441800 -0.00000000 -0.02829600
v 0.01866700 -0.00000000 -0.02569200
v 0.01866700 -0.00000000 -0.02569200
v 0.02245600 0.00000000 -0.02245600
v 0.02245600 0.00000000 -0.02245600
v 0.02569200 0.00000000 -0.01866700
v 0.02569200 0.00000000 -0.01866700
v 0.02829600 0.00000000 -0.01441800
v 0.02829600 0.00000000 -0.01441800
v 0.03020300 0.00000000 -0.00981400
v 0.03020300 0.00000000 -0.00981400
v 0.03136600 0.00000000 -0.00496800
v 0.03136600 0.00000000 -0.00496800
v 0.03175700 0.00000000 -0.00000000
v 0.03175700 0.00000000 -0.00000000
v 0.03136600 0.00000000 0.00496800
v 0.03136600 0.00000000 0.00496800
v 0.03020300 0.00000000 0.00981400
v 0.03020300 0.00000000 0.00981400
v 0.02829600 0.00000000 0.01441800
v 0.02829600 0.00000000 0.01441800
v 0.02569200 0.00000000 0.01866700
v 0.02569200 0.00000000 0.01866700
v 0.02245600 0.00000000 0.02245600
v 0.02245600 0.00000000 0.02245600
v 0.01866700 0.00000000 0.02569200
v 0.01866700 0.00000000 0.02569200
v 0.01441800 0.00000000 0.02829600
v 0.01441800 0.00000000 0.02829600
v 0.00981400 0.00000000 0.03020300
v 0.00981400 0.00000000 0.03020300
v 0.00496800 0.00000000 0.03136600
v 0.00496800 0.00000000 0.03136600
v 0.00000000 -0.00022800 0.03290500
v 0.00000000 -0.00022800 0.03290500
v -0.00490400 -0.00022800 0.03253800
v -0.00969900 -0.00022800 0.03144400
v -0.01427700 -0.00022800 0.02964700
v -0.01853600 -0.00022800 0.02718800
v -0.02238100 -0.00022800 0.02412100
v -0.02572600 -0.00022800 0.02051600
v -0.02849700 -0.00022800 0.01645300
v -0.03063100 -0.00022800 0.01202200
v -0.03208000 -0.00022800 0.00732200
v -0.03281300 -0.00022800 0.00245900
v -0.03281300 -0.00022800 -0.00245900
v -0.03208000 -0.00022800 -0.00732200
v -0.03063100 -0.00022800 -0.01202200
v -0.02849700 -0.00022800 -0.01645300
v -0.02572600 -0.00022800 -0.02051600
v -0.02238100 -0.00022800 -0.02412100
v -0.01853600 -0.00022800 -0.02718800
v -0.01427700 -0.00022800 -0.02964700
v -0.00969900 -0.00022800 -0.03144400
v -0.00490400 -0.00022800 -0.03253800
v -0.00000000 -0.00022800 -0.03290500
v 0.00490400 -0.00022800 -0.03253800
v 0.00969900 -0.00022800 -0.03144400
v 0.01427700 -0.00022800 -0.02964700
v 0.01853600 -0.00022800 -0.02718800
v 0.02238100 -0.00022800 -0.02412100
v 0.02572600 -0.00022800 -0.02051600
v 0.02849700 -0.00022800 -0.01645300
v 0.03063100 -0.00022800 -0.01202200
v 0.03208000 -0.00022800 -0.00732200
v 0.03281300 -0.00022800 -0.00245900
v 0.03281300 -0.00022800 0.00245900
v 0.03208000 -0.00022800 0.00732200
v 0.03063100 -0.00022800 0.01202200
v 0.02849700 -0.00022800 0.01645300
v 0.02572600 -0.00022800 0.02051600
v 0.02238100 -0.00022800 0.02412100
v 0.01853600 -0.00022800 0.02718800
v 0.01427700 -0.00022800 0.02964700
v 0.00969900 -0.00022800 0.03144400
v 0.00490400 -0.00022800 0.03253800
v 0.00633000 0.01000000 0.04320900
v 0.00580000 0.01000000 0.04293300
v -0.00633000 0.01000000 0.04320900
v -0.00580000 0.01000000 0.04293300
v -0.00966100 0.01000000 0.04810600
v -0.00908000 0.01000000 0.04783600
v -0.02740500 0.01000000 0.04024500
v -0.02718500 0.01000000 0.04084800
v -0.02607800 0.01000000 0.03502900
v -0.02625700 0.01000000 0.03445900
v -0.03502900 0.01000000 0.02607800
v -0.03445900 0.01000000 0.02625700
v -0.04084800 0.01000000 0.02718500
v -0.04024500 0.01000000 0.02740500
v -0.04783600 0.01000000 0.00908000
v -0.04810600 0.01000000 0.00966100
v -0.04320900 0.01000000 0.00633000
v -0.04293300 0.01000000 0.00580000
v -0.04320900 0.01000000 -0.00633000
v -0.04293300 0.01000000 -0.00580000
v -0.04810600 0.01000000 -0.00966100
v -0.04783600 0.01000000 -0.00908000
v -0.04024500 0.01000000 -0.02740500
v -0.04084800 0.01000000 -0.02718500
v -0.03502900 0.01000000 -0.02607800
v -0.03445900 0.01000000 -0.02625700
v -0.02607800 0.01000000 -0.03502900
v -0.02625700 0.01000000 -0.03445900
v -0.02718500 0.01000000 -0.04084800
v -0.02740500 0.01000000 -0.04024500
v -0.00908000 0.01000000 -0.04783600
v -0.00966100 0.01000000 -0.04810600
vn -0.00000000 100.00000000 -0.00000000
vn -0.00000000 100.00000000 -0.00000000
vn -0.00000000 100.00000000 -0.00000000
vn -0.00000000 100.00000000 -0.00000000
vn -0.00000000 100.00000000 -0.00000000
vn 0.00000000 100.00000000 -0.00000000
vn 0.00000000 100.00000000 -0.00000000
vn 0.00000000 100.00000000 -0.00000000
vn 0.00000000 100.00000000 -0.00000000
vn 0.00000000 100.00000000 -0.00000000
vn 0.00000000 100.00000000 -0.00000000
vn 0.00000000 100.00000000 -0.00000000
vn 0.00000000 100.00000000 -0.00000000
vn 0.00000000 100.00000000 -0.00000000
vn 0.00000000 100.00000000 -0.00000000
vn 0.00000000 100.00000000 -0.00000000
vn 0.00000000 100.00000000 -0.00000000
vn 0.00000000 100.00000000 -0.00000000
vn 0.00000000 100.00000000 -0.00000000
vn 0.00000000 100.00000000 -0.00000000
vn 0.00000000 100.00000000 -0.00000000
vn 0.00000000 100.00000000 -0.00000000
vn 0.00000000 100.00000000 -0.00000000
vn 0.00000000 100.00000000 0.00000000
vn 0.00000000 100.00000000 0.00000000
vn 0.00000000 100.00000000 0.00000000
vn 0.00000000 100.00000000 0.00000000
vn 0.00000000 100.00000000 0.00000000
vn 0.00000000 100.00000000 0.00000000
vn 0.00000000 100.00000000 0.00000000
vn 0.00000000 100.00000000 0.00000000
vn 0.00000000 100.00000000 0.00000000
vn 0.00000000 100.00000000 0.00000000
vn 0.00000000 100.00000000 0.00000000
vn 0.00000000 100.00000000 0.00000000
vn 0.00000000 100.00000000 0.00000000
vn 0.00000000 100.00000000 0.00000000
vn -0.00000000 100.00000000 -0.00000000
vn -0.00000000 100.00000000 -0.00000000
vn -0.00000000 100.00000000 -0.00000000
vn -0.00000000 100.00000000 -0.00000000
vn -0.00000000 100.00000000 -0.00000000
vn -0.00000000 100.00000000 -0.00000000
vn -0.00000000 100.00000000 -0.00000000
vn -0.00000000 100.00000000 -0.00000000
vn 0.00000000 100.00000000 -0.00000000
vn 0.00000000 100.00000000 -0.00000000
vn 0.00000000 100.00000000 -0.00000000
vn 0.00000000 100.00000000 -0.00000000
vn 0.00000000 100.00000000 -0.00000000
vn 0.00000000 100.00000000 -0.00000000
vn 0.00000000 100.00000000 -0.00000000
vn 0.00000000 100.00000000 -0.00000000
vn 0.00000000 100.00000000 -0.00000000
vn 0.00000000 100.00000000 -0.00000000
vn 0.00000000 100.00000000 -0.00000000
vn 0.00000000 100.00000000 -0.00000000
vn 0.00000000 100.00000000 -0.00000000
vn 0.00000000 100.00000000 -0.00000000
vn 0.00000000 100.00000000 -0.00000000
vn 0.00000000 100.00000000 -0.00000000
vn 0.00000000 100.00000000 -0.00000000
vn 0.00000000 100.00000000 -0.00000000
vn 0.00000000 100.00000000 0.00000000
vn 0.00000000 100.00000000 0.00000000
vn 0.00000000 100.00000000 0.00000000
vn 0.00000000 100.00000000 0.00000000
vn 0.00000000 100.00000000 0.00000000
vn 0.00000000 100.00000000 0.00000000
vn 0.00000000 100.00000000 0.00000000
vn 0.00000000 100.00000000 0.00000000
vn 0.00000000 100.00000000 0.00000000
vn 0.00000000 100.00000000 0.00000000
vn 0.00000000 100.00000000 0.00000000
vn 0.00000000 100.00000000 0.00000000
vn 0.00000000 100.00000000 0.00000000
vn 0.00000000 100.00000000 0.00000000
vn 0.00000000 100.00000000 0.00000000
vn 0.00000000 100.00000000 0.00000000
vn 0.00000000 100.00000000 0.00000000
vn 0.00000000 100.00000000 0.00000000
vn -70.71067800 70.71067800 0.00000000
vn -70.71067800 70.71067800 0.00000000
vn -70.71067800 70.71067800 0.00000000
vn -69.92089800 70.71067800 10.53888000
vn -69.92089800 70.71067800 10.53888000
vn -67.56920100 70.71067800 20.84233800
vn -67.56920100 70.71067800 20.84233800
vn -63.70812000 70.71067800 30.68021300
vn -63.70812000 70.71067800 30.68021300
vn -58.42390400 70.71067800 39.83274300
vn -58.42390400 70.71067800 39.83274300
vn -51.83459500 70.71067800 48.09547600
vn -51.83459500 70.71067800 48.09547600
vn -44.08738700 70.71067800 55.28383400
vn -44.08738700 70.71067800 55.28383400
vn -35.35533900 70.71067800 61.23724400
vn -35.35533900 70.71067800 61.23724400
vn -25.83351200 70.71067800 65.82271400
vn -25.83351200 70.71067800 65.82271400
vn -15.73460600 70.71067800 68.93781400
vn -15.73460600 70.71067800 68.93781400
vn -5.28421600 70.71067800 70.51295700
vn -5.28421600 70.71067800 70.51295700
vn 5.28421600 70.71067800 70.51295700
vn 5.28421600 70.71067800 70.51295700
vn 15.73460600 70.71067800 68.93781400
vn 15.73460600 70.71067800 68.93781400
vn 25.83351200 70.71067800 65.82271400
vn 25.83351200 70.71067800 65.82271400
vn 35.35533900 70.71067800 61.23724400
vn 35.35533900 70.71067800 61.23724400
vn 44.08738700 70.71067800 55.28383400
vn 44.08738700 70.71067800 55.28383400
vn 51.83459500 70.71067800 48.09547600
vn 51.83459500 70.71067800 48.09547600
vn 58.42390400 70.71067800 39.83274300
vn 58.42390400 70.71067800 39.83274300
vn 63.70812000 70.71067800 30.68021300
vn 63.70812000 70.71067800 30.68021300
vn 67.56920100 70.71067800 20.84233800
vn 67.56920100 70.71067800 20.84233800
vn 69.92089800 70.71067800 10.53888000
vn 69.92089800 70.71067800 10.53888000
vn 70.71067800 70.71067800 -0.00000000
vn 70.71067800 70.71067800 -0.00000000
vn 69.92089800 70.71067800 -10.53888000
vn 69.92089800 70.71067800 -10.53888000
vn 67.56920100 70.71067800 -20.84233800
vn 67.56920100 70.71067800 -20.84233800
vn 63.70812000 70.71067800 -30.68021300
vn 63.70812000 70.71067800 -30.68021300
vn 58.42390400 70.71067800 -39.83274300
vn 58.42390400 70.71067800 -39.83274300
vn 51.83459500 70.71067800 -48.09547600
vn 51.83459500 70.71067800 -48.09547600
vn 44.08738700 70.71067800 -55.28383400
vn 44.08738700 70.71067800 -55.28383400
vn 35.35533900 70.71067800 -61.23724400
vn 35.35533900 70.71067800 -61.23724400
vn 25.83351200 70.71067800 -65.82271400
vn 25.83351200 70.71067800 -65.82271400
vn 15.73460600 70.71067800 -68.93781400
vn 15.73460600 70.71067800 -68.93781400
vn 5.28421600 70.71067800 -70.51295700
vn 5.28421600 70.71067800 -70.51295700
vn 5.28421600 70.71067800 -70.51295700
vn -5.28421600 70.71067800 -70.51295700
vn -5.28421600 70.71067800 -70.51295700
vn -15.73460600 70.71067800 -68.93781400
vn -15.73460600 70.71067800 -68.93781400
vn -25.83351200 70.71067800 -65.82271400
vn -25.83351200 70.71067800 -65.82271400
vn -35.35533900 70.71067800 -61.23724400
vn -35.35533900 70.71067800 -61.23724400
vn -44.08738700 70.71067800 -55.28383400
vn -44.08738700 70.71067800 -55.28383400
vn -51.83459500 70.71067800 -48.09547600
vn -51.83459500 70.71067800 -48.09547600
vn -58.42390400 70.71067800 -39.83274300
vn -58.42390400 70.71067800 -39.83274300
vn -63.70812000 70.71067800 -30.68021300
vn -63.70812000 70.71067800 -30.68021300
vn -67.56920100 70.71067800 -20.84233800
vn -67.56920100 70.71067800 -20.84233800
vn -69.92089800 70.71067800 -10.53888000
vn -69.92089800 70.71067800 -10.53888000
vn -0.00000000 92.38795300 -38.26834300
vn -0.00000000 92.38795300 -38.26834300
vn 5.70360100 92.38795300 -37.84091700
vn 11.27979200 92.38795300 -36.56818800
vn 16.60401200 92.38795300 -34.47858600
vn 21.55732500 92.38795300 -31.61878900
vn 26.02908400 92.38795300 -28.05268100
vn 29.91939600 92.38795300 -23.85992200
vn 33.14135700 92.38795300 -19.13417200
vn 35.62299600 92.38795300 -13.98099600
vn 37.30887600 92.38795300 -8.51550700
vn 38.16133700 92.38795300 -2.85979700
vn 38.16133700 92.38795300 2.85979700
vn 37.30887600 92.38795300 8.51550700
vn 35.62299600 92.38795300 13.98099600
vn 33.14135700 92.38795300 19.13417200
vn 29.91939600 92.38795300 23.85992200
vn 26.02908400 92.38795300 28.05268100
vn 21.55732500 92.38795300 31.61878900
vn 16.60401200 92.38795300 34.47858600
vn 11.27979200 92.38795300 36.56818800
vn 5.70360100 92.38795300 37.84091700
vn -0.00000000 92.38795300 38.26834300
vn -5.70360100 92.38795300 37.84091700
vn -11.27979200 92.38795300 36.56818800
vn -16.60401200 92.38795300 34.47858600
vn -21.55732500 92.38795300 31.61878900
vn -26.02908400 92.38795300 28.05268100
vn -29.91939600 92.38795300 23.85992200
vn -33.14135700 92.38795300 19.13417200
vn -35.62299600 92.38795300 13.98099600
vn -37.30887600 92.38795300 8.51550700
vn -38.16133700 92.38795300 2.85979700
vn -38.16133700 92.38795300 -2.85979700
vn -37.30887600 92.38795300 -8.51550700
vn -35.62299600 92.38795300 -13.98099600
vn -33.14135700 92.38795300 -19.13417200
vn -29.91939600 92.38795300 -23.85992200
vn -26.02908400 92.38795300 -28.05268100
vn -21.55732500 92.38795300 -31.61878900
vn -16.60401200 92.38795300 -34.47858600
vn -11.27979200 92.38795300 -36.56818800
vn -5.70360100 92.38795300 -37.84091700
vn -0.00000000 70.71067800 -70.71067800
vn -0.00000000 70.71067800 -70.71067800
vn -0.00000000 70.71067800 -70.71067800
vn -9.84102400 70.71067800 -70.02252700
vn -9.84102400 70.71067800 -70.02252700
vn -19.49050400 70.71067800 -67.97146600
vn -19.49050400 70.71067800 -67.97146600
vn -28.76062400 70.71067800 -64.59741900
vn -28.76062400 70.71067800 -64.59741900
vn -37.47095100 70.71067800 -59.96605600
vn -37.47095100 70.71067800 -59.96605600
vn -45.45194800 70.71067800 -54.16752200
vn -45.45194800 70.71067800 -54.16752200
vn -52.54827500 70.71067800 -47.31467900
vn -52.54827500 70.71067800 -47.31467900
vn -58.62180900 70.71067800 -39.54090900
vn -58.62180900 70.71067800 -39.54090900
vn -63.55433700 70.71067800 -30.99752100
vn -63.55433700 70.71067800 -30.99752100
vn -67.24985100 70.71067800 -21.85080100
vn -67.24985100 70.71067800 -21.85080100
vn -69.63642400 70.71067800 -12.27878000
vn -69.63642400 70.71067800 -12.27878000
vn -70.66760300 70.71067800 -2.46776700
vn -70.66760300 70.71067800 -2.46776700
vn -70.66760300 70.71067800 -2.46776700
vn -70.32331800 70.71067800 7.39127900
vn -70.32331800 70.71067800 7.39127900
vn -68.61026900 70.71067800 17.10646100
vn -68.61026900 70.71067800 17.10646100
vn -65.56179900 70.71067800 26.48868600
vn -65.56179900 70.71067800 26.48868600
vn -61.23724400 70.71067800 35.35533900
vn -61.23724400 70.71067800 35.35533900
vn -55.72077500 70.71067800 43.53384000
vn -55.72077500 70.71067800 43.53384000
vn -49.11976400 70.71067800 50.86500500
vn -49.11976400 70.71067800 50.86500500
vn -41.56269400 70.71067800 57.20614000
vn -41.56269400 70.71067800 57.20614000
vn -33.19665300 70.71067800 62.43382300
vn -33.19665300 70.71067800 62.43382300
vn -24.18447600 70.71067800 66.44630200
vn -24.18447600 70.71067800 66.44630200
vn -14.70157700 70.71067800 69.16548000
vn -14.70157700 70.71067800 69.16548000
vn -4.93252800 70.71067800 70.53843000
vn -4.93252800 70.71067800 70.53843000
vn 4.93252800 70.71067800 70.53843000
vn 4.93252800 70.71067800 70.53843000
vn 14.70157700 70.71067800 69.16548000
vn 14.70157700 70.71067800 69.16548000
vn 24.18447600 70.71067800 66.44630200
vn 24.18447600 70.71067800 66.44630200
vn 33.19665300 70.71067800 62.43382300
vn 33.19665300 70.71067800 62.43382300
vn 41.56269400 70.71067800 57.20614000
vn 41.56269400 70.71067800 57.20614000
vn 49.11976400 70.71067800 50.86500500
vn 49.11976400 70.71067800 50.86500500
vn 55.72077500 70.71067800 43.53384000
vn 55.72077500 70.71067800 43.53384000
vn 61.23724400 70.71067800 35.35533900
vn 61.23724400 70.71067800 35.35533900
vn 65.56179900 70.71067800 26.48868600
vn 65.56179900 70.71067800 26.48868600
vn 68.61026900 70.71067800 17.10646100
vn 68.61026900 70.71067800 17.10646100
vn 70.32331800 70.71067800 7.39127900
vn 70.32331800 70.71067800 7.39127900
vn 70.66760300 70.71067800 -2.46776700
vn 70.66760300 70.71067800 -2.46776700
vn 69.63642400 70.71067800 -12.27878000
vn 69.63642400 70.71067800 -12.27878000
vn 67.24985100 70.71067800 -21.85080100
vn 67.24985100 70.71067800 -21.85080100
vn 63.55433700 70.71067800 -30.99752100
vn 63.55433700 70.71067800 -30.99752100
vn 58.62180900 70.71067800 -39.54090900
vn 58.62180900 70.71067800 -39.54090900
vn 52.54827500 70.71067800 -47.31467900
vn 52.54827500 70.71067800 -47.31467900
vn 45.45194800 70.71067800 -54.16752200
vn 45.45194800 70.71067800 -54.16752200
vn 37.47095100 70.71067800 -59.96605600
vn 37.47095100 70.71067800 -59.96605600
vn 28.76062400 70.71067800 -64.59741900
vn 28.76062400 70.71067800 -64.59741900
vn 19.49050400 70.71067800 -67.97146600
vn 19.49050400 70.71067800 -67.97146600
vn 9.84102400 70.71067800 -70.02252700
vn 9.84102400 70.71067800 -70.02252700
vn -0.00000000 100.00000000 -0.00000000
vn -0.00000000 100.00000000 -0.00000000
vn -0.00000000 100.00000000 -0.00000000
vn -0.00000000 100.00000000 -0.00000000
vn -0.00000000 100.00000000 -0.00000000
vn -0.00000000 100.00000000 -0.00000000
vn -0.00000000 100.00000000 -0.00000000
vn -0.00000000 100.00000000 -0.00000000
vn -0.00000000 100.00000000 -0.00000000
vn -0.00000000 100.00000000 -0.00000000
vn -0.00000000 100.00000000 -0.00000000
vn -0.00000000 100.00000000 -0.00000000
vn -0.00000000 100.00000000 -0.00000000
vn -0.00000000 100.00000000 -0.00000000
vn -0.00000000 100.00000000 -0.00000000
vn -0.00000000 100.00000000 -0.00000000
vn -0.00000000 100.00000000 -0.00000000
vn -0.00000000 100.00000000 -0.00000000
vn -0.00000000 100.00000000 -0.00000000
vn -0.00000000 100.00000000 -0.00000000
vn -0.00000000 100.00000000 -0.00000000
vn 0.00000000 100.00000000 0.00000000
vn 0.00000000 100.00000000 0.00000000
vn -0.00000000 100.00000000 -0.00000000
vn -0.00000000 100.00000000 -0.00000000
vn -0.00000000 100.00000000 -0.00000000
vn -0.00000000 100.00000000 -0.00000000
vn -0.00000000 100.00000000 -0.00000000
vn -0.00000000 100.00000000 -0.00000000
vn -0.00000000 100.00000000 -0.00000000
vn -0.00000000 100.00000000 -0.00000000
vn -0.00000000 100.00000000 -0.00000000
vn -0.00000000 100.00000000 -0.00000000
vn -0.00000000 100.00000000 -0.00000000
vn -0.00000000 100.00000000 -0.00000000
vn -0.00000000 100.00000000 -0.00000000
vn -0.00000000 100.00000000 -0.00000000
vn -0.00000000 100.00000000 -0.00000000
vn -0.00000000 100.00000000 -0.00000000
vn -0.00000000 100.00000000 -0.00000000
vn -0.00000000 100.00000000 -0.00000000
vn -0.00000000 100.00000000 -0.00000000
vn -0.00000000 100.00000000 -0.00000000
vn -0.00000000 100.00000000 -0.00000000
vn -0.00000000 100.00000000 -0.00000000
vn -0.00000000 100.00000000 -0.00000000
vn -0.00000000 100.00000000 -0.00000000
vn -0.00000000 100.00000000 -0.00000000
vn -0.00000000 100.00000000 -0.00000000
vn -0.00000000 100.00000000 -0.00000000
vn -0.00000000 100.00000000 -0.00000000
vn -0.00000000 100.00000000 -0.00000000
vn -0.00000000 100.00000000 -0.00000000
vn -0.00000000 100.00000000 -0.00000000
vn -0.00000000 100.00000000 -0.00000000
vn -0.00000000 100.00000000 -0.00000000
vn -0.00000000 100.00000000 -0.00000000
vn -0.00000000 100.00000000 -0.00000000
vn -0.00000000 100.00000000 -0.00000000
vn -0.00000000 100.00000000 -0.00000000
vn -0.00000000 100.00000000 -0.00000000
vn -0.00000000 100.00000000 -0.00000000
vn -0.00000000 100.00000000 -0.00000000
vn -0.00000000 100.00000000 -0.00000000
vn -0.00000000 100.00000000 -0.00000000
vn -0.00000000 100.00000000 -0.00000000
vn -0.00000000 100.00000000 -0.00000000
vn -0.00000000 100.00000000 -0.00000000
vn -0.00000000 100.00000000 -0.00000000
vn -0.00000000 100.00000000 -0.00000000
vn -0.00000000 100.00000000 -0.00000000
vn -0.00000000 100.00000000 -0.00000000
vn -0.00000000 100.00000000 -0.00000000
vn -0.00000000 100.00000000 -0.00000000
vn -0.00000000 100.00000000 -0.00000000
vn -0.00000000 100.00000000 -0.00000000
vn -0.00000000 100.00000000 -0.00000000
vn -0.00000000 100.00000000 -0.00000000
vn -0.00000000 100.00000000 -0.00000000
vn -0.00000000 100.00000000 -0.00000000
vn -0.00000000 100.00000000 -0.00000000
vn -0.00000000 100.00000000 -0.00000000
vn -0.00000000 100.00000000 -0.00000000
vn -0.00000000 100.00000000 -0.00000000
vn -0.00000000 100.00000000 -0.00000000
vn -0.00000000 100.00000000 -0.00000000
vn -0.00000000 100.00000000 -0.00000000
vn -0.00000000 100.00000000 -0.00000000
vn -0.00000000 100.00000000 -0.00000000
vn -0.00000000 100.00000000 -0.00000000
vn -0.00000000 100.00000000 -0.00000000
vn 0.00000000 100.00000000 -0.00000000
vn 0.00000000 100.00000000 -0.00000000
vn -0.00000000 92.38795300 -38.26834300
vn -0.00000000 92.38795300 -38.26834300
vn 2.55604300 92.38795300 38.18288500
vn 5.10067100 92.38795300 -37.92689300
vn 10.11032000 92.38795300 -36.90863700
vn 14.93955100 92.38795300 -35.23174600
vn 19.50218500 92.38795300 -32.92614300
vn 23.71680100 92.38795300 -30.03297200
vn 27.50819100 92.38795300 -26.60386200
vn 30.80869700 92.38795300 -22.70000600
vn 33.55942100 92.38795300 -18.39106800
vn 35.71127600 92.38795300 -13.75394000
vn 37.22586200 92.38795300 -8.87137300
vn 38.07615300 92.38795300 -3.83049600
vn 38.24697300 92.38795300 1.27873600
vn 37.73527500 92.38795300 6.36514900
vn 36.55019000 92.38795300 11.33797600
vn 34.71286600 92.38795300 16.10847600
vn 32.25609100 92.38795300 20.59152000
vn 29.22370400 92.38795300 24.70710800
vn 25.66982000 92.38795300 28.38179700
vn 21.65785800 92.38795300 31.55001300
vn 17.25941000 92.38795300 34.15521700
vn 12.55296800 92.38795300 36.15092100
vn 7.62251800 92.38795300 37.50151100
vn -7.62251800 92.38795300 37.50151100
vn -2.55604300 92.38795300 38.18288500
vn -12.55296800 92.38795300 36.15092100
vn -17.25941000 92.38795300 34.15521700
vn -21.65785800 92.38795300 31.55001300
vn -25.66982000 92.38795300 28.38179700
vn -29.22370400 92.38795300 24.70710800
vn -32.25609100 92.38795300 20.59152000
vn -34.71286600 92.38795300 16.10847600
vn -36.55019000 92.38795300 11.33797600
vn -37.73527500 92.38795300 6.36514900
vn -38.24697300 92.38795300 1.27873600
vn -38.07615300 92.38795300 -3.83049600
vn -37.22586200 92.38795300 -8.87137300
vn -35.71127600 92.38795300 -13.75394000
vn -33.55942100 92.38795300 -18.39106800
vn -30.80869700 92.38795300 -22.70000600
vn -27.50819100 92.38795300 -26.60386200
vn -23.71680100 92.38795300 -30.03297200
vn -19.50218500 92.38795300 -32.92614300
vn -14.93955100 92.38795300 -35.23174600
vn -10.11032000 92.38795300 -36.90863700
vn -5.10067100 92.38795300 -37.92689300
vn -0.00000000 100.00000000 -0.00000000
vn -0.00000000 70.71067800 70.71067800
vn -0.00000000 70.71067800 70.71067800
vn -0.00000000 100.00000000 -0.00000000
vn 8.52323000 70.71067800 70.19511800
vn -0.00000000 100.00000000 -0.00000000
vn 16.92217300 70.71067800 68.65595400
vn -0.00000000 100.00000000 -0.00000000
vn 25.07435200 70.71067800 66.11563300
vn 32.86089100 70.71067800 62.61119600
vn -0.00000000 100.00000000 -0.00000000
vn 40.16824300 70.71067800 58.19374700
vn -0.00000000 100.00000000 -0.00000000
vn 46.88985300 70.71067800 52.92770300
vn -0.00000000 100.00000000 -0.00000000
vn -0.00000000 100.00000000 -0.00000000
vn 52.92770300 70.71067800 46.88985300
vn 58.19374700 70.71067800 40.16824300
vn -0.00000000 100.00000000 -0.00000000
vn 62.61119600 70.71067800 32.86089100
vn -0.00000000 100.00000000 -0.00000000
vn -0.00000000 100.00000000 -0.00000000
vn 66.11563300 70.71067800 25.07435200
vn -0.00000000 100.00000000 -0.00000000
vn 68.65595400 70.71067800 16.92217300
vn -0.00000000 100.00000000 -0.00000000
vn 70.19511800 70.71067800 8.52323000
vn 70.71067800 70.71067800 -0.00000000
vn -0.00000000 100.00000000 -0.00000000
vn 70.19511800 70.71067800 -8.52323000
vn -0.00000000 100.00000000 -0.00000000
vn -0.00000000 100.00000000 -0.00000000
vn 68.65595400 70.71067800 -16.92217300
vn -0.00000000 100.00000000 -0.00000000
vn 66.11563300 70.71067800 -25.07435200
vn 62.61119600 70.71067800 -32.86089100
vn -0.00000000 100.00000000 -0.00000000
vn 58.19374700 70.71067800 -40.16824300
vn -0.00000000 100.00000000 -0.00000000
vn -0.00000000 100.00000000 -0.00000000
vn 52.92770300 70.71067800 -46.88985300
vn 46.88985300 70.71067800 -52.92770300
vn -0.00000000 100.00000000 -0.00000000
vn 40.16824300 70.71067800 -58.19374700
vn -0.00000000 100.00000000 -0.00000000
vn -0.00000000 100.00000000 -0.00000000
vn 32.86089100 70.71067800 -62.61119600
vn -0.00000000 100.00000000 -0.00000000
vn 25.07435200 70.71067800 -66.11563300
vn 16.92217300 70.71067800 -68.65595400
vn -0.00000000 100.00000000 -0.00000000
vn -0.00000000 100.00000000 -0.00000000
vn 8.52323000 70.71067800 -70.19511800
vn -0.00000000 100.00000000 -0.00000000
vn -0.00000000 70.71067800 -70.71067800
vn -8.52323000 70.71067800 -70.19511800
vn -0.00000000 100.00000000 -0.00000000
vn -0.00000000 100.00000000 -0.00000000
vn -16.92217300 70.71067800 -68.65595400
vn -25.07435200 70.71067800 -66.11563300
vn -0.00000000 100.00000000 -0.00000000
vn -0.00000000 100.00000000 -0.00000000
vn -32.86089100 70.71067800 -62.61119600
vn -40.16824300 70.71067800 -58.19374700
vn -0.00000000 100.00000000 -0.00000000
vn -46.88985300 70.71067800 -52.92770300
vn -0.00000000 100.00000000 -0.00000000
vn -0.00000000 100.00000000 -0.00000000
vn -52.92770300 70.71067800 -46.88985300
vn -0.00000000 100.00000000 -0.00000000
vn -58.19374700 70.71067800 -40.16824300
vn -0.00000000 100.00000000 -0.00000000
vn -62.61119600 70.71067800 -32.86089100
vn -0.00000000 100.00000000 -0.00000000
vn -66.11563300 70.71067800 -25.07435200
vn -68.65595400 70.71067800 -16.92217300
vn -0.00000000 100.00000000 -0.00000000
vn -70.19511800 70.71067800 -8.52323000
vn -0.00000000 100.00000000 -0.00000000
vn -70.71067800 70.71067800 -0.00000000
vn -0.00000000 100.00000000 -0.00000000
vn -70.19511800 70.71067800 8.52323000
vn -0.00000000 100.00000000 -0.00000000
vn -0.00000000 100.00000000 -0.00000000
vn -68.65595400 70.71067800 16.92217300
vn -66.11563300 70.71067800 25.07435200
vn -0.00000000 100.00000000 -0.00000000
vn -0.00000000 100.00000000 -0.00000000
vn -62.61119600 70.71067800 32.86089100
vn -58.19374700 70.71067800 40.16824300
vn -0.00000000 100.00000000 -0.00000000
vn -0.00000000 100.00000000 -0.00000000
vn -52.92770300 70.71067800 46.88985300
vn -0.00000000 100.00000000 -0.00000000
vn -46.88985300 70.71067800 52.92770300
vn -40.16824300 70.71067800 58.19374700
vn -0.00000000 100.00000000 -0.00000000
vn -0.00000000 100.00000000 -0.00000000
vn -32.86089100 70.71067800 62.61119600
vn -0.00000000 100.00000000 -0.00000000
vn -25.07435200 70.71067800 66.11563300
vn -0.00000000 100.00000000 -0.00000000
vn -16.92217300 70.71067800 68.65595400
vn -0.00000000 100.00000000 -0.00000000
vn -8.52323000 70.71067800 70.19511800
vn -0.00000000 -0.00000000 -100.00000000
vn -0.00000000 -0.00000000 -100.00000000
vn -0.00000000 70.71067800 -70.71067800
vn -8.36317600 70.71067800 -70.21436700
vn -11.82731700 -0.00000000 -99.29811000
vn -23.48860500 -0.00000000 -97.20229100
vn -16.60895200 70.71067800 -68.73239900
vn -34.82016400 -0.00000000 -93.74196600
vn -24.62157400 70.71067800 -66.28558000
vn -32.28856300 70.71067800 -62.90825600
vn -45.66292400 -0.00000000 -88.96570900
vn -55.86467700 -0.00000000 -82.94056900
vn -39.50229200 70.71067800 -58.64783800
vn -46.16149500 70.71067800 -53.56413400
vn -65.28221200 -0.00000000 -75.75112400
vn -73.78332800 -0.00000000 -67.49830000
vn -52.17269100 70.71067800 -47.72850600
vn -81.24868800 -0.00000000 -58.29794800
vn -57.45149800 70.71067800 -41.22287400
vn -87.57349400 -0.00000000 -48.27922000
vn -61.92381200 70.71067800 -34.13856400
vn -92.66896100 -0.00000000 -37.58275800
vn -65.52685100 70.71067800 -26.57502300
vn -68.21003600 70.71067800 -18.63842700
vn -96.46355800 -0.00000000 -26.35871700
vn -98.90401900 -0.00000000 -14.76465600
vn -69.93570200 70.71067800 -10.44018900
vn -99.95608400 -0.00000000 -2.96333300
vn -70.67962500 70.71067800 -2.09539300
vn -70.43136000 70.71067800 6.27881800
vn -99.60498400 -0.00000000 8.87959000
vn -97.85564900 -0.00000000 20.59786200
vn -69.19439300 70.71067800 14.56488800
vn -94.73263500 -0.00000000 32.02698500
vn -66.98608900 70.71067800 22.64649900
vn -90.27978300 -0.00000000 43.00652000
vn -63.83744700 70.71067800 30.41020200
vn -59.79266700 70.71067800 37.74701300
vn -84.55960000 -0.00000000 53.38233800
vn -77.65238600 -0.00000000 63.00878400
vn -54.90852900 70.71067800 44.55393900
vn -49.25359600 70.71067800 50.73542500
vn -69.65510300 -0.00000000 71.75072600
vn -42.90725000 70.71067800 56.20469700
vn -60.68001500 0.00000000 79.48544400
vn -50.85311200 0.00000000 86.10436100
vn -35.95858000 70.71067800 60.88497800
vn -28.50513100 70.71067800 64.71056700
vn -40.31234300 0.00000000 91.51456200
vn -20.65153200 70.71067800 67.62776200
vn -29.20567700 0.00000000 95.64009800
vn -12.50803100 70.71067800 69.59561200
vn -17.68902800 0.00000000 98.42305800
vn -5.92406300 0.00000000 99.82437300
vn -4.18894500 70.71067800 70.58649100
vn -4.18894500 70.71067800 70.58649100
vn 4.18894500 70.71067800 70.58649100
vn 5.92406300 0.00000000 99.82437300
vn 12.50803100 70.71067800 69.59561200
vn 17.68902800 0.00000000 98.42305800
vn 29.20567700 0.00000000 95.64009800
vn 20.65153200 70.71067800 67.62776200
vn 40.31234300 0.00000000 91.51456200
vn 28.50513100 70.71067800 64.71056700
vn 50.85311200 0.00000000 86.10436100
vn 35.95858000 70.71067800 60.88497800
vn 60.68001500 0.00000000 79.48544400
vn 42.90725000 70.71067800 56.20469700
vn 69.65510300 0.00000000 71.75072600
vn 49.25359600 70.71067800 50.73542500
vn 54.90852900 70.71067800 44.55393900
vn 77.65238600 0.00000000 63.00878400
vn 59.79266700 70.71067800 37.74701300
vn 84.55960000 0.00000000 53.38233800
vn 63.83744700 70.71067800 30.41020200
vn 90.27978300 0.00000000 43.00652000
vn 66.98608900 70.71067800 22.64649900
vn 94.73263500 0.00000000 32.02698500
vn 97.85564900 0.00000000 20.59786200
vn 69.19439300 70.71067800 14.56488800
vn 70.43136000 70.71067800 6.27881800
vn 99.60498400 0.00000000 8.87959000
vn 99.95608400 0.00000000 -2.96333300
vn 70.67962500 70.71067800 -2.09539300
vn 98.90401900 0.00000000 -14.76465600
vn 69.93570200 70.71067800 -10.44018900
vn 96.46355800 0.00000000 -26.35871700
vn 68.21003600 70.71067800 -18.63842700
vn 92.66896100 0.00000000 -37.58275800
vn 65.52685100 70.71067800 -26.57502300
vn 87.57349400 0.00000000 -48.27922000
vn 61.92381200 70.71067800 -34.13856400
vn 81.24868800 0.00000000 -58.29794800
vn 57.45149800 70.71067800 -41.22287400
vn 73.78332800 0.00000000 -67.49830000
vn 52.17269100 70.71067800 -47.72850600
vn 46.16149500 70.71067800 -53.56413400
vn 65.28221200 -0.00000000 -75.75112400
vn 55.86467700 -0.00000000 -82.94056900
vn 39.50229200 70.71067800 -58.64783800
vn 32.28856300 70.71067800 -62.90825600
vn 45.66292400 -0.00000000 -88.96570900
vn 34.82016400 -0.00000000 -93.74196600
vn 24.62157400 70.71067800 -66.28558000
vn 23.48860500 -0.00000000 -97.20229100
vn 16.60895200 70.71067800 -68.73239900
vn 8.36317600 70.71067800 -70.21436700
vn 11.82731700 -0.00000000 -99.29811000
vn -0.00000000 -0.00000000 -100.00000000
vn 0.00000000 -70.71067800 -70.71067800
vn -0.00000000 -0.00000000 -100.00000000
vn 0.00000000 -70.71067800 -70.71067800
vn -8.36317600 -70.71067800 -70.21436700
vn -11.82731700 -0.00000000 -99.29811000
vn -16.60895200 -70.71067800 -68.73239900
vn -23.48860500 -0.00000000 -97.20229100
vn -24.62157400 -70.71067800 -66.28558000
vn -34.82016400 -0.00000000 -93.74196600
vn -32.28856300 -70.71067800 -62.90825600
vn -45.66292400 -0.00000000 -88.96570900
vn -55.86467700 -0.00000000 -82.94056900
vn -39.50229200 -70.71067800 -58.64783800
vn -46.16149500 -70.71067800 -53.56413400
vn -65.28221200 -0.00000000 -75.75112400
vn -52.17269100 -70.71067800 -47.72850600
vn -73.78332800 -0.00000000 -67.49830000
vn -81.24868800 -0.00000000 -58.29794800
vn -57.45149800 -70.71067800 -41.22287400
vn -61.92381200 -70.71067800 -34.13856400
vn -87.57349400 -0.00000000 -48.27922000
vn -92.66896100 -0.00000000 -37.58275800
vn -65.52685100 -70.71067800 -26.57502300
vn -96.46355800 -0.00000000 -26.35871700
vn -68.21003600 -70.71067800 -18.63842700
vn -69.93570200 -70.71067800 -10.44018900
vn -98.90401900 -0.00000000 -14.76465600
vn -99.95608400 -0.00000000 -2.96333300
vn -70.67962500 -70.71067800 -2.09539300
vn -99.60498400 -0.00000000 8.87959000
vn -70.43136000 -70.71067800 6.27881800
vn -97.85564900 -0.00000000 20.59786200
vn -69.19439300 -70.71067800 14.56488800
vn -66.98608900 -70.71067800 22.64649900
vn -94.73263500 -0.00000000 32.02698500
vn -90.27978300 -0.00000000 43.00652000
vn -63.83744700 -70.71067800 30.41020200
vn -59.79266700 -70.71067800 37.74701300
vn -84.55960000 -0.00000000 53.38233800
vn -54.90852900 -70.71067800 44.55393900
vn -77.65238600 -0.00000000 63.00878400
vn -49.25359600 -70.71067800 50.73542500
vn -69.65510300 -0.00000000 71.75072600
vn -42.90725000 -70.71067800 56.20469700
vn -60.68001500 0.00000000 79.48544400
vn -35.95858000 -70.71067800 60.88497800
vn -50.85311200 0.00000000 86.10436100
vn -28.50513100 -70.71067800 64.71056700
vn -40.31234300 0.00000000 91.51456200
vn -20.65153200 -70.71067800 67.62776200
vn -29.20567700 0.00000000 95.64009800
vn -12.50803100 -70.71067800 69.59561200
vn -17.68902800 0.00000000 98.42305800
vn -4.18894500 -70.71067800 70.58649100
vn -5.92406300 0.00000000 99.82437300
vn 4.18894500 -70.71067800 70.58649100
vn 5.92406300 0.00000000 99.82437300
vn 12.50803100 -70.71067800 69.59561200
vn 17.68902800 0.00000000 98.42305800
vn 29.20567700 0.00000000 95.64009800
vn 20.65153200 -70.71067800 67.62776200
vn 40.31234300 0.00000000 91.51456200
vn 28.50513100 -70.71067800 64.71056700
vn 50.85311200 0.00000000 86.10436100
vn 35.95858000 -70.71067800 60.88497800
vn 42.90725000 -70.71067800 56.20469700
vn 60.68001500 0.00000000 79.48544400
vn 69.65510300 0.00000000 71.75072600
vn 49.25359600 -70.71067800 50.73542500
vn 54.90852900 -70.71067800 44.55393900
vn 77.65238600 0.00000000 63.00878400
vn 84.55960000 0.00000000 53.38233800
vn 59.79266700 -70.71067800 37.74701300
vn 90.27978300 0.00000000 43.00652000
vn 63.83744700 -70.71067800 30.41020200
vn 94.73263500 0.00000000 32.02698500
vn 66.98608900 -70.71067800 22.64649900
vn 97.85564900 0.00000000 20.59786200
vn 69.19439300 -70.71067800 14.56488800
vn 99.60498400 0.00000000 8.87959000
vn 70.43136000 -70.71067800 6.27881800
vn 99.95608400 0.00000000 -2.96333300
vn 70.67962500 -70.71067800 -2.09539300
vn 98.90401900 0.00000000 -14.76465600
vn 69.93570200 -70.71067800 -10.44018900
vn 96.46355800 0.00000000 -26.35871700
vn 68.21003600 -70.71067800 -18.63842700
vn 92.66896100 0.00000000 -37.58275800
vn 65.52685100 -70.71067800 -26.57502300
vn 61.92381200 -70.71067800 -34.13856400
vn 87.57349400 0.00000000 -48.27922000
vn 81.24868800 0.00000000 -58.29794800
vn 57.45149800 -70.71067800 -41.22287400
vn 52.17269100 -70.71067800 -47.72850600
vn 73.78332800 0.00000000 -67.49830000
vn 65.28221200 -0.00000000 -75.75112400
vn 46.16149500 -70.71067800 -53.56413400
vn 39.50229200 -70.71067800 -58.64783800
vn 55.86467700 -0.00000000 -82.94056900
vn 45.66292400 -0.00000000 -88.96570900
vn 32.28856300 -70.71067800 -62.90825600
vn 24.62157400 -70.71067800 -66.28558000
vn 34.82016400 -0.00000000 -93.74196600
vn 16.60895200 -70.71067800 -68.73239900
vn 23.48860500 -0.00000000 -97.20229100
vn 8.36317600 -70.71067800 -70.21436700
vn 11.82731700 -0.00000000 -99.29811000
vn 8.51849000 -70.71067800 -70.19569300
vn 12.04696400 -0.00000000 -99.27170100
vn 12.04696400 -0.00000000 -99.27170100
vn 2.84564100 -70.71067800 -70.65339600
vn 4.02434500 -0.00000000 -99.91899000
vn 2.84564100 -70.71067800 -70.65339600
vn -2.84564100 -70.71067800 -70.65339600
vn -4.02434500 -0.00000000 -99.91899000
vn -12.04696400 -0.00000000 -99.27170100
vn -8.51849000 -70.71067800 -70.19569300
vn -12.04696400 -0.00000000 -99.27170100
vn 21.68751500 -0.00000000 -97.61993500
vn -9.32763800 -70.71067800 -70.09276100
vn -9.99139800 -70.71067800 -70.00122800
vn 50.96618100 -0.00000000 -86.03748300
vn -10.73786300 -70.71067800 -69.89061700
vn 88.29475900 0.00000000 -46.94715600
vn 88.29475900 0.00000000 -46.94715600
vn -12.72833000 -70.71067800 -69.55565800
vn 88.29475900 0.00000000 -46.94715600
vn 88.29475900 0.00000000 -46.94715600
vn -13.43172800 -70.71067800 -69.42325700
vn 47.25434600 -0.00000000 -88.13073700
vn 15.16903500 -0.00000000 -98.84280600
vn -14.05585600 -70.71067800 -69.29958800
vn -20.94049500 -0.00000000 -97.78290100
vn -20.94049500 -0.00000000 -97.78290100
vn -14.80716600 -70.71067800 -69.14295200
vn -32.60493400 -0.00000000 -94.53527500
vn -23.05517000 -70.71067800 -66.84653400
vn -43.79136400 -0.00000000 -89.90170400
vn -30.96517100 -70.71067800 -63.57010500
vn -54.33578600 -0.00000000 -83.95011800
vn -38.42120300 -70.71067800 -59.36169800
vn -54.33578600 -0.00000000 -83.95011800
vn -80.61854600 -0.00000000 -59.16629100
vn -39.06321700 -70.71067800 -58.94120000
vn -95.73171000 -0.00000000 -28.90397300
vn -39.59199000 -70.71067800 -58.58732200
vn -95.63047600 -0.00000000 29.23717000
vn -95.63047600 -0.00000000 29.23717000
vn -40.18299000 -70.71067800 -58.18356600
vn -41.82731300 -70.71067800 -57.01294500
vn -95.63047600 -0.00000000 29.23717000
vn -95.63047600 -0.00000000 29.23717000
vn -42.43335800 -70.71067800 -56.56332900
vn -96.87621900 -0.00000000 -24.79915500
vn -42.96743100 -70.71067800 -56.15870300
vn -84.36310700 -0.00000000 -53.69232900
vn -43.61236900 -70.71067800 -55.65933200
vn -61.67720300 -0.00000000 -78.71418300
vn -61.67720300 -0.00000000 -78.71418300
vn -47.94732300 -70.71067800 -51.97166800
vn -67.80775400 -0.00000000 -73.49903700
vn -73.49903700 -0.00000000 -67.80775400
vn -51.97166800 -70.71067800 -47.94732300
vn -55.65933200 -70.71067800 -43.61236900
vn -78.71418300 -0.00000000 -61.67720300
vn -78.71418300 -0.00000000 -61.67720300
vn -53.69232900 -0.00000000 -84.36310700
vn -56.15870300 -70.71067800 -42.96743100
vn -24.79915500 -0.00000000 -96.87621900
vn -56.56332900 -70.71067800 -42.43335800
vn 29.23717000 -0.00000000 -95.63047600
vn -57.01294500 -70.71067800 -41.82731300
vn 29.23717000 -0.00000000 -95.63047600
vn -58.18356600 -70.71067800 -40.18299000
vn 29.23717000 -0.00000000 -95.63047600
vn 29.23717000 -0.00000000 -95.63047600
vn -28.90397300 -0.00000000 -95.73171000
vn -58.58732200 -70.71067800 -39.59199000
vn -58.94120000 -70.71067800 -39.06321700
vn -59.16629100 -0.00000000 -80.61854600
vn -83.95011800 -0.00000000 -54.33578600
vn -83.95011800 -0.00000000 -54.33578600
vn -59.36169800 -70.71067800 -38.42120300
vn -63.57010500 -70.71067800 -30.96517100
vn -89.90170400 -0.00000000 -43.79136400
vn -66.84653400 -70.71067800 -23.05517000
vn -94.53527500 -0.00000000 -32.60493400
vn -97.78290100 -0.00000000 -20.94049500
vn -97.78290100 -0.00000000 -20.94049500
vn -69.14295200 -70.71067800 -14.80716600
vn -98.84280600 -0.00000000 15.16903500
vn -69.29958800 -70.71067800 -14.05585600
vn -69.42325700 -70.71067800 -13.43172800
vn -88.13073700 -0.00000000 47.25434600
vn -46.94715600 0.00000000 88.29475900
vn -46.94715600 0.00000000 88.29475900
vn -69.55565800 -70.71067800 -12.72833000
vn -69.89061700 -70.71067800 -10.73786300
vn -46.94715600 0.00000000 88.29475900
vn -46.94715600 0.00000000 88.29475900
vn -70.00122800 -70.71067800 -9.99139800
vn -86.03748300 -0.00000000 50.96618100
vn -97.61993500 -0.00000000 21.68751500
vn -70.09276100 -70.71067800 -9.32763800
vn -99.27170100 -0.00000000 -12.04696400
vn -99.27170100 -0.00000000 -12.04696400
vn -70.19569300 -70.71067800 -8.51849000
vn -70.65339600 -70.71067800 -2.84564100
vn -99.91899000 -0.00000000 -4.02434500
vn -99.91899000 -0.00000000 4.02434500
vn -70.65339600 -70.71067800 2.84564100
vn -99.27170100 -0.00000000 12.04696400
vn -99.27170100 -0.00000000 12.04696400
vn -70.19569300 -70.71067800 8.51849000
vn -70.09276100 -70.71067800 9.32763800
vn -97.61993500 -0.00000000 -21.68751500
vn -86.03748300 -0.00000000 -50.96618100
vn -70.00122800 -70.71067800 9.99139800
vn -46.94715600 -0.00000000 -88.29475900
vn -69.89061700 -70.71067800 10.73786300
vn -46.94715600 -0.00000000 -88.29475900
vn -46.94715600 -0.00000000 -88.29475900
vn -46.94715600 -0.00000000 -88.29475900
vn -69.55565800 -70.71067800 12.72833000
vn -69.42325700 -70.71067800 13.43172800
vn -88.13073700 -0.00000000 -47.25434600
vn -69.29958800 -70.71067800 14.05585600
vn -98.84280600 -0.00000000 -15.16903500
vn -69.14295200 -70.71067800 14.80716600
vn -97.78290100 -0.00000000 20.94049500
vn -97.78290100 -0.00000000 20.94049500
vn -94.53527500 -0.00000000 32.60493400
vn -66.84653400 -70.71067800 23.05517000
vn -89.90170400 -0.00000000 43.79136400
vn -63.57010500 -70.71067800 30.96517100
vn -83.95011800 -0.00000000 54.33578600
vn -83.95011800 -0.00000000 54.33578600
vn -59.36169800 -70.71067800 38.42120300
vn -58.94120000 -70.71067800 39.06321700
vn -59.16629100 0.00000000 80.61854600
vn -28.90397300 0.00000000 95.73171000
vn -58.58732200 -70.71067800 39.59199000
vn -58.18356600 -70.71067800 40.18299000
vn 29.23717000 0.00000000 95.63047600
vn 29.23717000 0.00000000 95.63047600
vn 29.23717000 0.00000000 95.63047600
vn -57.01294500 -70.71067800 41.82731300
vn 29.23717000 0.00000000 95.63047600
vn -56.56332900 -70.71067800 42.43335800
vn -24.79915500 0.00000000 96.87621900
vn -56.15870300 -70.71067800 42.96743100
vn -53.69232900 0.00000000 84.36310700
vn -78.71418300 -0.00000000 61.67720300
vn -78.71418300 -0.00000000 61.67720300
vn -55.65933200 -70.71067800 43.61236900
vn -51.97166800 -70.71067800 47.94732300
vn -73.49903700 -0.00000000 67.80775400
vn -47.94732300 -70.71067800 51.97166800
vn -67.80775400 -0.00000000 73.49903700
vn -61.67720300 0.00000000 78.71418300
vn -61.67720300 0.00000000 78.71418300
vn -43.61236900 -70.71067800 55.65933200
vn -84.36310700 -0.00000000 53.69232900
vn -42.96743100 -70.71067800 56.15870300
vn -42.43335800 -70.71067800 56.56332900
vn -96.87621900 -0.00000000 24.79915500
vn -95.63047600 -0.00000000 -29.23717000
vn -95.63047600 -0.00000000 -29.23717000
vn -41.82731300 -70.71067800 57.01294500
vn -40.18299000 -70.71067800 58.18356600
vn -95.63047600 -0.00000000 -29.23717000
vn -95.63047600 -0.00000000 -29.23717000
vn -39.59199000 -70.71067800 58.58732200
vn -95.73171000 -0.00000000 28.90397300
vn -80.61854600 -0.00000000 59.16629100
vn -39.06321700 -70.71067800 58.94120000
vn -54.33578600 0.00000000 83.95011800
vn -38.42120300 -70.71067800 59.36169800
vn -54.33578600 0.00000000 83.95011800
vn -30.96517100 -70.71067800 63.57010500
vn -43.79136400 0.00000000 89.90170400
vn -23.05517000 -70.71067800 66.84653400
vn -32.60493400 0.00000000 94.53527500
vn -14.80716600 -70.71067800 69.14295200
vn -20.94049500 0.00000000 97.78290100
vn -20.94049500 0.00000000 97.78290100
vn -14.05585600 -70.71067800 69.29958800
vn 15.16903500 0.00000000 98.84280600
vn -13.43172800 -70.71067800 69.42325700
vn 47.25434600 0.00000000 88.13073700
vn 88.29475900 0.00000000 46.94715600
vn 88.29475900 0.00000000 46.94715600
vn -12.72833000 -70.71067800 69.55565800
vn 88.29475900 0.00000000 46.94715600
vn -10.73786300 -70.71067800 69.89061700
vn 88.29475900 0.00000000 46.94715600
vn 50.96618100 0.00000000 86.03748300
vn -9.99139800 -70.71067800 70.00122800
vn -9.32763800 -70.71067800 70.09276100
vn 21.68751500 0.00000000 97.61993500
vn -12.04696400 0.00000000 99.27170100
vn -12.04696400 0.00000000 99.27170100
vn -8.51849000 -70.71067800 70.19569300
vn -2.84564100 -70.71067800 70.65339600
vn -4.02434500 0.00000000 99.91899000
vn 2.84564100 -70.71067800 70.65339600
vn 4.02434500 0.00000000 99.91899000
vn 12.04696400 0.00000000 99.27170100
vn 8.51849000 -70.71067800 70.19569300
vn 12.04696400 0.00000000 99.27170100
vn -21.68751500 0.00000000 97.61993500
vn 9.32763800 -70.71067800 70.09276100
vn -50.96618100 0.00000000 86.03748300
vn 9.99139800 -70.71067800 70.00122800
vn -88.29475900 -0.00000000 46.94715600
vn -88.29475900 -0.00000000 46.94715600
vn 10.73786300 -70.71067800 69.89061700
vn 12.72833000 -70.71067800 69.55565800
vn -88.29475900 -0.00000000 46.94715600
vn -88.29475900 -0.00000000 46.94715600
vn 13.43172800 -70.71067800 69.42325700
vn -47.25434600 0.00000000 88.13073700
vn 14.05585600 -70.71067800 69.29958800
vn -15.16903500 0.00000000 98.84280600
vn 20.94049500 0.00000000 97.78290100
vn 20.94049500 0.00000000 97.78290100
vn 14.80716600 -70.71067800 69.14295200
vn 32.60493400 0.00000000 94.53527500
vn 23.05517000 -70.71067800 66.84653400
vn 43.79136400 0.00000000 89.90170400
vn 30.96517100 -70.71067800 63.57010500
vn 38.42120300 -70.71067800 59.36169800
vn 54.33578600 0.00000000 83.95011800
vn 54.33578600 0.00000000 83.95011800
vn 39.06321700 -70.71067800 58.94120000
vn 80.61854600 0.00000000 59.16629100
vn 95.73171000 0.00000000 28.90397300
vn 39.59199000 -70.71067800 58.58732200
vn 95.63047600 0.00000000 -29.23717000
vn 95.63047600 0.00000000 -29.23717000
vn 40.18299000 -70.71067800 58.18356600
vn 95.63047600 0.00000000 -29.23717000
vn 41.82731300 -70.71067800 57.01294500
vn 95.63047600 0.00000000 -29.23717000
vn 42.43335800 -70.71067800 56.56332900
vn 96.87621900 0.00000000 24.79915500
vn 84.36310700 0.00000000 53.69232900
vn 42.96743100 -70.71067800 56.15870300
vn 61.67720300 0.00000000 78.71418300
vn 61.67720300 0.00000000 78.71418300
vn 43.61236900 -70.71067800 55.65933200
vn 47.94732300 -70.71067800 51.97166800
vn 67.80775400 0.00000000 73.49903700
vn 73.49903700 0.00000000 67.80775400
vn 51.97166800 -70.71067800 47.94732300
vn 78.71418300 0.00000000 61.67720300
vn 78.71418300 0.00000000 61.67720300
vn 55.65933200 -70.71067800 43.61236900
vn 53.69232900 0.00000000 84.36310700
vn 56.15870300 -70.71067800 42.96743100
vn 56.56332900 -70.71067800 42.43335800
vn 24.79915500 0.00000000 96.87621900
vn 57.01294500 -70.71067800 41.82731300
vn -29.23717000 0.00000000 95.63047600
vn -29.23717000 0.00000000 95.63047600
vn 58.18356600 -70.71067800 40.18299000
vn -29.23717000 0.00000000 95.63047600
vn -29.23717000 0.00000000 95.63047600
vn 58.58732200 -70.71067800 39.59199000
vn 28.90397300 0.00000000 95.73171000
vn 59.16629100 0.00000000 80.61854600
vn 58.94120000 -70.71067800 39.06321700
vn 59.36169800 -70.71067800 38.42120300
vn 83.95011800 0.00000000 54.33578600
vn 83.95011800 0.00000000 54.33578600
vn 63.57010500 -70.71067800 30.96517100
vn 89.90170400 0.00000000 43.79136400
vn 66.84653400 -70.71067800 23.05517000
vn 94.53527500 0.00000000 32.60493400
vn 97.78290100 0.00000000 20.94049500
vn 69.14295200 -70.71067800 14.80716600
vn 97.78290100 0.00000000 20.94049500
vn 98.84280600 0.00000000 -15.16903500
vn 69.29958800 -70.71067800 14.05585600
vn 88.13073700 0.00000000 -47.25434600
vn 69.42325700 -70.71067800 13.43172800
vn 69.55565800 -70.71067800 12.72833000
vn 46.94715600 -0.00000000 -88.29475900
vn 46.94715600 -0.00000000 -88.29475900
vn 46.94715600 -0.00000000 -88.29475900
vn 46.94715600 -0.00000000 -88.29475900
vn 69.89061700 -70.71067800 10.73786300
vn 86.03748300 0.00000000 -50.96618100
vn 70.00122800 -70.71067800 9.99139800
vn 70.09276100 -70.71067800 9.32763800
vn 97.61993500 0.00000000 -21.68751500
vn 99.27170100 0.00000000 12.04696400
vn 99.27170100 0.00000000 12.04696400
vn 70.19569300 -70.71067800 8.51849000
vn 70.65339600 -70.71067800 2.84564100
vn 99.91899000 0.00000000 4.02434500
vn 99.91899000 0.00000000 -4.02434500
vn 70.65339600 -70.71067800 -2.84564100
vn 99.27170100 0.00000000 -12.04696400
vn 70.19569300 -70.71067800 -8.51849000
vn 99.27170100 0.00000000 -12.04696400
vn 70.09276100 -70.71067800 -9.32763800
vn 97.61993500 0.00000000 21.68751500
vn 70.00122800 -70.71067800 -9.99139800
vn 86.03748300 0.00000000 50.96618100
vn 46.94715600 0.00000000 88.29475900
vn 69.89061700 -70.71067800 -10.73786300
vn 46.94715600 0.00000000 88.29475900
vn 69.55565800 -70.71067800 -12.72833000
vn 46.94715600 0.00000000 88.29475900
vn 46.94715600 0.00000000 88.29475900
vn 69.42325700 -70.71067800 -13.43172800
vn 88.13073700 0.00000000 47.25434600
vn 69.29958800 -70.71067800 -14.05585600
vn 98.84280600 0.00000000 15.16903500
vn 69.14295200 -70.71067800 -14.80716600
vn 97.78290100 0.00000000 -20.94049500
vn 97.78290100 0.00000000 -20.94049500
vn 94.53527500 0.00000000 -32.60493400
vn 66.84653400 -70.71067800 -23.05517000
vn 63.57010500 -70.71067800 -30.96517100
vn 89.90170400 0.00000000 -43.79136400
vn 59.36169800 -70.71067800 -38.42120300
vn 83.95011800 0.00000000 -54.33578600
vn 83.95011800 0.00000000 -54.33578600
vn 58.94120000 -70.71067800 -39.06321700
vn 59.16629100 -0.00000000 -80.61854600
vn 58.58732200 -70.71067800 -39.59199000
vn 28.90397300 -0.00000000 -95.73171000
vn 58.18356600 -70.71067800 -40.18299000
vn -29.23717000 -0.00000000 -95.63047600
vn -29.23717000 -0.00000000 -95.63047600
vn 57.01294500 -70.71067800 -41.82731300
vn -29.23717000 -0.00000000 -95.63047600
vn -29.23717000 -0.00000000 -95.63047600
vn 56.56332900 -70.71067800 -42.43335800
vn 24.79915500 -0.00000000 -96.87621900
vn 53.69232900 -0.00000000 -84.36310700
vn 56.15870300 -70.71067800 -42.96743100
vn 55.65933200 -70.71067800 -43.61236900
vn 78.71418300 0.00000000 -61.67720300
vn 78.71418300 0.00000000 -61.67720300
vn 51.97166800 -70.71067800 -47.94732300
vn 73.49903700 0.00000000 -67.80775400
vn 67.80775400 0.00000000 -73.49903700
vn 47.94732300 -70.71067800 -51.97166800
vn 61.67720300 -0.00000000 -78.71418300
vn 43.61236900 -70.71067800 -55.65933200
vn 61.67720300 -0.00000000 -78.71418300
vn 42.96743100 -70.71067800 -56.15870300
vn 84.36310700 0.00000000 -53.69232900
vn 42.43335800 -70.71067800 -56.56332900
vn 96.87621900 0.00000000 -24.79915500
vn 95.63047600 0.00000000 29.23717000
vn 41.82731300 -70.71067800 -57.01294500
vn 95.63047600 0.00000000 29.23717000
vn 95.63047600 0.00000000 29.23717000
vn 95.63047600 0.00000000 29.23717000
vn 40.18299000 -70.71067800 -58.18356600
vn 39.59199000 -70.71067800 -58.58732200
vn 95.73171000 0.00000000 -28.90397300
vn 39.06321700 -70.71067800 -58.94120000
vn 80.61854600 0.00000000 -59.16629100
vn 54.33578600 -0.00000000 -83.95011800
vn 54.33578600 -0.00000000 -83.95011800
vn 38.42120300 -70.71067800 -59.36169800
vn 30.96517100 -70.71067800 -63.57010500
vn 43.79136400 -0.00000000 -89.90170400
vn 23.05517000 -70.71067800 -66.84653400
vn 32.60493400 -0.00000000 -94.53527500
vn 20.94049500 -0.00000000 -97.78290100
vn 20.94049500 -0.00000000 -97.78290100
vn 14.80716600 -70.71067800 -69.14295200
vn -15.16903500 -0.00000000 -98.84280600
vn 14.05585600 -70.71067800 -69.29958800
vn -47.25434600 -0.00000000 -88.13073700
vn 13.43172800 -70.71067800 -69.42325700
vn 12.72833000 -70.71067800 -69.55565800
vn -88.29475900 -0.00000000 -46.94715600
vn -88.29475900 -0.00000000 -46.94715600
vn 10.73786300 -70.71067800 -69.89061700
vn -88.29475900 -0.00000000 -46.94715600
vn -88.29475900 -0.00000000 -46.94715600
vn -50.96618100 -0.00000000 -86.03748300
vn 9.99139800 -70.71067800 -70.00122800
vn 9.32763800 -70.71067800 -70.09276100
vn -21.68751500 -0.00000000 -97.61993500
vn 0.00000000 -70.71067800 70.71067800
vn 0.00000000 -70.71067800 70.71067800
vn 0.00000000 -70.71067800 70.71067800
vn -9.62843600 -70.71067800 70.05207500
vn -9.62843600 -70.71067800 70.05207500
vn -19.07751300 -70.71067800 68.08853400
vn -19.07751300 -70.71067800 68.08853400
vn -28.17121100 -70.71067800 64.85663300
vn -28.17121100 -70.71067800 64.85663300
vn -36.74013300 -70.71067800 60.41657500
vn -36.74013300 -70.71067800 60.41657500
vn -44.62465600 -70.71067800 54.85107100
vn -44.62465600 -70.71067800 54.85107100
vn -51.67790700 -70.71067800 48.26379600
vn -51.67790700 -70.71067800 48.26379600
vn -57.76849500 -70.71067800 40.77745700
vn -57.76849500 -70.71067800 40.77745700
vn -62.78296600 -70.71067800 32.53151100
vn -62.78296600 -70.71067800 32.53151100
vn -66.62790900 -70.71067800 23.67956400
vn -66.62790900 -70.71067800 23.67956400
vn -69.23170000 -70.71067800 14.38651300
vn -69.23170000 -70.71067800 14.38651300
vn -70.54583500 -70.71067800 4.82546700
vn -70.54583500 -70.71067800 4.82546700
vn -70.54583500 -70.71067800 -4.82546700
vn -70.54583500 -70.71067800 -4.82546700
vn -69.23170000 -70.71067800 -14.38651300
vn -69.23170000 -70.71067800 -14.38651300
vn -66.62790900 -70.71067800 -23.67956400
vn -66.62790900 -70.71067800 -23.67956400
vn -62.78296600 -70.71067800 -32.53151100
vn -62.78296600 -70.71067800 -32.53151100
vn -57.76849500 -70.71067800 -40.77745700
vn -57.76849500 -70.71067800 -40.77745700
vn -51.67790700 -70.71067800 -48.26379600
vn -51.67790700 -70.71067800 -48.26379600
vn -44.62465600 -70.71067800 -54.85107100
vn -44.62465600 -70.71067800 -54.85107100
vn -36.74013300 -70.71067800 -60.41657500
vn -36.74013300 -70.71067800 -60.41657500
vn -28.17121100 -70.71067800 -64.85663300
vn -28.17121100 -70.71067800 -64.85663300
vn -19.07751300 -70.71067800 -68.08853400
vn -19.07751300 -70.71067800 -68.08853400
vn -9.62843600 -70.71067800 -70.05207500
vn -9.62843600 -70.71067800 -70.05207500
vn -0.00000000 -70.71067800 -70.71067800
vn -0.00000000 -70.71067800 -70.71067800
vn -0.00000000 -70.71067800 -70.71067800
vn 9.62843600 -70.71067800 -70.05207500
vn 9.62843600 -70.71067800 -70.05207500
vn 19.07751300 -70.71067800 -68.08853400
vn 19.07751300 -70.71067800 -68.08853400
vn 28.17121100 -70.71067800 -64.85663300
vn 28.17121100 -70.71067800 -64.85663300
vn 36.74013300 -70.71067800 -60.41657500
vn 36.74013300 -70.71067800 -60.41657500
vn 44.62465600 -70.71067800 -54.85107100
vn 44.62465600 -70.71067800 -54.85107100
vn 51.67790700 -70.71067800 -48.26379600
vn 51.67790700 -70.71067800 -48.26379600
vn 57.76849500 -70.71067800 -40.77745700
vn 57.76849500 -70.71067800 -40.77745700
vn 62.78296600 -70.71067800 -32.53151100
vn 62.78296600 -70.71067800 -32.53151100
vn 66.62790900 -70.71067800 -23.67956400
vn 66.62790900 -70.71067800 -23.67956400
vn 69.23170000 -70.71067800 -14.38651300
vn 69.23170000 -70.71067800 -14.38651300
vn 70.54583500 -70.71067800 -4.82546700
vn 70.54583500 -70.71067800 -4.82546700
vn 70.54583500 -70.71067800 4.82546700
vn 70.54583500 -70.71067800 4.82546700
vn 69.23170000 -70.71067800 14.38651300
vn 69.23170000 -70.71067800 14.38651300
vn 66.62790900 -70.71067800 23.67956400
vn 66.62790900 -70.71067800 23.67956400
vn 62.78296600 -70.71067800 32.53151100
vn 62.78296600 -70.71067800 32.53151100
vn 57.76849500 -70.71067800 40.77745700
vn 57.76849500 -70.71067800 40.77745700
vn 51.67790700 -70.71067800 48.26379600
vn 51.67790700 -70.71067800 48.26379600
vn 44.62465600 -70.71067800 54.85107100
vn 44.62465600 -70.71067800 54.85107100
vn 36.74013300 -70.71067800 60.41657500
vn 36.74013300 -70.71067800 60.41657500
vn 28.17121100 -70.71067800 64.85663300
vn 28.17121100 -70.71067800 64.85663300
vn 19.07751300 -70.71067800 68.08853400
vn 19.07751300 -70.71067800 68.08853400
vn 9.62843600 -70.71067800 70.05207500
vn 9.62843600 -70.71067800 70.05207500
vn -0.00000000 -70.71067800 -70.71067800
vn -0.00000000 -70.71067800 -70.71067800
vn 0.00000000 -70.71067800 -70.71067800
vn 0.00000000 -70.71067800 -70.71067800
vn -10.53888000 -70.71067800 -69.92089800
vn -10.53888000 -70.71067800 -69.92089800
vn -20.84233800 -70.71067800 -67.56920100
vn -20.84233800 -70.71067800 -67.56920100
vn -30.68021300 -70.71067800 -63.70812000
vn -30.68021300 -70.71067800 -63.70812000
vn -39.83274300 -70.71067800 -58.42390400
vn -39.83274300 -70.71067800 -58.42390400
vn -48.09547600 -70.71067800 -51.83459500
vn -48.09547600 -70.71067800 -51.83459500
vn -55.28383400 -70.71067800 -44.08738700
vn -55.28383400 -70.71067800 -44.08738700
vn -61.23724400 -70.71067800 -35.35533900
vn -61.23724400 -70.71067800 -35.35533900
vn -65.82271400 -70.71067800 -25.83351200
vn -65.82271400 -70.71067800 -25.83351200
vn -68.93781400 -70.71067800 -15.73460600
vn -68.93781400 -70.71067800 -15.73460600
vn -70.51295700 -70.71067800 -5.28421600
vn -70.51295700 -70.71067800 -5.28421600
vn -70.51295700 -70.71067800 5.28421600
vn -70.51295700 -70.71067800 5.28421600
vn -68.93781400 -70.71067800 15.73460600
vn -68.93781400 -70.71067800 15.73460600
vn -65.82271400 -70.71067800 25.83351200
vn -65.82271400 -70.71067800 25.83351200
vn -61.23724400 -70.71067800 35.35533900
vn -61.23724400 -70.71067800 35.35533900
vn -55.28383400 -70.71067800 44.08738700
vn -55.28383400 -70.71067800 44.08738700
vn -48.09547600 -70.71067800 51.83459500
vn -48.09547600 -70.71067800 51.83459500
vn -39.83274300 -70.71067800 58.42390400
vn -39.83274300 -70.71067800 58.42390400
vn -30.68021300 -70.71067800 63.70812000
vn -30.68021300 -70.71067800 63.70812000
vn -20.84233800 -70.71067800 67.56920100
vn -20.84233800 -70.71067800 67.56920100
vn -10.53888000 -70.71067800 69.92089800
vn -10.53888000 -70.71067800 69.92089800
vn 0.00000000 -70.71067800 70.71067800
vn 0.00000000 -70.71067800 70.71067800
vn 10.53888000 -70.71067800 69.92089800
vn 10.53888000 -70.71067800 69.92089800
vn 20.84233800 -70.71067800 67.56920100
vn 20.84233800 -70.71067800 67.56920100
vn 30.68021300 -70.71067800 63.70812000
vn 30.68021300 -70.71067800 63.70812000
vn 39.83274300 -70.71067800 58.42390400
vn 39.83274300 -70.71067800 58.42390400
vn 48.09547600 -70.71067800 51.83459500
vn 48.09547600 -70.71067800 51.83459500
vn 55.28383400 -70.71067800 44.08738700
vn 55.28383400 -70.71067800 44.08738700
vn 61.23724400 -70.71067800 35.35533900
vn 61.23724400 -70.71067800 35.35533900
vn 65.82271400 -70.71067800 25.83351200
vn 65.82271400 -70.71067800 25.83351200
vn 68.93781400 -70.71067800 15.73460600
vn 68.93781400 -70.71067800 15.73460600
vn 70.51295700 -70.71067800 5.28421600
vn 70.51295700 -70.71067800 5.28421600
vn 70.51295700 -70.71067800 -5.28421600
vn 70.51295700 -70.71067800 -5.28421600
vn 68.93781400 -70.71067800 -15.73460600
vn 68.93781400 -70.71067800 -15.73460600
vn 65.82271400 -70.71067800 -25.83351200
vn 65.82271400 -70.71067800 -25.83351200
vn 61.23724400 -70.71067800 -35.35533900
vn 61.23724400 -70.71067800 -35.35533900
vn 55.28383400 -70.71067800 -44.08738700
vn 55.28383400 -70.71067800 -44.08738700
vn 48.09547600 -70.71067800 -51.83459500
vn 48.09547600 -70.71067800 -51.83459500
vn 39.83274300 -70.71067800 -58.42390400
vn 39.83274300 -70.71067800 -58.42390400
vn 30.68021300 -70.71067800 -63.70812000
vn 30.68021300 -70.71067800 -63.70812000
vn 20.84233800 -70.71067800 -67.56920100
vn 20.84233800 -70.71067800 -67.56920100
vn 10.53888000 -70.71067800 -69.92089800
vn 10.53888000 -70.71067800 -69.92089800
vn 0.00000000 -100.00000000 -0.00000000
vn 0.00000000 -100.00000000 -0.00000000
vn 0.00000000 -100.00000000 -0.00000000
vn 0.00000000 -100.00000000 0.00000000
vn 0.00000000 -100.00000000 0.00000000
vn 0.00000000 -100.00000000 0.00000000
vn 0.00000000 -100.00000000 0.00000000
vn -0.00000000 -100.00000000 0.00000000
vn -0.00000000 -100.00000000 0.00000000
vn 0.00000000 -100.00000000 0.00000000
vn 0.00000000 -100.00000000 0.00000000
vn 0.00000000 -100.00000000 0.00000000
vn 0.00000000 -100.00000000 0.00000000
vn -0.00000000 -100.00000000 0.00000000
vn -0.00000000 -100.00000000 0.00000000
vn 0.00000000 -100.00000000 0.00000000
vn 0.00000000 -100.00000000 0.00000000
vn 0.00000000 -100.00000000 0.00000000
vn 0.00000000 -100.00000000 0.00000000
vn 0.00000000 -100.00000000 -0.00000000
vn 0.00000000 -100.00000000 -0.00000000
vn 0.00000000 -100.00000000 -0.00000000
vn 0.00000000 -100.00000000 -0.00000000
vn -0.00000000 -100.00000000 0.00000000
vn -0.00000000 -100.00000000 0.00000000
vn 0.00000000 -100.00000000 0.00000000
vn 0.00000000 -100.00000000 0.00000000
vn 0.00000000 -100.00000000 0.00000000
vn 0.00000000 -100.00000000 0.00000000
vn 0.00000000 -100.00000000 0.00000000
vn 0.00000000 -100.00000000 0.00000000
vn 0.00000000 -100.00000000 0.00000000
vn 0.00000000 -100.00000000 0.00000000
vn 0.00000000 -100.00000000 0.00000000
vn 0.00000000 -100.00000000 0.00000000
vn 0.00000000 -100.00000000 0.00000000
vn 0.00000000 -100.00000000 0.00000000
vn 0.00000000 -100.00000000 0.00000000
vn 0.00000000 -100.00000000 0.00000000
vn 0.00000000 -100.00000000 0.00000000
vn 0.00000000 -100.00000000 0.00000000
vn 0.00000000 -100.00000000 0.00000000
vn 0.00000000 -100.00000000 0.00000000
vn 0.00000000 -100.00000000 0.00000000
vn 0.00000000 -100.00000000 0.00000000
vn 0.00000000 -100.00000000 0.00000000
vn 0.00000000 -100.00000000 0.00000000
vn 0.00000000 -100.00000000 0.00000000
vn 0.00000000 -100.00000000 0.00000000
vn 0.00000000 -100.00000000 0.00000000
vn 0.00000000 -100.00000000 0.00000000
vn 0.00000000 -100.00000000 0.00000000
vn 0.00000000 -100.00000000 0.00000000
vn 0.00000000 -100.00000000 -0.00000000
vn 0.00000000 -100.00000000 -0.00000000
vn 0.00000000 -100.00000000 0.00000000
vn 0.00000000 -100.00000000 0.00000000
vn 0.00000000 -100.00000000 0.00000000
vn 0.00000000 -100.00000000 0.00000000
vn 0.00000000 -100.00000000 0.00000000
vn 0.00000000 -100.00000000 0.00000000
vn 0.00000000 -100.00000000 0.00000000
vn 0.00000000 -100.00000000 0.00000000
vn 0.00000000 -100.00000000 0.00000000
vn 0.00000000 -100.00000000 0.00000000
vn 0.00000000 -100.00000000 0.00000000
vn 0.00000000 -100.00000000 0.00000000
vn 0.00000000 -100.00000000 -0.00000000
vn 0.00000000 -100.00000000 -0.00000000
vn 0.00000000 -100.00000000 -0.00000000
vn 0.00000000 -100.00000000 -0.00000000
vn 0.00000000 -100.00000000 0.00000000
vn 0.00000000 -100.00000000 0.00000000
vn 0.00000000 -100.00000000 0.00000000
vn 0.00000000 -100.00000000 0.00000000
vn 0.00000000 -100.00000000 0.00000000
vn 0.00000000 -100.00000000 0.00000000
vn 0.00000000 -100.00000000 0.00000000
vn 0.00000000 -100.00000000 0.00000000
vn 0.00000000 -100.00000000 0.00000000
vn 0.00000000 -100.00000000 0.00000000
vn 0.00000000 -100.00000000 0.00000000
vn 0.00000000 -100.00000000 0.00000000
vn 0.00000000 -100.00000000 0.00000000
vn 0.00000000 -100.00000000 0.00000000
vn 0.00000000 -100.00000000 0.00000000
vn 0.00000000 -100.00000000 0.00000000
vn 0.00000000 -100.00000000 0.00000000
vn 0.00000000 -100.00000000 0.00000000
vn -0.00000000 -100.00000000 -0.00000000
vn -0.00000000 -100.00000000 -0.00000000
vn 0.00000000 -100.00000000 0.00000000
vn 0.00000000 -100.00000000 0.00000000
vn 0.00000000 -100.00000000 0.00000000
vn 0.00000000 -100.00000000 0.00000000
vn 0.00000000 -92.38795300 38.26834300
vn 0.00000000 -92.38795300 38.26834300
vn 33.92868700 -92.38795300 -17.70057400
vn -2.45186100 -92.38795300 -38.18971700
vn -31.38663300 -92.38795300 -21.89395700
vn 4.89364700 -92.38795300 37.95416100
vn 9.70694100 -92.38795300 37.01677200
vn 14.36084700 -92.38795300 35.47156900
vn 18.77894800 -92.38795300 33.34392300
vn 22.88869900 -92.38795300 30.66877200
vn 26.62261900 -92.38795300 27.49003900
vn 29.91939600 -92.38795300 23.85992200
vn 32.72489700 -92.38795300 19.83802500
vn 34.99305600 -92.38795300 15.49038800
vn 36.68663000 -92.38795300 10.88839900
vn 37.77781100 -92.38795300 6.10762400
vn 38.24868200 -92.38795300 1.22656100
vn 38.09151000 -92.38795300 -3.67464200
vn 37.30887600 -92.38795300 -8.51550700
vn 35.91363200 -92.38795300 -13.21654800
vn 28.32921200 -92.38795300 -25.72784100
vn 31.38663300 -92.38795300 -21.89395700
vn 24.80662700 -92.38795300 -29.13927500
vn 20.87671700 -92.38795300 -32.07224300
vn 16.60401200 -92.38795300 -34.47858600
vn 12.05866900 -92.38795300 -36.31879100
vn 7.31532400 -92.38795300 -37.56264300
vn 2.45186100 -92.38795300 -38.18971700
vn -7.31532400 -92.38795300 -37.56264300
vn -12.05866900 -92.38795300 -36.31879100
vn -16.60401200 -92.38795300 -34.47858600
vn -20.87671700 -92.38795300 -32.07224300
vn -24.80662700 -92.38795300 -29.13927500
vn -28.32921200 -92.38795300 -25.72784100
vn -35.91363200 -92.38795300 -13.21654800
vn -33.92868700 -92.38795300 -17.70057400
vn -37.30887600 -92.38795300 -8.51550700
vn -38.09151000 -92.38795300 -3.67464200
vn -38.24868200 -92.38795300 1.22656100
vn -37.77781100 -92.38795300 6.10762400
vn -36.68663000 -92.38795300 10.88839900
vn -34.99305600 -92.38795300 15.49038800
vn -32.72489700 -92.38795300 19.83802500
vn -29.91939600 -92.38795300 23.85992200
vn -26.62261900 -92.38795300 27.49003900
vn -22.88869900 -92.38795300 30.66877200
vn -18.77894800 -92.38795300 33.34392300
vn -14.36084700 -92.38795300 35.47156900
vn -9.70694100 -92.38795300 37.01677200
vn -4.89364700 -92.38795300 37.95416100
vn 46.94715600 -0.00000000 -88.29475900
vn 46.94715600 -0.00000000 -88.29475900
vn 69.89061700 70.71067800 10.73786300
vn 46.94715600 -0.00000000 -88.29475900
vn 69.55565800 70.71067800 12.72833000
vn 46.94715600 -0.00000000 -88.29475900
vn -29.23717000 0.00000000 95.63047600
vn 58.18356600 70.71067800 40.18299000
vn -29.23717000 0.00000000 95.63047600
vn 57.01294500 70.71067800 41.82731300
vn -29.23717000 0.00000000 95.63047600
vn -29.23717000 0.00000000 95.63047600
vn -29.23717000 -0.00000000 -95.63047600
vn -29.23717000 -0.00000000 -95.63047600
vn 57.01294500 70.71067800 -41.82731300
vn -29.23717000 -0.00000000 -95.63047600
vn 58.18356600 70.71067800 -40.18299000
vn -29.23717000 -0.00000000 -95.63047600
vn 69.55565800 70.71067800 -12.72833000
vn 46.94715600 0.00000000 88.29475900
vn 46.94715600 0.00000000 88.29475900
vn 46.94715600 0.00000000 88.29475900
vn 46.94715600 0.00000000 88.29475900
vn 69.89061700 70.71067800 -10.73786300
vn 95.63047600 0.00000000 -29.23717000
vn 41.82731300 70.71067800 57.01294500
vn 95.63047600 0.00000000 -29.23717000
vn 95.63047600 0.00000000 -29.23717000
vn 95.63047600 0.00000000 -29.23717000
vn 40.18299000 70.71067800 58.18356600
vn -88.29475900 -0.00000000 46.94715600
vn 12.72833000 70.71067800 69.55565800
vn -88.29475900 -0.00000000 46.94715600
vn -88.29475900 -0.00000000 46.94715600
vn -88.29475900 -0.00000000 46.94715600
vn 10.73786300 70.71067800 69.89061700
vn 95.63047600 0.00000000 29.23717000
vn 41.82731300 70.71067800 -57.01294500
vn 95.63047600 0.00000000 29.23717000
vn 61.67720300 -0.00000000 -78.71418300
vn 61.67720300 -0.00000000 -78.71418300
vn 43.61236900 70.71067800 -55.65933200
vn 42.96743100 70.71067800 -56.15870300
vn 84.36310700 0.00000000 -53.69232900
vn 96.87621900 0.00000000 -24.79915500
vn 42.43335800 70.71067800 -56.56332900
vn 99.45709200 0.00000000 -10.40609900
vn 87.50750700 0.00000000 -48.39872100
vn 95.63047600 0.00000000 29.23717000
vn 40.18299000 70.71067800 -58.18356600
vn 95.63047600 0.00000000 29.23717000
vn 14.80716600 70.71067800 69.14295200
vn 20.94049500 0.00000000 97.78290100
vn 20.94049500 0.00000000 97.78290100
vn 13.43172800 70.71067800 69.42325700
vn -47.25434600 0.00000000 88.13073700
vn -15.16903500 0.00000000 98.84280600
vn 14.05585600 70.71067800 69.29958800
vn -60.60463200 0.00000000 79.54293500
vn -21.82853700 0.00000000 97.58849800
vn 54.33578600 0.00000000 83.95011800
vn 54.33578600 0.00000000 83.95011800
vn 38.42120300 70.71067800 59.36169800
vn 23.05517000 70.71067800 66.84653400
vn 32.60493400 0.00000000 94.53527500
vn 30.96517100 70.71067800 63.57010500
vn 43.79136400 0.00000000 89.90170400
vn 80.61854600 0.00000000 59.16629100
vn 39.06321700 70.71067800 58.94120000
vn 39.59199000 70.71067800 58.58732200
vn 95.73171000 0.00000000 28.90397300
vn 84.44059500 0.00000000 53.57038200
vn 99.09929500 0.00000000 13.39140200
vn 61.67720300 0.00000000 78.71418300
vn 61.67720300 0.00000000 78.71418300
vn 43.61236900 70.71067800 55.65933200
vn 96.87621900 0.00000000 24.79915500
vn 42.43335800 70.71067800 56.56332900
vn 84.36310700 0.00000000 53.69232900
vn 42.96743100 70.71067800 56.15870300
vn 99.45709200 0.00000000 10.40609900
vn 87.50750700 0.00000000 48.39872100
vn 55.65933200 70.71067800 43.61236900
vn 78.71418300 0.00000000 61.67720300
vn 78.71418300 0.00000000 61.67720300
vn 67.80775400 0.00000000 73.49903700
vn 47.94732300 70.71067800 51.97166800
vn 73.49903700 0.00000000 67.80775400
vn 51.97166800 70.71067800 47.94732300
vn 53.69232900 0.00000000 84.36310700
vn 56.15870300 70.71067800 42.96743100
vn 24.79915500 0.00000000 96.87621900
vn 56.56332900 70.71067800 42.43335800
vn 10.40609900 0.00000000 99.45709200
vn 48.39872100 0.00000000 87.50750700
vn 59.36169800 70.71067800 38.42120300
vn 83.95011800 0.00000000 54.33578600
vn 83.95011800 0.00000000 54.33578600
vn 58.58732200 70.71067800 39.59199000
vn 28.90397300 0.00000000 95.73171000
vn 58.94120000 70.71067800 39.06321700
vn 59.16629100 0.00000000 80.61854600
vn 13.39140200 0.00000000 99.09929500
vn 53.57038200 0.00000000 84.44059500
vn 97.78290100 0.00000000 20.94049500
vn 97.78290100 0.00000000 20.94049500
vn 69.14295200 70.71067800 14.80716600
vn 63.57010500 70.71067800 30.96517100
vn 89.90170400 0.00000000 43.79136400
vn 66.84653400 70.71067800 23.05517000
vn 94.53527500 0.00000000 32.60493400
vn 98.84280600 0.00000000 -15.16903500
vn 69.29958800 70.71067800 14.05585600
vn 88.13073700 0.00000000 -47.25434600
vn 69.42325700 70.71067800 13.43172800
vn 97.58849800 0.00000000 -21.82853700
vn 79.54293500 0.00000000 -60.60463200
vn 99.27170100 0.00000000 12.04696400
vn 99.27170100 0.00000000 12.04696400
vn 70.19569300 70.71067800 8.51849000
vn 86.03748300 0.00000000 -50.96618100
vn 70.00122800 70.71067800 9.99139800
vn 97.61993500 0.00000000 -21.68751500
vn 70.09276100 70.71067800 9.32763800
vn 77.68500700 0.00000000 -62.96856100
vn 96.10021500 0.00000000 -27.65408800
vn 70.19569300 70.71067800 -8.51849000
vn 99.27170100 0.00000000 -12.04696400
vn 99.27170100 0.00000000 -12.04696400
vn 70.65339600 70.71067800 2.84564100
vn 99.91899000 0.00000000 4.02434500
vn 70.65339600 70.71067800 -2.84564100
vn 99.91899000 0.00000000 -4.02434500
vn 70.09276100 70.71067800 -9.32763800
vn 97.61993500 0.00000000 21.68751500
vn 70.00122800 70.71067800 -9.99139800
vn 86.03748300 0.00000000 50.96618100
vn 77.68500700 0.00000000 62.96856100
vn 96.10021500 0.00000000 27.65408800
vn 97.78290100 0.00000000 -20.94049500
vn 69.14295200 70.71067800 -14.80716600
vn 97.78290100 0.00000000 -20.94049500
vn 69.42325700 70.71067800 -13.43172800
vn 88.13073700 0.00000000 47.25434600
vn 98.84280600 0.00000000 15.16903500
vn 69.29958800 70.71067800 -14.05585600
vn 79.54293500 0.00000000 60.60463200
vn 97.58849800 0.00000000 21.82853700
vn 78.71418300 0.00000000 -61.67720300
vn 78.71418300 0.00000000 -61.67720300
vn 55.65933200 70.71067800 -43.61236900
vn 73.49903700 0.00000000 -67.80775400
vn 51.97166800 70.71067800 -47.94732300
vn 67.80775400 0.00000000 -73.49903700
vn 47.94732300 70.71067800 -51.97166800
vn 56.56332900 70.71067800 -42.43335800
vn 24.79915500 -0.00000000 -96.87621900
vn 53.69232900 -0.00000000 -84.36310700
vn 56.15870300 70.71067800 -42.96743100
vn 10.40609900 -0.00000000 -99.45709200
vn 48.39872100 -0.00000000 -87.50750700
vn 59.36169800 70.71067800 -38.42120300
vn 83.95011800 0.00000000 -54.33578600
vn 83.95011800 0.00000000 -54.33578600
vn 94.53527500 0.00000000 -32.60493400
vn 66.84653400 70.71067800 -23.05517000
vn 63.57010500 70.71067800 -30.96517100
vn 89.90170400 0.00000000 -43.79136400
vn 59.16629100 -0.00000000 -80.61854600
vn 58.94120000 70.71067800 -39.06321700
vn 28.90397300 -0.00000000 -95.73171000
vn 58.58732200 70.71067800 -39.59199000
vn 53.57038200 -0.00000000 -84.44059500
vn 13.39140200 -0.00000000 -99.09929500
vn 54.33578600 -0.00000000 -83.95011800
vn 38.42120300 70.71067800 -59.36169800
vn 54.33578600 -0.00000000 -83.95011800
vn 95.73171000 0.00000000 -28.90397300
vn 39.59199000 70.71067800 -58.58732200
vn 80.61854600 0.00000000 -59.16629100
vn 39.06321700 70.71067800 -58.94120000
vn 99.09929500 0.00000000 -13.39140200
vn 84.44059500 0.00000000 -53.57038200
vn 14.80716600 70.71067800 -69.14295200
vn 20.94049500 -0.00000000 -97.78290100
vn 20.94049500 -0.00000000 -97.78290100
vn 30.96517100 70.71067800 -63.57010500
vn 43.79136400 -0.00000000 -89.90170400
vn 23.05517000 70.71067800 -66.84653400
vn 32.60493400 -0.00000000 -94.53527500
vn -12.04696400 -0.00000000 -99.27170100
vn -8.51849000 70.71067800 -70.19569300
vn -12.04696400 -0.00000000 -99.27170100
vn -4.02434500 -0.00000000 -99.91899000
vn -2.84564100 70.71067800 -70.65339600
vn -2.84564100 70.71067800 -70.65339600
vn 2.84564100 70.71067800 -70.65339600
vn 4.02434500 -0.00000000 -99.91899000
vn 8.51849000 70.71067800 -70.19569300
vn 12.04696400 -0.00000000 -99.27170100
vn 12.04696400 -0.00000000 -99.27170100
vn 9.32763800 70.71067800 -70.09276100
vn -21.68751500 -0.00000000 -97.61993500
vn -50.96618100 -0.00000000 -86.03748300
vn 9.99139800 70.71067800 -70.00122800
vn -88.29475900 -0.00000000 -46.94715600
vn 10.73786300 70.71067800 -69.89061700
vn -88.29475900 -0.00000000 -46.94715600
vn -88.29475900 -0.00000000 -46.94715600
vn 12.72833000 70.71067800 -69.55565800
vn -88.29475900 -0.00000000 -46.94715600
vn 13.43172800 70.71067800 -69.42325700
vn -47.25434600 -0.00000000 -88.13073700
vn 14.05585600 70.71067800 -69.29958800
vn -15.16903500 -0.00000000 -98.84280600
vn 9.99139800 70.71067800 70.00122800
vn -50.96618100 0.00000000 86.03748300
vn 9.32763800 70.71067800 70.09276100
vn -21.68751500 0.00000000 97.61993500
vn 8.51849000 70.71067800 70.19569300
vn 12.04696400 0.00000000 99.27170100
vn 12.04696400 0.00000000 99.27170100
vn 2.84564100 70.71067800 70.65339600
vn 4.02434500 0.00000000 99.91899000
vn -4.02434500 0.00000000 99.91899000
vn -2.84564100 70.71067800 70.65339600
vn -12.04696400 0.00000000 99.27170100
vn -12.04696400 0.00000000 99.27170100
vn -8.51849000 70.71067800 70.19569300
vn 21.68751500 0.00000000 97.61993500
vn -9.32763800 70.71067800 70.09276100
vn 50.96618100 0.00000000 86.03748300
vn -9.99139800 70.71067800 70.00122800
vn -10.73786300 70.71067800 69.89061700
vn 88.29475900 0.00000000 46.94715600
vn 88.29475900 0.00000000 46.94715600
vn 88.29475900 0.00000000 46.94715600
vn 88.29475900 0.00000000 46.94715600
vn -12.72833000 70.71067800 69.55565800
vn -13.43172800 70.71067800 69.42325700
vn 47.25434600 0.00000000 88.13073700
vn -14.05585600 70.71067800 69.29958800
vn 15.16903500 0.00000000 98.84280600
vn -20.94049500 0.00000000 97.78290100
vn -20.94049500 0.00000000 97.78290100
vn -14.80716600 70.71067800 69.14295200
vn -32.60493400 0.00000000 94.53527500
vn -23.05517000 70.71067800 66.84653400
vn -43.79136400 0.00000000 89.90170400
vn -30.96517100 70.71067800 63.57010500
vn -38.42120300 70.71067800 59.36169800
vn -54.33578600 0.00000000 83.95011800
vn -54.33578600 0.00000000 83.95011800
vn -80.61854600 -0.00000000 59.16629100
vn -39.06321700 70.71067800 58.94120000
vn -95.73171000 -0.00000000 28.90397300
vn -39.59199000 70.71067800 58.58732200
vn -95.63047600 -0.00000000 -29.23717000
vn -95.63047600 -0.00000000 -29.23717000
vn -40.18299000 70.71067800 58.18356600
vn -95.63047600 -0.00000000 -29.23717000
vn -95.63047600 -0.00000000 -29.23717000
vn -41.82731300 70.71067800 57.01294500
vn -42.43335800 70.71067800 56.56332900
vn -96.87621900 -0.00000000 24.79915500
vn -84.36310700 -0.00000000 53.69232900
vn -42.96743100 70.71067800 56.15870300
vn -61.67720300 0.00000000 78.71418300
vn -43.61236900 70.71067800 55.65933200
vn -61.67720300 0.00000000 78.71418300
vn -47.94732300 70.71067800 51.97166800
vn -67.80775400 -0.00000000 73.49903700
vn -51.97166800 70.71067800 47.94732300
vn -73.49903700 -0.00000000 67.80775400
vn -55.65933200 70.71067800 43.61236900
vn -78.71418300 -0.00000000 61.67720300
vn -78.71418300 -0.00000000 61.67720300
vn -53.69232900 0.00000000 84.36310700
vn -56.15870300 70.71067800 42.96743100
vn -56.56332900 70.71067800 42.43335800
vn -24.79915500 0.00000000 96.87621900
vn -57.01294500 70.71067800 41.82731300
vn 29.23717000 0.00000000 95.63047600
vn 29.23717000 0.00000000 95.63047600
vn -58.18356600 70.71067800 40.18299000
vn 29.23717000 0.00000000 95.63047600
vn 29.23717000 0.00000000 95.63047600
vn -58.58732200 70.71067800 39.59199000
vn -28.90397300 0.00000000 95.73171000
vn -59.16629100 0.00000000 80.61854600
vn -58.94120000 70.71067800 39.06321700
vn -59.36169800 70.71067800 38.42120300
vn -83.95011800 -0.00000000 54.33578600
vn -83.95011800 -0.00000000 54.33578600
vn -63.57010500 70.71067800 30.96517100
vn -89.90170400 -0.00000000 43.79136400
vn -66.84653400 70.71067800 23.05517000
vn -94.53527500 -0.00000000 32.60493400
vn -97.78290100 -0.00000000 20.94049500
vn -97.78290100 -0.00000000 20.94049500
vn -69.14295200 70.71067800 14.80716600
vn -98.84280600 -0.00000000 -15.16903500
vn -69.29958800 70.71067800 14.05585600
vn -69.42325700 70.71067800 13.43172800
vn -88.13073700 -0.00000000 -47.25434600
vn -46.94715600 -0.00000000 -88.29475900
vn -46.94715600 -0.00000000 -88.29475900
vn -69.55565800 70.71067800 12.72833000
vn -46.94715600 -0.00000000 -88.29475900
vn -46.94715600 -0.00000000 -88.29475900
vn -69.89061700 70.71067800 10.73786300
vn -86.03748300 -0.00000000 -50.96618100
vn -70.00122800 70.71067800 9.99139800
vn -70.09276100 70.71067800 9.32763800
vn -97.61993500 -0.00000000 -21.68751500
vn -70.19569300 70.71067800 8.51849000
vn -99.27170100 -0.00000000 12.04696400
vn -99.27170100 -0.00000000 12.04696400
vn -70.65339600 70.71067800 2.84564100
vn -99.91899000 -0.00000000 4.02434500
vn -99.91899000 -0.00000000 -4.02434500
vn -70.65339600 70.71067800 -2.84564100
vn -99.27170100 -0.00000000 -12.04696400
vn -99.27170100 -0.00000000 -12.04696400
vn -70.19569300 70.71067800 -8.51849000
vn -70.09276100 70.71067800 -9.32763800
vn -97.61993500 -0.00000000 21.68751500
vn -70.00122800 70.71067800 -9.99139800
vn -86.03748300 -0.00000000 50.96618100
vn -69.89061700 70.71067800 -10.73786300
vn -46.94715600 0.00000000 88.29475900
vn -46.94715600 0.00000000 88.29475900
vn -46.94715600 0.00000000 88.29475900
vn -46.94715600 0.00000000 88.29475900
vn -69.55565800 70.71067800 -12.72833000
vn -88.13073700 -0.00000000 47.25434600
vn -69.42325700 70.71067800 -13.43172800
vn -69.29958800 70.71067800 -14.05585600
vn -98.84280600 -0.00000000 15.16903500
vn -69.14295200 70.71067800 -14.80716600
vn -97.78290100 -0.00000000 -20.94049500
vn -97.78290100 -0.00000000 -20.94049500
vn -66.84653400 70.71067800 -23.05517000
vn -94.53527500 -0.00000000 -32.60493400
vn -89.90170400 -0.00000000 -43.79136400
vn -63.57010500 70.71067800 -30.96517100
vn -83.95011800 -0.00000000 -54.33578600
vn -59.36169800 70.71067800 -38.42120300
vn -83.95011800 -0.00000000 -54.33578600
vn -58.94120000 70.71067800 -39.06321700
vn -59.16629100 -0.00000000 -80.61854600
vn -58.58732200 70.71067800 -39.59199000
vn -28.90397300 -0.00000000 -95.73171000
vn 29.23717000 -0.00000000 -95.63047600
vn 29.23717000 -0.00000000 -95.63047600
vn -58.18356600 70.71067800 -40.18299000
vn 29.23717000 -0.00000000 -95.63047600
vn 29.23717000 -0.00000000 -95.63047600
vn -57.01294500 70.71067800 -41.82731300
vn -24.79915500 -0.00000000 -96.87621900
vn -56.56332900 70.71067800 -42.43335800
vn -56.15870300 70.71067800 -42.96743100
vn -53.69232900 -0.00000000 -84.36310700
vn -55.65933200 70.71067800 -43.61236900
vn -78.71418300 -0.00000000 -61.67720300
vn -78.71418300 -0.00000000 -61.67720300
vn -51.97166800 70.71067800 -47.94732300
vn -73.49903700 -0.00000000 -67.80775400
vn -47.94732300 70.71067800 -51.97166800
vn -67.80775400 -0.00000000 -73.49903700
vn -43.61236900 70.71067800 -55.65933200
vn -61.67720300 -0.00000000 -78.71418300
vn -61.67720300 -0.00000000 -78.71418300
vn -42.96743100 70.71067800 -56.15870300
vn -84.36310700 -0.00000000 -53.69232900
vn -42.43335800 70.71067800 -56.56332900
vn -96.87621900 -0.00000000 -24.79915500
vn -95.63047600 -0.00000000 29.23717000
vn -41.82731300 70.71067800 -57.01294500
vn -95.63047600 -0.00000000 29.23717000
vn -40.18299000 70.71067800 -58.18356600
vn -95.63047600 -0.00000000 29.23717000
vn -95.63047600 -0.00000000 29.23717000
vn -95.73171000 -0.00000000 -28.90397300
vn -39.59199000 70.71067800 -58.58732200
vn -39.06321700 70.71067800 -58.94120000
vn -80.61854600 -0.00000000 -59.16629100
vn -38.42120300 70.71067800 -59.36169800
vn -54.33578600 -0.00000000 -83.95011800
vn -54.33578600 -0.00000000 -83.95011800
vn -30.96517100 70.71067800 -63.57010500
vn -43.79136400 -0.00000000 -89.90170400
vn -23.05517000 70.71067800 -66.84653400
vn -32.60493400 -0.00000000 -94.53527500
vn -20.94049500 -0.00000000 -97.78290100
vn -14.80716600 70.71067800 -69.14295200
vn -20.94049500 -0.00000000 -97.78290100
vn -14.05585600 70.71067800 -69.29958800
vn 15.16903500 -0.00000000 -98.84280600
vn -13.43172800 70.71067800 -69.42325700
vn 47.25434600 -0.00000000 -88.13073700
vn 88.29475900 0.00000000 -46.94715600
vn 88.29475900 0.00000000 -46.94715600
vn -12.72833000 70.71067800 -69.55565800
vn 88.29475900 0.00000000 -46.94715600
vn -10.73786300 70.71067800 -69.89061700
vn 88.29475900 0.00000000 -46.94715600
vn -9.99139800 70.71067800 -70.00122800
vn 50.96618100 -0.00000000 -86.03748300
vn 21.68751500 -0.00000000 -97.61993500
vn -9.32763800 70.71067800 -70.09276100
vn -0.00000000 70.71067800 -70.71067800
vn -0.00000000 -0.00000000 -100.00000000
vn -0.00000000 70.71067800 -70.71067800
vn -0.00000000 -0.00000000 -100.00000000
vn -11.82731700 -0.00000000 -99.29811000
vn -8.36317600 70.71067800 -70.21436700
vn -16.60895200 70.71067800 -68.73239900
vn -23.48860500 -0.00000000 -97.20229100
vn -24.62157400 70.71067800 -66.28558000
vn -34.82016400 -0.00000000 -93.74196600
vn -45.66292400 -0.00000000 -88.96570900
vn -32.28856300 70.71067800 -62.90825600
vn -55.86467700 -0.00000000 -82.94056900
vn -39.50229200 70.71067800 -58.64783800
vn -65.28221200 -0.00000000 -75.75112400
vn -46.16149500 70.71067800 -53.56413400
vn -73.78332800 -0.00000000 -67.49830000
vn -52.17269100 70.71067800 -47.72850600
vn -57.45149800 70.71067800 -41.22287400
vn -81.24868800 -0.00000000 -58.29794800
vn -87.57349400 -0.00000000 -48.27922000
vn -61.92381200 70.71067800 -34.13856400
vn -92.66896100 -0.00000000 -37.58275800
vn -65.52685100 70.71067800 -26.57502300
vn -68.21003600 70.71067800 -18.63842700
vn -96.46355800 -0.00000000 -26.35871700
vn -98.90401900 -0.00000000 -14.76465600
vn -69.93570200 70.71067800 -10.44018900
vn -99.95608400 -0.00000000 -2.96333300
vn -70.67962500 70.71067800 -2.09539300
vn -99.60498400 -0.00000000 8.87959000
vn -70.43136000 70.71067800 6.27881800
vn -69.19439300 70.71067800 14.56488800
vn -97.85564900 -0.00000000 20.59786200
vn -94.73263500 -0.00000000 32.02698500
vn -66.98608900 70.71067800 22.64649900
vn -63.83744700 70.71067800 30.41020200
vn -90.27978300 -0.00000000 43.00652000
vn -59.79266700 70.71067800 37.74701300
vn -84.55960000 -0.00000000 53.38233800
vn -54.90852900 70.71067800 44.55393900
vn -77.65238600 -0.00000000 63.00878400
vn -49.25359600 70.71067800 50.73542500
vn -69.65510300 -0.00000000 71.75072600
vn -42.90725000 70.71067800 56.20469700
vn -60.68001500 0.00000000 79.48544400
vn -50.85311200 0.00000000 86.10436100
vn -35.95858000 70.71067800 60.88497800
vn -40.31234300 0.00000000 91.51456200
vn -28.50513100 70.71067800 64.71056700
vn -29.20567700 0.00000000 95.64009800
vn -20.65153200 70.71067800 67.62776200
vn -17.68902800 0.00000000 98.42305800
vn -12.50803100 70.71067800 69.59561200
vn -4.18894500 70.71067800 70.58649100
vn -5.92406300 0.00000000 99.82437300
vn 5.92406300 0.00000000 99.82437300
vn 4.18894500 70.71067800 70.58649100
vn 17.68902800 0.00000000 98.42305800
vn 12.50803100 70.71067800 69.59561200
vn 29.20567700 0.00000000 95.64009800
vn 20.65153200 70.71067800 67.62776200
vn 28.50513100 70.71067800 64.71056700
vn 40.31234300 0.00000000 91.51456200
vn 35.95858000 70.71067800 60.88497800
vn 50.85311200 0.00000000 86.10436100
vn 60.68001500 0.00000000 79.48544400
vn 42.90725000 70.71067800 56.20469700
vn 69.65510300 0.00000000 71.75072600
vn 49.25359600 70.71067800 50.73542500
vn 77.65238600 0.00000000 63.00878400
vn 54.90852900 70.71067800 44.55393900
vn 59.79266700 70.71067800 37.74701300
vn 84.55960000 0.00000000 53.38233800
vn 63.83744700 70.71067800 30.41020200
vn 90.27978300 0.00000000 43.00652000
vn 66.98608900 70.71067800 22.64649900
vn 94.73263500 0.00000000 32.02698500
vn 69.19439300 70.71067800 14.56488800
vn 97.85564900 0.00000000 20.59786200
vn 70.43136000 70.71067800 6.27881800
vn 99.60498400 0.00000000 8.87959000
vn 70.67962500 70.71067800 -2.09539300
vn 99.95608400 0.00000000 -2.96333300
vn 98.90401900 0.00000000 -14.76465600
vn 69.93570200 70.71067800 -10.44018900
vn 96.46355800 0.00000000 -26.35871700
vn 68.21003600 70.71067800 -18.63842700
vn 92.66896100 0.00000000 -37.58275800
vn 65.52685100 70.71067800 -26.57502300
vn 87.57349400 0.00000000 -48.27922000
vn 61.92381200 70.71067800 -34.13856400
vn 57.45149800 70.71067800 -41.22287400
vn 81.24868800 0.00000000 -58.29794800
vn 52.17269100 70.71067800 -47.72850600
vn 73.78332800 0.00000000 -67.49830000
vn 65.28221200 -0.00000000 -75.75112400
vn 46.16149500 70.71067800 -53.56413400
vn 55.86467700 -0.00000000 -82.94056900
vn 39.50229200 70.71067800 -58.64783800
vn 45.66292400 -0.00000000 -88.96570900
vn 32.28856300 70.71067800 -62.90825600
vn 34.82016400 -0.00000000 -93.74196600
vn 24.62157400 70.71067800 -66.28558000
vn 16.60895200 70.71067800 -68.73239900
vn 23.48860500 -0.00000000 -97.20229100
vn 11.82731700 -0.00000000 -99.29811000
vn 8.36317600 70.71067800 -70.21436700
vn 62.96856100 -0.00000000 -77.68500700
vn 27.65408800 -0.00000000 -96.10021500
vn -62.96856100 -0.00000000 -77.68500700
vn -27.65408800 -0.00000000 -96.10021500
vn -21.82853700 -0.00000000 -97.58849800
vn -60.60463200 -0.00000000 -79.54293500
vn 0.00000000 -70.71067800 70.71067800
vn 0.00000000 -70.71067800 70.71067800
vn 0.00000000 0.00000000 100.00000000
vn 8.36317600 -70.71067800 70.21436700
vn 11.82731700 0.00000000 99.29811000
vn 16.60895200 -70.71067800 68.73239900
vn 23.48860500 0.00000000 97.20229100
vn 34.82016400 0.00000000 93.74196600
vn 24.62157400 -70.71067800 66.28558000
vn 32.28856300 -70.71067800 62.90825600
vn 45.66292400 0.00000000 88.96570900
vn 55.86467700 0.00000000 82.94056900
vn 39.50229200 -70.71067800 58.64783800
vn 46.16149500 -70.71067800 53.56413400
vn 65.28221200 0.00000000 75.75112400
vn 52.17269100 -70.71067800 47.72850600
vn 73.78332800 0.00000000 67.49830000
vn 57.45149800 -70.71067800 41.22287400
vn 81.24868800 0.00000000 58.29794800
vn 87.57349400 0.00000000 48.27922000
vn 61.92381200 -70.71067800 34.13856400
vn 92.66896100 0.00000000 37.58275800
vn 65.52685100 -70.71067800 26.57502300
vn 96.46355800 0.00000000 26.35871700
vn 68.21003600 -70.71067800 18.63842700
vn 69.93570200 -70.71067800 10.44018900
vn 98.90401900 0.00000000 14.76465600
vn 99.95608400 0.00000000 2.96333300
vn 70.67962500 -70.71067800 2.09539300
vn 99.60498400 0.00000000 -8.87959000
vn 70.43136000 -70.71067800 -6.27881800
vn 97.85564900 0.00000000 -20.59786200
vn 69.19439300 -70.71067800 -14.56488800
vn 66.98608900 -70.71067800 -22.64649900
vn 94.73263500 0.00000000 -32.02698500
vn 90.27978300 0.00000000 -43.00652000
vn 63.83744700 -70.71067800 -30.41020200
vn 84.55960000 0.00000000 -53.38233800
vn 59.79266700 -70.71067800 -37.74701300
vn 54.90852900 -70.71067800 -44.55393900
vn 77.65238600 0.00000000 -63.00878400
vn 69.65510300 0.00000000 -71.75072600
vn 49.25359600 -70.71067800 -50.73542500
vn 60.68001500 -0.00000000 -79.48544400
vn 42.90725000 -70.71067800 -56.20469700
vn 35.95858000 -70.71067800 -60.88497800
vn 50.85311200 -0.00000000 -86.10436100
vn 40.31234300 -0.00000000 -91.51456200
vn 28.50513100 -70.71067800 -64.71056700
vn 29.20567700 -0.00000000 -95.64009800
vn 20.65153200 -70.71067800 -67.62776200
vn 17.68902800 -0.00000000 -98.42305800
vn 12.50803100 -70.71067800 -69.59561200
vn 5.92406300 -0.00000000 -99.82437300
vn 5.92406300 -0.00000000 -99.82437300
vn 4.18894500 -70.71067800 -70.58649100
vn -5.92406300 -0.00000000 -99.82437300
vn -4.18894500 -70.71067800 -70.58649100
vn -12.50803100 -70.71067800 -69.59561200
vn -17.68902800 -0.00000000 -98.42305800
vn -29.20567700 -0.00000000 -95.64009800
vn -20.65153200 -70.71067800 -67.62776200
vn -40.31234300 -0.00000000 -91.51456200
vn -28.50513100 -70.71067800 -64.71056700
vn -50.85311200 -0.00000000 -86.10436100
vn -35.95858000 -70.71067800 -60.88497800
vn -60.68001500 -0.00000000 -79.48544400
vn -42.90725000 -70.71067800 -56.20469700
vn -69.65510300 -0.00000000 -71.75072600
vn -49.25359600 -70.71067800 -50.73542500
vn -54.90852900 -70.71067800 -44.55393900
vn -77.65238600 -0.00000000 -63.00878400
vn -59.79266700 -70.71067800 -37.74701300
vn -84.55960000 -0.00000000 -53.38233800
vn -90.27978300 -0.00000000 -43.00652000
vn -63.83744700 -70.71067800 -30.41020200
vn -66.98608900 -70.71067800 -22.64649900
vn -94.73263500 -0.00000000 -32.02698500
vn -69.19439300 -70.71067800 -14.56488800
vn -97.85564900 -0.00000000 -20.59786200
vn -70.43136000 -70.71067800 -6.27881800
vn -99.60498400 -0.00000000 -8.87959000
vn -70.67962500 -70.71067800 2.09539300
vn -99.95608400 -0.00000000 2.96333300
vn -69.93570200 -70.71067800 10.44018900
vn -98.90401900 -0.00000000 14.76465600
vn -96.46355800 -0.00000000 26.35871700
vn -68.21003600 -70.71067800 18.63842700
vn -92.66896100 -0.00000000 37.58275800
vn -65.52685100 -70.71067800 26.57502300
vn -87.57349400 -0.00000000 48.27922000
vn -61.92381200 -70.71067800 34.13856400
vn -57.45149800 -70.71067800 41.22287400
vn -81.24868800 -0.00000000 58.29794800
vn -52.17269100 -70.71067800 47.72850600
vn -73.78332800 -0.00000000 67.49830000
vn -46.16149500 -70.71067800 53.56413400
vn -65.28221200 0.00000000 75.75112400
vn -55.86467700 0.00000000 82.94056900
vn -39.50229200 -70.71067800 58.64783800
vn -45.66292400 0.00000000 88.96570900
vn -32.28856300 -70.71067800 62.90825600
vn -24.62157400 -70.71067800 66.28558000
vn -34.82016400 0.00000000 93.74196600
vn -23.48860500 0.00000000 97.20229100
vn -16.60895200 -70.71067800 68.73239900
vn -11.82731700 0.00000000 99.29811000
vn -8.36317600 -70.71067800 70.21436700
vn 0.00000000 -70.71067800 70.71067800
vn 0.00000000 -100.00000000 0.00000000
vn 0.00000000 -70.71067800 70.71067800
vn 0.00000000 -100.00000000 0.00000000
vn 8.52323000 -70.71067800 70.19511800
vn 0.00000000 -100.00000000 0.00000000
vn 16.92217300 -70.71067800 68.65595400
vn 0.00000000 -100.00000000 0.00000000
vn 25.07435200 -70.71067800 66.11563300
vn 0.00000000 -100.00000000 0.00000000
vn 32.86089100 -70.71067800 62.61119600
vn 40.16824300 -70.71067800 58.19374700
vn 0.00000000 -100.00000000 0.00000000
vn 0.00000000 -100.00000000 0.00000000
vn 46.88985300 -70.71067800 52.92770300
vn 52.92770300 -70.71067800 46.88985300
vn 0.00000000 -100.00000000 0.00000000
vn 0.00000000 -100.00000000 0.00000000
vn 58.19374700 -70.71067800 40.16824300
vn 0.00000000 -100.00000000 0.00000000
vn 62.61119600 -70.71067800 32.86089100
vn 0.00000000 -100.00000000 0.00000000
vn 66.11563300 -70.71067800 25.07435200
vn 0.00000000 -100.00000000 0.00000000
vn 68.65595400 -70.71067800 16.92217300
vn 70.19511800 -70.71067800 8.52323000
vn 0.00000000 -100.00000000 0.00000000
vn 70.71067800 -70.71067800 -0.00000000
vn 0.00000000 -100.00000000 0.00000000
vn 0.00000000 -100.00000000 0.00000000
vn 70.19511800 -70.71067800 -8.52323000
vn 68.65595400 -70.71067800 -16.92217300
vn 0.00000000 -100.00000000 0.00000000
vn 0.00000000 -100.00000000 0.00000000
vn 66.11563300 -70.71067800 -25.07435200
vn 62.61119600 -70.71067800 -32.86089100
vn 0.00000000 -100.00000000 0.00000000
vn 58.19374700 -70.71067800 -40.16824300
vn 0.00000000 -100.00000000 0.00000000
vn 0.00000000 -100.00000000 0.00000000
vn 52.92770300 -70.71067800 -46.88985300
vn 46.88985300 -70.71067800 -52.92770300
vn 0.00000000 -100.00000000 0.00000000
vn 40.16824300 -70.71067800 -58.19374700
vn 0.00000000 -100.00000000 0.00000000
vn 32.86089100 -70.71067800 -62.61119600
vn 0.00000000 -100.00000000 0.00000000
vn 25.07435200 -70.71067800 -66.11563300
vn 0.00000000 -100.00000000 0.00000000
vn 16.92217300 -70.71067800 -68.65595400
vn 0.00000000 -100.00000000 0.00000000
vn 8.52323000 -70.71067800 -70.19511800
vn 0.00000000 -100.00000000 0.00000000
vn 0.00000000 -70.71067800 -70.71067800
vn 0.00000000 -100.00000000 0.00000000
vn -8.52323000 -70.71067800 -70.19511800
vn 0.00000000 -100.00000000 0.00000000
vn 0.00000000 -100.00000000 0.00000000
vn -16.92217300 -70.71067800 -68.65595400
vn -25.07435200 -70.71067800 -66.11563300
vn 0.00000000 -100.00000000 0.00000000
vn 0.00000000 -100.00000000 0.00000000
vn -32.86089100 -70.71067800 -62.61119600
vn -40.16824300 -70.71067800 -58.19374700
vn 0.00000000 -100.00000000 0.00000000
vn -46.88985300 -70.71067800 -52.92770300
vn 0.00000000 -100.00000000 0.00000000
vn -52.92770300 -70.71067800 -46.88985300
vn 0.00000000 -100.00000000 0.00000000
vn -58.19374700 -70.71067800 -40.16824300
vn 0.00000000 -100.00000000 0.00000000
vn 0.00000000 -100.00000000 0.00000000
vn -62.61119600 -70.71067800 -32.86089100
vn 0.00000000 -100.00000000 0.00000000
vn -66.11563300 -70.71067800 -25.07435200
vn -68.65595400 -70.71067800 -16.92217300
vn 0.00000000 -100.00000000 0.00000000
vn 0.00000000 -100.00000000 0.00000000
vn -70.19511800 -70.71067800 -8.52323000
vn 0.00000000 -100.00000000 0.00000000
vn -70.71067800 -70.71067800 0.00000000
vn -70.19511800 -70.71067800 8.52323000
vn 0.00000000 -100.00000000 0.00000000
vn 0.00000000 -100.00000000 0.00000000
vn -68.65595400 -70.71067800 16.92217300
vn -66.11563300 -70.71067800 25.07435200
vn 0.00000000 -100.00000000 0.00000000
vn 0.00000000 -100.00000000 0.00000000
vn -62.61119600 -70.71067800 32.86089100
vn -58.19374700 -70.71067800 40.16824300
vn 0.00000000 -100.00000000 0.00000000
vn 0.00000000 -100.00000000 0.00000000
vn -52.92770300 -70.71067800 46.88985300
vn 0.00000000 -100.00000000 0.00000000
vn -46.88985300 -70.71067800 52.92770300
vn 0.00000000 -100.00000000 0.00000000
vn -40.16824300 -70.71067800 58.19374700
vn 0.00000000 -100.00000000 0.00000000
vn -32.86089100 -70.71067800 62.61119600
vn -25.07435200 -70.71067800 66.11563300
vn 0.00000000 -100.00000000 0.00000000
vn 0.00000000 -100.00000000 0.00000000
vn -16.92217300 -70.71067800 68.65595400
vn -8.52323000 -70.71067800 70.19511800
vn 0.00000000 -100.00000000 0.00000000
vn 0.00000000 -100.00000000 0.00000000
vn 0.00000000 -100.00000000 0.00000000
vn 0.00000000 -100.00000000 0.00000000
vn 0.00000000 -100.00000000 0.00000000
vn 0.00000000 -100.00000000 0.00000000
vn 0.00000000 -100.00000000 0.00000000
vn 0.00000000 -100.00000000 0.00000000
vn 0.00000000 -100.00000000 0.00000000
vn 0.00000000 -100.00000000 0.00000000
vn 0.00000000 -100.00000000 0.00000000
vn 0.00000000 -100.00000000 0.00000000
vn 0.00000000 -100.00000000 0.00000000
vn 0.00000000 -100.00000000 0.00000000
vn 0.00000000 -100.00000000 0.00000000
vn 0.00000000 -100.00000000 0.00000000
vn 0.00000000 -100.00000000 0.00000000
vn 0.00000000 -100.00000000 0.00000000
vn 0.00000000 -100.00000000 0.00000000
vn 0.00000000 -100.00000000 0.00000000
vn 0.00000000 -100.00000000 0.00000000
vn 0.00000000 -100.00000000 0.00000000
vn 0.00000000 -100.00000000 0.00000000
vn 0.00000000 -100.00000000 0.00000000
vn 0.00000000 -100.00000000 0.00000000
vn 0.00000000 -100.00000000 0.00000000
vn 0.00000000 -100.00000000 0.00000000
vn 0.00000000 -100.00000000 0.00000000
vn 0.00000000 -100.00000000 0.00000000
vn 0.00000000 -100.00000000 0.00000000
vn 0.00000000 -100.00000000 0.00000000
vn 0.00000000 -100.00000000 0.00000000
vn 0.00000000 -100.00000000 0.00000000
vn 0.00000000 -100.00000000 0.00000000
vn 0.00000000 -100.00000000 0.00000000
vn 0.00000000 -100.00000000 0.00000000
vn 0.00000000 -100.00000000 0.00000000
vn 0.00000000 -100.00000000 0.00000000
vn 0.00000000 -100.00000000 0.00000000
vn 0.00000000 -100.00000000 0.00000000
vn 0.00000000 -100.00000000 0.00000000
vn 0.00000000 -100.00000000 0.00000000
vn 0.00000000 -100.00000000 0.00000000
vn 0.00000000 -100.00000000 0.00000000
vn 0.00000000 -100.00000000 0.00000000
vn 0.00000000 -100.00000000 0.00000000
vn 0.00000000 -100.00000000 0.00000000
vn 0.00000000 -100.00000000 0.00000000
vn 0.00000000 -100.00000000 0.00000000
vn 0.00000000 -100.00000000 0.00000000
vn 0.00000000 -100.00000000 0.00000000
vn 0.00000000 -100.00000000 0.00000000
vn 0.00000000 -100.00000000 0.00000000
vn 0.00000000 -100.00000000 0.00000000
vn 0.00000000 -100.00000000 0.00000000
vn 0.00000000 -100.00000000 0.00000000
vn 0.00000000 -100.00000000 0.00000000
vn 0.00000000 -100.00000000 0.00000000
vn 0.00000000 -100.00000000 0.00000000
vn 0.00000000 -100.00000000 0.00000000
vn 0.00000000 -100.00000000 0.00000000
vn 0.00000000 -100.00000000 0.00000000
vn 0.00000000 -100.00000000 0.00000000
vn 0.00000000 -100.00000000 0.00000000
vn 0.00000000 -100.00000000 0.00000000
vn 0.00000000 -100.00000000 0.00000000
vn 0.00000000 -100.00000000 0.00000000
vn 0.00000000 -100.00000000 0.00000000
vn 0.00000000 -100.00000000 0.00000000
vn 0.00000000 -100.00000000 0.00000000
vn 0.00000000 -100.00000000 0.00000000
vn 0.00000000 -100.00000000 0.00000000
vn 0.00000000 -100.00000000 0.00000000
vn 0.00000000 -100.00000000 0.00000000
vn 0.00000000 -100.00000000 0.00000000
vn 0.00000000 -100.00000000 0.00000000
vn 0.00000000 -100.00000000 0.00000000
vn 0.00000000 -100.00000000 0.00000000
vn 0.00000000 -100.00000000 0.00000000
vn 0.00000000 -100.00000000 0.00000000
vn 0.00000000 -100.00000000 0.00000000
vn 0.00000000 -100.00000000 0.00000000
vn 0.00000000 -92.38795300 -38.26834300
vn 0.00000000 -92.38795300 -38.26834300
vn 5.70360100 -92.38795300 -37.84091700
vn 11.27979200 -92.38795300 -36.56818800
vn 16.60401200 -92.38795300 -34.47858600
vn 21.55732500 -92.38795300 -31.61878900
vn 26.02908400 -92.38795300 -28.05268100
vn 29.91939600 -92.38795300 -23.85992200
vn 33.14135700 -92.38795300 -19.13417200
vn 35.62299600 -92.38795300 -13.98099600
vn 37.30887600 -92.38795300 -8.51550700
vn 38.16133700 -92.38795300 -2.85979700
vn 38.16133700 -92.38795300 2.85979700
vn 37.30887600 -92.38795300 8.51550700
vn 35.62299600 -92.38795300 13.98099600
vn 33.14135700 -92.38795300 19.13417200
vn 29.91939600 -92.38795300 23.85992200
vn 26.02908400 -92.38795300 28.05268100
vn 21.55732500 -92.38795300 31.61878900
vn 16.60401200 -92.38795300 34.47858600
vn 11.27979200 -92.38795300 36.56818800
vn 5.70360100 -92.38795300 37.84091700
vn 0.00000000 -92.38795300 38.26834300
vn -5.70360100 -92.38795300 37.84091700
vn -11.27979200 -92.38795300 36.56818800
vn -16.60401200 -92.38795300 34.47858600
vn -21.55732500 -92.38795300 31.61878900
vn -26.02908400 -92.38795300 28.05268100
vn -29.91939600 -92.38795300 23.85992200
vn -33.14135700 -92.38795300 19.13417200
vn -35.62299600 -92.38795300 13.98099600
vn -37.30887600 -92.38795300 8.51550700
vn -38.16133700 -92.38795300 2.85979700
vn -38.16133700 -92.38795300 -2.85979700
vn -37.30887600 -92.38795300 -8.51550700
vn -35.62299600 -92.38795300 -13.98099600
vn -33.14135700 -92.38795300 -19.13417200
vn -29.91939600 -92.38795300 -23.85992200
vn -26.02908400 -92.38795300 -28.05268100
vn -21.55732500 -92.38795300 -31.61878900
vn -16.60401200 -92.38795300 -34.47858600
vn -11.27979200 -92.38795300 -36.56818800
vn -5.70360100 -92.38795300 -37.84091700
vn -62.96856100 0.00000000 77.68500700
vn -27.65408800 0.00000000 96.10021500
vn 62.96856100 0.00000000 77.68500700
vn 27.65408800 0.00000000 96.10021500
vn 21.82853700 0.00000000 97.58849800
vn 60.60463200 0.00000000 79.54293500
vn -99.09929500 -0.00000000 13.39140200
vn -84.44059500 -0.00000000 53.57038200
vn -99.45709200 -0.00000000 10.40609900
vn -87.50750700 -0.00000000 48.39872100
vn -10.40609900 0.00000000 99.45709200
vn -48.39872100 0.00000000 87.50750700
vn -53.57038200 0.00000000 84.44059500
vn -13.39140200 0.00000000 99.09929500
vn -79.54293500 -0.00000000 -60.60463200
vn -97.58849800 -0.00000000 -21.82853700
vn -77.68500700 -0.00000000 -62.96856100
vn -96.10021500 -0.00000000 -27.65408800
vn -77.68500700 -0.00000000 62.96856100
vn -96.10021500 -0.00000000 27.65408800
vn -97.58849800 -0.00000000 21.82853700
vn -79.54293500 -0.00000000 60.60463200
vn -13.39140200 -0.00000000 -99.09929500
vn -53.57038200 -0.00000000 -84.44059500
vn -10.40609900 -0.00000000 -99.45709200
vn -48.39872100 -0.00000000 -87.50750700
vn -99.45709200 -0.00000000 -10.40609900
vn -87.50750700 -0.00000000 -48.39872100
vn -84.44059500 -0.00000000 -53.57038200
vn -99.09929500 -0.00000000 -13.39140200
vn 60.60463200 -0.00000000 -79.54293500
vn 21.82853700 -0.00000000 -97.58849800
vt 0.47123900 -10.33753900
vt 0.47123900 10.33753900
vt -3.17573600 -0.00000000
vt 0.47123900 -9.82066200
vt -3.13663700 0.49679500
vt -3.02030400 0.98135600
vt 0.47123900 -9.30378500
vt -2.82960100 1.44175400
vt 0.47123900 -8.78690800
vt -2.56922400 1.86665100
vt 0.47123900 -8.27003100
vt -2.24558400 2.24558400
vt 0.47123900 -7.75315400
vt -1.86665100 2.56922400
vt 0.47123900 -7.23627800
vt -1.44175400 2.82960100
vt 0.47123900 -6.71940100
vt 0.47123900 -6.20252400
vt -0.98135600 3.02030400
vt 0.47123900 -5.68564700
vt -0.49679500 3.13663700
vt -0.00000000 3.17573600
vt 0.47123900 -5.16877000
vt 0.49679500 3.13663700
vt 0.47123900 -4.65189300
vt 0.47123900 -4.13501600
vt 0.98135600 3.02030400
vt 1.44175400 2.82960100
vt 0.47123900 -3.61813900
vt 1.86665100 2.56922400
vt 0.47123900 -3.10126200
vt 2.24558400 2.24558400
vt 0.47123900 -2.58438500
vt 2.56922400 1.86665100
vt 0.47123900 -2.06750800
vt 0.47123900 -1.55063100
vt 2.82960100 1.44175400
vt 0.47123900 -1.03375400
vt 3.02030400 0.98135600
vt 0.47123900 -0.51687700
vt 3.13663700 0.49679500
vt 0.47123900 -0.00000000
vt 3.17573600 0.00000000
vt 0.47123900 0.51687700
vt 3.13663700 -0.49679500
vt 0.47123900 1.03375400
vt 3.02030400 -0.98135600
vt 2.82960100 -1.44175400
vt 0.47123900 1.55063100
vt 0.47123900 2.06750800
vt 2.56922400 -1.86665100
vt 2.24558400 -2.24558400
vt 0.47123900 2.58438500
vt 0.47123900 3.10126200
vt 1.86665100 -2.56922400
vt 1.44175400 -2.82960100
vt 0.47123900 3.61813900
vt 0.47123900 4.13501600
vt 0.98135600 -3.02030400
vt 0.47123900 4.65189300
vt 0.49679500 -3.13663700
vt 0.00000000 -3.17573600
vt 0.47123900 5.16877000
vt -0.49679500 -3.13663700
vt 0.47123900 5.68564700
vt -0.98135600 -3.02030400
vt 0.47123900 6.20252400
vt 0.47123900 6.71940100
vt -1.44175400 -2.82960100
vt 0.47123900 7.23627800
vt -1.86665100 -2.56922400
vt -2.24558400 -2.24558400
vt 0.47123900 7.75315400
vt 0.47123900 8.27003100
vt -2.56922400 -1.86665100
vt -2.82960100 -1.44175400
vt 0.47123900 8.78690800
vt 0.47123900 9.30378500
vt -3.02030400 -0.98135600
vt 0.47123900 9.82066200
vt -3.13663700 -0.49679500
vt -0.37071100 11.46681300
vt -0.37071100 -11.46681300
vt 0.23561900 5.16877000
vt 0.23561900 4.67650600
vt -0.37071100 -10.92077400
vt -0.37071100 -10.37473600
vt 0.23561900 4.18424200
vt 0.23561900 3.69197800
vt -0.37071100 -9.82869700
vt -0.37071100 -9.28265800
vt 0.23561900 3.19971500
vt 0.23561900 2.70745100
vt -0.37071100 -8.73662000
vt -0.37071100 -8.19058100
vt 0.23561900 2.21518700
vt -0.37071100 -7.64454200
vt 0.23561900 1.72292300
vt -0.37071100 -7.09850300
vt 0.23561900 1.23065900
vt -0.37071100 -6.55246500
vt 0.23561900 0.73839600
vt 0.23561900 0.24613200
vt -0.37071100 -6.00642600
vt 0.23561900 -0.24613200
vt -0.37071100 -5.46038700
vt -0.37071100 -4.91434900
vt 0.23561900 -0.73839600
vt -0.37071100 -4.36831000
vt 0.23561900 -1.23065900
vt -0.37071100 -3.82227100
vt 0.23561900 -1.72292300
vt -0.37071100 -3.27623200
vt 0.23561900 -2.21518700
vt 0.23561900 -2.70745100
vt -0.37071100 -2.73019400
vt -0.37071100 -2.18415500
vt 0.23561900 -3.19971500
vt -0.37071100 -1.63811600
vt 0.23561900 -3.69197800
vt -0.37071100 -1.09207700
vt 0.23561900 -4.18424200
vt 0.23561900 -4.67650600
vt -0.37071100 -0.54603900
vt -0.37071100 0.00000000
vt 0.23561900 -5.16877000
vt 0.23561900 -5.66103300
vt -0.37071100 0.54603900
vt -0.37071100 1.09207700
vt 0.23561900 -6.15329700
vt -0.37071100 1.63811600
vt 0.23561900 -6.64556100
vt -0.37071100 2.18415500
vt 0.23561900 -7.13782500
vt -0.37071100 2.73019400
vt 0.23561900 -7.63008900
vt -0.37071100 3.27623200
vt 0.23561900 -8.12235200
vt -0.37071100 3.82227100
vt 0.23561900 -8.61461600
vt 0.23561900 -9.10688000
vt -0.37071100 4.36831000
vt -0.37071100 4.91434900
vt 0.23561900 -9.59914400
vt -0.37071100 5.46038700
vt 0.23561900 10.58367100
vt 0.23561900 -10.09140700
vt 0.23561900 10.09140700
vt -0.37071100 6.00642600
vt -0.37071100 6.55246500
vt 0.23561900 9.59914400
vt 0.23561900 9.10688000
vt -0.37071100 7.09850300
vt -0.37071100 7.64454200
vt 0.23561900 8.61461600
vt -0.37071100 8.19058100
vt 0.23561900 8.12235200
vt 0.23561900 7.63008900
vt -0.37071100 8.73662000
vt -0.37071100 9.28265800
vt 0.23561900 7.13782500
vt 0.23561900 6.64556100
vt -0.37071100 9.82869700
vt 0.23561900 6.15329700
vt -0.37071100 10.37473600
vt 0.23561900 5.66103300
vt -0.37071100 10.92077400
vt 0.35342900 -10.33753900
vt 0.35342900 10.33753900
vt 0.35342900 -9.84527600
vt 0.35342900 -9.35301200
vt 0.35342900 -8.86074800
vt 0.35342900 -8.36848400
vt 0.35342900 -7.87622000
vt 0.35342900 -7.38395700
vt 0.35342900 -6.89169300
vt 0.35342900 -6.39942900
vt 0.35342900 -5.90716500
vt 0.35342900 -5.41490200
vt 0.35342900 -4.92263800
vt 0.35342900 -4.43037400
vt 0.35342900 -3.93811000
vt 0.35342900 -3.44584600
vt 0.35342900 -2.95358300
vt 0.35342900 -2.46131900
vt 0.35342900 -1.96905500
vt 0.35342900 -1.47679100
vt 0.35342900 -0.98452800
vt 0.35342900 -0.49226400
vt 0.35342900 -0.00000000
vt 0.35342900 0.49226400
vt 0.35342900 0.98452800
vt 0.35342900 1.47679100
vt 0.35342900 1.96905500
vt 0.35342900 2.46131900
vt 0.35342900 2.95358300
vt 0.35342900 3.44584600
vt 0.35342900 3.93811000
vt 0.35342900 4.43037400
vt 0.35342900 4.92263800
vt 0.35342900 5.41490200
vt 0.35342900 5.90716500
vt 0.35342900 6.39942900
vt 0.35342900 6.89169300
vt 0.35342900 7.38395700
vt 0.35342900 7.87622000
vt 0.35342900 8.36848400
vt 0.35342900 8.86074800
vt 0.35342900 9.35301200
vt 0.35342900 9.84527600
vt 0.37071100 5.73340700
vt 0.70685800 12.59608700
vt 0.70685800 -12.59608700
vt 0.70685800 12.03626100
vt 0.37071100 6.24304300
vt 0.37071100 6.75267900
vt 0.70685800 11.47643500
vt 0.37071100 7.26231500
vt 0.70685800 10.91660900
vt 0.70685800 10.35678300
vt 0.37071100 7.77195100
vt 0.70685800 9.79695700
vt 0.37071100 8.28158700
vt 0.70685800 9.23713100
vt 0.37071100 8.79122300
vt 0.70685800 8.67730400
vt 0.37071100 9.30086000
vt 0.70685800 8.11747800
vt 0.37071100 9.81049600
vt 0.70685800 7.55765200
vt 0.37071100 10.32013200
vt 0.37071100 10.82976800
vt 0.70685800 6.99782600
vt 0.37071100 -11.59422200
vt 0.37071100 11.33940400
vt 0.70685800 6.43800000
vt 0.37071100 -11.08458600
vt 0.70685800 5.87817400
vt 0.70685800 5.31834800
vt 0.37071100 -10.57495000
vt 0.37071100 -10.06531400
vt 0.70685800 4.75852200
vt 0.37071100 -9.55567800
vt 0.70685800 4.19869600
vt 0.70685800 3.63887000
vt 0.37071100 -9.04604200
vt 0.70685800 3.07904400
vt 0.37071100 -8.53640500
vt 0.37071100 -8.02676900
vt 0.70685800 2.51921700
vt 0.37071100 -7.51713300
vt 0.70685800 1.95939100
vt 0.37071100 -7.00749700
vt 0.70685800 1.39956500
vt 0.70685800 0.83973900
vt 0.37071100 -6.49786100
vt 0.70685800 0.27991300
vt 0.37071100 -5.98822500
vt 0.70685800 -0.27991300
vt 0.37071100 -5.47858900
vt 0.37071100 -4.96895200
vt 0.70685800 -0.83973900
vt 0.37071100 -4.45931600
vt 0.70685800 -1.39956500
vt 0.70685800 -1.95939100
vt 0.37071100 -3.94968000
vt 0.70685800 -2.51921700
vt 0.37071100 -3.44004400
vt 0.70685800 -3.07904400
vt 0.37071100 -2.93040800
vt 0.70685800 -3.63887000
vt 0.37071100 -2.42077200
vt 0.70685800 -4.19869600
vt 0.37071100 -1.91113600
vt 0.70685800 -4.75852200
vt 0.37071100 -1.40149900
vt 0.70685800 -5.31834800
vt 0.37071100 -0.89186300
vt 0.37071100 -0.38222700
vt 0.70685800 -5.87817400
vt 0.70685800 -6.43800000
vt 0.37071100 0.12740900
vt 0.70685800 -6.99782600
vt 0.37071100 0.63704500
vt 0.70685800 -7.55765200
vt 0.37071100 1.14668100
vt 0.37071100 1.65631700
vt 0.70685800 -8.11747800
vt 0.37071100 2.16595400
vt 0.70685800 -8.67730400
vt 0.70685800 -9.23713100
vt 0.37071100 2.67559000
vt 0.70685800 -9.79695700
vt 0.37071100 3.18522600
vt 0.70685800 -10.35678300
vt 0.37071100 3.69486200
vt 0.70685800 -10.91660900
vt 0.37071100 4.20449800
vt 0.37071100 4.71413400
vt 0.70685800 -11.47643500
vt 0.70685800 -12.03626100
vt 0.37071100 5.22377000
vt 1.32573600 -0.00000000
vt 0.47123900 -12.59608700
vt 0.47123900 12.59608700
vt 1.36415000 -0.56158700
vt 0.47123900 12.04843100
vt 1.47867500 -1.11271300
vt 0.47123900 11.50077500
vt 1.66717800 -1.64311100
vt 0.47123900 10.95311900
vt 1.92614900 -2.14290100
vt 0.47123900 10.40546300
vt 2.25076200 -2.60277300
vt 0.47123900 9.85780700
vt 2.63497100 -3.01416100
vt 0.47123900 9.31015100
vt 3.07161800 -3.36940000
vt 0.47123900 8.76249500
vt 0.47123900 8.21483900
vt 3.55257000 -3.66187300
vt 4.06886800 -3.88613300
vt 0.47123900 7.66718300
vt 4.61089400 -4.03800100
vt 0.47123900 7.11952700
vt 5.16855000 -4.11464900
vt 0.47123900 6.57187200
vt 5.73145000 -4.11464900
vt 0.47123900 6.02421600
vt 6.28910600 -4.03800100
vt 0.47123900 5.47656000
vt 0.47123900 4.92890400
vt 6.83113200 -3.88613300
vt 7.34743000 -3.66187300
vt 0.47123900 4.38124800
vt 0.47123900 3.83359200
vt 7.82838200 -3.36940000
vt 8.26502900 -3.01416100
vt 0.47123900 3.28593600
vt 8.64923800 -2.60277300
vt 0.47123900 2.73828000
vt 8.97385100 -2.14290100
vt 0.47123900 2.19062400
vt 0.47123900 1.64296800
vt 9.23282200 -1.64311100
vt 0.47123900 1.09531200
vt 9.42132500 -1.11271300
vt 0.47123900 0.54765600
vt 9.53585000 -0.56158700
vt 9.57426400 -0.00000000
vt 0.47123900 -0.00000000
vt 0.47123900 -0.54765600
vt 9.53585000 0.56158700
vt 0.47123900 -1.09531200
vt 9.42132500 1.11271300
vt 0.47123900 -1.64296800
vt 9.23282200 1.64311100
vt 0.47123900 -2.19062400
vt 8.97385100 2.14290100
vt 0.47123900 -2.73828000
vt 8.64923800 2.60277300
vt 0.47123900 -3.28593600
vt 8.26502900 3.01416100
vt 0.47123900 -3.83359200
vt 7.82838200 3.36940000
vt 0.47123900 -4.38124800
vt 7.34743000 3.66187300
vt 6.83113200 3.88613300
vt 0.47123900 -4.92890400
vt 6.28910600 4.03800100
vt 0.47123900 -5.47656000
vt 5.73145000 4.11464900
vt 0.47123900 -6.02421600
vt 0.47123900 -6.57187200
vt 5.16855000 4.11464900
vt 4.61089400 4.03800100
vt 0.47123900 -7.11952700
vt 0.47123900 -7.66718300
vt 4.06886800 3.88613300
vt 0.47123900 -8.21483900
vt 3.55257000 3.66187300
vt 0.47123900 -8.76249500
vt 3.07161800 3.36940000
vt 0.47123900 -9.31015100
vt 2.63497100 3.01416100
vt 0.47123900 -9.85780700
vt 2.25076200 2.60277300
vt 0.47123900 -10.40546300
vt 1.92614900 2.14290100
vt 1.66717800 1.64311100
vt 0.47123900 -10.95311900
vt 1.47867500 1.11271300
vt 0.47123900 -11.50077500
vt 0.47123900 -12.04843100
vt 1.36415000 0.56158700
vt 0.58904900 -12.59608700
vt 0.58904900 12.59608700
vt 0.58904900 -0.26800200
vt 0.58904900 -12.06008300
vt 0.58904900 -11.52408000
vt 0.58904900 -10.98807600
vt 0.58904900 -10.45207200
vt 0.58904900 -9.91606900
vt 0.58904900 -9.38006500
vt 0.58904900 -8.84406100
vt 0.58904900 -8.30805700
vt 0.58904900 -7.77205400
vt 0.58904900 -7.23605000
vt 0.58904900 -6.70004600
vt 0.58904900 -6.16404300
vt 0.58904900 -5.62803900
vt 0.58904900 -5.09203500
vt 0.58904900 -4.55603100
vt 0.58904900 -4.02002800
vt 0.58904900 -3.48402400
vt 0.58904900 -2.94802000
vt 0.58904900 -2.41201700
vt 0.58904900 -1.87601300
vt 0.58904900 -1.34000900
vt 0.58904900 -0.80400600
vt 0.58904900 0.80400600
vt 0.58904900 0.26800200
vt 0.58904900 1.34000900
vt 0.58904900 1.87601300
vt 0.58904900 2.41201700
vt 0.58904900 2.94802000
vt 0.58904900 3.48402400
vt 0.58904900 4.02002800
vt 0.58904900 4.55603100
vt 0.58904900 5.09203500
vt 0.58904900 5.62803900
vt 0.58904900 6.16404300
vt 0.58904900 6.70004600
vt 0.58904900 7.23605000
vt 0.58904900 7.77205400
vt 0.58904900 8.30805700
vt 0.58904900 8.84406100
vt 0.58904900 9.38006500
vt 0.58904900 9.91606900
vt 0.58904900 10.45207200
vt 0.58904900 10.98807600
vt 0.58904900 11.52408000
vt 0.58904900 12.06008300
vt 0.10000000 -0.00000000
vt 0.07071100 16.96460000
vt 0.07071100 -16.96460000
vt 0.13900800 -0.64487100
vt 0.07071100 16.31211600
vt 0.25546100 -1.28033900
vt 0.07071100 15.65963100
vt 0.44766300 -1.89713600
vt 0.07071100 15.00714600
vt 0.07071100 14.35466200
vt 0.71281000 -2.48626900
vt 0.07071100 13.70217700
vt 1.04703600 -3.03914600
vt 0.07071100 13.04969300
vt 1.44546700 -3.54770600
vt 1.90229400 -4.00453300
vt 0.07071100 12.39720800
vt 0.07071100 11.74472300
vt 2.41085400 -4.40296400
vt 0.07071100 11.09223900
vt 2.96373100 -4.73719000
vt 3.55286400 -5.00233700
vt 0.07071100 10.43975400
vt 4.16966100 -5.19453900
vt 0.07071100 9.78726900
vt 4.80512900 -5.31099200
vt 0.07071100 9.13478500
vt 0.07071100 8.48230000
vt 5.45000000 -5.35000000
vt 0.07071100 7.82981600
vt 6.09487100 -5.31099200
vt 6.73033900 -5.19453900
vt 0.07071100 7.17733100
vt 7.34713600 -5.00233700
vt 0.07071100 6.52484600
vt 0.07071100 5.87236200
vt 7.93626900 -4.73719000
vt 0.07071100 5.21987700
vt 8.48914600 -4.40296400
vt 8.99770600 -4.00453300
vt 0.07071100 4.56739200
vt 0.07071100 3.91490800
vt 9.45453300 -3.54770600
vt 0.07071100 3.26242300
vt 9.85296400 -3.03914600
vt 10.18719000 -2.48626900
vt 0.07071100 2.60993900
vt 10.45233700 -1.89713600
vt 0.07071100 1.95745400
vt 0.07071100 1.30496900
vt 10.64453900 -1.28033900
vt 10.76099200 -0.64487100
vt 0.07071100 0.65248500
vt 10.80000000 -0.00000000
vt 0.07071100 -0.00000000
vt 0.07071100 -0.65248500
vt 10.76099200 0.64487100
vt 10.64453900 1.28033900
vt 0.07071100 -1.30496900
vt 0.07071100 -1.95745400
vt 10.45233700 1.89713600
vt 10.18719000 2.48626900
vt 0.07071100 -2.60993900
vt 0.07071100 -3.26242300
vt 9.85296400 3.03914600
vt 0.07071100 -3.91490800
vt 9.45453300 3.54770600
vt 8.99770600 4.00453300
vt 0.07071100 -4.56739200
vt 8.48914600 4.40296400
vt 0.07071100 -5.21987700
vt 7.93626900 4.73719000
vt 0.07071100 -5.87236200
vt 7.34713600 5.00233700
vt 0.07071100 -6.52484600
vt 0.07071100 -7.17733100
vt 6.73033900 5.19453900
vt 0.07071100 -7.82981600
vt 6.09487100 5.31099200
vt 0.07071100 -8.48230000
vt 5.45000000 5.35000000
vt 0.07071100 -9.13478500
vt 4.80512900 5.31099200
vt 4.16966100 5.19453900
vt 0.07071100 -9.78726900
vt 0.07071100 -10.43975400
vt 3.55286400 5.00233700
vt 2.96373100 4.73719000
vt 0.07071100 -11.09223900
vt 0.07071100 -11.74472300
vt 2.41085400 4.40296400
vt 1.90229400 4.00453300
vt 0.07071100 -12.39720800
vt 1.44546700 3.54770600
vt 0.07071100 -13.04969300
vt 0.07071100 -13.70217700
vt 1.04703600 3.03914600
vt 0.71281000 2.48626900
vt 0.07071100 -14.35466200
vt 0.44766300 1.89713600
vt 0.07071100 -15.00714600
vt 0.25546100 1.28033900
vt 0.07071100 -15.65963100
vt 0.13900800 0.64487100
vt 0.07071100 -16.31211600
vt 0.00000000 -17.12168000
vt 0.00000000 17.12168000
vt -0.07071100 -0.00000000
vt -0.07071100 -0.64017400
vt 0.00000000 16.47557900
vt -0.00000000 15.82947800
vt -0.07071100 -1.28034700
vt 0.00000000 15.18337700
vt -0.07071100 -1.92052100
vt -0.07071100 -2.56069400
vt 0.00000000 14.53727500
vt -0.00000000 13.89117400
vt -0.07071100 -3.20086800
vt -0.07071100 -3.84104200
vt -0.00000000 13.24507300
vt -0.00000000 12.59897200
vt -0.07071100 -4.48121500
vt 0.00000000 11.95287100
vt -0.07071100 -5.12138900
vt 0.00000000 11.30677000
vt -0.07071100 -5.76156200
vt -0.00000000 10.66066900
vt -0.07071100 -6.40173600
vt -0.07071100 -7.04191000
vt -0.00000000 10.01456800
vt 0.00000000 9.36846600
vt -0.07071100 -7.68208300
vt -0.00000000 8.72236500
vt -0.07071100 -8.32225700
vt -0.07071100 -8.96243000
vt -0.00000000 8.07626400
vt -0.00000000 7.43016300
vt -0.07071100 -9.60260400
vt -0.00000000 6.78406200
vt -0.07071100 -10.24277800
vt 0.00000000 6.13796100
vt -0.07071100 -10.88295100
vt -0.07071100 -11.52312500
vt 0.00000000 5.49186000
vt -0.00000000 4.84575800
vt -0.07071100 -12.16329800
vt -0.07071100 -12.80347200
vt 0.00000000 4.19965700
vt -0.07071100 -13.44364600
vt -0.00000000 3.55355600
vt 0.00000000 2.90745500
vt -0.07071100 -14.08381900
vt -0.07071100 -14.72399300
vt -0.00000000 2.26135400
vt -0.07071100 -15.36416600
vt -0.00000000 1.61525300
vt -0.07071100 -16.00434000
vt 0.00000000 0.96915200
vt -0.00000000 0.32305100
vt -0.07071100 -16.64451400
vt -0.07071100 17.28468700
vt -0.07071100 16.64451400
vt -0.00000000 -0.32305100
vt -0.07071100 16.00434000
vt -0.00000000 -0.96915200
vt -0.00000000 -1.61525300
vt -0.07071100 15.36416600
vt -0.00000000 -2.26135400
vt -0.07071100 14.72399300
vt -0.00000000 -2.90745500
vt -0.07071100 14.08381900
vt 0.00000000 -3.55355600
vt -0.07071100 13.44364600
vt 0.00000000 -4.19965700
vt -0.07071100 12.80347200
vt -0.07071100 12.16329800
vt -0.00000000 -4.84575800
vt -0.07071100 11.52312500
vt -0.00000000 -5.49186000
vt -0.07071100 10.88295100
vt -0.00000000 -6.13796100
vt -0.07071100 10.24277800
vt 0.00000000 -6.78406200
vt -0.00000000 -7.43016300
vt -0.07071100 9.60260400
vt -0.07071100 8.96243000
vt 0.00000000 -8.07626400
vt 0.00000000 -8.72236500
vt -0.07071100 8.32225700
vt 0.00000000 -9.36846600
vt -0.07071100 7.68208300
vt -0.00000000 -10.01456800
vt -0.07071100 7.04191000
vt 0.00000000 -10.66066900
vt -0.07071100 6.40173600
vt -0.00000000 -11.30677000
vt -0.07071100 5.76156200
vt 0.00000000 -11.95287100
vt -0.07071100 5.12138900
vt -0.00000000 -12.59897200
vt -0.07071100 4.48121500
vt -0.07071100 3.84104200
vt 0.00000000 -13.24507300
vt 0.00000000 -13.89117400
vt -0.07071100 3.20086800
vt -0.07071100 2.56069400
vt -0.00000000 -14.53727500
vt 0.00000000 -15.18337700
vt -0.07071100 1.92052100
vt 0.00000000 -15.82947800
vt -0.07071100 1.28034700
vt -0.07071100 0.64017400
vt 0.00000000 -16.47557900
vt -0.10000000 17.12168000
vt -0.79903100 15.34668000
vt -0.10000000 -17.12168000
vt -0.79903100 -15.34668000
vt -0.79903100 -14.76756000
vt -0.10000000 16.47557900
vt -0.79903100 -14.18844000
vt -0.10000000 15.82947800
vt -0.79903100 -13.60932000
vt -0.10000000 15.18337700
vt -0.79903100 -13.03020000
vt -0.10000000 14.53727500
vt -0.10000000 13.89117400
vt -0.79903100 -12.45108000
vt -0.79903100 -11.87196000
vt -0.10000000 13.24507300
vt -0.79903100 -11.29284000
vt -0.10000000 12.59897200
vt -0.10000000 11.95287100
vt -0.79903100 -10.71372000
vt -0.79903100 -10.13460000
vt -0.10000000 11.30677000
vt -0.10000000 10.66066900
vt -0.79903100 -9.55548000
vt -0.10000000 10.01456800
vt -0.79903100 -8.97636000
vt -0.79903100 -8.39724000
vt -0.10000000 9.36846600
vt -0.10000000 8.72236500
vt -0.79903100 -7.81812000
vt -0.10000000 8.07626400
vt -0.79903100 -7.23900000
vt -0.10000000 7.43016300
vt -0.79903100 -6.65988000
vt -0.79903100 -6.08076000
vt -0.10000000 6.78406200
vt -0.10000000 6.13796100
vt -0.79903100 -5.50164000
vt -0.79903100 -4.92252000
vt -0.10000000 5.49186000
vt -0.79903100 -4.34340000
vt -0.10000000 4.84575800
vt -0.79903100 -3.76428000
vt -0.10000000 4.19965700
vt -0.79903100 -3.18516000
vt -0.10000000 3.55355600
vt -0.79903100 -2.60604000
vt -0.10000000 2.90745500
vt -0.79903100 -2.02692000
vt -0.10000000 2.26135400
vt -0.79903100 -1.44780000
vt -0.10000000 1.61525300
vt -0.79903100 -0.86868000
vt -0.10000000 0.96915200
vt -0.79903100 -0.28956000
vt -0.10000000 0.32305100
vt -0.79903100 0.28956000
vt -0.10000000 -0.32305100
vt -0.79903100 0.86868000
vt -0.10000000 -0.96915200
vt -0.10000000 -1.61525300
vt -0.79903100 1.44780000
vt -0.10000000 -2.26135400
vt -0.79903100 2.02692000
vt -0.10000000 -2.90745500
vt -0.79903100 2.60604000
vt -0.79903100 3.18516000
vt -0.10000000 -3.55355600
vt -0.10000000 -4.19965700
vt -0.79903100 3.76428000
vt -0.79903100 4.34340000
vt -0.10000000 -4.84575800
vt -0.10000000 -5.49186000
vt -0.79903100 4.92252000
vt -0.10000000 -6.13796100
vt -0.79903100 5.50164000
vt -0.10000000 -6.78406200
vt -0.79903100 6.08076000
vt -0.10000000 -7.43016300
vt -0.79903100 6.65988000
vt -0.10000000 -8.07626400
vt -0.79903100 7.23900000
vt -0.10000000 -8.72236500
vt -0.79903100 7.81812000
vt -0.10000000 -9.36846600
vt -0.79903100 8.39724000
vt -0.10000000 -10.01456800
vt -0.79903100 8.97636000
vt -0.10000000 -10.66066900
vt -0.79903100 9.55548000
vt -0.79903100 10.13460000
vt -0.10000000 -11.30677000
vt -0.10000000 -11.95287100
vt -0.79903100 10.71372000
vt -0.79903100 11.29284000
vt -0.10000000 -12.59897200
vt -0.10000000 -13.24507300
vt -0.79903100 11.87196000
vt -0.79903100 12.45108000
vt -0.10000000 -13.89117400
vt -0.10000000 -14.53727500
vt -0.79903100 13.03020000
vt -0.79903100 13.60932000
vt -0.10000000 -15.18337700
vt -0.79903100 14.18844000
vt -0.10000000 -15.82947800
vt -0.79903100 14.76756000
vt -0.10000000 -16.47557900
vt 0.79903100 14.75675300
vt -0.64828400 -7.30753600
vt 0.64828400 -0.09021500
vt 0.79903100 15.15003800
vt -0.64828400 -6.95973900
vt 0.79903100 -15.54332200
vt 0.79903100 -15.15003800
vt -0.64828400 -6.61194100
vt -0.64828400 -0.09021500
vt 0.79903100 -14.75675300
vt -0.64828400 -6.26414400
vt -0.65713100 -0.03930900
vt 0.78652000 -14.70040300
vt 0.75369100 -14.65411300
vt -0.68034400 0.00811800
vt 0.66006300 -14.60198100
vt -0.10423900 -0.74654900
vt -0.74654900 0.09021500
vt 0.10141700 -14.46253300
vt -0.52061800 -1.14157200
vt 1.14157200 0.09698000
vt -0.00051800 -14.41308500
vt 1.21365100 0.00849100
vt 1.23878400 -0.04249400
vt -0.03606200 -14.36912900
vt 1.24828400 -0.09698000
vt -1.24828400 -10.55452200
vt -0.04949700 -14.31610900
vt -1.24828400 -9.95843900
vt -0.04949700 -13.72426700
vt -1.24828400 -9.36235600
vt -0.04949700 -13.13242400
vt 1.24828400 0.09698000
vt -0.04949700 -12.54058100
vt -1.24828400 -8.76627300
vt 1.23878400 0.04249400
vt -0.03606200 -12.48756100
vt 1.21365100 -0.00849100
vt -0.00051800 -12.44360500
vt -0.11184900 -1.14157200
vt 1.14157200 -0.09698000
vt 0.10141700 -12.39415800
vt 0.66006300 -12.25470900
vt -0.52822800 -0.74654900
vt 0.74654900 0.09021500
vt 0.75369100 -12.20257700
vt 0.68034400 0.00811800
vt 0.78652000 -12.15628700
vt 0.65713100 -0.03930900
vt 0.79903100 -12.09993700
vt 0.64828400 -0.09021500
vt -0.64828400 -3.91461600
vt 0.79903100 -11.70665200
vt -0.64828400 -3.56681900
vt -0.64828400 -3.21902100
vt 0.79903100 -11.31336800
vt 0.79903100 -10.92008300
vt -0.64828400 -2.87122400
vt -0.64828400 -0.09021500
vt -0.65713100 -0.03930900
vt 0.78652000 -10.86373300
vt -0.68034400 0.00811800
vt 0.75369100 -10.81744300
vt -0.10423900 -0.74654900
vt 0.66006300 -10.76531100
vt -0.74654900 0.09021500
vt 0.10141700 -10.62586300
vt 1.14157200 0.09698000
vt -0.52061800 -1.14157200
vt 1.21365100 0.00849100
vt -0.00051800 -10.57641500
vt -0.03606200 -10.53245900
vt 1.23878400 -0.04249400
vt 1.24828400 -0.09698000
vt -1.24828400 -10.55452200
vt -0.04949700 -10.47943900
vt -0.04949700 -9.88759600
vt -1.24828400 -9.95843900
vt -0.04949700 -9.29575400
vt -1.24828400 -9.36235600
vt 1.24828400 0.09698000
vt -1.24828400 -8.76627300
vt -0.04949700 -8.70391100
vt 1.23878400 0.04249400
vt -0.03606200 -8.65089100
vt -0.00051800 -8.60693500
vt 1.21365100 -0.00849100
vt -0.11184900 -1.14157200
vt 1.14157200 -0.09698000
vt 0.10141700 -8.55748700
vt 0.66006300 -8.41803900
vt 0.74654900 0.09021500
vt -0.52822800 -0.74654900
vt 0.75369100 -8.36590700
vt 0.68034400 0.00811800
vt 0.65713100 -0.03930900
vt 0.78652000 -8.31961700
vt 0.64828400 -0.09021500
vt -0.64828400 -0.52169600
vt 0.79903100 -8.26326700
vt 0.79903100 -7.86998200
vt -0.64828400 -0.17389900
vt -0.64828400 0.17389900
vt 0.79903100 -7.47669800
vt -0.64828400 0.52169600
vt -0.64828400 -0.09021500
vt 0.79903100 -7.08341300
vt 0.78652000 -7.02706300
vt -0.65713100 -0.03930900
vt -0.68034400 0.00811800
vt 0.75369100 -6.98077300
vt -0.74654900 0.09021500
vt 0.66006300 -6.92864100
vt -0.10423900 -0.74654900
vt -0.52061800 -1.14157200
vt 1.14157200 0.09698000
vt 0.10141700 -6.78919300
vt -0.00051800 -6.73974500
vt 1.21365100 0.00849100
vt -0.03606200 -6.69578900
vt 1.23878400 -0.04249400
vt -0.04949700 -6.64276900
vt -1.24828400 -10.55452200
vt 1.24828400 -0.09698000
vt -1.24828400 -9.95843900
vt -0.04949700 -6.05092600
vt -1.24828400 -9.36235600
vt -0.04949700 -5.45908400
vt -1.24828400 -8.76627300
vt 1.24828400 0.09698000
vt -0.04949700 -4.86724100
vt -0.03606200 -4.81422100
vt 1.23878400 0.04249400
vt 1.21365100 -0.00849100
vt -0.00051800 -4.77026500
vt 0.10141700 -4.72081700
vt -0.11184900 -1.14157200
vt 1.14157200 -0.09698000
vt -0.52822800 -0.74654900
vt 0.66006300 -4.58136900
vt 0.74654900 0.09021500
vt 0.75369100 -4.52923700
vt 0.68034400 0.00811800
vt 0.78652000 -4.48294700
vt 0.65713100 -0.03930900
vt -0.64828400 2.87122400
vt 0.64828400 -0.09021500
vt 0.79903100 -4.42659700
vt 0.79903100 -4.03331200
vt -0.64828400 3.21902100
vt 0.79903100 -3.64002800
vt -0.64828400 3.56681900
vt -0.64828400 -0.09021500
vt -0.64828400 3.91461600
vt 0.79903100 -3.24674300
vt -0.65713100 -0.03930900
vt 0.78652000 -3.19039300
vt 0.75369100 -3.14410300
vt -0.68034400 0.00811800
vt -0.10423900 -0.74654900
vt -0.74654900 0.09021500
vt 0.66006300 -3.09197100
vt 0.10141700 -2.95252300
vt 1.14157200 0.09698000
vt -0.52061800 -1.14157200
vt -0.00051800 -2.90307500
vt 1.21365100 0.00849100
vt 1.23878400 -0.04249400
vt -0.03606200 -2.85911900
vt 1.24828400 -0.09698000
vt -0.04949700 -2.80609900
vt -1.24828400 -10.55452200
vt -0.04949700 -2.21425600
vt -1.24828400 -9.95843900
vt -0.04949700 -1.62241400
vt -1.24828400 -9.36235600
vt -0.04949700 -1.03057100
vt -1.24828400 -8.76627300
vt 1.24828400 0.09698000
vt -0.03606200 -0.97755100
vt 1.23878400 0.04249400
vt -0.00051800 -0.93359500
vt 1.21365100 -0.00849100
vt 1.14157200 -0.09698000
vt -0.11184900 -1.14157200
vt 0.10141700 -0.88414700
vt 0.74654900 0.09021500
vt 0.66006300 -0.74469900
vt -0.52822800 -0.74654900
vt 0.68034400 0.00811800
vt 0.75369100 -0.69256700
vt 0.78652000 -0.64627700
vt 0.65713100 -0.03930900
vt 0.64828400 -0.09021500
vt -0.64828400 6.26414400
vt 0.79903100 -0.58992700
vt 0.79903100 -0.19664200
vt -0.64828400 6.61194100
vt 0.79903100 0.19664200
vt -0.64828400 6.95973900
vt -0.64828400 -0.09021500
vt 0.79903100 0.58992700
vt -0.64828400 7.30753600
vt -0.65713100 -0.03930900
vt 0.78652000 0.64627700
vt -0.68034400 0.00811800
vt 0.75369100 0.69256700
vt -0.74654900 0.09021500
vt -0.10423900 -0.74654900
vt 0.66006300 0.74469900
vt 0.10141700 0.88414700
vt -0.52061800 -1.14157200
vt 1.14157200 0.09698000
vt -0.00051800 0.93359500
vt 1.21365100 0.00849100
vt -0.03606200 0.97755100
vt 1.23878400 -0.04249400
vt -1.24828400 -10.55452200
vt 1.24828400 -0.09698000
vt -0.04949700 1.03057100
vt -1.24828400 -9.95843900
vt -0.04949700 1.62241400
vt -1.24828400 -9.36235600
vt -0.04949700 2.21425600
vt -0.04949700 2.80609900
vt -1.24828400 -8.76627300
vt 1.24828400 0.09698000
vt -0.03606200 2.85911900
vt 1.23878400 0.04249400
vt 1.21365100 -0.00849100
vt -0.00051800 2.90307500
vt 1.14157200 -0.09698000
vt -0.11184900 -1.14157200
vt 0.10141700 2.95252300
vt 0.74654900 0.09021500
vt 0.66006300 3.09197100
vt -0.52822800 -0.74654900
vt 0.75369100 3.14410300
vt 0.68034400 0.00811800
vt 0.65713100 -0.03930900
vt 0.78652000 3.19039300
vt -0.64828400 9.65706400
vt 0.64828400 -0.09021500
vt 0.79903100 3.24674300
vt 0.79903100 3.64002800
vt -0.64828400 10.00486200
vt -0.64828400 10.35265900
vt 0.79903100 4.03331200
vt -0.64828400 -0.09021500
vt -0.64828400 10.70045600
vt 0.79903100 4.42659700
vt -0.65713100 -0.03930900
vt 0.78652000 4.48294700
vt 0.75369100 4.52923700
vt -0.68034400 0.00811800
vt 0.66006300 4.58136900
vt -0.10423900 -0.74654900
vt -0.74654900 0.09021500
vt 0.10141700 4.72081700
vt 1.14157200 0.09698000
vt -0.52061800 -1.14157200
vt -0.00051800 4.77026500
vt 1.21365100 0.00849100
vt 1.23878400 -0.04249400
vt -0.03606200 4.81422100
vt -0.04949700 4.86724100
vt 1.24828400 -0.09698000
vt -1.24828400 -10.55452200
vt -0.04949700 5.45908400
vt -1.24828400 -9.95843900
vt -0.04949700 6.05092600
vt -1.24828400 -9.36235600
vt 1.24828400 0.09698000
vt -0.04949700 6.64276900
vt -1.24828400 -8.76627300
vt 1.23878400 0.04249400
vt -0.03606200 6.69578900
vt 1.21365100 -0.00849100
vt -0.00051800 6.73974500
vt 0.10141700 6.78919300
vt 1.14157200 -0.09698000
vt -0.11184900 -1.14157200
vt 0.74654900 0.09021500
vt -0.52822800 -0.74654900
vt 0.66006300 6.92864100
vt 0.68034400 0.00811800
vt 0.75369100 6.98077300
vt 0.78652000 7.02706300
vt 0.65713100 -0.03930900
vt 0.64828400 -0.09021500
vt -0.64828400 -0.52169600
vt 0.79903100 7.08341300
vt 0.79903100 7.47669800
vt -0.64828400 -0.17389900
vt -0.64828400 0.17389900
vt 0.79903100 7.86998200
vt -0.64828400 0.52169600
vt 0.79903100 8.26326700
vt -0.64828400 -0.09021500
vt 0.78652000 8.31961700
vt -0.65713100 -0.03930900
vt 0.75369100 8.36590700
vt -0.68034400 0.00811800
vt -0.10423900 -0.74654900
vt 0.66006300 8.41803900
vt -0.74654900 0.09021500
vt 0.10141700 8.55748700
vt -0.52061800 -1.14157200
vt 1.14157200 0.09698000
vt -0.00051800 8.60693500
vt 1.21365100 0.00849100
vt -0.03606200 8.65089100
vt 1.23878400 -0.04249400
vt -0.04949700 8.70391100
vt -1.24828400 -10.55452200
vt 1.24828400 -0.09698000
vt -1.24828400 -9.95843900
vt -0.04949700 9.29575400
vt -0.04949700 9.88759600
vt -1.24828400 -9.36235600
vt -0.04949700 10.47943900
vt 1.24828400 0.09698000
vt -1.24828400 -8.76627300
vt -0.03606200 10.53245900
vt 1.23878400 0.04249400
vt -0.00051800 10.57641500
vt 1.21365100 -0.00849100
vt 0.10141700 10.62586300
vt -0.11184900 -1.14157200
vt 1.14157200 -0.09698000
vt 0.66006300 10.76531100
vt -0.52822800 -0.74654900
vt 0.74654900 0.09021500
vt 0.75369100 10.81744300
vt 0.68034400 0.00811800
vt 0.65713100 -0.03930900
vt 0.78652000 10.86373300
vt 0.79903100 10.92008300
vt 0.64828400 -0.09021500
vt -0.64828400 -10.70045600
vt 0.79903100 11.31336800
vt -0.64828400 -10.35265900
vt -0.64828400 -10.00486200
vt 0.79903100 11.70665200
vt -0.64828400 -9.65706400
vt 0.79903100 12.09993700
vt -0.64828400 -0.09021500
vt 0.78652000 12.15628700
vt -0.65713100 -0.03930900
vt 0.75369100 12.20257700
vt -0.68034400 0.00811800
vt -0.10423900 -0.74654900
vt 0.66006300 12.25470900
vt -0.74654900 0.09021500
vt 1.14157200 0.09698000
vt -0.52061800 -1.14157200
vt 0.10141700 12.39415800
vt -0.00051800 12.44360500
vt 1.21365100 0.00849100
vt -0.03606200 12.48756100
vt 1.23878400 -0.04249400
vt 1.24828400 -0.09698000
vt -1.24828400 -10.55452200
vt -0.04949700 12.54058100
vt -0.04949700 13.13242400
vt -1.24828400 -9.95843900
vt -0.04949700 13.72426700
vt -1.24828400 -9.36235600
vt -1.24828400 -8.76627300
vt 1.24828400 0.09698000
vt -0.04949700 14.31610900
vt 1.23878400 0.04249400
vt -0.03606200 14.36912900
vt 1.21365100 -0.00849100
vt -0.00051800 14.41308500
vt 0.10141700 14.46253300
vt -0.11184900 -1.14157200
vt 1.14157200 -0.09698000
vt 0.66006300 14.60198100
vt -0.52822800 -0.74654900
vt 0.74654900 0.09021500
vt 0.68034400 0.00811800
vt 0.75369100 14.65411300
vt 0.78652000 14.70040300
vt 0.65713100 -0.03930900
vt 0.41071100 0.00000000
vt 0.70685800 13.47034300
vt 0.70685800 -13.47034300
vt 0.41071100 0.51756300
vt 0.70685800 12.88467600
vt 0.41071100 1.03512500
vt 0.70685800 12.29900900
vt 0.41071100 1.55268800
vt 0.70685800 11.71334200
vt 0.70685800 11.12767500
vt 0.41071100 2.07025100
vt 0.70685800 10.54200700
vt 0.41071100 2.58781300
vt 0.41071100 3.10537600
vt 0.70685800 9.95634000
vt 0.41071100 3.62293900
vt 0.70685800 9.37067300
vt 0.70685800 8.78500600
vt 0.41071100 4.14050100
vt 0.70685800 8.19933900
vt 0.41071100 4.65806400
vt 0.41071100 5.17562700
vt 0.70685800 7.61367200
vt 0.41071100 5.69318900
vt 0.70685800 7.02800500
vt 0.41071100 6.21075200
vt 0.70685800 6.44233800
vt 0.41071100 6.72831500
vt 0.70685800 5.85667100
vt 0.41071100 7.24587700
vt 0.70685800 5.27100400
vt 0.41071100 7.76344000
vt 0.70685800 4.68533700
vt 0.70685800 4.09967000
vt 0.41071100 8.28100200
vt 0.41071100 8.79856500
vt 0.70685800 3.51400200
vt 0.41071100 9.31612800
vt 0.70685800 2.92833500
vt 0.41071100 9.83369000
vt 0.70685800 2.34266800
vt 0.41071100 10.35125300
vt 0.70685800 1.75700100
vt 0.41071100 10.86881600
vt 0.70685800 1.17133400
vt 0.41071100 11.38637800
vt 0.70685800 0.58566700
vt 0.41071100 -11.90394100
vt 0.70685800 -0.00000000
vt 0.41071100 11.90394100
vt 0.41071100 -11.38637800
vt 0.70685800 -0.58566700
vt 0.70685800 -1.17133400
vt 0.41071100 -10.86881600
vt 0.41071100 -10.35125300
vt 0.70685800 -1.75700100
vt 0.41071100 -9.83369000
vt 0.70685800 -2.34266800
vt 0.41071100 -9.31612800
vt 0.70685800 -2.92833500
vt 0.41071100 -8.79856500
vt 0.70685800 -3.51400200
vt 0.70685800 -4.09967000
vt 0.41071100 -8.28100200
vt 0.41071100 -7.76344000
vt 0.70685800 -4.68533700
vt 0.70685800 -5.27100400
vt 0.41071100 -7.24587700
vt 0.70685800 -5.85667100
vt 0.41071100 -6.72831500
vt 0.41071100 -6.21075200
vt 0.70685800 -6.44233800
vt 0.70685800 -7.02800500
vt 0.41071100 -5.69318900
vt 0.41071100 -5.17562700
vt 0.70685800 -7.61367200
vt 0.70685800 -8.19933900
vt 0.41071100 -4.65806400
vt 0.70685800 -8.78500600
vt 0.41071100 -4.14050100
vt 0.70685800 -9.37067300
vt 0.41071100 -3.62293900
vt 0.70685800 -9.95634000
vt 0.41071100 -3.10537600
vt 0.70685800 -10.54200700
vt 0.41071100 -2.58781300
vt 0.41071100 -2.07025100
vt 0.70685800 -11.12767500
vt 0.41071100 -1.55268800
vt 0.70685800 -11.71334200
vt 0.41071100 -1.03512500
vt 0.70685800 -12.29900900
vt 0.70685800 -12.88467600
vt 0.41071100 -0.51756300
vt -0.72426400 -11.90394100
vt -0.72426400 11.90394100
vt -0.23561900 -10.33753900
vt -0.23561900 10.33753900
vt -0.23561900 9.84527600
vt -0.72426400 11.33708700
vt -0.23561900 9.35301200
vt -0.72426400 10.77023200
vt -0.23561900 8.86074800
vt -0.72426400 10.20337800
vt -0.72426400 9.63652400
vt -0.23561900 8.36848400
vt -0.72426400 9.06966900
vt -0.23561900 7.87622000
vt -0.72426400 8.50281500
vt -0.23561900 7.38395700
vt -0.23561900 6.89169300
vt -0.72426400 7.93596100
vt -0.72426400 7.36910600
vt -0.23561900 6.39942900
vt -0.72426400 6.80225200
vt -0.23561900 5.90716500
vt -0.23561900 5.41490200
vt -0.72426400 6.23539800
vt -0.23561900 4.92263800
vt -0.72426400 5.66854300
vt -0.72426400 5.10168900
vt -0.23561900 4.43037400
vt -0.72426400 4.53483500
vt -0.23561900 3.93811000
vt -0.72426400 3.96798000
vt -0.23561900 3.44584600
vt -0.72426400 3.40112600
vt -0.23561900 2.95358300
vt -0.72426400 2.83427200
vt -0.23561900 2.46131900
vt -0.72426400 2.26741700
vt -0.23561900 1.96905500
vt -0.72426400 1.70056300
vt -0.23561900 1.47679100
vt -0.72426400 1.13370900
vt -0.23561900 0.98452800
vt -0.23561900 0.49226400
vt -0.72426400 0.56685400
vt -0.23561900 0.00000000
vt -0.72426400 0.00000000
vt -0.72426400 -0.56685400
vt -0.23561900 -0.49226400
vt -0.72426400 -1.13370900
vt -0.23561900 -0.98452800
vt -0.23561900 -1.47679100
vt -0.72426400 -1.70056300
vt -0.72426400 -2.26741700
vt -0.23561900 -1.96905500
vt -0.23561900 -2.46131900
vt -0.72426400 -2.83427200
vt -0.23561900 -2.95358300
vt -0.72426400 -3.40112600
vt -0.23561900 -3.44584600
vt -0.72426400 -3.96798000
vt -0.23561900 -3.93811000
vt -0.72426400 -4.53483500
vt -0.23561900 -4.43037400
vt -0.72426400 -5.10168900
vt -0.23561900 -4.92263800
vt -0.72426400 -5.66854300
vt -0.23561900 -5.41490200
vt -0.72426400 -6.23539800
vt -0.72426400 -6.80225200
vt -0.23561900 -5.90716500
vt -0.72426400 -7.36910600
vt -0.23561900 -6.39942900
vt -0.72426400 -7.93596100
vt -0.23561900 -6.89169300
vt -0.23561900 -7.38395700
vt -0.72426400 -8.50281500
vt -0.72426400 -9.06966900
vt -0.23561900 -7.87622000
vt -0.72426400 -9.63652400
vt -0.23561900 -8.36848400
vt -0.72426400 -10.20337800
vt -0.23561900 -8.86074800
vt -0.72426400 -10.77023200
vt -0.23561900 -9.35301200
vt -0.23561900 -9.84527600
vt -0.72426400 -11.33708700
vt 0.47123900 13.47034300
vt 0.47123900 -13.47034300
vt -9.85254800 -0.00000000
vt 0.47123900 12.89713700
vt -9.81326700 -0.58680200
vt 0.47123900 12.32393100
vt -9.69612200 -1.16313300
vt -9.50320600 -1.71870800
vt 0.47123900 11.75072500
vt 0.47123900 11.17751900
vt -9.23796000 -2.24361200
vt 0.47123900 10.60431200
vt -8.90511700 -2.72847900
vt -8.51061800 -3.16465600
vt 0.47123900 10.03110600
vt 0.47123900 9.45790000
vt -8.06150300 -3.54436000
vt 0.47123900 8.88469400
vt -7.56578400 -3.86081400
vt 0.47123900 8.31148800
vt -7.03231000 -4.10837300
vt 0.47123900 7.73828200
vt -6.47059900 -4.28261700
vt -5.89067600 -4.38043800
vt 0.47123900 7.16507600
vt -5.30288900 -4.40009000
vt 0.47123900 6.59187000
vt -4.71772700 -4.34122200
vt 0.47123900 6.01866400
vt -4.14563200 -4.20488500
vt 0.47123900 5.44545800
vt -3.59681400 -3.99351200
vt 0.47123900 4.87225200
vt 0.47123900 4.29904600
vt -3.08106600 -3.71087400
vt 0.47123900 3.72584000
vt -2.60759200 -3.36201600
vt -2.18484100 -2.95316200
vt 0.47123900 3.15263300
vt 0.47123900 2.57942700
vt -1.82035600 -2.49160900
vt 0.47123900 2.00622100
vt -1.52064300 -1.98559400
vt -1.29104900 -1.44414500
vt 0.47123900 1.43301500
vt 0.47123900 0.85980900
vt -1.13567100 -0.87692600
vt 0.47123900 0.28660300
vt -1.05728300 -0.29405800
vt 0.47123900 -0.28660300
vt -1.05728300 0.29405800
vt 0.47123900 -0.85980900
vt -1.13567100 0.87692600
vt 0.47123900 -1.43301500
vt -1.29104900 1.44414500
vt -1.52064300 1.98559400
vt 0.47123900 -2.00622100
vt -1.82035600 2.49160900
vt 0.47123900 -2.57942700
vt -2.18484100 2.95316200
vt 0.47123900 -3.15263300
vt -2.60759200 3.36201600
vt 0.47123900 -3.72584000
vt -3.08106600 3.71087400
vt 0.47123900 -4.29904600
vt 0.47123900 -4.87225200
vt -3.59681400 3.99351200
vt 0.47123900 -5.44545800
vt -4.14563200 4.20488500
vt 0.47123900 -6.01866400
vt -4.71772700 4.34122200
vt 0.47123900 -6.59187000
vt -5.30288900 4.40009000
vt 0.47123900 -7.16507600
vt -5.89067600 4.38043800
vt 0.47123900 -7.73828200
vt -6.47059900 4.28261700
vt 0.47123900 -8.31148800
vt -7.03231000 4.10837300
vt -7.56578400 3.86081400
vt 0.47123900 -8.88469400
vt -8.06150300 3.54436000
vt 0.47123900 -9.45790000
vt 0.47123900 -10.03110600
vt -8.51061800 3.16465600
vt 0.47123900 -10.60431200
vt -8.90511700 2.72847900
vt 0.47123900 -11.17751900
vt -9.23796000 2.24361200
vt -9.50320600 1.71870800
vt 0.47123900 -11.75072500
vt -9.69612200 1.16313300
vt 0.47123900 -12.32393100
vt 0.47123900 -12.89713700
vt -9.81326700 0.58680200
vt 0.58904900 13.47034300
vt 0.58904900 -13.47034300
vt 0.58904900 -4.67338400
vt 0.58904900 0.27490500
vt 0.58904900 4.12357400
vt 0.58904900 -12.92053300
vt 0.58904900 -12.37072300
vt 0.58904900 -11.82091300
vt 0.58904900 -11.27110300
vt 0.58904900 -10.72129300
vt 0.58904900 -10.17148300
vt 0.58904900 -9.62167300
vt 0.58904900 -9.07186400
vt 0.58904900 -8.52205400
vt 0.58904900 -7.97224400
vt 0.58904900 -7.42243400
vt 0.58904900 -6.87262400
vt 0.58904900 -6.32281400
vt 0.58904900 -5.77300400
vt 0.58904900 -5.22319400
vt 0.58904900 -3.57376400
vt 0.58904900 -4.12357400
vt 0.58904900 -3.02395500
vt 0.58904900 -2.47414500
vt 0.58904900 -1.92433500
vt 0.58904900 -1.37452500
vt 0.58904900 -0.82471500
vt 0.58904900 -0.27490500
vt 0.58904900 0.82471500
vt 0.58904900 1.37452500
vt 0.58904900 1.92433500
vt 0.58904900 2.47414500
vt 0.58904900 3.02395500
vt 0.58904900 3.57376400
vt 0.58904900 5.22319400
vt 0.58904900 4.67338400
vt 0.58904900 5.77300400
vt 0.58904900 6.32281400
vt 0.58904900 6.87262400
vt 0.58904900 7.42243400
vt 0.58904900 7.97224400
vt 0.58904900 8.52205400
vt 0.58904900 9.07186400
vt 0.58904900 9.62167300
vt 0.58904900 10.17148300
vt 0.58904900 10.72129300
vt 0.58904900 11.27110300
vt 0.58904900 11.82091300
vt 0.58904900 12.37072300
vt 0.58904900 12.92053300
vt -0.52822800 0.74654900
vt -0.74654900 0.09021500
vt 0.66006300 -6.92864100
vt -0.11184900 1.14157200
vt 0.10141700 -6.78919300
vt -1.14157200 -0.09698000
vt -0.52061800 1.14157200
vt 0.10141700 -4.72081700
vt -1.14157200 0.09698000
vt 0.66006300 -4.58136900
vt 0.74654900 0.09021500
vt -0.10423900 0.74654900
vt -0.52822800 0.74654900
vt -0.74654900 0.09021500
vt 0.66006300 -10.76531100
vt -0.11184900 1.14157200
vt 0.10141700 -10.62586300
vt -1.14157200 -0.09698000
vt 0.10141700 -8.55748700
vt -1.14157200 0.09698000
vt -0.52061800 1.14157200
vt 0.74654900 0.09021500
vt -0.10423900 0.74654900
vt 0.66006300 -8.41803900
vt -0.74654900 0.09021500
vt 0.66006300 -3.09197100
vt -0.52822800 0.74654900
vt -1.14157200 -0.09698000
vt -0.11184900 1.14157200
vt 0.10141700 -2.95252300
vt -0.52061800 1.14157200
vt 0.10141700 -0.88414700
vt -1.14157200 0.09698000
vt 0.74654900 0.09021500
vt -0.10423900 0.74654900
vt 0.66006300 -0.74469900
vt -0.10423900 0.74654900
vt 0.66006300 -12.25470900
vt 0.74654900 0.09021500
vt 0.64828400 -9.65706400
vt 0.64828400 -0.09021500
vt 0.79903100 -12.09993700
vt 0.78652000 -12.15628700
vt 0.65713100 -0.03930900
vt 0.68034400 0.00811800
vt 0.75369100 -12.20257700
vt 0.00000000 0.03007200
vt 0.00000000 -0.03007200
vt -1.14157200 0.09698000
vt 0.10141700 -12.39415800
vt -0.52061800 1.14157200
vt -0.04949700 -1.03057100
vt -1.24828400 -0.09698000
vt 1.24828400 -10.55452200
vt -0.00051800 -0.93359500
vt -1.21365100 0.00849100
vt -1.23878400 -0.04249400
vt -0.03606200 -0.97755100
vt -0.00000000 0.03232700
vt -0.00000000 -0.03232700
vt -1.24828400 0.09698000
vt 1.24828400 -8.76627300
vt -0.04949700 -2.80609900
vt -0.04949700 -1.62241400
vt 1.24828400 -9.95843900
vt -0.04949700 -2.21425600
vt 1.24828400 -9.36235600
vt -1.23878400 0.04249400
vt -0.03606200 -2.85911900
vt -0.00051800 -2.90307500
vt -1.21365100 -0.00849100
vt -0.00000000 0.03232700
vt -0.00000000 -0.03232700
vt -0.64828400 -0.09021500
vt 0.64828400 9.65706400
vt 0.79903100 -3.24674300
vt -0.68034400 0.00811800
vt 0.75369100 -3.14410300
vt -0.65713100 -0.03930900
vt 0.78652000 -3.19039300
vt -0.00000000 0.03007200
vt -0.00000000 -0.03007200
vt 0.79903100 -4.42659700
vt 0.64828400 -0.09021500
vt 0.64828400 10.70045600
vt 0.64828400 10.00486200
vt 0.79903100 -3.64002800
vt 0.64828400 10.35265900
vt 0.79903100 -4.03331200
vt 0.65713100 -0.03930900
vt 0.78652000 -4.48294700
vt 0.68034400 0.00811800
vt 0.75369100 -4.52923700
vt 0.00000000 0.03007200
vt 0.00000000 -0.03007200
vt -0.04949700 -4.86724100
vt -1.24828400 -0.09698000
vt 1.24828400 -10.55452200
vt -0.00051800 -4.77026500
vt -1.21365100 0.00849100
vt -0.03606200 -4.81422100
vt -1.23878400 -0.04249400
vt -0.00000000 0.03232700
vt -0.00000000 -0.03232700
vt -1.24828400 0.09698000
vt 1.24828400 -8.76627300
vt -0.04949700 -6.64276900
vt -0.04949700 -5.45908400
vt 1.24828400 -9.95843900
vt -0.04949700 -6.05092600
vt 1.24828400 -9.36235600
vt -1.23878400 0.04249400
vt -0.03606200 -6.69578900
vt -1.21365100 -0.00849100
vt -0.00051800 -6.73974500
vt -0.00000000 0.03232700
vt -0.00000000 -0.03232700
vt -0.64828400 -0.09021500
vt 0.64828400 -0.52169600
vt 0.79903100 -7.08341300
vt -0.68034400 0.00811800
vt 0.75369100 -6.98077300
vt -0.65713100 -0.03930900
vt 0.78652000 -7.02706300
vt -0.00000000 0.03007200
vt -0.00000000 -0.03007200
vt 0.79903100 -8.26326700
vt 0.64828400 0.52169600
vt 0.64828400 -0.09021500
vt 0.79903100 -7.47669800
vt 0.64828400 -0.17389900
vt 0.79903100 -7.86998200
vt 0.64828400 0.17389900
vt 0.78652000 -8.31961700
vt 0.65713100 -0.03930900
vt 0.75369100 -8.36590700
vt 0.68034400 0.00811800
vt 0.00000000 0.03007200
vt 0.00000000 -0.03007200
vt 1.24828400 -10.55452200
vt -0.04949700 -8.70391100
vt -1.24828400 -0.09698000
vt -0.00051800 -8.60693500
vt -1.21365100 0.00849100
vt -1.23878400 -0.04249400
vt -0.03606200 -8.65089100
vt -0.00000000 0.03232700
vt -0.00000000 -0.03232700
vt -0.64828400 -0.09021500
vt 0.64828400 -10.70045600
vt 0.79903100 -10.92008300
vt 0.64828400 -10.35265900
vt 0.79903100 -11.31336800
vt 0.64828400 -10.00486200
vt 0.79903100 -11.70665200
vt 0.75369100 -10.81744300
vt -0.68034400 0.00811800
vt -0.65713100 -0.03930900
vt 0.78652000 -10.86373300
vt -0.00000000 0.03007200
vt -0.00000000 -0.03007200
vt -0.04949700 -10.47943900
vt 1.24828400 -8.76627300
vt -1.24828400 0.09698000
vt 1.24828400 -9.95843900
vt -0.04949700 -9.29575400
vt -0.04949700 -9.88759600
vt 1.24828400 -9.36235600
vt -1.23878400 0.04249400
vt -0.03606200 -10.53245900
vt -1.21365100 -0.00849100
vt -0.00051800 -10.57641500
vt -0.00000000 0.03232700
vt -0.00000000 -0.03232700
vt -1.24828400 -0.09698000
vt -0.04949700 -12.54058100
vt 1.24828400 -10.55452200
vt -1.21365100 0.00849100
vt -0.00051800 -12.44360500
vt -1.23878400 -0.04249400
vt -0.03606200 -12.48756100
vt -0.00000000 0.03232700
vt -0.00000000 -0.03232700
vt -0.04949700 -14.31610900
vt 1.24828400 -8.76627300
vt -1.24828400 0.09698000
vt -0.04949700 -13.13242400
vt 1.24828400 -9.95843900
vt -0.04949700 -13.72426700
vt 1.24828400 -9.36235600
vt 0.64828400 -0.09021500
vt 0.79903100 14.75675300
vt 0.64828400 -6.26414400
vt 0.64828400 -6.61194100
vt 0.79903100 15.15003800
vt 0.79903100 -15.54332200
vt 0.79903100 -15.15003800
vt 0.64828400 -6.95973900
vt 0.79903100 -14.75675300
vt 0.64828400 -7.30753600
vt -0.64828400 -0.09021500
vt 0.78652000 -14.70040300
vt -0.65713100 -0.03930900
vt -0.68034400 0.00811800
vt 0.75369100 -14.65411300
vt -0.52822800 0.74654900
vt 0.66006300 -14.60198100
vt -0.74654900 0.09021500
vt -1.14157200 -0.09698000
vt 0.10141700 -14.46253300
vt -0.11184900 1.14157200
vt -0.00051800 -14.41308500
vt -1.21365100 -0.00849100
vt -0.03606200 -14.36912900
vt -1.23878400 0.04249400
vt 0.75369100 -0.69256700
vt 0.68034400 0.00811800
vt 0.78652000 -0.64627700
vt 0.65713100 -0.03930900
vt 0.79903100 -0.58992700
vt 0.64828400 7.30753600
vt 0.64828400 -0.09021500
vt 0.79903100 -0.19664200
vt 0.64828400 6.95973900
vt 0.64828400 6.61194100
vt 0.79903100 0.19664200
vt 0.64828400 6.26414400
vt -0.64828400 -0.09021500
vt 0.79903100 0.58992700
vt -0.65713100 -0.03930900
vt 0.78652000 0.64627700
vt -0.68034400 0.00811800
vt 0.75369100 0.69256700
vt 0.66006300 0.74469900
vt -0.52822800 0.74654900
vt -0.74654900 0.09021500
vt -0.11184900 1.14157200
vt -1.14157200 -0.09698000
vt 0.10141700 0.88414700
vt -0.00051800 0.93359500
vt -1.21365100 -0.00849100
vt -0.03606200 0.97755100
vt -1.23878400 0.04249400
vt -1.24828400 0.09698000
vt 1.24828400 -8.76627300
vt -0.04949700 1.03057100
vt 1.24828400 -9.36235600
vt -0.04949700 1.62241400
vt 1.24828400 -9.95843900
vt -0.04949700 2.21425600
vt -0.04949700 2.80609900
vt 1.24828400 -10.55452200
vt -1.24828400 -0.09698000
vt -1.23878400 -0.04249400
vt -0.03606200 2.85911900
vt -1.21365100 0.00849100
vt -0.00051800 2.90307500
vt -1.14157200 0.09698000
vt -0.52061800 1.14157200
vt 0.10141700 2.95252300
vt -0.10423900 0.74654900
vt 0.74654900 0.09021500
vt 0.66006300 3.09197100
vt 0.75369100 3.14410300
vt 0.68034400 0.00811800
vt 0.65713100 -0.03930900
vt 0.78652000 3.19039300
vt 0.64828400 3.91461600
vt 0.79903100 3.24674300
vt 0.64828400 -0.09021500
vt 0.79903100 3.64002800
vt 0.64828400 3.56681900
vt 0.79903100 4.03331200
vt 0.64828400 3.21902100
vt 0.79903100 4.42659700
vt 0.64828400 2.87122400
vt -0.64828400 -0.09021500
vt -0.65713100 -0.03930900
vt 0.78652000 4.48294700
vt 0.75369100 4.52923700
vt -0.68034400 0.00811800
vt 0.66006300 4.58136900
vt -0.74654900 0.09021500
vt -0.52822800 0.74654900
vt 0.10141700 4.72081700
vt -0.11184900 1.14157200
vt -1.14157200 -0.09698000
vt -0.00051800 4.77026500
vt -1.21365100 -0.00849100
vt -1.23878400 0.04249400
vt -0.03606200 4.81422100
vt -0.04949700 4.86724100
vt -1.24828400 0.09698000
vt 1.24828400 -8.76627300
vt -0.04949700 5.45908400
vt 1.24828400 -9.36235600
vt -0.04949700 6.05092600
vt 1.24828400 -9.95843900
vt -1.24828400 -0.09698000
vt 1.24828400 -10.55452200
vt -0.04949700 6.64276900
vt -1.23878400 -0.04249400
vt -0.03606200 6.69578900
vt -0.00051800 6.73974500
vt -1.21365100 0.00849100
vt -0.52061800 1.14157200
vt -1.14157200 0.09698000
vt 0.10141700 6.78919300
vt 0.74654900 0.09021500
vt -0.10423900 0.74654900
vt 0.66006300 6.92864100
vt 0.68034400 0.00811800
vt 0.75369100 6.98077300
vt 0.78652000 7.02706300
vt 0.65713100 -0.03930900
vt 0.79903100 7.08341300
vt 0.64828400 -0.09021500
vt 0.64828400 0.52169600
vt 0.79903100 7.47669800
vt 0.64828400 0.17389900
vt 0.64828400 -0.17389900
vt 0.79903100 7.86998200
vt 0.64828400 -0.52169600
vt -0.64828400 -0.09021500
vt 0.79903100 8.26326700
vt 0.78652000 8.31961700
vt -0.65713100 -0.03930900
vt 0.75369100 8.36590700
vt -0.68034400 0.00811800
vt 0.66006300 8.41803900
vt -0.74654900 0.09021500
vt -0.52822800 0.74654900
vt -1.14157200 -0.09698000
vt -0.11184900 1.14157200
vt 0.10141700 8.55748700
vt -1.21365100 -0.00849100
vt -0.00051800 8.60693500
vt -0.03606200 8.65089100
vt -1.23878400 0.04249400
vt -0.04949700 8.70391100
vt -1.24828400 0.09698000
vt 1.24828400 -8.76627300
vt -0.04949700 9.29575400
vt 1.24828400 -9.36235600
vt 1.24828400 -9.95843900
vt -0.04949700 9.88759600
vt -1.24828400 -0.09698000
vt -0.04949700 10.47943900
vt 1.24828400 -10.55452200
vt -0.03606200 10.53245900
vt -1.23878400 -0.04249400
vt -0.00051800 10.57641500
vt -1.21365100 0.00849100
vt -0.52061800 1.14157200
vt -1.14157200 0.09698000
vt 0.10141700 10.62586300
vt 0.74654900 0.09021500
vt -0.10423900 0.74654900
vt 0.66006300 10.76531100
vt 0.68034400 0.00811800
vt 0.75369100 10.81744300
vt 0.78652000 10.86373300
vt 0.65713100 -0.03930900
vt 0.79903100 10.92008300
vt 0.64828400 -0.09021500
vt 0.64828400 -2.87122400
vt 0.79903100 11.31336800
vt 0.64828400 -3.21902100
vt 0.79903100 11.70665200
vt 0.64828400 -3.56681900
vt 0.79903100 12.09993700
vt -0.64828400 -0.09021500
vt 0.64828400 -3.91461600
vt 0.78652000 12.15628700
vt -0.65713100 -0.03930900
vt 0.75369100 12.20257700
vt -0.68034400 0.00811800
vt -0.52822800 0.74654900
vt 0.66006300 12.25470900
vt -0.74654900 0.09021500
vt 0.10141700 12.39415800
vt -1.14157200 -0.09698000
vt -0.11184900 1.14157200
vt -1.21365100 -0.00849100
vt -0.00051800 12.44360500
vt -0.03606200 12.48756100
vt -1.23878400 0.04249400
vt -0.04949700 12.54058100
vt 1.24828400 -8.76627300
vt -1.24828400 0.09698000
vt -0.04949700 13.13242400
vt 1.24828400 -9.36235600
vt -0.04949700 13.72426700
vt 1.24828400 -9.95843900
vt -1.24828400 -0.09698000
vt -0.04949700 14.31610900
vt 1.24828400 -10.55452200
vt -0.03606200 14.36912900
vt -1.23878400 -0.04249400
vt -0.00051800 14.41308500
vt -1.21365100 0.00849100
vt -0.52061800 1.14157200
vt -1.14157200 0.09698000
vt 0.10141700 14.46253300
vt -0.10423900 0.74654900
vt 0.66006300 14.60198100
vt 0.74654900 0.09021500
vt 0.75369100 14.65411300
vt 0.68034400 0.00811800
vt 0.65713100 -0.03930900
vt 0.78652000 14.70040300
vt -0.79903100 15.34668000
vt 0.10000000 17.12168000
vt -0.79903100 -15.34668000
vt 0.10000000 -17.12168000
vt 0.10000000 16.47557900
vt -0.79903100 14.76756000
vt -0.79903100 14.18844000
vt 0.10000000 15.82947800
vt -0.79903100 13.60932000
vt 0.10000000 15.18337700
vt 0.10000000 14.53727500
vt -0.79903100 13.03020000
vt 0.10000000 13.89117400
vt -0.79903100 12.45108000
vt 0.10000000 13.24507300
vt -0.79903100 11.87196000
vt 0.10000000 12.59897200
vt -0.79903100 11.29284000
vt -0.79903100 10.71372000
vt 0.10000000 11.95287100
vt 0.10000000 11.30677000
vt -0.79903100 10.13460000
vt 0.10000000 10.66066900
vt -0.79903100 9.55548000
vt -0.79903100 8.97636000
vt 0.10000000 10.01456800
vt 0.10000000 9.36846600
vt -0.79903100 8.39724000
vt 0.10000000 8.72236500
vt -0.79903100 7.81812000
vt 0.10000000 8.07626400
vt -0.79903100 7.23900000
vt -0.79903100 6.65988000
vt 0.10000000 7.43016300
vt 0.10000000 6.78406200
vt -0.79903100 6.08076000
vt -0.79903100 5.50164000
vt 0.10000000 6.13796100
vt -0.79903100 4.92252000
vt 0.10000000 5.49186000
vt -0.79903100 4.34340000
vt 0.10000000 4.84575800
vt -0.79903100 3.76428000
vt 0.10000000 4.19965700
vt -0.79903100 3.18516000
vt 0.10000000 3.55355600
vt 0.10000000 2.90745500
vt -0.79903100 2.60604000
vt 0.10000000 2.26135400
vt -0.79903100 2.02692000
vt 0.10000000 1.61525300
vt -0.79903100 1.44780000
vt 0.10000000 0.96915200
vt -0.79903100 0.86868000
vt -0.79903100 0.28956000
vt 0.10000000 0.32305100
vt 0.10000000 -0.32305100
vt -0.79903100 -0.28956000
vt 0.10000000 -0.96915200
vt -0.79903100 -0.86868000
vt 0.10000000 -1.61525300
vt -0.79903100 -1.44780000
vt -0.79903100 -2.02692000
vt 0.10000000 -2.26135400
vt -0.79903100 -2.60604000
vt 0.10000000 -2.90745500
vt 0.10000000 -3.55355600
vt -0.79903100 -3.18516000
vt 0.10000000 -4.19965700
vt -0.79903100 -3.76428000
vt 0.10000000 -4.84575800
vt -0.79903100 -4.34340000
vt -0.79903100 -4.92252000
vt 0.10000000 -5.49186000
vt -0.79903100 -5.50164000
vt 0.10000000 -6.13796100
vt -0.79903100 -6.08076000
vt 0.10000000 -6.78406200
vt -0.79903100 -6.65988000
vt 0.10000000 -7.43016300
vt -0.79903100 -7.23900000
vt 0.10000000 -8.07626400
vt -0.79903100 -7.81812000
vt 0.10000000 -8.72236500
vt 0.10000000 -9.36846600
vt -0.79903100 -8.39724000
vt 0.10000000 -10.01456800
vt -0.79903100 -8.97636000
vt 0.10000000 -10.66066900
vt -0.79903100 -9.55548000
vt 0.10000000 -11.30677000
vt -0.79903100 -10.13460000
vt -0.79903100 -10.71372000
vt 0.10000000 -11.95287100
vt -0.79903100 -11.29284000
vt 0.10000000 -12.59897200
vt 0.10000000 -13.24507300
vt -0.79903100 -11.87196000
vt 0.10000000 -13.89117400
vt -0.79903100 -12.45108000
vt 0.10000000 -14.53727500
vt -0.79903100 -13.03020000
vt 0.10000000 -15.18337700
vt -0.79903100 -13.60932000
vt -0.79903100 -14.18844000
vt 0.10000000 -15.82947800
vt 0.10000000 -16.47557900
vt -0.79903100 -14.76756000
vt 0.00000000 0.03007200
vt 0.00000000 -0.03007200
vt -0.00000000 0.03007200
vt -0.00000000 -0.03007200
vt -0.00000000 0.03232700
vt -0.00000000 -0.03232700
vt -0.07071100 -16.96460000
vt -0.07071100 16.96460000
vt -0.00000000 -0.00000000
vt -0.07071100 -16.32442700
vt -0.00000000 -0.64610100
vt -0.07071100 -15.68425300
vt 0.00000000 -1.29220200
vt 0.00000000 -1.93830300
vt -0.07071100 -15.04408000
vt -0.07071100 -14.40390600
vt -0.00000000 -2.58440500
vt 0.00000000 -3.23050600
vt -0.07071100 -13.76373200
vt -0.07071100 -13.12355900
vt -0.00000000 -3.87660700
vt -0.07071100 -12.48338500
vt -0.00000000 -4.52270800
vt -0.07071100 -11.84321200
vt -0.00000000 -5.16880900
vt 0.00000000 -5.81491000
vt -0.07071100 -11.20303800
vt 0.00000000 -6.46101100
vt -0.07071100 -10.56286400
vt 0.00000000 -7.10711200
vt -0.07071100 -9.92269100
vt -0.07071100 -9.28251700
vt -0.00000000 -7.75321400
vt -0.00000000 -8.39931500
vt -0.07071100 -8.64234400
vt -0.00000000 -9.04541600
vt -0.07071100 -8.00217000
vt 0.00000000 -9.69151700
vt -0.07071100 -7.36199600
vt -0.07071100 -6.72182300
vt -0.00000000 -10.33761800
vt 0.00000000 -10.98371900
vt -0.07071100 -6.08164900
vt -0.00000000 -11.62982000
vt -0.07071100 -5.44147600
vt -0.07071100 -4.80130200
vt -0.00000000 -12.27592100
vt 0.00000000 -12.92202300
vt -0.07071100 -4.16112800
vt 0.00000000 -13.56812400
vt -0.07071100 -3.52095500
vt -0.07071100 -2.88078100
vt 0.00000000 -14.21422500
vt -0.00000000 -14.86032600
vt -0.07071100 -2.24060800
vt -0.00000000 -15.50642700
vt -0.07071100 -1.60043400
vt 0.00000000 -16.15252800
vt -0.07071100 -0.96026000
vt 0.00000000 -16.79862900
vt 0.00000000 17.44473100
vt -0.07071100 -0.32008700
vt 0.00000000 16.79862900
vt -0.07071100 0.32008700
vt -0.07071100 0.96026000
vt 0.00000000 16.15252800
vt 0.00000000 15.50642700
vt -0.07071100 1.60043400
vt -0.00000000 14.86032600
vt -0.07071100 2.24060800
vt -0.00000000 14.21422500
vt -0.07071100 2.88078100
vt 0.00000000 13.56812400
vt -0.07071100 3.52095500
vt -0.00000000 12.92202300
vt -0.07071100 4.16112800
vt -0.07071100 4.80130200
vt 0.00000000 12.27592100
vt -0.07071100 5.44147600
vt 0.00000000 11.62982000
vt -0.00000000 10.98371900
vt -0.07071100 6.08164900
vt -0.07071100 6.72182300
vt 0.00000000 10.33761800
vt -0.07071100 7.36199600
vt -0.00000000 9.69151700
vt -0.07071100 8.00217000
vt -0.00000000 9.04541600
vt -0.07071100 8.64234400
vt -0.00000000 8.39931500
vt -0.07071100 9.28251700
vt -0.00000000 7.75321400
vt -0.00000000 7.10711200
vt -0.07071100 9.92269100
vt 0.00000000 6.46101100
vt -0.07071100 10.56286400
vt 0.00000000 5.81491000
vt -0.07071100 11.20303800
vt -0.07071100 11.84321200
vt -0.00000000 5.16880900
vt -0.07071100 12.48338500
vt -0.00000000 4.52270800
vt -0.07071100 13.12355900
vt -0.00000000 3.87660700
vt 0.00000000 3.23050600
vt -0.07071100 13.76373200
vt -0.00000000 2.58440500
vt -0.07071100 14.40390600
vt -0.07071100 15.04408000
vt -0.00000000 1.93830300
vt -0.00000000 1.29220200
vt -0.07071100 15.68425300
vt -0.00000000 0.64610100
vt -0.07071100 16.32442700
vt 0.07071100 -16.96460000
vt -0.10000000 0.00000000
vt 0.07071100 16.96460000
vt -0.13900800 -0.64487100
vt 0.07071100 -16.31211600
vt -0.25546100 -1.28033900
vt 0.07071100 -15.65963100
vt -0.44766300 -1.89713600
vt 0.07071100 -15.00714600
vt -0.71281000 -2.48626900
vt 0.07071100 -14.35466200
vt 0.07071100 -13.70217700
vt -1.04703600 -3.03914600
vt -1.44546700 -3.54770600
vt 0.07071100 -13.04969300
vt 0.07071100 -12.39720800
vt -1.90229400 -4.00453300
vt -2.41085400 -4.40296400
vt 0.07071100 -11.74472300
vt -2.96373100 -4.73719000
vt 0.07071100 -11.09223900
vt -3.55286400 -5.00233700
vt 0.07071100 -10.43975400
vt -4.16966100 -5.19453900
vt 0.07071100 -9.78726900
vt 0.07071100 -9.13478500
vt -4.80512900 -5.31099200
vt 0.07071100 -8.48230000
vt -5.45000000 -5.35000000
vt -6.09487100 -5.31099200
vt 0.07071100 -7.82981600
vt 0.07071100 -7.17733100
vt -6.73033900 -5.19453900
vt -7.34713600 -5.00233700
vt 0.07071100 -6.52484600
vt 0.07071100 -5.87236200
vt -7.93626900 -4.73719000
vt 0.07071100 -5.21987700
vt -8.48914600 -4.40296400
vt -8.99770600 -4.00453300
vt 0.07071100 -4.56739200
vt 0.07071100 -3.91490800
vt -9.45453300 -3.54770600
vt 0.07071100 -3.26242300
vt -9.85296400 -3.03914600
vt 0.07071100 -2.60993900
vt -10.18719000 -2.48626900
vt 0.07071100 -1.95745400
vt -10.45233700 -1.89713600
vt 0.07071100 -1.30496900
vt -10.64453900 -1.28033900
vt 0.07071100 -0.65248500
vt -10.76099200 -0.64487100
vt 0.07071100 -0.00000000
vt -10.80000000 0.00000000
vt 0.07071100 0.65248500
vt -10.76099200 0.64487100
vt -10.64453900 1.28033900
vt 0.07071100 1.30496900
vt 0.07071100 1.95745400
vt -10.45233700 1.89713600
vt -10.18719000 2.48626900
vt 0.07071100 2.60993900
vt 0.07071100 3.26242300
vt -9.85296400 3.03914600
vt 0.07071100 3.91490800
vt -9.45453300 3.54770600
vt 0.07071100 4.56739200
vt -8.99770600 4.00453300
vt 0.07071100 5.21987700
vt -8.48914600 4.40296400
vt -7.93626900 4.73719000
vt 0.07071100 5.87236200
vt -7.34713600 5.00233700
vt 0.07071100 6.52484600
vt 0.07071100 7.17733100
vt -6.73033900 5.19453900
vt -6.09487100 5.31099200
vt 0.07071100 7.82981600
vt -5.45000000 5.35000000
vt 0.07071100 8.48230000
vt 0.07071100 9.13478500
vt -4.80512900 5.31099200
vt -4.16966100 5.19453900
vt 0.07071100 9.78726900
vt 0.07071100 10.43975400
vt -3.55286400 5.00233700
vt -2.96373100 4.73719000
vt 0.07071100 11.09223900
vt 0.07071100 11.74472300
vt -2.41085400 4.40296400
vt -1.90229400 4.00453300
vt 0.07071100 12.39720800
vt -1.44546700 3.54770600
vt 0.07071100 13.04969300
vt -1.04703600 3.03914600
vt 0.07071100 13.70217700
vt -0.71281000 2.48626900
vt 0.07071100 14.35466200
vt 0.07071100 15.00714600
vt -0.44766300 1.89713600
vt -0.25546100 1.28033900
vt 0.07071100 15.65963100
vt 0.07071100 16.31211600
vt -0.13900800 0.64487100
vt 6.47573600 -0.00000000
vt -0.47123900 10.33753900
vt -0.47123900 -10.33753900
vt -0.47123900 -9.82066200
vt 6.43663700 0.49679500
vt 6.32030400 0.98135600
vt -0.47123900 -9.30378500
vt 6.12960100 1.44175400
vt -0.47123900 -8.78690800
vt 5.86922400 1.86665100
vt -0.47123900 -8.27003100
vt -0.47123900 -7.75315400
vt 5.54558400 2.24558400
vt 5.16665100 2.56922400
vt -0.47123900 -7.23627800
vt 4.74175400 2.82960100
vt -0.47123900 -6.71940100
vt -0.47123900 -6.20252400
vt 4.28135600 3.02030400
vt -0.47123900 -5.68564700
vt 3.79679500 3.13663700
vt 3.30000000 3.17573600
vt -0.47123900 -5.16877000
vt 2.80320500 3.13663700
vt -0.47123900 -4.65189300
vt -0.47123900 -4.13501600
vt 2.31864400 3.02030400
vt -0.47123900 -3.61813900
vt 1.85824600 2.82960100
vt 1.43334900 2.56922400
vt -0.47123900 -3.10126200
vt -0.47123900 -2.58438500
vt 1.05441600 2.24558400
vt -0.47123900 -2.06750800
vt 0.73077600 1.86665100
vt -0.47123900 -1.55063100
vt 0.47039900 1.44175400
vt 0.27969600 0.98135600
vt -0.47123900 -1.03375400
vt 0.16336300 0.49679500
vt -0.47123900 -0.51687700
vt 0.12426400 0.00000000
vt -0.47123900 -0.00000000
vt 0.16336300 -0.49679500
vt -0.47123900 0.51687700
vt 0.27969600 -0.98135600
vt -0.47123900 1.03375400
vt -0.47123900 1.55063100
vt 0.47039900 -1.44175400
vt -0.47123900 2.06750800
vt 0.73077600 -1.86665100
vt 1.05441600 -2.24558400
vt -0.47123900 2.58438500
vt 1.43334900 -2.56922400
vt -0.47123900 3.10126200
vt 1.85824600 -2.82960100
vt -0.47123900 3.61813900
vt 2.31864400 -3.02030400
vt -0.47123900 4.13501600
vt -0.47123900 4.65189300
vt 2.80320500 -3.13663700
vt -0.47123900 5.16877000
vt 3.30000000 -3.17573600
vt 3.79679500 -3.13663700
vt -0.47123900 5.68564700
vt -0.47123900 6.20252400
vt 4.28135600 -3.02030400
vt 4.74175400 -2.82960100
vt -0.47123900 6.71940100
vt 5.16665100 -2.56922400
vt -0.47123900 7.23627800
vt -0.47123900 7.75315400
vt 5.54558400 -2.24558400
vt -0.47123900 8.27003100
vt 5.86922400 -1.86665100
vt -0.47123900 8.78690800
vt 6.12960100 -1.44175400
vt -0.47123900 9.30378500
vt 6.32030400 -0.98135600
vt -0.47123900 9.82066200
vt 6.43663700 -0.49679500
vt -0.35342900 10.33753900
vt -0.35342900 -10.33753900
vt -0.35342900 -9.84527600
vt -0.35342900 -9.35301200
vt -0.35342900 -8.86074800
vt -0.35342900 -8.36848400
vt -0.35342900 -7.87622000
vt -0.35342900 -7.38395700
vt -0.35342900 -6.89169300
vt -0.35342900 -6.39942900
vt -0.35342900 -5.90716500
vt -0.35342900 -5.41490200
vt -0.35342900 -4.92263800
vt -0.35342900 -4.43037400
vt -0.35342900 -3.93811000
vt -0.35342900 -3.44584600
vt -0.35342900 -2.95358300
vt -0.35342900 -2.46131900
vt -0.35342900 -1.96905500
vt -0.35342900 -1.47679100
vt -0.35342900 -0.98452800
vt -0.35342900 -0.49226400
vt -0.35342900 0.00000000
vt -0.35342900 0.49226400
vt -0.35342900 0.98452800
vt -0.35342900 1.47679100
vt -0.35342900 1.96905500
vt -0.35342900 2.46131900
vt -0.35342900 2.95358300
vt -0.35342900 3.44584600
vt -0.35342900 3.93811000
vt -0.35342900 4.43037400
vt -0.35342900 4.92263800
vt -0.35342900 5.41490200
vt -0.35342900 5.90716500
vt -0.35342900 6.39942900
vt -0.35342900 6.89169300
vt -0.35342900 7.38395700
vt -0.35342900 7.87622000
vt -0.35342900 8.36848400
vt -0.35342900 8.86074800
vt -0.35342900 9.35301200
vt -0.35342900 9.84527600
vt 0.00000000 0.03007200
vt 0.00000000 -0.03007200
vt -0.00000000 0.03007200
vt -0.00000000 -0.03007200
vt -0.00000000 0.03232700
vt -0.00000000 -0.03232700
vt -0.00000000 0.03232700
vt -0.00000000 -0.03232700
vt 0.00000000 0.03007200
vt 0.00000000 -0.03007200
vt -0.00000000 0.03007200
vt -0.00000000 -0.03007200
vt -0.00000000 0.03232700
vt -0.00000000 -0.03232700
vt -0.00000000 0.03232700
vt -0.00000000 -0.03232700
vt 0.00000000 0.03007200
vt 0.00000000 -0.03007200
vt -0.00000000 0.03007200
vt -0.00000000 -0.03007200
vt -0.00000000 0.03232700
vt -0.00000000 -0.03232700
vt -0.00000000 0.03232700
vt -0.00000000 -0.03232700
vt 0.00000000 0.03007200
vt 0.00000000 -0.03007200
vt -0.00000000 0.03007200
vt -0.00000000 -0.03007200
vt -0.00000000 0.03232700
vt -0.00000000 -0.03232700
vt -0.00000000 0.03232700
vt -0.00000000 -0.03232700
f 4/4/4 170/170/170 1/1/1
f 1/1/1 170/170/170 168/168/168
f 2/2/2 169/169/169 210/210/210
f 210/210/210 169/169/169 148/148/148
f 210/210/210 148/148/148 151/151/151
f 170/170/170 4/4/4 171/171/171
f 171/171/171 4/4/4 7/7/7
f 171/171/171 7/7/7 172/172/172
f 172/172/172 7/7/7 9/9/9
f 172/172/172 9/9/9 173/173/173
f 173/173/173 9/9/9 11/11/11
f 173/173/173 11/11/11 174/174/174
f 174/174/174 11/11/11 13/13/13
f 174/174/174 13/13/13 175/175/175
f 175/175/175 13/13/13 15/15/15
f 175/175/175 15/15/15 176/176/176
f 176/176/176 15/15/15 17/17/17
f 176/176/176 17/17/17 177/177/177
f 177/177/177 17/17/17 18/18/18
f 177/177/177 18/18/18 178/178/178
f 178/178/178 18/18/18 20/20/20
f 178/178/178 20/20/20 179/179/179
f 179/179/179 20/20/20 23/23/23
f 179/179/179 23/23/23 180/180/180
f 180/180/180 23/23/23 25/25/25
f 180/180/180 25/25/25 181/181/181
f 181/181/181 25/25/25 26/26/26
f 181/181/181 26/26/26 182/182/182
f 182/182/182 26/26/26 29/29/29
f 182/182/182 29/29/29 183/183/183
f 183/183/183 29/29/29 31/31/31
f 183/183/183 31/31/31 184/184/184
f 184/184/184 31/31/31 33/33/33
f 184/184/184 33/33/33 185/185/185
f 185/185/185 33/33/33 35/35/35
f 185/185/185 35/35/35 186/186/186
f 186/186/186 35/35/35 36/36/36
f 186/186/186 36/36/36 187/187/187
f 187/187/187 36/36/36 38/38/38
f 187/187/187 38/38/38 188/188/188
f 188/188/188 38/38/38 40/40/40
f 188/188/188 40/40/40 189/189/189
f 189/189/189 40/40/40 42/42/42
f 189/189/189 42/42/42 190/190/190
f 190/190/190 42/42/42 191/191/191
f 190/190/190 191/191/191 103/103/103
f 103/103/103 191/191/191 102/102/102
f 102/102/102 191/191/191 192/192/192
f 102/102/102 192/192/192 100/100/100
f 100/100/100 192/192/192 193/193/193
f 100/100/100 193/193/193 98/98/98
f 98/98/98 193/193/193 194/194/194
f 98/98/98 194/194/194 96/96/96
f 96/96/96 194/194/194 195/195/195
f 96/96/96 195/195/195 93/93/93
f 93/93/93 195/195/195 196/196/196
f 93/93/93 196/196/196 92/92/92
f 92/92/92 196/196/196 197/197/197
f 92/92/92 197/197/197 89/89/89
f 89/89/89 197/197/197 198/198/198
f 89/89/89 198/198/198 88/88/88
f 88/88/88 198/198/198 199/199/199
f 88/88/88 199/199/199 85/85/85
f 85/85/85 199/199/199 200/200/200
f 85/85/85 200/200/200 84/84/84
f 84/84/84 200/200/200 201/201/201
f 84/84/84 201/201/201 166/166/166
f 166/166/166 201/201/201 202/202/202
f 166/166/166 202/202/202 164/164/164
f 164/164/164 202/202/202 203/203/203
f 164/164/164 203/203/203 162/162/162
f 162/162/162 203/203/203 204/204/204
f 162/162/162 204/204/204 161/161/161
f 161/161/161 204/204/204 205/205/205
f 161/161/161 205/205/205 158/158/158
f 158/158/158 205/205/205 206/206/206
f 158/158/158 206/206/206 157/157/157
f 157/157/157 206/206/206 207/207/207
f 157/157/157 207/207/207 155/155/155
f 155/155/155 207/207/207 208/208/208
f 155/155/155 208/208/208 152/152/152
f 152/152/152 208/208/208 209/209/209
f 152/152/152 209/209/209 151/151/151
f 151/151/151 209/209/209 210/210/210
f 42/42/42 44/44/44 191/191/191
f 191/191/191 44/44/44 192/192/192
f 44/44/44 46/46/46 192/192/192
f 192/192/192 46/46/46 193/193/193
f 46/46/46 49/49/49 193/193/193
f 193/193/193 49/49/49 194/194/194
f 49/49/49 50/50/50 194/194/194
f 194/194/194 50/50/50 195/195/195
f 50/50/50 53/53/53 195/195/195
f 195/195/195 53/53/53 196/196/196
f 53/53/53 54/54/54 196/196/196
f 196/196/196 54/54/54 197/197/197
f 54/54/54 57/57/57 197/197/197
f 197/197/197 57/57/57 198/198/198
f 57/57/57 58/58/58 198/198/198
f 198/198/198 58/58/58 199/199/199
f 58/58/58 60/60/60 199/199/199
f 199/199/199 60/60/60 200/200/200
f 60/60/60 63/63/63 200/200/200
f 200/200/200 63/63/63 201/201/201
f 63/63/63 65/65/65 201/201/201
f 201/201/201 65/65/65 202/202/202
f 65/65/65 67/67/67 202/202/202
f 202/202/202 67/67/67 203/203/203
f 67/67/67 68/68/68 203/203/203
f 203/203/203 68/68/68 204/204/204
f 68/68/68 70/70/70 204/204/204
f 204/204/204 70/70/70 205/205/205
f 70/70/70 73/73/73 205/205/205
f 205/205/205 73/73/73 206/206/206
f 73/73/73 74/74/74 206/206/206
f 206/206/206 74/74/74 207/207/207
f 74/74/74 77/77/77 207/207/207
f 207/207/207 77/77/77 208/208/208
f 77/77/77 78/78/78 208/208/208
f 208/208/208 78/78/78 209/209/209
f 78/78/78 80/80/80 209/209/209
f 209/209/209 80/80/80 210/210/210
f 80/80/80 2/2/2 210/210/210
f 103/103/103 105/105/105 190/190/190
f 190/190/190 105/105/105 189/189/189
f 105/105/105 108/108/108 189/189/189
f 189/189/189 108/108/108 188/188/188
f 108/108/108 110/110/110 188/188/188
f 188/188/188 110/110/110 187/187/187
f 110/110/110 112/112/112 187/187/187
f 187/187/187 112/112/112 186/186/186
f 112/112/112 114/114/114 186/186/186
f 186/186/186 114/114/114 185/185/185
f 114/114/114 115/115/115 185/185/185
f 185/185/185 115/115/115 184/184/184
f 115/115/115 118/118/118 184/184/184
f 184/184/184 118/118/118 183/183/183
f 118/118/118 120/120/120 183/183/183
f 183/183/183 120/120/120 182/182/182
f 120/120/120 122/122/122 182/182/182
f 182/182/182 122/122/122 181/181/181
f 122/122/122 123/123/123 181/181/181
f 181/181/181 123/123/123 180/180/180
f 123/123/123 126/126/126 180/180/180
f 180/180/180 126/126/126 179/179/179
f 126/126/126 127/127/127 179/179/179
f 179/179/179 127/127/127 178/178/178
f 127/127/127 130/130/130 178/178/178
f 178/178/178 130/130/130 177/177/177
f 130/130/130 132/132/132 177/177/177
f 177/177/177 132/132/132 176/176/176
f 132/132/132 134/134/134 176/176/176
f 176/176/176 134/134/134 175/175/175
f 134/134/134 136/136/136 175/175/175
f 175/175/175 136/136/136 174/174/174
f 136/136/136 138/138/138 174/174/174
f 174/174/174 138/138/138 173/173/173
f 138/138/138 140/140/140 173/173/173
f 173/173/173 140/140/140 172/172/172
f 140/140/140 141/141/141 172/172/172
f 172/172/172 141/141/141 171/171/171
f 141/141/141 144/144/144 171/171/171
f 171/171/171 144/144/144 170/170/170
f 144/144/144 147/147/147 170/170/170
f 170/170/170 147/147/147 168/168/168
f 146/146/146 148/148/148 169/169/169
f 215/215/215 149/149/149 211/211/211
f 211/211/211 149/149/149 145/145/145
f 211/211/211 145/145/145 302/302/302
f 302/302/302 145/145/145 143/143/143
f 302/302/302 143/143/143 299/299/299
f 299/299/299 143/143/143 142/142/142
f 299/299/299 142/142/142 298/298/298
f 298/298/298 142/142/142 139/139/139
f 298/298/298 139/139/139 296/296/296
f 296/296/296 139/139/139 137/137/137
f 296/296/296 137/137/137 294/294/294
f 294/294/294 137/137/137 135/135/135
f 294/294/294 135/135/135 292/292/292
f 292/292/292 135/135/135 133/133/133
f 292/292/292 133/133/133 289/289/289
f 289/289/289 133/133/133 131/131/131
f 289/289/289 131/131/131 287/287/287
f 287/287/287 131/131/131 286/286/286
f 286/286/286 131/131/131 129/129/129
f 286/286/286 129/129/129 284/284/284
f 284/284/284 129/129/129 128/128/128
f 284/284/284 128/128/128 282/282/282
f 282/282/282 128/128/128 125/125/125
f 282/282/282 125/125/125 279/279/279
f 279/279/279 125/125/125 124/124/124
f 279/279/279 124/124/124 278/278/278
f 278/278/278 124/124/124 121/121/121
f 278/278/278 121/121/121 276/276/276
f 276/276/276 121/121/121 119/119/119
f 276/276/276 119/119/119 274/274/274
f 274/274/274 119/119/119 117/117/117
f 274/274/274 117/117/117 272/272/272
f 272/272/272 117/117/117 116/116/116
f 272/272/272 116/116/116 270/270/270
f 270/270/270 116/116/116 113/113/113
f 270/270/270 113/113/113 268/268/268
f 268/268/268 113/113/113 111/111/111
f 268/268/268 111/111/111 266/266/266
f 266/266/266 111/111/111 109/109/109
f 266/266/266 109/109/109 263/263/263
f 263/263/263 109/109/109 107/107/107
f 263/263/263 107/107/107 261/261/261
f 261/261/261 107/107/107 106/106/106
f 261/261/261 106/106/106 260/260/260
f 260/260/260 106/106/106 104/104/104
f 260/260/260 104/104/104 258/258/258
f 258/258/258 104/104/104 256/256/256
f 256/256/256 104/104/104 101/101/101
f 256/256/256 101/101/101 253/253/253
f 253/253/253 101/101/101 99/99/99
f 253/253/253 99/99/99 251/251/251
f 251/251/251 99/99/99 97/97/97
f 251/251/251 97/97/97 249/249/249
f 249/249/249 97/97/97 95/95/95
f 249/249/249 95/95/95 248/248/248
f 248/248/248 95/95/95 94/94/94
f 248/248/248 94/94/94 246/246/246
f 246/246/246 94/94/94 91/91/91
f 246/246/246 91/91/91 243/243/243
f 243/243/243 91/91/91 90/90/90
f 243/243/243 90/90/90 241/241/241
f 241/241/241 90/90/90 87/87/87
f 241/241/241 87/87/87 240/240/240
f 240/240/240 87/87/87 86/86/86
f 240/240/240 86/86/86 237/237/237
f 237/237/237 86/86/86 83/83/83
f 237/237/237 83/83/83 234/234/234
f 235/235/235 82/82/82 167/167/167
f 235/235/235 167/167/167 232/232/232
f 232/232/232 167/167/167 165/165/165
f 232/232/232 165/165/165 231/231/231
f 231/231/231 165/165/165 163/163/163
f 231/231/231 163/163/163 229/229/229
f 229/229/229 163/163/163 160/160/160
f 229/229/229 160/160/160 227/227/227
f 227/227/227 160/160/160 225/225/225
f 225/225/225 160/160/160 159/159/159
f 225/225/225 159/159/159 223/223/223
f 223/223/223 159/159/159 156/156/156
f 223/223/223 156/156/156 221/221/221
f 221/221/221 156/156/156 154/154/154
f 221/221/221 154/154/154 218/218/218
f 218/218/218 154/154/154 153/153/153
f 218/218/218 153/153/153 216/216/216
f 216/216/216 153/153/153 150/150/150
f 216/216/216 150/150/150 215/215/215
f 215/215/215 150/150/150 149/149/149
f 81/81/81 45/45/45 3/3/3
f 3/3/3 45/45/45 43/43/43
f 3/3/3 43/43/43 5/5/5
f 5/5/5 43/43/43 41/41/41
f 5/5/5 41/41/41 6/6/6
f 6/6/6 41/41/41 39/39/39
f 6/6/6 39/39/39 8/8/8
f 8/8/8 39/39/39 37/37/37
f 8/8/8 37/37/37 10/10/10
f 10/10/10 37/37/37 34/34/34
f 10/10/10 34/34/34 12/12/12
f 12/12/12 34/34/34 32/32/32
f 12/12/12 32/32/32 14/14/14
f 14/14/14 32/32/32 30/30/30
f 14/14/14 30/30/30 16/16/16
f 16/16/16 30/30/30 28/28/28
f 16/16/16 28/28/28 19/19/19
f 19/19/19 28/28/28 27/27/27
f 19/19/19 27/27/27 21/21/21
f 21/21/21 27/27/27 24/24/24
f 21/21/21 24/24/24 22/22/22
f 45/45/45 81/81/81 47/47/47
f 47/47/47 81/81/81 79/79/79
f 47/47/47 79/79/79 48/48/48
f 48/48/48 79/79/79 76/76/76
f 48/48/48 76/76/76 51/51/51
f 51/51/51 76/76/76 75/75/75
f 51/51/51 75/75/75 52/52/52
f 52/52/52 75/75/75 72/72/72
f 52/52/52 72/72/72 55/55/55
f 55/55/55 72/72/72 71/71/71
f 55/55/55 71/71/71 56/56/56
f 56/56/56 71/71/71 69/69/69
f 56/56/56 69/69/69 59/59/59
f 59/59/59 69/69/69 66/66/66
f 59/59/59 66/66/66 61/61/61
f 61/61/61 66/66/66 64/64/64
f 61/61/61 64/64/64 62/62/62
f 301/301/301 399/399/399 213/213/213
f 213/213/213 399/399/399 396/396/396
f 212/212/212 397/397/397 443/443/443
f 443/443/443 397/397/397 305/305/305
f 443/443/443 305/305/305 307/307/307
f 399/399/399 301/301/301 400/400/400
f 400/400/400 301/301/301 300/300/300
f 400/400/400 300/300/300 401/401/401
f 401/401/401 300/300/300 297/297/297
f 401/401/401 297/297/297 402/402/402
f 402/402/402 297/297/297 295/295/295
f 402/402/402 295/295/295 403/403/403
f 403/403/403 295/295/295 293/293/293
f 403/403/403 293/293/293 404/404/404
f 404/404/404 293/293/293 291/291/291
f 404/404/404 291/291/291 405/405/405
f 405/405/405 291/291/291 290/290/290
f 405/405/405 290/290/290 406/406/406
f 406/406/406 290/290/290 288/288/288
f 406/406/406 288/288/288 407/407/407
f 407/407/407 288/288/288 285/285/285
f 407/407/407 285/285/285 408/408/408
f 408/408/408 285/285/285 283/283/283
f 408/408/408 283/283/283 409/409/409
f 409/409/409 283/283/283 281/281/281
f 409/409/409 281/281/281 410/410/410
f 410/410/410 281/281/281 280/280/280
f 410/410/410 280/280/280 411/411/411
f 411/411/411 280/280/280 277/277/277
f 411/411/411 277/277/277 412/412/412
f 412/412/412 277/277/277 275/275/275
f 412/412/412 275/275/275 413/413/413
f 413/413/413 275/275/275 273/273/273
f 413/413/413 273/273/273 414/414/414
f 414/414/414 273/273/273 271/271/271
f 414/414/414 271/271/271 415/415/415
f 415/415/415 271/271/271 269/269/269
f 415/415/415 269/269/269 416/416/416
f 416/416/416 269/269/269 267/267/267
f 416/416/416 267/267/267 417/417/417
f 417/417/417 267/267/267 265/265/265
f 417/417/417 265/265/265 418/418/418
f 418/418/418 265/265/265 264/264/264
f 418/418/418 264/264/264 419/419/419
f 419/419/419 264/264/264 262/262/262
f 419/419/419 262/262/262 420/420/420
f 420/420/420 262/262/262 259/259/259
f 420/420/420 259/259/259 398/398/398
f 398/398/398 259/259/259 257/257/257
f 398/398/398 257/257/257 422/422/422
f 422/422/422 257/257/257 421/421/421
f 422/422/422 421/421/421 348/348/348
f 348/348/348 421/421/421 346/346/346
f 346/346/346 421/421/421 423/423/423
f 346/346/346 423/423/423 344/344/344
f 344/344/344 423/423/423 424/424/424
f 344/344/344 424/424/424 343/343/343
f 343/343/343 424/424/424 425/425/425
f 343/343/343 425/425/425 341/341/341
f 341/341/341 425/425/425 426/426/426
f 341/341/341 426/426/426 339/339/339
f 339/339/339 426/426/426 427/427/427
f 339/339/339 427/427/427 336/336/336
f 336/336/336 427/427/427 428/428/428
f 336/336/336 428/428/428 335/335/335
f 335/335/335 428/428/428 429/429/429
f 335/335/335 429/429/429 332/332/332
f 332/332/332 429/429/429 430/430/430
f 332/332/332 430/430/430 331/331/331
f 331/331/331 430/430/430 431/431/431
f 331/331/331 431/431/431 329/329/329
f 329/329/329 431/431/431 432/432/432
f 329/329/329 432/432/432 327/327/327
f 327/327/327 432/432/432 433/433/433
f 327/327/327 433/433/433 325/325/325
f 325/325/325 433/433/433 434/434/434
f 325/325/325 434/434/434 323/323/323
f 323/323/323 434/434/434 435/435/435
f 323/323/323 435/435/435 320/320/320
f 320/320/320 435/435/435 436/436/436
f 320/320/320 436/436/436 319/319/319
f 319/319/319 436/436/436 437/437/437
f 319/319/319 437/437/437 317/317/317
f 317/317/317 437/437/437 438/438/438
f 317/317/317 438/438/438 315/315/315
f 315/315/315 438/438/438 439/439/439
f 315/315/315 439/439/439 313/313/313
f 313/313/313 439/439/439 440/440/440
f 313/313/313 440/440/440 311/311/311
f 311/311/311 440/440/440 441/441/441
f 311/311/311 441/441/441 309/309/309
f 309/309/309 441/441/441 442/442/442
f 309/309/309 442/442/442 307/307/307
f 307/307/307 442/442/442 443/443/443
f 257/257/257 255/255/255 421/421/421
f 421/421/421 255/255/255 423/423/423
f 255/255/255 254/254/254 423/423/423
f 423/423/423 254/254/254 424/424/424
f 254/254/254 252/252/252 424/424/424
f 424/424/424 252/252/252 425/425/425
f 252/252/252 250/250/250 425/425/425
f 425/425/425 250/250/250 426/426/426
f 250/250/250 247/247/247 426/426/426
f 426/426/426 247/247/247 427/427/427
f 247/247/247 245/245/245 427/427/427
f 427/427/427 245/245/245 428/428/428
f 245/245/245 244/244/244 428/428/428
f 428/428/428 244/244/244 429/429/429
f 244/244/244 242/242/242 429/429/429
f 429/429/429 242/242/242 430/430/430
f 242/242/242 239/239/239 430/430/430
f 430/430/430 239/239/239 431/431/431
f 239/239/239 238/238/238 431/431/431
f 431/431/431 238/238/238 432/432/432
f 238/238/238 236/236/236 432/432/432
f 432/432/432 236/236/236 433/433/433
f 236/236/236 233/233/233 433/433/433
f 433/433/433 233/233/233 434/434/434
f 233/233/233 230/230/230 434/434/434
f 434/434/434 230/230/230 435/435/435
f 230/230/230 228/228/228 435/435/435
f 435/435/435 228/228/228 436/436/436
f 228/228/228 226/226/226 436/436/436
f 436/436/436 226/226/226 437/437/437
f 226/226/226 224/224/224 437/437/437
f 437/437/437 224/224/224 438/438/438
f 224/224/224 222/222/222 438/438/438
f 438/438/438 222/222/222 439/439/439
f 222/222/222 220/220/220 439/439/439
f 439/439/439 220/220/220 440/440/440
f 220/220/220 219/219/219 440/440/440
f 440/440/440 219/219/219 441/441/441
f 219/219/219 217/217/217 441/441/441
f 441/441/441 217/217/217 442/442/442
f 217/217/217 214/214/214 442/442/442
f 442/442/442 214/214/214 443/443/443
f 214/214/214 212/212/212 443/443/443
f 348/348/348 351/351/351 422/422/422
f 422/422/422 351/351/351 398/398/398
f 351/351/351 352/352/352 398/398/398
f 398/398/398 352/352/352 420/420/420
f 352/352/352 354/354/354 420/420/420
f 420/420/420 354/354/354 419/419/419
f 354/354/354 356/356/356 419/419/419
f 419/419/419 356/356/356 418/418/418
f 356/356/356 358/358/358 418/418/418
f 418/418/418 358/358/358 417/417/417
f 358/358/358 360/360/360 417/417/417
f 417/417/417 360/360/360 416/416/416
f 360/360/360 362/362/362 416/416/416
f 416/416/416 362/362/362 415/415/415
f 362/362/362 364/364/364 415/415/415
f 415/415/415 364/364/364 414/414/414
f 364/364/364 366/366/366 414/414/414
f 414/414/414 366/366/366 413/413/413
f 366/366/366 369/369/369 413/413/413
f 413/413/413 369/369/369 412/412/412
f 369/369/369 371/371/371 412/412/412
f 412/412/412 371/371/371 411/411/411
f 371/371/371 373/373/373 411/411/411
f 411/411/411 373/373/373 410/410/410
f 373/373/373 374/374/374 410/410/410
f 410/410/410 374/374/374 409/409/409
f 374/374/374 377/377/377 409/409/409
f 409/409/409 377/377/377 408/408/408
f 377/377/377 378/378/378 408/408/408
f 408/408/408 378/378/378 407/407/407
f 378/378/378 380/380/380 407/407/407
f 407/407/407 380/380/380 406/406/406
f 380/380/380 382/382/382 406/406/406
f 406/406/406 382/382/382 405/405/405
f 382/382/382 384/384/384 405/405/405
f 405/405/405 384/384/384 404/404/404
f 384/384/384 386/386/386 404/404/404
f 404/404/404 386/386/386 403/403/403
f 386/386/386 388/388/388 403/403/403
f 403/403/403 388/388/388 402/402/402
f 388/388/388 391/391/391 402/402/402
f 402/402/402 391/391/391 401/401/401
f 391/391/391 393/393/393 401/401/401
f 401/401/401 393/393/393 400/400/400
f 393/393/393 394/394/394 400/400/400
f 400/400/400 394/394/394 399/399/399
f 394/394/394 304/304/304 399/399/399
f 399/399/399 304/304/304 396/396/396
f 547/547/547 444/444/444 303/303/303
f 303/303/303 444/444/444 447/447/447
f 303/303/303 447/447/447 306/306/306
f 306/306/306 447/447/447 449/449/449
f 306/306/306 449/449/449 308/308/308
f 308/308/308 449/449/449 451/451/451
f 308/308/308 451/451/451 310/310/310
f 310/310/310 451/451/451 454/454/454
f 310/310/310 454/454/454 312/312/312
f 312/312/312 454/454/454 456/456/456
f 312/312/312 456/456/456 314/314/314
f 314/314/314 456/456/456 458/458/458
f 314/314/314 458/458/458 316/316/316
f 316/316/316 458/458/458 459/459/459
f 316/316/316 459/459/459 318/318/318
f 318/318/318 459/459/459 462/462/462
f 318/318/318 462/462/462 321/321/321
f 321/321/321 462/462/462 464/464/464
f 321/321/321 464/464/464 465/465/465
f 321/321/321 465/465/465 322/322/322
f 322/322/322 465/465/465 467/467/467
f 322/322/322 467/467/467 324/324/324
f 324/324/324 467/467/467 469/469/469
f 324/324/324 469/469/469 326/326/326
f 326/326/326 469/469/469 472/472/472
f 326/326/326 472/472/472 328/328/328
f 328/328/328 472/472/472 474/474/474
f 328/328/328 474/474/474 330/330/330
f 330/330/330 474/474/474 475/475/475
f 330/330/330 475/475/475 333/333/333
f 333/333/333 475/475/475 477/477/477
f 333/333/333 477/477/477 334/334/334
f 334/334/334 477/477/477 480/480/480
f 334/334/334 480/480/480 482/482/482
f 334/334/334 482/482/482 337/337/337
f 337/337/337 482/482/482 483/483/483
f 337/337/337 483/483/483 338/338/338
f 338/338/338 483/483/483 486/486/486
f 338/338/338 486/486/486 340/340/340
f 340/340/340 486/486/486 488/488/488
f 340/340/340 488/488/488 342/342/342
f 342/342/342 488/488/488 489/489/489
f 342/342/342 489/489/489 345/345/345
f 345/345/345 489/489/489 491/491/491
f 345/345/345 491/491/491 347/347/347
f 347/347/347 491/491/491 494/494/494
f 347/347/347 494/494/494 349/349/349
f 349/349/349 494/494/494 495/495/495
f 349/349/349 495/495/495 350/350/350
f 350/350/350 495/495/495 497/497/497
f 350/350/350 497/497/497 500/500/500
f 350/350/350 500/500/500 353/353/353
f 353/353/353 500/500/500 501/501/501
f 353/353/353 501/501/501 355/355/355
f 355/355/355 501/501/501 504/504/504
f 355/355/355 504/504/504 357/357/357
f 357/357/357 504/504/504 505/505/505
f 357/357/357 505/505/505 359/359/359
f 359/359/359 505/505/505 508/508/508
f 359/359/359 508/508/508 361/361/361
f 361/361/361 508/508/508 510/510/510
f 361/361/361 510/510/510 363/363/363
f 363/363/363 510/510/510 511/511/511
f 363/363/363 511/511/511 365/365/365
f 365/365/365 511/511/511 513/513/513
f 365/365/365 513/513/513 367/367/367
f 367/367/367 513/513/513 515/515/515
f 367/367/367 515/515/515 517/517/517
f 367/367/367 517/517/517 368/368/368
f 368/368/368 517/517/517 520/520/520
f 368/368/368 520/520/520 370/370/370
f 370/370/370 520/520/520 522/522/522
f 370/370/370 522/522/522 372/372/372
f 372/372/372 522/522/522 524/524/524
f 372/372/372 524/524/524 375/375/375
f 375/375/375 524/524/524 526/526/526
f 375/375/375 526/526/526 376/376/376
f 376/376/376 526/526/526 527/527/527
f 376/376/376 527/527/527 379/379/379
f 379/379/379 527/527/527 530/530/530
f 379/379/379 530/530/530 381/381/381
f 381/381/381 530/530/530 531/531/531
f 381/381/381 531/531/531 534/534/534
f 381/381/381 534/534/534 383/383/383
f 383/383/383 534/534/534 535/535/535
f 383/383/383 535/535/535 385/385/385
f 385/385/385 535/535/535 537/537/537
f 385/385/385 537/537/537 387/387/387
f 387/387/387 537/537/537 540/540/540
f 387/387/387 540/540/540 389/389/389
f 389/389/389 540/540/540 541/541/541
f 389/389/389 541/541/541 390/390/390
f 390/390/390 541/541/541 543/543/543
f 390/390/390 543/543/543 392/392/392
f 392/392/392 543/543/543 545/545/545
f 392/392/392 545/545/545 395/395/395
f 395/395/395 545/545/545 547/547/547
f 395/395/395 547/547/547 303/303/303
f 548/548/548 603/603/603 446/446/446
f 445/445/445 604/604/604 605/605/605
f 445/445/445 605/605/605 448/448/448
f 448/448/448 605/605/605 607/607/607
f 448/448/448 607/607/607 450/450/450
f 450/450/450 607/607/607 610/610/610
f 450/450/450 610/610/610 452/452/452
f 452/452/452 610/610/610 612/612/612
f 452/452/452 612/612/612 453/453/453
f 453/453/453 612/612/612 614/614/614
f 453/453/453 614/614/614 455/455/455
f 455/455/455 614/614/614 616/616/616
f 455/455/455 616/616/616 457/457/457
f 457/457/457 616/616/616 618/618/618
f 457/457/457 618/618/618 460/460/460
f 460/460/460 618/618/618 619/619/619
f 460/460/460 619/619/619 461/461/461
f 461/461/461 619/619/619 621/621/621
f 461/461/461 621/621/621 463/463/463
f 463/463/463 621/621/621 623/623/623
f 463/463/463 623/623/623 466/466/466
f 466/466/466 623/623/623 625/625/625
f 466/466/466 625/625/625 468/468/468
f 468/468/468 625/625/625 628/628/628
f 468/468/468 628/628/628 470/470/470
f 470/470/470 628/628/628 629/629/629
f 470/470/470 629/629/629 471/471/471
f 471/471/471 629/629/629 632/632/632
f 471/471/471 632/632/632 473/473/473
f 473/473/473 632/632/632 634/634/634
f 473/473/473 634/634/634 476/476/476
f 476/476/476 634/634/634 636/636/636
f 476/476/476 636/636/636 478/478/478
f 478/478/478 636/636/636 638/638/638
f 478/478/478 638/638/638 479/479/479
f 479/479/479 638/638/638 640/640/640
f 479/479/479 640/640/640 481/481/481
f 481/481/481 640/640/640 642/642/642
f 481/481/481 642/642/642 484/484/484
f 484/484/484 642/642/642 644/644/644
f 484/484/484 644/644/644 485/485/485
f 485/485/485 644/644/644 645/645/645
f 485/485/485 645/645/645 487/487/487
f 487/487/487 645/645/645 648/648/648
f 487/487/487 648/648/648 490/490/490
f 490/490/490 648/648/648 649/649/649
f 490/490/490 649/649/649 492/492/492
f 492/492/492 649/649/649 652/652/652
f 492/492/492 652/652/652 493/493/493
f 493/493/493 652/652/652 654/654/654
f 493/493/493 654/654/654 496/496/496
f 496/496/496 654/654/654 655/655/655
f 496/496/496 655/655/655 498/498/498
f 498/498/498 655/655/655 551/551/551
f 498/498/498 551/551/551 552/552/552
f 603/603/603 548/548/548 600/600/600
f 600/600/600 548/548/548 546/546/546
f 600/600/600 546/546/546 598/598/598
f 598/598/598 546/546/546 544/544/544
f 598/598/598 544/544/544 596/596/596
f 596/596/596 544/544/544 542/542/542
f 596/596/596 542/542/542 595/595/595
f 595/595/595 542/542/542 539/539/539
f 595/595/595 539/539/539 592/592/592
f 592/592/592 539/539/539 538/538/538
f 592/592/592 538/538/538 590/590/590
f 590/590/590 538/538/538 536/536/536
f 590/590/590 536/536/536 589/589/589
f 589/589/589 536/536/536 533/533/533
f 589/589/589 533/533/533 586/586/586
f 586/586/586 533/533/533 532/532/532
f 586/586/586 532/532/532 585/585/585
f 585/585/585 532/532/532 529/529/529
f 585/585/585 529/529/529 583/583/583
f 583/583/583 529/529/529 528/528/528
f 583/583/583 528/528/528 581/581/581
f 581/581/581 528/528/528 525/525/525
f 581/581/581 525/525/525 578/578/578
f 578/578/578 525/525/525 523/523/523
f 578/578/578 523/523/523 577/577/577
f 577/577/577 523/523/523 521/521/521
f 577/577/577 521/521/521 575/575/575
f 575/575/575 521/521/521 519/519/519
f 575/575/575 519/519/519 572/572/572
f 572/572/572 519/519/519 518/518/518
f 572/572/572 518/518/518 571/571/571
f 571/571/571 518/518/518 516/516/516
f 571/571/571 516/516/516 569/569/569
f 569/569/569 516/516/516 514/514/514
f 569/569/569 514/514/514 567/567/567
f 567/567/567 514/514/514 512/512/512
f 567/567/567 512/512/512 565/565/565
f 565/565/565 512/512/512 509/509/509
f 565/565/565 509/509/509 562/562/562
f 562/562/562 509/509/509 507/507/507
f 562/562/562 507/507/507 561/561/561
f 561/561/561 507/507/507 506/506/506
f 561/561/561 506/506/506 558/558/558
f 558/558/558 506/506/506 503/503/503
f 558/558/558 503/503/503 557/557/557
f 557/557/557 503/503/503 502/502/502
f 557/557/557 502/502/502 555/555/555
f 555/555/555 502/502/502 499/499/499
f 555/555/555 499/499/499 552/552/552
f 552/552/552 499/499/499 498/498/498
f 656/656/656 764/764/764 549/549/549
f 549/549/549 764/764/764 659/659/659
f 550/550/550 657/657/657 553/553/553
f 553/553/553 657/657/657 662/662/662
f 553/553/553 662/662/662 554/554/554
f 554/554/554 662/662/662 664/664/664
f 554/554/554 664/664/664 556/556/556
f 556/556/556 664/664/664 666/666/666
f 556/556/556 666/666/666 559/559/559
f 559/559/559 666/666/666 668/668/668
f 559/559/559 668/668/668 560/560/560
f 560/560/560 668/668/668 669/669/669
f 560/560/560 669/669/669 563/563/563
f 563/563/563 669/669/669 672/672/672
f 563/563/563 672/672/672 564/564/564
f 564/564/564 672/672/672 674/674/674
f 564/564/564 674/674/674 566/566/566
f 566/566/566 674/674/674 675/675/675
f 566/566/566 675/675/675 568/568/568
f 568/568/568 675/675/675 678/678/678
f 568/568/568 678/678/678 570/570/570
f 570/570/570 678/678/678 679/679/679
f 570/570/570 679/679/679 573/573/573
f 573/573/573 679/679/679 681/681/681
f 573/573/573 681/681/681 574/574/574
f 574/574/574 681/681/681 684/684/684
f 574/574/574 684/684/684 576/576/576
f 576/576/576 684/684/684 685/685/685
f 576/576/576 685/685/685 579/579/579
f 579/579/579 685/685/685 687/687/687
f 579/579/579 687/687/687 580/580/580
f 580/580/580 687/687/687 689/689/689
f 580/580/580 689/689/689 582/582/582
f 582/582/582 689/689/689 692/692/692
f 582/582/582 692/692/692 584/584/584
f 584/584/584 692/692/692 693/693/693
f 584/584/584 693/693/693 587/587/587
f 587/587/587 693/693/693 696/696/696
f 587/587/587 696/696/696 588/588/588
f 588/588/588 696/696/696 698/698/698
f 588/588/588 698/698/698 591/591/591
f 591/591/591 698/698/698 700/700/700
f 591/591/591 700/700/700 593/593/593
f 593/593/593 700/700/700 702/702/702
f 593/593/593 702/702/702 594/594/594
f 594/594/594 702/702/702 704/704/704
f 594/594/594 704/704/704 597/597/597
f 597/597/597 704/704/704 706/706/706
f 597/597/597 706/706/706 599/599/599
f 599/599/599 706/706/706 708/708/708
f 599/599/599 708/708/708 601/601/601
f 601/601/601 708/708/708 710/710/710
f 601/601/601 710/710/710 602/602/602
f 602/602/602 710/710/710 712/712/712
f 602/602/602 712/712/712 606/606/606
f 606/606/606 712/712/712 714/714/714
f 606/606/606 714/714/714 608/608/608
f 608/608/608 714/714/714 716/716/716
f 608/608/608 716/716/716 609/609/609
f 609/609/609 716/716/716 717/717/717
f 609/609/609 717/717/717 611/611/611
f 611/611/611 717/717/717 719/719/719
f 611/611/611 719/719/719 613/613/613
f 613/613/613 719/719/719 721/721/721
f 613/613/613 721/721/721 615/615/615
f 615/615/615 721/721/721 724/724/724
f 615/615/615 724/724/724 617/617/617
f 617/617/617 724/724/724 725/725/725
f 617/617/617 725/725/725 620/620/620
f 620/620/620 725/725/725 728/728/728
f 620/620/620 728/728/728 622/622/622
f 622/622/622 728/728/728 729/729/729
f 622/622/622 729/729/729 624/624/624
f 624/624/624 729/729/729 731/731/731
f 624/624/624 731/731/731 626/626/626
f 626/626/626 731/731/731 733/733/733
f 626/626/626 733/733/733 627/627/627
f 627/627/627 733/733/733 735/735/735
f 627/627/627 735/735/735 630/630/630
f 630/630/630 735/735/735 737/737/737
f 630/630/630 737/737/737 631/631/631
f 631/631/631 737/737/737 739/739/739
f 631/631/631 739/739/739 633/633/633
f 633/633/633 739/739/739 741/741/741
f 633/633/633 741/741/741 635/635/635
f 635/635/635 741/741/741 743/743/743
f 635/635/635 743/743/743 637/637/637
f 637/637/637 743/743/743 745/745/745
f 637/637/637 745/745/745 639/639/639
f 639/639/639 745/745/745 748/748/748
f 639/639/639 748/748/748 641/641/641
f 641/641/641 748/748/748 749/749/749
f 641/641/641 749/749/749 643/643/643
f 643/643/643 749/749/749 752/752/752
f 643/643/643 752/752/752 646/646/646
f 646/646/646 752/752/752 753/753/753
f 646/646/646 753/753/753 647/647/647
f 647/647/647 753/753/753 756/756/756
f 647/647/647 756/756/756 650/650/650
f 650/650/650 756/756/756 757/757/757
f 650/650/650 757/757/757 651/651/651
f 651/651/651 757/757/757 760/760/760
f 651/651/651 760/760/760 653/653/653
f 653/653/653 760/760/760 762/762/762
f 653/653/653 762/762/762 656/656/656
f 656/656/656 762/762/762 764/764/764
f 1148/1148/1148 765/765/765 763/763/763
f 763/763/763 765/765/765 768/768/768
f 763/763/763 768/768/768 658/658/658
f 660/660/660 770/770/770 771/771/771
f 660/660/660 771/771/771 661/661/661
f 661/661/661 771/771/771 774/774/774
f 661/661/661 774/774/774 777/777/777
f 778/778/778 780/780/780 777/777/777
f 777/777/777 780/780/780 661/661/661
f 780/780/780 783/783/783 661/661/661
f 661/661/661 783/783/783 786/786/786
f 661/661/661 786/786/786 663/663/663
f 663/663/663 786/786/786 789/789/789
f 663/663/663 789/789/789 792/792/792
f 792/792/792 794/794/794 663/663/663
f 663/663/663 794/794/794 665/665/665
f 665/665/665 794/794/794 796/796/796
f 665/665/665 796/796/796 667/667/667
f 667/667/667 796/796/796 798/798/798
f 667/667/667 798/798/798 670/670/670
f 670/670/670 798/798/798 801/801/801
f 670/670/670 801/801/801 803/803/803
f 803/803/803 806/806/806 670/670/670
f 670/670/670 806/806/806 807/807/807
f 670/670/670 807/807/807 812/812/812
f 812/812/812 807/807/807 810/810/810
f 670/670/670 812/812/812 671/671/671
f 671/671/671 812/812/812 814/814/814
f 671/671/671 814/814/814 817/817/817
f 671/671/671 817/817/817 673/673/673
f 673/673/673 817/817/817 820/820/820
f 673/673/673 820/820/820 821/821/821
f 825/825/825 829/829/829 821/821/821
f 821/821/821 829/829/829 676/676/676
f 821/821/821 676/676/676 673/673/673
f 825/825/825 827/827/827 829/829/829
f 829/829/829 831/831/831 676/676/676
f 676/676/676 831/831/831 835/835/835
f 676/676/676 835/835/835 836/836/836
f 836/836/836 840/840/840 676/676/676
f 676/676/676 840/840/840 677/677/677
f 677/677/677 840/840/840 841/841/841
f 677/677/677 841/841/841 680/680/680
f 680/680/680 841/841/841 843/843/843
f 680/680/680 843/843/843 682/682/682
f 682/682/682 843/843/843 847/847/847
f 682/682/682 847/847/847 683/683/683
f 683/683/683 847/847/847 849/849/849
f 683/683/683 849/849/849 850/850/850
f 850/850/850 854/854/854 683/683/683
f 683/683/683 854/854/854 855/855/855
f 683/683/683 855/855/855 858/858/858
f 858/858/858 861/861/861 683/683/683
f 683/683/683 861/861/861 864/864/864
f 683/683/683 864/864/864 686/686/686
f 686/686/686 864/864/864 865/865/865
f 686/686/686 865/865/865 868/868/868
f 686/686/686 868/868/868 688/688/688
f 688/688/688 868/868/868 871/871/871
f 688/688/688 871/871/871 877/877/877
f 877/877/877 871/871/871 872/872/872
f 877/877/877 872/872/872 875/875/875
f 877/877/877 881/881/881 688/688/688
f 688/688/688 881/881/881 690/690/690
f 690/690/690 881/881/881 882/882/882
f 690/690/690 882/882/882 884/884/884
f 884/884/884 886/886/886 690/690/690
f 690/690/690 886/886/886 691/691/691
f 691/691/691 886/886/886 890/890/890
f 691/691/691 890/890/890 694/694/694
f 694/694/694 890/890/890 892/892/892
f 694/694/694 892/892/892 695/695/695
f 695/695/695 892/892/892 895/895/895
f 695/695/695 895/895/895 896/896/896
f 896/896/896 899/899/899 695/695/695
f 695/695/695 899/899/899 900/900/900
f 695/695/695 900/900/900 904/904/904
f 906/906/906 908/908/908 904/904/904
f 904/904/904 908/908/908 912/912/912
f 904/904/904 912/912/912 697/697/697
f 697/697/697 912/912/912 913/913/913
f 697/697/697 913/913/913 699/699/699
f 699/699/699 913/913/913 915/915/915
f 699/699/699 915/915/915 701/701/701
f 701/701/701 915/915/915 919/919/919
f 701/701/701 919/919/919 921/921/921
f 921/921/921 922/922/922 701/701/701
f 701/701/701 922/922/922 926/926/926
f 701/701/701 926/926/926 927/927/927
f 927/927/927 930/930/930 701/701/701
f 701/701/701 930/930/930 933/933/933
f 701/701/701 933/933/933 703/703/703
f 703/703/703 933/933/933 935/935/935
f 703/703/703 935/935/935 937/937/937
f 703/703/703 937/937/937 705/705/705
f 705/705/705 937/937/937 939/939/939
f 705/705/705 939/939/939 707/707/707
f 707/707/707 939/939/939 941/941/941
f 707/707/707 941/941/941 709/709/709
f 709/709/709 941/941/941 944/944/944
f 709/709/709 944/944/944 946/946/946
f 946/946/946 950/950/950 709/709/709
f 709/709/709 950/950/950 952/952/952
f 709/709/709 952/952/952 960/960/960
f 960/960/960 952/952/952 956/956/956
f 956/956/956 952/952/952 955/955/955
f 709/709/709 960/960/960 711/711/711
f 711/711/711 960/960/960 961/961/961
f 711/711/711 961/961/961 963/963/963
f 711/711/711 963/963/963 713/713/713
f 713/713/713 963/963/963 966/966/966
f 713/713/713 966/966/966 974/974/974
f 974/974/974 966/966/966 969/969/969
f 974/974/974 969/969/969 971/971/971
f 713/713/713 974/974/974 715/715/715
f 715/715/715 974/974/974 975/975/975
f 715/715/715 975/975/975 978/978/978
f 978/978/978 980/980/980 715/715/715
f 715/715/715 980/980/980 984/984/984
f 715/715/715 984/984/984 718/718/718
f 718/718/718 984/984/984 986/986/986
f 718/718/718 986/986/986 720/720/720
f 720/720/720 986/986/986 988/988/988
f 720/720/720 988/988/988 722/722/722
f 722/722/722 988/988/988 989/989/989
f 722/722/722 989/989/989 992/992/992
f 992/992/992 995/995/995 722/722/722
f 722/722/722 995/995/995 723/723/723
f 723/723/723 995/995/995 998/998/998
f 723/723/723 998/998/998 1000/1000/1000
f 1000/1000/1000 1002/1002/1002 723/723/723
f 723/723/723 1002/1002/1002 1005/1005/1005
f 723/723/723 1005/1005/1005 1008/1008/1008
f 1008/1008/1008 1009/1009/1009 723/723/723
f 723/723/723 1009/1009/1009 726/726/726
f 726/726/726 1009/1009/1009 1012/1012/1012
f 726/726/726 1012/1012/1012 727/727/727
f 727/727/727 1012/1012/1012 1015/1015/1015
f 727/727/727 1015/1015/1015 1020/1020/1020
f 1020/1020/1020 1015/1015/1015 1017/1017/1017
f 1020/1020/1020 1017/1017/1017 1018/1018/1018
f 1020/1020/1020 1023/1023/1023 727/727/727
f 727/727/727 1023/1023/1023 1026/1026/1026
f 727/727/727 1026/1026/1026 730/730/730
f 730/730/730 1026/1026/1026 1029/1029/1029
f 730/730/730 1029/1029/1029 1030/1030/1030
f 1030/1030/1030 1033/1033/1033 730/730/730
f 730/730/730 1033/1033/1033 732/732/732
f 732/732/732 1033/1033/1033 1035/1035/1035
f 732/732/732 1035/1035/1035 734/734/734
f 734/734/734 1035/1035/1035 1038/1038/1038
f 734/734/734 1038/1038/1038 736/736/736
f 736/736/736 1038/1038/1038 1041/1041/1041
f 736/736/736 1041/1041/1041 1043/1043/1043
f 1043/1043/1043 1044/1044/1044 736/736/736
f 736/736/736 1044/1044/1044 1049/1049/1049
f 736/736/736 1049/1049/1049 738/738/738
f 738/738/738 1049/1049/1049 1056/1056/1056
f 738/738/738 1056/1056/1056 1057/1057/1057
f 1051/1051/1051 1052/1052/1052 1049/1049/1049
f 1049/1049/1049 1052/1052/1052 1056/1056/1056
f 738/738/738 1057/1057/1057 740/740/740
f 740/740/740 1057/1057/1057 1060/1060/1060
f 740/740/740 1060/1060/1060 1062/1062/1062
f 740/740/740 1062/1062/1062 742/742/742
f 742/742/742 1062/1062/1062 1064/1064/1064
f 742/742/742 1064/1064/1064 1066/1066/1066
f 1066/1066/1066 1069/1069/1069 742/742/742
f 742/742/742 1069/1069/1069 1071/1071/1071
f 742/742/742 1071/1071/1071 1074/1074/1074
f 1074/1074/1074 1076/1076/1076 742/742/742
f 742/742/742 1076/1076/1076 1078/1078/1078
f 742/742/742 1078/1078/1078 744/744/744
f 744/744/744 1078/1078/1078 1082/1082/1082
f 744/744/744 1082/1082/1082 746/746/746
f 746/746/746 1082/1082/1082 1083/1083/1083
f 746/746/746 1083/1083/1083 747/747/747
f 747/747/747 1083/1083/1083 1085/1085/1085
f 747/747/747 1085/1085/1085 750/750/750
f 750/750/750 1085/1085/1085 1088/1088/1088
f 750/750/750 1088/1088/1088 1090/1090/1090
f 1090/1090/1090 1092/1092/1092 750/750/750
f 750/750/750 1092/1092/1092 1095/1095/1095
f 750/750/750 1095/1095/1095 1102/1102/1102
f 1102/1102/1102 1095/1095/1095 1101/1101/1101
f 1101/1101/1101 1095/1095/1095 1098/1098/1098
f 750/750/750 1102/1102/1102 751/751/751
f 751/751/751 1102/1102/1102 1105/1105/1105
f 751/751/751 1105/1105/1105 1108/1108/1108
f 751/751/751 1108/1108/1108 754/754/754
f 754/754/754 1108/1108/1108 1110/1110/1110
f 754/754/754 1110/1110/1110 1117/1117/1117
f 1117/1117/1117 1110/1110/1110 1112/1112/1112
f 1117/1117/1117 1112/1112/1112 1114/1114/1114
f 1117/1117/1117 1121/1121/1121 754/754/754
f 754/754/754 1121/1121/1121 755/755/755
f 755/755/755 1121/1121/1121 1122/1122/1122
f 755/755/755 1122/1122/1122 1124/1124/1124
f 1124/1124/1124 1128/1128/1128 755/755/755
f 755/755/755 1128/1128/1128 758/758/758
f 758/758/758 1128/1128/1128 1129/1129/1129
f 758/758/758 1129/1129/1129 759/759/759
f 759/759/759 1129/1129/1129 1131/1131/1131
f 759/759/759 1131/1131/1131 761/761/761
f 761/761/761 1131/1131/1131 1135/1135/1135
f 761/761/761 1135/1135/1135 1137/1137/1137
f 1137/1137/1137 1139/1139/1139 761/761/761
f 761/761/761 1139/1139/1139 1140/1140/1140
f 761/761/761 1140/1140/1140 763/763/763
f 763/763/763 1140/1140/1140 1143/1143/1143
f 763/763/763 1143/1143/1143 1148/1148/1148
f 1148/1148/1148 1143/1143/1143 1147/1147/1147
f 697/697/697 695/695/695 904/904/904
f 1243/1243/1243 1150/1150/1150 1289/1289/1289
f 1289/1289/1289 1150/1150/1150 1153/1153/1153
f 1289/1289/1289 1153/1153/1153 1287/1287/1287
f 1287/1287/1287 1153/1153/1153 1155/1155/1155
f 1287/1287/1287 1155/1155/1155 1284/1284/1284
f 1284/1284/1284 1155/1155/1155 1157/1157/1157
f 1284/1284/1284 1157/1157/1157 1282/1282/1282
f 1282/1282/1282 1157/1157/1157 1160/1160/1160
f 1282/1282/1282 1160/1160/1160 1280/1280/1280
f 1280/1280/1280 1160/1160/1160 1162/1162/1162
f 1280/1280/1280 1162/1162/1162 1278/1278/1278
f 1278/1278/1278 1162/1162/1162 1163/1163/1163
f 1278/1278/1278 1163/1163/1163 1276/1276/1276
f 1276/1276/1276 1163/1163/1163 1165/1165/1165
f 1276/1276/1276 1165/1165/1165 1274/1274/1274
f 1274/1274/1274 1165/1165/1165 1168/1168/1168
f 1274/1274/1274 1168/1168/1168 1272/1272/1272
f 1272/1272/1272 1168/1168/1168 1170/1170/1170
f 1272/1272/1272 1170/1170/1170 1270/1270/1270
f 1270/1270/1270 1170/1170/1170 1171/1171/1171
f 1270/1270/1270 1171/1171/1171 1269/1269/1269
f 1269/1269/1269 1171/1171/1171 1173/1173/1173
f 1269/1269/1269 1173/1173/1173 1175/1175/1175
f 1269/1269/1269 1175/1175/1175 1267/1267/1267
f 1267/1267/1267 1175/1175/1175 1177/1177/1177
f 1267/1267/1267 1177/1177/1177 1264/1264/1264
f 1264/1264/1264 1177/1177/1177 1179/1179/1179
f 1264/1264/1264 1179/1179/1179 1262/1262/1262
f 1262/1262/1262 1179/1179/1179 1181/1181/1181
f 1262/1262/1262 1181/1181/1181 1261/1261/1261
f 1261/1261/1261 1181/1181/1181 1184/1184/1184
f 1261/1261/1261 1184/1184/1184 1258/1258/1258
f 1258/1258/1258 1184/1184/1184 1185/1185/1185
f 1258/1258/1258 1185/1185/1185 1256/1256/1256
f 1256/1256/1256 1185/1185/1185 1187/1187/1187
f 1256/1256/1256 1187/1187/1187 1254/1254/1254
f 1254/1254/1254 1187/1187/1187 1189/1189/1189
f 1254/1254/1254 1189/1189/1189 1253/1253/1253
f 1253/1253/1253 1189/1189/1189 1191/1191/1191
f 1253/1253/1253 1191/1191/1191 1251/1251/1251
f 1251/1251/1251 1191/1191/1191 1193/1193/1193
f 1251/1251/1251 1193/1193/1193 1249/1249/1249
f 1249/1249/1249 1193/1193/1193 1195/1195/1195
f 1249/1249/1249 1195/1195/1195 1245/1245/1245
f 1245/1245/1245 1195/1195/1195 1199/1199/1199
f 1244/1244/1244 1197/1197/1197 1200/1200/1200
f 1244/1244/1244 1200/1200/1200 1329/1329/1329
f 1329/1329/1329 1200/1200/1200 1203/1203/1203
f 1329/1329/1329 1203/1203/1203 1326/1326/1326
f 1326/1326/1326 1203/1203/1203 1204/1204/1204
f 1326/1326/1326 1204/1204/1204 1324/1324/1324
f 1324/1324/1324 1204/1204/1204 1206/1206/1206
f 1324/1324/1324 1206/1206/1206 1322/1322/1322
f 1322/1322/1322 1206/1206/1206 1208/1208/1208
f 1322/1322/1322 1208/1208/1208 1320/1320/1320
f 1320/1320/1320 1208/1208/1208 1210/1210/1210
f 1320/1320/1320 1210/1210/1210 1319/1319/1319
f 1319/1319/1319 1210/1210/1210 1213/1213/1213
f 1319/1319/1319 1213/1213/1213 1316/1316/1316
f 1316/1316/1316 1213/1213/1213 1214/1214/1214
f 1316/1316/1316 1214/1214/1214 1314/1314/1314
f 1314/1314/1314 1214/1214/1214 1217/1217/1217
f 1314/1314/1314 1217/1217/1217 1312/1312/1312
f 1312/1312/1312 1217/1217/1217 1219/1219/1219
f 1312/1312/1312 1219/1219/1219 1311/1311/1311
f 1311/1311/1311 1219/1219/1219 1220/1220/1220
f 1311/1311/1311 1220/1220/1220 1223/1223/1223
f 1311/1311/1311 1223/1223/1223 1309/1309/1309
f 1309/1309/1309 1223/1223/1223 1224/1224/1224
f 1309/1309/1309 1224/1224/1224 1307/1307/1307
f 1307/1307/1307 1224/1224/1224 1227/1227/1227
f 1307/1307/1307 1227/1227/1227 1305/1305/1305
f 1305/1305/1305 1227/1227/1227 1229/1229/1229
f 1305/1305/1305 1229/1229/1229 1303/1303/1303
f 1303/1303/1303 1229/1229/1229 1231/1231/1231
f 1303/1303/1303 1231/1231/1231 1301/1301/1301
f 1301/1301/1301 1231/1231/1231 1233/1233/1233
f 1301/1301/1301 1233/1233/1233 1299/1299/1299
f 1299/1299/1299 1233/1233/1233 1235/1235/1235
f 1299/1299/1299 1235/1235/1235 1296/1296/1296
f 1296/1296/1296 1235/1235/1235 1236/1236/1236
f 1296/1296/1296 1236/1236/1236 1295/1295/1295
f 1295/1295/1295 1236/1236/1236 1238/1238/1238
f 1295/1295/1295 1238/1238/1238 1292/1292/1292
f 1292/1292/1292 1238/1238/1238 1240/1240/1240
f 1292/1292/1292 1240/1240/1240 1290/1290/1290
f 1290/1290/1290 1240/1240/1240 1243/1243/1243
f 1290/1290/1290 1243/1243/1243 1289/1289/1289
f 1242/1242/1242 1430/1430/1430 1152/1152/1152
f 1152/1152/1152 1430/1430/1430 1426/1426/1426
f 1151/1151/1151 1425/1425/1425 1474/1474/1474
f 1474/1474/1474 1425/1425/1425 1330/1330/1330
f 1474/1474/1474 1330/1330/1330 1333/1333/1333
f 1430/1430/1430 1242/1242/1242 1431/1431/1431
f 1431/1431/1431 1242/1242/1242 1241/1241/1241
f 1431/1431/1431 1241/1241/1241 1432/1432/1432
f 1432/1432/1432 1241/1241/1241 1239/1239/1239
f 1432/1432/1432 1239/1239/1239 1433/1433/1433
f 1433/1433/1433 1239/1239/1239 1237/1237/1237
f 1433/1433/1433 1237/1237/1237 1434/1434/1434
f 1434/1434/1434 1237/1237/1237 1234/1234/1234
f 1434/1434/1434 1234/1234/1234 1435/1435/1435
f 1435/1435/1435 1234/1234/1234 1232/1232/1232
f 1435/1435/1435 1232/1232/1232 1436/1436/1436
f 1436/1436/1436 1232/1232/1232 1230/1230/1230
f 1436/1436/1436 1230/1230/1230 1437/1437/1437
f 1437/1437/1437 1230/1230/1230 1228/1228/1228
f 1437/1437/1437 1228/1228/1228 1438/1438/1438
f 1438/1438/1438 1228/1228/1228 1226/1226/1226
f 1438/1438/1438 1226/1226/1226 1439/1439/1439
f 1439/1439/1439 1226/1226/1226 1225/1225/1225
f 1439/1439/1439 1225/1225/1225 1440/1440/1440
f 1440/1440/1440 1225/1225/1225 1222/1222/1222
f 1440/1440/1440 1222/1222/1222 1441/1441/1441
f 1441/1441/1441 1222/1222/1222 1221/1221/1221
f 1441/1441/1441 1221/1221/1221 1442/1442/1442
f 1442/1442/1442 1221/1221/1221 1218/1218/1218
f 1442/1442/1442 1218/1218/1218 1443/1443/1443
f 1443/1443/1443 1218/1218/1218 1216/1216/1216
f 1443/1443/1443 1216/1216/1216 1444/1444/1444
f 1444/1444/1444 1216/1216/1216 1215/1215/1215
f 1444/1444/1444 1215/1215/1215 1427/1427/1427
f 1427/1427/1427 1215/1215/1215 1212/1212/1212
f 1427/1427/1427 1212/1212/1212 1446/1446/1446
f 1446/1446/1446 1212/1212/1212 1445/1445/1445
f 1446/1446/1446 1445/1445/1445 1392/1392/1392
f 1392/1392/1392 1445/1445/1445 1390/1390/1390
f 1390/1390/1390 1445/1445/1445 1447/1447/1447
f 1390/1390/1390 1447/1447/1447 1388/1388/1388
f 1388/1388/1388 1447/1447/1447 1448/1448/1448
f 1388/1388/1388 1448/1448/1448 1386/1386/1386
f 1386/1386/1386 1448/1448/1448 1449/1449/1449
f 1386/1386/1386 1449/1449/1449 1383/1383/1383
f 1383/1383/1383 1449/1449/1449 1450/1450/1450
f 1383/1383/1383 1450/1450/1450 1381/1381/1381
f 1381/1381/1381 1450/1450/1450 1451/1451/1451
f 1381/1381/1381 1451/1451/1451 1379/1379/1379
f 1379/1379/1379 1451/1451/1451 1452/1452/1452
f 1379/1379/1379 1452/1452/1452 1428/1428/1428
f 1428/1428/1428 1452/1452/1452 1198/1198/1198
f 1428/1428/1428 1198/1198/1198 1196/1196/1196
f 1212/1212/1212 1211/1211/1211 1445/1445/1445
f 1445/1445/1445 1211/1211/1211 1447/1447/1447
f 1211/1211/1211 1209/1209/1209 1447/1447/1447
f 1447/1447/1447 1209/1209/1209 1448/1448/1448
f 1209/1209/1209 1207/1207/1207 1448/1448/1448
f 1448/1448/1448 1207/1207/1207 1449/1449/1449
f 1207/1207/1207 1205/1205/1205 1449/1449/1449
f 1449/1449/1449 1205/1205/1205 1450/1450/1450
f 1205/1205/1205 1202/1202/1202 1450/1450/1450
f 1450/1450/1450 1202/1202/1202 1451/1451/1451
f 1202/1202/1202 1201/1201/1201 1451/1451/1451
f 1451/1451/1451 1201/1201/1201 1452/1452/1452
f 1201/1201/1201 1198/1198/1198 1452/1452/1452
f 1428/1428/1428 1196/1196/1196 1453/1453/1453
f 1453/1453/1453 1196/1196/1196 1194/1194/1194
f 1453/1453/1453 1194/1194/1194 1454/1454/1454
f 1454/1454/1454 1194/1194/1194 1192/1192/1192
f 1454/1454/1454 1192/1192/1192 1455/1455/1455
f 1455/1455/1455 1192/1192/1192 1190/1190/1190
f 1455/1455/1455 1190/1190/1190 1456/1456/1456
f 1456/1456/1456 1190/1190/1190 1188/1188/1188
f 1456/1456/1456 1188/1188/1188 1457/1457/1457
f 1457/1457/1457 1188/1188/1188 1186/1186/1186
f 1457/1457/1457 1186/1186/1186 1458/1458/1458
f 1458/1458/1458 1186/1186/1186 1183/1183/1183
f 1458/1458/1458 1183/1183/1183 1429/1429/1429
f 1429/1429/1429 1183/1183/1183 1182/1182/1182
f 1429/1429/1429 1182/1182/1182 1460/1460/1460
f 1460/1460/1460 1182/1182/1182 1459/1459/1459
f 1460/1460/1460 1459/1459/1459 1362/1362/1362
f 1362/1362/1362 1459/1459/1459 1360/1360/1360
f 1360/1360/1360 1459/1459/1459 1461/1461/1461
f 1360/1360/1360 1461/1461/1461 1358/1358/1358
f 1358/1358/1358 1461/1461/1461 1462/1462/1462
f 1358/1358/1358 1462/1462/1462 1356/1356/1356
f 1356/1356/1356 1462/1462/1462 1463/1463/1463
f 1356/1356/1356 1463/1463/1463 1354/1354/1354
f 1354/1354/1354 1463/1463/1463 1464/1464/1464
f 1354/1354/1354 1464/1464/1464 1351/1351/1351
f 1351/1351/1351 1464/1464/1464 1465/1465/1465
f 1351/1351/1351 1465/1465/1465 1349/1349/1349
f 1349/1349/1349 1465/1465/1465 1466/1466/1466
f 1349/1349/1349 1466/1466/1466 1347/1347/1347
f 1347/1347/1347 1466/1466/1466 1467/1467/1467
f 1347/1347/1347 1467/1467/1467 1345/1345/1345
f 1345/1345/1345 1467/1467/1467 1468/1468/1468
f 1345/1345/1345 1468/1468/1468 1344/1344/1344
f 1344/1344/1344 1468/1468/1468 1469/1469/1469
f 1344/1344/1344 1469/1469/1469 1341/1341/1341
f 1341/1341/1341 1469/1469/1469 1470/1470/1470
f 1341/1341/1341 1470/1470/1470 1339/1339/1339
f 1339/1339/1339 1470/1470/1470 1471/1471/1471
f 1339/1339/1339 1471/1471/1471 1338/1338/1338
f 1338/1338/1338 1471/1471/1471 1472/1472/1472
f 1338/1338/1338 1472/1472/1472 1335/1335/1335
f 1335/1335/1335 1472/1472/1472 1473/1473/1473
f 1335/1335/1335 1473/1473/1473 1333/1333/1333
f 1333/1333/1333 1473/1473/1473 1474/1474/1474
f 1182/1182/1182 1180/1180/1180 1459/1459/1459
f 1459/1459/1459 1180/1180/1180 1461/1461/1461
f 1180/1180/1180 1178/1178/1178 1461/1461/1461
f 1461/1461/1461 1178/1178/1178 1462/1462/1462
f 1178/1178/1178 1176/1176/1176 1462/1462/1462
f 1462/1462/1462 1176/1176/1176 1463/1463/1463
f 1176/1176/1176 1174/1174/1174 1463/1463/1463
f 1463/1463/1463 1174/1174/1174 1464/1464/1464
f 1174/1174/1174 1172/1172/1172 1464/1464/1464
f 1464/1464/1464 1172/1172/1172 1465/1465/1465
f 1172/1172/1172 1169/1169/1169 1465/1465/1465
f 1465/1465/1465 1169/1169/1169 1466/1466/1466
f 1169/1169/1169 1167/1167/1167 1466/1466/1466
f 1466/1466/1466 1167/1167/1167 1467/1467/1467
f 1167/1167/1167 1166/1166/1166 1467/1467/1467
f 1467/1467/1467 1166/1166/1166 1468/1468/1468
f 1166/1166/1166 1164/1164/1164 1468/1468/1468
f 1468/1468/1468 1164/1164/1164 1469/1469/1469
f 1164/1164/1164 1161/1161/1161 1469/1469/1469
f 1469/1469/1469 1161/1161/1161 1470/1470/1470
f 1161/1161/1161 1159/1159/1159 1470/1470/1470
f 1470/1470/1470 1159/1159/1159 1471/1471/1471
f 1159/1159/1159 1158/1158/1158 1471/1471/1471
f 1471/1471/1471 1158/1158/1158 1472/1472/1472
f 1158/1158/1158 1156/1156/1156 1472/1472/1472
f 1472/1472/1472 1156/1156/1156 1473/1473/1473
f 1156/1156/1156 1154/1154/1154 1473/1473/1473
f 1473/1473/1473 1154/1154/1154 1474/1474/1474
f 1154/1154/1154 1151/1151/1151 1474/1474/1474
f 1362/1362/1362 1363/1363/1363 1460/1460/1460
f 1460/1460/1460 1363/1363/1363 1429/1429/1429
f 1363/1363/1363 1365/1365/1365 1429/1429/1429
f 1429/1429/1429 1365/1365/1365 1458/1458/1458
f 1365/1365/1365 1368/1368/1368 1458/1458/1458
f 1458/1458/1458 1368/1368/1368 1457/1457/1457
f 1368/1368/1368 1369/1369/1369 1457/1457/1457
f 1457/1457/1457 1369/1369/1369 1456/1456/1456
f 1369/1369/1369 1371/1371/1371 1456/1456/1456
f 1456/1456/1456 1371/1371/1371 1455/1455/1455
f 1371/1371/1371 1374/1374/1374 1455/1455/1455
f 1455/1455/1455 1374/1374/1374 1454/1454/1454
f 1374/1374/1374 1375/1375/1375 1454/1454/1454
f 1454/1454/1454 1375/1375/1375 1453/1453/1453
f 1375/1375/1375 1377/1377/1377 1453/1453/1453
f 1453/1453/1453 1377/1377/1377 1428/1428/1428
f 1377/1377/1377 1379/1379/1379 1428/1428/1428
f 1392/1392/1392 1394/1394/1394 1446/1446/1446
f 1446/1446/1446 1394/1394/1394 1427/1427/1427
f 1394/1394/1394 1395/1395/1395 1427/1427/1427
f 1427/1427/1427 1395/1395/1395 1444/1444/1444
f 1395/1395/1395 1397/1397/1397 1444/1444/1444
f 1444/1444/1444 1397/1397/1397 1443/1443/1443
f 1397/1397/1397 1399/1399/1399 1443/1443/1443
f 1443/1443/1443 1399/1399/1399 1442/1442/1442
f 1399/1399/1399 1401/1401/1401 1442/1442/1442
f 1442/1442/1442 1401/1401/1401 1441/1441/1441
f 1401/1401/1401 1403/1403/1403 1441/1441/1441
f 1441/1441/1441 1403/1403/1403 1440/1440/1440
f 1403/1403/1403 1405/1405/1405 1440/1440/1440
f 1440/1440/1440 1405/1405/1405 1439/1439/1439
f 1405/1405/1405 1407/1407/1407 1439/1439/1439
f 1439/1439/1439 1407/1407/1407 1438/1438/1438
f 1407/1407/1407 1410/1410/1410 1438/1438/1438
f 1438/1438/1438 1410/1410/1410 1437/1437/1437
f 1410/1410/1410 1412/1412/1412 1437/1437/1437
f 1437/1437/1437 1412/1412/1412 1436/1436/1436
f 1412/1412/1412 1413/1413/1413 1436/1436/1436
f 1436/1436/1436 1413/1413/1413 1435/1435/1435
f 1413/1413/1413 1415/1415/1415 1435/1435/1435
f 1435/1435/1435 1415/1415/1415 1434/1434/1434
f 1415/1415/1415 1417/1417/1417 1434/1434/1434
f 1434/1434/1434 1417/1417/1417 1433/1433/1433
f 1417/1417/1417 1420/1420/1420 1433/1433/1433
f 1433/1433/1433 1420/1420/1420 1432/1432/1432
f 1420/1420/1420 1422/1422/1422 1432/1432/1432
f 1432/1432/1432 1422/1422/1422 1431/1431/1431
f 1422/1422/1422 1423/1423/1423 1431/1431/1431
f 1431/1431/1431 1423/1423/1423 1430/1430/1430
f 1423/1423/1423 1331/1331/1331 1430/1430/1430
f 1430/1430/1430 1331/1331/1331 1426/1426/1426
f 1048/1048/1048 1046/1046/1046 1475/1475/1475
f 1475/1475/1475 1046/1046/1046 1478/1478/1478
f 1481/1481/1481 1025/1025/1025 1486/1486/1486
f 1486/1486/1486 1025/1025/1025 1021/1021/1021
f 1096/1096/1096 1093/1093/1093 1487/1487/1487
f 1487/1487/1487 1093/1093/1093 1490/1490/1490
f 1495/1495/1495 1072/1072/1072 1497/1497/1497
f 1497/1497/1497 1072/1072/1072 1068/1068/1068
f 1001/1001/1001 997/997/997 1501/1501/1501
f 1501/1501/1501 997/997/997 1503/1503/1503
f 1505/1505/1505 976/976/976 1509/1509/1509
f 1509/1509/1509 976/976/976 973/973/973
f 1519/1519/1519 1513/1513/1513 1521/1521/1521
f 1521/1521/1521 1513/1513/1513 1118/1118/1118
f 1521/1521/1521 1118/1118/1118 1115/1115/1115
f 1521/1521/1521 1115/1115/1115 1522/1522/1522
f 1522/1522/1522 1115/1115/1115 1113/1113/1113
f 1522/1522/1522 1113/1113/1113 1515/1515/1515
f 1515/1515/1515 1113/1113/1113 1111/1111/1111
f 1515/1515/1515 1518/1518/1518 1522/1522/1522
f 1522/1522/1522 1518/1518/1518 1519/1519/1519
f 1522/1522/1522 1519/1519/1519 1521/1521/1521
f 1525/1525/1525 1120/1120/1120 1511/1511/1511
f 1511/1511/1511 1120/1120/1120 1116/1116/1116
f 1527/1527/1527 983/983/983 1531/1531/1531
f 1531/1531/1531 983/983/983 1534/1534/1534
f 1531/1531/1531 1534/1534/1534 1530/1530/1530
f 1530/1530/1530 1534/1534/1534 1533/1533/1533
f 1530/1530/1530 1533/1533/1533 1507/1507/1507
f 1507/1507/1507 1533/1533/1533 977/977/977
f 977/977/977 1533/1533/1533 979/979/979
f 979/979/979 1533/1533/1533 1534/1534/1534
f 979/979/979 1534/1534/1534 981/981/981
f 981/981/981 1534/1534/1534 983/983/983
f 1536/1536/1536 990/990/990 1541/1541/1541
f 1541/1541/1541 990/990/990 987/987/987
f 1541/1541/1541 987/987/987 1539/1539/1539
f 1539/1539/1539 987/987/987 985/985/985
f 1539/1539/1539 985/985/985 1528/1528/1528
f 1528/1528/1528 985/985/985 982/982/982
f 1545/1545/1545 1502/1502/1502 1547/1547/1547
f 1547/1547/1547 1502/1502/1502 996/996/996
f 1547/1547/1547 996/996/996 994/994/994
f 1547/1547/1547 994/994/994 1546/1546/1546
f 1546/1546/1546 994/994/994 993/993/993
f 1546/1546/1546 993/993/993 1535/1535/1535
f 1535/1535/1535 993/993/993 991/991/991
f 1535/1535/1535 1542/1542/1542 1546/1546/1546
f 1546/1546/1546 1542/1542/1542 1545/1545/1545
f 1546/1546/1546 1545/1545/1545 1547/1547/1547
f 1548/1548/1548 1007/1007/1007 1553/1553/1553
f 1553/1553/1553 1007/1007/1007 1556/1556/1556
f 1553/1553/1553 1556/1556/1556 1551/1551/1551
f 1551/1551/1551 1556/1556/1556 1555/1555/1555
f 1551/1551/1551 1555/1555/1555 1499/1499/1499
f 1499/1499/1499 1555/1555/1555 999/999/999
f 999/999/999 1555/1555/1555 1003/1003/1003
f 1003/1003/1003 1555/1555/1555 1556/1556/1556
f 1003/1003/1003 1556/1556/1556 1004/1004/1004
f 1004/1004/1004 1556/1556/1556 1007/1007/1007
f 1559/1559/1559 1014/1014/1014 1562/1562/1562
f 1562/1562/1562 1014/1014/1014 1011/1011/1011
f 1562/1562/1562 1011/1011/1011 1010/1010/1010
f 1006/1006/1006 1549/1549/1549 1010/1010/1010
f 1010/1010/1010 1549/1549/1549 1560/1560/1560
f 1010/1010/1010 1560/1560/1560 1562/1562/1562
f 1566/1566/1566 1485/1485/1485 1568/1568/1568
f 1568/1568/1568 1485/1485/1485 1022/1022/1022
f 1568/1568/1568 1022/1022/1022 1019/1019/1019
f 1568/1568/1568 1019/1019/1019 1569/1569/1569
f 1569/1569/1569 1019/1019/1019 1016/1016/1016
f 1569/1569/1569 1016/1016/1016 1558/1558/1558
f 1558/1558/1558 1016/1016/1016 1013/1013/1013
f 1558/1558/1558 1564/1564/1564 1569/1569/1569
f 1569/1569/1569 1564/1564/1564 1566/1566/1566
f 1569/1569/1569 1566/1566/1566 1568/1568/1568
f 1571/1571/1571 1031/1031/1031 1576/1576/1576
f 1576/1576/1576 1031/1031/1031 1578/1578/1578
f 1576/1576/1576 1578/1578/1578 1574/1574/1574
f 1574/1574/1574 1578/1578/1578 1577/1577/1577
f 1574/1574/1574 1577/1577/1577 1483/1483/1483
f 1483/1483/1483 1577/1577/1577 1024/1024/1024
f 1024/1024/1024 1577/1577/1577 1027/1027/1027
f 1027/1027/1027 1577/1577/1577 1578/1578/1578
f 1027/1027/1027 1578/1578/1578 1028/1028/1028
f 1028/1028/1028 1578/1578/1578 1031/1031/1031
f 1580/1580/1580 1039/1039/1039 1585/1585/1585
f 1585/1585/1585 1039/1039/1039 1036/1036/1036
f 1585/1585/1585 1036/1036/1036 1583/1583/1583
f 1583/1583/1583 1036/1036/1036 1034/1034/1034
f 1583/1583/1583 1034/1034/1034 1572/1572/1572
f 1572/1572/1572 1034/1034/1034 1032/1032/1032
f 1588/1588/1588 1480/1480/1480 1591/1591/1591
f 1591/1591/1591 1480/1480/1480 1045/1045/1045
f 1591/1591/1591 1045/1045/1045 1042/1042/1042
f 1591/1591/1591 1042/1042/1042 1590/1590/1590
f 1590/1590/1590 1042/1042/1042 1040/1040/1040
f 1590/1590/1590 1040/1040/1040 1579/1579/1579
f 1579/1579/1579 1040/1040/1040 1037/1037/1037
f 1579/1579/1579 1586/1586/1586 1590/1590/1590
f 1590/1590/1590 1586/1586/1586 1588/1588/1588
f 1590/1590/1590 1588/1588/1588 1591/1591/1591
f 1592/1592/1592 1054/1054/1054 1597/1597/1597
f 1597/1597/1597 1054/1054/1054 1600/1600/1600
f 1597/1597/1597 1600/1600/1600 1595/1595/1595
f 1595/1595/1595 1600/1600/1600 1599/1599/1599
f 1595/1595/1595 1599/1599/1599 1476/1476/1476
f 1476/1476/1476 1599/1599/1599 1047/1047/1047
f 1047/1047/1047 1599/1599/1599 1050/1050/1050
f 1050/1050/1050 1599/1599/1599 1600/1600/1600
f 1050/1050/1050 1600/1600/1600 1053/1053/1053
f 1053/1053/1053 1600/1600/1600 1054/1054/1054
f 1602/1602/1602 1061/1061/1061 1607/1607/1607
f 1607/1607/1607 1061/1061/1061 1059/1059/1059
f 1607/1607/1607 1059/1059/1059 1058/1058/1058
f 1055/1055/1055 1593/1593/1593 1058/1058/1058
f 1058/1058/1058 1593/1593/1593 1605/1605/1605
f 1058/1058/1058 1605/1605/1605 1607/1607/1607
f 1611/1611/1611 1496/1496/1496 1612/1612/1612
f 1612/1612/1612 1496/1496/1496 1070/1070/1070
f 1612/1612/1612 1070/1070/1070 1067/1067/1067
f 1612/1612/1612 1067/1067/1067 1613/1613/1613
f 1613/1613/1613 1067/1067/1067 1065/1065/1065
f 1613/1613/1613 1065/1065/1065 1603/1603/1603
f 1603/1603/1603 1065/1065/1065 1063/1063/1063
f 1603/1603/1603 1609/1609/1609 1613/1613/1613
f 1613/1613/1613 1609/1609/1609 1611/1611/1611
f 1613/1613/1613 1611/1611/1611 1612/1612/1612
f 1616/1616/1616 1080/1080/1080 1619/1619/1619
f 1619/1619/1619 1080/1080/1080 1622/1622/1622
f 1619/1619/1619 1622/1622/1622 1618/1618/1618
f 1618/1618/1618 1622/1622/1622 1621/1621/1621
f 1618/1618/1618 1621/1621/1621 1494/1494/1494
f 1494/1494/1494 1621/1621/1621 1073/1073/1073
f 1073/1073/1073 1621/1621/1621 1075/1075/1075
f 1075/1075/1075 1621/1621/1621 1622/1622/1622
f 1075/1075/1075 1622/1622/1622 1077/1077/1077
f 1077/1077/1077 1622/1622/1622 1080/1080/1080
f 1514/1514/1514 1109/1109/1109 1628/1628/1628
f 1628/1628/1628 1109/1109/1109 1107/1107/1107
f 1628/1628/1628 1107/1107/1107 1106/1106/1106
f 1104/1104/1104 1624/1624/1624 1106/1106/1106
f 1106/1106/1106 1624/1624/1624 1626/1626/1626
f 1106/1106/1106 1626/1626/1626 1628/1628/1628
f 1623/1623/1623 1103/1103/1103 1632/1632/1632
f 1632/1632/1632 1103/1103/1103 1635/1635/1635
f 1632/1632/1632 1635/1635/1635 1631/1631/1631
f 1631/1631/1631 1635/1635/1635 1634/1634/1634
f 1631/1631/1631 1634/1634/1634 1488/1488/1488
f 1488/1488/1488 1634/1634/1634 1097/1097/1097
f 1097/1097/1097 1634/1634/1634 1099/1099/1099
f 1099/1099/1099 1634/1634/1634 1635/1635/1635
f 1099/1099/1099 1635/1635/1635 1100/1100/1100
f 1100/1100/1100 1635/1635/1635 1103/1103/1103
f 1637/1637/1637 1087/1087/1087 1642/1642/1642
f 1642/1642/1642 1087/1087/1087 1084/1084/1084
f 1642/1642/1642 1084/1084/1084 1639/1639/1639
f 1639/1639/1639 1084/1084/1084 1081/1081/1081
f 1639/1639/1639 1081/1081/1081 1614/1614/1614
f 1614/1614/1614 1081/1081/1081 1079/1079/1079
f 1645/1645/1645 1492/1492/1492 1648/1648/1648
f 1648/1648/1648 1492/1492/1492 1094/1094/1094
f 1648/1648/1648 1094/1094/1094 1091/1091/1091
f 1648/1648/1648 1091/1091/1091 1647/1647/1647
f 1647/1647/1647 1091/1091/1091 1089/1089/1089
f 1647/1647/1647 1089/1089/1089 1638/1638/1638
f 1638/1638/1638 1089/1089/1089 1086/1086/1086
f 1638/1638/1638 1643/1643/1643 1647/1647/1647
f 1647/1647/1647 1643/1643/1643 1645/1645/1645
f 1647/1647/1647 1645/1645/1645 1648/1648/1648
f 1649/1649/1649 1126/1126/1126 1654/1654/1654
f 1654/1654/1654 1126/1126/1126 1657/1657/1657
f 1654/1654/1654 1657/1657/1657 1652/1652/1652
f 1652/1652/1652 1657/1657/1657 1656/1656/1656
f 1652/1652/1652 1656/1656/1656 1523/1523/1523
f 1523/1523/1523 1656/1656/1656 1119/1119/1119
f 1119/1119/1119 1656/1656/1656 1123/1123/1123
f 1123/1123/1123 1656/1656/1656 1657/1657/1657
f 1123/1123/1123 1657/1657/1657 1125/1125/1125
f 1125/1125/1125 1657/1657/1657 1126/1126/1126
f 1659/1659/1659 1133/1133/1133 1664/1664/1664
f 1664/1664/1664 1133/1133/1133 1132/1132/1132
f 1664/1664/1664 1132/1132/1132 1662/1662/1662
f 1662/1662/1662 1132/1132/1132 1130/1130/1130
f 1662/1662/1662 1130/1130/1130 1651/1651/1651
f 1651/1651/1651 1130/1130/1130 1127/1127/1127
f 1885/1885/1885 1666/1666/1666 1891/1891/1891
f 1891/1891/1891 1666/1666/1666 1669/1669/1669
f 1891/1891/1891 1669/1669/1669 1886/1886/1886
f 1888/1888/1888 1670/1670/1670 1671/1671/1671
f 1888/1888/1888 1671/1671/1671 1993/1993/1993
f 1993/1993/1993 1671/1671/1671 1673/1673/1673
f 1993/1993/1993 1673/1673/1673 1676/1676/1676
f 1679/1679/1679 1681/1681/1681 1676/1676/1676
f 1676/1676/1676 1681/1681/1681 1993/1993/1993
f 1681/1681/1681 1684/1684/1684 1993/1993/1993
f 1993/1993/1993 1684/1684/1684 1686/1686/1686
f 1993/1993/1993 1686/1686/1686 1990/1990/1990
f 1990/1990/1990 1686/1686/1686 1688/1688/1688
f 1990/1990/1990 1688/1688/1688 1658/1658/1658
f 1658/1658/1658 1663/1663/1663 1990/1990/1990
f 1990/1990/1990 1663/1663/1663 1989/1989/1989
f 1989/1989/1989 1663/1663/1663 1661/1661/1661
f 1989/1989/1989 1661/1661/1661 1987/1987/1987
f 1987/1987/1987 1661/1661/1661 1650/1650/1650
f 1987/1987/1987 1650/1650/1650 1985/1985/1985
f 1985/1985/1985 1650/1650/1650 1655/1655/1655
f 1985/1985/1985 1655/1655/1655 1653/1653/1653
f 1653/1653/1653 1524/1524/1524 1985/1985/1985
f 1985/1985/1985 1524/1524/1524 1512/1512/1512
f 1985/1985/1985 1512/1512/1512 1517/1517/1517
f 1517/1517/1517 1512/1512/1512 1520/1520/1520
f 1985/1985/1985 1517/1517/1517 1983/1983/1983
f 1983/1983/1983 1517/1517/1517 1516/1516/1516
f 1983/1983/1983 1516/1516/1516 1629/1629/1629
f 1983/1983/1983 1629/1629/1629 1980/1980/1980
f 1980/1980/1980 1629/1629/1629 1627/1627/1627
f 1980/1980/1980 1627/1627/1627 1625/1625/1625
f 1633/1633/1633 1489/1489/1489 1625/1625/1625
f 1625/1625/1625 1489/1489/1489 1978/1978/1978
f 1625/1625/1625 1978/1978/1978 1980/1980/1980
f 1633/1633/1633 1630/1630/1630 1489/1489/1489
f 1489/1489/1489 1491/1491/1491 1978/1978/1978
f 1978/1978/1978 1491/1491/1491 1646/1646/1646
f 1978/1978/1978 1646/1646/1646 1644/1644/1644
f 1644/1644/1644 1636/1636/1636 1978/1978/1978
f 1978/1978/1978 1636/1636/1636 1977/1977/1977
f 1977/1977/1977 1636/1636/1636 1641/1641/1641
f 1977/1977/1977 1641/1641/1641 1975/1975/1975
f 1975/1975/1975 1641/1641/1641 1640/1640/1640
f 1975/1975/1975 1640/1640/1640 1973/1973/1973
f 1973/1973/1973 1640/1640/1640 1615/1615/1615
f 1973/1973/1973 1615/1615/1615 1971/1971/1971
f 1971/1971/1971 1615/1615/1615 1620/1620/1620
f 1971/1971/1971 1620/1620/1620 1617/1617/1617
f 1617/1617/1617 1493/1493/1493 1971/1971/1971
f 1971/1971/1971 1493/1493/1493 1498/1498/1498
f 1971/1971/1971 1498/1498/1498 1610/1610/1610
f 1610/1610/1610 1608/1608/1608 1971/1971/1971
f 1971/1971/1971 1608/1608/1608 1601/1601/1601
f 1971/1971/1971 1601/1601/1601 1968/1968/1968
f 1968/1968/1968 1601/1601/1601 1606/1606/1606
f 1968/1968/1968 1606/1606/1606 1604/1604/1604
f 1968/1968/1968 1604/1604/1604 1966/1966/1966
f 1966/1966/1966 1604/1604/1604 1594/1594/1594
f 1966/1966/1966 1594/1594/1594 1477/1477/1477
f 1477/1477/1477 1594/1594/1594 1598/1598/1598
f 1477/1477/1477 1598/1598/1598 1596/1596/1596
f 1477/1477/1477 1479/1479/1479 1966/1966/1966
f 1966/1966/1966 1479/1479/1479 1964/1964/1964
f 1964/1964/1964 1479/1479/1479 1589/1589/1589
f 1964/1964/1964 1589/1589/1589 1587/1587/1587
f 1587/1587/1587 1581/1581/1581 1964/1964/1964
f 1964/1964/1964 1581/1581/1581 1962/1962/1962
f 1962/1962/1962 1581/1581/1581 1584/1584/1584
f 1962/1962/1962 1584/1584/1584 1960/1960/1960
f 1960/1960/1960 1584/1584/1584 1582/1582/1582
f 1960/1960/1960 1582/1582/1582 1958/1958/1958
f 1958/1958/1958 1582/1582/1582 1570/1570/1570
f 1958/1958/1958 1570/1570/1570 1575/1575/1575
f 1575/1575/1575 1573/1573/1573 1958/1958/1958
f 1958/1958/1958 1573/1573/1573 1482/1482/1482
f 1958/1958/1958 1482/1482/1482 1484/1484/1484
f 1567/1567/1567 1565/1565/1565 1484/1484/1484
f 1484/1484/1484 1565/1565/1565 1557/1557/1557
f 1484/1484/1484 1557/1557/1557 1957/1957/1957
f 1957/1957/1957 1557/1557/1557 1563/1563/1563
f 1957/1957/1957 1563/1563/1563 1955/1955/1955
f 1955/1955/1955 1563/1563/1563 1561/1561/1561
f 1955/1955/1955 1561/1561/1561 1953/1953/1953
f 1953/1953/1953 1561/1561/1561 1550/1550/1550
f 1953/1953/1953 1550/1550/1550 1554/1554/1554
f 1554/1554/1554 1552/1552/1552 1953/1953/1953
f 1953/1953/1953 1552/1552/1552 1500/1500/1500
f 1953/1953/1953 1500/1500/1500 1504/1504/1504
f 1504/1504/1504 1544/1544/1544 1953/1953/1953
f 1953/1953/1953 1544/1544/1544 1543/1543/1543
f 1953/1953/1953 1543/1543/1543 1950/1950/1950
f 1950/1950/1950 1543/1543/1543 1537/1537/1537
f 1950/1950/1950 1537/1537/1537 1540/1540/1540
f 1950/1950/1950 1540/1540/1540 1948/1948/1948
f 1948/1948/1948 1540/1540/1540 1538/1538/1538
f 1948/1948/1948 1538/1538/1538 1947/1947/1947
f 1947/1947/1947 1538/1538/1538 1526/1526/1526
f 1947/1947/1947 1526/1526/1526 1945/1945/1945
f 1945/1945/1945 1526/1526/1526 1532/1532/1532
f 1945/1945/1945 1532/1532/1532 1529/1529/1529
f 1529/1529/1529 1506/1506/1506 1945/1945/1945
f 1945/1945/1945 1506/1506/1506 1510/1510/1510
f 1945/1945/1945 1510/1510/1510 1694/1694/1694
f 1694/1694/1694 1510/1510/1510 1692/1692/1692
f 1692/1692/1692 1510/1510/1510 1690/1690/1690
f 1945/1945/1945 1694/1694/1694 1943/1943/1943
f 1943/1943/1943 1694/1694/1694 1697/1697/1697
f 1943/1943/1943 1697/1697/1697 1700/1700/1700
f 1943/1943/1943 1700/1700/1700 1940/1940/1940
f 1940/1940/1940 1700/1700/1700 1703/1703/1703
f 1940/1940/1940 1703/1703/1703 1708/1708/1708
f 1708/1708/1708 1703/1703/1703 1705/1705/1705
f 1708/1708/1708 1705/1705/1705 1707/1707/1707
f 1940/1940/1940 1708/1708/1708 1939/1939/1939
f 1939/1939/1939 1708/1708/1708 1713/1713/1713
f 1939/1939/1939 1713/1713/1713 1714/1714/1714
f 1714/1714/1714 1716/1716/1716 1939/1939/1939
f 1939/1939/1939 1716/1716/1716 1720/1720/1720
f 1939/1939/1939 1720/1720/1720 1937/1937/1937
f 1937/1937/1937 1720/1720/1720 1722/1722/1722
f 1937/1937/1937 1722/1722/1722 1935/1935/1935
f 1935/1935/1935 1722/1722/1722 1724/1724/1724
f 1935/1935/1935 1724/1724/1724 1933/1933/1933
f 1933/1933/1933 1724/1724/1724 1725/1725/1725
f 1933/1933/1933 1725/1725/1725 1729/1729/1729
f 1729/1729/1729 1731/1731/1731 1933/1933/1933
f 1933/1933/1933 1731/1731/1731 1930/1930/1930
f 1930/1930/1930 1731/1731/1731 1734/1734/1734
f 1930/1930/1930 1734/1734/1734 1737/1737/1737
f 1737/1737/1737 1738/1738/1738 1930/1930/1930
f 1930/1930/1930 1738/1738/1738 1741/1741/1741
f 1930/1930/1930 1741/1741/1741 1743/1743/1743
f 1743/1743/1743 1745/1745/1745 1930/1930/1930
f 1930/1930/1930 1745/1745/1745 1928/1928/1928
f 1928/1928/1928 1745/1745/1745 1747/1747/1747
f 1928/1928/1928 1747/1747/1747 1926/1926/1926
f 1926/1926/1926 1747/1747/1747 1749/1749/1749
f 1926/1926/1926 1749/1749/1749 1756/1756/1756
f 1756/1756/1756 1749/1749/1749 1753/1753/1753
f 1756/1756/1756 1753/1753/1753 1754/1754/1754
f 1756/1756/1756 1759/1759/1759 1926/1926/1926
f 1926/1926/1926 1759/1759/1759 1762/1762/1762
f 1926/1926/1926 1762/1762/1762 1924/1924/1924
f 1924/1924/1924 1762/1762/1762 1765/1765/1765
f 1924/1924/1924 1765/1765/1765 1766/1766/1766
f 1766/1766/1766 1769/1769/1769 1924/1924/1924
f 1924/1924/1924 1769/1769/1769 1922/1922/1922
f 1922/1922/1922 1769/1769/1769 1771/1771/1771
f 1922/1922/1922 1771/1771/1771 1921/1921/1921
f 1921/1921/1921 1771/1771/1771 1775/1775/1775
f 1921/1921/1921 1775/1775/1775 1918/1918/1918
f 1918/1918/1918 1775/1775/1775 1777/1777/1777
f 1918/1918/1918 1777/1777/1777 1778/1778/1778
f 1778/1778/1778 1782/1782/1782 1918/1918/1918
f 1918/1918/1918 1782/1782/1782 1785/1785/1785
f 1918/1918/1918 1785/1785/1785 1917/1917/1917
f 1917/1917/1917 1785/1785/1785 1790/1790/1790
f 1917/1917/1917 1790/1790/1790 1793/1793/1793
f 1787/1787/1787 1788/1788/1788 1785/1785/1785
f 1785/1785/1785 1788/1788/1788 1790/1790/1790
f 1917/1917/1917 1793/1793/1793 1915/1915/1915
f 1915/1915/1915 1793/1793/1793 1796/1796/1796
f 1915/1915/1915 1796/1796/1796 1799/1799/1799
f 1915/1915/1915 1799/1799/1799 1913/1913/1913
f 1913/1913/1913 1799/1799/1799 1800/1800/1800
f 1913/1913/1913 1800/1800/1800 1802/1802/1802
f 1802/1802/1802 1804/1804/1804 1913/1913/1913
f 1913/1913/1913 1804/1804/1804 1809/1809/1809
f 1913/1913/1913 1809/1809/1809 1811/1811/1811
f 1811/1811/1811 1812/1812/1812 1913/1913/1913
f 1913/1913/1913 1812/1812/1812 1814/1814/1814
f 1913/1913/1913 1814/1814/1814 1910/1910/1910
f 1910/1910/1910 1814/1814/1814 1817/1817/1817
f 1910/1910/1910 1817/1817/1817 1909/1909/1909
f 1909/1909/1909 1817/1817/1817 1820/1820/1820
f 1909/1909/1909 1820/1820/1820 1907/1907/1907
f 1907/1907/1907 1820/1820/1820 1822/1822/1822
f 1907/1907/1907 1822/1822/1822 1904/1904/1904
f 1904/1904/1904 1822/1822/1822 1824/1824/1824
f 1904/1904/1904 1824/1824/1824 1826/1826/1826
f 1826/1826/1826 1830/1830/1830 1904/1904/1904
f 1904/1904/1904 1830/1830/1830 1833/1833/1833
f 1904/1904/1904 1833/1833/1833 1838/1838/1838
f 1838/1838/1838 1833/1833/1833 1836/1836/1836
f 1836/1836/1836 1833/1833/1833 1835/1835/1835
f 1904/1904/1904 1838/1838/1838 1903/1903/1903
f 1903/1903/1903 1838/1838/1838 1841/1841/1841
f 1903/1903/1903 1841/1841/1841 1843/1843/1843
f 1903/1903/1903 1843/1843/1843 1901/1901/1901
f 1901/1901/1901 1843/1843/1843 1845/1845/1845
f 1901/1901/1901 1845/1845/1845 1853/1853/1853
f 1853/1853/1853 1845/1845/1845 1848/1848/1848
f 1853/1853/1853 1848/1848/1848 1850/1850/1850
f 1853/1853/1853 1855/1855/1855 1901/1901/1901
f 1901/1901/1901 1855/1855/1855 1899/1899/1899
f 1899/1899/1899 1855/1855/1855 1859/1859/1859
f 1899/1899/1899 1859/1859/1859 1860/1860/1860
f 1860/1860/1860 1862/1862/1862 1899/1899/1899
f 1899/1899/1899 1862/1862/1862 1897/1897/1897
f 1897/1897/1897 1862/1862/1862 1865/1865/1865
f 1897/1897/1897 1865/1865/1865 1894/1894/1894
f 1894/1894/1894 1865/1865/1865 1867/1867/1867
f 1894/1894/1894 1867/1867/1867 1892/1892/1892
f 1892/1892/1892 1867/1867/1867 1870/1870/1870
f 1892/1892/1892 1870/1870/1870 1872/1872/1872
f 1872/1872/1872 1874/1874/1874 1892/1892/1892
f 1892/1892/1892 1874/1874/1874 1878/1878/1878
f 1892/1892/1892 1878/1878/1878 1891/1891/1891
f 1891/1891/1891 1878/1878/1878 1880/1880/1880
f 1891/1891/1891 1880/1880/1880 1885/1885/1885
f 1885/1885/1885 1880/1880/1880 1882/1882/1882
f 1957/1957/1957 1958/1958/1958 1484/1484/1484
f 1883/1883/1883 1881/1881/1881 1994/1994/1994
f 1994/1994/1994 1881/1881/1881 782/782/782
f 1994/1994/1994 782/782/782 779/779/779
f 1994/1994/1994 779/779/779 1995/1995/1995
f 1995/1995/1995 779/779/779 776/776/776
f 1995/1995/1995 776/776/776 1665/1665/1665
f 1665/1665/1665 776/776/776 773/773/773
f 1665/1665/1665 1884/1884/1884 1995/1995/1995
f 1995/1995/1995 1884/1884/1884 1883/1883/1883
f 1995/1995/1995 1883/1883/1883 1994/1994/1994
f 1667/1667/1667 775/775/775 1668/1668/1668
f 1668/1668/1668 775/775/775 772/772/772
f 1668/1668/1668 772/772/772 769/769/769
f 766/766/766 1674/1674/1674 769/769/769
f 769/769/769 1674/1674/1674 1672/1672/1672
f 769/769/769 1672/1672/1672 1668/1668/1668
f 1675/1675/1675 767/767/767 1677/1677/1677
f 1677/1677/1677 767/767/767 1997/1997/1997
f 1677/1677/1677 1997/1997/1997 1678/1678/1678
f 1678/1678/1678 1997/1997/1997 1996/1996/1996
f 1678/1678/1678 1996/1996/1996 1682/1682/1682
f 1682/1682/1682 1996/1996/1996 1145/1145/1145
f 1145/1145/1145 1996/1996/1996 1146/1146/1146
f 1146/1146/1146 1996/1996/1996 1997/1997/1997
f 1146/1146/1146 1997/1997/1997 1149/1149/1149
f 1149/1149/1149 1997/1997/1997 767/767/767
f 1144/1144/1144 1141/1141/1141 1680/1680/1680
f 1680/1680/1680 1141/1141/1141 1685/1685/1685
f 1687/1687/1687 1683/1683/1683 1999/1999/1999
f 1999/1999/1999 1683/1683/1683 1142/1142/1142
f 1999/1999/1999 1142/1142/1142 1138/1138/1138
f 1999/1999/1999 1138/1138/1138 1998/1998/1998
f 1998/1998/1998 1138/1138/1138 1136/1136/1136
f 1998/1998/1998 1136/1136/1136 1660/1660/1660
f 1660/1660/1660 1136/1136/1136 1134/1134/1134
f 1660/1660/1660 1689/1689/1689 1998/1998/1998
f 1998/1998/1998 1689/1689/1689 1687/1687/1687
f 1998/1998/1998 1687/1687/1687 1999/1999/1999
f 1992/1992/1992 2053/2053/2053 1889/1889/1889
f 1887/1887/1887 2054/2054/2054 2056/2056/2056
f 1887/1887/1887 2056/2056/2056 1890/1890/1890
f 1890/1890/1890 2056/2056/2056 2059/2059/2059
f 1890/1890/1890 2059/2059/2059 1893/1893/1893
f 1893/1893/1893 2059/2059/2059 2060/2060/2060
f 1893/1893/1893 2060/2060/2060 1895/1895/1895
f 1895/1895/1895 2060/2060/2060 2062/2062/2062
f 1895/1895/1895 2062/2062/2062 1896/1896/1896
f 1896/1896/1896 2062/2062/2062 2064/2064/2064
f 1896/1896/1896 2064/2064/2064 1898/1898/1898
f 1898/1898/1898 2064/2064/2064 2066/2066/2066
f 1898/1898/1898 2066/2066/2066 1900/1900/1900
f 1900/1900/1900 2066/2066/2066 2068/2068/2068
f 1900/1900/1900 2068/2068/2068 1902/1902/1902
f 1902/1902/1902 2068/2068/2068 2071/2071/2071
f 1902/1902/1902 2071/2071/2071 1905/1905/1905
f 1905/1905/1905 2071/2071/2071 2073/2073/2073
f 1905/1905/1905 2073/2073/2073 1906/1906/1906
f 1906/1906/1906 2073/2073/2073 2074/2074/2074
f 1906/1906/1906 2074/2074/2074 1908/1908/1908
f 1908/1908/1908 2074/2074/2074 2077/2077/2077
f 1908/1908/1908 2077/2077/2077 1911/1911/1911
f 1911/1911/1911 2077/2077/2077 2079/2079/2079
f 1911/1911/1911 2079/2079/2079 1912/1912/1912
f 1912/1912/1912 2079/2079/2079 2081/2081/2081
f 1912/1912/1912 2081/2081/2081 1914/1914/1914
f 1914/1914/1914 2081/2081/2081 2083/2083/2083
f 1914/1914/1914 2083/2083/2083 1916/1916/1916
f 1916/1916/1916 2083/2083/2083 2085/2085/2085
f 1916/1916/1916 2085/2085/2085 1919/1919/1919
f 1919/1919/1919 2085/2085/2085 2086/2086/2086
f 1919/1919/1919 2086/2086/2086 1920/1920/1920
f 1920/1920/1920 2086/2086/2086 2088/2088/2088
f 1920/1920/1920 2088/2088/2088 1923/1923/1923
f 1923/1923/1923 2088/2088/2088 2090/2090/2090
f 1923/1923/1923 2090/2090/2090 1925/1925/1925
f 1925/1925/1925 2090/2090/2090 2093/2093/2093
f 1925/1925/1925 2093/2093/2093 1927/1927/1927
f 1927/1927/1927 2093/2093/2093 2095/2095/2095
f 1927/1927/1927 2095/2095/2095 1929/1929/1929
f 1929/1929/1929 2095/2095/2095 2097/2097/2097
f 1929/1929/1929 2097/2097/2097 1931/1931/1931
f 1931/1931/1931 2097/2097/2097 2098/2098/2098
f 1931/1931/1931 2098/2098/2098 1932/1932/1932
f 1932/1932/1932 2098/2098/2098 2100/2100/2100
f 1932/1932/1932 2100/2100/2100 1934/1934/1934
f 1934/1934/1934 2100/2100/2100 2103/2103/2103
f 1934/1934/1934 2103/2103/2103 1936/1936/1936
f 1936/1936/1936 2103/2103/2103 2104/2104/2104
f 1936/1936/1936 2104/2104/2104 1938/1938/1938
f 1938/1938/1938 2104/2104/2104 2106/2106/2106
f 1938/1938/1938 2106/2106/2106 1941/1941/1941
f 1941/1941/1941 2106/2106/2106 2002/2002/2002
f 1941/1941/1941 2002/2002/2002 1942/1942/1942
f 1942/1942/1942 2002/2002/2002 2004/2004/2004
f 1942/1942/1942 2004/2004/2004 1944/1944/1944
f 1944/1944/1944 2004/2004/2004 2006/2006/2006
f 1944/1944/1944 2006/2006/2006 1946/1946/1946
f 1946/1946/1946 2006/2006/2006 2007/2007/2007
f 1946/1946/1946 2007/2007/2007 1949/1949/1949
f 1949/1949/1949 2007/2007/2007 2010/2010/2010
f 1949/1949/1949 2010/2010/2010 1951/1951/1951
f 1951/1951/1951 2010/2010/2010 2011/2011/2011
f 1951/1951/1951 2011/2011/2011 1952/1952/1952
f 1952/1952/1952 2011/2011/2011 2014/2014/2014
f 1952/1952/1952 2014/2014/2014 1954/1954/1954
f 1954/1954/1954 2014/2014/2014 2016/2016/2016
f 1954/1954/1954 2016/2016/2016 1956/1956/1956
f 1956/1956/1956 2016/2016/2016 2018/2018/2018
f 1956/1956/1956 2018/2018/2018 1959/1959/1959
f 1959/1959/1959 2018/2018/2018 2019/2019/2019
f 1959/1959/1959 2019/2019/2019 1961/1961/1961
f 1961/1961/1961 2019/2019/2019 2021/2021/2021
f 1961/1961/1961 2021/2021/2021 1963/1963/1963
f 1963/1963/1963 2021/2021/2021 2023/2023/2023
f 1963/1963/1963 2023/2023/2023 1965/1965/1965
f 1965/1965/1965 2023/2023/2023 2026/2026/2026
f 1965/1965/1965 2026/2026/2026 1967/1967/1967
f 1967/1967/1967 2026/2026/2026 2027/2027/2027
f 1967/1967/1967 2027/2027/2027 1969/1969/1969
f 1969/1969/1969 2027/2027/2027 2029/2029/2029
f 1969/1969/1969 2029/2029/2029 1970/1970/1970
f 1970/1970/1970 2029/2029/2029 2031/2031/2031
f 1970/1970/1970 2031/2031/2031 1972/1972/1972
f 1972/1972/1972 2031/2031/2031 2034/2034/2034
f 1972/1972/1972 2034/2034/2034 1974/1974/1974
f 1974/1974/1974 2034/2034/2034 2035/2035/2035
f 1974/1974/1974 2035/2035/2035 1976/1976/1976
f 1976/1976/1976 2035/2035/2035 2037/2037/2037
f 1976/1976/1976 2037/2037/2037 1979/1979/1979
f 1979/1979/1979 2037/2037/2037 2040/2040/2040
f 1979/1979/1979 2040/2040/2040 1981/1981/1981
f 1981/1981/1981 2040/2040/2040 2041/2041/2041
f 1981/1981/1981 2041/2041/2041 1982/1982/1982
f 1982/1982/1982 2041/2041/2041 2043/2043/2043
f 1982/1982/1982 2043/2043/2043 1984/1984/1984
f 1984/1984/1984 2043/2043/2043 2046/2046/2046
f 1984/1984/1984 2046/2046/2046 1986/1986/1986
f 1986/1986/1986 2046/2046/2046 2047/2047/2047
f 1986/1986/1986 2047/2047/2047 1988/1988/1988
f 1988/1988/1988 2047/2047/2047 2049/2049/2049
f 1988/1988/1988 2049/2049/2049 1991/1991/1991
f 1991/1991/1991 2049/2049/2049 2051/2051/2051
f 1991/1991/1991 2051/2051/2051 1992/1992/1992
f 1992/1992/1992 2051/2051/2051 2053/2053/2053
f 2112/2112/2112 2003/2003/2003 2108/2108/2108
f 2108/2108/2108 2003/2003/2003 2000/2000/2000
f 2110/2110/2110 2001/2001/2001 2107/2107/2107
f 2003/2003/2003 2112/2112/2112 2005/2005/2005
f 2005/2005/2005 2112/2112/2112 2114/2114/2114
f 2005/2005/2005 2114/2114/2114 2008/2008/2008
f 2008/2008/2008 2114/2114/2114 2116/2116/2116
f 2008/2008/2008 2116/2116/2116 2009/2009/2009
f 2009/2009/2009 2116/2116/2116 2118/2118/2118
f 2009/2009/2009 2118/2118/2118 2012/2012/2012
f 2012/2012/2012 2118/2118/2118 2119/2119/2119
f 2012/2012/2012 2119/2119/2119 2013/2013/2013
f 2013/2013/2013 2119/2119/2119 2122/2122/2122
f 2013/2013/2013 2122/2122/2122 2015/2015/2015
f 2015/2015/2015 2122/2122/2122 2123/2123/2123
f 2015/2015/2015 2123/2123/2123 2017/2017/2017
f 2017/2017/2017 2123/2123/2123 2126/2126/2126
f 2017/2017/2017 2126/2126/2126 2020/2020/2020
f 2020/2020/2020 2126/2126/2126 2128/2128/2128
f 2020/2020/2020 2128/2128/2128 2022/2022/2022
f 2022/2022/2022 2128/2128/2128 2130/2130/2130
f 2022/2022/2022 2130/2130/2130 2024/2024/2024
f 2024/2024/2024 2130/2130/2130 2132/2132/2132
f 2024/2024/2024 2132/2132/2132 2025/2025/2025
f 2025/2025/2025 2132/2132/2132 2133/2133/2133
f 2025/2025/2025 2133/2133/2133 2028/2028/2028
f 2028/2028/2028 2133/2133/2133 2135/2135/2135
f 2028/2028/2028 2135/2135/2135 2030/2030/2030
f 2030/2030/2030 2135/2135/2135 2138/2138/2138
f 2030/2030/2030 2138/2138/2138 2032/2032/2032
f 2032/2032/2032 2138/2138/2138 2139/2139/2139
f 2032/2032/2032 2139/2139/2139 2033/2033/2033
f 2033/2033/2033 2139/2139/2139 2142/2142/2142
f 2033/2033/2033 2142/2142/2142 2036/2036/2036
f 2036/2036/2036 2142/2142/2142 2143/2143/2143
f 2036/2036/2036 2143/2143/2143 2038/2038/2038
f 2038/2038/2038 2143/2143/2143 2145/2145/2145
f 2038/2038/2038 2145/2145/2145 2039/2039/2039
f 2039/2039/2039 2145/2145/2145 2148/2148/2148
f 2039/2039/2039 2148/2148/2148 2042/2042/2042
f 2042/2042/2042 2148/2148/2148 2149/2149/2149
f 2042/2042/2042 2149/2149/2149 2044/2044/2044
f 2044/2044/2044 2149/2149/2149 2151/2151/2151
f 2044/2044/2044 2151/2151/2151 2045/2045/2045
f 2045/2045/2045 2151/2151/2151 2153/2153/2153
f 2045/2045/2045 2153/2153/2153 2048/2048/2048
f 2048/2048/2048 2153/2153/2153 2155/2155/2155
f 2048/2048/2048 2155/2155/2155 2050/2050/2050
f 2050/2050/2050 2155/2155/2155 2157/2157/2157
f 2050/2050/2050 2157/2157/2157 2052/2052/2052
f 2052/2052/2052 2157/2157/2157 2159/2159/2159
f 2052/2052/2052 2159/2159/2159 2055/2055/2055
f 2055/2055/2055 2159/2159/2159 2161/2161/2161
f 2055/2055/2055 2161/2161/2161 2057/2057/2057
f 2057/2057/2057 2161/2161/2161 2163/2163/2163
f 2057/2057/2057 2163/2163/2163 2058/2058/2058
f 2058/2058/2058 2163/2163/2163 2166/2166/2166
f 2058/2058/2058 2166/2166/2166 2061/2061/2061
f 2061/2061/2061 2166/2166/2166 2167/2167/2167
f 2061/2061/2061 2167/2167/2167 2063/2063/2063
f 2063/2063/2063 2167/2167/2167 2170/2170/2170
f 2063/2063/2063 2170/2170/2170 2065/2065/2065
f 2065/2065/2065 2170/2170/2170 2171/2171/2171
f 2065/2065/2065 2171/2171/2171 2067/2067/2067
f 2067/2067/2067 2171/2171/2171 2173/2173/2173
f 2067/2067/2067 2173/2173/2173 2069/2069/2069
f 2069/2069/2069 2173/2173/2173 2175/2175/2175
f 2069/2069/2069 2175/2175/2175 2070/2070/2070
f 2070/2070/2070 2175/2175/2175 2177/2177/2177
f 2070/2070/2070 2177/2177/2177 2072/2072/2072
f 2072/2072/2072 2177/2177/2177 2180/2180/2180
f 2072/2072/2072 2180/2180/2180 2075/2075/2075
f 2075/2075/2075 2180/2180/2180 2182/2182/2182
f 2075/2075/2075 2182/2182/2182 2076/2076/2076
f 2076/2076/2076 2182/2182/2182 2183/2183/2183
f 2076/2076/2076 2183/2183/2183 2078/2078/2078
f 2078/2078/2078 2183/2183/2183 2186/2186/2186
f 2078/2078/2078 2186/2186/2186 2080/2080/2080
f 2080/2080/2080 2186/2186/2186 2188/2188/2188
f 2080/2080/2080 2188/2188/2188 2082/2082/2082
f 2082/2082/2082 2188/2188/2188 2189/2189/2189
f 2082/2082/2082 2189/2189/2189 2084/2084/2084
f 2084/2084/2084 2189/2189/2189 2192/2192/2192
f 2084/2084/2084 2192/2192/2192 2087/2087/2087
f 2087/2087/2087 2192/2192/2192 2193/2193/2193
f 2087/2087/2087 2193/2193/2193 2089/2089/2089
f 2089/2089/2089 2193/2193/2193 2196/2196/2196
f 2089/2089/2089 2196/2196/2196 2091/2091/2091
f 2091/2091/2091 2196/2196/2196 2197/2197/2197
f 2091/2091/2091 2197/2197/2197 2092/2092/2092
f 2092/2092/2092 2197/2197/2197 2200/2200/2200
f 2092/2092/2092 2200/2200/2200 2094/2094/2094
f 2094/2094/2094 2200/2200/2200 2202/2202/2202
f 2094/2094/2094 2202/2202/2202 2096/2096/2096
f 2096/2096/2096 2202/2202/2202 2204/2204/2204
f 2096/2096/2096 2204/2204/2204 2099/2099/2099
f 2099/2099/2099 2204/2204/2204 2206/2206/2206
f 2099/2099/2099 2206/2206/2206 2101/2101/2101
f 2101/2101/2101 2206/2206/2206 2207/2207/2207
f 2101/2101/2101 2207/2207/2207 2102/2102/2102
f 2102/2102/2102 2207/2207/2207 2210/2210/2210
f 2102/2102/2102 2210/2210/2210 2105/2105/2105
f 2105/2105/2105 2210/2210/2210 2211/2211/2211
f 2105/2105/2105 2211/2211/2211 2107/2107/2107
f 2107/2107/2107 2211/2211/2211 2110/2110/2110
f 2212/2212/2212 1380/1380/1380 2109/2109/2109
f 2109/2109/2109 1380/1380/1380 1378/1378/1378
f 2109/2109/2109 1378/1378/1378 2111/2111/2111
f 2111/2111/2111 1378/1378/1378 1376/1376/1376
f 2111/2111/2111 1376/1376/1376 2113/2113/2113
f 2113/2113/2113 1376/1376/1376 1373/1373/1373
f 2113/2113/2113 1373/1373/1373 2115/2115/2115
f 2115/2115/2115 1373/1373/1373 1372/1372/1372
f 2115/2115/2115 1372/1372/1372 2117/2117/2117
f 2117/2117/2117 1372/1372/1372 1370/1370/1370
f 2117/2117/2117 1370/1370/1370 2120/2120/2120
f 2120/2120/2120 1370/1370/1370 2121/2121/2121
f 2121/2121/2121 1370/1370/1370 1367/1367/1367
f 2121/2121/2121 1367/1367/1367 2124/2124/2124
f 2124/2124/2124 1367/1367/1367 1366/1366/1366
f 2124/2124/2124 1366/1366/1366 2125/2125/2125
f 2125/2125/2125 1366/1366/1366 1364/1364/1364
f 2125/2125/2125 1364/1364/1364 2127/2127/2127
f 2127/2127/2127 1364/1364/1364 1361/1361/1361
f 2127/2127/2127 1361/1361/1361 2129/2129/2129
f 2129/2129/2129 1361/1361/1361 1359/1359/1359
f 2129/2129/2129 1359/1359/1359 2131/2131/2131
f 2131/2131/2131 1359/1359/1359 1357/1357/1357
f 2131/2131/2131 1357/1357/1357 2134/2134/2134
f 2134/2134/2134 1357/1357/1357 1355/1355/1355
f 2134/2134/2134 1355/1355/1355 2136/2136/2136
f 2136/2136/2136 1355/1355/1355 1353/1353/1353
f 2136/2136/2136 1353/1353/1353 2137/2137/2137
f 2137/2137/2137 1353/1353/1353 1352/1352/1352
f 2137/2137/2137 1352/1352/1352 2140/2140/2140
f 2140/2140/2140 1352/1352/1352 1350/1350/1350
f 2140/2140/2140 1350/1350/1350 2141/2141/2141
f 2141/2141/2141 1350/1350/1350 2144/2144/2144
f 2144/2144/2144 1350/1350/1350 1348/1348/1348
f 2144/2144/2144 1348/1348/1348 2146/2146/2146
f 2146/2146/2146 1348/1348/1348 1346/1346/1346
f 2146/2146/2146 1346/1346/1346 2147/2147/2147
f 2147/2147/2147 1346/1346/1346 1343/1343/1343
f 2147/2147/2147 1343/1343/1343 2150/2150/2150
f 2150/2150/2150 1343/1343/1343 1342/1342/1342
f 2150/2150/2150 1342/1342/1342 2152/2152/2152
f 2152/2152/2152 1342/1342/1342 1340/1340/1340
f 2152/2152/2152 1340/1340/1340 2154/2154/2154
f 2154/2154/2154 1340/1340/1340 1337/1337/1337
f 2154/2154/2154 1337/1337/1337 2156/2156/2156
f 2156/2156/2156 1337/1337/1337 1336/1336/1336
f 2156/2156/2156 1336/1336/1336 2158/2158/2158
f 2158/2158/2158 1336/1336/1336 1334/1334/1334
f 2158/2158/2158 1334/1334/1334 2160/2160/2160
f 2160/2160/2160 1334/1334/1334 1332/1332/1332
f 2160/2160/2160 1332/1332/1332 2162/2162/2162
f 2162/2162/2162 1332/1332/1332 2164/2164/2164
f 2164/2164/2164 1332/1332/1332 1424/1424/1424
f 2164/2164/2164 1424/1424/1424 2165/2165/2165
f 2165/2165/2165 1424/1424/1424 1421/1421/1421
f 2165/2165/2165 1421/1421/1421 2168/2168/2168
f 2168/2168/2168 1421/1421/1421 1419/1419/1419
f 2168/2168/2168 1419/1419/1419 2169/2169/2169
f 2169/2169/2169 1419/1419/1419 1418/1418/1418
f 2169/2169/2169 1418/1418/1418 2172/2172/2172
f 2172/2172/2172 1418/1418/1418 1416/1416/1416
f 2172/2172/2172 1416/1416/1416 2174/2174/2174
f 2174/2174/2174 1416/1416/1416 1414/1414/1414
f 2174/2174/2174 1414/1414/1414 2176/2176/2176
f 2176/2176/2176 1414/1414/1414 1411/1411/1411
f 2176/2176/2176 1411/1411/1411 2178/2178/2178
f 2178/2178/2178 1411/1411/1411 1409/1409/1409
f 2178/2178/2178 1409/1409/1409 2179/2179/2179
f 2179/2179/2179 1409/1409/1409 1408/1408/1408
f 2179/2179/2179 1408/1408/1408 2181/2181/2181
f 2181/2181/2181 1408/1408/1408 2184/2184/2184
f 2184/2184/2184 1408/1408/1408 1406/1406/1406
f 2184/2184/2184 1406/1406/1406 2185/2185/2185
f 2185/2185/2185 1406/1406/1406 1404/1404/1404
f 2185/2185/2185 1404/1404/1404 2187/2187/2187
f 2187/2187/2187 1404/1404/1404 1402/1402/1402
f 2187/2187/2187 1402/1402/1402 2190/2190/2190
f 2190/2190/2190 1402/1402/1402 1400/1400/1400
f 2190/2190/2190 1400/1400/1400 2191/2191/2191
f 2191/2191/2191 1400/1400/1400 1398/1398/1398
f 2191/2191/2191 1398/1398/1398 2194/2194/2194
f 2194/2194/2194 1398/1398/1398 1396/1396/1396
f 2194/2194/2194 1396/1396/1396 2195/2195/2195
f 2195/2195/2195 1396/1396/1396 1393/1393/1393
f 2195/2195/2195 1393/1393/1393 2198/2198/2198
f 2198/2198/2198 1393/1393/1393 1391/1391/1391
f 2198/2198/2198 1391/1391/1391 2199/2199/2199
f 2199/2199/2199 1391/1391/1391 1389/1389/1389
f 2199/2199/2199 1389/1389/1389 2201/2201/2201
f 2201/2201/2201 1389/1389/1389 1387/1387/1387
f 2201/2201/2201 1387/1387/1387 2203/2203/2203
f 2203/2203/2203 1387/1387/1387 2205/2205/2205
f 2205/2205/2205 1387/1387/1387 1385/1385/1385
f 2205/2205/2205 1385/1385/1385 2208/2208/2208
f 2208/2208/2208 1385/1385/1385 1384/1384/1384
f 2208/2208/2208 1384/1384/1384 2209/2209/2209
f 2209/2209/2209 1384/1384/1384 1382/1382/1382
f 2209/2209/2209 1382/1382/1382 2212/2212/2212
f 2212/2212/2212 1382/1382/1382 1380/1380/1380
f 2217/2217/2217 2252/2252/2252 2213/2213/2213
f 2213/2213/2213 2252/2252/2252 2254/2254/2254
f 2213/2213/2213 2254/2254/2254 2293/2293/2293
f 2293/2293/2293 2254/2254/2254 2256/2256/2256
f 2293/2293/2293 2256/2256/2256 2291/2291/2291
f 2291/2291/2291 2256/2256/2256 2258/2258/2258
f 2291/2291/2291 2258/2258/2258 2289/2289/2289
f 2289/2289/2289 2258/2258/2258 2261/2261/2261
f 2289/2289/2289 2261/2261/2261 2287/2287/2287
f 2287/2287/2287 2261/2261/2261 2263/2263/2263
f 2287/2287/2287 2263/2263/2263 2285/2285/2285
f 2285/2285/2285 2263/2263/2263 2264/2264/2264
f 2285/2285/2285 2264/2264/2264 2282/2282/2282
f 2282/2282/2282 2264/2264/2264 2266/2266/2266
f 2282/2282/2282 2266/2266/2266 2280/2280/2280
f 2280/2280/2280 2266/2266/2266 2268/2268/2268
f 2280/2280/2280 2268/2268/2268 2279/2279/2279
f 2279/2279/2279 2268/2268/2268 2270/2270/2270
f 2279/2279/2279 2270/2270/2270 2276/2276/2276
f 2276/2276/2276 2270/2270/2270 2273/2273/2273
f 2276/2276/2276 2273/2273/2273 2275/2275/2275
f 2252/2252/2252 2217/2217/2217 2250/2250/2250
f 2250/2250/2250 2217/2217/2217 2218/2218/2218
f 2250/2250/2250 2218/2218/2218 2249/2249/2249
f 2249/2249/2249 2218/2218/2218 2220/2220/2220
f 2249/2249/2249 2220/2220/2220 2247/2247/2247
f 2247/2247/2247 2220/2220/2220 2222/2222/2222
f 2247/2247/2247 2222/2222/2222 2245/2245/2245
f 2245/2245/2245 2222/2222/2222 2225/2225/2225
f 2245/2245/2245 2225/2225/2225 2242/2242/2242
f 2242/2242/2242 2225/2225/2225 2226/2226/2226
f 2242/2242/2242 2226/2226/2226 2241/2241/2241
f 2241/2241/2241 2226/2226/2226 2228/2228/2228
f 2241/2241/2241 2228/2228/2228 2239/2239/2239
f 2239/2239/2239 2228/2228/2228 2231/2231/2231
f 2239/2239/2239 2231/2231/2231 2236/2236/2236
f 2236/2236/2236 2231/2231/2231 2233/2233/2233
f 2236/2236/2236 2233/2233/2233 2234/2234/2234
f 1328/1328/1328 2296/2296/2296 1246/1246/1246
f 1246/1246/1246 2296/2296/2296 2295/2295/2295
f 1247/1247/1247 2294/2294/2294 1248/1248/1248
f 1248/1248/1248 2294/2294/2294 2336/2336/2336
f 1248/1248/1248 2336/2336/2336 1250/1250/1250
f 1250/1250/1250 2336/2336/2336 2335/2335/2335
f 1250/1250/1250 2335/2335/2335 1252/1252/1252
f 1252/1252/1252 2335/2335/2335 2334/2334/2334
f 1252/1252/1252 2334/2334/2334 1255/1255/1255
f 1255/1255/1255 2334/2334/2334 2333/2333/2333
f 1255/1255/1255 2333/2333/2333 1257/1257/1257
f 1257/1257/1257 2333/2333/2333 2332/2332/2332
f 1257/1257/1257 2332/2332/2332 1259/1259/1259
f 1259/1259/1259 2332/2332/2332 2331/2331/2331
f 1259/1259/1259 2331/2331/2331 1260/1260/1260
f 1260/1260/1260 2331/2331/2331 2330/2330/2330
f 1260/1260/1260 2330/2330/2330 1263/1263/1263
f 1263/1263/1263 2330/2330/2330 2329/2329/2329
f 1263/1263/1263 2329/2329/2329 1265/1265/1265
f 1265/1265/1265 2329/2329/2329 2328/2328/2328
f 1265/1265/1265 2328/2328/2328 1266/1266/1266
f 1266/1266/1266 2328/2328/2328 2327/2327/2327
f 1266/1266/1266 2327/2327/2327 1268/1268/1268
f 1268/1268/1268 2327/2327/2327 2326/2326/2326
f 1268/1268/1268 2326/2326/2326 1271/1271/1271
f 1271/1271/1271 2326/2326/2326 2325/2325/2325
f 1271/1271/1271 2325/2325/2325 1273/1273/1273
f 1273/1273/1273 2325/2325/2325 2324/2324/2324
f 1273/1273/1273 2324/2324/2324 1275/1275/1275
f 1275/1275/1275 2324/2324/2324 2323/2323/2323
f 1275/1275/1275 2323/2323/2323 1277/1277/1277
f 1277/1277/1277 2323/2323/2323 2322/2322/2322
f 1277/1277/1277 2322/2322/2322 1279/1279/1279
f 1279/1279/1279 2322/2322/2322 2321/2321/2321
f 1279/1279/1279 2321/2321/2321 1281/1281/1281
f 1281/1281/1281 2321/2321/2321 2320/2320/2320
f 1281/1281/1281 2320/2320/2320 1283/1283/1283
f 1283/1283/1283 2320/2320/2320 2319/2319/2319
f 1283/1283/1283 2319/2319/2319 1285/1285/1285
f 1285/1285/1285 2319/2319/2319 2318/2318/2318
f 1285/1285/1285 2318/2318/2318 1286/1286/1286
f 1286/1286/1286 2318/2318/2318 2317/2317/2317
f 1286/1286/1286 2317/2317/2317 1288/1288/1288
f 1288/1288/1288 2317/2317/2317 2316/2316/2316
f 1288/1288/1288 2316/2316/2316 1291/1291/1291
f 1291/1291/1291 2316/2316/2316 2315/2315/2315
f 1291/1291/1291 2315/2315/2315 1293/1293/1293
f 1293/1293/1293 2315/2315/2315 2314/2314/2314
f 1293/1293/1293 2314/2314/2314 1294/1294/1294
f 1294/1294/1294 2314/2314/2314 2313/2313/2313
f 1294/1294/1294 2313/2313/2313 1297/1297/1297
f 1297/1297/1297 2313/2313/2313 2312/2312/2312
f 1297/1297/1297 2312/2312/2312 1298/1298/1298
f 1298/1298/1298 2312/2312/2312 2311/2311/2311
f 1298/1298/1298 2311/2311/2311 1300/1300/1300
f 1300/1300/1300 2311/2311/2311 2310/2310/2310
f 1300/1300/1300 2310/2310/2310 1302/1302/1302
f 1302/1302/1302 2310/2310/2310 2309/2309/2309
f 1302/1302/1302 2309/2309/2309 1304/1304/1304
f 1304/1304/1304 2309/2309/2309 2308/2308/2308
f 1304/1304/1304 2308/2308/2308 1306/1306/1306
f 1306/1306/1306 2308/2308/2308 2307/2307/2307
f 1306/1306/1306 2307/2307/2307 1308/1308/1308
f 1308/1308/1308 2307/2307/2307 2306/2306/2306
f 1308/1308/1308 2306/2306/2306 1310/1310/1310
f 1310/1310/1310 2306/2306/2306 2305/2305/2305
f 1310/1310/1310 2305/2305/2305 1313/1313/1313
f 1313/1313/1313 2305/2305/2305 2304/2304/2304
f 1313/1313/1313 2304/2304/2304 1315/1315/1315
f 1315/1315/1315 2304/2304/2304 2303/2303/2303
f 1315/1315/1315 2303/2303/2303 1317/1317/1317
f 1317/1317/1317 2303/2303/2303 2302/2302/2302
f 1317/1317/1317 2302/2302/2302 1318/1318/1318
f 1318/1318/1318 2302/2302/2302 2301/2301/2301
f 1318/1318/1318 2301/2301/2301 1321/1321/1321
f 1321/1321/1321 2301/2301/2301 2300/2300/2300
f 1321/1321/1321 2300/2300/2300 1323/1323/1323
f 1323/1323/1323 2300/2300/2300 2299/2299/2299
f 1323/1323/1323 2299/2299/2299 1325/1325/1325
f 1325/1325/1325 2299/2299/2299 2298/2298/2298
f 1325/1325/1325 2298/2298/2298 1327/1327/1327
f 1327/1327/1327 2298/2298/2298 2297/2297/2297
f 1327/1327/1327 2297/2297/2297 1328/1328/1328
f 1328/1328/1328 2297/2297/2297 2296/2296/2296
f 2292/2292/2292 2336/2336/2336 2214/2214/2214
f 2214/2214/2214 2336/2336/2336 2294/2294/2294
f 2215/2215/2215 2295/2295/2295 2296/2296/2296
f 2336/2336/2336 2292/2292/2292 2335/2335/2335
f 2335/2335/2335 2292/2292/2292 2290/2290/2290
f 2335/2335/2335 2290/2290/2290 2334/2334/2334
f 2334/2334/2334 2290/2290/2290 2288/2288/2288
f 2334/2334/2334 2288/2288/2288 2333/2333/2333
f 2333/2333/2333 2288/2288/2288 2286/2286/2286
f 2333/2333/2333 2286/2286/2286 2332/2332/2332
f 2332/2332/2332 2286/2286/2286 2284/2284/2284
f 2332/2332/2332 2284/2284/2284 2331/2331/2331
f 2331/2331/2331 2284/2284/2284 2283/2283/2283
f 2331/2331/2331 2283/2283/2283 2330/2330/2330
f 2330/2330/2330 2283/2283/2283 2281/2281/2281
f 2330/2330/2330 2281/2281/2281 2329/2329/2329
f 2329/2329/2329 2281/2281/2281 2278/2278/2278
f 2329/2329/2329 2278/2278/2278 2328/2328/2328
f 2328/2328/2328 2278/2278/2278 2277/2277/2277
f 2328/2328/2328 2277/2277/2277 2327/2327/2327
f 2327/2327/2327 2277/2277/2277 2274/2274/2274
f 2327/2327/2327 2274/2274/2274 2326/2326/2326
f 2326/2326/2326 2274/2274/2274 2272/2272/2272
f 2326/2326/2326 2272/2272/2272 2325/2325/2325
f 2325/2325/2325 2272/2272/2272 2271/2271/2271
f 2325/2325/2325 2271/2271/2271 2324/2324/2324
f 2324/2324/2324 2271/2271/2271 2269/2269/2269
f 2324/2324/2324 2269/2269/2269 2323/2323/2323
f 2323/2323/2323 2269/2269/2269 2267/2267/2267
f 2323/2323/2323 2267/2267/2267 2322/2322/2322
f 2322/2322/2322 2267/2267/2267 2265/2265/2265
f 2322/2322/2322 2265/2265/2265 2321/2321/2321
f 2321/2321/2321 2265/2265/2265 2262/2262/2262
f 2321/2321/2321 2262/2262/2262 2320/2320/2320
f 2320/2320/2320 2262/2262/2262 2260/2260/2260
f 2320/2320/2320 2260/2260/2260 2319/2319/2319
f 2319/2319/2319 2260/2260/2260 2259/2259/2259
f 2319/2319/2319 2259/2259/2259 2318/2318/2318
f 2318/2318/2318 2259/2259/2259 2257/2257/2257
f 2318/2318/2318 2257/2257/2257 2317/2317/2317
f 2317/2317/2317 2257/2257/2257 2255/2255/2255
f 2317/2317/2317 2255/2255/2255 2316/2316/2316
f 2316/2316/2316 2255/2255/2255 2315/2315/2315
f 2255/2255/2255 2253/2253/2253 2315/2315/2315
f 2315/2315/2315 2253/2253/2253 2314/2314/2314
f 2253/2253/2253 2251/2251/2251 2314/2314/2314
f 2314/2314/2314 2251/2251/2251 2313/2313/2313
f 2251/2251/2251 2248/2248/2248 2313/2313/2313
f 2313/2313/2313 2248/2248/2248 2312/2312/2312
f 2248/2248/2248 2246/2246/2246 2312/2312/2312
f 2312/2312/2312 2246/2246/2246 2311/2311/2311
f 2246/2246/2246 2244/2244/2244 2311/2311/2311
f 2311/2311/2311 2244/2244/2244 2310/2310/2310
f 2244/2244/2244 2243/2243/2243 2310/2310/2310
f 2310/2310/2310 2243/2243/2243 2309/2309/2309
f 2243/2243/2243 2240/2240/2240 2309/2309/2309
f 2309/2309/2309 2240/2240/2240 2308/2308/2308
f 2240/2240/2240 2238/2238/2238 2308/2308/2308
f 2308/2308/2308 2238/2238/2238 2307/2307/2307
f 2238/2238/2238 2237/2237/2237 2307/2307/2307
f 2307/2307/2307 2237/2237/2237 2306/2306/2306
f 2237/2237/2237 2235/2235/2235 2306/2306/2306
f 2306/2306/2306 2235/2235/2235 2305/2305/2305
f 2235/2235/2235 2232/2232/2232 2305/2305/2305
f 2305/2305/2305 2232/2232/2232 2304/2304/2304
f 2232/2232/2232 2230/2230/2230 2304/2304/2304
f 2304/2304/2304 2230/2230/2230 2303/2303/2303
f 2230/2230/2230 2229/2229/2229 2303/2303/2303
f 2303/2303/2303 2229/2229/2229 2302/2302/2302
f 2229/2229/2229 2227/2227/2227 2302/2302/2302
f 2302/2302/2302 2227/2227/2227 2301/2301/2301
f 2227/2227/2227 2224/2224/2224 2301/2301/2301
f 2301/2301/2301 2224/2224/2224 2300/2300/2300
f 2224/2224/2224 2223/2223/2223 2300/2300/2300
f 2300/2300/2300 2223/2223/2223 2299/2299/2299
f 2223/2223/2223 2221/2221/2221 2299/2299/2299
f 2299/2299/2299 2221/2221/2221 2298/2298/2298
f 2221/2221/2221 2219/2219/2219 2298/2298/2298
f 2298/2298/2298 2219/2219/2219 2297/2297/2297
f 2219/2219/2219 2216/2216/2216 2297/2297/2297
f 2297/2297/2297 2216/2216/2216 2296/2296/2296
f 2216/2216/2216 2215/2215/2215 2296/2296/2296
f 1691/1691/1691 1508/1508/1508 2337/2337/2337
f 2337/2337/2337 1508/1508/1508 972/972/972
f 2337/2337/2337 972/972/972 970/970/970
f 2337/2337/2337 970/970/970 2338/2338/2338
f 2338/2338/2338 970/970/970 968/968/968
f 2338/2338/2338 968/968/968 1696/1696/1696
f 1696/1696/1696 968/968/968 965/965/965
f 1696/1696/1696 1693/1693/1693 2338/2338/2338
f 2338/2338/2338 1693/1693/1693 1691/1691/1691
f 2338/2338/2338 1691/1691/1691 2337/2337/2337
f 1695/1695/1695 967/967/967 1698/1698/1698
f 1698/1698/1698 967/967/967 964/964/964
f 1698/1698/1698 964/964/964 962/962/962
f 959/959/959 1701/1701/1701 962/962/962
f 962/962/962 1701/1701/1701 1699/1699/1699
f 962/962/962 1699/1699/1699 1698/1698/1698
f 1702/1702/1702 958/958/958 1704/1704/1704
f 1704/1704/1704 958/958/958 2340/2340/2340
f 1704/1704/1704 2340/2340/2340 1706/1706/1706
f 1706/1706/1706 2340/2340/2340 2339/2339/2339
f 1706/1706/1706 2339/2339/2339 1710/1710/1710
f 1710/1710/1710 2339/2339/2339 951/951/951
f 951/951/951 2339/2339/2339 954/954/954
f 954/954/954 2339/2339/2339 2340/2340/2340
f 954/954/954 2340/2340/2340 957/957/957
f 957/957/957 2340/2340/2340 958/958/958
f 953/953/953 949/949/949 1709/1709/1709
f 1709/1709/1709 949/949/949 1711/1711/1711
f 1715/1715/1715 1712/1712/1712 2342/2342/2342
f 2342/2342/2342 1712/1712/1712 948/948/948
f 2342/2342/2342 948/948/948 947/947/947
f 2342/2342/2342 947/947/947 2341/2341/2341
f 2341/2341/2341 947/947/947 945/945/945
f 2341/2341/2341 945/945/945 1718/1718/1718
f 1718/1718/1718 945/945/945 943/943/943
f 1718/1718/1718 1717/1717/1717 2341/2341/2341
f 2341/2341/2341 1717/1717/1717 1715/1715/1715
f 2341/2341/2341 1715/1715/1715 2342/2342/2342
f 1719/1719/1719 942/942/942 1721/1721/1721
f 1721/1721/1721 942/942/942 940/940/940
f 1721/1721/1721 940/940/940 1723/1723/1723
f 1723/1723/1723 940/940/940 938/938/938
f 1723/1723/1723 938/938/938 1726/1726/1726
f 1726/1726/1726 938/938/938 936/936/936
f 1727/1727/1727 934/934/934 1728/1728/1728
f 1728/1728/1728 934/934/934 2344/2344/2344
f 1728/1728/1728 2344/2344/2344 1730/1730/1730
f 1730/1730/1730 2344/2344/2344 2343/2343/2343
f 1730/1730/1730 2343/2343/2343 1732/1732/1732
f 1732/1732/1732 2343/2343/2343 928/928/928
f 928/928/928 2343/2343/2343 931/931/931
f 931/931/931 2343/2343/2343 2344/2344/2344
f 931/931/931 2344/2344/2344 932/932/932
f 932/932/932 2344/2344/2344 934/934/934
f 1733/1733/1733 929/929/929 1735/1735/1735
f 1735/1735/1735 929/929/929 924/924/924
f 1739/1739/1739 1736/1736/1736 2345/2345/2345
f 2345/2345/2345 1736/1736/1736 925/925/925
f 2345/2345/2345 925/925/925 923/923/923
f 2345/2345/2345 923/923/923 2346/2346/2346
f 2346/2346/2346 923/923/923 920/920/920
f 2346/2346/2346 920/920/920 1744/1744/1744
f 1744/1744/1744 920/920/920 917/917/917
f 1744/1744/1744 1740/1740/1740 2346/2346/2346
f 2346/2346/2346 1740/1740/1740 1739/1739/1739
f 2346/2346/2346 1739/1739/1739 2345/2345/2345
f 1742/1742/1742 918/918/918 1746/1746/1746
f 1746/1746/1746 918/918/918 916/916/916
f 1746/1746/1746 916/916/916 914/914/914
f 910/910/910 1750/1750/1750 914/914/914
f 914/914/914 1750/1750/1750 1748/1748/1748
f 914/914/914 1748/1748/1748 1746/1746/1746
f 1751/1751/1751 911/911/911 1752/1752/1752
f 1752/1752/1752 911/911/911 2348/2348/2348
f 1752/1752/1752 2348/2348/2348 1755/1755/1755
f 1755/1755/1755 2348/2348/2348 2347/2347/2347
f 1755/1755/1755 2347/2347/2347 1757/1757/1757
f 1757/1757/1757 2347/2347/2347 905/905/905
f 905/905/905 2347/2347/2347 907/907/907
f 907/907/907 2347/2347/2347 2348/2348/2348
f 907/907/907 2348/2348/2348 909/909/909
f 909/909/909 2348/2348/2348 911/911/911
f 903/903/903 901/901/901 1758/1758/1758
f 1758/1758/1758 901/901/901 1760/1760/1760
f 1763/1763/1763 1761/1761/1761 2350/2350/2350
f 2350/2350/2350 1761/1761/1761 902/902/902
f 2350/2350/2350 902/902/902 898/898/898
f 2350/2350/2350 898/898/898 2349/2349/2349
f 2349/2349/2349 898/898/898 897/897/897
f 2349/2349/2349 897/897/897 1767/1767/1767
f 1767/1767/1767 897/897/897 894/894/894
f 1767/1767/1767 1764/1764/1764 2349/2349/2349
f 2349/2349/2349 1764/1764/1764 1763/1763/1763
f 2349/2349/2349 1763/1763/1763 2350/2350/2350
f 1768/1768/1768 893/893/893 1770/1770/1770
f 1770/1770/1770 893/893/893 891/891/891
f 1770/1770/1770 891/891/891 1772/1772/1772
f 1772/1772/1772 891/891/891 889/889/889
f 1772/1772/1772 889/889/889 1774/1774/1774
f 1774/1774/1774 889/889/889 887/887/887
f 1773/1773/1773 888/888/888 1776/1776/1776
f 1776/1776/1776 888/888/888 2352/2352/2352
f 1776/1776/1776 2352/2352/2352 1779/1779/1779
f 1779/1779/1779 2352/2352/2352 2351/2351/2351
f 1779/1779/1779 2351/2351/2351 1781/1781/1781
f 1781/1781/1781 2351/2351/2351 880/880/880
f 880/880/880 2351/2351/2351 883/883/883
f 883/883/883 2351/2351/2351 2352/2352/2352
f 883/883/883 2352/2352/2352 885/885/885
f 885/885/885 2352/2352/2352 888/888/888
f 1780/1780/1780 879/879/879 1784/1784/1784
f 1784/1784/1784 879/879/879 878/878/878
f 1786/1786/1786 1783/1783/1783 2353/2353/2353
f 2353/2353/2353 1783/1783/1783 876/876/876
f 2353/2353/2353 876/876/876 874/874/874
f 2353/2353/2353 874/874/874 2354/2354/2354
f 2354/2354/2354 874/874/874 873/873/873
f 2354/2354/2354 873/873/873 1791/1791/1791
f 1791/1791/1791 873/873/873 870/870/870
f 1791/1791/1791 1789/1789/1789 2354/2354/2354
f 2354/2354/2354 1789/1789/1789 1786/1786/1786
f 2354/2354/2354 1786/1786/1786 2353/2353/2353
f 1792/1792/1792 869/869/869 1794/1794/1794
f 1794/1794/1794 869/869/869 867/867/867
f 1794/1794/1794 867/867/867 866/866/866
f 863/863/863 1797/1797/1797 866/866/866
f 866/866/866 1797/1797/1797 1795/1795/1795
f 866/866/866 1795/1795/1795 1794/1794/1794
f 1798/1798/1798 862/862/862 1801/1801/1801
f 1801/1801/1801 862/862/862 2356/2356/2356
f 1801/1801/1801 2356/2356/2356 1803/1803/1803
f 1803/1803/1803 2356/2356/2356 2355/2355/2355
f 1803/1803/1803 2355/2355/2355 1805/1805/1805
f 1805/1805/1805 2355/2355/2355 856/856/856
f 856/856/856 2355/2355/2355 859/859/859
f 859/859/859 2355/2355/2355 2356/2356/2356
f 859/859/859 2356/2356/2356 860/860/860
f 860/860/860 2356/2356/2356 862/862/862
f 857/857/857 852/852/852 1806/1806/1806
f 1806/1806/1806 852/852/852 1808/1808/1808
f 1810/1810/1810 1807/1807/1807 2358/2358/2358
f 2358/2358/2358 1807/1807/1807 853/853/853
f 2358/2358/2358 853/853/853 851/851/851
f 2358/2358/2358 851/851/851 2357/2357/2357
f 2357/2357/2357 851/851/851 848/848/848
f 2357/2357/2357 848/848/848 1815/1815/1815
f 1815/1815/1815 848/848/848 845/845/845
f 1815/1815/1815 1813/1813/1813 2357/2357/2357
f 2357/2357/2357 1813/1813/1813 1810/1810/1810
f 2357/2357/2357 1810/1810/1810 2358/2358/2358
f 1816/1816/1816 846/846/846 1818/1818/1818
f 1818/1818/1818 846/846/846 844/844/844
f 1818/1818/1818 844/844/844 1819/1819/1819
f 1819/1819/1819 844/844/844 842/842/842
f 1819/1819/1819 842/842/842 1823/1823/1823
f 1823/1823/1823 842/842/842 839/839/839
f 1821/1821/1821 838/838/838 1825/1825/1825
f 1825/1825/1825 838/838/838 2360/2360/2360
f 1825/1825/1825 2360/2360/2360 1827/1827/1827
f 1827/1827/1827 2360/2360/2360 2359/2359/2359
f 1827/1827/1827 2359/2359/2359 1829/1829/1829
f 1829/1829/1829 2359/2359/2359 832/832/832
f 832/832/832 2359/2359/2359 834/834/834
f 834/834/834 2359/2359/2359 2360/2360/2360
f 834/834/834 2360/2360/2360 837/837/837
f 837/837/837 2360/2360/2360 838/838/838
f 1828/1828/1828 833/833/833 1832/1832/1832
f 1832/1832/1832 833/833/833 828/828/828
f 1834/1834/1834 1831/1831/1831 2361/2361/2361
f 2361/2361/2361 1831/1831/1831 830/830/830
f 2361/2361/2361 830/830/830 826/826/826
f 2361/2361/2361 826/826/826 2362/2362/2362
f 2362/2362/2362 826/826/826 824/824/824
f 2362/2362/2362 824/824/824 1839/1839/1839
f 1839/1839/1839 824/824/824 823/823/823
f 1839/1839/1839 1837/1837/1837 2362/2362/2362
f 2362/2362/2362 1837/1837/1837 1834/1834/1834
f 2362/2362/2362 1834/1834/1834 2361/2361/2361
f 1840/1840/1840 822/822/822 1842/1842/1842
f 1842/1842/1842 822/822/822 819/819/819
f 1842/1842/1842 819/819/819 818/818/818
f 816/816/816 1847/1847/1847 818/818/818
f 818/818/818 1847/1847/1847 1844/1844/1844
f 818/818/818 1844/1844/1844 1842/1842/1842
f 1846/1846/1846 815/815/815 1849/1849/1849
f 1849/1849/1849 815/815/815 2364/2364/2364
f 1849/1849/1849 2364/2364/2364 1851/1851/1851
f 1851/1851/1851 2364/2364/2364 2363/2363/2363
f 1851/1851/1851 2363/2363/2363 1854/1854/1854
f 1854/1854/1854 2363/2363/2363 809/809/809
f 809/809/809 2363/2363/2363 811/811/811
f 811/811/811 2363/2363/2363 2364/2364/2364
f 811/811/811 2364/2364/2364 813/813/813
f 813/813/813 2364/2364/2364 815/815/815
f 808/808/808 804/804/804 1852/1852/1852
f 1852/1852/1852 804/804/804 1857/1857/1857
f 1858/1858/1858 1856/1856/1856 2366/2366/2366
f 2366/2366/2366 1856/1856/1856 805/805/805
f 2366/2366/2366 805/805/805 802/802/802
f 2366/2366/2366 802/802/802 2365/2365/2365
f 2365/2365/2365 802/802/802 800/800/800
f 2365/2365/2365 800/800/800 1864/1864/1864
f 1864/1864/1864 800/800/800 797/797/797
f 1864/1864/1864 1861/1861/1861 2365/2365/2365
f 2365/2365/2365 1861/1861/1861 1858/1858/1858
f 2365/2365/2365 1858/1858/1858 2366/2366/2366
f 1863/1863/1863 799/799/799 1866/1866/1866
f 1866/1866/1866 799/799/799 795/795/795
f 1866/1866/1866 795/795/795 1868/1868/1868
f 1868/1868/1868 795/795/795 793/793/793
f 1868/1868/1868 793/793/793 1871/1871/1871
f 1871/1871/1871 793/793/793 791/791/791
f 1869/1869/1869 790/790/790 1873/1873/1873
f 1873/1873/1873 790/790/790 2368/2368/2368
f 1873/1873/1873 2368/2368/2368 1875/1875/1875
f 1875/1875/1875 2368/2368/2368 2367/2367/2367
f 1875/1875/1875 2367/2367/2367 1877/1877/1877
f 1877/1877/1877 2367/2367/2367 785/785/785
f 785/785/785 2367/2367/2367 787/787/787
f 787/787/787 2367/2367/2367 2368/2368/2368
f 787/787/787 2368/2368/2368 788/788/788
f 788/788/788 2368/2368/2368 790/790/790
f 1876/1876/1876 784/784/784 1879/1879/1879
f 1879/1879/1879 784/784/784 781/781/781

