mtllib material.mtl
usemtl Opaque(38,83,134)
v 0.02770600 -0.00172200 0.03973400
v 0.02770600 -0.00172200 0.03973400
v 0.02770600 -0.00172200 0.03973400
v 0.02770800 -0.00243900 0.04060300
v 0.02770800 -0.00243900 0.04060300
v 0.02748300 -0.00268900 0.04105600
v 0.02748300 -0.00268900 0.04105600
v 0.02709200 -0.00278300 0.04142800
v 0.02709200 -0.00278300 0.04142800
v 0.02709200 -0.00278300 0.04142800
v 0.02709200 0.02221700 0.04142800
v 0.02709200 0.02221700 0.04142800
v 0.02709200 0.02221700 0.04142800
v 0.02748300 0.02212300 0.04105600
v 0.02748300 0.02212300 0.04105600
v 0.02770800 0.02187300 0.04060300
v 0.02770800 0.02187300 0.04060300
v 0.02770600 0.02115700 0.03973400
v 0.02770600 0.02115700 0.03973400
v 0.02770600 0.02115700 0.03973400
v 0.02754000 0.00971700 0.04097200
v 0.02775800 0.00971700 0.04037100
v 0.02707100 0.01909600 0.03765800
v 0.02707100 0.01909600 0.03765800
v 0.02648200 0.01719300 0.03573200
v 0.02648200 0.01719300 0.03573200
v 0.02648200 0.01719300 0.03573200
v 0.02648200 0.00224100 0.03573200
v 0.02648200 0.00224100 0.03573200
v 0.02648200 0.00224100 0.03573200
v 0.02646300 0.01653500 0.03492500
v 0.02646300 0.01653500 0.03492500
v 0.02664900 0.01630500 0.03449200
v 0.02664900 0.01630500 0.03449200
v 0.02698600 0.01621700 0.03411700
v 0.02698600 0.01621700 0.03411700
v 0.02698600 0.01621700 0.03411700
v 0.02698600 0.00321700 0.03411700
v 0.02698600 0.00321700 0.03411700
v 0.02698600 0.00321700 0.03411700
v 0.02664900 0.00312900 0.03449200
v 0.02664900 0.00312900 0.03449200
v 0.02646300 0.00289900 0.03492500
v 0.02646300 0.00289900 0.03492500
v 0.02660200 0.00971700 0.03457200
v 0.02642500 0.00971700 0.03514000
v 0.02954500 0.01621700 0.03192700
v 0.02954500 0.01621700 0.03192700
v 0.03192700 0.01621700 0.02954500
v 0.03192700 0.01621700 0.02954500
v 0.03411700 0.01621700 0.02698600
v 0.03411700 0.01621700 0.02698600
v 0.03411700 0.01621700 0.02698600
v 0.03411700 0.00321700 0.02698600
v 0.03411700 0.00321700 0.02698600
v 0.03411700 0.00321700 0.02698600
v 0.03192700 0.00321700 0.02954500
v 0.03192700 0.00321700 0.02954500
v 0.02954500 0.00321700 0.03192700
v 0.02954500 0.00321700 0.03192700
v 0.00000000 -0.00778300 -0.05450000
v 0.00000000 -0.00778300 -0.05450000
v 0.00000000 -0.00778300 -0.05450000
v 0.00644600 -0.00778300 -0.05411700
v 0.00644600 -0.00778300 -0.05411700
v 0.01280100 -0.00778300 -0.05297500
v 0.01280100 -0.00778300 -0.05297500
v 0.01897700 -0.00778300 -0.05108900
v 0.01897700 -0.00778300 -0.05108900
v 0.02488600 -0.00778300 -0.04848600
v 0.02488600 -0.00778300 -0.04848600
v 0.03044600 -0.00778300 -0.04520300
v 0.03044600 -0.00778300 -0.04520300
v 0.03557900 -0.00778300 -0.04128400
v 0.03557900 -0.00778300 -0.04128400
v 0.04021200 -0.00778300 -0.03678700
v 0.04021200 -0.00778300 -0.03678700
v 0.04428100 -0.00778300 -0.03177200
v 0.04428100 -0.00778300 -0.03177200
v 0.04772800 -0.00778300 -0.02631200
v 0.04772800 -0.00778300 -0.02631200
v 0.05050500 -0.00778300 -0.02048300
v 0.05050500 -0.00778300 -0.02048300
v 0.05257300 -0.00778300 -0.01436600
v 0.05257300 -0.00778300 -0.01436600
v 0.05390300 -0.00778300 -0.00804700
v 0.05390300 -0.00778300 -0.00804700
v 0.05447600 -0.00778300 -0.00161500
v 0.05447600 -0.00778300 -0.00161500
v 0.05428500 -0.00778300 0.00483900
v 0.05428500 -0.00778300 0.00483900
v 0.05333100 -0.00778300 0.01122600
v 0.05333100 -0.00778300 0.01122600
v 0.05162900 -0.00778300 0.01745500
v 0.05162900 -0.00778300 0.01745500
v 0.04920200 -0.00778300 0.02343900
v 0.04920200 -0.00778300 0.02343900
v 0.04608500 -0.00778300 0.02909300
v 0.04608500 -0.00778300 0.02909300
v 0.04232100 -0.00778300 0.03434000
v 0.04232100 -0.00778300 0.03434000
v 0.03796200 -0.00778300 0.03910400
v 0.03796200 -0.00778300 0.03910400
v 0.03307100 -0.00778300 0.04332000
v 0.03307100 -0.00778300 0.04332000
v 0.02771500 -0.00778300 0.04692700
v 0.02771500 -0.00778300 0.04692700
v 0.02197000 -0.00778300 0.04987500
v 0.02197000 -0.00778300 0.04987500
v 0.01591700 -0.00778300 0.05212400
v 0.01591700 -0.00778300 0.05212400
v 0.00964100 -0.00778300 0.05364100
v 0.00964100 -0.00778300 0.05364100
v 0.00322900 -0.00778300 0.05440400
v 0.00322900 -0.00778300 0.05440400
v -0.00322900 -0.00778300 0.05440400
v -0.00322900 -0.00778300 0.05440400
v -0.00964100 -0.00778300 0.05364100
v -0.00964100 -0.00778300 0.05364100
v -0.01591700 -0.00778300 0.05212400
v -0.01591700 -0.00778300 0.05212400
v -0.02197000 -0.00778300 0.04987500
v -0.02197000 -0.00778300 0.04987500
v -0.02771500 -0.00778300 0.04692700
v -0.02771500 -0.00778300 0.04692700
v -0.03307100 -0.00778300 0.04332000
v -0.03307100 -0.00778300 0.04332000
v -0.03796200 -0.00778300 0.03910400
v -0.03796200 -0.00778300 0.03910400
v -0.04232100 -0.00778300 0.03434000
v -0.04232100 -0.00778300 0.03434000
v -0.04608500 -0.00778300 0.02909300
v -0.04608500 -0.00778300 0.02909300
v -0.04920200 -0.00778300 0.02343900
v -0.04920200 -0.00778300 0.02343900
v -0.05162900 -0.00778300 0.01745500
v -0.05162900 -0.00778300 0.01745500
v -0.05333100 -0.00778300 0.01122600
v -0.05333100 -0.00778300 0.01122600
v -0.05428500 -0.00778300 0.00483900
v -0.05428500 -0.00778300 0.00483900
v -0.05447600 -0.00778300 -0.00161500
v -0.05447600 -0.00778300 -0.00161500
v -0.05390300 -0.00778300 -0.00804700
v -0.05390300 -0.00778300 -0.00804700
v -0.05257300 -0.00778300 -0.01436600
v -0.05257300 -0.00778300 -0.01436600
v -0.05050500 -0.00778300 -0.02048300
v -0.05050500 -0.00778300 -0.02048300
v -0.04772800 -0.00778300 -0.02631200
v -0.04772800 -0.00778300 -0.02631200
v -0.04428100 -0.00778300 -0.03177200
v -0.04428100 -0.00778300 -0.03177200
v -0.04021200 -0.00778300 -0.03678700
v -0.04021200 -0.00778300 -0.03678700
v -0.03557900 -0.00778300 -0.04128400
v -0.03557900 -0.00778300 -0.04128400
v -0.03044600 -0.00778300 -0.04520300
v -0.03044600 -0.00778300 -0.04520300
v -0.02488600 -0.00778300 -0.04848600
v -0.02488600 -0.00778300 -0.04848600
v -0.01897700 -0.00778300 -0.05108900
v -0.01897700 -0.00778300 -0.05108900
v -0.01280100 -0.00778300 -0.05297500
v -0.01280100 -0.00778300 -0.05297500
v -0.00644600 -0.00778300 -0.05411700
v -0.00644600 -0.00778300 -0.05411700
v 0.00504300 0.00321700 -0.04320700
v 0.00504300 0.00321700 -0.04320700
v 0.00504300 0.00321700 -0.04320700
v 0.00168400 0.00321700 -0.04346700
v 0.00168400 0.00321700 -0.04346700
v 0.00168400 0.00321700 -0.04346700
v -0.00168400 0.00321700 -0.04346700
v -0.00168400 0.00321700 -0.04346700
v -0.00504300 0.00321700 -0.04320700
v -0.00504300 0.00321700 -0.04320700
v -0.00504300 0.00321700 -0.04320700
v -0.00554600 0.00312900 -0.04323300
v -0.00554600 0.00312900 -0.04323300
v -0.00598400 0.00289900 -0.04340800
v -0.00598400 0.00289900 -0.04340800
v -0.00654100 0.00224100 -0.04399200
v -0.00654100 0.00224100 -0.04399200
v -0.00654100 0.00224100 -0.04399200
v -0.00850500 -0.00172200 -0.04768700
v -0.00850500 -0.00172200 -0.04768700
v -0.00850500 -0.00172200 -0.04768700
v -0.00911800 -0.00243900 -0.04830300
v -0.00911800 -0.00243900 -0.04830300
v -0.00959700 -0.00268900 -0.04846500
v -0.00959700 -0.00268900 -0.04846500
v -0.01013700 -0.00278300 -0.04845100
v -0.01013700 -0.00278300 -0.04845100
v -0.01013700 -0.00278300 -0.04845100
v -0.01606600 -0.00278300 -0.04682000
v -0.01606600 -0.00278300 -0.04682000
v -0.02174700 -0.00278300 -0.04446700
v -0.02174700 -0.00278300 -0.04446700
v -0.02709200 -0.00278300 -0.04142800
v -0.02709200 -0.00278300 -0.04142800
v -0.02709200 -0.00278300 -0.04142800
v -0.02748300 -0.00268900 -0.04105600
v -0.02748300 -0.00268900 -0.04105600
v -0.02770800 -0.00243900 -0.04060300
v -0.02770800 -0.00243900 -0.04060300
v -0.02770600 -0.00172200 -0.03973400
v -0.02770600 -0.00172200 -0.03973400
v -0.02770600 -0.00172200 -0.03973400
v -0.02648200 0.00224100 -0.03573200
v -0.02648200 0.00224100 -0.03573200
v -0.02648200 0.00224100 -0.03573200
v -0.02646300 0.00289900 -0.03492500
v -0.02646300 0.00289900 -0.03492500
v -0.02664900 0.00312900 -0.03449200
v -0.02664900 0.00312900 -0.03449200
v -0.02698600 0.00321700 -0.03411700
v -0.02698600 0.00321700 -0.03411700
v -0.02698600 0.00321700 -0.03411700
v -0.02954500 0.00321700 -0.03192700
v -0.02954500 0.00321700 -0.03192700
v -0.03192700 0.00321700 -0.02954500
v -0.03192700 0.00321700 -0.02954500
v -0.03411700 0.00321700 -0.02698600
v -0.03411700 0.00321700 -0.02698600
v -0.03411700 0.00321700 -0.02698600
v -0.03449200 0.00312900 -0.02664900
v -0.03449200 0.00312900 -0.02664900
v -0.03492500 0.00289900 -0.02646300
v -0.03492500 0.00289900 -0.02646300
v -0.03573200 0.00224100 -0.02648200
v -0.03573200 0.00224100 -0.02648200
v -0.03573200 0.00224100 -0.02648200
v -0.03973400 -0.00172200 -0.02770600
v -0.03973400 -0.00172200 -0.02770600
v -0.03973400 -0.00172200 -0.02770600
v -0.04060300 -0.00243900 -0.02770800
v -0.04060300 -0.00243900 -0.02770800
v -0.04105600 -0.00268900 -0.02748300
v -0.04105600 -0.00268900 -0.02748300
v -0.04142800 -0.00278300 -0.02709200
v -0.04142800 -0.00278300 -0.02709200
v -0.04142800 -0.00278300 -0.02709200
v -0.04446700 -0.00278300 -0.02174700
v -0.04446700 -0.00278300 -0.02174700
v -0.04682000 -0.00278300 -0.01606600
v -0.04682000 -0.00278300 -0.01606600
v -0.04845100 -0.00278300 -0.01013700
v -0.04845100 -0.00278300 -0.01013700
v -0.04845100 -0.00278300 -0.01013700
v -0.04846500 -0.00268900 -0.00959700
v -0.04846500 -0.00268900 -0.00959700
v -0.04830300 -0.00243900 -0.00911800
v -0.04830300 -0.00243900 -0.00911800
v -0.04768700 -0.00172200 -0.00850500
v -0.04768700 -0.00172200 -0.00850500
v -0.04768700 -0.00172200 -0.00850500
v -0.04399200 0.00224100 -0.00654100
v -0.04399200 0.00224100 -0.00654100
v -0.04399200 0.00224100 -0.00654100
v -0.04340800 0.00289900 -0.00598400
v -0.04340800 0.00289900 -0.00598400
v -0.04323300 0.00312900 -0.00554600
v -0.04323300 0.00312900 -0.00554600
v -0.04320700 0.00321700 -0.00504300
v -0.04320700 0.00321700 -0.00504300
v -0.04320700 0.00321700 -0.00504300
v -0.04346700 0.00321700 -0.00168400
v -0.04346700 0.00321700 -0.00168400
v -0.04346700 0.00321700 0.00168400
v -0.04346700 0.00321700 0.00168400
v -0.04320700 0.00321700 0.00504300
v -0.04320700 0.00321700 0.00504300
v -0.04320700 0.00321700 0.00504300
v -0.04323300 0.00312900 0.00554600
v -0.04323300 0.00312900 0.00554600
v -0.04340800 0.00289900 0.00598400
v -0.04340800 0.00289900 0.00598400
v -0.04399200 0.00224100 0.00654100
v -0.04399200 0.00224100 0.00654100
v -0.04399200 0.00224100 0.00654100
v -0.04768700 -0.00172200 0.00850500
v -0.04768700 -0.00172200 0.00850500
v -0.04768700 -0.00172200 0.00850500
v -0.04830300 -0.00243900 0.00911800
v -0.04830300 -0.00243900 0.00911800
v -0.04846500 -0.00268900 0.00959700
v -0.04846500 -0.00268900 0.00959700
v -0.04845100 -0.00278300 0.01013700
v -0.04845100 -0.00278300 0.01013700
v -0.04845100 -0.00278300 0.01013700
v -0.04682000 -0.00278300 0.01606600
v -0.04682000 -0.00278300 0.01606600
v -0.04446700 -0.00278300 0.02174700
v -0.04446700 -0.00278300 0.02174700
v -0.04142800 -0.00278300 0.02709200
v -0.04142800 -0.00278300 0.02709200
v -0.04142800 -0.00278300 0.02709200
v -0.04105600 -0.00268900 0.02748300
v -0.04105600 -0.00268900 0.02748300
v -0.04060300 -0.00243900 0.02770800
v -0.04060300 -0.00243900 0.02770800
v -0.03973400 -0.00172200 0.02770600
v -0.03973400 -0.00172200 0.02770600
v -0.03973400 -0.00172200 0.02770600
v -0.03573200 0.00224100 0.02648200
v -0.03573200 0.00224100 0.02648200
v -0.03573200 0.00224100 0.02648200
v -0.03492500 0.00289900 0.02646300
v -0.03492500 0.00289900 0.02646300
v -0.03449200 0.00312900 0.02664900
v -0.03449200 0.00312900 0.02664900
v -0.03411700 0.00321700 0.02698600
v -0.03411700 0.00321700 0.02698600
v -0.03411700 0.00321700 0.02698600
v -0.03192700 0.00321700 0.02954500
v -0.03192700 0.00321700 0.02954500
v -0.02954500 0.00321700 0.03192700
v -0.02954500 0.00321700 0.03192700
v -0.02698600 0.00321700 0.03411700
v -0.02698600 0.00321700 0.03411700
v -0.02698600 0.00321700 0.03411700
v -0.02664900 0.00312900 0.03449200
v -0.02664900 0.00312900 0.03449200
v -0.02646300 0.00289900 0.03492500
v -0.02646300 0.00289900 0.03492500
v -0.02648200 0.00224100 0.03573200
v -0.02648200 0.00224100 0.03573200
v -0.02648200 0.00224100 0.03573200
v -0.02770600 -0.00172200 0.03973400
v -0.02770600 -0.00172200 0.03973400
v -0.02770600 -0.00172200 0.03973400
v -0.02770800 -0.00243900 0.04060300
v -0.02770800 -0.00243900 0.04060300
v -0.02748300 -0.00268900 0.04105600
v -0.02748300 -0.00268900 0.04105600
v -0.02709200 -0.00278300 0.04142800
v -0.02709200 -0.00278300 0.04142800
v -0.02709200 -0.00278300 0.04142800
v -0.02174700 -0.00278300 0.04446700
v -0.02174700 -0.00278300 0.04446700
v -0.01606600 -0.00278300 0.04682000
v -0.01606600 -0.00278300 0.04682000
v -0.01013700 -0.00278300 0.04845100
v -0.01013700 -0.00278300 0.04845100
v -0.01013700 -0.00278300 0.04845100
v -0.00959700 -0.00268900 0.04846500
v -0.00959700 -0.00268900 0.04846500
v -0.00911800 -0.00243900 0.04830300
v -0.00911800 -0.00243900 0.04830300
v -0.00850500 -0.00172200 0.04768700
v -0.00850500 -0.00172200 0.04768700
v -0.00850500 -0.00172200 0.04768700
v -0.00654100 0.00224100 0.04399200
v -0.00654100 0.00224100 0.04399200
v -0.00654100 0.00224100 0.04399200
v -0.00598400 0.00289900 0.04340800
v -0.00598400 0.00289900 0.04340800
v -0.00554600 0.00312900 0.04323300
v -0.00554600 0.00312900 0.04323300
v -0.00504300 0.00321700 0.04320700
v -0.00504300 0.00321700 0.04320700
v -0.00504300 0.00321700 0.04320700
v -0.00168400 0.00321700 0.04346700
v -0.00168400 0.00321700 0.04346700
v 0.00168400 0.00321700 0.04346700
v 0.00168400 0.00321700 0.04346700
v 0.00504300 0.00321700 0.04320700
v 0.00504300 0.00321700 0.04320700
v 0.00504300 0.00321700 0.04320700
v 0.00554600 0.00312900 0.04323300
v 0.00554600 0.00312900 0.04323300
v 0.00598400 0.00289900 0.04340800
v 0.00598400 0.00289900 0.04340800
v 0.00654100 0.00224100 0.04399200
v 0.00654100 0.00224100 0.04399200
v 0.00654100 0.00224100 0.04399200
v 0.00850500 -0.00172200 0.04768700
v 0.00850500 -0.00172200 0.04768700
v 0.00850500 -0.00172200 0.04768700
v 0.00911800 -0.00243900 0.04830300
v 0.00911800 -0.00243900 0.04830300
v 0.00959700 -0.00268900 0.04846500
v 0.00959700 -0.00268900 0.04846500
v 0.01013700 -0.00278300 0.04845100
v 0.01013700 -0.00278300 0.04845100
v 0.01013700 -0.00278300 0.04845100
v 0.01606600 -0.00278300 0.04682000
v 0.01606600 -0.00278300 0.04682000
v 0.02174700 -0.00278300 0.04446700
v 0.02174700 -0.00278300 0.04446700
v 0.03449200 0.00312900 0.02664900
v 0.03449200 0.00312900 0.02664900
v 0.03492500 0.00289900 0.02646300
v 0.03492500 0.00289900 0.02646300
v 0.03573200 0.00224100 0.02648200
v 0.03573200 0.00224100 0.02648200
v 0.03573200 0.00224100 0.02648200
v 0.03973400 -0.00172200 0.02770600
v 0.03973400 -0.00172200 0.02770600
v 0.03973400 -0.00172200 0.02770600
v 0.04060300 -0.00243900 0.02770800
v 0.04060300 -0.00243900 0.02770800
v 0.04105600 -0.00268900 0.02748300
v 0.04105600 -0.00268900 0.02748300
v 0.04142800 -0.00278300 0.02709200
v 0.04142800 -0.00278300 0.02709200
v 0.04142800 -0.00278300 0.02709200
v 0.04446700 -0.00278300 0.02174700
v 0.04446700 -0.00278300 0.02174700
v 0.04682000 -0.00278300 0.01606600
v 0.04682000 -0.00278300 0.01606600
v 0.04845100 -0.00278300 0.01013700
v 0.04845100 -0.00278300 0.01013700
v 0.04845100 -0.00278300 0.01013700
v 0.04846500 -0.00268900 0.00959700
v 0.04846500 -0.00268900 0.00959700
v 0.04830300 -0.00243900 0.00911800
v 0.04830300 -0.00243900 0.00911800
v 0.04768700 -0.00172200 0.00850500
v 0.04768700 -0.00172200 0.00850500
v 0.04768700 -0.00172200 0.00850500
v 0.04399200 0.00224100 0.00654100
v 0.04399200 0.00224100 0.00654100
v 0.04399200 0.00224100 0.00654100
v 0.04340800 0.00289900 0.00598400
v 0.04340800 0.00289900 0.00598400
v 0.04323300 0.00312900 0.00554600
v 0.04323300 0.00312900 0.00554600
v 0.04320700 0.00321700 0.00504300
v 0.04320700 0.00321700 0.00504300
v 0.04320700 0.00321700 0.00504300
v 0.04346700 0.00321700 0.00168400
v 0.04346700 0.00321700 0.00168400
v 0.04346700 0.00321700 -0.00168400
v 0.04346700 0.00321700 -0.00168400
v 0.04320700 0.00321700 -0.00504300
v 0.04320700 0.00321700 -0.00504300
v 0.04320700 0.00321700 -0.00504300
v 0.04323300 0.00312900 -0.00554600
v 0.04323300 0.00312900 -0.00554600
v 0.04340800 0.00289900 -0.00598400
v 0.04340800 0.00289900 -0.00598400
v 0.04399200 0.00224100 -0.00654100
v 0.04399200 0.00224100 -0.00654100
v 0.04399200 0.00224100 -0.00654100
v 0.04768700 -0.00172200 -0.00850500
v 0.04768700 -0.00172200 -0.00850500
v 0.04768700 -0.00172200 -0.00850500
v 0.04830300 -0.00243900 -0.00911800
v 0.04830300 -0.00243900 -0.00911800
v 0.04846500 -0.00268900 -0.00959700
v 0.04846500 -0.00268900 -0.00959700
v 0.04845100 -0.00278300 -0.01013700
v 0.04845100 -0.00278300 -0.01013700
v 0.04845100 -0.00278300 -0.01013700
v 0.04682000 -0.00278300 -0.01606600
v 0.04682000 -0.00278300 -0.01606600
v 0.04446700 -0.00278300 -0.02174700
v 0.04446700 -0.00278300 -0.02174700
v 0.04142800 -0.00278300 -0.02709200
v 0.04142800 -0.00278300 -0.02709200
v 0.04142800 -0.00278300 -0.02709200
v 0.04105600 -0.00268900 -0.02748300
v 0.04105600 -0.00268900 -0.02748300
v 0.04060300 -0.00243900 -0.02770800
v 0.04060300 -0.00243900 -0.02770800
v 0.03973400 -0.00172200 -0.02770600
v 0.03973400 -0.00172200 -0.02770600
v 0.03973400 -0.00172200 -0.02770600
v 0.03573200 0.00224100 -0.02648200
v 0.03573200 0.00224100 -0.02648200
v 0.03573200 0.00224100 -0.02648200
v 0.03492500 0.00289900 -0.02646300
v 0.03492500 0.00289900 -0.02646300
v 0.03449200 0.00312900 -0.02664900
v 0.03449200 0.00312900 -0.02664900
v 0.03411700 0.00321700 -0.02698600
v 0.03411700 0.00321700 -0.02698600
v 0.03411700 0.00321700 -0.02698600
v 0.03192700 0.00321700 -0.02954500
v 0.03192700 0.00321700 -0.02954500
v 0.02954500 0.00321700 -0.03192700
v 0.02954500 0.00321700 -0.03192700
v 0.02698600 0.00321700 -0.03411700
v 0.02698600 0.00321700 -0.03411700
v 0.02698600 0.00321700 -0.03411700
v 0.02664900 0.00312900 -0.03449200
v 0.02664900 0.00312900 -0.03449200
v 0.02646300 0.00289900 -0.03492500
v 0.02646300 0.00289900 -0.03492500
v 0.02648200 0.00224100 -0.03573200
v 0.02648200 0.00224100 -0.03573200
v 0.02648200 0.00224100 -0.03573200
v 0.02770600 -0.00172200 -0.03973400
v 0.02770600 -0.00172200 -0.03973400
v 0.02770600 -0.00172200 -0.03973400
v 0.02770800 -0.00243900 -0.04060300
v 0.02770800 -0.00243900 -0.04060300
v 0.02748300 -0.00268900 -0.04105600
v 0.02748300 -0.00268900 -0.04105600
v 0.02709200 -0.00278300 -0.04142800
v 0.02709200 -0.00278300 -0.04142800
v 0.02709200 -0.00278300 -0.04142800
v 0.02174700 -0.00278300 -0.04446700
v 0.02174700 -0.00278300 -0.04446700
v 0.01606600 -0.00278300 -0.04682000
v 0.01606600 -0.00278300 -0.04682000
v 0.01013700 -0.00278300 -0.04845100
v 0.01013700 -0.00278300 -0.04845100
v 0.01013700 -0.00278300 -0.04845100
v 0.00959700 -0.00268900 -0.04846500
v 0.00959700 -0.00268900 -0.04846500
v 0.00911800 -0.00243900 -0.04830300
v 0.00911800 -0.00243900 -0.04830300
v 0.00850500 -0.00172200 -0.04768700
v 0.00850500 -0.00172200 -0.04768700
v 0.00850500 -0.00172200 -0.04768700
v 0.00654100 0.00224100 -0.04399200
v 0.00654100 0.00224100 -0.04399200
v 0.00654100 0.00224100 -0.04399200
v 0.00598400 0.00289900 -0.04340800
v 0.00598400 0.00289900 -0.04340800
v 0.00554600 0.00312900 -0.04323300
v 0.00554600 0.00312900 -0.04323300
v 0.03449200 0.01630500 0.02664900
v 0.03449200 0.01630500 0.02664900
v 0.03492500 0.01653500 0.02646300
v 0.03492500 0.01653500 0.02646300
v 0.03573200 0.01719300 0.02648200
v 0.03573200 0.01719300 0.02648200
v 0.03573200 0.01719300 0.02648200
v 0.03457200 0.00971700 0.02660200
v 0.03514000 0.00971700 0.02642500
v -0.00000000 0.02721700 -0.05450000
v -0.00000000 0.02721700 -0.05450000
v -0.00000000 0.02721700 -0.05450000
v -0.00644600 0.02721700 -0.05411700
v -0.00644600 0.02721700 -0.05411700
v -0.01280100 0.02721700 -0.05297500
v -0.01280100 0.02721700 -0.05297500
v -0.01897700 0.02721700 -0.05108900
v -0.01897700 0.02721700 -0.05108900
v -0.02488600 0.02721700 -0.04848600
v -0.02488600 0.02721700 -0.04848600
v -0.03044600 0.02721700 -0.04520300
v -0.03044600 0.02721700 -0.04520300
v -0.03557900 0.02721700 -0.04128400
v -0.03557900 0.02721700 -0.04128400
v -0.04021200 0.02721700 -0.03678700
v -0.04021200 0.02721700 -0.03678700
v -0.04428100 0.02721700 -0.03177200
v -0.04428100 0.02721700 -0.03177200
v -0.04772800 0.02721700 -0.02631200
v -0.04772800 0.02721700 -0.02631200
v -0.05050500 0.02721700 -0.02048300
v -0.05050500 0.02721700 -0.02048300
v -0.05257300 0.02721700 -0.01436600
v -0.05257300 0.02721700 -0.01436600
v -0.05390300 0.02721700 -0.00804700
v -0.05390300 0.02721700 -0.00804700
v -0.05447600 0.02721700 -0.00161500
v -0.05447600 0.02721700 -0.00161500
v -0.05428500 0.02721700 0.00483900
v -0.05428500 0.02721700 0.00483900
v -0.05333100 0.02721700 0.01122600
v -0.05333100 0.02721700 0.01122600
v -0.05162900 0.02721700 0.01745500
v -0.05162900 0.02721700 0.01745500
v -0.04920200 0.02721700 0.02343900
v -0.04920200 0.02721700 0.02343900
v -0.04608500 0.02721700 0.02909300
v -0.04608500 0.02721700 0.02909300
v -0.04232100 0.02721700 0.03434000
v -0.04232100 0.02721700 0.03434000
v -0.03796200 0.02721700 0.03910400
v -0.03796200 0.02721700 0.03910400
v -0.03307100 0.02721700 0.04332000
v -0.03307100 0.02721700 0.04332000
v -0.02771500 0.02721700 0.04692700
v -0.02771500 0.02721700 0.04692700
v -0.02197000 0.02721700 0.04987500
v -0.02197000 0.02721700 0.04987500
v -0.01591700 0.02721700 0.05212400
v -0.01591700 0.02721700 0.05212400
v -0.00964100 0.02721700 0.05364100
v -0.00964100 0.02721700 0.05364100
v -0.00322900 0.02721700 0.05440400
v -0.00322900 0.02721700 0.05440400
v 0.00322900 0.02721700 0.05440400
v 0.00322900 0.02721700 0.05440400
v 0.00964100 0.02721700 0.05364100
v 0.00964100 0.02721700 0.05364100
v 0.01591700 0.02721700 0.05212400
v 0.01591700 0.02721700 0.05212400
v 0.02197000 0.02721700 0.04987500
v 0.02197000 0.02721700 0.04987500
v 0.02771500 0.02721700 0.04692700
v 0.02771500 0.02721700 0.04692700
v 0.03307100 0.02721700 0.04332000
v 0.03307100 0.02721700 0.04332000
v 0.03796200 0.02721700 0.03910400
v 0.03796200 0.02721700 0.03910400
v 0.04232100 0.02721700 0.03434000
v 0.04232100 0.02721700 0.03434000
v 0.04608500 0.02721700 0.02909300
v 0.04608500 0.02721700 0.02909300
v 0.04920200 0.02721700 0.02343900
v 0.04920200 0.02721700 0.02343900
v 0.05162900 0.02721700 0.01745500
v 0.05162900 0.02721700 0.01745500
v 0.05333100 0.02721700 0.01122600
v 0.05333100 0.02721700 0.01122600
v 0.05428500 0.02721700 0.00483900
v 0.05428500 0.02721700 0.00483900
v 0.05447600 0.02721700 -0.00161500
v 0.05447600 0.02721700 -0.00161500
v 0.05390300 0.02721700 -0.00804700
v 0.05390300 0.02721700 -0.00804700
v 0.05257300 0.02721700 -0.01436600
v 0.05257300 0.02721700 -0.01436600
v 0.05050500 0.02721700 -0.02048300
v 0.05050500 0.02721700 -0.02048300
v 0.04772800 0.02721700 -0.02631200
v 0.04772800 0.02721700 -0.02631200
v 0.04428100 0.02721700 -0.03177200
v 0.04428100 0.02721700 -0.03177200
v 0.04021200 0.02721700 -0.03678700
v 0.04021200 0.02721700 -0.03678700
v 0.03557900 0.02721700 -0.04128400
v 0.03557900 0.02721700 -0.04128400
v 0.03044600 0.02721700 -0.04520300
v 0.03044600 0.02721700 -0.04520300
v 0.02488600 0.02721700 -0.04848600
v 0.02488600 0.02721700 -0.04848600
v 0.01897700 0.02721700 -0.05108900
v 0.01897700 0.02721700 -0.05108900
v 0.01280100 0.02721700 -0.05297500
v 0.01280100 0.02721700 -0.05297500
v 0.00644600 0.02721700 -0.05411700
v 0.00644600 0.02721700 -0.05411700
v -0.00504300 0.01621700 -0.04320700
v -0.00504300 0.01621700 -0.04320700
v -0.00504300 0.01621700 -0.04320700
v -0.00168400 0.01621700 -0.04346700
v -0.00168400 0.01621700 -0.04346700
v -0.00168400 0.01621700 -0.04346700
v 0.00168400 0.01621700 -0.04346700
v 0.00168400 0.01621700 -0.04346700
v 0.00504300 0.01621700 -0.04320700
v 0.00504300 0.01621700 -0.04320700
v 0.00504300 0.01621700 -0.04320700
v 0.00554600 0.01630500 -0.04323300
v 0.00554600 0.01630500 -0.04323300
v 0.00598400 0.01653500 -0.04340800
v 0.00598400 0.01653500 -0.04340800
v 0.00654100 0.01719300 -0.04399200
v 0.00654100 0.01719300 -0.04399200
v 0.00654100 0.01719300 -0.04399200
v 0.00748600 0.01909600 -0.04577000
v 0.00748600 0.01909600 -0.04577000
v 0.00850500 0.02115700 -0.04768700
v 0.00850500 0.02115700 -0.04768700
v 0.00850500 0.02115700 -0.04768700
v 0.00911800 0.02187300 -0.04830300
v 0.00911800 0.02187300 -0.04830300
v 0.00959700 0.02212300 -0.04846500
v 0.00959700 0.02212300 -0.04846500
v 0.01013700 0.02221700 -0.04845100
v 0.01013700 0.02221700 -0.04845100
v 0.01013700 0.02221700 -0.04845100
v 0.01606600 0.02221700 -0.04682000
v 0.01606600 0.02221700 -0.04682000
v 0.02174700 0.02221700 -0.04446700
v 0.02174700 0.02221700 -0.04446700
v 0.02709200 0.02221700 -0.04142800
v 0.02709200 0.02221700 -0.04142800
v 0.02709200 0.02221700 -0.04142800
v 0.02748300 0.02212300 -0.04105600
v 0.02748300 0.02212300 -0.04105600
v 0.02770800 0.02187300 -0.04060300
v 0.02770800 0.02187300 -0.04060300
v 0.02770600 0.02115700 -0.03973400
v 0.02770600 0.02115700 -0.03973400
v 0.02770600 0.02115700 -0.03973400
v 0.02707100 0.01909600 -0.03765800
v 0.02707100 0.01909600 -0.03765800
v 0.02648200 0.01719300 -0.03573200
v 0.02648200 0.01719300 -0.03573200
v 0.02648200 0.01719300 -0.03573200
v 0.02646300 0.01653500 -0.03492500
v 0.02646300 0.01653500 -0.03492500
v 0.02664900 0.01630500 -0.03449200
v 0.02664900 0.01630500 -0.03449200
v 0.02698600 0.01621700 -0.03411700
v 0.02698600 0.01621700 -0.03411700
v 0.02698600 0.01621700 -0.03411700
v 0.02954500 0.01621700 -0.03192700
v 0.02954500 0.01621700 -0.03192700
v 0.03192700 0.01621700 -0.02954500
v 0.03192700 0.01621700 -0.02954500
v 0.03411700 0.01621700 -0.02698600
v 0.03411700 0.01621700 -0.02698600
v 0.03411700 0.01621700 -0.02698600
v 0.03449200 0.01630500 -0.02664900
v 0.03449200 0.01630500 -0.02664900
v 0.03492500 0.01653500 -0.02646300
v 0.03492500 0.01653500 -0.02646300
v 0.03573200 0.01719300 -0.02648200
v 0.03573200 0.01719300 -0.02648200
v 0.03573200 0.01719300 -0.02648200
v 0.03765800 0.01909600 -0.02707100
v 0.03765800 0.01909600 -0.02707100
v 0.03973400 0.02115700 -0.02770600
v 0.03973400 0.02115700 -0.02770600
v 0.03973400 0.02115700 -0.02770600
v 0.04060300 0.02187300 -0.02770800
v 0.04060300 0.02187300 -0.02770800
v 0.04105600 0.02212300 -0.02748300
v 0.04105600 0.02212300 -0.02748300
v 0.04142800 0.02221700 -0.02709200
v 0.04142800 0.02221700 -0.02709200
v 0.04142800 0.02221700 -0.02709200
v 0.04446700 0.02221700 -0.02174700
v 0.04446700 0.02221700 -0.02174700
v 0.04682000 0.02221700 -0.01606600
v 0.04682000 0.02221700 -0.01606600
v 0.04845100 0.02221700 -0.01013700
v 0.04845100 0.02221700 -0.01013700
v 0.04845100 0.02221700 -0.01013700
v 0.04846500 0.02212300 -0.00959700
v 0.04846500 0.02212300 -0.00959700
v 0.04830300 0.02187300 -0.00911800
v 0.04830300 0.02187300 -0.00911800
v 0.04768700 0.02115700 -0.00850500
v 0.04768700 0.02115700 -0.00850500
v 0.04768700 0.02115700 -0.00850500
v 0.04577000 0.01909600 -0.00748600
v 0.04577000 0.01909600 -0.00748600
v 0.04399200 0.01719300 -0.00654100
v 0.04399200 0.01719300 -0.00654100
v 0.04399200 0.01719300 -0.00654100
v 0.04340800 0.01653500 -0.00598400
v 0.04340800 0.01653500 -0.00598400
v 0.04323300 0.01630500 -0.00554600
v 0.04323300 0.01630500 -0.00554600
v 0.04320700 0.01621700 -0.00504300
v 0.04320700 0.01621700 -0.00504300
v 0.04320700 0.01621700 -0.00504300
v 0.04346700 0.01621700 -0.00168400
v 0.04346700 0.01621700 -0.00168400
v 0.04346700 0.01621700 0.00168400
v 0.04346700 0.01621700 0.00168400
v 0.04320700 0.01621700 0.00504300
v 0.04320700 0.01621700 0.00504300
v 0.04320700 0.01621700 0.00504300
v 0.04323300 0.01630500 0.00554600
v 0.04323300 0.01630500 0.00554600
v 0.04340800 0.01653500 0.00598400
v 0.04340800 0.01653500 0.00598400
v 0.04399200 0.01719300 0.00654100
v 0.04399200 0.01719300 0.00654100
v 0.04399200 0.01719300 0.00654100
v 0.04577000 0.01909600 0.00748600
v 0.04577000 0.01909600 0.00748600
v 0.04768700 0.02115700 0.00850500
v 0.04768700 0.02115700 0.00850500
v 0.04768700 0.02115700 0.00850500
v 0.04830300 0.02187300 0.00911800
v 0.04830300 0.02187300 0.00911800
v 0.04846500 0.02212300 0.00959700
v 0.04846500 0.02212300 0.00959700
v 0.04845100 0.02221700 0.01013700
v 0.04845100 0.02221700 0.01013700
v 0.04845100 0.02221700 0.01013700
v 0.04682000 0.02221700 0.01606600
v 0.04682000 0.02221700 0.01606600
v 0.04446700 0.02221700 0.02174700
v 0.04446700 0.02221700 0.02174700
v 0.04142800 0.02221700 0.02709200
v 0.04142800 0.02221700 0.02709200
v 0.04142800 0.02221700 0.02709200
v 0.04105600 0.02212300 0.02748300
v 0.04105600 0.02212300 0.02748300
v 0.04060300 0.02187300 0.02770800
v 0.04060300 0.02187300 0.02770800
v 0.03973400 0.02115700 0.02770600
v 0.03973400 0.02115700 0.02770600
v 0.03973400 0.02115700 0.02770600
v 0.03765800 0.01909600 0.02707100
v 0.03765800 0.01909600 0.02707100
v 0.02174700 0.02221700 0.04446700
v 0.02174700 0.02221700 0.04446700
v 0.01606600 0.02221700 0.04682000
v 0.01606600 0.02221700 0.04682000
v 0.01013700 0.02221700 0.04845100
v 0.01013700 0.02221700 0.04845100
v 0.01013700 0.02221700 0.04845100
v 0.00959700 0.02212300 0.04846500
v 0.00959700 0.02212300 0.04846500
v 0.00911800 0.02187300 0.04830300
v 0.00911800 0.02187300 0.04830300
v 0.00850500 0.02115700 0.04768700
v 0.00850500 0.02115700 0.04768700
v 0.00850500 0.02115700 0.04768700
v 0.00748600 0.01909600 0.04577000
v 0.00748600 0.01909600 0.04577000
v 0.00654100 0.01719300 0.04399200
v 0.00654100 0.01719300 0.04399200
v 0.00654100 0.01719300 0.04399200
v 0.00598400 0.01653500 0.04340800
v 0.00598400 0.01653500 0.04340800
v 0.00554600 0.01630500 0.04323300
v 0.00554600 0.01630500 0.04323300
v 0.00504300 0.01621700 0.04320700
v 0.00504300 0.01621700 0.04320700
v 0.00504300 0.01621700 0.04320700
v 0.00168400 0.01621700 0.04346700
v 0.00168400 0.01621700 0.04346700
v -0.00168400 0.01621700 0.04346700
v -0.00168400 0.01621700 0.04346700
v -0.00504300 0.01621700 0.04320700
v -0.00504300 0.01621700 0.04320700
v -0.00504300 0.01621700 0.04320700
v -0.00554600 0.01630500 0.04323300
v -0.00554600 0.01630500 0.04323300
v -0.00598400 0.01653500 0.04340800
v -0.00598400 0.01653500 0.04340800
v -0.00654100 0.01719300 0.04399200
v -0.00654100 0.01719300 0.04399200
v -0.00654100 0.01719300 0.04399200
v -0.00748600 0.01909600 0.04577000
v -0.00748600 0.01909600 0.04577000
v -0.00850500 0.02115700 0.04768700
v -0.00850500 0.02115700 0.04768700
v -0.00850500 0.02115700 0.04768700
v -0.00911800 0.02187300 0.04830300
v -0.00911800 0.02187300 0.04830300
v -0.00959700 0.02212300 0.04846500
v -0.00959700 0.02212300 0.04846500
v -0.01013700 0.02221700 0.04845100
v -0.01013700 0.02221700 0.04845100
v -0.01013700 0.02221700 0.04845100
v -0.01606600 0.02221700 0.04682000
v -0.01606600 0.02221700 0.04682000
v -0.02174700 0.02221700 0.04446700
v -0.02174700 0.02221700 0.04446700
v -0.02709200 0.02221700 0.04142800
v -0.02709200 0.02221700 0.04142800
v -0.02709200 0.02221700 0.04142800
v -0.02748300 0.02212300 0.04105600
v -0.02748300 0.02212300 0.04105600
v -0.02770800 0.02187300 0.04060300
v -0.02770800 0.02187300 0.04060300
v -0.02770600 0.02115700 0.03973400
v -0.02770600 0.02115700 0.03973400
v -0.02770600 0.02115700 0.03973400
v -0.02707100 0.01909600 0.03765800
v -0.02707100 0.01909600 0.03765800
v -0.02648200 0.01719300 0.03573200
v -0.02648200 0.01719300 0.03573200
v -0.02648200 0.01719300 0.03573200
v -0.02646300 0.01653500 0.03492500
v -0.02646300 0.01653500 0.03492500
v -0.02664900 0.01630500 0.03449200
v -0.02664900 0.01630500 0.03449200
v -0.02698600 0.01621700 0.03411700
v -0.02698600 0.01621700 0.03411700
v -0.02698600 0.01621700 0.03411700
v -0.02954500 0.01621700 0.03192700
v -0.02954500 0.01621700 0.03192700
v -0.03192700 0.01621700 0.02954500
v -0.03192700 0.01621700 0.02954500
v -0.03411700 0.01621700 0.02698600
v -0.03411700 0.01621700 0.02698600
v -0.03411700 0.01621700 0.02698600
v -0.03449200 0.01630500 0.02664900
v -0.03449200 0.01630500 0.02664900
v -0.03492500 0.01653500 0.02646300
v -0.03492500 0.01653500 0.02646300
v -0.03573200 0.01719300 0.02648200
v -0.03573200 0.01719300 0.02648200
v -0.03573200 0.01719300 0.02648200
v -0.03765800 0.01909600 0.02707100
v -0.03765800 0.01909600 0.02707100
v -0.03973400 0.02115700 0.02770600
v -0.03973400 0.02115700 0.02770600
v -0.03973400 0.02115700 0.02770600
v -0.04060300 0.02187300 0.02770800
v -0.04060300 0.02187300 0.02770800
v -0.04105600 0.02212300 0.02748300
v -0.04105600 0.02212300 0.02748300
v -0.04142800 0.02221700 0.02709200
v -0.04142800 0.02221700 0.02709200
v -0.04142800 0.02221700 0.02709200
v -0.04446700 0.02221700 0.02174700
v -0.04446700 0.02221700 0.02174700
v -0.04682000 0.02221700 0.01606600
v -0.04682000 0.02221700 0.01606600
v -0.04845100 0.02221700 0.01013700
v -0.04845100 0.02221700 0.01013700
v -0.04845100 0.02221700 0.01013700
v -0.04846500 0.02212300 0.00959700
v -0.04846500 0.02212300 0.00959700
v -0.04830300 0.02187300 0.00911800
v -0.04830300 0.02187300 0.00911800
v -0.04768700 0.02115700 0.00850500
v -0.04768700 0.02115700 0.00850500
v -0.04768700 0.02115700 0.00850500
v -0.04577000 0.01909600 0.00748600
v -0.04577000 0.01909600 0.00748600
v -0.04399200 0.01719300 0.00654100
v -0.04399200 0.01719300 0.00654100
v -0.04399200 0.01719300 0.00654100
v -0.04340800 0.01653500 0.00598400
v -0.04340800 0.01653500 0.00598400
v -0.04323300 0.01630500 0.00554600
v -0.04323300 0.01630500 0.00554600
v -0.04320700 0.01621700 0.00504300
v -0.04320700 0.01621700 0.00504300
v -0.04320700 0.01621700 0.00504300
v -0.04346700 0.01621700 0.00168400
v -0.04346700 0.01621700 0.00168400
v -0.04346700 0.01621700 -0.00168400
v -0.04346700 0.01621700 -0.00168400
v -0.04320700 0.01621700 -0.00504300
v -0.04320700 0.01621700 -0.00504300
v -0.04320700 0.01621700 -0.00504300
v -0.04323300 0.01630500 -0.00554600
v -0.04323300 0.01630500 -0.00554600
v -0.04340800 0.01653500 -0.00598400
v -0.04340800 0.01653500 -0.00598400
v -0.04399200 0.01719300 -0.00654100
v -0.04399200 0.01719300 -0.00654100
v -0.04399200 0.01719300 -0.00654100
v -0.04577000 0.01909600 -0.00748600
v -0.04577000 0.01909600 -0.00748600
v -0.04768700 0.02115700 -0.00850500
v -0.04768700 0.02115700 -0.00850500
v -0.04768700 0.02115700 -0.00850500
v -0.04830300 0.02187300 -0.00911800
v -0.04830300 0.02187300 -0.00911800
v -0.04846500 0.02212300 -0.00959700
v -0.04846500 0.02212300 -0.00959700
v -0.04845100 0.02221700 -0.01013700
v -0.04845100 0.02221700 -0.01013700
v -0.04845100 0.02221700 -0.01013700
v -0.04682000 0.02221700 -0.01606600
v -0.04682000 0.02221700 -0.01606600
v -0.04446700 0.02221700 -0.02174700
v -0.04446700 0.02221700 -0.02174700
v -0.04142800 0.02221700 -0.02709200
v -0.04142800 0.02221700 -0.02709200
v -0.04142800 0.02221700 -0.02709200
v -0.04105600 0.02212300 -0.02748300
v -0.04105600 0.02212300 -0.02748300
v -0.04060300 0.02187300 -0.02770800
v -0.04060300 0.02187300 -0.02770800
v -0.03973400 0.02115700 -0.02770600
v -0.03973400 0.02115700 -0.02770600
v -0.03973400 0.02115700 -0.02770600
v -0.03765800 0.01909600 -0.02707100
v -0.03765800 0.01909600 -0.02707100
v -0.03573200 0.01719300 -0.02648200
v -0.03573200 0.01719300 -0.02648200
v -0.03573200 0.01719300 -0.02648200
v -0.03492500 0.01653500 -0.02646300
v -0.03492500 0.01653500 -0.02646300
v -0.03449200 0.01630500 -0.02664900
v -0.03449200 0.01630500 -0.02664900
v -0.03411700 0.01621700 -0.02698600
v -0.03411700 0.01621700 -0.02698600
v -0.03411700 0.01621700 -0.02698600
v -0.03192700 0.01621700 -0.02954500
v -0.03192700 0.01621700 -0.02954500
v -0.02954500 0.01621700 -0.03192700
v -0.02954500 0.01621700 -0.03192700
v -0.02698600 0.01621700 -0.03411700
v -0.02698600 0.01621700 -0.03411700
v -0.02698600 0.01621700 -0.03411700
v -0.02664900 0.01630500 -0.03449200
v -0.02664900 0.01630500 -0.03449200
v -0.02646300 0.01653500 -0.03492500
v -0.02646300 0.01653500 -0.03492500
v -0.02648200 0.01719300 -0.03573200
v -0.02648200 0.01719300 -0.03573200
v -0.02648200 0.01719300 -0.03573200
v -0.02707100 0.01909600 -0.03765800
v -0.02707100 0.01909600 -0.03765800
v -0.02770600 0.02115700 -0.03973400
v -0.02770600 0.02115700 -0.03973400
v -0.02770600 0.02115700 -0.03973400
v -0.02770800 0.02187300 -0.04060300
v -0.02770800 0.02187300 -0.04060300
v -0.02748300 0.02212300 -0.04105600
v -0.02748300 0.02212300 -0.04105600
v -0.02709200 0.02221700 -0.04142800
v -0.02709200 0.02221700 -0.04142800
v -0.02709200 0.02221700 -0.04142800
v -0.02174700 0.02221700 -0.04446700
v -0.02174700 0.02221700 -0.04446700
v -0.01606600 0.02221700 -0.04682000
v -0.01606600 0.02221700 -0.04682000
v -0.01013700 0.02221700 -0.04845100
v -0.01013700 0.02221700 -0.04845100
v -0.01013700 0.02221700 -0.04845100
v -0.00959700 0.02212300 -0.04846500
v -0.00959700 0.02212300 -0.04846500
v -0.00911800 0.02187300 -0.04830300
v -0.00911800 0.02187300 -0.04830300
v -0.00850500 0.02115700 -0.04768700
v -0.00850500 0.02115700 -0.04768700
v -0.00850500 0.02115700 -0.04768700
v -0.00748600 0.01909600 -0.04577000
v -0.00748600 0.01909600 -0.04577000
v -0.00654100 0.01719300 -0.04399200
v -0.00654100 0.01719300 -0.04399200
v -0.00654100 0.01719300 -0.04399200
v -0.00598400 0.01653500 -0.04340800
v -0.00598400 0.01653500 -0.04340800
v -0.00554600 0.01630500 -0.04323300
v -0.00554600 0.01630500 -0.04323300
v 0.04097200 0.00971700 0.02754000
v 0.04037100 0.00971700 0.02775800
v 0.04844600 0.00971700 0.00949800
v 0.04817400 0.00971700 0.00891900
v 0.04325600 0.00971700 0.00563600
v 0.04353300 0.00971700 0.00616300
v 0.04325600 0.00971700 -0.00563600
v 0.04353300 0.00971700 -0.00616300
v 0.04844600 0.00971700 -0.00949800
v 0.04817400 0.00971700 -0.00891900
v 0.04097200 0.00971700 -0.02754000
v 0.04037100 0.00971700 -0.02775800
v 0.03457200 0.00971700 -0.02660200
v 0.03514000 0.00971700 -0.02642500
v 0.02660200 0.00971700 -0.03457200
v 0.02642500 0.00971700 -0.03514000
v 0.02754000 0.00971700 -0.04097200
v 0.02775800 0.00971700 -0.04037100
v 0.00949800 0.00971700 -0.04844600
v 0.00891900 0.00971700 -0.04817400
v 0.00563600 0.00971700 -0.04325600
v 0.00616300 0.00971700 -0.04353300
v -0.00949800 0.00971700 -0.04844600
v -0.00891900 0.00971700 -0.04817400
v -0.00563600 0.00971700 -0.04325600
v -0.00616300 0.00971700 -0.04353300
v -0.02754000 0.00971700 -0.04097200
v -0.02775800 0.00971700 -0.04037100
v -0.02660200 0.00971700 -0.03457200
v -0.02642500 0.00971700 -0.03514000
v -0.03457200 0.00971700 -0.02660200
v -0.03514000 0.00971700 -0.02642500
v -0.04097200 0.00971700 -0.02754000
v -0.04037100 0.00971700 -0.02775800
v -0.04844600 0.00971700 -0.00949800
v -0.04817400 0.00971700 -0.00891900
v -0.04325600 0.00971700 -0.00563600
v -0.04353300 0.00971700 -0.00616300
v -0.04844600 0.00971700 0.00949800
v -0.04817400 0.00971700 0.00891900
v -0.04325600 0.00971700 0.00563600
v -0.04353300 0.00971700 0.00616300
v -0.04097200 0.00971700 0.02754000
v -0.04037100 0.00971700 0.02775800
v -0.03457200 0.00971700 0.02660200
v -0.03514000 0.00971700 0.02642500
v -0.02660200 0.00971700 0.03457200
v -0.02642500 0.00971700 0.03514000
v -0.02754000 0.00971700 0.04097200
v -0.02775800 0.00971700 0.04037100
v -0.00949800 0.00971700 0.04844600
v -0.00891900 0.00971700 0.04817400
v -0.00563600 0.00971700 0.04325600
v -0.00616300 0.00971700 0.04353300
v 0.00563600 0.00971700 0.04325600
v 0.00616300 0.00971700 0.04353300
v 0.00949800 0.00971700 0.04844600
v 0.00891900 0.00971700 0.04817400
v 0.08904000 -0.00778300 0.00000000
v 0.08904000 -0.00778300 0.00000000
v 0.08904000 -0.00778300 0.00000000
v 0.08864900 -0.00778300 0.00833800
v 0.08864900 -0.00778300 0.00833800
v 0.08747900 -0.00778300 0.01660200
v 0.08747900 -0.00778300 0.01660200
v 0.08554000 -0.00778300 0.02472100
v 0.08554000 -0.00778300 0.02472100
v 0.08284900 -0.00778300 0.03262300
v 0.08284900 -0.00778300 0.03262300
v 0.07943000 -0.00778300 0.04023700
v 0.07943000 -0.00778300 0.04023700
v 0.07531300 -0.00778300 0.04749900
v 0.07531300 -0.00778300 0.04749900
v 0.07053400 -0.00778300 0.05434200
v 0.07053400 -0.00778300 0.05434200
v 0.06513600 -0.00778300 0.06070800
v 0.06513600 -0.00778300 0.06070800
v 0.05916500 -0.00778300 0.06654100
v 0.05916500 -0.00778300 0.06654100
v 0.05267400 -0.00778300 0.07178900
v 0.05267400 -0.00778300 0.07178900
v 0.04572000 -0.00778300 0.07640600
v 0.04572000 -0.00778300 0.07640600
v 0.03836400 -0.00778300 0.08035200
v 0.03836400 -0.00778300 0.08035200
v 0.03067100 -0.00778300 0.08359100
v 0.03067100 -0.00778300 0.08359100
v 0.02270900 -0.00778300 0.08609600
v 0.02270900 -0.00778300 0.08609600
v 0.01454700 -0.00778300 0.08784400
v 0.01454700 -0.00778300 0.08784400
v 0.00625700 -0.00778300 0.08882000
v 0.00625700 -0.00778300 0.08882000
v -0.00208700 -0.00778300 0.08901600
v -0.00208700 -0.00778300 0.08901600
v -0.01041400 -0.00778300 0.08842900
v -0.01041400 -0.00778300 0.08842900
v -0.01864900 -0.00778300 0.08706600
v -0.01864900 -0.00778300 0.08706600
v -0.02672000 -0.00778300 0.08493700
v -0.02672000 -0.00778300 0.08493700
v -0.03455600 -0.00778300 0.08206100
v -0.03455600 -0.00778300 0.08206100
v -0.04208800 -0.00778300 0.07846500
v -0.04208800 -0.00778300 0.07846500
v -0.04925100 -0.00778300 0.07417900
v -0.04925100 -0.00778300 0.07417900
v -0.05598100 -0.00778300 0.06924100
v -0.05598100 -0.00778300 0.06924100
v -0.06221900 -0.00778300 0.06369500
v -0.06221900 -0.00778300 0.06369500
v -0.06791000 -0.00778300 0.05758900
v -0.06791000 -0.00778300 0.05758900
v -0.07300400 -0.00778300 0.05097600
v -0.07300400 -0.00778300 0.05097600
v -0.07745700 -0.00778300 0.04391600
v -0.07745700 -0.00778300 0.04391600
v -0.08122900 -0.00778300 0.03647000
v -0.08122900 -0.00778300 0.03647000
v -0.08428700 -0.00778300 0.02870300
v -0.08428700 -0.00778300 0.02870300
v -0.08660500 -0.00778300 0.02068500
v -0.08660500 -0.00778300 0.02068500
v -0.08816100 -0.00778300 0.01248400
v -0.08816100 -0.00778300 0.01248400
v -0.08894300 -0.00778300 0.00417400
v -0.08894300 -0.00778300 0.00417400
v -0.08894300 -0.00778300 -0.00417400
v -0.08894300 -0.00778300 -0.00417400
v -0.08816100 -0.00778300 -0.01248400
v -0.08816100 -0.00778300 -0.01248400
v -0.08660500 -0.00778300 -0.02068500
v -0.08660500 -0.00778300 -0.02068500
v -0.08428700 -0.00778300 -0.02870300
v -0.08428700 -0.00778300 -0.02870300
v -0.08122900 -0.00778300 -0.03647000
v -0.08122900 -0.00778300 -0.03647000
v -0.07745700 -0.00778300 -0.04391600
v -0.07745700 -0.00778300 -0.04391600
v -0.07300400 -0.00778300 -0.05097600
v -0.07300400 -0.00778300 -0.05097600
v -0.06791000 -0.00778300 -0.05758900
v -0.06791000 -0.00778300 -0.05758900
v -0.06221900 -0.00778300 -0.06369500
v -0.06221900 -0.00778300 -0.06369500
v -0.05598100 -0.00778300 -0.06924100
v -0.05598100 -0.00778300 -0.06924100
v -0.04925100 -0.00778300 -0.07417900
v -0.04925100 -0.00778300 -0.07417900
v -0.04208800 -0.00778300 -0.07846500
v -0.04208800 -0.00778300 -0.07846500
v -0.03455600 -0.00778300 -0.08206100
v -0.03455600 -0.00778300 -0.08206100
v -0.02672000 -0.00778300 -0.08493700
v -0.02672000 -0.00778300 -0.08493700
v -0.01864900 -0.00778300 -0.08706600
v -0.01864900 -0.00778300 -0.08706600
v -0.01041400 -0.00778300 -0.08842900
v -0.01041400 -0.00778300 -0.08842900
v -0.00208700 -0.00778300 -0.08901600
v -0.00208700 -0.00778300 -0.08901600
v 0.00625700 -0.00778300 -0.08882000
v 0.00625700 -0.00778300 -0.08882000
v 0.01454700 -0.00778300 -0.08784400
v 0.01454700 -0.00778300 -0.08784400
v 0.02270900 -0.00778300 -0.08609600
v 0.02270900 -0.00778300 -0.08609600
v 0.03067100 -0.00778300 -0.08359100
v 0.03067100 -0.00778300 -0.08359100
v 0.03836400 -0.00778300 -0.08035200
v 0.03836400 -0.00778300 -0.08035200
v 0.04572000 -0.00778300 -0.07640600
v 0.04572000 -0.00778300 -0.07640600
v 0.05267400 -0.00778300 -0.07178900
v 0.05267400 -0.00778300 -0.07178900
v 0.05916500 -0.00778300 -0.06654100
v 0.05916500 -0.00778300 -0.06654100
v 0.06513600 -0.00778300 -0.06070800
v 0.06513600 -0.00778300 -0.06070800
v 0.07053400 -0.00778300 -0.05434200
v 0.07053400 -0.00778300 -0.05434200
v 0.07531300 -0.00778300 -0.04749900
v 0.07531300 -0.00778300 -0.04749900
v 0.07943000 -0.00778300 -0.04023700
v 0.07943000 -0.00778300 -0.04023700
v 0.08284900 -0.00778300 -0.03262300
v 0.08284900 -0.00778300 -0.03262300
v 0.08554000 -0.00778300 -0.02472100
v 0.08554000 -0.00778300 -0.02472100
v 0.08747900 -0.00778300 -0.01660200
v 0.08747900 -0.00778300 -0.01660200
v 0.08864900 -0.00778300 -0.00833800
v 0.08864900 -0.00778300 -0.00833800
v 0.08623100 -0.00778300 -0.00641100
v 0.08623100 -0.00778300 -0.00641100
v 0.08623100 -0.00778300 -0.00641100
v 0.08602700 -0.00778300 -0.00873100
v 0.08602700 -0.00778300 -0.00873100
v 0.08576100 -0.00778300 -0.01104400
v 0.08576100 -0.00778300 -0.01104400
v 0.08543200 -0.00778300 -0.01334900
v 0.08543200 -0.00778300 -0.01334900
v 0.08543200 -0.00778300 -0.01334900
v 0.08492900 -0.00778300 -0.01460200
v 0.08492900 -0.00778300 -0.01460200
v 0.08392900 -0.00778300 -0.01550700
v 0.08392900 -0.00778300 -0.01550700
v 0.08263200 -0.00778300 -0.01588200
v 0.08263200 -0.00778300 -0.01588200
v 0.08130300 -0.00778300 -0.01565100
v 0.08130300 -0.00778300 -0.01565100
v 0.08130300 -0.00778300 -0.01565100
v 0.07612500 -0.00778300 -0.01373500
v 0.07612500 -0.00778300 -0.01373500
v 0.07079700 -0.00778300 -0.01228800
v 0.07079700 -0.00778300 -0.01228800
v 0.06536200 -0.00778300 -0.01132000
v 0.06536200 -0.00778300 -0.01132000
v 0.05986200 -0.00778300 -0.01084000
v 0.05986200 -0.00778300 -0.01084000
v 0.05986200 -0.00778300 -0.01084000
v 0.05866500 -0.00778300 -0.01053500
v 0.05866500 -0.00778300 -0.01053500
v 0.05769300 -0.00778300 -0.00977300
v 0.05769300 -0.00778300 -0.00977300
v 0.05711000 -0.00778300 -0.00868500
v 0.05711000 -0.00778300 -0.00868500
v 0.05701500 -0.00778300 -0.00745400
v 0.05701500 -0.00778300 -0.00745400
v 0.05701500 -0.00778300 -0.00745400
v 0.05709000 -0.00778300 -0.00685200
v 0.05709000 -0.00778300 -0.00685200
v 0.05715900 -0.00778300 -0.00624900
v 0.05715900 -0.00778300 -0.00624900
v 0.05722200 -0.00778300 -0.00564600
v 0.05722200 -0.00778300 -0.00564600
v 0.05722200 -0.00778300 -0.00564600
v 0.05763300 -0.00778300 -0.00409800
v 0.05763300 -0.00778300 -0.00409800
v 0.05851100 -0.00778300 -0.00275900
v 0.05851100 -0.00778300 -0.00275900
v 0.05976800 -0.00778300 -0.00176700
v 0.05976800 -0.00778300 -0.00176700
v 0.06127500 -0.00778300 -0.00122300
v 0.06127500 -0.00778300 -0.00122300
v 0.06127500 -0.00778300 -0.00122300
v 0.06646100 -0.00778300 -0.00048900
v 0.06646100 -0.00778300 -0.00048900
v 0.07169200 -0.00778300 -0.00022600
v 0.07169200 -0.00778300 -0.00022600
v 0.07692500 -0.00778300 -0.00043600
v 0.07692500 -0.00778300 -0.00043600
v 0.08211800 -0.00778300 -0.00111800
v 0.08211800 -0.00778300 -0.00111800
v 0.08211800 -0.00778300 -0.00111800
v 0.08382800 -0.00778300 -0.00176000
v 0.08382800 -0.00778300 -0.00176000
v 0.08519300 -0.00778300 -0.00297300
v 0.08519300 -0.00778300 -0.00297300
v 0.08603100 -0.00778300 -0.00459600
v 0.08603100 -0.00778300 -0.00459600
v 0.07981100 -0.00778300 -0.01936300
v 0.07981100 -0.00778300 -0.01936300
v 0.07981100 -0.00778300 -0.01936300
v 0.08133500 -0.00778300 -0.02036900
v 0.08133500 -0.00778300 -0.02036900
v 0.08239500 -0.00778300 -0.02185600
v 0.08239500 -0.00778300 -0.02185600
v 0.08285200 -0.00778300 -0.02362400
v 0.08285200 -0.00778300 -0.02362400
v 0.08264200 -0.00778300 -0.02543900
v 0.08264200 -0.00778300 -0.02543900
v 0.08264200 -0.00778300 -0.02543900
v 0.08192700 -0.00778300 -0.02765500
v 0.08192700 -0.00778300 -0.02765500
v 0.08115300 -0.00778300 -0.02985100
v 0.08115300 -0.00778300 -0.02985100
v 0.08032000 -0.00778300 -0.03202500
v 0.08032000 -0.00778300 -0.03202500
v 0.08032000 -0.00778300 -0.03202500
v 0.07955100 -0.00778300 -0.03313400
v 0.07955100 -0.00778300 -0.03313400
v 0.07837400 -0.00778300 -0.03379400
v 0.07837400 -0.00778300 -0.03379400
v 0.07702700 -0.00778300 -0.03387100
v 0.07702700 -0.00778300 -0.03387100
v 0.07578200 -0.00778300 -0.03335000
v 0.07578200 -0.00778300 -0.03335000
v 0.07578200 -0.00778300 -0.03335000
v 0.07116000 -0.00778300 -0.03033000
v 0.07116000 -0.00778300 -0.03033000
v 0.06628800 -0.00778300 -0.02773400
v 0.06628800 -0.00778300 -0.02773400
v 0.06120400 -0.00778300 -0.02558100
v 0.06120400 -0.00778300 -0.02558100
v 0.05594900 -0.00778300 -0.02388900
v 0.05594900 -0.00778300 -0.02388900
v 0.05594900 -0.00778300 -0.02388900
v 0.05485000 -0.00778300 -0.02332500
v 0.05485000 -0.00778300 -0.02332500
v 0.05407200 -0.00778300 -0.02236600
v 0.05407200 -0.00778300 -0.02236600
v 0.05374600 -0.00778300 -0.02117500
v 0.05374600 -0.00778300 -0.02117500
v 0.05392700 -0.00778300 -0.01995400
v 0.05392700 -0.00778300 -0.01995400
v 0.05392700 -0.00778300 -0.01995400
v 0.05413400 -0.00778300 -0.01938400
v 0.05413400 -0.00778300 -0.01938400
v 0.05433600 -0.00778300 -0.01881200
v 0.05433600 -0.00778300 -0.01881200
v 0.05453100 -0.00778300 -0.01823700
v 0.05453100 -0.00778300 -0.01823700
v 0.05453100 -0.00778300 -0.01823700
v 0.05527600 -0.00778300 -0.01682000
v 0.05527600 -0.00778300 -0.01682000
v 0.05643000 -0.00778300 -0.01571000
v 0.05643000 -0.00778300 -0.01571000
v 0.05787700 -0.00778300 -0.01502200
v 0.05787700 -0.00778300 -0.01502200
v 0.05946600 -0.00778300 -0.01482700
v 0.05946600 -0.00778300 -0.01482700
v 0.05946600 -0.00778300 -0.01482700
v 0.06468600 -0.00778300 -0.01526600
v 0.06468600 -0.00778300 -0.01526600
v 0.06984400 -0.00778300 -0.01617300
v 0.06984400 -0.00778300 -0.01617300
v 0.07489900 -0.00778300 -0.01754300
v 0.07489900 -0.00778300 -0.01754300
v 0.07350100 -0.00778300 -0.03663700
v 0.07350100 -0.00778300 -0.03663700
v 0.07350100 -0.00778300 -0.03663700
v 0.07476300 -0.00778300 -0.03795700
v 0.07476300 -0.00778300 -0.03795700
v 0.07546600 -0.00778300 -0.03964300
v 0.07546600 -0.00778300 -0.03964300
v 0.07551700 -0.00778300 -0.04146800
v 0.07551700 -0.00778300 -0.04146800
v 0.07490900 -0.00778300 -0.04319100
v 0.07490900 -0.00778300 -0.04319100
v 0.07490900 -0.00778300 -0.04319100
v 0.07371900 -0.00778300 -0.04519200
v 0.07371900 -0.00778300 -0.04519200
v 0.07247600 -0.00778300 -0.04716100
v 0.07247600 -0.00778300 -0.04716100
v 0.07118000 -0.00778300 -0.04909500
v 0.07118000 -0.00778300 -0.04909500
v 0.07118000 -0.00778300 -0.04909500
v 0.07018300 -0.00778300 -0.05000500
v 0.07018300 -0.00778300 -0.05000500
v 0.06888900 -0.00778300 -0.05038600
v 0.06888900 -0.00778300 -0.05038600
v 0.06755800 -0.00778300 -0.05016200
v 0.06755800 -0.00778300 -0.05016200
v 0.06646100 -0.00778300 -0.04937700
v 0.06646100 -0.00778300 -0.04937700
v 0.06646100 -0.00778300 -0.04937700
v 0.06262700 -0.00778300 -0.04540400
v 0.06262700 -0.00778300 -0.04540400
v 0.05845500 -0.00778300 -0.04178900
v 0.05845500 -0.00778300 -0.04178900
v 0.05397700 -0.00778300 -0.03855900
v 0.05397700 -0.00778300 -0.03855900
v 0.04923000 -0.00778300 -0.03573900
v 0.04923000 -0.00778300 -0.03573900
v 0.04923000 -0.00778300 -0.03573900
v 0.04828500 -0.00778300 -0.03494500
v 0.04828500 -0.00778300 -0.03494500
v 0.04773900 -0.00778300 -0.03383700
v 0.04773900 -0.00778300 -0.03383700
v 0.04768600 -0.00778300 -0.03260400
v 0.04768600 -0.00778300 -0.03260400
v 0.04813500 -0.00778300 -0.03145300
v 0.04813500 -0.00778300 -0.03145300
v 0.04813500 -0.00778300 -0.03145300
v 0.04846400 -0.00778300 -0.03094400
v 0.04846400 -0.00778300 -0.03094400
v 0.04878700 -0.00778300 -0.03043100
v 0.04878700 -0.00778300 -0.03043100
v 0.04910600 -0.00778300 -0.02991500
v 0.04910600 -0.00778300 -0.02991500
v 0.04910600 -0.00778300 -0.02991500
v 0.05014700 -0.00778300 -0.02869800
v 0.05014700 -0.00778300 -0.02869800
v 0.05152000 -0.00778300 -0.02787300
v 0.05152000 -0.00778300 -0.02787300
v 0.05308300 -0.00778300 -0.02752400
v 0.05308300 -0.00778300 -0.02752400
v 0.05467600 -0.00778300 -0.02768800
v 0.05467600 -0.00778300 -0.02768800
v 0.05467600 -0.00778300 -0.02768800
v 0.05966700 -0.00778300 -0.02927700
v 0.05966700 -0.00778300 -0.02927700
v 0.06449400 -0.00778300 -0.03131000
v 0.06449400 -0.00778300 -0.03131000
v 0.06911800 -0.00778300 -0.03377000
v 0.06911800 -0.00778300 -0.03377000
v 0.06350600 -0.00778300 -0.05207400
v 0.06350600 -0.00778300 -0.05207400
v 0.06350600 -0.00778300 -0.05207400
v 0.06444200 -0.00778300 -0.05364200
v 0.06444200 -0.00778300 -0.05364200
v 0.06475300 -0.00778300 -0.05544100
v 0.06475300 -0.00778300 -0.05544100
v 0.06439600 -0.00778300 -0.05723300
v 0.06439600 -0.00778300 -0.05723300
v 0.06342000 -0.00778300 -0.05877700
v 0.06342000 -0.00778300 -0.05877700
v 0.06342000 -0.00778300 -0.05877700
v 0.06181500 -0.00778300 -0.06046300
v 0.06181500 -0.00778300 -0.06046300
v 0.06016400 -0.00778300 -0.06210600
v 0.06016400 -0.00778300 -0.06210600
v 0.05847000 -0.00778300 -0.06370300
v 0.05847000 -0.00778300 -0.06370300
v 0.05847000 -0.00778300 -0.06370300
v 0.05729600 -0.00778300 -0.06436800
v 0.05729600 -0.00778300 -0.06436800
v 0.05595000 -0.00778300 -0.06445200
v 0.05595000 -0.00778300 -0.06445200
v 0.05470200 -0.00778300 -0.06393700
v 0.05470200 -0.00778300 -0.06393700
v 0.05380700 -0.00778300 -0.06292800
v 0.05380700 -0.00778300 -0.06292800
v 0.05380700 -0.00778300 -0.06292800
v 0.05095300 -0.00778300 -0.05820200
v 0.05095300 -0.00778300 -0.05820200
v 0.04769000 -0.00778300 -0.05374800
v 0.04769000 -0.00778300 -0.05374800
v 0.04404400 -0.00778300 -0.04960300
v 0.04404400 -0.00778300 -0.04960300
v 0.04004300 -0.00778300 -0.04579800
v 0.04004300 -0.00778300 -0.04579800
v 0.04004300 -0.00778300 -0.04579800
v 0.03929800 -0.00778300 -0.04481400
v 0.03929800 -0.00778300 -0.04481400
v 0.03901300 -0.00778300 -0.04361200
v 0.03901300 -0.00778300 -0.04361200
v 0.03923600 -0.00778300 -0.04239800
v 0.03923600 -0.00778300 -0.04239800
v 0.03992900 -0.00778300 -0.04137600
v 0.03992900 -0.00778300 -0.04137600
v 0.03992900 -0.00778300 -0.04137600
v 0.04036300 -0.00778300 -0.04095200
v 0.04036300 -0.00778300 -0.04095200
v 0.04079300 -0.00778300 -0.04052400
v 0.04079300 -0.00778300 -0.04052400
v 0.04121800 -0.00778300 -0.04009200
v 0.04121800 -0.00778300 -0.04009200
v 0.04121800 -0.00778300 -0.04009200
v 0.04250400 -0.00778300 -0.03913700
v 0.04250400 -0.00778300 -0.03913700
v 0.04402600 -0.00778300 -0.03863800
v 0.04402600 -0.00778300 -0.03863800
v 0.04562700 -0.00778300 -0.03864600
v 0.04562700 -0.00778300 -0.03864600
v 0.04714400 -0.00778300 -0.03916000
v 0.04714400 -0.00778300 -0.03916000
v 0.04714400 -0.00778300 -0.03916000
v 0.05165600 -0.00778300 -0.04182000
v 0.05165600 -0.00778300 -0.04182000
v 0.05591000 -0.00778300 -0.04487600
v 0.05591000 -0.00778300 -0.04487600
v 0.05987000 -0.00778300 -0.04830300
v 0.05987000 -0.00778300 -0.04830300
v 0.05032600 -0.00778300 -0.06489900
v 0.05032600 -0.00778300 -0.06489900
v 0.05032600 -0.00778300 -0.06489900
v 0.05089000 -0.00778300 -0.06663600
v 0.05089000 -0.00778300 -0.06663600
v 0.05079200 -0.00778300 -0.06846000
v 0.05079200 -0.00778300 -0.06846000
v 0.05004600 -0.00778300 -0.07012700
v 0.05004600 -0.00778300 -0.07012700
v 0.04875100 -0.00778300 -0.07141500
v 0.04875100 -0.00778300 -0.07141500
v 0.04875100 -0.00778300 -0.07141500
v 0.04681100 -0.00778300 -0.07270200
v 0.04681100 -0.00778300 -0.07270200
v 0.04483600 -0.00778300 -0.07393600
v 0.04483600 -0.00778300 -0.07393600
v 0.04282900 -0.00778300 -0.07511700
v 0.04282900 -0.00778300 -0.07511700
v 0.04282900 -0.00778300 -0.07511700
v 0.04153700 -0.00778300 -0.07550400
v 0.04153700 -0.00778300 -0.07550400
v 0.04020500 -0.00778300 -0.07528600
v 0.04020500 -0.00778300 -0.07528600
v 0.03910400 -0.00778300 -0.07450700
v 0.03910400 -0.00778300 -0.07450700
v 0.03845500 -0.00778300 -0.07332300
v 0.03845500 -0.00778300 -0.07332300
v 0.03845500 -0.00778300 -0.07332300
v 0.03672500 -0.00778300 -0.06808100
v 0.03672500 -0.00778300 -0.06808100
v 0.03453400 -0.00778300 -0.06301300
v 0.03453400 -0.00778300 -0.06301300
v 0.03190200 -0.00778300 -0.05816000
v 0.03190200 -0.00778300 -0.05816000
v 0.02884800 -0.00778300 -0.05356000
v 0.02884800 -0.00778300 -0.05356000
v 0.02884800 -0.00778300 -0.05356000
v 0.02834100 -0.00778300 -0.05243500
v 0.02834100 -0.00778300 -0.05243500
v 0.02833000 -0.00778300 -0.05120000
v 0.02833000 -0.00778300 -0.05120000
v 0.02881800 -0.00778300 -0.05006500
v 0.02881800 -0.00778300 -0.05006500
v 0.02972100 -0.00778300 -0.04922300
v 0.02972100 -0.00778300 -0.04922300
v 0.02972100 -0.00778300 -0.04922300
v 0.03023800 -0.00778300 -0.04890700
v 0.03023800 -0.00778300 -0.04890700
v 0.03075300 -0.00778300 -0.04858500
v 0.03075300 -0.00778300 -0.04858500
v 0.03126300 -0.00778300 -0.04825800
v 0.03126300 -0.00778300 -0.04825800
v 0.03126300 -0.00778300 -0.04825800
v 0.03273000 -0.00778300 -0.04761400
v 0.03273000 -0.00778300 -0.04761400
v 0.03432400 -0.00778300 -0.04746600
v 0.03432400 -0.00778300 -0.04746600
v 0.03588400 -0.00778300 -0.04783000
v 0.03588400 -0.00778300 -0.04783000
v 0.03724800 -0.00778300 -0.04866900
v 0.03724800 -0.00778300 -0.04866900
v 0.03724800 -0.00778300 -0.04866900
v 0.04105500 -0.00778300 -0.05226600
v 0.04105500 -0.00778300 -0.05226600
v 0.04452200 -0.00778300 -0.05619200
v 0.04452200 -0.00778300 -0.05619200
v 0.04762100 -0.00778300 -0.06041400
v 0.04762100 -0.00778300 -0.06041400
v 0.03462300 -0.00778300 -0.07447100
v 0.03462300 -0.00778300 -0.07447100
v 0.03462300 -0.00778300 -0.07447100
v 0.03478600 -0.00778300 -0.07629000
v 0.03478600 -0.00778300 -0.07629000
v 0.03428500 -0.00778300 -0.07804600
v 0.03428500 -0.00778300 -0.07804600
v 0.03318700 -0.00778300 -0.07950600
v 0.03318700 -0.00778300 -0.07950600
v 0.03163800 -0.00778300 -0.08047300
v 0.03163800 -0.00778300 -0.08047300
v 0.03163800 -0.00778300 -0.08047300
v 0.02945900 -0.00778300 -0.08129600
v 0.02945900 -0.00778300 -0.08129600
v 0.02726000 -0.00778300 -0.08205900
v 0.02726000 -0.00778300 -0.08205900
v 0.02504000 -0.00778300 -0.08276400
v 0.02504000 -0.00778300 -0.08276400
v 0.02504000 -0.00778300 -0.08276400
v 0.02369400 -0.00778300 -0.08285400
v 0.02369400 -0.00778300 -0.08285400
v 0.02244400 -0.00778300 -0.08234500
v 0.02244400 -0.00778300 -0.08234500
v 0.02154400 -0.00778300 -0.08134000
v 0.02154400 -0.00778300 -0.08134000
v 0.02117500 -0.00778300 -0.08004200
v 0.02117500 -0.00778300 -0.08004200
v 0.02117500 -0.00778300 -0.08004200
v 0.02065400 -0.00778300 -0.07454600
v 0.02065400 -0.00778300 -0.07454600
v 0.01964700 -0.00778300 -0.06911800
v 0.01964700 -0.00778300 -0.06911800
v 0.01816000 -0.00778300 -0.06380100
v 0.01816000 -0.00778300 -0.06380100
v 0.01620700 -0.00778300 -0.05863700
v 0.01620700 -0.00778300 -0.05863700
v 0.01620700 -0.00778300 -0.05863700
v 0.01596300 -0.00778300 -0.05742600
v 0.01596300 -0.00778300 -0.05742600
v 0.01622700 -0.00778300 -0.05622000
v 0.01622700 -0.00778300 -0.05622000
v 0.01695400 -0.00778300 -0.05522300
v 0.01695400 -0.00778300 -0.05522300
v 0.01802200 -0.00778300 -0.05460300
v 0.01802200 -0.00778300 -0.05460300
v 0.01802200 -0.00778300 -0.05460300
v 0.01859700 -0.00778300 -0.05440900
v 0.01859700 -0.00778300 -0.05440900
v 0.01917000 -0.00778300 -0.05421000
v 0.01917000 -0.00778300 -0.05421000
v 0.01974100 -0.00778300 -0.05400500
v 0.01974100 -0.00778300 -0.05400500
v 0.01974100 -0.00778300 -0.05400500
v 0.02131400 -0.00778300 -0.05370300
v 0.02131400 -0.00778300 -0.05370300
v 0.02290100 -0.00778300 -0.05391400
v 0.02290100 -0.00778300 -0.05391400
v 0.02434100 -0.00778300 -0.05461600
v 0.02434100 -0.00778300 -0.05461600
v 0.02548400 -0.00778300 -0.05573700
v 0.02548400 -0.00778300 -0.05573700
v 0.02548400 -0.00778300 -0.05573700
v 0.02839600 -0.00778300 -0.06009100
v 0.02839600 -0.00778300 -0.06009100
v 0.03090200 -0.00778300 -0.06469000
v 0.03090200 -0.00778300 -0.06469000
v 0.03298300 -0.00778300 -0.06949600
v 0.03298300 -0.00778300 -0.06949600
v 0.01718300 -0.00778300 -0.08030800
v 0.01718300 -0.00778300 -0.08030800
v 0.01718300 -0.00778300 -0.08030800
v 0.01693800 -0.00778300 -0.08211800
v 0.01693800 -0.00778300 -0.08211800
v 0.01605900 -0.00778300 -0.08371900
v 0.01605900 -0.00778300 -0.08371900
v 0.01466300 -0.00778300 -0.08489700
v 0.01466300 -0.00778300 -0.08489700
v 0.01293700 -0.00778300 -0.08549500
v 0.01293700 -0.00778300 -0.08549500
v 0.01293700 -0.00778300 -0.08549500
v 0.01063100 -0.00778300 -0.08581300
v 0.01063100 -0.00778300 -0.08581300
v 0.00831600 -0.00778300 -0.08606800
v 0.00831600 -0.00778300 -0.08606800
v 0.00599600 -0.00778300 -0.08626100
v 0.00599600 -0.00778300 -0.08626100
v 0.00599600 -0.00778300 -0.08626100
v 0.00466300 -0.00778300 -0.08604900
v 0.00466300 -0.00778300 -0.08604900
v 0.00355800 -0.00778300 -0.08527500
v 0.00355800 -0.00778300 -0.08527500
v 0.00290400 -0.00778300 -0.08409500
v 0.00290400 -0.00778300 -0.08409500
v 0.00283300 -0.00778300 -0.08274700
v 0.00283300 -0.00778300 -0.08274700
v 0.00283300 -0.00778300 -0.08274700
v 0.00354900 -0.00778300 -0.07727300
v 0.00354900 -0.00778300 -0.07727300
v 0.00377400 -0.00778300 -0.07175600
v 0.00377400 -0.00778300 -0.07175600
v 0.00350800 -0.00778300 -0.06624200
v 0.00350800 -0.00778300 -0.06624200
v 0.00275200 -0.00778300 -0.06077300
v 0.00275200 -0.00778300 -0.06077300
v 0.00275200 -0.00778300 -0.06077300
v 0.00278400 -0.00778300 -0.05953900
v 0.00278400 -0.00778300 -0.05953900
v 0.00331000 -0.00778300 -0.05842200
v 0.00331000 -0.00778300 -0.05842200
v 0.00424100 -0.00778300 -0.05761100
v 0.00424100 -0.00778300 -0.05761100
v 0.00542000 -0.00778300 -0.05724400
v 0.00542000 -0.00778300 -0.05724400
v 0.00542000 -0.00778300 -0.05724400
v 0.00602400 -0.00778300 -0.05718400
v 0.00602400 -0.00778300 -0.05718400
v 0.00662700 -0.00778300 -0.05711700
v 0.00662700 -0.00778300 -0.05711700
v 0.00722900 -0.00778300 -0.05704400
v 0.00722900 -0.00778300 -0.05704400
v 0.00722900 -0.00778300 -0.05704400
v 0.00882900 -0.00778300 -0.05709900
v 0.00882900 -0.00778300 -0.05709900
v 0.01033000 -0.00778300 -0.05765800
v 0.01033000 -0.00778300 -0.05765800
v 0.01157700 -0.00778300 -0.05866300
v 0.01157700 -0.00778300 -0.05866300
v 0.01244300 -0.00778300 -0.06001100
v 0.01244300 -0.00778300 -0.06001100
v 0.01244300 -0.00778300 -0.06001100
v 0.01431200 -0.00778300 -0.06490300
v 0.01431200 -0.00778300 -0.06490300
v 0.01573200 -0.00778300 -0.06994500
v 0.01573200 -0.00778300 -0.06994500
v 0.01669200 -0.00778300 -0.07509300
v 0.01669200 -0.00778300 -0.07509300
v -0.00111800 -0.00778300 -0.08211800
v -0.00111800 -0.00778300 -0.08211800
v -0.00111800 -0.00778300 -0.08211800
v -0.00176000 -0.00778300 -0.08382800
v -0.00176000 -0.00778300 -0.08382800
v -0.00297300 -0.00778300 -0.08519300
v -0.00297300 -0.00778300 -0.08519300
v -0.00459600 -0.00778300 -0.08603100
v -0.00459600 -0.00778300 -0.08603100
v -0.00641100 -0.00778300 -0.08623100
v -0.00641100 -0.00778300 -0.08623100
v -0.00641100 -0.00778300 -0.08623100
v -0.00873100 -0.00778300 -0.08602700
v -0.00873100 -0.00778300 -0.08602700
v -0.01104400 -0.00778300 -0.08576100
v -0.01104400 -0.00778300 -0.08576100
v -0.01334900 -0.00778300 -0.08543200
v -0.01334900 -0.00778300 -0.08543200
v -0.01334900 -0.00778300 -0.08543200
v -0.01460200 -0.00778300 -0.08492900
v -0.01460200 -0.00778300 -0.08492900
v -0.01550700 -0.00778300 -0.08392900
v -0.01550700 -0.00778300 -0.08392900
v -0.01588200 -0.00778300 -0.08263200
v -0.01588200 -0.00778300 -0.08263200
v -0.01565100 -0.00778300 -0.08130300
v -0.01565100 -0.00778300 -0.08130300
v -0.01565100 -0.00778300 -0.08130300
v -0.01373500 -0.00778300 -0.07612500
v -0.01373500 -0.00778300 -0.07612500
v -0.01228800 -0.00778300 -0.07079700
v -0.01228800 -0.00778300 -0.07079700
v -0.01132000 -0.00778300 -0.06536200
v -0.01132000 -0.00778300 -0.06536200
v -0.01084000 -0.00778300 -0.05986200
v -0.01084000 -0.00778300 -0.05986200
v -0.01084000 -0.00778300 -0.05986200
v -0.01053500 -0.00778300 -0.05866500
v -0.01053500 -0.00778300 -0.05866500
v -0.00977300 -0.00778300 -0.05769300
v -0.00977300 -0.00778300 -0.05769300
v -0.00868500 -0.00778300 -0.05711000
v -0.00868500 -0.00778300 -0.05711000
v -0.00745400 -0.00778300 -0.05701500
v -0.00745400 -0.00778300 -0.05701500
v -0.00745400 -0.00778300 -0.05701500
v -0.00685200 -0.00778300 -0.05709000
v -0.00685200 -0.00778300 -0.05709000
v -0.00624900 -0.00778300 -0.05715900
v -0.00624900 -0.00778300 -0.05715900
v -0.00564600 -0.00778300 -0.05722200
v -0.00564600 -0.00778300 -0.05722200
v -0.00564600 -0.00778300 -0.05722200
v -0.00409800 -0.00778300 -0.05763300
v -0.00409800 -0.00778300 -0.05763300
v -0.00275900 -0.00778300 -0.05851100
v -0.00275900 -0.00778300 -0.05851100
v -0.00176700 -0.00778300 -0.05976800
v -0.00176700 -0.00778300 -0.05976800
v -0.00122300 -0.00778300 -0.06127500
v -0.00122300 -0.00778300 -0.06127500
v -0.00122300 -0.00778300 -0.06127500
v -0.00048900 -0.00778300 -0.06646100
v -0.00048900 -0.00778300 -0.06646100
v -0.00022600 -0.00778300 -0.07169200
v -0.00022600 -0.00778300 -0.07169200
v -0.00043600 -0.00778300 -0.07692500
v -0.00043600 -0.00778300 -0.07692500
v -0.01936300 -0.00778300 -0.07981100
v -0.01936300 -0.00778300 -0.07981100
v -0.01936300 -0.00778300 -0.07981100
v -0.02036900 -0.00778300 -0.08133500
v -0.02036900 -0.00778300 -0.08133500
v -0.02185600 -0.00778300 -0.08239500
v -0.02185600 -0.00778300 -0.08239500
v -0.02362400 -0.00778300 -0.08285200
v -0.02362400 -0.00778300 -0.08285200
v -0.02543900 -0.00778300 -0.08264200
v -0.02543900 -0.00778300 -0.08264200
v -0.02543900 -0.00778300 -0.08264200
v -0.02765500 -0.00778300 -0.08192700
v -0.02765500 -0.00778300 -0.08192700
v -0.02985100 -0.00778300 -0.08115300
v -0.02985100 -0.00778300 -0.08115300
v -0.03202500 -0.00778300 -0.08032000
v -0.03202500 -0.00778300 -0.08032000
v -0.03202500 -0.00778300 -0.08032000
v -0.03313400 -0.00778300 -0.07955100
v -0.03313400 -0.00778300 -0.07955100
v -0.03379400 -0.00778300 -0.07837400
v -0.03379400 -0.00778300 -0.07837400
v -0.03387100 -0.00778300 -0.07702700
v -0.03387100 -0.00778300 -0.07702700
v -0.03335000 -0.00778300 -0.07578200
v -0.03335000 -0.00778300 -0.07578200
v -0.03335000 -0.00778300 -0.07578200
v -0.03033000 -0.00778300 -0.07116000
v -0.03033000 -0.00778300 -0.07116000
v -0.02773400 -0.00778300 -0.06628800
v -0.02773400 -0.00778300 -0.06628800
v -0.02558100 -0.00778300 -0.06120400
v -0.02558100 -0.00778300 -0.06120400
v -0.02388900 -0.00778300 -0.05594900
v -0.02388900 -0.00778300 -0.05594900
v -0.02388900 -0.00778300 -0.05594900
v -0.02332500 -0.00778300 -0.05485000
v -0.02332500 -0.00778300 -0.05485000
v -0.02236600 -0.00778300 -0.05407200
v -0.02236600 -0.00778300 -0.05407200
v -0.02117500 -0.00778300 -0.05374600
v -0.02117500 -0.00778300 -0.05374600
v -0.01995400 -0.00778300 -0.05392700
v -0.01995400 -0.00778300 -0.05392700
v -0.01995400 -0.00778300 -0.05392700
v -0.01938400 -0.00778300 -0.05413400
v -0.01938400 -0.00778300 -0.05413400
v -0.01881200 -0.00778300 -0.05433600
v -0.01881200 -0.00778300 -0.05433600
v -0.01823700 -0.00778300 -0.05453100
v -0.01823700 -0.00778300 -0.05453100
v -0.01823700 -0.00778300 -0.05453100
v -0.01682000 -0.00778300 -0.05527600
v -0.01682000 -0.00778300 -0.05527600
v -0.01571000 -0.00778300 -0.05643000
v -0.01571000 -0.00778300 -0.05643000
v -0.01502200 -0.00778300 -0.05787700
v -0.01502200 -0.00778300 -0.05787700
v -0.01482700 -0.00778300 -0.05946600
v -0.01482700 -0.00778300 -0.05946600
v -0.01482700 -0.00778300 -0.05946600
v -0.01526600 -0.00778300 -0.06468600
v -0.01526600 -0.00778300 -0.06468600
v -0.01617300 -0.00778300 -0.06984400
v -0.01617300 -0.00778300 -0.06984400
v -0.01754300 -0.00778300 -0.07489900
v -0.01754300 -0.00778300 -0.07489900
v -0.03663700 -0.00778300 -0.07350100
v -0.03663700 -0.00778300 -0.07350100
v -0.03663700 -0.00778300 -0.07350100
v -0.03795700 -0.00778300 -0.07476300
v -0.03795700 -0.00778300 -0.07476300
v -0.03964300 -0.00778300 -0.07546600
v -0.03964300 -0.00778300 -0.07546600
v -0.04146800 -0.00778300 -0.07551700
v -0.04146800 -0.00778300 -0.07551700
v -0.04319100 -0.00778300 -0.07490900
v -0.04319100 -0.00778300 -0.07490900
v -0.04319100 -0.00778300 -0.07490900
v -0.04519200 -0.00778300 -0.07371900
v -0.04519200 -0.00778300 -0.07371900
v -0.04716100 -0.00778300 -0.07247600
v -0.04716100 -0.00778300 -0.07247600
v -0.04909500 -0.00778300 -0.07118000
v -0.04909500 -0.00778300 -0.07118000
v -0.04909500 -0.00778300 -0.07118000
v -0.05000500 -0.00778300 -0.07018300
v -0.05000500 -0.00778300 -0.07018300
v -0.05038600 -0.00778300 -0.06888900
v -0.05038600 -0.00778300 -0.06888900
v -0.05016200 -0.00778300 -0.06755800
v -0.05016200 -0.00778300 -0.06755800
v -0.04937700 -0.00778300 -0.06646100
v -0.04937700 -0.00778300 -0.06646100
v -0.04937700 -0.00778300 -0.06646100
v -0.04540400 -0.00778300 -0.06262700
v -0.04540400 -0.00778300 -0.06262700
v -0.04178900 -0.00778300 -0.05845500
v -0.04178900 -0.00778300 -0.05845500
v -0.03855900 -0.00778300 -0.05397700
v -0.03855900 -0.00778300 -0.05397700
v -0.03573900 -0.00778300 -0.04923000
v -0.03573900 -0.00778300 -0.04923000
v -0.03573900 -0.00778300 -0.04923000
v -0.03494500 -0.00778300 -0.04828500
v -0.03494500 -0.00778300 -0.04828500
v -0.03383700 -0.00778300 -0.04773900
v -0.03383700 -0.00778300 -0.04773900
v -0.03260400 -0.00778300 -0.04768600
v -0.03260400 -0.00778300 -0.04768600
v -0.03145300 -0.00778300 -0.04813500
v -0.03145300 -0.00778300 -0.04813500
v -0.03145300 -0.00778300 -0.04813500
v -0.03094400 -0.00778300 -0.04846400
v -0.03094400 -0.00778300 -0.04846400
v -0.03043100 -0.00778300 -0.04878700
v -0.03043100 -0.00778300 -0.04878700
v -0.02991500 -0.00778300 -0.04910600
v -0.02991500 -0.00778300 -0.04910600
v -0.02991500 -0.00778300 -0.04910600
v -0.02869800 -0.00778300 -0.05014700
v -0.02869800 -0.00778300 -0.05014700
v -0.02787300 -0.00778300 -0.05152000
v -0.02787300 -0.00778300 -0.05152000
v -0.02752400 -0.00778300 -0.05308300
v -0.02752400 -0.00778300 -0.05308300
v -0.02768800 -0.00778300 -0.05467600
v -0.02768800 -0.00778300 -0.05467600
v -0.02768800 -0.00778300 -0.05467600
v -0.02927700 -0.00778300 -0.05966700
v -0.02927700 -0.00778300 -0.05966700
v -0.03131000 -0.00778300 -0.06449400
v -0.03131000 -0.00778300 -0.06449400
v -0.03377000 -0.00778300 -0.06911800
v -0.03377000 -0.00778300 -0.06911800
v -0.05207400 -0.00778300 -0.06350600
v -0.05207400 -0.00778300 -0.06350600
v -0.05207400 -0.00778300 -0.06350600
v -0.05364200 -0.00778300 -0.06444200
v -0.05364200 -0.00778300 -0.06444200
v -0.05544100 -0.00778300 -0.06475300
v -0.05544100 -0.00778300 -0.06475300
v -0.05723300 -0.00778300 -0.06439600
v -0.05723300 -0.00778300 -0.06439600
v -0.05877700 -0.00778300 -0.06342000
v -0.05877700 -0.00778300 -0.06342000
v -0.05877700 -0.00778300 -0.06342000
v -0.06046300 -0.00778300 -0.06181500
v -0.06046300 -0.00778300 -0.06181500
v -0.06210600 -0.00778300 -0.06016400
v -0.06210600 -0.00778300 -0.06016400
v -0.06370300 -0.00778300 -0.05847000
v -0.06370300 -0.00778300 -0.05847000
v -0.06370300 -0.00778300 -0.05847000
v -0.06436800 -0.00778300 -0.05729600
v -0.06436800 -0.00778300 -0.05729600
v -0.06445200 -0.00778300 -0.05595000
v -0.06445200 -0.00778300 -0.05595000
v -0.06393700 -0.00778300 -0.05470200
v -0.06393700 -0.00778300 -0.05470200
v -0.06292800 -0.00778300 -0.05380700
v -0.06292800 -0.00778300 -0.05380700
v -0.06292800 -0.00778300 -0.05380700
v -0.05820200 -0.00778300 -0.05095300
v -0.05820200 -0.00778300 -0.05095300
v -0.05374800 -0.00778300 -0.04769000
v -0.05374800 -0.00778300 -0.04769000
v -0.04960300 -0.00778300 -0.04404400
v -0.04960300 -0.00778300 -0.04404400
v -0.04579800 -0.00778300 -0.04004300
v -0.04579800 -0.00778300 -0.04004300
v -0.04579800 -0.00778300 -0.04004300
v -0.04481400 -0.00778300 -0.03929800
v -0.04481400 -0.00778300 -0.03929800
v -0.04361200 -0.00778300 -0.03901300
v -0.04361200 -0.00778300 -0.03901300
v -0.04239800 -0.00778300 -0.03923600
v -0.04239800 -0.00778300 -0.03923600
v -0.04137600 -0.00778300 -0.03992900
v -0.04137600 -0.00778300 -0.03992900
v -0.04137600 -0.00778300 -0.03992900
v -0.04095200 -0.00778300 -0.04036300
v -0.04095200 -0.00778300 -0.04036300
v -0.04052400 -0.00778300 -0.04079300
v -0.04052400 -0.00778300 -0.04079300
v -0.04009200 -0.00778300 -0.04121800
v -0.04009200 -0.00778300 -0.04121800
v -0.04009200 -0.00778300 -0.04121800
v -0.03913700 -0.00778300 -0.04250400
v -0.03913700 -0.00778300 -0.04250400
v -0.03863800 -0.00778300 -0.04402600
v -0.03863800 -0.00778300 -0.04402600
v -0.03864600 -0.00778300 -0.04562700
v -0.03864600 -0.00778300 -0.04562700
v -0.03916000 -0.00778300 -0.04714400
v -0.03916000 -0.00778300 -0.04714400
v -0.03916000 -0.00778300 -0.04714400
v -0.04182000 -0.00778300 -0.05165600
v -0.04182000 -0.00778300 -0.05165600
v -0.04487600 -0.00778300 -0.05591000
v -0.04487600 -0.00778300 -0.05591000
v -0.04830300 -0.00778300 -0.05987000
v -0.04830300 -0.00778300 -0.05987000
v -0.06489900 -0.00778300 -0.05032600
v -0.06489900 -0.00778300 -0.05032600
v -0.06489900 -0.00778300 -0.05032600
v -0.06663600 -0.00778300 -0.05089000
v -0.06663600 -0.00778300 -0.05089000
v -0.06846000 -0.00778300 -0.05079200
v -0.06846000 -0.00778300 -0.05079200
v -0.07012700 -0.00778300 -0.05004600
v -0.07012700 -0.00778300 -0.05004600
v -0.07141500 -0.00778300 -0.04875100
v -0.07141500 -0.00778300 -0.04875100
v -0.07141500 -0.00778300 -0.04875100
v -0.07270200 -0.00778300 -0.04681100
v -0.07270200 -0.00778300 -0.04681100
v -0.07393600 -0.00778300 -0.04483600
v -0.07393600 -0.00778300 -0.04483600
v -0.07511700 -0.00778300 -0.04282900
v -0.07511700 -0.00778300 -0.04282900
v -0.07511700 -0.00778300 -0.04282900
v -0.07550400 -0.00778300 -0.04153700
v -0.07550400 -0.00778300 -0.04153700
v -0.07528600 -0.00778300 -0.04020500
v -0.07528600 -0.00778300 -0.04020500
v -0.07450700 -0.00778300 -0.03910400
v -0.07450700 -0.00778300 -0.03910400
v -0.07332300 -0.00778300 -0.03845500
v -0.07332300 -0.00778300 -0.03845500
v -0.07332300 -0.00778300 -0.03845500
v -0.06808100 -0.00778300 -0.03672500
v -0.06808100 -0.00778300 -0.03672500
v -0.06301300 -0.00778300 -0.03453400
v -0.06301300 -0.00778300 -0.03453400
v -0.05816000 -0.00778300 -0.03190200
v -0.05816000 -0.00778300 -0.03190200
v -0.05356000 -0.00778300 -0.02884800
v -0.05356000 -0.00778300 -0.02884800
v -0.05356000 -0.00778300 -0.02884800
v -0.05243500 -0.00778300 -0.02834100
v -0.05243500 -0.00778300 -0.02834100
v -0.05120000 -0.00778300 -0.02833000
v -0.05120000 -0.00778300 -0.02833000
v -0.05006500 -0.00778300 -0.02881800
v -0.05006500 -0.00778300 -0.02881800
v -0.04922300 -0.00778300 -0.02972100
v -0.04922300 -0.00778300 -0.02972100
v -0.04922300 -0.00778300 -0.02972100
v -0.04890700 -0.00778300 -0.03023800
v -0.04890700 -0.00778300 -0.03023800
v -0.04858500 -0.00778300 -0.03075300
v -0.04858500 -0.00778300 -0.03075300
v -0.04825800 -0.00778300 -0.03126300
v -0.04825800 -0.00778300 -0.03126300
v -0.04825800 -0.00778300 -0.03126300
v -0.04761400 -0.00778300 -0.03273000
v -0.04761400 -0.00778300 -0.03273000
v -0.04746600 -0.00778300 -0.03432400
v -0.04746600 -0.00778300 -0.03432400
v -0.04783000 -0.00778300 -0.03588400
v -0.04783000 -0.00778300 -0.03588400
v -0.04866900 -0.00778300 -0.03724800
v -0.04866900 -0.00778300 -0.03724800
v -0.04866900 -0.00778300 -0.03724800
v -0.05226600 -0.00778300 -0.04105500
v -0.05226600 -0.00778300 -0.04105500
v -0.05619200 -0.00778300 -0.04452200
v -0.05619200 -0.00778300 -0.04452200
v -0.06041400 -0.00778300 -0.04762100
v -0.06041400 -0.00778300 -0.04762100
v -0.07447100 -0.00778300 -0.03462300
v -0.07447100 -0.00778300 -0.03462300
v -0.07447100 -0.00778300 -0.03462300
v -0.07629000 -0.00778300 -0.03478600
v -0.07629000 -0.00778300 -0.03478600
v -0.07804600 -0.00778300 -0.03428500
v -0.07804600 -0.00778300 -0.03428500
v -0.07950600 -0.00778300 -0.03318700
v -0.07950600 -0.00778300 -0.03318700
v -0.08047300 -0.00778300 -0.03163800
v -0.08047300 -0.00778300 -0.03163800
v -0.08047300 -0.00778300 -0.03163800
v -0.08129600 -0.00778300 -0.02945900
v -0.08129600 -0.00778300 -0.02945900
v -0.08205900 -0.00778300 -0.02726000
v -0.08205900 -0.00778300 -0.02726000
v -0.08276400 -0.00778300 -0.02504000
v -0.08276400 -0.00778300 -0.02504000
v -0.08276400 -0.00778300 -0.02504000
v -0.08285400 -0.00778300 -0.02369400
v -0.08285400 -0.00778300 -0.02369400
v -0.08234500 -0.00778300 -0.02244400
v -0.08234500 -0.00778300 -0.02244400
v -0.08134000 -0.00778300 -0.02154400
v -0.08134000 -0.00778300 -0.02154400
v -0.08004200 -0.00778300 -0.02117500
v -0.08004200 -0.00778300 -0.02117500
v -0.08004200 -0.00778300 -0.02117500
v -0.07454600 -0.00778300 -0.02065400
v -0.07454600 -0.00778300 -0.02065400
v -0.06911800 -0.00778300 -0.01964700
v -0.06911800 -0.00778300 -0.01964700
v -0.06380100 -0.00778300 -0.01816000
v -0.06380100 -0.00778300 -0.01816000
v -0.05863700 -0.00778300 -0.01620700
v -0.05863700 -0.00778300 -0.01620700
v -0.05863700 -0.00778300 -0.01620700
v -0.05742600 -0.00778300 -0.01596300
v -0.05742600 -0.00778300 -0.01596300
v -0.05622000 -0.00778300 -0.01622700
v -0.05622000 -0.00778300 -0.01622700
v -0.05522300 -0.00778300 -0.01695400
v -0.05522300 -0.00778300 -0.01695400
v -0.05460300 -0.00778300 -0.01802200
v -0.05460300 -0.00778300 -0.01802200
v -0.05460300 -0.00778300 -0.01802200
v -0.05440900 -0.00778300 -0.01859700
v -0.05440900 -0.00778300 -0.01859700
v -0.05421000 -0.00778300 -0.01917000
v -0.05421000 -0.00778300 -0.01917000
v -0.05400500 -0.00778300 -0.01974100
v -0.05400500 -0.00778300 -0.01974100
v -0.05400500 -0.00778300 -0.01974100
v -0.05370300 -0.00778300 -0.02131400
v -0.05370300 -0.00778300 -0.02131400
v -0.05391400 -0.00778300 -0.02290100
v -0.05391400 -0.00778300 -0.02290100
v -0.05461600 -0.00778300 -0.02434100
v -0.05461600 -0.00778300 -0.02434100
v -0.05573700 -0.00778300 -0.02548400
v -0.05573700 -0.00778300 -0.02548400
v -0.05573700 -0.00778300 -0.02548400
v -0.06009100 -0.00778300 -0.02839600
v -0.06009100 -0.00778300 -0.02839600
v -0.06469000 -0.00778300 -0.03090200
v -0.06469000 -0.00778300 -0.03090200
v -0.06949600 -0.00778300 -0.03298300
v -0.06949600 -0.00778300 -0.03298300
v -0.08030800 -0.00778300 -0.01718300
v -0.08030800 -0.00778300 -0.01718300
v -0.08030800 -0.00778300 -0.01718300
v -0.08211800 -0.00778300 -0.01693800
v -0.08211800 -0.00778300 -0.01693800
v -0.08371900 -0.00778300 -0.01605900
v -0.08371900 -0.00778300 -0.01605900
v -0.08489700 -0.00778300 -0.01466300
v -0.08489700 -0.00778300 -0.01466300
v -0.08549500 -0.00778300 -0.01293700
v -0.08549500 -0.00778300 -0.01293700
v -0.08549500 -0.00778300 -0.01293700
v -0.08581300 -0.00778300 -0.01063100
v -0.08581300 -0.00778300 -0.01063100
v -0.08606800 -0.00778300 -0.00831600
v -0.08606800 -0.00778300 -0.00831600
v -0.08626100 -0.00778300 -0.00599600
v -0.08626100 -0.00778300 -0.00599600
v -0.08626100 -0.00778300 -0.00599600
v -0.08604900 -0.00778300 -0.00466300
v -0.08604900 -0.00778300 -0.00466300
v -0.08527500 -0.00778300 -0.00355800
v -0.08527500 -0.00778300 -0.00355800
v -0.08409500 -0.00778300 -0.00290400
v -0.08409500 -0.00778300 -0.00290400
v -0.08274700 -0.00778300 -0.00283300
v -0.08274700 -0.00778300 -0.00283300
v -0.08274700 -0.00778300 -0.00283300
v -0.07727300 -0.00778300 -0.00354900
v -0.07727300 -0.00778300 -0.00354900
v -0.07175600 -0.00778300 -0.00377400
v -0.07175600 -0.00778300 -0.00377400
v -0.06624200 -0.00778300 -0.00350800
v -0.06624200 -0.00778300 -0.00350800
v -0.06077300 -0.00778300 -0.00275200
v -0.06077300 -0.00778300 -0.00275200
v -0.06077300 -0.00778300 -0.00275200
v -0.05953900 -0.00778300 -0.00278400
v -0.05953900 -0.00778300 -0.00278400
v -0.05842200 -0.00778300 -0.00331000
v -0.05842200 -0.00778300 -0.00331000
v -0.05761100 -0.00778300 -0.00424100
v -0.05761100 -0.00778300 -0.00424100
v -0.05724400 -0.00778300 -0.00542000
v -0.05724400 -0.00778300 -0.00542000
v -0.05724400 -0.00778300 -0.00542000
v -0.05718400 -0.00778300 -0.00602400
v -0.05718400 -0.00778300 -0.00602400
v -0.05711700 -0.00778300 -0.00662700
v -0.05711700 -0.00778300 -0.00662700
v -0.05704400 -0.00778300 -0.00722900
v -0.05704400 -0.00778300 -0.00722900
v -0.05704400 -0.00778300 -0.00722900
v -0.05709900 -0.00778300 -0.00882900
v -0.05709900 -0.00778300 -0.00882900
v -0.05765800 -0.00778300 -0.01033000
v -0.05765800 -0.00778300 -0.01033000
v -0.05866300 -0.00778300 -0.01157700
v -0.05866300 -0.00778300 -0.01157700
v -0.06001100 -0.00778300 -0.01244300
v -0.06001100 -0.00778300 -0.01244300
v -0.06001100 -0.00778300 -0.01244300
v -0.06490300 -0.00778300 -0.01431200
v -0.06490300 -0.00778300 -0.01431200
v -0.06994500 -0.00778300 -0.01573200
v -0.06994500 -0.00778300 -0.01573200
v -0.07509300 -0.00778300 -0.01669200
v -0.07509300 -0.00778300 -0.01669200
v -0.08211800 -0.00778300 0.00111800
v -0.08211800 -0.00778300 0.00111800
v -0.08211800 -0.00778300 0.00111800
v -0.08382800 -0.00778300 0.00176000
v -0.08382800 -0.00778300 0.00176000
v -0.08519300 -0.00778300 0.00297300
v -0.08519300 -0.00778300 0.00297300
v -0.08603100 -0.00778300 0.00459600
v -0.08603100 -0.00778300 0.00459600
v -0.08623100 -0.00778300 0.00641100
v -0.08623100 -0.00778300 0.00641100
v -0.08623100 -0.00778300 0.00641100
v -0.08602700 -0.00778300 0.00873100
v -0.08602700 -0.00778300 0.00873100
v -0.08576100 -0.00778300 0.01104400
v -0.08576100 -0.00778300 0.01104400
v -0.08543200 -0.00778300 0.01334900
v -0.08543200 -0.00778300 0.01334900
v -0.08543200 -0.00778300 0.01334900
v -0.08492900 -0.00778300 0.01460200
v -0.08492900 -0.00778300 0.01460200
v -0.08392900 -0.00778300 0.01550700
v -0.08392900 -0.00778300 0.01550700
v -0.08263200 -0.00778300 0.01588200
v -0.08263200 -0.00778300 0.01588200
v -0.08130300 -0.00778300 0.01565100
v -0.08130300 -0.00778300 0.01565100
v -0.08130300 -0.00778300 0.01565100
v -0.07612500 -0.00778300 0.01373500
v -0.07612500 -0.00778300 0.01373500
v -0.07079700 -0.00778300 0.01228800
v -0.07079700 -0.00778300 0.01228800
v -0.06536200 -0.00778300 0.01132000
v -0.06536200 -0.00778300 0.01132000
v -0.05986200 -0.00778300 0.01084000
v -0.05986200 -0.00778300 0.01084000
v -0.05986200 -0.00778300 0.01084000
v -0.05866500 -0.00778300 0.01053500
v -0.05866500 -0.00778300 0.01053500
v -0.05769300 -0.00778300 0.00977300
v -0.05769300 -0.00778300 0.00977300
v -0.05711000 -0.00778300 0.00868500
v -0.05711000 -0.00778300 0.00868500
v -0.05701500 -0.00778300 0.00745400
v -0.05701500 -0.00778300 0.00745400
v -0.05701500 -0.00778300 0.00745400
v -0.05709000 -0.00778300 0.00685200
v -0.05709000 -0.00778300 0.00685200
v -0.05715900 -0.00778300 0.00624900
v -0.05715900 -0.00778300 0.00624900
v -0.05722200 -0.00778300 0.00564600
v -0.05722200 -0.00778300 0.00564600
v -0.05722200 -0.00778300 0.00564600
v -0.05763300 -0.00778300 0.00409800
v -0.05763300 -0.00778300 0.00409800
v -0.05851100 -0.00778300 0.00275900
v -0.05851100 -0.00778300 0.00275900
v -0.05976800 -0.00778300 0.00176700
v -0.05976800 -0.00778300 0.00176700
v -0.06127500 -0.00778300 0.00122300
v -0.06127500 -0.00778300 0.00122300
v -0.06127500 -0.00778300 0.00122300
v -0.06646100 -0.00778300 0.00048900
v -0.06646100 -0.00778300 0.00048900
v -0.07169200 -0.00778300 0.00022600
v -0.07169200 -0.00778300 0.00022600
v -0.07692500 -0.00778300 0.00043600
v -0.07692500 -0.00778300 0.00043600
v -0.07981100 -0.00778300 0.01936300
v -0.07981100 -0.00778300 0.01936300
v -0.07981100 -0.00778300 0.01936300
v -0.08133500 -0.00778300 0.02036900
v -0.08133500 -0.00778300 0.02036900
v -0.08239500 -0.00778300 0.02185600
v -0.08239500 -0.00778300 0.02185600
v -0.08285200 -0.00778300 0.02362400
v -0.08285200 -0.00778300 0.02362400
v -0.08264200 -0.00778300 0.02543900
v -0.08264200 -0.00778300 0.02543900
v -0.08264200 -0.00778300 0.02543900
v -0.08192700 -0.00778300 0.02765500
v -0.08192700 -0.00778300 0.02765500
v -0.08115300 -0.00778300 0.02985100
v -0.08115300 -0.00778300 0.02985100
v -0.08032000 -0.00778300 0.03202500
v -0.08032000 -0.00778300 0.03202500
v -0.08032000 -0.00778300 0.03202500
v -0.07955100 -0.00778300 0.03313400
v -0.07955100 -0.00778300 0.03313400
v -0.07837400 -0.00778300 0.03379400
v -0.07837400 -0.00778300 0.03379400
v -0.07702700 -0.00778300 0.03387100
v -0.07702700 -0.00778300 0.03387100
v -0.07578200 -0.00778300 0.03335000
v -0.07578200 -0.00778300 0.03335000
v -0.07578200 -0.00778300 0.03335000
v -0.07116000 -0.00778300 0.03033000
v -0.07116000 -0.00778300 0.03033000
v -0.06628800 -0.00778300 0.02773400
v -0.06628800 -0.00778300 0.02773400
v -0.06120400 -0.00778300 0.02558100
v -0.06120400 -0.00778300 0.02558100
v -0.05594900 -0.00778300 0.02388900
v -0.05594900 -0.00778300 0.02388900
v -0.05594900 -0.00778300 0.02388900
v -0.05485000 -0.00778300 0.02332500
v -0.05485000 -0.00778300 0.02332500
v -0.05407200 -0.00778300 0.02236600
v -0.05407200 -0.00778300 0.02236600
v -0.05374600 -0.00778300 0.02117500
v -0.05374600 -0.00778300 0.02117500
v -0.05392700 -0.00778300 0.01995400
v -0.05392700 -0.00778300 0.01995400
v -0.05392700 -0.00778300 0.01995400
v -0.05413400 -0.00778300 0.01938400
v -0.05413400 -0.00778300 0.01938400
v -0.05433600 -0.00778300 0.01881200
v -0.05433600 -0.00778300 0.01881200
v -0.05453100 -0.00778300 0.01823700
v -0.05453100 -0.00778300 0.01823700
v -0.05453100 -0.00778300 0.01823700
v -0.05527600 -0.00778300 0.01682000
v -0.05527600 -0.00778300 0.01682000
v -0.05643000 -0.00778300 0.01571000
v -0.05643000 -0.00778300 0.01571000
v -0.05787700 -0.00778300 0.01502200
v -0.05787700 -0.00778300 0.01502200
v -0.05946600 -0.00778300 0.01482700
v -0.05946600 -0.00778300 0.01482700
v -0.05946600 -0.00778300 0.01482700
v -0.06468600 -0.00778300 0.01526600
v -0.06468600 -0.00778300 0.01526600
v -0.06984400 -0.00778300 0.01617300
v -0.06984400 -0.00778300 0.01617300
v -0.07489900 -0.00778300 0.01754300
v -0.07489900 -0.00778300 0.01754300
v -0.07350100 -0.00778300 0.03663700
v -0.07350100 -0.00778300 0.03663700
v -0.07350100 -0.00778300 0.03663700
v -0.07476300 -0.00778300 0.03795700
v -0.07476300 -0.00778300 0.03795700
v -0.07546600 -0.00778300 0.03964300
v -0.07546600 -0.00778300 0.03964300
v -0.07551700 -0.00778300 0.04146800
v -0.07551700 -0.00778300 0.04146800
v -0.07490900 -0.00778300 0.04319100
v -0.07490900 -0.00778300 0.04319100
v -0.07490900 -0.00778300 0.04319100
v -0.07371900 -0.00778300 0.04519200
v -0.07371900 -0.00778300 0.04519200
v -0.07247600 -0.00778300 0.04716100
v -0.07247600 -0.00778300 0.04716100
v -0.07118000 -0.00778300 0.04909500
v -0.07118000 -0.00778300 0.04909500
v -0.07118000 -0.00778300 0.04909500
v -0.07018300 -0.00778300 0.05000500
v -0.07018300 -0.00778300 0.05000500
v -0.06888900 -0.00778300 0.05038600
v -0.06888900 -0.00778300 0.05038600
v -0.06755800 -0.00778300 0.05016200
v -0.06755800 -0.00778300 0.05016200
v -0.06646100 -0.00778300 0.04937700
v -0.06646100 -0.00778300 0.04937700
v -0.06646100 -0.00778300 0.04937700
v -0.06262700 -0.00778300 0.04540400
v -0.06262700 -0.00778300 0.04540400
v -0.05845500 -0.00778300 0.04178900
v -0.05845500 -0.00778300 0.04178900
v -0.05397700 -0.00778300 0.03855900
v -0.05397700 -0.00778300 0.03855900
v -0.04923000 -0.00778300 0.03573900
v -0.04923000 -0.00778300 0.03573900
v -0.04923000 -0.00778300 0.03573900
v -0.04828500 -0.00778300 0.03494500
v -0.04828500 -0.00778300 0.03494500
v -0.04773900 -0.00778300 0.03383700
v -0.04773900 -0.00778300 0.03383700
v -0.04768600 -0.00778300 0.03260400
v -0.04768600 -0.00778300 0.03260400
v -0.04813500 -0.00778300 0.03145300
v -0.04813500 -0.00778300 0.03145300
v -0.04813500 -0.00778300 0.03145300
v -0.04846400 -0.00778300 0.03094400
v -0.04846400 -0.00778300 0.03094400
v -0.04878700 -0.00778300 0.03043100
v -0.04878700 -0.00778300 0.03043100
v -0.04910600 -0.00778300 0.02991500
v -0.04910600 -0.00778300 0.02991500
v -0.04910600 -0.00778300 0.02991500
v -0.05014700 -0.00778300 0.02869800
v -0.05014700 -0.00778300 0.02869800
v -0.05152000 -0.00778300 0.02787300
v -0.05152000 -0.00778300 0.02787300
v -0.05308300 -0.00778300 0.02752400
v -0.05308300 -0.00778300 0.02752400
v -0.05467600 -0.00778300 0.02768800
v -0.05467600 -0.00778300 0.02768800
v -0.05467600 -0.00778300 0.02768800
v -0.05966700 -0.00778300 0.02927700
v -0.05966700 -0.00778300 0.02927700
v -0.06449400 -0.00778300 0.03131000
v -0.06449400 -0.00778300 0.03131000
v -0.06911800 -0.00778300 0.03377000
v -0.06911800 -0.00778300 0.03377000
v -0.06350600 -0.00778300 0.05207400
v -0.06350600 -0.00778300 0.05207400
v -0.06350600 -0.00778300 0.05207400
v -0.06444200 -0.00778300 0.05364200
v -0.06444200 -0.00778300 0.05364200
v -0.06475300 -0.00778300 0.05544100
v -0.06475300 -0.00778300 0.05544100
v -0.06439600 -0.00778300 0.05723300
v -0.06439600 -0.00778300 0.05723300
v -0.06342000 -0.00778300 0.05877700
v -0.06342000 -0.00778300 0.05877700
v -0.06342000 -0.00778300 0.05877700
v -0.06181500 -0.00778300 0.06046300
v -0.06181500 -0.00778300 0.06046300
v -0.06016400 -0.00778300 0.06210600
v -0.06016400 -0.00778300 0.06210600
v -0.05847000 -0.00778300 0.06370300
v -0.05847000 -0.00778300 0.06370300
v -0.05847000 -0.00778300 0.06370300
v -0.05729600 -0.00778300 0.06436800
v -0.05729600 -0.00778300 0.06436800
v -0.05595000 -0.00778300 0.06445200
v -0.05595000 -0.00778300 0.06445200
v -0.05470200 -0.00778300 0.06393700
v -0.05470200 -0.00778300 0.06393700
v -0.05380700 -0.00778300 0.06292800
v -0.05380700 -0.00778300 0.06292800
v -0.05380700 -0.00778300 0.06292800
v -0.05095300 -0.00778300 0.05820200
v -0.05095300 -0.00778300 0.05820200
v -0.04769000 -0.00778300 0.05374800
v -0.04769000 -0.00778300 0.05374800
v -0.04404400 -0.00778300 0.04960300
v -0.04404400 -0.00778300 0.04960300
v -0.04004300 -0.00778300 0.04579800
v -0.04004300 -0.00778300 0.04579800
v -0.04004300 -0.00778300 0.04579800
v -0.03929800 -0.00778300 0.04481400
v -0.03929800 -0.00778300 0.04481400
v -0.03901300 -0.00778300 0.04361200
v -0.03901300 -0.00778300 0.04361200
v -0.03923600 -0.00778300 0.04239800
v -0.03923600 -0.00778300 0.04239800
v -0.03992900 -0.00778300 0.04137600
v -0.03992900 -0.00778300 0.04137600
v -0.03992900 -0.00778300 0.04137600
v -0.04036300 -0.00778300 0.04095200
v -0.04036300 -0.00778300 0.04095200
v -0.04079300 -0.00778300 0.04052400
v -0.04079300 -0.00778300 0.04052400
v -0.04121800 -0.00778300 0.04009200
v -0.04121800 -0.00778300 0.04009200
v -0.04121800 -0.00778300 0.04009200
v -0.04250400 -0.00778300 0.03913700
v -0.04250400 -0.00778300 0.03913700
v -0.04402600 -0.00778300 0.03863800
v -0.04402600 -0.00778300 0.03863800
v -0.04562700 -0.00778300 0.03864600
v -0.04562700 -0.00778300 0.03864600
v -0.04714400 -0.00778300 0.03916000
v -0.04714400 -0.00778300 0.03916000
v -0.04714400 -0.00778300 0.03916000
v -0.05165600 -0.00778300 0.04182000
v -0.05165600 -0.00778300 0.04182000
v -0.05591000 -0.00778300 0.04487600
v -0.05591000 -0.00778300 0.04487600
v -0.05987000 -0.00778300 0.04830300
v -0.05987000 -0.00778300 0.04830300
v -0.05032600 -0.00778300 0.06489900
v -0.05032600 -0.00778300 0.06489900
v -0.05032600 -0.00778300 0.06489900
v -0.05089000 -0.00778300 0.06663600
v -0.05089000 -0.00778300 0.06663600
v -0.05079200 -0.00778300 0.06846000
v -0.05079200 -0.00778300 0.06846000
v -0.05004600 -0.00778300 0.07012700
v -0.05004600 -0.00778300 0.07012700
v -0.04875100 -0.00778300 0.07141500
v -0.04875100 -0.00778300 0.07141500
v -0.04875100 -0.00778300 0.07141500
v -0.04681100 -0.00778300 0.07270200
v -0.04681100 -0.00778300 0.07270200
v -0.04483600 -0.00778300 0.07393600
v -0.04483600 -0.00778300 0.07393600
v -0.04282900 -0.00778300 0.07511700
v -0.04282900 -0.00778300 0.07511700
v -0.04282900 -0.00778300 0.07511700
v -0.04153700 -0.00778300 0.07550400
v -0.04153700 -0.00778300 0.07550400
v -0.04020500 -0.00778300 0.07528600
v -0.04020500 -0.00778300 0.07528600
v -0.03910400 -0.00778300 0.07450700
v -0.03910400 -0.00778300 0.07450700
v -0.03845500 -0.00778300 0.07332300
v -0.03845500 -0.00778300 0.07332300
v -0.03845500 -0.00778300 0.07332300
v -0.03672500 -0.00778300 0.06808100
v -0.03672500 -0.00778300 0.06808100
v -0.03453400 -0.00778300 0.06301300
v -0.03453400 -0.00778300 0.06301300
v -0.03190200 -0.00778300 0.05816000
v -0.03190200 -0.00778300 0.05816000
v -0.02884800 -0.00778300 0.05356000
v -0.02884800 -0.00778300 0.05356000
v -0.02884800 -0.00778300 0.05356000
v -0.02834100 -0.00778300 0.05243500
v -0.02834100 -0.00778300 0.05243500
v -0.02833000 -0.00778300 0.05120000
v -0.02833000 -0.00778300 0.05120000
v -0.02881800 -0.00778300 0.05006500
v -0.02881800 -0.00778300 0.05006500
v -0.02972100 -0.00778300 0.04922300
v -0.02972100 -0.00778300 0.04922300
v -0.02972100 -0.00778300 0.04922300
v -0.03023800 -0.00778300 0.04890700
v -0.03023800 -0.00778300 0.04890700
v -0.03075300 -0.00778300 0.04858500
v -0.03075300 -0.00778300 0.04858500
v -0.03126300 -0.00778300 0.04825800
v -0.03126300 -0.00778300 0.04825800
v -0.03126300 -0.00778300 0.04825800
v -0.03273000 -0.00778300 0.04761400
v -0.03273000 -0.00778300 0.04761400
v -0.03432400 -0.00778300 0.04746600
v -0.03432400 -0.00778300 0.04746600
v -0.03588400 -0.00778300 0.04783000
v -0.03588400 -0.00778300 0.04783000
v -0.03724800 -0.00778300 0.04866900
v -0.03724800 -0.00778300 0.04866900
v -0.03724800 -0.00778300 0.04866900
v -0.04105500 -0.00778300 0.05226600
v -0.04105500 -0.00778300 0.05226600
v -0.04452200 -0.00778300 0.05619200
v -0.04452200 -0.00778300 0.05619200
v -0.04762100 -0.00778300 0.06041400
v -0.04762100 -0.00778300 0.06041400
v -0.03462300 -0.00778300 0.07447100
v -0.03462300 -0.00778300 0.07447100
v -0.03462300 -0.00778300 0.07447100
v -0.03478600 -0.00778300 0.07629000
v -0.03478600 -0.00778300 0.07629000
v -0.03428500 -0.00778300 0.07804600
v -0.03428500 -0.00778300 0.07804600
v -0.03318700 -0.00778300 0.07950600
v -0.03318700 -0.00778300 0.07950600
v -0.03163800 -0.00778300 0.08047300
v -0.03163800 -0.00778300 0.08047300
v -0.03163800 -0.00778300 0.08047300
v -0.02945900 -0.00778300 0.08129600
v -0.02945900 -0.00778300 0.08129600
v -0.02726000 -0.00778300 0.08205900
v -0.02726000 -0.00778300 0.08205900
v -0.02504000 -0.00778300 0.08276400
v -0.02504000 -0.00778300 0.08276400
v -0.02504000 -0.00778300 0.08276400
v -0.02369400 -0.00778300 0.08285400
v -0.02369400 -0.00778300 0.08285400
v -0.02244400 -0.00778300 0.08234500
v -0.02244400 -0.00778300 0.08234500
v -0.02154400 -0.00778300 0.08134000
v -0.02154400 -0.00778300 0.08134000
v -0.02117500 -0.00778300 0.08004200
v -0.02117500 -0.00778300 0.08004200
v -0.02117500 -0.00778300 0.08004200
v -0.02065400 -0.00778300 0.07454600
v -0.02065400 -0.00778300 0.07454600
v -0.01964700 -0.00778300 0.06911800
v -0.01964700 -0.00778300 0.06911800
v -0.01816000 -0.00778300 0.06380100
v -0.01816000 -0.00778300 0.06380100
v -0.01620700 -0.00778300 0.05863700
v -0.01620700 -0.00778300 0.05863700
v -0.01620700 -0.00778300 0.05863700
v -0.01596300 -0.00778300 0.05742600
v -0.01596300 -0.00778300 0.05742600
v -0.01622700 -0.00778300 0.05622000
v -0.01622700 -0.00778300 0.05622000
v -0.01695400 -0.00778300 0.05522300
v -0.01695400 -0.00778300 0.05522300
v -0.01802200 -0.00778300 0.05460300
v -0.01802200 -0.00778300 0.05460300
v -0.01802200 -0.00778300 0.05460300
v -0.01859700 -0.00778300 0.05440900
v -0.01859700 -0.00778300 0.05440900
v -0.01917000 -0.00778300 0.05421000
v -0.01917000 -0.00778300 0.05421000
v -0.01974100 -0.00778300 0.05400500
v -0.01974100 -0.00778300 0.05400500
v -0.01974100 -0.00778300 0.05400500
v -0.02131400 -0.00778300 0.05370300
v -0.02131400 -0.00778300 0.05370300
v -0.02290100 -0.00778300 0.05391400
v -0.02290100 -0.00778300 0.05391400
v -0.02434100 -0.00778300 0.05461600
v -0.02434100 -0.00778300 0.05461600
v -0.02548400 -0.00778300 0.05573700
v -0.02548400 -0.00778300 0.05573700
v -0.02548400 -0.00778300 0.05573700
v -0.02839600 -0.00778300 0.06009100
v -0.02839600 -0.00778300 0.06009100
v -0.03090200 -0.00778300 0.06469000
v -0.03090200 -0.00778300 0.06469000
v -0.03298300 -0.00778300 0.06949600
v -0.03298300 -0.00778300 0.06949600
v -0.01718300 -0.00778300 0.08030800
v -0.01718300 -0.00778300 0.08030800
v -0.01718300 -0.00778300 0.08030800
v -0.01693800 -0.00778300 0.08211800
v -0.01693800 -0.00778300 0.08211800
v -0.01605900 -0.00778300 0.08371900
v -0.01605900 -0.00778300 0.08371900
v -0.01466300 -0.00778300 0.08489700
v -0.01466300 -0.00778300 0.08489700
v -0.01293700 -0.00778300 0.08549500
v -0.01293700 -0.00778300 0.08549500
v -0.01293700 -0.00778300 0.08549500
v -0.01063100 -0.00778300 0.08581300
v -0.01063100 -0.00778300 0.08581300
v -0.00831600 -0.00778300 0.08606800
v -0.00831600 -0.00778300 0.08606800
v -0.00599600 -0.00778300 0.08626100
v -0.00599600 -0.00778300 0.08626100
v -0.00599600 -0.00778300 0.08626100
v -0.00466300 -0.00778300 0.08604900
v -0.00466300 -0.00778300 0.08604900
v -0.00355800 -0.00778300 0.08527500
v -0.00355800 -0.00778300 0.08527500
v -0.00290400 -0.00778300 0.08409500
v -0.00290400 -0.00778300 0.08409500
v -0.00283300 -0.00778300 0.08274700
v -0.00283300 -0.00778300 0.08274700
v -0.00283300 -0.00778300 0.08274700
v -0.00354900 -0.00778300 0.07727300
v -0.00354900 -0.00778300 0.07727300
v -0.00377400 -0.00778300 0.07175600
v -0.00377400 -0.00778300 0.07175600
v -0.00350800 -0.00778300 0.06624200
v -0.00350800 -0.00778300 0.06624200
v -0.00275200 -0.00778300 0.06077300
v -0.00275200 -0.00778300 0.06077300
v -0.00275200 -0.00778300 0.06077300
v -0.00278400 -0.00778300 0.05953900
v -0.00278400 -0.00778300 0.05953900
v -0.00331000 -0.00778300 0.05842200
v -0.00331000 -0.00778300 0.05842200
v -0.00424100 -0.00778300 0.05761100
v -0.00424100 -0.00778300 0.05761100
v -0.00542000 -0.00778300 0.05724400
v -0.00542000 -0.00778300 0.05724400
v -0.00542000 -0.00778300 0.05724400
v -0.00602400 -0.00778300 0.05718400
v -0.00602400 -0.00778300 0.05718400
v -0.00662700 -0.00778300 0.05711700
v -0.00662700 -0.00778300 0.05711700
v -0.00722900 -0.00778300 0.05704400
v -0.00722900 -0.00778300 0.05704400
v -0.00722900 -0.00778300 0.05704400
v -0.00882900 -0.00778300 0.05709900
v -0.00882900 -0.00778300 0.05709900
v -0.01033000 -0.00778300 0.05765800
v -0.01033000 -0.00778300 0.05765800
v -0.01157700 -0.00778300 0.05866300
v -0.01157700 -0.00778300 0.05866300
v -0.01244300 -0.00778300 0.06001100
v -0.01244300 -0.00778300 0.06001100
v -0.01244300 -0.00778300 0.06001100
v -0.01431200 -0.00778300 0.06490300
v -0.01431200 -0.00778300 0.06490300
v -0.01573200 -0.00778300 0.06994500
v -0.01573200 -0.00778300 0.06994500
v -0.01669200 -0.00778300 0.07509300
v -0.01669200 -0.00778300 0.07509300
v 0.00111800 -0.00778300 0.08211800
v 0.00111800 -0.00778300 0.08211800
v 0.00111800 -0.00778300 0.08211800
v 0.00176000 -0.00778300 0.08382800
v 0.00176000 -0.00778300 0.08382800
v 0.00297300 -0.00778300 0.08519300
v 0.00297300 -0.00778300 0.08519300
v 0.00459600 -0.00778300 0.08603100
v 0.00459600 -0.00778300 0.08603100
v 0.00641100 -0.00778300 0.08623100
v 0.00641100 -0.00778300 0.08623100
v 0.00641100 -0.00778300 0.08623100
v 0.00873100 -0.00778300 0.08602700
v 0.00873100 -0.00778300 0.08602700
v 0.01104400 -0.00778300 0.08576100
v 0.01104400 -0.00778300 0.08576100
v 0.01334900 -0.00778300 0.08543200
v 0.01334900 -0.00778300 0.08543200
v 0.01334900 -0.00778300 0.08543200
v 0.01460200 -0.00778300 0.08492900
v 0.01460200 -0.00778300 0.08492900
v 0.01550700 -0.00778300 0.08392900
v 0.01550700 -0.00778300 0.08392900
v 0.01588200 -0.00778300 0.08263200
v 0.01588200 -0.00778300 0.08263200
v 0.01565100 -0.00778300 0.08130300
v 0.01565100 -0.00778300 0.08130300
v 0.01565100 -0.00778300 0.08130300
v 0.01373500 -0.00778300 0.07612500
v 0.01373500 -0.00778300 0.07612500
v 0.01228800 -0.00778300 0.07079700
v 0.01228800 -0.00778300 0.07079700
v 0.01132000 -0.00778300 0.06536200
v 0.01132000 -0.00778300 0.06536200
v 0.01084000 -0.00778300 0.05986200
v 0.01084000 -0.00778300 0.05986200
v 0.01084000 -0.00778300 0.05986200
v 0.01053500 -0.00778300 0.05866500
v 0.01053500 -0.00778300 0.05866500
v 0.00977300 -0.00778300 0.05769300
v 0.00977300 -0.00778300 0.05769300
v 0.00868500 -0.00778300 0.05711000
v 0.00868500 -0.00778300 0.05711000
v 0.00745400 -0.00778300 0.05701500
v 0.00745400 -0.00778300 0.05701500
v 0.00745400 -0.00778300 0.05701500
v 0.00685200 -0.00778300 0.05709000
v 0.00685200 -0.00778300 0.05709000
v 0.00624900 -0.00778300 0.05715900
v 0.00624900 -0.00778300 0.05715900
v 0.00564600 -0.00778300 0.05722200
v 0.00564600 -0.00778300 0.05722200
v 0.00564600 -0.00778300 0.05722200
v 0.00409800 -0.00778300 0.05763300
v 0.00409800 -0.00778300 0.05763300
v 0.00275900 -0.00778300 0.05851100
v 0.00275900 -0.00778300 0.05851100
v 0.00176700 -0.00778300 0.05976800
v 0.00176700 -0.00778300 0.05976800
v 0.00122300 -0.00778300 0.06127500
v 0.00122300 -0.00778300 0.06127500
v 0.00122300 -0.00778300 0.06127500
v 0.00048900 -0.00778300 0.06646100
v 0.00048900 -0.00778300 0.06646100
v 0.00022600 -0.00778300 0.07169200
v 0.00022600 -0.00778300 0.07169200
v 0.00043600 -0.00778300 0.07692500
v 0.00043600 -0.00778300 0.07692500
v 0.01936300 -0.00778300 0.07981100
v 0.01936300 -0.00778300 0.07981100
v 0.01936300 -0.00778300 0.07981100
v 0.02036900 -0.00778300 0.08133500
v 0.02036900 -0.00778300 0.08133500
v 0.02185600 -0.00778300 0.08239500
v 0.02185600 -0.00778300 0.08239500
v 0.02362400 -0.00778300 0.08285200
v 0.02362400 -0.00778300 0.08285200
v 0.02543900 -0.00778300 0.08264200
v 0.02543900 -0.00778300 0.08264200
v 0.02543900 -0.00778300 0.08264200
v 0.02765500 -0.00778300 0.08192700
v 0.02765500 -0.00778300 0.08192700
v 0.02985100 -0.00778300 0.08115300
v 0.02985100 -0.00778300 0.08115300
v 0.03202500 -0.00778300 0.08032000
v 0.03202500 -0.00778300 0.08032000
v 0.03202500 -0.00778300 0.08032000
v 0.03313400 -0.00778300 0.07955100
v 0.03313400 -0.00778300 0.07955100
v 0.03379400 -0.00778300 0.07837400
v 0.03379400 -0.00778300 0.07837400
v 0.03387100 -0.00778300 0.07702700
v 0.03387100 -0.00778300 0.07702700
v 0.03335000 -0.00778300 0.07578200
v 0.03335000 -0.00778300 0.07578200
v 0.03335000 -0.00778300 0.07578200
v 0.03033000 -0.00778300 0.07116000
v 0.03033000 -0.00778300 0.07116000
v 0.02773400 -0.00778300 0.06628800
v 0.02773400 -0.00778300 0.06628800
v 0.02558100 -0.00778300 0.06120400
v 0.02558100 -0.00778300 0.06120400
v 0.02388900 -0.00778300 0.05594900
v 0.02388900 -0.00778300 0.05594900
v 0.02388900 -0.00778300 0.05594900
v 0.02332500 -0.00778300 0.05485000
v 0.02332500 -0.00778300 0.05485000
v 0.02236600 -0.00778300 0.05407200
v 0.02236600 -0.00778300 0.05407200
v 0.02117500 -0.00778300 0.05374600
v 0.02117500 -0.00778300 0.05374600
v 0.01995400 -0.00778300 0.05392700
v 0.01995400 -0.00778300 0.05392700
v 0.01995400 -0.00778300 0.05392700
v 0.01938400 -0.00778300 0.05413400
v 0.01938400 -0.00778300 0.05413400
v 0.01881200 -0.00778300 0.05433600
v 0.01881200 -0.00778300 0.05433600
v 0.01823700 -0.00778300 0.05453100
v 0.01823700 -0.00778300 0.05453100
v 0.01823700 -0.00778300 0.05453100
v 0.01682000 -0.00778300 0.05527600
v 0.01682000 -0.00778300 0.05527600
v 0.01571000 -0.00778300 0.05643000
v 0.01571000 -0.00778300 0.05643000
v 0.01502200 -0.00778300 0.05787700
v 0.01502200 -0.00778300 0.05787700
v 0.01482700 -0.00778300 0.05946600
v 0.01482700 -0.00778300 0.05946600
v 0.01482700 -0.00778300 0.05946600
v 0.01526600 -0.00778300 0.06468600
v 0.01526600 -0.00778300 0.06468600
v 0.01617300 -0.00778300 0.06984400
v 0.01617300 -0.00778300 0.06984400
v 0.01754300 -0.00778300 0.07489900
v 0.01754300 -0.00778300 0.07489900
v 0.03663700 -0.00778300 0.07350100
v 0.03663700 -0.00778300 0.07350100
v 0.03663700 -0.00778300 0.07350100
v 0.03795700 -0.00778300 0.07476300
v 0.03795700 -0.00778300 0.07476300
v 0.03964300 -0.00778300 0.07546600
v 0.03964300 -0.00778300 0.07546600
v 0.04146800 -0.00778300 0.07551700
v 0.04146800 -0.00778300 0.07551700
v 0.04319100 -0.00778300 0.07490900
v 0.04319100 -0.00778300 0.07490900
v 0.04319100 -0.00778300 0.07490900
v 0.04519200 -0.00778300 0.07371900
v 0.04519200 -0.00778300 0.07371900
v 0.04716100 -0.00778300 0.07247600
v 0.04716100 -0.00778300 0.07247600
v 0.04909500 -0.00778300 0.07118000
v 0.04909500 -0.00778300 0.07118000
v 0.04909500 -0.00778300 0.07118000
v 0.05000500 -0.00778300 0.07018300
v 0.05000500 -0.00778300 0.07018300
v 0.05038600 -0.00778300 0.06888900
v 0.05038600 -0.00778300 0.06888900
v 0.05016200 -0.00778300 0.06755800
v 0.05016200 -0.00778300 0.06755800
v 0.04937700 -0.00778300 0.06646100
v 0.04937700 -0.00778300 0.06646100
v 0.04937700 -0.00778300 0.06646100
v 0.04540400 -0.00778300 0.06262700
v 0.04540400 -0.00778300 0.06262700
v 0.04178900 -0.00778300 0.05845500
v 0.04178900 -0.00778300 0.05845500
v 0.03855900 -0.00778300 0.05397700
v 0.03855900 -0.00778300 0.05397700
v 0.03573900 -0.00778300 0.04923000
v 0.03573900 -0.00778300 0.04923000
v 0.03573900 -0.00778300 0.04923000
v 0.03494500 -0.00778300 0.04828500
v 0.03494500 -0.00778300 0.04828500
v 0.03383700 -0.00778300 0.04773900
v 0.03383700 -0.00778300 0.04773900
v 0.03260400 -0.00778300 0.04768600
v 0.03260400 -0.00778300 0.04768600
v 0.03145300 -0.00778300 0.04813500
v 0.03145300 -0.00778300 0.04813500
v 0.03145300 -0.00778300 0.04813500
v 0.03094400 -0.00778300 0.04846400
v 0.03094400 -0.00778300 0.04846400
v 0.03043100 -0.00778300 0.04878700
v 0.03043100 -0.00778300 0.04878700
v 0.02991500 -0.00778300 0.04910600
v 0.02991500 -0.00778300 0.04910600
v 0.02991500 -0.00778300 0.04910600
v 0.02869800 -0.00778300 0.05014700
v 0.02869800 -0.00778300 0.05014700
v 0.02787300 -0.00778300 0.05152000
v 0.02787300 -0.00778300 0.05152000
v 0.02752400 -0.00778300 0.05308300
v 0.02752400 -0.00778300 0.05308300
v 0.02768800 -0.00778300 0.05467600
v 0.02768800 -0.00778300 0.05467600
v 0.02768800 -0.00778300 0.05467600
v 0.02927700 -0.00778300 0.05966700
v 0.02927700 -0.00778300 0.05966700
v 0.03131000 -0.00778300 0.06449400
v 0.03131000 -0.00778300 0.06449400
v 0.03377000 -0.00778300 0.06911800
v 0.03377000 -0.00778300 0.06911800
v 0.05207400 -0.00778300 0.06350600
v 0.05207400 -0.00778300 0.06350600
v 0.05207400 -0.00778300 0.06350600
v 0.05364200 -0.00778300 0.06444200
v 0.05364200 -0.00778300 0.06444200
v 0.05544100 -0.00778300 0.06475300
v 0.05544100 -0.00778300 0.06475300
v 0.05723300 -0.00778300 0.06439600
v 0.05723300 -0.00778300 0.06439600
v 0.05877700 -0.00778300 0.06342000
v 0.05877700 -0.00778300 0.06342000
v 0.05877700 -0.00778300 0.06342000
v 0.06046300 -0.00778300 0.06181500
v 0.06046300 -0.00778300 0.06181500
v 0.06210600 -0.00778300 0.06016400
v 0.06210600 -0.00778300 0.06016400
v 0.06370300 -0.00778300 0.05847000
v 0.06370300 -0.00778300 0.05847000
v 0.06370300 -0.00778300 0.05847000
v 0.06436800 -0.00778300 0.05729600
v 0.06436800 -0.00778300 0.05729600
v 0.06445200 -0.00778300 0.05595000
v 0.06445200 -0.00778300 0.05595000
v 0.06393700 -0.00778300 0.05470200
v 0.06393700 -0.00778300 0.05470200
v 0.06292800 -0.00778300 0.05380700
v 0.06292800 -0.00778300 0.05380700
v 0.06292800 -0.00778300 0.05380700
v 0.05820200 -0.00778300 0.05095300
v 0.05820200 -0.00778300 0.05095300
v 0.05374800 -0.00778300 0.04769000
v 0.05374800 -0.00778300 0.04769000
v 0.04960300 -0.00778300 0.04404400
v 0.04960300 -0.00778300 0.04404400
v 0.04579800 -0.00778300 0.04004300
v 0.04579800 -0.00778300 0.04004300
v 0.04579800 -0.00778300 0.04004300
v 0.04481400 -0.00778300 0.03929800
v 0.04481400 -0.00778300 0.03929800
v 0.04361200 -0.00778300 0.03901300
v 0.04361200 -0.00778300 0.03901300
v 0.04239800 -0.00778300 0.03923600
v 0.04239800 -0.00778300 0.03923600
v 0.04137600 -0.00778300 0.03992900
v 0.04137600 -0.00778300 0.03992900
v 0.04137600 -0.00778300 0.03992900
v 0.04095200 -0.00778300 0.04036300
v 0.04095200 -0.00778300 0.04036300
v 0.04052400 -0.00778300 0.04079300
v 0.04052400 -0.00778300 0.04079300
v 0.04009200 -0.00778300 0.04121800
v 0.04009200 -0.00778300 0.04121800
v 0.04009200 -0.00778300 0.04121800
v 0.03913700 -0.00778300 0.04250400
v 0.03913700 -0.00778300 0.04250400
v 0.03863800 -0.00778300 0.04402600
v 0.03863800 -0.00778300 0.04402600
v 0.03864600 -0.00778300 0.04562700
v 0.03864600 -0.00778300 0.04562700
v 0.03916000 -0.00778300 0.04714400
v 0.03916000 -0.00778300 0.04714400
v 0.03916000 -0.00778300 0.04714400
v 0.04182000 -0.00778300 0.05165600
v 0.04182000 -0.00778300 0.05165600
v 0.04487600 -0.00778300 0.05591000
v 0.04487600 -0.00778300 0.05591000
v 0.04830300 -0.00778300 0.05987000
v 0.04830300 -0.00778300 0.05987000
v 0.06489900 -0.00778300 0.05032600
v 0.06489900 -0.00778300 0.05032600
v 0.06489900 -0.00778300 0.05032600
v 0.06663600 -0.00778300 0.05089000
v 0.06663600 -0.00778300 0.05089000
v 0.06846000 -0.00778300 0.05079200
v 0.06846000 -0.00778300 0.05079200
v 0.07012700 -0.00778300 0.05004600
v 0.07012700 -0.00778300 0.05004600
v 0.07141500 -0.00778300 0.04875100
v 0.07141500 -0.00778300 0.04875100
v 0.07141500 -0.00778300 0.04875100
v 0.07270200 -0.00778300 0.04681100
v 0.07270200 -0.00778300 0.04681100
v 0.07393600 -0.00778300 0.04483600
v 0.07393600 -0.00778300 0.04483600
v 0.07511700 -0.00778300 0.04282900
v 0.07511700 -0.00778300 0.04282900
v 0.07511700 -0.00778300 0.04282900
v 0.07550400 -0.00778300 0.04153700
v 0.07550400 -0.00778300 0.04153700
v 0.07528600 -0.00778300 0.04020500
v 0.07528600 -0.00778300 0.04020500
v 0.07450700 -0.00778300 0.03910400
v 0.07450700 -0.00778300 0.03910400
v 0.07332300 -0.00778300 0.03845500
v 0.07332300 -0.00778300 0.03845500
v 0.07332300 -0.00778300 0.03845500
v 0.06808100 -0.00778300 0.03672500
v 0.06808100 -0.00778300 0.03672500
v 0.06301300 -0.00778300 0.03453400
v 0.06301300 -0.00778300 0.03453400
v 0.05816000 -0.00778300 0.03190200
v 0.05816000 -0.00778300 0.03190200
v 0.05356000 -0.00778300 0.02884800
v 0.05356000 -0.00778300 0.02884800
v 0.05356000 -0.00778300 0.02884800
v 0.05243500 -0.00778300 0.02834100
v 0.05243500 -0.00778300 0.02834100
v 0.05120000 -0.00778300 0.02833000
v 0.05120000 -0.00778300 0.02833000
v 0.05006500 -0.00778300 0.02881800
v 0.05006500 -0.00778300 0.02881800
v 0.04922300 -0.00778300 0.02972100
v 0.04922300 -0.00778300 0.02972100
v 0.04922300 -0.00778300 0.02972100
v 0.04890700 -0.00778300 0.03023800
v 0.04890700 -0.00778300 0.03023800
v 0.04858500 -0.00778300 0.03075300
v 0.04858500 -0.00778300 0.03075300
v 0.04825800 -0.00778300 0.03126300
v 0.04825800 -0.00778300 0.03126300
v 0.04825800 -0.00778300 0.03126300
v 0.04761400 -0.00778300 0.03273000
v 0.04761400 -0.00778300 0.03273000
v 0.04746600 -0.00778300 0.03432400
v 0.04746600 -0.00778300 0.03432400
v 0.04783000 -0.00778300 0.03588400
v 0.04783000 -0.00778300 0.03588400
v 0.04866900 -0.00778300 0.03724800
v 0.04866900 -0.00778300 0.03724800
v 0.04866900 -0.00778300 0.03724800
v 0.05226600 -0.00778300 0.04105500
v 0.05226600 -0.00778300 0.04105500
v 0.05619200 -0.00778300 0.04452200
v 0.05619200 -0.00778300 0.04452200
v 0.06041400 -0.00778300 0.04762100
v 0.06041400 -0.00778300 0.04762100
v 0.07447100 -0.00778300 0.03462300
v 0.07447100 -0.00778300 0.03462300
v 0.07447100 -0.00778300 0.03462300
v 0.07629000 -0.00778300 0.03478600
v 0.07629000 -0.00778300 0.03478600
v 0.07804600 -0.00778300 0.03428500
v 0.07804600 -0.00778300 0.03428500
v 0.07950600 -0.00778300 0.03318700
v 0.07950600 -0.00778300 0.03318700
v 0.08047300 -0.00778300 0.03163800
v 0.08047300 -0.00778300 0.03163800
v 0.08047300 -0.00778300 0.03163800
v 0.08129600 -0.00778300 0.02945900
v 0.08129600 -0.00778300 0.02945900
v 0.08205900 -0.00778300 0.02726000
v 0.08205900 -0.00778300 0.02726000
v 0.08276400 -0.00778300 0.02504000
v 0.08276400 -0.00778300 0.02504000
v 0.08276400 -0.00778300 0.02504000
v 0.08285400 -0.00778300 0.02369400
v 0.08285400 -0.00778300 0.02369400
v 0.08234500 -0.00778300 0.02244400
v 0.08234500 -0.00778300 0.02244400
v 0.08134000 -0.00778300 0.02154400
v 0.08134000 -0.00778300 0.02154400
v 0.08004200 -0.00778300 0.02117500
v 0.08004200 -0.00778300 0.02117500
v 0.08004200 -0.00778300 0.02117500
v 0.07454600 -0.00778300 0.02065400
v 0.07454600 -0.00778300 0.02065400
v 0.06911800 -0.00778300 0.01964700
v 0.06911800 -0.00778300 0.01964700
v 0.06380100 -0.00778300 0.01816000
v 0.06380100 -0.00778300 0.01816000
v 0.05863700 -0.00778300 0.01620700
v 0.05863700 -0.00778300 0.01620700
v 0.05863700 -0.00778300 0.01620700
v 0.05742600 -0.00778300 0.01596300
v 0.05742600 -0.00778300 0.01596300
v 0.05622000 -0.00778300 0.01622700
v 0.05622000 -0.00778300 0.01622700
v 0.05522300 -0.00778300 0.01695400
v 0.05522300 -0.00778300 0.01695400
v 0.05460300 -0.00778300 0.01802200
v 0.05460300 -0.00778300 0.01802200
v 0.05460300 -0.00778300 0.01802200
v 0.05440900 -0.00778300 0.01859700
v 0.05440900 -0.00778300 0.01859700
v 0.05421000 -0.00778300 0.01917000
v 0.05421000 -0.00778300 0.01917000
v 0.05400500 -0.00778300 0.01974100
v 0.05400500 -0.00778300 0.01974100
v 0.05400500 -0.00778300 0.01974100
v 0.05370300 -0.00778300 0.02131400
v 0.05370300 -0.00778300 0.02131400
v 0.05391400 -0.00778300 0.02290100
v 0.05391400 -0.00778300 0.02290100
v 0.05461600 -0.00778300 0.02434100
v 0.05461600 -0.00778300 0.02434100
v 0.05573700 -0.00778300 0.02548400
v 0.05573700 -0.00778300 0.02548400
v 0.05573700 -0.00778300 0.02548400
v 0.06009100 -0.00778300 0.02839600
v 0.06009100 -0.00778300 0.02839600
v 0.06469000 -0.00778300 0.03090200
v 0.06469000 -0.00778300 0.03090200
v 0.06949600 -0.00778300 0.03298300
v 0.06949600 -0.00778300 0.03298300
v 0.08030800 -0.00778300 0.01718300
v 0.08030800 -0.00778300 0.01718300
v 0.08030800 -0.00778300 0.01718300
v 0.08211800 -0.00778300 0.01693800
v 0.08211800 -0.00778300 0.01693800
v 0.08371900 -0.00778300 0.01605900
v 0.08371900 -0.00778300 0.01605900
v 0.08489700 -0.00778300 0.01466300
v 0.08489700 -0.00778300 0.01466300
v 0.08549500 -0.00778300 0.01293700
v 0.08549500 -0.00778300 0.01293700
v 0.08549500 -0.00778300 0.01293700
v 0.08581300 -0.00778300 0.01063100
v 0.08581300 -0.00778300 0.01063100
v 0.08606800 -0.00778300 0.00831600
v 0.08606800 -0.00778300 0.00831600
v 0.08626100 -0.00778300 0.00599600
v 0.08626100 -0.00778300 0.00599600
v 0.08626100 -0.00778300 0.00599600
v 0.08604900 -0.00778300 0.00466300
v 0.08604900 -0.00778300 0.00466300
v 0.08527500 -0.00778300 0.00355800
v 0.08527500 -0.00778300 0.00355800
v 0.08409500 -0.00778300 0.00290400
v 0.08409500 -0.00778300 0.00290400
v 0.08274700 -0.00778300 0.00283300
v 0.08274700 -0.00778300 0.00283300
v 0.08274700 -0.00778300 0.00283300
v 0.07727300 -0.00778300 0.00354900
v 0.07727300 -0.00778300 0.00354900
v 0.07175600 -0.00778300 0.00377400
v 0.07175600 -0.00778300 0.00377400
v 0.06624200 -0.00778300 0.00350800
v 0.06624200 -0.00778300 0.00350800
v 0.06077300 -0.00778300 0.00275200
v 0.06077300 -0.00778300 0.00275200
v 0.06077300 -0.00778300 0.00275200
v 0.05953900 -0.00778300 0.00278400
v 0.05953900 -0.00778300 0.00278400
v 0.05842200 -0.00778300 0.00331000
v 0.05842200 -0.00778300 0.00331000
v 0.05761100 -0.00778300 0.00424100
v 0.05761100 -0.00778300 0.00424100
v 0.05724400 -0.00778300 0.00542000
v 0.05724400 -0.00778300 0.00542000
v 0.05724400 -0.00778300 0.00542000
v 0.05718400 -0.00778300 0.00602400
v 0.05718400 -0.00778300 0.00602400
v 0.05711700 -0.00778300 0.00662700
v 0.05711700 -0.00778300 0.00662700
v 0.05704400 -0.00778300 0.00722900
v 0.05704400 -0.00778300 0.00722900
v 0.05704400 -0.00778300 0.00722900
v 0.05709900 -0.00778300 0.00882900
v 0.05709900 -0.00778300 0.00882900
v 0.05765800 -0.00778300 0.01033000
v 0.05765800 -0.00778300 0.01033000
v 0.05866300 -0.00778300 0.01157700
v 0.05866300 -0.00778300 0.01157700
v 0.06001100 -0.00778300 0.01244300
v 0.06001100 -0.00778300 0.01244300
v 0.06001100 -0.00778300 0.01244300
v 0.06490300 -0.00778300 0.01431200
v 0.06490300 -0.00778300 0.01431200
v 0.06994500 -0.00778300 0.01573200
v 0.06994500 -0.00778300 0.01573200
v 0.07509300 -0.00778300 0.01669200
v 0.07509300 -0.00778300 0.01669200
v 0.08904000 0.02721700 -0.00000000
v 0.08904000 0.02721700 -0.00000000
v 0.08904000 0.02721700 -0.00000000
v 0.08864900 0.02721700 -0.00833800
v 0.08864900 0.02721700 -0.00833800
v 0.08747900 0.02721700 -0.01660200
v 0.08747900 0.02721700 -0.01660200
v 0.08554000 0.02721700 -0.02472100
v 0.08554000 0.02721700 -0.02472100
v 0.08284900 0.02721700 -0.03262300
v 0.08284900 0.02721700 -0.03262300
v 0.07943000 0.02721700 -0.04023700
v 0.07943000 0.02721700 -0.04023700
v 0.07531300 0.02721700 -0.04749900
v 0.07531300 0.02721700 -0.04749900
v 0.07053400 0.02721700 -0.05434200
v 0.07053400 0.02721700 -0.05434200
v 0.06513600 0.02721700 -0.06070800
v 0.06513600 0.02721700 -0.06070800
v 0.05916500 0.02721700 -0.06654100
v 0.05916500 0.02721700 -0.06654100
v 0.05267400 0.02721700 -0.07178900
v 0.05267400 0.02721700 -0.07178900
v 0.04572000 0.02721700 -0.07640600
v 0.04572000 0.02721700 -0.07640600
v 0.03836400 0.02721700 -0.08035200
v 0.03836400 0.02721700 -0.08035200
v 0.03067100 0.02721700 -0.08359100
v 0.03067100 0.02721700 -0.08359100
v 0.02270900 0.02721700 -0.08609600
v 0.02270900 0.02721700 -0.08609600
v 0.01454700 0.02721700 -0.08784400
v 0.01454700 0.02721700 -0.08784400
v 0.00625700 0.02721700 -0.08882000
v 0.00625700 0.02721700 -0.08882000
v -0.00208700 0.02721700 -0.08901600
v -0.00208700 0.02721700 -0.08901600
v -0.01041400 0.02721700 -0.08842900
v -0.01041400 0.02721700 -0.08842900
v -0.01864900 0.02721700 -0.08706600
v -0.01864900 0.02721700 -0.08706600
v -0.02672000 0.02721700 -0.08493700
v -0.02672000 0.02721700 -0.08493700
v -0.03455600 0.02721700 -0.08206100
v -0.03455600 0.02721700 -0.08206100
v -0.04208800 0.02721700 -0.07846500
v -0.04208800 0.02721700 -0.07846500
v -0.04925100 0.02721700 -0.07417900
v -0.04925100 0.02721700 -0.07417900
v -0.05598100 0.02721700 -0.06924100
v -0.05598100 0.02721700 -0.06924100
v -0.06221900 0.02721700 -0.06369500
v -0.06221900 0.02721700 -0.06369500
v -0.06791000 0.02721700 -0.05758900
v -0.06791000 0.02721700 -0.05758900
v -0.07300400 0.02721700 -0.05097600
v -0.07300400 0.02721700 -0.05097600
v -0.07745700 0.02721700 -0.04391600
v -0.07745700 0.02721700 -0.04391600
v -0.08122900 0.02721700 -0.03647000
v -0.08122900 0.02721700 -0.03647000
v -0.08428700 0.02721700 -0.02870300
v -0.08428700 0.02721700 -0.02870300
v -0.08660500 0.02721700 -0.02068500
v -0.08660500 0.02721700 -0.02068500
v -0.08816100 0.02721700 -0.01248400
v -0.08816100 0.02721700 -0.01248400
v -0.08894300 0.02721700 -0.00417400
v -0.08894300 0.02721700 -0.00417400
v -0.08894300 0.02721700 0.00417400
v -0.08894300 0.02721700 0.00417400
v -0.08816100 0.02721700 0.01248400
v -0.08816100 0.02721700 0.01248400
v -0.08660500 0.02721700 0.02068500
v -0.08660500 0.02721700 0.02068500
v -0.08428700 0.02721700 0.02870300
v -0.08428700 0.02721700 0.02870300
v -0.08122900 0.02721700 0.03647000
v -0.08122900 0.02721700 0.03647000
v -0.07745700 0.02721700 0.04391600
v -0.07745700 0.02721700 0.04391600
v -0.07300400 0.02721700 0.05097600
v -0.07300400 0.02721700 0.05097600
v -0.06791000 0.02721700 0.05758900
v -0.06791000 0.02721700 0.05758900
v -0.06221900 0.02721700 0.06369500
v -0.06221900 0.02721700 0.06369500
v -0.05598100 0.02721700 0.06924100
v -0.05598100 0.02721700 0.06924100
v -0.04925100 0.02721700 0.07417900
v -0.04925100 0.02721700 0.07417900
v -0.04208800 0.02721700 0.07846500
v -0.04208800 0.02721700 0.07846500
v -0.03455600 0.02721700 0.08206100
v -0.03455600 0.02721700 0.08206100
v -0.02672000 0.02721700 0.08493700
v -0.02672000 0.02721700 0.08493700
v -0.01864900 0.02721700 0.08706600
v -0.01864900 0.02721700 0.08706600
v -0.01041400 0.02721700 0.08842900
v -0.01041400 0.02721700 0.08842900
v -0.00208700 0.02721700 0.08901600
v -0.00208700 0.02721700 0.08901600
v 0.00625700 0.02721700 0.08882000
v 0.00625700 0.02721700 0.08882000
v 0.01454700 0.02721700 0.08784400
v 0.01454700 0.02721700 0.08784400
v 0.02270900 0.02721700 0.08609600
v 0.02270900 0.02721700 0.08609600
v 0.03067100 0.02721700 0.08359100
v 0.03067100 0.02721700 0.08359100
v 0.03836400 0.02721700 0.08035200
v 0.03836400 0.02721700 0.08035200
v 0.04572000 0.02721700 0.07640600
v 0.04572000 0.02721700 0.07640600
v 0.05267400 0.02721700 0.07178900
v 0.05267400 0.02721700 0.07178900
v 0.05916500 0.02721700 0.06654100
v 0.05916500 0.02721700 0.06654100
v 0.06513600 0.02721700 0.06070800
v 0.06513600 0.02721700 0.06070800
v 0.07053400 0.02721700 0.05434200
v 0.07053400 0.02721700 0.05434200
v 0.07531300 0.02721700 0.04749900
v 0.07531300 0.02721700 0.04749900
v 0.07943000 0.02721700 0.04023700
v 0.07943000 0.02721700 0.04023700
v 0.08284900 0.02721700 0.03262300
v 0.08284900 0.02721700 0.03262300
v 0.08554000 0.02721700 0.02472100
v 0.08554000 0.02721700 0.02472100
v 0.08747900 0.02721700 0.01660200
v 0.08747900 0.02721700 0.01660200
v 0.08864900 0.02721700 0.00833800
v 0.08864900 0.02721700 0.00833800
v 0.08032000 0.02721700 -0.03202500
v 0.08032000 0.02721700 -0.03202500
v 0.08032000 0.02721700 -0.03202500
v 0.08115300 0.02721700 -0.02985100
v 0.08115300 0.02721700 -0.02985100
v 0.08192700 0.02721700 -0.02765500
v 0.08192700 0.02721700 -0.02765500
v 0.08264200 0.02721700 -0.02543900
v 0.08264200 0.02721700 -0.02543900
v 0.08264200 0.02721700 -0.02543900
v 0.08285200 0.02721700 -0.02362400
v 0.08285200 0.02721700 -0.02362400
v 0.08239500 0.02721700 -0.02185600
v 0.08239500 0.02721700 -0.02185600
v 0.08133500 0.02721700 -0.02036900
v 0.08133500 0.02721700 -0.02036900
v 0.07981100 0.02721700 -0.01936300
v 0.07981100 0.02721700 -0.01936300
v 0.07981100 0.02721700 -0.01936300
v 0.07489900 0.02721700 -0.01754300
v 0.07489900 0.02721700 -0.01754300
v 0.06984400 0.02721700 -0.01617300
v 0.06984400 0.02721700 -0.01617300
v 0.06468600 0.02721700 -0.01526600
v 0.06468600 0.02721700 -0.01526600
v 0.05946600 0.02721700 -0.01482700
v 0.05946600 0.02721700 -0.01482700
v 0.05946600 0.02721700 -0.01482700
v 0.05787700 0.02721700 -0.01502200
v 0.05787700 0.02721700 -0.01502200
v 0.05643000 0.02721700 -0.01571000
v 0.05643000 0.02721700 -0.01571000
v 0.05527600 0.02721700 -0.01682000
v 0.05527600 0.02721700 -0.01682000
v 0.05453100 0.02721700 -0.01823700
v 0.05453100 0.02721700 -0.01823700
v 0.05453100 0.02721700 -0.01823700
v 0.05433600 0.02721700 -0.01881200
v 0.05433600 0.02721700 -0.01881200
v 0.05413400 0.02721700 -0.01938400
v 0.05413400 0.02721700 -0.01938400
v 0.05392700 0.02721700 -0.01995400
v 0.05392700 0.02721700 -0.01995400
v 0.05392700 0.02721700 -0.01995400
v 0.05374600 0.02721700 -0.02117500
v 0.05374600 0.02721700 -0.02117500
v 0.05407200 0.02721700 -0.02236600
v 0.05407200 0.02721700 -0.02236600
v 0.05485000 0.02721700 -0.02332500
v 0.05485000 0.02721700 -0.02332500
v 0.05594900 0.02721700 -0.02388900
v 0.05594900 0.02721700 -0.02388900
v 0.05594900 0.02721700 -0.02388900
v 0.06120400 0.02721700 -0.02558100
v 0.06120400 0.02721700 -0.02558100
v 0.06628800 0.02721700 -0.02773400
v 0.06628800 0.02721700 -0.02773400
v 0.07116000 0.02721700 -0.03033000
v 0.07116000 0.02721700 -0.03033000
v 0.07578200 0.02721700 -0.03335000
v 0.07578200 0.02721700 -0.03335000
v 0.07578200 0.02721700 -0.03335000
v 0.07702700 0.02721700 -0.03387100
v 0.07702700 0.02721700 -0.03387100
v 0.07837400 0.02721700 -0.03379400
v 0.07837400 0.02721700 -0.03379400
v 0.07955100 0.02721700 -0.03313400
v 0.07955100 0.02721700 -0.03313400
v 0.07118000 0.02721700 -0.04909500
v 0.07118000 0.02721700 -0.04909500
v 0.07118000 0.02721700 -0.04909500
v 0.07247600 0.02721700 -0.04716100
v 0.07247600 0.02721700 -0.04716100
v 0.07371900 0.02721700 -0.04519200
v 0.07371900 0.02721700 -0.04519200
v 0.07490900 0.02721700 -0.04319100
v 0.07490900 0.02721700 -0.04319100
v 0.07490900 0.02721700 -0.04319100
v 0.07551700 0.02721700 -0.04146800
v 0.07551700 0.02721700 -0.04146800
v 0.07546600 0.02721700 -0.03964300
v 0.07546600 0.02721700 -0.03964300
v 0.07476300 0.02721700 -0.03795700
v 0.07476300 0.02721700 -0.03795700
v 0.07350100 0.02721700 -0.03663700
v 0.07350100 0.02721700 -0.03663700
v 0.07350100 0.02721700 -0.03663700
v 0.06911800 0.02721700 -0.03377000
v 0.06911800 0.02721700 -0.03377000
v 0.06449400 0.02721700 -0.03131000
v 0.06449400 0.02721700 -0.03131000
v 0.05966700 0.02721700 -0.02927700
v 0.05966700 0.02721700 -0.02927700
v 0.05467600 0.02721700 -0.02768800
v 0.05467600 0.02721700 -0.02768800
v 0.05467600 0.02721700 -0.02768800
v 0.05308300 0.02721700 -0.02752400
v 0.05308300 0.02721700 -0.02752400
v 0.05152000 0.02721700 -0.02787300
v 0.05152000 0.02721700 -0.02787300
v 0.05014700 0.02721700 -0.02869800
v 0.05014700 0.02721700 -0.02869800
v 0.04910600 0.02721700 -0.02991500
v 0.04910600 0.02721700 -0.02991500
v 0.04910600 0.02721700 -0.02991500
v 0.04878700 0.02721700 -0.03043100
v 0.04878700 0.02721700 -0.03043100
v 0.04846400 0.02721700 -0.03094400
v 0.04846400 0.02721700 -0.03094400
v 0.04813500 0.02721700 -0.03145300
v 0.04813500 0.02721700 -0.03145300
v 0.04813500 0.02721700 -0.03145300
v 0.04768600 0.02721700 -0.03260400
v 0.04768600 0.02721700 -0.03260400
v 0.04773900 0.02721700 -0.03383700
v 0.04773900 0.02721700 -0.03383700
v 0.04828500 0.02721700 -0.03494500
v 0.04828500 0.02721700 -0.03494500
v 0.04923000 0.02721700 -0.03573900
v 0.04923000 0.02721700 -0.03573900
v 0.04923000 0.02721700 -0.03573900
v 0.05397700 0.02721700 -0.03855900
v 0.05397700 0.02721700 -0.03855900
v 0.05845500 0.02721700 -0.04178900
v 0.05845500 0.02721700 -0.04178900
v 0.06262700 0.02721700 -0.04540400
v 0.06262700 0.02721700 -0.04540400
v 0.06646100 0.02721700 -0.04937700
v 0.06646100 0.02721700 -0.04937700
v 0.06646100 0.02721700 -0.04937700
v 0.06755800 0.02721700 -0.05016200
v 0.06755800 0.02721700 -0.05016200
v 0.06888900 0.02721700 -0.05038600
v 0.06888900 0.02721700 -0.05038600
v 0.07018300 0.02721700 -0.05000500
v 0.07018300 0.02721700 -0.05000500
v 0.05847000 0.02721700 -0.06370300
v 0.05847000 0.02721700 -0.06370300
v 0.05847000 0.02721700 -0.06370300
v 0.06016400 0.02721700 -0.06210600
v 0.06016400 0.02721700 -0.06210600
v 0.06181500 0.02721700 -0.06046300
v 0.06181500 0.02721700 -0.06046300
v 0.06342000 0.02721700 -0.05877700
v 0.06342000 0.02721700 -0.05877700
v 0.06342000 0.02721700 -0.05877700
v 0.06439600 0.02721700 -0.05723300
v 0.06439600 0.02721700 -0.05723300
v 0.06475300 0.02721700 -0.05544100
v 0.06475300 0.02721700 -0.05544100
v 0.06444200 0.02721700 -0.05364200
v 0.06444200 0.02721700 -0.05364200
v 0.06350600 0.02721700 -0.05207400
v 0.06350600 0.02721700 -0.05207400
v 0.06350600 0.02721700 -0.05207400
v 0.05987000 0.02721700 -0.04830300
v 0.05987000 0.02721700 -0.04830300
v 0.05591000 0.02721700 -0.04487600
v 0.05591000 0.02721700 -0.04487600
v 0.05165600 0.02721700 -0.04182000
v 0.05165600 0.02721700 -0.04182000
v 0.04714400 0.02721700 -0.03916000
v 0.04714400 0.02721700 -0.03916000
v 0.04714400 0.02721700 -0.03916000
v 0.04562700 0.02721700 -0.03864600
v 0.04562700 0.02721700 -0.03864600
v 0.04402600 0.02721700 -0.03863800
v 0.04402600 0.02721700 -0.03863800
v 0.04250400 0.02721700 -0.03913700
v 0.04250400 0.02721700 -0.03913700
v 0.04121800 0.02721700 -0.04009200
v 0.04121800 0.02721700 -0.04009200
v 0.04121800 0.02721700 -0.04009200
v 0.04079300 0.02721700 -0.04052400
v 0.04079300 0.02721700 -0.04052400
v 0.04036300 0.02721700 -0.04095200
v 0.04036300 0.02721700 -0.04095200
v 0.03992900 0.02721700 -0.04137600
v 0.03992900 0.02721700 -0.04137600
v 0.03992900 0.02721700 -0.04137600
v 0.03923600 0.02721700 -0.04239800
v 0.03923600 0.02721700 -0.04239800
v 0.03901300 0.02721700 -0.04361200
v 0.03901300 0.02721700 -0.04361200
v 0.03929800 0.02721700 -0.04481400
v 0.03929800 0.02721700 -0.04481400
v 0.04004300 0.02721700 -0.04579800
v 0.04004300 0.02721700 -0.04579800
v 0.04004300 0.02721700 -0.04579800
v 0.04404400 0.02721700 -0.04960300
v 0.04404400 0.02721700 -0.04960300
v 0.04769000 0.02721700 -0.05374800
v 0.04769000 0.02721700 -0.05374800
v 0.05095300 0.02721700 -0.05820200
v 0.05095300 0.02721700 -0.05820200
v 0.05380700 0.02721700 -0.06292800
v 0.05380700 0.02721700 -0.06292800
v 0.05380700 0.02721700 -0.06292800
v 0.05470200 0.02721700 -0.06393700
v 0.05470200 0.02721700 -0.06393700
v 0.05595000 0.02721700 -0.06445200
v 0.05595000 0.02721700 -0.06445200
v 0.05729600 0.02721700 -0.06436800
v 0.05729600 0.02721700 -0.06436800
v 0.04282900 0.02721700 -0.07511700
v 0.04282900 0.02721700 -0.07511700
v 0.04282900 0.02721700 -0.07511700
v 0.04483600 0.02721700 -0.07393600
v 0.04483600 0.02721700 -0.07393600
v 0.04681100 0.02721700 -0.07270200
v 0.04681100 0.02721700 -0.07270200
v 0.04875100 0.02721700 -0.07141500
v 0.04875100 0.02721700 -0.07141500
v 0.04875100 0.02721700 -0.07141500
v 0.05004600 0.02721700 -0.07012700
v 0.05004600 0.02721700 -0.07012700
v 0.05079200 0.02721700 -0.06846000
v 0.05079200 0.02721700 -0.06846000
v 0.05089000 0.02721700 -0.06663600
v 0.05089000 0.02721700 -0.06663600
v 0.05032600 0.02721700 -0.06489900
v 0.05032600 0.02721700 -0.06489900
v 0.05032600 0.02721700 -0.06489900
v 0.04762100 0.02721700 -0.06041400
v 0.04762100 0.02721700 -0.06041400
v 0.04452200 0.02721700 -0.05619200
v 0.04452200 0.02721700 -0.05619200
v 0.04105500 0.02721700 -0.05226600
v 0.04105500 0.02721700 -0.05226600
v 0.03724800 0.02721700 -0.04866900
v 0.03724800 0.02721700 -0.04866900
v 0.03724800 0.02721700 -0.04866900
v 0.03588400 0.02721700 -0.04783000
v 0.03588400 0.02721700 -0.04783000
v 0.03432400 0.02721700 -0.04746600
v 0.03432400 0.02721700 -0.04746600
v 0.03273000 0.02721700 -0.04761400
v 0.03273000 0.02721700 -0.04761400
v 0.03126300 0.02721700 -0.04825800
v 0.03126300 0.02721700 -0.04825800
v 0.03126300 0.02721700 -0.04825800
v 0.03075300 0.02721700 -0.04858500
v 0.03075300 0.02721700 -0.04858500
v 0.03023800 0.02721700 -0.04890700
v 0.03023800 0.02721700 -0.04890700
v 0.02972100 0.02721700 -0.04922300
v 0.02972100 0.02721700 -0.04922300
v 0.02972100 0.02721700 -0.04922300
v 0.02881800 0.02721700 -0.05006500
v 0.02881800 0.02721700 -0.05006500
v 0.02833000 0.02721700 -0.05120000
v 0.02833000 0.02721700 -0.05120000
v 0.02834100 0.02721700 -0.05243500
v 0.02834100 0.02721700 -0.05243500
v 0.02884800 0.02721700 -0.05356000
v 0.02884800 0.02721700 -0.05356000
v 0.02884800 0.02721700 -0.05356000
v 0.03190200 0.02721700 -0.05816000
v 0.03190200 0.02721700 -0.05816000
v 0.03453400 0.02721700 -0.06301300
v 0.03453400 0.02721700 -0.06301300
v 0.03672500 0.02721700 -0.06808100
v 0.03672500 0.02721700 -0.06808100
v 0.03845500 0.02721700 -0.07332300
v 0.03845500 0.02721700 -0.07332300
v 0.03845500 0.02721700 -0.07332300
v 0.03910400 0.02721700 -0.07450700
v 0.03910400 0.02721700 -0.07450700
v 0.04020500 0.02721700 -0.07528600
v 0.04020500 0.02721700 -0.07528600
v 0.04153700 0.02721700 -0.07550400
v 0.04153700 0.02721700 -0.07550400
v 0.02504000 0.02721700 -0.08276400
v 0.02504000 0.02721700 -0.08276400
v 0.02504000 0.02721700 -0.08276400
v 0.02726000 0.02721700 -0.08205900
v 0.02726000 0.02721700 -0.08205900
v 0.02945900 0.02721700 -0.08129600
v 0.02945900 0.02721700 -0.08129600
v 0.03163800 0.02721700 -0.08047300
v 0.03163800 0.02721700 -0.08047300
v 0.03163800 0.02721700 -0.08047300
v 0.03318700 0.02721700 -0.07950600
v 0.03318700 0.02721700 -0.07950600
v 0.03428500 0.02721700 -0.07804600
v 0.03428500 0.02721700 -0.07804600
v 0.03478600 0.02721700 -0.07629000
v 0.03478600 0.02721700 -0.07629000
v 0.03462300 0.02721700 -0.07447100
v 0.03462300 0.02721700 -0.07447100
v 0.03462300 0.02721700 -0.07447100
v 0.03298300 0.02721700 -0.06949600
v 0.03298300 0.02721700 -0.06949600
v 0.03090200 0.02721700 -0.06469000
v 0.03090200 0.02721700 -0.06469000
v 0.02839600 0.02721700 -0.06009100
v 0.02839600 0.02721700 -0.06009100
v 0.02548400 0.02721700 -0.05573700
v 0.02548400 0.02721700 -0.05573700
v 0.02548400 0.02721700 -0.05573700
v 0.02434100 0.02721700 -0.05461600
v 0.02434100 0.02721700 -0.05461600
v 0.02290100 0.02721700 -0.05391400
v 0.02290100 0.02721700 -0.05391400
v 0.02131400 0.02721700 -0.05370300
v 0.02131400 0.02721700 -0.05370300
v 0.01974100 0.02721700 -0.05400500
v 0.01974100 0.02721700 -0.05400500
v 0.01974100 0.02721700 -0.05400500
v 0.01917000 0.02721700 -0.05421000
v 0.01917000 0.02721700 -0.05421000
v 0.01859700 0.02721700 -0.05440900
v 0.01859700 0.02721700 -0.05440900
v 0.01802200 0.02721700 -0.05460300
v 0.01802200 0.02721700 -0.05460300
v 0.01802200 0.02721700 -0.05460300
v 0.01695400 0.02721700 -0.05522300
v 0.01695400 0.02721700 -0.05522300
v 0.01622700 0.02721700 -0.05622000
v 0.01622700 0.02721700 -0.05622000
v 0.01596300 0.02721700 -0.05742600
v 0.01596300 0.02721700 -0.05742600
v 0.01620700 0.02721700 -0.05863700
v 0.01620700 0.02721700 -0.05863700
v 0.01620700 0.02721700 -0.05863700
v 0.01816000 0.02721700 -0.06380100
v 0.01816000 0.02721700 -0.06380100
v 0.01964700 0.02721700 -0.06911800
v 0.01964700 0.02721700 -0.06911800
v 0.02065400 0.02721700 -0.07454600
v 0.02065400 0.02721700 -0.07454600
v 0.02117500 0.02721700 -0.08004200
v 0.02117500 0.02721700 -0.08004200
v 0.02117500 0.02721700 -0.08004200
v 0.02154400 0.02721700 -0.08134000
v 0.02154400 0.02721700 -0.08134000
v 0.02244400 0.02721700 -0.08234500
v 0.02244400 0.02721700 -0.08234500
v 0.02369400 0.02721700 -0.08285400
v 0.02369400 0.02721700 -0.08285400
v 0.00599600 0.02721700 -0.08626100
v 0.00599600 0.02721700 -0.08626100
v 0.00599600 0.02721700 -0.08626100
v 0.00831600 0.02721700 -0.08606800
v 0.00831600 0.02721700 -0.08606800
v 0.01063100 0.02721700 -0.08581300
v 0.01063100 0.02721700 -0.08581300
v 0.01293700 0.02721700 -0.08549500
v 0.01293700 0.02721700 -0.08549500
v 0.01293700 0.02721700 -0.08549500
v 0.01466300 0.02721700 -0.08489700
v 0.01466300 0.02721700 -0.08489700
v 0.01605900 0.02721700 -0.08371900
v 0.01605900 0.02721700 -0.08371900
v 0.01693800 0.02721700 -0.08211800
v 0.01693800 0.02721700 -0.08211800
v 0.01718300 0.02721700 -0.08030800
v 0.01718300 0.02721700 -0.08030800
v 0.01718300 0.02721700 -0.08030800
v 0.01669200 0.02721700 -0.07509300
v 0.01669200 0.02721700 -0.07509300
v 0.01573200 0.02721700 -0.06994500
v 0.01573200 0.02721700 -0.06994500
v 0.01431200 0.02721700 -0.06490300
v 0.01431200 0.02721700 -0.06490300
v 0.01244300 0.02721700 -0.06001100
v 0.01244300 0.02721700 -0.06001100
v 0.01244300 0.02721700 -0.06001100
v 0.01157700 0.02721700 -0.05866300
v 0.01157700 0.02721700 -0.05866300
v 0.01033000 0.02721700 -0.05765800
v 0.01033000 0.02721700 -0.05765800
v 0.00882900 0.02721700 -0.05709900
v 0.00882900 0.02721700 -0.05709900
v 0.00722900 0.02721700 -0.05704400
v 0.00722900 0.02721700 -0.05704400
v 0.00722900 0.02721700 -0.05704400
v 0.00662700 0.02721700 -0.05711700
v 0.00662700 0.02721700 -0.05711700
v 0.00602400 0.02721700 -0.05718400
v 0.00602400 0.02721700 -0.05718400
v 0.00542000 0.02721700 -0.05724400
v 0.00542000 0.02721700 -0.05724400
v 0.00542000 0.02721700 -0.05724400
v 0.00424100 0.02721700 -0.05761100
v 0.00424100 0.02721700 -0.05761100
v 0.00331000 0.02721700 -0.05842200
v 0.00331000 0.02721700 -0.05842200
v 0.00278400 0.02721700 -0.05953900
v 0.00278400 0.02721700 -0.05953900
v 0.00275200 0.02721700 -0.06077300
v 0.00275200 0.02721700 -0.06077300
v 0.00275200 0.02721700 -0.06077300
v 0.00350800 0.02721700 -0.06624200
v 0.00350800 0.02721700 -0.06624200
v 0.00377400 0.02721700 -0.07175600
v 0.00377400 0.02721700 -0.07175600
v 0.00354900 0.02721700 -0.07727300
v 0.00354900 0.02721700 -0.07727300
v 0.00283300 0.02721700 -0.08274700
v 0.00283300 0.02721700 -0.08274700
v 0.00283300 0.02721700 -0.08274700
v 0.00290400 0.02721700 -0.08409500
v 0.00290400 0.02721700 -0.08409500
v 0.00355800 0.02721700 -0.08527500
v 0.00355800 0.02721700 -0.08527500
v 0.00466300 0.02721700 -0.08604900
v 0.00466300 0.02721700 -0.08604900
v -0.01334900 0.02721700 -0.08543200
v -0.01334900 0.02721700 -0.08543200
v -0.01334900 0.02721700 -0.08543200
v -0.01104400 0.02721700 -0.08576100
v -0.01104400 0.02721700 -0.08576100
v -0.00873100 0.02721700 -0.08602700
v -0.00873100 0.02721700 -0.08602700
v -0.00641100 0.02721700 -0.08623100
v -0.00641100 0.02721700 -0.08623100
v -0.00641100 0.02721700 -0.08623100
v -0.00459600 0.02721700 -0.08603100
v -0.00459600 0.02721700 -0.08603100
v -0.00297300 0.02721700 -0.08519300
v -0.00297300 0.02721700 -0.08519300
v -0.00176000 0.02721700 -0.08382800
v -0.00176000 0.02721700 -0.08382800
v -0.00111800 0.02721700 -0.08211800
v -0.00111800 0.02721700 -0.08211800
v -0.00111800 0.02721700 -0.08211800
v -0.00043600 0.02721700 -0.07692500
v -0.00043600 0.02721700 -0.07692500
v -0.00022600 0.02721700 -0.07169200
v -0.00022600 0.02721700 -0.07169200
v -0.00048900 0.02721700 -0.06646100
v -0.00048900 0.02721700 -0.06646100
v -0.00122300 0.02721700 -0.06127500
v -0.00122300 0.02721700 -0.06127500
v -0.00122300 0.02721700 -0.06127500
v -0.00176700 0.02721700 -0.05976800
v -0.00176700 0.02721700 -0.05976800
v -0.00275900 0.02721700 -0.05851100
v -0.00275900 0.02721700 -0.05851100
v -0.00409800 0.02721700 -0.05763300
v -0.00409800 0.02721700 -0.05763300
v -0.00564600 0.02721700 -0.05722200
v -0.00564600 0.02721700 -0.05722200
v -0.00564600 0.02721700 -0.05722200
v -0.00624900 0.02721700 -0.05715900
v -0.00624900 0.02721700 -0.05715900
v -0.00685200 0.02721700 -0.05709000
v -0.00685200 0.02721700 -0.05709000
v -0.00745400 0.02721700 -0.05701500
v -0.00745400 0.02721700 -0.05701500
v -0.00745400 0.02721700 -0.05701500
v -0.00868500 0.02721700 -0.05711000
v -0.00868500 0.02721700 -0.05711000
v -0.00977300 0.02721700 -0.05769300
v -0.00977300 0.02721700 -0.05769300
v -0.01053500 0.02721700 -0.05866500
v -0.01053500 0.02721700 -0.05866500
v -0.01084000 0.02721700 -0.05986200
v -0.01084000 0.02721700 -0.05986200
v -0.01084000 0.02721700 -0.05986200
v -0.01132000 0.02721700 -0.06536200
v -0.01132000 0.02721700 -0.06536200
v -0.01228800 0.02721700 -0.07079700
v -0.01228800 0.02721700 -0.07079700
v -0.01373500 0.02721700 -0.07612500
v -0.01373500 0.02721700 -0.07612500
v -0.01565100 0.02721700 -0.08130300
v -0.01565100 0.02721700 -0.08130300
v -0.01565100 0.02721700 -0.08130300
v -0.01588200 0.02721700 -0.08263200
v -0.01588200 0.02721700 -0.08263200
v -0.01550700 0.02721700 -0.08392900
v -0.01550700 0.02721700 -0.08392900
v -0.01460200 0.02721700 -0.08492900
v -0.01460200 0.02721700 -0.08492900
v -0.03202500 0.02721700 -0.08032000
v -0.03202500 0.02721700 -0.08032000
v -0.03202500 0.02721700 -0.08032000
v -0.02985100 0.02721700 -0.08115300
v -0.02985100 0.02721700 -0.08115300
v -0.02765500 0.02721700 -0.08192700
v -0.02765500 0.02721700 -0.08192700
v -0.02543900 0.02721700 -0.08264200
v -0.02543900 0.02721700 -0.08264200
v -0.02543900 0.02721700 -0.08264200
v -0.02362400 0.02721700 -0.08285200
v -0.02362400 0.02721700 -0.08285200
v -0.02185600 0.02721700 -0.08239500
v -0.02185600 0.02721700 -0.08239500
v -0.02036900 0.02721700 -0.08133500
v -0.02036900 0.02721700 -0.08133500
v -0.01936300 0.02721700 -0.07981100
v -0.01936300 0.02721700 -0.07981100
v -0.01936300 0.02721700 -0.07981100
v -0.01754300 0.02721700 -0.07489900
v -0.01754300 0.02721700 -0.07489900
v -0.01617300 0.02721700 -0.06984400
v -0.01617300 0.02721700 -0.06984400
v -0.01526600 0.02721700 -0.06468600
v -0.01526600 0.02721700 -0.06468600
v -0.01482700 0.02721700 -0.05946600
v -0.01482700 0.02721700 -0.05946600
v -0.01482700 0.02721700 -0.05946600
v -0.01502200 0.02721700 -0.05787700
v -0.01502200 0.02721700 -0.05787700
v -0.01571000 0.02721700 -0.05643000
v -0.01571000 0.02721700 -0.05643000
v -0.01682000 0.02721700 -0.05527600
v -0.01682000 0.02721700 -0.05527600
v -0.01823700 0.02721700 -0.05453100
v -0.01823700 0.02721700 -0.05453100
v -0.01823700 0.02721700 -0.05453100
v -0.01881200 0.02721700 -0.05433600
v -0.01881200 0.02721700 -0.05433600
v -0.01938400 0.02721700 -0.05413400
v -0.01938400 0.02721700 -0.05413400
v -0.01995400 0.02721700 -0.05392700
v -0.01995400 0.02721700 -0.05392700
v -0.01995400 0.02721700 -0.05392700
v -0.02117500 0.02721700 -0.05374600
v -0.02117500 0.02721700 -0.05374600
v -0.02236600 0.02721700 -0.05407200
v -0.02236600 0.02721700 -0.05407200
v -0.02332500 0.02721700 -0.05485000
v -0.02332500 0.02721700 -0.05485000
v -0.02388900 0.02721700 -0.05594900
v -0.02388900 0.02721700 -0.05594900
v -0.02388900 0.02721700 -0.05594900
v -0.02558100 0.02721700 -0.06120400
v -0.02558100 0.02721700 -0.06120400
v -0.02773400 0.02721700 -0.06628800
v -0.02773400 0.02721700 -0.06628800
v -0.03033000 0.02721700 -0.07116000
v -0.03033000 0.02721700 -0.07116000
v -0.03335000 0.02721700 -0.07578200
v -0.03335000 0.02721700 -0.07578200
v -0.03335000 0.02721700 -0.07578200
v -0.03387100 0.02721700 -0.07702700
v -0.03387100 0.02721700 -0.07702700
v -0.03379400 0.02721700 -0.07837400
v -0.03379400 0.02721700 -0.07837400
v -0.03313400 0.02721700 -0.07955100
v -0.03313400 0.02721700 -0.07955100
v -0.04909500 0.02721700 -0.07118000
v -0.04909500 0.02721700 -0.07118000
v -0.04909500 0.02721700 -0.07118000
v -0.04716100 0.02721700 -0.07247600
v -0.04716100 0.02721700 -0.07247600
v -0.04519200 0.02721700 -0.07371900
v -0.04519200 0.02721700 -0.07371900
v -0.04319100 0.02721700 -0.07490900
v -0.04319100 0.02721700 -0.07490900
v -0.04319100 0.02721700 -0.07490900
v -0.04146800 0.02721700 -0.07551700
v -0.04146800 0.02721700 -0.07551700
v -0.03964300 0.02721700 -0.07546600
v -0.03964300 0.02721700 -0.07546600
v -0.03795700 0.02721700 -0.07476300
v -0.03795700 0.02721700 -0.07476300
v -0.03663700 0.02721700 -0.07350100
v -0.03663700 0.02721700 -0.07350100
v -0.03663700 0.02721700 -0.07350100
v -0.03377000 0.02721700 -0.06911800
v -0.03377000 0.02721700 -0.06911800
v -0.03131000 0.02721700 -0.06449400
v -0.03131000 0.02721700 -0.06449400
v -0.02927700 0.02721700 -0.05966700
v -0.02927700 0.02721700 -0.05966700
v -0.02768800 0.02721700 -0.05467600
v -0.02768800 0.02721700 -0.05467600
v -0.02768800 0.02721700 -0.05467600
v -0.02752400 0.02721700 -0.05308300
v -0.02752400 0.02721700 -0.05308300
v -0.02787300 0.02721700 -0.05152000
v -0.02787300 0.02721700 -0.05152000
v -0.02869800 0.02721700 -0.05014700
v -0.02869800 0.02721700 -0.05014700
v -0.02991500 0.02721700 -0.04910600
v -0.02991500 0.02721700 -0.04910600
v -0.02991500 0.02721700 -0.04910600
v -0.03043100 0.02721700 -0.04878700
v -0.03043100 0.02721700 -0.04878700
v -0.03094400 0.02721700 -0.04846400
v -0.03094400 0.02721700 -0.04846400
v -0.03145300 0.02721700 -0.04813500
v -0.03145300 0.02721700 -0.04813500
v -0.03145300 0.02721700 -0.04813500
v -0.03260400 0.02721700 -0.04768600
v -0.03260400 0.02721700 -0.04768600
v -0.03383700 0.02721700 -0.04773900
v -0.03383700 0.02721700 -0.04773900
v -0.03494500 0.02721700 -0.04828500
v -0.03494500 0.02721700 -0.04828500
v -0.03573900 0.02721700 -0.04923000
v -0.03573900 0.02721700 -0.04923000
v -0.03573900 0.02721700 -0.04923000
v -0.03855900 0.02721700 -0.05397700
v -0.03855900 0.02721700 -0.05397700
v -0.04178900 0.02721700 -0.05845500
v -0.04178900 0.02721700 -0.05845500
v -0.04540400 0.02721700 -0.06262700
v -0.04540400 0.02721700 -0.06262700
v -0.04937700 0.02721700 -0.06646100
v -0.04937700 0.02721700 -0.06646100
v -0.04937700 0.02721700 -0.06646100
v -0.05016200 0.02721700 -0.06755800
v -0.05016200 0.02721700 -0.06755800
v -0.05038600 0.02721700 -0.06888900
v -0.05038600 0.02721700 -0.06888900
v -0.05000500 0.02721700 -0.07018300
v -0.05000500 0.02721700 -0.07018300
v -0.06370300 0.02721700 -0.05847000
v -0.06370300 0.02721700 -0.05847000
v -0.06370300 0.02721700 -0.05847000
v -0.06210600 0.02721700 -0.06016400
v -0.06210600 0.02721700 -0.06016400
v -0.06046300 0.02721700 -0.06181500
v -0.06046300 0.02721700 -0.06181500
v -0.05877700 0.02721700 -0.06342000
v -0.05877700 0.02721700 -0.06342000
v -0.05877700 0.02721700 -0.06342000
v -0.05723300 0.02721700 -0.06439600
v -0.05723300 0.02721700 -0.06439600
v -0.05544100 0.02721700 -0.06475300
v -0.05544100 0.02721700 -0.06475300
v -0.05364200 0.02721700 -0.06444200
v -0.05364200 0.02721700 -0.06444200
v -0.05207400 0.02721700 -0.06350600
v -0.05207400 0.02721700 -0.06350600
v -0.05207400 0.02721700 -0.06350600
v -0.04830300 0.02721700 -0.05987000
v -0.04830300 0.02721700 -0.05987000
v -0.04487600 0.02721700 -0.05591000
v -0.04487600 0.02721700 -0.05591000
v -0.04182000 0.02721700 -0.05165600
v -0.04182000 0.02721700 -0.05165600
v -0.03916000 0.02721700 -0.04714400
v -0.03916000 0.02721700 -0.04714400
v -0.03916000 0.02721700 -0.04714400
v -0.03864600 0.02721700 -0.04562700
v -0.03864600 0.02721700 -0.04562700
v -0.03863800 0.02721700 -0.04402600
v -0.03863800 0.02721700 -0.04402600
v -0.03913700 0.02721700 -0.04250400
v -0.03913700 0.02721700 -0.04250400
v -0.04009200 0.02721700 -0.04121800
v -0.04009200 0.02721700 -0.04121800
v -0.04009200 0.02721700 -0.04121800
v -0.04052400 0.02721700 -0.04079300
v -0.04052400 0.02721700 -0.04079300
v -0.04095200 0.02721700 -0.04036300
v -0.04095200 0.02721700 -0.04036300
v -0.04137600 0.02721700 -0.03992900
v -0.04137600 0.02721700 -0.03992900
v -0.04137600 0.02721700 -0.03992900
v -0.04239800 0.02721700 -0.03923600
v -0.04239800 0.02721700 -0.03923600
v -0.04361200 0.02721700 -0.03901300
v -0.04361200 0.02721700 -0.03901300
v -0.04481400 0.02721700 -0.03929800
v -0.04481400 0.02721700 -0.03929800
v -0.04579800 0.02721700 -0.04004300
v -0.04579800 0.02721700 -0.04004300
v -0.04579800 0.02721700 -0.04004300
v -0.04960300 0.02721700 -0.04404400
v -0.04960300 0.02721700 -0.04404400
v -0.05374800 0.02721700 -0.04769000
v -0.05374800 0.02721700 -0.04769000
v -0.05820200 0.02721700 -0.05095300
v -0.05820200 0.02721700 -0.05095300
v -0.06292800 0.02721700 -0.05380700
v -0.06292800 0.02721700 -0.05380700
v -0.06292800 0.02721700 -0.05380700
v -0.06393700 0.02721700 -0.05470200
v -0.06393700 0.02721700 -0.05470200
v -0.06445200 0.02721700 -0.05595000
v -0.06445200 0.02721700 -0.05595000
v -0.06436800 0.02721700 -0.05729600
v -0.06436800 0.02721700 -0.05729600
v -0.07511700 0.02721700 -0.04282900
v -0.07511700 0.02721700 -0.04282900
v -0.07511700 0.02721700 -0.04282900
v -0.07393600 0.02721700 -0.04483600
v -0.07393600 0.02721700 -0.04483600
v -0.07270200 0.02721700 -0.04681100
v -0.07270200 0.02721700 -0.04681100
v -0.07141500 0.02721700 -0.04875100
v -0.07141500 0.02721700 -0.04875100
v -0.07141500 0.02721700 -0.04875100
v -0.07012700 0.02721700 -0.05004600
v -0.07012700 0.02721700 -0.05004600
v -0.06846000 0.02721700 -0.05079200
v -0.06846000 0.02721700 -0.05079200
v -0.06663600 0.02721700 -0.05089000
v -0.06663600 0.02721700 -0.05089000
v -0.06489900 0.02721700 -0.05032600
v -0.06489900 0.02721700 -0.05032600
v -0.06489900 0.02721700 -0.05032600
v -0.06041400 0.02721700 -0.04762100
v -0.06041400 0.02721700 -0.04762100
v -0.05619200 0.02721700 -0.04452200
v -0.05619200 0.02721700 -0.04452200
v -0.05226600 0.02721700 -0.04105500
v -0.05226600 0.02721700 -0.04105500
v -0.04866900 0.02721700 -0.03724800
v -0.04866900 0.02721700 -0.03724800
v -0.04866900 0.02721700 -0.03724800
v -0.04783000 0.02721700 -0.03588400
v -0.04783000 0.02721700 -0.03588400
v -0.04746600 0.02721700 -0.03432400
v -0.04746600 0.02721700 -0.03432400
v -0.04761400 0.02721700 -0.03273000
v -0.04761400 0.02721700 -0.03273000
v -0.04825800 0.02721700 -0.03126300
v -0.04825800 0.02721700 -0.03126300
v -0.04825800 0.02721700 -0.03126300
v -0.04858500 0.02721700 -0.03075300
v -0.04858500 0.02721700 -0.03075300
v -0.04890700 0.02721700 -0.03023800
v -0.04890700 0.02721700 -0.03023800
v -0.04922300 0.02721700 -0.02972100
v -0.04922300 0.02721700 -0.02972100
v -0.04922300 0.02721700 -0.02972100
v -0.05006500 0.02721700 -0.02881800
v -0.05006500 0.02721700 -0.02881800
v -0.05120000 0.02721700 -0.02833000
v -0.05120000 0.02721700 -0.02833000
v -0.05243500 0.02721700 -0.02834100
v -0.05243500 0.02721700 -0.02834100
v -0.05356000 0.02721700 -0.02884800
v -0.05356000 0.02721700 -0.02884800
v -0.05356000 0.02721700 -0.02884800
v -0.05816000 0.02721700 -0.03190200
v -0.05816000 0.02721700 -0.03190200
v -0.06301300 0.02721700 -0.03453400
v -0.06301300 0.02721700 -0.03453400
v -0.06808100 0.02721700 -0.03672500
v -0.06808100 0.02721700 -0.03672500
v -0.07332300 0.02721700 -0.03845500
v -0.07332300 0.02721700 -0.03845500
v -0.07332300 0.02721700 -0.03845500
v -0.07450700 0.02721700 -0.03910400
v -0.07450700 0.02721700 -0.03910400
v -0.07528600 0.02721700 -0.04020500
v -0.07528600 0.02721700 -0.04020500
v -0.07550400 0.02721700 -0.04153700
v -0.07550400 0.02721700 -0.04153700
v -0.08276400 0.02721700 -0.02504000
v -0.08276400 0.02721700 -0.02504000
v -0.08276400 0.02721700 -0.02504000
v -0.08205900 0.02721700 -0.02726000
v -0.08205900 0.02721700 -0.02726000
v -0.08129600 0.02721700 -0.02945900
v -0.08129600 0.02721700 -0.02945900
v -0.08047300 0.02721700 -0.03163800
v -0.08047300 0.02721700 -0.03163800
v -0.08047300 0.02721700 -0.03163800
v -0.07950600 0.02721700 -0.03318700
v -0.07950600 0.02721700 -0.03318700
v -0.07804600 0.02721700 -0.03428500
v -0.07804600 0.02721700 -0.03428500
v -0.07629000 0.02721700 -0.03478600
v -0.07629000 0.02721700 -0.03478600
v -0.07447100 0.02721700 -0.03462300
v -0.07447100 0.02721700 -0.03462300
v -0.07447100 0.02721700 -0.03462300
v -0.06949600 0.02721700 -0.03298300
v -0.06949600 0.02721700 -0.03298300
v -0.06469000 0.02721700 -0.03090200
v -0.06469000 0.02721700 -0.03090200
v -0.06009100 0.02721700 -0.02839600
v -0.06009100 0.02721700 -0.02839600
v -0.05573700 0.02721700 -0.02548400
v -0.05573700 0.02721700 -0.02548400
v -0.05573700 0.02721700 -0.02548400
v -0.05461600 0.02721700 -0.02434100
v -0.05461600 0.02721700 -0.02434100
v -0.05391400 0.02721700 -0.02290100
v -0.05391400 0.02721700 -0.02290100
v -0.05370300 0.02721700 -0.02131400
v -0.05370300 0.02721700 -0.02131400
v -0.05400500 0.02721700 -0.01974100
v -0.05400500 0.02721700 -0.01974100
v -0.05400500 0.02721700 -0.01974100
v -0.05421000 0.02721700 -0.01917000
v -0.05421000 0.02721700 -0.01917000
v -0.05440900 0.02721700 -0.01859700
v -0.05440900 0.02721700 -0.01859700
v -0.05460300 0.02721700 -0.01802200
v -0.05460300 0.02721700 -0.01802200
v -0.05460300 0.02721700 -0.01802200
v -0.05522300 0.02721700 -0.01695400
v -0.05522300 0.02721700 -0.01695400
v -0.05622000 0.02721700 -0.01622700
v -0.05622000 0.02721700 -0.01622700
v -0.05742600 0.02721700 -0.01596300
v -0.05742600 0.02721700 -0.01596300
v -0.05863700 0.02721700 -0.01620700
v -0.05863700 0.02721700 -0.01620700
v -0.05863700 0.02721700 -0.01620700
v -0.06380100 0.02721700 -0.01816000
v -0.06380100 0.02721700 -0.01816000
v -0.06911800 0.02721700 -0.01964700
v -0.06911800 0.02721700 -0.01964700
v -0.07454600 0.02721700 -0.02065400
v -0.07454600 0.02721700 -0.02065400
v -0.08004200 0.02721700 -0.02117500
v -0.08004200 0.02721700 -0.02117500
v -0.08004200 0.02721700 -0.02117500
v -0.08134000 0.02721700 -0.02154400
v -0.08134000 0.02721700 -0.02154400
v -0.08234500 0.02721700 -0.02244400
v -0.08234500 0.02721700 -0.02244400
v -0.08285400 0.02721700 -0.02369400
v -0.08285400 0.02721700 -0.02369400
v -0.08626100 0.02721700 -0.00599600
v -0.08626100 0.02721700 -0.00599600
v -0.08626100 0.02721700 -0.00599600
v -0.08606800 0.02721700 -0.00831600
v -0.08606800 0.02721700 -0.00831600
v -0.08581300 0.02721700 -0.01063100
v -0.08581300 0.02721700 -0.01063100
v -0.08549500 0.02721700 -0.01293700
v -0.08549500 0.02721700 -0.01293700
v -0.08549500 0.02721700 -0.01293700
v -0.08489700 0.02721700 -0.01466300
v -0.08489700 0.02721700 -0.01466300
v -0.08371900 0.02721700 -0.01605900
v -0.08371900 0.02721700 -0.01605900
v -0.08211800 0.02721700 -0.01693800
v -0.08211800 0.02721700 -0.01693800
v -0.08030800 0.02721700 -0.01718300
v -0.08030800 0.02721700 -0.01718300
v -0.08030800 0.02721700 -0.01718300
v -0.07509300 0.02721700 -0.01669200
v -0.07509300 0.02721700 -0.01669200
v -0.06994500 0.02721700 -0.01573200
v -0.06994500 0.02721700 -0.01573200
v -0.06490300 0.02721700 -0.01431200
v -0.06490300 0.02721700 -0.01431200
v -0.06001100 0.02721700 -0.01244300
v -0.06001100 0.02721700 -0.01244300
v -0.06001100 0.02721700 -0.01244300
v -0.05866300 0.02721700 -0.01157700
v -0.05866300 0.02721700 -0.01157700
v -0.05765800 0.02721700 -0.01033000
v -0.05765800 0.02721700 -0.01033000
v -0.05709900 0.02721700 -0.00882900
v -0.05709900 0.02721700 -0.00882900
v -0.05704400 0.02721700 -0.00722900
v -0.05704400 0.02721700 -0.00722900
v -0.05704400 0.02721700 -0.00722900
v -0.05711700 0.02721700 -0.00662700
v -0.05711700 0.02721700 -0.00662700
v -0.05718400 0.02721700 -0.00602400
v -0.05718400 0.02721700 -0.00602400
v -0.05724400 0.02721700 -0.00542000
v -0.05724400 0.02721700 -0.00542000
v -0.05724400 0.02721700 -0.00542000
v -0.05761100 0.02721700 -0.00424100
v -0.05761100 0.02721700 -0.00424100
v -0.05842200 0.02721700 -0.00331000
v -0.05842200 0.02721700 -0.00331000
v -0.05953900 0.02721700 -0.00278400
v -0.05953900 0.02721700 -0.00278400
v -0.06077300 0.02721700 -0.00275200
v -0.06077300 0.02721700 -0.00275200
v -0.06077300 0.02721700 -0.00275200
v -0.06624200 0.02721700 -0.00350800
v -0.06624200 0.02721700 -0.00350800
v -0.07175600 0.02721700 -0.00377400
v -0.07175600 0.02721700 -0.00377400
v -0.07727300 0.02721700 -0.00354900
v -0.07727300 0.02721700 -0.00354900
v -0.08274700 0.02721700 -0.00283300
v -0.08274700 0.02721700 -0.00283300
v -0.08274700 0.02721700 -0.00283300
v -0.08409500 0.02721700 -0.00290400
v -0.08409500 0.02721700 -0.00290400
v -0.08527500 0.02721700 -0.00355800
v -0.08527500 0.02721700 -0.00355800
v -0.08604900 0.02721700 -0.00466300
v -0.08604900 0.02721700 -0.00466300
v -0.08543200 0.02721700 0.01334900
v -0.08543200 0.02721700 0.01334900
v -0.08543200 0.02721700 0.01334900
v -0.08576100 0.02721700 0.01104400
v -0.08576100 0.02721700 0.01104400
v -0.08602700 0.02721700 0.00873100
v -0.08602700 0.02721700 0.00873100
v -0.08623100 0.02721700 0.00641100
v -0.08623100 0.02721700 0.00641100
v -0.08623100 0.02721700 0.00641100
v -0.08603100 0.02721700 0.00459600
v -0.08603100 0.02721700 0.00459600
v -0.08519300 0.02721700 0.00297300
v -0.08519300 0.02721700 0.00297300
v -0.08382800 0.02721700 0.00176000
v -0.08382800 0.02721700 0.00176000
v -0.08211800 0.02721700 0.00111800
v -0.08211800 0.02721700 0.00111800
v -0.08211800 0.02721700 0.00111800
v -0.07692500 0.02721700 0.00043600
v -0.07692500 0.02721700 0.00043600
v -0.07169200 0.02721700 0.00022600
v -0.07169200 0.02721700 0.00022600
v -0.06646100 0.02721700 0.00048900
v -0.06646100 0.02721700 0.00048900
v -0.06127500 0.02721700 0.00122300
v -0.06127500 0.02721700 0.00122300
v -0.06127500 0.02721700 0.00122300
v -0.05976800 0.02721700 0.00176700
v -0.05976800 0.02721700 0.00176700
v -0.05851100 0.02721700 0.00275900
v -0.05851100 0.02721700 0.00275900
v -0.05763300 0.02721700 0.00409800
v -0.05763300 0.02721700 0.00409800
v -0.05722200 0.02721700 0.00564600
v -0.05722200 0.02721700 0.00564600
v -0.05722200 0.02721700 0.00564600
v -0.05715900 0.02721700 0.00624900
v -0.05715900 0.02721700 0.00624900
v -0.05709000 0.02721700 0.00685200
v -0.05709000 0.02721700 0.00685200
v -0.05701500 0.02721700 0.00745400
v -0.05701500 0.02721700 0.00745400
v -0.05701500 0.02721700 0.00745400
v -0.05711000 0.02721700 0.00868500
v -0.05711000 0.02721700 0.00868500
v -0.05769300 0.02721700 0.00977300
v -0.05769300 0.02721700 0.00977300
v -0.05866500 0.02721700 0.01053500
v -0.05866500 0.02721700 0.01053500
v -0.05986200 0.02721700 0.01084000
v -0.05986200 0.02721700 0.01084000
v -0.05986200 0.02721700 0.01084000
v -0.06536200 0.02721700 0.01132000
v -0.06536200 0.02721700 0.01132000
v -0.07079700 0.02721700 0.01228800
v -0.07079700 0.02721700 0.01228800
v -0.07612500 0.02721700 0.01373500
v -0.07612500 0.02721700 0.01373500
v -0.08130300 0.02721700 0.01565100
v -0.08130300 0.02721700 0.01565100
v -0.08130300 0.02721700 0.01565100
v -0.08263200 0.02721700 0.01588200
v -0.08263200 0.02721700 0.01588200
v -0.08392900 0.02721700 0.01550700
v -0.08392900 0.02721700 0.01550700
v -0.08492900 0.02721700 0.01460200
v -0.08492900 0.02721700 0.01460200
v -0.08032000 0.02721700 0.03202500
v -0.08032000 0.02721700 0.03202500
v -0.08032000 0.02721700 0.03202500
v -0.08115300 0.02721700 0.02985100
v -0.08115300 0.02721700 0.02985100
v -0.08192700 0.02721700 0.02765500
v -0.08192700 0.02721700 0.02765500
v -0.08264200 0.02721700 0.02543900
v -0.08264200 0.02721700 0.02543900
v -0.08264200 0.02721700 0.02543900
v -0.08285200 0.02721700 0.02362400
v -0.08285200 0.02721700 0.02362400
v -0.08239500 0.02721700 0.02185600
v -0.08239500 0.02721700 0.02185600
v -0.08133500 0.02721700 0.02036900
v -0.08133500 0.02721700 0.02036900
v -0.07981100 0.02721700 0.01936300
v -0.07981100 0.02721700 0.01936300
v -0.07981100 0.02721700 0.01936300
v -0.07489900 0.02721700 0.01754300
v -0.07489900 0.02721700 0.01754300
v -0.06984400 0.02721700 0.01617300
v -0.06984400 0.02721700 0.01617300
v -0.06468600 0.02721700 0.01526600
v -0.06468600 0.02721700 0.01526600
v -0.05946600 0.02721700 0.01482700
v -0.05946600 0.02721700 0.01482700
v -0.05946600 0.02721700 0.01482700
v -0.05787700 0.02721700 0.01502200
v -0.05787700 0.02721700 0.01502200
v -0.05643000 0.02721700 0.01571000
v -0.05643000 0.02721700 0.01571000
v -0.05527600 0.02721700 0.01682000
v -0.05527600 0.02721700 0.01682000
v -0.05453100 0.02721700 0.01823700
v -0.05453100 0.02721700 0.01823700
v -0.05453100 0.02721700 0.01823700
v -0.05433600 0.02721700 0.01881200
v -0.05433600 0.02721700 0.01881200
v -0.05413400 0.02721700 0.01938400
v -0.05413400 0.02721700 0.01938400
v -0.05392700 0.02721700 0.01995400
v -0.05392700 0.02721700 0.01995400
v -0.05392700 0.02721700 0.01995400
v -0.05374600 0.02721700 0.02117500
v -0.05374600 0.02721700 0.02117500
v -0.05407200 0.02721700 0.02236600
v -0.05407200 0.02721700 0.02236600
v -0.05485000 0.02721700 0.02332500
v -0.05485000 0.02721700 0.02332500
v -0.05594900 0.02721700 0.02388900
v -0.05594900 0.02721700 0.02388900
v -0.05594900 0.02721700 0.02388900
v -0.06120400 0.02721700 0.02558100
v -0.06120400 0.02721700 0.02558100
v -0.06628800 0.02721700 0.02773400
v -0.06628800 0.02721700 0.02773400
v -0.07116000 0.02721700 0.03033000
v -0.07116000 0.02721700 0.03033000
v -0.07578200 0.02721700 0.03335000
v -0.07578200 0.02721700 0.03335000
v -0.07578200 0.02721700 0.03335000
v -0.07702700 0.02721700 0.03387100
v -0.07702700 0.02721700 0.03387100
v -0.07837400 0.02721700 0.03379400
v -0.07837400 0.02721700 0.03379400
v -0.07955100 0.02721700 0.03313400
v -0.07955100 0.02721700 0.03313400
v -0.07118000 0.02721700 0.04909500
v -0.07118000 0.02721700 0.04909500
v -0.07118000 0.02721700 0.04909500
v -0.07247600 0.02721700 0.04716100
v -0.07247600 0.02721700 0.04716100
v -0.07371900 0.02721700 0.04519200
v -0.07371900 0.02721700 0.04519200
v -0.07490900 0.02721700 0.04319100
v -0.07490900 0.02721700 0.04319100
v -0.07490900 0.02721700 0.04319100
v -0.07551700 0.02721700 0.04146800
v -0.07551700 0.02721700 0.04146800
v -0.07546600 0.02721700 0.03964300
v -0.07546600 0.02721700 0.03964300
v -0.07476300 0.02721700 0.03795700
v -0.07476300 0.02721700 0.03795700
v -0.07350100 0.02721700 0.03663700
v -0.07350100 0.02721700 0.03663700
v -0.07350100 0.02721700 0.03663700
v -0.06911800 0.02721700 0.03377000
v -0.06911800 0.02721700 0.03377000
v -0.06449400 0.02721700 0.03131000
v -0.06449400 0.02721700 0.03131000
v -0.05966700 0.02721700 0.02927700
v -0.05966700 0.02721700 0.02927700
v -0.05467600 0.02721700 0.02768800
v -0.05467600 0.02721700 0.02768800
v -0.05467600 0.02721700 0.02768800
v -0.05308300 0.02721700 0.02752400
v -0.05308300 0.02721700 0.02752400
v -0.05152000 0.02721700 0.02787300
v -0.05152000 0.02721700 0.02787300
v -0.05014700 0.02721700 0.02869800
v -0.05014700 0.02721700 0.02869800
v -0.04910600 0.02721700 0.02991500
v -0.04910600 0.02721700 0.02991500
v -0.04910600 0.02721700 0.02991500
v -0.04878700 0.02721700 0.03043100
v -0.04878700 0.02721700 0.03043100
v -0.04846400 0.02721700 0.03094400
v -0.04846400 0.02721700 0.03094400
v -0.04813500 0.02721700 0.03145300
v -0.04813500 0.02721700 0.03145300
v -0.04813500 0.02721700 0.03145300
v -0.04768600 0.02721700 0.03260400
v -0.04768600 0.02721700 0.03260400
v -0.04773900 0.02721700 0.03383700
v -0.04773900 0.02721700 0.03383700
v -0.04828500 0.02721700 0.03494500
v -0.04828500 0.02721700 0.03494500
v -0.04923000 0.02721700 0.03573900
v -0.04923000 0.02721700 0.03573900
v -0.04923000 0.02721700 0.03573900
v -0.05397700 0.02721700 0.03855900
v -0.05397700 0.02721700 0.03855900
v -0.05845500 0.02721700 0.04178900
v -0.05845500 0.02721700 0.04178900
v -0.06262700 0.02721700 0.04540400
v -0.06262700 0.02721700 0.04540400
v -0.06646100 0.02721700 0.04937700
v -0.06646100 0.02721700 0.04937700
v -0.06646100 0.02721700 0.04937700
v -0.06755800 0.02721700 0.05016200
v -0.06755800 0.02721700 0.05016200
v -0.06888900 0.02721700 0.05038600
v -0.06888900 0.02721700 0.05038600
v -0.07018300 0.02721700 0.05000500
v -0.07018300 0.02721700 0.05000500
v -0.05847000 0.02721700 0.06370300
v -0.05847000 0.02721700 0.06370300
v -0.05847000 0.02721700 0.06370300
v -0.06016400 0.02721700 0.06210600
v -0.06016400 0.02721700 0.06210600
v -0.06181500 0.02721700 0.06046300
v -0.06181500 0.02721700 0.06046300
v -0.06342000 0.02721700 0.05877700
v -0.06342000 0.02721700 0.05877700
v -0.06342000 0.02721700 0.05877700
v -0.06439600 0.02721700 0.05723300
v -0.06439600 0.02721700 0.05723300
v -0.06475300 0.02721700 0.05544100
v -0.06475300 0.02721700 0.05544100
v -0.06444200 0.02721700 0.05364200
v -0.06444200 0.02721700 0.05364200
v -0.06350600 0.02721700 0.05207400
v -0.06350600 0.02721700 0.05207400
v -0.06350600 0.02721700 0.05207400
v -0.05987000 0.02721700 0.04830300
v -0.05987000 0.02721700 0.04830300
v -0.05591000 0.02721700 0.04487600
v -0.05591000 0.02721700 0.04487600
v -0.05165600 0.02721700 0.04182000
v -0.05165600 0.02721700 0.04182000
v -0.04714400 0.02721700 0.03916000
v -0.04714400 0.02721700 0.03916000
v -0.04714400 0.02721700 0.03916000
v -0.04562700 0.02721700 0.03864600
v -0.04562700 0.02721700 0.03864600
v -0.04402600 0.02721700 0.03863800
v -0.04402600 0.02721700 0.03863800
v -0.04250400 0.02721700 0.03913700
v -0.04250400 0.02721700 0.03913700
v -0.04121800 0.02721700 0.04009200
v -0.04121800 0.02721700 0.04009200
v -0.04121800 0.02721700 0.04009200
v -0.04079300 0.02721700 0.04052400
v -0.04079300 0.02721700 0.04052400
v -0.04036300 0.02721700 0.04095200
v -0.04036300 0.02721700 0.04095200
v -0.03992900 0.02721700 0.04137600
v -0.03992900 0.02721700 0.04137600
v -0.03992900 0.02721700 0.04137600
v -0.03923600 0.02721700 0.04239800
v -0.03923600 0.02721700 0.04239800
v -0.03901300 0.02721700 0.04361200
v -0.03901300 0.02721700 0.04361200
v -0.03929800 0.02721700 0.04481400
v -0.03929800 0.02721700 0.04481400
v -0.04004300 0.02721700 0.04579800
v -0.04004300 0.02721700 0.04579800
v -0.04004300 0.02721700 0.04579800
v -0.04404400 0.02721700 0.04960300
v -0.04404400 0.02721700 0.04960300
v -0.04769000 0.02721700 0.05374800
v -0.04769000 0.02721700 0.05374800
v -0.05095300 0.02721700 0.05820200
v -0.05095300 0.02721700 0.05820200
v -0.05380700 0.02721700 0.06292800
v -0.05380700 0.02721700 0.06292800
v -0.05380700 0.02721700 0.06292800
v -0.05470200 0.02721700 0.06393700
v -0.05470200 0.02721700 0.06393700
v -0.05595000 0.02721700 0.06445200
v -0.05595000 0.02721700 0.06445200
v -0.05729600 0.02721700 0.06436800
v -0.05729600 0.02721700 0.06436800
v -0.04282900 0.02721700 0.07511700
v -0.04282900 0.02721700 0.07511700
v -0.04282900 0.02721700 0.07511700
v -0.04483600 0.02721700 0.07393600
v -0.04483600 0.02721700 0.07393600
v -0.04681100 0.02721700 0.07270200
v -0.04681100 0.02721700 0.07270200
v -0.04875100 0.02721700 0.07141500
v -0.04875100 0.02721700 0.07141500
v -0.04875100 0.02721700 0.07141500
v -0.05004600 0.02721700 0.07012700
v -0.05004600 0.02721700 0.07012700
v -0.05079200 0.02721700 0.06846000
v -0.05079200 0.02721700 0.06846000
v -0.05089000 0.02721700 0.06663600
v -0.05089000 0.02721700 0.06663600
v -0.05032600 0.02721700 0.06489900
v -0.05032600 0.02721700 0.06489900
v -0.05032600 0.02721700 0.06489900
v -0.04762100 0.02721700 0.06041400
v -0.04762100 0.02721700 0.06041400
v -0.04452200 0.02721700 0.05619200
v -0.04452200 0.02721700 0.05619200
v -0.04105500 0.02721700 0.05226600
v -0.04105500 0.02721700 0.05226600
v -0.03724800 0.02721700 0.04866900
v -0.03724800 0.02721700 0.04866900
v -0.03724800 0.02721700 0.04866900
v -0.03588400 0.02721700 0.04783000
v -0.03588400 0.02721700 0.04783000
v -0.03432400 0.02721700 0.04746600
v -0.03432400 0.02721700 0.04746600
v -0.03273000 0.02721700 0.04761400
v -0.03273000 0.02721700 0.04761400
v -0.03126300 0.02721700 0.04825800
v -0.03126300 0.02721700 0.04825800
v -0.03126300 0.02721700 0.04825800
v -0.03075300 0.02721700 0.04858500
v -0.03075300 0.02721700 0.04858500
v -0.03023800 0.02721700 0.04890700
v -0.03023800 0.02721700 0.04890700
v -0.02972100 0.02721700 0.04922300
v -0.02972100 0.02721700 0.04922300
v -0.02972100 0.02721700 0.04922300
v -0.02881800 0.02721700 0.05006500
v -0.02881800 0.02721700 0.05006500
v -0.02833000 0.02721700 0.05120000
v -0.02833000 0.02721700 0.05120000
v -0.02834100 0.02721700 0.05243500
v -0.02834100 0.02721700 0.05243500
v -0.02884800 0.02721700 0.05356000
v -0.02884800 0.02721700 0.05356000
v -0.02884800 0.02721700 0.05356000
v -0.03190200 0.02721700 0.05816000
v -0.03190200 0.02721700 0.05816000
v -0.03453400 0.02721700 0.06301300
v -0.03453400 0.02721700 0.06301300
v -0.03672500 0.02721700 0.06808100
v -0.03672500 0.02721700 0.06808100
v -0.03845500 0.02721700 0.07332300
v -0.03845500 0.02721700 0.07332300
v -0.03845500 0.02721700 0.07332300
v -0.03910400 0.02721700 0.07450700
v -0.03910400 0.02721700 0.07450700
v -0.04020500 0.02721700 0.07528600
v -0.04020500 0.02721700 0.07528600
v -0.04153700 0.02721700 0.07550400
v -0.04153700 0.02721700 0.07550400
v -0.02504000 0.02721700 0.08276400
v -0.02504000 0.02721700 0.08276400
v -0.02504000 0.02721700 0.08276400
v -0.02726000 0.02721700 0.08205900
v -0.02726000 0.02721700 0.08205900
v -0.02945900 0.02721700 0.08129600
v -0.02945900 0.02721700 0.08129600
v -0.03163800 0.02721700 0.08047300
v -0.03163800 0.02721700 0.08047300
v -0.03163800 0.02721700 0.08047300
v -0.03318700 0.02721700 0.07950600
v -0.03318700 0.02721700 0.07950600
v -0.03428500 0.02721700 0.07804600
v -0.03428500 0.02721700 0.07804600
v -0.03478600 0.02721700 0.07629000
v -0.03478600 0.02721700 0.07629000
v -0.03462300 0.02721700 0.07447100
v -0.03462300 0.02721700 0.07447100
v -0.03462300 0.02721700 0.07447100
v -0.03298300 0.02721700 0.06949600
v -0.03298300 0.02721700 0.06949600
v -0.03090200 0.02721700 0.06469000
v -0.03090200 0.02721700 0.06469000
v -0.02839600 0.02721700 0.06009100
v -0.02839600 0.02721700 0.06009100
v -0.02548400 0.02721700 0.05573700
v -0.02548400 0.02721700 0.05573700
v -0.02548400 0.02721700 0.05573700
v -0.02434100 0.02721700 0.05461600
v -0.02434100 0.02721700 0.05461600
v -0.02290100 0.02721700 0.05391400
v -0.02290100 0.02721700 0.05391400
v -0.02131400 0.02721700 0.05370300
v -0.02131400 0.02721700 0.05370300
v -0.01974100 0.02721700 0.05400500
v -0.01974100 0.02721700 0.05400500
v -0.01974100 0.02721700 0.05400500
v -0.01917000 0.02721700 0.05421000
v -0.01917000 0.02721700 0.05421000
v -0.01859700 0.02721700 0.05440900
v -0.01859700 0.02721700 0.05440900
v -0.01802200 0.02721700 0.05460300
v -0.01802200 0.02721700 0.05460300
v -0.01802200 0.02721700 0.05460300
v -0.01695400 0.02721700 0.05522300
v -0.01695400 0.02721700 0.05522300
v -0.01622700 0.02721700 0.05622000
v -0.01622700 0.02721700 0.05622000
v -0.01596300 0.02721700 0.05742600
v -0.01596300 0.02721700 0.05742600
v -0.01620700 0.02721700 0.05863700
v -0.01620700 0.02721700 0.05863700
v -0.01620700 0.02721700 0.05863700
v -0.01816000 0.02721700 0.06380100
v -0.01816000 0.02721700 0.06380100
v -0.01964700 0.02721700 0.06911800
v -0.01964700 0.02721700 0.06911800
v -0.02065400 0.02721700 0.07454600
v -0.02065400 0.02721700 0.07454600
v -0.02117500 0.02721700 0.08004200
v -0.02117500 0.02721700 0.08004200
v -0.02117500 0.02721700 0.08004200
v -0.02154400 0.02721700 0.08134000
v -0.02154400 0.02721700 0.08134000
v -0.02244400 0.02721700 0.08234500
v -0.02244400 0.02721700 0.08234500
v -0.02369400 0.02721700 0.08285400
v -0.02369400 0.02721700 0.08285400
v -0.00599600 0.02721700 0.08626100
v -0.00599600 0.02721700 0.08626100
v -0.00599600 0.02721700 0.08626100
v -0.00831600 0.02721700 0.08606800
v -0.00831600 0.02721700 0.08606800
v -0.01063100 0.02721700 0.08581300
v -0.01063100 0.02721700 0.08581300
v -0.01293700 0.02721700 0.08549500
v -0.01293700 0.02721700 0.08549500
v -0.01293700 0.02721700 0.08549500
v -0.01466300 0.02721700 0.08489700
v -0.01466300 0.02721700 0.08489700
v -0.01605900 0.02721700 0.08371900
v -0.01605900 0.02721700 0.08371900
v -0.01693800 0.02721700 0.08211800
v -0.01693800 0.02721700 0.08211800
v -0.01718300 0.02721700 0.08030800
v -0.01718300 0.02721700 0.08030800
v -0.01718300 0.02721700 0.08030800
v -0.01669200 0.02721700 0.07509300
v -0.01669200 0.02721700 0.07509300
v -0.01573200 0.02721700 0.06994500
v -0.01573200 0.02721700 0.06994500
v -0.01431200 0.02721700 0.06490300
v -0.01431200 0.02721700 0.06490300
v -0.01244300 0.02721700 0.06001100
v -0.01244300 0.02721700 0.06001100
v -0.01244300 0.02721700 0.06001100
v -0.01157700 0.02721700 0.05866300
v -0.01157700 0.02721700 0.05866300
v -0.01033000 0.02721700 0.05765800
v -0.01033000 0.02721700 0.05765800
v -0.00882900 0.02721700 0.05709900
v -0.00882900 0.02721700 0.05709900
v -0.00722900 0.02721700 0.05704400
v -0.00722900 0.02721700 0.05704400
v -0.00722900 0.02721700 0.05704400
v -0.00662700 0.02721700 0.05711700
v -0.00662700 0.02721700 0.05711700
v -0.00602400 0.02721700 0.05718400
v -0.00602400 0.02721700 0.05718400
v -0.00542000 0.02721700 0.05724400
v -0.00542000 0.02721700 0.05724400
v -0.00542000 0.02721700 0.05724400
v -0.00424100 0.02721700 0.05761100
v -0.00424100 0.02721700 0.05761100
v -0.00331000 0.02721700 0.05842200
v -0.00331000 0.02721700 0.05842200
v -0.00278400 0.02721700 0.05953900
v -0.00278400 0.02721700 0.05953900
v -0.00275200 0.02721700 0.06077300
v -0.00275200 0.02721700 0.06077300
v -0.00275200 0.02721700 0.06077300
v -0.00350800 0.02721700 0.06624200
v -0.00350800 0.02721700 0.06624200
v -0.00377400 0.02721700 0.07175600
v -0.00377400 0.02721700 0.07175600
v -0.00354900 0.02721700 0.07727300
v -0.00354900 0.02721700 0.07727300
v -0.00283300 0.02721700 0.08274700
v -0.00283300 0.02721700 0.08274700
v -0.00283300 0.02721700 0.08274700
v -0.00290400 0.02721700 0.08409500
v -0.00290400 0.02721700 0.08409500
v -0.00355800 0.02721700 0.08527500
v -0.00355800 0.02721700 0.08527500
v -0.00466300 0.02721700 0.08604900
v -0.00466300 0.02721700 0.08604900
v 0.01334900 0.02721700 0.08543200
v 0.01334900 0.02721700 0.08543200
v 0.01334900 0.02721700 0.08543200
v 0.01104400 0.02721700 0.08576100
v 0.01104400 0.02721700 0.08576100
v 0.00873100 0.02721700 0.08602700
v 0.00873100 0.02721700 0.08602700
v 0.00641100 0.02721700 0.08623100
v 0.00641100 0.02721700 0.08623100
v 0.00641100 0.02721700 0.08623100
v 0.00459600 0.02721700 0.08603100
v 0.00459600 0.02721700 0.08603100
v 0.00297300 0.02721700 0.08519300
v 0.00297300 0.02721700 0.08519300
v 0.00176000 0.02721700 0.08382800
v 0.00176000 0.02721700 0.08382800
v 0.00111800 0.02721700 0.08211800
v 0.00111800 0.02721700 0.08211800
v 0.00111800 0.02721700 0.08211800
v 0.00043600 0.02721700 0.07692500
v 0.00043600 0.02721700 0.07692500
v 0.00022600 0.02721700 0.07169200
v 0.00022600 0.02721700 0.07169200
v 0.00048900 0.02721700 0.06646100
v 0.00048900 0.02721700 0.06646100
v 0.00122300 0.02721700 0.06127500
v 0.00122300 0.02721700 0.06127500
v 0.00122300 0.02721700 0.06127500
v 0.00176700 0.02721700 0.05976800
v 0.00176700 0.02721700 0.05976800
v 0.00275900 0.02721700 0.05851100
v 0.00275900 0.02721700 0.05851100
v 0.00409800 0.02721700 0.05763300
v 0.00409800 0.02721700 0.05763300
v 0.00564600 0.02721700 0.05722200
v 0.00564600 0.02721700 0.05722200
v 0.00564600 0.02721700 0.05722200
v 0.00624900 0.02721700 0.05715900
v 0.00624900 0.02721700 0.05715900
v 0.00685200 0.02721700 0.05709000
v 0.00685200 0.02721700 0.05709000
v 0.00745400 0.02721700 0.05701500
v 0.00745400 0.02721700 0.05701500
v 0.00745400 0.02721700 0.05701500
v 0.00868500 0.02721700 0.05711000
v 0.00868500 0.02721700 0.05711000
v 0.00977300 0.02721700 0.05769300
v 0.00977300 0.02721700 0.05769300
v 0.01053500 0.02721700 0.05866500
v 0.01053500 0.02721700 0.05866500
v 0.01084000 0.02721700 0.05986200
v 0.01084000 0.02721700 0.05986200
v 0.01084000 0.02721700 0.05986200
v 0.01132000 0.02721700 0.06536200
v 0.01132000 0.02721700 0.06536200
v 0.01228800 0.02721700 0.07079700
v 0.01228800 0.02721700 0.07079700
v 0.01373500 0.02721700 0.07612500
v 0.01373500 0.02721700 0.07612500
v 0.01565100 0.02721700 0.08130300
v 0.01565100 0.02721700 0.08130300
v 0.01565100 0.02721700 0.08130300
v 0.01588200 0.02721700 0.08263200
v 0.01588200 0.02721700 0.08263200
v 0.01550700 0.02721700 0.08392900
v 0.01550700 0.02721700 0.08392900
v 0.01460200 0.02721700 0.08492900
v 0.01460200 0.02721700 0.08492900
v 0.03202500 0.02721700 0.08032000
v 0.03202500 0.02721700 0.08032000
v 0.03202500 0.02721700 0.08032000
v 0.02985100 0.02721700 0.08115300
v 0.02985100 0.02721700 0.08115300
v 0.02765500 0.02721700 0.08192700
v 0.02765500 0.02721700 0.08192700
v 0.02543900 0.02721700 0.08264200
v 0.02543900 0.02721700 0.08264200
v 0.02543900 0.02721700 0.08264200
v 0.02362400 0.02721700 0.08285200
v 0.02362400 0.02721700 0.08285200
v 0.02185600 0.02721700 0.08239500
v 0.02185600 0.02721700 0.08239500
v 0.02036900 0.02721700 0.08133500
v 0.02036900 0.02721700 0.08133500
v 0.01936300 0.02721700 0.07981100
v 0.01936300 0.02721700 0.07981100
v 0.01936300 0.02721700 0.07981100
v 0.01754300 0.02721700 0.07489900
v 0.01754300 0.02721700 0.07489900
v 0.01617300 0.02721700 0.06984400
v 0.01617300 0.02721700 0.06984400
v 0.01526600 0.02721700 0.06468600
v 0.01526600 0.02721700 0.06468600
v 0.01482700 0.02721700 0.05946600
v 0.01482700 0.02721700 0.05946600
v 0.01482700 0.02721700 0.05946600
v 0.01502200 0.02721700 0.05787700
v 0.01502200 0.02721700 0.05787700
v 0.01571000 0.02721700 0.05643000
v 0.01571000 0.02721700 0.05643000
v 0.01682000 0.02721700 0.05527600
v 0.01682000 0.02721700 0.05527600
v 0.01823700 0.02721700 0.05453100
v 0.01823700 0.02721700 0.05453100
v 0.01823700 0.02721700 0.05453100
v 0.01881200 0.02721700 0.05433600
v 0.01881200 0.02721700 0.05433600
v 0.01938400 0.02721700 0.05413400
v 0.01938400 0.02721700 0.05413400
v 0.01995400 0.02721700 0.05392700
v 0.01995400 0.02721700 0.05392700
v 0.01995400 0.02721700 0.05392700
v 0.02117500 0.02721700 0.05374600
v 0.02117500 0.02721700 0.05374600
v 0.02236600 0.02721700 0.05407200
v 0.02236600 0.02721700 0.05407200
v 0.02332500 0.02721700 0.05485000
v 0.02332500 0.02721700 0.05485000
v 0.02388900 0.02721700 0.05594900
v 0.02388900 0.02721700 0.05594900
v 0.02388900 0.02721700 0.05594900
v 0.02558100 0.02721700 0.06120400
v 0.02558100 0.02721700 0.06120400
v 0.02773400 0.02721700 0.06628800
v 0.02773400 0.02721700 0.06628800
v 0.03033000 0.02721700 0.07116000
v 0.03033000 0.02721700 0.07116000
v 0.03335000 0.02721700 0.07578200
v 0.03335000 0.02721700 0.07578200
v 0.03335000 0.02721700 0.07578200
v 0.03387100 0.02721700 0.07702700
v 0.03387100 0.02721700 0.07702700
v 0.03379400 0.02721700 0.07837400
v 0.03379400 0.02721700 0.07837400
v 0.03313400 0.02721700 0.07955100
v 0.03313400 0.02721700 0.07955100
v 0.04909500 0.02721700 0.07118000
v 0.04909500 0.02721700 0.07118000
v 0.04909500 0.02721700 0.07118000
v 0.04716100 0.02721700 0.07247600
v 0.04716100 0.02721700 0.07247600
v 0.04519200 0.02721700 0.07371900
v 0.04519200 0.02721700 0.07371900
v 0.04319100 0.02721700 0.07490900
v 0.04319100 0.02721700 0.07490900
v 0.04319100 0.02721700 0.07490900
v 0.04146800 0.02721700 0.07551700
v 0.04146800 0.02721700 0.07551700
v 0.03964300 0.02721700 0.07546600
v 0.03964300 0.02721700 0.07546600
v 0.03795700 0.02721700 0.07476300
v 0.03795700 0.02721700 0.07476300
v 0.03663700 0.02721700 0.07350100
v 0.03663700 0.02721700 0.07350100
v 0.03663700 0.02721700 0.07350100
v 0.03377000 0.02721700 0.06911800
v 0.03377000 0.02721700 0.06911800
v 0.03131000 0.02721700 0.06449400
v 0.03131000 0.02721700 0.06449400
v 0.02927700 0.02721700 0.05966700
v 0.02927700 0.02721700 0.05966700
v 0.02768800 0.02721700 0.05467600
v 0.02768800 0.02721700 0.05467600
v 0.02768800 0.02721700 0.05467600
v 0.02752400 0.02721700 0.05308300
v 0.02752400 0.02721700 0.05308300
v 0.02787300 0.02721700 0.05152000
v 0.02787300 0.02721700 0.05152000
v 0.02869800 0.02721700 0.05014700
v 0.02869800 0.02721700 0.05014700
v 0.02991500 0.02721700 0.04910600
v 0.02991500 0.02721700 0.04910600
v 0.02991500 0.02721700 0.04910600
v 0.03043100 0.02721700 0.04878700
v 0.03043100 0.02721700 0.04878700
v 0.03094400 0.02721700 0.04846400
v 0.03094400 0.02721700 0.04846400
v 0.03145300 0.02721700 0.04813500
v 0.03145300 0.02721700 0.04813500
v 0.03145300 0.02721700 0.04813500
v 0.03260400 0.02721700 0.04768600
v 0.03260400 0.02721700 0.04768600
v 0.03383700 0.02721700 0.04773900
v 0.03383700 0.02721700 0.04773900
v 0.03494500 0.02721700 0.04828500
v 0.03494500 0.02721700 0.04828500
v 0.03573900 0.02721700 0.04923000
v 0.03573900 0.02721700 0.04923000
v 0.03573900 0.02721700 0.04923000
v 0.03855900 0.02721700 0.05397700
v 0.03855900 0.02721700 0.05397700
v 0.04178900 0.02721700 0.05845500
v 0.04178900 0.02721700 0.05845500
v 0.04540400 0.02721700 0.06262700
v 0.04540400 0.02721700 0.06262700
v 0.04937700 0.02721700 0.06646100
v 0.04937700 0.02721700 0.06646100
v 0.04937700 0.02721700 0.06646100
v 0.05016200 0.02721700 0.06755800
v 0.05016200 0.02721700 0.06755800
v 0.05038600 0.02721700 0.06888900
v 0.05038600 0.02721700 0.06888900
v 0.05000500 0.02721700 0.07018300
v 0.05000500 0.02721700 0.07018300
v 0.06370300 0.02721700 0.05847000
v 0.06370300 0.02721700 0.05847000
v 0.06370300 0.02721700 0.05847000
v 0.06210600 0.02721700 0.06016400
v 0.06210600 0.02721700 0.06016400
v 0.06046300 0.02721700 0.06181500
v 0.06046300 0.02721700 0.06181500
v 0.05877700 0.02721700 0.06342000
v 0.05877700 0.02721700 0.06342000
v 0.05877700 0.02721700 0.06342000
v 0.05723300 0.02721700 0.06439600
v 0.05723300 0.02721700 0.06439600
v 0.05544100 0.02721700 0.06475300
v 0.05544100 0.02721700 0.06475300
v 0.05364200 0.02721700 0.06444200
v 0.05364200 0.02721700 0.06444200
v 0.05207400 0.02721700 0.06350600
v 0.05207400 0.02721700 0.06350600
v 0.05207400 0.02721700 0.06350600
v 0.04830300 0.02721700 0.05987000
v 0.04830300 0.02721700 0.05987000
v 0.04487600 0.02721700 0.05591000
v 0.04487600 0.02721700 0.05591000
v 0.04182000 0.02721700 0.05165600
v 0.04182000 0.02721700 0.05165600
v 0.03916000 0.02721700 0.04714400
v 0.03916000 0.02721700 0.04714400
v 0.03916000 0.02721700 0.04714400
v 0.03864600 0.02721700 0.04562700
v 0.03864600 0.02721700 0.04562700
v 0.03863800 0.02721700 0.04402600
v 0.03863800 0.02721700 0.04402600
v 0.03913700 0.02721700 0.04250400
v 0.03913700 0.02721700 0.04250400
v 0.04009200 0.02721700 0.04121800
v 0.04009200 0.02721700 0.04121800
v 0.04009200 0.02721700 0.04121800
v 0.04052400 0.02721700 0.04079300
v 0.04052400 0.02721700 0.04079300
v 0.04095200 0.02721700 0.04036300
v 0.04095200 0.02721700 0.04036300
v 0.04137600 0.02721700 0.03992900
v 0.04137600 0.02721700 0.03992900
v 0.04137600 0.02721700 0.03992900
v 0.04239800 0.02721700 0.03923600
v 0.04239800 0.02721700 0.03923600
v 0.04361200 0.02721700 0.03901300
v 0.04361200 0.02721700 0.03901300
v 0.04481400 0.02721700 0.03929800
v 0.04481400 0.02721700 0.03929800
v 0.04579800 0.02721700 0.04004300
v 0.04579800 0.02721700 0.04004300
v 0.04579800 0.02721700 0.04004300
v 0.04960300 0.02721700 0.04404400
v 0.04960300 0.02721700 0.04404400
v 0.05374800 0.02721700 0.04769000
v 0.05374800 0.02721700 0.04769000
v 0.05820200 0.02721700 0.05095300
v 0.05820200 0.02721700 0.05095300
v 0.06292800 0.02721700 0.05380700
v 0.06292800 0.02721700 0.05380700
v 0.06292800 0.02721700 0.05380700
v 0.06393700 0.02721700 0.05470200
v 0.06393700 0.02721700 0.05470200
v 0.06445200 0.02721700 0.05595000
v 0.06445200 0.02721700 0.05595000
v 0.06436800 0.02721700 0.05729600
v 0.06436800 0.02721700 0.05729600
v 0.07511700 0.02721700 0.04282900
v 0.07511700 0.02721700 0.04282900
v 0.07511700 0.02721700 0.04282900
v 0.07393600 0.02721700 0.04483600
v 0.07393600 0.02721700 0.04483600
v 0.07270200 0.02721700 0.04681100
v 0.07270200 0.02721700 0.04681100
v 0.07141500 0.02721700 0.04875100
v 0.07141500 0.02721700 0.04875100
v 0.07141500 0.02721700 0.04875100
v 0.07012700 0.02721700 0.05004600
v 0.07012700 0.02721700 0.05004600
v 0.06846000 0.02721700 0.05079200
v 0.06846000 0.02721700 0.05079200
v 0.06663600 0.02721700 0.05089000
v 0.06663600 0.02721700 0.05089000
v 0.06489900 0.02721700 0.05032600
v 0.06489900 0.02721700 0.05032600
v 0.06489900 0.02721700 0.05032600
v 0.06041400 0.02721700 0.04762100
v 0.06041400 0.02721700 0.04762100
v 0.05619200 0.02721700 0.04452200
v 0.05619200 0.02721700 0.04452200
v 0.05226600 0.02721700 0.04105500
v 0.05226600 0.02721700 0.04105500
v 0.04866900 0.02721700 0.03724800
v 0.04866900 0.02721700 0.03724800
v 0.04866900 0.02721700 0.03724800
v 0.04783000 0.02721700 0.03588400
v 0.04783000 0.02721700 0.03588400
v 0.04746600 0.02721700 0.03432400
v 0.04746600 0.02721700 0.03432400
v 0.04761400 0.02721700 0.03273000
v 0.04761400 0.02721700 0.03273000
v 0.04825800 0.02721700 0.03126300
v 0.04825800 0.02721700 0.03126300
v 0.04825800 0.02721700 0.03126300
v 0.04858500 0.02721700 0.03075300
v 0.04858500 0.02721700 0.03075300
v 0.04890700 0.02721700 0.03023800
v 0.04890700 0.02721700 0.03023800
v 0.04922300 0.02721700 0.02972100
v 0.04922300 0.02721700 0.02972100
v 0.04922300 0.02721700 0.02972100
v 0.05006500 0.02721700 0.02881800
v 0.05006500 0.02721700 0.02881800
v 0.05120000 0.02721700 0.02833000
v 0.05120000 0.02721700 0.02833000
v 0.05243500 0.02721700 0.02834100
v 0.05243500 0.02721700 0.02834100
v 0.05356000 0.02721700 0.02884800
v 0.05356000 0.02721700 0.02884800
v 0.05356000 0.02721700 0.02884800
v 0.05816000 0.02721700 0.03190200
v 0.05816000 0.02721700 0.03190200
v 0.06301300 0.02721700 0.03453400
v 0.06301300 0.02721700 0.03453400
v 0.06808100 0.02721700 0.03672500
v 0.06808100 0.02721700 0.03672500
v 0.07332300 0.02721700 0.03845500
v 0.07332300 0.02721700 0.03845500
v 0.07332300 0.02721700 0.03845500
v 0.07450700 0.02721700 0.03910400
v 0.07450700 0.02721700 0.03910400
v 0.07528600 0.02721700 0.04020500
v 0.07528600 0.02721700 0.04020500
v 0.07550400 0.02721700 0.04153700
v 0.07550400 0.02721700 0.04153700
v 0.08276400 0.02721700 0.02504000
v 0.08276400 0.02721700 0.02504000
v 0.08276400 0.02721700 0.02504000
v 0.08205900 0.02721700 0.02726000
v 0.08205900 0.02721700 0.02726000
v 0.08129600 0.02721700 0.02945900
v 0.08129600 0.02721700 0.02945900
v 0.08047300 0.02721700 0.03163800
v 0.08047300 0.02721700 0.03163800
v 0.08047300 0.02721700 0.03163800
v 0.07950600 0.02721700 0.03318700
v 0.07950600 0.02721700 0.03318700
v 0.07804600 0.02721700 0.03428500
v 0.07804600 0.02721700 0.03428500
v 0.07629000 0.02721700 0.03478600
v 0.07629000 0.02721700 0.03478600
v 0.07447100 0.02721700 0.03462300
v 0.07447100 0.02721700 0.03462300
v 0.07447100 0.02721700 0.03462300
v 0.06949600 0.02721700 0.03298300
v 0.06949600 0.02721700 0.03298300
v 0.06469000 0.02721700 0.03090200
v 0.06469000 0.02721700 0.03090200
v 0.06009100 0.02721700 0.02839600
v 0.06009100 0.02721700 0.02839600
v 0.05573700 0.02721700 0.02548400
v 0.05573700 0.02721700 0.02548400
v 0.05573700 0.02721700 0.02548400
v 0.05461600 0.02721700 0.02434100
v 0.05461600 0.02721700 0.02434100
v 0.05391400 0.02721700 0.02290100
v 0.05391400 0.02721700 0.02290100
v 0.05370300 0.02721700 0.02131400
v 0.05370300 0.02721700 0.02131400
v 0.05400500 0.02721700 0.01974100
v 0.05400500 0.02721700 0.01974100
v 0.05400500 0.02721700 0.01974100
v 0.05421000 0.02721700 0.01917000
v 0.05421000 0.02721700 0.01917000
v 0.05440900 0.02721700 0.01859700
v 0.05440900 0.02721700 0.01859700
v 0.05460300 0.02721700 0.01802200
v 0.05460300 0.02721700 0.01802200
v 0.05460300 0.02721700 0.01802200
v 0.05522300 0.02721700 0.01695400
v 0.05522300 0.02721700 0.01695400
v 0.05622000 0.02721700 0.01622700
v 0.05622000 0.02721700 0.01622700
v 0.05742600 0.02721700 0.01596300
v 0.05742600 0.02721700 0.01596300
v 0.05863700 0.02721700 0.01620700
v 0.05863700 0.02721700 0.01620700
v 0.05863700 0.02721700 0.01620700
v 0.06380100 0.02721700 0.01816000
v 0.06380100 0.02721700 0.01816000
v 0.06911800 0.02721700 0.01964700
v 0.06911800 0.02721700 0.01964700
v 0.07454600 0.02721700 0.02065400
v 0.07454600 0.02721700 0.02065400
v 0.08004200 0.02721700 0.02117500
v 0.08004200 0.02721700 0.02117500
v 0.08004200 0.02721700 0.02117500
v 0.08134000 0.02721700 0.02154400
v 0.08134000 0.02721700 0.02154400
v 0.08234500 0.02721700 0.02244400
v 0.08234500 0.02721700 0.02244400
v 0.08285400 0.02721700 0.02369400
v 0.08285400 0.02721700 0.02369400
v 0.08626100 0.02721700 0.00599600
v 0.08626100 0.02721700 0.00599600
v 0.08626100 0.02721700 0.00599600
v 0.08606800 0.02721700 0.00831600
v 0.08606800 0.02721700 0.00831600
v 0.08581300 0.02721700 0.01063100
v 0.08581300 0.02721700 0.01063100
v 0.08549500 0.02721700 0.01293700
v 0.08549500 0.02721700 0.01293700
v 0.08549500 0.02721700 0.01293700
v 0.08489700 0.02721700 0.01466300
v 0.08489700 0.02721700 0.01466300
v 0.08371900 0.02721700 0.01605900
v 0.08371900 0.02721700 0.01605900
v 0.08211800 0.02721700 0.01693800
v 0.08211800 0.02721700 0.01693800
v 0.08030800 0.02721700 0.01718300
v 0.08030800 0.02721700 0.01718300
v 0.08030800 0.02721700 0.01718300
v 0.07509300 0.02721700 0.01669200
v 0.07509300 0.02721700 0.01669200
v 0.06994500 0.02721700 0.01573200
v 0.06994500 0.02721700 0.01573200
v 0.06490300 0.02721700 0.01431200
v 0.06490300 0.02721700 0.01431200
v 0.06001100 0.02721700 0.01244300
v 0.06001100 0.02721700 0.01244300
v 0.06001100 0.02721700 0.01244300
v 0.05866300 0.02721700 0.01157700
v 0.05866300 0.02721700 0.01157700
v 0.05765800 0.02721700 0.01033000
v 0.05765800 0.02721700 0.01033000
v 0.05709900 0.02721700 0.00882900
v 0.05709900 0.02721700 0.00882900
v 0.05704400 0.02721700 0.00722900
v 0.05704400 0.02721700 0.00722900
v 0.05704400 0.02721700 0.00722900
v 0.05711700 0.02721700 0.00662700
v 0.05711700 0.02721700 0.00662700
v 0.05718400 0.02721700 0.00602400
v 0.05718400 0.02721700 0.00602400
v 0.05724400 0.02721700 0.00542000
v 0.05724400 0.02721700 0.00542000
v 0.05724400 0.02721700 0.00542000
v 0.05761100 0.02721700 0.00424100
v 0.05761100 0.02721700 0.00424100
v 0.05842200 0.02721700 0.00331000
v 0.05842200 0.02721700 0.00331000
v 0.05953900 0.02721700 0.00278400
v 0.05953900 0.02721700 0.00278400
v 0.06077300 0.02721700 0.00275200
v 0.06077300 0.02721700 0.00275200
v 0.06077300 0.02721700 0.00275200
v 0.06624200 0.02721700 0.00350800
v 0.06624200 0.02721700 0.00350800
v 0.07175600 0.02721700 0.00377400
v 0.07175600 0.02721700 0.00377400
v 0.07727300 0.02721700 0.00354900
v 0.07727300 0.02721700 0.00354900
v 0.08274700 0.02721700 0.00283300
v 0.08274700 0.02721700 0.00283300
v 0.08274700 0.02721700 0.00283300
v 0.08409500 0.02721700 0.00290400
v 0.08409500 0.02721700 0.00290400
v 0.08527500 0.02721700 0.00355800
v 0.08527500 0.02721700 0.00355800
v 0.08604900 0.02721700 0.00466300
v 0.08604900 0.02721700 0.00466300
v 0.08130300 0.02721700 -0.01565100
v 0.08130300 0.02721700 -0.01565100
v 0.08130300 0.02721700 -0.01565100
v 0.08263200 0.02721700 -0.01588200
v 0.08263200 0.02721700 -0.01588200
v 0.08392900 0.02721700 -0.01550700
v 0.08392900 0.02721700 -0.01550700
v 0.08492900 0.02721700 -0.01460200
v 0.08492900 0.02721700 -0.01460200
v 0.08543200 0.02721700 -0.01334900
v 0.08543200 0.02721700 -0.01334900
v 0.08543200 0.02721700 -0.01334900
v 0.08576100 0.02721700 -0.01104400
v 0.08576100 0.02721700 -0.01104400
v 0.08602700 0.02721700 -0.00873100
v 0.08602700 0.02721700 -0.00873100
v 0.08623100 0.02721700 -0.00641100
v 0.08623100 0.02721700 -0.00641100
v 0.08623100 0.02721700 -0.00641100
v 0.08603100 0.02721700 -0.00459600
v 0.08603100 0.02721700 -0.00459600
v 0.08519300 0.02721700 -0.00297300
v 0.08519300 0.02721700 -0.00297300
v 0.08382800 0.02721700 -0.00176000
v 0.08382800 0.02721700 -0.00176000
v 0.08211800 0.02721700 -0.00111800
v 0.08211800 0.02721700 -0.00111800
v 0.08211800 0.02721700 -0.00111800
v 0.07692500 0.02721700 -0.00043600
v 0.07692500 0.02721700 -0.00043600
v 0.07169200 0.02721700 -0.00022600
v 0.07169200 0.02721700 -0.00022600
v 0.06646100 0.02721700 -0.00048900
v 0.06646100 0.02721700 -0.00048900
v 0.06127500 0.02721700 -0.00122300
v 0.06127500 0.02721700 -0.00122300
v 0.06127500 0.02721700 -0.00122300
v 0.05976800 0.02721700 -0.00176700
v 0.05976800 0.02721700 -0.00176700
v 0.05851100 0.02721700 -0.00275900
v 0.05851100 0.02721700 -0.00275900
v 0.05763300 0.02721700 -0.00409800
v 0.05763300 0.02721700 -0.00409800
v 0.05722200 0.02721700 -0.00564600
v 0.05722200 0.02721700 -0.00564600
v 0.05722200 0.02721700 -0.00564600
v 0.05715900 0.02721700 -0.00624900
v 0.05715900 0.02721700 -0.00624900
v 0.05709000 0.02721700 -0.00685200
v 0.05709000 0.02721700 -0.00685200
v 0.05701500 0.02721700 -0.00745400
v 0.05701500 0.02721700 -0.00745400
v 0.05701500 0.02721700 -0.00745400
v 0.05711000 0.02721700 -0.00868500
v 0.05711000 0.02721700 -0.00868500
v 0.05769300 0.02721700 -0.00977300
v 0.05769300 0.02721700 -0.00977300
v 0.05866500 0.02721700 -0.01053500
v 0.05866500 0.02721700 -0.01053500
v 0.05986200 0.02721700 -0.01084000
v 0.05986200 0.02721700 -0.01084000
v 0.05986200 0.02721700 -0.01084000
v 0.06536200 0.02721700 -0.01132000
v 0.06536200 0.02721700 -0.01132000
v 0.07079700 0.02721700 -0.01228800
v 0.07079700 0.02721700 -0.01228800
v 0.07612500 0.02721700 -0.01373500
v 0.07612500 0.02721700 -0.01373500
v 0.09180000 0.02539300 -0.00000000
v 0.09180000 0.02539300 -0.00000000
v 0.09180000 0.02539300 -0.00000000
v 0.09180000 0.02539300 -0.00000000
v 0.09140900 0.02539300 -0.00847000
v 0.09140900 0.02539300 -0.00847000
v 0.09023700 0.02539300 -0.01686800
v 0.09023700 0.02539300 -0.01686800
v 0.08829600 0.02539300 -0.02512200
v 0.08829600 0.02539300 -0.02512200
v 0.08560100 0.02539300 -0.03316200
v 0.08560100 0.02539300 -0.03316200
v 0.08217600 0.02539300 -0.04091900
v 0.08217600 0.02539300 -0.04091900
v 0.07805000 0.02539300 -0.04832700
v 0.07805000 0.02539300 -0.04832700
v 0.07325800 0.02539300 -0.05532200
v 0.07325800 0.02539300 -0.05532200
v 0.06784100 0.02539300 -0.06184600
v 0.06784100 0.02539300 -0.06184600
v 0.06184600 0.02539300 -0.06784100
v 0.06184600 0.02539300 -0.06784100
v 0.05532200 0.02539300 -0.07325800
v 0.05532200 0.02539300 -0.07325800
v 0.04832700 0.02539300 -0.07805000
v 0.04832700 0.02539300 -0.07805000
v 0.04091900 0.02539300 -0.08217600
v 0.04091900 0.02539300 -0.08217600
v 0.03316200 0.02539300 -0.08560100
v 0.03316200 0.02539300 -0.08560100
v 0.02512200 0.02539300 -0.08829600
v 0.02512200 0.02539300 -0.08829600
v 0.01686800 0.02539300 -0.09023700
v 0.01686800 0.02539300 -0.09023700
v 0.00847000 0.02539300 -0.09140900
v 0.00847000 0.02539300 -0.09140900
v -0.00000000 0.02539300 -0.09180000
v -0.00000000 0.02539300 -0.09180000
v -0.00847000 0.02539300 -0.09140900
v -0.00847000 0.02539300 -0.09140900
v -0.01686800 0.02539300 -0.09023700
v -0.01686800 0.02539300 -0.09023700
v -0.02512200 0.02539300 -0.08829600
v -0.02512200 0.02539300 -0.08829600
v -0.03316200 0.02539300 -0.08560100
v -0.03316200 0.02539300 -0.08560100
v -0.04091900 0.02539300 -0.08217600
v -0.04091900 0.02539300 -0.08217600
v -0.04832700 0.02539300 -0.07805000
v -0.04832700 0.02539300 -0.07805000
v -0.05532200 0.02539300 -0.07325800
v -0.05532200 0.02539300 -0.07325800
v -0.06184600 0.02539300 -0.06784100
v -0.06184600 0.02539300 -0.06784100
v -0.06784100 0.02539300 -0.06184600
v -0.06784100 0.02539300 -0.06184600
v -0.07325800 0.02539300 -0.05532200
v -0.07325800 0.02539300 -0.05532200
v -0.07805000 0.02539300 -0.04832700
v -0.07805000 0.02539300 -0.04832700
v -0.08217600 0.02539300 -0.04091900
v -0.08217600 0.02539300 -0.04091900
v -0.08560100 0.02539300 -0.03316200
v -0.08560100 0.02539300 -0.03316200
v -0.08829600 0.02539300 -0.02512200
v -0.08829600 0.02539300 -0.02512200
v -0.09023700 0.02539300 -0.01686800
v -0.09023700 0.02539300 -0.01686800
v -0.09140900 0.02539300 -0.00847000
v -0.09140900 0.02539300 -0.00847000
v -0.09180000 0.02539300 -0.00000000
v -0.09180000 0.02539300 -0.00000000
v -0.09140900 0.02539300 0.00847000
v -0.09140900 0.02539300 0.00847000
v -0.09023700 0.02539300 0.01686800
v -0.09023700 0.02539300 0.01686800
v -0.08829600 0.02539300 0.02512200
v -0.08829600 0.02539300 0.02512200
v -0.08560100 0.02539300 0.03316200
v -0.08560100 0.02539300 0.03316200
v -0.08217600 0.02539300 0.04091900
v -0.08217600 0.02539300 0.04091900
v -0.07805000 0.02539300 0.04832700
v -0.07805000 0.02539300 0.04832700
v -0.07325800 0.02539300 0.05532200
v -0.07325800 0.02539300 0.05532200
v -0.06784100 0.02539300 0.06184600
v -0.06784100 0.02539300 0.06184600
v -0.06184600 0.02539300 0.06784100
v -0.06184600 0.02539300 0.06784100
v -0.05532200 0.02539300 0.07325800
v -0.05532200 0.02539300 0.07325800
v -0.04832700 0.02539300 0.07805000
v -0.04832700 0.02539300 0.07805000
v -0.04091900 0.02539300 0.08217600
v -0.04091900 0.02539300 0.08217600
v -0.03316200 0.02539300 0.08560100
v -0.03316200 0.02539300 0.08560100
v -0.02512200 0.02539300 0.08829600
v -0.02512200 0.02539300 0.08829600
v -0.01686800 0.02539300 0.09023700
v -0.01686800 0.02539300 0.09023700
v -0.00847000 0.02539300 0.09140900
v -0.00847000 0.02539300 0.09140900
v -0.00000000 0.02539300 0.09180000
v -0.00000000 0.02539300 0.09180000
v 0.00847000 0.02539300 0.09140900
v 0.00847000 0.02539300 0.09140900
v 0.01686800 0.02539300 0.09023700
v 0.01686800 0.02539300 0.09023700
v 0.02512200 0.02539300 0.08829600
v 0.02512200 0.02539300 0.08829600
v 0.03316200 0.02539300 0.08560100
v 0.03316200 0.02539300 0.08560100
v 0.04091900 0.02539300 0.08217600
v 0.04091900 0.02539300 0.08217600
v 0.04832700 0.02539300 0.07805000
v 0.04832700 0.02539300 0.07805000
v 0.05532200 0.02539300 0.07325800
v 0.05532200 0.02539300 0.07325800
v 0.06184600 0.02539300 0.06784100
v 0.06184600 0.02539300 0.06784100
v 0.06784100 0.02539300 0.06184600
v 0.06784100 0.02539300 0.06184600
v 0.07325800 0.02539300 0.05532200
v 0.07325800 0.02539300 0.05532200
v 0.07805000 0.02539300 0.04832700
v 0.07805000 0.02539300 0.04832700
v 0.08217600 0.02539300 0.04091900
v 0.08217600 0.02539300 0.04091900
v 0.08560100 0.02539300 0.03316200
v 0.08560100 0.02539300 0.03316200
v 0.08829600 0.02539300 0.02512200
v 0.08829600 0.02539300 0.02512200
v 0.09023700 0.02539300 0.01686800
v 0.09023700 0.02539300 0.01686800
v 0.09140900 0.02539300 0.00847000
v 0.09140900 0.02539300 0.00847000
v 0.09017900 0.02699300 -0.00000000
v 0.09017900 0.02699300 -0.00000000
v 0.09114800 0.02635300 -0.00000000
v 0.09114800 0.02635300 -0.00000000
v 0.08979500 0.02699300 0.00832100
v 0.09075900 0.02635300 0.00841000
v 0.08864400 0.02699300 0.01657000
v 0.08959600 0.02635300 0.01674800
v 0.08673700 0.02699300 0.02467900
v 0.08766800 0.02635300 0.02494400
v 0.08409000 0.02699300 0.03257600
v 0.08499300 0.02635300 0.03292600
v 0.08072500 0.02699300 0.04019600
v 0.08159200 0.02635300 0.04062800
v 0.07667200 0.02699300 0.04747300
v 0.07749500 0.02635300 0.04798300
v 0.07196500 0.02699300 0.05434500
v 0.07273700 0.02635300 0.05492900
v 0.06664300 0.02699300 0.06075300
v 0.06735900 0.02635300 0.06140600
v 0.06075300 0.02699300 0.06664300
v 0.06140600 0.02635300 0.06735900
v 0.05434500 0.02699300 0.07196500
v 0.05492900 0.02635300 0.07273700
v 0.04747300 0.02699300 0.07667200
v 0.04798300 0.02635300 0.07749500
v 0.04019600 0.02699300 0.08072500
v 0.04062800 0.02635300 0.08159200
v 0.03257600 0.02699300 0.08409000
v 0.03292600 0.02635300 0.08499300
v 0.02467900 0.02699300 0.08673700
v 0.02494400 0.02635300 0.08766800
v 0.01657000 0.02699300 0.08864400
v 0.01674800 0.02635300 0.08959600
v 0.00832100 0.02699300 0.08979500
v 0.00841000 0.02635300 0.09075900
v -0.00000000 0.02699300 0.09017900
v -0.00000000 0.02635300 0.09114800
v -0.00832100 0.02699300 0.08979500
v -0.00841000 0.02635300 0.09075900
v -0.01657000 0.02699300 0.08864400
v -0.01674800 0.02635300 0.08959600
v -0.02467900 0.02699300 0.08673700
v -0.02494400 0.02635300 0.08766800
v -0.03257600 0.02699300 0.08409000
v -0.03292600 0.02635300 0.08499300
v -0.04019600 0.02699300 0.08072500
v -0.04062800 0.02635300 0.08159200
v -0.04747300 0.02699300 0.07667200
v -0.04798300 0.02635300 0.07749500
v -0.05434500 0.02699300 0.07196500
v -0.05492900 0.02635300 0.07273700
v -0.06075300 0.02699300 0.06664300
v -0.06140600 0.02635300 0.06735900
v -0.06664300 0.02699300 0.06075300
v -0.06735900 0.02635300 0.06140600
v -0.07196500 0.02699300 0.05434500
v -0.07273700 0.02635300 0.05492900
v -0.07667200 0.02699300 0.04747300
v -0.07749500 0.02635300 0.04798300
v -0.08072500 0.02699300 0.04019600
v -0.08159200 0.02635300 0.04062800
v -0.08409000 0.02699300 0.03257600
v -0.08499300 0.02635300 0.03292600
v -0.08673700 0.02699300 0.02467900
v -0.08766800 0.02635300 0.02494400
v -0.08864400 0.02699300 0.01657000
v -0.08959600 0.02635300 0.01674800
v -0.08979500 0.02699300 0.00832100
v -0.09075900 0.02635300 0.00841000
v -0.09017900 0.02699300 -0.00000000
v -0.09114800 0.02635300 -0.00000000
v -0.08979500 0.02699300 -0.00832100
v -0.09075900 0.02635300 -0.00841000
v -0.08864400 0.02699300 -0.01657000
v -0.08959600 0.02635300 -0.01674800
v -0.08673700 0.02699300 -0.02467900
v -0.08766800 0.02635300 -0.02494400
v -0.08409000 0.02699300 -0.03257600
v -0.08499300 0.02635300 -0.03292600
v -0.08072500 0.02699300 -0.04019600
v -0.08159200 0.02635300 -0.04062800
v -0.07667200 0.02699300 -0.04747300
v -0.07749500 0.02635300 -0.04798300
v -0.07196500 0.02699300 -0.05434500
v -0.07273700 0.02635300 -0.05492900
v -0.06664300 0.02699300 -0.06075300
v -0.06735900 0.02635300 -0.06140600
v -0.06075300 0.02699300 -0.06664300
v -0.06140600 0.02635300 -0.06735900
v -0.05434500 0.02699300 -0.07196500
v -0.05492900 0.02635300 -0.07273700
v -0.04747300 0.02699300 -0.07667200
v -0.04798300 0.02635300 -0.07749500
v -0.04019600 0.02699300 -0.08072500
v -0.04062800 0.02635300 -0.08159200
v -0.03257600 0.02699300 -0.08409000
v -0.03292600 0.02635300 -0.08499300
v -0.02467900 0.02699300 -0.08673700
v -0.02494400 0.02635300 -0.08766800
v -0.01657000 0.02699300 -0.08864400
v -0.01674800 0.02635300 -0.08959600
v -0.00832100 0.02699300 -0.08979500
v -0.00841000 0.02635300 -0.09075900
v -0.00000000 0.02699300 -0.09017900
v -0.00000000 0.02635300 -0.09114800
v 0.00832100 0.02699300 -0.08979500
v 0.00841000 0.02635300 -0.09075900
v 0.01657000 0.02699300 -0.08864400
v 0.01674800 0.02635300 -0.08959600
v 0.02467900 0.02699300 -0.08673700
v 0.02494400 0.02635300 -0.08766800
v 0.03257600 0.02699300 -0.08409000
v 0.03292600 0.02635300 -0.08499300
v 0.04019600 0.02699300 -0.08072500
v 0.04062800 0.02635300 -0.08159200
v 0.04747300 0.02699300 -0.07667200
v 0.04798300 0.02635300 -0.07749500
v 0.05434500 0.02699300 -0.07196500
v 0.05492900 0.02635300 -0.07273700
v 0.06075300 0.02699300 -0.06664300
v 0.06140600 0.02635300 -0.06735900
v 0.06664300 0.02699300 -0.06075300
v 0.06735900 0.02635300 -0.06140600
v 0.07196500 0.02699300 -0.05434500
v 0.07273700 0.02635300 -0.05492900
v 0.07667200 0.02699300 -0.04747300
v 0.07749500 0.02635300 -0.04798300
v 0.08072500 0.02699300 -0.04019600
v 0.08159200 0.02635300 -0.04062800
v 0.08409000 0.02699300 -0.03257600
v 0.08499300 0.02635300 -0.03292600
v 0.08673700 0.02699300 -0.02467900
v 0.08766800 0.02635300 -0.02494400
v 0.08864400 0.02699300 -0.01657000
v 0.08959600 0.02635300 -0.01674800
v 0.08979500 0.02699300 -0.00832100
v 0.09075900 0.02635300 -0.00841000
v 0.09180000 -0.00595900 -0.00000000
v 0.09180000 -0.00595900 -0.00000000
v 0.09180000 -0.00595900 -0.00000000
v 0.09180000 -0.00595900 -0.00000000
v 0.09140900 -0.00595900 0.00847000
v 0.09140900 -0.00595900 0.00847000
v 0.09023700 -0.00595900 0.01686800
v 0.09023700 -0.00595900 0.01686800
v 0.08829600 -0.00595900 0.02512200
v 0.08829600 -0.00595900 0.02512200
v 0.08560100 -0.00595900 0.03316200
v 0.08560100 -0.00595900 0.03316200
v 0.08217600 -0.00595900 0.04091900
v 0.08217600 -0.00595900 0.04091900
v 0.07805000 -0.00595900 0.04832700
v 0.07805000 -0.00595900 0.04832700
v 0.07325800 -0.00595900 0.05532200
v 0.07325800 -0.00595900 0.05532200
v 0.06784100 -0.00595900 0.06184600
v 0.06784100 -0.00595900 0.06184600
v 0.06184600 -0.00595900 0.06784100
v 0.06184600 -0.00595900 0.06784100
v 0.05532200 -0.00595900 0.07325800
v 0.05532200 -0.00595900 0.07325800
v 0.04832700 -0.00595900 0.07805000
v 0.04832700 -0.00595900 0.07805000
v 0.04091900 -0.00595900 0.08217600
v 0.04091900 -0.00595900 0.08217600
v 0.03316200 -0.00595900 0.08560100
v 0.03316200 -0.00595900 0.08560100
v 0.02512200 -0.00595900 0.08829600
v 0.02512200 -0.00595900 0.08829600
v 0.01686800 -0.00595900 0.09023700
v 0.01686800 -0.00595900 0.09023700
v 0.00847000 -0.00595900 0.09140900
v 0.00847000 -0.00595900 0.09140900
v -0.00000000 -0.00595900 0.09180000
v -0.00000000 -0.00595900 0.09180000
v -0.00847000 -0.00595900 0.09140900
v -0.00847000 -0.00595900 0.09140900
v -0.01686800 -0.00595900 0.09023700
v -0.01686800 -0.00595900 0.09023700
v -0.02512200 -0.00595900 0.08829600
v -0.02512200 -0.00595900 0.08829600
v -0.03316200 -0.00595900 0.08560100
v -0.03316200 -0.00595900 0.08560100
v -0.04091900 -0.00595900 0.08217600
v -0.04091900 -0.00595900 0.08217600
v -0.04832700 -0.00595900 0.07805000
v -0.04832700 -0.00595900 0.07805000
v -0.05532200 -0.00595900 0.07325800
v -0.05532200 -0.00595900 0.07325800
v -0.06184600 -0.00595900 0.06784100
v -0.06184600 -0.00595900 0.06784100
v -0.06784100 -0.00595900 0.06184600
v -0.06784100 -0.00595900 0.06184600
v -0.07325800 -0.00595900 0.05532200
v -0.07325800 -0.00595900 0.05532200
v -0.07805000 -0.00595900 0.04832700
v -0.07805000 -0.00595900 0.04832700
v -0.08217600 -0.00595900 0.04091900
v -0.08217600 -0.00595900 0.04091900
v -0.08560100 -0.00595900 0.03316200
v -0.08560100 -0.00595900 0.03316200
v -0.08829600 -0.00595900 0.02512200
v -0.08829600 -0.00595900 0.02512200
v -0.09023700 -0.00595900 0.01686800
v -0.09023700 -0.00595900 0.01686800
v -0.09140900 -0.00595900 0.00847000
v -0.09140900 -0.00595900 0.00847000
v -0.09180000 -0.00595900 -0.00000000
v -0.09180000 -0.00595900 -0.00000000
v -0.09140900 -0.00595900 -0.00847000
v -0.09140900 -0.00595900 -0.00847000
v -0.09023700 -0.00595900 -0.01686800
v -0.09023700 -0.00595900 -0.01686800
v -0.08829600 -0.00595900 -0.02512200
v -0.08829600 -0.00595900 -0.02512200
v -0.08560100 -0.00595900 -0.03316200
v -0.08560100 -0.00595900 -0.03316200
v -0.08217600 -0.00595900 -0.04091900
v -0.08217600 -0.00595900 -0.04091900
v -0.07805000 -0.00595900 -0.04832700
v -0.07805000 -0.00595900 -0.04832700
v -0.07325800 -0.00595900 -0.05532200
v -0.07325800 -0.00595900 -0.05532200
v -0.06784100 -0.00595900 -0.06184600
v -0.06784100 -0.00595900 -0.06184600
v -0.06184600 -0.00595900 -0.06784100
v -0.06184600 -0.00595900 -0.06784100
v -0.05532200 -0.00595900 -0.07325800
v -0.05532200 -0.00595900 -0.07325800
v -0.04832700 -0.00595900 -0.07805000
v -0.04832700 -0.00595900 -0.07805000
v -0.04091900 -0.00595900 -0.08217600
v -0.04091900 -0.00595900 -0.08217600
v -0.03316200 -0.00595900 -0.08560100
v -0.03316200 -0.00595900 -0.08560100
v -0.02512200 -0.00595900 -0.08829600
v -0.02512200 -0.00595900 -0.08829600
v -0.01686800 -0.00595900 -0.09023700
v -0.01686800 -0.00595900 -0.09023700
v -0.00847000 -0.00595900 -0.09140900
v -0.00847000 -0.00595900 -0.09140900
v -0.00000000 -0.00595900 -0.09180000
v -0.00000000 -0.00595900 -0.09180000
v 0.00847000 -0.00595900 -0.09140900
v 0.00847000 -0.00595900 -0.09140900
v 0.01686800 -0.00595900 -0.09023700
v 0.01686800 -0.00595900 -0.09023700
v 0.02512200 -0.00595900 -0.08829600
v 0.02512200 -0.00595900 -0.08829600
v 0.03316200 -0.00595900 -0.08560100
v 0.03316200 -0.00595900 -0.08560100
v 0.04091900 -0.00595900 -0.08217600
v 0.04091900 -0.00595900 -0.08217600
v 0.04832700 -0.00595900 -0.07805000
v 0.04832700 -0.00595900 -0.07805000
v 0.05532200 -0.00595900 -0.07325800
v 0.05532200 -0.00595900 -0.07325800
v 0.06184600 -0.00595900 -0.06784100
v 0.06184600 -0.00595900 -0.06784100
v 0.06784100 -0.00595900 -0.06184600
v 0.06784100 -0.00595900 -0.06184600
v 0.07325800 -0.00595900 -0.05532200
v 0.07325800 -0.00595900 -0.05532200
v 0.07805000 -0.00595900 -0.04832700
v 0.07805000 -0.00595900 -0.04832700
v 0.08217600 -0.00595900 -0.04091900
v 0.08217600 -0.00595900 -0.04091900
v 0.08560100 -0.00595900 -0.03316200
v 0.08560100 -0.00595900 -0.03316200
v 0.08829600 -0.00595900 -0.02512200
v 0.08829600 -0.00595900 -0.02512200
v 0.09023700 -0.00595900 -0.01686800
v 0.09023700 -0.00595900 -0.01686800
v 0.09140900 -0.00595900 -0.00847000
v 0.09140900 -0.00595900 -0.00847000
v 0.09114800 -0.00691800 -0.00000000
v 0.09114800 -0.00691800 -0.00000000
v 0.09017900 -0.00755800 -0.00000000
v 0.09017900 -0.00755800 -0.00000000
v 0.09075900 -0.00691800 0.00841000
v 0.08979500 -0.00755800 0.00832100
v 0.08959600 -0.00691800 0.01674800
v 0.08864400 -0.00755800 0.01657000
v 0.08766800 -0.00691800 0.02494400
v 0.08673700 -0.00755800 0.02467900
v 0.08499300 -0.00691800 0.03292600
v 0.08409000 -0.00755800 0.03257600
v 0.08159200 -0.00691800 0.04062800
v 0.08072500 -0.00755800 0.04019600
v 0.07749500 -0.00691800 0.04798300
v 0.07667200 -0.00755800 0.04747300
v 0.07273700 -0.00691800 0.05492900
v 0.07196500 -0.00755800 0.05434500
v 0.06735900 -0.00691800 0.06140600
v 0.06664300 -0.00755800 0.06075300
v 0.06140600 -0.00691800 0.06735900
v 0.06075300 -0.00755800 0.06664300
v 0.05492900 -0.00691800 0.07273700
v 0.05434500 -0.00755800 0.07196500
v 0.04798300 -0.00691800 0.07749500
v 0.04747300 -0.00755800 0.07667200
v 0.04062800 -0.00691800 0.08159200
v 0.04019600 -0.00755800 0.08072500
v 0.03292600 -0.00691800 0.08499300
v 0.03257600 -0.00755800 0.08409000
v 0.02494400 -0.00691800 0.08766800
v 0.02467900 -0.00755800 0.08673700
v 0.01674800 -0.00691800 0.08959600
v 0.01657000 -0.00755800 0.08864400
v 0.00841000 -0.00691800 0.09075900
v 0.00832100 -0.00755800 0.08979500
v -0.00000000 -0.00691800 0.09114800
v -0.00000000 -0.00755800 0.09017900
v -0.00841000 -0.00691800 0.09075900
v -0.00832100 -0.00755800 0.08979500
v -0.01674800 -0.00691800 0.08959600
v -0.01657000 -0.00755800 0.08864400
v -0.02494400 -0.00691800 0.08766800
v -0.02467900 -0.00755800 0.08673700
v -0.03292600 -0.00691800 0.08499300
v -0.03257600 -0.00755800 0.08409000
v -0.04062800 -0.00691800 0.08159200
v -0.04019600 -0.00755800 0.08072500
v -0.04798300 -0.00691800 0.07749500
v -0.04747300 -0.00755800 0.07667200
v -0.05492900 -0.00691800 0.07273700
v -0.05434500 -0.00755800 0.07196500
v -0.06140600 -0.00691800 0.06735900
v -0.06075300 -0.00755800 0.06664300
v -0.06735900 -0.00691800 0.06140600
v -0.06664300 -0.00755800 0.06075300
v -0.07273700 -0.00691800 0.05492900
v -0.07196500 -0.00755800 0.05434500
v -0.07749500 -0.00691800 0.04798300
v -0.07667200 -0.00755800 0.04747300
v -0.08159200 -0.00691800 0.04062800
v -0.08072500 -0.00755800 0.04019600
v -0.08499300 -0.00691800 0.03292600
v -0.08409000 -0.00755800 0.03257600
v -0.08766800 -0.00691800 0.02494400
v -0.08673700 -0.00755800 0.02467900
v -0.08959600 -0.00691800 0.01674800
v -0.08864400 -0.00755800 0.01657000
v -0.09075900 -0.00691800 0.00841000
v -0.08979500 -0.00755800 0.00832100
v -0.09114800 -0.00691800 -0.00000000
v -0.09017900 -0.00755800 -0.00000000
v -0.09075900 -0.00691800 -0.00841000
v -0.08979500 -0.00755800 -0.00832100
v -0.08959600 -0.00691800 -0.01674800
v -0.08864400 -0.00755800 -0.01657000
v -0.08766800 -0.00691800 -0.02494400
v -0.08673700 -0.00755800 -0.02467900
v -0.08499300 -0.00691800 -0.03292600
v -0.08409000 -0.00755800 -0.03257600
v -0.08159200 -0.00691800 -0.04062800
v -0.08072500 -0.00755800 -0.04019600
v -0.07749500 -0.00691800 -0.04798300
v -0.07667200 -0.00755800 -0.04747300
v -0.07273700 -0.00691800 -0.05492900
v -0.07196500 -0.00755800 -0.05434500
v -0.06735900 -0.00691800 -0.06140600
v -0.06664300 -0.00755800 -0.06075300
v -0.06140600 -0.00691800 -0.06735900
v -0.06075300 -0.00755800 -0.06664300
v -0.05492900 -0.00691800 -0.07273700
v -0.05434500 -0.00755800 -0.07196500
v -0.04798300 -0.00691800 -0.07749500
v -0.04747300 -0.00755800 -0.07667200
v -0.04062800 -0.00691800 -0.08159200
v -0.04019600 -0.00755800 -0.08072500
v -0.03292600 -0.00691800 -0.08499300
v -0.03257600 -0.00755800 -0.08409000
v -0.02494400 -0.00691800 -0.08766800
v -0.02467900 -0.00755800 -0.08673700
v -0.01674800 -0.00691800 -0.08959600
v -0.01657000 -0.00755800 -0.08864400
v -0.00841000 -0.00691800 -0.09075900
v -0.00832100 -0.00755800 -0.08979500
v 0.00000000 -0.00691800 -0.09114800
v 0.00000000 -0.00755800 -0.09017900
v 0.00841000 -0.00691800 -0.09075900
v 0.00832100 -0.00755800 -0.08979500
v 0.01674800 -0.00691800 -0.08959600
v 0.01657000 -0.00755800 -0.08864400
v 0.02494400 -0.00691800 -0.08766800
v 0.02467900 -0.00755800 -0.08673700
v 0.03292600 -0.00691800 -0.08499300
v 0.03257600 -0.00755800 -0.08409000
v 0.04062800 -0.00691800 -0.08159200
v 0.04019600 -0.00755800 -0.08072500
v 0.04798300 -0.00691800 -0.07749500
v 0.04747300 -0.00755800 -0.07667200
v 0.05492900 -0.00691800 -0.07273700
v 0.05434500 -0.00755800 -0.07196500
v 0.06140600 -0.00691800 -0.06735900
v 0.06075300 -0.00755800 -0.06664300
v 0.06735900 -0.00691800 -0.06140600
v 0.06664300 -0.00755800 -0.06075300
v 0.07273700 -0.00691800 -0.05492900
v 0.07196500 -0.00755800 -0.05434500
v 0.07749500 -0.00691800 -0.04798300
v 0.07667200 -0.00755800 -0.04747300
v 0.08159200 -0.00691800 -0.04062800
v 0.08072500 -0.00755800 -0.04019600
v 0.08499300 -0.00691800 -0.03292600
v 0.08409000 -0.00755800 -0.03257600
v 0.08766800 -0.00691800 -0.02494400
v 0.08673700 -0.00755800 -0.02467900
v 0.08959600 -0.00691800 -0.01674800
v 0.08864400 -0.00755800 -0.01657000
v 0.09075900 -0.00691800 -0.00841000
v 0.08979500 -0.00755800 -0.00832100
v 0.08263200 0.00971700 -0.01588200
v 0.08392900 0.00971700 -0.01550700
v 0.08492900 0.00971700 -0.01460200
v 0.05711000 0.00971700 -0.00868500
v 0.05769300 0.00971700 -0.00977300
v 0.05866500 0.00971700 -0.01053500
v 0.07702700 0.00971700 -0.03387100
v 0.07837400 0.00971700 -0.03379400
v 0.07955100 0.00971700 -0.03313400
v 0.05374600 0.00971700 -0.02117500
v 0.05407200 0.00971700 -0.02236600
v 0.05485000 0.00971700 -0.02332500
v 0.06755800 0.00971700 -0.05016200
v 0.06888900 0.00971700 -0.05038600
v 0.07018300 0.00971700 -0.05000500
v 0.04768600 0.00971700 -0.03260400
v 0.04773900 0.00971700 -0.03383700
v 0.04828500 0.00971700 -0.03494500
v 0.05470200 0.00971700 -0.06393700
v 0.05595000 0.00971700 -0.06445200
v 0.05729600 0.00971700 -0.06436800
v 0.03923600 0.00971700 -0.04239800
v 0.03901300 0.00971700 -0.04361200
v 0.03929800 0.00971700 -0.04481400
v 0.03910400 0.00971700 -0.07450700
v 0.04020500 0.00971700 -0.07528600
v 0.04153700 0.00971700 -0.07550400
v 0.02881800 0.00971700 -0.05006500
v 0.02833000 0.00971700 -0.05120000
v 0.02834100 0.00971700 -0.05243500
v 0.02154400 0.00971700 -0.08134000
v 0.02244400 0.00971700 -0.08234500
v 0.02369400 0.00971700 -0.08285400
v 0.01695400 0.00971700 -0.05522300
v 0.01622700 0.00971700 -0.05622000
v 0.01596300 0.00971700 -0.05742600
v 0.00290400 0.00971700 -0.08409500
v 0.00355800 0.00971700 -0.08527500
v 0.00466300 0.00971700 -0.08604900
v 0.00424100 0.00971700 -0.05761100
v 0.00331000 0.00971700 -0.05842200
v 0.00278400 0.00971700 -0.05953900
v -0.01588200 0.00971700 -0.08263200
v -0.01550700 0.00971700 -0.08392900
v -0.01460200 0.00971700 -0.08492900
v -0.00868500 0.00971700 -0.05711000
v -0.00977300 0.00971700 -0.05769300
v -0.01053500 0.00971700 -0.05866500
v -0.03387100 0.00971700 -0.07702700
v -0.03379400 0.00971700 -0.07837400
v -0.03313400 0.00971700 -0.07955100
v -0.02117500 0.00971700 -0.05374600
v -0.02236600 0.00971700 -0.05407200
v -0.02332500 0.00971700 -0.05485000
v -0.05016200 0.00971700 -0.06755800
v -0.05038600 0.00971700 -0.06888900
v -0.05000500 0.00971700 -0.07018300
v -0.03260400 0.00971700 -0.04768600
v -0.03383700 0.00971700 -0.04773900
v -0.03494500 0.00971700 -0.04828500
v -0.06393700 0.00971700 -0.05470200
v -0.06445200 0.00971700 -0.05595000
v -0.06436800 0.00971700 -0.05729600
v -0.04239800 0.00971700 -0.03923600
v -0.04361200 0.00971700 -0.03901300
v -0.04481400 0.00971700 -0.03929800
v -0.07450700 0.00971700 -0.03910400
v -0.07528600 0.00971700 -0.04020500
v -0.07550400 0.00971700 -0.04153700
v -0.05006500 0.00971700 -0.02881800
v -0.05120000 0.00971700 -0.02833000
v -0.05243500 0.00971700 -0.02834100
v -0.08134000 0.00971700 -0.02154400
v -0.08234500 0.00971700 -0.02244400
v -0.08285400 0.00971700 -0.02369400
v -0.05522300 0.00971700 -0.01695400
v -0.05622000 0.00971700 -0.01622700
v -0.05742600 0.00971700 -0.01596300
v -0.08409500 0.00971700 -0.00290400
v -0.08527500 0.00971700 -0.00355800
v -0.08604900 0.00971700 -0.00466300
v -0.05761100 0.00971700 -0.00424100
v -0.05842200 0.00971700 -0.00331000
v -0.05953900 0.00971700 -0.00278400
v -0.08263200 0.00971700 0.01588200
v -0.08392900 0.00971700 0.01550700
v -0.08492900 0.00971700 0.01460200
v -0.05711000 0.00971700 0.00868500
v -0.05769300 0.00971700 0.00977300
v -0.05866500 0.00971700 0.01053500
v -0.07702700 0.00971700 0.03387100
v -0.07837400 0.00971700 0.03379400
v -0.07955100 0.00971700 0.03313400
v -0.05374600 0.00971700 0.02117500
v -0.05407200 0.00971700 0.02236600
v -0.05485000 0.00971700 0.02332500
v -0.06755800 0.00971700 0.05016200
v -0.06888900 0.00971700 0.05038600
v -0.07018300 0.00971700 0.05000500
v -0.04768600 0.00971700 0.03260400
v -0.04773900 0.00971700 0.03383700
v -0.04828500 0.00971700 0.03494500
v -0.05470200 0.00971700 0.06393700
v -0.05595000 0.00971700 0.06445200
v -0.05729600 0.00971700 0.06436800
v -0.03923600 0.00971700 0.04239800
v -0.03901300 0.00971700 0.04361200
v -0.03929800 0.00971700 0.04481400
v -0.03910400 0.00971700 0.07450700
v -0.04020500 0.00971700 0.07528600
v -0.04153700 0.00971700 0.07550400
v -0.02881800 0.00971700 0.05006500
v -0.02833000 0.00971700 0.05120000
v -0.02834100 0.00971700 0.05243500
v -0.02154400 0.00971700 0.08134000
v -0.02244400 0.00971700 0.08234500
v -0.02369400 0.00971700 0.08285400
v -0.01695400 0.00971700 0.05522300
v -0.01622700 0.00971700 0.05622000
v -0.01596300 0.00971700 0.05742600
v -0.00290400 0.00971700 0.08409500
v -0.00355800 0.00971700 0.08527500
v -0.00466300 0.00971700 0.08604900
v -0.00424100 0.00971700 0.05761100
v -0.00331000 0.00971700 0.05842200
v -0.00278400 0.00971700 0.05953900
v 0.01588200 0.00971700 0.08263200
v 0.01550700 0.00971700 0.08392900
v 0.01460200 0.00971700 0.08492900
v 0.00868500 0.00971700 0.05711000
v 0.00977300 0.00971700 0.05769300
v 0.01053500 0.00971700 0.05866500
v 0.03387100 0.00971700 0.07702700
v 0.03379400 0.00971700 0.07837400
v 0.03313400 0.00971700 0.07955100
v 0.02117500 0.00971700 0.05374600
v 0.02236600 0.00971700 0.05407200
v 0.02332500 0.00971700 0.05485000
v 0.05016200 0.00971700 0.06755800
v 0.05038600 0.00971700 0.06888900
v 0.05000500 0.00971700 0.07018300
v 0.03260400 0.00971700 0.04768600
v 0.03383700 0.00971700 0.04773900
v 0.03494500 0.00971700 0.04828500
v 0.06393700 0.00971700 0.05470200
v 0.06445200 0.00971700 0.05595000
v 0.06436800 0.00971700 0.05729600
v 0.04239800 0.00971700 0.03923600
v 0.04361200 0.00971700 0.03901300
v 0.04481400 0.00971700 0.03929800
v 0.07450700 0.00971700 0.03910400
v 0.07528600 0.00971700 0.04020500
v 0.07550400 0.00971700 0.04153700
v 0.05006500 0.00971700 0.02881800
v 0.05120000 0.00971700 0.02833000
v 0.05243500 0.00971700 0.02834100
v 0.08134000 0.00971700 0.02154400
v 0.08234500 0.00971700 0.02244400
v 0.08285400 0.00971700 0.02369400
v 0.05522300 0.00971700 0.01695400
v 0.05622000 0.00971700 0.01622700
v 0.05742600 0.00971700 0.01596300
v 0.08409500 0.00971700 0.00290400
v 0.08527500 0.00971700 0.00355800
v 0.08604900 0.00971700 0.00466300
v 0.05761100 0.00971700 0.00424100
v 0.05842200 0.00971700 0.00331000
v 0.05953900 0.00971700 0.00278400
v 0.09356700 0.02032700 -0.00000000
v 0.09356700 0.02032700 -0.00000000
v 0.09464000 0.01507000 -0.00000000
v 0.09464000 0.01507000 -0.00000000
v 0.09500000 0.00971700 -0.00000000
v 0.09500000 0.00971700 -0.00000000
v 0.09464000 0.00436400 -0.00000000
v 0.09464000 0.00436400 -0.00000000
v 0.09356700 -0.00089300 -0.00000000
v 0.09356700 -0.00089300 -0.00000000
v 0.09318000 0.02032700 0.00850900
v 0.09424800 0.01507000 0.00860600
v 0.09460600 0.00971700 0.00863900
v 0.09424800 0.00436400 0.00860600
v 0.09318000 -0.00089300 0.00850900
v 0.09202000 0.02032700 0.01694700
v 0.09307500 0.01507000 0.01714100
v 0.09342900 0.00971700 0.01720600
v 0.09307500 0.00436400 0.01714100
v 0.09202000 -0.00089300 0.01694700
v 0.09009800 0.02032700 0.02524400
v 0.09113100 0.01507000 0.02553400
v 0.09147700 0.00971700 0.02563100
v 0.09113100 0.00436400 0.02553400
v 0.09009800 -0.00089300 0.02524400
v 0.08742900 0.02032700 0.03333300
v 0.08843100 0.01507000 0.03371500
v 0.08876700 0.00971700 0.03384300
v 0.08843100 0.00436400 0.03371500
v 0.08742900 -0.00089300 0.03333300
v 0.08403500 0.02032700 0.04114500
v 0.08499900 0.01507000 0.04161700
v 0.08532200 0.00971700 0.04177500
v 0.08499900 0.00436400 0.04161700
v 0.08403500 -0.00089300 0.04114500
v 0.07994600 0.02032700 0.04861600
v 0.08086200 0.01507000 0.04917400
v 0.08117000 0.00971700 0.04936000
v 0.08086200 0.00436400 0.04917400
v 0.07994600 -0.00089300 0.04861600
v 0.07519400 0.02032700 0.05568400
v 0.07605600 0.01507000 0.05632300
v 0.07634500 0.00971700 0.05653700
v 0.07605600 0.00436400 0.05632300
v 0.07519400 -0.00089300 0.05568400
v 0.06981800 0.02032700 0.06229100
v 0.07061900 0.01507000 0.06300600
v 0.07088700 0.00971700 0.06324500
v 0.07061900 0.00436400 0.06300600
v 0.06981800 -0.00089300 0.06229100
v 0.06386500 0.02032700 0.06838200
v 0.06459700 0.01507000 0.06916600
v 0.06484300 0.00971700 0.06942900
v 0.06459700 0.00436400 0.06916600
v 0.06386500 -0.00089300 0.06838200
v 0.05738200 0.02032700 0.07390700
v 0.05804000 0.01507000 0.07475400
v 0.05826000 0.00971700 0.07503800
v 0.05804000 0.00436400 0.07475400
v 0.05738200 -0.00089300 0.07390700
v 0.05042300 0.02032700 0.07881800
v 0.05100100 0.01507000 0.07972200
v 0.05119500 0.00971700 0.08002500
v 0.05100100 0.00436400 0.07972200
v 0.05042300 -0.00089300 0.07881800
v 0.04304700 0.02032700 0.08307700
v 0.04354100 0.01507000 0.08403000
v 0.04370600 0.00971700 0.08434900
v 0.04354100 0.00436400 0.08403000
v 0.04304700 -0.00089300 0.08307700
v 0.03531400 0.02032700 0.08664700
v 0.03571900 0.01507000 0.08764100
v 0.03585500 0.00971700 0.08797400
v 0.03571900 0.00436400 0.08764100
v 0.03531400 -0.00089300 0.08664700
v 0.02728900 0.02032700 0.08950000
v 0.02760100 0.01507000 0.09052600
v 0.02770600 0.00971700 0.09087000
v 0.02760100 0.00436400 0.09052600
v 0.02728900 -0.00089300 0.08950000
v 0.01903700 0.02032700 0.09161000
v 0.01925500 0.01507000 0.09266100
v 0.01932800 0.00971700 0.09301300
v 0.01925500 0.00436400 0.09266100
v 0.01903700 -0.00089300 0.09161000
v 0.01062700 0.02032700 0.09296200
v 0.01074900 0.01507000 0.09402800
v 0.01079000 0.00971700 0.09438500
v 0.01074900 0.00436400 0.09402800
v 0.01062700 -0.00089300 0.09296200
v 0.00213000 0.02032700 0.09354300
v 0.00215400 0.01507000 0.09461600
v 0.00216300 0.00971700 0.09497500
v 0.00215400 0.00436400 0.09461600
v 0.00213000 -0.00089300 0.09354300
v -0.00638500 0.02032700 0.09334900
v -0.00645800 0.01507000 0.09442000
v -0.00648300 0.00971700 0.09477900
v -0.00645800 0.00436400 0.09442000
v -0.00638500 -0.00089300 0.09334900
v -0.01484700 0.02032700 0.09238200
v -0.01501800 0.01507000 0.09344100
v -0.01507500 0.00971700 0.09379600
v -0.01501800 0.00436400 0.09344100
v -0.01484700 -0.00089300 0.09238200
v -0.02318700 0.02032700 0.09064900
v -0.02345300 0.01507000 0.09168800
v -0.02354200 0.00971700 0.09203700
v -0.02345300 0.00436400 0.09168800
v -0.02318700 -0.00089300 0.09064900
v -0.03133400 0.02032700 0.08816500
v -0.03169300 0.01507000 0.08917600
v -0.03181400 0.00971700 0.08951500
v -0.03169300 0.00436400 0.08917600
v -0.03133400 -0.00089300 0.08816500
v -0.03922100 0.02032700 0.08495000
v -0.03967100 0.01507000 0.08592400
v -0.03982200 0.00971700 0.08625100
v -0.03967100 0.00436400 0.08592400
v -0.03922100 -0.00089300 0.08495000
v -0.04678400 0.02032700 0.08103200
v -0.04732000 0.01507000 0.08196100
v -0.04750000 0.00971700 0.08227200
v -0.04732000 0.00436400 0.08196100
v -0.04678400 -0.00089300 0.08103200
v -0.05395800 0.02032700 0.07644200
v -0.05457700 0.01507000 0.07731800
v -0.05478500 0.00971700 0.07761200
v -0.05457700 0.00436400 0.07731800
v -0.05395800 -0.00089300 0.07644200
v -0.06068600 0.02032700 0.07121800
v -0.06138200 0.01507000 0.07203500
v -0.06161500 0.00971700 0.07230900
v -0.06138200 0.00436400 0.07203500
v -0.06068600 -0.00089300 0.07121800
v -0.06691100 0.02032700 0.06540500
v -0.06767800 0.01507000 0.06615500
v -0.06793500 0.00971700 0.06640600
v -0.06767800 0.00436400 0.06615500
v -0.06691100 -0.00089300 0.06540500
v -0.07258100 0.02032700 0.05904900
v -0.07341300 0.01507000 0.05972600
v -0.07369300 0.00971700 0.05995300
v -0.07341300 0.00436400 0.05972600
v -0.07258100 -0.00089300 0.05904900
v -0.07765000 0.02032700 0.05220400
v -0.07854100 0.01507000 0.05280300
v -0.07883900 0.00971700 0.05300400
v -0.07854100 0.00436400 0.05280300
v -0.07765000 -0.00089300 0.05220400
v -0.08207600 0.02032700 0.04492700
v -0.08301700 0.01507000 0.04544200
v -0.08333200 0.00971700 0.04561500
v -0.08301700 0.00436400 0.04544200
v -0.08207600 -0.00089300 0.04492700
v -0.08582100 0.02032700 0.03727700
v -0.08680500 0.01507000 0.03770500
v -0.08713500 0.00971700 0.03784800
v -0.08680500 0.00436400 0.03770500
v -0.08582100 -0.00089300 0.03727700
v -0.08885500 0.02032700 0.02931900
v -0.08987400 0.01507000 0.02965500
v -0.09021600 0.00971700 0.02976800
v -0.08987400 0.00436400 0.02965500
v -0.08885500 -0.00089300 0.02931900
v -0.09115300 0.02032700 0.02111700
v -0.09219800 0.01507000 0.02135900
v -0.09254900 0.00971700 0.02144100
v -0.09219800 0.00436400 0.02135900
v -0.09115300 -0.00089300 0.02111700
v -0.09269600 0.02032700 0.01274100
v -0.09375900 0.01507000 0.01288700
v -0.09411500 0.00971700 0.01293600
v -0.09375900 0.00436400 0.01288700
v -0.09269600 -0.00089300 0.01274100
v -0.09347000 0.02032700 0.00425900
v -0.09454200 0.01507000 0.00430800
v -0.09490200 0.00971700 0.00432400
v -0.09454200 0.00436400 0.00430800
v -0.09347000 -0.00089300 0.00425900
v -0.09347000 0.02032700 -0.00425900
v -0.09454200 0.01507000 -0.00430800
v -0.09490200 0.00971700 -0.00432400
v -0.09454200 0.00436400 -0.00430800
v -0.09347000 -0.00089300 -0.00425900
v -0.09269600 0.02032700 -0.01274100
v -0.09375900 0.01507000 -0.01288700
v -0.09411500 0.00971700 -0.01293600
v -0.09375900 0.00436400 -0.01288700
v -0.09269600 -0.00089300 -0.01274100
v -0.09115300 0.02032700 -0.02111700
v -0.09219800 0.01507000 -0.02135900
v -0.09254900 0.00971700 -0.02144100
v -0.09219800 0.00436400 -0.02135900
v -0.09115300 -0.00089300 -0.02111700
v -0.08885500 0.02032700 -0.02931900
v -0.08987400 0.01507000 -0.02965500
v -0.09021600 0.00971700 -0.02976800
v -0.08987400 0.00436400 -0.02965500
v -0.08885500 -0.00089300 -0.02931900
v -0.08582100 0.02032700 -0.03727700
v -0.08680500 0.01507000 -0.03770500
v -0.08713500 0.00971700 -0.03784800
v -0.08680500 0.00436400 -0.03770500
v -0.08582100 -0.00089300 -0.03727700
v -0.08207600 0.02032700 -0.04492700
v -0.08301700 0.01507000 -0.04544200
v -0.08333200 0.00971700 -0.04561500
v -0.08301700 0.00436400 -0.04544200
v -0.08207600 -0.00089300 -0.04492700
v -0.07765000 0.02032700 -0.05220400
v -0.07854100 0.01507000 -0.05280300
v -0.07883900 0.00971700 -0.05300400
v -0.07854100 0.00436400 -0.05280300
v -0.07765000 -0.00089300 -0.05220400
v -0.07258100 0.02032700 -0.05904900
v -0.07341300 0.01507000 -0.05972600
v -0.07369300 0.00971700 -0.05995300
v -0.07341300 0.00436400 -0.05972600
v -0.07258100 -0.00089300 -0.05904900
v -0.06691100 0.02032700 -0.06540500
v -0.06767800 0.01507000 -0.06615500
v -0.06793500 0.00971700 -0.06640600
v -0.06767800 0.00436400 -0.06615500
v -0.06691100 -0.00089300 -0.06540500
v -0.06068600 0.02032700 -0.07121800
v -0.06138200 0.01507000 -0.07203500
v -0.06161500 0.00971700 -0.07230900
v -0.06138200 0.00436400 -0.07203500
v -0.06068600 -0.00089300 -0.07121800
v -0.05395800 0.02032700 -0.07644200
v -0.05457700 0.01507000 -0.07731800
v -0.05478500 0.00971700 -0.07761200
v -0.05457700 0.00436400 -0.07731800
v -0.05395800 -0.00089300 -0.07644200
v -0.04678400 0.02032700 -0.08103200
v -0.04732000 0.01507000 -0.08196100
v -0.04750000 0.00971700 -0.08227200
v -0.04732000 0.00436400 -0.08196100
v -0.04678400 -0.00089300 -0.08103200
v -0.03922100 0.02032700 -0.08495000
v -0.03967100 0.01507000 -0.08592400
v -0.03982200 0.00971700 -0.08625100
v -0.03967100 0.00436400 -0.08592400
v -0.03922100 -0.00089300 -0.08495000
v -0.03133400 0.02032700 -0.08816500
v -0.03169300 0.01507000 -0.08917600
v -0.03181400 0.00971700 -0.08951500
v -0.03169300 0.00436400 -0.08917600
v -0.03133400 -0.00089300 -0.08816500
v -0.02318700 0.02032700 -0.09064900
v -0.02345300 0.01507000 -0.09168800
v -0.02354200 0.00971700 -0.09203700
v -0.02345300 0.00436400 -0.09168800
v -0.02318700 -0.00089300 -0.09064900
v -0.01484700 0.02032700 -0.09238200
v -0.01501800 0.01507000 -0.09344100
v -0.01507500 0.00971700 -0.09379600
v -0.01501800 0.00436400 -0.09344100
v -0.01484700 -0.00089300 -0.09238200
v -0.00638500 0.02032700 -0.09334900
v -0.00645800 0.01507000 -0.09442000
v -0.00648300 0.00971700 -0.09477900
v -0.00645800 0.00436400 -0.09442000
v -0.00638500 -0.00089300 -0.09334900
v 0.00213000 0.02032700 -0.09354300
v 0.00215400 0.01507000 -0.09461600
v 0.00216300 0.00971700 -0.09497500
v 0.00215400 0.00436400 -0.09461600
v 0.00213000 -0.00089300 -0.09354300
v 0.01062700 0.02032700 -0.09296200
v 0.01074900 0.01507000 -0.09402800
v 0.01079000 0.00971700 -0.09438500
v 0.01074900 0.00436400 -0.09402800
v 0.01062700 -0.00089300 -0.09296200
v 0.01903700 0.02032700 -0.09161000
v 0.01925500 0.01507000 -0.09266100
v 0.01932800 0.00971700 -0.09301300
v 0.01925500 0.00436400 -0.09266100
v 0.01903700 -0.00089300 -0.09161000
v 0.02728900 0.02032700 -0.08950000
v 0.02760100 0.01507000 -0.09052600
v 0.02770600 0.00971700 -0.09087000
v 0.02760100 0.00436400 -0.09052600
v 0.02728900 -0.00089300 -0.08950000
v 0.03531400 0.02032700 -0.08664700
v 0.03571900 0.01507000 -0.08764100
v 0.03585500 0.00971700 -0.08797400
v 0.03571900 0.00436400 -0.08764100
v 0.03531400 -0.00089300 -0.08664700
v 0.04304700 0.02032700 -0.08307700
v 0.04354100 0.01507000 -0.08403000
v 0.04370600 0.00971700 -0.08434900
v 0.04354100 0.00436400 -0.08403000
v 0.04304700 -0.00089300 -0.08307700
v 0.05042300 0.02032700 -0.07881800
v 0.05100100 0.01507000 -0.07972200
v 0.05119500 0.00971700 -0.08002500
v 0.05100100 0.00436400 -0.07972200
v 0.05042300 -0.00089300 -0.07881800
v 0.05738200 0.02032700 -0.07390700
v 0.05804000 0.01507000 -0.07475400
v 0.05826000 0.00971700 -0.07503800
v 0.05804000 0.00436400 -0.07475400
v 0.05738200 -0.00089300 -0.07390700
v 0.06386500 0.02032700 -0.06838200
v 0.06459700 0.01507000 -0.06916600
v 0.06484300 0.00971700 -0.06942900
v 0.06459700 0.00436400 -0.06916600
v 0.06386500 -0.00089300 -0.06838200
v 0.06981800 0.02032700 -0.06229100
v 0.07061900 0.01507000 -0.06300600
v 0.07088700 0.00971700 -0.06324500
v 0.07061900 0.00436400 -0.06300600
v 0.06981800 -0.00089300 -0.06229100
v 0.07519400 0.02032700 -0.05568400
v 0.07605600 0.01507000 -0.05632300
v 0.07634500 0.00971700 -0.05653700
v 0.07605600 0.00436400 -0.05632300
v 0.07519400 -0.00089300 -0.05568400
v 0.07994600 0.02032700 -0.04861600
v 0.08086200 0.01507000 -0.04917400
v 0.08117000 0.00971700 -0.04936000
v 0.08086200 0.00436400 -0.04917400
v 0.07994600 -0.00089300 -0.04861600
v 0.08403500 0.02032700 -0.04114500
v 0.08499900 0.01507000 -0.04161700
v 0.08532200 0.00971700 -0.04177500
v 0.08499900 0.00436400 -0.04161700
v 0.08403500 -0.00089300 -0.04114500
v 0.08742900 0.02032700 -0.03333300
v 0.08843100 0.01507000 -0.03371500
v 0.08876700 0.00971700 -0.03384300
v 0.08843100 0.00436400 -0.03371500
v 0.08742900 -0.00089300 -0.03333300
v 0.09009800 0.02032700 -0.02524400
v 0.09113100 0.01507000 -0.02553400
v 0.09147700 0.00971700 -0.02563100
v 0.09113100 0.00436400 -0.02553400
v 0.09009800 -0.00089300 -0.02524400
v 0.09202000 0.02032700 -0.01694700
v 0.09307500 0.01507000 -0.01714100
v 0.09342900 0.00971700 -0.01720600
v 0.09307500 0.00436400 -0.01714100
v 0.09202000 -0.00089300 -0.01694700
v 0.09318000 0.02032700 -0.00850900
v 0.09424800 0.01507000 -0.00860600
v 0.09460600 0.00971700 -0.00863900
v 0.09424800 0.00436400 -0.00860600
v 0.09318000 -0.00089300 -0.00850900
vn -95.63047600 -0.00000000 29.23717000
vn -95.63047600 -0.00000000 29.23717000
vn -40.44383800 -70.71067800 -58.00255100
vn -39.85735800 -70.71067800 -58.40711400
vn -95.79139700 -0.00000000 -28.70554300
vn -39.33465700 -70.71067800 -58.76040100
vn -80.80990000 -0.00000000 -58.90466900
vn -54.73145700 -0.00000000 -83.69269800
vn -38.70098400 -70.71067800 -59.17967400
vn -54.73145700 -0.00000000 -83.69269800
vn -38.70098400 70.71067800 -59.17967400
vn -54.73145700 -0.00000000 -83.69269800
vn -54.73145700 -0.00000000 -83.69269800
vn -80.80990000 -0.00000000 -58.90466900
vn -39.33465700 70.71067800 -58.76040100
vn -95.79139700 -0.00000000 -28.70554300
vn -39.85735800 70.71067800 -58.40711400
vn -95.63047600 -0.00000000 29.23717000
vn -95.63047600 -0.00000000 29.23717000
vn -40.44383800 70.71067800 -58.00255100
vn -84.60875900 -0.00000000 -53.30438900
vn -99.12024400 -0.00000000 -13.23545700
vn -41.27342600 70.71067800 -57.41519200
vn -95.63047600 -0.00000000 29.23717000
vn -42.10299100 70.71067800 -56.80966600
vn -95.63047600 -0.00000000 29.23717000
vn -95.63047600 -0.00000000 29.23717000
vn -95.63047600 -0.00000000 29.23717000
vn -95.63047600 -0.00000000 29.23717000
vn -42.10299100 -70.71067800 -56.80966600
vn -96.92640000 -0.00000000 -24.60229500
vn -42.70386500 70.71067800 -56.35938100
vn -43.23122500 70.71067800 -55.95588600
vn -84.52990000 -0.00000000 -53.42935600
vn -43.86677600 70.71067800 -55.45904800
vn -62.03698900 -0.00000000 -78.43093800
vn -62.03698900 -0.00000000 -78.43093800
vn -62.03698900 -0.00000000 -78.43093800
vn -43.86677600 -70.71067800 -55.45904800
vn -62.03698900 -0.00000000 -78.43093800
vn -43.23122500 -70.71067800 -55.95588600
vn -84.52990000 -0.00000000 -53.42935600
vn -96.92640000 -0.00000000 -24.60229500
vn -42.70386500 -70.71067800 -56.35938100
vn -87.65484500 -0.00000000 -48.13136400
vn -99.47285900 -0.00000000 -10.25428200
vn -48.02659300 70.71067800 -51.89842300
vn -67.91986000 -0.00000000 -73.39545400
vn -73.39545400 -0.00000000 -67.91986000
vn -51.89842300 70.71067800 -48.02659300
vn -78.43093800 -0.00000000 -62.03698900
vn -78.43093800 -0.00000000 -62.03698900
vn -55.45904800 70.71067800 -43.86677600
vn -78.43093800 -0.00000000 -62.03698900
vn -78.43093800 -0.00000000 -62.03698900
vn -55.45904800 -70.71067800 -43.86677600
vn -73.39545400 -0.00000000 -67.91986000
vn -51.89842300 -70.71067800 -48.02659300
vn -67.91986000 -0.00000000 -73.39545400
vn -48.02659300 -70.71067800 -51.89842300
vn 0.00000000 -100.00000000 0.00000000
vn 0.00000000 -70.71067800 70.71067800
vn 0.00000000 -70.71067800 70.71067800
vn -8.36317600 -70.71067800 70.21436700
vn 0.00000000 -100.00000000 0.00000000
vn -16.60895200 -70.71067800 68.73239900
vn 0.00000000 -100.00000000 0.00000000
vn 0.00000000 -100.00000000 0.00000000
vn -24.62157400 -70.71067800 66.28558000
vn -32.28856300 -70.71067800 62.90825600
vn 0.00000000 -100.00000000 0.00000000
vn -39.50229200 -70.71067800 58.64783800
vn 0.00000000 -100.00000000 0.00000000
vn 0.00000000 -100.00000000 0.00000000
vn -46.16149500 -70.71067800 53.56413400
vn 0.00000000 -100.00000000 0.00000000
vn -52.17269100 -70.71067800 47.72850600
vn -57.45149800 -70.71067800 41.22287400
vn 0.00000000 -100.00000000 0.00000000
vn -61.92381200 -70.71067800 34.13856400
vn 0.00000000 -100.00000000 0.00000000
vn 0.00000000 -100.00000000 0.00000000
vn -65.52685100 -70.71067800 26.57502300
vn 0.00000000 -100.00000000 0.00000000
vn -68.21003600 -70.71067800 18.63842700
vn -69.93570200 -70.71067800 10.44018900
vn 0.00000000 -100.00000000 0.00000000
vn -70.67962500 -70.71067800 2.09539300
vn 0.00000000 -100.00000000 0.00000000
vn 0.00000000 -100.00000000 0.00000000
vn -70.43136000 -70.71067800 -6.27881800
vn 0.00000000 -100.00000000 0.00000000
vn -69.19439300 -70.71067800 -14.56488800
vn -66.98608900 -70.71067800 -22.64649900
vn 0.00000000 -100.00000000 0.00000000
vn 0.00000000 -100.00000000 0.00000000
vn -63.83744700 -70.71067800 -30.41020200
vn -59.79266700 -70.71067800 -37.74701300
vn 0.00000000 -100.00000000 0.00000000
vn 0.00000000 -100.00000000 0.00000000
vn -54.90852900 -70.71067800 -44.55393900
vn 0.00000000 -100.00000000 0.00000000
vn -49.25359600 -70.71067800 -50.73542500
vn -42.90725000 -70.71067800 -56.20469700
vn 0.00000000 -100.00000000 0.00000000
vn -35.95858000 -70.71067800 -60.88497800
vn 0.00000000 -100.00000000 0.00000000
vn 0.00000000 -100.00000000 0.00000000
vn -28.50513100 -70.71067800 -64.71056700
vn -20.65153200 -70.71067800 -67.62776200
vn 0.00000000 -100.00000000 0.00000000
vn -12.50803100 -70.71067800 -69.59561200
vn 0.00000000 -100.00000000 0.00000000
vn -4.18894500 -70.71067800 -70.58649100
vn 0.00000000 -100.00000000 0.00000000
vn 4.18894500 -70.71067800 -70.58649100
vn 0.00000000 -100.00000000 0.00000000
vn 12.50803100 -70.71067800 -69.59561200
vn 0.00000000 -100.00000000 0.00000000
vn 20.65153200 -70.71067800 -67.62776200
vn 0.00000000 -100.00000000 0.00000000
vn 28.50513100 -70.71067800 -64.71056700
vn 0.00000000 -100.00000000 0.00000000
vn 35.95858000 -70.71067800 -60.88497800
vn 0.00000000 -100.00000000 0.00000000
vn 0.00000000 -100.00000000 0.00000000
vn 42.90725000 -70.71067800 -56.20469700
vn 49.25359600 -70.71067800 -50.73542500
vn 0.00000000 -100.00000000 0.00000000
vn 54.90852900 -70.71067800 -44.55393900
vn 0.00000000 -100.00000000 0.00000000
vn 0.00000000 -100.00000000 0.00000000
vn 59.79266700 -70.71067800 -37.74701300
vn 0.00000000 -100.00000000 0.00000000
vn 63.83744700 -70.71067800 -30.41020200
vn 0.00000000 -100.00000000 0.00000000
vn 66.98608900 -70.71067800 -22.64649900
vn 69.19439300 -70.71067800 -14.56488800
vn 0.00000000 -100.00000000 0.00000000
vn 0.00000000 -100.00000000 0.00000000
vn 70.43136000 -70.71067800 -6.27881800
vn 0.00000000 -100.00000000 0.00000000
vn 70.67962500 -70.71067800 2.09539300
vn 0.00000000 -100.00000000 0.00000000
vn 69.93570200 -70.71067800 10.44018900
vn 0.00000000 -100.00000000 0.00000000
vn 68.21003600 -70.71067800 18.63842700
vn 0.00000000 -100.00000000 0.00000000
vn 65.52685100 -70.71067800 26.57502300
vn 0.00000000 -100.00000000 0.00000000
vn 61.92381200 -70.71067800 34.13856400
vn 57.45149800 -70.71067800 41.22287400
vn 0.00000000 -100.00000000 0.00000000
vn 52.17269100 -70.71067800 47.72850600
vn 0.00000000 -100.00000000 0.00000000
vn 46.16149500 -70.71067800 53.56413400
vn 0.00000000 -100.00000000 0.00000000
vn 0.00000000 -100.00000000 0.00000000
vn 39.50229200 -70.71067800 58.64783800
vn 0.00000000 -100.00000000 0.00000000
vn 32.28856300 -70.71067800 62.90825600
vn 24.62157400 -70.71067800 66.28558000
vn 0.00000000 -100.00000000 0.00000000
vn 16.60895200 -70.71067800 68.73239900
vn 0.00000000 -100.00000000 0.00000000
vn 0.00000000 -100.00000000 0.00000000
vn 8.36317600 -70.71067800 70.21436700
vn -11.59227200 0.00000000 99.32582400
vn -11.59227200 0.00000000 99.32582400
vn -8.19697400 -70.71067800 70.23396300
vn -2.73779700 -70.71067800 70.65765700
vn -2.73779700 -70.71067800 70.65765700
vn -3.87183000 0.00000000 99.92501700
vn 2.73779700 -70.71067800 70.65765700
vn 3.87183000 0.00000000 99.92501700
vn 8.19697400 -70.71067800 70.23396300
vn 11.59227200 0.00000000 99.32582400
vn 11.59227200 0.00000000 99.32582400
vn 8.99769500 -70.71067800 70.13587900
vn -21.99140500 0.00000000 97.55192500
vn 9.65590800 -70.71067800 70.04829400
vn -51.14086500 0.00000000 85.93376500
vn 10.39919000 -70.71067800 69.94181000
vn -88.29475900 -0.00000000 46.94715600
vn -88.29475900 -0.00000000 46.94715600
vn 12.41588500 -70.71067800 69.61211000
vn -88.29475900 -0.00000000 46.94715600
vn -88.29475900 -0.00000000 46.94715600
vn 13.11665800 -70.71067800 69.48347500
vn -47.43686200 0.00000000 88.03263100
vn 13.73607500 -70.71067800 69.36368100
vn -15.48933800 0.00000000 98.79311900
vn 14.48062100 -70.71067800 69.21207700
vn 20.47869000 0.00000000 97.88065800
vn 20.47869000 0.00000000 97.88065800
vn 32.45614600 0.00000000 94.58646100
vn 22.94996100 -70.71067800 66.88272800
vn 31.06515800 -70.71067800 63.52130300
vn 43.93276700 0.00000000 89.83268900
vn 54.73145700 0.00000000 83.69269800
vn 38.70098400 -70.71067800 59.17967400
vn 54.73145700 0.00000000 83.69269800
vn 80.80990000 0.00000000 58.90466900
vn 39.33465700 -70.71067800 58.76040100
vn 39.85735800 -70.71067800 58.40711400
vn 95.79139700 0.00000000 28.70554300
vn 40.44383800 -70.71067800 58.00255100
vn 95.63047600 0.00000000 -29.23717000
vn 95.63047600 0.00000000 -29.23717000
vn 42.10299100 -70.71067800 56.80966600
vn 95.63047600 0.00000000 -29.23717000
vn 95.63047600 0.00000000 -29.23717000
vn 96.92640000 0.00000000 24.60229500
vn 42.70386500 -70.71067800 56.35938100
vn 84.52990000 0.00000000 53.42935600
vn 43.23122500 -70.71067800 55.95588600
vn 43.86677600 -70.71067800 55.45904800
vn 62.03698900 0.00000000 78.43093800
vn 62.03698900 0.00000000 78.43093800
vn 67.91986000 0.00000000 73.39545400
vn 48.02659300 -70.71067800 51.89842300
vn 51.89842300 -70.71067800 48.02659300
vn 73.39545400 0.00000000 67.91986000
vn 78.43093800 0.00000000 62.03698900
vn 78.43093800 0.00000000 62.03698900
vn 55.45904800 -70.71067800 43.86677600
vn 53.42935600 0.00000000 84.52990000
vn 55.95588600 -70.71067800 43.23122500
vn 56.35938100 -70.71067800 42.70386500
vn 24.60229500 0.00000000 96.92640000
vn -29.23717000 0.00000000 95.63047600
vn -29.23717000 0.00000000 95.63047600
vn 56.80966600 -70.71067800 42.10299100
vn -29.23717000 0.00000000 95.63047600
vn 58.00255100 -70.71067800 40.44383800
vn -29.23717000 0.00000000 95.63047600
vn 28.70554300 0.00000000 95.79139700
vn 58.40711400 -70.71067800 39.85735800
vn 58.90466900 0.00000000 80.80990000
vn 58.76040100 -70.71067800 39.33465700
vn 83.69269800 0.00000000 54.73145700
vn 83.69269800 0.00000000 54.73145700
vn 59.17967400 -70.71067800 38.70098400
vn 63.52130300 -70.71067800 31.06515800
vn 89.83268900 0.00000000 43.93276700
vn 94.58646100 0.00000000 32.45614600
vn 66.88272800 -70.71067800 22.94996100
vn 69.21207700 -70.71067800 14.48062100
vn 97.88065800 0.00000000 20.47869000
vn 97.88065800 0.00000000 20.47869000
vn 69.36368100 -70.71067800 13.73607500
vn 98.79311900 0.00000000 -15.48933800
vn 88.03263100 0.00000000 -47.43686200
vn 69.48347500 -70.71067800 13.11665800
vn 46.94715600 -0.00000000 -88.29475900
vn 69.61211000 -70.71067800 12.41588500
vn 46.94715600 -0.00000000 -88.29475900
vn 46.94715600 -0.00000000 -88.29475900
vn 69.94181000 -70.71067800 10.39919000
vn 46.94715600 -0.00000000 -88.29475900
vn 85.93376500 0.00000000 -51.14086500
vn 70.04829400 -70.71067800 9.65590800
vn 70.13587900 -70.71067800 8.99769500
vn 97.55192500 0.00000000 -21.99140500
vn 99.32582400 0.00000000 11.59227200
vn 70.23396300 -70.71067800 8.19697400
vn 99.32582400 0.00000000 11.59227200
vn 70.65765700 -70.71067800 2.73779700
vn 99.92501700 0.00000000 3.87183000
vn 70.65765700 -70.71067800 -2.73779700
vn 99.92501700 0.00000000 -3.87183000
vn 70.23396300 -70.71067800 -8.19697400
vn 99.32582400 0.00000000 -11.59227200
vn 99.32582400 0.00000000 -11.59227200
vn 70.13587900 -70.71067800 -8.99769500
vn 97.55192500 0.00000000 21.99140500
vn 85.93376500 0.00000000 51.14086500
vn 70.04829400 -70.71067800 -9.65590800
vn 46.94715600 0.00000000 88.29475900
vn 46.94715600 0.00000000 88.29475900
vn 69.94181000 -70.71067800 -10.39919000
vn 69.61211000 -70.71067800 -12.41588500
vn 46.94715600 0.00000000 88.29475900
vn 46.94715600 0.00000000 88.29475900
vn 88.03263100 0.00000000 47.43686200
vn 69.48347500 -70.71067800 -13.11665800
vn 98.79311900 0.00000000 15.48933800
vn 69.36368100 -70.71067800 -13.73607500
vn 69.21207700 -70.71067800 -14.48062100
vn 97.88065800 0.00000000 -20.47869000
vn 97.88065800 0.00000000 -20.47869000
vn 66.88272800 -70.71067800 -22.94996100
vn 94.58646100 0.00000000 -32.45614600
vn 63.52130300 -70.71067800 -31.06515800
vn 89.83268900 0.00000000 -43.93276700
vn 83.69269800 0.00000000 -54.73145700
vn 83.69269800 0.00000000 -54.73145700
vn 59.17967400 -70.71067800 -38.70098400
vn 58.90466900 -0.00000000 -80.80990000
vn 58.76040100 -70.71067800 -39.33465700
vn 28.70554300 -0.00000000 -95.79139700
vn 58.40711400 -70.71067800 -39.85735800
vn -29.23717000 -0.00000000 -95.63047600
vn -29.23717000 -0.00000000 -95.63047600
vn 58.00255100 -70.71067800 -40.44383800
vn 56.80966600 -70.71067800 -42.10299100
vn -29.23717000 -0.00000000 -95.63047600
vn -29.23717000 -0.00000000 -95.63047600
vn 24.60229500 -0.00000000 -96.92640000
vn 56.35938100 -70.71067800 -42.70386500
vn 53.42935600 -0.00000000 -84.52990000
vn 55.95588600 -70.71067800 -43.23122500
vn 78.43093800 0.00000000 -62.03698900
vn 78.43093800 0.00000000 -62.03698900
vn 55.45904800 -70.71067800 -43.86677600
vn 51.89842300 -70.71067800 -48.02659300
vn 73.39545400 0.00000000 -67.91986000
vn 48.02659300 -70.71067800 -51.89842300
vn 67.91986000 0.00000000 -73.39545400
vn 43.86677600 -70.71067800 -55.45904800
vn 62.03698900 -0.00000000 -78.43093800
vn 62.03698900 -0.00000000 -78.43093800
vn 84.52990000 0.00000000 -53.42935600
vn 43.23122500 -70.71067800 -55.95588600
vn 96.92640000 0.00000000 -24.60229500
vn 42.70386500 -70.71067800 -56.35938100
vn 95.63047600 0.00000000 29.23717000
vn 95.63047600 0.00000000 29.23717000
vn 42.10299100 -70.71067800 -56.80966600
vn 40.44383800 -70.71067800 -58.00255100
vn 95.63047600 0.00000000 29.23717000
vn 95.63047600 0.00000000 29.23717000
vn 39.85735800 -70.71067800 -58.40711400
vn 95.79139700 0.00000000 -28.70554300
vn 39.33465700 -70.71067800 -58.76040100
vn 80.80990000 0.00000000 -58.90466900
vn 38.70098400 -70.71067800 -59.17967400
vn 54.73145700 -0.00000000 -83.69269800
vn 54.73145700 -0.00000000 -83.69269800
vn 43.93276700 -0.00000000 -89.83268900
vn 31.06515800 -70.71067800 -63.52130300
vn 22.94996100 -70.71067800 -66.88272800
vn 32.45614600 -0.00000000 -94.58646100
vn 14.48062100 -70.71067800 -69.21207700
vn 20.47869000 -0.00000000 -97.88065800
vn 20.47869000 -0.00000000 -97.88065800
vn -15.48933800 -0.00000000 -98.79311900
vn 13.73607500 -70.71067800 -69.36368100
vn -47.43686200 -0.00000000 -88.03263100
vn 13.11665800 -70.71067800 -69.48347500
vn 12.41588500 -70.71067800 -69.61211000
vn -88.29475900 -0.00000000 -46.94715600
vn -88.29475900 -0.00000000 -46.94715600
vn -88.29475900 -0.00000000 -46.94715600
vn 10.39919000 -70.71067800 -69.94181000
vn -88.29475900 -0.00000000 -46.94715600
vn 9.65590800 -70.71067800 -70.04829400
vn -51.14086500 -0.00000000 -85.93376500
vn 8.99769500 -70.71067800 -70.13587900
vn -21.99140500 -0.00000000 -97.55192500
vn 11.59227200 -0.00000000 -99.32582400
vn 11.59227200 -0.00000000 -99.32582400
vn 8.19697400 -70.71067800 -70.23396300
vn 3.87183000 -0.00000000 -99.92501700
vn 2.73779700 -70.71067800 -70.65765700
vn -2.73779700 -70.71067800 -70.65765700
vn -3.87183000 -0.00000000 -99.92501700
vn -11.59227200 -0.00000000 -99.32582400
vn -8.19697400 -70.71067800 -70.23396300
vn -11.59227200 -0.00000000 -99.32582400
vn 21.99140500 -0.00000000 -97.55192500
vn -8.99769500 -70.71067800 -70.13587900
vn 51.14086500 -0.00000000 -85.93376500
vn -9.65590800 -70.71067800 -70.04829400
vn -10.39919000 -70.71067800 -69.94181000
vn 88.29475900 0.00000000 -46.94715600
vn 88.29475900 0.00000000 -46.94715600
vn -12.41588500 -70.71067800 -69.61211000
vn 88.29475900 0.00000000 -46.94715600
vn 88.29475900 0.00000000 -46.94715600
vn 47.43686200 -0.00000000 -88.03263100
vn -13.11665800 -70.71067800 -69.48347500
vn 15.48933800 -0.00000000 -98.79311900
vn -13.73607500 -70.71067800 -69.36368100
vn -20.47869000 -0.00000000 -97.88065800
vn -14.48062100 -70.71067800 -69.21207700
vn -20.47869000 -0.00000000 -97.88065800
vn -22.94996100 -70.71067800 -66.88272800
vn -32.45614600 -0.00000000 -94.58646100
vn -43.93276700 -0.00000000 -89.83268900
vn -31.06515800 -70.71067800 -63.52130300
vn -53.42935600 -0.00000000 -84.52990000
vn -55.95588600 -70.71067800 -43.23122500
vn -56.35938100 -70.71067800 -42.70386500
vn -24.60229500 -0.00000000 -96.92640000
vn 29.23717000 -0.00000000 -95.63047600
vn 29.23717000 -0.00000000 -95.63047600
vn -56.80966600 -70.71067800 -42.10299100
vn 29.23717000 -0.00000000 -95.63047600
vn -58.00255100 -70.71067800 -40.44383800
vn 29.23717000 -0.00000000 -95.63047600
vn -58.40711400 -70.71067800 -39.85735800
vn -28.70554300 -0.00000000 -95.79139700
vn -58.90466900 -0.00000000 -80.80990000
vn -58.76040100 -70.71067800 -39.33465700
vn -83.69269800 -0.00000000 -54.73145700
vn -83.69269800 -0.00000000 -54.73145700
vn -59.17967400 -70.71067800 -38.70098400
vn -89.83268900 -0.00000000 -43.93276700
vn -63.52130300 -70.71067800 -31.06515800
vn -94.58646100 -0.00000000 -32.45614600
vn -66.88272800 -70.71067800 -22.94996100
vn -69.21207700 -70.71067800 -14.48062100
vn -97.88065800 -0.00000000 -20.47869000
vn -97.88065800 -0.00000000 -20.47869000
vn -98.79311900 -0.00000000 15.48933800
vn -69.36368100 -70.71067800 -13.73607500
vn -69.48347500 -70.71067800 -13.11665800
vn -88.03263100 -0.00000000 47.43686200
vn -69.61211000 -70.71067800 -12.41588500
vn -46.94715600 0.00000000 88.29475900
vn -46.94715600 0.00000000 88.29475900
vn -69.94181000 -70.71067800 -10.39919000
vn -46.94715600 0.00000000 88.29475900
vn -46.94715600 0.00000000 88.29475900
vn -85.93376500 -0.00000000 51.14086500
vn -70.04829400 -70.71067800 -9.65590800
vn -70.13587900 -70.71067800 -8.99769500
vn -97.55192500 -0.00000000 21.99140500
vn -99.32582400 -0.00000000 -11.59227200
vn -70.23396300 -70.71067800 -8.19697400
vn -99.32582400 -0.00000000 -11.59227200
vn -70.65765700 -70.71067800 -2.73779700
vn -99.92501700 -0.00000000 -3.87183000
vn -99.92501700 -0.00000000 3.87183000
vn -70.65765700 -70.71067800 2.73779700
vn -70.23396300 -70.71067800 8.19697400
vn -99.32582400 -0.00000000 11.59227200
vn -99.32582400 -0.00000000 11.59227200
vn -70.13587900 -70.71067800 8.99769500
vn -97.55192500 -0.00000000 -21.99140500
vn -85.93376500 -0.00000000 -51.14086500
vn -70.04829400 -70.71067800 9.65590800
vn -69.94181000 -70.71067800 10.39919000
vn -46.94715600 -0.00000000 -88.29475900
vn -46.94715600 -0.00000000 -88.29475900
vn -69.61211000 -70.71067800 12.41588500
vn -46.94715600 -0.00000000 -88.29475900
vn -46.94715600 -0.00000000 -88.29475900
vn -88.03263100 -0.00000000 -47.43686200
vn -69.48347500 -70.71067800 13.11665800
vn -69.36368100 -70.71067800 13.73607500
vn -98.79311900 -0.00000000 -15.48933800
vn -97.88065800 -0.00000000 20.47869000
vn -69.21207700 -70.71067800 14.48062100
vn -97.88065800 -0.00000000 20.47869000
vn -66.88272800 -70.71067800 22.94996100
vn -94.58646100 -0.00000000 32.45614600
vn -63.52130300 -70.71067800 31.06515800
vn -89.83268900 -0.00000000 43.93276700
vn -83.69269800 -0.00000000 54.73145700
vn -83.69269800 -0.00000000 54.73145700
vn -59.17967400 -70.71067800 38.70098400
vn -58.76040100 -70.71067800 39.33465700
vn -58.90466900 0.00000000 80.80990000
vn -28.70554300 0.00000000 95.79139700
vn -58.40711400 -70.71067800 39.85735800
vn 29.23717000 0.00000000 95.63047600
vn 29.23717000 0.00000000 95.63047600
vn -58.00255100 -70.71067800 40.44383800
vn -56.80966600 -70.71067800 42.10299100
vn 29.23717000 0.00000000 95.63047600
vn 29.23717000 0.00000000 95.63047600
vn -56.35938100 -70.71067800 42.70386500
vn -24.60229500 0.00000000 96.92640000
vn -55.95588600 -70.71067800 43.23122500
vn -53.42935600 0.00000000 84.52990000
vn -78.43093800 -0.00000000 62.03698900
vn -55.45904800 -70.71067800 43.86677600
vn -78.43093800 -0.00000000 62.03698900
vn -73.39545400 -0.00000000 67.91986000
vn -51.89842300 -70.71067800 48.02659300
vn -67.91986000 -0.00000000 73.39545400
vn -48.02659300 -70.71067800 51.89842300
vn -43.86677600 -70.71067800 55.45904800
vn -62.03698900 0.00000000 78.43093800
vn -62.03698900 0.00000000 78.43093800
vn -43.23122500 -70.71067800 55.95588600
vn -84.52990000 -0.00000000 53.42935600
vn -42.70386500 -70.71067800 56.35938100
vn -96.92640000 -0.00000000 24.60229500
vn -95.63047600 -0.00000000 -29.23717000
vn -42.10299100 -70.71067800 56.80966600
vn -95.63047600 -0.00000000 -29.23717000
vn -95.63047600 -0.00000000 -29.23717000
vn -40.44383800 -70.71067800 58.00255100
vn -95.63047600 -0.00000000 -29.23717000
vn -95.79139700 -0.00000000 28.70554300
vn -39.85735800 -70.71067800 58.40711400
vn -80.80990000 -0.00000000 58.90466900
vn -39.33465700 -70.71067800 58.76040100
vn -54.73145700 0.00000000 83.69269800
vn -54.73145700 0.00000000 83.69269800
vn -38.70098400 -70.71067800 59.17967400
vn -43.93276700 0.00000000 89.83268900
vn -31.06515800 -70.71067800 63.52130300
vn -32.45614600 0.00000000 94.58646100
vn -22.94996100 -70.71067800 66.88272800
vn -20.47869000 0.00000000 97.88065800
vn -14.48062100 -70.71067800 69.21207700
vn -20.47869000 0.00000000 97.88065800
vn 15.48933800 0.00000000 98.79311900
vn -13.73607500 -70.71067800 69.36368100
vn 47.43686200 0.00000000 88.03263100
vn -13.11665800 -70.71067800 69.48347500
vn 88.29475900 0.00000000 46.94715600
vn 88.29475900 0.00000000 46.94715600
vn -12.41588500 -70.71067800 69.61211000
vn 88.29475900 0.00000000 46.94715600
vn 88.29475900 0.00000000 46.94715600
vn -10.39919000 -70.71067800 69.94181000
vn -9.65590800 -70.71067800 70.04829400
vn 51.14086500 0.00000000 85.93376500
vn -8.99769500 -70.71067800 70.13587900
vn 21.99140500 0.00000000 97.55192500
vn -55.95588600 70.71067800 -43.23122500
vn -53.42935600 -0.00000000 -84.52990000
vn -56.35938100 70.71067800 -42.70386500
vn -24.60229500 -0.00000000 -96.92640000
vn 29.23717000 -0.00000000 -95.63047600
vn 29.23717000 -0.00000000 -95.63047600
vn -56.80966600 70.71067800 -42.10299100
vn -48.13136400 -0.00000000 -87.65484500
vn -10.25428200 -0.00000000 -99.47285900
vn -0.00000000 100.00000000 -0.00000000
vn -0.00000000 70.71067800 70.71067800
vn -0.00000000 70.71067800 70.71067800
vn -0.00000000 100.00000000 -0.00000000
vn 8.36317600 70.71067800 70.21436700
vn 16.60895200 70.71067800 68.73239900
vn -0.00000000 100.00000000 -0.00000000
vn -0.00000000 100.00000000 -0.00000000
vn 24.62157400 70.71067800 66.28558000
vn -0.00000000 100.00000000 -0.00000000
vn 32.28856300 70.71067800 62.90825600
vn 39.50229200 70.71067800 58.64783800
vn -0.00000000 100.00000000 -0.00000000
vn -0.00000000 100.00000000 -0.00000000
vn 46.16149500 70.71067800 53.56413400
vn 52.17269100 70.71067800 47.72850600
vn -0.00000000 100.00000000 -0.00000000
vn -0.00000000 100.00000000 -0.00000000
vn 57.45149800 70.71067800 41.22287400
vn 61.92381200 70.71067800 34.13856400
vn -0.00000000 100.00000000 -0.00000000
vn -0.00000000 100.00000000 -0.00000000
vn 65.52685100 70.71067800 26.57502300
vn 68.21003600 70.71067800 18.63842700
vn -0.00000000 100.00000000 -0.00000000
vn 69.93570200 70.71067800 10.44018900
vn -0.00000000 100.00000000 -0.00000000
vn 70.67962500 70.71067800 2.09539300
vn -0.00000000 100.00000000 -0.00000000
vn -0.00000000 100.00000000 -0.00000000
vn 70.43136000 70.71067800 -6.27881800
vn 69.19439300 70.71067800 -14.56488800
vn -0.00000000 100.00000000 -0.00000000
vn -0.00000000 100.00000000 -0.00000000
vn 66.98608900 70.71067800 -22.64649900
vn -0.00000000 100.00000000 -0.00000000
vn 63.83744700 70.71067800 -30.41020200
vn -0.00000000 100.00000000 -0.00000000
vn 59.79266700 70.71067800 -37.74701300
vn -0.00000000 100.00000000 -0.00000000
vn 54.90852900 70.71067800 -44.55393900
vn 49.25359600 70.71067800 -50.73542500
vn -0.00000000 100.00000000 -0.00000000
vn 42.90725000 70.71067800 -56.20469700
vn -0.00000000 100.00000000 -0.00000000
vn -0.00000000 100.00000000 -0.00000000
vn 35.95858000 70.71067800 -60.88497800
vn 28.50513100 70.71067800 -64.71056700
vn -0.00000000 100.00000000 -0.00000000
vn 20.65153200 70.71067800 -67.62776200
vn -0.00000000 100.00000000 -0.00000000
vn 12.50803100 70.71067800 -69.59561200
vn -0.00000000 100.00000000 -0.00000000
vn -0.00000000 100.00000000 -0.00000000
vn 4.18894500 70.71067800 -70.58649100
vn -0.00000000 100.00000000 -0.00000000
vn -4.18894500 70.71067800 -70.58649100
vn -0.00000000 100.00000000 -0.00000000
vn -12.50803100 70.71067800 -69.59561200
vn -0.00000000 100.00000000 -0.00000000
vn -20.65153200 70.71067800 -67.62776200
vn -28.50513100 70.71067800 -64.71056700
vn -0.00000000 100.00000000 -0.00000000
vn -0.00000000 100.00000000 -0.00000000
vn -35.95858000 70.71067800 -60.88497800
vn -0.00000000 100.00000000 -0.00000000
vn -42.90725000 70.71067800 -56.20469700
vn -49.25359600 70.71067800 -50.73542500
vn -0.00000000 100.00000000 -0.00000000
vn -0.00000000 100.00000000 -0.00000000
vn -54.90852900 70.71067800 -44.55393900
vn -0.00000000 100.00000000 -0.00000000
vn -59.79266700 70.71067800 -37.74701300
vn -63.83744700 70.71067800 -30.41020200
vn -0.00000000 100.00000000 -0.00000000
vn -66.98608900 70.71067800 -22.64649900
vn -0.00000000 100.00000000 -0.00000000
vn -0.00000000 100.00000000 -0.00000000
vn -69.19439300 70.71067800 -14.56488800
vn -70.43136000 70.71067800 -6.27881800
vn -0.00000000 100.00000000 -0.00000000
vn -70.67962500 70.71067800 2.09539300
vn -0.00000000 100.00000000 -0.00000000
vn -0.00000000 100.00000000 -0.00000000
vn -69.93570200 70.71067800 10.44018900
vn -0.00000000 100.00000000 -0.00000000
vn -68.21003600 70.71067800 18.63842700
vn -65.52685100 70.71067800 26.57502300
vn -0.00000000 100.00000000 -0.00000000
vn -61.92381200 70.71067800 34.13856400
vn -0.00000000 100.00000000 -0.00000000
vn -57.45149800 70.71067800 41.22287400
vn -0.00000000 100.00000000 -0.00000000
vn -52.17269100 70.71067800 47.72850600
vn -0.00000000 100.00000000 -0.00000000
vn -0.00000000 100.00000000 -0.00000000
vn -46.16149500 70.71067800 53.56413400
vn -39.50229200 70.71067800 58.64783800
vn -0.00000000 100.00000000 -0.00000000
vn -0.00000000 100.00000000 -0.00000000
vn -32.28856300 70.71067800 62.90825600
vn -24.62157400 70.71067800 66.28558000
vn -0.00000000 100.00000000 -0.00000000
vn -16.60895200 70.71067800 68.73239900
vn -0.00000000 100.00000000 -0.00000000
vn -0.00000000 100.00000000 -0.00000000
vn -8.36317600 70.71067800 70.21436700
vn 11.59227200 0.00000000 99.32582400
vn 11.59227200 0.00000000 99.32582400
vn 8.19697400 70.71067800 70.23396300
vn 2.73779700 70.71067800 70.65765700
vn 3.87183000 0.00000000 99.92501700
vn 2.73779700 70.71067800 70.65765700
vn -3.87183000 0.00000000 99.92501700
vn -2.73779700 70.71067800 70.65765700
vn -8.19697400 70.71067800 70.23396300
vn -11.59227200 0.00000000 99.32582400
vn -11.59227200 0.00000000 99.32582400
vn 21.99140500 0.00000000 97.55192500
vn -8.99769500 70.71067800 70.13587900
vn -9.65590800 70.71067800 70.04829400
vn 51.14086500 0.00000000 85.93376500
vn -10.39919000 70.71067800 69.94181000
vn 88.29475900 0.00000000 46.94715600
vn 88.29475900 0.00000000 46.94715600
vn -11.41395300 70.71067800 69.78339100
vn 88.29475900 0.00000000 46.94715600
vn 88.29475900 0.00000000 46.94715600
vn -12.41588500 70.71067800 69.61211000
vn 88.29475900 0.00000000 46.94715600
vn 47.43686200 0.00000000 88.03263100
vn -13.11665800 70.71067800 69.48347500
vn 15.48933800 0.00000000 98.79311900
vn -13.73607500 70.71067800 69.36368100
vn -14.48062100 70.71067800 69.21207700
vn -20.47869000 0.00000000 97.88065800
vn -20.47869000 0.00000000 97.88065800
vn -22.94996100 70.71067800 66.88272800
vn -32.45614600 0.00000000 94.58646100
vn -43.93276700 0.00000000 89.83268900
vn -31.06515800 70.71067800 63.52130300
vn -54.73145700 0.00000000 83.69269800
vn -54.73145700 0.00000000 83.69269800
vn -38.70098400 70.71067800 59.17967400
vn -80.80990000 -0.00000000 58.90466900
vn -39.33465700 70.71067800 58.76040100
vn -39.85735800 70.71067800 58.40711400
vn -95.79139700 -0.00000000 28.70554300
vn -40.44383800 70.71067800 58.00255100
vn -95.63047600 -0.00000000 -29.23717000
vn -95.63047600 -0.00000000 -29.23717000
vn -41.27342600 70.71067800 57.41519200
vn -95.63047600 -0.00000000 -29.23717000
vn -42.10299100 70.71067800 56.80966600
vn -95.63047600 -0.00000000 -29.23717000
vn -95.63047600 -0.00000000 -29.23717000
vn -42.70386500 70.71067800 56.35938100
vn -96.92640000 -0.00000000 24.60229500
vn -43.23122500 70.71067800 55.95588600
vn -84.52990000 -0.00000000 53.42935600
vn -43.86677600 70.71067800 55.45904800
vn -62.03698900 0.00000000 78.43093800
vn -62.03698900 0.00000000 78.43093800
vn -67.91986000 -0.00000000 73.39545400
vn -48.02659300 70.71067800 51.89842300
vn -73.39545400 -0.00000000 67.91986000
vn -51.89842300 70.71067800 48.02659300
vn -55.45904800 70.71067800 43.86677600
vn -78.43093800 -0.00000000 62.03698900
vn -78.43093800 -0.00000000 62.03698900
vn -53.42935600 0.00000000 84.52990000
vn -55.95588600 70.71067800 43.23122500
vn -56.35938100 70.71067800 42.70386500
vn -24.60229500 0.00000000 96.92640000
vn 29.23717000 0.00000000 95.63047600
vn -56.80966600 70.71067800 42.10299100
vn 29.23717000 0.00000000 95.63047600
vn 29.23717000 0.00000000 95.63047600
vn -57.41519200 70.71067800 41.27342600
vn 29.23717000 0.00000000 95.63047600
vn 29.23717000 0.00000000 95.63047600
vn -58.00255100 70.71067800 40.44383800
vn -58.40711400 70.71067800 39.85735800
vn -28.70554300 0.00000000 95.79139700
vn -58.76040100 70.71067800 39.33465700
vn -58.90466900 0.00000000 80.80990000
vn -59.17967400 70.71067800 38.70098400
vn -83.69269800 -0.00000000 54.73145700
vn -83.69269800 -0.00000000 54.73145700
vn -89.83268900 -0.00000000 43.93276700
vn -63.52130300 70.71067800 31.06515800
vn -94.58646100 -0.00000000 32.45614600
vn -66.88272800 70.71067800 22.94996100
vn -97.88065800 -0.00000000 20.47869000
vn -69.21207700 70.71067800 14.48062100
vn -97.88065800 -0.00000000 20.47869000
vn -98.79311900 -0.00000000 -15.48933800
vn -69.36368100 70.71067800 13.73607500
vn -88.03263100 -0.00000000 -47.43686200
vn -69.48347500 70.71067800 13.11665800
vn -46.94715600 -0.00000000 -88.29475900
vn -46.94715600 -0.00000000 -88.29475900
vn -69.61211000 70.71067800 12.41588500
vn -46.94715600 -0.00000000 -88.29475900
vn -69.78339100 70.71067800 11.41395300
vn -46.94715600 -0.00000000 -88.29475900
vn -69.94181000 70.71067800 10.39919000
vn -46.94715600 -0.00000000 -88.29475900
vn -85.93376500 -0.00000000 -51.14086500
vn -70.04829400 70.71067800 9.65590800
vn -70.13587900 70.71067800 8.99769500
vn -97.55192500 -0.00000000 -21.99140500
vn -70.23396300 70.71067800 8.19697400
vn -99.32582400 -0.00000000 11.59227200
vn -99.32582400 -0.00000000 11.59227200
vn -70.65765700 70.71067800 2.73779700
vn -99.92501700 -0.00000000 3.87183000
vn -70.65765700 70.71067800 -2.73779700
vn -99.92501700 -0.00000000 -3.87183000
vn -70.23396300 70.71067800 -8.19697400
vn -99.32582400 -0.00000000 -11.59227200
vn -99.32582400 -0.00000000 -11.59227200
vn -97.55192500 -0.00000000 21.99140500
vn -70.13587900 70.71067800 -8.99769500
vn -85.93376500 -0.00000000 51.14086500
vn -70.04829400 70.71067800 -9.65590800
vn -69.94181000 70.71067800 -10.39919000
vn -46.94715600 0.00000000 88.29475900
vn -46.94715600 0.00000000 88.29475900
vn -69.78339100 70.71067800 -11.41395300
vn -46.94715600 0.00000000 88.29475900
vn -46.94715600 0.00000000 88.29475900
vn -69.61211000 70.71067800 -12.41588500
vn -46.94715600 0.00000000 88.29475900
vn -69.48347500 70.71067800 -13.11665800
vn -88.03263100 -0.00000000 47.43686200
vn -98.79311900 -0.00000000 15.48933800
vn -69.36368100 70.71067800 -13.73607500
vn -97.88065800 -0.00000000 -20.47869000
vn -97.88065800 -0.00000000 -20.47869000
vn -69.21207700 70.71067800 -14.48062100
vn -66.88272800 70.71067800 -22.94996100
vn -94.58646100 -0.00000000 -32.45614600
vn -63.52130300 70.71067800 -31.06515800
vn -89.83268900 -0.00000000 -43.93276700
vn -83.69269800 -0.00000000 -54.73145700
vn -59.17967400 70.71067800 -38.70098400
vn -83.69269800 -0.00000000 -54.73145700
vn -58.90466900 -0.00000000 -80.80990000
vn -58.76040100 70.71067800 -39.33465700
vn -28.70554300 -0.00000000 -95.79139700
vn -58.40711400 70.71067800 -39.85735800
vn 29.23717000 -0.00000000 -95.63047600
vn -58.00255100 70.71067800 -40.44383800
vn 29.23717000 -0.00000000 -95.63047600
vn -57.41519200 70.71067800 -41.27342600
vn 29.23717000 -0.00000000 -95.63047600
vn -31.06515800 70.71067800 -63.52130300
vn -43.93276700 -0.00000000 -89.83268900
vn -22.94996100 70.71067800 -66.88272800
vn -32.45614600 -0.00000000 -94.58646100
vn -14.48062100 70.71067800 -69.21207700
vn -20.47869000 -0.00000000 -97.88065800
vn -20.47869000 -0.00000000 -97.88065800
vn -13.73607500 70.71067800 -69.36368100
vn 15.48933800 -0.00000000 -98.79311900
vn -13.11665800 70.71067800 -69.48347500
vn 47.43686200 -0.00000000 -88.03263100
vn -12.41588500 70.71067800 -69.61211000
vn 88.29475900 0.00000000 -46.94715600
vn 88.29475900 0.00000000 -46.94715600
vn -11.41395300 70.71067800 -69.78339100
vn 88.29475900 0.00000000 -46.94715600
vn 88.29475900 0.00000000 -46.94715600
vn 88.29475900 0.00000000 -46.94715600
vn -10.39919000 70.71067800 -69.94181000
vn 51.14086500 -0.00000000 -85.93376500
vn -9.65590800 70.71067800 -70.04829400
vn -8.99769500 70.71067800 -70.13587900
vn 21.99140500 -0.00000000 -97.55192500
vn -8.19697400 70.71067800 -70.23396300
vn -11.59227200 -0.00000000 -99.32582400
vn -11.59227200 -0.00000000 -99.32582400
vn -3.87183000 -0.00000000 -99.92501700
vn -2.73779700 70.71067800 -70.65765700
vn 2.73779700 70.71067800 -70.65765700
vn 3.87183000 -0.00000000 -99.92501700
vn 11.59227200 -0.00000000 -99.32582400
vn 11.59227200 -0.00000000 -99.32582400
vn 8.19697400 70.71067800 -70.23396300
vn 8.99769500 70.71067800 -70.13587900
vn -21.99140500 -0.00000000 -97.55192500
vn -51.14086500 -0.00000000 -85.93376500
vn 9.65590800 70.71067800 -70.04829400
vn 10.39919000 70.71067800 -69.94181000
vn -88.29475900 -0.00000000 -46.94715600
vn -88.29475900 -0.00000000 -46.94715600
vn -88.29475900 -0.00000000 -46.94715600
vn 11.41395300 70.71067800 -69.78339100
vn -88.29475900 -0.00000000 -46.94715600
vn -88.29475900 -0.00000000 -46.94715600
vn 12.41588500 70.71067800 -69.61211000
vn -47.43686200 -0.00000000 -88.03263100
vn 13.11665800 70.71067800 -69.48347500
vn 13.73607500 70.71067800 -69.36368100
vn -15.48933800 -0.00000000 -98.79311900
vn 20.47869000 -0.00000000 -97.88065800
vn 14.48062100 70.71067800 -69.21207700
vn 20.47869000 -0.00000000 -97.88065800
vn 32.45614600 -0.00000000 -94.58646100
vn 22.94996100 70.71067800 -66.88272800
vn 43.93276700 -0.00000000 -89.83268900
vn 31.06515800 70.71067800 -63.52130300
vn 38.70098400 70.71067800 -59.17967400
vn 54.73145700 -0.00000000 -83.69269800
vn 54.73145700 -0.00000000 -83.69269800
vn 39.33465700 70.71067800 -58.76040100
vn 80.80990000 0.00000000 -58.90466900
vn 39.85735800 70.71067800 -58.40711400
vn 95.79139700 0.00000000 -28.70554300
vn 95.63047600 0.00000000 29.23717000
vn 40.44383800 70.71067800 -58.00255100
vn 95.63047600 0.00000000 29.23717000
vn 95.63047600 0.00000000 29.23717000
vn 41.27342600 70.71067800 -57.41519200
vn 95.63047600 0.00000000 29.23717000
vn 42.10299100 70.71067800 -56.80966600
vn 95.63047600 0.00000000 29.23717000
vn 42.70386500 70.71067800 -56.35938100
vn 96.92640000 0.00000000 -24.60229500
vn 43.23122500 70.71067800 -55.95588600
vn 84.52990000 0.00000000 -53.42935600
vn 43.86677600 70.71067800 -55.45904800
vn 62.03698900 -0.00000000 -78.43093800
vn 62.03698900 -0.00000000 -78.43093800
vn 67.91986000 0.00000000 -73.39545400
vn 48.02659300 70.71067800 -51.89842300
vn 73.39545400 0.00000000 -67.91986000
vn 51.89842300 70.71067800 -48.02659300
vn 55.45904800 70.71067800 -43.86677600
vn 78.43093800 0.00000000 -62.03698900
vn 78.43093800 0.00000000 -62.03698900
vn 55.95588600 70.71067800 -43.23122500
vn 53.42935600 -0.00000000 -84.52990000
vn 56.35938100 70.71067800 -42.70386500
vn 24.60229500 -0.00000000 -96.92640000
vn -29.23717000 -0.00000000 -95.63047600
vn -29.23717000 -0.00000000 -95.63047600
vn 56.80966600 70.71067800 -42.10299100
vn -29.23717000 -0.00000000 -95.63047600
vn 57.41519200 70.71067800 -41.27342600
vn -29.23717000 -0.00000000 -95.63047600
vn -29.23717000 -0.00000000 -95.63047600
vn 58.00255100 70.71067800 -40.44383800
vn 58.40711400 70.71067800 -39.85735800
vn 28.70554300 -0.00000000 -95.79139700
vn 58.90466900 -0.00000000 -80.80990000
vn 58.76040100 70.71067800 -39.33465700
vn 59.17967400 70.71067800 -38.70098400
vn 83.69269800 0.00000000 -54.73145700
vn 83.69269800 0.00000000 -54.73145700
vn 89.83268900 0.00000000 -43.93276700
vn 63.52130300 70.71067800 -31.06515800
vn 94.58646100 0.00000000 -32.45614600
vn 66.88272800 70.71067800 -22.94996100
vn 69.21207700 70.71067800 -14.48062100
vn 97.88065800 0.00000000 -20.47869000
vn 97.88065800 0.00000000 -20.47869000
vn 98.79311900 0.00000000 15.48933800
vn 69.36368100 70.71067800 -13.73607500
vn 69.48347500 70.71067800 -13.11665800
vn 88.03263100 0.00000000 47.43686200
vn 46.94715600 0.00000000 88.29475900
vn 46.94715600 0.00000000 88.29475900
vn 69.61211000 70.71067800 -12.41588500
vn 69.78339100 70.71067800 -11.41395300
vn 46.94715600 0.00000000 88.29475900
vn 69.94181000 70.71067800 -10.39919000
vn 46.94715600 0.00000000 88.29475900
vn 46.94715600 0.00000000 88.29475900
vn 85.93376500 0.00000000 51.14086500
vn 70.04829400 70.71067800 -9.65590800
vn 70.13587900 70.71067800 -8.99769500
vn 97.55192500 0.00000000 21.99140500
vn 99.32582400 0.00000000 -11.59227200
vn 70.23396300 70.71067800 -8.19697400
vn 99.32582400 0.00000000 -11.59227200
vn 99.92501700 0.00000000 -3.87183000
vn 70.65765700 70.71067800 -2.73779700
vn 70.65765700 70.71067800 2.73779700
vn 99.92501700 0.00000000 3.87183000
vn 99.32582400 0.00000000 11.59227200
vn 70.23396300 70.71067800 8.19697400
vn 99.32582400 0.00000000 11.59227200
vn 70.13587900 70.71067800 8.99769500
vn 97.55192500 0.00000000 -21.99140500
vn 85.93376500 0.00000000 -51.14086500
vn 70.04829400 70.71067800 9.65590800
vn 46.94715600 -0.00000000 -88.29475900
vn 46.94715600 -0.00000000 -88.29475900
vn 69.94181000 70.71067800 10.39919000
vn 46.94715600 -0.00000000 -88.29475900
vn 69.78339100 70.71067800 11.41395300
vn 69.61211000 70.71067800 12.41588500
vn 46.94715600 -0.00000000 -88.29475900
vn 46.94715600 -0.00000000 -88.29475900
vn 88.03263100 0.00000000 -47.43686200
vn 69.48347500 70.71067800 13.11665800
vn 98.79311900 0.00000000 -15.48933800
vn 69.36368100 70.71067800 13.73607500
vn 69.21207700 70.71067800 14.48062100
vn 97.88065800 0.00000000 20.47869000
vn 97.88065800 0.00000000 20.47869000
vn 94.58646100 0.00000000 32.45614600
vn 66.88272800 70.71067800 22.94996100
vn 63.52130300 70.71067800 31.06515800
vn 89.83268900 0.00000000 43.93276700
vn 83.69269800 0.00000000 54.73145700
vn 59.17967400 70.71067800 38.70098400
vn 83.69269800 0.00000000 54.73145700
vn 58.76040100 70.71067800 39.33465700
vn 58.90466900 0.00000000 80.80990000
vn 28.70554300 0.00000000 95.79139700
vn 58.40711400 70.71067800 39.85735800
vn 58.00255100 70.71067800 40.44383800
vn -29.23717000 0.00000000 95.63047600
vn -29.23717000 0.00000000 95.63047600
vn 57.41519200 70.71067800 41.27342600
vn -29.23717000 0.00000000 95.63047600
vn -29.23717000 0.00000000 95.63047600
vn -29.23717000 0.00000000 95.63047600
vn 56.80966600 70.71067800 42.10299100
vn 56.35938100 70.71067800 42.70386500
vn 24.60229500 0.00000000 96.92640000
vn 53.42935600 0.00000000 84.52990000
vn 55.95588600 70.71067800 43.23122500
vn 78.43093800 0.00000000 62.03698900
vn 55.45904800 70.71067800 43.86677600
vn 78.43093800 0.00000000 62.03698900
vn 73.39545400 0.00000000 67.91986000
vn 51.89842300 70.71067800 48.02659300
vn 67.91986000 0.00000000 73.39545400
vn 48.02659300 70.71067800 51.89842300
vn 62.03698900 0.00000000 78.43093800
vn 62.03698900 0.00000000 78.43093800
vn 43.86677600 70.71067800 55.45904800
vn 84.52990000 0.00000000 53.42935600
vn 43.23122500 70.71067800 55.95588600
vn 42.70386500 70.71067800 56.35938100
vn 96.92640000 0.00000000 24.60229500
vn 95.63047600 0.00000000 -29.23717000
vn 95.63047600 0.00000000 -29.23717000
vn 42.10299100 70.71067800 56.80966600
vn 95.63047600 0.00000000 -29.23717000
vn 41.27342600 70.71067800 57.41519200
vn 40.44383800 70.71067800 58.00255100
vn 95.63047600 0.00000000 -29.23717000
vn 95.63047600 0.00000000 -29.23717000
vn 95.79139700 0.00000000 28.70554300
vn 39.85735800 70.71067800 58.40711400
vn 39.33465700 70.71067800 58.76040100
vn 80.80990000 0.00000000 58.90466900
vn 54.73145700 0.00000000 83.69269800
vn 54.73145700 0.00000000 83.69269800
vn 38.70098400 70.71067800 59.17967400
vn 31.06515800 70.71067800 63.52130300
vn 43.93276700 0.00000000 89.83268900
vn 32.45614600 0.00000000 94.58646100
vn 22.94996100 70.71067800 66.88272800
vn 20.47869000 0.00000000 97.88065800
vn 14.48062100 70.71067800 69.21207700
vn 20.47869000 0.00000000 97.88065800
vn -15.48933800 0.00000000 98.79311900
vn 13.73607500 70.71067800 69.36368100
vn 13.11665800 70.71067800 69.48347500
vn -47.43686200 0.00000000 88.03263100
vn -88.29475900 -0.00000000 46.94715600
vn -88.29475900 -0.00000000 46.94715600
vn 12.41588500 70.71067800 69.61211000
vn -88.29475900 -0.00000000 46.94715600
vn 11.41395300 70.71067800 69.78339100
vn 10.39919000 70.71067800 69.94181000
vn -88.29475900 -0.00000000 46.94715600
vn -88.29475900 -0.00000000 46.94715600
vn 9.65590800 70.71067800 70.04829400
vn -51.14086500 0.00000000 85.93376500
vn -21.99140500 0.00000000 97.55192500
vn 8.99769500 70.71067800 70.13587900
vn -53.30438900 -0.00000000 -84.60875900
vn -13.23545700 -0.00000000 -99.12024400
vn -97.51932200 -0.00000000 22.13553200
vn -79.44747700 -0.00000000 60.72971500
vn -96.01534900 -0.00000000 27.94732200
vn -77.58880600 -0.00000000 63.08706100
vn -96.01534900 -0.00000000 -27.94732200
vn -77.58880600 -0.00000000 -63.08706100
vn -97.51932200 -0.00000000 -22.13553200
vn -79.44747700 -0.00000000 -60.72971500
vn -53.30438900 0.00000000 84.60875900
vn -13.23545700 0.00000000 99.12024400
vn -48.13136400 0.00000000 87.65484500
vn -10.25428200 0.00000000 99.47285900
vn -87.65484500 -0.00000000 48.13136400
vn -99.47285900 -0.00000000 10.25428200
vn -84.60875900 -0.00000000 53.30438900
vn -99.12024400 -0.00000000 13.23545700
vn 22.13553200 0.00000000 97.51932200
vn 60.72971500 0.00000000 79.44747700
vn 27.94732200 0.00000000 96.01534900
vn 63.08706100 0.00000000 77.58880600
vn -22.13553200 0.00000000 97.51932200
vn -60.72971500 0.00000000 79.44747700
vn -27.94732200 0.00000000 96.01534900
vn -63.08706100 0.00000000 77.58880600
vn 84.60875900 0.00000000 53.30438900
vn 99.12024400 0.00000000 13.23545700
vn 87.65484500 0.00000000 48.13136400
vn 99.47285900 0.00000000 10.25428200
vn 48.13136400 0.00000000 87.65484500
vn 10.25428200 0.00000000 99.47285900
vn 53.30438900 0.00000000 84.60875900
vn 13.23545700 0.00000000 99.12024400
vn 97.51932200 0.00000000 -22.13553200
vn 79.44747700 0.00000000 -60.72971500
vn 96.01534900 0.00000000 -27.94732200
vn 77.58880600 0.00000000 -63.08706100
vn 97.51932200 0.00000000 22.13553200
vn 79.44747700 0.00000000 60.72971500
vn 96.01534900 0.00000000 27.94732200
vn 77.58880600 0.00000000 63.08706100
vn 53.30438900 -0.00000000 -84.60875900
vn 13.23545700 -0.00000000 -99.12024400
vn 48.13136400 -0.00000000 -87.65484500
vn 10.25428200 -0.00000000 -99.47285900
vn 87.65484500 0.00000000 -48.13136400
vn 99.47285900 0.00000000 -10.25428200
vn 84.60875900 0.00000000 -53.30438900
vn 99.12024400 0.00000000 -13.23545700
vn -22.13553200 -0.00000000 -97.51932200
vn -60.72971500 -0.00000000 -79.44747700
vn -27.94732200 -0.00000000 -96.01534900
vn -63.08706100 -0.00000000 -77.58880600
vn 27.94732200 -0.00000000 -96.01534900
vn 63.08706100 -0.00000000 -77.58880600
vn 22.13553200 -0.00000000 -97.51932200
vn 60.72971500 -0.00000000 -79.44747700
vn 0.00000000 -100.00000000 0.00000000
vn 0.00000000 -100.00000000 0.00000000
vn 0.00000000 -100.00000000 0.00000000
vn 0.00000000 -100.00000000 0.00000000
vn 0.00000000 -100.00000000 0.00000000
vn 0.00000000 -100.00000000 0.00000000
vn 0.00000000 -100.00000000 0.00000000
vn 0.00000000 -100.00000000 0.00000000
vn 0.00000000 -100.00000000 0.00000000
vn 0.00000000 -100.00000000 0.00000000
vn 0.00000000 -100.00000000 0.00000000
vn 0.00000000 -100.00000000 0.00000000
vn 0.00000000 -100.00000000 0.00000000
vn 0.00000000 -100.00000000 0.00000000
vn 0.00000000 -100.00000000 0.00000000
vn 0.00000000 -100.00000000 0.00000000
vn 0.00000000 -100.00000000 0.00000000
vn 0.00000000 -100.00000000 0.00000000
vn 0.00000000 -100.00000000 0.00000000
vn 0.00000000 -100.00000000 0.00000000
vn 0.00000000 -100.00000000 0.00000000
vn 0.00000000 -100.00000000 0.00000000
vn 0.00000000 -100.00000000 0.00000000
vn 0.00000000 -100.00000000 0.00000000
vn 0.00000000 -100.00000000 0.00000000
vn 0.00000000 -100.00000000 0.00000000
vn 0.00000000 -100.00000000 0.00000000
vn 0.00000000 -100.00000000 0.00000000
vn 0.00000000 -100.00000000 0.00000000
vn 0.00000000 -100.00000000 0.00000000
vn 0.00000000 -100.00000000 0.00000000
vn 0.00000000 -100.00000000 0.00000000
vn 0.00000000 -100.00000000 0.00000000
vn 0.00000000 -100.00000000 0.00000000
vn 0.00000000 -100.00000000 0.00000000
vn 0.00000000 -100.00000000 0.00000000
vn 0.00000000 -100.00000000 0.00000000
vn 0.00000000 -100.00000000 0.00000000
vn 0.00000000 -100.00000000 0.00000000
vn 0.00000000 -100.00000000 0.00000000
vn 0.00000000 -100.00000000 0.00000000
vn 0.00000000 -100.00000000 0.00000000
vn 0.00000000 -100.00000000 0.00000000
vn 0.00000000 -100.00000000 0.00000000
vn 0.00000000 -100.00000000 0.00000000
vn 0.00000000 -100.00000000 0.00000000
vn 0.00000000 -100.00000000 0.00000000
vn 0.00000000 -100.00000000 0.00000000
vn 0.00000000 -100.00000000 0.00000000
vn 0.00000000 -100.00000000 0.00000000
vn 0.00000000 -100.00000000 0.00000000
vn 0.00000000 -100.00000000 0.00000000
vn 0.00000000 -100.00000000 0.00000000
vn 0.00000000 -100.00000000 0.00000000
vn 0.00000000 -100.00000000 0.00000000
vn 0.00000000 -100.00000000 0.00000000
vn 0.00000000 -100.00000000 0.00000000
vn 0.00000000 -100.00000000 0.00000000
vn 0.00000000 -100.00000000 0.00000000
vn 0.00000000 -100.00000000 0.00000000
vn 0.00000000 -100.00000000 0.00000000
vn 0.00000000 -100.00000000 0.00000000
vn 0.00000000 -100.00000000 0.00000000
vn 0.00000000 -100.00000000 0.00000000
vn 0.00000000 -100.00000000 0.00000000
vn 0.00000000 -100.00000000 0.00000000
vn 0.00000000 -100.00000000 0.00000000
vn 0.00000000 -100.00000000 0.00000000
vn 0.00000000 -100.00000000 0.00000000
vn 0.00000000 -100.00000000 0.00000000
vn 0.00000000 -100.00000000 0.00000000
vn 0.00000000 -100.00000000 0.00000000
vn 0.00000000 -100.00000000 0.00000000
vn 0.00000000 -100.00000000 0.00000000
vn 0.00000000 -100.00000000 0.00000000
vn 0.00000000 -100.00000000 0.00000000
vn 0.00000000 -100.00000000 0.00000000
vn 0.00000000 -100.00000000 0.00000000
vn 0.00000000 -100.00000000 0.00000000
vn 0.00000000 -100.00000000 0.00000000
vn 0.00000000 -100.00000000 0.00000000
vn 0.00000000 -100.00000000 0.00000000
vn 0.00000000 -100.00000000 0.00000000
vn 0.00000000 -100.00000000 0.00000000
vn 0.00000000 -100.00000000 0.00000000
vn 0.00000000 -100.00000000 0.00000000
vn 0.00000000 -100.00000000 0.00000000
vn 0.00000000 -100.00000000 0.00000000
vn 0.00000000 -100.00000000 0.00000000
vn 0.00000000 -100.00000000 0.00000000
vn 0.00000000 -100.00000000 0.00000000
vn 0.00000000 -100.00000000 0.00000000
vn 0.00000000 -100.00000000 0.00000000
vn 0.00000000 -100.00000000 0.00000000
vn 0.00000000 -100.00000000 0.00000000
vn 0.00000000 -100.00000000 0.00000000
vn 0.00000000 -100.00000000 0.00000000
vn 0.00000000 -100.00000000 0.00000000
vn 0.00000000 -100.00000000 0.00000000
vn 0.00000000 -100.00000000 0.00000000
vn 0.00000000 -100.00000000 0.00000000
vn 0.00000000 -100.00000000 0.00000000
vn 0.00000000 -100.00000000 0.00000000
vn 0.00000000 -100.00000000 0.00000000
vn 0.00000000 -100.00000000 0.00000000
vn 0.00000000 -100.00000000 0.00000000
vn 0.00000000 -100.00000000 0.00000000
vn 0.00000000 -100.00000000 0.00000000
vn 0.00000000 -100.00000000 0.00000000
vn 0.00000000 -100.00000000 0.00000000
vn 0.00000000 -100.00000000 0.00000000
vn 0.00000000 -100.00000000 0.00000000
vn 0.00000000 -100.00000000 0.00000000
vn 0.00000000 -100.00000000 0.00000000
vn 0.00000000 -100.00000000 0.00000000
vn 0.00000000 -100.00000000 0.00000000
vn 0.00000000 -100.00000000 0.00000000
vn 0.00000000 -100.00000000 0.00000000
vn 0.00000000 -100.00000000 0.00000000
vn 0.00000000 -100.00000000 0.00000000
vn 0.00000000 -100.00000000 0.00000000
vn 0.00000000 -100.00000000 0.00000000
vn 0.00000000 -100.00000000 0.00000000
vn 0.00000000 -100.00000000 0.00000000
vn 0.00000000 -100.00000000 0.00000000
vn 0.00000000 -100.00000000 0.00000000
vn 0.00000000 -100.00000000 0.00000000
vn 0.00000000 -100.00000000 0.00000000
vn 0.00000000 -100.00000000 0.00000000
vn 0.00000000 -100.00000000 0.00000000
vn 0.00000000 -100.00000000 0.00000000
vn 0.00000000 -100.00000000 0.00000000
vn 0.00000000 -100.00000000 0.00000000
vn 0.00000000 -100.00000000 0.00000000
vn 0.00000000 -100.00000000 0.00000000
vn -99.72473100 -0.00000000 7.41472000
vn -99.72473100 -0.00000000 7.41472000
vn 0.00000000 -100.00000000 0.00000000
vn -99.48892100 -0.00000000 10.09725300
vn 0.00000000 -100.00000000 0.00000000
vn -99.18096700 -0.00000000 12.77246300
vn 0.00000000 -100.00000000 0.00000000
vn 0.00000000 -100.00000000 0.00000000
vn -98.80109000 -0.00000000 15.43841100
vn -98.80109000 -0.00000000 15.43841100
vn -82.04086800 -0.00000000 57.17775800
vn 0.00000000 -100.00000000 0.00000000
vn -48.68313800 0.00000000 87.34959700
vn 0.00000000 -100.00000000 0.00000000
vn -5.47642800 0.00000000 99.84993100
vn 0.00000000 -100.00000000 0.00000000
vn 38.83820500 0.00000000 92.14984400
vn 0.00000000 -100.00000000 0.00000000
vn 38.83820500 0.00000000 92.14984400
vn 0.00000000 -100.00000000 0.00000000
vn 30.48675800 0.00000000 95.23947500
vn 0.00000000 -100.00000000 0.00000000
vn 21.89357400 0.00000000 97.57392800
vn 0.00000000 -100.00000000 0.00000000
vn 13.12679100 0.00000000 99.13469300
vn 0.00000000 -100.00000000 0.00000000
vn 4.25592200 0.00000000 99.90939500
vn 4.25592200 0.00000000 99.90939500
vn 44.13717200 0.00000000 89.73243600
vn 0.00000000 -100.00000000 0.00000000
vn 0.00000000 -100.00000000 0.00000000
vn 76.54121200 0.00000000 64.35404300
vn 95.97852300 0.00000000 28.07353100
vn 0.00000000 -100.00000000 0.00000000
vn 99.15626000 0.00000000 -12.96287500
vn 99.15626000 0.00000000 -12.96287500
vn 0.00000000 -100.00000000 0.00000000
vn 99.28748600 0.00000000 -11.91616800
vn 0.00000000 -100.00000000 0.00000000
vn 99.40766400 0.00000000 -10.86813400
vn 0.00000000 -100.00000000 0.00000000
vn 99.51677900 0.00000000 -9.81889200
vn 99.51677900 0.00000000 -9.81889200
vn 0.00000000 -100.00000000 0.00000000
vn 0.00000000 -100.00000000 0.00000000
vn 91.30762900 0.00000000 -40.77887700
vn 0.00000000 -100.00000000 0.00000000
vn 73.73113100 0.00000000 -67.55531400
vn 48.59047500 -0.00000000 -87.40117700
vn 0.00000000 -100.00000000 0.00000000
vn 18.46487000 -0.00000000 -98.28045900
vn 0.00000000 -100.00000000 0.00000000
vn 18.46487000 -0.00000000 -98.28045900
vn 9.52361400 -0.00000000 -99.54547100
vn 0.00000000 -100.00000000 0.00000000
vn 0.50469700 -0.00000000 -99.99872600
vn 0.00000000 -100.00000000 0.00000000
vn -8.51833600 -0.00000000 -99.63652900
vn 0.00000000 -100.00000000 0.00000000
vn -17.47190500 -0.00000000 -98.46183300
vn -17.47190500 -0.00000000 -98.46183300
vn 0.00000000 -100.00000000 0.00000000
vn -51.66796000 -0.00000000 -85.61788300
vn 0.00000000 -100.00000000 0.00000000
vn 0.00000000 -100.00000000 0.00000000
vn -78.96976600 -0.00000000 -61.34962100
vn 0.00000000 -100.00000000 0.00000000
vn -95.73434300 -0.00000000 -28.89525100
vn -38.94366700 -0.00000000 -92.10532400
vn 0.00000000 -100.00000000 0.00000000
vn -38.94366700 -0.00000000 -92.10532400
vn 0.00000000 -100.00000000 0.00000000
vn -69.42430800 -0.00000000 -71.97406100
vn -90.64140400 -0.00000000 -42.23903200
vn 0.00000000 -100.00000000 0.00000000
vn -99.76388200 -0.00000000 -6.86789100
vn 0.00000000 -100.00000000 0.00000000
vn 0.00000000 -100.00000000 0.00000000
vn -95.57449300 -0.00000000 29.41965800
vn -95.57449300 -0.00000000 29.41965800
vn -94.74767600 -0.00000000 31.98246100
vn 0.00000000 -100.00000000 0.00000000
vn 0.00000000 -100.00000000 0.00000000
vn -93.85215300 -0.00000000 34.52207200
vn -92.88857100 -0.00000000 37.03664900
vn -92.88857100 -0.00000000 37.03664900
vn 0.00000000 -100.00000000 0.00000000
vn -67.26068400 -0.00000000 74.00000200
vn 0.00000000 -100.00000000 0.00000000
vn 0.00000000 -100.00000000 0.00000000
vn -28.02543600 0.00000000 95.99257800
vn 16.87957700 0.00000000 98.56510500
vn 0.00000000 -100.00000000 0.00000000
vn 58.36972000 0.00000000 81.19714200
vn 58.36972000 0.00000000 81.19714200
vn 0.00000000 -100.00000000 0.00000000
vn 0.00000000 -100.00000000 0.00000000
vn 50.91516900 0.00000000 86.06768000
vn 43.05689800 0.00000000 90.25576700
vn 0.00000000 -100.00000000 0.00000000
vn 34.85721900 0.00000000 93.72819400
vn 0.00000000 -100.00000000 0.00000000
vn 26.38114900 0.00000000 96.45742600
vn 0.00000000 -100.00000000 0.00000000
vn 26.38114900 0.00000000 96.45742600
vn 62.99790600 0.00000000 77.66121200
vn 0.00000000 -100.00000000 0.00000000
vn 0.00000000 -100.00000000 0.00000000
vn 88.94228600 0.00000000 45.70853100
vn 0.00000000 -100.00000000 0.00000000
vn 99.81908900 0.00000000 6.01243900
vn 0.00000000 -100.00000000 0.00000000
vn 93.78569400 0.00000000 -34.70221200
vn 93.78569400 0.00000000 -34.70221200
vn 0.00000000 -100.00000000 0.00000000
vn 94.14654500 0.00000000 -33.71094900
vn 0.00000000 -100.00000000 0.00000000
vn 94.49691900 0.00000000 -32.71593400
vn 0.00000000 -100.00000000 0.00000000
vn 94.83677700 0.00000000 -31.71727800
vn 94.83677700 0.00000000 -31.71727800
vn 79.94420300 0.00000000 -60.07432500
vn 0.00000000 -100.00000000 0.00000000
vn 56.85006600 -0.00000000 -82.26828100
vn 0.00000000 -100.00000000 0.00000000
vn 27.92361900 -0.00000000 -96.02224500
vn 0.00000000 -100.00000000 0.00000000
vn -3.86754200 -0.00000000 -99.92518300
vn 0.00000000 -100.00000000 0.00000000
vn -3.86754200 -0.00000000 -99.92518300
vn 0.00000000 -100.00000000 0.00000000
vn -12.86611400 -0.00000000 -99.16886200
vn 0.00000000 -100.00000000 0.00000000
vn -21.75976700 -0.00000000 -97.60385500
vn 0.00000000 -100.00000000 0.00000000
vn -30.47597700 -0.00000000 -95.24292500
vn 0.00000000 -100.00000000 0.00000000
vn -58.46263100 -0.00000000 -81.13027000
vn -58.46263100 -0.00000000 -81.13027000
vn -83.69943100 -0.00000000 -54.72116000
vn 0.00000000 -100.00000000 0.00000000
vn -97.76790400 -0.00000000 -21.01040100
vn 0.00000000 -100.00000000 0.00000000
vn 0.00000000 -100.00000000 0.00000000
vn -98.79084200 -0.00000000 15.50385400
vn -86.63175100 -0.00000000 49.94937100
vn -86.63175100 -0.00000000 49.94937100
vn 0.00000000 -100.00000000 0.00000000
vn 0.00000000 -100.00000000 0.00000000
vn -85.25538700 -0.00000000 52.26393600
vn -83.81719900 -0.00000000 54.54060000
vn 0.00000000 -100.00000000 0.00000000
vn -82.31823100 -0.00000000 56.77771500
vn 0.00000000 -100.00000000 0.00000000
vn -82.31823100 -0.00000000 56.77771500
vn 0.00000000 -100.00000000 0.00000000
vn -49.10776900 0.00000000 87.11157800
vn 0.00000000 -100.00000000 0.00000000
vn -5.96242100 0.00000000 99.82208900
vn 0.00000000 -100.00000000 0.00000000
vn 38.38917000 0.00000000 92.33781200
vn 74.97433300 0.00000000 66.17287500
vn 0.00000000 -100.00000000 0.00000000
vn 74.97433300 0.00000000 66.17287500
vn 0.00000000 -100.00000000 0.00000000
vn 68.79048000 0.00000000 72.58009300
vn 0.00000000 -100.00000000 0.00000000
vn 62.06117000 0.00000000 78.41180500
vn 54.83976100 0.00000000 83.62177100
vn 0.00000000 -100.00000000 0.00000000
vn 47.18351500 0.00000000 88.16867900
vn 47.18351500 0.00000000 88.16867900
vn 0.00000000 -100.00000000 0.00000000
vn 0.00000000 -100.00000000 0.00000000
vn 78.69966300 0.00000000 61.69573000
vn 0.00000000 -100.00000000 0.00000000
vn 96.88342200 0.00000000 24.77100200
vn 0.00000000 -100.00000000 0.00000000
vn 98.65431000 0.00000000 -16.35014300
vn 83.71232300 0.00000000 -54.70143500
vn 0.00000000 -100.00000000 0.00000000
vn 83.71232300 0.00000000 -54.70143500
vn 0.00000000 -100.00000000 0.00000000
vn 84.28470300 0.00000000 -53.81532200
vn 0.00000000 -100.00000000 0.00000000
vn 84.84770400 0.00000000 -52.92322000
vn 85.40126300 0.00000000 -52.02522800
vn 0.00000000 -100.00000000 0.00000000
vn 85.40126300 0.00000000 -52.02522800
vn 0.00000000 -100.00000000 0.00000000
vn 64.57204000 -0.00000000 -76.35739400
vn 37.11830100 -0.00000000 -92.85597300
vn 0.00000000 -100.00000000 0.00000000
vn 0.00000000 -100.00000000 0.00000000
vn 5.85655600 -0.00000000 -99.82835600
vn -26.00602000 -0.00000000 -96.55924100
vn -26.00602000 -0.00000000 -96.55924100
vn 0.00000000 -100.00000000 0.00000000
vn -34.61068100 -0.00000000 -93.81951200
vn 0.00000000 -100.00000000 0.00000000
vn -42.93310500 -0.00000000 -90.31471900
vn 0.00000000 -100.00000000 0.00000000
vn 0.00000000 -100.00000000 0.00000000
vn -50.90542600 -0.00000000 -86.07344300
vn -75.05003400 -0.00000000 -66.08700600
vn -75.05003400 -0.00000000 -66.08700600
vn 0.00000000 -100.00000000 0.00000000
vn 0.00000000 -100.00000000 0.00000000
vn -93.77751500 -0.00000000 -34.72431000
vn 0.00000000 -100.00000000 0.00000000
vn -99.99191300 -0.00000000 1.27177900
vn -92.86401800 -0.00000000 37.09817000
vn 0.00000000 -100.00000000 0.00000000
vn 0.00000000 -100.00000000 0.00000000
vn -73.34493200 -0.00000000 67.97441400
vn -73.34493200 -0.00000000 67.97441400
vn -71.48803700 -0.00000000 69.92467800
vn 0.00000000 -100.00000000 0.00000000
vn -69.57930200 -0.00000000 71.82423500
vn 0.00000000 -100.00000000 0.00000000
vn 0.00000000 -100.00000000 0.00000000
vn -67.62011100 -0.00000000 73.67170800
vn -67.62011100 -0.00000000 73.67170800
vn 0.00000000 -100.00000000 0.00000000
vn -28.49238500 0.00000000 95.85501600
vn 16.39957300 0.00000000 98.64610500
vn 0.00000000 -100.00000000 0.00000000
vn 0.00000000 -100.00000000 0.00000000
vn 57.97377000 0.00000000 81.48031700
vn 87.81942000 0.00000000 47.83042400
vn 87.81942000 0.00000000 47.83042400
vn 0.00000000 -100.00000000 0.00000000
vn 0.00000000 -100.00000000 0.00000000
vn 83.21634900 0.00000000 55.45303700
vn 77.95343500 0.00000000 62.63594800
vn 0.00000000 -100.00000000 0.00000000
vn 0.00000000 -100.00000000 0.00000000
vn 72.07240800 0.00000000 69.32220400
vn 65.61990200 0.00000000 75.45878600
vn 65.61990200 0.00000000 75.45878600
vn 0.00000000 -100.00000000 0.00000000
vn 0.00000000 -100.00000000 0.00000000
vn 90.45508900 0.00000000 42.63656700
vn 99.96641900 0.00000000 2.59135200
vn 0.00000000 -100.00000000 0.00000000
vn 0.00000000 -100.00000000 0.00000000
vn 92.54259100 0.00000000 -37.89286000
vn 0.00000000 -100.00000000 0.00000000
vn 69.44126600 0.00000000 -71.95770000
vn 69.44126600 0.00000000 -71.95770000
vn 70.19647400 0.00000000 -71.22117000
vn 0.00000000 -100.00000000 0.00000000
vn 70.94387000 0.00000000 -70.47671400
vn 0.00000000 -100.00000000 0.00000000
vn 71.68337200 0.00000000 -69.72441600
vn 71.68337200 0.00000000 -69.72441600
vn 0.00000000 -100.00000000 0.00000000
vn 45.96196500 -0.00000000 -88.81158600
vn 0.00000000 -100.00000000 0.00000000
vn 15.52527000 -0.00000000 -98.78747900
vn 0.00000000 -100.00000000 0.00000000
vn -16.50417900 -0.00000000 -98.62865700
vn 0.00000000 -100.00000000 0.00000000
vn -46.84044700 -0.00000000 -88.35141500
vn -46.84044700 -0.00000000 -88.35141500
vn 0.00000000 -100.00000000 0.00000000
vn -54.61972400 -0.00000000 -83.76565900
vn 0.00000000 -100.00000000 0.00000000
vn -61.95359800 -0.00000000 -78.49682600
vn 0.00000000 -100.00000000 0.00000000
vn 0.00000000 -100.00000000 0.00000000
vn -68.78226300 -0.00000000 -72.58788000
vn -87.87411600 -0.00000000 -47.72986300
vn 0.00000000 -100.00000000 0.00000000
vn -87.87411600 -0.00000000 -47.72986300
vn 0.00000000 -100.00000000 0.00000000
vn -99.15320300 -0.00000000 -12.98623900
vn 0.00000000 -100.00000000 0.00000000
vn -97.20190900 -0.00000000 23.49018700
vn -82.28060300 -0.00000000 56.83222900
vn 0.00000000 -100.00000000 0.00000000
vn 0.00000000 -100.00000000 0.00000000
vn -56.38029100 0.00000000 82.59093700
vn -56.38029100 0.00000000 82.59093700
vn 0.00000000 -100.00000000 0.00000000
vn -54.13597800 0.00000000 84.07910500
vn -51.85240800 0.00000000 85.50630300
vn 0.00000000 -100.00000000 0.00000000
vn -49.53123600 0.00000000 86.87149500
vn 0.00000000 -100.00000000 0.00000000
vn -49.53123600 0.00000000 86.87149500
vn -6.44827400 0.00000000 99.79188200
vn 0.00000000 -100.00000000 0.00000000
vn 37.93922500 0.00000000 92.52359300
vn 0.00000000 -100.00000000 0.00000000
vn 0.00000000 -100.00000000 0.00000000
vn 74.65132300 0.00000000 66.53705800
vn 0.00000000 -100.00000000 0.00000000
vn 96.26087400 0.00000000 27.08955600
vn 96.26087400 0.00000000 27.08955600
vn 0.00000000 -100.00000000 0.00000000
vn 93.46940300 0.00000000 35.54533400
vn 0.00000000 -100.00000000 0.00000000
vn 89.93678900 0.00000000 43.71926300
vn 0.00000000 -100.00000000 0.00000000
vn 85.69104400 0.00000000 51.54653200
vn 80.76583400 0.00000000 58.96507500
vn 0.00000000 -100.00000000 0.00000000
vn 80.76583400 0.00000000 58.96507500
vn 97.67472000 0.00000000 21.43942800
vn 0.00000000 -100.00000000 0.00000000
vn 0.00000000 -100.00000000 0.00000000
vn 98.03668200 0.00000000 -19.71823900
vn 0.00000000 -100.00000000 0.00000000
vn 81.79040100 0.00000000 -57.53547000
vn 51.68813300 -0.00000000 -85.60570600
vn 0.00000000 -100.00000000 0.00000000
vn 51.68813300 -0.00000000 -85.60570600
vn 52.58830000 -0.00000000 -85.05569200
vn 0.00000000 -100.00000000 0.00000000
vn 0.00000000 -100.00000000 0.00000000
vn 53.48261500 -0.00000000 -84.49621200
vn 0.00000000 -100.00000000 0.00000000
vn 54.37097800 -0.00000000 -83.92733000
vn 54.37097800 -0.00000000 -83.92733000
vn 25.04716600 -0.00000000 -96.81239300
vn 0.00000000 -100.00000000 0.00000000
vn -6.84626300 -0.00000000 -99.76536800
vn 0.00000000 -100.00000000 0.00000000
vn 0.00000000 -100.00000000 0.00000000
vn -38.03732600 -0.00000000 -92.48330600
vn 0.00000000 -100.00000000 0.00000000
vn -65.32609900 -0.00000000 -75.71328000
vn -65.32609900 -0.00000000 -75.71328000
vn -71.88990700 -0.00000000 -69.51144700
vn 0.00000000 -100.00000000 0.00000000
vn 0.00000000 -100.00000000 0.00000000
vn -77.86747900 -0.00000000 -62.74277400
vn -83.21007100 -0.00000000 -55.46245600
vn 0.00000000 -100.00000000 0.00000000
vn -96.29182200 -0.00000000 -26.97934500
vn -96.29182200 -0.00000000 -26.97934500
vn 0.00000000 -100.00000000 0.00000000
vn -99.55693500 -0.00000000 9.40301600
vn 0.00000000 -100.00000000 0.00000000
vn 0.00000000 -100.00000000 0.00000000
vn -89.53779600 -0.00000000 44.53069800
vn 0.00000000 -100.00000000 0.00000000
vn -67.57129600 -0.00000000 73.71648400
vn 0.00000000 -100.00000000 0.00000000
vn -36.58850700 0.00000000 93.06600400
vn -36.58850700 0.00000000 93.06600400
vn -34.06931500 0.00000000 94.01745500
vn 0.00000000 -100.00000000 0.00000000
vn -31.52541700 0.00000000 94.90072700
vn 0.00000000 -100.00000000 0.00000000
vn -28.95865900 0.00000000 95.71518200
vn 0.00000000 -100.00000000 0.00000000
vn -28.95865900 0.00000000 95.71518200
vn 0.00000000 -100.00000000 0.00000000
vn 15.91918100 0.00000000 98.72476700
vn 0.00000000 -100.00000000 0.00000000
vn 57.57644600 0.00000000 81.76156100
vn 0.00000000 -100.00000000 0.00000000
vn 87.58554600 0.00000000 48.25735300
vn 99.87540700 0.00000000 4.99030500
vn 0.00000000 -100.00000000 0.00000000
vn 99.87540700 0.00000000 4.99030500
vn 0.00000000 -100.00000000 0.00000000
vn 99.03551100 0.00000000 13.85523900
vn 0.00000000 -100.00000000 0.00000000
vn 97.41033700 0.00000000 22.61031200
vn 0.00000000 -100.00000000 0.00000000
vn 95.01277300 0.00000000 31.18610100
vn 0.00000000 -100.00000000 0.00000000
vn 91.86182900 0.00000000 39.51460900
vn 91.86182900 0.00000000 39.51460900
vn 99.99653200 0.00000000 -0.83277300
vn 0.00000000 -100.00000000 0.00000000
vn 0.00000000 -100.00000000 0.00000000
vn 91.19097700 0.00000000 -41.03907600
vn 66.93689800 0.00000000 -74.29301200
vn 0.00000000 -100.00000000 0.00000000
vn 31.34314200 -0.00000000 -94.96108400
vn 0.00000000 -100.00000000 0.00000000
vn 31.34314200 -0.00000000 -94.96108400
vn 0.00000000 -100.00000000 0.00000000
vn 32.34313000 -0.00000000 -94.62516600
vn 0.00000000 -100.00000000 0.00000000
vn 33.33951800 -0.00000000 -94.27871700
vn 0.00000000 -100.00000000 0.00000000
vn 34.33219700 -0.00000000 -93.92177700
vn 34.33219700 -0.00000000 -93.92177700
vn 0.00000000 -100.00000000 0.00000000
vn 2.87639700 -0.00000000 -99.95862300
vn 0.00000000 -100.00000000 0.00000000
vn -28.87449600 -0.00000000 -95.74060500
vn 0.00000000 -100.00000000 0.00000000
vn -57.66312200 -0.00000000 -81.70045500
vn 0.00000000 -100.00000000 0.00000000
vn -80.53602700 -0.00000000 -59.27856600
vn -80.53602700 -0.00000000 -59.27856600
vn 0.00000000 -100.00000000 0.00000000
vn -85.55522900 -0.00000000 -51.77164100
vn 0.00000000 -100.00000000 0.00000000
vn -89.87676000 -0.00000000 -43.84253700
vn -93.46537800 -0.00000000 -35.55591400
vn 0.00000000 -100.00000000 0.00000000
vn -99.88105400 -0.00000000 -4.87597100
vn -99.88105400 -0.00000000 -4.87597100
vn 0.00000000 -100.00000000 0.00000000
vn 0.00000000 -100.00000000 0.00000000
vn -94.96846700 -0.00000000 31.32076500
vn 0.00000000 -100.00000000 0.00000000
vn -77.38388400 -0.00000000 63.33825500
vn 0.00000000 -100.00000000 0.00000000
vn -49.47368200 0.00000000 86.90428500
vn -14.96202200 0.00000000 98.87435400
vn -14.96202200 0.00000000 98.87435400
vn 0.00000000 -100.00000000 0.00000000
vn -12.29427400 0.00000000 99.24137700
vn 0.00000000 -100.00000000 0.00000000
vn 0.00000000 -100.00000000 0.00000000
vn -9.61761100 0.00000000 99.53643300
vn 0.00000000 -100.00000000 0.00000000
vn -6.93397300 0.00000000 99.75931000
vn -6.93397300 0.00000000 99.75931000
vn 0.00000000 -100.00000000 0.00000000
vn 37.48838100 0.00000000 92.70718000
vn 74.32654300 0.00000000 66.89966400
vn 0.00000000 -100.00000000 0.00000000
vn 96.12786500 0.00000000 27.55782300
vn 0.00000000 -100.00000000 0.00000000
vn 0.00000000 -100.00000000 0.00000000
vn 98.48176900 0.00000000 -17.35918100
vn 98.48176900 0.00000000 -17.35918100
vn 0.00000000 -100.00000000 0.00000000
vn 99.63556400 0.00000000 -8.52961500
vn 0.00000000 -100.00000000 0.00000000
vn 99.99932400 0.00000000 0.36758500
vn 99.57016500 0.00000000 9.26187000
vn 0.00000000 -100.00000000 0.00000000
vn 98.35148900 0.00000000 18.08271500
vn 98.35148900 0.00000000 18.08271500
vn 0.00000000 -100.00000000 0.00000000
vn 97.30410100 0.00000000 -23.06321500
vn 0.00000000 -100.00000000 0.00000000
vn 79.77257500 0.00000000 -60.30204200
vn 0.00000000 -100.00000000 0.00000000
vn 48.72690000 -0.00000000 -87.32519300
vn 0.00000000 -100.00000000 0.00000000
vn 9.42647500 -0.00000000 -99.55471600
vn 9.42647500 -0.00000000 -99.55471600
vn 0.00000000 -100.00000000 0.00000000
vn 0.00000000 -100.00000000 0.00000000
vn 10.47614000 -0.00000000 -99.44973900
vn 11.52463900 -0.00000000 -99.33369400
vn 0.00000000 -100.00000000 0.00000000
vn 0.00000000 -100.00000000 0.00000000
vn 12.57185500 -0.00000000 -99.20659500
vn 12.57185500 -0.00000000 -99.20659500
vn -19.43860700 -0.00000000 -98.09251000
vn 0.00000000 -100.00000000 0.00000000
vn -49.45484100 -0.00000000 -86.91500900
vn 0.00000000 -100.00000000 0.00000000
vn -74.39744900 -0.00000000 -66.82080200
vn 0.00000000 -100.00000000 0.00000000
vn -91.70754200 -0.00000000 -39.87137700
vn -91.70754200 -0.00000000 -39.87137700
vn 0.00000000 -100.00000000 0.00000000
vn -94.93045500 -0.00000000 -31.43578800
vn 0.00000000 -100.00000000 0.00000000
vn -97.37924400 -0.00000000 -22.74385300
vn 0.00000000 -100.00000000 0.00000000
vn 0.00000000 -100.00000000 0.00000000
vn -99.03394200 -0.00000000 -13.86645000
vn -98.46183300 -0.00000000 17.47190500
vn -98.46183300 -0.00000000 17.47190500
vn 0.00000000 -100.00000000 0.00000000
vn -85.61788300 -0.00000000 51.66796000
vn 0.00000000 -100.00000000 0.00000000
vn -61.34962100 0.00000000 78.96976600
vn 0.00000000 -100.00000000 0.00000000
vn -28.89525100 0.00000000 95.73434300
vn 0.00000000 -100.00000000 0.00000000
vn 7.41472000 0.00000000 99.72473100
vn 7.41472000 0.00000000 99.72473100
vn 0.00000000 -100.00000000 0.00000000
vn 10.09725300 0.00000000 99.48892100
vn 0.00000000 -100.00000000 0.00000000
vn 12.77246300 0.00000000 99.18096700
vn 0.00000000 -100.00000000 0.00000000
vn 0.00000000 -100.00000000 0.00000000
vn 15.43841100 0.00000000 98.80109000
vn 15.43841100 0.00000000 98.80109000
vn 57.17775800 0.00000000 82.04086800
vn 0.00000000 -100.00000000 0.00000000
vn 87.34959700 0.00000000 48.68313800
vn 0.00000000 -100.00000000 0.00000000
vn 99.84993100 0.00000000 5.47642800
vn 0.00000000 -100.00000000 0.00000000
vn 92.14984400 0.00000000 -38.83820500
vn 0.00000000 -100.00000000 0.00000000
vn 92.14984400 0.00000000 -38.83820500
vn 95.23947500 0.00000000 -30.48675800
vn 0.00000000 -100.00000000 0.00000000
vn 97.57392800 0.00000000 -21.89357400
vn 0.00000000 -100.00000000 0.00000000
vn 99.13469300 0.00000000 -13.12679100
vn 0.00000000 -100.00000000 0.00000000
vn 99.90939500 0.00000000 -4.25592200
vn 99.90939500 0.00000000 -4.25592200
vn 0.00000000 -100.00000000 0.00000000
vn 89.73243600 0.00000000 -44.13717200
vn 0.00000000 -100.00000000 0.00000000
vn 0.00000000 -100.00000000 0.00000000
vn 64.35404300 -0.00000000 -76.54121200
vn 0.00000000 -100.00000000 0.00000000
vn 28.07353100 -0.00000000 -95.97852300
vn 0.00000000 -100.00000000 0.00000000
vn -12.96287500 -0.00000000 -99.15626000
vn -12.96287500 -0.00000000 -99.15626000
vn -11.91616800 -0.00000000 -99.28748600
vn 0.00000000 -100.00000000 0.00000000
vn 0.00000000 -100.00000000 0.00000000
vn -10.86813400 -0.00000000 -99.40766400
vn 0.00000000 -100.00000000 0.00000000
vn -9.81889200 -0.00000000 -99.51677900
vn -9.81889200 -0.00000000 -99.51677900
vn 0.00000000 -100.00000000 0.00000000
vn -40.77887700 -0.00000000 -91.30762900
vn 0.00000000 -100.00000000 0.00000000
vn -67.55531400 -0.00000000 -73.73113100
vn -87.40117700 -0.00000000 -48.59047500
vn 0.00000000 -100.00000000 0.00000000
vn -98.28045900 -0.00000000 -18.46487000
vn -98.28045900 -0.00000000 -18.46487000
vn 0.00000000 -100.00000000 0.00000000
vn -99.54547100 -0.00000000 -9.52361400
vn 0.00000000 -100.00000000 0.00000000
vn 0.00000000 -100.00000000 0.00000000
vn -99.99872600 -0.00000000 -0.50469700
vn -99.63652900 -0.00000000 8.51833600
vn 0.00000000 -100.00000000 0.00000000
vn -92.10532400 -0.00000000 38.94366700
vn 0.00000000 -100.00000000 0.00000000
vn -92.10532400 -0.00000000 38.94366700
vn -71.97406100 -0.00000000 69.42430800
vn 0.00000000 -100.00000000 0.00000000
vn 0.00000000 -100.00000000 0.00000000
vn -42.23903200 0.00000000 90.64140400
vn -6.86789100 0.00000000 99.76388200
vn 0.00000000 -100.00000000 0.00000000
vn 29.41965800 0.00000000 95.57449300
vn 0.00000000 -100.00000000 0.00000000
vn 29.41965800 0.00000000 95.57449300
vn 0.00000000 -100.00000000 0.00000000
vn 31.98246100 0.00000000 94.74767600
vn 34.52207200 0.00000000 93.85215300
vn 0.00000000 -100.00000000 0.00000000
vn 0.00000000 -100.00000000 0.00000000
vn 37.03664900 0.00000000 92.88857100
vn 37.03664900 0.00000000 92.88857100
vn 74.00000200 0.00000000 67.26068400
vn 0.00000000 -100.00000000 0.00000000
vn 95.99257800 0.00000000 28.02543600
vn 0.00000000 -100.00000000 0.00000000
vn 98.56510500 0.00000000 -16.87957700
vn 0.00000000 -100.00000000 0.00000000
vn 81.19714200 0.00000000 -58.36972000
vn 81.19714200 0.00000000 -58.36972000
vn 0.00000000 -100.00000000 0.00000000
vn 0.00000000 -100.00000000 0.00000000
vn 86.06768000 0.00000000 -50.91516900
vn 90.25576700 0.00000000 -43.05689800
vn 0.00000000 -100.00000000 0.00000000
vn 93.72819400 0.00000000 -34.85721900
vn 0.00000000 -100.00000000 0.00000000
vn 96.45742600 0.00000000 -26.38114900
vn 0.00000000 -100.00000000 0.00000000
vn 96.45742600 0.00000000 -26.38114900
vn 77.66121200 0.00000000 -62.99790600
vn 0.00000000 -100.00000000 0.00000000
vn 0.00000000 -100.00000000 0.00000000
vn 45.70853100 -0.00000000 -88.94228600
vn 0.00000000 -100.00000000 0.00000000
vn 6.01243900 -0.00000000 -99.81908900
vn -34.70221200 -0.00000000 -93.78569400
vn -34.70221200 -0.00000000 -93.78569400
vn 0.00000000 -100.00000000 0.00000000
vn -33.71094900 -0.00000000 -94.14654500
vn 0.00000000 -100.00000000 0.00000000
vn -32.71593400 -0.00000000 -94.49691900
vn 0.00000000 -100.00000000 0.00000000
vn -31.71727800 -0.00000000 -94.83677700
vn 0.00000000 -100.00000000 0.00000000
vn -31.71727800 -0.00000000 -94.83677700
vn -60.07432500 -0.00000000 -79.94420300
vn 0.00000000 -100.00000000 0.00000000
vn 0.00000000 -100.00000000 0.00000000
vn -82.26828100 -0.00000000 -56.85006600
vn 0.00000000 -100.00000000 0.00000000
vn -96.02224500 -0.00000000 -27.92361900
vn -99.92518300 -0.00000000 3.86754200
vn 0.00000000 -100.00000000 0.00000000
vn -99.92518300 -0.00000000 3.86754200
vn 0.00000000 -100.00000000 0.00000000
vn -99.16886200 -0.00000000 12.86611400
vn 0.00000000 -100.00000000 0.00000000
vn -97.60385500 -0.00000000 21.75976700
vn 0.00000000 -100.00000000 0.00000000
vn -95.24292500 -0.00000000 30.47597700
vn -81.13027000 -0.00000000 58.46263100
vn -81.13027000 -0.00000000 58.46263100
vn 0.00000000 -100.00000000 0.00000000
vn 0.00000000 -100.00000000 0.00000000
vn -54.72116000 0.00000000 83.69943100
vn 0.00000000 -100.00000000 0.00000000
vn -21.01040100 0.00000000 97.76790400
vn 0.00000000 -100.00000000 0.00000000
vn 15.50385400 0.00000000 98.79084200
vn 49.94937100 0.00000000 86.63175100
vn 49.94937100 0.00000000 86.63175100
vn 0.00000000 -100.00000000 0.00000000
vn 0.00000000 -100.00000000 0.00000000
vn 52.26393600 0.00000000 85.25538700
vn 54.54060000 0.00000000 83.81719900
vn 0.00000000 -100.00000000 0.00000000
vn 56.77771500 0.00000000 82.31823100
vn 0.00000000 -100.00000000 0.00000000
vn 56.77771500 0.00000000 82.31823100
vn 0.00000000 -100.00000000 0.00000000
vn 87.11157800 0.00000000 49.10776900
vn 99.82208900 0.00000000 5.96242100
vn 0.00000000 -100.00000000 0.00000000
vn 0.00000000 -100.00000000 0.00000000
vn 92.33781200 0.00000000 -38.38917000
vn 66.17287500 0.00000000 -74.97433300
vn 0.00000000 -100.00000000 0.00000000
vn 66.17287500 0.00000000 -74.97433300
vn 0.00000000 -100.00000000 0.00000000
vn 72.58009300 0.00000000 -68.79048000
vn 0.00000000 -100.00000000 0.00000000
vn 78.41180500 0.00000000 -62.06117000
vn 83.62177100 0.00000000 -54.83976100
vn 0.00000000 -100.00000000 0.00000000
vn 0.00000000 -100.00000000 0.00000000
vn 88.16867900 0.00000000 -47.18351500
vn 88.16867900 0.00000000 -47.18351500
vn 0.00000000 -100.00000000 0.00000000
vn 61.69573000 -0.00000000 -78.69966300
vn 24.77100200 -0.00000000 -96.88342200
vn 0.00000000 -100.00000000 0.00000000
vn 0.00000000 -100.00000000 0.00000000
vn -16.35014300 -0.00000000 -98.65431000
vn 0.00000000 -100.00000000 0.00000000
vn -54.70143500 -0.00000000 -83.71232300
vn -54.70143500 -0.00000000 -83.71232300
vn -53.81532200 -0.00000000 -84.28470300
vn 0.00000000 -100.00000000 0.00000000
vn 0.00000000 -100.00000000 0.00000000
vn -52.92322000 -0.00000000 -84.84770400
vn 0.00000000 -100.00000000 0.00000000
vn -52.02522800 -0.00000000 -85.40126300
vn -52.02522800 -0.00000000 -85.40126300
vn -76.35739400 -0.00000000 -64.57204000
vn 0.00000000 -100.00000000 0.00000000
vn 0.00000000 -100.00000000 0.00000000
vn -92.85597300 -0.00000000 -37.11830100
vn 0.00000000 -100.00000000 0.00000000
vn -99.82835600 -0.00000000 -5.85655600
vn -96.55924100 -0.00000000 26.00602000
vn 0.00000000 -100.00000000 0.00000000
vn -96.55924100 -0.00000000 26.00602000
vn 0.00000000 -100.00000000 0.00000000
vn -93.81951200 -0.00000000 34.61068100
vn -90.31471900 -0.00000000 42.93310500
vn 0.00000000 -100.00000000 0.00000000
vn -86.07344300 -0.00000000 50.90542600
vn 0.00000000 -100.00000000 0.00000000
vn -66.08700600 -0.00000000 75.05003400
vn 0.00000000 -100.00000000 0.00000000
vn -66.08700600 -0.00000000 75.05003400
vn 0.00000000 -100.00000000 0.00000000
vn -34.72431000 0.00000000 93.77751500
vn 1.27177900 0.00000000 99.99191300
vn 0.00000000 -100.00000000 0.00000000
vn 0.00000000 -100.00000000 0.00000000
vn 37.09817000 0.00000000 92.86401800
vn 0.00000000 -100.00000000 0.00000000
vn 67.97441400 0.00000000 73.34493200
vn 67.97441400 0.00000000 73.34493200
vn 69.92467800 0.00000000 71.48803700
vn 0.00000000 -100.00000000 0.00000000
vn 71.82423500 0.00000000 69.57930200
vn 0.00000000 -100.00000000 0.00000000
vn 73.67170800 0.00000000 67.62011100
vn 0.00000000 -100.00000000 0.00000000
vn 73.67170800 0.00000000 67.62011100
vn 0.00000000 -100.00000000 0.00000000
vn 95.85501600 0.00000000 28.49238500
vn 0.00000000 -100.00000000 0.00000000
vn 98.64610500 0.00000000 -16.39957300
vn 81.48031700 0.00000000 -57.97377000
vn 0.00000000 -100.00000000 0.00000000
vn 0.00000000 -100.00000000 0.00000000
vn 47.83042400 -0.00000000 -87.81942000
vn 47.83042400 -0.00000000 -87.81942000
vn 0.00000000 -100.00000000 0.00000000
vn 55.45303700 -0.00000000 -83.21634900
vn 0.00000000 -100.00000000 0.00000000
vn 62.63594800 -0.00000000 -77.95343500
vn 69.32220400 0.00000000 -72.07240800
vn 0.00000000 -100.00000000 0.00000000
vn 75.45878600 0.00000000 -65.61990200
vn 75.45878600 0.00000000 -65.61990200
vn 0.00000000 -100.00000000 0.00000000
vn 42.63656700 -0.00000000 -90.45508900
vn 0.00000000 -100.00000000 0.00000000
vn 0.00000000 -100.00000000 0.00000000
vn 2.59135200 -0.00000000 -99.96641900
vn 0.00000000 -100.00000000 0.00000000
vn -37.89286000 -0.00000000 -92.54259100
vn 0.00000000 -100.00000000 0.00000000
vn -71.95770000 -0.00000000 -69.44126600
vn -71.95770000 -0.00000000 -69.44126600
vn 0.00000000 -100.00000000 0.00000000
vn -71.22117000 -0.00000000 -70.19647400
vn -70.47671400 -0.00000000 -70.94387000
vn 0.00000000 -100.00000000 0.00000000
vn -69.72441600 -0.00000000 -71.68337200
vn -69.72441600 -0.00000000 -71.68337200
vn 0.00000000 -100.00000000 0.00000000
vn -88.81158600 -0.00000000 -45.96196500
vn 0.00000000 -100.00000000 0.00000000
vn -98.78747900 -0.00000000 -15.52527000
vn 0.00000000 -100.00000000 0.00000000
vn -98.62865700 -0.00000000 16.50417900
vn 0.00000000 -100.00000000 0.00000000
vn 0.00000000 -100.00000000 0.00000000
vn -88.35141500 -0.00000000 46.84044700
vn -88.35141500 -0.00000000 46.84044700
vn 0.00000000 -100.00000000 0.00000000
vn -83.76565900 -0.00000000 54.61972400
vn -78.49682600 -0.00000000 61.95359800
vn 0.00000000 -100.00000000 0.00000000
vn -72.58788000 -0.00000000 68.78226300
vn 0.00000000 -100.00000000 0.00000000
vn -47.72986300 0.00000000 87.87411600
vn 0.00000000 -100.00000000 0.00000000
vn -47.72986300 0.00000000 87.87411600
vn -12.98623900 0.00000000 99.15320300
vn 0.00000000 -100.00000000 0.00000000
vn 23.49018700 0.00000000 97.20190900
vn 0.00000000 -100.00000000 0.00000000
vn 56.83222900 0.00000000 82.28060300
vn 0.00000000 -100.00000000 0.00000000
vn 82.59093700 0.00000000 56.38029100
vn 0.00000000 -100.00000000 0.00000000
vn 82.59093700 0.00000000 56.38029100
vn 84.07910500 0.00000000 54.13597800
vn 0.00000000 -100.00000000 0.00000000
vn 85.50630300 0.00000000 51.85240800
vn 0.00000000 -100.00000000 0.00000000
vn 86.87149500 0.00000000 49.53123600
vn 86.87149500 0.00000000 49.53123600
vn 0.00000000 -100.00000000 0.00000000
vn 99.79188200 0.00000000 6.44827400
vn 0.00000000 -100.00000000 0.00000000
vn 92.52359300 0.00000000 -37.93922500
vn 0.00000000 -100.00000000 0.00000000
vn 0.00000000 -100.00000000 0.00000000
vn 66.53705800 0.00000000 -74.65132300
vn 27.08955600 -0.00000000 -96.26087400
vn 27.08955600 -0.00000000 -96.26087400
vn 0.00000000 -100.00000000 0.00000000
vn 35.54533400 -0.00000000 -93.46940300
vn 0.00000000 -100.00000000 0.00000000
vn 43.71926300 -0.00000000 -89.93678900
vn 0.00000000 -100.00000000 0.00000000
vn 0.00000000 -100.00000000 0.00000000
vn 51.54653200 -0.00000000 -85.69104400
vn 0.00000000 -100.00000000 0.00000000
vn 58.96507500 -0.00000000 -80.76583400
vn 58.96507500 -0.00000000 -80.76583400
vn 0.00000000 -100.00000000 0.00000000
vn 21.43942800 -0.00000000 -97.67472000
vn -19.71823900 -0.00000000 -98.03668200
vn 0.00000000 -100.00000000 0.00000000
vn -57.53547000 -0.00000000 -81.79040100
vn 0.00000000 -100.00000000 0.00000000
vn -85.60570600 -0.00000000 -51.68813300
vn 0.00000000 -100.00000000 0.00000000
vn -85.60570600 -0.00000000 -51.68813300
vn -85.05569200 -0.00000000 -52.58830000
vn 0.00000000 -100.00000000 0.00000000
vn -84.49621200 -0.00000000 -53.48261500
vn 0.00000000 -100.00000000 0.00000000
vn -83.92733000 -0.00000000 -54.37097800
vn -83.92733000 -0.00000000 -54.37097800
vn 0.00000000 -100.00000000 0.00000000
vn 0.00000000 -100.00000000 0.00000000
vn -96.81239300 -0.00000000 -25.04716600
vn -99.76536800 -0.00000000 6.84626300
vn 0.00000000 -100.00000000 0.00000000
vn -92.48330600 -0.00000000 38.03732600
vn 0.00000000 -100.00000000 0.00000000
vn -75.71328000 -0.00000000 65.32609900
vn -75.71328000 -0.00000000 65.32609900
vn 0.00000000 -100.00000000 0.00000000
vn 0.00000000 -100.00000000 0.00000000
vn -69.51144700 -0.00000000 71.88990700
vn 0.00000000 -100.00000000 0.00000000
vn -62.74277400 0.00000000 77.86747900
vn -55.46245600 0.00000000 83.21007100
vn 0.00000000 -100.00000000 0.00000000
vn -26.97934500 0.00000000 96.29182200
vn 0.00000000 -100.00000000 0.00000000
vn -26.97934500 0.00000000 96.29182200
vn 9.40301600 0.00000000 99.55693500
vn 0.00000000 -100.00000000 0.00000000
vn 44.53069800 0.00000000 89.53779600
vn 0.00000000 -100.00000000 0.00000000
vn 73.71648400 0.00000000 67.57129600
vn 0.00000000 -100.00000000 0.00000000
vn 93.06600400 0.00000000 36.58850700
vn 93.06600400 0.00000000 36.58850700
vn 0.00000000 -100.00000000 0.00000000
vn 0.00000000 -100.00000000 0.00000000
vn 94.01745500 0.00000000 34.06931500
vn 0.00000000 -100.00000000 0.00000000
vn 94.90072700 0.00000000 31.52541700
vn 95.71518200 0.00000000 28.95865900
vn 95.71518200 0.00000000 28.95865900
vn 0.00000000 -100.00000000 0.00000000
vn 0.00000000 -100.00000000 0.00000000
vn 98.72476700 0.00000000 -15.91918100
vn 0.00000000 -100.00000000 0.00000000
vn 81.76156100 0.00000000 -57.57644600
vn 0.00000000 -100.00000000 0.00000000
vn 48.25735300 -0.00000000 -87.58554600
vn 4.99030500 -0.00000000 -99.87540700
vn 0.00000000 -100.00000000 0.00000000
vn 4.99030500 -0.00000000 -99.87540700
vn 0.00000000 -100.00000000 0.00000000
vn 13.85523900 -0.00000000 -99.03551100
vn 22.61031200 -0.00000000 -97.41033700
vn 0.00000000 -100.00000000 0.00000000
vn 0.00000000 -100.00000000 0.00000000
vn 31.18610100 -0.00000000 -95.01277300
vn 39.51460900 -0.00000000 -91.86182900
vn 39.51460900 -0.00000000 -91.86182900
vn 0.00000000 -100.00000000 0.00000000
vn 0.00000000 -100.00000000 0.00000000
vn -0.83277300 -0.00000000 -99.99653200
vn -41.03907600 -0.00000000 -91.19097700
vn 0.00000000 -100.00000000 0.00000000
vn -74.29301200 -0.00000000 -66.93689800
vn 0.00000000 -100.00000000 0.00000000
vn -94.96108400 -0.00000000 -31.34314200
vn -94.96108400 -0.00000000 -31.34314200
vn 0.00000000 -100.00000000 0.00000000
vn -94.62516600 -0.00000000 -32.34313000
vn 0.00000000 -100.00000000 0.00000000
vn 0.00000000 -100.00000000 0.00000000
vn -94.27871700 -0.00000000 -33.33951800
vn 0.00000000 -100.00000000 0.00000000
vn -93.92177700 -0.00000000 -34.33219700
vn -93.92177700 -0.00000000 -34.33219700
vn -99.95862300 -0.00000000 -2.87639700
vn 0.00000000 -100.00000000 0.00000000
vn -95.74060500 -0.00000000 28.87449600
vn 0.00000000 -100.00000000 0.00000000
vn -81.70045500 -0.00000000 57.66312200
vn 0.00000000 -100.00000000 0.00000000
vn -59.27856600 0.00000000 80.53602700
vn 0.00000000 -100.00000000 0.00000000
vn -59.27856600 0.00000000 80.53602700
vn 0.00000000 -100.00000000 0.00000000
vn -51.77164100 0.00000000 85.55522900
vn 0.00000000 -100.00000000 0.00000000
vn -43.84253700 0.00000000 89.87676000
vn 0.00000000 -100.00000000 0.00000000
vn -35.55591400 0.00000000 93.46537800
vn -4.87597100 0.00000000 99.88105400
vn -4.87597100 0.00000000 99.88105400
vn 0.00000000 -100.00000000 0.00000000
vn 31.32076500 0.00000000 94.96846700
vn 0.00000000 -100.00000000 0.00000000
vn 0.00000000 -100.00000000 0.00000000
vn 63.33825500 0.00000000 77.38388400
vn 0.00000000 -100.00000000 0.00000000
vn 86.90428500 0.00000000 49.47368200
vn 98.87435400 0.00000000 14.96202200
vn 0.00000000 -100.00000000 0.00000000
vn 98.87435400 0.00000000 14.96202200
vn 99.24137700 0.00000000 12.29427400
vn 0.00000000 -100.00000000 0.00000000
vn 99.53643300 0.00000000 9.61761100
vn 0.00000000 -100.00000000 0.00000000
vn 99.75931000 0.00000000 6.93397300
vn 99.75931000 0.00000000 6.93397300
vn 0.00000000 -100.00000000 0.00000000
vn 92.70718000 0.00000000 -37.48838100
vn 0.00000000 -100.00000000 0.00000000
vn 66.89966400 0.00000000 -74.32654300
vn 0.00000000 -100.00000000 0.00000000
vn 0.00000000 -100.00000000 0.00000000
vn 27.55782300 -0.00000000 -96.12786500
vn -17.35918100 -0.00000000 -98.48176900
vn 0.00000000 -100.00000000 0.00000000
vn -17.35918100 -0.00000000 -98.48176900
vn -8.52961500 -0.00000000 -99.63556400
vn 0.00000000 -100.00000000 0.00000000
vn 0.36758500 -0.00000000 -99.99932400
vn 0.00000000 -100.00000000 0.00000000
vn 0.00000000 -100.00000000 0.00000000
vn 9.26187000 -0.00000000 -99.57016500
vn 0.00000000 -100.00000000 0.00000000
vn 18.08271500 -0.00000000 -98.35148900
vn 18.08271500 -0.00000000 -98.35148900
vn 0.00000000 -100.00000000 0.00000000
vn -23.06321500 -0.00000000 -97.30410100
vn -60.30204200 -0.00000000 -79.77257500
vn 0.00000000 -100.00000000 0.00000000
vn -87.32519300 -0.00000000 -48.72690000
vn 0.00000000 -100.00000000 0.00000000
vn -99.55471600 -0.00000000 -9.42647500
vn -99.55471600 -0.00000000 -9.42647500
vn 0.00000000 -100.00000000 0.00000000
vn -99.44973900 -0.00000000 -10.47614000
vn 0.00000000 -100.00000000 0.00000000
vn 0.00000000 -100.00000000 0.00000000
vn -99.33369400 -0.00000000 -11.52463900
vn -99.20659500 -0.00000000 -12.57185500
vn -99.20659500 -0.00000000 -12.57185500
vn 0.00000000 -100.00000000 0.00000000
vn -98.09251000 -0.00000000 19.43860700
vn 0.00000000 -100.00000000 0.00000000
vn -86.91500900 -0.00000000 49.45484100
vn 0.00000000 -100.00000000 0.00000000
vn -66.82080200 -0.00000000 74.39744900
vn 0.00000000 -100.00000000 0.00000000
vn 0.00000000 -100.00000000 0.00000000
vn -39.87137700 0.00000000 91.70754200
vn -39.87137700 0.00000000 91.70754200
vn -31.43578800 0.00000000 94.93045500
vn 0.00000000 -100.00000000 0.00000000
vn 0.00000000 -100.00000000 0.00000000
vn -22.74385300 0.00000000 97.37924400
vn -13.86645000 0.00000000 99.03394200
vn 0.00000000 -100.00000000 0.00000000
vn 0.00000000 -100.00000000 0.00000000
vn 17.47190500 0.00000000 98.46183300
vn 17.47190500 0.00000000 98.46183300
vn 51.66796000 0.00000000 85.61788300
vn 0.00000000 -100.00000000 0.00000000
vn 78.96976600 0.00000000 61.34962100
vn 0.00000000 -100.00000000 0.00000000
vn 0.00000000 -100.00000000 0.00000000
vn 95.73434300 0.00000000 28.89525100
vn 99.72473100 0.00000000 -7.41472000
vn 99.72473100 0.00000000 -7.41472000
vn 0.00000000 -100.00000000 0.00000000
vn 0.00000000 -100.00000000 0.00000000
vn 99.48892100 0.00000000 -10.09725300
vn 99.18096700 0.00000000 -12.77246300
vn 0.00000000 -100.00000000 0.00000000
vn 98.80109000 0.00000000 -15.43841100
vn 0.00000000 -100.00000000 0.00000000
vn 98.80109000 0.00000000 -15.43841100
vn 82.04086800 0.00000000 -57.17775800
vn 0.00000000 -100.00000000 0.00000000
vn 48.68313800 -0.00000000 -87.34959700
vn 0.00000000 -100.00000000 0.00000000
vn 5.47642800 -0.00000000 -99.84993100
vn 0.00000000 -100.00000000 0.00000000
vn -38.83820500 -0.00000000 -92.14984400
vn 0.00000000 -100.00000000 0.00000000
vn -38.83820500 -0.00000000 -92.14984400
vn -30.48675800 -0.00000000 -95.23947500
vn 0.00000000 -100.00000000 0.00000000
vn -21.89357400 -0.00000000 -97.57392800
vn 0.00000000 -100.00000000 0.00000000
vn 0.00000000 -100.00000000 0.00000000
vn -13.12679100 -0.00000000 -99.13469300
vn 0.00000000 -100.00000000 0.00000000
vn -4.25592200 -0.00000000 -99.90939500
vn -4.25592200 -0.00000000 -99.90939500
vn -44.13717200 -0.00000000 -89.73243600
vn 0.00000000 -100.00000000 0.00000000
vn 0.00000000 -100.00000000 0.00000000
vn -76.54121200 -0.00000000 -64.35404300
vn 0.00000000 -100.00000000 0.00000000
vn -95.97852300 -0.00000000 -28.07353100
vn 0.00000000 -100.00000000 0.00000000
vn -99.15626000 -0.00000000 12.96287500
vn -99.15626000 -0.00000000 12.96287500
vn -99.28748600 -0.00000000 11.91616800
vn 0.00000000 -100.00000000 0.00000000
vn -99.40766400 -0.00000000 10.86813400
vn 0.00000000 -100.00000000 0.00000000
vn -99.51677900 -0.00000000 9.81889200
vn -99.51677900 -0.00000000 9.81889200
vn 0.00000000 -100.00000000 0.00000000
vn -91.30762900 -0.00000000 40.77887700
vn 0.00000000 -100.00000000 0.00000000
vn -73.73113100 -0.00000000 67.55531400
vn 0.00000000 -100.00000000 0.00000000
vn -48.59047500 0.00000000 87.40117700
vn 0.00000000 -100.00000000 0.00000000
vn 0.00000000 -100.00000000 0.00000000
vn -18.46487000 0.00000000 98.28045900
vn -18.46487000 0.00000000 98.28045900
vn -9.52361400 0.00000000 99.54547100
vn 0.00000000 -100.00000000 0.00000000
vn -0.50469700 0.00000000 99.99872600
vn 0.00000000 -100.00000000 0.00000000
vn 0.00000000 -100.00000000 0.00000000
vn 8.51833600 0.00000000 99.63652900
vn 38.94366700 0.00000000 92.10532400
vn 38.94366700 0.00000000 92.10532400
vn 0.00000000 -100.00000000 0.00000000
vn 0.00000000 -100.00000000 0.00000000
vn 69.42430800 0.00000000 71.97406100
vn 90.64140400 0.00000000 42.23903200
vn 0.00000000 -100.00000000 0.00000000
vn 99.76388200 0.00000000 6.86789100
vn 0.00000000 -100.00000000 0.00000000
vn 95.57449300 0.00000000 -29.41965800
vn 0.00000000 -100.00000000 0.00000000
vn 95.57449300 0.00000000 -29.41965800
vn 94.74767600 0.00000000 -31.98246100
vn 0.00000000 -100.00000000 0.00000000
vn 93.85215300 0.00000000 -34.52207200
vn 0.00000000 -100.00000000 0.00000000
vn 92.88857100 0.00000000 -37.03664900
vn 92.88857100 0.00000000 -37.03664900
vn 0.00000000 -100.00000000 0.00000000
vn 0.00000000 -100.00000000 0.00000000
vn 67.26068400 0.00000000 -74.00000200
vn 28.02543600 -0.00000000 -95.99257800
vn 0.00000000 -100.00000000 0.00000000
vn -16.87957700 -0.00000000 -98.56510500
vn 0.00000000 -100.00000000 0.00000000
vn 0.00000000 -100.00000000 0.00000000
vn -58.36972000 -0.00000000 -81.19714200
vn -58.36972000 -0.00000000 -81.19714200
vn -50.91516900 -0.00000000 -86.06768000
vn 0.00000000 -100.00000000 0.00000000
vn 0.00000000 -100.00000000 0.00000000
vn -43.05689800 -0.00000000 -90.25576700
vn 0.00000000 -100.00000000 0.00000000
vn -34.85721900 -0.00000000 -93.72819400
vn 0.00000000 -100.00000000 0.00000000
vn -26.38114900 -0.00000000 -96.45742600
vn -26.38114900 -0.00000000 -96.45742600
vn -62.99790600 -0.00000000 -77.66121200
vn 0.00000000 -100.00000000 0.00000000
vn -88.94228600 -0.00000000 -45.70853100
vn 0.00000000 -100.00000000 0.00000000
vn -99.81908900 -0.00000000 -6.01243900
vn 0.00000000 -100.00000000 0.00000000
vn -93.78569400 -0.00000000 34.70221200
vn -93.78569400 -0.00000000 34.70221200
vn 0.00000000 -100.00000000 0.00000000
vn 0.00000000 -100.00000000 0.00000000
vn -94.14654500 -0.00000000 33.71094900
vn -94.49691900 -0.00000000 32.71593400
vn 0.00000000 -100.00000000 0.00000000
vn 0.00000000 -100.00000000 0.00000000
vn -94.83677700 -0.00000000 31.71727800
vn -94.83677700 -0.00000000 31.71727800
vn 0.00000000 -100.00000000 0.00000000
vn -79.94420300 -0.00000000 60.07432500
vn -56.85006600 0.00000000 82.26828100
vn 0.00000000 -100.00000000 0.00000000
vn -27.92361900 0.00000000 96.02224500
vn 0.00000000 -100.00000000 0.00000000
vn 0.00000000 -100.00000000 0.00000000
vn 3.86754200 0.00000000 99.92518300
vn 3.86754200 0.00000000 99.92518300
vn 12.86611400 0.00000000 99.16886200
vn 0.00000000 -100.00000000 0.00000000
vn 21.75976700 0.00000000 97.60385500
vn 0.00000000 -100.00000000 0.00000000
vn 30.47597700 0.00000000 95.24292500
vn 0.00000000 -100.00000000 0.00000000
vn 58.46263100 0.00000000 81.13027000
vn 58.46263100 0.00000000 81.13027000
vn 0.00000000 -100.00000000 0.00000000
vn 0.00000000 -100.00000000 0.00000000
vn 83.69943100 0.00000000 54.72116000
vn 0.00000000 -100.00000000 0.00000000
vn 97.76790400 0.00000000 21.01040100
vn 98.79084200 0.00000000 -15.50385400
vn 0.00000000 -100.00000000 0.00000000
vn 86.63175100 0.00000000 -49.94937100
vn 0.00000000 -100.00000000 0.00000000
vn 86.63175100 0.00000000 -49.94937100
vn 85.25538700 0.00000000 -52.26393600
vn 0.00000000 -100.00000000 0.00000000
vn 0.00000000 -100.00000000 0.00000000
vn 83.81719900 0.00000000 -54.54060000
vn 82.31823100 0.00000000 -56.77771500
vn 82.31823100 0.00000000 -56.77771500
vn 0.00000000 -100.00000000 0.00000000
vn 49.10776900 -0.00000000 -87.11157800
vn 0.00000000 -100.00000000 0.00000000
vn 5.96242100 -0.00000000 -99.82208900
vn 0.00000000 -100.00000000 0.00000000
vn 0.00000000 -100.00000000 0.00000000
vn -38.38917000 -0.00000000 -92.33781200
vn 0.00000000 -100.00000000 0.00000000
vn -74.97433300 -0.00000000 -66.17287500
vn -74.97433300 -0.00000000 -66.17287500
vn 0.00000000 -100.00000000 0.00000000
vn -68.79048000 -0.00000000 -72.58009300
vn -62.06117000 -0.00000000 -78.41180500
vn 0.00000000 -100.00000000 0.00000000
vn 0.00000000 -100.00000000 0.00000000
vn -54.83976100 -0.00000000 -83.62177100
vn -47.18351500 -0.00000000 -88.16867900
vn 0.00000000 -100.00000000 0.00000000
vn -47.18351500 -0.00000000 -88.16867900
vn 0.00000000 -100.00000000 0.00000000
vn -78.69966300 -0.00000000 -61.69573000
vn -96.88342200 -0.00000000 -24.77100200
vn 0.00000000 -100.00000000 0.00000000
vn -98.65431000 -0.00000000 16.35014300
vn 0.00000000 -100.00000000 0.00000000
vn 0.00000000 -100.00000000 0.00000000
vn -83.71232300 -0.00000000 54.70143500
vn -83.71232300 -0.00000000 54.70143500
vn 0.00000000 -100.00000000 0.00000000
vn -84.28470300 -0.00000000 53.81532200
vn 0.00000000 -100.00000000 0.00000000
vn -84.84770400 -0.00000000 52.92322000
vn -85.40126300 -0.00000000 52.02522800
vn -85.40126300 -0.00000000 52.02522800
vn 0.00000000 -100.00000000 0.00000000
vn 0.00000000 -100.00000000 0.00000000
vn -64.57204000 0.00000000 76.35739400
vn 0.00000000 -100.00000000 0.00000000
vn -37.11830100 0.00000000 92.85597300
vn 0.00000000 -100.00000000 0.00000000
vn -5.85655600 0.00000000 99.82835600
vn 0.00000000 -100.00000000 0.00000000
vn 26.00602000 0.00000000 96.55924100
vn 26.00602000 0.00000000 96.55924100
vn 0.00000000 -100.00000000 0.00000000
vn 34.61068100 0.00000000 93.81951200
vn 0.00000000 -100.00000000 0.00000000
vn 42.93310500 0.00000000 90.31471900
vn 0.00000000 -100.00000000 0.00000000
vn 50.90542600 0.00000000 86.07344300
vn 75.05003400 0.00000000 66.08700600
vn 75.05003400 0.00000000 66.08700600
vn 0.00000000 -100.00000000 0.00000000
vn 0.00000000 -100.00000000 0.00000000
vn 93.77751500 0.00000000 34.72431000
vn 99.99191300 0.00000000 -1.27177900
vn 0.00000000 -100.00000000 0.00000000
vn 0.00000000 -100.00000000 0.00000000
vn 92.86401800 0.00000000 -37.09817000
vn 0.00000000 -100.00000000 0.00000000
vn 73.34493200 0.00000000 -67.97441400
vn 73.34493200 0.00000000 -67.97441400
vn 0.00000000 -100.00000000 0.00000000
vn 71.48803700 0.00000000 -69.92467800
vn 0.00000000 -100.00000000 0.00000000
vn 69.57930200 0.00000000 -71.82423500
vn 67.62011100 0.00000000 -73.67170800
vn 67.62011100 0.00000000 -73.67170800
vn 0.00000000 -100.00000000 0.00000000
vn 28.49238500 -0.00000000 -95.85501600
vn 0.00000000 -100.00000000 0.00000000
vn -16.39957300 -0.00000000 -98.64610500
vn 0.00000000 -100.00000000 0.00000000
vn -57.97377000 -0.00000000 -81.48031700
vn 0.00000000 -100.00000000 0.00000000
vn -87.81942000 -0.00000000 -47.83042400
vn -87.81942000 -0.00000000 -47.83042400
vn 0.00000000 -100.00000000 0.00000000
vn -83.21634900 -0.00000000 -55.45303700
vn 0.00000000 -100.00000000 0.00000000
vn -77.95343500 -0.00000000 -62.63594800
vn 0.00000000 -100.00000000 0.00000000
vn 0.00000000 -100.00000000 0.00000000
vn -72.07240800 -0.00000000 -69.32220400
vn 0.00000000 -100.00000000 0.00000000
vn -65.61990200 -0.00000000 -75.45878600
vn -65.61990200 -0.00000000 -75.45878600
vn -90.45508900 -0.00000000 -42.63656700
vn 0.00000000 -100.00000000 0.00000000
vn -99.96641900 -0.00000000 -2.59135200
vn 0.00000000 -100.00000000 0.00000000
vn -92.54259100 -0.00000000 37.89286000
vn 0.00000000 -100.00000000 0.00000000
vn -69.44126600 -0.00000000 71.95770000
vn 0.00000000 -100.00000000 0.00000000
vn -69.44126600 -0.00000000 71.95770000
vn 0.00000000 -100.00000000 0.00000000
vn -70.19647400 -0.00000000 71.22117000
vn -70.94387000 -0.00000000 70.47671400
vn 0.00000000 -100.00000000 0.00000000
vn 0.00000000 -100.00000000 0.00000000
vn -71.68337200 -0.00000000 69.72441600
vn -71.68337200 -0.00000000 69.72441600
vn 0.00000000 -100.00000000 0.00000000
vn -45.96196500 0.00000000 88.81158600
vn 0.00000000 -100.00000000 0.00000000
vn -15.52527000 0.00000000 98.78747900
vn 16.50417900 0.00000000 98.62865700
vn 0.00000000 -100.00000000 0.00000000
vn 46.84044700 0.00000000 88.35141500
vn 0.00000000 -100.00000000 0.00000000
vn 46.84044700 0.00000000 88.35141500
vn 0.00000000 -100.00000000 0.00000000
vn 54.61972400 0.00000000 83.76565900
vn 0.00000000 -100.00000000 0.00000000
vn 61.95359800 0.00000000 78.49682600
vn 0.00000000 -100.00000000 0.00000000
vn 68.78226300 0.00000000 72.58788000
vn 87.87411600 0.00000000 47.72986300
vn 87.87411600 0.00000000 47.72986300
vn 0.00000000 -100.00000000 0.00000000
vn 0.00000000 -100.00000000 0.00000000
vn 99.15320300 0.00000000 12.98623900
vn 97.20190900 0.00000000 -23.49018700
vn 0.00000000 -100.00000000 0.00000000
vn 82.28060300 0.00000000 -56.83222900
vn 0.00000000 -100.00000000 0.00000000
vn 56.38029100 -0.00000000 -82.59093700
vn 56.38029100 -0.00000000 -82.59093700
vn 0.00000000 -100.00000000 0.00000000
vn 54.13597800 -0.00000000 -84.07910500
vn 0.00000000 -100.00000000 0.00000000
vn 0.00000000 -100.00000000 0.00000000
vn 51.85240800 -0.00000000 -85.50630300
vn 49.53123600 -0.00000000 -86.87149500
vn 0.00000000 -100.00000000 0.00000000
vn 49.53123600 -0.00000000 -86.87149500
vn 0.00000000 -100.00000000 0.00000000
vn 6.44827400 -0.00000000 -99.79188200
vn 0.00000000 -100.00000000 0.00000000
vn -37.93922500 -0.00000000 -92.52359300
vn 0.00000000 -100.00000000 0.00000000
vn -74.65132300 -0.00000000 -66.53705800
vn -96.26087400 -0.00000000 -27.08955600
vn 0.00000000 -100.00000000 0.00000000
vn -96.26087400 -0.00000000 -27.08955600
vn 0.00000000 -100.00000000 0.00000000
vn -93.46940300 -0.00000000 -35.54533400
vn -89.93678900 -0.00000000 -43.71926300
vn 0.00000000 -100.00000000 0.00000000
vn 0.00000000 -100.00000000 0.00000000
vn -85.69104400 -0.00000000 -51.54653200
vn -80.76583400 -0.00000000 -58.96507500
vn -80.76583400 -0.00000000 -58.96507500
vn 0.00000000 -100.00000000 0.00000000
vn 0.00000000 -100.00000000 0.00000000
vn -97.67472000 -0.00000000 -21.43942800
vn -98.03668200 -0.00000000 19.71823900
vn 0.00000000 -100.00000000 0.00000000
vn 0.00000000 -100.00000000 0.00000000
vn -81.79040100 -0.00000000 57.53547000
vn -51.68813300 0.00000000 85.60570600
vn -51.68813300 0.00000000 85.60570600
vn 0.00000000 -100.00000000 0.00000000
vn -52.58830000 0.00000000 85.05569200
vn 0.00000000 -100.00000000 0.00000000
vn -53.48261500 0.00000000 84.49621200
vn 0.00000000 -100.00000000 0.00000000
vn -54.37097800 0.00000000 83.92733000
vn 0.00000000 -100.00000000 0.00000000
vn -54.37097800 0.00000000 83.92733000
vn -25.04716600 0.00000000 96.81239300
vn 0.00000000 -100.00000000 0.00000000
vn 0.00000000 -100.00000000 0.00000000
vn 6.84626300 0.00000000 99.76536800
vn 0.00000000 -100.00000000 0.00000000
vn 38.03732600 0.00000000 92.48330600
vn 65.32609900 0.00000000 75.71328000
vn 65.32609900 0.00000000 75.71328000
vn 0.00000000 -100.00000000 0.00000000
vn 71.88990700 0.00000000 69.51144700
vn 0.00000000 -100.00000000 0.00000000
vn 77.86747900 0.00000000 62.74277400
vn 0.00000000 -100.00000000 0.00000000
vn 0.00000000 -100.00000000 0.00000000
vn 83.21007100 0.00000000 55.46245600
vn 96.29182200 0.00000000 26.97934500
vn 0.00000000 -100.00000000 0.00000000
vn 96.29182200 0.00000000 26.97934500
vn 99.55693500 0.00000000 -9.40301600
vn 0.00000000 -100.00000000 0.00000000
vn 0.00000000 -100.00000000 0.00000000
vn 89.53779600 0.00000000 -44.53069800
vn 67.57129600 0.00000000 -73.71648400
vn 0.00000000 -100.00000000 0.00000000
vn 0.00000000 -100.00000000 0.00000000
vn 36.58850700 -0.00000000 -93.06600400
vn 36.58850700 -0.00000000 -93.06600400
vn 34.06931500 -0.00000000 -94.01745500
vn 0.00000000 -100.00000000 0.00000000
vn 0.00000000 -100.00000000 0.00000000
vn 31.52541700 -0.00000000 -94.90072700
vn 0.00000000 -100.00000000 0.00000000
vn 28.95865900 -0.00000000 -95.71518200
vn 28.95865900 -0.00000000 -95.71518200
vn -15.91918100 -0.00000000 -98.72476700
vn 0.00000000 -100.00000000 0.00000000
vn 0.00000000 -100.00000000 0.00000000
vn -57.57644600 -0.00000000 -81.76156100
vn 0.00000000 -100.00000000 0.00000000
vn -87.58554600 -0.00000000 -48.25735300
vn -99.87540700 -0.00000000 -4.99030500
vn 0.00000000 -100.00000000 0.00000000
vn -99.87540700 -0.00000000 -4.99030500
vn 0.00000000 -100.00000000 0.00000000
vn -99.03551100 -0.00000000 -13.85523900
vn -97.41033700 -0.00000000 -22.61031200
vn 0.00000000 -100.00000000 0.00000000
vn -95.01277300 -0.00000000 -31.18610100
vn 0.00000000 -100.00000000 0.00000000
vn -91.86182900 -0.00000000 -39.51460900
vn 0.00000000 -100.00000000 0.00000000
vn -91.86182900 -0.00000000 -39.51460900
vn 0.00000000 -100.00000000 0.00000000
vn -99.99653200 -0.00000000 0.83277300
vn -91.19097700 -0.00000000 41.03907600
vn 0.00000000 -100.00000000 0.00000000
vn -66.93689800 -0.00000000 74.29301200
vn 0.00000000 -100.00000000 0.00000000
vn -31.34314200 0.00000000 94.96108400
vn 0.00000000 -100.00000000 0.00000000
vn -31.34314200 0.00000000 94.96108400
vn 0.00000000 -100.00000000 0.00000000
vn -32.34313000 0.00000000 94.62516600
vn -33.33951800 0.00000000 94.27871700
vn 0.00000000 -100.00000000 0.00000000
vn -34.33219700 0.00000000 93.92177700
vn -34.33219700 0.00000000 93.92177700
vn 0.00000000 -100.00000000 0.00000000
vn -2.87639700 0.00000000 99.95862300
vn 0.00000000 -100.00000000 0.00000000
vn 0.00000000 -100.00000000 0.00000000
vn 28.87449600 0.00000000 95.74060500
vn 57.66312200 0.00000000 81.70045500
vn 0.00000000 -100.00000000 0.00000000
vn 0.00000000 -100.00000000 0.00000000
vn 80.53602700 0.00000000 59.27856600
vn 80.53602700 0.00000000 59.27856600
vn 85.55522900 0.00000000 51.77164100
vn 0.00000000 -100.00000000 0.00000000
vn 89.87676000 0.00000000 43.84253700
vn 0.00000000 -100.00000000 0.00000000
vn 93.46537800 0.00000000 35.55591400
vn 0.00000000 -100.00000000 0.00000000
vn 0.00000000 -100.00000000 0.00000000
vn 99.88105400 0.00000000 4.87597100
vn 99.88105400 0.00000000 4.87597100
vn 94.96846700 0.00000000 -31.32076500
vn 0.00000000 -100.00000000 0.00000000
vn 77.38388400 0.00000000 -63.33825500
vn 0.00000000 -100.00000000 0.00000000
vn 0.00000000 -100.00000000 0.00000000
vn 49.47368200 -0.00000000 -86.90428500
vn 0.00000000 -100.00000000 0.00000000
vn 14.96202200 -0.00000000 -98.87435400
vn 14.96202200 -0.00000000 -98.87435400
vn 12.29427400 -0.00000000 -99.24137700
vn 0.00000000 -100.00000000 0.00000000
vn 9.61761100 -0.00000000 -99.53643300
vn 0.00000000 -100.00000000 0.00000000
vn 0.00000000 -100.00000000 0.00000000
vn 6.93397300 -0.00000000 -99.75931000
vn 6.93397300 -0.00000000 -99.75931000
vn 0.00000000 -100.00000000 0.00000000
vn -37.48838100 -0.00000000 -92.70718000
vn 0.00000000 -100.00000000 0.00000000
vn -74.32654300 -0.00000000 -66.89966400
vn 0.00000000 -100.00000000 0.00000000
vn -96.12786500 -0.00000000 -27.55782300
vn -98.48176900 -0.00000000 17.35918100
vn -98.48176900 -0.00000000 17.35918100
vn 0.00000000 -100.00000000 0.00000000
vn 0.00000000 -100.00000000 0.00000000
vn -99.63556400 -0.00000000 8.52961500
vn -99.99932400 -0.00000000 -0.36758500
vn 0.00000000 -100.00000000 0.00000000
vn -99.57016500 -0.00000000 -9.26187000
vn 0.00000000 -100.00000000 0.00000000
vn -98.35148900 -0.00000000 -18.08271500
vn 0.00000000 -100.00000000 0.00000000
vn -98.35148900 -0.00000000 -18.08271500
vn 0.00000000 -100.00000000 0.00000000
vn -97.30410100 -0.00000000 23.06321500
vn 0.00000000 -100.00000000 0.00000000
vn -79.77257500 -0.00000000 60.30204200
vn 0.00000000 -100.00000000 0.00000000
vn -48.72690000 0.00000000 87.32519300
vn -9.42647500 0.00000000 99.55471600
vn -9.42647500 0.00000000 99.55471600
vn 0.00000000 -100.00000000 0.00000000
vn -10.47614000 0.00000000 99.44973900
vn 0.00000000 -100.00000000 0.00000000
vn -11.52463900 0.00000000 99.33369400
vn 0.00000000 -100.00000000 0.00000000
vn -12.57185500 0.00000000 99.20659500
vn -12.57185500 0.00000000 99.20659500
vn 0.00000000 -100.00000000 0.00000000
vn 19.43860700 0.00000000 98.09251000
vn 0.00000000 -100.00000000 0.00000000
vn 49.45484100 0.00000000 86.91500900
vn 0.00000000 -100.00000000 0.00000000
vn 0.00000000 -100.00000000 0.00000000
vn 74.39744900 0.00000000 66.82080200
vn 91.70754200 0.00000000 39.87137700
vn 91.70754200 0.00000000 39.87137700
vn 0.00000000 -100.00000000 0.00000000
vn 0.00000000 -100.00000000 0.00000000
vn 94.93045500 0.00000000 31.43578800
vn 97.37924400 0.00000000 22.74385300
vn 0.00000000 -100.00000000 0.00000000
vn 0.00000000 -100.00000000 0.00000000
vn 99.03394200 0.00000000 13.86645000
vn 98.46183300 0.00000000 -17.47190500
vn 98.46183300 0.00000000 -17.47190500
vn 0.00000000 -100.00000000 0.00000000
vn 85.61788300 0.00000000 -51.66796000
vn 0.00000000 -100.00000000 0.00000000
vn 0.00000000 -100.00000000 0.00000000
vn 61.34962100 -0.00000000 -78.96976600
vn 28.89525100 -0.00000000 -95.73434300
vn 0.00000000 -100.00000000 0.00000000
vn -7.41472000 -0.00000000 -99.72473100
vn 0.00000000 -100.00000000 0.00000000
vn -7.41472000 -0.00000000 -99.72473100
vn -10.09725300 -0.00000000 -99.48892100
vn 0.00000000 -100.00000000 0.00000000
vn -12.77246300 -0.00000000 -99.18096700
vn 0.00000000 -100.00000000 0.00000000
vn 0.00000000 -100.00000000 0.00000000
vn -15.43841100 -0.00000000 -98.80109000
vn -15.43841100 -0.00000000 -98.80109000
vn 0.00000000 -100.00000000 0.00000000
vn -57.17775800 -0.00000000 -82.04086800
vn -87.34959700 -0.00000000 -48.68313800
vn 0.00000000 -100.00000000 0.00000000
vn -99.84993100 -0.00000000 -5.47642800
vn 0.00000000 -100.00000000 0.00000000
vn -92.14984400 -0.00000000 38.83820500
vn -92.14984400 -0.00000000 38.83820500
vn 0.00000000 -100.00000000 0.00000000
vn -95.23947500 -0.00000000 30.48675800
vn 0.00000000 -100.00000000 0.00000000
vn 0.00000000 -100.00000000 0.00000000
vn -97.57392800 -0.00000000 21.89357400
vn 0.00000000 -100.00000000 0.00000000
vn -99.13469300 -0.00000000 13.12679100
vn 0.00000000 -100.00000000 0.00000000
vn -99.90939500 -0.00000000 4.25592200
vn -99.90939500 -0.00000000 4.25592200
vn -89.73243600 -0.00000000 44.13717200
vn 0.00000000 -100.00000000 0.00000000
vn -64.35404300 0.00000000 76.54121200
vn 0.00000000 -100.00000000 0.00000000
vn -28.07353100 0.00000000 95.97852300
vn 0.00000000 -100.00000000 0.00000000
vn 0.00000000 -100.00000000 0.00000000
vn 12.96287500 0.00000000 99.15626000
vn 12.96287500 0.00000000 99.15626000
vn 11.91616800 0.00000000 99.28748600
vn 0.00000000 -100.00000000 0.00000000
vn 10.86813400 0.00000000 99.40766400
vn 0.00000000 -100.00000000 0.00000000
vn 0.00000000 -100.00000000 0.00000000
vn 9.81889200 0.00000000 99.51677900
vn 9.81889200 0.00000000 99.51677900
vn 0.00000000 -100.00000000 0.00000000
vn 40.77887700 0.00000000 91.30762900
vn 67.55531400 0.00000000 73.73113100
vn 0.00000000 -100.00000000 0.00000000
vn 87.40117700 0.00000000 48.59047500
vn 0.00000000 -100.00000000 0.00000000
vn 98.28045900 0.00000000 18.46487000
vn 0.00000000 -100.00000000 0.00000000
vn 98.28045900 0.00000000 18.46487000
vn 0.00000000 -100.00000000 0.00000000
vn 99.54547100 0.00000000 9.52361400
vn 99.99872600 0.00000000 0.50469700
vn 0.00000000 -100.00000000 0.00000000
vn 99.63652900 0.00000000 -8.51833600
vn 0.00000000 -100.00000000 0.00000000
vn 92.10532400 0.00000000 -38.94366700
vn 92.10532400 0.00000000 -38.94366700
vn 0.00000000 -100.00000000 0.00000000
vn 71.97406100 0.00000000 -69.42430800
vn 0.00000000 -100.00000000 0.00000000
vn 0.00000000 -100.00000000 0.00000000
vn 42.23903200 -0.00000000 -90.64140400
vn 6.86789100 -0.00000000 -99.76388200
vn 0.00000000 -100.00000000 0.00000000
vn 0.00000000 -100.00000000 0.00000000
vn -29.41965800 -0.00000000 -95.57449300
vn -29.41965800 -0.00000000 -95.57449300
vn 0.00000000 -100.00000000 0.00000000
vn -31.98246100 -0.00000000 -94.74767600
vn 0.00000000 -100.00000000 0.00000000
vn -34.52207200 -0.00000000 -93.85215300
vn -37.03664900 -0.00000000 -92.88857100
vn -37.03664900 -0.00000000 -92.88857100
vn 0.00000000 -100.00000000 0.00000000
vn -74.00000200 -0.00000000 -67.26068400
vn 0.00000000 -100.00000000 0.00000000
vn -95.99257800 -0.00000000 -28.02543600
vn 0.00000000 -100.00000000 0.00000000
vn -98.56510500 -0.00000000 16.87957700
vn 0.00000000 -100.00000000 0.00000000
vn -81.19714200 -0.00000000 58.36972000
vn 0.00000000 -100.00000000 0.00000000
vn -81.19714200 -0.00000000 58.36972000
vn -86.06768000 -0.00000000 50.91516900
vn 0.00000000 -100.00000000 0.00000000
vn 0.00000000 -100.00000000 0.00000000
vn -90.25576700 -0.00000000 43.05689800
vn -93.72819400 -0.00000000 34.85721900
vn 0.00000000 -100.00000000 0.00000000
vn -96.45742600 -0.00000000 26.38114900
vn -96.45742600 -0.00000000 26.38114900
vn 0.00000000 -100.00000000 0.00000000
vn -77.66121200 -0.00000000 62.99790600
vn 0.00000000 -100.00000000 0.00000000
vn 0.00000000 -100.00000000 0.00000000
vn -45.70853100 0.00000000 88.94228600
vn 0.00000000 -100.00000000 0.00000000
vn -6.01243900 0.00000000 99.81908900
vn 34.70221200 0.00000000 93.78569400
vn 0.00000000 -100.00000000 0.00000000
vn 34.70221200 0.00000000 93.78569400
vn 33.71094900 0.00000000 94.14654500
vn 0.00000000 -100.00000000 0.00000000
vn 32.71593400 0.00000000 94.49691900
vn 0.00000000 -100.00000000 0.00000000
vn 31.71727800 0.00000000 94.83677700
vn 31.71727800 0.00000000 94.83677700
vn 0.00000000 -100.00000000 0.00000000
vn 60.07432500 0.00000000 79.94420300
vn 0.00000000 -100.00000000 0.00000000
vn 0.00000000 -100.00000000 0.00000000
vn 82.26828100 0.00000000 56.85006600
vn 96.02224500 0.00000000 27.92361900
vn 0.00000000 -100.00000000 0.00000000
vn 99.92518300 0.00000000 -3.86754200
vn 99.92518300 0.00000000 -3.86754200
vn 0.00000000 -100.00000000 0.00000000
vn 99.16886200 0.00000000 -12.86611400
vn 0.00000000 -100.00000000 0.00000000
vn 97.60385500 0.00000000 -21.75976700
vn 0.00000000 -100.00000000 0.00000000
vn 0.00000000 -100.00000000 0.00000000
vn 95.24292500 0.00000000 -30.47597700
vn 0.00000000 -100.00000000 0.00000000
vn 81.13027000 0.00000000 -58.46263100
vn 81.13027000 0.00000000 -58.46263100
vn 0.00000000 -100.00000000 0.00000000
vn 54.72116000 -0.00000000 -83.69943100
vn 21.01040100 -0.00000000 -97.76790400
vn 0.00000000 -100.00000000 0.00000000
vn -15.50385400 -0.00000000 -98.79084200
vn 0.00000000 -100.00000000 0.00000000
vn -49.94937100 -0.00000000 -86.63175100
vn -49.94937100 -0.00000000 -86.63175100
vn 0.00000000 -100.00000000 0.00000000
vn -52.26393600 -0.00000000 -85.25538700
vn 0.00000000 -100.00000000 0.00000000
vn -54.54060000 -0.00000000 -83.81719900
vn 0.00000000 -100.00000000 0.00000000
vn -56.77771500 -0.00000000 -82.31823100
vn -56.77771500 -0.00000000 -82.31823100
vn 0.00000000 -100.00000000 0.00000000
vn -87.11157800 -0.00000000 -49.10776900
vn 0.00000000 -100.00000000 0.00000000
vn -99.82208900 -0.00000000 -5.96242100
vn 0.00000000 -100.00000000 0.00000000
vn -92.33781200 -0.00000000 38.38917000
vn 0.00000000 -100.00000000 0.00000000
vn -66.17287500 -0.00000000 74.97433300
vn -66.17287500 -0.00000000 74.97433300
vn 0.00000000 -100.00000000 0.00000000
vn 0.00000000 -100.00000000 0.00000000
vn -72.58009300 -0.00000000 68.79048000
vn 0.00000000 -100.00000000 0.00000000
vn -78.41180500 -0.00000000 62.06117000
vn 0.00000000 -100.00000000 0.00000000
vn -83.62177100 -0.00000000 54.83976100
vn 0.00000000 -100.00000000 0.00000000
vn -88.16867900 -0.00000000 47.18351500
vn -88.16867900 -0.00000000 47.18351500
vn -61.69573000 0.00000000 78.69966300
vn 0.00000000 -100.00000000 0.00000000
vn -24.77100200 0.00000000 96.88342200
vn 0.00000000 -100.00000000 0.00000000
vn 0.00000000 -100.00000000 0.00000000
vn 16.35014300 0.00000000 98.65431000
vn 0.00000000 -100.00000000 0.00000000
vn 54.70143500 0.00000000 83.71232300
vn 54.70143500 0.00000000 83.71232300
vn 53.81532200 0.00000000 84.28470300
vn 0.00000000 -100.00000000 0.00000000
vn 0.00000000 -100.00000000 0.00000000
vn 52.92322000 0.00000000 84.84770400
vn 52.02522800 0.00000000 85.40126300
vn 0.00000000 -100.00000000 0.00000000
vn 52.02522800 0.00000000 85.40126300
vn 76.35739400 0.00000000 64.57204000
vn 0.00000000 -100.00000000 0.00000000
vn 92.85597300 0.00000000 37.11830100
vn 0.00000000 -100.00000000 0.00000000
vn 99.82835600 0.00000000 5.85655600
vn 0.00000000 -100.00000000 0.00000000
vn 0.00000000 -100.00000000 0.00000000
vn 96.55924100 0.00000000 -26.00602000
vn 96.55924100 0.00000000 -26.00602000
vn 0.00000000 -100.00000000 0.00000000
vn 93.81951200 0.00000000 -34.61068100
vn 0.00000000 -100.00000000 0.00000000
vn 90.31471900 0.00000000 -42.93310500
vn 0.00000000 -100.00000000 0.00000000
vn 86.07344300 0.00000000 -50.90542600
vn 66.08700600 0.00000000 -75.05003400
vn 0.00000000 -100.00000000 0.00000000
vn 66.08700600 0.00000000 -75.05003400
vn 34.72431000 -0.00000000 -93.77751500
vn 0.00000000 -100.00000000 0.00000000
vn -1.27177900 -0.00000000 -99.99191300
vn 0.00000000 -100.00000000 0.00000000
vn 0.00000000 -100.00000000 0.00000000
vn -37.09817000 -0.00000000 -92.86401800
vn 0.00000000 -100.00000000 0.00000000
vn -67.97441400 -0.00000000 -73.34493200
vn -67.97441400 -0.00000000 -73.34493200
vn 0.00000000 -100.00000000 0.00000000
vn -69.92467800 -0.00000000 -71.48803700
vn -71.82423500 -0.00000000 -69.57930200
vn 0.00000000 -100.00000000 0.00000000
vn 0.00000000 -100.00000000 0.00000000
vn -73.67170800 -0.00000000 -67.62011100
vn -73.67170800 -0.00000000 -67.62011100
vn -95.85501600 -0.00000000 -28.49238500
vn 0.00000000 -100.00000000 0.00000000
vn 0.00000000 -100.00000000 0.00000000
vn -98.64610500 -0.00000000 16.39957300
vn 0.00000000 -100.00000000 0.00000000
vn -81.48031700 -0.00000000 57.97377000
vn 0.00000000 -100.00000000 0.00000000
vn -47.83042400 0.00000000 87.81942000
vn -47.83042400 0.00000000 87.81942000
vn -55.45303700 0.00000000 83.21634900
vn 0.00000000 -100.00000000 0.00000000
vn -62.63594800 0.00000000 77.95343500
vn 0.00000000 -100.00000000 0.00000000
vn -69.32220400 -0.00000000 72.07240800
vn 0.00000000 -100.00000000 0.00000000
vn -75.45878600 -0.00000000 65.61990200
vn -75.45878600 -0.00000000 65.61990200
vn 0.00000000 -100.00000000 0.00000000
vn 0.00000000 -100.00000000 0.00000000
vn -42.63656700 0.00000000 90.45508900
vn 0.00000000 -100.00000000 0.00000000
vn -2.59135200 0.00000000 99.96641900
vn 37.89286000 0.00000000 92.54259100
vn 0.00000000 -100.00000000 0.00000000
vn 71.95770000 0.00000000 69.44126600
vn 71.95770000 0.00000000 69.44126600
vn 0.00000000 -100.00000000 0.00000000
vn 71.22117000 0.00000000 70.19647400
vn 0.00000000 -100.00000000 0.00000000
vn 0.00000000 -100.00000000 0.00000000
vn 70.47671400 0.00000000 70.94387000
vn 69.72441600 0.00000000 71.68337200
vn 0.00000000 -100.00000000 0.00000000
vn 69.72441600 0.00000000 71.68337200
vn 0.00000000 -100.00000000 0.00000000
vn 88.81158600 0.00000000 45.96196500
vn 0.00000000 -100.00000000 0.00000000
vn 98.78747900 0.00000000 15.52527000
vn 0.00000000 -100.00000000 0.00000000
vn 98.62865700 0.00000000 -16.50417900
vn 88.35141500 0.00000000 -46.84044700
vn 88.35141500 0.00000000 -46.84044700
vn 0.00000000 -100.00000000 0.00000000
vn 83.76565900 0.00000000 -54.61972400
vn 0.00000000 -100.00000000 0.00000000
vn 0.00000000 -100.00000000 0.00000000
vn 78.49682600 0.00000000 -61.95359800
vn 0.00000000 -100.00000000 0.00000000
vn 72.58788000 0.00000000 -68.78226300
vn 47.72986300 -0.00000000 -87.87411600
vn 0.00000000 -100.00000000 0.00000000
vn 47.72986300 -0.00000000 -87.87411600
vn 12.98623900 -0.00000000 -99.15320300
vn 0.00000000 -100.00000000 0.00000000
vn 0.00000000 -100.00000000 0.00000000
vn -23.49018700 -0.00000000 -97.20190900
vn 0.00000000 -100.00000000 0.00000000
vn -56.83222900 -0.00000000 -82.28060300
vn -82.59093700 -0.00000000 -56.38029100
vn -82.59093700 -0.00000000 -56.38029100
vn 0.00000000 -100.00000000 0.00000000
vn -84.07910500 -0.00000000 -54.13597800
vn 0.00000000 -100.00000000 0.00000000
vn -85.50630300 -0.00000000 -51.85240800
vn 0.00000000 -100.00000000 0.00000000
vn -86.87149500 -0.00000000 -49.53123600
vn 0.00000000 -100.00000000 0.00000000
vn -86.87149500 -0.00000000 -49.53123600
vn -99.79188200 -0.00000000 -6.44827400
vn 0.00000000 -100.00000000 0.00000000
vn -92.52359300 -0.00000000 37.93922500
vn 0.00000000 -100.00000000 0.00000000
vn 0.00000000 -100.00000000 0.00000000
vn -66.53705800 -0.00000000 74.65132300
vn -27.08955600 0.00000000 96.26087400
vn -27.08955600 0.00000000 96.26087400
vn 0.00000000 -100.00000000 0.00000000
vn 0.00000000 -100.00000000 0.00000000
vn -35.54533400 0.00000000 93.46940300
vn -43.71926300 0.00000000 89.93678900
vn 0.00000000 -100.00000000 0.00000000
vn -51.54653200 0.00000000 85.69104400
vn 0.00000000 -100.00000000 0.00000000
vn 0.00000000 -100.00000000 0.00000000
vn -58.96507500 0.00000000 80.76583400
vn -58.96507500 0.00000000 80.76583400
vn -21.43942800 0.00000000 97.67472000
vn 0.00000000 -100.00000000 0.00000000
vn 0.00000000 -100.00000000 0.00000000
vn 19.71823900 0.00000000 98.03668200
vn 57.53547000 0.00000000 81.79040100
vn 0.00000000 -100.00000000 0.00000000
vn 85.60570600 0.00000000 51.68813300
vn 0.00000000 -100.00000000 0.00000000
vn 85.60570600 0.00000000 51.68813300
vn 0.00000000 -100.00000000 0.00000000
vn 85.05569200 0.00000000 52.58830000
vn 0.00000000 -100.00000000 0.00000000
vn 84.49621200 0.00000000 53.48261500
vn 83.92733000 0.00000000 54.37097800
vn 83.92733000 0.00000000 54.37097800
vn 0.00000000 -100.00000000 0.00000000
vn 96.81239300 0.00000000 25.04716600
vn 0.00000000 -100.00000000 0.00000000
vn 0.00000000 -100.00000000 0.00000000
vn 99.76536800 0.00000000 -6.84626300
vn 92.48330600 0.00000000 -38.03732600
vn 0.00000000 -100.00000000 0.00000000
vn 0.00000000 -100.00000000 0.00000000
vn 75.71328000 0.00000000 -65.32609900
vn 75.71328000 0.00000000 -65.32609900
vn 0.00000000 -100.00000000 0.00000000
vn 69.51144700 0.00000000 -71.88990700
vn 0.00000000 -100.00000000 0.00000000
vn 62.74277400 -0.00000000 -77.86747900
vn 0.00000000 -100.00000000 0.00000000
vn 55.46245600 -0.00000000 -83.21007100
vn 0.00000000 -100.00000000 0.00000000
vn 26.97934500 -0.00000000 -96.29182200
vn 26.97934500 -0.00000000 -96.29182200
vn 0.00000000 -100.00000000 0.00000000
vn -9.40301600 -0.00000000 -99.55693500
vn -44.53069800 -0.00000000 -89.53779600
vn 0.00000000 -100.00000000 0.00000000
vn 0.00000000 -100.00000000 0.00000000
vn -73.71648400 -0.00000000 -67.57129600
vn 0.00000000 -100.00000000 0.00000000
vn -93.06600400 -0.00000000 -36.58850700
vn -93.06600400 -0.00000000 -36.58850700
vn 0.00000000 -100.00000000 0.00000000
vn -94.01745500 -0.00000000 -34.06931500
vn -94.90072700 -0.00000000 -31.52541700
vn 0.00000000 -100.00000000 0.00000000
vn -95.71518200 -0.00000000 -28.95865900
vn -95.71518200 -0.00000000 -28.95865900
vn 0.00000000 -100.00000000 0.00000000
vn 0.00000000 -100.00000000 0.00000000
vn -98.72476700 -0.00000000 15.91918100
vn 0.00000000 -100.00000000 0.00000000
vn -81.76156100 -0.00000000 57.57644600
vn 0.00000000 -100.00000000 0.00000000
vn -48.25735300 0.00000000 87.58554600
vn 0.00000000 -100.00000000 0.00000000
vn -4.99030500 0.00000000 99.87540700
vn -4.99030500 0.00000000 99.87540700
vn -13.85523900 0.00000000 99.03551100
vn 0.00000000 -100.00000000 0.00000000
vn -22.61031200 0.00000000 97.41033700
vn 0.00000000 -100.00000000 0.00000000
vn 0.00000000 -100.00000000 0.00000000
vn -31.18610100 0.00000000 95.01277300
vn 0.00000000 -100.00000000 0.00000000
vn -39.51460900 0.00000000 91.86182900
vn -39.51460900 0.00000000 91.86182900
vn 0.83277300 0.00000000 99.99653200
vn 0.00000000 -100.00000000 0.00000000
vn 41.03907600 0.00000000 91.19097700
vn 0.00000000 -100.00000000 0.00000000
vn 74.29301200 0.00000000 66.93689800
vn 0.00000000 -100.00000000 0.00000000
vn 94.96108400 0.00000000 31.34314200
vn 94.96108400 0.00000000 31.34314200
vn 0.00000000 -100.00000000 0.00000000
vn 94.62516600 0.00000000 32.34313000
vn 0.00000000 -100.00000000 0.00000000
vn 0.00000000 -100.00000000 0.00000000
vn 94.27871700 0.00000000 33.33951800
vn 0.00000000 -100.00000000 0.00000000
vn 93.92177700 0.00000000 34.33219700
vn 93.92177700 0.00000000 34.33219700
vn 99.95862300 0.00000000 2.87639700
vn 0.00000000 -100.00000000 0.00000000
vn 95.74060500 0.00000000 -28.87449600
vn 0.00000000 -100.00000000 0.00000000
vn 0.00000000 -100.00000000 0.00000000
vn 81.70045500 0.00000000 -57.66312200
vn 59.27856600 -0.00000000 -80.53602700
vn 0.00000000 -100.00000000 0.00000000
vn 59.27856600 -0.00000000 -80.53602700
vn 0.00000000 -100.00000000 0.00000000
vn 51.77164100 -0.00000000 -85.55522900
vn 0.00000000 -100.00000000 0.00000000
vn 43.84253700 -0.00000000 -89.87676000
vn 35.55591400 -0.00000000 -93.46537800
vn 0.00000000 -100.00000000 0.00000000
vn 0.00000000 -100.00000000 0.00000000
vn 4.87597100 -0.00000000 -99.88105400
vn 4.87597100 -0.00000000 -99.88105400
vn -31.32076500 -0.00000000 -94.96846700
vn 0.00000000 -100.00000000 0.00000000
vn -63.33825500 -0.00000000 -77.38388400
vn 0.00000000 -100.00000000 0.00000000
vn -86.90428500 -0.00000000 -49.47368200
vn 0.00000000 -100.00000000 0.00000000
vn -98.87435400 -0.00000000 -14.96202200
vn -98.87435400 -0.00000000 -14.96202200
vn 0.00000000 -100.00000000 0.00000000
vn -99.24137700 -0.00000000 -12.29427400
vn 0.00000000 -100.00000000 0.00000000
vn 0.00000000 -100.00000000 0.00000000
vn -99.53643300 -0.00000000 -9.61761100
vn 0.00000000 -100.00000000 0.00000000
vn -99.75931000 -0.00000000 -6.93397300
vn -99.75931000 -0.00000000 -6.93397300
vn -92.70718000 -0.00000000 37.48838100
vn 0.00000000 -100.00000000 0.00000000
vn 0.00000000 -100.00000000 0.00000000
vn -66.89966400 -0.00000000 74.32654300
vn 0.00000000 -100.00000000 0.00000000
vn -27.55782300 0.00000000 96.12786500
vn 0.00000000 -100.00000000 0.00000000
vn 17.35918100 0.00000000 98.48176900
vn 17.35918100 0.00000000 98.48176900
vn 0.00000000 -100.00000000 0.00000000
vn 8.52961500 0.00000000 99.63556400
vn 0.00000000 -100.00000000 0.00000000
vn -0.36758500 0.00000000 99.99932400
vn 0.00000000 -100.00000000 0.00000000
vn -9.26187000 0.00000000 99.57016500
vn -18.08271500 0.00000000 98.35148900
vn 0.00000000 -100.00000000 0.00000000
vn -18.08271500 0.00000000 98.35148900
vn 0.00000000 -100.00000000 0.00000000
vn 23.06321500 0.00000000 97.30410100
vn 60.30204200 0.00000000 79.77257500
vn 0.00000000 -100.00000000 0.00000000
vn 87.32519300 0.00000000 48.72690000
vn 0.00000000 -100.00000000 0.00000000
vn 99.55471600 0.00000000 9.42647500
vn 99.55471600 0.00000000 9.42647500
vn 0.00000000 -100.00000000 0.00000000
vn 0.00000000 -100.00000000 0.00000000
vn 99.44973900 0.00000000 10.47614000
vn 99.33369400 0.00000000 11.52463900
vn 0.00000000 -100.00000000 0.00000000
vn 0.00000000 -100.00000000 0.00000000
vn 99.20659500 0.00000000 12.57185500
vn 99.20659500 0.00000000 12.57185500
vn 0.00000000 -100.00000000 0.00000000
vn 98.09251000 0.00000000 -19.43860700
vn 86.91500900 0.00000000 -49.45484100
vn 0.00000000 -100.00000000 0.00000000
vn 0.00000000 -100.00000000 0.00000000
vn 66.82080200 0.00000000 -74.39744900
vn 39.87137700 -0.00000000 -91.70754200
vn 0.00000000 -100.00000000 0.00000000
vn 39.87137700 -0.00000000 -91.70754200
vn 31.43578800 -0.00000000 -94.93045500
vn 0.00000000 -100.00000000 0.00000000
vn 22.74385300 -0.00000000 -97.37924400
vn 0.00000000 -100.00000000 0.00000000
vn 0.00000000 -100.00000000 0.00000000
vn 13.86645000 -0.00000000 -99.03394200
vn -0.00000000 100.00000000 -0.00000000
vn -0.00000000 100.00000000 -0.00000000
vn -0.00000000 100.00000000 -0.00000000
vn -0.00000000 100.00000000 -0.00000000
vn -0.00000000 100.00000000 -0.00000000
vn -0.00000000 100.00000000 -0.00000000
vn -0.00000000 100.00000000 -0.00000000
vn -0.00000000 100.00000000 -0.00000000
vn -0.00000000 100.00000000 -0.00000000
vn -0.00000000 100.00000000 -0.00000000
vn -0.00000000 100.00000000 -0.00000000
vn -0.00000000 100.00000000 -0.00000000
vn -0.00000000 100.00000000 -0.00000000
vn -0.00000000 100.00000000 -0.00000000
vn -0.00000000 100.00000000 -0.00000000
vn -0.00000000 100.00000000 -0.00000000
vn -0.00000000 100.00000000 -0.00000000
vn -0.00000000 100.00000000 -0.00000000
vn -0.00000000 100.00000000 -0.00000000
vn -0.00000000 100.00000000 -0.00000000
vn -0.00000000 100.00000000 -0.00000000
vn -0.00000000 100.00000000 -0.00000000
vn -0.00000000 100.00000000 -0.00000000
vn -0.00000000 100.00000000 -0.00000000
vn -0.00000000 100.00000000 -0.00000000
vn -0.00000000 100.00000000 -0.00000000
vn -0.00000000 100.00000000 -0.00000000
vn -0.00000000 100.00000000 -0.00000000
vn -0.00000000 100.00000000 -0.00000000
vn -0.00000000 100.00000000 -0.00000000
vn -0.00000000 100.00000000 -0.00000000
vn -0.00000000 100.00000000 -0.00000000
vn -0.00000000 100.00000000 -0.00000000
vn -0.00000000 100.00000000 -0.00000000
vn -0.00000000 100.00000000 -0.00000000
vn -0.00000000 100.00000000 -0.00000000
vn -0.00000000 100.00000000 -0.00000000
vn -0.00000000 100.00000000 -0.00000000
vn -0.00000000 100.00000000 -0.00000000
vn -0.00000000 100.00000000 -0.00000000
vn -0.00000000 100.00000000 -0.00000000
vn -0.00000000 100.00000000 -0.00000000
vn -0.00000000 100.00000000 -0.00000000
vn -0.00000000 100.00000000 -0.00000000
vn -0.00000000 100.00000000 -0.00000000
vn -0.00000000 100.00000000 -0.00000000
vn -0.00000000 100.00000000 -0.00000000
vn -0.00000000 100.00000000 -0.00000000
vn -0.00000000 100.00000000 -0.00000000
vn -0.00000000 100.00000000 -0.00000000
vn -0.00000000 100.00000000 -0.00000000
vn -0.00000000 100.00000000 -0.00000000
vn -0.00000000 100.00000000 -0.00000000
vn -0.00000000 100.00000000 -0.00000000
vn -0.00000000 100.00000000 -0.00000000
vn -0.00000000 100.00000000 -0.00000000
vn -0.00000000 100.00000000 -0.00000000
vn -0.00000000 100.00000000 -0.00000000
vn -0.00000000 100.00000000 -0.00000000
vn -0.00000000 100.00000000 -0.00000000
vn -0.00000000 100.00000000 -0.00000000
vn -0.00000000 100.00000000 -0.00000000
vn -0.00000000 100.00000000 -0.00000000
vn -0.00000000 100.00000000 -0.00000000
vn -0.00000000 100.00000000 -0.00000000
vn -0.00000000 100.00000000 -0.00000000
vn -0.00000000 100.00000000 -0.00000000
vn -0.00000000 100.00000000 -0.00000000
vn -0.00000000 100.00000000 -0.00000000
vn -0.00000000 100.00000000 -0.00000000
vn -0.00000000 100.00000000 -0.00000000
vn -0.00000000 100.00000000 -0.00000000
vn -0.00000000 100.00000000 -0.00000000
vn -0.00000000 100.00000000 -0.00000000
vn -0.00000000 100.00000000 -0.00000000
vn -0.00000000 100.00000000 -0.00000000
vn -0.00000000 100.00000000 -0.00000000
vn -0.00000000 100.00000000 -0.00000000
vn -0.00000000 100.00000000 -0.00000000
vn -0.00000000 100.00000000 -0.00000000
vn -0.00000000 100.00000000 -0.00000000
vn -0.00000000 100.00000000 -0.00000000
vn -0.00000000 100.00000000 -0.00000000
vn -0.00000000 100.00000000 -0.00000000
vn -0.00000000 100.00000000 -0.00000000
vn -0.00000000 100.00000000 -0.00000000
vn -0.00000000 100.00000000 -0.00000000
vn -0.00000000 100.00000000 -0.00000000
vn -0.00000000 100.00000000 -0.00000000
vn -0.00000000 100.00000000 -0.00000000
vn -0.00000000 100.00000000 -0.00000000
vn -0.00000000 100.00000000 -0.00000000
vn -0.00000000 100.00000000 -0.00000000
vn -0.00000000 100.00000000 -0.00000000
vn -0.00000000 100.00000000 -0.00000000
vn -0.00000000 100.00000000 -0.00000000
vn -0.00000000 100.00000000 -0.00000000
vn -0.00000000 100.00000000 -0.00000000
vn -0.00000000 100.00000000 -0.00000000
vn -0.00000000 100.00000000 -0.00000000
vn -0.00000000 100.00000000 -0.00000000
vn -0.00000000 100.00000000 -0.00000000
vn -0.00000000 100.00000000 -0.00000000
vn -0.00000000 100.00000000 -0.00000000
vn -0.00000000 100.00000000 -0.00000000
vn -0.00000000 100.00000000 -0.00000000
vn -0.00000000 100.00000000 -0.00000000
vn -0.00000000 100.00000000 -0.00000000
vn -0.00000000 100.00000000 -0.00000000
vn -0.00000000 100.00000000 -0.00000000
vn -0.00000000 100.00000000 -0.00000000
vn -0.00000000 100.00000000 -0.00000000
vn -0.00000000 100.00000000 -0.00000000
vn -0.00000000 100.00000000 -0.00000000
vn -0.00000000 100.00000000 -0.00000000
vn -0.00000000 100.00000000 -0.00000000
vn -0.00000000 100.00000000 -0.00000000
vn -0.00000000 100.00000000 -0.00000000
vn -0.00000000 100.00000000 -0.00000000
vn -0.00000000 100.00000000 -0.00000000
vn -0.00000000 100.00000000 -0.00000000
vn -0.00000000 100.00000000 -0.00000000
vn -0.00000000 100.00000000 -0.00000000
vn -0.00000000 100.00000000 -0.00000000
vn -0.00000000 100.00000000 -0.00000000
vn -0.00000000 100.00000000 -0.00000000
vn -0.00000000 100.00000000 -0.00000000
vn -0.00000000 100.00000000 -0.00000000
vn -0.00000000 100.00000000 -0.00000000
vn -0.00000000 100.00000000 -0.00000000
vn -0.00000000 100.00000000 -0.00000000
vn -0.00000000 100.00000000 -0.00000000
vn -0.00000000 100.00000000 -0.00000000
vn -0.00000000 100.00000000 -0.00000000
vn -0.00000000 100.00000000 -0.00000000
vn -92.88857100 -0.00000000 37.03664900
vn -0.00000000 100.00000000 -0.00000000
vn -92.88857100 -0.00000000 37.03664900
vn -0.00000000 100.00000000 -0.00000000
vn -93.85215300 -0.00000000 34.52207200
vn -0.00000000 100.00000000 -0.00000000
vn -94.74767600 -0.00000000 31.98246100
vn -0.00000000 100.00000000 -0.00000000
vn -95.57449300 -0.00000000 29.41965800
vn -95.57449300 -0.00000000 29.41965800
vn -0.00000000 100.00000000 -0.00000000
vn -99.76388200 -0.00000000 -6.86789100
vn -0.00000000 100.00000000 -0.00000000
vn -90.64140400 -0.00000000 -42.23903200
vn -69.42430800 -0.00000000 -71.97406100
vn -0.00000000 100.00000000 -0.00000000
vn -38.94366700 -0.00000000 -92.10532400
vn -38.94366700 -0.00000000 -92.10532400
vn -0.00000000 100.00000000 -0.00000000
vn -30.47597700 -0.00000000 -95.24292500
vn -0.00000000 100.00000000 -0.00000000
vn -21.75976700 -0.00000000 -97.60385500
vn -0.00000000 100.00000000 -0.00000000
vn -12.86611400 -0.00000000 -99.16886200
vn -0.00000000 100.00000000 -0.00000000
vn -3.86754200 -0.00000000 -99.92518300
vn -3.86754200 -0.00000000 -99.92518300
vn -0.00000000 100.00000000 -0.00000000
vn -0.00000000 100.00000000 -0.00000000
vn 27.92361900 -0.00000000 -96.02224500
vn -0.00000000 100.00000000 -0.00000000
vn 56.85006600 -0.00000000 -82.26828100
vn 79.94420300 0.00000000 -60.07432500
vn -0.00000000 100.00000000 -0.00000000
vn 94.83677700 0.00000000 -31.71727800
vn -0.00000000 100.00000000 -0.00000000
vn 94.83677700 0.00000000 -31.71727800
vn 94.49691900 0.00000000 -32.71593400
vn -0.00000000 100.00000000 -0.00000000
vn -0.00000000 100.00000000 -0.00000000
vn 94.14654500 0.00000000 -33.71094900
vn 93.78569400 0.00000000 -34.70221200
vn 93.78569400 0.00000000 -34.70221200
vn -0.00000000 100.00000000 -0.00000000
vn -0.00000000 100.00000000 -0.00000000
vn 99.81908900 0.00000000 6.01243900
vn 88.94228600 0.00000000 45.70853100
vn -0.00000000 100.00000000 -0.00000000
vn 62.99790600 0.00000000 77.66121200
vn -0.00000000 100.00000000 -0.00000000
vn -0.00000000 100.00000000 -0.00000000
vn 26.38114900 0.00000000 96.45742600
vn 26.38114900 0.00000000 96.45742600
vn 34.85721900 0.00000000 93.72819400
vn -0.00000000 100.00000000 -0.00000000
vn -0.00000000 100.00000000 -0.00000000
vn 43.05689800 0.00000000 90.25576700
vn -0.00000000 100.00000000 -0.00000000
vn 50.91516900 0.00000000 86.06768000
vn 58.36972000 0.00000000 81.19714200
vn 58.36972000 0.00000000 81.19714200
vn -0.00000000 100.00000000 -0.00000000
vn 16.87957700 0.00000000 98.56510500
vn -0.00000000 100.00000000 -0.00000000
vn -28.02543600 0.00000000 95.99257800
vn -0.00000000 100.00000000 -0.00000000
vn -67.26068400 -0.00000000 74.00000200
vn -0.00000000 100.00000000 -0.00000000
vn -82.31823100 -0.00000000 56.77771500
vn -82.31823100 -0.00000000 56.77771500
vn -0.00000000 100.00000000 -0.00000000
vn -0.00000000 100.00000000 -0.00000000
vn -83.81719900 -0.00000000 54.54060000
vn -0.00000000 100.00000000 -0.00000000
vn -85.25538700 -0.00000000 52.26393600
vn -86.63175100 -0.00000000 49.94937100
vn -86.63175100 -0.00000000 49.94937100
vn -0.00000000 100.00000000 -0.00000000
vn -0.00000000 100.00000000 -0.00000000
vn -98.79084200 -0.00000000 15.50385400
vn -0.00000000 100.00000000 -0.00000000
vn -97.76790400 -0.00000000 -21.01040100
vn -83.69943100 -0.00000000 -54.72116000
vn -0.00000000 100.00000000 -0.00000000
vn -58.46263100 -0.00000000 -81.13027000
vn -58.46263100 -0.00000000 -81.13027000
vn -0.00000000 100.00000000 -0.00000000
vn -0.00000000 100.00000000 -0.00000000
vn -50.90542600 -0.00000000 -86.07344300
vn -42.93310500 -0.00000000 -90.31471900
vn -0.00000000 100.00000000 -0.00000000
vn -34.61068100 -0.00000000 -93.81951200
vn -0.00000000 100.00000000 -0.00000000
vn -26.00602000 -0.00000000 -96.55924100
vn -0.00000000 100.00000000 -0.00000000
vn -26.00602000 -0.00000000 -96.55924100
vn -0.00000000 100.00000000 -0.00000000
vn 5.85655600 -0.00000000 -99.82835600
vn -0.00000000 100.00000000 -0.00000000
vn 37.11830100 -0.00000000 -92.85597300
vn -0.00000000 100.00000000 -0.00000000
vn 64.57204000 -0.00000000 -76.35739400
vn 85.40126300 0.00000000 -52.02522800
vn -0.00000000 100.00000000 -0.00000000
vn 85.40126300 0.00000000 -52.02522800
vn -0.00000000 100.00000000 -0.00000000
vn 84.84770400 0.00000000 -52.92322000
vn -0.00000000 100.00000000 -0.00000000
vn 84.28470300 0.00000000 -53.81532200
vn 83.71232300 0.00000000 -54.70143500
vn 83.71232300 0.00000000 -54.70143500
vn -0.00000000 100.00000000 -0.00000000
vn 98.65431000 0.00000000 -16.35014300
vn -0.00000000 100.00000000 -0.00000000
vn -0.00000000 100.00000000 -0.00000000
vn 96.88342200 0.00000000 24.77100200
vn 78.69966300 0.00000000 61.69573000
vn -0.00000000 100.00000000 -0.00000000
vn -0.00000000 100.00000000 -0.00000000
vn 47.18351500 0.00000000 88.16867900
vn 47.18351500 0.00000000 88.16867900
vn 54.83976100 0.00000000 83.62177100
vn -0.00000000 100.00000000 -0.00000000
vn 62.06117000 0.00000000 78.41180500
vn -0.00000000 100.00000000 -0.00000000
vn 68.79048000 0.00000000 72.58009300
vn -0.00000000 100.00000000 -0.00000000
vn 74.97433300 0.00000000 66.17287500
vn -0.00000000 100.00000000 -0.00000000
vn 74.97433300 0.00000000 66.17287500
vn -0.00000000 100.00000000 -0.00000000
vn 38.38917000 0.00000000 92.33781200
vn -0.00000000 100.00000000 -0.00000000
vn -5.96242100 0.00000000 99.82208900
vn -0.00000000 100.00000000 -0.00000000
vn -49.10776900 0.00000000 87.11157800
vn -0.00000000 100.00000000 -0.00000000
vn -67.62011100 -0.00000000 73.67170800
vn -67.62011100 -0.00000000 73.67170800
vn -69.57930200 -0.00000000 71.82423500
vn -0.00000000 100.00000000 -0.00000000
vn -71.48803700 -0.00000000 69.92467800
vn -0.00000000 100.00000000 -0.00000000
vn -73.34493200 -0.00000000 67.97441400
vn -0.00000000 100.00000000 -0.00000000
vn -73.34493200 -0.00000000 67.97441400
vn -92.86401800 -0.00000000 37.09817000
vn -0.00000000 100.00000000 -0.00000000
vn -0.00000000 100.00000000 -0.00000000
vn -99.99191300 -0.00000000 1.27177900
vn -0.00000000 100.00000000 -0.00000000
vn -93.77751500 -0.00000000 -34.72431000
vn -75.05003400 -0.00000000 -66.08700600
vn -0.00000000 100.00000000 -0.00000000
vn -75.05003400 -0.00000000 -66.08700600
vn -68.78226300 -0.00000000 -72.58788000
vn -0.00000000 100.00000000 -0.00000000
vn -61.95359800 -0.00000000 -78.49682600
vn -0.00000000 100.00000000 -0.00000000
vn -54.61972400 -0.00000000 -83.76565900
vn -0.00000000 100.00000000 -0.00000000
vn -46.84044700 -0.00000000 -88.35141500
vn -46.84044700 -0.00000000 -88.35141500
vn -0.00000000 100.00000000 -0.00000000
vn -16.50417900 -0.00000000 -98.62865700
vn -0.00000000 100.00000000 -0.00000000
vn -0.00000000 100.00000000 -0.00000000
vn 15.52527000 -0.00000000 -98.78747900
vn 45.96196500 -0.00000000 -88.81158600
vn -0.00000000 100.00000000 -0.00000000
vn 71.68337200 0.00000000 -69.72441600
vn 71.68337200 0.00000000 -69.72441600
vn -0.00000000 100.00000000 -0.00000000
vn 70.94387000 0.00000000 -70.47671400
vn -0.00000000 100.00000000 -0.00000000
vn 70.19647400 0.00000000 -71.22117000
vn -0.00000000 100.00000000 -0.00000000
vn 69.44126600 0.00000000 -71.95770000
vn 69.44126600 0.00000000 -71.95770000
vn -0.00000000 100.00000000 -0.00000000
vn 92.54259100 0.00000000 -37.89286000
vn -0.00000000 100.00000000 -0.00000000
vn 99.96641900 0.00000000 2.59135200
vn -0.00000000 100.00000000 -0.00000000
vn 90.45508900 0.00000000 42.63656700
vn -0.00000000 100.00000000 -0.00000000
vn 65.61990200 0.00000000 75.45878600
vn 65.61990200 0.00000000 75.45878600
vn -0.00000000 100.00000000 -0.00000000
vn 72.07240800 0.00000000 69.32220400
vn -0.00000000 100.00000000 -0.00000000
vn -0.00000000 100.00000000 -0.00000000
vn 77.95343500 0.00000000 62.63594800
vn -0.00000000 100.00000000 -0.00000000
vn 83.21634900 0.00000000 55.45303700
vn -0.00000000 100.00000000 -0.00000000
vn 87.81942000 0.00000000 47.83042400
vn 87.81942000 0.00000000 47.83042400
vn -0.00000000 100.00000000 -0.00000000
vn 57.97377000 0.00000000 81.48031700
vn -0.00000000 100.00000000 -0.00000000
vn 16.39957300 0.00000000 98.64610500
vn -0.00000000 100.00000000 -0.00000000
vn -28.49238500 0.00000000 95.85501600
vn -0.00000000 100.00000000 -0.00000000
vn -49.53123600 0.00000000 86.87149500
vn -49.53123600 0.00000000 86.87149500
vn -0.00000000 100.00000000 -0.00000000
vn -51.85240800 0.00000000 85.50630300
vn -54.13597800 0.00000000 84.07910500
vn -0.00000000 100.00000000 -0.00000000
vn -56.38029100 0.00000000 82.59093700
vn -56.38029100 0.00000000 82.59093700
vn -0.00000000 100.00000000 -0.00000000
vn -82.28060300 -0.00000000 56.83222900
vn -0.00000000 100.00000000 -0.00000000
vn -97.20190900 -0.00000000 23.49018700
vn -0.00000000 100.00000000 -0.00000000
vn -0.00000000 100.00000000 -0.00000000
vn -99.15320300 -0.00000000 -12.98623900
vn -87.87411600 -0.00000000 -47.72986300
vn -87.87411600 -0.00000000 -47.72986300
vn -0.00000000 100.00000000 -0.00000000
vn -0.00000000 100.00000000 -0.00000000
vn -83.21007100 -0.00000000 -55.46245600
vn -0.00000000 100.00000000 -0.00000000
vn -77.86747900 -0.00000000 -62.74277400
vn -0.00000000 100.00000000 -0.00000000
vn -71.88990700 -0.00000000 -69.51144700
vn -0.00000000 100.00000000 -0.00000000
vn -65.32609900 -0.00000000 -75.71328000
vn -65.32609900 -0.00000000 -75.71328000
vn -0.00000000 100.00000000 -0.00000000
vn -38.03732600 -0.00000000 -92.48330600
vn -6.84626300 -0.00000000 -99.76536800
vn -0.00000000 100.00000000 -0.00000000
vn 25.04716600 -0.00000000 -96.81239300
vn -0.00000000 100.00000000 -0.00000000
vn 54.37097800 -0.00000000 -83.92733000
vn 54.37097800 -0.00000000 -83.92733000
vn -0.00000000 100.00000000 -0.00000000
vn -0.00000000 100.00000000 -0.00000000
vn 53.48261500 -0.00000000 -84.49621200
vn -0.00000000 100.00000000 -0.00000000
vn 52.58830000 -0.00000000 -85.05569200
vn 51.68813300 -0.00000000 -85.60570600
vn 51.68813300 -0.00000000 -85.60570600
vn -0.00000000 100.00000000 -0.00000000
vn -0.00000000 100.00000000 -0.00000000
vn 81.79040100 0.00000000 -57.53547000
vn -0.00000000 100.00000000 -0.00000000
vn 98.03668200 0.00000000 -19.71823900
vn -0.00000000 100.00000000 -0.00000000
vn 97.67472000 0.00000000 21.43942800
vn 80.76583400 0.00000000 58.96507500
vn 80.76583400 0.00000000 58.96507500
vn -0.00000000 100.00000000 -0.00000000
vn -0.00000000 100.00000000 -0.00000000
vn 85.69104400 0.00000000 51.54653200
vn -0.00000000 100.00000000 -0.00000000
vn 89.93678900 0.00000000 43.71926300
vn 93.46940300 0.00000000 35.54533400
vn -0.00000000 100.00000000 -0.00000000
vn 96.26087400 0.00000000 27.08955600
vn -0.00000000 100.00000000 -0.00000000
vn 96.26087400 0.00000000 27.08955600
vn 74.65132300 0.00000000 66.53705800
vn -0.00000000 100.00000000 -0.00000000
vn -0.00000000 100.00000000 -0.00000000
vn 37.93922500 0.00000000 92.52359300
vn -0.00000000 100.00000000 -0.00000000
vn -6.44827400 0.00000000 99.79188200
vn -28.95865900 0.00000000 95.71518200
vn -0.00000000 100.00000000 -0.00000000
vn -28.95865900 0.00000000 95.71518200
vn -0.00000000 100.00000000 -0.00000000
vn -31.52541700 0.00000000 94.90072700
vn -34.06931500 0.00000000 94.01745500
vn -0.00000000 100.00000000 -0.00000000
vn -36.58850700 0.00000000 93.06600400
vn -36.58850700 0.00000000 93.06600400
vn -0.00000000 100.00000000 -0.00000000
vn -0.00000000 100.00000000 -0.00000000
vn -67.57129600 -0.00000000 73.71648400
vn -0.00000000 100.00000000 -0.00000000
vn -89.53779600 -0.00000000 44.53069800
vn -0.00000000 100.00000000 -0.00000000
vn -99.55693500 -0.00000000 9.40301600
vn -0.00000000 100.00000000 -0.00000000
vn -96.29182200 -0.00000000 -26.97934500
vn -96.29182200 -0.00000000 -26.97934500
vn -0.00000000 100.00000000 -0.00000000
vn -93.46537800 -0.00000000 -35.55591400
vn -89.87676000 -0.00000000 -43.84253700
vn -0.00000000 100.00000000 -0.00000000
vn -0.00000000 100.00000000 -0.00000000
vn -85.55522900 -0.00000000 -51.77164100
vn -0.00000000 100.00000000 -0.00000000
vn -80.53602700 -0.00000000 -59.27856600
vn -80.53602700 -0.00000000 -59.27856600
vn -57.66312200 -0.00000000 -81.70045500
vn -0.00000000 100.00000000 -0.00000000
vn -28.87449600 -0.00000000 -95.74060500
vn -0.00000000 100.00000000 -0.00000000
vn -0.00000000 100.00000000 -0.00000000
vn 2.87639700 -0.00000000 -99.95862300
vn 34.33219700 -0.00000000 -93.92177700
vn -0.00000000 100.00000000 -0.00000000
vn 34.33219700 -0.00000000 -93.92177700
vn 33.33951800 -0.00000000 -94.27871700
vn -0.00000000 100.00000000 -0.00000000
vn 32.34313000 -0.00000000 -94.62516600
vn -0.00000000 100.00000000 -0.00000000
vn 31.34314200 -0.00000000 -94.96108400
vn 31.34314200 -0.00000000 -94.96108400
vn -0.00000000 100.00000000 -0.00000000
vn -0.00000000 100.00000000 -0.00000000
vn 66.93689800 0.00000000 -74.29301200
vn -0.00000000 100.00000000 -0.00000000
vn 91.19097700 0.00000000 -41.03907600
vn -0.00000000 100.00000000 -0.00000000
vn 99.99653200 0.00000000 -0.83277300
vn -0.00000000 100.00000000 -0.00000000
vn 91.86182900 0.00000000 39.51460900
vn 91.86182900 0.00000000 39.51460900
vn 95.01277300 0.00000000 31.18610100
vn -0.00000000 100.00000000 -0.00000000
vn -0.00000000 100.00000000 -0.00000000
vn 97.41033700 0.00000000 22.61031200
vn -0.00000000 100.00000000 -0.00000000
vn 99.03551100 0.00000000 13.85523900
vn 99.87540700 0.00000000 4.99030500
vn -0.00000000 100.00000000 -0.00000000
vn 99.87540700 0.00000000 4.99030500
vn -0.00000000 100.00000000 -0.00000000
vn 87.58554600 0.00000000 48.25735300
vn 57.57644600 0.00000000 81.76156100
vn -0.00000000 100.00000000 -0.00000000
vn 15.91918100 0.00000000 98.72476700
vn -0.00000000 100.00000000 -0.00000000
vn -6.93397300 0.00000000 99.75931000
vn -6.93397300 0.00000000 99.75931000
vn -0.00000000 100.00000000 -0.00000000
vn -9.61761100 0.00000000 99.53643300
vn -0.00000000 100.00000000 -0.00000000
vn -12.29427400 0.00000000 99.24137700
vn -0.00000000 100.00000000 -0.00000000
vn -14.96202200 0.00000000 98.87435400
vn -14.96202200 0.00000000 98.87435400
vn -0.00000000 100.00000000 -0.00000000
vn -49.47368200 0.00000000 86.90428500
vn -0.00000000 100.00000000 -0.00000000
vn -0.00000000 100.00000000 -0.00000000
vn -77.38388400 -0.00000000 63.33825500
vn -0.00000000 100.00000000 -0.00000000
vn -94.96846700 -0.00000000 31.32076500
vn -0.00000000 100.00000000 -0.00000000
vn -99.88105400 -0.00000000 -4.87597100
vn -99.88105400 -0.00000000 -4.87597100
vn -0.00000000 100.00000000 -0.00000000
vn -99.03394200 -0.00000000 -13.86645000
vn -97.37924400 -0.00000000 -22.74385300
vn -0.00000000 100.00000000 -0.00000000
vn -94.93045500 -0.00000000 -31.43578800
vn -0.00000000 100.00000000 -0.00000000
vn -0.00000000 100.00000000 -0.00000000
vn -91.70754200 -0.00000000 -39.87137700
vn -91.70754200 -0.00000000 -39.87137700
vn -0.00000000 100.00000000 -0.00000000
vn -74.39744900 -0.00000000 -66.82080200
vn -0.00000000 100.00000000 -0.00000000
vn -49.45484100 -0.00000000 -86.91500900
vn -0.00000000 100.00000000 -0.00000000
vn -19.43860700 -0.00000000 -98.09251000
vn -0.00000000 100.00000000 -0.00000000
vn 12.57185500 -0.00000000 -99.20659500
vn 12.57185500 -0.00000000 -99.20659500
vn -0.00000000 100.00000000 -0.00000000
vn 11.52463900 -0.00000000 -99.33369400
vn 10.47614000 -0.00000000 -99.44973900
vn -0.00000000 100.00000000 -0.00000000
vn 9.42647500 -0.00000000 -99.55471600
vn 9.42647500 -0.00000000 -99.55471600
vn -0.00000000 100.00000000 -0.00000000
vn -0.00000000 100.00000000 -0.00000000
vn 48.72690000 -0.00000000 -87.32519300
vn -0.00000000 100.00000000 -0.00000000
vn 79.77257500 0.00000000 -60.30204200
vn 97.30410100 0.00000000 -23.06321500
vn -0.00000000 100.00000000 -0.00000000
vn 98.35148900 0.00000000 18.08271500
vn 98.35148900 0.00000000 18.08271500
vn -0.00000000 100.00000000 -0.00000000
vn 99.57016500 0.00000000 9.26187000
vn -0.00000000 100.00000000 -0.00000000
vn -0.00000000 100.00000000 -0.00000000
vn 99.99932400 0.00000000 0.36758500
vn -0.00000000 100.00000000 -0.00000000
vn 99.63556400 0.00000000 -8.52961500
vn 98.48176900 0.00000000 -17.35918100
vn -0.00000000 100.00000000 -0.00000000
vn 98.48176900 0.00000000 -17.35918100
vn -0.00000000 100.00000000 -0.00000000
vn 96.12786500 0.00000000 27.55782300
vn 74.32654300 0.00000000 66.89966400
vn -0.00000000 100.00000000 -0.00000000
vn -0.00000000 100.00000000 -0.00000000
vn 37.48838100 0.00000000 92.70718000
vn -0.00000000 100.00000000 -0.00000000
vn 15.43841100 0.00000000 98.80109000
vn 15.43841100 0.00000000 98.80109000
vn 12.77246300 0.00000000 99.18096700
vn -0.00000000 100.00000000 -0.00000000
vn 10.09725300 0.00000000 99.48892100
vn -0.00000000 100.00000000 -0.00000000
vn 7.41472000 0.00000000 99.72473100
vn 7.41472000 0.00000000 99.72473100
vn -0.00000000 100.00000000 -0.00000000
vn -0.00000000 100.00000000 -0.00000000
vn -28.89525100 0.00000000 95.73434300
vn -0.00000000 100.00000000 -0.00000000
vn -61.34962100 0.00000000 78.96976600
vn -85.61788300 -0.00000000 51.66796000
vn -0.00000000 100.00000000 -0.00000000
vn -98.46183300 -0.00000000 17.47190500
vn -98.46183300 -0.00000000 17.47190500
vn -0.00000000 100.00000000 -0.00000000
vn -0.00000000 100.00000000 -0.00000000
vn -99.63652900 -0.00000000 8.51833600
vn -99.99872600 -0.00000000 -0.50469700
vn -0.00000000 100.00000000 -0.00000000
vn -0.00000000 100.00000000 -0.00000000
vn -99.54547100 -0.00000000 -9.52361400
vn -98.28045900 -0.00000000 -18.46487000
vn -0.00000000 100.00000000 -0.00000000
vn -98.28045900 -0.00000000 -18.46487000
vn -87.40117700 -0.00000000 -48.59047500
vn -0.00000000 100.00000000 -0.00000000
vn -67.55531400 -0.00000000 -73.73113100
vn -0.00000000 100.00000000 -0.00000000
vn -40.77887700 -0.00000000 -91.30762900
vn -0.00000000 100.00000000 -0.00000000
vn -9.81889200 -0.00000000 -99.51677900
vn -9.81889200 -0.00000000 -99.51677900
vn -0.00000000 100.00000000 -0.00000000
vn -0.00000000 100.00000000 -0.00000000
vn -10.86813400 -0.00000000 -99.40766400
vn -11.91616800 -0.00000000 -99.28748600
vn -0.00000000 100.00000000 -0.00000000
vn -0.00000000 100.00000000 -0.00000000
vn -12.96287500 -0.00000000 -99.15626000
vn -12.96287500 -0.00000000 -99.15626000
vn 28.07353100 -0.00000000 -95.97852300
vn -0.00000000 100.00000000 -0.00000000
vn -0.00000000 100.00000000 -0.00000000
vn 64.35404300 -0.00000000 -76.54121200
vn -0.00000000 100.00000000 -0.00000000
vn 89.73243600 0.00000000 -44.13717200
vn 99.90939500 0.00000000 -4.25592200
vn -0.00000000 100.00000000 -0.00000000
vn 99.90939500 0.00000000 -4.25592200
vn 99.13469300 0.00000000 -13.12679100
vn -0.00000000 100.00000000 -0.00000000
vn 97.57392800 0.00000000 -21.89357400
vn -0.00000000 100.00000000 -0.00000000
vn 95.23947500 0.00000000 -30.48675800
vn -0.00000000 100.00000000 -0.00000000
vn 92.14984400 0.00000000 -38.83820500
vn 92.14984400 0.00000000 -38.83820500
vn -0.00000000 100.00000000 -0.00000000
vn 99.84993100 0.00000000 5.47642800
vn -0.00000000 100.00000000 -0.00000000
vn -0.00000000 100.00000000 -0.00000000
vn 87.34959700 0.00000000 48.68313800
vn -0.00000000 100.00000000 -0.00000000
vn 57.17775800 0.00000000 82.04086800
vn -0.00000000 100.00000000 -0.00000000
vn 37.03664900 0.00000000 92.88857100
vn 37.03664900 0.00000000 92.88857100
vn -0.00000000 100.00000000 -0.00000000
vn 34.52207200 0.00000000 93.85215300
vn -0.00000000 100.00000000 -0.00000000
vn 31.98246100 0.00000000 94.74767600
vn -0.00000000 100.00000000 -0.00000000
vn 29.41965800 0.00000000 95.57449300
vn 29.41965800 0.00000000 95.57449300
vn -0.00000000 100.00000000 -0.00000000
vn -6.86789100 0.00000000 99.76388200
vn -0.00000000 100.00000000 -0.00000000
vn -42.23903200 0.00000000 90.64140400
vn -0.00000000 100.00000000 -0.00000000
vn -71.97406100 -0.00000000 69.42430800
vn -92.10532400 -0.00000000 38.94366700
vn -92.10532400 -0.00000000 38.94366700
vn -0.00000000 100.00000000 -0.00000000
vn -95.24292500 -0.00000000 30.47597700
vn -0.00000000 100.00000000 -0.00000000
vn -97.60385500 -0.00000000 21.75976700
vn -0.00000000 100.00000000 -0.00000000
vn -99.16886200 -0.00000000 12.86611400
vn -0.00000000 100.00000000 -0.00000000
vn -99.92518300 -0.00000000 3.86754200
vn -99.92518300 -0.00000000 3.86754200
vn -0.00000000 100.00000000 -0.00000000
vn -0.00000000 100.00000000 -0.00000000
vn -96.02224500 -0.00000000 -27.92361900
vn -0.00000000 100.00000000 -0.00000000
vn -82.26828100 -0.00000000 -56.85006600
vn -0.00000000 100.00000000 -0.00000000
vn -60.07432500 -0.00000000 -79.94420300
vn -31.71727800 -0.00000000 -94.83677700
vn -31.71727800 -0.00000000 -94.83677700
vn -0.00000000 100.00000000 -0.00000000
vn -32.71593400 -0.00000000 -94.49691900
vn -0.00000000 100.00000000 -0.00000000
vn -0.00000000 100.00000000 -0.00000000
vn -33.71094900 -0.00000000 -94.14654500
vn -0.00000000 100.00000000 -0.00000000
vn -34.70221200 -0.00000000 -93.78569400
vn -34.70221200 -0.00000000 -93.78569400
vn 6.01243900 -0.00000000 -99.81908900
vn -0.00000000 100.00000000 -0.00000000
vn -0.00000000 100.00000000 -0.00000000
vn 45.70853100 -0.00000000 -88.94228600
vn -0.00000000 100.00000000 -0.00000000
vn 77.66121200 0.00000000 -62.99790600
vn -0.00000000 100.00000000 -0.00000000
vn 96.45742600 0.00000000 -26.38114900
vn 96.45742600 0.00000000 -26.38114900
vn -0.00000000 100.00000000 -0.00000000
vn 93.72819400 0.00000000 -34.85721900
vn 90.25576700 0.00000000 -43.05689800
vn -0.00000000 100.00000000 -0.00000000
vn 86.06768000 0.00000000 -50.91516900
vn -0.00000000 100.00000000 -0.00000000
vn 81.19714200 0.00000000 -58.36972000
vn 81.19714200 0.00000000 -58.36972000
vn -0.00000000 100.00000000 -0.00000000
vn -0.00000000 100.00000000 -0.00000000
vn 98.56510500 0.00000000 -16.87957700
vn 95.99257800 0.00000000 28.02543600
vn -0.00000000 100.00000000 -0.00000000
vn 74.00000200 0.00000000 67.26068400
vn -0.00000000 100.00000000 -0.00000000
vn 56.77771500 0.00000000 82.31823100
vn -0.00000000 100.00000000 -0.00000000
vn 56.77771500 0.00000000 82.31823100
vn 54.54060000 0.00000000 83.81719900
vn -0.00000000 100.00000000 -0.00000000
vn -0.00000000 100.00000000 -0.00000000
vn 52.26393600 0.00000000 85.25538700
vn 49.94937100 0.00000000 86.63175100
vn 49.94937100 0.00000000 86.63175100
vn -0.00000000 100.00000000 -0.00000000
vn 15.50385400 0.00000000 98.79084200
vn -0.00000000 100.00000000 -0.00000000
vn -0.00000000 100.00000000 -0.00000000
vn -21.01040100 0.00000000 97.76790400
vn -54.72116000 0.00000000 83.69943100
vn -0.00000000 100.00000000 -0.00000000
vn -0.00000000 100.00000000 -0.00000000
vn -81.13027000 -0.00000000 58.46263100
vn -81.13027000 -0.00000000 58.46263100
vn -0.00000000 100.00000000 -0.00000000
vn -86.07344300 -0.00000000 50.90542600
vn -0.00000000 100.00000000 -0.00000000
vn -90.31471900 -0.00000000 42.93310500
vn -93.81951200 -0.00000000 34.61068100
vn -0.00000000 100.00000000 -0.00000000
vn -96.55924100 -0.00000000 26.00602000
vn -96.55924100 -0.00000000 26.00602000
vn -0.00000000 100.00000000 -0.00000000
vn -0.00000000 100.00000000 -0.00000000
vn -99.82835600 -0.00000000 -5.85655600
vn -0.00000000 100.00000000 -0.00000000
vn -92.85597300 -0.00000000 -37.11830100
vn -0.00000000 100.00000000 -0.00000000
vn -76.35739400 -0.00000000 -64.57204000
vn -0.00000000 100.00000000 -0.00000000
vn -52.02522800 -0.00000000 -85.40126300
vn -52.02522800 -0.00000000 -85.40126300
vn -52.92322000 -0.00000000 -84.84770400
vn -0.00000000 100.00000000 -0.00000000
vn -53.81532200 -0.00000000 -84.28470300
vn -0.00000000 100.00000000 -0.00000000
vn -0.00000000 100.00000000 -0.00000000
vn -54.70143500 -0.00000000 -83.71232300
vn -54.70143500 -0.00000000 -83.71232300
vn -16.35014300 -0.00000000 -98.65431000
vn -0.00000000 100.00000000 -0.00000000
vn 24.77100200 -0.00000000 -96.88342200
vn -0.00000000 100.00000000 -0.00000000
vn -0.00000000 100.00000000 -0.00000000
vn 61.69573000 -0.00000000 -78.69966300
vn 88.16867900 0.00000000 -47.18351500
vn 88.16867900 0.00000000 -47.18351500
vn -0.00000000 100.00000000 -0.00000000
vn -0.00000000 100.00000000 -0.00000000
vn 83.62177100 0.00000000 -54.83976100
vn -0.00000000 100.00000000 -0.00000000
vn 78.41180500 0.00000000 -62.06117000
vn -0.00000000 100.00000000 -0.00000000
vn 72.58009300 0.00000000 -68.79048000
vn -0.00000000 100.00000000 -0.00000000
vn 66.17287500 0.00000000 -74.97433300
vn 66.17287500 0.00000000 -74.97433300
vn -0.00000000 100.00000000 -0.00000000
vn 92.33781200 0.00000000 -38.38917000
vn -0.00000000 100.00000000 -0.00000000
vn 99.82208900 0.00000000 5.96242100
vn -0.00000000 100.00000000 -0.00000000
vn 87.11157800 0.00000000 49.10776900
vn -0.00000000 100.00000000 -0.00000000
vn 73.67170800 0.00000000 67.62011100
vn 73.67170800 0.00000000 67.62011100
vn -0.00000000 100.00000000 -0.00000000
vn 71.82423500 0.00000000 69.57930200
vn -0.00000000 100.00000000 -0.00000000
vn 69.92467800 0.00000000 71.48803700
vn -0.00000000 100.00000000 -0.00000000
vn 67.97441400 0.00000000 73.34493200
vn 67.97441400 0.00000000 73.34493200
vn 37.09817000 0.00000000 92.86401800
vn -0.00000000 100.00000000 -0.00000000
vn 1.27177900 0.00000000 99.99191300
vn -0.00000000 100.00000000 -0.00000000
vn -34.72431000 0.00000000 93.77751500
vn -0.00000000 100.00000000 -0.00000000
vn -0.00000000 100.00000000 -0.00000000
vn -66.08700600 -0.00000000 75.05003400
vn -66.08700600 -0.00000000 75.05003400
vn -0.00000000 100.00000000 -0.00000000
vn -72.58788000 -0.00000000 68.78226300
vn -0.00000000 100.00000000 -0.00000000
vn -78.49682600 -0.00000000 61.95359800
vn -83.76565900 -0.00000000 54.61972400
vn -0.00000000 100.00000000 -0.00000000
vn -0.00000000 100.00000000 -0.00000000
vn -88.35141500 -0.00000000 46.84044700
vn -88.35141500 -0.00000000 46.84044700
vn -0.00000000 100.00000000 -0.00000000
vn -98.62865700 -0.00000000 16.50417900
vn -98.78747900 -0.00000000 -15.52527000
vn -0.00000000 100.00000000 -0.00000000
vn -88.81158600 -0.00000000 -45.96196500
vn -0.00000000 100.00000000 -0.00000000
vn -69.72441600 -0.00000000 -71.68337200
vn -0.00000000 100.00000000 -0.00000000
vn -69.72441600 -0.00000000 -71.68337200
vn -70.47671400 -0.00000000 -70.94387000
vn -0.00000000 100.00000000 -0.00000000
vn -71.22117000 -0.00000000 -70.19647400
vn -0.00000000 100.00000000 -0.00000000
vn -71.95770000 -0.00000000 -69.44126600
vn -71.95770000 -0.00000000 -69.44126600
vn -0.00000000 100.00000000 -0.00000000
vn -0.00000000 100.00000000 -0.00000000
vn -37.89286000 -0.00000000 -92.54259100
vn 2.59135200 -0.00000000 -99.96641900
vn -0.00000000 100.00000000 -0.00000000
vn 42.63656700 -0.00000000 -90.45508900
vn -0.00000000 100.00000000 -0.00000000
vn -0.00000000 100.00000000 -0.00000000
vn 75.45878600 0.00000000 -65.61990200
vn 75.45878600 0.00000000 -65.61990200
vn -0.00000000 100.00000000 -0.00000000
vn 69.32220400 0.00000000 -72.07240800
vn -0.00000000 100.00000000 -0.00000000
vn 62.63594800 -0.00000000 -77.95343500
vn -0.00000000 100.00000000 -0.00000000
vn 55.45303700 -0.00000000 -83.21634900
vn -0.00000000 100.00000000 -0.00000000
vn 47.83042400 -0.00000000 -87.81942000
vn 47.83042400 -0.00000000 -87.81942000
vn 81.48031700 0.00000000 -57.97377000
vn -0.00000000 100.00000000 -0.00000000
vn 98.64610500 0.00000000 -16.39957300
vn -0.00000000 100.00000000 -0.00000000
vn 95.85501600 0.00000000 28.49238500
vn -0.00000000 100.00000000 -0.00000000
vn 86.87149500 0.00000000 49.53123600
vn 86.87149500 0.00000000 49.53123600
vn -0.00000000 100.00000000 -0.00000000
vn -0.00000000 100.00000000 -0.00000000
vn 85.50630300 0.00000000 51.85240800
vn -0.00000000 100.00000000 -0.00000000
vn 84.07910500 0.00000000 54.13597800
vn -0.00000000 100.00000000 -0.00000000
vn 82.59093700 0.00000000 56.38029100
vn 82.59093700 0.00000000 56.38029100
vn 56.83222900 0.00000000 82.28060300
vn -0.00000000 100.00000000 -0.00000000
vn 23.49018700 0.00000000 97.20190900
vn -0.00000000 100.00000000 -0.00000000
vn -12.98623900 0.00000000 99.15320300
vn -0.00000000 100.00000000 -0.00000000
vn -47.72986300 0.00000000 87.87411600
vn -47.72986300 0.00000000 87.87411600
vn -0.00000000 100.00000000 -0.00000000
vn -55.46245600 0.00000000 83.21007100
vn -0.00000000 100.00000000 -0.00000000
vn -62.74277400 0.00000000 77.86747900
vn -0.00000000 100.00000000 -0.00000000
vn -0.00000000 100.00000000 -0.00000000
vn -69.51144700 -0.00000000 71.88990700
vn -0.00000000 100.00000000 -0.00000000
vn -75.71328000 -0.00000000 65.32609900
vn -75.71328000 -0.00000000 65.32609900
vn -0.00000000 100.00000000 -0.00000000
vn -92.48330600 -0.00000000 38.03732600
vn -0.00000000 100.00000000 -0.00000000
vn -99.76536800 -0.00000000 6.84626300
vn -0.00000000 100.00000000 -0.00000000
vn -96.81239300 -0.00000000 -25.04716600
vn -0.00000000 100.00000000 -0.00000000
vn -83.92733000 -0.00000000 -54.37097800
vn -83.92733000 -0.00000000 -54.37097800
vn -0.00000000 100.00000000 -0.00000000
vn -84.49621200 -0.00000000 -53.48261500
vn -85.05569200 -0.00000000 -52.58830000
vn -0.00000000 100.00000000 -0.00000000
vn -85.60570600 -0.00000000 -51.68813300
vn -85.60570600 -0.00000000 -51.68813300
vn -0.00000000 100.00000000 -0.00000000
vn -0.00000000 100.00000000 -0.00000000
vn -57.53547000 -0.00000000 -81.79040100
vn -19.71823900 -0.00000000 -98.03668200
vn -0.00000000 100.00000000 -0.00000000
vn 21.43942800 -0.00000000 -97.67472000
vn -0.00000000 100.00000000 -0.00000000
vn 58.96507500 -0.00000000 -80.76583400
vn 58.96507500 -0.00000000 -80.76583400
vn -0.00000000 100.00000000 -0.00000000
vn 51.54653200 -0.00000000 -85.69104400
vn -0.00000000 100.00000000 -0.00000000
vn -0.00000000 100.00000000 -0.00000000
vn 43.71926300 -0.00000000 -89.93678900
vn 35.54533400 -0.00000000 -93.46940300
vn -0.00000000 100.00000000 -0.00000000
vn 27.08955600 -0.00000000 -96.26087400
vn 27.08955600 -0.00000000 -96.26087400
vn -0.00000000 100.00000000 -0.00000000
vn 66.53705800 0.00000000 -74.65132300
vn -0.00000000 100.00000000 -0.00000000
vn 92.52359300 0.00000000 -37.93922500
vn -0.00000000 100.00000000 -0.00000000
vn -0.00000000 100.00000000 -0.00000000
vn 99.79188200 0.00000000 6.44827400
vn 95.71518200 0.00000000 28.95865900
vn 95.71518200 0.00000000 28.95865900
vn -0.00000000 100.00000000 -0.00000000
vn 94.90072700 0.00000000 31.52541700
vn -0.00000000 100.00000000 -0.00000000
vn 94.01745500 0.00000000 34.06931500
vn -0.00000000 100.00000000 -0.00000000
vn -0.00000000 100.00000000 -0.00000000
vn 93.06600400 0.00000000 36.58850700
vn 93.06600400 0.00000000 36.58850700
vn -0.00000000 100.00000000 -0.00000000
vn 73.71648400 0.00000000 67.57129600
vn 44.53069800 0.00000000 89.53779600
vn -0.00000000 100.00000000 -0.00000000
vn 9.40301600 0.00000000 99.55693500
vn -0.00000000 100.00000000 -0.00000000
vn -26.97934500 0.00000000 96.29182200
vn -26.97934500 0.00000000 96.29182200
vn -0.00000000 100.00000000 -0.00000000
vn -0.00000000 100.00000000 -0.00000000
vn -35.55591400 0.00000000 93.46537800
vn -43.84253700 0.00000000 89.87676000
vn -0.00000000 100.00000000 -0.00000000
vn -0.00000000 100.00000000 -0.00000000
vn -51.77164100 0.00000000 85.55522900
vn -59.27856600 0.00000000 80.53602700
vn -0.00000000 100.00000000 -0.00000000
vn -59.27856600 0.00000000 80.53602700
vn -81.70045500 -0.00000000 57.66312200
vn -0.00000000 100.00000000 -0.00000000
vn -95.74060500 -0.00000000 28.87449600
vn -0.00000000 100.00000000 -0.00000000
vn -0.00000000 100.00000000 -0.00000000
vn -99.95862300 -0.00000000 -2.87639700
vn -93.92177700 -0.00000000 -34.33219700
vn -93.92177700 -0.00000000 -34.33219700
vn -0.00000000 100.00000000 -0.00000000
vn -94.27871700 -0.00000000 -33.33951800
vn -0.00000000 100.00000000 -0.00000000
vn -0.00000000 100.00000000 -0.00000000
vn -94.62516600 -0.00000000 -32.34313000
vn -94.96108400 -0.00000000 -31.34314200
vn -0.00000000 100.00000000 -0.00000000
vn -94.96108400 -0.00000000 -31.34314200
vn -0.00000000 100.00000000 -0.00000000
vn -74.29301200 -0.00000000 -66.93689800
vn -41.03907600 -0.00000000 -91.19097700
vn -0.00000000 100.00000000 -0.00000000
vn -0.83277300 -0.00000000 -99.99653200
vn -0.00000000 100.00000000 -0.00000000
vn 39.51460900 -0.00000000 -91.86182900
vn -0.00000000 100.00000000 -0.00000000
vn 39.51460900 -0.00000000 -91.86182900
vn 31.18610100 -0.00000000 -95.01277300
vn -0.00000000 100.00000000 -0.00000000
vn 22.61031200 -0.00000000 -97.41033700
vn -0.00000000 100.00000000 -0.00000000
vn -0.00000000 100.00000000 -0.00000000
vn 13.85523900 -0.00000000 -99.03551100
vn 4.99030500 -0.00000000 -99.87540700
vn 4.99030500 -0.00000000 -99.87540700
vn -0.00000000 100.00000000 -0.00000000
vn 48.25735300 -0.00000000 -87.58554600
vn -0.00000000 100.00000000 -0.00000000
vn -0.00000000 100.00000000 -0.00000000
vn 81.76156100 0.00000000 -57.57644600
vn -0.00000000 100.00000000 -0.00000000
vn 98.72476700 0.00000000 -15.91918100
vn -0.00000000 100.00000000 -0.00000000
vn 99.75931000 0.00000000 6.93397300
vn 99.75931000 0.00000000 6.93397300
vn -0.00000000 100.00000000 -0.00000000
vn 99.53643300 0.00000000 9.61761100
vn -0.00000000 100.00000000 -0.00000000
vn 99.24137700 0.00000000 12.29427400
vn 98.87435400 0.00000000 14.96202200
vn 98.87435400 0.00000000 14.96202200
vn -0.00000000 100.00000000 -0.00000000
vn 86.90428500 0.00000000 49.47368200
vn -0.00000000 100.00000000 -0.00000000
vn 63.33825500 0.00000000 77.38388400
vn -0.00000000 100.00000000 -0.00000000
vn 31.32076500 0.00000000 94.96846700
vn -0.00000000 100.00000000 -0.00000000
vn -0.00000000 100.00000000 -0.00000000
vn -4.87597100 0.00000000 99.88105400
vn -4.87597100 0.00000000 99.88105400
vn -13.86645000 0.00000000 99.03394200
vn -0.00000000 100.00000000 -0.00000000
vn -22.74385300 0.00000000 97.37924400
vn -0.00000000 100.00000000 -0.00000000
vn -0.00000000 100.00000000 -0.00000000
vn -31.43578800 0.00000000 94.93045500
vn -39.87137700 0.00000000 91.70754200
vn -39.87137700 0.00000000 91.70754200
vn -0.00000000 100.00000000 -0.00000000
vn -0.00000000 100.00000000 -0.00000000
vn -66.82080200 -0.00000000 74.39744900
vn -0.00000000 100.00000000 -0.00000000
vn -86.91500900 -0.00000000 49.45484100
vn -0.00000000 100.00000000 -0.00000000
vn -98.09251000 -0.00000000 19.43860700
vn -0.00000000 100.00000000 -0.00000000
vn -99.20659500 -0.00000000 -12.57185500
vn -99.20659500 -0.00000000 -12.57185500
vn -99.33369400 -0.00000000 -11.52463900
vn -0.00000000 100.00000000 -0.00000000
vn -0.00000000 100.00000000 -0.00000000
vn -99.44973900 -0.00000000 -10.47614000
vn -99.55471600 -0.00000000 -9.42647500
vn -0.00000000 100.00000000 -0.00000000
vn -99.55471600 -0.00000000 -9.42647500
vn -87.32519300 -0.00000000 -48.72690000
vn -0.00000000 100.00000000 -0.00000000
vn -60.30204200 -0.00000000 -79.77257500
vn -0.00000000 100.00000000 -0.00000000
vn -23.06321500 -0.00000000 -97.30410100
vn -0.00000000 100.00000000 -0.00000000
vn 18.08271500 -0.00000000 -98.35148900
vn -0.00000000 100.00000000 -0.00000000
vn 18.08271500 -0.00000000 -98.35148900
vn -0.00000000 100.00000000 -0.00000000
vn 9.26187000 -0.00000000 -99.57016500
vn 0.36758500 -0.00000000 -99.99932400
vn -0.00000000 100.00000000 -0.00000000
vn -8.52961500 -0.00000000 -99.63556400
vn -0.00000000 100.00000000 -0.00000000
vn -17.35918100 -0.00000000 -98.48176900
vn -0.00000000 100.00000000 -0.00000000
vn -17.35918100 -0.00000000 -98.48176900
vn -0.00000000 100.00000000 -0.00000000
vn 27.55782300 -0.00000000 -96.12786500
vn -0.00000000 100.00000000 -0.00000000
vn 66.89966400 0.00000000 -74.32654300
vn -0.00000000 100.00000000 -0.00000000
vn 92.70718000 0.00000000 -37.48838100
vn 98.80109000 0.00000000 -15.43841100
vn 98.80109000 0.00000000 -15.43841100
vn -0.00000000 100.00000000 -0.00000000
vn -0.00000000 100.00000000 -0.00000000
vn 99.18096700 0.00000000 -12.77246300
vn 99.48892100 0.00000000 -10.09725300
vn -0.00000000 100.00000000 -0.00000000
vn -0.00000000 100.00000000 -0.00000000
vn 99.72473100 0.00000000 -7.41472000
vn 99.72473100 0.00000000 -7.41472000
vn 95.73434300 0.00000000 28.89525100
vn -0.00000000 100.00000000 -0.00000000
vn -0.00000000 100.00000000 -0.00000000
vn 78.96976600 0.00000000 61.34962100
vn -0.00000000 100.00000000 -0.00000000
vn 51.66796000 0.00000000 85.61788300
vn 17.47190500 0.00000000 98.46183300
vn 17.47190500 0.00000000 98.46183300
vn -0.00000000 100.00000000 -0.00000000
vn 8.51833600 0.00000000 99.63652900
vn -0.00000000 100.00000000 -0.00000000
vn -0.00000000 100.00000000 -0.00000000
vn -0.50469700 0.00000000 99.99872600
vn -0.00000000 100.00000000 -0.00000000
vn -9.52361400 0.00000000 99.54547100
vn -18.46487000 0.00000000 98.28045900
vn -0.00000000 100.00000000 -0.00000000
vn -18.46487000 0.00000000 98.28045900
vn -48.59047500 0.00000000 87.40117700
vn -0.00000000 100.00000000 -0.00000000
vn -73.73113100 -0.00000000 67.55531400
vn -0.00000000 100.00000000 -0.00000000
vn -91.30762900 -0.00000000 40.77887700
vn -0.00000000 100.00000000 -0.00000000
vn -0.00000000 100.00000000 -0.00000000
vn -99.51677900 -0.00000000 9.81889200
vn -99.51677900 -0.00000000 9.81889200
vn -0.00000000 100.00000000 -0.00000000
vn -99.40766400 -0.00000000 10.86813400
vn -0.00000000 100.00000000 -0.00000000
vn -99.28748600 -0.00000000 11.91616800
vn -0.00000000 100.00000000 -0.00000000
vn -99.15626000 -0.00000000 12.96287500
vn -99.15626000 -0.00000000 12.96287500
vn -95.97852300 -0.00000000 -28.07353100
vn -0.00000000 100.00000000 -0.00000000
vn -0.00000000 100.00000000 -0.00000000
vn -76.54121200 -0.00000000 -64.35404300
vn -44.13717200 -0.00000000 -89.73243600
vn -0.00000000 100.00000000 -0.00000000
vn -0.00000000 100.00000000 -0.00000000
vn -4.25592200 -0.00000000 -99.90939500
vn -4.25592200 -0.00000000 -99.90939500
vn -13.12679100 -0.00000000 -99.13469300
vn -0.00000000 100.00000000 -0.00000000
vn -21.89357400 -0.00000000 -97.57392800
vn -0.00000000 100.00000000 -0.00000000
vn -0.00000000 100.00000000 -0.00000000
vn -30.48675800 -0.00000000 -95.23947500
vn -38.83820500 -0.00000000 -92.14984400
vn -38.83820500 -0.00000000 -92.14984400
vn -0.00000000 100.00000000 -0.00000000
vn -0.00000000 100.00000000 -0.00000000
vn 5.47642800 -0.00000000 -99.84993100
vn -0.00000000 100.00000000 -0.00000000
vn 48.68313800 -0.00000000 -87.34959700
vn 82.04086800 0.00000000 -57.17775800
vn -0.00000000 100.00000000 -0.00000000
vn 92.88857100 0.00000000 -37.03664900
vn 92.88857100 0.00000000 -37.03664900
vn -0.00000000 100.00000000 -0.00000000
vn -0.00000000 100.00000000 -0.00000000
vn 93.85215300 0.00000000 -34.52207200
vn 94.74767600 0.00000000 -31.98246100
vn -0.00000000 100.00000000 -0.00000000
vn 95.57449300 0.00000000 -29.41965800
vn 95.57449300 0.00000000 -29.41965800
vn -0.00000000 100.00000000 -0.00000000
vn 99.76388200 0.00000000 6.86789100
vn -0.00000000 100.00000000 -0.00000000
vn 90.64140400 0.00000000 42.23903200
vn -0.00000000 100.00000000 -0.00000000
vn -0.00000000 100.00000000 -0.00000000
vn 69.42430800 0.00000000 71.97406100
vn 38.94366700 0.00000000 92.10532400
vn -0.00000000 100.00000000 -0.00000000
vn 38.94366700 0.00000000 92.10532400
vn 30.47597700 0.00000000 95.24292500
vn -0.00000000 100.00000000 -0.00000000
vn 21.75976700 0.00000000 97.60385500
vn -0.00000000 100.00000000 -0.00000000
vn -0.00000000 100.00000000 -0.00000000
vn 12.86611400 0.00000000 99.16886200
vn -0.00000000 100.00000000 -0.00000000
vn 3.86754200 0.00000000 99.92518300
vn 3.86754200 0.00000000 99.92518300
vn -0.00000000 100.00000000 -0.00000000
vn -27.92361900 0.00000000 96.02224500
vn -56.85006600 0.00000000 82.26828100
vn -0.00000000 100.00000000 -0.00000000
vn -0.00000000 100.00000000 -0.00000000
vn -79.94420300 -0.00000000 60.07432500
vn -0.00000000 100.00000000 -0.00000000
vn -94.83677700 -0.00000000 31.71727800
vn -94.83677700 -0.00000000 31.71727800
vn -0.00000000 100.00000000 -0.00000000
vn -94.49691900 -0.00000000 32.71593400
vn -0.00000000 100.00000000 -0.00000000
vn -94.14654500 -0.00000000 33.71094900
vn -93.78569400 -0.00000000 34.70221200
vn -0.00000000 100.00000000 -0.00000000
vn -93.78569400 -0.00000000 34.70221200
vn -99.81908900 -0.00000000 -6.01243900
vn -0.00000000 100.00000000 -0.00000000
vn -88.94228600 -0.00000000 -45.70853100
vn -0.00000000 100.00000000 -0.00000000
vn -0.00000000 100.00000000 -0.00000000
vn -62.99790600 -0.00000000 -77.66121200
vn -26.38114900 -0.00000000 -96.45742600
vn -26.38114900 -0.00000000 -96.45742600
vn -0.00000000 100.00000000 -0.00000000
vn -34.85721900 -0.00000000 -93.72819400
vn -0.00000000 100.00000000 -0.00000000
vn -43.05689800 -0.00000000 -90.25576700
vn -0.00000000 100.00000000 -0.00000000
vn -0.00000000 100.00000000 -0.00000000
vn -50.91516900 -0.00000000 -86.06768000
vn -58.36972000 -0.00000000 -81.19714200
vn -58.36972000 -0.00000000 -81.19714200
vn -0.00000000 100.00000000 -0.00000000
vn -16.87957700 -0.00000000 -98.56510500
vn -0.00000000 100.00000000 -0.00000000
vn 28.02543600 -0.00000000 -95.99257800
vn -0.00000000 100.00000000 -0.00000000
vn -0.00000000 100.00000000 -0.00000000
vn 67.26068400 0.00000000 -74.00000200
vn -0.00000000 100.00000000 -0.00000000
vn 82.31823100 0.00000000 -56.77771500
vn 82.31823100 0.00000000 -56.77771500
vn 83.81719900 0.00000000 -54.54060000
vn -0.00000000 100.00000000 -0.00000000
vn -0.00000000 100.00000000 -0.00000000
vn 85.25538700 0.00000000 -52.26393600
vn 86.63175100 0.00000000 -49.94937100
vn 86.63175100 0.00000000 -49.94937100
vn -0.00000000 100.00000000 -0.00000000
vn -0.00000000 100.00000000 -0.00000000
vn 98.79084200 0.00000000 -15.50385400
vn -0.00000000 100.00000000 -0.00000000
vn 97.76790400 0.00000000 21.01040100
vn -0.00000000 100.00000000 -0.00000000
vn 83.69943100 0.00000000 54.72116000
vn -0.00000000 100.00000000 -0.00000000
vn 58.46263100 0.00000000 81.13027000
vn 58.46263100 0.00000000 81.13027000
vn -0.00000000 100.00000000 -0.00000000
vn 50.90542600 0.00000000 86.07344300
vn -0.00000000 100.00000000 -0.00000000
vn 42.93310500 0.00000000 90.31471900
vn -0.00000000 100.00000000 -0.00000000
vn 34.61068100 0.00000000 93.81951200
vn 26.00602000 0.00000000 96.55924100
vn -0.00000000 100.00000000 -0.00000000
vn 26.00602000 0.00000000 96.55924100
vn -0.00000000 100.00000000 -0.00000000
vn -5.85655600 0.00000000 99.82835600
vn -0.00000000 100.00000000 -0.00000000
vn -37.11830100 0.00000000 92.85597300
vn -0.00000000 100.00000000 -0.00000000
vn -64.57204000 0.00000000 76.35739400
vn -85.40126300 -0.00000000 52.02522800
vn -85.40126300 -0.00000000 52.02522800
vn -0.00000000 100.00000000 -0.00000000
vn -84.84770400 -0.00000000 52.92322000
vn -0.00000000 100.00000000 -0.00000000
vn -0.00000000 100.00000000 -0.00000000
vn -84.28470300 -0.00000000 53.81532200
vn -0.00000000 100.00000000 -0.00000000
vn -83.71232300 -0.00000000 54.70143500
vn -83.71232300 -0.00000000 54.70143500
vn -0.00000000 100.00000000 -0.00000000
vn -98.65431000 -0.00000000 16.35014300
vn -96.88342200 -0.00000000 -24.77100200
vn -0.00000000 100.00000000 -0.00000000
vn -0.00000000 100.00000000 -0.00000000
vn -78.69966300 -0.00000000 -61.69573000
vn -0.00000000 100.00000000 -0.00000000
vn -47.18351500 -0.00000000 -88.16867900
vn -47.18351500 -0.00000000 -88.16867900
vn -0.00000000 100.00000000 -0.00000000
vn -54.83976100 -0.00000000 -83.62177100
vn -62.06117000 -0.00000000 -78.41180500
vn -0.00000000 100.00000000 -0.00000000
vn -68.79048000 -0.00000000 -72.58009300
vn -0.00000000 100.00000000 -0.00000000
vn -0.00000000 100.00000000 -0.00000000
vn -74.97433300 -0.00000000 -66.17287500
vn -74.97433300 -0.00000000 -66.17287500
vn -0.00000000 100.00000000 -0.00000000
vn -38.38917000 -0.00000000 -92.33781200
vn 5.96242100 -0.00000000 -99.82208900
vn -0.00000000 100.00000000 -0.00000000
vn -0.00000000 100.00000000 -0.00000000
vn 49.10776900 -0.00000000 -87.11157800
vn 67.62011100 0.00000000 -73.67170800
vn 67.62011100 0.00000000 -73.67170800
vn -0.00000000 100.00000000 -0.00000000
vn 69.57930200 0.00000000 -71.82423500
vn -0.00000000 100.00000000 -0.00000000
vn 71.48803700 0.00000000 -69.92467800
vn -0.00000000 100.00000000 -0.00000000
vn -0.00000000 100.00000000 -0.00000000
vn 73.34493200 0.00000000 -67.97441400
vn 73.34493200 0.00000000 -67.97441400
vn -0.00000000 100.00000000 -0.00000000
vn 92.86401800 0.00000000 -37.09817000
vn 99.99191300 0.00000000 -1.27177900
vn -0.00000000 100.00000000 -0.00000000
vn 93.77751500 0.00000000 34.72431000
vn -0.00000000 100.00000000 -0.00000000
vn 75.05003400 0.00000000 66.08700600
vn 75.05003400 0.00000000 66.08700600
vn -0.00000000 100.00000000 -0.00000000
vn -0.00000000 100.00000000 -0.00000000
vn 68.78226300 0.00000000 72.58788000
vn -0.00000000 100.00000000 -0.00000000
vn 61.95359800 0.00000000 78.49682600
vn 54.61972400 0.00000000 83.76565900
vn -0.00000000 100.00000000 -0.00000000
vn -0.00000000 100.00000000 -0.00000000
vn 46.84044700 0.00000000 88.35141500
vn 46.84044700 0.00000000 88.35141500
vn -0.00000000 100.00000000 -0.00000000
vn 16.50417900 0.00000000 98.62865700
vn -15.52527000 0.00000000 98.78747900
vn -0.00000000 100.00000000 -0.00000000
vn -0.00000000 100.00000000 -0.00000000
vn -45.96196500 0.00000000 88.81158600
vn -71.68337200 -0.00000000 69.72441600
vn -71.68337200 -0.00000000 69.72441600
vn -0.00000000 100.00000000 -0.00000000
vn -0.00000000 100.00000000 -0.00000000
vn -70.94387000 -0.00000000 70.47671400
vn -70.19647400 -0.00000000 71.22117000
vn -0.00000000 100.00000000 -0.00000000
vn -0.00000000 100.00000000 -0.00000000
vn -69.44126600 -0.00000000 71.95770000
vn -69.44126600 -0.00000000 71.95770000
vn -92.54259100 -0.00000000 37.89286000
vn -0.00000000 100.00000000 -0.00000000
vn -0.00000000 100.00000000 -0.00000000
vn -99.96641900 -0.00000000 -2.59135200
vn -90.45508900 -0.00000000 -42.63656700
vn -0.00000000 100.00000000 -0.00000000
vn -0.00000000 100.00000000 -0.00000000
vn -65.61990200 -0.00000000 -75.45878600
vn -65.61990200 -0.00000000 -75.45878600
vn -72.07240800 -0.00000000 -69.32220400
vn -0.00000000 100.00000000 -0.00000000
vn -0.00000000 100.00000000 -0.00000000
vn -77.95343500 -0.00000000 -62.63594800
vn -0.00000000 100.00000000 -0.00000000
vn -83.21634900 -0.00000000 -55.45303700
vn -87.81942000 -0.00000000 -47.83042400
vn -87.81942000 -0.00000000 -47.83042400
vn -0.00000000 100.00000000 -0.00000000
vn -0.00000000 100.00000000 -0.00000000
vn -57.97377000 -0.00000000 -81.48031700
vn -16.39957300 -0.00000000 -98.64610500
vn -0.00000000 100.00000000 -0.00000000
vn -0.00000000 100.00000000 -0.00000000
vn 28.49238500 -0.00000000 -95.85501600
vn -0.00000000 100.00000000 -0.00000000
vn 49.53123600 -0.00000000 -86.87149500
vn 49.53123600 -0.00000000 -86.87149500
vn 51.85240800 -0.00000000 -85.50630300
vn -0.00000000 100.00000000 -0.00000000
vn -0.00000000 100.00000000 -0.00000000
vn 54.13597800 -0.00000000 -84.07910500
vn -0.00000000 100.00000000 -0.00000000
vn 56.38029100 -0.00000000 -82.59093700
vn 56.38029100 -0.00000000 -82.59093700
vn 82.28060300 0.00000000 -56.83222900
vn -0.00000000 100.00000000 -0.00000000
vn -0.00000000 100.00000000 -0.00000000
vn 97.20190900 0.00000000 -23.49018700
vn 99.15320300 0.00000000 12.98623900
vn -0.00000000 100.00000000 -0.00000000
vn 87.87411600 0.00000000 47.72986300
vn 87.87411600 0.00000000 47.72986300
vn -0.00000000 100.00000000 -0.00000000
vn -0.00000000 100.00000000 -0.00000000
vn 83.21007100 0.00000000 55.46245600
vn 77.86747900 0.00000000 62.74277400
vn -0.00000000 100.00000000 -0.00000000
vn 71.88990700 0.00000000 69.51144700
vn -0.00000000 100.00000000 -0.00000000
vn -0.00000000 100.00000000 -0.00000000
vn 65.32609900 0.00000000 75.71328000
vn 65.32609900 0.00000000 75.71328000
vn 38.03732600 0.00000000 92.48330600
vn -0.00000000 100.00000000 -0.00000000
vn -0.00000000 100.00000000 -0.00000000
vn 6.84626300 0.00000000 99.76536800
vn -25.04716600 0.00000000 96.81239300
vn -0.00000000 100.00000000 -0.00000000
vn -0.00000000 100.00000000 -0.00000000
vn -54.37097800 0.00000000 83.92733000
vn -54.37097800 0.00000000 83.92733000
vn -53.48261500 0.00000000 84.49621200
vn -0.00000000 100.00000000 -0.00000000
vn -0.00000000 100.00000000 -0.00000000
vn -52.58830000 0.00000000 85.05569200
vn -0.00000000 100.00000000 -0.00000000
vn -51.68813300 0.00000000 85.60570600
vn -51.68813300 0.00000000 85.60570600
vn -0.00000000 100.00000000 -0.00000000
vn -81.79040100 -0.00000000 57.53547000
vn -0.00000000 100.00000000 -0.00000000
vn -98.03668200 -0.00000000 19.71823900
vn -0.00000000 100.00000000 -0.00000000
vn -97.67472000 -0.00000000 -21.43942800
vn -0.00000000 100.00000000 -0.00000000
vn -80.76583400 -0.00000000 -58.96507500
vn -80.76583400 -0.00000000 -58.96507500
vn -85.69104400 -0.00000000 -51.54653200
vn -0.00000000 100.00000000 -0.00000000
vn -0.00000000 100.00000000 -0.00000000
vn -89.93678900 -0.00000000 -43.71926300
vn -0.00000000 100.00000000 -0.00000000
vn -93.46940300 -0.00000000 -35.54533400
vn -96.26087400 -0.00000000 -27.08955600
vn -96.26087400 -0.00000000 -27.08955600
vn -0.00000000 100.00000000 -0.00000000
vn -0.00000000 100.00000000 -0.00000000
vn -74.65132300 -0.00000000 -66.53705800
vn -0.00000000 100.00000000 -0.00000000
vn -37.93922500 -0.00000000 -92.52359300
vn -0.00000000 100.00000000 -0.00000000
vn 6.44827400 -0.00000000 -99.79188200
vn 28.95865900 -0.00000000 -95.71518200
vn 28.95865900 -0.00000000 -95.71518200
vn -0.00000000 100.00000000 -0.00000000
vn 31.52541700 -0.00000000 -94.90072700
vn -0.00000000 100.00000000 -0.00000000
vn 34.06931500 -0.00000000 -94.01745500
vn -0.00000000 100.00000000 -0.00000000
vn 36.58850700 -0.00000000 -93.06600400
vn 36.58850700 -0.00000000 -93.06600400
vn -0.00000000 100.00000000 -0.00000000
vn 67.57129600 0.00000000 -73.71648400
vn -0.00000000 100.00000000 -0.00000000
vn 89.53779600 0.00000000 -44.53069800
vn -0.00000000 100.00000000 -0.00000000
vn 99.55693500 0.00000000 -9.40301600
vn -0.00000000 100.00000000 -0.00000000
vn -0.00000000 100.00000000 -0.00000000
vn 96.29182200 0.00000000 26.97934500
vn 96.29182200 0.00000000 26.97934500
vn 93.46537800 0.00000000 35.55591400
vn -0.00000000 100.00000000 -0.00000000
vn -0.00000000 100.00000000 -0.00000000
vn 89.87676000 0.00000000 43.84253700
vn -0.00000000 100.00000000 -0.00000000
vn 85.55522900 0.00000000 51.77164100
vn 80.53602700 0.00000000 59.27856600
vn 80.53602700 0.00000000 59.27856600
vn -0.00000000 100.00000000 -0.00000000
vn -0.00000000 100.00000000 -0.00000000
vn 57.66312200 0.00000000 81.70045500
vn -0.00000000 100.00000000 -0.00000000
vn 28.87449600 0.00000000 95.74060500
vn -0.00000000 100.00000000 -0.00000000
vn -2.87639700 0.00000000 99.95862300
vn -34.33219700 0.00000000 93.92177700
vn -0.00000000 100.00000000 -0.00000000
vn -34.33219700 0.00000000 93.92177700
vn -33.33951800 0.00000000 94.27871700
vn -0.00000000 100.00000000 -0.00000000
vn -32.34313000 0.00000000 94.62516600
vn -0.00000000 100.00000000 -0.00000000
vn -0.00000000 100.00000000 -0.00000000
vn -31.34314200 0.00000000 94.96108400
vn -31.34314200 0.00000000 94.96108400
vn -0.00000000 100.00000000 -0.00000000
vn -66.93689800 -0.00000000 74.29301200
vn -0.00000000 100.00000000 -0.00000000
vn -91.19097700 -0.00000000 41.03907600
vn -99.99653200 -0.00000000 0.83277300
vn -0.00000000 100.00000000 -0.00000000
vn -0.00000000 100.00000000 -0.00000000
vn -91.86182900 -0.00000000 -39.51460900
vn -91.86182900 -0.00000000 -39.51460900
vn -0.00000000 100.00000000 -0.00000000
vn -95.01277300 -0.00000000 -31.18610100
vn -97.41033700 -0.00000000 -22.61031200
vn -0.00000000 100.00000000 -0.00000000
vn -99.03551100 -0.00000000 -13.85523900
vn -0.00000000 100.00000000 -0.00000000
vn -0.00000000 100.00000000 -0.00000000
vn -99.87540700 -0.00000000 -4.99030500
vn -99.87540700 -0.00000000 -4.99030500
vn -0.00000000 100.00000000 -0.00000000
vn -87.58554600 -0.00000000 -48.25735300
vn -57.57644600 -0.00000000 -81.76156100
vn -0.00000000 100.00000000 -0.00000000
vn -15.91918100 -0.00000000 -98.72476700
vn -0.00000000 100.00000000 -0.00000000
vn 6.93397300 -0.00000000 -99.75931000
vn -0.00000000 100.00000000 -0.00000000
vn 6.93397300 -0.00000000 -99.75931000
vn -0.00000000 100.00000000 -0.00000000
vn 9.61761100 -0.00000000 -99.53643300
vn -0.00000000 100.00000000 -0.00000000
vn 12.29427400 -0.00000000 -99.24137700
vn 14.96202200 -0.00000000 -98.87435400
vn -0.00000000 100.00000000 -0.00000000
vn 14.96202200 -0.00000000 -98.87435400
vn 49.47368200 -0.00000000 -86.90428500
vn -0.00000000 100.00000000 -0.00000000
vn -0.00000000 100.00000000 -0.00000000
vn 77.38388400 0.00000000 -63.33825500
vn 94.96846700 0.00000000 -31.32076500
vn -0.00000000 100.00000000 -0.00000000
vn 99.88105400 0.00000000 4.87597100
vn 99.88105400 0.00000000 4.87597100
vn -0.00000000 100.00000000 -0.00000000
vn -0.00000000 100.00000000 -0.00000000
vn 99.03394200 0.00000000 13.86645000
vn 97.37924400 0.00000000 22.74385300
vn -0.00000000 100.00000000 -0.00000000
vn -0.00000000 100.00000000 -0.00000000
vn 94.93045500 0.00000000 31.43578800
vn 91.70754200 0.00000000 39.87137700
vn 91.70754200 0.00000000 39.87137700
vn -0.00000000 100.00000000 -0.00000000
vn 74.39744900 0.00000000 66.82080200
vn -0.00000000 100.00000000 -0.00000000
vn -0.00000000 100.00000000 -0.00000000
vn 49.45484100 0.00000000 86.91500900
vn -0.00000000 100.00000000 -0.00000000
vn 19.43860700 0.00000000 98.09251000
vn -12.57185500 0.00000000 99.20659500
vn -0.00000000 100.00000000 -0.00000000
vn -12.57185500 0.00000000 99.20659500
vn -11.52463900 0.00000000 99.33369400
vn -0.00000000 100.00000000 -0.00000000
vn -10.47614000 0.00000000 99.44973900
vn -0.00000000 100.00000000 -0.00000000
vn -9.42647500 0.00000000 99.55471600
vn -0.00000000 100.00000000 -0.00000000
vn -9.42647500 0.00000000 99.55471600
vn -0.00000000 100.00000000 -0.00000000
vn -48.72690000 0.00000000 87.32519300
vn -0.00000000 100.00000000 -0.00000000
vn -79.77257500 -0.00000000 60.30204200
vn -97.30410100 -0.00000000 23.06321500
vn -0.00000000 100.00000000 -0.00000000
vn -98.35148900 -0.00000000 -18.08271500
vn -98.35148900 -0.00000000 -18.08271500
vn -0.00000000 100.00000000 -0.00000000
vn -99.57016500 -0.00000000 -9.26187000
vn -0.00000000 100.00000000 -0.00000000
vn -0.00000000 100.00000000 -0.00000000
vn -99.99932400 -0.00000000 -0.36758500
vn -99.63556400 -0.00000000 8.52961500
vn -0.00000000 100.00000000 -0.00000000
vn -0.00000000 100.00000000 -0.00000000
vn -98.48176900 -0.00000000 17.35918100
vn -98.48176900 -0.00000000 17.35918100
vn -0.00000000 100.00000000 -0.00000000
vn -96.12786500 -0.00000000 -27.55782300
vn -74.32654300 -0.00000000 -66.89966400
vn -0.00000000 100.00000000 -0.00000000
vn -0.00000000 100.00000000 -0.00000000
vn -37.48838100 -0.00000000 -92.70718000
vn -15.43841100 -0.00000000 -98.80109000
vn -15.43841100 -0.00000000 -98.80109000
vn -0.00000000 100.00000000 -0.00000000
vn -12.77246300 -0.00000000 -99.18096700
vn -0.00000000 100.00000000 -0.00000000
vn -10.09725300 -0.00000000 -99.48892100
vn -0.00000000 100.00000000 -0.00000000
vn -7.41472000 -0.00000000 -99.72473100
vn -0.00000000 100.00000000 -0.00000000
vn -7.41472000 -0.00000000 -99.72473100
vn 28.89525100 -0.00000000 -95.73434300
vn -0.00000000 100.00000000 -0.00000000
vn -0.00000000 100.00000000 -0.00000000
vn 61.34962100 -0.00000000 -78.96976600
vn -0.00000000 100.00000000 -0.00000000
vn 85.61788300 0.00000000 -51.66796000
vn -0.00000000 100.00000000 -0.00000000
vn 98.46183300 0.00000000 -17.47190500
vn 98.46183300 0.00000000 -17.47190500
vn -0.00000000 100.00000000 -0.00000000
vn 99.63652900 0.00000000 -8.51833600
vn 99.99872600 0.00000000 0.50469700
vn -0.00000000 100.00000000 -0.00000000
vn 99.54547100 0.00000000 9.52361400
vn -0.00000000 100.00000000 -0.00000000
vn 98.28045900 0.00000000 18.46487000
vn 98.28045900 0.00000000 18.46487000
vn -0.00000000 100.00000000 -0.00000000
vn -0.00000000 100.00000000 -0.00000000
vn 87.40117700 0.00000000 48.59047500
vn 67.55531400 0.00000000 73.73113100
vn -0.00000000 100.00000000 -0.00000000
vn 40.77887700 0.00000000 91.30762900
vn -0.00000000 100.00000000 -0.00000000
vn 9.81889200 0.00000000 99.51677900
vn -0.00000000 100.00000000 -0.00000000
vn 9.81889200 0.00000000 99.51677900
vn 10.86813400 0.00000000 99.40766400
vn -0.00000000 100.00000000 -0.00000000
vn 11.91616800 0.00000000 99.28748600
vn -0.00000000 100.00000000 -0.00000000
vn 12.96287500 0.00000000 99.15626000
vn 12.96287500 0.00000000 99.15626000
vn -0.00000000 100.00000000 -0.00000000
vn -28.07353100 0.00000000 95.97852300
vn -0.00000000 100.00000000 -0.00000000
vn -0.00000000 100.00000000 -0.00000000
vn -64.35404300 0.00000000 76.54121200
vn -89.73243600 -0.00000000 44.13717200
vn -0.00000000 100.00000000 -0.00000000
vn -99.90939500 -0.00000000 4.25592200
vn -99.90939500 -0.00000000 4.25592200
vn -0.00000000 100.00000000 -0.00000000
vn -0.00000000 100.00000000 -0.00000000
vn -99.13469300 -0.00000000 13.12679100
vn -0.00000000 100.00000000 -0.00000000
vn -97.57392800 -0.00000000 21.89357400
vn -95.23947500 -0.00000000 30.48675800
vn -0.00000000 100.00000000 -0.00000000
vn -0.00000000 100.00000000 -0.00000000
vn -92.14984400 -0.00000000 38.83820500
vn -92.14984400 -0.00000000 38.83820500
vn -0.00000000 100.00000000 -0.00000000
vn -99.84993100 -0.00000000 -5.47642800
vn -0.00000000 100.00000000 -0.00000000
vn -87.34959700 -0.00000000 -48.68313800
vn -0.00000000 100.00000000 -0.00000000
vn -57.17775800 -0.00000000 -82.04086800
vn -37.03664900 -0.00000000 -92.88857100
vn -37.03664900 -0.00000000 -92.88857100
vn -0.00000000 100.00000000 -0.00000000
vn -34.52207200 -0.00000000 -93.85215300
vn -0.00000000 100.00000000 -0.00000000
vn -31.98246100 -0.00000000 -94.74767600
vn -0.00000000 100.00000000 -0.00000000
vn -29.41965800 -0.00000000 -95.57449300
vn -0.00000000 100.00000000 -0.00000000
vn -29.41965800 -0.00000000 -95.57449300
vn 6.86789100 -0.00000000 -99.76388200
vn -0.00000000 100.00000000 -0.00000000
vn 42.23903200 -0.00000000 -90.64140400
vn -0.00000000 100.00000000 -0.00000000
vn -0.00000000 100.00000000 -0.00000000
vn 71.97406100 0.00000000 -69.42430800
vn -0.00000000 100.00000000 -0.00000000
vn 92.10532400 0.00000000 -38.94366700
vn 92.10532400 0.00000000 -38.94366700
vn -0.00000000 100.00000000 -0.00000000
vn 95.24292500 0.00000000 -30.47597700
vn -0.00000000 100.00000000 -0.00000000
vn 97.60385500 0.00000000 -21.75976700
vn -0.00000000 100.00000000 -0.00000000
vn 99.16886200 0.00000000 -12.86611400
vn 99.92518300 0.00000000 -3.86754200
vn 99.92518300 0.00000000 -3.86754200
vn -0.00000000 100.00000000 -0.00000000
vn -0.00000000 100.00000000 -0.00000000
vn 96.02224500 0.00000000 27.92361900
vn -0.00000000 100.00000000 -0.00000000
vn 82.26828100 0.00000000 56.85006600
vn 60.07432500 0.00000000 79.94420300
vn -0.00000000 100.00000000 -0.00000000
vn 31.71727800 0.00000000 94.83677700
vn -0.00000000 100.00000000 -0.00000000
vn 31.71727800 0.00000000 94.83677700
vn 32.71593400 0.00000000 94.49691900
vn -0.00000000 100.00000000 -0.00000000
vn -0.00000000 100.00000000 -0.00000000
vn 33.71094900 0.00000000 94.14654500
vn 34.70221200 0.00000000 93.78569400
vn -0.00000000 100.00000000 -0.00000000
vn 34.70221200 0.00000000 93.78569400
vn -6.01243900 0.00000000 99.81908900
vn -0.00000000 100.00000000 -0.00000000
vn -45.70853100 0.00000000 88.94228600
vn -0.00000000 100.00000000 -0.00000000
vn -0.00000000 100.00000000 -0.00000000
vn -77.66121200 -0.00000000 62.99790600
vn -0.00000000 100.00000000 -0.00000000
vn -96.45742600 -0.00000000 26.38114900
vn -96.45742600 -0.00000000 26.38114900
vn -93.72819400 -0.00000000 34.85721900
vn -0.00000000 100.00000000 -0.00000000
vn -0.00000000 100.00000000 -0.00000000
vn -90.25576700 -0.00000000 43.05689800
vn -0.00000000 100.00000000 -0.00000000
vn -86.06768000 -0.00000000 50.91516900
vn -0.00000000 100.00000000 -0.00000000
vn -81.19714200 -0.00000000 58.36972000
vn -81.19714200 -0.00000000 58.36972000
vn -98.56510500 -0.00000000 16.87957700
vn -0.00000000 100.00000000 -0.00000000
vn -0.00000000 100.00000000 -0.00000000
vn -95.99257800 -0.00000000 -28.02543600
vn -74.00000200 -0.00000000 -67.26068400
vn -0.00000000 100.00000000 -0.00000000
vn -0.00000000 100.00000000 -0.00000000
vn -56.77771500 -0.00000000 -82.31823100
vn -56.77771500 -0.00000000 -82.31823100
vn -0.00000000 100.00000000 -0.00000000
vn -54.54060000 -0.00000000 -83.81719900
vn -0.00000000 100.00000000 -0.00000000
vn -52.26393600 -0.00000000 -85.25538700
vn -49.94937100 -0.00000000 -86.63175100
vn -49.94937100 -0.00000000 -86.63175100
vn -0.00000000 100.00000000 -0.00000000
vn -0.00000000 100.00000000 -0.00000000
vn -15.50385400 -0.00000000 -98.79084200
vn -0.00000000 100.00000000 -0.00000000
vn 21.01040100 -0.00000000 -97.76790400
vn 54.72116000 -0.00000000 -83.69943100
vn -0.00000000 100.00000000 -0.00000000
vn 81.13027000 0.00000000 -58.46263100
vn 81.13027000 0.00000000 -58.46263100
vn -0.00000000 100.00000000 -0.00000000
vn 86.07344300 0.00000000 -50.90542600
vn -0.00000000 100.00000000 -0.00000000
vn 90.31471900 0.00000000 -42.93310500
vn -0.00000000 100.00000000 -0.00000000
vn 93.81951200 0.00000000 -34.61068100
vn -0.00000000 100.00000000 -0.00000000
vn 96.55924100 0.00000000 -26.00602000
vn -0.00000000 100.00000000 -0.00000000
vn 96.55924100 0.00000000 -26.00602000
vn 99.82835600 0.00000000 5.85655600
vn -0.00000000 100.00000000 -0.00000000
vn 92.85597300 0.00000000 37.11830100
vn -0.00000000 100.00000000 -0.00000000
vn -0.00000000 100.00000000 -0.00000000
vn 76.35739400 0.00000000 64.57204000
vn 52.02522800 0.00000000 85.40126300
vn 52.02522800 0.00000000 85.40126300
vn -0.00000000 100.00000000 -0.00000000
vn 52.92322000 0.00000000 84.84770400
vn -0.00000000 100.00000000 -0.00000000
vn -0.00000000 100.00000000 -0.00000000
vn 53.81532200 0.00000000 84.28470300
vn -0.00000000 100.00000000 -0.00000000
vn 54.70143500 0.00000000 83.71232300
vn 54.70143500 0.00000000 83.71232300
vn -0.00000000 100.00000000 -0.00000000
vn 16.35014300 0.00000000 98.65431000
vn -0.00000000 100.00000000 -0.00000000
vn -24.77100200 0.00000000 96.88342200
vn -61.69573000 0.00000000 78.69966300
vn -0.00000000 100.00000000 -0.00000000
vn -88.16867900 -0.00000000 47.18351500
vn -88.16867900 -0.00000000 47.18351500
vn -0.00000000 100.00000000 -0.00000000
vn -0.00000000 100.00000000 -0.00000000
vn -83.62177100 -0.00000000 54.83976100
vn -0.00000000 100.00000000 -0.00000000
vn -78.41180500 -0.00000000 62.06117000
vn -72.58009300 -0.00000000 68.79048000
vn -0.00000000 100.00000000 -0.00000000
vn -66.17287500 -0.00000000 74.97433300
vn -0.00000000 100.00000000 -0.00000000
vn -66.17287500 -0.00000000 74.97433300
vn -92.33781200 -0.00000000 38.38917000
vn -0.00000000 100.00000000 -0.00000000
vn -99.82208900 -0.00000000 -5.96242100
vn -0.00000000 100.00000000 -0.00000000
vn -0.00000000 100.00000000 -0.00000000
vn -87.11157800 -0.00000000 -49.10776900
vn -73.67170800 -0.00000000 -67.62011100
vn -73.67170800 -0.00000000 -67.62011100
vn -0.00000000 100.00000000 -0.00000000
vn -0.00000000 100.00000000 -0.00000000
vn -71.82423500 -0.00000000 -69.57930200
vn -0.00000000 100.00000000 -0.00000000
vn -69.92467800 -0.00000000 -71.48803700
vn -67.97441400 -0.00000000 -73.34493200
vn -0.00000000 100.00000000 -0.00000000
vn -67.97441400 -0.00000000 -73.34493200
vn -37.09817000 -0.00000000 -92.86401800
vn -0.00000000 100.00000000 -0.00000000
vn -0.00000000 100.00000000 -0.00000000
vn -1.27177900 -0.00000000 -99.99191300
vn 34.72431000 -0.00000000 -93.77751500
vn -0.00000000 100.00000000 -0.00000000
vn -0.00000000 100.00000000 -0.00000000
vn 66.08700600 0.00000000 -75.05003400
vn 66.08700600 0.00000000 -75.05003400
vn -0.00000000 100.00000000 -0.00000000
vn 72.58788000 0.00000000 -68.78226300
vn 78.49682600 0.00000000 -61.95359800
vn -0.00000000 100.00000000 -0.00000000
vn 83.76565900 0.00000000 -54.61972400
vn -0.00000000 100.00000000 -0.00000000
vn 88.35141500 0.00000000 -46.84044700
vn 88.35141500 0.00000000 -46.84044700
vn -0.00000000 100.00000000 -0.00000000
vn 98.62865700 0.00000000 -16.50417900
vn -0.00000000 100.00000000 -0.00000000
vn -0.00000000 100.00000000 -0.00000000
vn 98.78747900 0.00000000 15.52527000
vn 88.81158600 0.00000000 45.96196500
vn -0.00000000 100.00000000 -0.00000000
vn -0.00000000 100.00000000 -0.00000000
vn 69.72441600 0.00000000 71.68337200
vn 69.72441600 0.00000000 71.68337200
vn -0.00000000 100.00000000 -0.00000000
vn 70.47671400 0.00000000 70.94387000
vn -0.00000000 100.00000000 -0.00000000
vn 71.22117000 0.00000000 70.19647400
vn 71.95770000 0.00000000 69.44126600
vn 71.95770000 0.00000000 69.44126600
vn -0.00000000 100.00000000 -0.00000000
vn 37.89286000 0.00000000 92.54259100
vn -0.00000000 100.00000000 -0.00000000
vn -0.00000000 100.00000000 -0.00000000
vn -2.59135200 0.00000000 99.96641900
vn -42.63656700 0.00000000 90.45508900
vn -0.00000000 100.00000000 -0.00000000
vn -75.45878600 -0.00000000 65.61990200
vn -0.00000000 100.00000000 -0.00000000
vn -75.45878600 -0.00000000 65.61990200
vn -69.32220400 -0.00000000 72.07240800
vn -0.00000000 100.00000000 -0.00000000
vn -62.63594800 0.00000000 77.95343500
vn -0.00000000 100.00000000 -0.00000000
vn -55.45303700 0.00000000 83.21634900
vn -0.00000000 100.00000000 -0.00000000
vn -0.00000000 100.00000000 -0.00000000
vn -47.83042400 0.00000000 87.81942000
vn -47.83042400 0.00000000 87.81942000
vn -0.00000000 100.00000000 -0.00000000
vn -81.48031700 -0.00000000 57.97377000
vn -0.00000000 100.00000000 -0.00000000
vn -98.64610500 -0.00000000 16.39957300
vn -95.85501600 -0.00000000 -28.49238500
vn -0.00000000 100.00000000 -0.00000000
vn -86.87149500 -0.00000000 -49.53123600
vn -86.87149500 -0.00000000 -49.53123600
vn -0.00000000 100.00000000 -0.00000000
vn -0.00000000 100.00000000 -0.00000000
vn -85.50630300 -0.00000000 -51.85240800
vn -84.07910500 -0.00000000 -54.13597800
vn -0.00000000 100.00000000 -0.00000000
vn -82.59093700 -0.00000000 -56.38029100
vn -82.59093700 -0.00000000 -56.38029100
vn -0.00000000 100.00000000 -0.00000000
vn -56.83222900 -0.00000000 -82.28060300
vn -0.00000000 100.00000000 -0.00000000
vn -23.49018700 -0.00000000 -97.20190900
vn -0.00000000 100.00000000 -0.00000000
vn -0.00000000 100.00000000 -0.00000000
vn 12.98623900 -0.00000000 -99.15320300
vn -0.00000000 100.00000000 -0.00000000
vn 47.72986300 -0.00000000 -87.87411600
vn 47.72986300 -0.00000000 -87.87411600
vn -0.00000000 100.00000000 -0.00000000
vn 55.46245600 -0.00000000 -83.21007100
vn 62.74277400 -0.00000000 -77.86747900
vn -0.00000000 100.00000000 -0.00000000
vn 69.51144700 0.00000000 -71.88990700
vn -0.00000000 100.00000000 -0.00000000
vn 75.71328000 0.00000000 -65.32609900
vn -0.00000000 100.00000000 -0.00000000
vn 75.71328000 0.00000000 -65.32609900
vn 92.48330600 0.00000000 -38.03732600
vn -0.00000000 100.00000000 -0.00000000
vn 99.76536800 0.00000000 -6.84626300
vn -0.00000000 100.00000000 -0.00000000
vn -0.00000000 100.00000000 -0.00000000
vn 96.81239300 0.00000000 25.04716600
vn 83.92733000 0.00000000 54.37097800
vn -0.00000000 100.00000000 -0.00000000
vn 83.92733000 0.00000000 54.37097800
vn 84.49621200 0.00000000 53.48261500
vn -0.00000000 100.00000000 -0.00000000
vn 85.05569200 0.00000000 52.58830000
vn -0.00000000 100.00000000 -0.00000000
vn -0.00000000 100.00000000 -0.00000000
vn 85.60570600 0.00000000 51.68813300
vn 85.60570600 0.00000000 51.68813300
vn -0.00000000 100.00000000 -0.00000000
vn 57.53547000 0.00000000 81.79040100
vn -0.00000000 100.00000000 -0.00000000
vn 19.71823900 0.00000000 98.03668200
vn -0.00000000 100.00000000 -0.00000000
vn -21.43942800 0.00000000 97.67472000
vn -0.00000000 100.00000000 -0.00000000
vn -58.96507500 0.00000000 80.76583400
vn -58.96507500 0.00000000 80.76583400
vn -0.00000000 100.00000000 -0.00000000
vn -51.54653200 0.00000000 85.69104400
vn -0.00000000 100.00000000 -0.00000000
vn -43.71926300 0.00000000 89.93678900
vn -35.54533400 0.00000000 93.46940300
vn -0.00000000 100.00000000 -0.00000000
vn -27.08955600 0.00000000 96.26087400
vn -0.00000000 100.00000000 -0.00000000
vn -27.08955600 0.00000000 96.26087400
vn -0.00000000 100.00000000 -0.00000000
vn -66.53705800 -0.00000000 74.65132300
vn -0.00000000 100.00000000 -0.00000000
vn -92.52359300 -0.00000000 37.93922500
vn -99.79188200 -0.00000000 -6.44827400
vn -0.00000000 100.00000000 -0.00000000
vn -95.71518200 -0.00000000 -28.95865900
vn -0.00000000 100.00000000 -0.00000000
vn -95.71518200 -0.00000000 -28.95865900
vn -94.90072700 -0.00000000 -31.52541700
vn -0.00000000 100.00000000 -0.00000000
vn -0.00000000 100.00000000 -0.00000000
vn -94.01745500 -0.00000000 -34.06931500
vn -93.06600400 -0.00000000 -36.58850700
vn -0.00000000 100.00000000 -0.00000000
vn -93.06600400 -0.00000000 -36.58850700
vn -0.00000000 100.00000000 -0.00000000
vn -73.71648400 -0.00000000 -67.57129600
vn -0.00000000 100.00000000 -0.00000000
vn -44.53069800 -0.00000000 -89.53779600
vn -0.00000000 100.00000000 -0.00000000
vn -9.40301600 -0.00000000 -99.55693500
vn 26.97934500 -0.00000000 -96.29182200
vn -0.00000000 100.00000000 -0.00000000
vn 26.97934500 -0.00000000 -96.29182200
vn 35.55591400 -0.00000000 -93.46537800
vn -0.00000000 100.00000000 -0.00000000
vn -0.00000000 100.00000000 -0.00000000
vn 43.84253700 -0.00000000 -89.87676000
vn 51.77164100 -0.00000000 -85.55522900
vn -0.00000000 100.00000000 -0.00000000
vn 59.27856600 -0.00000000 -80.53602700
vn 59.27856600 -0.00000000 -80.53602700
vn -0.00000000 100.00000000 -0.00000000
vn -0.00000000 100.00000000 -0.00000000
vn 81.70045500 0.00000000 -57.66312200
vn 95.74060500 0.00000000 -28.87449600
vn -0.00000000 100.00000000 -0.00000000
vn -0.00000000 100.00000000 -0.00000000
vn 99.95862300 0.00000000 2.87639700
vn 93.92177700 0.00000000 34.33219700
vn -0.00000000 100.00000000 -0.00000000
vn 93.92177700 0.00000000 34.33219700
vn 94.27871700 0.00000000 33.33951800
vn -0.00000000 100.00000000 -0.00000000
vn 94.62516600 0.00000000 32.34313000
vn -0.00000000 100.00000000 -0.00000000
vn 94.96108400 0.00000000 31.34314200
vn 94.96108400 0.00000000 31.34314200
vn -0.00000000 100.00000000 -0.00000000
vn -0.00000000 100.00000000 -0.00000000
vn 74.29301200 0.00000000 66.93689800
vn -0.00000000 100.00000000 -0.00000000
vn 41.03907600 0.00000000 91.19097700
vn 0.83277300 0.00000000 99.99653200
vn -0.00000000 100.00000000 -0.00000000
vn -0.00000000 100.00000000 -0.00000000
vn -39.51460900 0.00000000 91.86182900
vn -39.51460900 0.00000000 91.86182900
vn -0.00000000 100.00000000 -0.00000000
vn -31.18610100 0.00000000 95.01277300
vn -0.00000000 100.00000000 -0.00000000
vn -22.61031200 0.00000000 97.41033700
vn -13.85523900 0.00000000 99.03551100
vn -0.00000000 100.00000000 -0.00000000
vn -4.99030500 0.00000000 99.87540700
vn -4.99030500 0.00000000 99.87540700
vn -0.00000000 100.00000000 -0.00000000
vn -48.25735300 0.00000000 87.58554600
vn -0.00000000 100.00000000 -0.00000000
vn -81.76156100 -0.00000000 57.57644600
vn -0.00000000 100.00000000 -0.00000000
vn -98.72476700 -0.00000000 15.91918100
vn -0.00000000 100.00000000 -0.00000000
vn -0.00000000 100.00000000 -0.00000000
vn -99.75931000 -0.00000000 -6.93397300
vn -99.75931000 -0.00000000 -6.93397300
vn -0.00000000 100.00000000 -0.00000000
vn -99.53643300 -0.00000000 -9.61761100
vn -99.24137700 -0.00000000 -12.29427400
vn -0.00000000 100.00000000 -0.00000000
vn -0.00000000 100.00000000 -0.00000000
vn -98.87435400 -0.00000000 -14.96202200
vn -98.87435400 -0.00000000 -14.96202200
vn -0.00000000 100.00000000 -0.00000000
vn -86.90428500 -0.00000000 -49.47368200
vn -0.00000000 100.00000000 -0.00000000
vn -63.33825500 -0.00000000 -77.38388400
vn -0.00000000 100.00000000 -0.00000000
vn -31.32076500 -0.00000000 -94.96846700
vn 4.87597100 -0.00000000 -99.88105400
vn -0.00000000 100.00000000 -0.00000000
vn 4.87597100 -0.00000000 -99.88105400
vn 13.86645000 -0.00000000 -99.03394200
vn -0.00000000 100.00000000 -0.00000000
vn -0.00000000 100.00000000 -0.00000000
vn 22.74385300 -0.00000000 -97.37924400
vn 31.43578800 -0.00000000 -94.93045500
vn -0.00000000 100.00000000 -0.00000000
vn -0.00000000 100.00000000 -0.00000000
vn 39.87137700 -0.00000000 -91.70754200
vn 39.87137700 -0.00000000 -91.70754200
vn 66.82080200 0.00000000 -74.39744900
vn -0.00000000 100.00000000 -0.00000000
vn -0.00000000 100.00000000 -0.00000000
vn 86.91500900 0.00000000 -49.45484100
vn -0.00000000 100.00000000 -0.00000000
vn 98.09251000 0.00000000 -19.43860700
vn 99.20659500 0.00000000 12.57185500
vn -0.00000000 100.00000000 -0.00000000
vn 99.20659500 0.00000000 12.57185500
vn 99.33369400 0.00000000 11.52463900
vn -0.00000000 100.00000000 -0.00000000
vn -0.00000000 100.00000000 -0.00000000
vn 99.44973900 0.00000000 10.47614000
vn -0.00000000 100.00000000 -0.00000000
vn 99.55471600 0.00000000 9.42647500
vn 99.55471600 0.00000000 9.42647500
vn -0.00000000 100.00000000 -0.00000000
vn 87.32519300 0.00000000 48.72690000
vn -0.00000000 100.00000000 -0.00000000
vn 60.30204200 0.00000000 79.77257500
vn -0.00000000 100.00000000 -0.00000000
vn 23.06321500 0.00000000 97.30410100
vn -0.00000000 100.00000000 -0.00000000
vn -18.08271500 0.00000000 98.35148900
vn -18.08271500 0.00000000 98.35148900
vn -0.00000000 100.00000000 -0.00000000
vn -9.26187000 0.00000000 99.57016500
vn -0.00000000 100.00000000 -0.00000000
vn -0.36758500 0.00000000 99.99932400
vn 8.52961500 0.00000000 99.63556400
vn -0.00000000 100.00000000 -0.00000000
vn 17.35918100 0.00000000 98.48176900
vn 17.35918100 0.00000000 98.48176900
vn -0.00000000 100.00000000 -0.00000000
vn -27.55782300 0.00000000 96.12786500
vn -0.00000000 100.00000000 -0.00000000
vn -0.00000000 100.00000000 -0.00000000
vn -66.89966400 -0.00000000 74.32654300
vn -92.70718000 -0.00000000 37.48838100
vn -0.00000000 100.00000000 -0.00000000
vn 38.83820500 0.00000000 92.14984400
vn -0.00000000 100.00000000 -0.00000000
vn 38.83820500 0.00000000 92.14984400
vn -0.00000000 100.00000000 -0.00000000
vn -5.47642800 0.00000000 99.84993100
vn -0.00000000 100.00000000 -0.00000000
vn -48.68313800 0.00000000 87.34959700
vn -82.04086800 -0.00000000 57.17775800
vn -0.00000000 100.00000000 -0.00000000
vn -0.00000000 100.00000000 -0.00000000
vn -98.80109000 -0.00000000 15.43841100
vn -98.80109000 -0.00000000 15.43841100
vn -99.18096700 -0.00000000 12.77246300
vn -0.00000000 100.00000000 -0.00000000
vn -0.00000000 100.00000000 -0.00000000
vn -99.48892100 -0.00000000 10.09725300
vn -99.72473100 -0.00000000 7.41472000
vn -0.00000000 100.00000000 -0.00000000
vn -99.72473100 -0.00000000 7.41472000
vn -95.73434300 -0.00000000 -28.89525100
vn -0.00000000 100.00000000 -0.00000000
vn -78.96976600 -0.00000000 -61.34962100
vn -0.00000000 100.00000000 -0.00000000
vn -0.00000000 100.00000000 -0.00000000
vn -51.66796000 -0.00000000 -85.61788300
vn -0.00000000 100.00000000 -0.00000000
vn -17.47190500 -0.00000000 -98.46183300
vn -17.47190500 -0.00000000 -98.46183300
vn -0.00000000 100.00000000 -0.00000000
vn -8.51833600 -0.00000000 -99.63652900
vn 0.50469700 -0.00000000 -99.99872600
vn -0.00000000 100.00000000 -0.00000000
vn -0.00000000 100.00000000 -0.00000000
vn 9.52361400 -0.00000000 -99.54547100
vn 18.46487000 -0.00000000 -98.28045900
vn 18.46487000 -0.00000000 -98.28045900
vn -0.00000000 100.00000000 -0.00000000
vn -0.00000000 100.00000000 -0.00000000
vn 48.59047500 -0.00000000 -87.40117700
vn 73.73113100 0.00000000 -67.55531400
vn -0.00000000 100.00000000 -0.00000000
vn 91.30762900 0.00000000 -40.77887700
vn -0.00000000 100.00000000 -0.00000000
vn 99.51677900 0.00000000 -9.81889200
vn 99.51677900 0.00000000 -9.81889200
vn -0.00000000 100.00000000 -0.00000000
vn 99.40766400 0.00000000 -10.86813400
vn -0.00000000 100.00000000 -0.00000000
vn 99.28748600 0.00000000 -11.91616800
vn -0.00000000 100.00000000 -0.00000000
vn -0.00000000 100.00000000 -0.00000000
vn 99.15626000 0.00000000 -12.96287500
vn 99.15626000 0.00000000 -12.96287500
vn -0.00000000 100.00000000 -0.00000000
vn 95.97852300 0.00000000 28.07353100
vn 76.54121200 0.00000000 64.35404300
vn -0.00000000 100.00000000 -0.00000000
vn 44.13717200 0.00000000 89.73243600
vn -0.00000000 100.00000000 -0.00000000
vn -0.00000000 100.00000000 -0.00000000
vn 4.25592200 0.00000000 99.90939500
vn 4.25592200 0.00000000 99.90939500
vn -0.00000000 100.00000000 -0.00000000
vn 13.12679100 0.00000000 99.13469300
vn -0.00000000 100.00000000 -0.00000000
vn 21.89357400 0.00000000 97.57392800
vn 30.48675800 0.00000000 95.23947500
vn -0.00000000 100.00000000 -0.00000000
vn 92.00112700 39.18918900 -0.00000000
vn 92.00112700 39.18918900 -0.00000000
vn 92.00112700 39.18918900 0.00000000
vn 92.00112700 39.18918900 0.00000000
vn 91.60866700 39.18918900 -8.48879300
vn 91.60866700 39.18918900 -8.48879300
vn 90.43463300 39.18918900 -16.90516300
vn 90.43463300 39.18918900 -16.90516300
vn 88.48904400 39.18918900 -25.17730400
vn 88.48904400 39.18918900 -25.17730400
vn 85.78849600 39.18918900 -33.23464100
vn 85.78849600 39.18918900 -33.23464100
vn 82.35603200 39.18918900 -41.00843100
vn 82.35603200 39.18918900 -41.00843100
vn 78.22093500 39.18918900 -48.43235300
vn 78.22093500 39.18918900 -48.43235300
vn 73.41848500 39.18918900 -55.44306600
vn 73.41848500 39.18918900 -55.44306600
vn 67.98965400 39.18918900 -61.98075900
vn 67.98965400 39.18918900 -61.98075900
vn 61.98075900 39.18918900 -67.98965400
vn 61.98075900 39.18918900 -67.98965400
vn 55.44306600 39.18918900 -73.41848500
vn 55.44306600 39.18918900 -73.41848500
vn 48.43235300 39.18918900 -78.22093500
vn 48.43235300 39.18918900 -78.22093500
vn 41.00843100 39.18918900 -82.35603200
vn 41.00843100 39.18918900 -82.35603200
vn 33.23464100 39.18918900 -85.78849600
vn 33.23464100 39.18918900 -85.78849600
vn 25.17730400 39.18918900 -88.48904400
vn 25.17730400 39.18918900 -88.48904400
vn 16.90516300 39.18918900 -90.43463300
vn 16.90516300 39.18918900 -90.43463300
vn 8.48879300 39.18918900 -91.60866700
vn 8.48879300 39.18918900 -91.60866700
vn -0.00000000 39.18918900 -92.00112700
vn -0.00000000 39.18918900 -92.00112700
vn -8.48879300 39.18918900 -91.60866700
vn -8.48879300 39.18918900 -91.60866700
vn -16.90516300 39.18918900 -90.43463300
vn -16.90516300 39.18918900 -90.43463300
vn -25.17730400 39.18918900 -88.48904400
vn -25.17730400 39.18918900 -88.48904400
vn -33.23464100 39.18918900 -85.78849600
vn -33.23464100 39.18918900 -85.78849600
vn -41.00843100 39.18918900 -82.35603200
vn -41.00843100 39.18918900 -82.35603200
vn -48.43235300 39.18918900 -78.22093500
vn -48.43235300 39.18918900 -78.22093500
vn -55.44306600 39.18918900 -73.41848500
vn -55.44306600 39.18918900 -73.41848500
vn -61.98075900 39.18918900 -67.98965400
vn -61.98075900 39.18918900 -67.98965400
vn -67.98965400 39.18918900 -61.98075900
vn -67.98965400 39.18918900 -61.98075900
vn -73.41848500 39.18918900 -55.44306600
vn -73.41848500 39.18918900 -55.44306600
vn -78.22093500 39.18918900 -48.43235300
vn -78.22093500 39.18918900 -48.43235300
vn -82.35603200 39.18918900 -41.00843100
vn -82.35603200 39.18918900 -41.00843100
vn -85.78849600 39.18918900 -33.23464100
vn -85.78849600 39.18918900 -33.23464100
vn -88.48904400 39.18918900 -25.17730400
vn -88.48904400 39.18918900 -25.17730400
vn -90.43463300 39.18918900 -16.90516300
vn -90.43463300 39.18918900 -16.90516300
vn -91.60866700 39.18918900 -8.48879300
vn -91.60866700 39.18918900 -8.48879300
vn -92.00112700 39.18918900 -0.00000000
vn -92.00112700 39.18918900 -0.00000000
vn -91.60866700 39.18918900 8.48879300
vn -91.60866700 39.18918900 8.48879300
vn -90.43463300 39.18918900 16.90516300
vn -90.43463300 39.18918900 16.90516300
vn -88.48904400 39.18918900 25.17730400
vn -88.48904400 39.18918900 25.17730400
vn -85.78849600 39.18918900 33.23464100
vn -85.78849600 39.18918900 33.23464100
vn -82.35603200 39.18918900 41.00843100
vn -82.35603200 39.18918900 41.00843100
vn -78.22093500 39.18918900 48.43235300
vn -78.22093500 39.18918900 48.43235300
vn -73.41848500 39.18918900 55.44306600
vn -73.41848500 39.18918900 55.44306600
vn -67.98965400 39.18918900 61.98075900
vn -67.98965400 39.18918900 61.98075900
vn -61.98075900 39.18918900 67.98965400
vn -61.98075900 39.18918900 67.98965400
vn -55.44306600 39.18918900 73.41848500
vn -55.44306600 39.18918900 73.41848500
vn -48.43235300 39.18918900 78.22093500
vn -48.43235300 39.18918900 78.22093500
vn -41.00843100 39.18918900 82.35603200
vn -41.00843100 39.18918900 82.35603200
vn -33.23464100 39.18918900 85.78849600
vn -33.23464100 39.18918900 85.78849600
vn -25.17730400 39.18918900 88.48904400
vn -25.17730400 39.18918900 88.48904400
vn -16.90516300 39.18918900 90.43463300
vn -16.90516300 39.18918900 90.43463300
vn -8.48879300 39.18918900 91.60866700
vn -8.48879300 39.18918900 91.60866700
vn -0.00000000 39.18918900 92.00112700
vn -0.00000000 39.18918900 92.00112700
vn 8.48879300 39.18918900 91.60866700
vn 8.48879300 39.18918900 91.60866700
vn 16.90516300 39.18918900 90.43463300
vn 16.90516300 39.18918900 90.43463300
vn 25.17730400 39.18918900 88.48904400
vn 25.17730400 39.18918900 88.48904400
vn 33.23464100 39.18918900 85.78849600
vn 33.23464100 39.18918900 85.78849600
vn 41.00843100 39.18918900 82.35603200
vn 41.00843100 39.18918900 82.35603200
vn 48.43235300 39.18918900 78.22093500
vn 48.43235300 39.18918900 78.22093500
vn 55.44306600 39.18918900 73.41848500
vn 55.44306600 39.18918900 73.41848500
vn 61.98075900 39.18918900 67.98965400
vn 61.98075900 39.18918900 67.98965400
vn 67.98965400 39.18918900 61.98075900
vn 67.98965400 39.18918900 61.98075900
vn 73.41848500 39.18918900 55.44306600
vn 73.41848500 39.18918900 55.44306600
vn 78.22093500 39.18918900 48.43235300
vn 78.22093500 39.18918900 48.43235300
vn 82.35603200 39.18918900 41.00843100
vn 82.35603200 39.18918900 41.00843100
vn 85.78849600 39.18918900 33.23464100
vn 85.78849600 39.18918900 33.23464100
vn 88.48904400 39.18918900 25.17730400
vn 88.48904400 39.18918900 25.17730400
vn 90.43463300 39.18918900 16.90516300
vn 90.43463300 39.18918900 16.90516300
vn 91.60866700 39.18918900 8.48879300
vn 91.60866700 39.18918900 8.48879300
vn 37.96054200 92.51484900 -0.00000000
vn 37.96054200 92.51484900 -0.00000000
vn 70.23827600 71.17994600 -0.00000000
vn 70.23827600 71.17994600 -0.00000000
vn 37.79860900 92.51484900 3.50255700
vn 69.93865100 71.17994600 6.48077000
vn 37.31419100 92.51484900 6.97523100
vn 69.04233500 71.17994600 12.90624900
vn 36.51142200 92.51484900 10.38839500
vn 67.55697500 71.17994600 19.22161700
vn 35.39715100 92.51484900 13.71292900
vn 65.49524100 71.17994600 25.37299200
vn 33.98088300 92.51484900 16.92046900
vn 62.87472600 71.17994600 31.30789300
vn 32.27470300 92.51484900 19.98365000
vn 59.71778500 71.17994600 36.97568700
vn 30.29316600 92.51484900 22.87633700
vn 56.05135400 71.17994600 42.32801800
vn 28.05317900 92.51484900 25.57385200
vn 51.90671200 71.17994600 47.31922000
vn 25.57385200 92.51484900 28.05317900
vn 47.31922000 71.17994600 51.90671200
vn 22.87633700 92.51484900 30.29316600
vn 42.32801800 71.17994600 56.05135400
vn 19.98365000 92.51484900 32.27470300
vn 36.97568700 71.17994600 59.71778500
vn 16.92046900 92.51484900 33.98088300
vn 31.30789300 71.17994600 62.87472600
vn 13.71292900 92.51484900 35.39715100
vn 25.37299200 71.17994600 65.49524100
vn 10.38839500 92.51484900 36.51142200
vn 19.22161700 71.17994600 67.55697500
vn 6.97523100 92.51484900 37.31419100
vn 12.90624900 71.17994600 69.04233500
vn 3.50255700 92.51484900 37.79860900
vn 6.48077000 71.17994600 69.93865100
vn -0.00000000 92.51484900 37.96054200
vn -0.00000000 71.17994600 70.23827600
vn -3.50255700 92.51484900 37.79860900
vn -6.48077000 71.17994600 69.93865100
vn -6.97523100 92.51484900 37.31419100
vn -12.90624900 71.17994600 69.04233500
vn -10.38839500 92.51484900 36.51142200
vn -19.22161700 71.17994600 67.55697500
vn -13.71292900 92.51484900 35.39715100
vn -25.37299200 71.17994600 65.49524100
vn -16.92046900 92.51484900 33.98088300
vn -31.30789300 71.17994600 62.87472600
vn -19.98365000 92.51484900 32.27470300
vn -36.97568700 71.17994600 59.71778500
vn -22.87633700 92.51484900 30.29316600
vn -42.32801800 71.17994600 56.05135400
vn -25.57385200 92.51484900 28.05317900
vn -47.31922000 71.17994600 51.90671200
vn -28.05317900 92.51484900 25.57385200
vn -51.90671200 71.17994600 47.31922000
vn -30.29316600 92.51484900 22.87633700
vn -56.05135400 71.17994600 42.32801800
vn -32.27470300 92.51484900 19.98365000
vn -59.71778500 71.17994600 36.97568700
vn -33.98088300 92.51484900 16.92046900
vn -62.87472600 71.17994600 31.30789300
vn -35.39715100 92.51484900 13.71292900
vn -65.49524100 71.17994600 25.37299200
vn -36.51142200 92.51484900 10.38839500
vn -67.55697500 71.17994600 19.22161700
vn -37.31419100 92.51484900 6.97523100
vn -69.04233500 71.17994600 12.90624900
vn -37.79860900 92.51484900 3.50255700
vn -69.93865100 71.17994600 6.48077000
vn -37.96054200 92.51484900 -0.00000000
vn -70.23827600 71.17994600 -0.00000000
vn -37.79860900 92.51484900 -3.50255700
vn -69.93865100 71.17994600 -6.48077000
vn -37.31419100 92.51484900 -6.97523100
vn -69.04233500 71.17994600 -12.90624900
vn -36.51142200 92.51484900 -10.38839500
vn -67.55697500 71.17994600 -19.22161700
vn -35.39715100 92.51484900 -13.71292900
vn -65.49524100 71.17994600 -25.37299200
vn -33.98088300 92.51484900 -16.92046900
vn -62.87472600 71.17994600 -31.30789300
vn -32.27470300 92.51484900 -19.98365000
vn -59.71778500 71.17994600 -36.97568700
vn -30.29316600 92.51484900 -22.87633700
vn -56.05135400 71.17994600 -42.32801800
vn -28.05317900 92.51484900 -25.57385200
vn -51.90671200 71.17994600 -47.31922000
vn -25.57385200 92.51484900 -28.05317900
vn -47.31922000 71.17994600 -51.90671200
vn -22.87633700 92.51484900 -30.29316600
vn -42.32801800 71.17994600 -56.05135400
vn -19.98365000 92.51484900 -32.27470300
vn -36.97568700 71.17994600 -59.71778500
vn -16.92046900 92.51484900 -33.98088300
vn -31.30789300 71.17994600 -62.87472600
vn -13.71292900 92.51484900 -35.39715100
vn -25.37299200 71.17994600 -65.49524100
vn -10.38839500 92.51484900 -36.51142200
vn -19.22161700 71.17994600 -67.55697500
vn -6.97523100 92.51484900 -37.31419100
vn -12.90624900 71.17994600 -69.04233500
vn -3.50255700 92.51484900 -37.79860900
vn -6.48077000 71.17994600 -69.93865100
vn -0.00000000 92.51484900 -37.96054200
vn -0.00000000 71.17994600 -70.23827600
vn 3.50255700 92.51484900 -37.79860900
vn 6.48077000 71.17994600 -69.93865100
vn 6.97523100 92.51484900 -37.31419100
vn 12.90624900 71.17994600 -69.04233500
vn 10.38839500 92.51484900 -36.51142200
vn 19.22161700 71.17994600 -67.55697500
vn 13.71292900 92.51484900 -35.39715100
vn 25.37299200 71.17994600 -65.49524100
vn 16.92046900 92.51484900 -33.98088300
vn 31.30789300 71.17994600 -62.87472600
vn 19.98365000 92.51484900 -32.27470300
vn 36.97568700 71.17994600 -59.71778500
vn 22.87633700 92.51484900 -30.29316600
vn 42.32801800 71.17994600 -56.05135400
vn 25.57385200 92.51484900 -28.05317900
vn 47.31922000 71.17994600 -51.90671200
vn 28.05317900 92.51484900 -25.57385200
vn 51.90671200 71.17994600 -47.31922000
vn 30.29316600 92.51484900 -22.87633700
vn 56.05135400 71.17994600 -42.32801800
vn 32.27470300 92.51484900 -19.98365000
vn 59.71778500 71.17994600 -36.97568700
vn 33.98088300 92.51484900 -16.92046900
vn 62.87472600 71.17994600 -31.30789300
vn 35.39715100 92.51484900 -13.71292900
vn 65.49524100 71.17994600 -25.37299200
vn 36.51142200 92.51484900 -10.38839500
vn 67.55697500 71.17994600 -19.22161700
vn 37.31419100 92.51484900 -6.97523100
vn 69.04233500 71.17994600 -12.90624900
vn 37.79860900 92.51484900 -3.50255700
vn 69.93865100 71.17994600 -6.48077000
vn 92.00112700 -39.18918900 0.00000000
vn 92.00112700 -39.18918900 0.00000000
vn 92.00112700 -39.18918900 0.00000000
vn 92.00112700 -39.18918900 0.00000000
vn 91.60866700 -39.18918900 8.48879300
vn 91.60866700 -39.18918900 8.48879300
vn 90.43463300 -39.18918900 16.90516300
vn 90.43463300 -39.18918900 16.90516300
vn 88.48904400 -39.18918900 25.17730400
vn 88.48904400 -39.18918900 25.17730400
vn 85.78849600 -39.18918900 33.23464100
vn 85.78849600 -39.18918900 33.23464100
vn 82.35603200 -39.18918900 41.00843100
vn 82.35603200 -39.18918900 41.00843100
vn 78.22093500 -39.18918900 48.43235300
vn 78.22093500 -39.18918900 48.43235300
vn 73.41848500 -39.18918900 55.44306600
vn 73.41848500 -39.18918900 55.44306600
vn 67.98965400 -39.18918900 61.98075900
vn 67.98965400 -39.18918900 61.98075900
vn 61.98075900 -39.18918900 67.98965400
vn 61.98075900 -39.18918900 67.98965400
vn 55.44306600 -39.18918900 73.41848500
vn 55.44306600 -39.18918900 73.41848500
vn 48.43235300 -39.18918900 78.22093500
vn 48.43235300 -39.18918900 78.22093500
vn 41.00843100 -39.18918900 82.35603200
vn 41.00843100 -39.18918900 82.35603200
vn 33.23464100 -39.18918900 85.78849600
vn 33.23464100 -39.18918900 85.78849600
vn 25.17730400 -39.18918900 88.48904400
vn 25.17730400 -39.18918900 88.48904400
vn 16.90516300 -39.18918900 90.43463300
vn 16.90516300 -39.18918900 90.43463300
vn 8.48879300 -39.18918900 91.60866700
vn 8.48879300 -39.18918900 91.60866700
vn -0.00000000 -39.18918900 92.00112700
vn -0.00000000 -39.18918900 92.00112700
vn -8.48879300 -39.18918900 91.60866700
vn -8.48879300 -39.18918900 91.60866700
vn -16.90516300 -39.18918900 90.43463300
vn -16.90516300 -39.18918900 90.43463300
vn -25.17730400 -39.18918900 88.48904400
vn -25.17730400 -39.18918900 88.48904400
vn -33.23464100 -39.18918900 85.78849600
vn -33.23464100 -39.18918900 85.78849600
vn -41.00843100 -39.18918900 82.35603200
vn -41.00843100 -39.18918900 82.35603200
vn -48.43235300 -39.18918900 78.22093500
vn -48.43235300 -39.18918900 78.22093500
vn -55.44306600 -39.18918900 73.41848500
vn -55.44306600 -39.18918900 73.41848500
vn -61.98075900 -39.18918900 67.98965400
vn -61.98075900 -39.18918900 67.98965400
vn -67.98965400 -39.18918900 61.98075900
vn -67.98965400 -39.18918900 61.98075900
vn -73.41848500 -39.18918900 55.44306600
vn -73.41848500 -39.18918900 55.44306600
vn -78.22093500 -39.18918900 48.43235300
vn -78.22093500 -39.18918900 48.43235300
vn -82.35603200 -39.18918900 41.00843100
vn -82.35603200 -39.18918900 41.00843100
vn -85.78849600 -39.18918900 33.23464100
vn -85.78849600 -39.18918900 33.23464100
vn -88.48904400 -39.18918900 25.17730400
vn -88.48904400 -39.18918900 25.17730400
vn -90.43463300 -39.18918900 16.90516300
vn -90.43463300 -39.18918900 16.90516300
vn -91.60866700 -39.18918900 8.48879300
vn -91.60866700 -39.18918900 8.48879300
vn -92.00112700 -39.18918900 0.00000000
vn -92.00112700 -39.18918900 0.00000000
vn -91.60866700 -39.18918900 -8.48879300
vn -91.60866700 -39.18918900 -8.48879300
vn -90.43463300 -39.18918900 -16.90516300
vn -90.43463300 -39.18918900 -16.90516300
vn -88.48904400 -39.18918900 -25.17730400
vn -88.48904400 -39.18918900 -25.17730400
vn -85.78849600 -39.18918900 -33.23464100
vn -85.78849600 -39.18918900 -33.23464100
vn -82.35603200 -39.18918900 -41.00843100
vn -82.35603200 -39.18918900 -41.00843100
vn -78.22093500 -39.18918900 -48.43235300
vn -78.22093500 -39.18918900 -48.43235300
vn -73.41848500 -39.18918900 -55.44306600
vn -73.41848500 -39.18918900 -55.44306600
vn -67.98965400 -39.18918900 -61.98075900
vn -67.98965400 -39.18918900 -61.98075900
vn -61.98075900 -39.18918900 -67.98965400
vn -61.98075900 -39.18918900 -67.98965400
vn -55.44306600 -39.18918900 -73.41848500
vn -55.44306600 -39.18918900 -73.41848500
vn -48.43235300 -39.18918900 -78.22093500
vn -48.43235300 -39.18918900 -78.22093500
vn -41.00843100 -39.18918900 -82.35603200
vn -41.00843100 -39.18918900 -82.35603200
vn -33.23464100 -39.18918900 -85.78849600
vn -33.23464100 -39.18918900 -85.78849600
vn -25.17730400 -39.18918900 -88.48904400
vn -25.17730400 -39.18918900 -88.48904400
vn -16.90516300 -39.18918900 -90.43463300
vn -16.90516300 -39.18918900 -90.43463300
vn -8.48879300 -39.18918900 -91.60866700
vn -8.48879300 -39.18918900 -91.60866700
vn 0.00000000 -39.18918900 -92.00112700
vn 0.00000000 -39.18918900 -92.00112700
vn 8.48879300 -39.18918900 -91.60866700
vn 8.48879300 -39.18918900 -91.60866700
vn 16.90516300 -39.18918900 -90.43463300
vn 16.90516300 -39.18918900 -90.43463300
vn 25.17730400 -39.18918900 -88.48904400
vn 25.17730400 -39.18918900 -88.48904400
vn 33.23464100 -39.18918900 -85.78849600
vn 33.23464100 -39.18918900 -85.78849600
vn 41.00843100 -39.18918900 -82.35603200
vn 41.00843100 -39.18918900 -82.35603200
vn 48.43235300 -39.18918900 -78.22093500
vn 48.43235300 -39.18918900 -78.22093500
vn 55.44306600 -39.18918900 -73.41848500
vn 55.44306600 -39.18918900 -73.41848500
vn 61.98075900 -39.18918900 -67.98965400
vn 61.98075900 -39.18918900 -67.98965400
vn 67.98965400 -39.18918900 -61.98075900
vn 67.98965400 -39.18918900 -61.98075900
vn 73.41848500 -39.18918900 -55.44306600
vn 73.41848500 -39.18918900 -55.44306600
vn 78.22093500 -39.18918900 -48.43235300
vn 78.22093500 -39.18918900 -48.43235300
vn 82.35603200 -39.18918900 -41.00843100
vn 82.35603200 -39.18918900 -41.00843100
vn 85.78849600 -39.18918900 -33.23464100
vn 85.78849600 -39.18918900 -33.23464100
vn 88.48904400 -39.18918900 -25.17730400
vn 88.48904400 -39.18918900 -25.17730400
vn 90.43463300 -39.18918900 -16.90516300
vn 90.43463300 -39.18918900 -16.90516300
vn 91.60866700 -39.18918900 -8.48879300
vn 91.60866700 -39.18918900 -8.48879300
vn 70.23827600 -71.17994600 0.00000000
vn 70.23827600 -71.17994600 0.00000000
vn 37.96054200 -92.51484900 0.00000000
vn 37.96054200 -92.51484900 0.00000000
vn 69.93865100 -71.17994600 6.48077000
vn 37.79860900 -92.51484900 3.50255700
vn 69.04233500 -71.17994600 12.90624900
vn 37.31419100 -92.51484900 6.97523100
vn 67.55697500 -71.17994600 19.22161700
vn 36.51142200 -92.51484900 10.38839500
vn 65.49524100 -71.17994600 25.37299200
vn 35.39715100 -92.51484900 13.71292900
vn 62.87472600 -71.17994600 31.30789300
vn 33.98088300 -92.51484900 16.92046900
vn 59.71778500 -71.17994600 36.97568700
vn 32.27470300 -92.51484900 19.98365000
vn 56.05135400 -71.17994600 42.32801800
vn 30.29316600 -92.51484900 22.87633700
vn 51.90671200 -71.17994600 47.31922000
vn 28.05317900 -92.51484900 25.57385200
vn 47.31922000 -71.17994600 51.90671200
vn 25.57385200 -92.51484900 28.05317900
vn 42.32801800 -71.17994600 56.05135400
vn 22.87633700 -92.51484900 30.29316600
vn 36.97568700 -71.17994600 59.71778500
vn 19.98365000 -92.51484900 32.27470300
vn 31.30789300 -71.17994600 62.87472600
vn 16.92046900 -92.51484900 33.98088300
vn 25.37299200 -71.17994600 65.49524100
vn 13.71292900 -92.51484900 35.39715100
vn 19.22161700 -71.17994600 67.55697500
vn 10.38839500 -92.51484900 36.51142200
vn 12.90624900 -71.17994600 69.04233500
vn 6.97523100 -92.51484900 37.31419100
vn 6.48077000 -71.17994600 69.93865100
vn 3.50255700 -92.51484900 37.79860900
vn -0.00000000 -71.17994600 70.23827600
vn 0.00000000 -92.51484900 37.96054200
vn -6.48077000 -71.17994600 69.93865100
vn -3.50255700 -92.51484900 37.79860900
vn -12.90624900 -71.17994600 69.04233500
vn -6.97523100 -92.51484900 37.31419100
vn -19.22161700 -71.17994600 67.55697500
vn -10.38839500 -92.51484900 36.51142200
vn -25.37299200 -71.17994600 65.49524100
vn -13.71292900 -92.51484900 35.39715100
vn -31.30789300 -71.17994600 62.87472600
vn -16.92046900 -92.51484900 33.98088300
vn -36.97568700 -71.17994600 59.71778500
vn -19.98365000 -92.51484900 32.27470300
vn -42.32801800 -71.17994600 56.05135400
vn -22.87633700 -92.51484900 30.29316600
vn -47.31922000 -71.17994600 51.90671200
vn -25.57385200 -92.51484900 28.05317900
vn -51.90671200 -71.17994600 47.31922000
vn -28.05317900 -92.51484900 25.57385200
vn -56.05135400 -71.17994600 42.32801800
vn -30.29316600 -92.51484900 22.87633700
vn -59.71778500 -71.17994600 36.97568700
vn -32.27470300 -92.51484900 19.98365000
vn -62.87472600 -71.17994600 31.30789300
vn -33.98088300 -92.51484900 16.92046900
vn -65.49524100 -71.17994600 25.37299200
vn -35.39715100 -92.51484900 13.71292900
vn -67.55697500 -71.17994600 19.22161700
vn -36.51142200 -92.51484900 10.38839500
vn -69.04233500 -71.17994600 12.90624900
vn -37.31419100 -92.51484900 6.97523100
vn -69.93865100 -71.17994600 6.48077000
vn -37.79860900 -92.51484900 3.50255700
vn -70.23827600 -71.17994600 0.00000000
vn -37.96054200 -92.51484900 0.00000000
vn -69.93865100 -71.17994600 -6.48077000
vn -37.79860900 -92.51484900 -3.50255700
vn -69.04233500 -71.17994600 -12.90624900
vn -37.31419100 -92.51484900 -6.97523100
vn -67.55697500 -71.17994600 -19.22161700
vn -36.51142200 -92.51484900 -10.38839500
vn -65.49524100 -71.17994600 -25.37299200
vn -35.39715100 -92.51484900 -13.71292900
vn -62.87472600 -71.17994600 -31.30789300
vn -33.98088300 -92.51484900 -16.92046900
vn -59.71778500 -71.17994600 -36.97568700
vn -32.27470300 -92.51484900 -19.98365000
vn -56.05135400 -71.17994600 -42.32801800
vn -30.29316600 -92.51484900 -22.87633700
vn -51.90671200 -71.17994600 -47.31922000
vn -28.05317900 -92.51484900 -25.57385200
vn -47.31922000 -71.17994600 -51.90671200
vn -25.57385200 -92.51484900 -28.05317900
vn -42.32801800 -71.17994600 -56.05135400
vn -22.87633700 -92.51484900 -30.29316600
vn -36.97568700 -71.17994600 -59.71778500
vn -19.98365000 -92.51484900 -32.27470300
vn -31.30789300 -71.17994600 -62.87472600
vn -16.92046900 -92.51484900 -33.98088300
vn -25.37299200 -71.17994600 -65.49524100
vn -13.71292900 -92.51484900 -35.39715100
vn -19.22161700 -71.17994600 -67.55697500
vn -10.38839500 -92.51484900 -36.51142200
vn -12.90624900 -71.17994600 -69.04233500
vn -6.97523100 -92.51484900 -37.31419100
vn -6.48077000 -71.17994600 -69.93865100
vn -3.50255700 -92.51484900 -37.79860900
vn 0.00000000 -71.17994600 -70.23827600
vn 0.00000000 -92.51484900 -37.96054200
vn 6.48077000 -71.17994600 -69.93865100
vn 3.50255700 -92.51484900 -37.79860900
vn 12.90624900 -71.17994600 -69.04233500
vn 6.97523100 -92.51484900 -37.31419100
vn 19.22161700 -71.17994600 -67.55697500
vn 10.38839500 -92.51484900 -36.51142200
vn 25.37299200 -71.17994600 -65.49524100
vn 13.71292900 -92.51484900 -35.39715100
vn 31.30789300 -71.17994600 -62.87472600
vn 16.92046900 -92.51484900 -33.98088300
vn 36.97568700 -71.17994600 -59.71778500
vn 19.98365000 -92.51484900 -32.27470300
vn 42.32801800 -71.17994600 -56.05135400
vn 22.87633700 -92.51484900 -30.29316600
vn 47.31922000 -71.17994600 -51.90671200
vn 25.57385200 -92.51484900 -28.05317900
vn 51.90671200 -71.17994600 -47.31922000
vn 28.05317900 -92.51484900 -25.57385200
vn 56.05135400 -71.17994600 -42.32801800
vn 30.29316600 -92.51484900 -22.87633700
vn 59.71778500 -71.17994600 -36.97568700
vn 32.27470300 -92.51484900 -19.98365000
vn 62.87472600 -71.17994600 -31.30789300
vn 33.98088300 -92.51484900 -16.92046900
vn 65.49524100 -71.17994600 -25.37299200
vn 35.39715100 -92.51484900 -13.71292900
vn 67.55697500 -71.17994600 -19.22161700
vn 36.51142200 -92.51484900 -10.38839500
vn 69.04233500 -71.17994600 -12.90624900
vn 37.31419100 -92.51484900 -6.97523100
vn 69.93865100 -71.17994600 -6.48077000
vn 37.79860900 -92.51484900 -3.50255700
vn -5.47642800 0.00000000 99.84993100
vn -48.68313800 0.00000000 87.34959700
vn -82.04086800 -0.00000000 57.17775800
vn 95.97852300 0.00000000 28.07353100
vn 76.54121200 0.00000000 64.35404300
vn 44.13717200 0.00000000 89.73243600
vn 16.87957700 0.00000000 98.56510500
vn -28.02543600 0.00000000 95.99257800
vn -67.26068400 -0.00000000 74.00000200
vn 99.81908900 0.00000000 6.01243900
vn 88.94228600 0.00000000 45.70853100
vn 62.99790600 0.00000000 77.66121200
vn 38.38917000 0.00000000 92.33781200
vn -5.96242100 0.00000000 99.82208900
vn -49.10776900 0.00000000 87.11157800
vn 98.65431000 0.00000000 -16.35014300
vn 96.88342200 0.00000000 24.77100200
vn 78.69966300 0.00000000 61.69573000
vn 57.97377000 0.00000000 81.48031700
vn 16.39957300 0.00000000 98.64610500
vn -28.49238500 0.00000000 95.85501600
vn 92.54259100 0.00000000 -37.89286000
vn 99.96641900 0.00000000 2.59135200
vn 90.45508900 0.00000000 42.63656700
vn 74.65132300 0.00000000 66.53705800
vn 37.93922500 0.00000000 92.52359300
vn -6.44827400 0.00000000 99.79188200
vn 81.79040100 0.00000000 -57.53547000
vn 98.03668200 0.00000000 -19.71823900
vn 97.67472000 0.00000000 21.43942800
vn 87.58554600 0.00000000 48.25735300
vn 57.57644600 0.00000000 81.76156100
vn 15.91918100 0.00000000 98.72476700
vn 66.93689800 0.00000000 -74.29301200
vn 91.19097700 0.00000000 -41.03907600
vn 99.99653200 0.00000000 -0.83277300
vn 96.12786500 0.00000000 27.55782300
vn 74.32654300 0.00000000 66.89966400
vn 37.48838100 0.00000000 92.70718000
vn 48.72690000 -0.00000000 -87.32519300
vn 79.77257500 0.00000000 -60.30204200
vn 97.30410100 0.00000000 -23.06321500
vn 99.84993100 0.00000000 5.47642800
vn 87.34959700 0.00000000 48.68313800
vn 57.17775800 0.00000000 82.04086800
vn 28.07353100 -0.00000000 -95.97852300
vn 64.35404300 -0.00000000 -76.54121200
vn 89.73243600 0.00000000 -44.13717200
vn 98.56510500 0.00000000 -16.87957700
vn 95.99257800 0.00000000 28.02543600
vn 74.00000200 0.00000000 67.26068400
vn 6.01243900 -0.00000000 -99.81908900
vn 45.70853100 -0.00000000 -88.94228600
vn 77.66121200 0.00000000 -62.99790600
vn 92.33781200 0.00000000 -38.38917000
vn 99.82208900 0.00000000 5.96242100
vn 87.11157800 0.00000000 49.10776900
vn -16.35014300 -0.00000000 -98.65431000
vn 24.77100200 -0.00000000 -96.88342200
vn 61.69573000 -0.00000000 -78.69966300
vn 81.48031700 0.00000000 -57.97377000
vn 98.64610500 0.00000000 -16.39957300
vn 95.85501600 0.00000000 28.49238500
vn -37.89286000 -0.00000000 -92.54259100
vn 2.59135200 -0.00000000 -99.96641900
vn 42.63656700 -0.00000000 -90.45508900
vn 66.53705800 0.00000000 -74.65132300
vn 92.52359300 0.00000000 -37.93922500
vn 99.79188200 0.00000000 6.44827400
vn -57.53547000 -0.00000000 -81.79040100
vn -19.71823900 -0.00000000 -98.03668200
vn 21.43942800 -0.00000000 -97.67472000
vn 48.25735300 -0.00000000 -87.58554600
vn 81.76156100 0.00000000 -57.57644600
vn 98.72476700 0.00000000 -15.91918100
vn -74.29301200 -0.00000000 -66.93689800
vn -41.03907600 -0.00000000 -91.19097700
vn -0.83277300 -0.00000000 -99.99653200
vn 27.55782300 -0.00000000 -96.12786500
vn 66.89966400 0.00000000 -74.32654300
vn 92.70718000 0.00000000 -37.48838100
vn -87.32519300 -0.00000000 -48.72690000
vn -60.30204200 -0.00000000 -79.77257500
vn -23.06321500 -0.00000000 -97.30410100
vn 5.47642800 -0.00000000 -99.84993100
vn 48.68313800 -0.00000000 -87.34959700
vn 82.04086800 0.00000000 -57.17775800
vn -95.97852300 -0.00000000 -28.07353100
vn -76.54121200 -0.00000000 -64.35404300
vn -44.13717200 -0.00000000 -89.73243600
vn -16.87957700 -0.00000000 -98.56510500
vn 28.02543600 -0.00000000 -95.99257800
vn 67.26068400 0.00000000 -74.00000200
vn -99.81908900 -0.00000000 -6.01243900
vn -88.94228600 -0.00000000 -45.70853100
vn -62.99790600 -0.00000000 -77.66121200
vn -38.38917000 -0.00000000 -92.33781200
vn 5.96242100 -0.00000000 -99.82208900
vn 49.10776900 -0.00000000 -87.11157800
vn -98.65431000 -0.00000000 16.35014300
vn -96.88342200 -0.00000000 -24.77100200
vn -78.69966300 -0.00000000 -61.69573000
vn -57.97377000 -0.00000000 -81.48031700
vn -16.39957300 -0.00000000 -98.64610500
vn 28.49238500 -0.00000000 -95.85501600
vn -92.54259100 -0.00000000 37.89286000
vn -99.96641900 -0.00000000 -2.59135200
vn -90.45508900 -0.00000000 -42.63656700
vn -74.65132300 -0.00000000 -66.53705800
vn -37.93922500 -0.00000000 -92.52359300
vn 6.44827400 -0.00000000 -99.79188200
vn -81.79040100 -0.00000000 57.53547000
vn -98.03668200 -0.00000000 19.71823900
vn -97.67472000 -0.00000000 -21.43942800
vn -87.58554600 -0.00000000 -48.25735300
vn -57.57644600 -0.00000000 -81.76156100
vn -15.91918100 -0.00000000 -98.72476700
vn -66.93689800 -0.00000000 74.29301200
vn -91.19097700 -0.00000000 41.03907600
vn -99.99653200 -0.00000000 0.83277300
vn -96.12786500 -0.00000000 -27.55782300
vn -74.32654300 -0.00000000 -66.89966400
vn -37.48838100 -0.00000000 -92.70718000
vn -48.72690000 0.00000000 87.32519300
vn -79.77257500 -0.00000000 60.30204200
vn -97.30410100 -0.00000000 23.06321500
vn -99.84993100 -0.00000000 -5.47642800
vn -87.34959700 -0.00000000 -48.68313800
vn -57.17775800 -0.00000000 -82.04086800
vn -28.07353100 0.00000000 95.97852300
vn -64.35404300 0.00000000 76.54121200
vn -89.73243600 -0.00000000 44.13717200
vn -98.56510500 -0.00000000 16.87957700
vn -95.99257800 -0.00000000 -28.02543600
vn -74.00000200 -0.00000000 -67.26068400
vn -6.01243900 0.00000000 99.81908900
vn -45.70853100 0.00000000 88.94228600
vn -77.66121200 -0.00000000 62.99790600
vn -92.33781200 -0.00000000 38.38917000
vn -99.82208900 -0.00000000 -5.96242100
vn -87.11157800 -0.00000000 -49.10776900
vn 16.35014300 0.00000000 98.65431000
vn -24.77100200 0.00000000 96.88342200
vn -61.69573000 0.00000000 78.69966300
vn -81.48031700 -0.00000000 57.97377000
vn -98.64610500 -0.00000000 16.39957300
vn -95.85501600 -0.00000000 -28.49238500
vn 37.89286000 0.00000000 92.54259100
vn -2.59135200 0.00000000 99.96641900
vn -42.63656700 0.00000000 90.45508900
vn -66.53705800 -0.00000000 74.65132300
vn -92.52359300 -0.00000000 37.93922500
vn -99.79188200 -0.00000000 -6.44827400
vn 57.53547000 0.00000000 81.79040100
vn 19.71823900 0.00000000 98.03668200
vn -21.43942800 0.00000000 97.67472000
vn -48.25735300 0.00000000 87.58554600
vn -81.76156100 -0.00000000 57.57644600
vn -98.72476700 -0.00000000 15.91918100
vn 74.29301200 0.00000000 66.93689800
vn 41.03907600 0.00000000 91.19097700
vn 0.83277300 0.00000000 99.99653200
vn -27.55782300 0.00000000 96.12786500
vn -66.89966400 -0.00000000 74.32654300
vn -92.70718000 -0.00000000 37.48838100
vn 87.32519300 0.00000000 48.72690000
vn 60.30204200 0.00000000 79.77257500
vn 23.06321500 0.00000000 97.30410100
vn 96.41810400 26.52450300 0.00000000
vn 96.41810400 26.52450300 0.00000000
vn 99.10048000 13.38263100 -0.00000000
vn 99.10048000 13.38263100 -0.00000000
vn 100.00000000 -0.00000000 -0.00000000
vn 100.00000000 -0.00000000 -0.00000000
vn 99.10048000 -13.38263100 -0.00000000
vn 99.10048000 -13.38263100 -0.00000000
vn 96.41810400 -26.52450300 -0.00000000
vn 96.41810400 -26.52450300 -0.00000000
vn 96.01862800 26.52450300 8.76776700
vn 98.68989100 13.38263100 9.01168900
vn 99.58568400 -0.00000000 9.09348600
vn 98.68989100 -13.38263100 9.01168900
vn 96.01862800 -26.52450300 8.76776700
vn 94.82351200 26.52450300 17.46288100
vn 97.46152700 13.38263100 17.94870300
vn 98.34617000 -0.00000000 18.11162100
vn 97.46152700 -13.38263100 17.94870300
vn 94.82351200 -26.52450300 17.46288100
vn 92.84265900 26.52450300 26.01329300
vn 95.42556600 13.38263100 26.73699000
vn 96.29172900 -0.00000000 26.97967700
vn 95.42556600 -13.38263100 26.73699000
vn 92.84265900 -26.52450300 26.01329300
vn 90.09248200 26.52450300 34.34815000
vn 92.59887800 13.38263100 35.30372500
vn 93.43938400 -0.00000000 35.62417100
vn 92.59887800 -13.38263100 35.30372500
vn 90.09248200 -26.52450300 34.34815000
vn 86.59577000 26.52450300 42.39838800
vn 89.00488700 13.38263100 43.57792200
vn 89.81277100 -0.00000000 43.97347200
vn 89.00488700 -13.38263100 43.57792200
vn 86.59577000 -26.52450300 42.39838800
vn 82.38149900 26.52450300 50.09729900
vn 84.67337300 13.38263100 51.49101900
vn 85.44194000 -0.00000000 51.95839500
vn 84.67337300 -13.38263100 51.49101900
vn 82.38149900 -26.52450300 50.09729900
vn 77.48458800 26.52450300 57.38108800
vn 79.64022900 13.38263100 58.97744500
vn 80.36311200 -0.00000000 59.51277400
vn 79.64022900 -13.38263100 58.97744500
vn 77.48458800 -26.52450300 57.38108800
vn 71.94561600 26.52450300 64.18940000
vn 73.94716200 13.38263100 65.97516600
vn 74.61836900 -0.00000000 66.57401200
vn 73.94716200 -13.38263100 65.97516600
vn 71.94561600 -26.52450300 64.18940000
vn 65.81048000 26.52450300 70.46581800
vn 67.64134400 13.38263100 72.42619500
vn 68.25531400 -0.00000000 73.08359600
vn 67.64134400 -13.38263100 72.42619500
vn 65.81048000 -26.52450300 70.46581800
vn 59.13001700 26.52450300 76.15833400
vn 60.77502900 13.38263100 78.27707800
vn 61.32667500 -0.00000000 78.98758700
vn 60.77502900 -13.38263100 78.27707800
vn 59.13001700 -26.52450300 76.15833400
vn 51.95958500 26.52450300 81.21977800
vn 53.40511400 13.38263100 83.47933300
vn 53.88986400 -0.00000000 84.23706200
vn 53.40511400 -13.38263100 83.47933300
vn 51.95958500 -26.52450300 81.21977800
vn 44.35859900 26.52450300 85.60820900
vn 45.59266600 13.38263100 87.98985200
vn 46.00650400 -0.00000000 88.78852200
vn 45.59266600 -13.38263100 87.98985200
vn 44.35859900 -26.52450300 85.60820900
vn 36.39004300 26.52450300 89.28726400
vn 37.40242400 13.38263100 91.77125900
vn 37.74192000 -0.00000000 92.60425200
vn 37.40242400 -13.38263100 91.77125900
vn 36.39004300 -26.52450300 89.28726400
vn 28.11994800 26.52450300 92.22645600
vn 28.90225300 13.38263100 94.79222000
vn 29.16459400 -0.00000000 95.65263400
vn 28.90225300 -13.38263100 94.79222000
vn 28.11994800 -26.52450300 92.22645600
vn 19.61684300 26.52450300 94.40143100
vn 20.16258900 13.38263100 97.02770300
vn 20.34560100 -0.00000000 97.90840900
vn 20.16258900 -13.38263100 97.02770300
vn 19.61684300 -26.52450300 94.40143100
vn 10.95118600 26.52450300 95.79416600
vn 11.25585100 13.38263100 98.45918400
vn 11.35801900 -0.00000000 99.35288300
vn 11.25585100 -13.38263100 98.45918400
vn 10.95118600 -26.52450300 95.79416600
vn 2.19478400 26.52450300 96.39312000
vn 2.25584400 13.38263100 99.07480200
vn 2.27632000 -0.00000000 99.97408800
vn 2.25584400 -13.38263100 99.07480200
vn 2.19478400 -26.52450300 96.39312000
vn -6.57980400 26.52450300 96.19333100
vn -6.76285600 13.38263100 98.86945400
vn -6.82424100 -0.00000000 99.76687700
vn -6.76285600 -13.38263100 98.86945400
vn -6.57980400 -26.52450300 96.19333100
vn -15.29987000 26.52450300 95.19645300
vn -15.72551700 13.38263100 97.84484300
vn -15.86825500 -0.00000000 98.73296600
vn -15.72551700 -13.38263100 97.84484300
vn -15.29987000 -26.52450300 95.19645300
vn -23.89315700 26.52450300 93.41074800
vn -24.55787100 13.38263100 96.00945900
vn -24.78077900 -0.00000000 96.88092200
vn -24.55787100 -13.38263100 96.00945900
vn -23.89315700 -26.52450300 93.41074800
vn -32.28845700 26.52450300 90.85101100
vn -33.18673000 13.38263100 93.37851000
vn -33.48796100 -0.00000000 94.22609200
vn -33.18673000 -13.38263100 93.37851000
vn -32.28845700 -26.52450300 90.85101100
vn -40.41620500 26.52450300 87.53845500
vn -41.54059400 13.38263100 89.97379700
vn -41.91765200 -0.00000000 90.79047600
vn -41.54059400 -13.38263100 89.97379700
vn -40.41620500 -26.52450300 87.53845500
vn -48.20905200 26.52450300 83.50052700
vn -49.55024000 13.38263100 85.82353300
vn -50.00000000 -0.00000000 86.60254000
vn -49.55024000 -13.38263100 85.82353300
vn -48.20905200 -26.52450300 83.50052700
vn -55.60242300 26.52450300 78.77068800
vn -57.14929700 13.38263100 80.96210900
vn -57.66803200 -0.00000000 81.69698900
vn -57.14929700 -13.38263100 80.96210900
vn -55.60242300 -26.52450300 78.77068800
vn -62.53505500 26.52450300 73.38813000
vn -64.27479700 13.38263100 75.42980700
vn -64.85820900 -0.00000000 76.11447100
vn -64.27479700 -13.38263100 75.42980700
vn -62.53505500 -26.52450300 73.38813000
vn -68.94950200 26.52450300 67.39745500
vn -70.86769500 13.38263100 69.27246900
vn -71.51095000 -0.00000000 69.90124500
vn -70.86769500 -13.38263100 69.27246900
vn -68.94950200 -26.52450300 67.39745500
vn -74.79261200 26.52450300 60.84830300
vn -76.87336100 13.38263100 62.54111800
vn -77.57112900 -0.00000000 63.10879400
vn -76.87336100 -13.38263100 62.54111800
vn -74.79261200 -26.52450300 60.84830300
vn -80.01596600 26.52450300 53.79494300
vn -82.24203100 13.38263100 55.29153200
vn -82.98852900 -0.00000000 55.79340500
vn -82.24203100 -13.38263100 55.29153200
vn -80.01596600 -26.52450300 53.79494300
vn -84.57628300 26.52450300 46.29582100
vn -86.92921700 13.38263100 47.58378300
vn -87.71826000 -0.00000000 48.01569300
vn -86.92921700 -13.38263100 47.58378300
vn -84.57628300 -26.52450300 46.29582100
vn -88.43577400 26.52450300 38.41307800
vn -90.89608000 13.38263100 39.48173900
vn -91.72113000 -0.00000000 39.84010900
vn -90.89608000 -13.38263100 39.48173900
vn -88.43577400 -26.52450300 38.41307800
vn -91.56245900 26.52450300 30.21203100
vn -94.10975000 13.38263100 31.05253800
vn -94.96397000 -0.00000000 31.33439700
vn -94.10975000 -13.38263100 31.05253800
vn -91.56245900 -26.52450300 30.21203100
vn -93.93042800 26.52450300 21.76063800
vn -96.54359700 13.38263100 22.36602500
vn -97.41990800 -0.00000000 22.56903800
vn -96.54359700 -13.38263100 22.36602500
vn -93.93042800 -26.52450300 21.76063800
vn -95.52006000 26.52450300 13.12893000
vn -98.17745300 13.38263100 13.49418000
vn -99.06859500 -0.00000000 13.61666500
vn -98.17745300 -13.38263100 13.49418000
vn -95.52006000 -26.52450300 13.12893000
vn -96.31818300 26.52450300 4.38843100
vn -98.99778000 13.38263100 4.51051900
vn -99.89636700 -0.00000000 4.55146000
vn -98.99778000 -13.38263100 4.51051900
vn -96.31818300 -26.52450300 4.38843100
vn -96.31818300 26.52450300 -4.38843100
vn -98.99778000 13.38263100 -4.51051900
vn -99.89636700 -0.00000000 -4.55146000
vn -98.99778000 -13.38263100 -4.51051900
vn -96.31818300 -26.52450300 -4.38843100
vn -95.52006000 26.52450300 -13.12893000
vn -98.17745300 13.38263100 -13.49418000
vn -99.06859500 -0.00000000 -13.61666500
vn -98.17745300 -13.38263100 -13.49418000
vn -95.52006000 -26.52450300 -13.12893000
vn -93.93042800 26.52450300 -21.76063800
vn -96.54359700 13.38263100 -22.36602500
vn -97.41990800 -0.00000000 -22.56903800
vn -96.54359700 -13.38263100 -22.36602500
vn -93.93042800 -26.52450300 -21.76063800
vn -91.56245900 26.52450300 -30.21203100
vn -94.10975000 13.38263100 -31.05253800
vn -94.96397000 -0.00000000 -31.33439700
vn -94.10975000 -13.38263100 -31.05253800
vn -91.56245900 -26.52450300 -30.21203100
vn -88.43577400 26.52450300 -38.41307800
vn -90.89608000 13.38263100 -39.48173900
vn -91.72113000 -0.00000000 -39.84010900
vn -90.89608000 -13.38263100 -39.48173900
vn -88.43577400 -26.52450300 -38.41307800
vn -84.57628300 26.52450300 -46.29582100
vn -86.92921700 13.38263100 -47.58378300
vn -87.71826000 -0.00000000 -48.01569300
vn -86.92921700 -13.38263100 -47.58378300
vn -84.57628300 -26.52450300 -46.29582100
vn -80.01596600 26.52450300 -53.79494300
vn -82.24203100 13.38263100 -55.29153200
vn -82.98852900 -0.00000000 -55.79340500
vn -82.24203100 -13.38263100 -55.29153200
vn -80.01596600 -26.52450300 -53.79494300
vn -74.79261200 26.52450300 -60.84830300
vn -76.87336100 13.38263100 -62.54111800
vn -77.57112900 -0.00000000 -63.10879400
vn -76.87336100 -13.38263100 -62.54111800
vn -74.79261200 -26.52450300 -60.84830300
vn -68.94950200 26.52450300 -67.39745500
vn -70.86769500 13.38263100 -69.27246900
vn -71.51095000 -0.00000000 -69.90124500
vn -70.86769500 -13.38263100 -69.27246900
vn -68.94950200 -26.52450300 -67.39745500
vn -62.53505500 26.52450300 -73.38813000
vn -64.27479700 13.38263100 -75.42980700
vn -64.85820900 -0.00000000 -76.11447100
vn -64.27479700 -13.38263100 -75.42980700
vn -62.53505500 -26.52450300 -73.38813000
vn -55.60242300 26.52450300 -78.77068800
vn -57.14929700 13.38263100 -80.96210900
vn -57.66803200 -0.00000000 -81.69698900
vn -57.14929700 -13.38263100 -80.96210900
vn -55.60242300 -26.52450300 -78.77068800
vn -48.20905200 26.52450300 -83.50052700
vn -49.55024000 13.38263100 -85.82353300
vn -50.00000000 -0.00000000 -86.60254000
vn -49.55024000 -13.38263100 -85.82353300
vn -48.20905200 -26.52450300 -83.50052700
vn -40.41620500 26.52450300 -87.53845500
vn -41.54059400 13.38263100 -89.97379700
vn -41.91765200 -0.00000000 -90.79047600
vn -41.54059400 -13.38263100 -89.97379700
vn -40.41620500 -26.52450300 -87.53845500
vn -32.28845700 26.52450300 -90.85101100
vn -33.18673000 13.38263100 -93.37851000
vn -33.48796100 -0.00000000 -94.22609200
vn -33.18673000 -13.38263100 -93.37851000
vn -32.28845700 -26.52450300 -90.85101100
vn -23.89315700 26.52450300 -93.41074800
vn -24.55787100 13.38263100 -96.00945900
vn -24.78077900 -0.00000000 -96.88092200
vn -24.55787100 -13.38263100 -96.00945900
vn -23.89315700 -26.52450300 -93.41074800
vn -15.29987000 26.52450300 -95.19645300
vn -15.72551700 13.38263100 -97.84484300
vn -15.86825500 -0.00000000 -98.73296600
vn -15.72551700 -13.38263100 -97.84484300
vn -15.29987000 -26.52450300 -95.19645300
vn -6.57980400 26.52450300 -96.19333100
vn -6.76285600 13.38263100 -98.86945400
vn -6.82424100 -0.00000000 -99.76687700
vn -6.76285600 -13.38263100 -98.86945400
vn -6.57980400 -26.52450300 -96.19333100
vn 2.19478400 26.52450300 -96.39312000
vn 2.25584400 13.38263100 -99.07480200
vn 2.27632000 -0.00000000 -99.97408800
vn 2.25584400 -13.38263100 -99.07480200
vn 2.19478400 -26.52450300 -96.39312000
vn 10.95118600 26.52450300 -95.79416600
vn 11.25585100 13.38263100 -98.45918400
vn 11.35801900 -0.00000000 -99.35288300
vn 11.25585100 -13.38263100 -98.45918400
vn 10.95118600 -26.52450300 -95.79416600
vn 19.61684300 26.52450300 -94.40143100
vn 20.16258900 13.38263100 -97.02770300
vn 20.34560100 -0.00000000 -97.90840900
vn 20.16258900 -13.38263100 -97.02770300
vn 19.61684300 -26.52450300 -94.40143100
vn 28.11994800 26.52450300 -92.22645600
vn 28.90225300 13.38263100 -94.79222000
vn 29.16459400 -0.00000000 -95.65263400
vn 28.90225300 -13.38263100 -94.79222000
vn 28.11994800 -26.52450300 -92.22645600
vn 36.39004300 26.52450300 -89.28726400
vn 37.40242400 13.38263100 -91.77125900
vn 37.74192000 -0.00000000 -92.60425200
vn 37.40242400 -13.38263100 -91.77125900
vn 36.39004300 -26.52450300 -89.28726400
vn 44.35859900 26.52450300 -85.60820900
vn 45.59266600 13.38263100 -87.98985200
vn 46.00650400 -0.00000000 -88.78852200
vn 45.59266600 -13.38263100 -87.98985200
vn 44.35859900 -26.52450300 -85.60820900
vn 51.95958500 26.52450300 -81.21977800
vn 53.40511400 13.38263100 -83.47933300
vn 53.88986400 -0.00000000 -84.23706200
vn 53.40511400 -13.38263100 -83.47933300
vn 51.95958500 -26.52450300 -81.21977800
vn 59.13001700 26.52450300 -76.15833400
vn 60.77502900 13.38263100 -78.27707800
vn 61.32667500 -0.00000000 -78.98758700
vn 60.77502900 -13.38263100 -78.27707800
vn 59.13001700 -26.52450300 -76.15833400
vn 65.81048000 26.52450300 -70.46581800
vn 67.64134400 13.38263100 -72.42619500
vn 68.25531400 -0.00000000 -73.08359600
vn 67.64134400 -13.38263100 -72.42619500
vn 65.81048000 -26.52450300 -70.46581800
vn 71.94561600 26.52450300 -64.18940000
vn 73.94716200 13.38263100 -65.97516600
vn 74.61836900 -0.00000000 -66.57401200
vn 73.94716200 -13.38263100 -65.97516600
vn 71.94561600 -26.52450300 -64.18940000
vn 77.48458800 26.52450300 -57.38108800
vn 79.64022900 13.38263100 -58.97744500
vn 80.36311200 -0.00000000 -59.51277400
vn 79.64022900 -13.38263100 -58.97744500
vn 77.48458800 -26.52450300 -57.38108800
vn 82.38149900 26.52450300 -50.09729900
vn 84.67337300 13.38263100 -51.49101900
vn 85.44194000 -0.00000000 -51.95839500
vn 84.67337300 -13.38263100 -51.49101900
vn 82.38149900 -26.52450300 -50.09729900
vn 86.59577000 26.52450300 -42.39838800
vn 89.00488700 13.38263100 -43.57792200
vn 89.81277100 -0.00000000 -43.97347200
vn 89.00488700 -13.38263100 -43.57792200
vn 86.59577000 -26.52450300 -42.39838800
vn 90.09248200 26.52450300 -34.34815000
vn 92.59887800 13.38263100 -35.30372500
vn 93.43938400 -0.00000000 -35.62417100
vn 92.59887800 -13.38263100 -35.30372500
vn 90.09248200 -26.52450300 -34.34815000
vn 92.84265900 26.52450300 -26.01329300
vn 95.42556600 13.38263100 -26.73699000
vn 96.29172900 -0.00000000 -26.97967700
vn 95.42556600 -13.38263100 -26.73699000
vn 92.84265900 -26.52450300 -26.01329300
vn 94.82351200 26.52450300 -17.46288100
vn 97.46152700 13.38263100 -17.94870300
vn 98.34617000 -0.00000000 -18.11162100
vn 97.46152700 -13.38263100 -17.94870300
vn 94.82351200 -26.52450300 -17.46288100
vn 96.01862800 26.52450300 -8.76776700
vn 98.68989100 13.38263100 -9.01168900
vn 99.58568400 -0.00000000 -9.09348600
vn 98.68989100 -13.38263100 -9.01168900
vn 96.01862800 -26.52450300 -8.76776700
vt 1.14394800 -0.09662600
vt 0.22214500 -1.14394800
vt -0.50353300 -2.98359100
vt -0.40218800 -2.93421800
vt 1.21561000 -0.00844800
vt -0.36688300 -2.89049900
vt 1.24057500 0.04236100
vt -1.25000000 2.86680300
vt -0.35355300 -2.83784600
vt 1.25000000 0.09662600
vt -0.35355300 2.83784600
vt -1.25000000 0.09662600
vt 1.25000000 2.86680300
vt -1.24057500 0.04236100
vt -0.36688300 2.89049900
vt -1.21561000 -0.00844800
vt -0.40218800 2.93421800
vt -1.14394800 -0.09662600
vt 0.22214500 1.14394800
vt -0.50353300 2.98359100
vt 0.00000000 0.03220900
vt 0.00000000 -0.03220900
vt -0.79498200 3.05402900
vt 0.00508800 0.93786300
vt -1.06405100 3.12520100
vt -0.19628500 0.74760200
vt 0.74760200 -0.08987200
vt -0.19628500 -0.74760200
vt -0.74760200 -0.08987200
vt -1.06405100 -3.12520100
vt 0.68181500 -0.00807900
vt -1.15708800 3.17723400
vt -1.18968000 3.22324800
vt 0.65876900 0.03918500
vt -1.20208200 3.27915000
vt 0.65000000 0.08987200
vt -0.65000000 -9.74404600
vt -0.65000000 0.08987200
vt -1.20208200 -3.27915000
vt 0.65000000 -9.74404600
vt -1.18968000 -3.22324800
vt -0.65876900 0.03918500
vt -0.68181500 -0.00807900
vt -1.15708800 -3.17723400
vt -0.00000000 0.02995700
vt -0.00000000 -0.02995700
vt -1.20208200 3.65868400
vt -0.65000000 -10.08097900
vt -0.65000000 -10.41791300
vt -1.20208200 4.03821800
vt -0.65000000 0.08987200
vt -0.65000000 -10.75484600
vt -1.20208200 4.41775200
vt 0.65000000 0.08987200
vt 0.65000000 -10.75484600
vt -1.20208200 -4.41775200
vt 0.65000000 -10.41791300
vt -1.20208200 -4.03821800
vt 0.65000000 -10.08097900
vt -1.20208200 -3.65868400
vt -0.00000000 -14.09687400
vt 0.35355300 15.39380400
vt 0.35355300 -15.39380400
vt 0.35355300 -14.81290600
vt 0.64458900 -14.05862100
vt 0.35355300 -14.23200700
vt 1.28012900 -13.94439900
vt 1.89769900 -13.75581100
vt 0.35355300 -13.65110900
vt 0.35355300 -13.07021100
vt 2.48862900 -13.49550500
vt 0.35355300 -12.48931300
vt 3.04462500 -13.16713500
vt 3.55788100 -12.77531000
vt 0.35355300 -11.90841400
vt 4.02119100 -12.32553100
vt 0.35355300 -11.32751600
vt 0.35355300 -10.74661800
vt 4.42805300 -11.82411200
vt 0.35355300 -10.16572000
vt 4.77275500 -11.27809100
vt 5.05045800 -10.69513400
vt 0.35355300 -9.58482100
vt 5.25726400 -10.08342400
vt 0.35355300 -9.00392300
vt 0.35355300 -8.42302500
vt 5.39026900 -9.45154700
vt 0.35355300 -7.84212700
vt 5.44760700 -8.80837500
vt 5.42847200 -8.16293600
vt 0.35355300 -7.26122800
vt 5.33313300 -7.52429000
vt 0.35355300 -6.68033000
vt 0.35355300 -6.09943200
vt 5.16292900 -6.90140300
vt 4.92024800 -6.30301800
vt 0.35355300 -5.51853400
vt 0.35355300 -4.93763500
vt 4.60849800 -5.73753600
vt 4.23205500 -5.21289500
vt 0.35355300 -4.35673700
vt 3.79620300 -4.73645900
vt 0.35355300 -3.77583900
vt 0.35355300 -3.19494000
vt 3.30706100 -4.31491700
vt 0.35355300 -2.61404200
vt 2.77149500 -3.95418600
vt 2.19702300 -3.65933000
vt 0.35355300 -2.03314400
vt 0.35355300 -1.45224600
vt 1.59170900 -3.43448800
vt 0.35355300 -0.87134700
vt 0.96405200 -3.28281700
vt 0.35355300 -0.29044900
vt 0.32286100 -3.20644500
vt 0.35355300 0.29044900
vt -0.32286100 -3.20644500
vt 0.35355300 0.87134700
vt -0.96405200 -3.28281700
vt 0.35355300 1.45224600
vt -1.59170900 -3.43448800
vt 0.35355300 2.03314400
vt -2.19702300 -3.65933000
vt 0.35355300 2.61404200
vt -2.77149500 -3.95418600
vt -3.30706100 -4.31491700
vt 0.35355300 3.19494000
vt 0.35355300 3.77583900
vt -3.79620300 -4.73645900
vt 0.35355300 4.35673700
vt -4.23205500 -5.21289500
vt -4.60849800 -5.73753600
vt 0.35355300 4.93763500
vt -4.92024800 -6.30301800
vt 0.35355300 5.51853400
vt -5.16292900 -6.90140300
vt 0.35355300 6.09943200
vt 0.35355300 6.68033000
vt -5.33313300 -7.52429000
vt -5.42847200 -8.16293600
vt 0.35355300 7.26122800
vt -5.44760700 -8.80837500
vt 0.35355300 7.84212700
vt -5.39026900 -9.45154700
vt 0.35355300 8.42302500
vt -5.25726400 -10.08342400
vt 0.35355300 9.00392300
vt -5.05045800 -10.69513400
vt 0.35355300 9.58482100
vt -4.77275500 -11.27809100
vt 0.35355300 10.16572000
vt 0.35355300 10.74661800
vt -4.42805300 -11.82411200
vt 0.35355300 11.32751600
vt -4.02119100 -12.32553100
vt 0.35355300 11.90841400
vt -3.55788100 -12.77531000
vt -3.04462500 -13.16713500
vt 0.35355300 12.48931300
vt -2.48862900 -13.49550500
vt 0.35355300 13.07021100
vt 0.35355300 13.65110900
vt -1.89769900 -13.75581100
vt 0.35355300 14.23200700
vt -1.28012900 -13.94439900
vt -0.64458900 -14.05862100
vt 0.35355300 14.81290600
vt -0.65000000 0.08987200
vt 0.65000000 7.33836400
vt -1.20208200 -14.82450300
vt -1.20208200 15.58357100
vt -1.20208200 -15.20403700
vt 0.65000000 7.00143100
vt -1.20208200 15.20403700
vt 0.65000000 6.66449700
vt -1.20208200 14.82450300
vt 0.65000000 6.32756400
vt 0.65000000 0.08987200
vt -1.18968000 14.76860100
vt 0.65876900 0.03918500
vt -1.15708800 14.72258700
vt 0.68181500 -0.00807900
vt -1.06405100 14.67055400
vt 0.19628500 -0.74760200
vt 0.74760200 -0.08987200
vt -0.50353300 14.52894400
vt -1.14394800 -0.09662600
vt -0.22214500 -1.14394800
vt -0.40218800 14.47957100
vt -1.21561000 -0.00844800
vt -0.36688300 14.43585200
vt -1.24057500 0.04236100
vt -0.35355300 14.38319900
vt -1.25000000 -14.52996600
vt -1.25000000 0.09662600
vt -1.25000000 -13.91467100
vt -0.35355300 13.77411900
vt -0.35355300 13.16503800
vt -1.25000000 -13.29937600
vt 1.25000000 0.09662600
vt -0.35355300 12.55595800
vt -1.25000000 -12.68408000
vt 1.24057500 0.04236100
vt -0.36688300 12.50330500
vt -0.40218800 12.45958600
vt 1.21561000 -0.00844800
vt -0.50353300 12.41021300
vt 0.22214500 -1.14394800
vt 1.14394800 -0.09662600
vt -1.06405100 12.26860300
vt -0.19628500 -0.74760200
vt -0.74760200 -0.08987200
vt -0.68181500 -0.00807900
vt -1.15708800 12.21657000
vt -0.65876900 0.03918500
vt -1.18968000 12.17055600
vt -1.20208200 12.11465400
vt 0.65000000 3.92188200
vt -0.65000000 0.08987200
vt 0.65000000 3.58494900
vt -1.20208200 11.73512000
vt -1.20208200 11.35558600
vt 0.65000000 3.24801500
vt 0.65000000 2.91108200
vt 0.65000000 0.08987200
vt -1.20208200 10.97605200
vt 0.65876900 0.03918500
vt -1.18968000 10.92015000
vt -1.15708800 10.87413600
vt 0.68181500 -0.00807900
vt 0.19628500 -0.74760200
vt 0.74760200 -0.08987200
vt -1.06405100 10.82210300
vt -0.22214500 -1.14394800
vt -0.50353300 10.68049300
vt -1.14394800 -0.09662600
vt -1.21561000 -0.00844800
vt -0.40218800 10.63112000
vt -1.24057500 0.04236100
vt -0.36688300 10.58740100
vt -1.25000000 0.09662600
vt -1.25000000 -10.64224500
vt -0.35355300 10.53474800
vt -0.35355300 9.92566800
vt -1.25000000 -10.02695000
vt -1.25000000 -9.41165500
vt -0.35355300 9.31658700
vt -0.35355300 8.70750700
vt -1.25000000 -8.79635900
vt 1.25000000 0.09662600
vt -0.36688300 8.65485400
vt 1.24057500 0.04236100
vt 1.21561000 -0.00844800
vt -0.40218800 8.61113500
vt 0.22214500 -1.14394800
vt -0.50353300 8.56176200
vt 1.14394800 -0.09662600
vt -0.19628500 -0.74760200
vt -1.06405100 8.42015200
vt -0.74760200 -0.08987200
vt -0.68181500 -0.00807900
vt -1.15708800 8.36811900
vt -1.18968000 8.32210500
vt -0.65876900 0.03918500
vt -0.65000000 0.08987200
vt -1.20208200 8.26620300
vt 0.65000000 0.50540000
vt -1.20208200 7.88666900
vt 0.65000000 0.16846700
vt -1.20208200 7.50713500
vt 0.65000000 -0.16846700
vt -1.20208200 7.12760100
vt 0.65000000 -0.50540000
vt 0.65000000 0.08987200
vt -1.18968000 7.07169900
vt 0.65876900 0.03918500
vt 0.68181500 -0.00807900
vt -1.15708800 7.02568500
vt 0.19628500 -0.74760200
vt 0.74760200 -0.08987200
vt -1.06405100 6.97365200
vt -0.50353300 6.83204200
vt -0.22214500 -1.14394800
vt -1.14394800 -0.09662600
vt -1.21561000 -0.00844800
vt -0.40218800 6.78266900
vt -1.24057500 0.04236100
vt -0.36688300 6.73895000
vt -0.35355300 6.68629700
vt -1.25000000 -6.75452400
vt -1.25000000 0.09662600
vt -0.35355300 6.07721700
vt -1.25000000 -6.13922900
vt -0.35355300 5.46813600
vt -1.25000000 -5.52393400
vt 1.25000000 0.09662600
vt -1.25000000 -4.90863900
vt -0.35355300 4.85905600
vt 1.24057500 0.04236100
vt -0.36688300 4.80640300
vt 1.21561000 -0.00844800
vt -0.40218800 4.76268400
vt 1.14394800 -0.09662600
vt 0.22214500 -1.14394800
vt -0.50353300 4.71331100
vt -1.06405100 4.57170100
vt -0.74760200 -0.08987200
vt -0.19628500 -0.74760200
vt -0.68181500 -0.00807900
vt -1.15708800 4.51966800
vt -0.65876900 0.03918500
vt -1.18968000 4.47365400
vt 0.65000000 -2.91108200
vt -0.65000000 0.08987200
vt -1.20208200 4.41775200
vt -1.20208200 4.03821800
vt 0.65000000 -3.24801500
vt -1.20208200 3.65868400
vt 0.65000000 -3.58494900
vt -1.20208200 3.27915000
vt 0.65000000 -3.92188200
vt 0.65000000 0.08987200
vt 0.65876900 0.03918500
vt -1.18968000 3.22324800
vt 0.68181500 -0.00807900
vt -1.15708800 3.17723400
vt 0.19628500 -0.74760200
vt 0.74760200 -0.08987200
vt -1.06405100 3.12520100
vt -0.50353300 2.98359100
vt -0.22214500 -1.14394800
vt -1.14394800 -0.09662600
vt -0.40218800 2.93421800
vt -1.21561000 -0.00844800
vt -0.36688300 2.89049900
vt -1.24057500 0.04236100
vt -0.35355300 2.83784600
vt -1.25000000 0.09662600
vt -1.25000000 -2.86680300
vt -1.25000000 -2.25150800
vt -0.35355300 2.22876600
vt -0.35355300 1.61968500
vt -1.25000000 -1.63621300
vt -0.35355300 1.01060500
vt -1.25000000 -1.02091800
vt 1.25000000 0.09662600
vt 1.24057500 0.04236100
vt -0.36688300 0.95795200
vt 1.21561000 -0.00844800
vt -0.40218800 0.91423300
vt -0.50353300 0.86486000
vt 1.14394800 -0.09662600
vt 0.22214500 -1.14394800
vt -0.19628500 -0.74760200
vt -1.06405100 0.72325000
vt -0.74760200 -0.08987200
vt -1.15708800 0.67121700
vt -0.68181500 -0.00807900
vt -1.18968000 0.62520300
vt -0.65876900 0.03918500
vt -0.65000000 0.08987200
vt 0.65000000 -6.32756400
vt -1.20208200 0.56930100
vt 0.65000000 -6.66449700
vt -1.20208200 0.18976700
vt -1.20208200 -0.18976700
vt 0.65000000 -7.00143100
vt 0.65000000 -7.33836400
vt -1.20208200 -0.56930100
vt 0.65000000 0.08987200
vt 0.65876900 0.03918500
vt -1.18968000 -0.62520300
vt 0.68181500 -0.00807900
vt -1.15708800 -0.67121700
vt -1.06405100 -0.72325000
vt 0.74760200 -0.08987200
vt 0.19628500 -0.74760200
vt -0.50353300 -0.86486000
vt -1.14394800 -0.09662600
vt -0.22214500 -1.14394800
vt -1.21561000 -0.00844800
vt -0.40218800 -0.91423300
vt -1.24057500 0.04236100
vt -0.36688300 -0.95795200
vt -1.25000000 0.09662600
vt -0.35355300 -1.01060500
vt -1.25000000 1.02091800
vt -0.35355300 -1.61968500
vt -1.25000000 1.63621300
vt -1.25000000 2.25150800
vt -0.35355300 -2.22876600
vt 0.65876900 0.03918500
vt -1.18968000 -4.47365400
vt -1.15708800 -4.51966800
vt 0.68181500 -0.00807900
vt 0.19628500 -0.74760200
vt 0.74760200 -0.08987200
vt -1.06405100 -4.57170100
vt -0.22214500 -1.14394800
vt -0.50353300 -4.71331100
vt -1.14394800 -0.09662600
vt -0.40218800 -4.76268400
vt -1.21561000 -0.00844800
vt -1.24057500 0.04236100
vt -0.36688300 -4.80640300
vt -1.25000000 0.09662600
vt -1.25000000 4.90863900
vt -0.35355300 -4.85905600
vt -1.25000000 5.52393400
vt -0.35355300 -5.46813600
vt -1.25000000 6.13922900
vt -0.35355300 -6.07721700
vt -0.35355300 -6.68629700
vt 1.25000000 0.09662600
vt -1.25000000 6.75452400
vt 1.24057500 0.04236100
vt -0.36688300 -6.73895000
vt -0.40218800 -6.78266900
vt 1.21561000 -0.00844800
vt -0.50353300 -6.83204200
vt 1.14394800 -0.09662600
vt 0.22214500 -1.14394800
vt -1.06405100 -6.97365200
vt -0.74760200 -0.08987200
vt -0.19628500 -0.74760200
vt -0.68181500 -0.00807900
vt -1.15708800 -7.02568500
vt -1.18968000 -7.07169900
vt -0.65876900 0.03918500
vt 0.65000000 0.50540000
vt -1.20208200 -7.12760100
vt -0.65000000 0.08987200
vt -1.20208200 -7.50713500
vt 0.65000000 0.16846700
vt 0.65000000 -0.16846700
vt -1.20208200 -7.88666900
vt -1.20208200 -8.26620300
vt 0.65000000 0.08987200
vt 0.65000000 -0.50540000
vt -1.18968000 -8.32210500
vt 0.65876900 0.03918500
vt 0.68181500 -0.00807900
vt -1.15708800 -8.36811900
vt -1.06405100 -8.42015200
vt 0.19628500 -0.74760200
vt 0.74760200 -0.08987200
vt -0.50353300 -8.56176200
vt -1.14394800 -0.09662600
vt -0.22214500 -1.14394800
vt -1.21561000 -0.00844800
vt -0.40218800 -8.61113500
vt -0.36688300 -8.65485400
vt -1.24057500 0.04236100
vt -1.25000000 8.79635900
vt -0.35355300 -8.70750700
vt -1.25000000 0.09662600
vt -0.35355300 -9.31658700
vt -1.25000000 9.41165500
vt -0.35355300 -9.92566800
vt -1.25000000 10.02695000
vt -1.25000000 10.64224500
vt 1.25000000 0.09662600
vt -0.35355300 -10.53474800
vt -0.36688300 -10.58740100
vt 1.24057500 0.04236100
vt 1.21561000 -0.00844800
vt -0.40218800 -10.63112000
vt 0.22214500 -1.14394800
vt 1.14394800 -0.09662600
vt -0.50353300 -10.68049300
vt -1.06405100 -10.82210300
vt -0.19628500 -0.74760200
vt -0.74760200 -0.08987200
vt -1.15708800 -10.87413600
vt -0.68181500 -0.00807900
vt -1.18968000 -10.92015000
vt -0.65876900 0.03918500
vt 0.65000000 10.75484600
vt -1.20208200 -10.97605200
vt -0.65000000 0.08987200
vt 0.65000000 10.41791300
vt -1.20208200 -11.35558600
vt 0.65000000 10.08097900
vt -1.20208200 -11.73512000
vt -1.20208200 -12.11465400
vt 0.65000000 9.74404600
vt 0.65000000 0.08987200
vt -1.18968000 -12.17055600
vt 0.65876900 0.03918500
vt -1.15708800 -12.21657000
vt 0.68181500 -0.00807900
vt 0.19628500 -0.74760200
vt -1.06405100 -12.26860300
vt 0.74760200 -0.08987200
vt -0.22214500 -1.14394800
vt -0.50353300 -12.41021300
vt -1.14394800 -0.09662600
vt -1.21561000 -0.00844800
vt -0.40218800 -12.45958600
vt -1.24057500 0.04236100
vt -0.36688300 -12.50330500
vt -1.25000000 0.09662600
vt -1.25000000 12.68408000
vt -0.35355300 -12.55595800
vt -1.25000000 13.29937600
vt -0.35355300 -13.16503800
vt -1.25000000 13.91467100
vt -0.35355300 -13.77411900
vt -1.25000000 14.52996600
vt -0.35355300 -14.38319900
vt 1.25000000 0.09662600
vt 1.24057500 0.04236100
vt -0.36688300 -14.43585200
vt 1.21561000 -0.00844800
vt -0.40218800 -14.47957100
vt 1.14394800 -0.09662600
vt 0.22214500 -1.14394800
vt -0.50353300 -14.52894400
vt -0.74760200 -0.08987200
vt -0.19628500 -0.74760200
vt -1.06405100 -14.67055400
vt -1.15708800 -14.72258700
vt -0.68181500 -0.00807900
vt -1.18968000 -14.76860100
vt -0.65876900 0.03918500
vt -1.18968000 4.47365400
vt -0.65876900 0.03918500
vt -1.15708800 4.51966800
vt -0.68181500 -0.00807900
vt -0.74760200 -0.08987200
vt 0.19628500 0.74760200
vt -1.06405100 4.57170100
vt 0.00000000 0.02995700
vt 0.00000000 -0.02995700
vt 0.00000000 -14.54687400
vt 0.35355300 15.39380400
vt 0.35355300 -15.39380400
vt 0.64458900 -14.50862100
vt 0.35355300 -14.81290600
vt 0.35355300 -14.23200700
vt 1.28012900 -14.39439900
vt 1.89769900 -14.20581100
vt 0.35355300 -13.65110900
vt 2.48862900 -13.94550500
vt 0.35355300 -13.07021100
vt 0.35355300 -12.48931300
vt 3.04462500 -13.61713500
vt 3.55788100 -13.22531000
vt 0.35355300 -11.90841400
vt 0.35355300 -11.32751600
vt 4.02119100 -12.77553100
vt 4.42805300 -12.27411200
vt 0.35355300 -10.74661800
vt 0.35355300 -10.16572000
vt 4.77275500 -11.72809100
vt 5.05045800 -11.14513400
vt 0.35355300 -9.58482100
vt 0.35355300 -9.00392300
vt 5.25726400 -10.53342400
vt 0.35355300 -8.42302500
vt 5.39026900 -9.90154700
vt 0.35355300 -7.84212700
vt 5.44760700 -9.25837500
vt 5.42847200 -8.61293600
vt 0.35355300 -7.26122800
vt 0.35355300 -6.68033000
vt 5.33313300 -7.97429000
vt 5.16292900 -7.35140300
vt 0.35355300 -6.09943200
vt 4.92024800 -6.75301800
vt 0.35355300 -5.51853400
vt 4.60849800 -6.18753600
vt 0.35355300 -4.93763500
vt 4.23205500 -5.66289500
vt 0.35355300 -4.35673700
vt 0.35355300 -3.77583900
vt 3.79620300 -5.18645900
vt 0.35355300 -3.19494000
vt 3.30706100 -4.76491700
vt 2.77149500 -4.40418600
vt 0.35355300 -2.61404200
vt 0.35355300 -2.03314400
vt 2.19702300 -4.10933000
vt 0.35355300 -1.45224600
vt 1.59170900 -3.88448800
vt 0.35355300 -0.87134700
vt 0.96405200 -3.73281700
vt 0.32286100 -3.65644500
vt 0.35355300 -0.29044900
vt -0.32286100 -3.65644500
vt 0.35355300 0.29044900
vt -0.96405200 -3.73281700
vt 0.35355300 0.87134700
vt -1.59170900 -3.88448800
vt 0.35355300 1.45224600
vt 0.35355300 2.03314400
vt -2.19702300 -4.10933000
vt -2.77149500 -4.40418600
vt 0.35355300 2.61404200
vt -3.30706100 -4.76491700
vt 0.35355300 3.19494000
vt 0.35355300 3.77583900
vt -3.79620300 -5.18645900
vt -4.23205500 -5.66289500
vt 0.35355300 4.35673700
vt -4.60849800 -6.18753600
vt 0.35355300 4.93763500
vt 0.35355300 5.51853400
vt -4.92024800 -6.75301800
vt 0.35355300 6.09943200
vt -5.16292900 -7.35140300
vt -5.33313300 -7.97429000
vt 0.35355300 6.68033000
vt 0.35355300 7.26122800
vt -5.42847200 -8.61293600
vt 0.35355300 7.84212700
vt -5.44760700 -9.25837500
vt -5.39026900 -9.90154700
vt 0.35355300 8.42302500
vt -5.25726400 -10.53342400
vt 0.35355300 9.00392300
vt 0.35355300 9.58482100
vt -5.05045800 -11.14513400
vt 0.35355300 10.16572000
vt -4.77275500 -11.72809100
vt 0.35355300 10.74661800
vt -4.42805300 -12.27411200
vt 0.35355300 11.32751600
vt -4.02119100 -12.77553100
vt -3.55788100 -13.22531000
vt 0.35355300 11.90841400
vt 0.35355300 12.48931300
vt -3.04462500 -13.61713500
vt -2.48862900 -13.94550500
vt 0.35355300 13.07021100
vt 0.35355300 13.65110900
vt -1.89769900 -14.20581100
vt 0.35355300 14.23200700
vt -1.28012900 -14.39439900
vt -0.64458900 -14.50862100
vt 0.35355300 14.81290600
vt -0.65000000 0.08987200
vt -0.65000000 6.32756400
vt -1.20208200 -14.82450300
vt -1.20208200 15.58357100
vt -0.65000000 6.66449700
vt -1.20208200 -15.20403700
vt -0.65000000 7.00143100
vt -1.20208200 15.20403700
vt -1.20208200 14.82450300
vt -0.65000000 7.33836400
vt 0.65000000 0.08987200
vt 0.65876900 0.03918500
vt -1.18968000 14.76860100
vt -1.15708800 14.72258700
vt 0.68181500 -0.00807900
vt -1.06405100 14.67055400
vt 0.74760200 -0.08987200
vt -0.19628500 0.74760200
vt -0.79498200 14.59938200
vt 0.00508800 0.93786300
vt 0.22214500 1.14394800
vt -0.50353300 14.52894400
vt -1.14394800 -0.09662600
vt -1.21561000 -0.00844800
vt -0.40218800 14.47957100
vt -1.24057500 0.04236100
vt -0.36688300 14.43585200
vt -0.35355300 14.38319900
vt -1.25000000 0.09662600
vt 1.25000000 14.52996600
vt -0.35355300 13.77411900
vt 1.25000000 13.91467100
vt 1.25000000 13.29937600
vt -0.35355300 13.16503800
vt 1.25000000 0.09662600
vt 1.25000000 12.68408000
vt -0.35355300 12.55595800
vt 1.24057500 0.04236100
vt -0.36688300 12.50330500
vt -0.40218800 12.45958600
vt 1.21561000 -0.00844800
vt -0.50353300 12.41021300
vt -0.22214500 1.14394800
vt 1.14394800 -0.09662600
vt -0.79498200 12.33977500
vt -0.00508800 0.93786300
vt -1.06405100 12.26860300
vt -0.74760200 -0.08987200
vt 0.19628500 0.74760200
vt -1.15708800 12.21657000
vt -0.68181500 -0.00807900
vt -1.18968000 12.17055600
vt -0.65876900 0.03918500
vt -1.20208200 12.11465400
vt -0.65000000 9.74404600
vt -0.65000000 0.08987200
vt -0.65000000 10.08097900
vt -1.20208200 11.73512000
vt -0.65000000 10.41791300
vt -1.20208200 11.35558600
vt -1.20208200 10.97605200
vt -0.65000000 10.75484600
vt 0.65000000 0.08987200
vt 0.65876900 0.03918500
vt -1.18968000 10.92015000
vt -1.15708800 10.87413600
vt 0.68181500 -0.00807900
vt 0.74760200 -0.08987200
vt -1.06405100 10.82210300
vt -0.19628500 0.74760200
vt 0.00508800 0.93786300
vt -0.79498200 10.75093100
vt 0.22214500 1.14394800
vt -1.14394800 -0.09662600
vt -0.50353300 10.68049300
vt -0.40218800 10.63112000
vt -1.21561000 -0.00844800
vt -0.36688300 10.58740100
vt -1.24057500 0.04236100
vt -0.35355300 10.53474800
vt -1.25000000 0.09662600
vt 1.25000000 10.64224500
vt 1.25000000 10.02695000
vt -0.35355300 9.92566800
vt 1.25000000 9.41165500
vt -0.35355300 9.31658700
vt 1.25000000 8.79635900
vt -0.35355300 8.70750700
vt 1.25000000 0.09662600
vt 1.24057500 0.04236100
vt -0.36688300 8.65485400
vt 1.21561000 -0.00844800
vt -0.40218800 8.61113500
vt -0.22214500 1.14394800
vt 1.14394800 -0.09662600
vt -0.50353300 8.56176200
vt -0.00508800 0.93786300
vt -0.79498200 8.49132400
vt -0.74760200 -0.08987200
vt -1.06405100 8.42015200
vt 0.19628500 0.74760200
vt -0.68181500 -0.00807900
vt -1.15708800 8.36811900
vt -1.18968000 8.32210500
vt -0.65876900 0.03918500
vt -1.20208200 8.26620300
vt -0.65000000 0.08987200
vt -0.65000000 -0.50540000
vt -1.20208200 7.88666900
vt -0.65000000 -0.16846700
vt -1.20208200 7.50713500
vt -0.65000000 0.16846700
vt -1.20208200 7.12760100
vt 0.65000000 0.08987200
vt -0.65000000 0.50540000
vt 0.65876900 0.03918500
vt -1.18968000 7.07169900
vt 0.68181500 -0.00807900
vt -1.15708800 7.02568500
vt -1.06405100 6.97365200
vt 0.74760200 -0.08987200
vt -0.19628500 0.74760200
vt -0.79498200 6.90248000
vt 0.00508800 0.93786300
vt 0.22214500 1.14394800
vt -0.50353300 6.83204200
vt -1.14394800 -0.09662600
vt -0.40218800 6.78266900
vt -1.21561000 -0.00844800
vt -1.24057500 0.04236100
vt -0.36688300 6.73895000
vt 1.25000000 6.75452400
vt -1.25000000 0.09662600
vt -0.35355300 6.68629700
vt -0.35355300 6.07721700
vt 1.25000000 6.13922900
vt -0.35355300 5.46813600
vt 1.25000000 5.52393400
vt 1.25000000 4.90863900
vt -0.35355300 4.85905600
vt 1.25000000 0.09662600
vt 1.24057500 0.04236100
vt -0.36688300 4.80640300
vt 1.21561000 -0.00844800
vt -0.40218800 4.76268400
vt -0.22214500 1.14394800
vt -0.50353300 4.71331100
vt 1.14394800 -0.09662600
vt -0.79498200 4.64287300
vt -0.00508800 0.93786300
vt -0.35355300 2.22876600
vt 1.25000000 2.25150800
vt -0.35355300 1.61968500
vt 1.25000000 1.63621300
vt -0.35355300 1.01060500
vt 1.25000000 0.09662600
vt 1.25000000 1.02091800
vt -0.36688300 0.95795200
vt 1.24057500 0.04236100
vt -0.40218800 0.91423300
vt 1.21561000 -0.00844800
vt -0.50353300 0.86486000
vt -0.22214500 1.14394800
vt 1.14394800 -0.09662600
vt -0.79498200 0.79442200
vt -0.00508800 0.93786300
vt 0.19628500 0.74760200
vt -0.74760200 -0.08987200
vt -1.06405100 0.72325000
vt -0.68181500 -0.00807900
vt -1.15708800 0.67121700
vt -1.18968000 0.62520300
vt -0.65876900 0.03918500
vt -1.20208200 0.56930100
vt -0.65000000 0.08987200
vt -0.65000000 -7.33836400
vt -0.65000000 -7.00143100
vt -1.20208200 0.18976700
vt -1.20208200 -0.18976700
vt -0.65000000 -6.66449700
vt -0.65000000 -6.32756400
vt 0.65000000 0.08987200
vt -1.20208200 -0.56930100
vt -1.18968000 -0.62520300
vt 0.65876900 0.03918500
vt 0.68181500 -0.00807900
vt -1.15708800 -0.67121700
vt -1.06405100 -0.72325000
vt -0.19628500 0.74760200
vt 0.74760200 -0.08987200
vt 0.00508800 0.93786300
vt -0.79498200 -0.79442200
vt 0.22214500 1.14394800
vt -1.14394800 -0.09662600
vt -0.50353300 -0.86486000
vt -1.21561000 -0.00844800
vt -0.40218800 -0.91423300
vt -0.36688300 -0.95795200
vt -1.24057500 0.04236100
vt 1.25000000 -1.02091800
vt -0.35355300 -1.01060500
vt -1.25000000 0.09662600
vt 1.25000000 -1.63621300
vt -0.35355300 -1.61968500
vt 1.25000000 -2.25150800
vt -0.35355300 -2.22876600
vt -0.35355300 -2.83784600
vt 1.25000000 -2.86680300
vt 1.25000000 0.09662600
vt -0.36688300 -2.89049900
vt 1.24057500 0.04236100
vt -0.40218800 -2.93421800
vt 1.21561000 -0.00844800
vt 1.14394800 -0.09662600
vt -0.50353300 -2.98359100
vt -0.22214500 1.14394800
vt -0.00508800 0.93786300
vt -0.79498200 -3.05402900
vt -0.74760200 -0.08987200
vt -1.06405100 -3.12520100
vt 0.19628500 0.74760200
vt -1.15708800 -3.17723400
vt -0.68181500 -0.00807900
vt -1.18968000 -3.22324800
vt -0.65876900 0.03918500
vt -1.20208200 -3.27915000
vt -0.65000000 0.08987200
vt -0.65000000 -3.92188200
vt -0.65000000 -3.58494900
vt -1.20208200 -3.65868400
vt -0.65000000 -3.24801500
vt -1.20208200 -4.03821800
vt -1.20208200 -4.41775200
vt 0.65000000 0.08987200
vt -0.65000000 -2.91108200
vt -1.18968000 -4.47365400
vt 0.65876900 0.03918500
vt -1.15708800 -4.51966800
vt 0.68181500 -0.00807900
vt 0.74760200 -0.08987200
vt -0.19628500 0.74760200
vt -1.06405100 -4.57170100
vt 0.00508800 0.93786300
vt -0.79498200 -4.64287300
vt 0.22214500 1.14394800
vt -1.14394800 -0.09662600
vt -0.50353300 -4.71331100
vt -0.40218800 -4.76268400
vt -1.21561000 -0.00844800
vt -1.24057500 0.04236100
vt -0.36688300 -4.80640300
vt -0.35355300 -4.85905600
vt 1.25000000 -4.90863900
vt -1.25000000 0.09662600
vt 1.25000000 -5.52393400
vt -0.35355300 -5.46813600
vt 1.25000000 -6.13922900
vt -0.35355300 -6.07721700
vt -0.35355300 -6.68629700
vt 1.25000000 0.09662600
vt 1.25000000 -6.75452400
vt 1.24057500 0.04236100
vt -0.36688300 -6.73895000
vt -0.40218800 -6.78266900
vt 1.21561000 -0.00844800
vt 1.14394800 -0.09662600
vt -0.22214500 1.14394800
vt -0.50353300 -6.83204200
vt -0.79498200 -6.90248000
vt -0.00508800 0.93786300
vt -1.06405100 -6.97365200
vt -0.74760200 -0.08987200
vt 0.19628500 0.74760200
vt -0.68181500 -0.00807900
vt -1.15708800 -7.02568500
vt -1.18968000 -7.07169900
vt -0.65876900 0.03918500
vt -0.65000000 0.08987200
vt -1.20208200 -7.12760100
vt -0.65000000 -0.50540000
vt -0.65000000 -0.16846700
vt -1.20208200 -7.50713500
vt -1.20208200 -7.88666900
vt -0.65000000 0.16846700
vt -0.65000000 0.50540000
vt -1.20208200 -8.26620300
vt 0.65000000 0.08987200
vt -1.18968000 -8.32210500
vt 0.65876900 0.03918500
vt 0.68181500 -0.00807900
vt -1.15708800 -8.36811900
vt 0.74760200 -0.08987200
vt -0.19628500 0.74760200
vt -1.06405100 -8.42015200
vt 0.00508800 0.93786300
vt -0.79498200 -8.49132400
vt -0.50353300 -8.56176200
vt -1.14394800 -0.09662600
vt 0.22214500 1.14394800
vt -1.21561000 -0.00844800
vt -0.40218800 -8.61113500
vt -1.24057500 0.04236100
vt -0.36688300 -8.65485400
vt -0.35355300 -8.70750700
vt -1.25000000 0.09662600
vt 1.25000000 -8.79635900
vt 1.25000000 -9.41165500
vt -0.35355300 -9.31658700
vt -0.35355300 -9.92566800
vt 1.25000000 -10.02695000
vt 1.25000000 0.09662600
vt -0.35355300 -10.53474800
vt 1.25000000 -10.64224500
vt -0.36688300 -10.58740100
vt 1.24057500 0.04236100
vt 1.21561000 -0.00844800
vt -0.40218800 -10.63112000
vt -0.50353300 -10.68049300
vt 1.14394800 -0.09662600
vt -0.22214500 1.14394800
vt -0.79498200 -10.75093100
vt -0.00508800 0.93786300
vt 0.19628500 0.74760200
vt -0.74760200 -0.08987200
vt -1.06405100 -10.82210300
vt -1.15708800 -10.87413600
vt -0.68181500 -0.00807900
vt -0.65876900 0.03918500
vt -1.18968000 -10.92015000
vt -0.65000000 0.08987200
vt -1.20208200 -10.97605200
vt -0.65000000 2.91108200
vt -0.65000000 3.24801500
vt -1.20208200 -11.35558600
vt -0.65000000 3.58494900
vt -1.20208200 -11.73512000
vt 0.65000000 0.08987200
vt -0.65000000 3.92188200
vt -1.20208200 -12.11465400
vt 0.65876900 0.03918500
vt -1.18968000 -12.17055600
vt -1.15708800 -12.21657000
vt 0.68181500 -0.00807900
vt 0.74760200 -0.08987200
vt -0.19628500 0.74760200
vt -1.06405100 -12.26860300
vt 0.00508800 0.93786300
vt -0.79498200 -12.33977500
vt -0.50353300 -12.41021300
vt -1.14394800 -0.09662600
vt 0.22214500 1.14394800
vt -1.21561000 -0.00844800
vt -0.40218800 -12.45958600
vt -0.36688300 -12.50330500
vt -1.24057500 0.04236100
vt 1.25000000 -12.68408000
vt -1.25000000 0.09662600
vt -0.35355300 -12.55595800
vt -0.35355300 -13.16503800
vt 1.25000000 -13.29937600
vt 1.25000000 -13.91467100
vt -0.35355300 -13.77411900
vt 1.25000000 -14.52996600
vt -0.35355300 -14.38319900
vt 1.25000000 0.09662600
vt 1.24057500 0.04236100
vt -0.36688300 -14.43585200
vt -0.40218800 -14.47957100
vt 1.21561000 -0.00844800
vt -0.22214500 1.14394800
vt 1.14394800 -0.09662600
vt -0.50353300 -14.52894400
vt -0.00508800 0.93786300
vt -0.79498200 -14.59938200
vt -1.06405100 -14.67055400
vt 0.19628500 0.74760200
vt -0.74760200 -0.08987200
vt -1.15708800 -14.72258700
vt -0.68181500 -0.00807900
vt -0.65876900 0.03918500
vt -1.18968000 -14.76860100
vt 0.00000000 0.03220900
vt 0.00000000 -0.03220900
vt 0.00000000 0.03220900
vt 0.00000000 -0.03220900
vt -0.00000000 0.02995700
vt -0.00000000 -0.02995700
vt 0.00000000 0.02995700
vt 0.00000000 -0.02995700
vt 0.00000000 0.03220900
vt 0.00000000 -0.03220900
vt 0.00000000 0.03220900
vt 0.00000000 -0.03220900
vt -0.00000000 0.02995700
vt -0.00000000 -0.02995700
vt 0.00000000 0.02995700
vt 0.00000000 -0.02995700
vt 0.00000000 0.03220900
vt 0.00000000 -0.03220900
vt 0.00000000 0.03220900
vt 0.00000000 -0.03220900
vt -0.00000000 0.02995700
vt -0.00000000 -0.02995700
vt 0.00000000 0.03220900
vt 0.00000000 -0.03220900
vt 0.00000000 0.02995700
vt 0.00000000 -0.02995700
vt 0.00000000 0.03220900
vt 0.00000000 -0.03220900
vt -0.00000000 0.02995700
vt -0.00000000 -0.02995700
vt 0.00000000 0.02995700
vt 0.00000000 -0.02995700
vt 0.00000000 0.03220900
vt 0.00000000 -0.03220900
vt 0.00000000 0.03220900
vt 0.00000000 -0.03220900
vt -0.00000000 0.02995700
vt -0.00000000 -0.02995700
vt 0.00000000 0.03220900
vt 0.00000000 -0.03220900
vt 0.00000000 0.02995700
vt 0.00000000 -0.02995700
vt 0.00000000 0.03220900
vt 0.00000000 -0.03220900
vt -0.00000000 0.02995700
vt -0.00000000 -0.02995700
vt 0.00000000 0.02995700
vt 0.00000000 -0.02995700
vt 0.00000000 0.03220900
vt 0.00000000 -0.03220900
vt 0.00000000 0.03220900
vt 0.00000000 -0.03220900
vt -0.00000000 0.02995700
vt -0.00000000 -0.02995700
vt 0.00000000 0.02995700
vt 0.00000000 -0.02995700
vt 0.00000000 0.03220900
vt 0.00000000 -0.03220900
vt -0.47123900 -28.49256500
vt -0.47123900 28.49256500
vt 8.90404200 -8.64687400
vt -0.47123900 -27.64204000
vt 8.86491700 -7.81308600
vt -0.47123900 -26.79151600
vt 8.74788700 -6.98662600
vt 8.55398100 -6.17475500
vt -0.47123900 -25.94099200
vt -0.47123900 -25.09046700
vt 8.28490200 -5.38461000
vt -0.47123900 -24.23994300
vt 7.94301500 -4.62313400
vt 7.53132400 -3.89701900
vt -0.47123900 -23.38941900
vt -0.47123900 -22.53889400
vt 7.05344800 -3.21264600
vt -0.47123900 -21.68837000
vt 6.51358600 -2.57602800
vt -0.47123900 -20.83784600
vt 5.91648200 -1.99276200
vt -0.47123900 -19.98732100
vt 5.26738400 -1.46797200
vt -0.47123900 -19.13679700
vt 4.57199600 -1.00627100
vt -0.47123900 -18.28627300
vt 3.83642900 -0.61171500
vt -0.47123900 -17.43574800
vt 3.06714700 -0.28777300
vt 2.27091100 -0.03729100
vt -0.47123900 -16.58522400
vt 1.45471900 0.13753000
vt -0.47123900 -15.73470000
vt 0.62574200 0.23515300
vt -0.47123900 -14.88417600
vt -0.47123900 -14.03365100
vt -0.20873400 0.25472100
vt -0.47123900 -13.18312700
vt -1.04137500 0.19606100
vt -1.86486500 0.05968900
vt -0.47123900 -12.33260300
vt -0.47123900 -11.48207800
vt -2.67196600 -0.15319600
vt -0.47123900 -10.63155400
vt -3.45558600 -0.44072400
vt -0.47123900 -9.78103000
vt -4.20883800 -0.80036900
vt -0.47123900 -8.93050500
vt -4.92510300 -1.22896800
vt -0.47123900 -8.07998100
vt -5.59808600 -1.72275700
vt -0.47123900 -7.22945700
vt -6.22187200 -2.27739400
vt -6.79098100 -2.88800700
vt -0.47123900 -6.37893200
vt -7.30041000 -3.54922900
vt -0.47123900 -5.52840800
vt -0.47123900 -4.67788400
vt -7.74568300 -4.25525000
vt -8.12288600 -4.99986400
vt -0.47123900 -3.82735900
vt -0.47123900 -2.97683500
vt -8.42870500 -5.77652800
vt -0.47123900 -2.12631100
vt -8.66045300 -6.57841700
vt -8.81609200 -7.39848400
vt -0.47123900 -1.27578600
vt -0.47123900 -0.42526200
vt -8.89425500 -8.22952100
vt -8.89425500 -9.06422600
vt -0.47123900 0.42526200
vt -8.81609200 -9.89526400
vt -0.47123900 1.27578600
vt -8.66045300 -10.71533000
vt -0.47123900 2.12631100
vt -0.47123900 2.97683500
vt -8.42870500 -11.51721900
vt -0.47123900 3.82735900
vt -8.12288600 -12.29388300
vt -7.74568300 -13.03849700
vt -0.47123900 4.67788400
vt -0.47123900 5.52840800
vt -7.30041000 -13.74451800
vt -0.47123900 6.37893200
vt -6.79098100 -14.40574000
vt -6.22187200 -15.01635300
vt -0.47123900 7.22945700
vt -0.47123900 8.07998100
vt -5.59808600 -15.57099100
vt -4.92510300 -16.06477900
vt -0.47123900 8.93050500
vt -4.20883800 -16.49337900
vt -0.47123900 9.78103000
vt -3.45558600 -16.85302300
vt -0.47123900 10.63155400
vt -0.47123900 11.48207800
vt -2.67196600 -17.14055100
vt -1.86486500 -17.35343700
vt -0.47123900 12.33260300
vt -0.47123900 13.18312700
vt -1.04137500 -17.48980800
vt -0.47123900 14.03365100
vt -0.20873400 -17.54846800
vt 0.62574200 -17.52890100
vt -0.47123900 14.88417600
vt 1.45471900 -17.43127800
vt -0.47123900 15.73470000
vt 2.27091100 -17.25645700
vt -0.47123900 16.58522400
vt -0.47123900 17.43574800
vt 3.06714700 -17.00597400
vt -0.47123900 18.28627300
vt 3.83642900 -16.68203200
vt 4.57199600 -16.28747700
vt -0.47123900 19.13679700
vt 5.26738400 -15.82577500
vt -0.47123900 19.98732100
vt -0.47123900 20.83784600
vt 5.91648200 -15.30098500
vt 6.51358600 -14.71771900
vt -0.47123900 21.68837000
vt -0.47123900 22.53889400
vt 7.05344800 -14.08110200
vt -0.47123900 23.38941900
vt 7.53132400 -13.39672800
vt 7.94301500 -12.67061300
vt -0.47123900 24.23994300
vt 8.28490200 -11.90913700
vt -0.47123900 25.09046700
vt -0.47123900 25.94099200
vt 8.55398100 -11.11899200
vt 8.74788700 -10.30712200
vt -0.47123900 26.79151600
vt -0.47123900 27.64204000
vt 8.86491700 -9.48066100
vt -1.75000000 14.22420800
vt -3.50000000 -0.74829100
vt 8.62307100 -9.28801500
vt -1.75000000 14.45706400
vt 8.60268100 -9.51997000
vt -1.75000000 14.68992100
vt 8.57605300 -9.75129200
vt 8.54320500 -9.98181400
vt -1.75000000 14.92277800
vt -3.50000000 -0.49205800
vt -3.50000000 -0.35595700
vt 8.49292500 -10.10703200
vt -3.50000000 -0.21985700
vt 8.39285200 -10.19754700
vt -3.50000000 -0.08375700
vt 8.26323100 -10.23504800
vt -3.50000000 0.05234300
vt 8.13028800 -10.21194800
vt 3.50000000 -0.37766200
vt 7.61249800 -10.02039100
vt 3.50000000 -0.92993200
vt 7.07972000 -9.87565500
vt 3.50000000 -1.48220100
vt 6.53618000 -9.77888700
vt 3.50000000 -2.03447100
vt 5.98618600 -9.73085600
vt -3.50000000 -0.05454800
vt 3.50000000 -2.58674100
vt -3.50000000 0.06981800
vt 5.86654200 -9.70032500
vt 5.76933000 -9.62419000
vt -3.50000000 0.19418500
vt -3.50000000 0.31855100
vt 5.71101800 -9.51534800
vt 1.75000000 9.77954800
vt -3.50000000 0.44291700
vt 5.70148500 -9.39223900
vt 1.75000000 9.71889000
vt 5.70903000 -9.33205300
vt 1.75000000 9.65823300
vt 5.71594100 -9.27179100
vt -3.50000000 0.83457200
vt 1.75000000 9.59757600
vt 5.72221500 -9.21146000
vt 5.76326100 -9.05666000
vt -3.50000000 0.99541400
vt 5.85114300 -8.92277800
vt -3.50000000 1.15625500
vt -3.50000000 1.31709700
vt 5.97684600 -8.82354800
vt -3.50000000 -2.53854800
vt 6.12747400 -8.76915200
vt -3.50000000 1.47793900
vt -3.50000000 -2.01461300
vt 6.64606700 -8.69578100
vt -3.50000000 -1.49067700
vt 7.16916400 -8.66949300
vt -3.50000000 -0.96674200
vt 7.69250000 -8.69050000
vt -3.50000000 -0.44280600
vt -3.50000000 -1.48298600
vt 8.21180700 -8.75863200
vt -3.50000000 -1.29931200
vt 8.38278800 -8.82285200
vt 8.51929700 -8.94419300
vt -3.50000000 -1.11563800
vt 8.60312000 -9.10646500
vt -3.50000000 -0.93196400
vt -3.50000000 -0.44280600
vt 7.98105200 -10.58312900
vt -3.50000000 -1.48298600
vt 8.13345500 -10.68378600
vt -3.50000000 -1.29931200
vt -3.50000000 -1.11563800
vt 8.23954000 -10.83246100
vt -3.50000000 -0.93196400
vt 8.28515300 -11.00931700
vt 8.26420600 -11.19075400
vt -3.50000000 -0.74829100
vt -1.75000000 16.16456200
vt -1.75000000 16.39741800
vt 8.19271200 -11.41235700
vt 8.11527700 -11.63195400
vt -1.75000000 16.63027500
vt -3.50000000 -0.49205800
vt -1.75000000 16.86313200
vt 8.03195700 -11.84938600
vt -3.50000000 -0.35595700
vt 7.95507400 -11.96027600
vt 7.83736800 -12.02625400
vt -3.50000000 -0.21985700
vt -3.50000000 -0.08375700
vt 7.70265300 -12.03397100
vt 3.50000000 -0.37766200
vt -3.50000000 0.05234300
vt 7.57818200 -11.98186700
vt 7.11600000 -11.67989400
vt 3.50000000 -0.92993200
vt 3.50000000 -1.48220100
vt 6.62878800 -11.42023300
vt 3.50000000 -2.03447100
vt 6.12040700 -11.20494200
vt 3.50000000 -2.58674100
vt 5.59489100 -11.03573000
vt -3.50000000 -0.05454800
vt -3.50000000 0.06981800
vt 5.48504100 -10.97934100
vt 5.40720800 -10.88348300
vt -3.50000000 0.19418500
vt 5.37457700 -10.76439500
vt -3.50000000 0.31855100
vt 5.39267700 -10.64225100
vt -3.50000000 0.44291700
vt 1.75000000 11.06984500
vt 5.41342600 -10.58525300
vt 1.75000000 11.00918700
vt 5.43357300 -10.52804000
vt 1.75000000 10.94853000
vt 5.45311500 -10.47061700
vt 1.75000000 10.88787300
vt -3.50000000 0.83457200
vt -3.50000000 0.99541400
vt 5.52757800 -10.32883200
vt -3.50000000 1.15625500
vt 5.64304800 -10.21786200
vt -3.50000000 1.31709700
vt 5.78768000 -10.14909200
vt -3.50000000 1.47793900
vt 5.94663600 -10.12957800
vt -3.50000000 -2.53854800
vt 6.46855300 -10.17344400
vt -3.50000000 -2.01461300
vt 6.98438500 -10.26421500
vt -3.50000000 -1.49067700
vt 7.48992600 -10.40114900
vt -3.50000000 -0.96674200
vt 7.35009200 -12.31053400
vt -3.50000000 -1.48298600
vt -3.50000000 -0.44280600
vt -3.50000000 -1.29931200
vt 7.47627600 -12.44258000
vt -3.50000000 -1.11563800
vt 7.54661900 -12.61113400
vt 7.55173400 -12.79370500
vt -3.50000000 -0.93196400
vt -3.50000000 -0.74829100
vt -1.75000000 18.10491600
vt 7.49093800 -12.96593300
vt 7.37192600 -13.16607000
vt -1.75000000 18.33777200
vt -1.75000000 18.57062900
vt 7.24756700 -13.36293000
vt -3.50000000 -0.49205800
vt 7.11795300 -13.55637100
vt -1.75000000 18.80348600
vt 7.01832200 -13.64737200
vt -3.50000000 -0.35595700
vt 6.88888600 -13.68550400
vt -3.50000000 -0.21985700
vt 6.75583100 -13.66305100
vt -3.50000000 -0.08375700
vt 3.50000000 -0.37766200
vt 6.64607600 -13.58455600
vt -3.50000000 0.05234300
vt 6.26267700 -13.18730900
vt 3.50000000 -0.92993200
vt 5.84546000 -12.82574300
vt 3.50000000 -1.48220100
vt 3.50000000 -2.03447100
vt 5.39773200 -12.50272500
vt 3.50000000 -2.58674100
vt -3.50000000 -0.05454800
vt 4.92304500 -12.22081700
vt 4.82849700 -12.14139800
vt -3.50000000 0.06981800
vt 4.77394500 -12.03062300
vt -3.50000000 0.19418500
vt 4.76863300 -11.90726000
vt -3.50000000 0.31855100
vt 1.75000000 12.36014200
vt 4.81345900 -11.79220600
vt -3.50000000 0.44291700
vt 4.84637000 -11.74125500
vt 1.75000000 12.29948400
vt 4.87874300 -11.68995900
vt 1.75000000 12.23882700
vt -3.50000000 0.83457200
vt 4.91057300 -11.63832400
vt 1.75000000 12.17817000
vt 5.01471900 -11.51666300
vt -3.50000000 0.99541400
vt -3.50000000 1.15625500
vt 5.15198700 -11.43417100
vt 5.30829600 -11.39930900
vt -3.50000000 1.31709700
vt -3.50000000 -2.53854800
vt -3.50000000 1.47793900
vt 5.46760900 -11.41565400
vt -3.50000000 -2.01461300
vt 5.96667900 -11.57455800
vt -3.50000000 -1.49067700
vt 6.44938000 -11.77783600
vt 6.91177500 -12.02383000
vt -3.50000000 -0.96674200
vt -3.50000000 -0.44280600
vt -3.50000000 -1.48298600
vt 6.35056900 -13.85422800
vt 6.44420600 -14.01104200
vt -3.50000000 -1.29931200
vt 6.47527800 -14.19102200
vt -3.50000000 -1.11563800
vt -3.50000000 -0.93196400
vt 6.43963900 -14.37015400
vt 6.34204400 -14.52453500
vt -3.50000000 -0.74829100
vt -1.75000000 20.04527000
vt -1.75000000 20.27812600
vt 6.18148000 -14.69317200
vt -1.75000000 20.51098300
vt 6.01643400 -14.85742400
vt 5.84702600 -15.01717300
vt -3.50000000 -0.49205800
vt -1.75000000 20.74384000
vt 5.72964200 -15.08372300
vt -3.50000000 -0.35595700
vt -3.50000000 -0.21985700
vt 5.59496600 -15.09209600
vt 5.47024400 -15.04059900
vt -3.50000000 -0.08375700
vt -3.50000000 0.05234300
vt 3.50000000 -0.37766200
vt 5.38070700 -14.93964900
vt 5.09531700 -14.46704700
vt 3.50000000 -0.92993200
vt 3.50000000 -1.48220100
vt 4.76901600 -14.02170700
vt 4.40439200 -13.60715900
vt 3.50000000 -2.03447100
vt -3.50000000 -0.05454800
vt 3.50000000 -2.58674100
vt 4.00433700 -13.22669100
vt 3.92983100 -13.12822400
vt -3.50000000 0.06981800
vt -3.50000000 0.19418500
vt 3.90129700 -13.00808900
vt 3.92356900 -12.88663600
vt -3.50000000 0.31855100
vt 3.99287300 -12.78444100
vt 1.75000000 13.65043900
vt -3.50000000 0.44291700
vt 1.75000000 13.58978100
vt 4.03629700 -12.74209100
vt 1.75000000 13.52912400
vt 4.07927300 -12.69928500
vt -3.50000000 0.83457200
vt 1.75000000 13.46846700
vt 4.12179400 -12.65602800
vt -3.50000000 0.99541400
vt 4.25040100 -12.56059200
vt -3.50000000 1.15625500
vt 4.40258400 -12.51071200
vt -3.50000000 1.31709700
vt 4.56273200 -12.51150600
vt -3.50000000 1.47793900
vt -3.50000000 -2.53854800
vt 4.71441300 -12.56289300
vt -3.50000000 -2.01461300
vt 5.16561100 -12.82886600
vt -3.50000000 -1.49067700
vt 5.59097600 -13.13445900
vt 5.98703800 -13.47717800
vt -3.50000000 -0.96674200
vt -3.50000000 -0.44280600
vt 5.03260200 -15.13680400
vt -3.50000000 -1.48298600
vt 5.08899700 -15.31052200
vt -3.50000000 -1.29931200
vt 5.07924100 -15.49290400
vt -3.50000000 -1.11563800
vt -3.50000000 -0.93196400
vt 5.00463400 -15.65961400
vt 4.87513300 -15.78840800
vt -3.50000000 -0.74829100
vt -1.75000000 21.98562300
vt 4.68107000 -15.91708800
vt -1.75000000 22.21848000
vt -1.75000000 22.45133700
vt 4.48361200 -16.04049600
vt -3.50000000 -0.49205800
vt 4.28290300 -16.15854200
vt -1.75000000 22.68419400
vt -3.50000000 -0.35595700
vt 4.15365500 -16.19730300
vt -3.50000000 -0.21985700
vt 4.02049200 -16.17549800
vt 3.91035600 -16.09753900
vt -3.50000000 -0.08375700
vt 3.84552700 -15.97919600
vt -3.50000000 0.05234300
vt 3.50000000 -0.37766200
vt 3.67245600 -15.45493800
vt 3.50000000 -0.92993200
vt 3.45343400 -14.94815400
vt 3.50000000 -1.48220100
vt 3.19019800 -14.46286400
vt 3.50000000 -2.03447100
vt -3.50000000 -0.05454800
vt 2.88483500 -14.00291400
vt 3.50000000 -2.58674100
vt -3.50000000 0.06981800
vt 2.83410800 -13.89033700
vt 2.83302200 -13.76686400
vt -3.50000000 0.19418500
vt 2.88176100 -13.65341200
vt -3.50000000 0.31855100
vt -3.50000000 0.44291700
vt 2.97206800 -13.56920200
vt 1.75000000 14.94073600
vt 1.75000000 14.88007800
vt 3.02382700 -13.53757600
vt 3.07525000 -13.50540600
vt 1.75000000 14.81942100
vt 3.12633100 -13.47269500
vt 1.75000000 14.75876400
vt -3.50000000 0.83457200
vt -3.50000000 0.99541400
vt 3.27295000 -13.40827000
vt -3.50000000 1.15625500
vt 3.43241700 -13.39350500
vt 3.58837300 -13.42991500
vt -3.50000000 1.31709700
vt 3.72481700 -13.51376500
vt -3.50000000 -2.53854800
vt -3.50000000 1.47793900
vt -3.50000000 -2.01461300
vt 4.10551800 -13.87347200
vt 4.45221700 -14.26605500
vt -3.50000000 -1.49067700
vt -3.50000000 -0.96674200
vt 4.76208700 -14.68831300
vt -3.50000000 -0.44280600
vt -3.50000000 -1.48298600
vt 3.46227900 -16.09394700
vt -3.50000000 -1.29931200
vt 3.47860400 -16.27585900
vt 3.42850800 -16.45149700
vt -3.50000000 -1.11563800
vt 3.31867600 -16.59742600
vt -3.50000000 -0.93196400
vt 3.16376200 -16.69417300
vt -3.50000000 -0.74829100
vt -1.75000000 23.92597700
vt -1.75000000 24.15883400
vt 2.94593100 -16.77644400
vt -1.75000000 24.39169100
vt 2.72596300 -16.85282000
vt -3.50000000 -0.49205800
vt 2.50401900 -16.92324500
vt -1.75000000 24.62454700
vt 2.36938500 -16.93227300
vt -3.50000000 -0.35595700
vt 2.24441300 -16.88138400
vt -3.50000000 -0.21985700
vt 2.15438600 -16.78087100
vt -3.50000000 -0.08375700
vt -3.50000000 0.05234300
vt 2.11751600 -16.65107000
vt 3.50000000 -0.37766200
vt 2.06544300 -16.10144400
vt 3.50000000 -0.92993200
vt 1.96468200 -15.55862900
vt 3.50000000 -1.48220100
vt 1.81603300 -15.02693000
vt 3.50000000 -2.03447100
vt 1.62067500 -14.51056300
vt -3.50000000 -0.05454800
vt 3.50000000 -2.58674100
vt -3.50000000 0.06981800
vt 1.59627100 -14.38952100
vt 1.62268700 -14.26890200
vt -3.50000000 0.19418500
vt -3.50000000 0.31855100
vt 1.69544900 -14.16914000
vt 1.75000000 16.23103200
vt 1.80223100 -14.10713600
vt -3.50000000 0.44291700
vt 1.85973000 -14.08782100
vt 1.75000000 16.17037500
vt 1.91702200 -14.06790000
vt 1.75000000 16.10971800
vt 1.97410100 -14.04737600
vt -3.50000000 0.83457200
vt 1.75000000 16.04906100
vt 2.13138000 -14.01719200
vt -3.50000000 0.99541400
vt 2.29013500 -14.03828200
vt -3.50000000 1.15625500
vt 2.43407800 -14.10848200
vt -3.50000000 1.31709700
vt 2.54844200 -14.22059200
vt -3.50000000 1.47793900
vt -3.50000000 -2.53854800
vt 2.83955600 -14.65599400
vt -3.50000000 -2.01461300
vt 3.09020500 -15.11588200
vt -3.50000000 -1.49067700
vt -3.50000000 -0.96674200
vt 3.29834500 -15.59650600
vt -3.50000000 -0.44280600
vt -3.50000000 -1.48298600
vt 1.71834200 -16.67766200
vt 1.69377900 -16.85864600
vt -3.50000000 -1.29931200
vt 1.60585600 -17.01873400
vt -3.50000000 -1.11563800
vt 1.46630500 -17.13656400
vt -3.50000000 -0.93196400
vt -3.50000000 -0.74829100
vt -1.75000000 25.86633100
vt 1.29374700 -17.19641400
vt -1.75000000 26.09918800
vt 1.06307000 -17.22815000
vt 0.83162300 -17.25366300
vt -1.75000000 26.33204500
vt 0.59957200 -17.27293500
vt -1.75000000 26.56490100
vt -3.50000000 -0.49205800
vt 0.46630500 -17.25177900
vt -3.50000000 -0.35595700
vt -3.50000000 -0.21985700
vt 0.35579000 -17.17435600
vt -3.50000000 -0.08375700
vt 0.29038600 -17.05633100
vt 0.28332500 -16.92158000
vt 3.50000000 -0.37766200
vt -3.50000000 0.05234300
vt 0.35486000 -16.37414700
vt 3.50000000 -0.92993200
vt 0.37741300 -15.82252000
vt 3.50000000 -1.48220100
vt 3.50000000 -2.03447100
vt 0.35080500 -15.27107500
vt -3.50000000 -0.05454800
vt 3.50000000 -2.58674100
vt 0.27524700 -14.72418200
vt -3.50000000 0.06981800
vt 0.27838900 -14.60074400
vt -3.50000000 0.19418500
vt 0.33098400 -14.48902800
vt -3.50000000 0.31855100
vt 0.42412100 -14.40795800
vt 1.75000000 17.52132900
vt -3.50000000 0.44291700
vt 0.54202200 -14.37127000
vt 0.60237800 -14.36523400
vt 1.75000000 17.46067200
vt 1.75000000 17.40001500
vt 0.66266700 -14.35856100
vt 0.72288200 -14.35125300
vt -3.50000000 0.83457200
vt 1.75000000 17.33935800
vt -3.50000000 0.99541400
vt 0.88293400 -14.35682300
vt -3.50000000 1.15625500
vt 1.03301500 -14.41271100
vt -3.50000000 1.31709700
vt 1.15772800 -14.51318200
vt -3.50000000 -2.53854800
vt -3.50000000 1.47793900
vt 1.24427900 -14.64792900
vt -3.50000000 -2.01461300
vt 1.43120800 -15.13719300
vt -3.50000000 -1.49067700
vt 1.57323700 -15.64132500
vt 1.66921000 -16.15621500
vt -3.50000000 -0.96674200
vt -3.50000000 -1.48298600
vt -3.50000000 -0.44280600
vt -0.11175900 -16.85868100
vt -3.50000000 -1.29931200
vt -0.17597800 -17.02966100
vt -3.50000000 -1.11563800
vt -0.29732000 -17.16617000
vt -3.50000000 -0.93196400
vt -0.45959200 -17.24999300
vt -1.75000000 -26.52322400
vt -3.50000000 -0.74829100
vt -0.64114200 -17.26994500
vt -1.75000000 -26.29036800
vt -0.87309700 -17.24955500
vt -1.75000000 -26.05751100
vt -1.10441900 -17.22292700
vt -1.33494000 -17.19007900
vt -3.50000000 -0.49205800
vt -1.75000000 -25.82465400
vt -3.50000000 -0.35595700
vt -1.46015800 -17.13979800
vt -3.50000000 -0.21985700
vt -1.55067300 -17.03972500
vt -3.50000000 -0.08375700
vt -1.58817400 -16.91010500
vt -3.50000000 0.05234300
vt -1.56507400 -16.77716100
vt 3.50000000 -0.37766200
vt 3.50000000 -0.92993200
vt -1.37351700 -16.25937100
vt 3.50000000 -1.48220100
vt -1.22878100 -15.72659400
vt 3.50000000 -2.03447100
vt -1.13201400 -15.18305300
vt -3.50000000 -0.05454800
vt 3.50000000 -2.58674100
vt -1.08398200 -14.63306000
vt -3.50000000 0.06981800
vt -1.05345100 -14.51341600
vt -0.97731600 -14.41620400
vt -3.50000000 0.19418500
vt -0.86847500 -14.35789200
vt -3.50000000 0.31855100
vt -0.74536500 -14.34835900
vt -3.50000000 0.44291700
vt 1.75000000 -17.31668900
vt 1.75000000 -17.37734600
vt -0.68518000 -14.35590400
vt -0.62491800 -14.36281400
vt 1.75000000 -17.43800300
vt -0.56458600 -14.36908800
vt -3.50000000 0.83457200
vt 1.75000000 -17.49866000
vt -0.40978600 -14.41013400
vt -3.50000000 0.99541400
vt -0.27590400 -14.49801700
vt -3.50000000 1.15625500
vt -3.50000000 1.31709700
vt -0.17667500 -14.62372000
vt -3.50000000 -2.53854800
vt -3.50000000 1.47793900
vt -0.12227800 -14.77434800
vt -3.50000000 -2.01461300
vt -0.04890800 -15.29294100
vt -0.02261900 -15.81603800
vt -3.50000000 -1.49067700
vt -3.50000000 -0.96674200
vt -0.04362600 -16.33937400
vt -3.50000000 -0.44280600
vt -1.93625600 -16.62792500
vt -3.50000000 -1.48298600
vt -3.50000000 -1.29931200
vt -2.03691200 -16.78032800
vt -2.18558700 -16.88641400
vt -3.50000000 -1.11563800
vt -3.50000000 -0.93196400
vt -2.36244300 -16.93202600
vt -1.75000000 -24.58287000
vt -2.54388100 -16.91107900
vt -3.50000000 -0.74829100
vt -2.76548300 -16.83958500
vt -1.75000000 -24.35001400
vt -1.75000000 -24.11715700
vt -2.98508000 -16.76215100
vt -3.20251200 -16.67883100
vt -3.50000000 -0.49205800
vt -1.75000000 -23.88430000
vt -3.50000000 -0.35595700
vt -3.31340200 -16.60194700
vt -3.50000000 -0.21985700
vt -3.37938000 -16.48424200
vt -3.50000000 -0.08375700
vt -3.38709800 -16.34952700
vt -3.50000000 0.05234300
vt 3.50000000 -0.37766200
vt -3.33499400 -16.22505600
vt -3.03302000 -15.76287400
vt 3.50000000 -0.92993200
vt 3.50000000 -1.48220100
vt -2.77335900 -15.27566100
vt 3.50000000 -2.03447100
vt -2.55806800 -14.76728100
vt 3.50000000 -2.58674100
vt -2.38885600 -14.24176500
vt -3.50000000 -0.05454800
vt -3.50000000 0.06981800
vt -2.33246700 -14.13191400
vt -2.23660900 -14.05408100
vt -3.50000000 0.19418500
vt -2.11752100 -14.02145100
vt -3.50000000 0.31855100
vt 1.75000000 -16.02639200
vt -3.50000000 0.44291700
vt -1.99537700 -14.03955100
vt 1.75000000 -16.08704900
vt -1.93838000 -14.06030000
vt 1.75000000 -16.14770600
vt -1.88116600 -14.08044600
vt -3.50000000 0.83457200
vt -1.82374300 -14.09998800
vt 1.75000000 -16.20836300
vt -3.50000000 0.99541400
vt -1.68195800 -14.17445100
vt -1.57098800 -14.28992200
vt -3.50000000 1.15625500
vt -1.50221900 -14.43455400
vt -3.50000000 1.31709700
vt -3.50000000 1.47793900
vt -1.48270400 -14.59351000
vt -3.50000000 -2.53854800
vt -1.52657100 -15.11542700
vt -3.50000000 -2.01461300
vt -1.61734100 -15.63125900
vt -3.50000000 -1.49067700
vt -1.75427500 -16.13679900
vt -3.50000000 -0.96674200
vt -3.50000000 -0.44280600
vt -3.50000000 -1.48298600
vt -3.66366100 -15.99696600
vt -3.79570600 -16.12315000
vt -3.50000000 -1.29931200
vt -3.96426000 -16.19349200
vt -3.50000000 -1.11563800
vt -4.14683100 -16.19860700
vt -3.50000000 -0.93196400
vt -3.50000000 -0.74829100
vt -1.75000000 -22.64251600
vt -4.31905900 -16.13781200
vt -4.51919600 -16.01879900
vt -1.75000000 -22.40966000
vt -1.75000000 -22.17680300
vt -4.71605700 -15.89444100
vt -1.75000000 -21.94394600
vt -4.90949700 -15.76482700
vt -3.50000000 -0.49205800
vt -5.00049900 -15.66519600
vt -3.50000000 -0.35595700
vt -3.50000000 -0.21985700
vt -5.03863000 -15.53576000
vt -5.01617800 -15.40270500
vt -3.50000000 -0.08375700
vt 3.50000000 -0.37766200
vt -4.93768300 -15.29294900
vt -3.50000000 0.05234300
vt -4.54043500 -14.90955000
vt 3.50000000 -0.92993200
vt -4.17886900 -14.49233300
vt 3.50000000 -1.48220100
vt 3.50000000 -2.03447100
vt -3.85585100 -14.04460600
vt -3.57394300 -13.56991900
vt 3.50000000 -2.58674100
vt -3.50000000 -0.05454800
vt -3.49452400 -13.47537000
vt -3.50000000 0.06981800
vt -3.50000000 0.19418500
vt -3.38375000 -13.42081900
vt -3.26038600 -13.41550600
vt -3.50000000 0.31855100
vt -3.14533300 -13.46033200
vt 1.75000000 -14.73609500
vt -3.50000000 0.44291700
vt 1.75000000 -14.79675200
vt -3.09438100 -13.49324400
vt -3.04308500 -13.52561700
vt 1.75000000 -14.85740900
vt -2.99145100 -13.55744600
vt -3.50000000 0.83457200
vt 1.75000000 -14.91806600
vt -3.50000000 0.99541400
vt -2.86979000 -13.66159200
vt -2.78729700 -13.79886100
vt -3.50000000 1.15625500
vt -2.75243500 -13.95517000
vt -3.50000000 1.31709700
vt -3.50000000 -2.53854800
vt -2.76878100 -14.11448300
vt -3.50000000 1.47793900
vt -2.92768500 -14.61355300
vt -3.50000000 -2.01461300
vt -3.50000000 -1.49067700
vt -3.13096300 -15.09625400
vt -3.50000000 -0.96674200
vt -3.37695700 -15.55864800
vt -3.50000000 -0.44280600
vt -5.20735500 -14.99744300
vt -3.50000000 -1.48298600
vt -5.36416800 -15.09108000
vt -3.50000000 -1.29931200
vt -3.50000000 -1.11563800
vt -5.54414900 -15.12215200
vt -5.72328100 -15.08651300
vt -3.50000000 -0.93196400
vt -5.87766200 -14.98891700
vt -3.50000000 -0.74829100
vt -1.75000000 -20.70216300
vt -1.75000000 -20.46930600
vt -6.04629900 -14.82835400
vt -1.75000000 -20.23644900
vt -6.21055100 -14.66330800
vt -1.75000000 -20.00359200
vt -6.37030000 -14.49389900
vt -3.50000000 -0.49205800
vt -6.43684900 -14.37651600
vt -3.50000000 -0.35595700
vt -6.44522300 -14.24184000
vt -3.50000000 -0.21985700
vt -3.50000000 -0.08375700
vt -6.39372500 -14.11711800
vt -6.29277600 -14.02758100
vt 3.50000000 -0.37766200
vt -3.50000000 0.05234300
vt -5.82017400 -13.74219000
vt 3.50000000 -0.92993200
vt -5.37483300 -13.41589000
vt 3.50000000 -1.48220100
vt 3.50000000 -2.03447100
vt -4.96028500 -13.05126600
vt 3.50000000 -2.58674100
vt -3.50000000 -0.05454800
vt -4.57981700 -12.65121100
vt -3.50000000 0.06981800
vt -4.48135100 -12.57670500
vt -4.36121500 -12.54817100
vt -3.50000000 0.19418500
vt -4.23976200 -12.57044200
vt -3.50000000 0.31855100
vt -4.13756800 -12.63974600
vt -3.50000000 0.44291700
vt 1.75000000 -13.44579800
vt -4.09521700 -12.68317100
vt 1.75000000 -13.50645500
vt 1.75000000 -13.56711200
vt -4.05241100 -12.72614600
vt -3.50000000 0.83457200
vt 1.75000000 -13.62776900
vt -4.00915400 -12.76866800
vt -3.50000000 0.99541400
vt -3.91371800 -12.89727500
vt -3.50000000 1.15625500
vt -3.86383900 -13.04945800
vt -3.50000000 1.31709700
vt -3.86463300 -13.20960500
vt -3.91601900 -13.36128700
vt -3.50000000 1.47793900
vt -3.50000000 -2.53854800
vt -4.18199300 -13.81248500
vt -3.50000000 -2.01461300
vt -3.50000000 -1.49067700
vt -4.48758500 -14.23784900
vt -3.50000000 -0.96674200
vt -4.83030400 -14.63391200
vt -3.50000000 -0.44280600
vt -6.48993000 -13.67947500
vt -3.50000000 -1.48298600
vt -3.50000000 -1.29931200
vt -6.66364800 -13.73587100
vt -3.50000000 -1.11563800
vt -6.84603000 -13.72611400
vt -3.50000000 -0.93196400
vt -7.01274000 -13.65150800
vt -1.75000000 -18.76180900
vt -7.14153400 -13.52200600
vt -3.50000000 -0.74829100
vt -1.75000000 -18.52895200
vt -7.27021400 -13.32794300
vt -1.75000000 -18.29609500
vt -7.39362200 -13.13048600
vt -3.50000000 -0.49205800
vt -1.75000000 -18.06323900
vt -7.51166800 -12.92977700
vt -3.50000000 -0.35595700
vt -7.55043000 -12.80052800
vt -3.50000000 -0.21985700
vt -7.52862500 -12.66736600
vt -7.45066500 -12.55722900
vt -3.50000000 -0.08375700
vt 3.50000000 -0.37766200
vt -3.50000000 0.05234300
vt -7.33232300 -12.49240100
vt 3.50000000 -0.92993200
vt -6.80806400 -12.31932900
vt 3.50000000 -1.48220100
vt -6.30128100 -12.10030700
vt -5.81599000 -11.83707100
vt 3.50000000 -2.03447100
vt -5.35604000 -11.53170800
vt 3.50000000 -2.58674100
vt -3.50000000 -0.05454800
vt -5.24346300 -11.48098200
vt -3.50000000 0.06981800
vt -3.50000000 0.19418500
vt -5.11999000 -11.47989600
vt -3.50000000 0.31855100
vt -5.00653900 -11.52863500
vt -3.50000000 0.44291700
vt -4.92232800 -11.61894100
vt 1.75000000 -12.15550100
vt 1.75000000 -12.21615800
vt -4.89070200 -11.67070100
vt 1.75000000 -12.27681500
vt -4.85853200 -11.72212400
vt -3.50000000 0.83457200
vt 1.75000000 -12.33747200
vt -4.82582100 -11.77320500
vt -4.76139600 -11.91982400
vt -3.50000000 0.99541400
vt -3.50000000 1.15625500
vt -4.74663100 -12.07929100
vt -3.50000000 1.31709700
vt -4.78304200 -12.23524600
vt -3.50000000 -2.53854800
vt -3.50000000 1.47793900
vt -4.86689200 -12.37169000
vt -5.22659800 -12.75239100
vt -3.50000000 -2.01461300
vt -5.61918100 -13.09909000
vt -3.50000000 -1.49067700
vt -3.50000000 -0.96674200
vt -6.04144000 -13.40896100
vt -3.50000000 -0.44280600
vt -7.44707300 -12.10915200
vt -3.50000000 -1.48298600
vt -3.50000000 -1.29931200
vt -7.62898500 -12.12547800
vt -3.50000000 -1.11563800
vt -7.80462300 -12.07538200
vt -3.50000000 -0.93196400
vt -7.95055200 -11.96555000
vt -3.50000000 -0.74829100
vt -1.75000000 -16.82145500
vt -8.04730000 -11.81063600
vt -8.12957100 -11.59280400
vt -1.75000000 -16.58859800
vt -8.20594600 -11.37283700
vt -1.75000000 -16.35574100
vt -3.50000000 -0.49205800
vt -1.75000000 -16.12288500
vt -8.27637100 -11.15089200
vt -8.28540000 -11.01625900
vt -3.50000000 -0.35595700
vt -8.23451000 -10.89128700
vt -3.50000000 -0.21985700
vt -8.13399700 -10.80126000
vt -3.50000000 -0.08375700
vt -3.50000000 0.05234300
vt -8.00419600 -10.76439000
vt 3.50000000 -0.37766200
vt -7.45457000 -10.71231600
vt 3.50000000 -0.92993200
vt 3.50000000 -1.48220100
vt -6.91175600 -10.61155600
vt -6.38005700 -10.46290700
vt 3.50000000 -2.03447100
vt 3.50000000 -2.58674100
vt -3.50000000 -0.05454800
vt -5.86368900 -10.26754800
vt -5.74264700 -10.24314400
vt -3.50000000 0.06981800
vt -3.50000000 0.19418500
vt -5.62202800 -10.26956100
vt -3.50000000 0.31855100
vt -5.52226700 -10.34232300
vt -3.50000000 0.44291700
vt 1.75000000 -10.86520400
vt -5.46026200 -10.44910400
vt 1.75000000 -10.92586100
vt -5.44094700 -10.50660400
vt -5.42102600 -10.56389600
vt 1.75000000 -10.98651800
vt -5.40050200 -10.62097500
vt 1.75000000 -11.04717500
vt -3.50000000 0.83457200
vt -3.50000000 0.99541400
vt -5.37031800 -10.77825400
vt -3.50000000 1.15625500
vt -5.39140800 -10.93700800
vt -3.50000000 1.31709700
vt -5.46160900 -11.08095200
vt -3.50000000 1.47793900
vt -5.57371800 -11.19531600
vt -3.50000000 -2.53854800
vt -6.00912000 -11.48643000
vt -3.50000000 -2.01461300
vt -6.46900800 -11.73707900
vt -3.50000000 -1.49067700
vt -6.94963200 -11.94521800
vt -3.50000000 -0.96674200
vt -3.50000000 -1.48298600
vt -3.50000000 -0.44280600
vt -8.03078900 -10.36521600
vt -3.50000000 -1.29931200
vt -8.21177300 -10.34065300
vt -8.37186000 -10.25273000
vt -3.50000000 -1.11563800
vt -8.48969000 -10.11317900
vt -3.50000000 -0.93196400
vt -3.50000000 -0.74829100
vt -8.54954000 -9.94062100
vt -1.75000000 -14.88110100
vt -1.75000000 -14.64824400
vt -8.58127600 -9.70994400
vt -1.75000000 -14.41538700
vt -8.60679000 -9.47849600
vt -1.75000000 -14.18253100
vt -3.50000000 -0.49205800
vt -8.62606200 -9.24644600
vt -3.50000000 -0.35595700
vt -8.60490500 -9.11317800
vt -3.50000000 -0.21985700
vt -8.52748300 -9.00266400
vt -8.40945700 -8.93726000
vt -3.50000000 -0.08375700
vt 3.50000000 -0.37766200
vt -8.27470600 -8.93019800
vt -3.50000000 0.05234300
vt 3.50000000 -0.92993200
vt -7.72727300 -9.00173400
vt 3.50000000 -1.48220100
vt -7.17564700 -9.02428700
vt -6.62420100 -8.99767900
vt 3.50000000 -2.03447100
vt -6.07730800 -8.92212100
vt 3.50000000 -2.58674100
vt -3.50000000 -0.05454800
vt -5.95387100 -8.92526300
vt -3.50000000 0.06981800
vt -3.50000000 0.19418500
vt -5.84215400 -8.97785800
vt -3.50000000 0.31855100
vt -5.76108500 -9.07099500
vt -3.50000000 0.44291700
vt 1.75000000 -9.57490700
vt -5.72439600 -9.18889600
vt 1.75000000 -9.63556400
vt -5.71836000 -9.24925200
vt -5.71168700 -9.30954000
vt 1.75000000 -9.69622100
vt -3.50000000 0.83457200
vt 1.75000000 -9.75687800
vt -5.70437900 -9.36975500
vt -3.50000000 0.99541400
vt -5.70995000 -9.52980800
vt -3.50000000 1.15625500
vt -5.76583700 -9.67988900
vt -3.50000000 1.31709700
vt -5.86630800 -9.80460200
vt -6.00105500 -9.89115200
vt -3.50000000 -2.53854800
vt -3.50000000 1.47793900
vt -3.50000000 -2.01461300
vt -6.49031900 -10.07808100
vt -6.99445200 -10.22011100
vt -3.50000000 -1.49067700
vt -3.50000000 -0.96674200
vt -7.50934100 -10.31608300
vt -8.21180700 -8.53511500
vt -3.50000000 -0.44280600
vt -3.50000000 -1.48298600
vt -3.50000000 -1.29931200
vt -8.38278800 -8.47089500
vt -3.50000000 -1.11563800
vt -8.51929700 -8.34955400
vt -8.60312000 -8.18728200
vt -3.50000000 -0.93196400
vt -1.75000000 -12.94074700
vt -3.50000000 -0.74829100
vt -8.62307100 -8.00573200
vt -8.60268100 -7.77377700
vt -1.75000000 -12.70789000
vt -1.75000000 -12.47503400
vt -8.57605300 -7.54245500
vt -3.50000000 -0.49205800
vt -8.54320500 -7.31193400
vt -1.75000000 -12.24217700
vt -3.50000000 -0.35595700
vt -8.49292500 -7.18671600
vt -3.50000000 -0.21985700
vt -8.39285200 -7.09620000
vt -3.50000000 -0.08375700
vt -8.26323100 -7.05869900
vt 3.50000000 -0.37766200
vt -8.13028800 -7.08179900
vt -3.50000000 0.05234300
vt 3.50000000 -0.92993200
vt -7.61249800 -7.27335700
vt 3.50000000 -1.48220100
vt -7.07972000 -7.41809300
vt -6.53618000 -7.51486000
vt 3.50000000 -2.03447100
vt -5.98618600 -7.56289200
vt -3.50000000 -0.05454800
vt 3.50000000 -2.58674100
vt -3.50000000 0.06981800
vt -5.86654200 -7.59342200
vt -5.76933000 -7.66955800
vt -3.50000000 0.19418500
vt -5.71101800 -7.77839900
vt -3.50000000 0.31855100
vt -5.70148500 -7.90150800
vt 1.75000000 -8.28461000
vt -3.50000000 0.44291700
vt 1.75000000 -8.34526700
vt -5.70903000 -7.96169400
vt 1.75000000 -8.40592400
vt -5.71594100 -8.02195600
vt 1.75000000 -8.46658100
vt -3.50000000 0.83457200
vt -5.72221500 -8.08228700
vt -3.50000000 0.99541400
vt -5.76326100 -8.23708700
vt -3.50000000 1.15625500
vt -5.85114300 -8.37096900
vt -3.50000000 1.31709700
vt -5.97684600 -8.47019900
vt -6.12747400 -8.52459500
vt -3.50000000 1.47793900
vt -3.50000000 -2.53854800
vt -3.50000000 -2.01461300
vt -6.64606700 -8.59796600
vt -3.50000000 -1.49067700
vt -7.16916400 -8.62425500
vt -7.69250000 -8.60324700
vt -3.50000000 -0.96674200
vt -3.50000000 -0.44280600
vt -3.50000000 -1.48298600
vt -7.98105200 -6.71061800
vt -8.13345500 -6.60996200
vt -3.50000000 -1.29931200
vt -3.50000000 -1.11563800
vt -8.23954000 -6.46128600
vt -3.50000000 -0.93196400
vt -8.28515300 -6.28443100
vt -1.75000000 -11.00039300
vt -8.26420600 -6.10299300
vt -3.50000000 -0.74829100
vt -1.75000000 -10.76753600
vt -8.19271200 -5.88139100
vt -1.75000000 -10.53468000
vt -8.11527700 -5.66179400
vt -1.75000000 -10.30182300
vt -3.50000000 -0.49205800
vt -8.03195700 -5.44436100
vt -7.95507400 -5.33347100
vt -3.50000000 -0.35595700
vt -3.50000000 -0.21985700
vt -7.83736800 -5.26749400
vt -3.50000000 -0.08375700
vt -7.70265300 -5.25977600
vt -7.57818200 -5.31188000
vt -3.50000000 0.05234300
vt 3.50000000 -0.37766200
vt 3.50000000 -0.92993200
vt -7.11600000 -5.61385300
vt -6.62878800 -5.87351500
vt 3.50000000 -1.48220100
vt -6.12040700 -6.08880500
vt 3.50000000 -2.03447100
vt -5.59489100 -6.25801800
vt -3.50000000 -0.05454800
vt 3.50000000 -2.58674100
vt -3.50000000 0.06981800
vt -5.48504100 -6.31440600
vt -3.50000000 0.19418500
vt -5.40720800 -6.41026400
vt -3.50000000 0.31855100
vt -5.37457700 -6.52935300
vt 1.75000000 -6.99431300
vt -3.50000000 0.44291700
vt -5.39267700 -6.65149600
vt -5.41342600 -6.70849400
vt 1.75000000 -7.05497000
vt 1.75000000 -7.11562700
vt -5.43357300 -6.76570700
vt -5.45311500 -6.82313000
vt -3.50000000 0.83457200
vt 1.75000000 -7.17628400
vt -5.52757800 -6.96491500
vt -3.50000000 0.99541400
vt -3.50000000 1.15625500
vt -5.64304800 -7.07588500
vt -3.50000000 1.31709700
vt -5.78768000 -7.14465500
vt -5.94663600 -7.16417000
vt -3.50000000 1.47793900
vt -3.50000000 -2.53854800
vt -3.50000000 -2.01461300
vt -6.46855300 -7.12030300
vt -3.50000000 -1.49067700
vt -6.98438500 -7.02953300
vt -3.50000000 -0.96674200
vt -7.48992600 -6.89259900
vt -3.50000000 -1.48298600
vt -3.50000000 -0.44280600
vt -7.35009200 -4.98321300
vt -7.47627600 -4.85116700
vt -3.50000000 -1.29931200
vt -7.54661900 -4.68261300
vt -3.50000000 -1.11563800
vt -3.50000000 -0.93196400
vt -7.55173400 -4.50004200
vt -1.75000000 -9.06003900
vt -7.49093800 -4.32781500
vt -3.50000000 -0.74829100
vt -1.75000000 -8.82718200
vt -7.37192600 -4.12767700
vt -7.24756700 -3.93081700
vt -1.75000000 -8.59432600
vt -1.75000000 -8.36146900
vt -3.50000000 -0.49205800
vt -7.11795300 -3.73737600
vt -3.50000000 -0.35595700
vt -7.01832200 -3.64637500
vt -3.50000000 -0.21985700
vt -6.88888600 -3.60824300
vt -6.75583100 -3.63069600
vt -3.50000000 -0.08375700
vt -6.64607600 -3.70919100
vt -3.50000000 0.05234300
vt 3.50000000 -0.37766200
vt -6.26267700 -4.10643800
vt 3.50000000 -0.92993200
vt 3.50000000 -1.48220100
vt -5.84546000 -4.46800500
vt -5.39773200 -4.79102200
vt 3.50000000 -2.03447100
vt -3.50000000 -0.05454800
vt -4.92304500 -5.07293100
vt 3.50000000 -2.58674100
vt -4.82849700 -5.15235000
vt -3.50000000 0.06981800
vt -3.50000000 0.19418500
vt -4.77394500 -5.26312400
vt -3.50000000 0.31855100
vt -4.76863300 -5.38648700
vt -4.81345900 -5.50154100
vt -3.50000000 0.44291700
vt 1.75000000 -5.70401600
vt -4.84637000 -5.55249300
vt 1.75000000 -5.76467300
vt -4.87874300 -5.60378900
vt 1.75000000 -5.82533000
vt 1.75000000 -5.88598700
vt -3.50000000 0.83457200
vt -4.91057300 -5.65542300
vt -5.01471900 -5.77708400
vt -3.50000000 0.99541400
vt -5.15198700 -5.85957700
vt -3.50000000 1.15625500
vt -5.30829600 -5.89443900
vt -3.50000000 1.31709700
vt -5.46760900 -5.87809300
vt -3.50000000 -2.53854800
vt -3.50000000 1.47793900
vt -5.96667900 -5.71918900
vt -3.50000000 -2.01461300
vt -6.44938000 -5.51591100
vt -3.50000000 -1.49067700
vt -6.91177500 -5.26991700
vt -3.50000000 -0.96674200
vt -3.50000000 -0.44280600
vt -3.50000000 -1.48298600
vt -6.35056900 -3.43951900
vt -6.44420600 -3.28270600
vt -3.50000000 -1.29931200
vt -3.50000000 -1.11563800
vt -6.47527800 -3.10272500
vt -6.43963900 -2.92359300
vt -3.50000000 -0.93196400
vt -6.34204400 -2.76921200
vt -1.75000000 -7.11968500
vt -3.50000000 -0.74829100
vt -6.18148000 -2.60057500
vt -1.75000000 -6.88682800
vt -6.01643400 -2.43632300
vt -1.75000000 -6.65397200
vt -3.50000000 -0.49205800
vt -1.75000000 -6.42111500
vt -5.84702600 -2.27657400
vt -3.50000000 -0.35595700
vt -5.72964200 -2.21002400
vt -3.50000000 -0.21985700
vt -5.59496600 -2.20165100
vt -3.50000000 -0.08375700
vt -5.47024400 -2.25314800
vt -3.50000000 0.05234300
vt 3.50000000 -0.37766200
vt -5.38070700 -2.35409800
vt 3.50000000 -0.92993200
vt -5.09531700 -2.82670000
vt 3.50000000 -1.48220100
vt -4.76901600 -3.27204000
vt -4.40439200 -3.68658800
vt 3.50000000 -2.03447100
vt -4.00433700 -4.06705600
vt 3.50000000 -2.58674100
vt -3.50000000 -0.05454800
vt -3.50000000 0.06981800
vt -3.92983100 -4.16552300
vt -3.50000000 0.19418500
vt -3.90129700 -4.28565900
vt -3.50000000 0.31855100
vt -3.92356900 -4.40711100
vt 1.75000000 -4.41371900
vt -3.99287300 -4.50930600
vt -3.50000000 0.44291700
vt -4.03629700 -4.55165600
vt 1.75000000 -4.47437600
vt 1.75000000 -4.53503300
vt -4.07927300 -4.59446300
vt -4.12179400 -4.63772000
vt 1.75000000 -4.59569000
vt -3.50000000 0.83457200
vt -4.25040100 -4.73315600
vt -3.50000000 0.99541400
vt -4.40258400 -4.78303500
vt -3.50000000 1.15625500
vt -3.50000000 1.31709700
vt -4.56273200 -4.78224100
vt -3.50000000 -2.53854800
vt -4.71441300 -4.73085500
vt -3.50000000 1.47793900
vt -5.16561100 -4.46488100
vt -3.50000000 -2.01461300
vt -5.59097600 -4.15928900
vt -3.50000000 -1.49067700
vt -5.98703800 -3.81657000
vt -3.50000000 -0.96674200
vt -3.50000000 -0.44280600
vt -3.50000000 -1.48298600
vt -5.03260200 -2.15694400
vt -5.08899700 -1.98322600
vt -3.50000000 -1.29931200
vt -3.50000000 -1.11563800
vt -5.07924100 -1.80084300
vt -3.50000000 -0.93196400
vt -5.00463400 -1.63413300
vt -3.50000000 -0.74829100
vt -1.75000000 -5.17933100
vt -4.87513300 -1.50534000
vt -1.75000000 -4.94647500
vt -4.68107000 -1.37666000
vt -4.48361200 -1.25325200
vt -1.75000000 -4.71361800
vt -3.50000000 -0.49205800
vt -4.28290300 -1.13520500
vt -1.75000000 -4.48076100
vt -4.15365500 -1.09644400
vt -3.50000000 -0.35595700
vt -4.02049200 -1.11824900
vt -3.50000000 -0.21985700
vt -3.91035600 -1.19620900
vt -3.50000000 -0.08375700
vt -3.50000000 0.05234300
vt -3.84552700 -1.31455100
vt 3.50000000 -0.37766200
vt -3.67245600 -1.83880900
vt 3.50000000 -0.92993200
vt 3.50000000 -1.48220100
vt -3.45343400 -2.34559300
vt -3.19019800 -2.83088400
vt 3.50000000 -2.03447100
vt 3.50000000 -2.58674100
vt -3.50000000 -0.05454800
vt -2.88483500 -3.29083300
vt -2.83410800 -3.40341000
vt -3.50000000 0.06981800
vt -3.50000000 0.19418500
vt -2.83302200 -3.52688300
vt -2.88176100 -3.64033500
vt -3.50000000 0.31855100
vt 1.75000000 -3.12342200
vt -3.50000000 0.44291700
vt -2.97206800 -3.72454600
vt 1.75000000 -3.18407900
vt -3.02382700 -3.75617100
vt 1.75000000 -3.24473600
vt -3.07525000 -3.78834100
vt -3.50000000 0.83457200
vt -3.12633100 -3.82105200
vt 1.75000000 -3.30539400
vt -3.50000000 0.99541400
vt -3.27295000 -3.88547700
vt -3.43241700 -3.90024200
vt -3.50000000 1.15625500
vt -3.58837300 -3.86383200
vt -3.50000000 1.31709700
vt -3.50000000 -2.53854800
vt -3.50000000 1.47793900
vt -3.72481700 -3.77998200
vt -3.50000000 -2.01461300
vt -4.10551800 -3.42027600
vt -3.50000000 -1.49067700
vt -4.45221700 -3.02769300
vt -4.76208700 -2.60543400
vt -3.50000000 -0.96674200
vt -3.50000000 -1.48298600
vt -3.46227900 -1.19980100
vt -3.50000000 -0.44280600
vt -3.50000000 -1.29931200
vt -3.47860400 -1.01788900
vt -3.42850800 -0.84225000
vt -3.50000000 -1.11563800
vt -3.50000000 -0.93196400
vt -3.31867600 -0.69632100
vt -3.16376200 -0.59957400
vt -3.50000000 -0.74829100
vt -1.75000000 -3.23897700
vt -1.75000000 -3.00612100
vt -2.94593100 -0.51730300
vt -2.72596300 -0.44092800
vt -1.75000000 -2.77326400
vt -2.50401900 -0.37050300
vt -1.75000000 -2.54040700
vt -3.50000000 -0.49205800
vt -3.50000000 -0.35595700
vt -2.36938500 -0.36147400
vt -2.24441300 -0.41236400
vt -3.50000000 -0.21985700
vt -2.15438600 -0.51287600
vt -3.50000000 -0.08375700
vt 3.50000000 -0.37766200
vt -2.11751600 -0.64267700
vt -3.50000000 0.05234300
vt -2.06544300 -1.19230300
vt 3.50000000 -0.92993200
vt 3.50000000 -1.48220100
vt -1.96468200 -1.73511800
vt 3.50000000 -2.03447100
vt -1.81603300 -2.26681700
vt -3.50000000 -0.05454800
vt -1.62067500 -2.78318400
vt 3.50000000 -2.58674100
vt -1.59627100 -2.90422600
vt -3.50000000 0.06981800
vt -3.50000000 0.19418500
vt -1.62268700 -3.02484500
vt -3.50000000 0.31855100
vt -1.69544900 -3.12460700
vt 1.75000000 -1.83312500
vt -1.80223100 -3.18661100
vt -3.50000000 0.44291700
vt -1.85973000 -3.20592700
vt 1.75000000 -1.89378200
vt 1.75000000 -1.95443900
vt -1.91702200 -3.22584700
vt 1.75000000 -2.01509700
vt -3.50000000 0.83457200
vt -1.97410100 -3.24637100
vt -3.50000000 0.99541400
vt -2.13138000 -3.27655600
vt -2.29013500 -3.25546600
vt -3.50000000 1.15625500
vt -3.50000000 1.31709700
vt -2.43407800 -3.18526500
vt -2.54844200 -3.07315500
vt -3.50000000 -2.53854800
vt -3.50000000 1.47793900
vt -3.50000000 -2.01461300
vt -2.83955600 -2.63775400
vt -3.50000000 -1.49067700
vt -3.09020500 -2.17786600
vt -3.50000000 -0.96674200
vt -3.29834500 -1.69724200
vt -1.71834200 -0.61608500
vt -3.50000000 -0.44280600
vt -3.50000000 -1.48298600
vt -3.50000000 -1.29931200
vt -1.69377900 -0.43510100
vt -3.50000000 -1.11563800
vt -1.60585600 -0.27501400
vt -1.46630500 -0.15718400
vt -3.50000000 -0.93196400
vt -1.29374700 -0.09733300
vt -3.50000000 -0.74829100
vt -1.75000000 -1.29862300
vt -1.75000000 -1.06576700
vt -1.06307000 -0.06559700
vt -1.75000000 -0.83291000
vt -0.83162300 -0.04008400
vt -0.59957200 -0.02081200
vt -1.75000000 -0.60005300
vt -3.50000000 -0.49205800
vt -0.46630500 -0.04196900
vt -3.50000000 -0.35595700
vt -0.35579000 -0.11939100
vt -3.50000000 -0.21985700
vt -0.29038600 -0.23741700
vt -3.50000000 -0.08375700
vt -3.50000000 0.05234300
vt 3.50000000 -0.37766200
vt -0.28332500 -0.37216800
vt -0.35486000 -0.91960100
vt 3.50000000 -0.92993200
vt 3.50000000 -1.48220100
vt -0.37741300 -1.47122700
vt 3.50000000 -2.03447100
vt -0.35080500 -2.02267300
vt -3.50000000 -0.05454800
vt -0.27524700 -2.56956500
vt 3.50000000 -2.58674100
vt -0.27838900 -2.69300300
vt -3.50000000 0.06981800
vt -0.33098400 -2.80471900
vt -3.50000000 0.19418500
vt -0.42412100 -2.88578900
vt -3.50000000 0.31855100
vt 1.75000000 -0.54282800
vt -3.50000000 0.44291700
vt -0.54202200 -2.92247700
vt 1.75000000 -0.60348500
vt -0.60237800 -2.92851400
vt 1.75000000 -0.66414200
vt -0.66266700 -2.93518600
vt -3.50000000 0.83457200
vt 1.75000000 -0.72480000
vt -0.72288200 -2.94249400
vt -3.50000000 0.99541400
vt -0.88293400 -2.93692400
vt -3.50000000 1.15625500
vt -1.03301500 -2.88103700
vt -1.15772800 -2.78056500
vt -3.50000000 1.31709700
vt -3.50000000 -2.53854800
vt -3.50000000 1.47793900
vt -1.24427900 -2.64581800
vt -1.43120800 -2.15655400
vt -3.50000000 -2.01461300
vt -3.50000000 -1.49067700
vt -1.57323700 -1.65242200
vt -1.66921000 -1.13753300
vt -3.50000000 -0.96674200
vt -3.50000000 -1.48298600
vt -3.50000000 -0.44280600
vt 0.11175900 -0.43506600
vt -3.50000000 -1.29931200
vt 0.17597800 -0.26408600
vt 0.29732000 -0.12757700
vt -3.50000000 -1.11563800
vt -3.50000000 -0.93196400
vt 0.45959200 -0.04375400
vt -1.75000000 0.64173000
vt 0.64114200 -0.02380200
vt -3.50000000 -0.74829100
vt -1.75000000 0.87458700
vt 0.87309700 -0.04419200
vt -1.75000000 1.10744400
vt 1.10441900 -0.07082100
vt 1.33494000 -0.10366800
vt -3.50000000 -0.49205800
vt -1.75000000 1.34030100
vt 1.46015800 -0.15394900
vt -3.50000000 -0.35595700
vt -3.50000000 -0.21985700
vt 1.55067300 -0.25402200
vt -3.50000000 -0.08375700
vt 1.58817400 -0.38364200
vt -3.50000000 0.05234300
vt 3.50000000 -0.37766200
vt 1.56507400 -0.51658600
vt 3.50000000 -0.92993200
vt 1.37351700 -1.03437600
vt 1.22878100 -1.56715300
vt 3.50000000 -1.48220100
vt 1.13201400 -2.11069400
vt 3.50000000 -2.03447100
vt 1.08398200 -2.66068800
vt -3.50000000 -0.05454800
vt 3.50000000 -2.58674100
vt -3.50000000 0.06981800
vt 1.05345100 -2.78033100
vt -3.50000000 0.19418500
vt 0.97731600 -2.87754400
vt -3.50000000 0.31855100
vt 0.86847500 -2.93585500
vt 0.74536500 -2.94538900
vt 1.75000000 0.74746900
vt -3.50000000 0.44291700
vt 1.75000000 0.68681200
vt 0.68518000 -2.93784300
vt 1.75000000 0.62615500
vt 0.62491800 -2.93093300
vt 0.56458600 -2.92465900
vt -3.50000000 0.83457200
vt 1.75000000 0.56549700
vt 0.40978600 -2.88361300
vt -3.50000000 0.99541400
vt -3.50000000 1.15625500
vt 0.27590400 -2.79573100
vt -3.50000000 1.31709700
vt 0.17667500 -2.67002700
vt -3.50000000 1.47793900
vt 0.12227800 -2.51939900
vt -3.50000000 -2.53854800
vt 0.04890800 -2.00080600
vt -3.50000000 -2.01461300
vt -3.50000000 -1.49067700
vt 0.02261900 -1.47770900
vt -3.50000000 -0.96674200
vt 0.04362600 -0.95437300
vt -3.50000000 -1.48298600
vt -3.50000000 -0.44280600
vt 1.93625600 -0.66582200
vt -3.50000000 -1.29931200
vt 2.03691200 -0.51341900
vt 2.18558700 -0.40733300
vt -3.50000000 -1.11563800
vt -3.50000000 -0.93196400
vt 2.36244300 -0.36172100
vt 2.54388100 -0.38266800
vt -1.75000000 2.58208400
vt -3.50000000 -0.74829100
vt 2.76548300 -0.45416200
vt -1.75000000 2.81494100
vt 2.98508000 -0.53159700
vt -1.75000000 3.04779800
vt -3.50000000 -0.49205800
vt -1.75000000 3.28065400
vt 3.20251200 -0.61491600
vt -3.50000000 -0.35595700
vt 3.31340200 -0.69180000
vt -3.50000000 -0.21985700
vt 3.37938000 -0.80950600
vt -3.50000000 -0.08375700
vt 3.38709800 -0.94422100
vt -3.50000000 0.05234300
vt 3.33499400 -1.06869100
vt 3.50000000 -0.37766200
vt 3.50000000 -0.92993200
vt 3.03302000 -1.53087300
vt 2.77335900 -2.01808600
vt 3.50000000 -1.48220100
vt 3.50000000 -2.03447100
vt 2.55806800 -2.52646600
vt -3.50000000 -0.05454800
vt 3.50000000 -2.58674100
vt 2.38885600 -3.05198300
vt -3.50000000 0.06981800
vt 2.33246700 -3.16183300
vt 2.23660900 -3.23966600
vt -3.50000000 0.19418500
vt 2.11752100 -3.27229600
vt -3.50000000 0.31855100
vt 1.75000000 2.03776600
vt 1.99537700 -3.25419600
vt -3.50000000 0.44291700
vt 1.75000000 1.97710900
vt 1.93838000 -3.23344700
vt 1.75000000 1.91645200
vt 1.88116600 -3.21330100
vt 1.75000000 1.85579400
vt -3.50000000 0.83457200
vt 1.82374300 -3.19375900
vt -3.50000000 0.99541400
vt 1.68195800 -3.11929600
vt 1.57098800 -3.00382500
vt -3.50000000 1.15625500
vt -3.50000000 1.31709700
vt 1.50221900 -2.85919300
vt -3.50000000 -2.53854800
vt -3.50000000 1.47793900
vt 1.48270400 -2.70023700
vt -3.50000000 -2.01461300
vt 1.52657100 -2.17832000
vt -3.50000000 -1.49067700
vt 1.61734100 -1.66248800
vt 1.75427500 -1.15694800
vt -3.50000000 -0.96674200
vt 3.66366100 -1.29678100
vt -3.50000000 -0.44280600
vt -3.50000000 -1.48298600
vt 3.79570600 -1.17059700
vt -3.50000000 -1.29931200
vt -3.50000000 -1.11563800
vt 3.96426000 -1.10025500
vt -3.50000000 -0.93196400
vt 4.14683100 -1.09514000
vt -1.75000000 4.52243800
vt -3.50000000 -0.74829100
vt 4.31905900 -1.15593600
vt -1.75000000 4.75529500
vt 4.51919600 -1.27494800
vt -1.75000000 4.98815200
vt 4.71605700 -1.39930600
vt -3.50000000 -0.49205800
vt -1.75000000 5.22100800
vt 4.90949700 -1.52892000
vt -3.50000000 -0.35595700
vt 5.00049900 -1.62855200
vt -3.50000000 -0.21985700
vt 5.03863000 -1.75798800
vt -3.50000000 -0.08375700
vt 5.01617800 -1.89104200
vt 3.50000000 -0.37766200
vt -3.50000000 0.05234300
vt 4.93768300 -2.00079800
vt 4.54043500 -2.38419700
vt 3.50000000 -0.92993200
vt 4.17886900 -2.80141400
vt 3.50000000 -1.48220100
vt 3.85585100 -3.24914100
vt 3.50000000 -2.03447100
vt 3.57394300 -3.72382900
vt 3.50000000 -2.58674100
vt -3.50000000 -0.05454800
vt -3.50000000 0.06981800
vt 3.49452400 -3.81837700
vt -3.50000000 0.19418500
vt 3.38375000 -3.87292800
vt 3.26038600 -3.87824100
vt -3.50000000 0.31855100
vt 3.14533300 -3.83341500
vt -3.50000000 0.44291700
vt 1.75000000 3.32806300
vt 1.75000000 3.26740600
vt 3.09438100 -3.80050300
vt 3.04308500 -3.76813100
vt 1.75000000 3.20674800
vt -3.50000000 0.83457200
vt 2.99145100 -3.73630100
vt 1.75000000 3.14609100
vt -3.50000000 0.99541400
vt 2.86979000 -3.63215500
vt -3.50000000 1.15625500
vt 2.78729700 -3.49488600
vt -3.50000000 1.31709700
vt 2.75243500 -3.33857800
vt 2.76878100 -3.17926500
vt -3.50000000 -2.53854800
vt -3.50000000 1.47793900
vt 2.92768500 -2.68019400
vt -3.50000000 -2.01461300
vt 3.13096300 -2.19749400
vt -3.50000000 -1.49067700
vt 3.37695700 -1.73509900
vt -3.50000000 -0.96674200
vt -3.50000000 -1.48298600
vt 5.20735500 -2.29630500
vt -3.50000000 -0.44280600
vt -3.50000000 -1.29931200
vt 5.36416800 -2.20266700
vt -3.50000000 -1.11563800
vt 5.54414900 -2.17159500
vt 5.72328100 -2.20723500
vt -3.50000000 -0.93196400
vt 5.87766200 -2.30483000
vt -1.75000000 6.46279200
vt -3.50000000 -0.74829100
vt 6.04629900 -2.46539300
vt -1.75000000 6.69564900
vt -1.75000000 6.92850600
vt 6.21055100 -2.63043900
vt 6.37030000 -2.79984800
vt -1.75000000 7.16136200
vt -3.50000000 -0.49205800
vt -3.50000000 -0.35595700
vt 6.43684900 -2.91723100
vt 6.44522300 -3.05190700
vt -3.50000000 -0.21985700
vt 6.39372500 -3.17663000
vt -3.50000000 -0.08375700
vt 6.29277600 -3.26616700
vt -3.50000000 0.05234300
vt 3.50000000 -0.37766200
vt 3.50000000 -0.92993200
vt 5.82017400 -3.55155700
vt 3.50000000 -1.48220100
vt 5.37483300 -3.87785800
vt 3.50000000 -2.03447100
vt 4.96028500 -4.24248100
vt 3.50000000 -2.58674100
vt -3.50000000 -0.05454800
vt 4.57981700 -4.64253700
vt 4.48135100 -4.71704200
vt -3.50000000 0.06981800
vt 4.36121500 -4.74557600
vt -3.50000000 0.19418500
vt -3.50000000 0.31855100
vt 4.23976200 -4.72330500
vt -3.50000000 0.44291700
vt 1.75000000 4.61836000
vt 4.13756800 -4.65400100
vt 1.75000000 4.55770300
vt 4.09521700 -4.61057600
vt 4.05241100 -4.56760100
vt 1.75000000 4.49704500
vt 1.75000000 4.43638800
vt 4.00915400 -4.52508000
vt -3.50000000 0.83457200
vt 3.91371800 -4.39647300
vt -3.50000000 0.99541400
vt 3.86383900 -4.24428900
vt -3.50000000 1.15625500
vt 3.86463300 -4.08414200
vt -3.50000000 1.31709700
vt -3.50000000 1.47793900
vt -3.50000000 -2.53854800
vt 3.91601900 -3.93246100
vt -3.50000000 -2.01461300
vt 4.18199300 -3.48126300
vt 4.48758500 -3.05589800
vt -3.50000000 -1.49067700
vt 4.83030400 -2.65983500
vt -3.50000000 -0.96674200
vt -3.50000000 -1.48298600
vt 6.48993000 -3.61427200
vt -3.50000000 -0.44280600
vt -3.50000000 -1.29931200
vt 6.66364800 -3.55787700
vt 6.84603000 -3.56763300
vt -3.50000000 -1.11563800
vt 7.01274000 -3.64224000
vt -3.50000000 -0.93196400
vt -3.50000000 -0.74829100
vt -1.75000000 8.40314600
vt 7.14153400 -3.77174100
vt -1.75000000 8.63600300
vt 7.27021400 -3.96580400
vt -1.75000000 8.86885900
vt 7.39362200 -4.16326100
vt -1.75000000 9.10171600
vt 7.51166800 -4.36397000
vt -3.50000000 -0.49205800
vt -3.50000000 -0.35595700
vt 7.55043000 -4.49321900
vt -3.50000000 -0.21985700
vt 7.52862500 -4.62638200
vt 7.45066500 -4.73651800
vt -3.50000000 -0.08375700
vt -3.50000000 0.05234300
vt 3.50000000 -0.37766200
vt 7.33232300 -4.80134700
vt 6.80806400 -4.97441800
vt 3.50000000 -0.92993200
vt 3.50000000 -1.48220100
vt 6.30128100 -5.19344000
vt 3.50000000 -2.03447100
vt 5.81599000 -5.45667600
vt 5.35604000 -5.76203900
vt -3.50000000 -0.05454800
vt 3.50000000 -2.58674100
vt -3.50000000 0.06981800
vt 5.24346300 -5.81276600
vt 5.11999000 -5.81385200
vt -3.50000000 0.19418500
vt -3.50000000 0.31855100
vt 5.00653900 -5.76511300
vt 1.75000000 5.90865700
vt 4.92232800 -5.67480600
vt -3.50000000 0.44291700
vt 4.89070200 -5.62304600
vt 1.75000000 5.84800000
vt 4.85853200 -5.57162300
vt 1.75000000 5.78734200
vt -3.50000000 0.83457200
vt 1.75000000 5.72668500
vt 4.82582100 -5.52054200
vt -3.50000000 0.99541400
vt 4.76139600 -5.37392300
vt 4.74663100 -5.21445600
vt -3.50000000 1.15625500
vt -3.50000000 1.31709700
vt 4.78304200 -5.05850100
vt 4.86689200 -4.92205700
vt -3.50000000 1.47793900
vt -3.50000000 -2.53854800
vt 5.22659800 -4.54135600
vt -3.50000000 -2.01461300
vt 5.61918100 -4.19465700
vt -3.50000000 -1.49067700
vt 6.04144000 -3.88478700
vt -3.50000000 -0.96674200
vt 7.44707300 -5.18459500
vt -3.50000000 -1.48298600
vt -3.50000000 -0.44280600
vt 7.62898500 -5.16827000
vt -3.50000000 -1.29931200
vt -3.50000000 -1.11563800
vt 7.80462300 -5.21836500
vt 7.95055200 -5.32819800
vt -3.50000000 -0.93196400
vt 8.04730000 -5.48311200
vt -3.50000000 -0.74829100
vt -1.75000000 10.34350000
vt 8.12957100 -5.70094300
vt -1.75000000 10.57635700
vt -1.75000000 10.80921300
vt 8.20594600 -5.92091100
vt -3.50000000 -0.49205800
vt -1.75000000 11.04207000
vt 8.27637100 -6.14285500
vt 8.28540000 -6.27748900
vt -3.50000000 -0.35595700
vt 8.23451000 -6.40246000
vt -3.50000000 -0.21985700
vt 8.13399700 -6.49248800
vt -3.50000000 -0.08375700
vt 8.00419600 -6.52935700
vt 3.50000000 -0.37766200
vt -3.50000000 0.05234300
vt 3.50000000 -0.92993200
vt 7.45457000 -6.58143100
vt 3.50000000 -1.48220100
vt 6.91175600 -6.68219200
vt 6.38005700 -6.83084000
vt 3.50000000 -2.03447100
vt 5.86368900 -7.02619900
vt -3.50000000 -0.05454800
vt 3.50000000 -2.58674100
vt -3.50000000 0.06981800
vt 5.74264700 -7.05060300
vt -3.50000000 0.19418500
vt 5.62202800 -7.02418600
vt -3.50000000 0.31855100
vt 5.52226700 -6.95142400
vt 1.75000000 7.19895400
vt -3.50000000 0.44291700
vt 5.46026200 -6.84464300
vt 1.75000000 7.13829700
vt 5.44094700 -6.78714400
vt 5.42102600 -6.72985100
vt 1.75000000 7.07763900
vt 5.40050200 -6.67277200
vt -3.50000000 0.83457200
vt 1.75000000 7.01698200
vt -3.50000000 0.99541400
vt 5.37031800 -6.51549300
vt -3.50000000 1.15625500
vt 5.39140800 -6.35673900
vt 5.46160900 -6.21279600
vt -3.50000000 1.31709700
vt -3.50000000 -2.53854800
vt 5.57371800 -6.09843100
vt -3.50000000 1.47793900
vt 6.00912000 -5.80731800
vt -3.50000000 -2.01461300
vt 6.46900800 -5.55666900
vt -3.50000000 -1.49067700
vt -3.50000000 -0.96674200
vt 6.94963200 -5.34852900
vt 8.03078900 -6.92853100
vt -3.50000000 -1.48298600
vt -3.50000000 -0.44280600
vt -3.50000000 -1.29931200
vt 8.21177300 -6.95309400
vt -3.50000000 -1.11563800
vt 8.37186000 -7.04101700
vt -3.50000000 -0.93196400
vt 8.48969000 -7.18056800
vt -3.50000000 -0.74829100
vt -1.75000000 12.28385400
vt 8.54954000 -7.35312600
vt -1.75000000 12.51671100
vt 8.58127600 -7.58380300
vt 8.60679000 -7.81525100
vt -1.75000000 12.74956700
vt 8.62606200 -8.04730200
vt -1.75000000 12.98242400
vt -3.50000000 -0.49205800
vt -3.50000000 -0.35595700
vt 8.60490500 -8.18056900
vt 8.52748300 -8.29108300
vt -3.50000000 -0.21985700
vt 8.40945700 -8.35648700
vt -3.50000000 -0.08375700
vt 8.27470600 -8.36354900
vt 3.50000000 -0.37766200
vt -3.50000000 0.05234300
vt 7.72727300 -8.29201400
vt 3.50000000 -0.92993200
vt 7.17564700 -8.26946100
vt 3.50000000 -1.48220100
vt 6.62420100 -8.29606800
vt 3.50000000 -2.03447100
vt 3.50000000 -2.58674100
vt 6.07730800 -8.37162600
vt -3.50000000 -0.05454800
vt 5.95387100 -8.36848400
vt -3.50000000 0.06981800
vt -3.50000000 0.19418500
vt 5.84215400 -8.31589000
vt -3.50000000 0.31855100
vt 5.76108500 -8.22275300
vt 1.75000000 8.48925100
vt -3.50000000 0.44291700
vt 5.72439600 -8.10485100
vt 5.71836000 -8.04449600
vt 1.75000000 8.42859400
vt 1.75000000 8.36793600
vt 5.71168700 -7.98420700
vt 5.70437900 -7.92399200
vt 1.75000000 8.30727900
vt -3.50000000 0.83457200
vt 5.70995000 -7.76394000
vt -3.50000000 0.99541400
vt -3.50000000 1.15625500
vt 5.76583700 -7.61385800
vt 5.86630800 -7.48914500
vt -3.50000000 1.31709700
vt -3.50000000 -2.53854800
vt 6.00105500 -7.40259500
vt -3.50000000 1.47793900
vt -3.50000000 -2.01461300
vt 6.49031900 -7.21566600
vt -3.50000000 -1.49067700
vt 6.99445200 -7.07363600
vt 7.50934100 -6.97766400
vt -3.50000000 -0.96674200
vt -8.90404200 -9.09687400
vt 0.47123900 28.49256500
vt 0.47123900 -28.49256500
vt -8.86491700 -9.93066100
vt 0.47123900 27.64204000
vt 0.47123900 26.79151600
vt -8.74788700 -10.75712200
vt -8.55398100 -11.56899200
vt 0.47123900 25.94099200
vt -8.28490200 -12.35913700
vt 0.47123900 25.09046700
vt -7.94301500 -13.12061300
vt 0.47123900 24.23994300
vt 0.47123900 23.38941900
vt -7.53132400 -13.84672800
vt -7.05344800 -14.53110200
vt 0.47123900 22.53889400
vt 0.47123900 21.68837000
vt -6.51358600 -15.16771900
vt -5.91648200 -15.75098500
vt 0.47123900 20.83784600
vt -5.26738400 -16.27577500
vt 0.47123900 19.98732100
vt -4.57199600 -16.73747700
vt 0.47123900 19.13679700
vt 0.47123900 18.28627300
vt -3.83642900 -17.13203200
vt -3.06714700 -17.45597400
vt 0.47123900 17.43574800
vt 0.47123900 16.58522400
vt -2.27091100 -17.70645700
vt -1.45471900 -17.88127800
vt 0.47123900 15.73470000
vt -0.62574200 -17.97890100
vt 0.47123900 14.88417600
vt 0.20873400 -17.99846800
vt 0.47123900 14.03365100
vt 1.04137500 -17.93980800
vt 0.47123900 13.18312700
vt 1.86486500 -17.80343700
vt 0.47123900 12.33260300
vt 0.47123900 11.48207800
vt 2.67196600 -17.59055100
vt 0.47123900 10.63155400
vt 3.45558600 -17.30302300
vt 0.47123900 9.78103000
vt 4.20883800 -16.94337900
vt 0.47123900 8.93050500
vt 4.92510300 -16.51477900
vt 5.59808600 -16.02099100
vt 0.47123900 8.07998100
vt 6.22187200 -15.46635300
vt 0.47123900 7.22945700
vt 6.79098100 -14.85574000
vt 0.47123900 6.37893200
vt 0.47123900 5.52840800
vt 7.30041000 -14.19451800
vt 7.74568300 -13.48849700
vt 0.47123900 4.67788400
vt 8.12288600 -12.74388300
vt 0.47123900 3.82735900
vt 0.47123900 2.97683500
vt 8.42870500 -11.96721900
vt 8.66045300 -11.16533000
vt 0.47123900 2.12631100
vt 8.81609200 -10.34526400
vt 0.47123900 1.27578600
vt 8.89425500 -9.51422600
vt 0.47123900 0.42526200
vt 8.89425500 -8.67952100
vt 0.47123900 -0.42526200
vt 0.47123900 -1.27578600
vt 8.81609200 -7.84848400
vt 0.47123900 -2.12631100
vt 8.66045300 -7.02841700
vt 0.47123900 -2.97683500
vt 8.42870500 -6.22652800
vt 8.12288600 -5.44986400
vt 0.47123900 -3.82735900
vt 7.74568300 -4.70525000
vt 0.47123900 -4.67788400
vt 0.47123900 -5.52840800
vt 7.30041000 -3.99922900
vt 6.79098100 -3.33800700
vt 0.47123900 -6.37893200
vt 6.22187200 -2.72739400
vt 0.47123900 -7.22945700
vt 5.59808600 -2.17275700
vt 0.47123900 -8.07998100
vt 4.92510300 -1.67896800
vt 0.47123900 -8.93050500
vt 0.47123900 -9.78103000
vt 4.20883800 -1.25036900
vt 3.45558600 -0.89072400
vt 0.47123900 -10.63155400
vt 0.47123900 -11.48207800
vt 2.67196600 -0.60319600
vt 0.47123900 -12.33260300
vt 1.86486500 -0.39031100
vt 1.04137500 -0.25393900
vt 0.47123900 -13.18312700
vt 0.20873400 -0.19527900
vt 0.47123900 -14.03365100
vt 0.47123900 -14.88417600
vt -0.62574200 -0.21484700
vt -1.45471900 -0.31247000
vt 0.47123900 -15.73470000
vt -2.27091100 -0.48729100
vt 0.47123900 -16.58522400
vt 0.47123900 -17.43574800
vt -3.06714700 -0.73777300
vt 0.47123900 -18.28627300
vt -3.83642900 -1.06171500
vt -4.57199600 -1.45627100
vt 0.47123900 -19.13679700
vt -5.26738400 -1.91797200
vt 0.47123900 -19.98732100
vt 0.47123900 -20.83784600
vt -5.91648200 -2.44276200
vt -6.51358600 -3.02602800
vt 0.47123900 -21.68837000
vt -7.05344800 -3.66264600
vt 0.47123900 -22.53889400
vt 0.47123900 -23.38941900
vt -7.53132400 -4.34701900
vt -7.94301500 -5.07313400
vt 0.47123900 -24.23994300
vt -8.28490200 -5.83461000
vt 0.47123900 -25.09046700
vt 0.47123900 -25.94099200
vt -8.55398100 -6.62475500
vt -8.74788700 -7.43662600
vt 0.47123900 -26.79151600
vt -8.86491700 -8.26308600
vt 0.47123900 -27.64204000
vt 1.75000000 16.86313200
vt -8.03195700 -12.29938600
vt -0.00000000 -0.49205800
vt -8.11527700 -12.08195400
vt 1.75000000 16.63027500
vt -8.19271200 -11.86235700
vt 1.75000000 16.39741800
vt -8.26420600 -11.64075400
vt 1.75000000 16.16456200
vt -0.00000000 -0.74829100
vt -8.28515300 -11.45931700
vt -0.00000000 -0.93196400
vt -8.23954000 -11.28246100
vt -0.00000000 -1.11563800
vt -0.00000000 -1.29931200
vt -8.13345500 -11.13378600
vt -0.00000000 -1.48298600
vt -0.00000000 -0.44280600
vt -7.98105200 -11.03312900
vt 0.00000000 -0.96674200
vt -7.48992600 -10.85114900
vt -0.00000000 -1.49067700
vt -6.98438500 -10.71421500
vt 0.00000000 -2.01461300
vt -6.46855300 -10.62344400
vt -0.00000000 -2.53854800
vt -0.00000000 1.47793900
vt -5.94663600 -10.57957800
vt -5.78768000 -10.59909200
vt -0.00000000 1.31709700
vt -5.64304800 -10.66786200
vt -0.00000000 1.15625500
vt 0.00000000 0.99541400
vt -5.52757800 -10.77883200
vt 0.00000000 0.83457200
vt -5.45311500 -10.92061700
vt -1.75000000 10.88787300
vt -1.75000000 10.94853000
vt -5.43357300 -10.97804000
vt -5.41342600 -11.03525300
vt -1.75000000 11.00918700
vt -1.75000000 11.06984500
vt 0.00000000 0.44291700
vt -5.39267700 -11.09225100
vt -5.37457700 -11.21439500
vt 0.00000000 0.31855100
vt 0.00000000 0.19418500
vt -5.40720800 -11.33348300
vt 0.00000000 0.06981800
vt -5.48504100 -11.42934100
vt -5.59489100 -11.48573000
vt 0.00000000 -2.58674100
vt 0.00000000 -0.05454800
vt -0.00000000 -2.03447100
vt -6.12040700 -11.65494200
vt -6.62878800 -11.87023300
vt -0.00000000 -1.48220100
vt -7.11600000 -12.12989400
vt -0.00000000 -0.92993200
vt 0.00000000 0.05234300
vt 0.00000000 -0.37766200
vt -7.57818200 -12.43186700
vt 0.00000000 -0.08375700
vt -7.70265300 -12.48397100
vt 0.00000000 -0.21985700
vt -7.83736800 -12.47625400
vt -0.00000000 -0.35595700
vt -7.95507400 -12.41027600
vt 1.75000000 18.80348600
vt -0.00000000 -0.49205800
vt -7.11795300 -14.00637100
vt -7.24756700 -13.81293000
vt 1.75000000 18.57062900
vt -7.37192600 -13.61607000
vt 1.75000000 18.33777200
vt 1.75000000 18.10491600
vt -0.00000000 -0.74829100
vt -7.49093800 -13.41593300
vt -7.55173400 -13.24370500
vt -0.00000000 -0.93196400
vt -7.54661900 -13.06113400
vt -0.00000000 -1.11563800
vt -0.00000000 -1.29931200
vt -7.47627600 -12.89258000
vt -0.00000000 -1.48298600
vt -0.00000000 -0.44280600
vt -7.35009200 -12.76053400
vt -6.91177500 -12.47383000
vt 0.00000000 -0.96674200
vt 0.00000000 -1.49067700
vt -6.44938000 -12.22783600
vt 0.00000000 -2.01461300
vt -5.96667900 -12.02455800
vt -0.00000000 -2.53854800
vt -5.46760900 -11.86565400
vt -0.00000000 1.47793900
vt -5.30829600 -11.84930900
vt -0.00000000 1.31709700
vt -5.15198700 -11.88417100
vt -0.00000000 1.15625500
vt -5.01471900 -11.96666300
vt -0.00000000 0.99541400
vt -1.75000000 12.17817000
vt -4.91057300 -12.08832400
vt 0.00000000 0.83457200
vt -4.87874300 -12.13995900
vt -1.75000000 12.23882700
vt -4.84637000 -12.19125500
vt -1.75000000 12.29948400
vt 0.00000000 0.44291700
vt -1.75000000 12.36014200
vt -4.81345900 -12.24220600
vt 0.00000000 0.31855100
vt -4.76863300 -12.35726000
vt -4.77394500 -12.48062300
vt 0.00000000 0.19418500
vt 0.00000000 0.06981800
vt -4.82849700 -12.59139800
vt -4.92304500 -12.67081700
vt 0.00000000 -0.05454800
vt -0.00000000 -2.58674100
vt -0.00000000 -2.03447100
vt -5.39773200 -12.95272500
vt 0.00000000 -1.48220100
vt -5.84546000 -13.27574300
vt 0.00000000 -0.92993200
vt -6.26267700 -13.63730900
vt 0.00000000 0.05234300
vt -6.64607600 -14.03455600
vt -0.00000000 -0.37766200
vt -6.75583100 -14.11305100
vt 0.00000000 -0.08375700
vt -6.88888600 -14.13550400
vt 0.00000000 -0.21985700
vt -7.01832200 -14.09737200
vt 0.00000000 -0.35595700
vt -5.84702600 -15.46717300
vt 1.75000000 20.74384000
vt -0.00000000 -0.49205800
vt 1.75000000 20.51098300
vt -6.01643400 -15.30742400
vt 1.75000000 20.27812600
vt -6.18148000 -15.14317200
vt -0.00000000 -0.74829100
vt -6.34204400 -14.97453500
vt 1.75000000 20.04527000
vt -0.00000000 -0.93196400
vt -6.43963900 -14.82015400
vt -6.47527800 -14.64102200
vt -0.00000000 -1.11563800
vt -6.44420600 -14.46104200
vt -0.00000000 -1.29931200
vt -0.00000000 -1.48298600
vt -6.35056900 -14.30422800
vt 0.00000000 -0.44280600
vt 0.00000000 -0.96674200
vt -5.98703800 -13.92717800
vt 0.00000000 -1.49067700
vt -5.59097600 -13.58445900
vt 0.00000000 -2.01461300
vt -5.16561100 -13.27886600
vt 0.00000000 -2.53854800
vt -0.00000000 1.47793900
vt -4.71441300 -13.01289300
vt -0.00000000 1.31709700
vt -4.56273200 -12.96150600
vt -4.40258400 -12.96071200
vt -0.00000000 1.15625500
vt -0.00000000 0.99541400
vt -4.25040100 -13.01059200
vt 0.00000000 0.83457200
vt -1.75000000 13.46846700
vt -4.12179400 -13.10602800
vt -1.75000000 13.52912400
vt -4.07927300 -13.14928500
vt -1.75000000 13.58978100
vt -4.03629700 -13.19209100
vt -1.75000000 13.65043900
vt 0.00000000 0.44291700
vt -3.99287300 -13.23444100
vt 0.00000000 0.31855100
vt -3.92356900 -13.33663600
vt 0.00000000 0.19418500
vt -3.90129700 -13.45808900
vt 0.00000000 0.06981800
vt -3.92983100 -13.57822400
vt -0.00000000 -2.58674100
vt 0.00000000 -0.05454800
vt -4.00433700 -13.67669100
vt 0.00000000 -2.03447100
vt -4.40439200 -14.05715900
vt -4.76901600 -14.47170700
vt 0.00000000 -1.48220100
vt -5.09531700 -14.91704700
vt 0.00000000 -0.92993200
vt -5.38070700 -15.38964900
vt -0.00000000 -0.37766200
vt 0.00000000 0.05234300
vt -5.47024400 -15.49059900
vt 0.00000000 -0.08375700
vt -5.59496600 -15.54209600
vt 0.00000000 -0.21985700
vt -5.72964200 -15.53372300
vt 0.00000000 -0.35595700
vt -4.28290300 -16.60854200
vt 0.00000000 -0.49205800
vt 1.75000000 22.68419400
vt -4.48361200 -16.49049600
vt 1.75000000 22.45133700
vt 1.75000000 22.21848000
vt -4.68107000 -16.36708800
vt 1.75000000 21.98562300
vt 0.00000000 -0.74829100
vt -4.87513300 -16.23840800
vt -0.00000000 -0.93196400
vt -5.00463400 -16.10961400
vt -0.00000000 -1.11563800
vt -5.07924100 -15.94290400
vt -5.08899700 -15.76052200
vt -0.00000000 -1.29931200
vt -0.00000000 -1.48298600
vt 0.00000000 -0.44280600
vt -5.03260200 -15.58680400
vt -4.76208700 -15.13831300
vt 0.00000000 -0.96674200
vt -4.45221700 -14.71605500
vt 0.00000000 -1.49067700
vt -4.10551800 -14.32347200
vt -0.00000000 -2.01461300
vt -3.72481700 -13.96376500
vt 0.00000000 -2.53854800
vt 0.00000000 1.47793900
vt -3.58837300 -13.87991500
vt -0.00000000 1.31709700
vt -0.00000000 1.15625500
vt -3.43241700 -13.84350500
vt -0.00000000 0.99541400
vt -3.27295000 -13.85827000
vt -1.75000000 14.75876400
vt -0.00000000 0.83457200
vt -3.12633100 -13.92269500
vt -3.07525000 -13.95540600
vt -1.75000000 14.81942100
vt -3.02382700 -13.98757600
vt -1.75000000 14.88007800
vt -1.75000000 14.94073600
vt -0.00000000 0.44291700
vt -2.97206800 -14.01920200
vt -2.88176100 -14.10341200
vt 0.00000000 0.31855100
vt -2.83302200 -14.21686400
vt 0.00000000 0.19418500
vt -2.83410800 -14.34033700
vt 0.00000000 0.06981800
vt 0.00000000 -0.05454800
vt 0.00000000 -2.58674100
vt -2.88483500 -14.45291400
vt -3.19019800 -14.91286400
vt 0.00000000 -2.03447100
vt -3.45343400 -15.39815400
vt 0.00000000 -1.48220100
vt -0.00000000 -0.92993200
vt -3.67245600 -15.90493800
vt 0.00000000 0.05234300
vt -3.84552700 -16.42919600
vt -0.00000000 -0.37766200
vt 0.00000000 -0.08375700
vt -3.91035600 -16.54753900
vt -4.02049200 -16.62549800
vt 0.00000000 -0.21985700
vt -4.15365500 -16.64730300
vt 0.00000000 -0.35595700
vt 1.75000000 24.62454700
vt -2.50401900 -17.37324500
vt 0.00000000 -0.49205800
vt -2.72596300 -17.30282000
vt 1.75000000 24.39169100
vt 1.75000000 24.15883400
vt -2.94593100 -17.22644400
vt 1.75000000 23.92597700
vt 0.00000000 -0.74829100
vt -3.16376200 -17.14417300
vt -3.31867600 -17.04742600
vt -0.00000000 -0.93196400
vt -3.42850800 -16.90149700
vt -0.00000000 -1.11563800
vt -3.47860400 -16.72585900
vt -0.00000000 -1.29931200
vt -3.46227900 -16.54394700
vt -0.00000000 -1.48298600
vt -0.00000000 -0.44280600
vt -3.29834500 -16.04650600
vt -0.00000000 -0.96674200
vt -0.00000000 -1.49067700
vt -3.09020500 -15.56588200
vt -2.83955600 -15.10599400
vt 0.00000000 -2.01461300
vt -2.54844200 -14.67059200
vt -0.00000000 -2.53854800
vt -0.00000000 1.47793900
vt -0.00000000 1.31709700
vt -2.43407800 -14.55848200
vt -0.00000000 1.15625500
vt -2.29013500 -14.48828200
vt -2.13138000 -14.46719200
vt -0.00000000 0.99541400
vt -1.75000000 16.04906100
vt -1.97410100 -14.49737600
vt -0.00000000 0.83457200
vt -1.75000000 16.10971800
vt -1.91702200 -14.51790000
vt -1.75000000 16.17037500
vt -1.85973000 -14.53782100
vt -0.00000000 0.44291700
vt -1.75000000 16.23103200
vt -1.80223100 -14.55713600
vt -1.69544900 -14.61914000
vt 0.00000000 0.31855100
vt -1.62268700 -14.71890200
vt 0.00000000 0.19418500
vt -1.59627100 -14.83952100
vt 0.00000000 0.06981800
vt -1.62067500 -14.96056300
vt 0.00000000 -0.05454800
vt 0.00000000 -2.58674100
vt -0.00000000 -2.03447100
vt -1.81603300 -15.47693000
vt -1.96468200 -16.00862900
vt -0.00000000 -1.48220100
vt -2.06544300 -16.55144400
vt 0.00000000 -0.92993200
vt 0.00000000 -0.37766200
vt -2.11751600 -17.10107000
vt 0.00000000 0.05234300
vt -2.15438600 -17.23087100
vt 0.00000000 -0.08375700
vt 0.00000000 -0.21985700
vt -2.24441300 -17.33138400
vt 0.00000000 -0.35595700
vt -2.36938500 -17.38227300
vt 0.00000000 -0.49205800
vt 1.75000000 26.56490100
vt -0.59957200 -17.72293500
vt 1.75000000 26.33204500
vt -0.83162300 -17.70366300
vt 1.75000000 26.09918800
vt -1.06307000 -17.67815000
vt 0.00000000 -0.74829100
vt 1.75000000 25.86633100
vt -1.29374700 -17.64641400
vt 0.00000000 -0.93196400
vt -1.46630500 -17.58656400
vt -1.60585600 -17.46873400
vt -0.00000000 -1.11563800
vt -1.69377900 -17.30864600
vt -0.00000000 -1.29931200
vt -1.71834200 -17.12766200
vt -0.00000000 -1.48298600
vt -0.00000000 -0.44280600
vt -1.66921000 -16.60621500
vt -0.00000000 -0.96674200
vt 0.00000000 -1.49067700
vt -1.57323700 -16.09132500
vt 0.00000000 -2.01461300
vt -1.43120800 -15.58719300
vt -1.24427900 -15.09792900
vt -0.00000000 -2.53854800
vt -0.00000000 1.47793900
vt -1.15772800 -14.96318200
vt -0.00000000 1.31709700
vt -1.03301500 -14.86271100
vt -0.00000000 1.15625500
vt -0.88293400 -14.80682300
vt -0.00000000 0.99541400
vt -0.72288200 -14.80125300
vt -0.00000000 0.83457200
vt -1.75000000 17.33935800
vt -0.66266700 -14.80856100
vt -1.75000000 17.40001500
vt -1.75000000 17.46067200
vt -0.60237800 -14.81523400
vt -0.00000000 0.44291700
vt -1.75000000 17.52132900
vt -0.54202200 -14.82127000
vt -0.42412100 -14.85795800
vt -0.00000000 0.31855100
vt -0.33098400 -14.93902800
vt 0.00000000 0.19418500
vt 0.00000000 0.06981800
vt -0.27838900 -15.05074400
vt 0.00000000 -0.05454800
vt 0.00000000 -2.58674100
vt -0.27524700 -15.17418200
vt 0.00000000 -2.03447100
vt -0.35080500 -15.72107500
vt -0.37741300 -16.27252000
vt 0.00000000 -1.48220100
vt -0.35486000 -16.82414700
vt 0.00000000 -0.92993200
vt 0.00000000 0.05234300
vt -0.28332500 -17.37158000
vt 0.00000000 -0.37766200
vt -0.29038600 -17.50633100
vt 0.00000000 -0.08375700
vt 0.00000000 -0.21985700
vt -0.35579000 -17.62435600
vt -0.46630500 -17.70177900
vt 0.00000000 -0.35595700
vt 1.33494000 -17.64007900
vt 1.75000000 -25.82465400
vt 0.00000000 -0.49205800
vt 1.75000000 -26.05751100
vt 1.10441900 -17.67292700
vt 1.75000000 -26.29036800
vt 0.87309700 -17.69955500
vt 0.00000000 -0.74829100
vt 1.75000000 -26.52322400
vt 0.64114200 -17.71994500
vt 0.45959200 -17.69999300
vt 0.00000000 -0.93196400
vt 0.29732000 -17.61617000
vt 0.00000000 -1.11563800
vt -0.00000000 -1.29931200
vt 0.17597800 -17.47966100
vt -0.00000000 -0.44280600
vt -0.00000000 -1.48298600
vt 0.11175900 -17.30868100
vt 0.04362600 -16.78937400
vt 0.00000000 -0.96674200
vt 0.00000000 -1.49067700
vt 0.02261900 -16.26603800
vt 0.04890800 -15.74294100
vt -0.00000000 -2.01461300
vt -0.00000000 1.47793900
vt 0.12227800 -15.22434800
vt -0.00000000 -2.53854800
vt -0.00000000 1.31709700
vt 0.17667500 -15.07372000
vt -0.00000000 1.15625500
vt 0.27590400 -14.94801700
vt -0.00000000 0.99541400
vt 0.40978600 -14.86013400
vt -1.75000000 -17.49866000
vt -0.00000000 0.83457200
vt 0.56458600 -14.81908800
vt 0.62491800 -14.81281400
vt -1.75000000 -17.43800300
vt -1.75000000 -17.37734600
vt 0.68518000 -14.80590400
vt 0.74536500 -14.79835900
vt -0.00000000 0.44291700
vt -1.75000000 -17.31668900
vt -0.00000000 0.31855100
vt 0.86847500 -14.80789200
vt 0.97731600 -14.86620400
vt -0.00000000 0.19418500
vt 1.05345100 -14.96341600
vt 0.00000000 0.06981800
vt 0.00000000 -0.05454800
vt 1.08398200 -15.08306000
vt 0.00000000 -2.58674100
vt -0.00000000 -2.03447100
vt 1.13201400 -15.63305300
vt -0.00000000 -1.48220100
vt 1.22878100 -16.17659400
vt -0.00000000 -0.92993200
vt 1.37351700 -16.70937100
vt 0.00000000 0.05234300
vt 0.00000000 -0.37766200
vt 1.56507400 -17.22716100
vt 0.00000000 -0.08375700
vt 1.58817400 -17.36010500
vt 1.55067300 -17.48972500
vt 0.00000000 -0.21985700
vt 1.46015800 -17.58979800
vt 0.00000000 -0.35595700
vt 3.20251200 -17.12883100
vt 0.00000000 -0.49205800
vt 1.75000000 -23.88430000
vt 2.98508000 -17.21215100
vt 1.75000000 -24.11715700
vt 2.76548300 -17.28958500
vt 1.75000000 -24.35001400
vt 2.54388100 -17.36107900
vt 1.75000000 -24.58287000
vt 0.00000000 -0.74829100
vt 2.36244300 -17.38202600
vt 0.00000000 -0.93196400
vt 2.18558700 -17.33641400
vt 0.00000000 -1.11563800
vt 2.03691200 -17.23032800
vt -0.00000000 -1.29931200
vt -0.00000000 -1.48298600
vt -0.00000000 -0.44280600
vt 1.93625600 -17.07792500
vt -0.00000000 -0.96674200
vt 1.75427500 -16.58679900
vt -0.00000000 -1.49067700
vt 1.61734100 -16.08125900
vt -0.00000000 -2.01461300
vt 1.52657100 -15.56542700
vt -0.00000000 1.47793900
vt -0.00000000 -2.53854800
vt 1.48270400 -15.04351000
vt 1.50221900 -14.88455400
vt -0.00000000 1.31709700
vt 1.57098800 -14.73992200
vt -0.00000000 1.15625500
vt 1.68195800 -14.62445100
vt -0.00000000 0.99541400
vt -0.00000000 0.83457200
vt -1.75000000 -16.20836300
vt 1.82374300 -14.54998800
vt -1.75000000 -16.14770600
vt 1.88116600 -14.53044600
vt 1.93838000 -14.51030000
vt -1.75000000 -16.08704900
vt 1.99537700 -14.48955100
vt -0.00000000 0.44291700
vt -1.75000000 -16.02639200
vt -0.00000000 0.31855100
vt 2.11752100 -14.47145100
vt 2.23660900 -14.50408100
vt -0.00000000 0.19418500
vt 2.33246700 -14.58191400
vt 0.00000000 0.06981800
vt 2.38885600 -14.69176500
vt 0.00000000 -0.05454800
vt 0.00000000 -2.58674100
vt 2.55806800 -15.21728100
vt -0.00000000 -2.03447100
vt -0.00000000 -1.48220100
vt 2.77335900 -15.72566100
vt -0.00000000 -0.92993200
vt 3.03302000 -16.21287400
vt 0.00000000 -0.37766200
vt 0.00000000 0.05234300
vt 3.33499400 -16.67505600
vt 3.38709800 -16.79952700
vt 0.00000000 -0.08375700
vt 0.00000000 -0.21985700
vt 3.37938000 -16.93424200
vt 0.00000000 -0.35595700
vt 3.31340200 -17.05194700
vt 1.75000000 -21.94394600
vt 4.90949700 -16.21482700
vt 0.00000000 -0.49205800
vt 1.75000000 -22.17680300
vt 4.71605700 -16.34444100
vt 4.51919600 -16.46879900
vt 1.75000000 -22.40966000
vt 1.75000000 -22.64251600
vt 0.00000000 -0.74829100
vt 4.31905900 -16.58781200
vt 0.00000000 -0.93196400
vt 4.14683100 -16.64860700
vt 3.96426000 -16.64349200
vt 0.00000000 -1.11563800
vt 0.00000000 -1.29931200
vt 3.79570600 -16.57315000
vt 3.66366100 -16.44696600
vt -0.00000000 -0.44280600
vt -0.00000000 -1.48298600
vt 3.37695700 -16.00864800
vt 0.00000000 -0.96674200
vt 3.13096300 -15.54625400
vt 0.00000000 -1.49067700
vt 0.00000000 -2.01461300
vt 2.92768500 -15.06355300
vt -0.00000000 -2.53854800
vt -0.00000000 1.47793900
vt 2.76878100 -14.56448300
vt 2.75243500 -14.40517000
vt -0.00000000 1.31709700
vt 2.78729700 -14.24886100
vt -0.00000000 1.15625500
vt 2.86979000 -14.11159200
vt -0.00000000 0.99541400
vt 2.99145100 -14.00744600
vt -0.00000000 0.83457200
vt -1.75000000 -14.91806600
vt -1.75000000 -14.85740900
vt 3.04308500 -13.97561700
vt -1.75000000 -14.79675200
vt 3.09438100 -13.94324400
vt 3.14533300 -13.91033200
vt -0.00000000 0.44291700
vt -1.75000000 -14.73609500
vt -0.00000000 0.31855100
vt 3.26038600 -13.86550600
vt -0.00000000 0.19418500
vt 3.38375000 -13.87081900
vt 3.49452400 -13.92537000
vt -0.00000000 0.06981800
vt 0.00000000 -0.05454800
vt 0.00000000 -2.58674100
vt 3.57394300 -14.01991900
vt 3.85585100 -14.49460600
vt 0.00000000 -2.03447100
vt 4.17886900 -14.94233300
vt -0.00000000 -1.48220100
vt 4.54043500 -15.35955000
vt -0.00000000 -0.92993200
vt 4.93768300 -15.74294900
vt 0.00000000 -0.37766200
vt 0.00000000 0.05234300
vt 5.01617800 -15.85270500
vt 0.00000000 -0.08375700
vt 5.03863000 -15.98576000
vt 0.00000000 -0.21985700
vt 5.00049900 -16.11519600
vt 0.00000000 -0.35595700
vt 6.37030000 -14.94389900
vt 0.00000000 -0.49205800
vt 1.75000000 -20.00359200
vt 6.21055100 -15.11330800
vt 1.75000000 -20.23644900
vt 6.04629900 -15.27835400
vt 1.75000000 -20.46930600
vt 5.87766200 -15.43891700
vt 0.00000000 -0.74829100
vt 1.75000000 -20.70216300
vt 0.00000000 -0.93196400
vt 5.72328100 -15.53651300
vt 0.00000000 -1.11563800
vt 5.54414900 -15.57215200
vt 0.00000000 -1.29931200
vt 5.36416800 -15.54108000
vt 5.20735500 -15.44744300
vt -0.00000000 -0.44280600
vt -0.00000000 -1.48298600
vt 4.83030400 -15.08391200
vt 0.00000000 -0.96674200
vt 4.48758500 -14.68784900
vt 0.00000000 -1.49067700
vt -0.00000000 -2.01461300
vt 4.18199300 -14.26248500
vt 3.91601900 -13.81128700
vt -0.00000000 -2.53854800
vt -0.00000000 1.47793900
vt 3.86463300 -13.65960500
vt -0.00000000 1.31709700
vt -0.00000000 1.15625500
vt 3.86383900 -13.49945800
vt -0.00000000 0.99541400
vt 3.91371800 -13.34727500
vt -1.75000000 -13.62776900
vt 4.00915400 -13.21866800
vt -0.00000000 0.83457200
vt -1.75000000 -13.56711200
vt 4.05241100 -13.17614600
vt -1.75000000 -13.50645500
vt 4.09521700 -13.13317100
vt -1.75000000 -13.44579800
vt -0.00000000 0.44291700
vt 4.13756800 -13.08974600
vt 4.23976200 -13.02044200
vt -0.00000000 0.31855100
vt -0.00000000 0.19418500
vt 4.36121500 -12.99817100
vt -0.00000000 0.06981800
vt 4.48135100 -13.02670500
vt 4.57981700 -13.10121100
vt 0.00000000 -0.05454800
vt 0.00000000 -2.58674100
vt 4.96028500 -13.50126600
vt 0.00000000 -2.03447100
vt 5.37483300 -13.86589000
vt -0.00000000 -1.48220100
vt 5.82017400 -14.19219000
vt -0.00000000 -0.92993200
vt 6.29277600 -14.47758100
vt -0.00000000 -0.37766200
vt -0.00000000 0.05234300
vt 0.00000000 -0.08375700
vt 6.39372500 -14.56711800
vt 0.00000000 -0.21985700
vt 6.44522300 -14.69184000
vt 0.00000000 -0.35595700
vt 6.43684900 -14.82651600
vt 0.00000000 -0.49205800
vt 1.75000000 -18.06323900
vt 7.51166800 -13.37977700
vt 7.39362200 -13.58048600
vt 1.75000000 -18.29609500
vt 7.27021400 -13.77794300
vt 1.75000000 -18.52895200
vt 7.14153400 -13.97200600
vt 1.75000000 -18.76180900
vt 0.00000000 -0.74829100
vt 0.00000000 -0.93196400
vt 7.01274000 -14.10150800
vt 0.00000000 -1.11563800
vt 6.84603000 -14.17611400
vt 0.00000000 -1.29931200
vt 6.66364800 -14.18587100
vt 0.00000000 -1.48298600
vt 0.00000000 -0.44280600
vt 6.48993000 -14.12947500
vt 0.00000000 -0.96674200
vt 6.04144000 -13.85896100
vt 0.00000000 -1.49067700
vt 5.61918100 -13.54909000
vt 5.22659800 -13.20239100
vt -0.00000000 -2.01461300
vt 4.86689200 -12.82169000
vt -0.00000000 1.47793900
vt -0.00000000 -2.53854800
vt 4.78304200 -12.68524600
vt -0.00000000 1.31709700
vt 4.74663100 -12.52929100
vt -0.00000000 1.15625500
vt 4.76139600 -12.36982400
vt -0.00000000 0.99541400
vt 4.82582100 -12.22320500
vt -1.75000000 -12.33747200
vt -0.00000000 0.83457200
vt 4.85853200 -12.17212400
vt -1.75000000 -12.27681500
vt -1.75000000 -12.21615800
vt 4.89070200 -12.12070100
vt -1.75000000 -12.15550100
vt -0.00000000 0.44291700
vt 4.92232800 -12.06894100
vt 5.00653900 -11.97863500
vt -0.00000000 0.31855100
vt -0.00000000 0.19418500
vt 5.11999000 -11.92989600
vt -0.00000000 0.06981800
vt 5.24346300 -11.93098200
vt -0.00000000 -0.05454800
vt -0.00000000 -2.58674100
vt 5.35604000 -11.98170800
vt 0.00000000 -2.03447100
vt 5.81599000 -12.28707100
vt 6.30128100 -12.55030700
vt -0.00000000 -1.48220100
vt -0.00000000 -0.92993200
vt 6.80806400 -12.76932900
vt -0.00000000 0.05234300
vt -0.00000000 -0.37766200
vt 7.33232300 -12.94240100
vt 0.00000000 -0.08375700
vt 7.45066500 -13.00722900
vt 0.00000000 -0.21985700
vt 7.52862500 -13.11736600
vt 7.55043000 -13.25052800
vt 0.00000000 -0.35595700
vt 0.00000000 -0.49205800
vt 1.75000000 -16.12288500
vt 8.27637100 -11.60089200
vt 1.75000000 -16.35574100
vt 8.20594600 -11.82283700
vt 1.75000000 -16.58859800
vt 8.12957100 -12.04280400
vt 8.04730000 -12.26063600
vt 1.75000000 -16.82145500
vt 0.00000000 -0.74829100
vt 7.95055200 -12.41555000
vt 0.00000000 -0.93196400
vt 0.00000000 -1.11563800
vt 7.80462300 -12.52538200
vt 0.00000000 -1.29931200
vt 7.62898500 -12.57547800
vt 0.00000000 -0.44280600
vt 0.00000000 -1.48298600
vt 7.44707300 -12.55915200
vt 6.94963200 -12.39521800
vt 0.00000000 -0.96674200
vt -0.00000000 -1.49067700
vt 6.46900800 -12.18707900
vt 6.00912000 -11.93643000
vt -0.00000000 -2.01461300
vt 0.00000000 -2.53854800
vt 5.57371800 -11.64531600
vt 0.00000000 1.47793900
vt -0.00000000 1.31709700
vt 5.46160900 -11.53095200
vt -0.00000000 1.15625500
vt 5.39140800 -11.38700800
vt 5.37031800 -11.22825400
vt -0.00000000 0.99541400
vt -1.75000000 -11.04717500
vt -0.00000000 0.83457200
vt 5.40050200 -11.07097500
vt -1.75000000 -10.98651800
vt 5.42102600 -11.01389600
vt 5.44094700 -10.95660400
vt -1.75000000 -10.92586100
vt -0.00000000 0.44291700
vt 5.46026200 -10.89910400
vt -1.75000000 -10.86520400
vt 5.52226700 -10.79232300
vt -0.00000000 0.31855100
vt -0.00000000 0.19418500
vt 5.62202800 -10.71956100
vt -0.00000000 0.06981800
vt 5.74264700 -10.69314400
vt -0.00000000 -0.05454800
vt 5.86368900 -10.71754800
vt -0.00000000 -2.58674100
vt 0.00000000 -2.03447100
vt 6.38005700 -10.91290700
vt 0.00000000 -1.48220100
vt 6.91175600 -11.06155600
vt 7.45457000 -11.16231600
vt 0.00000000 -0.92993200
vt -0.00000000 -0.37766200
vt -0.00000000 0.05234300
vt 8.00419600 -11.21439000
vt -0.00000000 -0.08375700
vt 8.13399700 -11.25126000
vt 8.23451000 -11.34128700
vt 0.00000000 -0.21985700
vt 8.28540000 -11.46625900
vt 0.00000000 -0.35595700
vt 8.62606200 -9.69644600
vt 1.75000000 -14.18253100
vt 0.00000000 -0.49205800
vt 8.60679000 -9.92849600
vt 1.75000000 -14.41538700
vt 8.58127600 -10.15994400
vt 1.75000000 -14.64824400
vt 0.00000000 -0.74829100
vt 1.75000000 -14.88110100
vt 8.54954000 -10.39062100
vt 0.00000000 -0.93196400
vt 8.48969000 -10.56317900
vt 0.00000000 -1.11563800
vt 8.37186000 -10.70273000
vt 0.00000000 -1.29931200
vt 8.21177300 -10.79065300
vt 8.03078900 -10.81521600
vt 0.00000000 -1.48298600
vt 0.00000000 -0.44280600
vt -0.00000000 -0.96674200
vt 7.50934100 -10.76608300
vt 0.00000000 -1.49067700
vt 6.99445200 -10.67011100
vt 6.49031900 -10.52808100
vt 0.00000000 -2.01461300
vt 0.00000000 1.47793900
vt 0.00000000 -2.53854800
vt 6.00105500 -10.34115200
vt 5.86630800 -10.25460200
vt -0.00000000 1.31709700
vt 5.76583700 -10.12988900
vt -0.00000000 1.15625500
vt 5.70995000 -9.97980800
vt -0.00000000 0.99541400
vt 5.70437900 -9.81975500
vt -1.75000000 -9.75687800
vt -0.00000000 0.83457200
vt -1.75000000 -9.69622100
vt 5.71168700 -9.75954000
vt 5.71836000 -9.69925200
vt -1.75000000 -9.63556400
vt -0.00000000 0.44291700
vt 5.72439600 -9.63889600
vt -1.75000000 -9.57490700
vt -0.00000000 0.31855100
vt 5.76108500 -9.52099500
vt -0.00000000 0.19418500
vt 5.84215400 -9.42785800
vt -0.00000000 0.06981800
vt 5.95387100 -9.37526300
vt -0.00000000 -2.58674100
vt 6.07730800 -9.37212100
vt -0.00000000 -0.05454800
vt 6.62420100 -9.44767900
vt -0.00000000 -2.03447100
vt -0.00000000 -1.48220100
vt 7.17564700 -9.47428700
vt 0.00000000 -0.92993200
vt 7.72727300 -9.45173400
vt -0.00000000 0.05234300
vt 8.27470600 -9.38019800
vt -0.00000000 -0.37766200
vt 8.40945700 -9.38726000
vt -0.00000000 -0.08375700
vt 8.52748300 -9.45266400
vt 0.00000000 -0.21985700
vt 8.60490500 -9.56317800
vt 0.00000000 -0.35595700
vt 1.75000000 -12.24217700
vt 0.00000000 -0.49205800
vt 8.54320500 -7.76193400
vt 8.57605300 -7.99245500
vt 1.75000000 -12.47503400
vt 1.75000000 -12.70789000
vt 8.60268100 -8.22377700
vt 8.62307100 -8.45573200
vt 0.00000000 -0.74829100
vt 1.75000000 -12.94074700
vt 0.00000000 -0.93196400
vt 8.60312000 -8.63728200
vt 8.51929700 -8.79955400
vt 0.00000000 -1.11563800
vt 8.38278800 -8.92089500
vt 0.00000000 -1.29931200
vt 0.00000000 -1.48298600
vt 0.00000000 -0.44280600
vt 8.21180700 -8.98511500
vt -0.00000000 -0.96674200
vt 7.69250000 -9.05324700
vt 7.16916400 -9.07425500
vt 0.00000000 -1.49067700
vt 6.64606700 -9.04796600
vt 0.00000000 -2.01461300
vt 0.00000000 1.47793900
vt 6.12747400 -8.97459500
vt 0.00000000 -2.53854800
vt 0.00000000 1.31709700
vt 5.97684600 -8.92019900
vt -0.00000000 1.15625500
vt 5.85114300 -8.82096900
vt -0.00000000 0.99541400
vt 5.76326100 -8.68708700
vt 5.72221500 -8.53228700
vt -1.75000000 -8.46658100
vt -0.00000000 0.83457200
vt 5.71594100 -8.47195600
vt -1.75000000 -8.40592400
vt 5.70903000 -8.41169400
vt -1.75000000 -8.34526700
vt 5.70148500 -8.35150800
vt -1.75000000 -8.28461000
vt -0.00000000 0.44291700
vt -0.00000000 0.31855100
vt 5.71101800 -8.22839900
vt 5.76933000 -8.11955800
vt -0.00000000 0.19418500
vt -0.00000000 0.06981800
vt 5.86654200 -8.04342200
vt 5.98618600 -8.01289200
vt -0.00000000 -0.05454800
vt -0.00000000 -2.58674100
vt -0.00000000 -2.03447100
vt 6.53618000 -7.96486000
vt 0.00000000 -1.48220100
vt 7.07972000 -7.86809300
vt 7.61249800 -7.72335700
vt 0.00000000 -0.92993200
vt -0.00000000 -0.37766200
vt -0.00000000 0.05234300
vt 8.13028800 -7.53179900
vt 8.26323100 -7.50869900
vt -0.00000000 -0.08375700
vt 8.39285200 -7.54620000
vt -0.00000000 -0.21985700
vt 0.00000000 -0.35595700
vt 8.49292500 -7.63671600
vt 0.00000000 -0.49205800
vt 1.75000000 -10.30182300
vt 8.03195700 -5.89436100
vt 8.11527700 -6.11179400
vt 1.75000000 -10.53468000
vt 1.75000000 -10.76753600
vt 8.19271200 -6.33139100
vt 1.75000000 -11.00039300
vt 0.00000000 -0.74829100
vt 8.26420600 -6.55299300
vt 0.00000000 -0.93196400
vt 8.28515300 -6.73443100
vt 0.00000000 -1.11563800
vt 8.23954000 -6.91128600
vt 8.13345500 -7.05996200
vt 0.00000000 -1.29931200
vt 0.00000000 -1.48298600
vt 7.98105200 -7.16061800
vt 0.00000000 -0.44280600
vt -0.00000000 -0.96674200
vt 7.48992600 -7.34259900
vt 0.00000000 -1.49067700
vt 6.98438500 -7.47953300
vt 6.46855300 -7.57030300
vt -0.00000000 -2.01461300
vt 5.94663600 -7.61417000
vt 0.00000000 -2.53854800
vt 0.00000000 1.47793900
vt 5.78768000 -7.59465500
vt 0.00000000 1.31709700
vt 0.00000000 1.15625500
vt 5.64304800 -7.52588500
vt 5.52757800 -7.41491500
vt -0.00000000 0.99541400
vt 5.45311500 -7.27313000
vt -0.00000000 0.83457200
vt -1.75000000 -7.17628400
vt 5.43357300 -7.21570700
vt -1.75000000 -7.11562700
vt 5.41342600 -7.15849400
vt -1.75000000 -7.05497000
vt -1.75000000 -6.99431300
vt 5.39267700 -7.10149600
vt -0.00000000 0.44291700
vt -0.00000000 0.31855100
vt 5.37457700 -6.97935300
vt -0.00000000 0.19418500
vt 5.40720800 -6.86026400
vt 5.48504100 -6.76440600
vt -0.00000000 0.06981800
vt -0.00000000 -0.05454800
vt -0.00000000 -2.58674100
vt 5.59489100 -6.70801800
vt 0.00000000 -2.03447100
vt 6.12040700 -6.53880500
vt 0.00000000 -1.48220100
vt 6.62878800 -6.32351500
vt 7.11600000 -6.06385300
vt 0.00000000 -0.92993200
vt -0.00000000 0.05234300
vt -0.00000000 -0.37766200
vt 7.57818200 -5.76188000
vt -0.00000000 -0.08375700
vt 7.70265300 -5.70977600
vt -0.00000000 -0.21985700
vt 7.83736800 -5.71749400
vt 7.95507400 -5.78347100
vt 0.00000000 -0.35595700
vt 7.11795300 -4.18737600
vt 1.75000000 -8.36146900
vt 0.00000000 -0.49205800
vt 1.75000000 -8.59432600
vt 7.24756700 -4.38081700
vt 7.37192600 -4.57767700
vt 1.75000000 -8.82718200
vt 1.75000000 -9.06003900
vt 0.00000000 -0.74829100
vt 7.49093800 -4.77781500
vt 7.55173400 -4.95004200
vt 0.00000000 -0.93196400
vt 7.54661900 -5.13261300
vt 0.00000000 -1.11563800
vt 7.47627600 -5.30116700
vt 0.00000000 -1.29931200
vt 7.35009200 -5.43321300
vt 0.00000000 -0.44280600
vt 0.00000000 -1.48298600
vt 6.91177500 -5.71991700
vt -0.00000000 -0.96674200
vt 6.44938000 -5.96591100
vt -0.00000000 -1.49067700
vt 5.96667900 -6.16918900
vt -0.00000000 -2.01461300
vt 0.00000000 -2.53854800
vt 5.46760900 -6.32809300
vt 0.00000000 1.47793900
vt 5.30829600 -6.34443900
vt 0.00000000 1.31709700
vt 5.15198700 -6.30957700
vt 0.00000000 1.15625500
vt 5.01471900 -6.22708400
vt 0.00000000 0.99541400
vt -1.75000000 -5.88598700
vt -0.00000000 0.83457200
vt 4.91057300 -6.10542300
vt -1.75000000 -5.82533000
vt 4.87874300 -6.05378900
vt 4.84637000 -6.00249300
vt -1.75000000 -5.76467300
vt 4.81345900 -5.95154100
vt -0.00000000 0.44291700
vt -1.75000000 -5.70401600
vt 4.76863300 -5.83648700
vt -0.00000000 0.31855100
vt -0.00000000 0.19418500
vt 4.77394500 -5.71312400
vt 4.82849700 -5.60235000
vt -0.00000000 0.06981800
vt 4.92304500 -5.52293100
vt -0.00000000 -2.58674100
vt -0.00000000 -0.05454800
vt 5.39773200 -5.24102200
vt 0.00000000 -2.03447100
vt -0.00000000 -1.48220100
vt 5.84546000 -4.91800500
vt -0.00000000 -0.92993200
vt 6.26267700 -4.55643800
vt 6.64607600 -4.15919100
vt -0.00000000 -0.37766200
vt -0.00000000 0.05234300
vt 6.75583100 -4.08069600
vt -0.00000000 -0.08375700
vt -0.00000000 -0.21985700
vt 6.88888600 -4.05824300
vt 7.01832200 -4.09637500
vt -0.00000000 -0.35595700
vt 0.00000000 -0.49205800
vt 1.75000000 -6.42111500
vt 5.84702600 -2.72657400
vt 1.75000000 -6.65397200
vt 6.01643400 -2.88632300
vt 1.75000000 -6.88682800
vt 6.18148000 -3.05057500
vt 6.34204400 -3.21921200
vt 1.75000000 -7.11968500
vt 0.00000000 -0.74829100
vt 6.43963900 -3.37359300
vt 0.00000000 -0.93196400
vt 0.00000000 -1.11563800
vt 6.47527800 -3.55272500
vt 0.00000000 -1.29931200
vt 6.44420600 -3.73270600
vt 0.00000000 -1.48298600
vt 0.00000000 -0.44280600
vt 6.35056900 -3.88951900
vt 5.98703800 -4.26657000
vt -0.00000000 -0.96674200
vt 5.59097600 -4.60928900
vt -0.00000000 -1.49067700
vt -0.00000000 -2.01461300
vt 5.16561100 -4.91488100
vt 4.71441300 -5.18085500
vt 0.00000000 -2.53854800
vt 0.00000000 1.47793900
vt 4.56273200 -5.23224100
vt 0.00000000 1.31709700
vt 0.00000000 1.15625500
vt 4.40258400 -5.23303500
vt 4.25040100 -5.18315600
vt 0.00000000 0.99541400
vt -1.75000000 -4.59569000
vt -0.00000000 0.83457200
vt 4.12179400 -5.08772000
vt 4.07927300 -5.04446300
vt -1.75000000 -4.53503300
vt -1.75000000 -4.47437600
vt 4.03629700 -5.00165600
vt 3.99287300 -4.95930600
vt -0.00000000 0.44291700
vt -1.75000000 -4.41371900
vt -0.00000000 0.31855100
vt 3.92356900 -4.85711100
vt 3.90129700 -4.73565900
vt -0.00000000 0.19418500
vt -0.00000000 0.06981800
vt 3.92983100 -4.61552300
vt 4.00433700 -4.51705600
vt -0.00000000 -2.58674100
vt -0.00000000 -0.05454800
vt -0.00000000 -2.03447100
vt 4.40439200 -4.13658800
vt 4.76901600 -3.72204000
vt -0.00000000 -1.48220100
vt 5.09531700 -3.27670000
vt -0.00000000 -0.92993200
vt -0.00000000 -0.37766200
vt -0.00000000 0.05234300
vt 5.38070700 -2.80409800
vt 5.47024400 -2.70314800
vt -0.00000000 -0.08375700
vt -0.00000000 -0.21985700
vt 5.59496600 -2.65165100
vt 5.72964200 -2.66002400
vt -0.00000000 -0.35595700
vt 4.28290300 -1.58520500
vt 1.75000000 -4.48076100
vt -0.00000000 -0.49205800
vt 1.75000000 -4.71361800
vt 4.48361200 -1.70325200
vt 4.68107000 -1.82666000
vt 1.75000000 -4.94647500
vt 4.87513300 -1.95534000
vt -0.00000000 -0.74829100
vt 1.75000000 -5.17933100
vt 0.00000000 -0.93196400
vt 5.00463400 -2.08413300
vt 5.07924100 -2.25084300
vt 0.00000000 -1.11563800
vt 0.00000000 -1.29931200
vt 5.08899700 -2.43322600
vt 0.00000000 -1.48298600
vt 0.00000000 -0.44280600
vt 5.03260200 -2.60694400
vt 4.76208700 -3.05543400
vt -0.00000000 -0.96674200
vt -0.00000000 -1.49067700
vt 4.45221700 -3.47769300
vt 0.00000000 -2.01461300
vt 4.10551800 -3.87027600
vt 3.72481700 -4.22998200
vt 0.00000000 1.47793900
vt 0.00000000 -2.53854800
vt 0.00000000 1.31709700
vt 3.58837300 -4.31383200
vt 3.43241700 -4.35024200
vt 0.00000000 1.15625500
vt 0.00000000 0.99541400
vt 3.27295000 -4.33547700
vt 3.12633100 -4.27105200
vt 0.00000000 0.83457200
vt -1.75000000 -3.30539400
vt -1.75000000 -3.24473600
vt 3.07525000 -4.23834100
vt 3.02382700 -4.20617100
vt -1.75000000 -3.18407900
vt 2.97206800 -4.17454600
vt 0.00000000 0.44291700
vt -1.75000000 -3.12342200
vt 2.88176100 -4.09033500
vt -0.00000000 0.31855100
vt 2.83302200 -3.97688300
vt -0.00000000 0.19418500
vt 2.83410800 -3.85341000
vt -0.00000000 0.06981800
vt 2.88483500 -3.74083300
vt -0.00000000 -0.05454800
vt -0.00000000 -2.58674100
vt -0.00000000 -2.03447100
vt 3.19019800 -3.28088400
vt 3.45343400 -2.79559300
vt -0.00000000 -1.48220100
vt 3.67245600 -2.28880900
vt 0.00000000 -0.92993200
vt -0.00000000 -0.37766200
vt -0.00000000 0.05234300
vt 3.84552700 -1.76455100
vt 3.91035600 -1.64620900
vt -0.00000000 -0.08375700
vt 4.02049200 -1.56824900
vt -0.00000000 -0.21985700
vt 4.15365500 -1.54644400
vt -0.00000000 -0.35595700
vt -0.00000000 -0.49205800
vt 1.75000000 -2.54040700
vt 2.50401900 -0.82050300
vt 1.75000000 -2.77326400
vt 2.72596300 -0.89092800
vt 1.75000000 -3.00612100
vt 2.94593100 -0.96730300
vt -0.00000000 -0.74829100
vt 1.75000000 -3.23897700
vt 3.16376200 -1.04957400
vt 0.00000000 -0.93196400
vt 3.31867600 -1.14632100
vt 0.00000000 -1.11563800
vt 3.42850800 -1.29225000
vt 0.00000000 -1.29931200
vt 3.47860400 -1.46788900
vt 3.46227900 -1.64980100
vt 0.00000000 -0.44280600
vt 0.00000000 -1.48298600
vt 0.00000000 -0.96674200
vt 3.29834500 -2.14724200
vt 3.09020500 -2.62786600
vt 0.00000000 -1.49067700
vt 2.83955600 -3.08775400
vt -0.00000000 -2.01461300
vt 0.00000000 -2.53854800
vt 0.00000000 1.47793900
vt 2.54844200 -3.52315500
vt 2.43407800 -3.63526500
vt 0.00000000 1.31709700
vt 2.29013500 -3.70546600
vt 0.00000000 1.15625500
vt 2.13138000 -3.72655600
vt 0.00000000 0.99541400
vt -1.75000000 -2.01509700
vt 1.97410100 -3.69637100
vt 0.00000000 0.83457200
vt -1.75000000 -1.95443900
vt 1.91702200 -3.67584700
vt -1.75000000 -1.89378200
vt 1.85973000 -3.65592700
vt 1.80223100 -3.63661100
vt 0.00000000 0.44291700
vt -1.75000000 -1.83312500
vt 1.69544900 -3.57460700
vt -0.00000000 0.31855100
vt 1.62268700 -3.47484500
vt -0.00000000 0.19418500
vt -0.00000000 0.06981800
vt 1.59627100 -3.35422600
vt 1.62067500 -3.23318400
vt -0.00000000 -0.05454800
vt 0.00000000 -2.58674100
vt 1.81603300 -2.71681700
vt 0.00000000 -2.03447100
vt 0.00000000 -1.48220100
vt 1.96468200 -2.18511800
vt -0.00000000 -0.92993200
vt 2.06544300 -1.64230300
vt 2.11751600 -1.09267700
vt 0.00000000 -0.37766200
vt -0.00000000 0.05234300
vt 2.15438600 -0.96287600
vt -0.00000000 -0.08375700
vt -0.00000000 -0.21985700
vt 2.24441300 -0.86236400
vt -0.00000000 -0.35595700
vt 2.36938500 -0.81147400
vt 1.75000000 -0.60005300
vt 0.59957200 -0.47081200
vt -0.00000000 -0.49205800
vt 0.83162300 -0.49008400
vt 1.75000000 -0.83291000
vt 1.06307000 -0.51559700
vt 1.75000000 -1.06576700
vt -0.00000000 -0.74829100
vt 1.29374700 -0.54733300
vt 1.75000000 -1.29862300
vt -0.00000000 -0.93196400
vt 1.46630500 -0.60718400
vt 1.60585600 -0.72501400
vt 0.00000000 -1.11563800
vt 0.00000000 -1.29931200
vt 1.69377900 -0.88510100
vt -0.00000000 -0.44280600
vt 0.00000000 -1.48298600
vt 1.71834200 -1.06608500
vt 1.66921000 -1.58753300
vt 0.00000000 -0.96674200
vt -0.00000000 -1.49067700
vt 1.57323700 -2.10242200
vt 1.43120800 -2.60655400
vt -0.00000000 -2.01461300
vt -0.00000000 -2.53854800
vt 0.00000000 1.47793900
vt 1.24427900 -3.09581800
vt 0.00000000 1.31709700
vt 1.15772800 -3.23056500
vt 1.03301500 -3.33103700
vt 0.00000000 1.15625500
vt 0.88293400 -3.38692400
vt 0.00000000 0.99541400
vt -1.75000000 -0.72480000
vt 0.72288200 -3.39249400
vt 0.00000000 0.83457200
vt -1.75000000 -0.66414200
vt 0.66266700 -3.38518600
vt -1.75000000 -0.60348500
vt 0.60237800 -3.37851400
vt -1.75000000 -0.54282800
vt 0.54202200 -3.37247700
vt 0.00000000 0.44291700
vt 0.42412100 -3.33578900
vt 0.00000000 0.31855100
vt 0.33098400 -3.25471900
vt -0.00000000 0.19418500
vt -0.00000000 0.06981800
vt 0.27838900 -3.14300300
vt 0.00000000 -2.58674100
vt -0.00000000 -0.05454800
vt 0.27524700 -3.01956500
vt -0.00000000 -2.03447100
vt 0.35080500 -2.47267300
vt 0.37741300 -1.92122700
vt -0.00000000 -1.48220100
vt -0.00000000 -0.92993200
vt 0.35486000 -1.36960100
vt 0.28332500 -0.82216800
vt -0.00000000 0.05234300
vt 0.00000000 -0.37766200
vt 0.29038600 -0.68741700
vt -0.00000000 -0.08375700
vt -0.00000000 -0.21985700
vt 0.35579000 -0.56939100
vt 0.46630500 -0.49196900
vt -0.00000000 -0.35595700
vt 1.75000000 1.34030100
vt -0.00000000 -0.49205800
vt -1.33494000 -0.55366800
vt 1.75000000 1.10744400
vt -1.10441900 -0.52082100
vt 1.75000000 0.87458700
vt -0.87309700 -0.49419200
vt 1.75000000 0.64173000
vt -0.64114200 -0.47380200
vt -0.00000000 -0.74829100
vt -0.00000000 -0.93196400
vt -0.45959200 -0.49375400
vt -0.29732000 -0.57757700
vt -0.00000000 -1.11563800
vt -0.17597800 -0.71408600
vt 0.00000000 -1.29931200
vt -0.11175900 -0.88506600
vt 0.00000000 -1.48298600
vt -0.00000000 -0.44280600
vt -0.04362600 -1.40437300
vt -0.00000000 -0.96674200
vt -0.00000000 -1.49067700
vt -0.02261900 -1.92770900
vt 0.00000000 -2.01461300
vt -0.04890800 -2.45080600
vt -0.00000000 -2.53854800
vt 0.00000000 1.47793900
vt -0.12227800 -2.96939900
vt -0.17667500 -3.12002700
vt 0.00000000 1.31709700
vt 0.00000000 1.15625500
vt -0.27590400 -3.24573100
vt 0.00000000 0.99541400
vt -0.40978600 -3.33361300
vt -1.75000000 0.56549700
vt -0.56458600 -3.37465900
vt 0.00000000 0.83457200
vt -1.75000000 0.62615500
vt -0.62491800 -3.38093300
vt -1.75000000 0.68681200
vt -0.68518000 -3.38784300
vt -1.75000000 0.74746900
vt 0.00000000 0.44291700
vt -0.74536500 -3.39538900
vt 0.00000000 0.31855100
vt -0.86847500 -3.38585500
vt -0.97731600 -3.32754400
vt 0.00000000 0.19418500
vt -0.00000000 0.06981800
vt -1.05345100 -3.23033100
vt -0.00000000 -0.05454800
vt 0.00000000 -2.58674100
vt -1.08398200 -3.11068800
vt -1.13201400 -2.56069400
vt 0.00000000 -2.03447100
vt -1.22878100 -2.01715300
vt 0.00000000 -1.48220100
vt 0.00000000 -0.92993200
vt -1.37351700 -1.48437600
vt -1.56507400 -0.96658600
vt 0.00000000 -0.37766200
vt -0.00000000 0.05234300
vt -1.58817400 -0.83364200
vt -0.00000000 -0.08375700
vt -1.55067300 -0.70402200
vt -0.00000000 -0.21985700
vt -1.46015800 -0.60394900
vt -0.00000000 -0.35595700
vt -0.00000000 -0.49205800
vt 1.75000000 3.28065400
vt -3.20251200 -1.06491600
vt 1.75000000 3.04779800
vt -2.98508000 -0.98159700
vt 1.75000000 2.81494100
vt -2.76548300 -0.90416200
vt -0.00000000 -0.74829100
vt -2.54388100 -0.83266800
vt 1.75000000 2.58208400
vt -0.00000000 -0.93196400
vt -2.36244300 -0.81172100
vt -0.00000000 -1.11563800
vt -2.18558700 -0.85733300
vt -2.03691200 -0.96341900
vt 0.00000000 -1.29931200
vt -1.93625600 -1.11582200
vt -0.00000000 -0.44280600
vt 0.00000000 -1.48298600
vt -1.75427500 -1.60694800
vt 0.00000000 -0.96674200
vt -1.61734100 -2.11248800
vt 0.00000000 -1.49067700
vt -1.52657100 -2.62832000
vt 0.00000000 -2.01461300
vt -0.00000000 -2.53854800
vt 0.00000000 1.47793900
vt -1.48270400 -3.15023700
vt -1.50221900 -3.30919300
vt 0.00000000 1.31709700
vt -1.57098800 -3.45382500
vt 0.00000000 1.15625500
vt 0.00000000 0.99541400
vt -1.68195800 -3.56929600
vt 0.00000000 0.83457200
vt -1.82374300 -3.64375900
vt -1.75000000 1.85579400
vt -1.75000000 1.91645200
vt -1.88116600 -3.66330100
vt -1.93838000 -3.68344700
vt -1.75000000 1.97710900
vt -1.75000000 2.03776600
vt -1.99537700 -3.70419600
vt 0.00000000 0.44291700
vt 0.00000000 0.31855100
vt -2.11752100 -3.72229600
vt 0.00000000 0.19418500
vt -2.23660900 -3.68966600
vt -2.33246700 -3.61183300
vt -0.00000000 0.06981800
vt -2.38885600 -3.50198300
vt -0.00000000 -0.05454800
vt 0.00000000 -2.58674100
vt 0.00000000 -2.03447100
vt -2.55806800 -2.97646600
vt -2.77335900 -2.46808600
vt 0.00000000 -1.48220100
vt -3.03302000 -1.98087300
vt 0.00000000 -0.92993200
vt -3.33499400 -1.51869100
vt 0.00000000 -0.37766200
vt -0.00000000 0.05234300
vt -0.00000000 -0.08375700
vt -3.38709800 -1.39422100
vt -3.37938000 -1.25950600
vt -0.00000000 -0.21985700
vt -0.00000000 -0.35595700
vt -3.31340200 -1.14180000
vt -4.90949700 -1.97892000
vt -0.00000000 -0.49205800
vt 1.75000000 5.22100800
vt -4.71605700 -1.84930600
vt 1.75000000 4.98815200
vt -4.51919600 -1.72494800
vt 1.75000000 4.75529500
vt -0.00000000 -0.74829100
vt 1.75000000 4.52243800
vt -4.31905900 -1.60593600
vt -4.14683100 -1.54514000
vt -0.00000000 -0.93196400
vt -3.96426000 -1.55025500
vt -0.00000000 -1.11563800
vt -0.00000000 -1.29931200
vt -3.79570600 -1.62059700
vt -0.00000000 -0.44280600
vt -0.00000000 -1.48298600
vt -3.66366100 -1.74678100
vt -0.00000000 -0.96674200
vt -3.37695700 -2.18509900
vt -0.00000000 -1.49067700
vt -3.13096300 -2.64749400
vt -0.00000000 -2.01461300
vt -2.92768500 -3.13019400
vt -0.00000000 -2.53854800
vt -2.76878100 -3.62926500
vt 0.00000000 1.47793900
vt 0.00000000 1.31709700
vt -2.75243500 -3.78857800
vt 0.00000000 1.15625500
vt -2.78729700 -3.94488600
vt -2.86979000 -4.08215500
vt 0.00000000 0.99541400
vt -1.75000000 3.14609100
vt 0.00000000 0.83457200
vt -2.99145100 -4.18630100
vt -1.75000000 3.20674800
vt -3.04308500 -4.21813100
vt -3.09438100 -4.25050300
vt -1.75000000 3.26740600
vt -3.14533300 -4.28341500
vt 0.00000000 0.44291700
vt -1.75000000 3.32806300
vt -3.26038600 -4.32824100
vt 0.00000000 0.31855100
vt -3.38375000 -4.32292800
vt 0.00000000 0.19418500
vt 0.00000000 0.06981800
vt -3.49452400 -4.26837700
vt 0.00000000 -2.58674100
vt -0.00000000 -0.05454800
vt -3.57394300 -4.17382900
vt -3.85585100 -3.69914100
vt -0.00000000 -2.03447100
vt -4.17886900 -3.25141400
vt 0.00000000 -1.48220100
vt 0.00000000 -0.92993200
vt -4.54043500 -2.83419700
vt -0.00000000 0.05234300
vt -4.93768300 -2.45079800
vt -0.00000000 -0.37766200
vt -0.00000000 -0.08375700
vt -5.01617800 -2.34104200
vt -0.00000000 -0.21985700
vt -5.03863000 -2.20798800
vt -5.00049900 -2.07855200
vt -0.00000000 -0.35595700
vt 1.75000000 7.16136200
vt -0.00000000 -0.49205800
vt -6.37030000 -3.24984800
vt -6.21055100 -3.08043900
vt 1.75000000 6.92850600
vt -6.04629900 -2.91539300
vt 1.75000000 6.69564900
vt 1.75000000 6.46279200
vt -5.87766200 -2.75483000
vt -0.00000000 -0.74829100
vt -0.00000000 -0.93196400
vt -5.72328100 -2.65723500
vt -5.54414900 -2.62159500
vt -0.00000000 -1.11563800
vt -0.00000000 -1.29931200
vt -5.36416800 -2.65266700
vt -5.20735500 -2.74630500
vt 0.00000000 -1.48298600
vt 0.00000000 -0.44280600
vt -4.83030400 -3.10983500
vt -0.00000000 -0.96674200
vt -0.00000000 -1.49067700
vt -4.48758500 -3.50589800
vt 0.00000000 -2.01461300
vt -4.18199300 -3.93126300
vt 0.00000000 1.47793900
vt 0.00000000 -2.53854800
vt -3.91601900 -4.38246100
vt 0.00000000 1.31709700
vt -3.86463300 -4.53414200
vt -3.86383900 -4.69428900
vt 0.00000000 1.15625500
vt 0.00000000 0.99541400
vt -3.91371800 -4.84647300
vt -4.00915400 -4.97508000
vt 0.00000000 0.83457200
vt -1.75000000 4.43638800
vt -4.05241100 -5.01760100
vt -1.75000000 4.49704500
vt -4.09521700 -5.06057600
vt -1.75000000 4.55770300
vt 0.00000000 0.44291700
vt -1.75000000 4.61836000
vt -4.13756800 -5.10400100
vt 0.00000000 0.31855100
vt -4.23976200 -5.17330500
vt -4.36121500 -5.19557600
vt 0.00000000 0.19418500
vt 0.00000000 0.06981800
vt -4.48135100 -5.16704200
vt -0.00000000 -0.05454800
vt -4.57981700 -5.09253700
vt -0.00000000 -2.58674100
vt -0.00000000 -2.03447100
vt -4.96028500 -4.69248100
vt 0.00000000 -1.48220100
vt -5.37483300 -4.32785800
vt 0.00000000 -0.92993200
vt -5.82017400 -4.00155700
vt -6.29277600 -3.71616700
vt 0.00000000 0.05234300
vt 0.00000000 -0.37766200
vt -6.39372500 -3.62663000
vt -0.00000000 -0.08375700
vt -6.44522300 -3.50190700
vt -0.00000000 -0.21985700
vt -0.00000000 -0.35595700
vt -6.43684900 -3.36723100
vt 1.75000000 9.10171600
vt -0.00000000 -0.49205800
vt -7.51166800 -4.81397000
vt -7.39362200 -4.61326100
vt 1.75000000 8.86885900
vt 1.75000000 8.63600300
vt -7.27021400 -4.41580400
vt 1.75000000 8.40314600
vt -0.00000000 -0.74829100
vt -7.14153400 -4.22174100
vt -0.00000000 -0.93196400
vt -7.01274000 -4.09224000
vt -0.00000000 -1.11563800
vt -6.84603000 -4.01763300
vt -6.66364800 -4.00787700
vt -0.00000000 -1.29931200
vt -6.48993000 -4.06427200
vt -0.00000000 -0.44280600
vt -0.00000000 -1.48298600
vt -6.04144000 -4.33478700
vt -0.00000000 -0.96674200
vt -0.00000000 -1.49067700
vt -5.61918100 -4.64465700
vt 0.00000000 -2.01461300
vt -5.22659800 -4.99135600
vt 0.00000000 -2.53854800
vt -4.86689200 -5.37205700
vt 0.00000000 1.47793900
vt 0.00000000 1.31709700
vt -4.78304200 -5.50850100
vt 0.00000000 1.15625500
vt -4.74663100 -5.66445600
vt -4.76139600 -5.82392300
vt 0.00000000 0.99541400
vt -1.75000000 5.72668500
vt -4.82582100 -5.97054200
vt 0.00000000 0.83457200
vt -1.75000000 5.78734200
vt -4.85853200 -6.02162300
vt -1.75000000 5.84800000
vt -4.89070200 -6.07304600
vt -4.92232800 -6.12480600
vt -1.75000000 5.90865700
vt 0.00000000 0.44291700
vt -5.00653900 -6.21511300
vt 0.00000000 0.31855100
vt -5.11999000 -6.26385200
vt 0.00000000 0.19418500
vt -5.24346300 -6.26276600
vt 0.00000000 0.06981800
vt -5.35604000 -6.21203900
vt 0.00000000 -0.05454800
vt 0.00000000 -2.58674100
vt -5.81599000 -5.90667600
vt -0.00000000 -2.03447100
vt -6.30128100 -5.64344000
vt 0.00000000 -1.48220100
vt 0.00000000 -0.92993200
vt -6.80806400 -5.42441800
vt 0.00000000 -0.37766200
vt -7.33232300 -5.25134700
vt 0.00000000 0.05234300
vt -7.45066500 -5.18651800
vt -0.00000000 -0.08375700
vt -7.52862500 -5.07638200
vt -0.00000000 -0.21985700
vt -0.00000000 -0.35595700
vt -7.55043000 -4.94321900
vt 1.75000000 11.04207000
vt -8.27637100 -6.59285500
vt -0.00000000 -0.49205800
vt 1.75000000 10.80921300
vt -8.20594600 -6.37091100
vt -8.12957100 -6.15094300
vt 1.75000000 10.57635700
vt -0.00000000 -0.74829100
vt -8.04730000 -5.93311200
vt 1.75000000 10.34350000
vt -7.95055200 -5.77819800
vt -0.00000000 -0.93196400
vt -7.80462300 -5.66836500
vt -0.00000000 -1.11563800
vt -7.62898500 -5.61827000
vt -0.00000000 -1.29931200
vt -0.00000000 -0.44280600
vt -7.44707300 -5.63459500
vt -0.00000000 -1.48298600
vt -0.00000000 -0.96674200
vt -6.94963200 -5.79852900
vt -6.46900800 -6.00666900
vt 0.00000000 -1.49067700
vt 0.00000000 -2.01461300
vt -6.00912000 -6.25731800
vt -0.00000000 1.47793900
vt -0.00000000 -2.53854800
vt -5.57371800 -6.54843100
vt -5.46160900 -6.66279600
vt 0.00000000 1.31709700
vt 0.00000000 1.15625500
vt -5.39140800 -6.80673900
vt -5.37031800 -6.96549300
vt 0.00000000 0.99541400
vt 0.00000000 0.83457200
vt -5.40050200 -7.12277200
vt -1.75000000 7.01698200
vt -1.75000000 7.07763900
vt -5.42102600 -7.17985100
vt -1.75000000 7.13829700
vt -5.44094700 -7.23714400
vt -1.75000000 7.19895400
vt 0.00000000 0.44291700
vt -5.46026200 -7.29464300
vt -5.52226700 -7.40142400
vt 0.00000000 0.31855100
vt -5.62202800 -7.47418600
vt 0.00000000 0.19418500
vt 0.00000000 0.06981800
vt -5.74264700 -7.50060300
vt -5.86368900 -7.47619900
vt 0.00000000 -2.58674100
vt 0.00000000 -0.05454800
vt -6.38005700 -7.28084000
vt -0.00000000 -2.03447100
vt -6.91175600 -7.13219200
vt -0.00000000 -1.48220100
vt -0.00000000 -0.92993200
vt -7.45457000 -7.03143100
vt 0.00000000 0.05234300
vt 0.00000000 -0.37766200
vt -8.00419600 -6.97935700
vt 0.00000000 -0.08375700
vt -8.13399700 -6.94248800
vt -0.00000000 -0.21985700
vt -8.23451000 -6.85246000
vt -0.00000000 -0.35595700
vt -8.28540000 -6.72748900
vt -8.62606200 -8.49730200
vt 1.75000000 12.98242400
vt -0.00000000 -0.49205800
vt -8.60679000 -8.26525100
vt 1.75000000 12.74956700
vt 1.75000000 12.51671100
vt -8.58127600 -8.03380300
vt -8.54954000 -7.80312600
vt -0.00000000 -0.74829100
vt 1.75000000 12.28385400
vt -8.48969000 -7.63056800
vt -0.00000000 -0.93196400
vt -8.37186000 -7.49101700
vt -0.00000000 -1.11563800
vt -8.21177300 -7.40309400
vt -0.00000000 -1.29931200
vt -0.00000000 -0.44280600
vt -8.03078900 -7.37853100
vt -0.00000000 -1.48298600
vt 0.00000000 -0.96674200
vt -7.50934100 -7.42766400
vt -6.99445200 -7.52363600
vt -0.00000000 -1.49067700
vt -0.00000000 -2.01461300
vt -6.49031900 -7.66566600
vt -6.00105500 -7.85259500
vt -0.00000000 1.47793900
vt -0.00000000 -2.53854800
vt 0.00000000 1.31709700
vt -5.86630800 -7.93914500
vt -5.76583700 -8.06385800
vt 0.00000000 1.15625500
vt -5.70995000 -8.21394000
vt 0.00000000 0.99541400
vt 0.00000000 0.83457200
vt -5.70437900 -8.37399200
vt -1.75000000 8.30727900
vt -1.75000000 8.36793600
vt -5.71168700 -8.43420700
vt -5.71836000 -8.49449600
vt -1.75000000 8.42859400
vt -5.72439600 -8.55485100
vt 0.00000000 0.44291700
vt -1.75000000 8.48925100
vt -5.76108500 -8.67275300
vt 0.00000000 0.31855100
vt -5.84215400 -8.76589000
vt 0.00000000 0.19418500
vt -5.95387100 -8.81848400
vt 0.00000000 0.06981800
vt -6.07730800 -8.82162600
vt 0.00000000 -2.58674100
vt 0.00000000 -0.05454800
vt -6.62420100 -8.74606800
vt 0.00000000 -2.03447100
vt -7.17564700 -8.71946100
vt 0.00000000 -1.48220100
vt -0.00000000 -0.92993200
vt -7.72727300 -8.74201400
vt 0.00000000 -0.37766200
vt 0.00000000 0.05234300
vt -8.27470600 -8.81354900
vt 0.00000000 -0.08375700
vt -8.40945700 -8.80648700
vt -8.52748300 -8.74108300
vt -0.00000000 -0.21985700
vt -0.00000000 -0.35595700
vt -8.60490500 -8.63056900
vt 0.00000000 0.05234300
vt -8.13028800 -10.66194800
vt 0.00000000 -0.37766200
vt -8.26323100 -10.68504800
vt 0.00000000 -0.08375700
vt -8.39285200 -10.64754700
vt 0.00000000 -0.21985700
vt -0.00000000 -0.35595700
vt -8.49292500 -10.55703200
vt -8.54320500 -10.43181400
vt -0.00000000 -0.49205800
vt 1.75000000 14.92277800
vt 1.75000000 14.68992100
vt -8.57605300 -10.20129200
vt -8.60268100 -9.96997000
vt 1.75000000 14.45706400
vt -0.00000000 -0.74829100
vt -8.62307100 -9.73801500
vt 1.75000000 14.22420800
vt -0.00000000 -0.93196400
vt -8.60312000 -9.55646500
vt -0.00000000 -1.11563800
vt -8.51929700 -9.39419300
vt -8.38278800 -9.27285200
vt -0.00000000 -1.29931200
vt -8.21180700 -9.20863200
vt -0.00000000 -1.48298600
vt -0.00000000 -0.44280600
vt -7.69250000 -9.14050000
vt 0.00000000 -0.96674200
vt -0.00000000 -1.49067700
vt -7.16916400 -9.11949300
vt -6.64606700 -9.14578100
vt -0.00000000 -2.01461300
vt -0.00000000 1.47793900
vt -0.00000000 -2.53854800
vt -6.12747400 -9.21915200
vt -5.97684600 -9.27354800
vt -0.00000000 1.31709700
vt 0.00000000 1.15625500
vt -5.85114300 -9.37277800
vt 0.00000000 0.99541400
vt -5.76326100 -9.50666000
vt 0.00000000 0.83457200
vt -1.75000000 9.59757600
vt -5.72221500 -9.66146000
vt -1.75000000 9.65823300
vt -5.71594100 -9.72179100
vt -1.75000000 9.71889000
vt -5.70903000 -9.78205300
vt -5.70148500 -9.84223900
vt -1.75000000 9.77954800
vt 0.00000000 0.44291700
vt -5.71101800 -9.96534800
vt 0.00000000 0.31855100
vt 0.00000000 0.19418500
vt -5.76933000 -10.07419000
vt 0.00000000 0.06981800
vt -5.86654200 -10.15032500
vt -5.98618600 -10.18085600
vt 0.00000000 -0.05454800
vt 0.00000000 -2.58674100
vt -6.53618000 -10.22888700
vt 0.00000000 -2.03447100
vt -7.07972000 -10.32565500
vt -0.00000000 -1.48220100
vt -0.00000000 -0.92993200
vt -7.61249800 -10.47039100
vt 0.12080600 -28.49256500
vt 0.12080600 28.49256500
vt 1.61074800 -29.84513000
vt 1.61074800 29.84513000
vt 1.61074800 28.96733200
vt 0.12080600 27.65454800
vt 0.12080600 26.81653100
vt 1.61074800 28.08953400
vt 0.12080600 25.97851500
vt 1.61074800 27.21173600
vt 0.12080600 25.14049800
vt 1.61074800 26.33393800
vt 1.61074800 25.45614000
vt 0.12080600 24.30248200
vt 1.61074800 24.57834300
vt 0.12080600 23.46446500
vt 1.61074800 23.70054500
vt 0.12080600 22.62644800
vt 0.12080600 21.78843200
vt 1.61074800 22.82274700
vt 1.61074800 21.94494900
vt 0.12080600 20.95041500
vt 0.12080600 20.11239900
vt 1.61074800 21.06715100
vt 0.12080600 19.27438200
vt 1.61074800 20.18935300
vt 1.61074800 19.31155500
vt 0.12080600 18.43636500
vt 0.12080600 17.59834900
vt 1.61074800 18.43375700
vt 0.12080600 16.76033200
vt 1.61074800 17.55595900
vt 0.12080600 15.92231600
vt 1.61074800 16.67816100
vt 1.61074800 15.80036300
vt 0.12080600 15.08429900
vt 1.61074800 14.92256500
vt 0.12080600 14.24628200
vt 1.61074800 14.04476700
vt 0.12080600 13.40826600
vt 0.12080600 12.57024900
vt 1.61074800 13.16696900
vt 0.12080600 11.73223200
vt 1.61074800 12.28917100
vt 1.61074800 11.41137300
vt 0.12080600 10.89421600
vt 0.12080600 10.05619900
vt 1.61074800 10.53357500
vt 0.12080600 9.21818300
vt 1.61074800 9.65577700
vt 0.12080600 8.38016600
vt 1.61074800 8.77797900
vt 0.12080600 7.54214900
vt 1.61074800 7.90018200
vt 1.61074800 7.02238400
vt 0.12080600 6.70413300
vt 0.12080600 5.86611600
vt 1.61074800 6.14458600
vt 1.61074800 5.26678800
vt 0.12080600 5.02810000
vt 1.61074800 4.38899000
vt 0.12080600 4.19008300
vt 0.12080600 3.35206600
vt 1.61074800 3.51119200
vt 0.12080600 2.51405000
vt 1.61074800 2.63339400
vt 0.12080600 1.67603300
vt 1.61074800 1.75559600
vt 1.61074800 0.87779800
vt 0.12080600 0.83801700
vt 1.61074800 0.00000000
vt 0.12080600 -0.00000000
vt 1.61074800 -0.87779800
vt 0.12080600 -0.83801700
vt 0.12080600 -1.67603300
vt 1.61074800 -1.75559600
vt 0.12080600 -2.51405000
vt 1.61074800 -2.63339400
vt 1.61074800 -3.51119200
vt 0.12080600 -3.35206600
vt 1.61074800 -4.38899000
vt 0.12080600 -4.19008300
vt 1.61074800 -5.26678800
vt 0.12080600 -5.02810000
vt 0.12080600 -5.86611600
vt 1.61074800 -6.14458600
vt 0.12080600 -6.70413300
vt 1.61074800 -7.02238400
vt 0.12080600 -7.54214900
vt 1.61074800 -7.90018200
vt 1.61074800 -8.77797900
vt 0.12080600 -8.38016600
vt 1.61074800 -9.65577700
vt 0.12080600 -9.21818300
vt 1.61074800 -10.53357500
vt 0.12080600 -10.05619900
vt 1.61074800 -11.41137300
vt 0.12080600 -10.89421600
vt 1.61074800 -12.28917100
vt 0.12080600 -11.73223200
vt 1.61074800 -13.16696900
vt 0.12080600 -12.57024900
vt 1.61074800 -14.04476700
vt 0.12080600 -13.40826600
vt 0.12080600 -14.24628200
vt 1.61074800 -14.92256500
vt 0.12080600 -15.08429900
vt 1.61074800 -15.80036300
vt 1.61074800 -16.67816100
vt 0.12080600 -15.92231600
vt 1.61074800 -17.55595900
vt 0.12080600 -16.76033200
vt 0.12080600 -17.59834900
vt 1.61074800 -18.43375700
vt 0.12080600 -18.43636500
vt 1.61074800 -19.31155500
vt 0.12080600 -19.27438200
vt 1.61074800 -20.18935300
vt 0.12080600 -20.11239900
vt 1.61074800 -21.06715100
vt 0.12080600 -20.95041500
vt 1.61074800 -21.94494900
vt 1.61074800 -22.82274700
vt 0.12080600 -21.78843200
vt 0.12080600 -22.62644800
vt 1.61074800 -23.70054500
vt 0.12080600 -23.46446500
vt 1.61074800 -24.57834300
vt 1.61074800 -25.45614000
vt 0.12080600 -24.30248200
vt 0.12080600 -25.14049800
vt 1.61074800 -26.33393800
vt 0.12080600 -25.97851500
vt 1.61074800 -27.21173600
vt 0.12080600 -26.81653100
vt 1.61074800 -28.08953400
vt 1.61074800 -28.96733200
vt 0.12080600 -27.65454800
vt 0.35442800 -28.49256500
vt 0.35442800 28.49256500
vt 0.23761700 28.49256500
vt 0.23761700 -28.49256500
vt 0.35442800 -27.65454800
vt 0.23761700 -27.65454800
vt 0.35442800 -26.81653100
vt 0.23761700 -26.81653100
vt 0.35442800 -25.97851500
vt 0.23761700 -25.97851500
vt 0.35442800 -25.14049800
vt 0.23761700 -25.14049800
vt 0.35442800 -24.30248200
vt 0.23761700 -24.30248200
vt 0.35442800 -23.46446500
vt 0.23761700 -23.46446500
vt 0.35442800 -22.62644800
vt 0.23761700 -22.62644800
vt 0.35442800 -21.78843200
vt 0.23761700 -21.78843200
vt 0.35442800 -20.95041500
vt 0.23761700 -20.95041500
vt 0.35442800 -20.11239900
vt 0.23761700 -20.11239900
vt 0.35442800 -19.27438200
vt 0.23761700 -19.27438200
vt 0.35442800 -18.43636500
vt 0.23761700 -18.43636500
vt 0.35442800 -17.59834900
vt 0.23761700 -17.59834900
vt 0.35442800 -16.76033200
vt 0.23761700 -16.76033200
vt 0.35442800 -15.92231600
vt 0.23761700 -15.92231600
vt 0.35442800 -15.08429900
vt 0.23761700 -15.08429900
vt 0.35442800 -14.24628200
vt 0.23761700 -14.24628200
vt 0.35442800 -13.40826600
vt 0.23761700 -13.40826600
vt 0.35442800 -12.57024900
vt 0.23761700 -12.57024900
vt 0.35442800 -11.73223200
vt 0.23761700 -11.73223200
vt 0.35442800 -10.89421600
vt 0.23761700 -10.89421600
vt 0.35442800 -10.05619900
vt 0.23761700 -10.05619900
vt 0.35442800 -9.21818300
vt 0.23761700 -9.21818300
vt 0.35442800 -8.38016600
vt 0.23761700 -8.38016600
vt 0.35442800 -7.54214900
vt 0.23761700 -7.54214900
vt 0.35442800 -6.70413300
vt 0.23761700 -6.70413300
vt 0.35442800 -5.86611600
vt 0.23761700 -5.86611600
vt 0.35442800 -5.02810000
vt 0.23761700 -5.02810000
vt 0.35442800 -4.19008300
vt 0.23761700 -4.19008300
vt 0.35442800 -3.35206600
vt 0.23761700 -3.35206600
vt 0.35442800 -2.51405000
vt 0.23761700 -2.51405000
vt 0.35442800 -1.67603300
vt 0.23761700 -1.67603300
vt 0.35442800 -0.83801700
vt 0.23761700 -0.83801700
vt 0.35442800 -0.00000000
vt 0.23761700 -0.00000000
vt 0.35442800 0.83801700
vt 0.23761700 0.83801700
vt 0.35442800 1.67603300
vt 0.23761700 1.67603300
vt 0.35442800 2.51405000
vt 0.23761700 2.51405000
vt 0.35442800 3.35206600
vt 0.23761700 3.35206600
vt 0.35442800 4.19008300
vt 0.23761700 4.19008300
vt 0.35442800 5.02810000
vt 0.23761700 5.02810000
vt 0.35442800 5.86611600
vt 0.23761700 5.86611600
vt 0.35442800 6.70413300
vt 0.23761700 6.70413300
vt 0.35442800 7.54214900
vt 0.23761700 7.54214900
vt 0.35442800 8.38016600
vt 0.23761700 8.38016600
vt 0.35442800 9.21818300
vt 0.23761700 9.21818300
vt 0.35442800 10.05619900
vt 0.23761700 10.05619900
vt 0.35442800 10.89421600
vt 0.23761700 10.89421600
vt 0.35442800 11.73223200
vt 0.23761700 11.73223200
vt 0.35442800 12.57024900
vt 0.23761700 12.57024900
vt 0.35442800 13.40826600
vt 0.23761700 13.40826600
vt 0.35442800 14.24628200
vt 0.23761700 14.24628200
vt 0.35442800 15.08429900
vt 0.23761700 15.08429900
vt 0.35442800 15.92231600
vt 0.23761700 15.92231600
vt 0.35442800 16.76033200
vt 0.23761700 16.76033200
vt 0.35442800 17.59834900
vt 0.23761700 17.59834900
vt 0.35442800 18.43636500
vt 0.23761700 18.43636500
vt 0.35442800 19.27438200
vt 0.23761700 19.27438200
vt 0.35442800 20.11239900
vt 0.23761700 20.11239900
vt 0.35442800 20.95041500
vt 0.23761700 20.95041500
vt 0.35442800 21.78843200
vt 0.23761700 21.78843200
vt 0.35442800 22.62644800
vt 0.23761700 22.62644800
vt 0.35442800 23.46446500
vt 0.23761700 23.46446500
vt 0.35442800 24.30248200
vt 0.23761700 24.30248200
vt 0.35442800 25.14049800
vt 0.23761700 25.14049800
vt 0.35442800 25.97851500
vt 0.23761700 25.97851500
vt 0.35442800 26.81653100
vt 0.23761700 26.81653100
vt 0.35442800 27.65454800
vt 0.23761700 27.65454800
vt -0.12080600 -28.49256500
vt -0.12080600 28.49256500
vt -1.61074800 -29.84513000
vt -1.61074800 29.84513000
vt -1.61074800 -28.96733200
vt -0.12080600 -27.65454800
vt -1.61074800 -28.08953400
vt -0.12080600 -26.81653100
vt -1.61074800 -27.21173600
vt -0.12080600 -25.97851500
vt -1.61074800 -26.33393800
vt -0.12080600 -25.14049800
vt -1.61074800 -25.45614000
vt -0.12080600 -24.30248200
vt -1.61074800 -24.57834300
vt -0.12080600 -23.46446500
vt -1.61074800 -23.70054500
vt -0.12080600 -22.62644800
vt -1.61074800 -22.82274700
vt -0.12080600 -21.78843200
vt -0.12080600 -20.95041500
vt -1.61074800 -21.94494900
vt -0.12080600 -20.11239900
vt -1.61074800 -21.06715100
vt -1.61074800 -20.18935300
vt -0.12080600 -19.27438200
vt -1.61074800 -19.31155500
vt -0.12080600 -18.43636500
vt -1.61074800 -18.43375700
vt -0.12080600 -17.59834900
vt -1.61074800 -17.55595900
vt -0.12080600 -16.76033200
vt -1.61074800 -16.67816100
vt -0.12080600 -15.92231600
vt -0.12080600 -15.08429900
vt -1.61074800 -15.80036300
vt -1.61074800 -14.92256500
vt -0.12080600 -14.24628200
vt -1.61074800 -14.04476700
vt -0.12080600 -13.40826600
vt -0.12080600 -12.57024900
vt -1.61074800 -13.16696900
vt -0.12080600 -11.73223200
vt -1.61074800 -12.28917100
vt -0.12080600 -10.89421600
vt -1.61074800 -11.41137300
vt -1.61074800 -10.53357500
vt -0.12080600 -10.05619900
vt -1.61074800 -9.65577700
vt -0.12080600 -9.21818300
vt -1.61074800 -8.77797900
vt -0.12080600 -8.38016600
vt -0.12080600 -7.54214900
vt -1.61074800 -7.90018200
vt -1.61074800 -7.02238400
vt -0.12080600 -6.70413300
vt -0.12080600 -5.86611600
vt -1.61074800 -6.14458600
vt -0.12080600 -5.02810000
vt -1.61074800 -5.26678800
vt -0.12080600 -4.19008300
vt -1.61074800 -4.38899000
vt -0.12080600 -3.35206600
vt -1.61074800 -3.51119200
vt -1.61074800 -2.63339400
vt -0.12080600 -2.51405000
vt -1.61074800 -1.75559600
vt -0.12080600 -1.67603300
vt -1.61074800 -0.87779800
vt -0.12080600 -0.83801700
vt -1.61074800 -0.00000000
vt -0.12080600 -0.00000000
vt -1.61074800 0.87779800
vt -0.12080600 0.83801700
vt -1.61074800 1.75559600
vt -0.12080600 1.67603300
vt -1.61074800 2.63339400
vt -0.12080600 2.51405000
vt -0.12080600 3.35206600
vt -1.61074800 3.51119200
vt -1.61074800 4.38899000
vt -0.12080600 4.19008300
vt -1.61074800 5.26678800
vt -0.12080600 5.02810000
vt -1.61074800 6.14458600
vt -0.12080600 5.86611600
vt -1.61074800 7.02238400
vt -0.12080600 6.70413300
vt -0.12080600 7.54214900
vt -1.61074800 7.90018200
vt -0.12080600 8.38016600
vt -1.61074800 8.77797900
vt -1.61074800 9.65577700
vt -0.12080600 9.21818300
vt -0.12080600 10.05619900
vt -1.61074800 10.53357500
vt -0.12080600 10.89421600
vt -1.61074800 11.41137300
vt -1.61074800 12.28917100
vt -0.12080600 11.73223200
vt -0.12080600 12.57024900
vt -1.61074800 13.16696900
vt -0.12080600 13.40826600
vt -1.61074800 14.04476700
vt -1.61074800 14.92256500
vt -0.12080600 14.24628200
vt -0.12080600 15.08429900
vt -1.61074800 15.80036300
vt -0.12080600 15.92231600
vt -1.61074800 16.67816100
vt -1.61074800 17.55595900
vt -0.12080600 16.76033200
vt -1.61074800 18.43375700
vt -0.12080600 17.59834900
vt -0.12080600 18.43636500
vt -1.61074800 19.31155500
vt -1.61074800 20.18935300
vt -0.12080600 19.27438200
vt -1.61074800 21.06715100
vt -0.12080600 20.11239900
vt -0.12080600 20.95041500
vt -1.61074800 21.94494900
vt -0.12080600 21.78843200
vt -1.61074800 22.82274700
vt -0.12080600 22.62644800
vt -1.61074800 23.70054500
vt -1.61074800 24.57834300
vt -0.12080600 23.46446500
vt -0.12080600 24.30248200
vt -1.61074800 25.45614000
vt -0.12080600 25.14049800
vt -1.61074800 26.33393800
vt -1.61074800 27.21173600
vt -0.12080600 25.97851500
vt -0.12080600 26.81653100
vt -1.61074800 28.08953400
vt -0.12080600 27.65454800
vt -1.61074800 28.96733200
vt -0.23761700 -28.49256500
vt -0.23761700 28.49256500
vt -0.35442800 -28.49256500
vt -0.35442800 28.49256500
vt -0.23761700 -27.65454800
vt -0.35442800 -27.65454800
vt -0.23761700 -26.81653100
vt -0.35442800 -26.81653100
vt -0.23761700 -25.97851500
vt -0.35442800 -25.97851500
vt -0.23761700 -25.14049800
vt -0.35442800 -25.14049800
vt -0.23761700 -24.30248200
vt -0.35442800 -24.30248200
vt -0.23761700 -23.46446500
vt -0.35442800 -23.46446500
vt -0.23761700 -22.62644800
vt -0.35442800 -22.62644800
vt -0.23761700 -21.78843200
vt -0.35442800 -21.78843200
vt -0.23761700 -20.95041500
vt -0.35442800 -20.95041500
vt -0.23761700 -20.11239900
vt -0.35442800 -20.11239900
vt -0.23761700 -19.27438200
vt -0.35442800 -19.27438200
vt -0.23761700 -18.43636500
vt -0.35442800 -18.43636500
vt -0.23761700 -17.59834900
vt -0.35442800 -17.59834900
vt -0.23761700 -16.76033200
vt -0.35442800 -16.76033200
vt -0.23761700 -15.92231600
vt -0.35442800 -15.92231600
vt -0.23761700 -15.08429900
vt -0.35442800 -15.08429900
vt -0.23761700 -14.24628200
vt -0.35442800 -14.24628200
vt -0.23761700 -13.40826600
vt -0.35442800 -13.40826600
vt -0.23761700 -12.57024900
vt -0.35442800 -12.57024900
vt -0.23761700 -11.73223200
vt -0.35442800 -11.73223200
vt -0.23761700 -10.89421600
vt -0.35442800 -10.89421600
vt -0.23761700 -10.05619900
vt -0.35442800 -10.05619900
vt -0.23761700 -9.21818300
vt -0.35442800 -9.21818300
vt -0.23761700 -8.38016600
vt -0.35442800 -8.38016600
vt -0.23761700 -7.54214900
vt -0.35442800 -7.54214900
vt -0.23761700 -6.70413300
vt -0.35442800 -6.70413300
vt -0.23761700 -5.86611600
vt -0.35442800 -5.86611600
vt -0.23761700 -5.02810000
vt -0.35442800 -5.02810000
vt -0.23761700 -4.19008300
vt -0.35442800 -4.19008300
vt -0.23761700 -3.35206600
vt -0.35442800 -3.35206600
vt -0.23761700 -2.51405000
vt -0.35442800 -2.51405000
vt -0.23761700 -1.67603300
vt -0.35442800 -1.67603300
vt -0.23761700 -0.83801700
vt -0.35442800 -0.83801700
vt -0.23761700 -0.00000000
vt -0.35442800 -0.00000000
vt -0.23761700 0.83801700
vt -0.35442800 0.83801700
vt -0.23761700 1.67603300
vt -0.35442800 1.67603300
vt -0.23761700 2.51405000
vt -0.35442800 2.51405000
vt -0.23761700 3.35206600
vt -0.35442800 3.35206600
vt -0.23761700 4.19008300
vt -0.35442800 4.19008300
vt -0.23761700 5.02810000
vt -0.35442800 5.02810000
vt -0.23761700 5.86611600
vt -0.35442800 5.86611600
vt -0.23761700 6.70413300
vt -0.35442800 6.70413300
vt -0.23761700 7.54214900
vt -0.35442800 7.54214900
vt -0.23761700 8.38016600
vt -0.35442800 8.38016600
vt -0.23761700 9.21818300
vt -0.35442800 9.21818300
vt -0.23761700 10.05619900
vt -0.35442800 10.05619900
vt -0.23761700 10.89421600
vt -0.35442800 10.89421600
vt -0.23761700 11.73223200
vt -0.35442800 11.73223200
vt -0.23761700 12.57024900
vt -0.35442800 12.57024900
vt -0.23761700 13.40826600
vt -0.35442800 13.40826600
vt -0.23761700 14.24628200
vt -0.35442800 14.24628200
vt -0.23761700 15.08429900
vt -0.35442800 15.08429900
vt -0.23761700 15.92231600
vt -0.35442800 15.92231600
vt -0.23761700 16.76033200
vt -0.35442800 16.76033200
vt -0.23761700 17.59834900
vt -0.35442800 17.59834900
vt -0.23761700 18.43636500
vt -0.35442800 18.43636500
vt -0.23761700 19.27438200
vt -0.35442800 19.27438200
vt -0.23761700 20.11239900
vt -0.35442800 20.11239900
vt -0.23761700 20.95041500
vt -0.35442800 20.95041500
vt -0.23761700 21.78843200
vt -0.35442800 21.78843200
vt -0.23761700 22.62644800
vt -0.35442800 22.62644800
vt -0.23761700 23.46446500
vt -0.35442800 23.46446500
vt -0.23761700 24.30248200
vt -0.35442800 24.30248200
vt -0.23761700 25.14049800
vt -0.35442800 25.14049800
vt -0.23761700 25.97851500
vt -0.35442800 25.97851500
vt -0.23761700 26.81653100
vt -0.35442800 26.81653100
vt -0.23761700 27.65454800
vt -0.35442800 27.65454800
vt -1.75000000 -0.08375700
vt -1.75000000 -0.21985700
vt -1.75000000 -0.35595700
vt -1.75000000 0.31855100
vt -1.75000000 0.19418500
vt -1.75000000 0.06981800
vt -1.75000000 -0.08375700
vt -1.75000000 -0.21985700
vt -1.75000000 -0.35595700
vt -1.75000000 0.31855100
vt -1.75000000 0.19418500
vt -1.75000000 0.06981800
vt -1.75000000 -0.08375700
vt -1.75000000 -0.21985700
vt -1.75000000 -0.35595700
vt -1.75000000 0.31855100
vt -1.75000000 0.19418500
vt -1.75000000 0.06981800
vt -1.75000000 -0.08375700
vt -1.75000000 -0.21985700
vt -1.75000000 -0.35595700
vt -1.75000000 0.31855100
vt -1.75000000 0.19418500
vt -1.75000000 0.06981800
vt -1.75000000 -0.08375700
vt -1.75000000 -0.21985700
vt -1.75000000 -0.35595700
vt -1.75000000 0.31855100
vt -1.75000000 0.19418500
vt -1.75000000 0.06981800
vt -1.75000000 -0.08375700
vt -1.75000000 -0.21985700
vt -1.75000000 -0.35595700
vt -1.75000000 0.31855100
vt -1.75000000 0.19418500
vt -1.75000000 0.06981800
vt -1.75000000 -0.08375700
vt -1.75000000 -0.21985700
vt -1.75000000 -0.35595700
vt -1.75000000 0.31855100
vt -1.75000000 0.19418500
vt -1.75000000 0.06981800
vt -1.75000000 -0.08375700
vt -1.75000000 -0.21985700
vt -1.75000000 -0.35595700
vt -1.75000000 0.31855100
vt -1.75000000 0.19418500
vt -1.75000000 0.06981800
vt -1.75000000 -0.08375700
vt -1.75000000 -0.21985700
vt -1.75000000 -0.35595700
vt -1.75000000 0.31855100
vt -1.75000000 0.19418500
vt -1.75000000 0.06981800
vt -1.75000000 -0.08375700
vt -1.75000000 -0.21985700
vt -1.75000000 -0.35595700
vt -1.75000000 0.31855100
vt -1.75000000 0.19418500
vt -1.75000000 0.06981800
vt -1.75000000 -0.08375700
vt -1.75000000 -0.21985700
vt -1.75000000 -0.35595700
vt -1.75000000 0.31855100
vt -1.75000000 0.19418500
vt -1.75000000 0.06981800
vt -1.75000000 -0.08375700
vt -1.75000000 -0.21985700
vt -1.75000000 -0.35595700
vt -1.75000000 0.31855100
vt -1.75000000 0.19418500
vt -1.75000000 0.06981800
vt -1.75000000 -0.08375700
vt -1.75000000 -0.21985700
vt -1.75000000 -0.35595700
vt -1.75000000 0.31855100
vt -1.75000000 0.19418500
vt -1.75000000 0.06981800
vt -1.75000000 -0.08375700
vt -1.75000000 -0.21985700
vt -1.75000000 -0.35595700
vt -1.75000000 0.31855100
vt -1.75000000 0.19418500
vt -1.75000000 0.06981800
vt -1.75000000 -0.08375700
vt -1.75000000 -0.21985700
vt -1.75000000 -0.35595700
vt -1.75000000 0.31855100
vt -1.75000000 0.19418500
vt -1.75000000 0.06981800
vt -1.75000000 -0.08375700
vt -1.75000000 -0.21985700
vt -1.75000000 -0.35595700
vt -1.75000000 0.31855100
vt -1.75000000 0.19418500
vt -1.75000000 0.06981800
vt -1.75000000 -0.08375700
vt -1.75000000 -0.21985700
vt -1.75000000 -0.35595700
vt -1.75000000 0.31855100
vt -1.75000000 0.19418500
vt -1.75000000 0.06981800
vt -1.75000000 -0.08375700
vt -1.75000000 -0.21985700
vt -1.75000000 -0.35595700
vt -1.75000000 0.31855100
vt -1.75000000 0.19418500
vt -1.75000000 0.06981800
vt -1.75000000 -0.08375700
vt -1.75000000 -0.21985700
vt -1.75000000 -0.35595700
vt -1.75000000 0.31855100
vt -1.75000000 0.19418500
vt -1.75000000 0.06981800
vt -1.75000000 -0.08375700
vt -1.75000000 -0.21985700
vt -1.75000000 -0.35595700
vt -1.75000000 0.31855100
vt -1.75000000 0.19418500
vt -1.75000000 0.06981800
vt -1.75000000 -0.08375700
vt -1.75000000 -0.21985700
vt -1.75000000 -0.35595700
vt -1.75000000 0.31855100
vt -1.75000000 0.19418500
vt -1.75000000 0.06981800
vt -1.75000000 -0.08375700
vt -1.75000000 -0.21985700
vt -1.75000000 -0.35595700
vt -1.75000000 0.31855100
vt -1.75000000 0.19418500
vt -1.75000000 0.06981800
vt -1.75000000 -0.08375700
vt -1.75000000 -0.21985700
vt -1.75000000 -0.35595700
vt -1.75000000 0.31855100
vt -1.75000000 0.19418500
vt -1.75000000 0.06981800
vt -1.75000000 -0.08375700
vt -1.75000000 -0.21985700
vt -1.75000000 -0.35595700
vt -1.75000000 0.31855100
vt -1.75000000 0.19418500
vt -1.75000000 0.06981800
vt -1.75000000 -0.08375700
vt -1.75000000 -0.21985700
vt -1.75000000 -0.35595700
vt -1.75000000 0.31855100
vt -1.75000000 0.19418500
vt -1.75000000 0.06981800
vt -1.75000000 -0.08375700
vt -1.75000000 -0.21985700
vt -1.75000000 -0.35595700
vt -1.75000000 0.31855100
vt -1.75000000 0.19418500
vt -1.75000000 0.06981800
vt -1.75000000 -0.08375700
vt -1.75000000 -0.21985700
vt -1.75000000 -0.35595700
vt -1.75000000 0.31855100
vt -1.75000000 0.19418500
vt -1.75000000 0.06981800
vt -1.75000000 -0.08375700
vt -1.75000000 -0.21985700
vt -1.75000000 -0.35595700
vt -1.75000000 0.31855100
vt -1.75000000 0.19418500
vt -1.75000000 0.06981800
vt 1.07383200 29.84513000
vt 1.07383200 -29.84513000
vt 0.53691600 -29.84513000
vt 0.53691600 29.84513000
vt -0.00000000 -29.84513000
vt -0.00000000 29.84513000
vt -0.53691600 29.84513000
vt -0.53691600 -29.84513000
vt -1.07383200 29.84513000
vt -1.07383200 -29.84513000
vt 1.07383200 -28.98005400
vt 0.53691600 -28.98005400
vt -0.00000000 -28.98005400
vt -0.53691600 -28.98005400
vt -1.07383200 -28.98005400
vt 1.07383200 -28.11497800
vt 0.53691600 -28.11497800
vt -0.00000000 -28.11497800
vt -0.53691600 -28.11497800
vt -1.07383200 -28.11497800
vt 1.07383200 -27.24990100
vt 0.53691600 -27.24990100
vt -0.00000000 -27.24990100
vt -0.53691600 -27.24990100
vt -1.07383200 -27.24990100
vt 1.07383200 -26.38482500
vt 0.53691600 -26.38482500
vt -0.00000000 -26.38482500
vt -0.53691600 -26.38482500
vt -1.07383200 -26.38482500
vt 1.07383200 -25.51974900
vt 0.53691600 -25.51974900
vt -0.00000000 -25.51974900
vt -0.53691600 -25.51974900
vt -1.07383200 -25.51974900
vt 1.07383200 -24.65467300
vt 0.53691600 -24.65467300
vt -0.00000000 -24.65467300
vt -0.53691600 -24.65467300
vt -1.07383200 -24.65467300
vt 1.07383200 -23.78959700
vt 0.53691600 -23.78959700
vt -0.00000000 -23.78959700
vt -0.53691600 -23.78959700
vt -1.07383200 -23.78959700
vt 1.07383200 -22.92452000
vt 0.53691600 -22.92452000
vt -0.00000000 -22.92452000
vt -0.53691600 -22.92452000
vt -1.07383200 -22.92452000
vt 1.07383200 -22.05944400
vt 0.53691600 -22.05944400
vt -0.00000000 -22.05944400
vt -0.53691600 -22.05944400
vt -1.07383200 -22.05944400
vt 1.07383200 -21.19436800
vt 0.53691600 -21.19436800
vt -0.00000000 -21.19436800
vt -0.53691600 -21.19436800
vt -1.07383200 -21.19436800
vt 1.07383200 -20.32929200
vt 0.53691600 -20.32929200
vt -0.00000000 -20.32929200
vt -0.53691600 -20.32929200
vt -1.07383200 -20.32929200
vt 1.07383200 -19.46421500
vt 0.53691600 -19.46421500
vt -0.00000000 -19.46421500
vt -0.53691600 -19.46421500
vt -1.07383200 -19.46421500
vt 1.07383200 -18.59913900
vt 0.53691600 -18.59913900
vt -0.00000000 -18.59913900
vt -0.53691600 -18.59913900
vt -1.07383200 -18.59913900
vt 1.07383200 -17.73406300
vt 0.53691600 -17.73406300
vt -0.00000000 -17.73406300
vt -0.53691600 -17.73406300
vt -1.07383200 -17.73406300
vt 1.07383200 -16.86898700
vt 0.53691600 -16.86898700
vt -0.00000000 -16.86898700
vt -0.53691600 -16.86898700
vt -1.07383200 -16.86898700
vt 1.07383200 -16.00391000
vt 0.53691600 -16.00391000
vt -0.00000000 -16.00391000
vt -0.53691600 -16.00391000
vt -1.07383200 -16.00391000
vt 1.07383200 -15.13883400
vt 0.53691600 -15.13883400
vt -0.00000000 -15.13883400
vt -0.53691600 -15.13883400
vt -1.07383200 -15.13883400
vt 1.07383200 -14.27375800
vt 0.53691600 -14.27375800
vt -0.00000000 -14.27375800
vt -0.53691600 -14.27375800
vt -1.07383200 -14.27375800
vt 1.07383200 -13.40868200
vt 0.53691600 -13.40868200
vt -0.00000000 -13.40868200
vt -0.53691600 -13.40868200
vt -1.07383200 -13.40868200
vt 1.07383200 -12.54360500
vt 0.53691600 -12.54360500
vt -0.00000000 -12.54360500
vt -0.53691600 -12.54360500
vt -1.07383200 -12.54360500
vt 1.07383200 -11.67852900
vt 0.53691600 -11.67852900
vt -0.00000000 -11.67852900
vt -0.53691600 -11.67852900
vt -1.07383200 -11.67852900
vt 1.07383200 -10.81345300
vt 0.53691600 -10.81345300
vt -0.00000000 -10.81345300
vt -0.53691600 -10.81345300
vt -1.07383200 -10.81345300
vt 1.07383200 -9.94837700
vt 0.53691600 -9.94837700
vt -0.00000000 -9.94837700
vt -0.53691600 -9.94837700
vt -1.07383200 -9.94837700
vt 1.07383200 -9.08330000
vt 0.53691600 -9.08330000
vt -0.00000000 -9.08330000
vt -0.53691600 -9.08330000
vt -1.07383200 -9.08330000
vt 1.07383200 -8.21822400
vt 0.53691600 -8.21822400
vt -0.00000000 -8.21822400
vt -0.53691600 -8.21822400
vt -1.07383200 -8.21822400
vt 1.07383200 -7.35314800
vt 0.53691600 -7.35314800
vt -0.00000000 -7.35314800
vt -0.53691600 -7.35314800
vt -1.07383200 -7.35314800
vt 1.07383200 -6.48807200
vt 0.53691600 -6.48807200
vt -0.00000000 -6.48807200
vt -0.53691600 -6.48807200
vt -1.07383200 -6.48807200
vt 1.07383200 -5.62299600
vt 0.53691600 -5.62299600
vt -0.00000000 -5.62299600
vt -0.53691600 -5.62299600
vt -1.07383200 -5.62299600
vt 1.07383200 -4.75791900
vt 0.53691600 -4.75791900
vt -0.00000000 -4.75791900
vt -0.53691600 -4.75791900
vt -1.07383200 -4.75791900
vt 1.07383200 -3.89284300
vt 0.53691600 -3.89284300
vt -0.00000000 -3.89284300
vt -0.53691600 -3.89284300
vt -1.07383200 -3.89284300
vt 1.07383200 -3.02776700
vt 0.53691600 -3.02776700
vt -0.00000000 -3.02776700
vt -0.53691600 -3.02776700
vt -1.07383200 -3.02776700
vt 1.07383200 -2.16269100
vt 0.53691600 -2.16269100
vt -0.00000000 -2.16269100
vt -0.53691600 -2.16269100
vt -1.07383200 -2.16269100
vt 1.07383200 -1.29761400
vt 0.53691600 -1.29761400
vt -0.00000000 -1.29761400
vt -0.53691600 -1.29761400
vt -1.07383200 -1.29761400
vt 1.07383200 -0.43253800
vt 0.53691600 -0.43253800
vt -0.00000000 -0.43253800
vt -0.53691600 -0.43253800
vt -1.07383200 -0.43253800
vt 1.07383200 0.43253800
vt 0.53691600 0.43253800
vt -0.00000000 0.43253800
vt -0.53691600 0.43253800
vt -1.07383200 0.43253800
vt 1.07383200 1.29761400
vt 0.53691600 1.29761400
vt -0.00000000 1.29761400
vt -0.53691600 1.29761400
vt -1.07383200 1.29761400
vt 1.07383200 2.16269100
vt 0.53691600 2.16269100
vt -0.00000000 2.16269100
vt -0.53691600 2.16269100
vt -1.07383200 2.16269100
vt 1.07383200 3.02776700
vt 0.53691600 3.02776700
vt -0.00000000 3.02776700
vt -0.53691600 3.02776700
vt -1.07383200 3.02776700
vt 1.07383200 3.89284300
vt 0.53691600 3.89284300
vt -0.00000000 3.89284300
vt -0.53691600 3.89284300
vt -1.07383200 3.89284300
vt 1.07383200 4.75791900
vt 0.53691600 4.75791900
vt -0.00000000 4.75791900
vt -0.53691600 4.75791900
vt -1.07383200 4.75791900
vt 1.07383200 5.62299600
vt 0.53691600 5.62299600
vt -0.00000000 5.62299600
vt -0.53691600 5.62299600
vt -1.07383200 5.62299600
vt 1.07383200 6.48807200
vt 0.53691600 6.48807200
vt -0.00000000 6.48807200
vt -0.53691600 6.48807200
vt -1.07383200 6.48807200
vt 1.07383200 7.35314800
vt 0.53691600 7.35314800
vt -0.00000000 7.35314800
vt -0.53691600 7.35314800
vt -1.07383200 7.35314800
vt 1.07383200 8.21822400
vt 0.53691600 8.21822400
vt -0.00000000 8.21822400
vt -0.53691600 8.21822400
vt -1.07383200 8.21822400
vt 1.07383200 9.08330000
vt 0.53691600 9.08330000
vt -0.00000000 9.08330000
vt -0.53691600 9.08330000
vt -1.07383200 9.08330000
vt 1.07383200 9.94837700
vt 0.53691600 9.94837700
vt -0.00000000 9.94837700
vt -0.53691600 9.94837700
vt -1.07383200 9.94837700
vt 1.07383200 10.81345300
vt 0.53691600 10.81345300
vt -0.00000000 10.81345300
vt -0.53691600 10.81345300
vt -1.07383200 10.81345300
vt 1.07383200 11.67852900
vt 0.53691600 11.67852900
vt -0.00000000 11.67852900
vt -0.53691600 11.67852900
vt -1.07383200 11.67852900
vt 1.07383200 12.54360500
vt 0.53691600 12.54360500
vt -0.00000000 12.54360500
vt -0.53691600 12.54360500
vt -1.07383200 12.54360500
vt 1.07383200 13.40868200
vt 0.53691600 13.40868200
vt -0.00000000 13.40868200
vt -0.53691600 13.40868200
vt -1.07383200 13.40868200
vt 1.07383200 14.27375800
vt 0.53691600 14.27375800
vt -0.00000000 14.27375800
vt -0.53691600 14.27375800
vt -1.07383200 14.27375800
vt 1.07383200 15.13883400
vt 0.53691600 15.13883400
vt -0.00000000 15.13883400
vt -0.53691600 15.13883400
vt -1.07383200 15.13883400
vt 1.07383200 16.00391000
vt 0.53691600 16.00391000
vt -0.00000000 16.00391000
vt -0.53691600 16.00391000
vt -1.07383200 16.00391000
vt 1.07383200 16.86898700
vt 0.53691600 16.86898700
vt -0.00000000 16.86898700
vt -0.53691600 16.86898700
vt -1.07383200 16.86898700
vt 1.07383200 17.73406300
vt 0.53691600 17.73406300
vt -0.00000000 17.73406300
vt -0.53691600 17.73406300
vt -1.07383200 17.73406300
vt 1.07383200 18.59913900
vt 0.53691600 18.59913900
vt -0.00000000 18.59913900
vt -0.53691600 18.59913900
vt -1.07383200 18.59913900
vt 1.07383200 19.46421500
vt 0.53691600 19.46421500
vt -0.00000000 19.46421500
vt -0.53691600 19.46421500
vt -1.07383200 19.46421500
vt 1.07383200 20.32929200
vt 0.53691600 20.32929200
vt -0.00000000 20.32929200
vt -0.53691600 20.32929200
vt -1.07383200 20.32929200
vt 1.07383200 21.19436800
vt 0.53691600 21.19436800
vt -0.00000000 21.19436800
vt -0.53691600 21.19436800
vt -1.07383200 21.19436800
vt 1.07383200 22.05944400
vt 0.53691600 22.05944400
vt -0.00000000 22.05944400
vt -0.53691600 22.05944400
vt -1.07383200 22.05944400
vt 1.07383200 22.92452000
vt 0.53691600 22.92452000
vt -0.00000000 22.92452000
vt -0.53691600 22.92452000
vt -1.07383200 22.92452000
vt 1.07383200 23.78959700
vt 0.53691600 23.78959700
vt -0.00000000 23.78959700
vt -0.53691600 23.78959700
vt -1.07383200 23.78959700
vt 1.07383200 24.65467300
vt 0.53691600 24.65467300
vt -0.00000000 24.65467300
vt -0.53691600 24.65467300
vt -1.07383200 24.65467300
vt 1.07383200 25.51974900
vt 0.53691600 25.51974900
vt -0.00000000 25.51974900
vt -0.53691600 25.51974900
vt -1.07383200 25.51974900
vt 1.07383200 26.38482500
vt 0.53691600 26.38482500
vt -0.00000000 26.38482500
vt -0.53691600 26.38482500
vt -1.07383200 26.38482500
vt 1.07383200 27.24990100
vt 0.53691600 27.24990100
vt -0.00000000 27.24990100
vt -0.53691600 27.24990100
vt -1.07383200 27.24990100
vt 1.07383200 28.11497800
vt 0.53691600 28.11497800
vt -0.00000000 28.11497800
vt -0.53691600 28.11497800
vt -1.07383200 28.11497800
vt 1.07383200 28.98005400
vt 0.53691600 28.98005400
vt -0.00000000 28.98005400
vt -0.53691600 28.98005400
vt -1.07383200 28.98005400
f 18/18/18 1/1/1 22/22/22
f 22/22/22 1/1/1 5/5/5
f 22/22/22 5/5/5 21/21/21
f 21/21/21 5/5/5 7/7/7
f 21/21/21 7/7/7 12/12/12
f 12/12/12 7/7/7 10/10/10
f 12/12/12 14/14/14 21/21/21
f 21/21/21 14/14/14 16/16/16
f 21/21/21 16/16/16 22/22/22
f 22/22/22 16/16/16 18/18/18
f 19/19/19 24/24/24 2/2/2
f 2/2/2 24/24/24 28/28/28
f 28/28/28 24/24/24 26/26/26
f 29/29/29 27/27/27 46/46/46
f 46/46/46 27/27/27 31/31/31
f 46/46/46 31/31/31 45/45/45
f 45/45/45 31/31/31 34/34/34
f 45/45/45 34/34/34 38/38/38
f 38/38/38 34/34/34 36/36/36
f 38/38/38 42/42/42 45/45/45
f 45/45/45 42/42/42 43/43/43
f 45/45/45 43/43/43 46/46/46
f 46/46/46 43/43/43 29/29/29
f 40/40/40 37/37/37 59/59/59
f 59/59/59 37/37/37 48/48/48
f 59/59/59 48/48/48 49/49/49
f 52/52/52 55/55/55 49/49/49
f 49/49/49 55/55/55 57/57/57
f 49/49/49 57/57/57 59/59/59
f 64/64/64 172/172/172 63/63/63
f 62/62/62 171/171/171 174/174/174
f 62/62/62 174/174/174 167/167/167
f 167/167/167 174/174/174 176/176/176
f 167/167/167 176/176/176 179/179/179
f 66/66/66 513/513/513 64/64/64
f 64/64/64 513/513/513 515/515/515
f 64/64/64 515/515/515 518/518/518
f 69/69/69 508/508/508 66/66/66
f 66/66/66 508/508/508 510/510/510
f 66/66/66 510/510/510 513/513/513
f 508/508/508 69/69/69 506/506/506
f 506/506/506 69/69/69 70/70/70
f 506/506/506 70/70/70 504/504/504
f 504/504/504 70/70/70 72/72/72
f 504/504/504 72/72/72 501/501/501
f 501/501/501 72/72/72 499/499/499
f 499/499/499 72/72/72 496/496/496
f 496/496/496 72/72/72 490/490/490
f 496/496/496 490/490/490 493/493/493
f 72/72/72 75/75/75 490/490/490
f 490/490/490 75/75/75 488/488/488
f 488/488/488 75/75/75 485/485/485
f 485/485/485 75/75/75 484/484/484
f 484/484/484 75/75/75 77/77/77
f 484/484/484 77/77/77 482/482/482
f 482/482/482 77/77/77 479/479/479
f 479/479/479 77/77/77 78/78/78
f 479/479/479 78/78/78 471/471/471
f 471/471/471 78/78/78 470/470/470
f 470/470/470 78/78/78 467/467/467
f 467/467/467 78/78/78 464/464/464
f 464/464/464 78/78/78 463/463/463
f 463/463/463 78/78/78 80/80/80
f 463/463/463 80/80/80 459/459/459
f 459/459/459 80/80/80 83/83/83
f 459/459/459 83/83/83 457/457/457
f 457/457/457 83/83/83 85/85/85
f 457/457/457 85/85/85 455/455/455
f 455/455/455 85/85/85 86/86/86
f 455/455/455 86/86/86 452/452/452
f 452/452/452 86/86/86 451/451/451
f 451/451/451 86/86/86 447/447/447
f 447/447/447 86/86/86 444/444/444
f 444/444/444 86/86/86 443/443/443
f 443/443/443 86/86/86 440/440/440
f 440/440/440 86/86/86 437/437/437
f 437/437/437 86/86/86 88/88/88
f 437/437/437 88/88/88 436/436/436
f 436/436/436 88/88/88 433/433/433
f 433/433/433 88/88/88 91/91/91
f 433/433/433 91/91/91 431/431/431
f 431/431/431 91/91/91 423/423/423
f 431/431/431 423/423/423 428/428/428
f 428/428/428 423/423/423 427/427/427
f 93/93/93 418/418/418 91/91/91
f 91/91/91 418/418/418 420/420/420
f 91/91/91 420/420/420 423/423/423
f 94/94/94 413/413/413 93/93/93
f 93/93/93 413/413/413 417/417/417
f 93/93/93 417/417/417 418/418/418
f 413/413/413 94/94/94 412/412/412
f 412/412/412 94/94/94 97/97/97
f 412/412/412 97/97/97 410/410/410
f 410/410/410 97/97/97 98/98/98
f 410/410/410 98/98/98 408/408/408
f 408/408/408 98/98/98 405/405/405
f 405/405/405 98/98/98 402/402/402
f 402/402/402 98/98/98 400/400/400
f 400/400/400 98/98/98 101/101/101
f 400/400/400 101/101/101 394/394/394
f 394/394/394 101/101/101 393/393/393
f 393/393/393 101/101/101 56/56/56
f 56/56/56 101/101/101 58/58/58
f 58/58/58 101/101/101 103/103/103
f 58/58/58 103/103/103 60/60/60
f 60/60/60 103/103/103 104/104/104
f 60/60/60 104/104/104 39/39/39
f 39/39/39 104/104/104 41/41/41
f 41/41/41 104/104/104 44/44/44
f 44/44/44 104/104/104 30/30/30
f 30/30/30 104/104/104 3/3/3
f 3/3/3 104/104/104 4/4/4
f 4/4/4 104/104/104 6/6/6
f 6/6/6 104/104/104 106/106/106
f 6/6/6 106/106/106 9/9/9
f 9/9/9 106/106/106 391/391/391
f 391/391/391 106/106/106 109/109/109
f 391/391/391 109/109/109 388/388/388
f 388/388/388 109/109/109 110/110/110
f 388/388/388 110/110/110 386/386/386
f 386/386/386 110/110/110 112/112/112
f 386/386/386 112/112/112 384/384/384
f 384/384/384 112/112/112 382/382/382
f 382/382/382 112/112/112 378/378/378
f 378/378/378 112/112/112 375/375/375
f 375/375/375 112/112/112 369/369/369
f 375/375/375 369/369/369 372/372/372
f 112/112/112 114/114/114 369/369/369
f 369/369/369 114/114/114 366/366/366
f 366/366/366 114/114/114 365/365/365
f 365/365/365 114/114/114 116/116/116
f 365/365/365 116/116/116 363/363/363
f 363/363/363 116/116/116 355/355/355
f 363/363/363 355/355/355 359/359/359
f 359/359/359 355/355/355 357/357/357
f 355/355/355 116/116/116 351/351/351
f 351/351/351 116/116/116 118/118/118
f 351/351/351 118/118/118 350/350/350
f 350/350/350 118/118/118 348/348/348
f 348/348/348 118/118/118 344/344/344
f 344/344/344 118/118/118 120/120/120
f 344/344/344 120/120/120 342/342/342
f 342/342/342 120/120/120 122/122/122
f 342/342/342 122/122/122 341/341/341
f 341/341/341 122/122/122 124/124/124
f 341/341/341 124/124/124 337/337/337
f 337/337/337 124/124/124 335/335/335
f 335/335/335 124/124/124 127/127/127
f 335/335/335 127/127/127 333/333/333
f 333/333/333 127/127/127 330/330/330
f 330/330/330 127/127/127 329/329/329
f 329/329/329 127/127/127 326/326/326
f 326/326/326 127/127/127 324/324/324
f 324/324/324 127/127/127 320/320/320
f 320/320/320 127/127/127 318/318/318
f 318/318/318 127/127/127 128/128/128
f 318/318/318 128/128/128 316/316/316
f 316/316/316 128/128/128 130/130/130
f 316/316/316 130/130/130 315/315/315
f 315/315/315 130/130/130 312/312/312
f 312/312/312 130/130/130 306/306/306
f 312/312/312 306/306/306 310/310/310
f 133/133/133 302/302/302 130/130/130
f 130/130/130 302/302/302 305/305/305
f 130/130/130 305/305/305 306/306/306
f 135/135/135 294/294/294 133/133/133
f 133/133/133 294/294/294 298/298/298
f 133/133/133 298/298/298 300/300/300
f 294/294/294 135/135/135 292/292/292
f 292/292/292 135/135/135 137/137/137
f 292/292/292 137/137/137 289/289/289
f 289/289/289 137/137/137 138/138/138
f 289/289/289 138/138/138 288/288/288
f 288/288/288 138/138/138 286/286/286
f 286/286/286 138/138/138 282/282/282
f 282/282/282 138/138/138 281/281/281
f 281/281/281 138/138/138 141/141/141
f 281/281/281 141/141/141 272/272/272
f 272/272/272 141/141/141 270/270/270
f 270/270/270 141/141/141 143/143/143
f 270/270/270 143/143/143 268/268/268
f 268/268/268 143/143/143 266/266/266
f 266/266/266 143/143/143 145/145/145
f 266/266/266 145/145/145 263/263/263
f 263/263/263 145/145/145 262/262/262
f 262/262/262 145/145/145 259/259/259
f 259/259/259 145/145/145 256/256/256
f 256/256/256 145/145/145 254/254/254
f 254/254/254 145/145/145 251/251/251
f 251/251/251 145/145/145 248/248/248
f 248/248/248 145/145/145 147/147/147
f 248/248/248 147/147/147 247/247/247
f 247/247/247 147/147/147 149/149/149
f 247/247/247 149/149/149 244/244/244
f 244/244/244 149/149/149 151/151/151
f 244/244/244 151/151/151 243/243/243
f 243/243/243 151/151/151 152/152/152
f 243/243/243 152/152/152 240/240/240
f 240/240/240 152/152/152 238/238/238
f 238/238/238 152/152/152 235/235/235
f 235/235/235 152/152/152 233/233/233
f 233/233/233 152/152/152 226/226/226
f 233/233/233 226/226/226 228/228/228
f 152/152/152 154/154/154 226/226/226
f 226/226/226 154/154/154 222/222/222
f 222/222/222 154/154/154 221/221/221
f 221/221/221 154/154/154 156/156/156
f 221/221/221 156/156/156 217/217/217
f 217/217/217 156/156/156 210/210/210
f 217/217/217 210/210/210 216/216/216
f 216/216/216 210/210/210 214/214/214
f 210/210/210 156/156/156 207/207/207
f 207/207/207 156/156/156 159/159/159
f 207/207/207 159/159/159 205/205/205
f 205/205/205 159/159/159 204/204/204
f 204/204/204 159/159/159 201/201/201
f 201/201/201 159/159/159 161/161/161
f 201/201/201 161/161/161 198/198/198
f 198/198/198 161/161/161 162/162/162
f 198/198/198 162/162/162 197/197/197
f 197/197/197 162/162/162 164/164/164
f 197/197/197 164/164/164 193/193/193
f 193/193/193 164/164/164 191/191/191
f 191/191/191 164/164/164 189/189/189
f 189/189/189 164/164/164 186/186/186
f 186/186/186 164/164/164 167/167/167
f 186/186/186 167/167/167 183/183/183
f 183/183/183 167/167/167 179/179/179
f 183/183/183 179/179/179 181/181/181
f 524/524/524 170/170/170 64/64/64
f 64/64/64 170/170/170 172/172/172
f 228/228/228 229/229/229 233/233/233
f 272/272/272 275/275/275 281/281/281
f 281/281/281 275/275/275 278/278/278
f 300/300/300 302/302/302 133/133/133
f 372/372/372 374/374/374 375/375/375
f 394/394/394 398/398/398 400/400/400
f 474/474/474 476/476/476 471/471/471
f 471/471/471 476/476/476 479/479/479
f 518/518/518 521/521/521 64/64/64
f 64/64/64 521/521/521 524/524/524
f 521/521/521 522/522/522 524/524/524
f 530/530/530 397/397/397 534/534/534
f 534/534/534 397/397/397 395/395/395
f 534/534/534 395/395/395 533/533/533
f 533/533/533 395/395/395 392/392/392
f 533/533/533 392/392/392 51/51/51
f 51/51/51 392/392/392 54/54/54
f 51/51/51 527/527/527 533/533/533
f 533/533/533 527/527/527 529/529/529
f 533/533/533 529/529/529 534/534/534
f 534/534/534 529/529/529 530/530/530
f 539/539/539 647/647/647 537/537/537
f 536/536/536 645/645/645 649/649/649
f 536/536/536 649/649/649 641/641/641
f 641/641/641 649/649/649 650/650/650
f 641/641/641 650/650/650 654/654/654
f 540/540/540 1008/1008/1008 539/539/539
f 539/539/539 1008/1008/1008 1009/1009/1009
f 539/539/539 1009/1009/1009 1013/1013/1013
f 543/543/543 1003/1003/1003 540/540/540
f 540/540/540 1003/1003/1003 1005/1005/1005
f 540/540/540 1005/1005/1005 1008/1008/1008
f 1003/1003/1003 543/543/543 1000/1000/1000
f 1000/1000/1000 543/543/543 545/545/545
f 1000/1000/1000 545/545/545 999/999/999
f 999/999/999 545/545/545 546/546/546
f 999/999/999 546/546/546 995/995/995
f 995/995/995 546/546/546 994/994/994
f 994/994/994 546/546/546 990/990/990
f 990/990/990 546/546/546 989/989/989
f 989/989/989 546/546/546 983/983/983
f 989/989/989 983/983/983 987/987/987
f 546/546/546 549/549/549 983/983/983
f 983/983/983 549/549/549 982/982/982
f 982/982/982 549/549/549 980/980/980
f 980/980/980 549/549/549 977/977/977
f 977/977/977 549/549/549 550/550/550
f 977/977/977 550/550/550 975/975/975
f 975/975/975 550/550/550 972/972/972
f 972/972/972 550/550/550 962/962/962
f 972/972/972 962/962/962 970/970/970
f 970/970/970 962/962/962 966/966/966
f 970/970/970 966/966/966 967/967/967
f 550/550/550 553/553/553 962/962/962
f 962/962/962 553/553/553 959/959/959
f 959/959/959 553/553/553 958/958/958
f 958/958/958 553/553/553 955/955/955
f 955/955/955 553/553/553 953/953/953
f 953/953/953 553/553/553 554/554/554
f 953/953/953 554/554/554 950/950/950
f 950/950/950 554/554/554 557/557/557
f 950/950/950 557/557/557 949/949/949
f 949/949/949 557/557/557 558/558/558
f 949/949/949 558/558/558 945/945/945
f 945/945/945 558/558/558 560/560/560
f 945/945/945 560/560/560 944/944/944
f 944/944/944 560/560/560 942/942/942
f 942/942/942 560/560/560 938/938/938
f 938/938/938 560/560/560 937/937/937
f 937/937/937 560/560/560 935/935/935
f 935/935/935 560/560/560 932/932/932
f 932/932/932 560/560/560 929/929/929
f 929/929/929 560/560/560 927/927/927
f 927/927/927 560/560/560 562/562/562
f 927/927/927 562/562/562 924/924/924
f 924/924/924 562/562/562 923/923/923
f 923/923/923 562/562/562 565/565/565
f 923/923/923 565/565/565 920/920/920
f 920/920/920 565/565/565 917/917/917
f 917/917/917 565/565/565 910/910/910
f 917/917/917 910/910/910 912/912/912
f 566/566/566 905/905/905 565/565/565
f 565/565/565 905/905/905 909/909/909
f 565/565/565 909/909/909 910/910/910
f 569/569/569 900/900/900 566/566/566
f 566/566/566 900/900/900 904/904/904
f 566/566/566 904/904/904 905/905/905
f 900/900/900 569/569/569 899/899/899
f 899/899/899 569/569/569 571/571/571
f 899/899/899 571/571/571 897/897/897
f 897/897/897 571/571/571 573/573/573
f 897/897/897 573/573/573 893/893/893
f 893/893/893 573/573/573 892/892/892
f 892/892/892 573/573/573 889/889/889
f 889/889/889 573/573/573 888/888/888
f 888/888/888 573/573/573 575/575/575
f 888/888/888 575/575/575 879/879/879
f 879/879/879 575/575/575 877/877/877
f 877/877/877 575/575/575 874/874/874
f 874/874/874 575/575/575 873/873/873
f 873/873/873 575/575/575 576/576/576
f 873/873/873 576/576/576 871/871/871
f 871/871/871 576/576/576 578/578/578
f 871/871/871 578/578/578 867/867/867
f 867/867/867 578/578/578 865/865/865
f 865/865/865 578/578/578 863/863/863
f 863/863/863 578/578/578 861/861/861
f 861/861/861 578/578/578 859/859/859
f 859/859/859 578/578/578 856/856/856
f 856/856/856 578/578/578 853/853/853
f 853/853/853 578/578/578 851/851/851
f 851/851/851 578/578/578 581/581/581
f 851/851/851 581/581/581 848/848/848
f 848/848/848 581/581/581 847/847/847
f 847/847/847 581/581/581 582/582/582
f 847/847/847 582/582/582 845/845/845
f 845/845/845 582/582/582 584/584/584
f 845/845/845 584/584/584 842/842/842
f 842/842/842 584/584/584 586/586/586
f 842/842/842 586/586/586 839/839/839
f 839/839/839 586/586/586 838/838/838
f 838/838/838 586/586/586 836/836/836
f 836/836/836 586/586/586 833/833/833
f 833/833/833 586/586/586 829/829/829
f 829/829/829 586/586/586 824/824/824
f 829/829/829 824/824/824 825/825/825
f 586/586/586 589/589/589 824/824/824
f 824/824/824 589/589/589 820/820/820
f 820/820/820 589/589/589 819/819/819
f 819/819/819 589/589/589 591/591/591
f 819/819/819 591/591/591 815/815/815
f 815/815/815 591/591/591 806/806/806
f 815/815/815 806/806/806 813/813/813
f 813/813/813 806/806/806 810/810/810
f 813/813/813 810/810/810 812/812/812
f 806/806/806 591/591/591 803/803/803
f 803/803/803 591/591/591 593/593/593
f 803/803/803 593/593/593 801/801/801
f 801/801/801 593/593/593 799/799/799
f 799/799/799 593/593/593 796/796/796
f 796/796/796 593/593/593 595/595/595
f 796/796/796 595/595/595 794/794/794
f 794/794/794 595/595/595 596/596/596
f 794/794/794 596/596/596 792/792/792
f 792/792/792 596/596/596 599/599/599
f 792/792/792 599/599/599 11/11/11
f 11/11/11 599/599/599 15/15/15
f 15/15/15 599/599/599 601/601/601
f 15/15/15 601/601/601 17/17/17
f 17/17/17 601/601/601 20/20/20
f 20/20/20 601/601/601 25/25/25
f 20/20/20 25/25/25 23/23/23
f 602/602/602 47/47/47 601/601/601
f 601/601/601 47/47/47 35/35/35
f 601/601/601 35/35/35 33/33/33
f 47/47/47 602/602/602 50/50/50
f 50/50/50 602/602/602 605/605/605
f 50/50/50 605/605/605 53/53/53
f 53/53/53 605/605/605 526/526/526
f 526/526/526 605/605/605 790/790/790
f 526/526/526 790/790/790 532/532/532
f 607/607/607 786/786/786 605/605/605
f 605/605/605 786/786/786 788/788/788
f 605/605/605 788/788/788 790/790/790
f 608/608/608 778/778/778 607/607/607
f 607/607/607 778/778/778 781/781/781
f 607/607/607 781/781/781 784/784/784
f 778/778/778 608/608/608 776/776/776
f 776/776/776 608/608/608 610/610/610
f 776/776/776 610/610/610 775/775/775
f 775/775/775 610/610/610 613/613/613
f 775/775/775 613/613/613 772/772/772
f 772/772/772 613/613/613 769/769/769
f 769/769/769 613/613/613 767/767/767
f 767/767/767 613/613/613 764/764/764
f 764/764/764 613/613/613 761/761/761
f 761/761/761 613/613/613 614/614/614
f 761/761/761 614/614/614 754/754/754
f 754/754/754 614/614/614 752/752/752
f 752/752/752 614/614/614 616/616/616
f 752/752/752 616/616/616 750/750/750
f 750/750/750 616/616/616 747/747/747
f 747/747/747 616/616/616 619/619/619
f 747/747/747 619/619/619 745/745/745
f 745/745/745 619/619/619 744/744/744
f 744/744/744 619/619/619 741/741/741
f 741/741/741 619/619/619 739/739/739
f 739/739/739 619/619/619 737/737/737
f 737/737/737 619/619/619 734/734/734
f 734/734/734 619/619/619 732/732/732
f 732/732/732 619/619/619 729/729/729
f 729/729/729 619/619/619 621/621/621
f 729/729/729 621/621/621 727/727/727
f 727/727/727 621/621/621 622/622/622
f 727/727/727 622/622/622 725/725/725
f 725/725/725 622/622/622 624/624/624
f 725/725/725 624/624/624 721/721/721
f 721/721/721 624/624/624 626/626/626
f 721/721/721 626/626/626 719/719/719
f 719/719/719 626/626/626 717/717/717
f 717/717/717 626/626/626 716/716/716
f 716/716/716 626/626/626 713/713/713
f 713/713/713 626/626/626 710/710/710
f 710/710/710 626/626/626 702/702/702
f 710/710/710 702/702/702 706/706/706
f 626/626/626 628/628/628 702/702/702
f 702/702/702 628/628/628 701/701/701
f 701/701/701 628/628/628 699/699/699
f 699/699/699 628/628/628 631/631/631
f 699/699/699 631/631/631 695/695/695
f 695/695/695 631/631/631 686/686/686
f 695/695/695 686/686/686 693/693/693
f 693/693/693 686/686/686 688/688/688
f 693/693/693 688/688/688 691/691/691
f 686/686/686 631/631/631 683/683/683
f 683/683/683 631/631/631 632/632/632
f 683/683/683 632/632/632 681/681/681
f 681/681/681 632/632/632 680/680/680
f 680/680/680 632/632/632 678/678/678
f 678/678/678 632/632/632 635/635/635
f 678/678/678 635/635/635 675/675/675
f 675/675/675 635/635/635 636/636/636
f 675/675/675 636/636/636 672/672/672
f 672/672/672 636/636/636 638/638/638
f 672/672/672 638/638/638 669/669/669
f 669/669/669 638/638/638 668/668/668
f 668/668/668 638/638/638 666/666/666
f 666/666/666 638/638/638 663/663/663
f 663/663/663 638/638/638 641/641/641
f 663/663/663 641/641/641 657/657/657
f 657/657/657 641/641/641 654/654/654
f 657/657/657 654/654/654 655/655/655
f 1022/1022/1022 644/644/644 539/539/539
f 539/539/539 644/644/644 647/647/647
f 657/657/657 660/660/660 663/663/663
f 706/706/706 707/707/707 710/710/710
f 754/754/754 758/758/758 761/761/761
f 761/761/761 758/758/758 760/760/760
f 784/784/784 786/786/786 607/607/607
f 532/532/532 528/528/528 526/526/526
f 33/33/33 32/32/32 601/601/601
f 601/601/601 32/32/32 25/25/25
f 825/825/825 828/828/828 829/829/829
f 883/883/883 885/885/885 879/879/879
f 879/879/879 885/885/885 888/888/888
f 912/912/912 916/916/916 917/917/917
f 1013/1013/1013 1015/1015/1015 539/539/539
f 539/539/539 1015/1015/1015 1019/1019/1019
f 539/539/539 1019/1019/1019 1022/1022/1022
f 1015/1015/1015 1016/1016/1016 1019/1019/1019
f 531/531/531 791/791/791 396/396/396
f 396/396/396 791/791/791 399/399/399
f 399/399/399 791/791/791 787/787/787
f 401/401/401 789/789/789 1024/1024/1024
f 1024/1024/1024 789/789/789 785/785/785
f 1024/1024/1024 785/785/785 1023/1023/1023
f 1023/1023/1023 785/785/785 783/783/783
f 1023/1023/1023 783/783/783 406/406/406
f 406/406/406 783/783/783 782/782/782
f 406/406/406 404/404/404 1023/1023/1023
f 1023/1023/1023 404/404/404 403/403/403
f 1023/1023/1023 403/403/403 1024/1024/1024
f 1024/1024/1024 403/403/403 401/401/401
f 768/768/768 421/421/421 1026/1026/1026
f 1026/1026/1026 421/421/421 419/419/419
f 1026/1026/1026 419/419/419 1025/1025/1025
f 1025/1025/1025 419/419/419 416/416/416
f 1025/1025/1025 416/416/416 774/774/774
f 774/774/774 416/416/416 414/414/414
f 774/774/774 771/771/771 1025/1025/1025
f 1025/1025/1025 771/771/771 770/770/770
f 1025/1025/1025 770/770/770 1026/1026/1026
f 1026/1026/1026 770/770/770 768/768/768
f 766/766/766 765/765/765 422/422/422
f 422/422/422 765/765/765 425/425/425
f 425/425/425 765/765/765 763/763/763
f 424/424/424 762/762/762 1028/1028/1028
f 1028/1028/1028 762/762/762 759/759/759
f 1028/1028/1028 759/759/759 1027/1027/1027
f 1027/1027/1027 759/759/759 757/757/757
f 1027/1027/1027 757/757/757 432/432/432
f 432/432/432 757/757/757 755/755/755
f 432/432/432 429/429/429 1027/1027/1027
f 1027/1027/1027 429/429/429 426/426/426
f 1027/1027/1027 426/426/426 1028/1028/1028
f 1028/1028/1028 426/426/426 424/424/424
f 430/430/430 756/756/756 434/434/434
f 434/434/434 756/756/756 753/753/753
f 434/434/434 753/753/753 751/751/751
f 749/749/749 439/439/439 751/751/751
f 751/751/751 439/439/439 435/435/435
f 751/751/751 435/435/435 434/434/434
f 740/740/740 446/446/446 1030/1030/1030
f 1030/1030/1030 446/446/446 442/442/442
f 1030/1030/1030 442/442/442 1029/1029/1029
f 1029/1029/1029 442/442/442 441/441/441
f 1029/1029/1029 441/441/441 748/748/748
f 748/748/748 441/441/441 438/438/438
f 748/748/748 746/746/746 1029/1029/1029
f 1029/1029/1029 746/746/746 743/743/743
f 1029/1029/1029 743/743/743 1030/1030/1030
f 1030/1030/1030 743/743/743 740/740/740
f 742/742/742 738/738/738 445/445/445
f 445/445/445 738/738/738 449/449/449
f 449/449/449 738/738/738 735/735/735
f 448/448/448 736/736/736 1032/1032/1032
f 1032/1032/1032 736/736/736 733/733/733
f 1032/1032/1032 733/733/733 1031/1031/1031
f 1031/1031/1031 733/733/733 731/731/731
f 1031/1031/1031 731/731/731 456/456/456
f 456/456/456 731/731/731 730/730/730
f 456/456/456 453/453/453 1031/1031/1031
f 1031/1031/1031 453/453/453 450/450/450
f 1031/1031/1031 450/450/450 1032/1032/1032
f 1032/1032/1032 450/450/450 448/448/448
f 715/715/715 469/469/469 1034/1034/1034
f 1034/1034/1034 469/469/469 466/466/466
f 1034/1034/1034 466/466/466 1033/1033/1033
f 1033/1033/1033 466/466/466 465/465/465
f 1033/1033/1033 465/465/465 722/722/722
f 722/722/722 465/465/465 462/462/462
f 722/722/722 720/720/720 1033/1033/1033
f 1033/1033/1033 720/720/720 718/718/718
f 1033/1033/1033 718/718/718 1034/1034/1034
f 1034/1034/1034 718/718/718 715/715/715
f 714/714/714 712/712/712 468/468/468
f 468/468/468 712/712/712 472/472/472
f 472/472/472 712/712/712 711/711/711
f 473/473/473 709/709/709 1036/1036/1036
f 1036/1036/1036 709/709/709 708/708/708
f 1036/1036/1036 708/708/708 1035/1035/1035
f 1035/1035/1035 708/708/708 705/705/705
f 1035/1035/1035 705/705/705 480/480/480
f 480/480/480 705/705/705 704/704/704
f 480/480/480 477/477/477 1035/1035/1035
f 1035/1035/1035 477/477/477 475/475/475
f 1035/1035/1035 475/475/475 1036/1036/1036
f 1036/1036/1036 475/475/475 473/473/473
f 478/478/478 703/703/703 481/481/481
f 481/481/481 703/703/703 700/700/700
f 481/481/481 700/700/700 698/698/698
f 696/696/696 486/486/486 698/698/698
f 698/698/698 486/486/486 483/483/483
f 698/698/698 483/483/483 481/481/481
f 689/689/689 494/494/494 1038/1038/1038
f 1038/1038/1038 494/494/494 491/491/491
f 1038/1038/1038 491/491/491 1037/1037/1037
f 1037/1037/1037 491/491/491 489/489/489
f 1037/1037/1037 489/489/489 697/697/697
f 697/697/697 489/489/489 487/487/487
f 697/697/697 694/694/694 1037/1037/1037
f 1037/1037/1037 694/694/694 692/692/692
f 1037/1037/1037 692/692/692 1038/1038/1038
f 1038/1038/1038 692/692/692 689/689/689
f 690/690/690 687/687/687 492/492/492
f 492/492/492 687/687/687 495/495/495
f 495/495/495 687/687/687 684/684/684
f 497/497/497 685/685/685 1040/1040/1040
f 1040/1040/1040 685/685/685 682/682/682
f 1040/1040/1040 682/682/682 1039/1039/1039
f 1039/1039/1039 682/682/682 679/679/679
f 1039/1039/1039 679/679/679 502/502/502
f 502/502/502 679/679/679 676/676/676
f 502/502/502 500/500/500 1039/1039/1039
f 1039/1039/1039 500/500/500 498/498/498
f 1039/1039/1039 498/498/498 1040/1040/1040
f 1040/1040/1040 498/498/498 497/497/497
f 664/664/664 516/516/516 1042/1042/1042
f 1042/1042/1042 516/516/516 514/514/514
f 1042/1042/1042 514/514/514 1041/1041/1041
f 1041/1041/1041 514/514/514 512/512/512
f 1041/1041/1041 512/512/512 670/670/670
f 670/670/670 512/512/512 511/511/511
f 670/670/670 667/667/667 1041/1041/1041
f 1041/1041/1041 667/667/667 665/665/665
f 1041/1041/1041 665/665/665 1042/1042/1042
f 1042/1042/1042 665/665/665 664/664/664
f 662/662/662 661/661/661 517/517/517
f 517/517/517 661/661/661 520/520/520
f 520/520/520 661/661/661 659/659/659
f 519/519/519 658/658/658 1044/1044/1044
f 1044/1044/1044 658/658/658 656/656/656
f 1044/1044/1044 656/656/656 1043/1043/1043
f 1043/1043/1043 656/656/656 653/653/653
f 1043/1043/1043 653/653/653 168/168/168
f 168/168/168 653/653/653 652/652/652
f 168/168/168 525/525/525 1043/1043/1043
f 1043/1043/1043 525/525/525 523/523/523
f 1043/1043/1043 523/523/523 1044/1044/1044
f 1044/1044/1044 523/523/523 519/519/519
f 169/169/169 651/651/651 173/173/173
f 173/173/173 651/651/651 648/648/648
f 173/173/173 648/648/648 646/646/646
f 643/643/643 177/177/177 646/646/646
f 646/646/646 177/177/177 175/175/175
f 646/646/646 175/175/175 173/173/173
f 187/187/187 1012/1012/1012 1046/1046/1046
f 1046/1046/1046 1012/1012/1012 1010/1010/1010
f 1046/1046/1046 1010/1010/1010 1045/1045/1045
f 1045/1045/1045 1010/1010/1010 1007/1007/1007
f 1045/1045/1045 1007/1007/1007 195/195/195
f 195/195/195 1007/1007/1007 1006/1006/1006
f 195/195/195 192/192/192 1045/1045/1045
f 1045/1045/1045 192/192/192 190/190/190
f 1045/1045/1045 190/190/190 1046/1046/1046
f 1046/1046/1046 190/190/190 187/187/187
f 1011/1011/1011 188/188/188 1014/1014/1014
f 1014/1014/1014 188/188/188 184/184/184
f 1014/1014/1014 184/184/184 1017/1017/1017
f 1018/1018/1018 185/185/185 1048/1048/1048
f 1048/1048/1048 185/185/185 182/182/182
f 1048/1048/1048 182/182/182 1047/1047/1047
f 1047/1047/1047 182/182/182 180/180/180
f 1047/1047/1047 180/180/180 642/642/642
f 642/642/642 180/180/180 178/178/178
f 642/642/642 1021/1021/1021 1047/1047/1047
f 1047/1047/1047 1021/1021/1021 1020/1020/1020
f 1047/1047/1047 1020/1020/1020 1048/1048/1048
f 1048/1048/1048 1020/1020/1020 1018/1018/1018
f 991/991/991 209/209/209 1050/1050/1050
f 1050/1050/1050 209/209/209 206/206/206
f 1050/1050/1050 206/206/206 1049/1049/1049
f 1049/1049/1049 206/206/206 203/203/203
f 1049/1049/1049 203/203/203 998/998/998
f 998/998/998 203/203/203 200/200/200
f 998/998/998 996/996/996 1049/1049/1049
f 1049/1049/1049 996/996/996 993/993/993
f 1049/1049/1049 993/993/993 1050/1050/1050
f 1050/1050/1050 993/993/993 991/991/991
f 992/992/992 988/988/988 208/208/208
f 208/208/208 988/988/988 211/211/211
f 211/211/211 988/988/988 986/986/986
f 212/212/212 985/985/985 1052/1052/1052
f 1052/1052/1052 985/985/985 984/984/984
f 1052/1052/1052 984/984/984 1051/1051/1051
f 1051/1051/1051 984/984/984 981/981/981
f 1051/1051/1051 981/981/981 219/219/219
f 219/219/219 981/981/981 978/978/978
f 219/219/219 215/215/215 1051/1051/1051
f 1051/1051/1051 215/215/215 213/213/213
f 1051/1051/1051 213/213/213 1052/1052/1052
f 1052/1052/1052 213/213/213 212/212/212
f 218/218/218 979/979/979 220/220/220
f 220/220/220 979/979/979 976/976/976
f 220/220/220 976/976/976 974/974/974
f 973/973/973 224/224/224 974/974/974
f 974/974/974 224/224/224 223/223/223
f 974/974/974 223/223/223 220/220/220
f 965/965/965 232/232/232 1054/1054/1054
f 1054/1054/1054 232/232/232 230/230/230
f 1054/1054/1054 230/230/230 1053/1053/1053
f 1053/1053/1053 230/230/230 227/227/227
f 1053/1053/1053 227/227/227 971/971/971
f 971/971/971 227/227/227 225/225/225
f 971/971/971 969/969/969 1053/1053/1053
f 1053/1053/1053 969/969/969 968/968/968
f 1053/1053/1053 968/968/968 1054/1054/1054
f 1054/1054/1054 968/968/968 965/965/965
f 964/964/964 963/963/963 231/231/231
f 231/231/231 963/963/963 234/234/234
f 234/234/234 963/963/963 961/961/961
f 236/236/236 960/960/960 1056/1056/1056
f 1056/1056/1056 960/960/960 957/957/957
f 1056/1056/1056 957/957/957 1055/1055/1055
f 1055/1055/1055 957/957/957 956/956/956
f 1055/1055/1055 956/956/956 241/241/241
f 241/241/241 956/956/956 952/952/952
f 241/241/241 239/239/239 1055/1055/1055
f 1055/1055/1055 239/239/239 237/237/237
f 1055/1055/1055 237/237/237 1056/1056/1056
f 1056/1056/1056 237/237/237 236/236/236
f 939/939/939 257/257/257 1058/1058/1058
f 1058/1058/1058 257/257/257 253/253/253
f 1058/1058/1058 253/253/253 1057/1057/1057
f 1057/1057/1057 253/253/253 252/252/252
f 1057/1057/1057 252/252/252 946/946/946
f 946/946/946 252/252/252 250/250/250
f 946/946/946 943/943/943 1057/1057/1057
f 1057/1057/1057 943/943/943 941/941/941
f 1057/1057/1057 941/941/941 1058/1058/1058
f 1058/1058/1058 941/941/941 939/939/939
f 940/940/940 936/936/936 255/255/255
f 255/255/255 936/936/936 258/258/258
f 258/258/258 936/936/936 934/934/934
f 260/260/260 933/933/933 1060/1060/1060
f 1060/1060/1060 933/933/933 931/931/931
f 1060/1060/1060 931/931/931 1059/1059/1059
f 1059/1059/1059 931/931/931 930/930/930
f 1059/1059/1059 930/930/930 265/265/265
f 265/265/265 930/930/930 928/928/928
f 265/265/265 264/264/264 1059/1059/1059
f 1059/1059/1059 264/264/264 261/261/261
f 1059/1059/1059 261/261/261 1060/1060/1060
f 1060/1060/1060 261/261/261 260/260/260
f 267/267/267 926/926/926 269/269/269
f 269/269/269 926/926/926 925/925/925
f 269/269/269 925/925/925 922/922/922
f 921/921/921 273/273/273 922/922/922
f 922/922/922 273/273/273 271/271/271
f 922/922/922 271/271/271 269/269/269
f 284/284/284 907/907/907 1062/1062/1062
f 1062/1062/1062 907/907/907 906/906/906
f 1062/1062/1062 906/906/906 1061/1061/1061
f 1061/1061/1061 906/906/906 903/903/903
f 1061/1061/1061 903/903/903 291/291/291
f 291/291/291 903/903/903 901/901/901
f 291/291/291 287/287/287 1061/1061/1061
f 1061/1061/1061 287/287/287 285/285/285
f 1061/1061/1061 285/285/285 1062/1062/1062
f 1062/1062/1062 285/285/285 284/284/284
f 908/908/908 283/283/283 911/911/911
f 911/911/911 283/283/283 279/279/279
f 911/911/911 279/279/279 914/914/914
f 913/913/913 280/280/280 1064/1064/1064
f 1064/1064/1064 280/280/280 277/277/277
f 1064/1064/1064 277/277/277 1063/1063/1063
f 1063/1063/1063 277/277/277 276/276/276
f 1063/1063/1063 276/276/276 919/919/919
f 919/919/919 276/276/276 274/274/274
f 919/919/919 918/918/918 1063/1063/1063
f 1063/1063/1063 918/918/918 915/915/915
f 1063/1063/1063 915/915/915 1064/1064/1064
f 1064/1064/1064 915/915/915 913/913/913
f 887/887/887 303/303/303 1066/1066/1066
f 1066/1066/1066 303/303/303 301/301/301
f 1066/1066/1066 301/301/301 1065/1065/1065
f 1065/1065/1065 301/301/301 299/299/299
f 1065/1065/1065 299/299/299 895/895/895
f 895/895/895 299/299/299 296/296/296
f 895/895/895 891/891/891 1065/1065/1065
f 1065/1065/1065 891/891/891 890/890/890
f 1065/1065/1065 890/890/890 1066/1066/1066
f 1066/1066/1066 890/890/890 887/887/887
f 886/886/886 884/884/884 304/304/304
f 304/304/304 884/884/884 308/308/308
f 308/308/308 884/884/884 882/882/882
f 307/307/307 881/881/881 1068/1068/1068
f 1068/1068/1068 881/881/881 880/880/880
f 1068/1068/1068 880/880/880 1067/1067/1067
f 1067/1067/1067 880/880/880 878/878/878
f 1067/1067/1067 878/878/878 314/314/314
f 314/314/314 878/878/878 875/875/875
f 314/314/314 311/311/311 1067/1067/1067
f 1067/1067/1067 311/311/311 309/309/309
f 1067/1067/1067 309/309/309 1068/1068/1068
f 1068/1068/1068 309/309/309 307/307/307
f 313/313/313 876/876/876 317/317/317
f 317/317/317 876/876/876 872/872/872
f 317/317/317 872/872/872 870/870/870
f 869/869/869 321/321/321 870/870/870
f 870/870/870 321/321/321 319/319/319
f 870/870/870 319/319/319 317/317/317
f 860/860/860 328/328/328 1070/1070/1070
f 1070/1070/1070 328/328/328 325/325/325
f 1070/1070/1070 325/325/325 1069/1069/1069
f 1069/1069/1069 325/325/325 323/323/323
f 1069/1069/1069 323/323/323 868/868/868
f 868/868/868 323/323/323 322/322/322
f 868/868/868 866/866/866 1069/1069/1069
f 1069/1069/1069 866/866/866 864/864/864
f 1069/1069/1069 864/864/864 1070/1070/1070
f 1070/1070/1070 864/864/864 860/860/860
f 862/862/862 858/858/858 327/327/327
f 327/327/327 858/858/858 331/331/331
f 331/331/331 858/858/858 857/857/857
f 332/332/332 855/855/855 1072/1072/1072
f 1072/1072/1072 855/855/855 854/854/854
f 1072/1072/1072 854/854/854 1071/1071/1071
f 1071/1071/1071 854/854/854 852/852/852
f 1071/1071/1071 852/852/852 338/338/338
f 338/338/338 852/852/852 850/850/850
f 338/338/338 336/336/336 1071/1071/1071
f 1071/1071/1071 336/336/336 334/334/334
f 1071/1071/1071 334/334/334 1072/1072/1072
f 1072/1072/1072 334/334/334 332/332/332
f 835/835/835 352/352/352 1074/1074/1074
f 1074/1074/1074 352/352/352 349/349/349
f 1074/1074/1074 349/349/349 1073/1073/1073
f 1073/1073/1073 349/349/349 347/347/347
f 1073/1073/1073 347/347/347 843/843/843
f 843/843/843 347/347/347 346/346/346
f 843/843/843 840/840/840 1073/1073/1073
f 1073/1073/1073 840/840/840 837/837/837
f 1073/1073/1073 837/837/837 1074/1074/1074
f 1074/1074/1074 837/837/837 835/835/835
f 834/834/834 832/832/832 353/353/353
f 353/353/353 832/832/832 354/354/354
f 354/354/354 832/832/832 830/830/830
f 356/356/356 831/831/831 1076/1076/1076
f 1076/1076/1076 831/831/831 827/827/827
f 1076/1076/1076 827/827/827 1075/1075/1075
f 1075/1075/1075 827/827/827 826/826/826
f 1075/1075/1075 826/826/826 361/361/361
f 361/361/361 826/826/826 823/823/823
f 361/361/361 360/360/360 1075/1075/1075
f 1075/1075/1075 360/360/360 358/358/358
f 1075/1075/1075 358/358/358 1076/1076/1076
f 1076/1076/1076 358/358/358 356/356/356
f 362/362/362 822/822/822 364/364/364
f 364/364/364 822/822/822 821/821/821
f 364/364/364 821/821/821 818/818/818
f 817/817/817 368/368/368 818/818/818
f 818/818/818 368/368/368 367/367/367
f 818/818/818 367/367/367 364/364/364
f 809/809/809 376/376/376 1078/1078/1078
f 1078/1078/1078 376/376/376 373/373/373
f 1078/1078/1078 373/373/373 1077/1077/1077
f 1077/1077/1077 373/373/373 371/371/371
f 1077/1077/1077 371/371/371 816/816/816
f 816/816/816 371/371/371 370/370/370
f 816/816/816 814/814/814 1077/1077/1077
f 1077/1077/1077 814/814/814 811/811/811
f 1077/1077/1077 811/811/811 1078/1078/1078
f 1078/1078/1078 811/811/811 809/809/809
f 808/808/808 807/807/807 377/377/377
f 377/377/377 807/807/807 380/380/380
f 380/380/380 807/807/807 804/804/804
f 379/379/379 805/805/805 1080/1080/1080
f 1080/1080/1080 805/805/805 802/802/802
f 1080/1080/1080 802/802/802 1079/1079/1079
f 1079/1079/1079 802/802/802 800/800/800
f 1079/1079/1079 800/800/800 385/385/385
f 385/385/385 800/800/800 797/797/797
f 385/385/385 383/383/383 1079/1079/1079
f 1079/1079/1079 383/383/383 381/381/381
f 1079/1079/1079 381/381/381 1080/1080/1080
f 1080/1080/1080 381/381/381 379/379/379
f 13/13/13 8/8/8 793/793/793
f 793/793/793 8/8/8 390/390/390
f 793/793/793 390/390/390 795/795/795
f 795/795/795 390/390/390 389/389/389
f 795/795/795 389/389/389 798/798/798
f 798/798/798 389/389/389 387/387/387
f 339/339/339 849/849/849 340/340/340
f 340/340/340 849/849/849 846/846/846
f 340/340/340 846/846/846 343/343/343
f 343/343/343 846/846/846 844/844/844
f 343/343/343 844/844/844 345/345/345
f 345/345/345 844/844/844 841/841/841
f 290/290/290 902/902/902 293/293/293
f 293/293/293 902/902/902 898/898/898
f 293/293/293 898/898/898 295/295/295
f 295/295/295 898/898/898 896/896/896
f 295/295/295 896/896/896 297/297/297
f 297/297/297 896/896/896 894/894/894
f 242/242/242 954/954/954 245/245/245
f 245/245/245 954/954/954 951/951/951
f 245/245/245 951/951/951 246/246/246
f 246/246/246 951/951/951 948/948/948
f 246/246/246 948/948/948 249/249/249
f 249/249/249 948/948/948 947/947/947
f 194/194/194 1004/1004/1004 196/196/196
f 196/196/196 1004/1004/1004 1002/1002/1002
f 196/196/196 1002/1002/1002 199/199/199
f 199/199/199 1002/1002/1002 1001/1001/1001
f 199/199/199 1001/1001/1001 202/202/202
f 202/202/202 1001/1001/1001 997/997/997
f 503/503/503 677/677/677 505/505/505
f 505/505/505 677/677/677 674/674/674
f 505/505/505 674/674/674 507/507/507
f 507/507/507 674/674/674 673/673/673
f 507/507/507 673/673/673 509/509/509
f 509/509/509 673/673/673 671/671/671
f 454/454/454 728/728/728 458/458/458
f 458/458/458 728/728/728 726/726/726
f 458/458/458 726/726/726 460/460/460
f 460/460/460 726/726/726 724/724/724
f 460/460/460 724/724/724 461/461/461
f 461/461/461 724/724/724 723/723/723
f 407/407/407 780/780/780 409/409/409
f 409/409/409 780/780/780 779/779/779
f 409/409/409 779/779/779 411/411/411
f 411/411/411 779/779/779 777/777/777
f 411/411/411 777/777/777 415/415/415
f 415/415/415 777/777/777 773/773/773
f 1085/1085/1085 3072/3072/3072 1083/1083/1083
f 1083/1083/1083 3072/3072/3072 3073/3073/3073
f 1083/1083/1083 3073/3073/3073 3075/3075/3075
f 1087/1087/1087 3063/3063/3063 1085/1085/1085
f 1085/1085/1085 3063/3063/3063 3065/3065/3065
f 1085/1085/1085 3065/3065/3065 3066/3066/3066
f 1088/1088/1088 3005/3005/3005 1087/1087/1087
f 1087/1087/1087 3005/3005/3005 3058/3058/3058
f 1087/1087/1087 3058/3058/3058 3060/3060/3060
f 1091/1091/1091 2999/2999/2999 1088/1088/1088
f 1088/1088/1088 2999/2999/2999 3002/3002/3002
f 1088/1088/1088 3002/3002/3002 3003/3003/3003
f 1093/1093/1093 2991/2991/2991 1091/1091/1091
f 1091/1091/1091 2991/2991/2991 2993/2993/2993
f 1091/1091/1091 2993/2993/2993 2996/2996/2996
f 1094/1094/1094 2933/2933/2933 1093/1093/1093
f 1093/1093/1093 2933/2933/2933 2936/2936/2936
f 1093/1093/1093 2936/2936/2936 2938/2938/2938
f 1097/1097/1097 2927/2927/2927 1094/1094/1094
f 1094/1094/1094 2927/2927/2927 2929/2929/2929
f 1094/1094/1094 2929/2929/2929 2931/2931/2931
f 1099/1099/1099 2868/2868/2868 1097/1097/1097
f 1097/1097/1097 2868/2868/2868 2869/2869/2869
f 1097/1097/1097 2869/2869/2869 2871/2871/2871
f 1101/1101/1101 2860/2860/2860 1099/1099/1099
f 1099/1099/1099 2860/2860/2860 2863/2863/2863
f 1099/1099/1099 2863/2863/2863 2864/2864/2864
f 1103/1103/1103 2854/2854/2854 1101/1101/1101
f 1101/1101/1101 2854/2854/2854 2855/2855/2855
f 1101/1101/1101 2855/2855/2855 2857/2857/2857
f 1105/1105/1105 2795/2795/2795 1103/1103/1103
f 1103/1103/1103 2795/2795/2795 2798/2798/2798
f 1103/1103/1103 2798/2798/2798 2800/2800/2800
f 1107/1107/1107 2788/2788/2788 1105/1105/1105
f 1105/1105/1105 2788/2788/2788 2791/2791/2791
f 1105/1105/1105 2791/2791/2791 2793/2793/2793
f 1109/1109/1109 2732/2732/2732 1107/1107/1107
f 1107/1107/1107 2732/2732/2732 2734/2734/2734
f 1107/1107/1107 2734/2734/2734 2736/2736/2736
f 1110/1110/1110 2721/2721/2721 1109/1109/1109
f 1109/1109/1109 2721/2721/2721 2724/2724/2724
f 1109/1109/1109 2724/2724/2724 2726/2726/2726
f 1112/1112/1112 2666/2666/2666 1110/1110/1110
f 1110/1110/1110 2666/2666/2666 2717/2717/2717
f 1110/1110/1110 2717/2717/2717 2720/2720/2720
f 1114/1114/1114 2659/2659/2659 1112/1112/1112
f 1112/1112/1112 2659/2659/2659 2660/2660/2660
f 1112/1112/1112 2660/2660/2660 2663/2663/2663
f 1117/1117/1117 2652/2652/2652 1114/1114/1114
f 1114/1114/1114 2652/2652/2652 2654/2654/2654
f 1114/1114/1114 2654/2654/2654 2657/2657/2657
f 1119/1119/1119 2592/2592/2592 1117/1117/1117
f 1117/1117/1117 2592/2592/2592 2595/2595/2595
f 1117/1117/1117 2595/2595/2595 2597/2597/2597
f 1120/1120/1120 2585/2585/2585 1119/1119/1119
f 1119/1119/1119 2585/2585/2585 2589/2589/2589
f 1119/1119/1119 2589/2589/2589 2591/2591/2591
f 1123/1123/1123 2528/2528/2528 1120/1120/1120
f 1120/1120/1120 2528/2528/2528 2529/2529/2529
f 1120/1120/1120 2529/2529/2529 2531/2531/2531
f 1125/1125/1125 2521/2521/2521 1123/1123/1123
f 1123/1123/1123 2521/2521/2521 2522/2522/2522
f 1123/1123/1123 2522/2522/2522 2524/2524/2524
f 1127/1127/1127 2513/2513/2513 1125/1125/1125
f 1125/1125/1125 2513/2513/2513 2516/2516/2516
f 1125/1125/1125 2516/2516/2516 2517/2517/2517
f 1129/1129/1129 2454/2454/2454 1127/1127/1127
f 1127/1127/1127 2454/2454/2454 2457/2457/2457
f 1127/1127/1127 2457/2457/2457 2459/2459/2459
f 1131/1131/1131 2448/2448/2448 1129/1129/1129
f 1129/1129/1129 2448/2448/2448 2451/2451/2451
f 1129/1129/1129 2451/2451/2451 2453/2453/2453
f 1133/1133/1133 2390/2390/2390 1131/1131/1131
f 1131/1131/1131 2390/2390/2390 2392/2392/2392
f 1131/1131/1131 2392/2392/2392 2394/2394/2394
f 1134/1134/1134 2381/2381/2381 1133/1133/1133
f 1133/1133/1133 2381/2381/2381 2384/2384/2384
f 1133/1133/1133 2384/2384/2384 2386/2386/2386
f 1136/1136/1136 2326/2326/2326 1134/1134/1134
f 1134/1134/1134 2326/2326/2326 2378/2378/2378
f 1134/1134/1134 2378/2378/2378 2379/2379/2379
f 1139/1139/1139 2317/2317/2317 1136/1136/1136
f 1136/1136/1136 2317/2317/2317 2318/2318/2318
f 1136/1136/1136 2318/2318/2318 2322/2322/2322
f 1140/1140/1140 2312/2312/2312 1139/1139/1139
f 1139/1139/1139 2312/2312/2312 2314/2314/2314
f 1139/1139/1139 2314/2314/2314 2317/2317/2317
f 1143/1143/1143 2254/2254/2254 1140/1140/1140
f 1140/1140/1140 2254/2254/2254 2255/2255/2255
f 1140/1140/1140 2255/2255/2255 2258/2258/2258
f 1145/1145/1145 2246/2246/2246 1143/1143/1143
f 1143/1143/1143 2246/2246/2246 2249/2249/2249
f 1143/1143/1143 2249/2249/2249 2251/2251/2251
f 1146/1146/1146 2188/2188/2188 1145/1145/1145
f 1145/1145/1145 2188/2188/2188 2190/2190/2190
f 1145/1145/1145 2190/2190/2190 2192/2192/2192
f 1149/1149/1149 2180/2180/2180 1146/1146/1146
f 1146/1146/1146 2180/2180/2180 2183/2183/2183
f 1146/1146/1146 2183/2183/2183 2185/2185/2185
f 1150/1150/1150 2174/2174/2174 1149/1149/1149
f 1149/1149/1149 2174/2174/2174 2175/2175/2175
f 1149/1149/1149 2175/2175/2175 2179/2179/2179
f 1152/1152/1152 2115/2115/2115 1150/1150/1150
f 1150/1150/1150 2115/2115/2115 2118/2118/2118
f 1150/1150/1150 2118/2118/2118 2120/2120/2120
f 1154/1154/1154 2107/2107/2107 1152/1152/1152
f 1152/1152/1152 2107/2107/2107 2110/2110/2110
f 1152/1152/1152 2110/2110/2110 2113/2113/2113
f 1157/1157/1157 2050/2050/2050 1154/1154/1154
f 1154/1154/1154 2050/2050/2050 2051/2051/2051
f 1154/1154/1154 2051/2051/2051 2053/2053/2053
f 1159/1159/1159 2043/2043/2043 1157/1157/1157
f 1157/1157/1157 2043/2043/2043 2044/2044/2044
f 1157/1157/1157 2044/2044/2044 2046/2046/2046
f 1160/1160/1160 1984/1984/1984 1159/1159/1159
f 1159/1159/1159 1984/1984/1984 1986/1986/1986
f 1159/1159/1159 1986/1986/1986 2036/2036/2036
f 2036/2036/2036 1986/1986/1986 1987/1987/1987
f 2036/2036/2036 1987/1987/1987 2033/2033/2033
f 2033/2033/2033 1987/1987/1987 1991/1991/1991
f 2033/2033/2033 1991/1991/1991 2098/2098/2098
f 2098/2098/2098 1991/1991/1991 1993/1993/1993
f 2098/2098/2098 1993/1993/1993 1995/1995/1995
f 1163/1163/1163 1977/1977/1977 1160/1160/1160
f 1160/1160/1160 1977/1977/1977 1979/1979/1979
f 1160/1160/1160 1979/1979/1979 1982/1982/1982
f 1165/1165/1165 1970/1970/1970 1163/1163/1163
f 1163/1163/1163 1970/1970/1970 1972/1972/1972
f 1163/1163/1163 1972/1972/1972 1974/1974/1974
f 1166/1166/1166 1913/1913/1913 1165/1165/1165
f 1165/1165/1165 1913/1913/1913 1915/1915/1915
f 1165/1165/1165 1915/1915/1915 1917/1917/1917
f 1169/1169/1169 1903/1903/1903 1166/1166/1166
f 1166/1166/1166 1903/1903/1903 1905/1905/1905
f 1166/1166/1166 1905/1905/1905 1909/1909/1909
f 1170/1170/1170 1847/1847/1847 1169/1169/1169
f 1169/1169/1169 1847/1847/1847 1850/1850/1850
f 1169/1169/1169 1850/1850/1850 1851/1851/1851
f 1172/1172/1172 1840/1840/1840 1170/1170/1170
f 1170/1170/1170 1840/1840/1840 1843/1843/1843
f 1170/1170/1170 1843/1843/1843 1845/1845/1845
f 1174/1174/1174 1782/1782/1782 1172/1172/1172
f 1172/1172/1172 1782/1782/1782 1833/1833/1833
f 1172/1172/1172 1833/1833/1833 1835/1835/1835
f 1177/1177/1177 1775/1775/1775 1174/1174/1174
f 1174/1174/1174 1775/1775/1775 1776/1776/1776
f 1174/1174/1174 1776/1776/1776 1780/1780/1780
f 1178/1178/1178 1768/1768/1768 1177/1177/1177
f 1177/1177/1177 1768/1768/1768 1770/1770/1770
f 1177/1177/1177 1770/1770/1770 1772/1772/1772
f 1181/1181/1181 1708/1708/1708 1178/1178/1178
f 1178/1178/1178 1708/1708/1708 1712/1712/1712
f 1178/1178/1178 1712/1712/1712 1714/1714/1714
f 1183/1183/1183 1703/1703/1703 1181/1181/1181
f 1181/1181/1181 1703/1703/1703 1705/1705/1705
f 1181/1181/1181 1705/1705/1705 1707/1707/1707
f 1184/1184/1184 1643/1643/1643 1183/1183/1183
f 1183/1183/1183 1643/1643/1643 1646/1646/1646
f 1183/1183/1183 1646/1646/1646 1696/1696/1696
f 1696/1696/1696 1646/1646/1646 1648/1648/1648
f 1696/1696/1696 1648/1648/1648 1694/1694/1694
f 1694/1694/1694 1648/1648/1648 1649/1649/1649
f 1694/1694/1694 1649/1649/1649 1759/1759/1759
f 1759/1759/1759 1649/1649/1649 1652/1652/1652
f 1759/1759/1759 1652/1652/1652 1654/1654/1654
f 1186/1186/1186 1637/1637/1637 1184/1184/1184
f 1184/1184/1184 1637/1637/1637 1638/1638/1638
f 1184/1184/1184 1638/1638/1638 1640/1640/1640
f 1188/1188/1188 1629/1629/1629 1186/1186/1186
f 1186/1186/1186 1629/1629/1629 1631/1631/1631
f 1186/1186/1186 1631/1631/1631 1635/1635/1635
f 1191/1191/1191 1573/1573/1573 1188/1188/1188
f 1188/1188/1188 1573/1573/1573 1575/1575/1575
f 1188/1188/1188 1575/1575/1575 1577/1577/1577
f 1193/1193/1193 1563/1563/1563 1191/1191/1191
f 1191/1191/1191 1563/1563/1563 1565/1565/1565
f 1191/1191/1191 1565/1565/1565 1569/1569/1569
f 1194/1194/1194 1508/1508/1508 1193/1193/1193
f 1193/1193/1193 1508/1508/1508 1510/1510/1510
f 1193/1193/1193 1510/1510/1510 1511/1511/1511
f 1196/1196/1196 1497/1497/1497 1194/1194/1194
f 1194/1194/1194 1497/1497/1497 1500/1500/1500
f 1194/1194/1194 1500/1500/1500 1503/1503/1503
f 1199/1199/1199 1442/1442/1442 1196/1196/1196
f 1196/1196/1196 1442/1442/1442 1493/1493/1493
f 1196/1196/1196 1493/1493/1493 1496/1496/1496
f 1200/1200/1200 1435/1435/1435 1199/1199/1199
f 1199/1199/1199 1435/1435/1435 1436/1436/1436
f 1199/1199/1199 1436/1436/1436 1439/1439/1439
f 1203/1203/1203 1428/1428/1428 1200/1200/1200
f 1200/1200/1200 1428/1428/1428 1429/1429/1429
f 1200/1200/1200 1429/1429/1429 1433/1433/1433
f 1205/1205/1205 1369/1369/1369 1203/1203/1203
f 1203/1203/1203 1369/1369/1369 1371/1371/1371
f 1203/1203/1203 1371/1371/1371 1373/1373/1373
f 1206/1206/1206 1363/1363/1363 1205/1205/1205
f 1205/1205/1205 1363/1363/1363 1364/1364/1364
f 1205/1205/1205 1364/1364/1364 1367/1367/1367
f 1208/1208/1208 1304/1304/1304 1206/1206/1206
f 1206/1206/1206 1304/1304/1304 1305/1305/1305
f 1206/1206/1206 1305/1305/1305 1356/1356/1356
f 1356/1356/1356 1305/1305/1305 1308/1308/1308
f 1356/1356/1356 1308/1308/1308 1352/1352/1352
f 1352/1352/1352 1308/1308/1308 1311/1311/1311
f 1352/1352/1352 1311/1311/1311 1418/1418/1418
f 1418/1418/1418 1311/1311/1311 1312/1312/1312
f 1418/1418/1418 1312/1312/1312 1315/1315/1315
f 1211/1211/1211 1297/1297/1297 1208/1208/1208
f 1208/1208/1208 1297/1297/1297 1298/1298/1298
f 1208/1208/1208 1298/1298/1298 1302/1302/1302
f 1212/1212/1212 1290/1290/1290 1211/1211/1211
f 1211/1211/1211 1290/1290/1290 1292/1292/1292
f 1211/1211/1211 1292/1292/1292 1293/1293/1293
f 1215/1215/1215 1222/1222/1222 1212/1212/1212
f 1212/1212/1212 1222/1222/1222 1223/1223/1223
f 1212/1212/1212 1223/1223/1223 1227/1227/1227
f 1083/1083/1083 1282/1282/1282 1215/1215/1215
f 1215/1215/1215 1282/1282/1282 1218/1218/1218
f 1215/1215/1215 1218/1218/1218 1220/1220/1220
f 1220/1220/1220 1222/1222/1222 1215/1215/1215
f 1227/1227/1227 1229/1229/1229 1212/1212/1212
f 1212/1212/1212 1229/1229/1229 1287/1287/1287
f 1212/1212/1212 1287/1287/1287 1290/1290/1290
f 1229/1229/1229 1231/1231/1231 1287/1287/1287
f 1287/1287/1287 1231/1231/1231 1285/1285/1285
f 1285/1285/1285 1231/1231/1231 1233/1233/1233
f 1285/1285/1285 1233/1233/1233 1350/1350/1350
f 1350/1350/1350 1233/1233/1233 1235/1235/1235
f 1350/1350/1350 1235/1235/1235 1237/1237/1237
f 1350/1350/1350 1237/1237/1237 1348/1348/1348
f 1348/1348/1348 1237/1237/1237 1239/1239/1239
f 1348/1348/1348 1239/1239/1239 1346/1346/1346
f 1346/1346/1346 1239/1239/1239 1241/1241/1241
f 1346/1346/1346 1241/1241/1241 1344/1344/1344
f 1344/1344/1344 1241/1241/1241 1245/1245/1245
f 1344/1344/1344 1245/1245/1245 1342/1342/1342
f 1342/1342/1342 1245/1245/1245 1246/1246/1246
f 1342/1342/1342 1246/1246/1246 1340/1340/1340
f 1340/1340/1340 1246/1246/1246 84/84/84
f 1340/1340/1340 84/84/84 1338/1338/1338
f 1338/1338/1338 84/84/84 1334/1334/1334
f 1334/1334/1334 84/84/84 82/82/82
f 1334/1334/1334 82/82/82 1332/1332/1332
f 1332/1332/1332 82/82/82 1330/1330/1330
f 1330/1330/1330 82/82/82 1327/1327/1327
f 1327/1327/1327 82/82/82 1325/1325/1325
f 1325/1325/1325 82/82/82 1323/1323/1323
f 1323/1323/1323 82/82/82 81/81/81
f 1323/1323/1323 81/81/81 1408/1408/1408
f 1408/1408/1408 81/81/81 1405/1405/1405
f 1405/1405/1405 81/81/81 1403/1403/1403
f 1403/1403/1403 81/81/81 1400/1400/1400
f 1400/1400/1400 81/81/81 1398/1398/1398
f 1398/1398/1398 81/81/81 79/79/79
f 1398/1398/1398 79/79/79 1396/1396/1396
f 1396/1396/1396 79/79/79 1393/1393/1393
f 1393/1393/1393 79/79/79 1391/1391/1391
f 1391/1391/1391 79/79/79 1476/1476/1476
f 1391/1391/1391 1476/1476/1476 1478/1478/1478
f 84/84/84 1246/1246/1246 87/87/87
f 87/87/87 1246/1246/1246 1249/1249/1249
f 87/87/87 1249/1249/1249 1252/1252/1252
f 1252/1252/1252 1254/1254/1254 87/87/87
f 87/87/87 1254/1254/1254 1256/1256/1256
f 87/87/87 1256/1256/1256 1259/1259/1259
f 87/87/87 1259/1259/1259 89/89/89
f 89/89/89 1259/1259/1259 1260/1260/1260
f 89/89/89 1260/1260/1260 1262/1262/1262
f 89/89/89 1262/1262/1262 3092/3092/3092
f 3092/3092/3092 1262/1262/1262 1265/1265/1265
f 3092/3092/3092 1265/1265/1265 3089/3089/3089
f 3089/3089/3089 1265/1265/1265 1267/1267/1267
f 3089/3089/3089 1267/1267/1267 3087/3087/3087
f 3087/3087/3087 1267/1267/1267 1270/1270/1270
f 3087/3087/3087 1270/1270/1270 3084/3084/3084
f 3084/3084/3084 1270/1270/1270 1272/1272/1272
f 3084/3084/3084 1272/1272/1272 3082/3082/3082
f 3082/3082/3082 1272/1272/1272 1274/1274/1274
f 3082/3082/3082 1274/1274/1274 3080/3080/3080
f 3080/3080/3080 1274/1274/1274 3077/3077/3077
f 3077/3077/3077 1274/1274/1274 1277/1277/1277
f 3077/3077/3077 1277/1277/1277 3075/3075/3075
f 3075/3075/3075 1277/1277/1277 1279/1279/1279
f 3075/3075/3075 1279/1279/1279 1083/1083/1083
f 1083/1083/1083 1279/1279/1279 1280/1280/1280
f 1083/1083/1083 1280/1280/1280 1282/1282/1282
f 1293/1293/1293 1297/1297/1297 1211/1211/1211
f 1302/1302/1302 1304/1304/1304 1208/1208/1208
f 1418/1418/1418 1315/1315/1315 1417/1417/1417
f 1417/1417/1417 1315/1315/1315 1317/1317/1317
f 1417/1417/1417 1317/1317/1317 1415/1415/1415
f 1415/1415/1415 1317/1317/1317 1319/1319/1319
f 1415/1415/1415 1319/1319/1319 1413/1413/1413
f 1413/1413/1413 1319/1319/1319 1322/1322/1322
f 1413/1413/1413 1322/1322/1322 1409/1409/1409
f 1409/1409/1409 1322/1322/1322 1323/1323/1323
f 1409/1409/1409 1323/1323/1323 1408/1408/1408
f 1356/1356/1356 1358/1358/1358 1206/1206/1206
f 1206/1206/1206 1358/1358/1358 1359/1359/1359
f 1206/1206/1206 1359/1359/1359 1363/1363/1363
f 1367/1367/1367 1369/1369/1369 1205/1205/1205
f 1373/1373/1373 1375/1375/1375 1203/1203/1203
f 1203/1203/1203 1375/1375/1375 1423/1423/1423
f 1203/1203/1203 1423/1423/1423 1425/1425/1425
f 1423/1423/1423 1375/1375/1375 1422/1422/1422
f 1422/1422/1422 1375/1375/1375 1378/1378/1378
f 1422/1422/1422 1378/1378/1378 1486/1486/1486
f 1486/1486/1486 1378/1378/1378 1380/1380/1380
f 1486/1486/1486 1380/1380/1380 1382/1382/1382
f 1486/1486/1486 1382/1382/1382 1485/1485/1485
f 1485/1485/1485 1382/1382/1382 1385/1385/1385
f 1485/1485/1485 1385/1385/1385 1483/1483/1483
f 1483/1483/1483 1385/1385/1385 1388/1388/1388
f 1483/1483/1483 1388/1388/1388 1481/1481/1481
f 1481/1481/1481 1388/1388/1388 1389/1389/1389
f 1481/1481/1481 1389/1389/1389 1478/1478/1478
f 1478/1478/1478 1389/1389/1389 1391/1391/1391
f 1425/1425/1425 1428/1428/1428 1203/1203/1203
f 1433/1433/1433 1435/1435/1435 1200/1200/1200
f 1439/1439/1439 1442/1442/1442 1199/1199/1199
f 1493/1493/1493 1442/1442/1442 1491/1491/1491
f 1491/1491/1491 1442/1442/1442 1443/1443/1443
f 1491/1491/1491 1443/1443/1443 1489/1489/1489
f 1489/1489/1489 1443/1443/1443 1447/1447/1447
f 1489/1489/1489 1447/1447/1447 1555/1555/1555
f 1555/1555/1555 1447/1447/1447 1448/1448/1448
f 1555/1555/1555 1448/1448/1448 1451/1451/1451
f 1555/1555/1555 1451/1451/1451 1552/1552/1552
f 1552/1552/1552 1451/1451/1451 1452/1452/1452
f 1552/1552/1552 1452/1452/1452 1551/1551/1551
f 1551/1551/1551 1452/1452/1452 1456/1456/1456
f 1551/1551/1551 1456/1456/1456 1547/1547/1547
f 1547/1547/1547 1456/1456/1456 1457/1457/1457
f 1547/1547/1547 1457/1457/1457 1545/1545/1545
f 1545/1545/1545 1457/1457/1457 1460/1460/1460
f 1545/1545/1545 1460/1460/1460 74/74/74
f 74/74/74 1460/1460/1460 1461/1461/1461
f 74/74/74 1461/1461/1461 1463/1463/1463
f 74/74/74 1463/1463/1463 76/76/76
f 76/76/76 1463/1463/1463 1467/1467/1467
f 76/76/76 1467/1467/1467 1469/1469/1469
f 1469/1469/1469 1472/1472/1472 76/76/76
f 76/76/76 1472/1472/1472 1474/1474/1474
f 76/76/76 1474/1474/1474 1476/1476/1476
f 1496/1496/1496 1497/1497/1497 1196/1196/1196
f 1503/1503/1503 1505/1505/1505 1194/1194/1194
f 1194/1194/1194 1505/1505/1505 1508/1508/1508
f 1513/1513/1513 1558/1558/1558 1511/1511/1511
f 1511/1511/1511 1558/1558/1558 1560/1560/1560
f 1511/1511/1511 1560/1560/1560 1193/1193/1193
f 1193/1193/1193 1560/1560/1560 1561/1561/1561
f 1193/1193/1193 1561/1561/1561 1563/1563/1563
f 1558/1558/1558 1513/1513/1513 1623/1623/1623
f 1623/1623/1623 1513/1513/1513 1516/1516/1516
f 1623/1623/1623 1516/1516/1516 1518/1518/1518
f 1623/1623/1623 1518/1518/1518 1620/1620/1620
f 1620/1620/1620 1518/1518/1518 1520/1520/1520
f 1620/1620/1620 1520/1520/1520 1618/1618/1618
f 1618/1618/1618 1520/1520/1520 1523/1523/1523
f 1618/1618/1618 1523/1523/1523 1615/1615/1615
f 1615/1615/1615 1523/1523/1523 1526/1526/1526
f 1615/1615/1615 1526/1526/1526 1613/1613/1613
f 1613/1613/1613 1526/1526/1526 1527/1527/1527
f 1613/1613/1613 1527/1527/1527 71/71/71
f 71/71/71 1527/1527/1527 1529/1529/1529
f 71/71/71 1529/1529/1529 1532/1532/1532
f 71/71/71 1532/1532/1532 73/73/73
f 73/73/73 1532/1532/1532 1535/1535/1535
f 73/73/73 1535/1535/1535 1536/1536/1536
f 1536/1536/1536 1538/1538/1538 73/73/73
f 73/73/73 1538/1538/1538 1542/1542/1542
f 73/73/73 1542/1542/1542 1544/1544/1544
f 73/73/73 1544/1544/1544 74/74/74
f 74/74/74 1544/1544/1544 1545/1545/1545
f 1569/1569/1569 1571/1571/1571 1191/1191/1191
f 1191/1191/1191 1571/1571/1571 1573/1573/1573
f 1188/1188/1188 1577/1577/1577 1627/1627/1627
f 1627/1627/1627 1577/1577/1577 1579/1579/1579
f 1627/1627/1627 1579/1579/1579 1626/1626/1626
f 1626/1626/1626 1579/1579/1579 1582/1582/1582
f 1626/1626/1626 1582/1582/1582 1690/1690/1690
f 1690/1690/1690 1582/1582/1582 1584/1584/1584
f 1690/1690/1690 1584/1584/1584 1586/1586/1586
f 1690/1690/1690 1586/1586/1586 1689/1689/1689
f 1689/1689/1689 1586/1586/1586 1588/1588/1588
f 1689/1689/1689 1588/1588/1588 1687/1687/1687
f 1687/1687/1687 1588/1588/1588 1590/1590/1590
f 1687/1687/1687 1590/1590/1590 1685/1685/1685
f 1685/1685/1685 1590/1590/1590 1594/1594/1594
f 1685/1685/1685 1594/1594/1594 1682/1682/1682
f 1682/1682/1682 1594/1594/1594 1595/1595/1595
f 1682/1682/1682 1595/1595/1595 67/67/67
f 67/67/67 1595/1595/1595 1598/1598/1598
f 67/67/67 1598/1598/1598 1600/1600/1600
f 67/67/67 1600/1600/1600 68/68/68
f 68/68/68 1600/1600/1600 1602/1602/1602
f 68/68/68 1602/1602/1602 1604/1604/1604
f 1604/1604/1604 1606/1606/1606 68/68/68
f 68/68/68 1606/1606/1606 1609/1609/1609
f 68/68/68 1609/1609/1609 71/71/71
f 71/71/71 1609/1609/1609 1611/1611/1611
f 71/71/71 1611/1611/1611 1613/1613/1613
f 1627/1627/1627 1629/1629/1629 1188/1188/1188
f 1635/1635/1635 1637/1637/1637 1186/1186/1186
f 1640/1640/1640 1643/1643/1643 1184/1184/1184
f 1759/1759/1759 1654/1654/1654 1756/1756/1756
f 1756/1756/1756 1654/1654/1654 1657/1657/1657
f 1756/1756/1756 1657/1657/1657 1755/1755/1755
f 1755/1755/1755 1657/1657/1657 1660/1660/1660
f 1755/1755/1755 1660/1660/1660 1753/1753/1753
f 1753/1753/1753 1660/1660/1660 1662/1662/1662
f 1753/1753/1753 1662/1662/1662 1750/1750/1750
f 1750/1750/1750 1662/1662/1662 1664/1664/1664
f 1750/1750/1750 1664/1664/1664 61/61/61
f 61/61/61 1664/1664/1664 1666/1666/1666
f 61/61/61 1666/1666/1666 65/65/65
f 65/65/65 1666/1666/1666 1669/1669/1669
f 65/65/65 1669/1669/1669 1670/1670/1670
f 1670/1670/1670 1673/1673/1673 65/65/65
f 65/65/65 1673/1673/1673 1674/1674/1674
f 65/65/65 1674/1674/1674 1678/1678/1678
f 65/65/65 1678/1678/1678 67/67/67
f 67/67/67 1678/1678/1678 1680/1680/1680
f 67/67/67 1680/1680/1680 1682/1682/1682
f 1696/1696/1696 1698/1698/1698 1183/1183/1183
f 1183/1183/1183 1698/1698/1698 1700/1700/1700
f 1183/1183/1183 1700/1700/1700 1703/1703/1703
f 1707/1707/1707 1708/1708/1708 1181/1181/1181
f 1714/1714/1714 1716/1716/1716 1178/1178/1178
f 1178/1178/1178 1716/1716/1716 1764/1764/1764
f 1178/1178/1178 1764/1764/1764 1765/1765/1765
f 1764/1764/1764 1716/1716/1716 1761/1761/1761
f 1761/1761/1761 1716/1716/1716 1718/1718/1718
f 1761/1761/1761 1718/1718/1718 1826/1826/1826
f 1826/1826/1826 1718/1718/1718 1721/1721/1721
f 1826/1826/1826 1721/1721/1721 1723/1723/1723
f 1826/1826/1826 1723/1723/1723 1824/1824/1824
f 1824/1824/1824 1723/1723/1723 1725/1725/1725
f 1824/1824/1824 1725/1725/1725 1822/1822/1822
f 1822/1822/1822 1725/1725/1725 1728/1728/1728
f 1822/1822/1822 1728/1728/1728 1820/1820/1820
f 1820/1820/1820 1728/1728/1728 1730/1730/1730
f 1820/1820/1820 1730/1730/1730 1817/1817/1817
f 1817/1817/1817 1730/1730/1730 1731/1731/1731
f 1817/1817/1817 1731/1731/1731 165/165/165
f 165/165/165 1731/1731/1731 1733/1733/1733
f 165/165/165 1733/1733/1733 166/166/166
f 166/166/166 1733/1733/1733 1735/1735/1735
f 166/166/166 1735/1735/1735 1739/1739/1739
f 1739/1739/1739 1740/1740/1740 166/166/166
f 166/166/166 1740/1740/1740 1742/1742/1742
f 166/166/166 1742/1742/1742 1745/1745/1745
f 166/166/166 1745/1745/1745 61/61/61
f 61/61/61 1745/1745/1745 1747/1747/1747
f 61/61/61 1747/1747/1747 1750/1750/1750
f 1765/1765/1765 1768/1768/1768 1178/1178/1178
f 1772/1772/1772 1775/1775/1775 1177/1177/1177
f 1780/1780/1780 1782/1782/1782 1174/1174/1174
f 1833/1833/1833 1782/1782/1782 1831/1831/1831
f 1831/1831/1831 1782/1782/1782 1784/1784/1784
f 1831/1831/1831 1784/1784/1784 1830/1830/1830
f 1830/1830/1830 1784/1784/1784 1787/1787/1787
f 1830/1830/1830 1787/1787/1787 1895/1895/1895
f 1895/1895/1895 1787/1787/1787 1788/1788/1788
f 1895/1895/1895 1788/1788/1788 1791/1791/1791
f 1895/1895/1895 1791/1791/1791 1893/1893/1893
f 1893/1893/1893 1791/1791/1791 1793/1793/1793
f 1893/1893/1893 1793/1793/1793 1890/1890/1890
f 1890/1890/1890 1793/1793/1793 1795/1795/1795
f 1890/1890/1890 1795/1795/1795 1888/1888/1888
f 1888/1888/1888 1795/1795/1795 1798/1798/1798
f 1888/1888/1888 1798/1798/1798 1885/1885/1885
f 1885/1885/1885 1798/1798/1798 1799/1799/1799
f 1885/1885/1885 1799/1799/1799 160/160/160
f 160/160/160 1799/1799/1799 1801/1801/1801
f 160/160/160 1801/1801/1801 163/163/163
f 163/163/163 1801/1801/1801 1805/1805/1805
f 163/163/163 1805/1805/1805 1807/1807/1807
f 1807/1807/1807 1809/1809/1809 163/163/163
f 163/163/163 1809/1809/1809 1811/1811/1811
f 163/163/163 1811/1811/1811 1814/1814/1814
f 163/163/163 1814/1814/1814 165/165/165
f 165/165/165 1814/1814/1814 1815/1815/1815
f 165/165/165 1815/1815/1815 1817/1817/1817
f 1835/1835/1835 1839/1839/1839 1172/1172/1172
f 1172/1172/1172 1839/1839/1839 1840/1840/1840
f 1845/1845/1845 1847/1847/1847 1170/1170/1170
f 1854/1854/1854 1897/1897/1897 1851/1851/1851
f 1851/1851/1851 1897/1897/1897 1899/1899/1899
f 1851/1851/1851 1899/1899/1899 1169/1169/1169
f 1169/1169/1169 1899/1899/1899 1902/1902/1902
f 1169/1169/1169 1902/1902/1902 1903/1903/1903
f 1897/1897/1897 1854/1854/1854 1963/1963/1963
f 1963/1963/1963 1854/1854/1854 1856/1856/1856
f 1963/1963/1963 1856/1856/1856 1858/1858/1858
f 1963/1963/1963 1858/1858/1858 1961/1961/1961
f 1961/1961/1961 1858/1858/1858 1861/1861/1861
f 1961/1961/1961 1861/1861/1861 1958/1958/1958
f 1958/1958/1958 1861/1861/1861 1862/1862/1862
f 1958/1958/1958 1862/1862/1862 1955/1955/1955
f 1955/1955/1955 1862/1862/1862 1865/1865/1865
f 1955/1955/1955 1865/1865/1865 1954/1954/1954
f 1954/1954/1954 1865/1865/1865 1868/1868/1868
f 1954/1954/1954 1868/1868/1868 1952/1952/1952
f 1952/1952/1952 1868/1868/1868 157/157/157
f 1952/1952/1952 157/157/157 1950/1950/1950
f 1950/1950/1950 157/157/157 1948/1948/1948
f 1948/1948/1948 157/157/157 155/155/155
f 1948/1948/1948 155/155/155 1945/1945/1945
f 1945/1945/1945 155/155/155 1942/1942/1942
f 1942/1942/1942 155/155/155 1939/1939/1939
f 1939/1939/1939 155/155/155 1937/1937/1937
f 1937/1937/1937 155/155/155 1935/1935/1935
f 1935/1935/1935 155/155/155 153/153/153
f 1935/1935/1935 153/153/153 2020/2020/2020
f 2020/2020/2020 153/153/153 2017/2017/2017
f 2017/2017/2017 153/153/153 2016/2016/2016
f 2016/2016/2016 153/153/153 2013/2013/2013
f 2013/2013/2013 153/153/153 150/150/150
f 2013/2013/2013 150/150/150 2011/2011/2011
f 2011/2011/2011 150/150/150 2008/2008/2008
f 2008/2008/2008 150/150/150 2006/2006/2006
f 2006/2006/2006 150/150/150 2004/2004/2004
f 2004/2004/2004 150/150/150 2088/2088/2088
f 2004/2004/2004 2088/2088/2088 2090/2090/2090
f 157/157/157 1868/1868/1868 158/158/158
f 158/158/158 1868/1868/1868 1869/1869/1869
f 158/158/158 1869/1869/1869 1871/1871/1871
f 1871/1871/1871 1875/1875/1875 158/158/158
f 158/158/158 1875/1875/1875 1876/1876/1876
f 158/158/158 1876/1876/1876 1878/1878/1878
f 158/158/158 1878/1878/1878 160/160/160
f 160/160/160 1878/1878/1878 1882/1882/1882
f 160/160/160 1882/1882/1882 1883/1883/1883
f 1883/1883/1883 1885/1885/1885 160/160/160
f 1909/1909/1909 1911/1911/1911 1166/1166/1166
f 1166/1166/1166 1911/1911/1911 1913/1913/1913
f 1165/1165/1165 1917/1917/1917 1968/1968/1968
f 1968/1968/1968 1917/1917/1917 1920/1920/1920
f 1968/1968/1968 1920/1920/1920 1965/1965/1965
f 1965/1965/1965 1920/1920/1920 1921/1921/1921
f 1965/1965/1965 1921/1921/1921 2031/2031/2031
f 2031/2031/2031 1921/1921/1921 1924/1924/1924
f 2031/2031/2031 1924/1924/1924 1926/1926/1926
f 2031/2031/2031 1926/1926/1926 2028/2028/2028
f 2028/2028/2028 1926/1926/1926 1929/1929/1929
f 2028/2028/2028 1929/1929/1929 2026/2026/2026
f 2026/2026/2026 1929/1929/1929 1932/1932/1932
f 2026/2026/2026 1932/1932/1932 2025/2025/2025
f 2025/2025/2025 1932/1932/1932 1934/1934/1934
f 2025/2025/2025 1934/1934/1934 2022/2022/2022
f 2022/2022/2022 1934/1934/1934 1935/1935/1935
f 2022/2022/2022 1935/1935/1935 2020/2020/2020
f 1968/1968/1968 1970/1970/1970 1165/1165/1165
f 1974/1974/1974 1977/1977/1977 1163/1163/1163
f 1982/1982/1982 1984/1984/1984 1160/1160/1160
f 2098/2098/2098 1995/1995/1995 2096/2096/2096
f 2096/2096/2096 1995/1995/1995 1996/1996/1996
f 2096/2096/2096 1996/1996/1996 2094/2094/2094
f 2094/2094/2094 1996/1996/1996 1998/1998/1998
f 2094/2094/2094 1998/1998/1998 2092/2092/2092
f 2092/2092/2092 1998/1998/1998 2001/2001/2001
f 2092/2092/2092 2001/2001/2001 2090/2090/2090
f 2090/2090/2090 2001/2001/2001 2004/2004/2004
f 2036/2036/2036 2038/2038/2038 1159/1159/1159
f 1159/1159/1159 2038/2038/2038 2040/2040/2040
f 1159/1159/1159 2040/2040/2040 2043/2043/2043
f 2046/2046/2046 2050/2050/2050 1157/1157/1157
f 2053/2053/2053 2055/2055/2055 1154/1154/1154
f 1154/1154/1154 2055/2055/2055 2104/2104/2104
f 1154/1154/1154 2104/2104/2104 2105/2105/2105
f 2104/2104/2104 2055/2055/2055 2102/2102/2102
f 2102/2102/2102 2055/2055/2055 2058/2058/2058
f 2102/2102/2102 2058/2058/2058 2167/2167/2167
f 2167/2167/2167 2058/2058/2058 2060/2060/2060
f 2167/2167/2167 2060/2060/2060 2063/2063/2063
f 2167/2167/2167 2063/2063/2063 2164/2164/2164
f 2164/2164/2164 2063/2063/2063 2064/2064/2064
f 2164/2164/2164 2064/2064/2064 2163/2163/2163
f 2163/2163/2163 2064/2064/2064 2068/2068/2068
f 2163/2163/2163 2068/2068/2068 2159/2159/2159
f 2159/2159/2159 2068/2068/2068 2069/2069/2069
f 2159/2159/2159 2069/2069/2069 2158/2158/2158
f 2158/2158/2158 2069/2069/2069 2072/2072/2072
f 2158/2158/2158 2072/2072/2072 146/146/146
f 146/146/146 2072/2072/2072 2074/2074/2074
f 146/146/146 2074/2074/2074 2077/2077/2077
f 2077/2077/2077 2079/2079/2079 146/146/146
f 146/146/146 2079/2079/2079 148/148/148
f 148/148/148 2079/2079/2079 2080/2080/2080
f 148/148/148 2080/2080/2080 2082/2082/2082
f 2082/2082/2082 2086/2086/2086 148/148/148
f 148/148/148 2086/2086/2086 2088/2088/2088
f 148/148/148 2088/2088/2088 150/150/150
f 2105/2105/2105 2107/2107/2107 1154/1154/1154
f 2113/2113/2113 2115/2115/2115 1152/1152/1152
f 2120/2120/2120 2122/2122/2122 1150/1150/1150
f 1150/1150/1150 2122/2122/2122 2174/2174/2174
f 2174/2174/2174 2122/2122/2122 2172/2172/2172
f 2172/2172/2172 2122/2122/2122 2123/2123/2123
f 2172/2172/2172 2123/2123/2123 2168/2168/2168
f 2168/2168/2168 2123/2123/2123 2126/2126/2126
f 2168/2168/2168 2126/2126/2126 2234/2234/2234
f 2234/2234/2234 2126/2126/2126 2129/2129/2129
f 2234/2234/2234 2129/2129/2129 2131/2131/2131
f 2234/2234/2234 2131/2131/2131 2233/2233/2233
f 2233/2233/2233 2131/2131/2131 2132/2132/2132
f 2233/2233/2233 2132/2132/2132 2231/2231/2231
f 2231/2231/2231 2132/2132/2132 2134/2134/2134
f 2231/2231/2231 2134/2134/2134 2227/2227/2227
f 2227/2227/2227 2134/2134/2134 2137/2137/2137
f 2227/2227/2227 2137/2137/2137 2226/2226/2226
f 2226/2226/2226 2137/2137/2137 2140/2140/2140
f 2226/2226/2226 2140/2140/2140 142/142/142
f 142/142/142 2140/2140/2140 2142/2142/2142
f 142/142/142 2142/2142/2142 2145/2145/2145
f 142/142/142 2145/2145/2145 144/144/144
f 144/144/144 2145/2145/2145 2147/2147/2147
f 144/144/144 2147/2147/2147 2148/2148/2148
f 2148/2148/2148 2152/2152/2152 144/144/144
f 144/144/144 2152/2152/2152 2154/2154/2154
f 144/144/144 2154/2154/2154 2156/2156/2156
f 144/144/144 2156/2156/2156 146/146/146
f 146/146/146 2156/2156/2156 2158/2158/2158
f 2179/2179/2179 2180/2180/2180 1149/1149/1149
f 2185/2185/2185 2188/2188/2188 1146/1146/1146
f 2194/2194/2194 2238/2238/2238 2192/2192/2192
f 2192/2192/2192 2238/2238/2238 2239/2239/2239
f 2192/2192/2192 2239/2239/2239 1145/1145/1145
f 1145/1145/1145 2239/2239/2239 2242/2242/2242
f 1145/1145/1145 2242/2242/2242 2244/2244/2244
f 2238/2238/2238 2194/2194/2194 2303/2303/2303
f 2303/2303/2303 2194/2194/2194 2197/2197/2197
f 2303/2303/2303 2197/2197/2197 2199/2199/2199
f 2303/2303/2303 2199/2199/2199 2301/2301/2301
f 2301/2301/2301 2199/2199/2199 2200/2200/2200
f 2301/2301/2301 2200/2200/2200 2299/2299/2299
f 2299/2299/2299 2200/2200/2200 2202/2202/2202
f 2299/2299/2299 2202/2202/2202 2295/2295/2295
f 2295/2295/2295 2202/2202/2202 2206/2206/2206
f 2295/2295/2295 2206/2206/2206 2294/2294/2294
f 2294/2294/2294 2206/2206/2206 2207/2207/2207
f 2294/2294/2294 2207/2207/2207 139/139/139
f 139/139/139 2207/2207/2207 2209/2209/2209
f 139/139/139 2209/2209/2209 2211/2211/2211
f 139/139/139 2211/2211/2211 140/140/140
f 140/140/140 2211/2211/2211 2215/2215/2215
f 140/140/140 2215/2215/2215 2217/2217/2217
f 2217/2217/2217 2220/2220/2220 140/140/140
f 140/140/140 2220/2220/2220 2222/2222/2222
f 140/140/140 2222/2222/2222 142/142/142
f 142/142/142 2222/2222/2222 2224/2224/2224
f 142/142/142 2224/2224/2224 2226/2226/2226
f 2244/2244/2244 2246/2246/2246 1145/1145/1145
f 2251/2251/2251 2254/2254/2254 1143/1143/1143
f 1140/1140/1140 2258/2258/2258 2307/2307/2307
f 2307/2307/2307 2258/2258/2258 2260/2260/2260
f 2307/2307/2307 2260/2260/2260 2306/2306/2306
f 2306/2306/2306 2260/2260/2260 2261/2261/2261
f 2306/2306/2306 2261/2261/2261 2370/2370/2370
f 2370/2370/2370 2261/2261/2261 2265/2265/2265
f 2370/2370/2370 2265/2265/2265 2266/2266/2266
f 2370/2370/2370 2266/2266/2266 2368/2368/2368
f 2368/2368/2368 2266/2266/2266 2268/2268/2268
f 2368/2368/2368 2268/2268/2268 2366/2366/2366
f 2366/2366/2366 2268/2268/2268 2270/2270/2270
f 2366/2366/2366 2270/2270/2270 2363/2363/2363
f 2363/2363/2363 2270/2270/2270 2274/2274/2274
f 2363/2363/2363 2274/2274/2274 2361/2361/2361
f 2361/2361/2361 2274/2274/2274 2276/2276/2276
f 2361/2361/2361 2276/2276/2276 134/134/134
f 134/134/134 2276/2276/2276 2278/2278/2278
f 134/134/134 2278/2278/2278 136/136/136
f 136/136/136 2278/2278/2278 2281/2281/2281
f 136/136/136 2281/2281/2281 2282/2282/2282
f 2282/2282/2282 2285/2285/2285 136/136/136
f 136/136/136 2285/2285/2285 2286/2286/2286
f 136/136/136 2286/2286/2286 2289/2289/2289
f 136/136/136 2289/2289/2289 139/139/139
f 139/139/139 2289/2289/2289 2292/2292/2292
f 139/139/139 2292/2292/2292 2294/2294/2294
f 2307/2307/2307 2309/2309/2309 1140/1140/1140
f 1140/1140/1140 2309/2309/2309 2312/2312/2312
f 2322/2322/2322 2324/2324/2324 1136/1136/1136
f 1136/1136/1136 2324/2324/2324 2326/2326/2326
f 2378/2378/2378 2326/2326/2326 2375/2375/2375
f 2375/2375/2375 2326/2326/2326 2327/2327/2327
f 2375/2375/2375 2327/2327/2327 2374/2374/2374
f 2374/2374/2374 2327/2327/2327 2329/2329/2329
f 2374/2374/2374 2329/2329/2329 2438/2438/2438
f 2438/2438/2438 2329/2329/2329 2332/2332/2332
f 2438/2438/2438 2332/2332/2332 2335/2335/2335
f 2438/2438/2438 2335/2335/2335 2436/2436/2436
f 2436/2436/2436 2335/2335/2335 2336/2336/2336
f 2436/2436/2436 2336/2336/2336 2434/2434/2434
f 2434/2434/2434 2336/2336/2336 2339/2339/2339
f 2434/2434/2434 2339/2339/2339 2432/2432/2432
f 2432/2432/2432 2339/2339/2339 2341/2341/2341
f 2432/2432/2432 2341/2341/2341 2430/2430/2430
f 2430/2430/2430 2341/2341/2341 2344/2344/2344
f 2430/2430/2430 2344/2344/2344 131/131/131
f 131/131/131 2344/2344/2344 2346/2346/2346
f 131/131/131 2346/2346/2346 132/132/132
f 132/132/132 2346/2346/2346 2347/2347/2347
f 132/132/132 2347/2347/2347 2350/2350/2350
f 2350/2350/2350 2352/2352/2352 132/132/132
f 132/132/132 2352/2352/2352 2356/2356/2356
f 132/132/132 2356/2356/2356 2357/2357/2357
f 132/132/132 2357/2357/2357 134/134/134
f 134/134/134 2357/2357/2357 2359/2359/2359
f 134/134/134 2359/2359/2359 2361/2361/2361
f 2379/2379/2379 2381/2381/2381 1134/1134/1134
f 2386/2386/2386 2390/2390/2390 1133/1133/1133
f 2394/2394/2394 2396/2396/2396 1131/1131/1131
f 1131/1131/1131 2396/2396/2396 2443/2443/2443
f 1131/1131/1131 2443/2443/2443 2446/2446/2446
f 2443/2443/2443 2396/2396/2396 2442/2442/2442
f 2442/2442/2442 2396/2396/2396 2399/2399/2399
f 2442/2442/2442 2399/2399/2399 2506/2506/2506
f 2506/2506/2506 2399/2399/2399 2401/2401/2401
f 2506/2506/2506 2401/2401/2401 2403/2403/2403
f 2506/2506/2506 2403/2403/2403 2505/2505/2505
f 2505/2505/2505 2403/2403/2403 2404/2404/2404
f 2505/2505/2505 2404/2404/2404 2503/2503/2503
f 2503/2503/2503 2404/2404/2404 2406/2406/2406
f 2503/2503/2503 2406/2406/2406 2501/2501/2501
f 2501/2501/2501 2406/2406/2406 2410/2410/2410
f 2501/2501/2501 2410/2410/2410 2497/2497/2497
f 2497/2497/2497 2410/2410/2410 2412/2412/2412
f 2497/2497/2497 2412/2412/2412 126/126/126
f 126/126/126 2412/2412/2412 2414/2414/2414
f 126/126/126 2414/2414/2414 129/129/129
f 129/129/129 2414/2414/2414 2416/2416/2416
f 129/129/129 2416/2416/2416 2418/2418/2418
f 2418/2418/2418 2421/2421/2421 129/129/129
f 129/129/129 2421/2421/2421 2422/2422/2422
f 129/129/129 2422/2422/2422 2425/2425/2425
f 129/129/129 2425/2425/2425 131/131/131
f 131/131/131 2425/2425/2425 2427/2427/2427
f 131/131/131 2427/2427/2427 2430/2430/2430
f 2446/2446/2446 2448/2448/2448 1131/1131/1131
f 2453/2453/2453 2454/2454/2454 1129/1129/1129
f 2459/2459/2459 2461/2461/2461 1127/1127/1127
f 1127/1127/1127 2461/2461/2461 2513/2513/2513
f 2513/2513/2513 2461/2461/2461 2512/2512/2512
f 2512/2512/2512 2461/2461/2461 2463/2463/2463
f 2512/2512/2512 2463/2463/2463 2509/2509/2509
f 2509/2509/2509 2463/2463/2463 2466/2466/2466
f 2509/2509/2509 2466/2466/2466 2575/2575/2575
f 2575/2575/2575 2466/2466/2466 2468/2468/2468
f 2575/2575/2575 2468/2468/2468 2471/2471/2471
f 2575/2575/2575 2471/2471/2471 2573/2573/2573
f 2573/2573/2573 2471/2471/2471 2472/2472/2472
f 2573/2573/2573 2472/2472/2472 2571/2571/2571
f 2571/2571/2571 2472/2472/2472 2476/2476/2476
f 2571/2571/2571 2476/2476/2476 2567/2567/2567
f 2567/2567/2567 2476/2476/2476 2477/2477/2477
f 2567/2567/2567 2477/2477/2477 2566/2566/2566
f 2566/2566/2566 2477/2477/2477 2480/2480/2480
f 2566/2566/2566 2480/2480/2480 2563/2563/2563
f 2563/2563/2563 2480/2480/2480 123/123/123
f 2563/2563/2563 123/123/123 2562/2562/2562
f 2562/2562/2562 123/123/123 2560/2560/2560
f 2560/2560/2560 123/123/123 121/121/121
f 2560/2560/2560 121/121/121 2557/2557/2557
f 2557/2557/2557 121/121/121 2554/2554/2554
f 2554/2554/2554 121/121/121 2552/2552/2552
f 2552/2552/2552 121/121/121 2550/2550/2550
f 2550/2550/2550 121/121/121 2548/2548/2548
f 2548/2548/2548 121/121/121 119/119/119
f 2548/2548/2548 119/119/119 2632/2632/2632
f 2632/2632/2632 119/119/119 2630/2630/2630
f 2630/2630/2630 119/119/119 2628/2628/2628
f 2628/2628/2628 119/119/119 2625/2625/2625
f 2625/2625/2625 119/119/119 117/117/117
f 2625/2625/2625 117/117/117 2623/2623/2623
f 2623/2623/2623 117/117/117 2621/2621/2621
f 2621/2621/2621 117/117/117 2617/2617/2617
f 2617/2617/2617 117/117/117 2615/2615/2615
f 2615/2615/2615 117/117/117 2700/2700/2700
f 2615/2615/2615 2700/2700/2700 2702/2702/2702
f 123/123/123 2480/2480/2480 125/125/125
f 125/125/125 2480/2480/2480 2481/2481/2481
f 125/125/125 2481/2481/2481 2485/2485/2485
f 2485/2485/2485 2487/2487/2487 125/125/125
f 125/125/125 2487/2487/2487 2489/2489/2489
f 125/125/125 2489/2489/2489 2491/2491/2491
f 125/125/125 2491/2491/2491 126/126/126
f 126/126/126 2491/2491/2491 2494/2494/2494
f 126/126/126 2494/2494/2494 2495/2495/2495
f 2495/2495/2495 2497/2497/2497 126/126/126
f 2517/2517/2517 2521/2521/2521 1125/1125/1125
f 2524/2524/2524 2528/2528/2528 1123/1123/1123
f 2534/2534/2534 2576/2576/2576 2531/2531/2531
f 2531/2531/2531 2576/2576/2576 2580/2580/2580
f 2531/2531/2531 2580/2580/2580 1120/1120/1120
f 1120/1120/1120 2580/2580/2580 2582/2582/2582
f 1120/1120/1120 2582/2582/2582 2583/2583/2583
f 2576/2576/2576 2534/2534/2534 2642/2642/2642
f 2642/2642/2642 2534/2534/2534 2536/2536/2536
f 2642/2642/2642 2536/2536/2536 2539/2539/2539
f 2642/2642/2642 2539/2539/2539 2641/2641/2641
f 2641/2641/2641 2539/2539/2539 2541/2541/2541
f 2641/2641/2641 2541/2541/2541 2638/2638/2638
f 2638/2638/2638 2541/2541/2541 2543/2543/2543
f 2638/2638/2638 2543/2543/2543 2637/2637/2637
f 2637/2637/2637 2543/2543/2543 2545/2545/2545
f 2637/2637/2637 2545/2545/2545 2633/2633/2633
f 2633/2633/2633 2545/2545/2545 2548/2548/2548
f 2633/2633/2633 2548/2548/2548 2632/2632/2632
f 2583/2583/2583 2585/2585/2585 1120/1120/1120
f 2591/2591/2591 2592/2592/2592 1119/1119/1119
f 1117/1117/1117 2597/2597/2597 2648/2648/2648
f 2648/2648/2648 2597/2597/2597 2599/2599/2599
f 2648/2648/2648 2599/2599/2599 2646/2646/2646
f 2646/2646/2646 2599/2599/2599 2603/2603/2603
f 2646/2646/2646 2603/2603/2603 2711/2711/2711
f 2711/2711/2711 2603/2603/2603 2604/2604/2604
f 2711/2711/2711 2604/2604/2604 2607/2607/2607
f 2711/2711/2711 2607/2607/2607 2709/2709/2709
f 2709/2709/2709 2607/2607/2607 2609/2609/2609
f 2709/2709/2709 2609/2609/2609 2706/2706/2706
f 2706/2706/2706 2609/2609/2609 2611/2611/2611
f 2706/2706/2706 2611/2611/2611 2704/2704/2704
f 2704/2704/2704 2611/2611/2611 2613/2613/2613
f 2704/2704/2704 2613/2613/2613 2702/2702/2702
f 2702/2702/2702 2613/2613/2613 2615/2615/2615
f 2648/2648/2648 2649/2649/2649 1117/1117/1117
f 1117/1117/1117 2649/2649/2649 2652/2652/2652
f 2657/2657/2657 2659/2659/2659 1114/1114/1114
f 2663/2663/2663 2666/2666/2666 1112/1112/1112
f 2717/2717/2717 2666/2666/2666 2716/2716/2716
f 2716/2716/2716 2666/2666/2666 2668/2668/2668
f 2716/2716/2716 2668/2668/2668 2714/2714/2714
f 2714/2714/2714 2668/2668/2668 2671/2671/2671
f 2714/2714/2714 2671/2671/2671 2778/2778/2778
f 2778/2778/2778 2671/2671/2671 2673/2673/2673
f 2778/2778/2778 2673/2673/2673 2674/2674/2674
f 2778/2778/2778 2674/2674/2674 2777/2777/2777
f 2777/2777/2777 2674/2674/2674 2676/2676/2676
f 2777/2777/2777 2676/2676/2676 2775/2775/2775
f 2775/2775/2775 2676/2676/2676 2678/2678/2678
f 2775/2775/2775 2678/2678/2678 2773/2773/2773
f 2773/2773/2773 2678/2678/2678 2682/2682/2682
f 2773/2773/2773 2682/2682/2682 2770/2770/2770
f 2770/2770/2770 2682/2682/2682 2684/2684/2684
f 2770/2770/2770 2684/2684/2684 2767/2767/2767
f 2767/2767/2767 2684/2684/2684 113/113/113
f 2767/2767/2767 113/113/113 111/111/111
f 2684/2684/2684 2686/2686/2686 113/113/113
f 113/113/113 2686/2686/2686 2687/2687/2687
f 113/113/113 2687/2687/2687 2691/2691/2691
f 113/113/113 2691/2691/2691 115/115/115
f 115/115/115 2691/2691/2691 2693/2693/2693
f 115/115/115 2693/2693/2693 2694/2694/2694
f 2694/2694/2694 2697/2697/2697 115/115/115
f 115/115/115 2697/2697/2697 2700/2700/2700
f 115/115/115 2700/2700/2700 117/117/117
f 2720/2720/2720 2721/2721/2721 1110/1110/1110
f 2726/2726/2726 2730/2730/2730 1109/1109/1109
f 1109/1109/1109 2730/2730/2730 2732/2732/2732
f 2738/2738/2738 2780/2780/2780 2736/2736/2736
f 2736/2736/2736 2780/2780/2780 2783/2783/2783
f 2736/2736/2736 2783/2783/2783 1107/1107/1107
f 1107/1107/1107 2783/2783/2783 2786/2786/2786
f 1107/1107/1107 2786/2786/2786 2788/2788/2788
f 2780/2780/2780 2738/2738/2738 2846/2846/2846
f 2846/2846/2846 2738/2738/2738 2741/2741/2741
f 2846/2846/2846 2741/2741/2741 2742/2742/2742
f 2846/2846/2846 2742/2742/2742 2844/2844/2844
f 2844/2844/2844 2742/2742/2742 2745/2745/2745
f 2844/2844/2844 2745/2745/2745 2842/2842/2842
f 2842/2842/2842 2745/2745/2745 2748/2748/2748
f 2842/2842/2842 2748/2748/2748 2839/2839/2839
f 2839/2839/2839 2748/2748/2748 2750/2750/2750
f 2839/2839/2839 2750/2750/2750 2838/2838/2838
f 2838/2838/2838 2750/2750/2750 2751/2751/2751
f 2838/2838/2838 2751/2751/2751 108/108/108
f 108/108/108 2751/2751/2751 2753/2753/2753
f 108/108/108 2753/2753/2753 2756/2756/2756
f 108/108/108 2756/2756/2756 111/111/111
f 111/111/111 2756/2756/2756 2759/2759/2759
f 111/111/111 2759/2759/2759 2761/2761/2761
f 2761/2761/2761 2764/2764/2764 111/111/111
f 111/111/111 2764/2764/2764 2766/2766/2766
f 111/111/111 2766/2766/2766 2767/2767/2767
f 2793/2793/2793 2795/2795/2795 1105/1105/1105
f 2800/2800/2800 2802/2802/2802 1103/1103/1103
f 1103/1103/1103 2802/2802/2802 2854/2854/2854
f 2854/2854/2854 2802/2802/2802 2852/2852/2852
f 2852/2852/2852 2802/2802/2802 2804/2804/2804
f 2852/2852/2852 2804/2804/2804 2849/2849/2849
f 2849/2849/2849 2804/2804/2804 2807/2807/2807
f 2849/2849/2849 2807/2807/2807 2914/2914/2914
f 2914/2914/2914 2807/2807/2807 2808/2808/2808
f 2914/2914/2914 2808/2808/2808 2810/2810/2810
f 2914/2914/2914 2810/2810/2810 2912/2912/2912
f 2912/2912/2912 2810/2810/2810 2812/2812/2812
f 2912/2912/2912 2812/2812/2812 2911/2911/2911
f 2911/2911/2911 2812/2812/2812 2814/2814/2814
f 2911/2911/2911 2814/2814/2814 2909/2909/2909
f 2909/2909/2909 2814/2814/2814 2818/2818/2818
f 2909/2909/2909 2818/2818/2818 2905/2905/2905
f 2905/2905/2905 2818/2818/2818 2820/2820/2820
f 2905/2905/2905 2820/2820/2820 105/105/105
f 105/105/105 2820/2820/2820 2821/2821/2821
f 105/105/105 2821/2821/2821 2823/2823/2823
f 105/105/105 2823/2823/2823 107/107/107
f 107/107/107 2823/2823/2823 2827/2827/2827
f 107/107/107 2827/2827/2827 2828/2828/2828
f 2828/2828/2828 2831/2831/2831 107/107/107
f 107/107/107 2831/2831/2831 2834/2834/2834
f 107/107/107 2834/2834/2834 2836/2836/2836
f 107/107/107 2836/2836/2836 108/108/108
f 108/108/108 2836/2836/2836 2838/2838/2838
f 2857/2857/2857 2860/2860/2860 1101/1101/1101
f 2864/2864/2864 2868/2868/2868 1099/1099/1099
f 2873/2873/2873 2917/2917/2917 2871/2871/2871
f 2871/2871/2871 2917/2917/2917 2920/2920/2920
f 2871/2871/2871 2920/2920/2920 1097/1097/1097
f 1097/1097/1097 2920/2920/2920 2921/2921/2921
f 1097/1097/1097 2921/2921/2921 2923/2923/2923
f 2917/2917/2917 2873/2873/2873 2982/2982/2982
f 2982/2982/2982 2873/2873/2873 2877/2877/2877
f 2982/2982/2982 2877/2877/2877 2879/2879/2879
f 2982/2982/2982 2879/2879/2879 2980/2980/2980
f 2980/2980/2980 2879/2879/2879 2881/2881/2881
f 2980/2980/2980 2881/2881/2881 2978/2978/2978
f 2978/2978/2978 2881/2881/2881 2884/2884/2884
f 2978/2978/2978 2884/2884/2884 2975/2975/2975
f 2975/2975/2975 2884/2884/2884 2885/2885/2885
f 2975/2975/2975 2885/2885/2885 2974/2974/2974
f 2974/2974/2974 2885/2885/2885 2887/2887/2887
f 2974/2974/2974 2887/2887/2887 100/100/100
f 100/100/100 2887/2887/2887 2890/2890/2890
f 100/100/100 2890/2890/2890 102/102/102
f 102/102/102 2890/2890/2890 2893/2893/2893
f 102/102/102 2893/2893/2893 2895/2895/2895
f 2895/2895/2895 2896/2896/2896 102/102/102
f 102/102/102 2896/2896/2896 2899/2899/2899
f 102/102/102 2899/2899/2899 2901/2901/2901
f 102/102/102 2901/2901/2901 105/105/105
f 105/105/105 2901/2901/2901 2903/2903/2903
f 105/105/105 2903/2903/2903 2905/2905/2905
f 2923/2923/2923 2927/2927/2927 1097/1097/1097
f 2931/2931/2931 2933/2933/2933 1094/1094/1094
f 2938/2938/2938 2939/2939/2939 1093/1093/1093
f 1093/1093/1093 2939/2939/2939 2987/2987/2987
f 1093/1093/1093 2987/2987/2987 2990/2990/2990
f 2987/2987/2987 2939/2939/2939 2984/2984/2984
f 2984/2984/2984 2939/2939/2939 2943/2943/2943
f 2984/2984/2984 2943/2943/2943 3051/3051/3051
f 3051/3051/3051 2943/2943/2943 2944/2944/2944
f 3051/3051/3051 2944/2944/2944 2947/2947/2947
f 3051/3051/3051 2947/2947/2947 3048/3048/3048
f 3048/3048/3048 2947/2947/2947 2949/2949/2949
f 3048/3048/3048 2949/2949/2949 3046/3046/3046
f 3046/3046/3046 2949/2949/2949 2950/2950/2950
f 3046/3046/3046 2950/2950/2950 3044/3044/3044
f 3044/3044/3044 2950/2950/2950 2954/2954/2954
f 3044/3044/3044 2954/2954/2954 3041/3041/3041
f 3041/3041/3041 2954/2954/2954 2955/2955/2955
f 3041/3041/3041 2955/2955/2955 96/96/96
f 96/96/96 2955/2955/2955 2958/2958/2958
f 96/96/96 2958/2958/2958 99/99/99
f 99/99/99 2958/2958/2958 2960/2960/2960
f 99/99/99 2960/2960/2960 2962/2962/2962
f 2962/2962/2962 2964/2964/2964 99/99/99
f 99/99/99 2964/2964/2964 2968/2968/2968
f 99/99/99 2968/2968/2968 2970/2970/2970
f 99/99/99 2970/2970/2970 100/100/100
f 100/100/100 2970/2970/2970 2971/2971/2971
f 100/100/100 2971/2971/2971 2974/2974/2974
f 2990/2990/2990 2991/2991/2991 1093/1093/1093
f 2996/2996/2996 2999/2999/2999 1091/1091/1091
f 3003/3003/3003 3005/3005/3005 1088/1088/1088
f 3058/3058/3058 3005/3005/3005 3056/3056/3056
f 3056/3056/3056 3005/3005/3005 3007/3007/3007
f 3056/3056/3056 3007/3007/3007 3052/3052/3052
f 3052/3052/3052 3007/3007/3007 3009/3009/3009
f 3052/3052/3052 3009/3009/3009 3118/3118/3118
f 3118/3118/3118 3009/3009/3009 3013/3013/3013
f 3118/3118/3118 3013/3013/3013 3015/3015/3015
f 3118/3118/3118 3015/3015/3015 3117/3117/3117
f 3117/3117/3117 3015/3015/3015 3016/3016/3016
f 3117/3117/3117 3016/3016/3016 3115/3115/3115
f 3115/3115/3115 3016/3016/3016 3018/3018/3018
f 3115/3115/3115 3018/3018/3018 3112/3112/3112
f 3112/3112/3112 3018/3018/3018 3022/3022/3022
f 3112/3112/3112 3022/3022/3022 3109/3109/3109
f 3109/3109/3109 3022/3022/3022 3024/3024/3024
f 3109/3109/3109 3024/3024/3024 92/92/92
f 92/92/92 3024/3024/3024 3026/3026/3026
f 92/92/92 3026/3026/3026 95/95/95
f 95/95/95 3026/3026/3026 3029/3029/3029
f 95/95/95 3029/3029/3029 3031/3031/3031
f 3031/3031/3031 3032/3032/3032 95/95/95
f 95/95/95 3032/3032/3032 3034/3034/3034
f 95/95/95 3034/3034/3034 3038/3038/3038
f 95/95/95 3038/3038/3038 96/96/96
f 96/96/96 3038/3038/3038 3040/3040/3040
f 96/96/96 3040/3040/3040 3041/3041/3041
f 3060/3060/3060 3063/3063/3063 1087/1087/1087
f 3066/3066/3066 3068/3068/3068 1085/1085/1085
f 1085/1085/1085 3068/3068/3068 3072/3072/3072
f 3092/3092/3092 3094/3094/3094 89/89/89
f 89/89/89 3094/3094/3094 90/90/90
f 90/90/90 3094/3094/3094 3097/3097/3097
f 90/90/90 3097/3097/3097 3098/3098/3098
f 3098/3098/3098 3101/3101/3101 90/90/90
f 90/90/90 3101/3101/3101 3102/3102/3102
f 90/90/90 3102/3102/3102 92/92/92
f 92/92/92 3102/3102/3102 3105/3105/3105
f 92/92/92 3105/3105/3105 3108/3108/3108
f 3108/3108/3108 3109/3109/3109 92/92/92
f 79/79/79 76/76/76 1476/1476/1476
f 3123/3123/3123 5111/5111/5111 3120/3120/3120
f 3120/3120/3120 5111/5111/5111 5113/5113/5113
f 3120/3120/3120 5113/5113/5113 5114/5114/5114
f 3126/3126/3126 5104/5104/5104 3123/3123/3123
f 3123/3123/3123 5104/5104/5104 5105/5105/5105
f 3123/3123/3123 5105/5105/5105 5108/5108/5108
f 3127/3127/3127 3267/3267/3267 3126/3126/3126
f 3126/3126/3126 3267/3267/3267 3270/3270/3270
f 3126/3126/3126 3270/3270/3270 5096/5096/5096
f 5096/5096/5096 3270/3270/3270 5094/5094/5094
f 5094/5094/5094 3270/3270/3270 3273/3273/3273
f 5094/5094/5094 3273/3273/3273 5092/5092/5092
f 5092/5092/5092 3273/3273/3273 3275/3275/3275
f 5092/5092/5092 3275/3275/3275 5158/5158/5158
f 5158/5158/5158 3275/3275/3275 5155/5155/5155
f 5155/5155/5155 3275/3275/3275 3277/3277/3277
f 5155/5155/5155 3277/3277/3277 5153/5153/5153
f 5153/5153/5153 3277/3277/3277 3279/3279/3279
f 5153/5153/5153 3279/3279/3279 5150/5150/5150
f 5150/5150/5150 3279/3279/3279 3282/3282/3282
f 5150/5150/5150 3282/3282/3282 5149/5149/5149
f 5149/5149/5149 3282/3282/3282 3283/3283/3283
f 5149/5149/5149 3283/3283/3283 5147/5147/5147
f 5147/5147/5147 3283/3283/3283 3285/3285/3285
f 5147/5147/5147 3285/3285/3285 620/620/620
f 620/620/620 3285/3285/3285 3288/3288/3288
f 620/620/620 3288/3288/3288 3290/3290/3290
f 3129/3129/3129 3260/3260/3260 3127/3127/3127
f 3127/3127/3127 3260/3260/3260 3262/3262/3262
f 3127/3127/3127 3262/3262/3262 3265/3265/3265
f 3131/3131/3131 3322/3322/3322 3129/3129/3129
f 3129/3129/3129 3322/3322/3322 3256/3256/3256
f 3129/3129/3129 3256/3256/3256 3258/3258/3258
f 3134/3134/3134 3332/3332/3332 3131/3131/3131
f 3131/3131/3131 3332/3332/3332 3333/3333/3333
f 3131/3131/3131 3333/3333/3333 3335/3335/3335
f 3135/3135/3135 3325/3325/3325 3134/3134/3134
f 3134/3134/3134 3325/3325/3325 3326/3326/3326
f 3134/3134/3134 3326/3326/3326 3328/3328/3328
f 3138/3138/3138 3402/3402/3402 3135/3135/3135
f 3135/3135/3135 3402/3402/3402 3403/3403/3403
f 3135/3135/3135 3403/3403/3403 3405/3405/3405
f 3139/3139/3139 3395/3395/3395 3138/3138/3138
f 3138/3138/3138 3395/3395/3395 3397/3397/3397
f 3138/3138/3138 3397/3397/3397 3399/3399/3399
f 3141/3141/3141 3455/3455/3455 3139/3139/3139
f 3139/3139/3139 3455/3455/3455 3457/3457/3457
f 3139/3139/3139 3457/3457/3457 3391/3391/3391
f 3143/3143/3143 3468/3468/3468 3141/3141/3141
f 3141/3141/3141 3468/3468/3468 3470/3470/3470
f 3141/3141/3141 3470/3470/3470 3472/3472/3472
f 3146/3146/3146 3525/3525/3525 3143/3143/3143
f 3143/3143/3143 3525/3525/3525 3459/3459/3459
f 3143/3143/3143 3459/3459/3459 3462/3462/3462
f 3147/3147/3147 3537/3537/3537 3146/3146/3146
f 3146/3146/3146 3537/3537/3537 3539/3539/3539
f 3146/3146/3146 3539/3539/3539 3541/3541/3541
f 3150/3150/3150 3528/3528/3528 3147/3147/3147
f 3147/3147/3147 3528/3528/3528 3530/3530/3530
f 3147/3147/3147 3530/3530/3530 3533/3533/3533
f 3151/3151/3151 3607/3607/3607 3150/3150/3150
f 3150/3150/3150 3607/3607/3607 3609/3609/3609
f 3150/3150/3150 3609/3609/3609 3592/3592/3592
f 3592/3592/3592 3609/3609/3609 3589/3589/3589
f 3589/3589/3589 3609/3609/3609 3611/3611/3611
f 3589/3589/3589 3611/3611/3611 3587/3587/3587
f 3587/3587/3587 3611/3611/3611 3614/3614/3614
f 3587/3587/3587 3614/3614/3614 3584/3584/3584
f 3584/3584/3584 3614/3614/3614 3582/3582/3582
f 3582/3582/3582 3614/3614/3614 3617/3617/3617
f 3582/3582/3582 3617/3617/3617 3581/3581/3581
f 3581/3581/3581 3617/3617/3617 3619/3619/3619
f 3581/3581/3581 3619/3619/3619 3577/3577/3577
f 3577/3577/3577 3619/3619/3619 3620/3620/3620
f 3577/3577/3577 3620/3620/3620 3575/3575/3575
f 3575/3575/3575 3620/3620/3620 3623/3623/3623
f 3575/3575/3575 3623/3623/3623 3573/3573/3573
f 3573/3573/3573 3623/3623/3623 639/639/639
f 3573/3573/3573 639/639/639 3571/3571/3571
f 3571/3571/3571 639/639/639 3570/3570/3570
f 3570/3570/3570 639/639/639 637/637/637
f 3570/3570/3570 637/637/637 3567/3567/3567
f 3567/3567/3567 637/637/637 3565/3565/3565
f 3565/3565/3565 637/637/637 3562/3562/3562
f 3562/3562/3562 637/637/637 3559/3559/3559
f 3559/3559/3559 637/637/637 634/634/634
f 3559/3559/3559 634/634/634 3558/3558/3558
f 3558/3558/3558 634/634/634 3556/3556/3556
f 3556/3556/3556 634/634/634 3505/3505/3505
f 3556/3556/3556 3505/3505/3505 3507/3507/3507
f 3153/3153/3153 3601/3601/3601 3151/3151/3151
f 3151/3151/3151 3601/3601/3601 3604/3604/3604
f 3151/3151/3151 3604/3604/3604 3606/3606/3606
f 3155/3155/3155 3661/3661/3661 3153/3153/3153
f 3153/3153/3153 3661/3661/3661 3597/3597/3597
f 3153/3153/3153 3597/3597/3597 3599/3599/3599
f 3157/3157/3157 3672/3672/3672 3155/3155/3155
f 3155/3155/3155 3672/3672/3672 3673/3673/3673
f 3155/3155/3155 3673/3673/3673 3675/3675/3675
f 3159/3159/3159 3663/3663/3663 3157/3157/3157
f 3157/3157/3157 3663/3663/3663 3667/3667/3667
f 3157/3157/3157 3667/3667/3667 3669/3669/3669
f 3162/3162/3162 3741/3741/3741 3159/3159/3159
f 3159/3159/3159 3741/3741/3741 3743/3743/3743
f 3159/3159/3159 3743/3743/3743 3745/3745/3745
f 3164/3164/3164 3734/3734/3734 3162/3162/3162
f 3162/3162/3162 3734/3734/3734 3736/3736/3736
f 3162/3162/3162 3736/3736/3736 3738/3738/3738
f 3166/3166/3166 3796/3796/3796 3164/3164/3164
f 3164/3164/3164 3796/3796/3796 3798/3798/3798
f 3164/3164/3164 3798/3798/3798 3731/3731/3731
f 3168/3168/3168 3804/3804/3804 3166/3166/3166
f 3166/3166/3166 3804/3804/3804 3808/3808/3808
f 3166/3166/3166 3808/3808/3808 3810/3810/3810
f 3169/3169/3169 3865/3865/3865 3168/3168/3168
f 3168/3168/3168 3865/3865/3865 3800/3800/3800
f 3168/3168/3168 3800/3800/3800 3803/3803/3803
f 3171/3171/3171 3878/3878/3878 3169/3169/3169
f 3169/3169/3169 3878/3878/3878 3880/3880/3880
f 3169/3169/3169 3880/3880/3880 3882/3882/3882
f 3173/3173/3173 3867/3867/3867 3171/3171/3171
f 3171/3171/3171 3867/3867/3867 3870/3870/3870
f 3171/3171/3171 3870/3870/3870 3872/3872/3872
f 3176/3176/3176 3948/3948/3948 3173/3173/3173
f 3173/3173/3173 3948/3948/3948 3950/3950/3950
f 3173/3173/3173 3950/3950/3950 3932/3932/3932
f 3932/3932/3932 3950/3950/3950 3930/3930/3930
f 3930/3930/3930 3950/3950/3950 3953/3953/3953
f 3930/3930/3930 3953/3953/3953 3926/3926/3926
f 3926/3926/3926 3953/3953/3953 3955/3955/3955
f 3926/3926/3926 3955/3955/3955 3924/3924/3924
f 3924/3924/3924 3955/3955/3955 3922/3922/3922
f 3922/3922/3922 3955/3955/3955 3957/3957/3957
f 3922/3922/3922 3957/3957/3957 3920/3920/3920
f 3920/3920/3920 3957/3957/3957 3958/3958/3958
f 3920/3920/3920 3958/3958/3958 3917/3917/3917
f 3917/3917/3917 3958/3958/3958 3960/3960/3960
f 3917/3917/3917 3960/3960/3960 3916/3916/3916
f 3916/3916/3916 3960/3960/3960 3963/3963/3963
f 3916/3916/3916 3963/3963/3963 3914/3914/3914
f 3914/3914/3914 3963/3963/3963 3965/3965/3965
f 3914/3914/3914 3965/3965/3965 552/552/552
f 552/552/552 3965/3965/3965 3967/3967/3967
f 552/552/552 3967/3967/3967 3969/3969/3969
f 3177/3177/3177 3940/3940/3940 3176/3176/3176
f 3176/3176/3176 3940/3940/3940 3942/3942/3942
f 3176/3176/3176 3942/3942/3942 3946/3946/3946
f 3179/3179/3179 4001/4001/4001 3177/3177/3177
f 3177/3177/3177 4001/4001/4001 3937/3937/3937
f 3177/3177/3177 3937/3937/3937 3938/3938/3938
f 3182/3182/3182 4010/4010/4010 3179/3179/3179
f 3179/3179/3179 4010/4010/4010 4013/4013/4013
f 3179/3179/3179 4013/4013/4013 4016/4016/4016
f 3183/3183/3183 4005/4005/4005 3182/3182/3182
f 3182/3182/3182 4005/4005/4005 4007/4007/4007
f 3182/3182/3182 4007/4007/4007 4009/4009/4009
f 3185/3185/3185 4082/4082/4082 3183/3183/3183
f 3183/3183/3183 4082/4082/4082 4084/4084/4084
f 3183/3183/3183 4084/4084/4084 4086/4086/4086
f 3187/3187/3187 4074/4074/4074 3185/3185/3185
f 3185/3185/3185 4074/4074/4074 4076/4076/4076
f 3185/3185/3185 4076/4076/4076 4080/4080/4080
f 3189/3189/3189 4151/4151/4151 3187/3187/3187
f 3187/3187/3187 4151/4151/4151 4135/4135/4135
f 3187/3187/3187 4135/4135/4135 4137/4137/4137
f 3192/3192/3192 4145/4145/4145 3189/3189/3189
f 3189/3189/3189 4145/4145/4145 4146/4146/4146
f 3189/3189/3189 4146/4146/4146 4150/4150/4150
f 3194/3194/3194 4206/4206/4206 3192/3192/3192
f 3192/3192/3192 4206/4206/4206 4141/4141/4141
f 3192/3192/3192 4141/4141/4141 4142/4142/4142
f 3196/3196/3196 4216/4216/4216 3194/3194/3194
f 3194/3194/3194 4216/4216/4216 4218/4218/4218
f 3194/3194/3194 4218/4218/4218 4220/4220/4220
f 3197/3197/3197 4209/4209/4209 3196/3196/3196
f 3196/3196/3196 4209/4209/4209 4210/4210/4210
f 3196/3196/3196 4210/4210/4210 4213/4213/4213
f 3199/3199/3199 4285/4285/4285 3197/3197/3197
f 3197/3197/3197 4285/4285/4285 4287/4287/4287
f 3197/3197/3197 4287/4287/4287 4289/4289/4289
f 3202/3202/3202 4280/4280/4280 3199/3199/3199
f 3199/3199/3199 4280/4280/4280 4284/4284/4284
f 3199/3199/3199 4284/4284/4284 4285/4285/4285
f 3203/3203/3203 4340/4340/4340 3202/3202/3202
f 3202/3202/3202 4340/4340/4340 4341/4341/4341
f 3202/3202/3202 4341/4341/4341 4275/4275/4275
f 3205/3205/3205 4350/4350/4350 3203/3203/3203
f 3203/3203/3203 4350/4350/4350 4353/4353/4353
f 3203/3203/3203 4353/4353/4353 4356/4356/4356
f 3207/3207/3207 4345/4345/4345 3205/3205/3205
f 3205/3205/3205 4345/4345/4345 4347/4347/4347
f 3205/3205/3205 4347/4347/4347 4349/4349/4349
f 3209/3209/3209 4422/4422/4422 3207/3207/3207
f 3207/3207/3207 4422/4422/4422 4423/4423/4423
f 3207/3207/3207 4423/4423/4423 4426/4426/4426
f 3212/3212/3212 4415/4415/4415 3209/3209/3209
f 3209/3209/3209 4415/4415/4415 4416/4416/4416
f 3209/3209/3209 4416/4416/4416 4418/4418/4418
f 3213/3213/3213 4492/4492/4492 3212/3212/3212
f 3212/3212/3212 4492/4492/4492 4475/4475/4475
f 3212/3212/3212 4475/4475/4475 4477/4477/4477
f 3216/3216/3216 4485/4485/4485 3213/3213/3213
f 3213/3213/3213 4485/4485/4485 4488/4488/4488
f 3213/3213/3213 4488/4488/4488 4490/4490/4490
f 3218/3218/3218 4546/4546/4546 3216/3216/3216
f 3216/3216/3216 4546/4546/4546 4481/4481/4481
f 3216/3216/3216 4481/4481/4481 4483/4483/4483
f 3219/3219/3219 4555/4555/4555 3218/3218/3218
f 3218/3218/3218 4555/4555/4555 4558/4558/4558
f 3218/3218/3218 4558/4558/4558 4559/4559/4559
f 3221/3221/3221 4548/4548/4548 3219/3219/3219
f 3219/3219/3219 4548/4548/4548 4550/4550/4550
f 3219/3219/3219 4550/4550/4550 4552/4552/4552
f 3224/3224/3224 4626/4626/4626 3221/3221/3221
f 3221/3221/3221 4626/4626/4626 4627/4627/4627
f 3221/3221/3221 4627/4627/4627 4629/4629/4629
f 3225/3225/3225 4619/4619/4619 3224/3224/3224
f 3224/3224/3224 4619/4619/4619 4621/4621/4621
f 3224/3224/3224 4621/4621/4621 4623/4623/4623
f 3227/3227/3227 4679/4679/4679 3225/3225/3225
f 3225/3225/3225 4679/4679/4679 4681/4681/4681
f 3225/3225/3225 4681/4681/4681 4617/4617/4617
f 3230/3230/3230 4691/4691/4691 3227/3227/3227
f 3227/3227/3227 4691/4691/4691 4694/4694/4694
f 3227/3227/3227 4694/4694/4694 4696/4696/4696
f 3232/3232/3232 4750/4750/4750 3230/3230/3230
f 3230/3230/3230 4750/4750/4750 4685/4685/4685
f 3230/3230/3230 4685/4685/4685 4687/4687/4687
f 3233/3233/3233 4761/4761/4761 3232/3232/3232
f 3232/3232/3232 4761/4761/4761 4763/4763/4763
f 3232/3232/3232 4763/4763/4763 4766/4766/4766
f 3235/3235/3235 4754/4754/4754 3233/3233/3233
f 3233/3233/3233 4754/4754/4754 4756/4756/4756
f 3233/3233/3233 4756/4756/4756 4760/4760/4760
f 3238/3238/3238 4831/4831/4831 3235/3235/3235
f 3235/3235/3235 4831/4831/4831 4816/4816/4816
f 3235/3235/3235 4816/4816/4816 4817/4817/4817
f 3239/3239/3239 4824/4824/4824 3238/3238/3238
f 3238/3238/3238 4824/4824/4824 4827/4827/4827
f 3238/3238/3238 4827/4827/4827 4830/4830/4830
f 3241/3241/3241 4886/4886/4886 3239/3239/3239
f 3239/3239/3239 4886/4886/4886 4821/4821/4821
f 3239/3239/3239 4821/4821/4821 4822/4822/4822
f 3244/3244/3244 4896/4896/4896 3241/3241/3241
f 3241/3241/3241 4896/4896/4896 4898/4898/4898
f 3241/3241/3241 4898/4898/4898 4900/4900/4900
f 3245/3245/3245 4889/4889/4889 3244/3244/3244
f 3244/3244/3244 4889/4889/4889 4890/4890/4890
f 3244/3244/3244 4890/4890/4890 4893/4893/4893
f 3247/3247/3247 4965/4965/4965 3245/3245/3245
f 3245/3245/3245 4965/4965/4965 4967/4967/4967
f 3245/3245/3245 4967/4967/4967 4969/4969/4969
f 3250/3250/3250 4959/4959/4959 3247/3247/3247
f 3247/3247/3247 4959/4959/4959 4960/4960/4960
f 3247/3247/3247 4960/4960/4960 4963/4963/4963
f 3251/3251/3251 5020/5020/5020 3250/3250/3250
f 3250/3250/3250 5020/5020/5020 5022/5022/5022
f 3250/3250/3250 5022/5022/5022 4956/4956/4956
f 3253/3253/3253 5030/5030/5030 3251/3251/3251
f 3251/3251/3251 5030/5030/5030 5033/5033/5033
f 3251/3251/3251 5033/5033/5033 5035/5035/5035
f 3120/3120/3120 5090/5090/5090 3253/3253/3253
f 3253/3253/3253 5090/5090/5090 5023/5023/5023
f 3253/3253/3253 5023/5023/5023 5026/5026/5026
f 3258/3258/3258 3260/3260/3260 3129/3129/3129
f 3265/3265/3265 3267/3267/3267 3127/3127/3127
f 620/620/620 3290/3290/3290 623/623/623
f 623/623/623 3290/3290/3290 3293/3293/3293
f 623/623/623 3293/3293/3293 3294/3294/3294
f 3294/3294/3294 3298/3298/3298 623/623/623
f 623/623/623 3298/3298/3298 3299/3299/3299
f 623/623/623 3299/3299/3299 3302/3302/3302
f 3304/3304/3304 3351/3351/3351 3302/3302/3302
f 3302/3302/3302 3351/3351/3351 3353/3353/3353
f 3302/3302/3302 3353/3353/3353 625/625/625
f 625/625/625 3353/3353/3353 3355/3355/3355
f 625/625/625 3355/3355/3355 3358/3358/3358
f 3351/3351/3351 3304/3304/3304 3349/3349/3349
f 3349/3349/3349 3304/3304/3304 3305/3305/3305
f 3349/3349/3349 3305/3305/3305 3347/3347/3347
f 3347/3347/3347 3305/3305/3305 3309/3309/3309
f 3347/3347/3347 3309/3309/3309 3345/3345/3345
f 3345/3345/3345 3309/3309/3309 3310/3310/3310
f 3345/3345/3345 3310/3310/3310 3342/3342/3342
f 3342/3342/3342 3310/3310/3310 3312/3312/3312
f 3342/3342/3342 3312/3312/3312 3316/3316/3316
f 3342/3342/3342 3316/3316/3316 3341/3341/3341
f 3341/3341/3341 3316/3316/3316 3318/3318/3318
f 3341/3341/3341 3318/3318/3318 3338/3338/3338
f 3338/3338/3338 3318/3318/3318 3320/3320/3320
f 3338/3338/3338 3320/3320/3320 3131/3131/3131
f 3131/3131/3131 3320/3320/3320 3322/3322/3322
f 3328/3328/3328 3332/3332/3332 3134/3134/3134
f 3335/3335/3335 3338/3338/3338 3131/3131/3131
f 3358/3358/3358 3360/3360/3360 625/625/625
f 625/625/625 3360/3360/3360 3362/3362/3362
f 625/625/625 3362/3362/3362 627/627/627
f 627/627/627 3362/3362/3362 3366/3366/3366
f 627/627/627 3366/3366/3366 3368/3368/3368
f 3368/3368/3368 3369/3369/3369 627/627/627
f 627/627/627 3369/3369/3369 3421/3421/3421
f 627/627/627 3421/3421/3421 629/629/629
f 629/629/629 3421/3421/3421 3424/3424/3424
f 629/629/629 3424/3424/3424 3427/3427/3427
f 3421/3421/3421 3369/3369/3369 3420/3420/3420
f 3420/3420/3420 3369/3369/3369 3372/3372/3372
f 3420/3420/3420 3372/3372/3372 3418/3418/3418
f 3418/3418/3418 3372/3372/3372 3373/3373/3373
f 3418/3418/3418 3373/3373/3373 3415/3415/3415
f 3415/3415/3415 3373/3373/3373 3377/3377/3377
f 3415/3415/3415 3377/3377/3377 3413/3413/3413
f 3413/3413/3413 3377/3377/3377 3379/3379/3379
f 3413/3413/3413 3379/3379/3379 3411/3411/3411
f 3411/3411/3411 3379/3379/3379 3381/3381/3381
f 3411/3411/3411 3381/3381/3381 3383/3383/3383
f 3411/3411/3411 3383/3383/3383 3408/3408/3408
f 3408/3408/3408 3383/3383/3383 3385/3385/3385
f 3408/3408/3408 3385/3385/3385 3405/3405/3405
f 3405/3405/3405 3385/3385/3385 3135/3135/3135
f 3385/3385/3385 3387/3387/3387 3135/3135/3135
f 3135/3135/3135 3387/3387/3387 3389/3389/3389
f 3135/3135/3135 3389/3389/3389 3325/3325/3325
f 3391/3391/3391 3395/3395/3395 3139/3139/3139
f 3399/3399/3399 3402/3402/3402 3138/3138/3138
f 3427/3427/3427 3429/3429/3429 629/629/629
f 629/629/629 3429/3429/3429 3431/3431/3431
f 629/629/629 3431/3431/3431 3434/3434/3434
f 629/629/629 3434/3434/3434 630/630/630
f 630/630/630 3434/3434/3434 3436/3436/3436
f 630/630/630 3436/3436/3436 3438/3438/3438
f 630/630/630 3438/3438/3438 3487/3487/3487
f 3487/3487/3487 3438/3438/3438 3440/3440/3440
f 3487/3487/3487 3440/3440/3440 3484/3484/3484
f 3484/3484/3484 3440/3440/3440 3443/3443/3443
f 3484/3484/3484 3443/3443/3443 3482/3482/3482
f 3482/3482/3482 3443/3443/3443 3445/3445/3445
f 3482/3482/3482 3445/3445/3445 3480/3480/3480
f 3480/3480/3480 3445/3445/3445 3446/3446/3446
f 3480/3480/3480 3446/3446/3446 3478/3478/3478
f 3478/3478/3478 3446/3446/3446 3448/3448/3448
f 3478/3478/3478 3448/3448/3448 3450/3450/3450
f 3478/3478/3478 3450/3450/3450 3477/3477/3477
f 3477/3477/3477 3450/3450/3450 3453/3453/3453
f 3477/3477/3477 3453/3453/3453 3473/3473/3473
f 3473/3473/3473 3453/3453/3453 3455/3455/3455
f 3473/3473/3473 3455/3455/3455 3472/3472/3472
f 3472/3472/3472 3455/3455/3455 3141/3141/3141
f 3462/3462/3462 3465/3465/3465 3143/3143/3143
f 3143/3143/3143 3465/3465/3465 3468/3468/3468
f 3487/3487/3487 3490/3490/3490 630/630/630
f 630/630/630 3490/3490/3490 633/633/633
f 633/633/633 3490/3490/3490 3492/3492/3492
f 633/633/633 3492/3492/3492 3495/3495/3495
f 3495/3495/3495 3496/3496/3496 633/633/633
f 633/633/633 3496/3496/3496 3498/3498/3498
f 633/633/633 3498/3498/3498 3502/3502/3502
f 633/633/633 3502/3502/3502 634/634/634
f 634/634/634 3502/3502/3502 3503/3503/3503
f 634/634/634 3503/3503/3503 3505/3505/3505
f 3556/3556/3556 3507/3507/3507 3552/3552/3552
f 3552/3552/3552 3507/3507/3507 3511/3511/3511
f 3552/3552/3552 3511/3511/3511 3550/3550/3550
f 3550/3550/3550 3511/3511/3511 3512/3512/3512
f 3550/3550/3550 3512/3512/3512 3549/3549/3549
f 3549/3549/3549 3512/3512/3512 3514/3514/3514
f 3549/3549/3549 3514/3514/3514 3546/3546/3546
f 3546/3546/3546 3514/3514/3514 3517/3517/3517
f 3546/3546/3546 3517/3517/3517 3519/3519/3519
f 3546/3546/3546 3519/3519/3519 3543/3543/3543
f 3543/3543/3543 3519/3519/3519 3522/3522/3522
f 3543/3543/3543 3522/3522/3522 3541/3541/3541
f 3541/3541/3541 3522/3522/3522 3146/3146/3146
f 3522/3522/3522 3523/3523/3523 3146/3146/3146
f 3146/3146/3146 3523/3523/3523 3525/3525/3525
f 3533/3533/3533 3536/3536/3536 3147/3147/3147
f 3147/3147/3147 3536/3536/3536 3537/3537/3537
f 3592/3592/3592 3594/3594/3594 3150/3150/3150
f 3150/3150/3150 3594/3594/3594 3528/3528/3528
f 3599/3599/3599 3601/3601/3601 3153/3153/3153
f 3606/3606/3606 3607/3607/3607 3151/3151/3151
f 3623/3623/3623 3625/3625/3625 639/639/639
f 639/639/639 3625/3625/3625 3627/3627/3627
f 639/639/639 3627/3627/3627 640/640/640
f 640/640/640 3627/3627/3627 3629/3629/3629
f 640/640/640 3629/3629/3629 3632/3632/3632
f 3632/3632/3632 3635/3635/3635 640/640/640
f 640/640/640 3635/3635/3635 3638/3638/3638
f 640/640/640 3638/3638/3638 3639/3639/3639
f 640/640/640 3639/3639/3639 535/535/535
f 535/535/535 3639/3639/3639 3641/3641/3641
f 535/535/535 3641/3641/3641 3692/3692/3692
f 3692/3692/3692 3641/3641/3641 3644/3644/3644
f 3692/3692/3692 3644/3644/3644 3689/3689/3689
f 3689/3689/3689 3644/3644/3644 3647/3647/3647
f 3689/3689/3689 3647/3647/3647 3686/3686/3686
f 3686/3686/3686 3647/3647/3647 3649/3649/3649
f 3686/3686/3686 3649/3649/3649 3685/3685/3685
f 3685/3685/3685 3649/3649/3649 3650/3650/3650
f 3685/3685/3685 3650/3650/3650 3682/3682/3682
f 3682/3682/3682 3650/3650/3650 3652/3652/3652
f 3682/3682/3682 3652/3652/3652 3655/3655/3655
f 3682/3682/3682 3655/3655/3655 3681/3681/3681
f 3681/3681/3681 3655/3655/3655 3657/3657/3657
f 3681/3681/3681 3657/3657/3657 3678/3678/3678
f 3678/3678/3678 3657/3657/3657 3660/3660/3660
f 3678/3678/3678 3660/3660/3660 3155/3155/3155
f 3155/3155/3155 3660/3660/3660 3661/3661/3661
f 3669/3669/3669 3672/3672/3672 3157/3157/3157
f 3675/3675/3675 3678/3678/3678 3155/3155/3155
f 3692/3692/3692 3694/3694/3694 535/535/535
f 535/535/535 3694/3694/3694 3696/3696/3696
f 535/535/535 3696/3696/3696 538/538/538
f 538/538/538 3696/3696/3696 3699/3699/3699
f 538/538/538 3699/3699/3699 3700/3700/3700
f 3700/3700/3700 3703/3703/3703 538/538/538
f 538/538/538 3703/3703/3703 3704/3704/3704
f 538/538/538 3704/3704/3704 3708/3708/3708
f 538/538/538 3708/3708/3708 541/541/541
f 541/541/541 3708/3708/3708 3709/3709/3709
f 541/541/541 3709/3709/3709 3759/3759/3759
f 3759/3759/3759 3709/3709/3709 3711/3711/3711
f 3759/3759/3759 3711/3711/3711 3758/3758/3758
f 3758/3758/3758 3711/3711/3711 3714/3714/3714
f 3758/3758/3758 3714/3714/3714 3755/3755/3755
f 3755/3755/3755 3714/3714/3714 3717/3717/3717
f 3755/3755/3755 3717/3717/3717 3753/3753/3753
f 3753/3753/3753 3717/3717/3717 3719/3719/3719
f 3753/3753/3753 3719/3719/3719 3751/3751/3751
f 3751/3751/3751 3719/3719/3719 3721/3721/3721
f 3751/3751/3751 3721/3721/3721 3724/3724/3724
f 3751/3751/3751 3724/3724/3724 3749/3749/3749
f 3749/3749/3749 3724/3724/3724 3726/3726/3726
f 3749/3749/3749 3726/3726/3726 3745/3745/3745
f 3745/3745/3745 3726/3726/3726 3159/3159/3159
f 3726/3726/3726 3727/3727/3727 3159/3159/3159
f 3159/3159/3159 3727/3727/3727 3729/3729/3729
f 3159/3159/3159 3729/3729/3729 3663/3663/3663
f 3731/3731/3731 3734/3734/3734 3164/3164/3164
f 3738/3738/3738 3741/3741/3741 3162/3162/3162
f 3759/3759/3759 3761/3761/3761 541/541/541
f 541/541/541 3761/3761/3761 3763/3763/3763
f 541/541/541 3763/3763/3763 542/542/542
f 542/542/542 3763/3763/3763 3767/3767/3767
f 542/542/542 3767/3767/3767 3769/3769/3769
f 3769/3769/3769 3770/3770/3770 542/542/542
f 542/542/542 3770/3770/3770 3772/3772/3772
f 542/542/542 3772/3772/3772 3776/3776/3776
f 542/542/542 3776/3776/3776 544/544/544
f 544/544/544 3776/3776/3776 3777/3777/3777
f 544/544/544 3777/3777/3777 3827/3827/3827
f 3827/3827/3827 3777/3777/3777 3779/3779/3779
f 3827/3827/3827 3779/3779/3779 3826/3826/3826
f 3826/3826/3826 3779/3779/3779 3781/3781/3781
f 3826/3826/3826 3781/3781/3781 3823/3823/3823
f 3823/3823/3823 3781/3781/3781 3784/3784/3784
f 3823/3823/3823 3784/3784/3784 3820/3820/3820
f 3820/3820/3820 3784/3784/3784 3787/3787/3787
f 3820/3820/3820 3787/3787/3787 3818/3818/3818
f 3818/3818/3818 3787/3787/3787 3789/3789/3789
f 3818/3818/3818 3789/3789/3789 3792/3792/3792
f 3818/3818/3818 3792/3792/3792 3815/3815/3815
f 3815/3815/3815 3792/3792/3792 3793/3793/3793
f 3815/3815/3815 3793/3793/3793 3814/3814/3814
f 3814/3814/3814 3793/3793/3793 3796/3796/3796
f 3814/3814/3814 3796/3796/3796 3811/3811/3811
f 3811/3811/3811 3796/3796/3796 3166/3166/3166
f 3811/3811/3811 3166/3166/3166 3810/3810/3810
f 3803/3803/3803 3804/3804/3804 3168/3168/3168
f 3827/3827/3827 3829/3829/3829 544/544/544
f 544/544/544 3829/3829/3829 3831/3831/3831
f 544/544/544 3831/3831/3831 3833/3833/3833
f 544/544/544 3833/3833/3833 547/547/547
f 547/547/547 3833/3833/3833 3837/3837/3837
f 547/547/547 3837/3837/3837 3839/3839/3839
f 3839/3839/3839 3840/3840/3840 547/547/547
f 547/547/547 3840/3840/3840 3844/3844/3844
f 547/547/547 3844/3844/3844 3846/3846/3846
f 3847/3847/3847 3895/3895/3895 3846/3846/3846
f 3846/3846/3846 3895/3895/3895 3898/3898/3898
f 3846/3846/3846 3898/3898/3898 548/548/548
f 548/548/548 3898/3898/3898 3900/3900/3900
f 548/548/548 3900/3900/3900 3902/3902/3902
f 3895/3895/3895 3847/3847/3847 3892/3892/3892
f 3892/3892/3892 3847/3847/3847 3851/3851/3851
f 3892/3892/3892 3851/3851/3851 3891/3891/3891
f 3891/3891/3891 3851/3851/3851 3852/3852/3852
f 3891/3891/3891 3852/3852/3852 3888/3888/3888
f 3888/3888/3888 3852/3852/3852 3854/3854/3854
f 3888/3888/3888 3854/3854/3854 3886/3886/3886
f 3886/3886/3886 3854/3854/3854 3856/3856/3856
f 3886/3886/3886 3856/3856/3856 3858/3858/3858
f 3886/3886/3886 3858/3858/3858 3883/3883/3883
f 3883/3883/3883 3858/3858/3858 3861/3861/3861
f 3883/3883/3883 3861/3861/3861 3882/3882/3882
f 3882/3882/3882 3861/3861/3861 3169/3169/3169
f 3861/3861/3861 3863/3863/3863 3169/3169/3169
f 3169/3169/3169 3863/3863/3863 3865/3865/3865
f 3872/3872/3872 3874/3874/3874 3171/3171/3171
f 3171/3171/3171 3874/3874/3874 3878/3878/3878
f 548/548/548 3902/3902/3902 551/551/551
f 551/551/551 3902/3902/3902 3905/3905/3905
f 551/551/551 3905/3905/3905 3907/3907/3907
f 3907/3907/3907 3910/3910/3910 551/551/551
f 551/551/551 3910/3910/3910 3911/3911/3911
f 551/551/551 3911/3911/3911 3914/3914/3914
f 3932/3932/3932 3934/3934/3934 3173/3173/3173
f 3173/3173/3173 3934/3934/3934 3867/3867/3867
f 3938/3938/3938 3940/3940/3940 3177/3177/3177
f 3946/3946/3946 3948/3948/3948 3176/3176/3176
f 3969/3969/3969 3972/3972/3972 552/552/552
f 552/552/552 3972/3972/3972 555/555/555
f 555/555/555 3972/3972/3972 3975/3975/3975
f 555/555/555 3975/3975/3975 3978/3978/3978
f 3978/3978/3978 3979/3979/3979 555/555/555
f 555/555/555 3979/3979/3979 3982/3982/3982
f 555/555/555 3982/3982/3982 4034/4034/4034
f 4034/4034/4034 3982/3982/3982 4032/4032/4032
f 4032/4032/4032 3982/3982/3982 3984/3984/3984
f 4032/4032/4032 3984/3984/3984 4029/4029/4029
f 4029/4029/4029 3984/3984/3984 3987/3987/3987
f 4029/4029/4029 3987/3987/3987 4026/4026/4026
f 4026/4026/4026 3987/3987/3987 3989/3989/3989
f 4026/4026/4026 3989/3989/3989 4025/4025/4025
f 4025/4025/4025 3989/3989/3989 3990/3990/3990
f 4025/4025/4025 3990/3990/3990 4022/4022/4022
f 4022/4022/4022 3990/3990/3990 3993/3993/3993
f 4022/4022/4022 3993/3993/3993 3996/3996/3996
f 4022/4022/4022 3996/3996/3996 4021/4021/4021
f 4021/4021/4021 3996/3996/3996 3998/3998/3998
f 4021/4021/4021 3998/3998/3998 4018/4018/4018
f 4018/4018/4018 3998/3998/3998 4000/4000/4000
f 4018/4018/4018 4000/4000/4000 3179/3179/3179
f 3179/3179/3179 4000/4000/4000 4001/4001/4001
f 4009/4009/4009 4010/4010/4010 3182/3182/3182
f 4016/4016/4016 4018/4018/4018 3179/3179/3179
f 555/555/555 4034/4034/4034 556/556/556
f 556/556/556 4034/4034/4034 4035/4035/4035
f 556/556/556 4035/4035/4035 4039/4039/4039
f 4039/4039/4039 4041/4041/4041 556/556/556
f 556/556/556 4041/4041/4041 4042/4042/4042
f 556/556/556 4042/4042/4042 559/559/559
f 559/559/559 4042/4042/4042 4045/4045/4045
f 559/559/559 4045/4045/4045 4047/4047/4047
f 4047/4047/4047 4050/4050/4050 559/559/559
f 559/559/559 4050/4050/4050 4099/4099/4099
f 559/559/559 4099/4099/4099 4101/4101/4101
f 4050/4050/4050 4052/4052/4052 4099/4099/4099
f 4099/4099/4099 4052/4052/4052 4098/4098/4098
f 4098/4098/4098 4052/4052/4052 4054/4054/4054
f 4098/4098/4098 4054/4054/4054 4094/4094/4094
f 4094/4094/4094 4054/4054/4054 4057/4057/4057
f 4094/4094/4094 4057/4057/4057 4093/4093/4093
f 4093/4093/4093 4057/4057/4057 4059/4059/4059
f 4093/4093/4093 4059/4059/4059 4091/4091/4091
f 4091/4091/4091 4059/4059/4059 4060/4060/4060
f 4091/4091/4091 4060/4060/4060 4064/4064/4064
f 4091/4091/4091 4064/4064/4064 4087/4087/4087
f 4087/4087/4087 4064/4064/4064 4066/4066/4066
f 4087/4087/4087 4066/4066/4066 4086/4086/4086
f 4086/4086/4086 4066/4066/4066 3183/3183/3183
f 4066/4066/4066 4067/4067/4067 3183/3183/3183
f 3183/3183/3183 4067/4067/4067 4069/4069/4069
f 3183/3183/3183 4069/4069/4069 4005/4005/4005
f 4137/4137/4137 4071/4071/4071 3187/3187/3187
f 3187/3187/3187 4071/4071/4071 4074/4074/4074
f 4080/4080/4080 4082/4082/4082 3185/3185/3185
f 559/559/559 4101/4101/4101 561/561/561
f 561/561/561 4101/4101/4101 4103/4103/4103
f 561/561/561 4103/4103/4103 4105/4105/4105
f 4105/4105/4105 4109/4109/4109 561/561/561
f 561/561/561 4109/4109/4109 4110/4110/4110
f 561/561/561 4110/4110/4110 4113/4113/4113
f 561/561/561 4113/4113/4113 563/563/563
f 563/563/563 4113/4113/4113 4116/4116/4116
f 563/563/563 4116/4116/4116 4118/4118/4118
f 563/563/563 4118/4118/4118 4168/4168/4168
f 4168/4168/4168 4118/4118/4118 4120/4120/4120
f 4168/4168/4168 4120/4120/4120 4165/4165/4165
f 4165/4165/4165 4120/4120/4120 4122/4122/4122
f 4165/4165/4165 4122/4122/4122 4162/4162/4162
f 4162/4162/4162 4122/4122/4122 4124/4124/4124
f 4162/4162/4162 4124/4124/4124 4160/4160/4160
f 4160/4160/4160 4124/4124/4124 4127/4127/4127
f 4160/4160/4160 4127/4127/4127 4159/4159/4159
f 4159/4159/4159 4127/4127/4127 4129/4129/4129
f 4159/4159/4159 4129/4129/4129 4131/4131/4131
f 4159/4159/4159 4131/4131/4131 4157/4157/4157
f 4157/4157/4157 4131/4131/4131 4133/4133/4133
f 4157/4157/4157 4133/4133/4133 4153/4153/4153
f 4153/4153/4153 4133/4133/4133 4135/4135/4135
f 4153/4153/4153 4135/4135/4135 4151/4151/4151
f 4142/4142/4142 4145/4145/4145 3192/3192/3192
f 4150/4150/4150 4151/4151/4151 3189/3189/3189
f 4168/4168/4168 4170/4170/4170 563/563/563
f 563/563/563 4170/4170/4170 4172/4172/4172
f 563/563/563 4172/4172/4172 564/564/564
f 564/564/564 4172/4172/4172 4173/4173/4173
f 564/564/564 4173/4173/4173 4176/4176/4176
f 4176/4176/4176 4178/4178/4178 564/564/564
f 564/564/564 4178/4178/4178 4180/4180/4180
f 564/564/564 4180/4180/4180 567/567/567
f 567/567/567 4180/4180/4180 4184/4184/4184
f 567/567/567 4184/4184/4184 4185/4185/4185
f 567/567/567 4185/4185/4185 4235/4235/4235
f 4235/4235/4235 4185/4185/4185 4188/4188/4188
f 4235/4235/4235 4188/4188/4188 4232/4232/4232
f 4232/4232/4232 4188/4188/4188 4189/4189/4189
f 4232/4232/4232 4189/4189/4189 4230/4230/4230
f 4230/4230/4230 4189/4189/4189 4193/4193/4193
f 4230/4230/4230 4193/4193/4193 4229/4229/4229
f 4229/4229/4229 4193/4193/4193 4195/4195/4195
f 4229/4229/4229 4195/4195/4195 4227/4227/4227
f 4227/4227/4227 4195/4195/4195 4196/4196/4196
f 4227/4227/4227 4196/4196/4196 4200/4200/4200
f 4227/4227/4227 4200/4200/4200 4224/4224/4224
f 4224/4224/4224 4200/4200/4200 4201/4201/4201
f 4224/4224/4224 4201/4201/4201 4221/4221/4221
f 4221/4221/4221 4201/4201/4201 3194/3194/3194
f 4221/4221/4221 3194/3194/3194 4220/4220/4220
f 4201/4201/4201 4203/4203/4203 3194/3194/3194
f 3194/3194/3194 4203/4203/4203 4206/4206/4206
f 4213/4213/4213 4216/4216/4216 3196/3196/3196
f 4235/4235/4235 4238/4238/4238 567/567/567
f 567/567/567 4238/4238/4238 4239/4239/4239
f 567/567/567 4239/4239/4239 568/568/568
f 568/568/568 4239/4239/4239 4241/4241/4241
f 568/568/568 4241/4241/4241 4244/4244/4244
f 4244/4244/4244 4246/4246/4246 568/568/568
f 568/568/568 4246/4246/4246 4249/4249/4249
f 568/568/568 4249/4249/4249 4252/4252/4252
f 568/568/568 4252/4252/4252 570/570/570
f 570/570/570 4252/4252/4252 4254/4254/4254
f 570/570/570 4254/4254/4254 4303/4303/4303
f 4303/4303/4303 4254/4254/4254 4255/4255/4255
f 4303/4303/4303 4255/4255/4255 4301/4301/4301
f 4301/4301/4301 4255/4255/4255 4259/4259/4259
f 4301/4301/4301 4259/4259/4259 4298/4298/4298
f 4298/4298/4298 4259/4259/4259 4261/4261/4261
f 4298/4298/4298 4261/4261/4261 4296/4296/4296
f 4296/4296/4296 4261/4261/4261 4263/4263/4263
f 4296/4296/4296 4263/4263/4263 4294/4294/4294
f 4294/4294/4294 4263/4263/4263 4264/4264/4264
f 4294/4294/4294 4264/4264/4264 4268/4268/4268
f 4294/4294/4294 4268/4268/4268 4291/4291/4291
f 4291/4291/4291 4268/4268/4268 4270/4270/4270
f 4291/4291/4291 4270/4270/4270 4289/4289/4289
f 4289/4289/4289 4270/4270/4270 4272/4272/4272
f 4289/4289/4289 4272/4272/4272 3197/3197/3197
f 3197/3197/3197 4272/4272/4272 4273/4273/4273
f 3197/3197/3197 4273/4273/4273 4209/4209/4209
f 4275/4275/4275 4279/4279/4279 3202/3202/3202
f 3202/3202/3202 4279/4279/4279 4280/4280/4280
f 4303/4303/4303 4305/4305/4305 570/570/570
f 570/570/570 4305/4305/4305 4307/4307/4307
f 570/570/570 4307/4307/4307 572/572/572
f 572/572/572 4307/4307/4307 4311/4311/4311
f 572/572/572 4311/4311/4311 4313/4313/4313
f 4313/4313/4313 4314/4314/4314 572/572/572
f 572/572/572 4314/4314/4314 4316/4316/4316
f 572/572/572 4316/4316/4316 4319/4319/4319
f 572/572/572 4319/4319/4319 574/574/574
f 574/574/574 4319/4319/4319 4322/4322/4322
f 574/574/574 4322/4322/4322 4371/4371/4371
f 4371/4371/4371 4322/4322/4322 4323/4323/4323
f 4371/4371/4371 4323/4323/4323 4368/4368/4368
f 4368/4368/4368 4323/4323/4323 4325/4325/4325
f 4368/4368/4368 4325/4325/4325 4367/4367/4367
f 4367/4367/4367 4325/4325/4325 4328/4328/4328
f 4367/4367/4367 4328/4328/4328 4364/4364/4364
f 4364/4364/4364 4328/4328/4328 4331/4331/4331
f 4364/4364/4364 4331/4331/4331 4362/4362/4362
f 4362/4362/4362 4331/4331/4331 4333/4333/4333
f 4362/4362/4362 4333/4333/4333 4334/4334/4334
f 4362/4362/4362 4334/4334/4334 4361/4361/4361
f 4361/4361/4361 4334/4334/4334 4337/4337/4337
f 4361/4361/4361 4337/4337/4337 4358/4358/4358
f 4358/4358/4358 4337/4337/4337 4340/4340/4340
f 4358/4358/4358 4340/4340/4340 4356/4356/4356
f 4356/4356/4356 4340/4340/4340 3203/3203/3203
f 4349/4349/4349 4350/4350/4350 3205/3205/3205
f 4371/4371/4371 4374/4374/4374 574/574/574
f 574/574/574 4374/4374/4374 4375/4375/4375
f 574/574/574 4375/4375/4375 577/577/577
f 577/577/577 4375/4375/4375 4379/4379/4379
f 577/577/577 4379/4379/4379 4380/4380/4380
f 4380/4380/4380 4383/4383/4383 577/577/577
f 577/577/577 4383/4383/4383 4384/4384/4384
f 577/577/577 4384/4384/4384 4388/4388/4388
f 577/577/577 4388/4388/4388 579/579/579
f 579/579/579 4388/4388/4388 4389/4389/4389
f 579/579/579 4389/4389/4389 4440/4440/4440
f 4440/4440/4440 4389/4389/4389 4392/4392/4392
f 4440/4440/4440 4392/4392/4392 4436/4436/4436
f 4436/4436/4436 4392/4392/4392 4393/4393/4393
f 4436/4436/4436 4393/4393/4393 4435/4435/4435
f 4435/4435/4435 4393/4393/4393 4397/4397/4397
f 4435/4435/4435 4397/4397/4397 4433/4433/4433
f 4433/4433/4433 4397/4397/4397 4398/4398/4398
f 4433/4433/4433 4398/4398/4398 4430/4430/4430
f 4430/4430/4430 4398/4398/4398 4400/4400/4400
f 4430/4430/4430 4400/4400/4400 4404/4404/4404
f 4430/4430/4430 4404/4404/4404 4429/4429/4429
f 4429/4429/4429 4404/4404/4404 4405/4405/4405
f 4429/4429/4429 4405/4405/4405 4426/4426/4426
f 4426/4426/4426 4405/4405/4405 3207/3207/3207
f 4405/4405/4405 4408/4408/4408 3207/3207/3207
f 3207/3207/3207 4408/4408/4408 4409/4409/4409
f 3207/3207/3207 4409/4409/4409 4345/4345/4345
f 4477/4477/4477 4411/4411/4411 3212/3212/3212
f 3212/3212/3212 4411/4411/4411 4415/4415/4415
f 4418/4418/4418 4422/4422/4422 3209/3209/3209
f 4440/4440/4440 4441/4441/4441 579/579/579
f 579/579/579 4441/4441/4441 4444/4444/4444
f 579/579/579 4444/4444/4444 4445/4445/4445
f 579/579/579 4445/4445/4445 580/580/580
f 580/580/580 4445/4445/4445 4449/4449/4449
f 580/580/580 4449/4449/4449 4450/4450/4450
f 4450/4450/4450 4452/4452/4452 580/580/580
f 580/580/580 4452/4452/4452 4455/4455/4455
f 580/580/580 4455/4455/4455 4457/4457/4457
f 4459/4459/4459 4507/4507/4507 4457/4457/4457
f 4457/4457/4457 4507/4507/4507 4509/4509/4509
f 4457/4457/4457 4509/4509/4509 583/583/583
f 583/583/583 4509/4509/4509 4511/4511/4511
f 583/583/583 4511/4511/4511 4514/4514/4514
f 4507/4507/4507 4459/4459/4459 4506/4506/4506
f 4506/4506/4506 4459/4459/4459 4461/4461/4461
f 4506/4506/4506 4461/4461/4461 4502/4502/4502
f 4502/4502/4502 4461/4461/4461 4465/4465/4465
f 4502/4502/4502 4465/4465/4465 4500/4500/4500
f 4500/4500/4500 4465/4465/4465 4466/4466/4466
f 4500/4500/4500 4466/4466/4466 4499/4499/4499
f 4499/4499/4499 4466/4466/4466 4468/4468/4468
f 4499/4499/4499 4468/4468/4468 4472/4472/4472
f 4499/4499/4499 4472/4472/4472 4495/4495/4495
f 4495/4495/4495 4472/4472/4472 4473/4473/4473
f 4495/4495/4495 4473/4473/4473 4494/4494/4494
f 4494/4494/4494 4473/4473/4473 4475/4475/4475
f 4494/4494/4494 4475/4475/4475 4492/4492/4492
f 4483/4483/4483 4485/4485/4485 3216/3216/3216
f 4490/4490/4490 4492/4492/4492 3213/3213/3213
f 583/583/583 4514/4514/4514 585/585/585
f 585/585/585 4514/4514/4514 4517/4517/4517
f 585/585/585 4517/4517/4517 4519/4519/4519
f 4519/4519/4519 4520/4520/4520 585/585/585
f 585/585/585 4520/4520/4520 4523/4523/4523
f 585/585/585 4523/4523/4523 4525/4525/4525
f 4528/4528/4528 4576/4576/4576 4525/4525/4525
f 4525/4525/4525 4576/4576/4576 4577/4577/4577
f 4525/4525/4525 4577/4577/4577 587/587/587
f 587/587/587 4577/4577/4577 4579/4579/4579
f 587/587/587 4579/4579/4579 4582/4582/4582
f 4576/4576/4576 4528/4528/4528 4574/4574/4574
f 4574/4574/4574 4528/4528/4528 4529/4529/4529
f 4574/4574/4574 4529/4529/4529 4570/4570/4570
f 4570/4570/4570 4529/4529/4529 4532/4532/4532
f 4570/4570/4570 4532/4532/4532 4569/4569/4569
f 4569/4569/4569 4532/4532/4532 4535/4535/4535
f 4569/4569/4569 4535/4535/4535 4566/4566/4566
f 4566/4566/4566 4535/4535/4535 4537/4537/4537
f 4566/4566/4566 4537/4537/4537 4538/4538/4538
f 4566/4566/4566 4538/4538/4538 4565/4565/4565
f 4565/4565/4565 4538/4538/4538 4541/4541/4541
f 4565/4565/4565 4541/4541/4541 4562/4562/4562
f 4562/4562/4562 4541/4541/4541 3218/3218/3218
f 4562/4562/4562 3218/3218/3218 4559/4559/4559
f 4541/4541/4541 4544/4544/4544 3218/3218/3218
f 3218/3218/3218 4544/4544/4544 4546/4546/4546
f 4552/4552/4552 4555/4555/4555 3219/3219/3219
f 4582/4582/4582 4585/4585/4585 587/587/587
f 587/587/587 4585/4585/4585 588/588/588
f 588/588/588 4585/4585/4585 4587/4587/4587
f 588/588/588 4587/4587/4587 4589/4589/4589
f 4589/4589/4589 4591/4591/4591 588/588/588
f 588/588/588 4591/4591/4591 4593/4593/4593
f 588/588/588 4593/4593/4593 4646/4646/4646
f 4646/4646/4646 4593/4593/4593 4643/4643/4643
f 4643/4643/4643 4593/4593/4593 4596/4596/4596
f 4643/4643/4643 4596/4596/4596 4642/4642/4642
f 4642/4642/4642 4596/4596/4596 4599/4599/4599
f 4642/4642/4642 4599/4599/4599 4639/4639/4639
f 4639/4639/4639 4599/4599/4599 4601/4601/4601
f 4639/4639/4639 4601/4601/4601 4637/4637/4637
f 4637/4637/4637 4601/4601/4601 4602/4602/4602
f 4637/4637/4637 4602/4602/4602 4634/4634/4634
f 4634/4634/4634 4602/4602/4602 4605/4605/4605
f 4634/4634/4634 4605/4605/4605 4606/4606/4606
f 4634/4634/4634 4606/4606/4606 4631/4631/4631
f 4631/4631/4631 4606/4606/4606 4609/4609/4609
f 4631/4631/4631 4609/4609/4609 4629/4629/4629
f 4629/4629/4629 4609/4609/4609 4612/4612/4612
f 4629/4629/4629 4612/4612/4612 3221/3221/3221
f 3221/3221/3221 4612/4612/4612 4613/4613/4613
f 3221/3221/3221 4613/4613/4613 4548/4548/4548
f 4617/4617/4617 4619/4619/4619 3225/3225/3225
f 4623/4623/4623 4626/4626/4626 3224/3224/3224
f 588/588/588 4646/4646/4646 590/590/590
f 590/590/590 4646/4646/4646 4648/4648/4648
f 590/590/590 4648/4648/4648 4650/4650/4650
f 4650/4650/4650 4653/4653/4653 590/590/590
f 590/590/590 4653/4653/4653 4655/4655/4655
f 590/590/590 4655/4655/4655 592/592/592
f 592/592/592 4655/4655/4655 4658/4658/4658
f 592/592/592 4658/4658/4658 4660/4660/4660
f 4660/4660/4660 4661/4661/4661 592/592/592
f 592/592/592 4661/4661/4661 4713/4713/4713
f 592/592/592 4713/4713/4713 594/594/594
f 594/594/594 4713/4713/4713 4716/4716/4716
f 594/594/594 4716/4716/4716 4718/4718/4718
f 4713/4713/4713 4661/4661/4661 4711/4711/4711
f 4711/4711/4711 4661/4661/4661 4664/4664/4664
f 4711/4711/4711 4664/4664/4664 4710/4710/4710
f 4710/4710/4710 4664/4664/4664 4667/4667/4667
f 4710/4710/4710 4667/4667/4667 4706/4706/4706
f 4706/4706/4706 4667/4667/4667 4668/4668/4668
f 4706/4706/4706 4668/4668/4668 4704/4704/4704
f 4704/4704/4704 4668/4668/4668 4670/4670/4670
f 4704/4704/4704 4670/4670/4670 4702/4702/4702
f 4702/4702/4702 4670/4670/4670 4673/4673/4673
f 4702/4702/4702 4673/4673/4673 4674/4674/4674
f 4702/4702/4702 4674/4674/4674 4699/4699/4699
f 4699/4699/4699 4674/4674/4674 4677/4677/4677
f 4699/4699/4699 4677/4677/4677 4697/4697/4697
f 4697/4697/4697 4677/4677/4677 4679/4679/4679
f 4697/4697/4697 4679/4679/4679 4696/4696/4696
f 4696/4696/4696 4679/4679/4679 3227/3227/3227
f 4687/4687/4687 4689/4689/4689 3230/3230/3230
f 3230/3230/3230 4689/4689/4689 4691/4691/4691
f 4718/4718/4718 4721/4721/4721 594/594/594
f 594/594/594 4721/4721/4721 4722/4722/4722
f 594/594/594 4722/4722/4722 4725/4725/4725
f 594/594/594 4725/4725/4725 597/597/597
f 597/597/597 4725/4725/4725 4728/4728/4728
f 597/597/597 4728/4728/4728 4730/4730/4730
f 597/597/597 4730/4730/4730 4780/4780/4780
f 4780/4780/4780 4730/4730/4730 4731/4731/4731
f 4780/4780/4780 4731/4731/4731 4777/4777/4777
f 4777/4777/4777 4731/4731/4731 4733/4733/4733
f 4777/4777/4777 4733/4733/4733 4775/4775/4775
f 4775/4775/4775 4733/4733/4733 4737/4737/4737
f 4775/4775/4775 4737/4737/4737 4773/4773/4773
f 4773/4773/4773 4737/4737/4737 4738/4738/4738
f 4773/4773/4773 4738/4738/4738 4771/4771/4771
f 4771/4771/4771 4738/4738/4738 4740/4740/4740
f 4771/4771/4771 4740/4740/4740 4742/4742/4742
f 4771/4771/4771 4742/4742/4742 4769/4769/4769
f 4769/4769/4769 4742/4742/4742 4746/4746/4746
f 4769/4769/4769 4746/4746/4746 4766/4766/4766
f 4766/4766/4766 4746/4746/4746 3232/3232/3232
f 4746/4746/4746 4747/4747/4747 3232/3232/3232
f 3232/3232/3232 4747/4747/4747 4750/4750/4750
f 4817/4817/4817 4751/4751/4751 3235/3235/3235
f 3235/3235/3235 4751/4751/4751 4754/4754/4754
f 4760/4760/4760 4761/4761/4761 3233/3233/3233
f 4780/4780/4780 4782/4782/4782 597/597/597
f 597/597/597 4782/4782/4782 598/598/598
f 598/598/598 4782/4782/4782 4783/4783/4783
f 598/598/598 4783/4783/4783 4787/4787/4787
f 4787/4787/4787 4789/4789/4789 598/598/598
f 598/598/598 4789/4789/4789 4790/4790/4790
f 598/598/598 4790/4790/4790 4792/4792/4792
f 598/598/598 4792/4792/4792 600/600/600
f 600/600/600 4792/4792/4792 4795/4795/4795
f 600/600/600 4795/4795/4795 4797/4797/4797
f 600/600/600 4797/4797/4797 4848/4848/4848
f 4848/4848/4848 4797/4797/4797 4800/4800/4800
f 4848/4848/4848 4800/4800/4800 4846/4846/4846
f 4846/4846/4846 4800/4800/4800 4803/4803/4803
f 4846/4846/4846 4803/4803/4803 4843/4843/4843
f 4843/4843/4843 4803/4803/4803 4804/4804/4804
f 4843/4843/4843 4804/4804/4804 4841/4841/4841
f 4841/4841/4841 4804/4804/4804 4806/4806/4806
f 4841/4841/4841 4806/4806/4806 4838/4838/4838
f 4838/4838/4838 4806/4806/4806 4809/4809/4809
f 4838/4838/4838 4809/4809/4809 4811/4811/4811
f 4838/4838/4838 4811/4811/4811 4835/4835/4835
f 4835/4835/4835 4811/4811/4811 4814/4814/4814
f 4835/4835/4835 4814/4814/4814 4834/4834/4834
f 4834/4834/4834 4814/4814/4814 4816/4816/4816
f 4834/4834/4834 4816/4816/4816 4831/4831/4831
f 4822/4822/4822 4824/4824/4824 3239/3239/3239
f 4830/4830/4830 4831/4831/4831 3238/3238/3238
f 4848/4848/4848 4849/4849/4849 600/600/600
f 600/600/600 4849/4849/4849 4852/4852/4852
f 600/600/600 4852/4852/4852 603/603/603
f 603/603/603 4852/4852/4852 4853/4853/4853
f 603/603/603 4853/4853/4853 4856/4856/4856
f 4856/4856/4856 4858/4858/4858 603/603/603
f 603/603/603 4858/4858/4858 4862/4862/4862
f 603/603/603 4862/4862/4862 4864/4864/4864
f 603/603/603 4864/4864/4864 604/604/604
f 604/604/604 4864/4864/4864 4865/4865/4865
f 604/604/604 4865/4865/4865 4916/4916/4916
f 4916/4916/4916 4865/4865/4865 4868/4868/4868
f 4916/4916/4916 4868/4868/4868 4913/4913/4913
f 4913/4913/4913 4868/4868/4868 4870/4870/4870
f 4913/4913/4913 4870/4870/4870 4911/4911/4911
f 4911/4911/4911 4870/4870/4870 4873/4873/4873
f 4911/4911/4911 4873/4873/4873 4909/4909/4909
f 4909/4909/4909 4873/4873/4873 4875/4875/4875
f 4909/4909/4909 4875/4875/4875 4906/4906/4906
f 4906/4906/4906 4875/4875/4875 4877/4877/4877
f 4906/4906/4906 4877/4877/4877 4878/4878/4878
f 4906/4906/4906 4878/4878/4878 4903/4903/4903
f 4903/4903/4903 4878/4878/4878 4881/4881/4881
f 4903/4903/4903 4881/4881/4881 4901/4901/4901
f 4901/4901/4901 4881/4881/4881 3241/3241/3241
f 4901/4901/4901 3241/3241/3241 4900/4900/4900
f 4881/4881/4881 4883/4883/4883 3241/3241/3241
f 3241/3241/3241 4883/4883/4883 4886/4886/4886
f 4893/4893/4893 4896/4896/4896 3244/3244/3244
f 4916/4916/4916 4918/4918/4918 604/604/604
f 604/604/604 4918/4918/4918 4919/4919/4919
f 604/604/604 4919/4919/4919 606/606/606
f 606/606/606 4919/4919/4919 4922/4922/4922
f 606/606/606 4922/4922/4922 4925/4925/4925
f 4925/4925/4925 4927/4927/4927 606/606/606
f 606/606/606 4927/4927/4927 4928/4928/4928
f 606/606/606 4928/4928/4928 4931/4931/4931
f 606/606/606 4931/4931/4931 609/609/609
f 609/609/609 4931/4931/4931 4933/4933/4933
f 609/609/609 4933/4933/4933 4983/4983/4983
f 4983/4983/4983 4933/4933/4933 4935/4935/4935
f 4983/4983/4983 4935/4935/4935 4982/4982/4982
f 4982/4982/4982 4935/4935/4935 4937/4937/4937
f 4982/4982/4982 4937/4937/4937 4979/4979/4979
f 4979/4979/4979 4937/4937/4937 4940/4940/4940
f 4979/4979/4979 4940/4940/4940 4976/4976/4976
f 4976/4976/4976 4940/4940/4940 4942/4942/4942
f 4976/4976/4976 4942/4942/4942 4975/4975/4975
f 4975/4975/4975 4942/4942/4942 4945/4945/4945
f 4975/4975/4975 4945/4945/4945 4947/4947/4947
f 4975/4975/4975 4947/4947/4947 4972/4972/4972
f 4972/4972/4972 4947/4947/4947 4949/4949/4949
f 4972/4972/4972 4949/4949/4949 4969/4969/4969
f 4969/4969/4969 4949/4949/4949 3245/3245/3245
f 4949/4949/4949 4951/4951/4951 3245/3245/3245
f 3245/3245/3245 4951/4951/4951 4954/4954/4954
f 3245/3245/3245 4954/4954/4954 4889/4889/4889
f 4956/4956/4956 4959/4959/4959 3250/3250/3250
f 4963/4963/4963 4965/4965/4965 3247/3247/3247
f 4983/4983/4983 4986/4986/4986 609/609/609
f 609/609/609 4986/4986/4986 4987/4987/4987
f 609/609/609 4987/4987/4987 611/611/611
f 611/611/611 4987/4987/4987 4990/4990/4990
f 611/611/611 4990/4990/4990 4993/4993/4993
f 4993/4993/4993 4995/4995/4995 611/611/611
f 611/611/611 4995/4995/4995 4998/4998/4998
f 611/611/611 4998/4998/4998 4999/4999/4999
f 611/611/611 4999/4999/4999 612/612/612
f 612/612/612 4999/4999/4999 5001/5001/5001
f 612/612/612 5001/5001/5001 5052/5052/5052
f 5052/5052/5052 5001/5001/5001 5004/5004/5004
f 5052/5052/5052 5004/5004/5004 5048/5048/5048
f 5048/5048/5048 5004/5004/5004 5005/5005/5005
f 5048/5048/5048 5005/5005/5005 5047/5047/5047
f 5047/5047/5047 5005/5005/5005 5008/5008/5008
f 5047/5047/5047 5008/5008/5008 5044/5044/5044
f 5044/5044/5044 5008/5008/5008 5010/5010/5010
f 5044/5044/5044 5010/5010/5010 5043/5043/5043
f 5043/5043/5043 5010/5010/5010 5013/5013/5013
f 5043/5043/5043 5013/5013/5013 5016/5016/5016
f 5043/5043/5043 5016/5016/5016 5040/5040/5040
f 5040/5040/5040 5016/5016/5016 5018/5018/5018
f 5040/5040/5040 5018/5018/5018 5037/5037/5037
f 5037/5037/5037 5018/5018/5018 5020/5020/5020
f 5037/5037/5037 5020/5020/5020 5035/5035/5035
f 5035/5035/5035 5020/5020/5020 3251/3251/3251
f 5026/5026/5026 5029/5029/5029 3253/3253/3253
f 3253/3253/3253 5029/5029/5029 5030/5030/5030
f 5052/5052/5052 5053/5053/5053 612/612/612
f 612/612/612 5053/5053/5053 5055/5055/5055
f 612/612/612 5055/5055/5055 5058/5058/5058
f 612/612/612 5058/5058/5058 615/615/615
f 615/615/615 5058/5058/5058 5061/5061/5061
f 615/615/615 5061/5061/5061 5062/5062/5062
f 5062/5062/5062 5064/5064/5064 615/615/615
f 615/615/615 5064/5064/5064 5067/5067/5067
f 615/615/615 5067/5067/5067 617/617/617
f 617/617/617 5067/5067/5067 5069/5069/5069
f 617/617/617 5069/5069/5069 5131/5131/5131
f 5131/5131/5131 5069/5069/5069 5128/5128/5128
f 5128/5128/5128 5069/5069/5069 5071/5071/5071
f 5128/5128/5128 5071/5071/5071 5127/5127/5127
f 5127/5127/5127 5071/5071/5071 5073/5073/5073
f 5127/5127/5127 5073/5073/5073 5123/5123/5123
f 5123/5123/5123 5073/5073/5073 5076/5076/5076
f 5123/5123/5123 5076/5076/5076 5122/5122/5122
f 5122/5122/5122 5076/5076/5076 5078/5078/5078
f 5122/5122/5122 5078/5078/5078 5119/5119/5119
f 5119/5119/5119 5078/5078/5078 5081/5081/5081
f 5119/5119/5119 5081/5081/5081 5084/5084/5084
f 5119/5119/5119 5084/5084/5084 5116/5116/5116
f 5116/5116/5116 5084/5084/5084 5086/5086/5086
f 5116/5116/5116 5086/5086/5086 5114/5114/5114
f 5114/5114/5114 5086/5086/5086 3120/3120/3120
f 5086/5086/5086 5087/5087/5087 3120/3120/3120
f 3120/3120/3120 5087/5087/5087 5090/5090/5090
f 5096/5096/5096 5099/5099/5099 3126/3126/3126
f 3126/3126/3126 5099/5099/5099 5100/5100/5100
f 3126/3126/3126 5100/5100/5100 5104/5104/5104
f 5108/5108/5108 5111/5111/5111 3123/3123/3123
f 5131/5131/5131 5133/5133/5133 617/617/617
f 617/617/617 5133/5133/5133 5136/5136/5136
f 617/617/617 5136/5136/5136 618/618/618
f 618/618/618 5136/5136/5136 5138/5138/5138
f 618/618/618 5138/5138/5138 5140/5140/5140
f 5140/5140/5140 5141/5141/5141 618/618/618
f 618/618/618 5141/5141/5141 5144/5144/5144
f 618/618/618 5144/5144/5144 5147/5147/5147
f 625/625/625 623/623/623 3302/3302/3302
f 620/620/620 618/618/618 5147/5147/5147
f 587/587/587 585/585/585 4525/4525/4525
f 583/583/583 580/580/580 4457/4457/4457
f 552/552/552 551/551/551 3914/3914/3914
f 548/548/548 547/547/547 3846/3846/3846
f 3254/3254/3254 5301/5301/5301 3122/3122/3122
f 3122/3122/3122 5301/5301/5301 5297/5297/5297
f 3121/3121/3121 5298/5298/5298 5433/5433/5433
f 5433/5433/5433 5298/5298/5298 5299/5299/5299
f 5433/5433/5433 5299/5299/5299 5434/5434/5434
f 5434/5434/5434 5299/5299/5299 5160/5160/5160
f 5434/5434/5434 5160/5160/5160 5164/5164/5164
f 5301/5301/5301 3254/3254/3254 5303/5303/5303
f 5303/5303/5303 3254/3254/3254 3252/3252/3252
f 5303/5303/5303 3252/3252/3252 5305/5305/5305
f 5305/5305/5305 3252/3252/3252 3249/3249/3249
f 5305/5305/5305 3249/3249/3249 5307/5307/5307
f 5307/5307/5307 3249/3249/3249 3248/3248/3248
f 5307/5307/5307 3248/3248/3248 5309/5309/5309
f 5309/5309/5309 3248/3248/3248 3246/3246/3246
f 5309/5309/5309 3246/3246/3246 5311/5311/5311
f 5311/5311/5311 3246/3246/3246 3243/3243/3243
f 5311/5311/5311 3243/3243/3243 5313/5313/5313
f 5313/5313/5313 3243/3243/3243 3242/3242/3242
f 5313/5313/5313 3242/3242/3242 5315/5315/5315
f 5315/5315/5315 3242/3242/3242 3240/3240/3240
f 5315/5315/5315 3240/3240/3240 5317/5317/5317
f 5317/5317/5317 3240/3240/3240 3237/3237/3237
f 5317/5317/5317 3237/3237/3237 5319/5319/5319
f 5319/5319/5319 3237/3237/3237 3236/3236/3236
f 5319/5319/5319 3236/3236/3236 5321/5321/5321
f 5321/5321/5321 3236/3236/3236 3234/3234/3234
f 5321/5321/5321 3234/3234/3234 5323/5323/5323
f 5323/5323/5323 3234/3234/3234 3231/3231/3231
f 5323/5323/5323 3231/3231/3231 5325/5325/5325
f 5325/5325/5325 3231/3231/3231 3229/3229/3229
f 5325/5325/5325 3229/3229/3229 5327/5327/5327
f 5327/5327/5327 3229/3229/3229 3228/3228/3228
f 5327/5327/5327 3228/3228/3228 5329/5329/5329
f 5329/5329/5329 3228/3228/3228 3226/3226/3226
f 5329/5329/5329 3226/3226/3226 5331/5331/5331
f 5331/5331/5331 3226/3226/3226 3223/3223/3223
f 5331/5331/5331 3223/3223/3223 5333/5333/5333
f 5333/5333/5333 3223/3223/3223 3222/3222/3222
f 5333/5333/5333 3222/3222/3222 5335/5335/5335
f 5335/5335/5335 3222/3222/3222 3220/3220/3220
f 5335/5335/5335 3220/3220/3220 5337/5337/5337
f 5337/5337/5337 3220/3220/3220 3217/3217/3217
f 5337/5337/5337 3217/3217/3217 5339/5339/5339
f 5339/5339/5339 3217/3217/3217 3215/3215/3215
f 5339/5339/5339 3215/3215/3215 5341/5341/5341
f 5341/5341/5341 3215/3215/3215 3214/3214/3214
f 5341/5341/5341 3214/3214/3214 5343/5343/5343
f 5343/5343/5343 3214/3214/3214 3211/3211/3211
f 5343/5343/5343 3211/3211/3211 5345/5345/5345
f 5345/5345/5345 3211/3211/3211 3210/3210/3210
f 5345/5345/5345 3210/3210/3210 5347/5347/5347
f 5347/5347/5347 3210/3210/3210 3208/3208/3208
f 5347/5347/5347 3208/3208/3208 5349/5349/5349
f 5349/5349/5349 3208/3208/3208 3206/3206/3206
f 5349/5349/5349 3206/3206/3206 5351/5351/5351
f 5351/5351/5351 3206/3206/3206 3204/3204/3204
f 5351/5351/5351 3204/3204/3204 5353/5353/5353
f 5353/5353/5353 3204/3204/3204 3201/3201/3201
f 5353/5353/5353 3201/3201/3201 5355/5355/5355
f 5355/5355/5355 3201/3201/3201 3200/3200/3200
f 5355/5355/5355 3200/3200/3200 5357/5357/5357
f 5357/5357/5357 3200/3200/3200 3198/3198/3198
f 5357/5357/5357 3198/3198/3198 5359/5359/5359
f 5359/5359/5359 3198/3198/3198 3195/3195/3195
f 5359/5359/5359 3195/3195/3195 5361/5361/5361
f 5361/5361/5361 3195/3195/3195 3193/3193/3193
f 5361/5361/5361 3193/3193/3193 5363/5363/5363
f 5363/5363/5363 3193/3193/3193 3191/3191/3191
f 5363/5363/5363 3191/3191/3191 5365/5365/5365
f 5365/5365/5365 3191/3191/3191 3190/3190/3190
f 5365/5365/5365 3190/3190/3190 5367/5367/5367
f 5367/5367/5367 3190/3190/3190 3188/3188/3188
f 5367/5367/5367 3188/3188/3188 5369/5369/5369
f 5369/5369/5369 3188/3188/3188 3186/3186/3186
f 5369/5369/5369 3186/3186/3186 5371/5371/5371
f 5371/5371/5371 3186/3186/3186 3184/3184/3184
f 5371/5371/5371 3184/3184/3184 5373/5373/5373
f 5373/5373/5373 3184/3184/3184 3181/3181/3181
f 5373/5373/5373 3181/3181/3181 5375/5375/5375
f 5375/5375/5375 3181/3181/3181 3180/3180/3180
f 5375/5375/5375 3180/3180/3180 5377/5377/5377
f 5377/5377/5377 3180/3180/3180 3178/3178/3178
f 5377/5377/5377 3178/3178/3178 5379/5379/5379
f 5379/5379/5379 3178/3178/3178 3175/3175/3175
f 5379/5379/5379 3175/3175/3175 5381/5381/5381
f 5381/5381/5381 3175/3175/3175 3174/3174/3174
f 5381/5381/5381 3174/3174/3174 5383/5383/5383
f 5383/5383/5383 3174/3174/3174 3172/3172/3172
f 5383/5383/5383 3172/3172/3172 5385/5385/5385
f 5385/5385/5385 3172/3172/3172 3170/3170/3170
f 5385/5385/5385 3170/3170/3170 5387/5387/5387
f 5387/5387/5387 3170/3170/3170 3167/3167/3167
f 5387/5387/5387 3167/3167/3167 5389/5389/5389
f 5389/5389/5389 3167/3167/3167 3165/3165/3165
f 5389/5389/5389 3165/3165/3165 5391/5391/5391
f 5391/5391/5391 3165/3165/3165 3163/3163/3163
f 5391/5391/5391 3163/3163/3163 5393/5393/5393
f 5393/5393/5393 3163/3163/3163 3161/3161/3161
f 5393/5393/5393 3161/3161/3161 5395/5395/5395
f 5395/5395/5395 3161/3161/3161 3160/3160/3160
f 5395/5395/5395 3160/3160/3160 5397/5397/5397
f 5397/5397/5397 3160/3160/3160 3158/3158/3158
f 5397/5397/5397 3158/3158/3158 5399/5399/5399
f 5399/5399/5399 3158/3158/3158 3156/3156/3156
f 5399/5399/5399 3156/3156/3156 5401/5401/5401
f 5401/5401/5401 3156/3156/3156 3154/3154/3154
f 5401/5401/5401 3154/3154/3154 5403/5403/5403
f 5403/5403/5403 3154/3154/3154 3152/3152/3152
f 5403/5403/5403 3152/3152/3152 5405/5405/5405
f 5405/5405/5405 3152/3152/3152 3149/3149/3149
f 5405/5405/5405 3149/3149/3149 5407/5407/5407
f 5407/5407/5407 3149/3149/3149 3148/3148/3148
f 5407/5407/5407 3148/3148/3148 5409/5409/5409
f 5409/5409/5409 3148/3148/3148 3145/3145/3145
f 5409/5409/5409 3145/3145/3145 5411/5411/5411
f 5411/5411/5411 3145/3145/3145 3144/3144/3144
f 5411/5411/5411 3144/3144/3144 5413/5413/5413
f 5413/5413/5413 3144/3144/3144 3142/3142/3142
f 5413/5413/5413 3142/3142/3142 5415/5415/5415
f 5415/5415/5415 3142/3142/3142 3140/3140/3140
f 5415/5415/5415 3140/3140/3140 5417/5417/5417
f 5417/5417/5417 3140/3140/3140 3137/3137/3137
f 5417/5417/5417 3137/3137/3137 5419/5419/5419
f 5419/5419/5419 3137/3137/3137 3136/3136/3136
f 5419/5419/5419 3136/3136/3136 5421/5421/5421
f 5421/5421/5421 3136/3136/3136 3133/3133/3133
f 5421/5421/5421 3133/3133/3133 5423/5423/5423
f 5423/5423/5423 3133/3133/3133 3132/3132/3132
f 5423/5423/5423 3132/3132/3132 5425/5425/5425
f 5425/5425/5425 3132/3132/3132 3130/3130/3130
f 5425/5425/5425 3130/3130/3130 5427/5427/5427
f 5427/5427/5427 3130/3130/3130 3128/3128/3128
f 5427/5427/5427 3128/3128/3128 5429/5429/5429
f 5429/5429/5429 3128/3128/3128 3125/3125/3125
f 5429/5429/5429 3125/3125/3125 5431/5431/5431
f 5431/5431/5431 3125/3125/3125 3124/3124/3124
f 5431/5431/5431 3124/3124/3124 5433/5433/5433
f 5433/5433/5433 3124/3124/3124 3121/3121/3121
f 5434/5434/5434 5164/5164/5164 5432/5432/5432
f 5432/5432/5432 5164/5164/5164 5165/5165/5165
f 5432/5432/5432 5165/5165/5165 5430/5430/5430
f 5430/5430/5430 5165/5165/5165 5167/5167/5167
f 5430/5430/5430 5167/5167/5167 5428/5428/5428
f 5428/5428/5428 5167/5167/5167 5169/5169/5169
f 5428/5428/5428 5169/5169/5169 5426/5426/5426
f 5426/5426/5426 5169/5169/5169 5172/5172/5172
f 5426/5426/5426 5172/5172/5172 5424/5424/5424
f 5424/5424/5424 5172/5172/5172 5174/5174/5174
f 5424/5424/5424 5174/5174/5174 5422/5422/5422
f 5422/5422/5422 5174/5174/5174 5176/5176/5176
f 5422/5422/5422 5176/5176/5176 5420/5420/5420
f 5420/5420/5420 5176/5176/5176 5177/5177/5177
f 5420/5420/5420 5177/5177/5177 5418/5418/5418
f 5418/5418/5418 5177/5177/5177 5180/5180/5180
f 5418/5418/5418 5180/5180/5180 5416/5416/5416
f 5416/5416/5416 5180/5180/5180 5181/5181/5181
f 5416/5416/5416 5181/5181/5181 5414/5414/5414
f 5414/5414/5414 5181/5181/5181 5183/5183/5183
f 5414/5414/5414 5183/5183/5183 5412/5412/5412
f 5412/5412/5412 5183/5183/5183 5186/5186/5186
f 5412/5412/5412 5186/5186/5186 5410/5410/5410
f 5410/5410/5410 5186/5186/5186 5187/5187/5187
f 5410/5410/5410 5187/5187/5187 5408/5408/5408
f 5408/5408/5408 5187/5187/5187 5189/5189/5189
f 5408/5408/5408 5189/5189/5189 5406/5406/5406
f 5406/5406/5406 5189/5189/5189 5191/5191/5191
f 5406/5406/5406 5191/5191/5191 5404/5404/5404
f 5404/5404/5404 5191/5191/5191 5194/5194/5194
f 5404/5404/5404 5194/5194/5194 5402/5402/5402
f 5402/5402/5402 5194/5194/5194 5196/5196/5196
f 5402/5402/5402 5196/5196/5196 5400/5400/5400
f 5400/5400/5400 5196/5196/5196 5198/5198/5198
f 5400/5400/5400 5198/5198/5198 5398/5398/5398
f 5398/5398/5398 5198/5198/5198 5199/5199/5199
f 5398/5398/5398 5199/5199/5199 5396/5396/5396
f 5396/5396/5396 5199/5199/5199 5201/5201/5201
f 5396/5396/5396 5201/5201/5201 5394/5394/5394
f 5394/5394/5394 5201/5201/5201 5204/5204/5204
f 5394/5394/5394 5204/5204/5204 5392/5392/5392
f 5392/5392/5392 5204/5204/5204 5205/5205/5205
f 5392/5392/5392 5205/5205/5205 5390/5390/5390
f 5390/5390/5390 5205/5205/5205 5207/5207/5207
f 5390/5390/5390 5207/5207/5207 5388/5388/5388
f 5388/5388/5388 5207/5207/5207 5209/5209/5209
f 5388/5388/5388 5209/5209/5209 5386/5386/5386
f 5386/5386/5386 5209/5209/5209 5211/5211/5211
f 5386/5386/5386 5211/5211/5211 5384/5384/5384
f 5384/5384/5384 5211/5211/5211 5214/5214/5214
f 5384/5384/5384 5214/5214/5214 5382/5382/5382
f 5382/5382/5382 5214/5214/5214 5215/5215/5215
f 5382/5382/5382 5215/5215/5215 5380/5380/5380
f 5380/5380/5380 5215/5215/5215 5218/5218/5218
f 5380/5380/5380 5218/5218/5218 5378/5378/5378
f 5378/5378/5378 5218/5218/5218 5220/5220/5220
f 5378/5378/5378 5220/5220/5220 5376/5376/5376
f 5376/5376/5376 5220/5220/5220 5221/5221/5221
f 5376/5376/5376 5221/5221/5221 5374/5374/5374
f 5374/5374/5374 5221/5221/5221 5223/5223/5223
f 5374/5374/5374 5223/5223/5223 5372/5372/5372
f 5372/5372/5372 5223/5223/5223 5225/5225/5225
f 5372/5372/5372 5225/5225/5225 5370/5370/5370
f 5370/5370/5370 5225/5225/5225 5228/5228/5228
f 5370/5370/5370 5228/5228/5228 5368/5368/5368
f 5368/5368/5368 5228/5228/5228 5230/5230/5230
f 5368/5368/5368 5230/5230/5230 5366/5366/5366
f 5366/5366/5366 5230/5230/5230 5232/5232/5232
f 5366/5366/5366 5232/5232/5232 5364/5364/5364
f 5364/5364/5364 5232/5232/5232 5233/5233/5233
f 5364/5364/5364 5233/5233/5233 5362/5362/5362
f 5362/5362/5362 5233/5233/5233 5235/5235/5235
f 5362/5362/5362 5235/5235/5235 5360/5360/5360
f 5360/5360/5360 5235/5235/5235 5238/5238/5238
f 5360/5360/5360 5238/5238/5238 5358/5358/5358
f 5358/5358/5358 5238/5238/5238 5240/5240/5240
f 5358/5358/5358 5240/5240/5240 5356/5356/5356
f 5356/5356/5356 5240/5240/5240 5242/5242/5242
f 5356/5356/5356 5242/5242/5242 5354/5354/5354
f 5354/5354/5354 5242/5242/5242 5243/5243/5243
f 5354/5354/5354 5243/5243/5243 5352/5352/5352
f 5352/5352/5352 5243/5243/5243 5245/5245/5245
f 5352/5352/5352 5245/5245/5245 5350/5350/5350
f 5350/5350/5350 5245/5245/5245 5247/5247/5247
f 5350/5350/5350 5247/5247/5247 5348/5348/5348
f 5348/5348/5348 5247/5247/5247 5250/5250/5250
f 5348/5348/5348 5250/5250/5250 5346/5346/5346
f 5346/5346/5346 5250/5250/5250 5252/5252/5252
f 5346/5346/5346 5252/5252/5252 5344/5344/5344
f 5344/5344/5344 5252/5252/5252 5254/5254/5254
f 5344/5344/5344 5254/5254/5254 5342/5342/5342
f 5342/5342/5342 5254/5254/5254 5256/5256/5256
f 5342/5342/5342 5256/5256/5256 5340/5340/5340
f 5340/5340/5340 5256/5256/5256 5258/5258/5258
f 5340/5340/5340 5258/5258/5258 5338/5338/5338
f 5338/5338/5338 5258/5258/5258 5260/5260/5260
f 5338/5338/5338 5260/5260/5260 5336/5336/5336
f 5336/5336/5336 5260/5260/5260 5262/5262/5262
f 5336/5336/5336 5262/5262/5262 5334/5334/5334
f 5334/5334/5334 5262/5262/5262 5263/5263/5263
f 5334/5334/5334 5263/5263/5263 5332/5332/5332
f 5332/5332/5332 5263/5263/5263 5265/5265/5265
f 5332/5332/5332 5265/5265/5265 5330/5330/5330
f 5330/5330/5330 5265/5265/5265 5268/5268/5268
f 5330/5330/5330 5268/5268/5268 5328/5328/5328
f 5328/5328/5328 5268/5268/5268 5270/5270/5270
f 5328/5328/5328 5270/5270/5270 5326/5326/5326
f 5326/5326/5326 5270/5270/5270 5271/5271/5271
f 5326/5326/5326 5271/5271/5271 5324/5324/5324
f 5324/5324/5324 5271/5271/5271 5273/5273/5273
f 5324/5324/5324 5273/5273/5273 5322/5322/5322
f 5322/5322/5322 5273/5273/5273 5275/5275/5275
f 5322/5322/5322 5275/5275/5275 5320/5320/5320
f 5320/5320/5320 5275/5275/5275 5277/5277/5277
f 5320/5320/5320 5277/5277/5277 5318/5318/5318
f 5318/5318/5318 5277/5277/5277 5279/5279/5279
f 5318/5318/5318 5279/5279/5279 5316/5316/5316
f 5316/5316/5316 5279/5279/5279 5282/5282/5282
f 5316/5316/5316 5282/5282/5282 5314/5314/5314
f 5314/5314/5314 5282/5282/5282 5283/5283/5283
f 5314/5314/5314 5283/5283/5283 5312/5312/5312
f 5312/5312/5312 5283/5283/5283 5285/5285/5285
f 5312/5312/5312 5285/5285/5285 5310/5310/5310
f 5310/5310/5310 5285/5285/5285 5288/5288/5288
f 5310/5310/5310 5288/5288/5288 5308/5308/5308
f 5308/5308/5308 5288/5288/5288 5289/5289/5289
f 5308/5308/5308 5289/5289/5289 5306/5306/5306
f 5306/5306/5306 5289/5289/5289 5291/5291/5291
f 5306/5306/5306 5291/5291/5291 5304/5304/5304
f 5304/5304/5304 5291/5291/5291 5293/5293/5293
f 5304/5304/5304 5293/5293/5293 5302/5302/5302
f 5302/5302/5302 5293/5293/5293 5296/5296/5296
f 5302/5302/5302 5296/5296/5296 5300/5300/5300
f 5300/5300/5300 5296/5296/5296 5159/5159/5159
f 5302/5302/5302 5300/5300/5300 5297/5297/5297
f 5302/5302/5302 5297/5297/5297 5301/5301/5301
f 5304/5304/5304 5302/5302/5302 5301/5301/5301
f 5306/5306/5306 5304/5304/5304 5303/5303/5303
f 5303/5303/5303 5304/5304/5304 5301/5301/5301
f 5308/5308/5308 5306/5306/5306 5305/5305/5305
f 5305/5305/5305 5306/5306/5306 5303/5303/5303
f 5310/5310/5310 5308/5308/5308 5307/5307/5307
f 5307/5307/5307 5308/5308/5308 5305/5305/5305
f 5312/5312/5312 5310/5310/5310 5309/5309/5309
f 5309/5309/5309 5310/5310/5310 5307/5307/5307
f 5314/5314/5314 5312/5312/5312 5311/5311/5311
f 5311/5311/5311 5312/5312/5312 5309/5309/5309
f 5316/5316/5316 5314/5314/5314 5313/5313/5313
f 5313/5313/5313 5314/5314/5314 5311/5311/5311
f 5318/5318/5318 5316/5316/5316 5315/5315/5315
f 5315/5315/5315 5316/5316/5316 5313/5313/5313
f 5320/5320/5320 5318/5318/5318 5317/5317/5317
f 5317/5317/5317 5318/5318/5318 5315/5315/5315
f 5322/5322/5322 5320/5320/5320 5319/5319/5319
f 5319/5319/5319 5320/5320/5320 5317/5317/5317
f 5324/5324/5324 5322/5322/5322 5321/5321/5321
f 5321/5321/5321 5322/5322/5322 5319/5319/5319
f 5326/5326/5326 5324/5324/5324 5323/5323/5323
f 5323/5323/5323 5324/5324/5324 5321/5321/5321
f 5328/5328/5328 5326/5326/5326 5325/5325/5325
f 5325/5325/5325 5326/5326/5326 5323/5323/5323
f 5330/5330/5330 5328/5328/5328 5327/5327/5327
f 5327/5327/5327 5328/5328/5328 5325/5325/5325
f 5332/5332/5332 5330/5330/5330 5329/5329/5329
f 5329/5329/5329 5330/5330/5330 5327/5327/5327
f 5334/5334/5334 5332/5332/5332 5331/5331/5331
f 5331/5331/5331 5332/5332/5332 5329/5329/5329
f 5336/5336/5336 5334/5334/5334 5333/5333/5333
f 5333/5333/5333 5334/5334/5334 5331/5331/5331
f 5338/5338/5338 5336/5336/5336 5335/5335/5335
f 5335/5335/5335 5336/5336/5336 5333/5333/5333
f 5340/5340/5340 5338/5338/5338 5337/5337/5337
f 5337/5337/5337 5338/5338/5338 5335/5335/5335
f 5342/5342/5342 5340/5340/5340 5339/5339/5339
f 5339/5339/5339 5340/5340/5340 5337/5337/5337
f 5344/5344/5344 5342/5342/5342 5341/5341/5341
f 5341/5341/5341 5342/5342/5342 5339/5339/5339
f 5346/5346/5346 5344/5344/5344 5343/5343/5343
f 5343/5343/5343 5344/5344/5344 5341/5341/5341
f 5348/5348/5348 5346/5346/5346 5345/5345/5345
f 5345/5345/5345 5346/5346/5346 5343/5343/5343
f 5350/5350/5350 5348/5348/5348 5347/5347/5347
f 5347/5347/5347 5348/5348/5348 5345/5345/5345
f 5352/5352/5352 5350/5350/5350 5349/5349/5349
f 5349/5349/5349 5350/5350/5350 5347/5347/5347
f 5354/5354/5354 5352/5352/5352 5351/5351/5351
f 5351/5351/5351 5352/5352/5352 5349/5349/5349
f 5356/5356/5356 5354/5354/5354 5353/5353/5353
f 5353/5353/5353 5354/5354/5354 5351/5351/5351
f 5358/5358/5358 5356/5356/5356 5355/5355/5355
f 5355/5355/5355 5356/5356/5356 5353/5353/5353
f 5360/5360/5360 5358/5358/5358 5357/5357/5357
f 5357/5357/5357 5358/5358/5358 5355/5355/5355
f 5362/5362/5362 5360/5360/5360 5359/5359/5359
f 5359/5359/5359 5360/5360/5360 5357/5357/5357
f 5364/5364/5364 5362/5362/5362 5361/5361/5361
f 5361/5361/5361 5362/5362/5362 5359/5359/5359
f 5366/5366/5366 5364/5364/5364 5363/5363/5363
f 5363/5363/5363 5364/5364/5364 5361/5361/5361
f 5368/5368/5368 5366/5366/5366 5365/5365/5365
f 5365/5365/5365 5366/5366/5366 5363/5363/5363
f 5370/5370/5370 5368/5368/5368 5367/5367/5367
f 5367/5367/5367 5368/5368/5368 5365/5365/5365
f 5372/5372/5372 5370/5370/5370 5369/5369/5369
f 5369/5369/5369 5370/5370/5370 5367/5367/5367
f 5374/5374/5374 5372/5372/5372 5371/5371/5371
f 5371/5371/5371 5372/5372/5372 5369/5369/5369
f 5376/5376/5376 5374/5374/5374 5373/5373/5373
f 5373/5373/5373 5374/5374/5374 5371/5371/5371
f 5378/5378/5378 5376/5376/5376 5375/5375/5375
f 5375/5375/5375 5376/5376/5376 5373/5373/5373
f 5380/5380/5380 5378/5378/5378 5377/5377/5377
f 5377/5377/5377 5378/5378/5378 5375/5375/5375
f 5382/5382/5382 5380/5380/5380 5379/5379/5379
f 5379/5379/5379 5380/5380/5380 5377/5377/5377
f 5384/5384/5384 5382/5382/5382 5381/5381/5381
f 5381/5381/5381 5382/5382/5382 5379/5379/5379
f 5386/5386/5386 5384/5384/5384 5383/5383/5383
f 5383/5383/5383 5384/5384/5384 5381/5381/5381
f 5388/5388/5388 5386/5386/5386 5385/5385/5385
f 5385/5385/5385 5386/5386/5386 5383/5383/5383
f 5390/5390/5390 5388/5388/5388 5387/5387/5387
f 5387/5387/5387 5388/5388/5388 5385/5385/5385
f 5392/5392/5392 5390/5390/5390 5389/5389/5389
f 5389/5389/5389 5390/5390/5390 5387/5387/5387
f 5394/5394/5394 5392/5392/5392 5391/5391/5391
f 5391/5391/5391 5392/5392/5392 5389/5389/5389
f 5396/5396/5396 5394/5394/5394 5393/5393/5393
f 5393/5393/5393 5394/5394/5394 5391/5391/5391
f 5398/5398/5398 5396/5396/5396 5395/5395/5395
f 5395/5395/5395 5396/5396/5396 5393/5393/5393
f 5400/5400/5400 5398/5398/5398 5397/5397/5397
f 5397/5397/5397 5398/5398/5398 5395/5395/5395
f 5402/5402/5402 5400/5400/5400 5399/5399/5399
f 5399/5399/5399 5400/5400/5400 5397/5397/5397
f 5404/5404/5404 5402/5402/5402 5401/5401/5401
f 5401/5401/5401 5402/5402/5402 5399/5399/5399
f 5406/5406/5406 5404/5404/5404 5403/5403/5403
f 5403/5403/5403 5404/5404/5404 5401/5401/5401
f 5408/5408/5408 5406/5406/5406 5405/5405/5405
f 5405/5405/5405 5406/5406/5406 5403/5403/5403
f 5410/5410/5410 5408/5408/5408 5407/5407/5407
f 5407/5407/5407 5408/5408/5408 5405/5405/5405
f 5412/5412/5412 5410/5410/5410 5409/5409/5409
f 5409/5409/5409 5410/5410/5410 5407/5407/5407
f 5414/5414/5414 5412/5412/5412 5411/5411/5411
f 5411/5411/5411 5412/5412/5412 5409/5409/5409
f 5416/5416/5416 5414/5414/5414 5413/5413/5413
f 5413/5413/5413 5414/5414/5414 5411/5411/5411
f 5418/5418/5418 5416/5416/5416 5415/5415/5415
f 5415/5415/5415 5416/5416/5416 5413/5413/5413
f 5420/5420/5420 5418/5418/5418 5417/5417/5417
f 5417/5417/5417 5418/5418/5418 5415/5415/5415
f 5422/5422/5422 5420/5420/5420 5419/5419/5419
f 5419/5419/5419 5420/5420/5420 5417/5417/5417
f 5424/5424/5424 5422/5422/5422 5421/5421/5421
f 5421/5421/5421 5422/5422/5422 5419/5419/5419
f 5426/5426/5426 5424/5424/5424 5423/5423/5423
f 5423/5423/5423 5424/5424/5424 5421/5421/5421
f 5428/5428/5428 5426/5426/5426 5425/5425/5425
f 5425/5425/5425 5426/5426/5426 5423/5423/5423
f 5430/5430/5430 5428/5428/5428 5427/5427/5427
f 5427/5427/5427 5428/5428/5428 5425/5425/5425
f 5432/5432/5432 5430/5430/5430 5429/5429/5429
f 5429/5429/5429 5430/5430/5430 5427/5427/5427
f 5434/5434/5434 5432/5432/5432 5431/5431/5431
f 5431/5431/5431 5432/5432/5432 5429/5429/5429
f 5433/5433/5433 5434/5434/5434 5431/5431/5431
f 5440/5440/5440 5577/5577/5577 5435/5435/5435
f 5435/5435/5435 5577/5577/5577 5573/5573/5573
f 5436/5436/5436 5574/5574/5574 5571/5571/5571
f 5571/5571/5571 5574/5574/5574 5709/5709/5709
f 5571/5571/5571 5709/5709/5709 5569/5569/5569
f 5569/5569/5569 5709/5709/5709 5707/5707/5707
f 5569/5569/5569 5707/5707/5707 5568/5568/5568
f 5568/5568/5568 5707/5707/5707 5705/5705/5705
f 5568/5568/5568 5705/5705/5705 5565/5565/5565
f 5565/5565/5565 5705/5705/5705 5703/5703/5703
f 5565/5565/5565 5703/5703/5703 5563/5563/5563
f 5563/5563/5563 5703/5703/5703 5701/5701/5701
f 5563/5563/5563 5701/5701/5701 5562/5562/5562
f 5562/5562/5562 5701/5701/5701 5699/5699/5699
f 5562/5562/5562 5699/5699/5699 5559/5559/5559
f 5559/5559/5559 5699/5699/5699 5697/5697/5697
f 5559/5559/5559 5697/5697/5697 5557/5557/5557
f 5557/5557/5557 5697/5697/5697 5695/5695/5695
f 5557/5557/5557 5695/5695/5695 5555/5555/5555
f 5555/5555/5555 5695/5695/5695 5693/5693/5693
f 5555/5555/5555 5693/5693/5693 5554/5554/5554
f 5554/5554/5554 5693/5693/5693 5691/5691/5691
f 5554/5554/5554 5691/5691/5691 5552/5552/5552
f 5552/5552/5552 5691/5691/5691 5689/5689/5689
f 5552/5552/5552 5689/5689/5689 5549/5549/5549
f 5549/5549/5549 5689/5689/5689 5687/5687/5687
f 5549/5549/5549 5687/5687/5687 5548/5548/5548
f 5548/5548/5548 5687/5687/5687 5685/5685/5685
f 5548/5548/5548 5685/5685/5685 5546/5546/5546
f 5546/5546/5546 5685/5685/5685 5683/5683/5683
f 5546/5546/5546 5683/5683/5683 5543/5543/5543
f 5543/5543/5543 5683/5683/5683 5681/5681/5681
f 5543/5543/5543 5681/5681/5681 5541/5541/5541
f 5541/5541/5541 5681/5681/5681 5679/5679/5679
f 5541/5541/5541 5679/5679/5679 5540/5540/5540
f 5540/5540/5540 5679/5679/5679 5677/5677/5677
f 5540/5540/5540 5677/5677/5677 5537/5537/5537
f 5537/5537/5537 5677/5677/5677 5675/5675/5675
f 5537/5537/5537 5675/5675/5675 5535/5535/5535
f 5535/5535/5535 5675/5675/5675 5673/5673/5673
f 5535/5535/5535 5673/5673/5673 5534/5534/5534
f 5534/5534/5534 5673/5673/5673 5671/5671/5671
f 5534/5534/5534 5671/5671/5671 5531/5531/5531
f 5531/5531/5531 5671/5671/5671 5669/5669/5669
f 5531/5531/5531 5669/5669/5669 5529/5529/5529
f 5529/5529/5529 5669/5669/5669 5667/5667/5667
f 5529/5529/5529 5667/5667/5667 5528/5528/5528
f 5528/5528/5528 5667/5667/5667 5665/5665/5665
f 5528/5528/5528 5665/5665/5665 5525/5525/5525
f 5525/5525/5525 5665/5665/5665 5663/5663/5663
f 5525/5525/5525 5663/5663/5663 5523/5523/5523
f 5523/5523/5523 5663/5663/5663 5661/5661/5661
f 5523/5523/5523 5661/5661/5661 5522/5522/5522
f 5522/5522/5522 5661/5661/5661 5659/5659/5659
f 5522/5522/5522 5659/5659/5659 5520/5520/5520
f 5520/5520/5520 5659/5659/5659 5657/5657/5657
f 5520/5520/5520 5657/5657/5657 5518/5518/5518
f 5518/5518/5518 5657/5657/5657 5655/5655/5655
f 5518/5518/5518 5655/5655/5655 5516/5516/5516
f 5516/5516/5516 5655/5655/5655 5653/5653/5653
f 5516/5516/5516 5653/5653/5653 5513/5513/5513
f 5513/5513/5513 5653/5653/5653 5651/5651/5651
f 5513/5513/5513 5651/5651/5651 5512/5512/5512
f 5512/5512/5512 5651/5651/5651 5649/5649/5649
f 5512/5512/5512 5649/5649/5649 5510/5510/5510
f 5510/5510/5510 5649/5649/5649 5647/5647/5647
f 5510/5510/5510 5647/5647/5647 5508/5508/5508
f 5508/5508/5508 5647/5647/5647 5645/5645/5645
f 5508/5508/5508 5645/5645/5645 5506/5506/5506
f 5506/5506/5506 5645/5645/5645 5643/5643/5643
f 5506/5506/5506 5643/5643/5643 5504/5504/5504
f 5504/5504/5504 5643/5643/5643 5641/5641/5641
f 5504/5504/5504 5641/5641/5641 5502/5502/5502
f 5502/5502/5502 5641/5641/5641 5639/5639/5639
f 5502/5502/5502 5639/5639/5639 5500/5500/5500
f 5500/5500/5500 5639/5639/5639 5637/5637/5637
f 5500/5500/5500 5637/5637/5637 5497/5497/5497
f 5497/5497/5497 5637/5637/5637 5635/5635/5635
f 5497/5497/5497 5635/5635/5635 5495/5495/5495
f 5495/5495/5495 5635/5635/5635 5633/5633/5633
f 5495/5495/5495 5633/5633/5633 5493/5493/5493
f 5493/5493/5493 5633/5633/5633 5631/5631/5631
f 5493/5493/5493 5631/5631/5631 5491/5491/5491
f 5491/5491/5491 5631/5631/5631 5629/5629/5629
f 5491/5491/5491 5629/5629/5629 5490/5490/5490
f 5490/5490/5490 5629/5629/5629 5627/5627/5627
f 5490/5490/5490 5627/5627/5627 5487/5487/5487
f 5487/5487/5487 5627/5627/5627 5625/5625/5625
f 5487/5487/5487 5625/5625/5625 5486/5486/5486
f 5486/5486/5486 5625/5625/5625 5623/5623/5623
f 5486/5486/5486 5623/5623/5623 5484/5484/5484
f 5484/5484/5484 5623/5623/5623 5621/5621/5621
f 5484/5484/5484 5621/5621/5621 5482/5482/5482
f 5482/5482/5482 5621/5621/5621 5619/5619/5619
f 5482/5482/5482 5619/5619/5619 5479/5479/5479
f 5479/5479/5479 5619/5619/5619 5617/5617/5617
f 5479/5479/5479 5617/5617/5617 5477/5477/5477
f 5477/5477/5477 5617/5617/5617 5615/5615/5615
f 5477/5477/5477 5615/5615/5615 5475/5475/5475
f 5475/5475/5475 5615/5615/5615 5613/5613/5613
f 5475/5475/5475 5613/5613/5613 5474/5474/5474
f 5474/5474/5474 5613/5613/5613 5611/5611/5611
f 5474/5474/5474 5611/5611/5611 5472/5472/5472
f 5472/5472/5472 5611/5611/5611 5609/5609/5609
f 5472/5472/5472 5609/5609/5609 5469/5469/5469
f 5469/5469/5469 5609/5609/5609 5607/5607/5607
f 5469/5469/5469 5607/5607/5607 5468/5468/5468
f 5468/5468/5468 5607/5607/5607 5605/5605/5605
f 5468/5468/5468 5605/5605/5605 5466/5466/5466
f 5466/5466/5466 5605/5605/5605 5603/5603/5603
f 5466/5466/5466 5603/5603/5603 5464/5464/5464
f 5464/5464/5464 5603/5603/5603 5601/5601/5601
f 5464/5464/5464 5601/5601/5601 5462/5462/5462
f 5462/5462/5462 5601/5601/5601 5599/5599/5599
f 5462/5462/5462 5599/5599/5599 5460/5460/5460
f 5460/5460/5460 5599/5599/5599 5597/5597/5597
f 5460/5460/5460 5597/5597/5597 5457/5457/5457
f 5457/5457/5457 5597/5597/5597 5595/5595/5595
f 5457/5457/5457 5595/5595/5595 5455/5455/5455
f 5455/5455/5455 5595/5595/5595 5593/5593/5593
f 5455/5455/5455 5593/5593/5593 5454/5454/5454
f 5454/5454/5454 5593/5593/5593 5591/5591/5591
f 5454/5454/5454 5591/5591/5591 5452/5452/5452
f 5452/5452/5452 5591/5591/5591 5589/5589/5589
f 5452/5452/5452 5589/5589/5589 5450/5450/5450
f 5450/5450/5450 5589/5589/5589 5587/5587/5587
f 5450/5450/5450 5587/5587/5587 5448/5448/5448
f 5448/5448/5448 5587/5587/5587 5585/5585/5585
f 5448/5448/5448 5585/5585/5585 5446/5446/5446
f 5446/5446/5446 5585/5585/5585 5583/5583/5583
f 5446/5446/5446 5583/5583/5583 5444/5444/5444
f 5444/5444/5444 5583/5583/5583 5581/5581/5581
f 5444/5444/5444 5581/5581/5581 5442/5442/5442
f 5442/5442/5442 5581/5581/5581 5579/5579/5579
f 5442/5442/5442 5579/5579/5579 5440/5440/5440
f 5440/5440/5440 5579/5579/5579 5577/5577/5577
f 1214/1214/1214 5710/5710/5710 1082/1082/1082
f 1082/1082/1082 5710/5710/5710 5576/5576/5576
f 1081/1081/1081 5575/5575/5575 5578/5578/5578
f 5578/5578/5578 5575/5575/5575 5573/5573/5573
f 5578/5578/5578 5573/5573/5573 5577/5577/5577
f 5710/5710/5710 1214/1214/1214 5708/5708/5708
f 5708/5708/5708 1214/1214/1214 1213/1213/1213
f 5708/5708/5708 1213/1213/1213 5706/5706/5706
f 5706/5706/5706 1213/1213/1213 1210/1210/1210
f 5706/5706/5706 1210/1210/1210 5704/5704/5704
f 5704/5704/5704 1210/1210/1210 1209/1209/1209
f 5704/5704/5704 1209/1209/1209 5702/5702/5702
f 5702/5702/5702 1209/1209/1209 1207/1207/1207
f 5702/5702/5702 1207/1207/1207 5700/5700/5700
f 5700/5700/5700 1207/1207/1207 1204/1204/1204
f 5700/5700/5700 1204/1204/1204 5698/5698/5698
f 5698/5698/5698 1204/1204/1204 1202/1202/1202
f 5698/5698/5698 1202/1202/1202 5696/5696/5696
f 5696/5696/5696 1202/1202/1202 1201/1201/1201
f 5696/5696/5696 1201/1201/1201 5694/5694/5694
f 5694/5694/5694 1201/1201/1201 1198/1198/1198
f 5694/5694/5694 1198/1198/1198 5692/5692/5692
f 5692/5692/5692 1198/1198/1198 1197/1197/1197
f 5692/5692/5692 1197/1197/1197 5690/5690/5690
f 5690/5690/5690 1197/1197/1197 1195/1195/1195
f 5690/5690/5690 1195/1195/1195 5688/5688/5688
f 5688/5688/5688 1195/1195/1195 1192/1192/1192
f 5688/5688/5688 1192/1192/1192 5686/5686/5686
f 5686/5686/5686 1192/1192/1192 1190/1190/1190
f 5686/5686/5686 1190/1190/1190 5684/5684/5684
f 5684/5684/5684 1190/1190/1190 1189/1189/1189
f 5684/5684/5684 1189/1189/1189 5682/5682/5682
f 5682/5682/5682 1189/1189/1189 1187/1187/1187
f 5682/5682/5682 1187/1187/1187 5680/5680/5680
f 5680/5680/5680 1187/1187/1187 1185/1185/1185
f 5680/5680/5680 1185/1185/1185 5678/5678/5678
f 5678/5678/5678 1185/1185/1185 1182/1182/1182
f 5678/5678/5678 1182/1182/1182 5676/5676/5676
f 5676/5676/5676 1182/1182/1182 1180/1180/1180
f 5676/5676/5676 1180/1180/1180 5674/5674/5674
f 5674/5674/5674 1180/1180/1180 1179/1179/1179
f 5674/5674/5674 1179/1179/1179 5672/5672/5672
f 5672/5672/5672 1179/1179/1179 1176/1176/1176
f 5672/5672/5672 1176/1176/1176 5670/5670/5670
f 5670/5670/5670 1176/1176/1176 1175/1175/1175
f 5670/5670/5670 1175/1175/1175 5668/5668/5668
f 5668/5668/5668 1175/1175/1175 1173/1173/1173
f 5668/5668/5668 1173/1173/1173 5666/5666/5666
f 5666/5666/5666 1173/1173/1173 1171/1171/1171
f 5666/5666/5666 1171/1171/1171 5664/5664/5664
f 5664/5664/5664 1171/1171/1171 1168/1168/1168
f 5664/5664/5664 1168/1168/1168 5662/5662/5662
f 5662/5662/5662 1168/1168/1168 1167/1167/1167
f 5662/5662/5662 1167/1167/1167 5660/5660/5660
f 5660/5660/5660 1167/1167/1167 1164/1164/1164
f 5660/5660/5660 1164/1164/1164 5658/5658/5658
f 5658/5658/5658 1164/1164/1164 1162/1162/1162
f 5658/5658/5658 1162/1162/1162 5656/5656/5656
f 5656/5656/5656 1162/1162/1162 1161/1161/1161
f 5656/5656/5656 1161/1161/1161 5654/5654/5654
f 5654/5654/5654 1161/1161/1161 1158/1158/1158
f 5654/5654/5654 1158/1158/1158 5652/5652/5652
f 5652/5652/5652 1158/1158/1158 1156/1156/1156
f 5652/5652/5652 1156/1156/1156 5650/5650/5650
f 5650/5650/5650 1156/1156/1156 1155/1155/1155
f 5650/5650/5650 1155/1155/1155 5648/5648/5648
f 5648/5648/5648 1155/1155/1155 1153/1153/1153
f 5648/5648/5648 1153/1153/1153 5646/5646/5646
f 5646/5646/5646 1153/1153/1153 1151/1151/1151
f 5646/5646/5646 1151/1151/1151 5644/5644/5644
f 5644/5644/5644 1151/1151/1151 1148/1148/1148
f 5644/5644/5644 1148/1148/1148 5642/5642/5642
f 5642/5642/5642 1148/1148/1148 1147/1147/1147
f 5642/5642/5642 1147/1147/1147 5640/5640/5640
f 5640/5640/5640 1147/1147/1147 1144/1144/1144
f 5640/5640/5640 1144/1144/1144 5638/5638/5638
f 5638/5638/5638 1144/1144/1144 1142/1142/1142
f 5638/5638/5638 1142/1142/1142 5636/5636/5636
f 5636/5636/5636 1142/1142/1142 1141/1141/1141
f 5636/5636/5636 1141/1141/1141 5634/5634/5634
f 5634/5634/5634 1141/1141/1141 1138/1138/1138
f 5634/5634/5634 1138/1138/1138 5632/5632/5632
f 5632/5632/5632 1138/1138/1138 1137/1137/1137
f 5632/5632/5632 1137/1137/1137 5630/5630/5630
f 5630/5630/5630 1137/1137/1137 1135/1135/1135
f 5630/5630/5630 1135/1135/1135 5628/5628/5628
f 5628/5628/5628 1135/1135/1135 1132/1132/1132
f 5628/5628/5628 1132/1132/1132 5626/5626/5626
f 5626/5626/5626 1132/1132/1132 1130/1130/1130
f 5626/5626/5626 1130/1130/1130 5624/5624/5624
f 5624/5624/5624 1130/1130/1130 1128/1128/1128
f 5624/5624/5624 1128/1128/1128 5622/5622/5622
f 5622/5622/5622 1128/1128/1128 1126/1126/1126
f 5622/5622/5622 1126/1126/1126 5620/5620/5620
f 5620/5620/5620 1126/1126/1126 1124/1124/1124
f 5620/5620/5620 1124/1124/1124 5618/5618/5618
f 5618/5618/5618 1124/1124/1124 1122/1122/1122
f 5618/5618/5618 1122/1122/1122 5616/5616/5616
f 5616/5616/5616 1122/1122/1122 1121/1121/1121
f 5616/5616/5616 1121/1121/1121 5614/5614/5614
f 5614/5614/5614 1121/1121/1121 1118/1118/1118
f 5614/5614/5614 1118/1118/1118 5612/5612/5612
f 5612/5612/5612 1118/1118/1118 1116/1116/1116
f 5612/5612/5612 1116/1116/1116 5610/5610/5610
f 5610/5610/5610 1116/1116/1116 1115/1115/1115
f 5610/5610/5610 1115/1115/1115 5608/5608/5608
f 5608/5608/5608 1115/1115/1115 1113/1113/1113
f 5608/5608/5608 1113/1113/1113 5606/5606/5606
f 5606/5606/5606 1113/1113/1113 1111/1111/1111
f 5606/5606/5606 1111/1111/1111 5604/5604/5604
f 5604/5604/5604 1111/1111/1111 1108/1108/1108
f 5604/5604/5604 1108/1108/1108 5602/5602/5602
f 5602/5602/5602 1108/1108/1108 1106/1106/1106
f 5602/5602/5602 1106/1106/1106 5600/5600/5600
f 5600/5600/5600 1106/1106/1106 1104/1104/1104
f 5600/5600/5600 1104/1104/1104 5598/5598/5598
f 5598/5598/5598 1104/1104/1104 1102/1102/1102
f 5598/5598/5598 1102/1102/1102 5596/5596/5596
f 5596/5596/5596 1102/1102/1102 1100/1100/1100
f 5596/5596/5596 1100/1100/1100 5594/5594/5594
f 5594/5594/5594 1100/1100/1100 1098/1098/1098
f 5594/5594/5594 1098/1098/1098 5592/5592/5592
f 5592/5592/5592 1098/1098/1098 1096/1096/1096
f 5592/5592/5592 1096/1096/1096 5590/5590/5590
f 5590/5590/5590 1096/1096/1096 1095/1095/1095
f 5590/5590/5590 1095/1095/1095 5588/5588/5588
f 5588/5588/5588 1095/1095/1095 1092/1092/1092
f 5588/5588/5588 1092/1092/1092 5586/5586/5586
f 5586/5586/5586 1092/1092/1092 1090/1090/1090
f 5586/5586/5586 1090/1090/1090 5584/5584/5584
f 5584/5584/5584 1090/1090/1090 1089/1089/1089
f 5584/5584/5584 1089/1089/1089 5582/5582/5582
f 5582/5582/5582 1089/1089/1089 1086/1086/1086
f 5582/5582/5582 1086/1086/1086 5580/5580/5580
f 5580/5580/5580 1086/1086/1086 1084/1084/1084
f 5580/5580/5580 1084/1084/1084 5578/5578/5578
f 5578/5578/5578 1084/1084/1084 1081/1081/1081
f 5574/5574/5574 5576/5576/5576 5709/5709/5709
f 5709/5709/5709 5576/5576/5576 5710/5710/5710
f 5709/5709/5709 5710/5710/5710 5707/5707/5707
f 5707/5707/5707 5710/5710/5710 5708/5708/5708
f 5707/5707/5707 5708/5708/5708 5705/5705/5705
f 5705/5705/5705 5708/5708/5708 5706/5706/5706
f 5705/5705/5705 5706/5706/5706 5703/5703/5703
f 5703/5703/5703 5706/5706/5706 5704/5704/5704
f 5703/5703/5703 5704/5704/5704 5701/5701/5701
f 5701/5701/5701 5704/5704/5704 5702/5702/5702
f 5701/5701/5701 5702/5702/5702 5699/5699/5699
f 5699/5699/5699 5702/5702/5702 5700/5700/5700
f 5699/5699/5699 5700/5700/5700 5697/5697/5697
f 5697/5697/5697 5700/5700/5700 5698/5698/5698
f 5697/5697/5697 5698/5698/5698 5695/5695/5695
f 5695/5695/5695 5698/5698/5698 5696/5696/5696
f 5695/5695/5695 5696/5696/5696 5693/5693/5693
f 5693/5693/5693 5696/5696/5696 5694/5694/5694
f 5693/5693/5693 5694/5694/5694 5691/5691/5691
f 5691/5691/5691 5694/5694/5694 5692/5692/5692
f 5691/5691/5691 5692/5692/5692 5689/5689/5689
f 5689/5689/5689 5692/5692/5692 5690/5690/5690
f 5689/5689/5689 5690/5690/5690 5687/5687/5687
f 5687/5687/5687 5690/5690/5690 5688/5688/5688
f 5687/5687/5687 5688/5688/5688 5685/5685/5685
f 5685/5685/5685 5688/5688/5688 5686/5686/5686
f 5685/5685/5685 5686/5686/5686 5683/5683/5683
f 5683/5683/5683 5686/5686/5686 5684/5684/5684
f 5683/5683/5683 5684/5684/5684 5681/5681/5681
f 5681/5681/5681 5684/5684/5684 5682/5682/5682
f 5681/5681/5681 5682/5682/5682 5679/5679/5679
f 5679/5679/5679 5682/5682/5682 5680/5680/5680
f 5679/5679/5679 5680/5680/5680 5677/5677/5677
f 5677/5677/5677 5680/5680/5680 5678/5678/5678
f 5677/5677/5677 5678/5678/5678 5675/5675/5675
f 5675/5675/5675 5678/5678/5678 5676/5676/5676
f 5675/5675/5675 5676/5676/5676 5673/5673/5673
f 5673/5673/5673 5676/5676/5676 5674/5674/5674
f 5673/5673/5673 5674/5674/5674 5671/5671/5671
f 5671/5671/5671 5674/5674/5674 5672/5672/5672
f 5671/5671/5671 5672/5672/5672 5669/5669/5669
f 5669/5669/5669 5672/5672/5672 5670/5670/5670
f 5669/5669/5669 5670/5670/5670 5667/5667/5667
f 5667/5667/5667 5670/5670/5670 5668/5668/5668
f 5667/5667/5667 5668/5668/5668 5665/5665/5665
f 5665/5665/5665 5668/5668/5668 5666/5666/5666
f 5665/5665/5665 5666/5666/5666 5663/5663/5663
f 5663/5663/5663 5666/5666/5666 5664/5664/5664
f 5663/5663/5663 5664/5664/5664 5661/5661/5661
f 5661/5661/5661 5664/5664/5664 5662/5662/5662
f 5661/5661/5661 5662/5662/5662 5659/5659/5659
f 5659/5659/5659 5662/5662/5662 5660/5660/5660
f 5659/5659/5659 5660/5660/5660 5657/5657/5657
f 5657/5657/5657 5660/5660/5660 5658/5658/5658
f 5657/5657/5657 5658/5658/5658 5655/5655/5655
f 5655/5655/5655 5658/5658/5658 5656/5656/5656
f 5655/5655/5655 5656/5656/5656 5653/5653/5653
f 5653/5653/5653 5656/5656/5656 5654/5654/5654
f 5653/5653/5653 5654/5654/5654 5651/5651/5651
f 5651/5651/5651 5654/5654/5654 5652/5652/5652
f 5651/5651/5651 5652/5652/5652 5649/5649/5649
f 5649/5649/5649 5652/5652/5652 5650/5650/5650
f 5649/5649/5649 5650/5650/5650 5647/5647/5647
f 5647/5647/5647 5650/5650/5650 5648/5648/5648
f 5647/5647/5647 5648/5648/5648 5645/5645/5645
f 5645/5645/5645 5648/5648/5648 5646/5646/5646
f 5645/5645/5645 5646/5646/5646 5643/5643/5643
f 5643/5643/5643 5646/5646/5646 5644/5644/5644
f 5643/5643/5643 5644/5644/5644 5641/5641/5641
f 5641/5641/5641 5644/5644/5644 5642/5642/5642
f 5641/5641/5641 5642/5642/5642 5639/5639/5639
f 5639/5639/5639 5642/5642/5642 5640/5640/5640
f 5639/5639/5639 5640/5640/5640 5637/5637/5637
f 5637/5637/5637 5640/5640/5640 5638/5638/5638
f 5637/5637/5637 5638/5638/5638 5635/5635/5635
f 5635/5635/5635 5638/5638/5638 5636/5636/5636
f 5635/5635/5635 5636/5636/5636 5633/5633/5633
f 5633/5633/5633 5636/5636/5636 5634/5634/5634
f 5633/5633/5633 5634/5634/5634 5631/5631/5631
f 5631/5631/5631 5634/5634/5634 5632/5632/5632
f 5631/5631/5631 5632/5632/5632 5629/5629/5629
f 5629/5629/5629 5632/5632/5632 5630/5630/5630
f 5629/5629/5629 5630/5630/5630 5627/5627/5627
f 5627/5627/5627 5630/5630/5630 5628/5628/5628
f 5627/5627/5627 5628/5628/5628 5625/5625/5625
f 5625/5625/5625 5628/5628/5628 5626/5626/5626
f 5625/5625/5625 5626/5626/5626 5623/5623/5623
f 5623/5623/5623 5626/5626/5626 5624/5624/5624
f 5623/5623/5623 5624/5624/5624 5621/5621/5621
f 5621/5621/5621 5624/5624/5624 5622/5622/5622
f 5621/5621/5621 5622/5622/5622 5619/5619/5619
f 5619/5619/5619 5622/5622/5622 5620/5620/5620
f 5619/5619/5619 5620/5620/5620 5617/5617/5617
f 5617/5617/5617 5620/5620/5620 5618/5618/5618
f 5617/5617/5617 5618/5618/5618 5615/5615/5615
f 5615/5615/5615 5618/5618/5618 5616/5616/5616
f 5615/5615/5615 5616/5616/5616 5613/5613/5613
f 5613/5613/5613 5616/5616/5616 5614/5614/5614
f 5613/5613/5613 5614/5614/5614 5611/5611/5611
f 5611/5611/5611 5614/5614/5614 5612/5612/5612
f 5611/5611/5611 5612/5612/5612 5609/5609/5609
f 5609/5609/5609 5612/5612/5612 5610/5610/5610
f 5609/5609/5609 5610/5610/5610 5607/5607/5607
f 5607/5607/5607 5610/5610/5610 5608/5608/5608
f 5607/5607/5607 5608/5608/5608 5605/5605/5605
f 5605/5605/5605 5608/5608/5608 5606/5606/5606
f 5605/5605/5605 5606/5606/5606 5603/5603/5603
f 5603/5603/5603 5606/5606/5606 5604/5604/5604
f 5603/5603/5603 5604/5604/5604 5601/5601/5601
f 5601/5601/5601 5604/5604/5604 5602/5602/5602
f 5601/5601/5601 5602/5602/5602 5599/5599/5599
f 5599/5599/5599 5602/5602/5602 5600/5600/5600
f 5599/5599/5599 5600/5600/5600 5597/5597/5597
f 5597/5597/5597 5600/5600/5600 5598/5598/5598
f 5597/5597/5597 5598/5598/5598 5595/5595/5595
f 5595/5595/5595 5598/5598/5598 5596/5596/5596
f 5595/5595/5595 5596/5596/5596 5593/5593/5593
f 5593/5593/5593 5596/5596/5596 5594/5594/5594
f 5593/5593/5593 5594/5594/5594 5591/5591/5591
f 5591/5591/5591 5594/5594/5594 5592/5592/5592
f 5591/5591/5591 5592/5592/5592 5589/5589/5589
f 5589/5589/5589 5592/5592/5592 5590/5590/5590
f 5589/5589/5589 5590/5590/5590 5587/5587/5587
f 5587/5587/5587 5590/5590/5590 5588/5588/5588
f 5587/5587/5587 5588/5588/5588 5585/5585/5585
f 5585/5585/5585 5588/5588/5588 5586/5586/5586
f 5585/5585/5585 5586/5586/5586 5583/5583/5583
f 5583/5583/5583 5586/5586/5586 5584/5584/5584
f 5583/5583/5583 5584/5584/5584 5581/5581/5581
f 5581/5581/5581 5584/5584/5584 5582/5582/5582
f 5581/5581/5581 5582/5582/5582 5579/5579/5579
f 5579/5579/5579 5582/5582/5582 5580/5580/5580
f 5579/5579/5579 5580/5580/5580 5577/5577/5577
f 5577/5577/5577 5580/5580/5580 5578/5578/5578
f 3281/3281/3281 1343/1343/1343 3284/3284/3284
f 3284/3284/3284 1343/1343/1343 1341/1341/1341
f 3284/3284/3284 1341/1341/1341 3286/3286/3286
f 3286/3286/3286 1341/1341/1341 1339/1339/1339
f 3286/3286/3286 1339/1339/1339 3287/3287/3287
f 3287/3287/3287 1339/1339/1339 1337/1337/1337
f 3287/3287/3287 1337/1337/1337 3289/3289/3289
f 3289/3289/3289 1337/1337/1337 1336/1336/1336
f 3272/3272/3272 1284/1284/1284 3274/3274/3274
f 3274/3274/3274 1284/1284/1284 1351/1351/1351
f 3274/3274/3274 1351/1351/1351 1349/1349/1349
f 3274/3274/3274 1349/1349/1349 3276/3276/3276
f 3276/3276/3276 1349/1349/1349 1347/1347/1347
f 3276/3276/3276 1347/1347/1347 3278/3278/3278
f 3278/3278/3278 1347/1347/1347 3280/3280/3280
f 3280/3280/3280 1347/1347/1347 1345/1345/1345
f 3264/3264/3264 1294/1294/1294 3266/3266/3266
f 3266/3266/3266 1294/1294/1294 1291/1291/1291
f 3266/3266/3266 1291/1291/1291 3268/3268/3268
f 3268/3268/3268 1291/1291/1291 1289/1289/1289
f 3268/3268/3268 1289/1289/1289 3269/3269/3269
f 3269/3269/3269 1289/1289/1289 1288/1288/1288
f 3269/3269/3269 1288/1288/1288 3271/3271/3271
f 3271/3271/3271 1288/1288/1288 1286/1286/1286
f 5091/5091/5091 1232/1232/1232 5711/5711/5711
f 5711/5711/5711 1232/1232/1232 1230/1230/1230
f 5711/5711/5711 1230/1230/1230 5712/5712/5712
f 5712/5712/5712 1230/1230/1230 1228/1228/1228
f 5712/5712/5712 1228/1228/1228 5713/5713/5713
f 5713/5713/5713 1228/1228/1228 1226/1226/1226
f 5713/5713/5713 1226/1226/1226 1225/1225/1225
f 1225/1225/1225 5101/5101/5101 5713/5713/5713
f 5713/5713/5713 5101/5101/5101 5098/5098/5098
f 5713/5713/5713 5098/5098/5098 5712/5712/5712
f 5712/5712/5712 5098/5098/5098 5097/5097/5097
f 5712/5712/5712 5097/5097/5097 5711/5711/5711
f 5711/5711/5711 5097/5097/5097 5095/5095/5095
f 5711/5711/5711 5095/5095/5095 5091/5091/5091
f 5152/5152/5152 1243/1243/1243 5154/5154/5154
f 5154/5154/5154 1243/1243/1243 1240/1240/1240
f 5154/5154/5154 1240/1240/1240 5156/5156/5156
f 5156/5156/5156 1240/1240/1240 1238/1238/1238
f 5156/5156/5156 1238/1238/1238 5157/5157/5157
f 5157/5157/5157 1238/1238/1238 1236/1236/1236
f 5157/5157/5157 1236/1236/1236 5093/5093/5093
f 5093/5093/5093 1236/1236/1236 1234/1234/1234
f 5143/5143/5143 1251/1251/1251 5714/5714/5714
f 5714/5714/5714 1251/1251/1251 1248/1248/1248
f 5714/5714/5714 1248/1248/1248 5715/5715/5715
f 5715/5715/5715 1248/1248/1248 1247/1247/1247
f 5715/5715/5715 1247/1247/1247 5716/5716/5716
f 5716/5716/5716 1247/1247/1247 1244/1244/1244
f 5716/5716/5716 1244/1244/1244 1242/1242/1242
f 1242/1242/1242 5151/5151/5151 5716/5716/5716
f 5716/5716/5716 5151/5151/5151 5148/5148/5148
f 5716/5716/5716 5148/5148/5148 5715/5715/5715
f 5715/5715/5715 5148/5148/5148 5146/5146/5146
f 5715/5715/5715 5146/5146/5146 5714/5714/5714
f 5714/5714/5714 5146/5146/5146 5145/5145/5145
f 5714/5714/5714 5145/5145/5145 5143/5143/5143
f 3350/3350/3350 1412/1412/1412 3352/3352/3352
f 3352/3352/3352 1412/1412/1412 1410/1410/1410
f 3352/3352/3352 1410/1410/1410 3354/3354/3354
f 3354/3354/3354 1410/1410/1410 1407/1407/1407
f 3354/3354/3354 1407/1407/1407 3356/3356/3356
f 3356/3356/3356 1407/1407/1407 1406/1406/1406
f 3356/3356/3356 1406/1406/1406 3359/3359/3359
f 3359/3359/3359 1406/1406/1406 1402/1402/1402
f 3340/3340/3340 1354/1354/1354 3343/3343/3343
f 3343/3343/3343 1354/1354/1354 1419/1419/1419
f 3343/3343/3343 1419/1419/1419 1416/1416/1416
f 3343/3343/3343 1416/1416/1416 3344/3344/3344
f 3344/3344/3344 1416/1416/1416 1414/1414/1414
f 3344/3344/3344 1414/1414/1414 3346/3346/3346
f 3346/3346/3346 1414/1414/1414 3348/3348/3348
f 3348/3348/3348 1414/1414/1414 1411/1411/1411
f 3331/3331/3331 1361/1361/1361 3334/3334/3334
f 3334/3334/3334 1361/1361/1361 1360/1360/1360
f 3334/3334/3334 1360/1360/1360 3336/3336/3336
f 3336/3336/3336 1360/1360/1360 1357/1357/1357
f 3336/3336/3336 1357/1357/1357 3337/3337/3337
f 3337/3337/3337 1357/1357/1357 1355/1355/1355
f 3337/3337/3337 1355/1355/1355 3339/3339/3339
f 3339/3339/3339 1355/1355/1355 1353/1353/1353
f 3314/3314/3314 1310/1310/1310 5717/5717/5717
f 5717/5717/5717 1310/1310/1310 1307/1307/1307
f 5717/5717/5717 1307/1307/1307 5718/5718/5718
f 5718/5718/5718 1307/1307/1307 1306/1306/1306
f 5718/5718/5718 1306/1306/1306 5719/5719/5719
f 5719/5719/5719 1306/1306/1306 1303/1303/1303
f 5719/5719/5719 1303/1303/1303 1300/1300/1300
f 1300/1300/1300 3257/3257/3257 5719/5719/5719
f 5719/5719/5719 3257/3257/3257 3321/3321/3321
f 5719/5719/5719 3321/3321/3321 5718/5718/5718
f 5718/5718/5718 3321/3321/3321 3319/3319/3319
f 5718/5718/5718 3319/3319/3319 5717/5717/5717
f 5717/5717/5717 3319/3319/3319 3317/3317/3317
f 5717/5717/5717 3317/3317/3317 3314/3314/3314
f 3306/3306/3306 1318/1318/1318 3308/3308/3308
f 3308/3308/3308 1318/1318/1318 1316/1316/1316
f 3308/3308/3308 1316/1316/1316 3311/3311/3311
f 3311/3311/3311 1316/1316/1316 1314/1314/1314
f 3311/3311/3311 1314/1314/1314 3313/3313/3313
f 3313/3313/3313 1314/1314/1314 1313/1313/1313
f 3313/3313/3313 1313/1313/1313 3315/3315/3315
f 3315/3315/3315 1313/1313/1313 1309/1309/1309
f 3297/3297/3297 1328/1328/1328 5720/5720/5720
f 5720/5720/5720 1328/1328/1328 1326/1326/1326
f 5720/5720/5720 1326/1326/1326 5721/5721/5721
f 5721/5721/5721 1326/1326/1326 1324/1324/1324
f 5721/5721/5721 1324/1324/1324 5722/5722/5722
f 5722/5722/5722 1324/1324/1324 1321/1321/1321
f 5722/5722/5722 1321/1321/1321 1320/1320/1320
f 1320/1320/1320 3307/3307/3307 5722/5722/5722
f 5722/5722/5722 3307/3307/3307 3303/3303/3303
f 5722/5722/5722 3303/3303/3303 5721/5721/5721
f 5721/5721/5721 3303/3303/3303 3301/3301/3301
f 5721/5721/5721 3301/3301/3301 5720/5720/5720
f 5720/5720/5720 3301/3301/3301 3300/3300/3300
f 5720/5720/5720 3300/3300/3300 3297/3297/3297
f 3417/3417/3417 1479/1479/1479 3419/3419/3419
f 3419/3419/3419 1479/1479/1479 1477/1477/1477
f 3419/3419/3419 1477/1477/1477 3422/3422/3422
f 3422/3422/3422 1477/1477/1477 1475/1475/1475
f 3422/3422/3422 1475/1475/1475 3423/3423/3423
f 3423/3423/3423 1475/1475/1475 1473/1473/1473
f 3423/3423/3423 1473/1473/1473 3425/3425/3425
f 3425/3425/3425 1473/1473/1473 1470/1470/1470
f 3409/3409/3409 1420/1420/1420 3410/3410/3410
f 3410/3410/3410 1420/1420/1420 1487/1487/1487
f 3410/3410/3410 1487/1487/1487 1484/1484/1484
f 3410/3410/3410 1484/1484/1484 3412/3412/3412
f 3412/3412/3412 1484/1484/1484 1482/1482/1482
f 3412/3412/3412 1482/1482/1482 3414/3414/3414
f 3414/3414/3414 1482/1482/1482 3416/3416/3416
f 3416/3416/3416 1482/1482/1482 1480/1480/1480
f 3398/3398/3398 1430/1430/1430 3401/3401/3401
f 3401/3401/3401 1430/1430/1430 1427/1427/1427
f 3401/3401/3401 1427/1427/1427 3404/3404/3404
f 3404/3404/3404 1427/1427/1427 1426/1426/1426
f 3404/3404/3404 1426/1426/1426 3406/3406/3406
f 3406/3406/3406 1426/1426/1426 1424/1424/1424
f 3406/3406/3406 1424/1424/1424 3407/3407/3407
f 3407/3407/3407 1424/1424/1424 1421/1421/1421
f 3382/3382/3382 1379/1379/1379 5723/5723/5723
f 5723/5723/5723 1379/1379/1379 1376/1376/1376
f 5723/5723/5723 1376/1376/1376 5724/5724/5724
f 5724/5724/5724 1376/1376/1376 1374/1374/1374
f 5724/5724/5724 1374/1374/1374 5725/5725/5725
f 5725/5725/5725 1374/1374/1374 1372/1372/1372
f 5725/5725/5725 1372/1372/1372 1368/1368/1368
f 1368/1368/1368 3324/3324/3324 5725/5725/5725
f 5725/5725/5725 3324/3324/3324 3390/3390/3390
f 5725/5725/5725 3390/3390/3390 5724/5724/5724
f 5724/5724/5724 3390/3390/3390 3388/3388/3388
f 5724/5724/5724 3388/3388/3388 5723/5723/5723
f 5723/5723/5723 3388/3388/3388 3386/3386/3386
f 5723/5723/5723 3386/3386/3386 3382/3382/3382
f 3375/3375/3375 1386/1386/1386 3376/3376/3376
f 3376/3376/3376 1386/1386/1386 1384/1384/1384
f 3376/3376/3376 1384/1384/1384 3378/3378/3378
f 3378/3378/3378 1384/1384/1384 1383/1383/1383
f 3378/3378/3378 1383/1383/1383 3380/3380/3380
f 3380/3380/3380 1383/1383/1383 1381/1381/1381
f 3380/3380/3380 1381/1381/1381 3384/3384/3384
f 3384/3384/3384 1381/1381/1381 1377/1377/1377
f 3364/3364/3364 1397/1397/1397 5726/5726/5726
f 5726/5726/5726 1397/1397/1397 1394/1394/1394
f 5726/5726/5726 1394/1394/1394 5727/5727/5727
f 5727/5727/5727 1394/1394/1394 1392/1392/1392
f 5727/5727/5727 1392/1392/1392 5728/5728/5728
f 5728/5728/5728 1392/1392/1392 1390/1390/1390
f 5728/5728/5728 1390/1390/1390 1387/1387/1387
f 1387/1387/1387 3374/3374/3374 5728/5728/5728
f 5728/5728/5728 3374/3374/3374 3371/3371/3371
f 5728/5728/5728 3371/3371/3371 5727/5727/5727
f 5727/5727/5727 3371/3371/3371 3370/3370/3370
f 5727/5727/5727 3370/3370/3370 5726/5726/5726
f 5726/5726/5726 3370/3370/3370 3367/3367/3367
f 5726/5726/5726 3367/3367/3367 3364/3364/3364
f 3486/3486/3486 1549/1549/1549 3488/3488/3488
f 3488/3488/3488 1549/1549/1549 1546/1546/1546
f 3488/3488/3488 1546/1546/1546 3489/3489/3489
f 3489/3489/3489 1546/1546/1546 1543/1543/1543
f 3489/3489/3489 1543/1543/1543 3491/3491/3491
f 3491/3491/3491 1543/1543/1543 1541/1541/1541
f 3491/3491/3491 1541/1541/1541 3494/3494/3494
f 3494/3494/3494 1541/1541/1541 1540/1540/1540
f 3476/3476/3476 1488/1488/1488 3479/3479/3479
f 3479/3479/3479 1488/1488/1488 1554/1554/1554
f 3479/3479/3479 1554/1554/1554 1553/1553/1553
f 3479/3479/3479 1553/1553/1553 3481/3481/3481
f 3481/3481/3481 1553/1553/1553 1550/1550/1550
f 3481/3481/3481 1550/1550/1550 3483/3483/3483
f 3483/3483/3483 1550/1550/1550 3485/3485/3485
f 3485/3485/3485 1550/1550/1550 1548/1548/1548
f 3467/3467/3467 1498/1498/1498 3469/3469/3469
f 3469/3469/3469 1498/1498/1498 1495/1495/1495
f 3469/3469/3469 1495/1495/1495 3471/3471/3471
f 3471/3471/3471 1495/1495/1495 1494/1494/1494
f 3471/3471/3471 1494/1494/1494 3474/3474/3474
f 3474/3474/3474 1494/1494/1494 1492/1492/1492
f 3474/3474/3474 1492/1492/1492 3475/3475/3475
f 3475/3475/3475 1492/1492/1492 1490/1490/1490
f 3452/3452/3452 1445/1445/1445 5729/5729/5729
f 5729/5729/5729 1445/1445/1445 1444/1444/1444
f 5729/5729/5729 1444/1444/1444 5730/5730/5730
f 5730/5730/5730 1444/1444/1444 1441/1441/1441
f 5730/5730/5730 1441/1441/1441 5731/5731/5731
f 5731/5731/5731 1441/1441/1441 1440/1440/1440
f 5731/5731/5731 1440/1440/1440 1437/1437/1437
f 1437/1437/1437 3393/3393/3393 5731/5731/5731
f 5731/5731/5731 3393/3393/3393 3458/3458/3458
f 5731/5731/5731 3458/3458/3458 5730/5730/5730
f 5730/5730/5730 3458/3458/3458 3456/3456/3456
f 5730/5730/5730 3456/3456/3456 5729/5729/5729
f 5729/5729/5729 3456/3456/3456 3454/3454/3454
f 5729/5729/5729 3454/3454/3454 3452/3452/3452
f 3441/3441/3441 1455/1455/1455 3444/3444/3444
f 3444/3444/3444 1455/1455/1455 1453/1453/1453
f 3444/3444/3444 1453/1453/1453 3447/3447/3447
f 3447/3447/3447 1453/1453/1453 1450/1450/1450
f 3447/3447/3447 1450/1450/1450 3449/3449/3449
f 3449/3449/3449 1450/1450/1450 1449/1449/1449
f 3449/3449/3449 1449/1449/1449 3451/3451/3451
f 3451/3451/3451 1449/1449/1449 1446/1446/1446
f 3433/3433/3433 1465/1465/1465 5732/5732/5732
f 5732/5732/5732 1465/1465/1465 1462/1462/1462
f 5732/5732/5732 1462/1462/1462 5733/5733/5733
f 5733/5733/5733 1462/1462/1462 1459/1459/1459
f 5733/5733/5733 1459/1459/1459 5734/5734/5734
f 5734/5734/5734 1459/1459/1459 1458/1458/1458
f 5734/5734/5734 1458/1458/1458 1454/1454/1454
f 1454/1454/1454 3442/3442/3442 5734/5734/5734
f 5734/5734/5734 3442/3442/3442 3439/3439/3439
f 5734/5734/5734 3439/3439/3439 5733/5733/5733
f 5733/5733/5733 3439/3439/3439 3437/3437/3437
f 5733/5733/5733 3437/3437/3437 5732/5732/5732
f 5732/5732/5732 3437/3437/3437 3435/3435/3435
f 5732/5732/5732 3435/3435/3435 3433/3433/3433
f 3554/3554/3554 1616/1616/1616 3555/3555/3555
f 3555/3555/3555 1616/1616/1616 1614/1614/1614
f 3555/3555/3555 1614/1614/1614 3557/3557/3557
f 3557/3557/3557 1614/1614/1614 1612/1612/1612
f 3557/3557/3557 1612/1612/1612 3560/3560/3560
f 3560/3560/3560 1612/1612/1612 1610/1610/1610
f 3560/3560/3560 1610/1610/1610 3563/3563/3563
f 3563/3563/3563 1610/1610/1610 1607/1607/1607
f 3545/3545/3545 1556/1556/1556 3547/3547/3547
f 3547/3547/3547 1556/1556/1556 1622/1622/1622
f 3547/3547/3547 1622/1622/1622 1621/1621/1621
f 3547/3547/3547 1621/1621/1621 3548/3548/3548
f 3548/3548/3548 1621/1621/1621 1619/1619/1619
f 3548/3548/3548 1619/1619/1619 3551/3551/3551
f 3551/3551/3551 1619/1619/1619 3553/3553/3553
f 3553/3553/3553 1619/1619/1619 1617/1617/1617
f 3535/3535/3535 1566/1566/1566 3538/3538/3538
f 3538/3538/3538 1566/1566/1566 1564/1564/1564
f 3538/3538/3538 1564/1564/1564 3540/3540/3540
f 3540/3540/3540 1564/1564/1564 1562/1562/1562
f 3540/3540/3540 1562/1562/1562 3542/3542/3542
f 3542/3542/3542 1562/1562/1562 1559/1559/1559
f 3542/3542/3542 1559/1559/1559 3544/3544/3544
f 3544/3544/3544 1559/1559/1559 1557/1557/1557
f 3518/3518/3518 1514/1514/1514 5735/5735/5735
f 5735/5735/5735 1514/1514/1514 1512/1512/1512
f 5735/5735/5735 1512/1512/1512 5736/5736/5736
f 5736/5736/5736 1512/1512/1512 1509/1509/1509
f 5736/5736/5736 1509/1509/1509 5737/5737/5737
f 5737/5737/5737 1509/1509/1509 1507/1507/1507
f 5737/5737/5737 1507/1507/1507 1504/1504/1504
f 1504/1504/1504 3460/3460/3460 5737/5737/5737
f 5737/5737/5737 3460/3460/3460 3526/3526/3526
f 5737/5737/5737 3526/3526/3526 5736/5736/5736
f 5736/5736/5736 3526/3526/3526 3524/3524/3524
f 5736/5736/5736 3524/3524/3524 5735/5735/5735
f 5735/5735/5735 3524/3524/3524 3521/3521/3521
f 5735/5735/5735 3521/3521/3521 3518/3518/3518
f 3510/3510/3510 1524/1524/1524 3513/3513/3513
f 3513/3513/3513 1524/1524/1524 1521/1521/1521
f 3513/3513/3513 1521/1521/1521 3515/3515/3515
f 3515/3515/3515 1521/1521/1521 1519/1519/1519
f 3515/3515/3515 1519/1519/1519 3516/3516/3516
f 3516/3516/3516 1519/1519/1519 1517/1517/1517
f 3516/3516/3516 1517/1517/1517 3520/3520/3520
f 3520/3520/3520 1517/1517/1517 1515/1515/1515
f 3501/3501/3501 1531/1531/1531 5738/5738/5738
f 5738/5738/5738 1531/1531/1531 1530/1530/1530
f 5738/5738/5738 1530/1530/1530 5739/5739/5739
f 5739/5739/5739 1530/1530/1530 1528/1528/1528
f 5739/5739/5739 1528/1528/1528 5740/5740/5740
f 5740/5740/5740 1528/1528/1528 1525/1525/1525
f 5740/5740/5740 1525/1525/1525 1522/1522/1522
f 1522/1522/1522 3509/3509/3509 5740/5740/5740
f 5740/5740/5740 3509/3509/3509 3508/3508/3508
f 5740/5740/5740 3508/3508/3508 5739/5739/5739
f 5739/5739/5739 3508/3508/3508 3506/3506/3506
f 5739/5739/5739 3506/3506/3506 5738/5738/5738
f 5738/5738/5738 3506/3506/3506 3504/3504/3504
f 5738/5738/5738 3504/3504/3504 3501/3501/3501
f 3622/3622/3622 1684/1684/1684 3624/3624/3624
f 3624/3624/3624 1684/1684/1684 1681/1681/1681
f 3624/3624/3624 1681/1681/1681 3626/3626/3626
f 3626/3626/3626 1681/1681/1681 1679/1679/1679
f 3626/3626/3626 1679/1679/1679 3628/3628/3628
f 3628/3628/3628 1679/1679/1679 1677/1677/1677
f 3628/3628/3628 1677/1677/1677 3630/3630/3630
f 3630/3630/3630 1677/1677/1677 1675/1675/1675
f 3613/3613/3613 1624/1624/1624 3615/3615/3615
f 3615/3615/3615 1624/1624/1624 1691/1691/1691
f 3615/3615/3615 1691/1691/1691 1688/1688/1688
f 3615/3615/3615 1688/1688/1688 3616/3616/3616
f 3616/3616/3616 1688/1688/1688 1686/1686/1686
f 3616/3616/3616 1686/1686/1686 3618/3618/3618
f 3618/3618/3618 1686/1686/1686 3621/3621/3621
f 3621/3621/3621 1686/1686/1686 1683/1683/1683
f 3602/3602/3602 1633/1633/1633 3605/3605/3605
f 3605/3605/3605 1633/1633/1633 1632/1632/1632
f 3605/3605/3605 1632/1632/1632 3608/3608/3608
f 3608/3608/3608 1632/1632/1632 1630/1630/1630
f 3608/3608/3608 1630/1630/1630 3610/3610/3610
f 3610/3610/3610 1630/1630/1630 1628/1628/1628
f 3610/3610/3610 1628/1628/1628 3612/3612/3612
f 3612/3612/3612 1628/1628/1628 1625/1625/1625
f 3588/3588/3588 1581/1581/1581 5741/5741/5741
f 5741/5741/5741 1581/1581/1581 1580/1580/1580
f 5741/5741/5741 1580/1580/1580 5742/5742/5742
f 5742/5742/5742 1580/1580/1580 1578/1578/1578
f 5742/5742/5742 1578/1578/1578 5743/5743/5743
f 5743/5743/5743 1578/1578/1578 1576/1576/1576
f 5743/5743/5743 1576/1576/1576 1572/1572/1572
f 1572/1572/1572 3529/3529/3529 5743/5743/5743
f 5743/5743/5743 3529/3529/3529 3593/3593/3593
f 5743/5743/5743 3593/3593/3593 5742/5742/5742
f 5742/5742/5742 3593/3593/3593 3591/3591/3591
f 5742/5742/5742 3591/3591/3591 5741/5741/5741
f 5741/5741/5741 3591/3591/3591 3590/3590/3590
f 5741/5741/5741 3590/3590/3590 3588/3588/3588
f 3579/3579/3579 1592/1592/1592 3580/3580/3580
f 3580/3580/3580 1592/1592/1592 1589/1589/1589
f 3580/3580/3580 1589/1589/1589 3583/3583/3583
f 3583/3583/3583 1589/1589/1589 1587/1587/1587
f 3583/3583/3583 1587/1587/1587 3585/3585/3585
f 3585/3585/3585 1587/1587/1587 1585/1585/1585
f 3585/3585/3585 1585/1585/1585 3586/3586/3586
f 3586/3586/3586 1585/1585/1585 1583/1583/1583
f 3568/3568/3568 1601/1601/1601 5744/5744/5744
f 5744/5744/5744 1601/1601/1601 1597/1597/1597
f 5744/5744/5744 1597/1597/1597 5745/5745/5745
f 5745/5745/5745 1597/1597/1597 1596/1596/1596
f 5745/5745/5745 1596/1596/1596 5746/5746/5746
f 5746/5746/5746 1596/1596/1596 1593/1593/1593
f 5746/5746/5746 1593/1593/1593 1591/1591/1591
f 1591/1591/1591 3578/3578/3578 5746/5746/5746
f 5746/5746/5746 3578/3578/3578 3576/3576/3576
f 5746/5746/5746 3576/3576/3576 5745/5745/5745
f 5745/5745/5745 3576/3576/3576 3574/3574/3574
f 5745/5745/5745 3574/3574/3574 5744/5744/5744
f 5744/5744/5744 3574/3574/3574 3572/3572/3572
f 5744/5744/5744 3572/3572/3572 3568/3568/3568
f 3688/3688/3688 1752/1752/1752 3691/3691/3691
f 3691/3691/3691 1752/1752/1752 1749/1749/1749
f 3691/3691/3691 1749/1749/1749 3693/3693/3693
f 3693/3693/3693 1749/1749/1749 1748/1748/1748
f 3693/3693/3693 1748/1748/1748 3695/3695/3695
f 3695/3695/3695 1748/1748/1748 1746/1746/1746
f 3695/3695/3695 1746/1746/1746 3698/3698/3698
f 3698/3698/3698 1746/1746/1746 1743/1743/1743
f 3679/3679/3679 1693/1693/1693 3683/3683/3683
f 3683/3683/3683 1693/1693/1693 1758/1758/1758
f 3683/3683/3683 1758/1758/1758 1757/1757/1757
f 3683/3683/3683 1757/1757/1757 3684/3684/3684
f 3684/3684/3684 1757/1757/1757 1754/1754/1754
f 3684/3684/3684 1754/1754/1754 3687/3687/3687
f 3687/3687/3687 1754/1754/1754 3690/3690/3690
f 3690/3690/3690 1754/1754/1754 1751/1751/1751
f 3670/3670/3670 1702/1702/1702 3674/3674/3674
f 3674/3674/3674 1702/1702/1702 1699/1699/1699
f 3674/3674/3674 1699/1699/1699 3676/3676/3676
f 3676/3676/3676 1699/1699/1699 1697/1697/1697
f 3676/3676/3676 1697/1697/1697 3677/3677/3677
f 3677/3677/3677 1697/1697/1697 1695/1695/1695
f 3677/3677/3677 1695/1695/1695 3680/3680/3680
f 3680/3680/3680 1695/1695/1695 1692/1692/1692
f 3654/3654/3654 1651/1651/1651 5747/5747/5747
f 5747/5747/5747 1651/1651/1651 1647/1647/1647
f 5747/5747/5747 1647/1647/1647 5748/5748/5748
f 5748/5748/5748 1647/1647/1647 1645/1645/1645
f 5748/5748/5748 1645/1645/1645 5749/5749/5749
f 5749/5749/5749 1645/1645/1645 1644/1644/1644
f 5749/5749/5749 1644/1644/1644 1642/1642/1642
f 1642/1642/1642 3595/3595/3595 5749/5749/5749
f 5749/5749/5749 3595/3595/3595 3662/3662/3662
f 5749/5749/5749 3662/3662/3662 5748/5748/5748
f 5748/5748/5748 3662/3662/3662 3659/3659/3659
f 5748/5748/5748 3659/3659/3659 5747/5747/5747
f 5747/5747/5747 3659/3659/3659 3658/3658/3658
f 5747/5747/5747 3658/3658/3658 3654/3654/3654
f 3646/3646/3646 1659/1659/1659 3648/3648/3648
f 3648/3648/3648 1659/1659/1659 1656/1656/1656
f 3648/3648/3648 1656/1656/1656 3651/3651/3651
f 3651/3651/3651 1656/1656/1656 1655/1655/1655
f 3651/3651/3651 1655/1655/1655 3653/3653/3653
f 3653/3653/3653 1655/1655/1655 1653/1653/1653
f 3653/3653/3653 1653/1653/1653 3656/3656/3656
f 3656/3656/3656 1653/1653/1653 1650/1650/1650
f 3636/3636/3636 1668/1668/1668 5750/5750/5750
f 5750/5750/5750 1668/1668/1668 1665/1665/1665
f 5750/5750/5750 1665/1665/1665 5751/5751/5751
f 5751/5751/5751 1665/1665/1665 1663/1663/1663
f 5751/5751/5751 1663/1663/1663 5752/5752/5752
f 5752/5752/5752 1663/1663/1663 1661/1661/1661
f 5752/5752/5752 1661/1661/1661 1658/1658/1658
f 1658/1658/1658 3645/3645/3645 5752/5752/5752
f 5752/5752/5752 3645/3645/3645 3643/3643/3643
f 5752/5752/5752 3643/3643/3643 5751/5751/5751
f 5751/5751/5751 3643/3643/3643 3642/3642/3642
f 5751/5751/5751 3642/3642/3642 5750/5750/5750
f 5750/5750/5750 3642/3642/3642 3640/3640/3640
f 5750/5750/5750 3640/3640/3640 3636/3636/3636
f 3756/3756/3756 1819/1819/1819 3760/3760/3760
f 3760/3760/3760 1819/1819/1819 1818/1818/1818
f 3760/3760/3760 1818/1818/1818 3762/3762/3762
f 3762/3762/3762 1818/1818/1818 1816/1816/1816
f 3762/3762/3762 1816/1816/1816 3764/3764/3764
f 3764/3764/3764 1816/1816/1816 1813/1813/1813
f 3764/3764/3764 1813/1813/1813 3765/3765/3765
f 3765/3765/3765 1813/1813/1813 1810/1810/1810
f 3748/3748/3748 1760/1760/1760 3750/3750/3750
f 3750/3750/3750 1760/1760/1760 1827/1827/1827
f 3750/3750/3750 1827/1827/1827 1825/1825/1825
f 3750/3750/3750 1825/1825/1825 3752/3752/3752
f 3752/3752/3752 1825/1825/1825 1823/1823/1823
f 3752/3752/3752 1823/1823/1823 3754/3754/3754
f 3754/3754/3754 1823/1823/1823 3757/3757/3757
f 3757/3757/3757 1823/1823/1823 1821/1821/1821
f 3740/3740/3740 1771/1771/1771 3742/3742/3742
f 3742/3742/3742 1771/1771/1771 1767/1767/1767
f 3742/3742/3742 1767/1767/1767 3744/3744/3744
f 3744/3744/3744 1767/1767/1767 1766/1766/1766
f 3744/3744/3744 1766/1766/1766 3746/3746/3746
f 3746/3746/3746 1766/1766/1766 1763/1763/1763
f 3746/3746/3746 1763/1763/1763 3747/3747/3747
f 3747/3747/3747 1763/1763/1763 1762/1762/1762
f 3722/3722/3722 1717/1717/1717 5753/5753/5753
f 5753/5753/5753 1717/1717/1717 1715/1715/1715
f 5753/5753/5753 1715/1715/1715 5754/5754/5754
f 5754/5754/5754 1715/1715/1715 1713/1713/1713
f 5754/5754/5754 1713/1713/1713 5755/5755/5755
f 5755/5755/5755 1713/1713/1713 1711/1711/1711
f 5755/5755/5755 1711/1711/1711 1709/1709/1709
f 1709/1709/1709 3665/3665/3665 5755/5755/5755
f 5755/5755/5755 3665/3665/3665 3730/3730/3730
f 5755/5755/5755 3730/3730/3730 5754/5754/5754
f 5754/5754/5754 3730/3730/3730 3728/3728/3728
f 5754/5754/5754 3728/3728/3728 5753/5753/5753
f 5753/5753/5753 3728/3728/3728 3725/3725/3725
f 5753/5753/5753 3725/3725/3725 3722/3722/3722
f 3715/3715/3715 1727/1727/1727 3716/3716/3716
f 3716/3716/3716 1727/1727/1727 1724/1724/1724
f 3716/3716/3716 1724/1724/1724 3718/3718/3718
f 3718/3718/3718 1724/1724/1724 1722/1722/1722
f 3718/3718/3718 1722/1722/1722 3720/3720/3720
f 3720/3720/3720 1722/1722/1722 1720/1720/1720
f 3720/3720/3720 1720/1720/1720 3723/3723/3723
f 3723/3723/3723 1720/1720/1720 1719/1719/1719
f 3705/3705/3705 1736/1736/1736 5756/5756/5756
f 5756/5756/5756 1736/1736/1736 1734/1734/1734
f 5756/5756/5756 1734/1734/1734 5757/5757/5757
f 5757/5757/5757 1734/1734/1734 1732/1732/1732
f 5757/5757/5757 1732/1732/1732 5758/5758/5758
f 5758/5758/5758 1732/1732/1732 1729/1729/1729
f 5758/5758/5758 1729/1729/1729 1726/1726/1726
f 1726/1726/1726 3713/3713/3713 5758/5758/5758
f 5758/5758/5758 3713/3713/3713 3712/3712/3712
f 5758/5758/5758 3712/3712/3712 5757/5757/5757
f 5757/5757/5757 3712/3712/3712 3710/3710/3710
f 5757/5757/5757 3710/3710/3710 5756/5756/5756
f 5756/5756/5756 3710/3710/3710 3707/3707/3707
f 5756/5756/5756 3707/3707/3707 3705/3705/3705
f 3825/3825/3825 1889/1889/1889 3828/3828/3828
f 3828/3828/3828 1889/1889/1889 1886/1886/1886
f 3828/3828/3828 1886/1886/1886 3830/3830/3830
f 3830/3830/3830 1886/1886/1886 1884/1884/1884
f 3830/3830/3830 1884/1884/1884 3832/3832/3832
f 3832/3832/3832 1884/1884/1884 1881/1881/1881
f 3832/3832/3832 1881/1881/1881 3834/3834/3834
f 3834/3834/3834 1881/1881/1881 1879/1879/1879
f 3816/3816/3816 1828/1828/1828 3819/3819/3819
f 3819/3819/3819 1828/1828/1828 1894/1894/1894
f 3819/3819/3819 1894/1894/1894 1892/1892/1892
f 3819/3819/3819 1892/1892/1892 3821/3821/3821
f 3821/3821/3821 1892/1892/1892 1891/1891/1891
f 3821/3821/3821 1891/1891/1891 3822/3822/3822
f 3822/3822/3822 1891/1891/1891 3824/3824/3824
f 3824/3824/3824 1891/1891/1891 1887/1887/1887
f 3807/3807/3807 1837/1837/1837 3809/3809/3809
f 3809/3809/3809 1837/1837/1837 1836/1836/1836
f 3809/3809/3809 1836/1836/1836 3812/3812/3812
f 3812/3812/3812 1836/1836/1836 1834/1834/1834
f 3812/3812/3812 1834/1834/1834 3813/3813/3813
f 3813/3813/3813 1834/1834/1834 1832/1832/1832
f 3813/3813/3813 1832/1832/1832 3817/3817/3817
f 3817/3817/3817 1832/1832/1832 1829/1829/1829
f 3791/3791/3791 1785/1785/1785 5759/5759/5759
f 5759/5759/5759 1785/1785/1785 1783/1783/1783
f 5759/5759/5759 1783/1783/1783 5760/5760/5760
f 5760/5760/5760 1783/1783/1783 1781/1781/1781
f 5760/5760/5760 1781/1781/1781 5761/5761/5761
f 5761/5761/5761 1781/1781/1781 1779/1779/1779
f 5761/5761/5761 1779/1779/1779 1777/1777/1777
f 1777/1777/1777 3732/3732/3732 5761/5761/5761
f 5761/5761/5761 3732/3732/3732 3797/3797/3797
f 5761/5761/5761 3797/3797/3797 5760/5760/5760
f 5760/5760/5760 3797/3797/3797 3795/3795/3795
f 5760/5760/5760 3795/3795/3795 5759/5759/5759
f 5759/5759/5759 3795/3795/3795 3794/3794/3794
f 5759/5759/5759 3794/3794/3794 3791/3791/3791
f 3783/3783/3783 1794/1794/1794 3785/3785/3785
f 3785/3785/3785 1794/1794/1794 1792/1792/1792
f 3785/3785/3785 1792/1792/1792 3786/3786/3786
f 3786/3786/3786 1792/1792/1792 1790/1790/1790
f 3786/3786/3786 1790/1790/1790 3788/3788/3788
f 3788/3788/3788 1790/1790/1790 1789/1789/1789
f 3788/3788/3788 1789/1789/1789 3790/3790/3790
f 3790/3790/3790 1789/1789/1789 1786/1786/1786
f 3773/3773/3773 1804/1804/1804 5762/5762/5762
f 5762/5762/5762 1804/1804/1804 1802/1802/1802
f 5762/5762/5762 1802/1802/1802 5763/5763/5763
f 5763/5763/5763 1802/1802/1802 1800/1800/1800
f 5763/5763/5763 1800/1800/1800 5764/5764/5764
f 5764/5764/5764 1800/1800/1800 1797/1797/1797
f 5764/5764/5764 1797/1797/1797 1796/1796/1796
f 1796/1796/1796 3782/3782/3782 5764/5764/5764
f 5764/5764/5764 3782/3782/3782 3780/3780/3780
f 5764/5764/5764 3780/3780/3780 5763/5763/5763
f 5763/5763/5763 3780/3780/3780 3778/3778/3778
f 5763/5763/5763 3778/3778/3778 5762/5762/5762
f 5762/5762/5762 3778/3778/3778 3775/3775/3775
f 5762/5762/5762 3775/3775/3775 3773/3773/3773
f 3894/3894/3894 1956/1956/1956 3896/3896/3896
f 3896/3896/3896 1956/1956/1956 1953/1953/1953
f 3896/3896/3896 1953/1953/1953 3897/3897/3897
f 3897/3897/3897 1953/1953/1953 1951/1951/1951
f 3897/3897/3897 1951/1951/1951 3899/3899/3899
f 3899/3899/3899 1951/1951/1951 1949/1949/1949
f 3899/3899/3899 1949/1949/1949 3903/3903/3903
f 3903/3903/3903 1949/1949/1949 1946/1946/1946
f 3884/3884/3884 1896/1896/1896 3887/3887/3887
f 3887/3887/3887 1896/1896/1896 1962/1962/1962
f 3887/3887/3887 1962/1962/1962 1960/1960/1960
f 3887/3887/3887 1960/1960/1960 3889/3889/3889
f 3889/3889/3889 1960/1960/1960 1959/1959/1959
f 3889/3889/3889 1959/1959/1959 3890/3890/3890
f 3890/3890/3890 1959/1959/1959 3893/3893/3893
f 3893/3893/3893 1959/1959/1959 1957/1957/1957
f 3875/3875/3875 1906/1906/1906 3877/3877/3877
f 3877/3877/3877 1906/1906/1906 1904/1904/1904
f 3877/3877/3877 1904/1904/1904 3879/3879/3879
f 3879/3879/3879 1904/1904/1904 1901/1901/1901
f 3879/3879/3879 1901/1901/1901 3881/3881/3881
f 3881/3881/3881 1901/1901/1901 1900/1900/1900
f 3881/3881/3881 1900/1900/1900 3885/3885/3885
f 3885/3885/3885 1900/1900/1900 1898/1898/1898
f 3860/3860/3860 1855/1855/1855 5765/5765/5765
f 5765/5765/5765 1855/1855/1855 1852/1852/1852
f 5765/5765/5765 1852/1852/1852 5766/5766/5766
f 5766/5766/5766 1852/1852/1852 1849/1849/1849
f 5766/5766/5766 1849/1849/1849 5767/5767/5767
f 5767/5767/5767 1849/1849/1849 1848/1848/1848
f 5767/5767/5767 1848/1848/1848 1846/1846/1846
f 1846/1846/1846 3801/3801/3801 5767/5767/5767
f 5767/5767/5767 3801/3801/3801 3866/3866/3866
f 5767/5767/5767 3866/3866/3866 5766/5766/5766
f 5766/5766/5766 3866/3866/3866 3864/3864/3864
f 5766/5766/5766 3864/3864/3864 5765/5765/5765
f 5765/5765/5765 3864/3864/3864 3862/3862/3862
f 5765/5765/5765 3862/3862/3862 3860/3860/3860
f 3850/3850/3850 1863/1863/1863 3853/3853/3853
f 3853/3853/3853 1863/1863/1863 1860/1860/1860
f 3853/3853/3853 1860/1860/1860 3855/3855/3855
f 3855/3855/3855 1860/1860/1860 1859/1859/1859
f 3855/3855/3855 1859/1859/1859 3857/3857/3857
f 3857/3857/3857 1859/1859/1859 1857/1857/1857
f 3857/3857/3857 1857/1857/1857 3859/3859/3859
f 3859/3859/3859 1857/1857/1857 1853/1853/1853
f 3841/3841/3841 1873/1873/1873 5768/5768/5768
f 5768/5768/5768 1873/1873/1873 1870/1870/1870
f 5768/5768/5768 1870/1870/1870 5769/5769/5769
f 5769/5769/5769 1870/1870/1870 1867/1867/1867
f 5769/5769/5769 1867/1867/1867 5770/5770/5770
f 5770/5770/5770 1867/1867/1867 1866/1866/1866
f 5770/5770/5770 1866/1866/1866 1864/1864/1864
f 1864/1864/1864 3849/3849/3849 5770/5770/5770
f 5770/5770/5770 3849/3849/3849 3848/3848/3848
f 5770/5770/5770 3848/3848/3848 5769/5769/5769
f 5769/5769/5769 3848/3848/3848 3845/3845/3845
f 5769/5769/5769 3845/3845/3845 5768/5768/5768
f 5768/5768/5768 3845/3845/3845 3843/3843/3843
f 5768/5768/5768 3843/3843/3843 3841/3841/3841
f 3961/3961/3961 2024/2024/2024 3964/3964/3964
f 3964/3964/3964 2024/2024/2024 2021/2021/2021
f 3964/3964/3964 2021/2021/2021 3966/3966/3966
f 3966/3966/3966 2021/2021/2021 2019/2019/2019
f 3966/3966/3966 2019/2019/2019 3968/3968/3968
f 3968/3968/3968 2019/2019/2019 2018/2018/2018
f 3968/3968/3968 2018/2018/2018 3971/3971/3971
f 3971/3971/3971 2018/2018/2018 2014/2014/2014
f 3952/3952/3952 1964/1964/1964 3954/3954/3954
f 3954/3954/3954 1964/1964/1964 2030/2030/2030
f 3954/3954/3954 2030/2030/2030 2029/2029/2029
f 3954/3954/3954 2029/2029/2029 3956/3956/3956
f 3956/3956/3956 2029/2029/2029 2027/2027/2027
f 3956/3956/3956 2027/2027/2027 3959/3959/3959
f 3959/3959/3959 2027/2027/2027 3962/3962/3962
f 3962/3962/3962 2027/2027/2027 2023/2023/2023
f 3944/3944/3944 1975/1975/1975 3945/3945/3945
f 3945/3945/3945 1975/1975/1975 1971/1971/1971
f 3945/3945/3945 1971/1971/1971 3947/3947/3947
f 3947/3947/3947 1971/1971/1971 1969/1969/1969
f 3947/3947/3947 1969/1969/1969 3949/3949/3949
f 3949/3949/3949 1969/1969/1969 1967/1967/1967
f 3949/3949/3949 1967/1967/1967 3951/3951/3951
f 3951/3951/3951 1967/1967/1967 1966/1966/1966
f 3928/3928/3928 1923/1923/1923 5771/5771/5771
f 5771/5771/5771 1923/1923/1923 1919/1919/1919
f 5771/5771/5771 1919/1919/1919 5772/5772/5772
f 5772/5772/5772 1919/1919/1919 1918/1918/1918
f 5772/5772/5772 1918/1918/1918 5773/5773/5773
f 5773/5773/5773 1918/1918/1918 1916/1916/1916
f 5773/5773/5773 1916/1916/1916 1914/1914/1914
f 1914/1914/1914 3868/3868/3868 5773/5773/5773
f 5773/5773/5773 3868/3868/3868 3933/3933/3933
f 5773/5773/5773 3933/3933/3933 5772/5772/5772
f 5772/5772/5772 3933/3933/3933 3931/3931/3931
f 5772/5772/5772 3931/3931/3931 5771/5771/5771
f 5771/5771/5771 3931/3931/3931 3929/3929/3929
f 5771/5771/5771 3929/3929/3929 3928/3928/3928
f 3919/3919/3919 1930/1930/1930 3921/3921/3921
f 3921/3921/3921 1930/1930/1930 1928/1928/1928
f 3921/3921/3921 1928/1928/1928 3923/3923/3923
f 3923/3923/3923 1928/1928/1928 1927/1927/1927
f 3923/3923/3923 1927/1927/1927 3925/3925/3925
f 3925/3925/3925 1927/1927/1927 1925/1925/1925
f 3925/3925/3925 1925/1925/1925 3927/3927/3927
f 3927/3927/3927 1925/1925/1925 1922/1922/1922
f 3909/3909/3909 1940/1940/1940 5774/5774/5774
f 5774/5774/5774 1940/1940/1940 1938/1938/1938
f 5774/5774/5774 1938/1938/1938 5775/5775/5775
f 5775/5775/5775 1938/1938/1938 1936/1936/1936
f 5775/5775/5775 1936/1936/1936 5776/5776/5776
f 5776/5776/5776 1936/1936/1936 1933/1933/1933
f 5776/5776/5776 1933/1933/1933 1931/1931/1931
f 1931/1931/1931 3918/3918/3918 5776/5776/5776
f 5776/5776/5776 3918/3918/3918 3915/3915/3915
f 5776/5776/5776 3915/3915/3915 5775/5775/5775
f 5775/5775/5775 3915/3915/3915 3913/3913/3913
f 5775/5775/5775 3913/3913/3913 5774/5774/5774
f 5774/5774/5774 3913/3913/3913 3912/3912/3912
f 5774/5774/5774 3912/3912/3912 3909/3909/3909
f 4030/4030/4030 2091/2091/2091 4031/4031/4031
f 4031/4031/4031 2091/2091/2091 2089/2089/2089
f 4031/4031/4031 2089/2089/2089 4033/4033/4033
f 4033/4033/4033 2089/2089/2089 2087/2087/2087
f 4033/4033/4033 2087/2087/2087 4036/4036/4036
f 4036/4036/4036 2087/2087/2087 2085/2085/2085
f 4036/4036/4036 2085/2085/2085 4038/4038/4038
f 4038/4038/4038 2085/2085/2085 2084/2084/2084
f 4019/4019/4019 2032/2032/2032 4023/4023/4023
f 4023/4023/4023 2032/2032/2032 2099/2099/2099
f 4023/4023/4023 2099/2099/2099 2097/2097/2097
f 4023/4023/4023 2097/2097/2097 4024/4024/4024
f 4024/4024/4024 2097/2097/2097 2095/2095/2095
f 4024/4024/4024 2095/2095/2095 4027/4027/4027
f 4027/4027/4027 2095/2095/2095 4028/4028/4028
f 4028/4028/4028 2095/2095/2095 2093/2093/2093
f 4012/4012/4012 2041/2041/2041 4014/4014/4014
f 4014/4014/4014 2041/2041/2041 2039/2039/2039
f 4014/4014/4014 2039/2039/2039 4015/4015/4015
f 4015/4015/4015 2039/2039/2039 2037/2037/2037
f 4015/4015/4015 2037/2037/2037 4017/4017/4017
f 4017/4017/4017 2037/2037/2037 2035/2035/2035
f 4017/4017/4017 2035/2035/2035 4020/4020/4020
f 4020/4020/4020 2035/2035/2035 2034/2034/2034
f 3994/3994/3994 1990/1990/1990 5777/5777/5777
f 5777/5777/5777 1990/1990/1990 1988/1988/1988
f 5777/5777/5777 1988/1988/1988 5778/5778/5778
f 5778/5778/5778 1988/1988/1988 1985/1985/1985
f 5778/5778/5778 1985/1985/1985 5779/5779/5779
f 5779/5779/5779 1985/1985/1985 1983/1983/1983
f 5779/5779/5779 1983/1983/1983 1980/1980/1980
f 1980/1980/1980 3935/3935/3935 5779/5779/5779
f 5779/5779/5779 3935/3935/3935 4002/4002/4002
f 5779/5779/5779 4002/4002/4002 5778/5778/5778
f 5778/5778/5778 4002/4002/4002 3999/3999/3999
f 5778/5778/5778 3999/3999/3999 5777/5777/5777
f 5777/5777/5777 3999/3999/3999 3997/3997/3997
f 5777/5777/5777 3997/3997/3997 3994/3994/3994
f 3986/3986/3986 1999/1999/1999 3988/3988/3988
f 3988/3988/3988 1999/1999/1999 1997/1997/1997
f 3988/3988/3988 1997/1997/1997 3991/3991/3991
f 3991/3991/3991 1997/1997/1997 1994/1994/1994
f 3991/3991/3991 1994/1994/1994 3992/3992/3992
f 3992/3992/3992 1994/1994/1994 1992/1992/1992
f 3992/3992/3992 1992/1992/1992 3995/3995/3995
f 3995/3995/3995 1992/1992/1992 1989/1989/1989
f 3977/3977/3977 2007/2007/2007 5780/5780/5780
f 5780/5780/5780 2007/2007/2007 2005/2005/2005
f 5780/5780/5780 2005/2005/2005 5781/5781/5781
f 5781/5781/5781 2005/2005/2005 2003/2003/2003
f 5781/5781/5781 2003/2003/2003 5782/5782/5782
f 5782/5782/5782 2003/2003/2003 2002/2002/2002
f 5782/5782/5782 2002/2002/2002 2000/2000/2000
f 2000/2000/2000 3985/3985/3985 5782/5782/5782
f 5782/5782/5782 3985/3985/3985 3983/3983/3983
f 5782/5782/5782 3983/3983/3983 5781/5781/5781
f 5781/5781/5781 3983/3983/3983 3981/3981/3981
f 5781/5781/5781 3981/3981/3981 5780/5780/5780
f 5780/5780/5780 3981/3981/3981 3980/3980/3980
f 5780/5780/5780 3980/3980/3980 3977/3977/3977
f 4096/4096/4096 2161/2161/2161 4100/4100/4100
f 4100/4100/4100 2161/2161/2161 2157/2157/2157
f 4100/4100/4100 2157/2157/2157 4102/4102/4102
f 4102/4102/4102 2157/2157/2157 2155/2155/2155
f 4102/4102/4102 2155/2155/2155 4104/4104/4104
f 4104/4104/4104 2155/2155/2155 2153/2153/2153
f 4104/4104/4104 2153/2153/2153 4107/4107/4107
f 4107/4107/4107 2153/2153/2153 2150/2150/2150
f 4089/4089/4089 2101/2101/2101 4090/4090/4090
f 4090/4090/4090 2101/2101/2101 2166/2166/2166
f 4090/4090/4090 2166/2166/2166 2165/2165/2165
f 4090/4090/4090 2165/2165/2165 4092/4092/4092
f 4092/4092/4092 2165/2165/2165 2162/2162/2162
f 4092/4092/4092 2162/2162/2162 4095/4095/4095
f 4095/4095/4095 2162/2162/2162 4097/4097/4097
f 4097/4097/4097 2162/2162/2162 2160/2160/2160
f 4078/4078/4078 2109/2109/2109 4081/4081/4081
f 4081/4081/4081 2109/2109/2109 2108/2108/2108
f 4081/4081/4081 2108/2108/2108 4083/4083/4083
f 4083/4083/4083 2108/2108/2108 2106/2106/2106
f 4083/4083/4083 2106/2106/2106 4085/4085/4085
f 4085/4085/4085 2106/2106/2106 2103/2103/2103
f 4085/4085/4085 2103/2103/2103 4088/4088/4088
f 4088/4088/4088 2103/2103/2103 2100/2100/2100
f 4063/4063/4063 2057/2057/2057 5783/5783/5783
f 5783/5783/5783 2057/2057/2057 2056/2056/2056
f 5783/5783/5783 2056/2056/2056 5784/5784/5784
f 5784/5784/5784 2056/2056/2056 2054/2054/2054
f 5784/5784/5784 2054/2054/2054 5785/5785/5785
f 5785/5785/5785 2054/2054/2054 2052/2052/2052
f 5785/5785/5785 2052/2052/2052 2048/2048/2048
f 2048/2048/2048 4003/4003/4003 5785/5785/5785
f 5785/5785/5785 4003/4003/4003 4070/4070/4070
f 5785/5785/5785 4070/4070/4070 5784/5784/5784
f 5784/5784/5784 4070/4070/4070 4068/4068/4068
f 5784/5784/5784 4068/4068/4068 5783/5783/5783
f 5783/5783/5783 4068/4068/4068 4065/4065/4065
f 5783/5783/5783 4065/4065/4065 4063/4063/4063
f 4055/4055/4055 2066/2066/2066 4056/4056/4056
f 4056/4056/4056 2066/2066/2066 2065/2065/2065
f 4056/4056/4056 2065/2065/2065 4058/4058/4058
f 4058/4058/4058 2065/2065/2065 2062/2062/2062
f 4058/4058/4058 2062/2062/2062 4061/4061/4061
f 4061/4061/4061 2062/2062/2062 2061/2061/2061
f 4061/4061/4061 2061/2061/2061 4062/4062/4062
f 4062/4062/4062 2061/2061/2061 2059/2059/2059
f 4044/4044/4044 2075/2075/2075 5786/5786/5786
f 5786/5786/5786 2075/2075/2075 2073/2073/2073
f 5786/5786/5786 2073/2073/2073 5787/5787/5787
f 5787/5787/5787 2073/2073/2073 2071/2071/2071
f 5787/5787/5787 2071/2071/2071 5788/5788/5788
f 5788/5788/5788 2071/2071/2071 2070/2070/2070
f 5788/5788/5788 2070/2070/2070 2067/2067/2067
f 2067/2067/2067 4053/4053/4053 5788/5788/5788
f 5788/5788/5788 4053/4053/4053 4051/4051/4051
f 5788/5788/5788 4051/4051/4051 5787/5787/5787
f 5787/5787/5787 4051/4051/4051 4049/4049/4049
f 5787/5787/5787 4049/4049/4049 5786/5786/5786
f 5786/5786/5786 4049/4049/4049 4048/4048/4048
f 5786/5786/5786 4048/4048/4048 4044/4044/4044
f 4164/4164/4164 2228/2228/2228 4167/4167/4167
f 4167/4167/4167 2228/2228/2228 2225/2225/2225
f 4167/4167/4167 2225/2225/2225 4169/4169/4169
f 4169/4169/4169 2225/2225/2225 2223/2223/2223
f 4169/4169/4169 2223/2223/2223 4171/4171/4171
f 4171/4171/4171 2223/2223/2223 2221/2221/2221
f 4171/4171/4171 2221/2221/2221 4175/4175/4175
f 4175/4175/4175 2221/2221/2221 2219/2219/2219
f 4156/4156/4156 2169/2169/2169 4158/4158/4158
f 4158/4158/4158 2169/2169/2169 2235/2235/2235
f 4158/4158/4158 2235/2235/2235 2232/2232/2232
f 4158/4158/4158 2232/2232/2232 4161/4161/4161
f 4161/4161/4161 2232/2232/2232 2230/2230/2230
f 4161/4161/4161 2230/2230/2230 4163/4163/4163
f 4163/4163/4163 2230/2230/2230 4166/4166/4166
f 4166/4166/4166 2230/2230/2230 2229/2229/2229
f 4147/4147/4147 2178/2178/2178 4149/4149/4149
f 4149/4149/4149 2178/2178/2178 2176/2176/2176
f 4149/4149/4149 2176/2176/2176 4152/4152/4152
f 4152/4152/4152 2176/2176/2176 2173/2173/2173
f 4152/4152/4152 2173/2173/2173 4154/4154/4154
f 4154/4154/4154 2173/2173/2173 2171/2171/2171
f 4154/4154/4154 2171/2171/2171 4155/4155/4155
f 4155/4155/4155 2171/2171/2171 2170/2170/2170
f 4130/4130/4130 2127/2127/2127 5789/5789/5789
f 5789/5789/5789 2127/2127/2127 2124/2124/2124
f 5789/5789/5789 2124/2124/2124 5790/5790/5790
f 5790/5790/5790 2124/2124/2124 2121/2121/2121
f 5790/5790/5790 2121/2121/2121 5791/5791/5791
f 5791/5791/5791 2121/2121/2121 2119/2119/2119
f 5791/5791/5791 2119/2119/2119 2117/2117/2117
f 2117/2117/2117 4073/4073/4073 5791/5791/5791
f 5791/5791/5791 4073/4073/4073 4138/4138/4138
f 5791/5791/5791 4138/4138/4138 5790/5790/5790
f 5790/5790/5790 4138/4138/4138 4136/4136/4136
f 5790/5790/5790 4136/4136/4136 5789/5789/5789
f 5789/5789/5789 4136/4136/4136 4134/4134/4134
f 5789/5789/5789 4134/4134/4134 4130/4130/4130
f 4121/4121/4121 2135/2135/2135 4125/4125/4125
f 4125/4125/4125 2135/2135/2135 2133/2133/2133
f 4125/4125/4125 2133/2133/2133 4126/4126/4126
f 4126/4126/4126 2133/2133/2133 2130/2130/2130
f 4126/4126/4126 2130/2130/2130 4128/4128/4128
f 4128/4128/4128 2130/2130/2130 2128/2128/2128
f 4128/4128/4128 2128/2128/2128 4132/4132/4132
f 4132/4132/4132 2128/2128/2128 2125/2125/2125
f 4112/4112/4112 2143/2143/2143 5792/5792/5792
f 5792/5792/5792 2143/2143/2143 2141/2141/2141
f 5792/5792/5792 2141/2141/2141 5793/5793/5793
f 5793/5793/5793 2141/2141/2141 2139/2139/2139
f 5793/5793/5793 2139/2139/2139 5794/5794/5794
f 5794/5794/5794 2139/2139/2139 2138/2138/2138
f 5794/5794/5794 2138/2138/2138 2136/2136/2136
f 2136/2136/2136 4123/4123/4123 5794/5794/5794
f 5794/5794/5794 4123/4123/4123 4119/4119/4119
f 5794/5794/5794 4119/4119/4119 5793/5793/5793
f 5793/5793/5793 4119/4119/4119 4117/4117/4117
f 5793/5793/5793 4117/4117/4117 5792/5792/5792
f 5792/5792/5792 4117/4117/4117 4115/4115/4115
f 5792/5792/5792 4115/4115/4115 4112/4112/4112
f 4234/4234/4234 2296/2296/2296 4236/4236/4236
f 4236/4236/4236 2296/2296/2296 2293/2293/2293
f 4236/4236/4236 2293/2293/2293 4237/4237/4237
f 4237/4237/4237 2293/2293/2293 2291/2291/2291
f 4237/4237/4237 2291/2291/2291 4240/4240/4240
f 4240/4240/4240 2291/2291/2291 2290/2290/2290
f 4240/4240/4240 2290/2290/2290 4242/4242/4242
f 4242/4242/4242 2290/2290/2290 2287/2287/2287
f 4225/4225/4225 2236/2236/2236 4226/4226/4226
f 4226/4226/4226 2236/2236/2236 2302/2302/2302
f 4226/4226/4226 2302/2302/2302 2300/2300/2300
f 4226/4226/4226 2300/2300/2300 4228/4228/4228
f 4228/4228/4228 2300/2300/2300 2298/2298/2298
f 4228/4228/4228 2298/2298/2298 4231/4231/4231
f 4231/4231/4231 2298/2298/2298 4233/4233/4233
f 4233/4233/4233 2298/2298/2298 2297/2297/2297
f 4215/4215/4215 2247/2247/2247 4217/4217/4217
f 4217/4217/4217 2247/2247/2247 2243/2243/2243
f 4217/4217/4217 2243/2243/2243 4219/4219/4219
f 4219/4219/4219 2243/2243/2243 2241/2241/2241
f 4219/4219/4219 2241/2241/2241 4222/4222/4222
f 4222/4222/4222 2241/2241/2241 2240/2240/2240
f 4222/4222/4222 2240/2240/2240 4223/4223/4223
f 4223/4223/4223 2240/2240/2240 2237/2237/2237
f 4199/4199/4199 2195/2195/2195 5795/5795/5795
f 5795/5795/5795 2195/2195/2195 2191/2191/2191
f 5795/5795/5795 2191/2191/2191 5796/5796/5796
f 5796/5796/5796 2191/2191/2191 2189/2189/2189
f 5796/5796/5796 2189/2189/2189 5797/5797/5797
f 5797/5797/5797 2189/2189/2189 2187/2187/2187
f 5797/5797/5797 2187/2187/2187 2184/2184/2184
f 2184/2184/2184 4140/4140/4140 5797/5797/5797
f 5797/5797/5797 4140/4140/4140 4205/4205/4205
f 5797/5797/5797 4205/4205/4205 5796/5796/5796
f 5796/5796/5796 4205/4205/4205 4204/4204/4204
f 5796/5796/5796 4204/4204/4204 5795/5795/5795
f 5795/5795/5795 4204/4204/4204 4202/4202/4202
f 5795/5795/5795 4202/4202/4202 4199/4199/4199
f 4191/4191/4191 2204/2204/2204 4192/4192/4192
f 4192/4192/4192 2204/2204/2204 2201/2201/2201
f 4192/4192/4192 2201/2201/2201 4194/4194/4194
f 4194/4194/4194 2201/2201/2201 2198/2198/2198
f 4194/4194/4194 2198/2198/2198 4197/4197/4197
f 4197/4197/4197 2198/2198/2198 2196/2196/2196
f 4197/4197/4197 2196/2196/2196 4198/4198/4198
f 4198/4198/4198 2196/2196/2196 2193/2193/2193
f 4182/4182/4182 2213/2213/2213 5798/5798/5798
f 5798/5798/5798 2213/2213/2213 2210/2210/2210
f 5798/5798/5798 2210/2210/2210 5799/5799/5799
f 5799/5799/5799 2210/2210/2210 2208/2208/2208
f 5799/5799/5799 2208/2208/2208 5800/5800/5800
f 5800/5800/5800 2208/2208/2208 2205/2205/2205
f 5800/5800/5800 2205/2205/2205 2203/2203/2203
f 2203/2203/2203 4190/4190/4190 5800/5800/5800
f 5800/5800/5800 4190/4190/4190 4187/4187/4187
f 5800/5800/5800 4187/4187/4187 5799/5799/5799
f 5799/5799/5799 4187/4187/4187 4186/4186/4186
f 5799/5799/5799 4186/4186/4186 5798/5798/5798
f 5798/5798/5798 4186/4186/4186 4183/4183/4183
f 5798/5798/5798 4183/4183/4183 4182/4182/4182
f 4302/4302/4302 2365/2365/2365 4304/4304/4304
f 4304/4304/4304 2365/2365/2365 2362/2362/2362
f 4304/4304/4304 2362/2362/2362 4306/4306/4306
f 4306/4306/4306 2362/2362/2362 2360/2360/2360
f 4306/4306/4306 2360/2360/2360 4308/4308/4308
f 4308/4308/4308 2360/2360/2360 2358/2358/2358
f 4308/4308/4308 2358/2358/2358 4310/4310/4310
f 4310/4310/4310 2358/2358/2358 2355/2355/2355
f 4292/4292/4292 2305/2305/2305 4295/4295/4295
f 4295/4295/4295 2305/2305/2305 2371/2371/2371
f 4295/4295/4295 2371/2371/2371 2369/2369/2369
f 4295/4295/4295 2369/2369/2369 4297/4297/4297
f 4297/4297/4297 2369/2369/2369 2367/2367/2367
f 4297/4297/4297 2367/2367/2367 4299/4299/4299
f 4299/4299/4299 2367/2367/2367 4300/4300/4300
f 4300/4300/4300 2367/2367/2367 2364/2364/2364
f 4283/4283/4283 2315/2315/2315 4286/4286/4286
f 4286/4286/4286 2315/2315/2315 2311/2311/2311
f 4286/4286/4286 2311/2311/2311 4288/4288/4288
f 4288/4288/4288 2311/2311/2311 2310/2310/2310
f 4288/4288/4288 2310/2310/2310 4290/4290/4290
f 4290/4290/4290 2310/2310/2310 2308/2308/2308
f 4290/4290/4290 2308/2308/2308 4293/4293/4293
f 4293/4293/4293 2308/2308/2308 2304/2304/2304
f 4266/4266/4266 2262/2262/2262 5801/5801/5801
f 5801/5801/5801 2262/2262/2262 2259/2259/2259
f 5801/5801/5801 2259/2259/2259 5802/5802/5802
f 5802/5802/5802 2259/2259/2259 2257/2257/2257
f 5802/5802/5802 2257/2257/2257 5803/5803/5803
f 5803/5803/5803 2257/2257/2257 2256/2256/2256
f 5803/5803/5803 2256/2256/2256 2253/2253/2253
f 2253/2253/2253 4207/4207/4207 5803/5803/5803
f 5803/5803/5803 4207/4207/4207 4274/4274/4274
f 5803/5803/5803 4274/4274/4274 5802/5802/5802
f 5802/5802/5802 4274/4274/4274 4271/4271/4271
f 5802/5802/5802 4271/4271/4271 5801/5801/5801
f 5801/5801/5801 4271/4271/4271 4269/4269/4269
f 5801/5801/5801 4269/4269/4269 4266/4266/4266
f 4258/4258/4258 2272/2272/2272 4260/4260/4260
f 4260/4260/4260 2272/2272/2272 2269/2269/2269
f 4260/4260/4260 2269/2269/2269 4262/4262/4262
f 4262/4262/4262 2269/2269/2269 2267/2267/2267
f 4262/4262/4262 2267/2267/2267 4265/4265/4265
f 4265/4265/4265 2267/2267/2267 2264/2264/2264
f 4265/4265/4265 2264/2264/2264 4267/4267/4267
f 4267/4267/4267 2264/2264/2264 2263/2263/2263
f 4250/4250/4250 2280/2280/2280 5804/5804/5804
f 5804/5804/5804 2280/2280/2280 2277/2277/2277
f 5804/5804/5804 2277/2277/2277 5805/5805/5805
f 5805/5805/5805 2277/2277/2277 2275/2275/2275
f 5805/5805/5805 2275/2275/2275 5806/5806/5806
f 5806/5806/5806 2275/2275/2275 2273/2273/2273
f 5806/5806/5806 2273/2273/2273 2271/2271/2271
f 2271/2271/2271 4257/4257/4257 5806/5806/5806
f 5806/5806/5806 4257/4257/4257 4256/4256/4256
f 5806/5806/5806 4256/4256/4256 5805/5805/5805
f 5805/5805/5805 4256/4256/4256 4253/4253/4253
f 5805/5805/5805 4253/4253/4253 5804/5804/5804
f 5804/5804/5804 4253/4253/4253 4251/4251/4251
f 5804/5804/5804 4251/4251/4251 4250/4250/4250
f 4370/4370/4370 2433/2433/2433 4372/4372/4372
f 4372/4372/4372 2433/2433/2433 2429/2429/2429
f 4372/4372/4372 2429/2429/2429 4373/4373/4373
f 4373/4373/4373 2429/2429/2429 2428/2428/2428
f 4373/4373/4373 2428/2428/2428 4376/4376/4376
f 4376/4376/4376 2428/2428/2428 2426/2426/2426
f 4376/4376/4376 2426/2426/2426 4378/4378/4378
f 4378/4378/4378 2426/2426/2426 2424/2424/2424
f 4360/4360/4360 2372/2372/2372 4363/4363/4363
f 4363/4363/4363 2372/2372/2372 2439/2439/2439
f 4363/4363/4363 2439/2439/2439 2437/2437/2437
f 4363/4363/4363 2437/2437/2437 4365/4365/4365
f 4365/4365/4365 2437/2437/2437 2435/2435/2435
f 4365/4365/4365 2435/2435/2435 4366/4366/4366
f 4366/4366/4366 2435/2435/2435 4369/4369/4369
f 4369/4369/4369 2435/2435/2435 2431/2431/2431
f 4352/4352/4352 2383/2383/2383 4354/4354/4354
f 4354/4354/4354 2383/2383/2383 2380/2380/2380
f 4354/4354/4354 2380/2380/2380 4355/4355/4355
f 4355/4355/4355 2380/2380/2380 2377/2377/2377
f 4355/4355/4355 2377/2377/2377 4357/4357/4357
f 4357/4357/4357 2377/2377/2377 2376/2376/2376
f 4357/4357/4357 2376/2376/2376 4359/4359/4359
f 4359/4359/4359 2376/2376/2376 2373/2373/2373
f 4336/4336/4336 2330/2330/2330 5807/5807/5807
f 5807/5807/5807 2330/2330/2330 2328/2328/2328
f 5807/5807/5807 2328/2328/2328 5808/5808/5808
f 5808/5808/5808 2328/2328/2328 2325/2325/2325
f 5808/5808/5808 2325/2325/2325 5809/5809/5809
f 5809/5809/5809 2325/2325/2325 2323/2323/2323
f 5809/5809/5809 2323/2323/2323 2321/2321/2321
f 2321/2321/2321 4277/4277/4277 5809/5809/5809
f 5809/5809/5809 4277/4277/4277 4342/4342/4342
f 5809/5809/5809 4342/4342/4342 5808/5808/5808
f 5808/5808/5808 4342/4342/4342 4339/4339/4339
f 5808/5808/5808 4339/4339/4339 5807/5807/5807
f 5807/5807/5807 4339/4339/4339 4338/4338/4338
f 5807/5807/5807 4338/4338/4338 4336/4336/4336
f 4326/4326/4326 2340/2340/2340 4329/4329/4329
f 4329/4329/4329 2340/2340/2340 2337/2337/2337
f 4329/4329/4329 2337/2337/2337 4330/4330/4330
f 4330/4330/4330 2337/2337/2337 2334/2334/2334
f 4330/4330/4330 2334/2334/2334 4332/4332/4332
f 4332/4332/4332 2334/2334/2334 2333/2333/2333
f 4332/4332/4332 2333/2333/2333 4335/4335/4335
f 4335/4335/4335 2333/2333/2333 2331/2331/2331
f 4317/4317/4317 2348/2348/2348 5810/5810/5810
f 5810/5810/5810 2348/2348/2348 2345/2345/2345
f 5810/5810/5810 2345/2345/2345 5811/5811/5811
f 5811/5811/5811 2345/2345/2345 2343/2343/2343
f 5811/5811/5811 2343/2343/2343 5812/5812/5812
f 5812/5812/5812 2343/2343/2343 2342/2342/2342
f 5812/5812/5812 2342/2342/2342 2338/2338/2338
f 2338/2338/2338 4327/4327/4327 5812/5812/5812
f 5812/5812/5812 4327/4327/4327 4324/4324/4324
f 5812/5812/5812 4324/4324/4324 5811/5811/5811
f 5811/5811/5811 4324/4324/4324 4321/4321/4321
f 5811/5811/5811 4321/4321/4321 5810/5810/5810
f 5810/5810/5810 4321/4321/4321 4320/4320/4320
f 5810/5810/5810 4320/4320/4320 4317/4317/4317
f 4437/4437/4437 2500/2500/2500 4439/4439/4439
f 4439/4439/4439 2500/2500/2500 2498/2498/2498
f 4439/4439/4439 2498/2498/2498 4442/4442/4442
f 4442/4442/4442 2498/2498/2498 2496/2496/2496
f 4442/4442/4442 2496/2496/2496 4443/4443/4443
f 4443/4443/4443 2496/2496/2496 2493/2493/2493
f 4443/4443/4443 2493/2493/2493 4446/4446/4446
f 4446/4446/4446 2493/2493/2493 2490/2490/2490
f 4428/4428/4428 2440/2440/2440 4431/4431/4431
f 4431/4431/4431 2440/2440/2440 2507/2507/2507
f 4431/4431/4431 2507/2507/2507 2504/2504/2504
f 4431/4431/4431 2504/2504/2504 4432/4432/4432
f 4432/4432/4432 2504/2504/2504 2502/2502/2502
f 4432/4432/4432 2502/2502/2502 4434/4434/4434
f 4434/4434/4434 2502/2502/2502 4438/4438/4438
f 4438/4438/4438 2502/2502/2502 2499/2499/2499
f 4419/4419/4419 2449/2449/2449 4421/4421/4421
f 4421/4421/4421 2449/2449/2449 2447/2447/2447
f 4421/4421/4421 2447/2447/2447 4424/4424/4424
f 4424/4424/4424 2447/2447/2447 2445/2445/2445
f 4424/4424/4424 2445/2445/2445 4425/4425/4425
f 4425/4425/4425 2445/2445/2445 2444/2444/2444
f 4425/4425/4425 2444/2444/2444 4427/4427/4427
f 4427/4427/4427 2444/2444/2444 2441/2441/2441
f 4403/4403/4403 2397/2397/2397 5813/5813/5813
f 5813/5813/5813 2397/2397/2397 2395/2395/2395
f 5813/5813/5813 2395/2395/2395 5814/5814/5814
f 5814/5814/5814 2395/2395/2395 2393/2393/2393
f 5814/5814/5814 2393/2393/2393 5815/5815/5815
f 5815/5815/5815 2393/2393/2393 2391/2391/2391
f 5815/5815/5815 2391/2391/2391 2388/2388/2388
f 2388/2388/2388 4343/4343/4343 5815/5815/5815
f 5815/5815/5815 4343/4343/4343 4410/4410/4410
f 5815/5815/5815 4410/4410/4410 5814/5814/5814
f 5814/5814/5814 4410/4410/4410 4407/4407/4407
f 5814/5814/5814 4407/4407/4407 5813/5813/5813
f 5813/5813/5813 4407/4407/4407 4406/4406/4406
f 5813/5813/5813 4406/4406/4406 4403/4403/4403
f 4394/4394/4394 2407/2407/2407 4396/4396/4396
f 4396/4396/4396 2407/2407/2407 2405/2405/2405
f 4396/4396/4396 2405/2405/2405 4399/4399/4399
f 4399/4399/4399 2405/2405/2405 2402/2402/2402
f 4399/4399/4399 2402/2402/2402 4401/4401/4401
f 4401/4401/4401 2402/2402/2402 2400/2400/2400
f 4401/4401/4401 2400/2400/2400 4402/4402/4402
f 4402/4402/4402 2400/2400/2400 2398/2398/2398
f 4385/4385/4385 2417/2417/2417 5816/5816/5816
f 5816/5816/5816 2417/2417/2417 2413/2413/2413
f 5816/5816/5816 2413/2413/2413 5817/5817/5817
f 5817/5817/5817 2413/2413/2413 2411/2411/2411
f 5817/5817/5817 2411/2411/2411 5818/5818/5818
f 5818/5818/5818 2411/2411/2411 2409/2409/2409
f 5818/5818/5818 2409/2409/2409 2408/2408/2408
f 2408/2408/2408 4395/4395/4395 5818/5818/5818
f 5818/5818/5818 4395/4395/4395 4391/4391/4391
f 5818/5818/5818 4391/4391/4391 5817/5817/5817
f 5817/5817/5817 4391/4391/4391 4390/4390/4390
f 5817/5817/5817 4390/4390/4390 5816/5816/5816
f 5816/5816/5816 4390/4390/4390 4387/4387/4387
f 5816/5816/5816 4387/4387/4387 4385/4385/4385
f 4505/4505/4505 2569/2569/2569 4508/4508/4508
f 4508/4508/4508 2569/2569/2569 2565/2565/2565
f 4508/4508/4508 2565/2565/2565 4510/4510/4510
f 4510/4510/4510 2565/2565/2565 2564/2564/2564
f 4510/4510/4510 2564/2564/2564 4512/4512/4512
f 4512/4512/4512 2564/2564/2564 2561/2561/2561
f 4512/4512/4512 2561/2561/2561 4515/4515/4515
f 4515/4515/4515 2561/2561/2561 2559/2559/2559
f 4496/4496/4496 2510/2510/2510 4498/4498/4498
f 4498/4498/4498 2510/2510/2510 2574/2574/2574
f 4498/4498/4498 2574/2574/2574 2572/2572/2572
f 4498/4498/4498 2572/2572/2572 4501/4501/4501
f 4501/4501/4501 2572/2572/2572 2570/2570/2570
f 4501/4501/4501 2570/2570/2570 4503/4503/4503
f 4503/4503/4503 2570/2570/2570 4504/4504/4504
f 4504/4504/4504 2570/2570/2570 2568/2568/2568
f 4486/4486/4486 2518/2518/2518 4489/4489/4489
f 4489/4489/4489 2518/2518/2518 2515/2515/2515
f 4489/4489/4489 2515/2515/2515 4491/4491/4491
f 4491/4491/4491 2515/2515/2515 2514/2514/2514
f 4491/4491/4491 2514/2514/2514 4493/4493/4493
f 4493/4493/4493 2514/2514/2514 2511/2511/2511
f 4493/4493/4493 2511/2511/2511 4497/4497/4497
f 4497/4497/4497 2511/2511/2511 2508/2508/2508
f 4471/4471/4471 2465/2465/2465 5819/5819/5819
f 5819/5819/5819 2465/2465/2465 2464/2464/2464
f 5819/5819/5819 2464/2464/2464 5820/5820/5820
f 5820/5820/5820 2464/2464/2464 2462/2462/2462
f 5820/5820/5820 2462/2462/2462 5821/5821/5821
f 5821/5821/5821 2462/2462/2462 2460/2460/2460
f 5821/5821/5821 2460/2460/2460 2456/2456/2456
f 2456/2456/2456 4413/4413/4413 5821/5821/5821
f 5821/5821/5821 4413/4413/4413 4478/4478/4478
f 5821/5821/5821 4478/4478/4478 5820/5820/5820
f 5820/5820/5820 4478/4478/4478 4476/4476/4476
f 5820/5820/5820 4476/4476/4476 5819/5819/5819
f 5819/5819/5819 4476/4476/4476 4474/4474/4474
f 5819/5819/5819 4474/4474/4474 4471/4471/4471
f 4463/4463/4463 2474/2474/2474 4464/4464/4464
f 4464/4464/4464 2474/2474/2474 2473/2473/2473
f 4464/4464/4464 2473/2473/2473 4467/4467/4467
f 4467/4467/4467 2473/2473/2473 2470/2470/2470
f 4467/4467/4467 2470/2470/2470 4469/4469/4469
f 4469/4469/4469 2470/2470/2470 2469/2469/2469
f 4469/4469/4469 2469/2469/2469 4470/4470/4470
f 4470/4470/4470 2469/2469/2469 2467/2467/2467
f 4453/4453/4453 2484/2484/2484 5822/5822/5822
f 5822/5822/5822 2484/2484/2484 2482/2482/2482
f 5822/5822/5822 2482/2482/2482 5823/5823/5823
f 5823/5823/5823 2482/2482/2482 2479/2479/2479
f 5823/5823/5823 2479/2479/2479 5824/5824/5824
f 5824/5824/5824 2479/2479/2479 2478/2478/2478
f 5824/5824/5824 2478/2478/2478 2475/2475/2475
f 2475/2475/2475 4462/4462/4462 5824/5824/5824
f 5824/5824/5824 4462/4462/4462 4460/4460/4460
f 5824/5824/5824 4460/4460/4460 5823/5823/5823
f 5823/5823/5823 4460/4460/4460 4458/4458/4458
f 5823/5823/5823 4458/4458/4458 5822/5822/5822
f 5822/5822/5822 4458/4458/4458 4456/4456/4456
f 5822/5822/5822 4456/4456/4456 4453/4453/4453
f 4573/4573/4573 2636/2636/2636 4575/4575/4575
f 4575/4575/4575 2636/2636/2636 2634/2634/2634
f 4575/4575/4575 2634/2634/2634 4578/4578/4578
f 4578/4578/4578 2634/2634/2634 2631/2631/2631
f 4578/4578/4578 2631/2631/2631 4580/4580/4580
f 4580/4580/4580 2631/2631/2631 2629/2629/2629
f 4580/4580/4580 2629/2629/2629 4583/4583/4583
f 4583/4583/4583 2629/2629/2629 2626/2626/2626
f 4563/4563/4563 2577/2577/2577 4567/4567/4567
f 4567/4567/4567 2577/2577/2577 2643/2643/2643
f 4567/4567/4567 2643/2643/2643 2640/2640/2640
f 4567/4567/4567 2640/2640/2640 4568/4568/4568
f 4568/4568/4568 2640/2640/2640 2639/2639/2639
f 4568/4568/4568 2639/2639/2639 4571/4571/4571
f 4571/4571/4571 2639/2639/2639 4572/4572/4572
f 4572/4572/4572 2639/2639/2639 2635/2635/2635
f 4554/4554/4554 2586/2586/2586 4557/4557/4557
f 4557/4557/4557 2586/2586/2586 2584/2584/2584
f 4557/4557/4557 2584/2584/2584 4560/4560/4560
f 4560/4560/4560 2584/2584/2584 2581/2581/2581
f 4560/4560/4560 2581/2581/2581 4561/4561/4561
f 4561/4561/4561 2581/2581/2581 2579/2579/2579
f 4561/4561/4561 2579/2579/2579 4564/4564/4564
f 4564/4564/4564 2579/2579/2579 2578/2578/2578
f 4540/4540/4540 2535/2535/2535 5825/5825/5825
f 5825/5825/5825 2535/2535/2535 2532/2532/2532
f 5825/5825/5825 2532/2532/2532 5826/5826/5826
f 5826/5826/5826 2532/2532/2532 2530/2530/2530
f 5826/5826/5826 2530/2530/2530 5827/5827/5827
f 5827/5827/5827 2530/2530/2530 2527/2527/2527
f 5827/5827/5827 2527/2527/2527 2526/2526/2526
f 2526/2526/2526 4479/4479/4479 5827/5827/5827
f 5827/5827/5827 4479/4479/4479 4545/4545/4545
f 5827/5827/5827 4545/4545/4545 5826/5826/5826
f 5826/5826/5826 4545/4545/4545 4543/4543/4543
f 5826/5826/5826 4543/4543/4543 5825/5825/5825
f 5825/5825/5825 4543/4543/4543 4542/4542/4542
f 5825/5825/5825 4542/4542/4542 4540/4540/4540
f 4531/4531/4531 2544/2544/2544 4533/4533/4533
f 4533/4533/4533 2544/2544/2544 2540/2540/2540
f 4533/4533/4533 2540/2540/2540 4534/4534/4534
f 4534/4534/4534 2540/2540/2540 2538/2538/2538
f 4534/4534/4534 2538/2538/2538 4536/4536/4536
f 4536/4536/4536 2538/2538/2538 2537/2537/2537
f 4536/4536/4536 2537/2537/2537 4539/4539/4539
f 4539/4539/4539 2537/2537/2537 2533/2533/2533
f 4521/4521/4521 2553/2553/2553 5828/5828/5828
f 5828/5828/5828 2553/2553/2553 2549/2549/2549
f 5828/5828/5828 2549/2549/2549 5829/5829/5829
f 5829/5829/5829 2549/2549/2549 2547/2547/2547
f 5829/5829/5829 2547/2547/2547 5830/5830/5830
f 5830/5830/5830 2547/2547/2547 2546/2546/2546
f 5830/5830/5830 2546/2546/2546 2542/2542/2542
f 2542/2542/2542 4530/4530/4530 5830/5830/5830
f 5830/5830/5830 4530/4530/4530 4527/4527/4527
f 5830/5830/5830 4527/4527/4527 5829/5829/5829
f 5829/5829/5829 4527/4527/4527 4526/4526/4526
f 5829/5829/5829 4526/4526/4526 5828/5828/5828
f 5828/5828/5828 4526/4526/4526 4524/4524/4524
f 5828/5828/5828 4524/4524/4524 4521/4521/4521
f 4641/4641/4641 2703/2703/2703 4644/4644/4644
f 4644/4644/4644 2703/2703/2703 2701/2701/2701
f 4644/4644/4644 2701/2701/2701 4645/4645/4645
f 4645/4645/4645 2701/2701/2701 2699/2699/2699
f 4645/4645/4645 2699/2699/2699 4647/4647/4647
f 4647/4647/4647 2699/2699/2699 2698/2698/2698
f 4647/4647/4647 2698/2698/2698 4651/4651/4651
f 4651/4651/4651 2698/2698/2698 2695/2695/2695
f 4633/4633/4633 2645/2645/2645 4635/4635/4635
f 4635/4635/4635 2645/2645/2645 2710/2710/2710
f 4635/4635/4635 2710/2710/2710 2708/2708/2708
f 4635/4635/4635 2708/2708/2708 4636/4636/4636
f 4636/4636/4636 2708/2708/2708 2707/2707/2707
f 4636/4636/4636 2707/2707/2707 4638/4638/4638
f 4638/4638/4638 2707/2707/2707 4640/4640/4640
f 4640/4640/4640 2707/2707/2707 2705/2705/2705
f 4624/4624/4624 2655/2655/2655 4625/4625/4625
f 4625/4625/4625 2655/2655/2655 2651/2651/2651
f 4625/4625/4625 2651/2651/2651 4628/4628/4628
f 4628/4628/4628 2651/2651/2651 2650/2650/2650
f 4628/4628/4628 2650/2650/2650 4630/4630/4630
f 4630/4630/4630 2650/2650/2650 2647/2647/2647
f 4630/4630/4630 2647/2647/2647 4632/4632/4632
f 4632/4632/4632 2647/2647/2647 2644/2644/2644
f 4607/4607/4607 2601/2601/2601 5831/5831/5831
f 5831/5831/5831 2601/2601/2601 2600/2600/2600
f 5831/5831/5831 2600/2600/2600 5832/5832/5832
f 5832/5832/5832 2600/2600/2600 2598/2598/2598
f 5832/5832/5832 2598/2598/2598 5833/5833/5833
f 5833/5833/5833 2598/2598/2598 2596/2596/2596
f 5833/5833/5833 2596/2596/2596 2594/2594/2594
f 2594/2594/2594 4549/4549/4549 5833/5833/5833
f 5833/5833/5833 4549/4549/4549 4614/4614/4614
f 5833/5833/5833 4614/4614/4614 5832/5832/5832
f 5832/5832/5832 4614/4614/4614 4611/4611/4611
f 5832/5832/5832 4611/4611/4611 5831/5831/5831
f 5831/5831/5831 4611/4611/4611 4610/4610/4610
f 5831/5831/5831 4610/4610/4610 4607/4607/4607
f 4597/4597/4597 2612/2612/2612 4600/4600/4600
f 4600/4600/4600 2612/2612/2612 2608/2608/2608
f 4600/4600/4600 2608/2608/2608 4603/4603/4603
f 4603/4603/4603 2608/2608/2608 2606/2606/2606
f 4603/4603/4603 2606/2606/2606 4604/4604/4604
f 4604/4604/4604 2606/2606/2606 2605/2605/2605
f 4604/4604/4604 2605/2605/2605 4608/4608/4608
f 4608/4608/4608 2605/2605/2605 2602/2602/2602
f 4590/4590/4590 2620/2620/2620 5834/5834/5834
f 5834/5834/5834 2620/2620/2620 2618/2618/2618
f 5834/5834/5834 2618/2618/2618 5835/5835/5835
f 5835/5835/5835 2618/2618/2618 2616/2616/2616
f 5835/5835/5835 2616/2616/2616 5836/5836/5836
f 5836/5836/5836 2616/2616/2616 2614/2614/2614
f 5836/5836/5836 2614/2614/2614 2610/2610/2610
f 2610/2610/2610 4598/4598/4598 5836/5836/5836
f 5836/5836/5836 4598/4598/4598 4595/4595/4595
f 5836/5836/5836 4595/4595/4595 5835/5835/5835
f 5835/5835/5835 4595/4595/4595 4594/4594/4594
f 5835/5835/5835 4594/4594/4594 5834/5834/5834
f 5834/5834/5834 4594/4594/4594 4592/4592/4592
f 5834/5834/5834 4592/4592/4592 4590/4590/4590
f 4709/4709/4709 2772/2772/2772 4712/4712/4712
f 4712/4712/4712 2772/2772/2772 2769/2769/2769
f 4712/4712/4712 2769/2769/2769 4714/4714/4714
f 4714/4714/4714 2769/2769/2769 2768/2768/2768
f 4714/4714/4714 2768/2768/2768 4715/4715/4715
f 4715/4715/4715 2768/2768/2768 2765/2765/2765
f 4715/4715/4715 2765/2765/2765 4717/4717/4717
f 4717/4717/4717 2765/2765/2765 2763/2763/2763
f 4700/4700/4700 2713/2713/2713 4703/4703/4703
f 4703/4703/4703 2713/2713/2713 2779/2779/2779
f 4703/4703/4703 2779/2779/2779 2776/2776/2776
f 4703/4703/4703 2776/2776/2776 4705/4705/4705
f 4705/4705/4705 2776/2776/2776 2774/2774/2774
f 4705/4705/4705 2774/2774/2774 4707/4707/4707
f 4707/4707/4707 2774/2774/2774 4708/4708/4708
f 4708/4708/4708 2774/2774/2774 2771/2771/2771
f 4690/4690/4690 2723/2723/2723 4693/4693/4693
f 4693/4693/4693 2723/2723/2723 2719/2719/2719
f 4693/4693/4693 2719/2719/2719 4695/4695/4695
f 4695/4695/4695 2719/2719/2719 2718/2718/2718
f 4695/4695/4695 2718/2718/2718 4698/4698/4698
f 4698/4698/4698 2718/2718/2718 2715/2715/2715
f 4698/4698/4698 2715/2715/2715 4701/4701/4701
f 4701/4701/4701 2715/2715/2715 2712/2712/2712
f 4676/4676/4676 2669/2669/2669 5837/5837/5837
f 5837/5837/5837 2669/2669/2669 2667/2667/2667
f 5837/5837/5837 2667/2667/2667 5838/5838/5838
f 5838/5838/5838 2667/2667/2667 2665/2665/2665
f 5838/5838/5838 2665/2665/2665 5839/5839/5839
f 5839/5839/5839 2665/2665/2665 2664/2664/2664
f 5839/5839/5839 2664/2664/2664 2661/2661/2661
f 2661/2661/2661 4616/4616/4616 5839/5839/5839
f 5839/5839/5839 4616/4616/4616 4682/4682/4682
f 5839/5839/5839 4682/4682/4682 5838/5838/5838
f 5838/5838/5838 4682/4682/4682 4680/4680/4680
f 5838/5838/5838 4680/4680/4680 5837/5837/5837
f 5837/5837/5837 4680/4680/4680 4678/4678/4678
f 5837/5837/5837 4678/4678/4678 4676/4676/4676
f 4666/4666/4666 2680/2680/2680 4669/4669/4669
f 4669/4669/4669 2680/2680/2680 2677/2677/2677
f 4669/4669/4669 2677/2677/2677 4671/4671/4671
f 4671/4671/4671 2677/2677/2677 2675/2675/2675
f 4671/4671/4671 2675/2675/2675 4672/4672/4672
f 4672/4672/4672 2675/2675/2675 2672/2672/2672
f 4672/4672/4672 2672/2672/2672 4675/4675/4675
f 4675/4675/4675 2672/2672/2672 2670/2670/2670
f 4657/4657/4657 2689/2689/2689 5840/5840/5840
f 5840/5840/5840 2689/2689/2689 2685/2685/2685
f 5840/5840/5840 2685/2685/2685 5841/5841/5841
f 5841/5841/5841 2685/2685/2685 2683/2683/2683
f 5841/5841/5841 2683/2683/2683 5842/5842/5842
f 5842/5842/5842 2683/2683/2683 2681/2681/2681
f 5842/5842/5842 2681/2681/2681 2679/2679/2679
f 2679/2679/2679 4665/4665/4665 5842/5842/5842
f 5842/5842/5842 4665/4665/4665 4663/4663/4663
f 5842/5842/5842 4663/4663/4663 5841/5841/5841
f 5841/5841/5841 4663/4663/4663 4662/4662/4662
f 5841/5841/5841 4662/4662/4662 5840/5840/5840
f 5840/5840/5840 4662/4662/4662 4659/4659/4659
f 5840/5840/5840 4659/4659/4659 4657/4657/4657
f 4778/4778/4778 2841/2841/2841 4779/4779/4779
f 4779/4779/4779 2841/2841/2841 2837/2837/2837
f 4779/4779/4779 2837/2837/2837 4781/4781/4781
f 4781/4781/4781 2837/2837/2837 2835/2835/2835
f 4781/4781/4781 2835/2835/2835 4784/4784/4784
f 4784/4784/4784 2835/2835/2835 2833/2833/2833
f 4784/4784/4784 2833/2833/2833 4786/4786/4786
f 4786/4786/4786 2833/2833/2833 2830/2830/2830
f 4767/4767/4767 2781/2781/2781 4770/4770/4770
f 4770/4770/4770 2781/2781/2781 2847/2847/2847
f 4770/4770/4770 2847/2847/2847 2845/2845/2845
f 4770/4770/4770 2845/2845/2845 4772/4772/4772
f 4772/4772/4772 2845/2845/2845 2843/2843/2843
f 4772/4772/4772 2843/2843/2843 4774/4774/4774
f 4774/4774/4774 2843/2843/2843 4776/4776/4776
f 4776/4776/4776 2843/2843/2843 2840/2840/2840
f 4758/4758/4758 2790/2790/2790 4762/4762/4762
f 4762/4762/4762 2790/2790/2790 2787/2787/2787
f 4762/4762/4762 2787/2787/2787 4764/4764/4764
f 4764/4764/4764 2787/2787/2787 2785/2785/2785
f 4764/4764/4764 2785/2785/2785 4765/4765/4765
f 4765/4765/4765 2785/2785/2785 2784/2784/2784
f 4765/4765/4765 2784/2784/2784 4768/4768/4768
f 4768/4768/4768 2784/2784/2784 2782/2782/2782
f 4744/4744/4744 2737/2737/2737 5843/5843/5843
f 5843/5843/5843 2737/2737/2737 2735/2735/2735
f 5843/5843/5843 2735/2735/2735 5844/5844/5844
f 5844/5844/5844 2735/2735/2735 2733/2733/2733
f 5844/5844/5844 2733/2733/2733 5845/5845/5845
f 5845/5845/5845 2733/2733/2733 2731/2731/2731
f 5845/5845/5845 2731/2731/2731 2728/2728/2728
f 2728/2728/2728 4683/4683/4683 5845/5845/5845
f 5845/5845/5845 4683/4683/4683 4749/4749/4749
f 5845/5845/5845 4749/4749/4749 5844/5844/5844
f 5844/5844/5844 4749/4749/4749 4748/4748/4748
f 5844/5844/5844 4748/4748/4748 5843/5843/5843
f 5843/5843/5843 4748/4748/4748 4745/4745/4745
f 5843/5843/5843 4745/4745/4745 4744/4744/4744
f 4735/4735/4735 2747/2747/2747 4736/4736/4736
f 4736/4736/4736 2747/2747/2747 2744/2744/2744
f 4736/4736/4736 2744/2744/2744 4739/4739/4739
f 4739/4739/4739 2744/2744/2744 2743/2743/2743
f 4739/4739/4739 2743/2743/2743 4741/4741/4741
f 4741/4741/4741 2743/2743/2743 2740/2740/2740
f 4741/4741/4741 2740/2740/2740 4743/4743/4743
f 4743/4743/4743 2740/2740/2740 2739/2739/2739
f 4726/4726/4726 2757/2757/2757 5846/5846/5846
f 5846/5846/5846 2757/2757/2757 2754/2754/2754
f 5846/5846/5846 2754/2754/2754 5847/5847/5847
f 5847/5847/5847 2754/2754/2754 2752/2752/2752
f 5847/5847/5847 2752/2752/2752 5848/5848/5848
f 5848/5848/5848 2752/2752/2752 2749/2749/2749
f 5848/5848/5848 2749/2749/2749 2746/2746/2746
f 2746/2746/2746 4734/4734/4734 5848/5848/5848
f 5848/5848/5848 4734/4734/4734 4732/4732/4732
f 5848/5848/5848 4732/4732/4732 5847/5847/5847
f 5847/5847/5847 4732/4732/4732 4729/4729/4729
f 5847/5847/5847 4729/4729/4729 5846/5846/5846
f 5846/5846/5846 4729/4729/4729 4727/4727/4727
f 5846/5846/5846 4727/4727/4727 4726/4726/4726
f 4844/4844/4844 2907/2907/2907 4847/4847/4847
f 4847/4847/4847 2907/2907/2907 2906/2906/2906
f 4847/4847/4847 2906/2906/2906 4850/4850/4850
f 4850/4850/4850 2906/2906/2906 2904/2904/2904
f 4850/4850/4850 2904/2904/2904 4851/4851/4851
f 4851/4851/4851 2904/2904/2904 2902/2902/2902
f 4851/4851/4851 2902/2902/2902 4854/4854/4854
f 4854/4854/4854 2902/2902/2902 2900/2900/2900
f 4837/4837/4837 2850/2850/2850 4839/4839/4839
f 4839/4839/4839 2850/2850/2850 2915/2915/2915
f 4839/4839/4839 2915/2915/2915 2913/2913/2913
f 4839/4839/4839 2913/2913/2913 4840/4840/4840
f 4840/4840/4840 2913/2913/2913 2910/2910/2910
f 4840/4840/4840 2910/2910/2910 4842/4842/4842
f 4842/4842/4842 2910/2910/2910 4845/4845/4845
f 4845/4845/4845 2910/2910/2910 2908/2908/2908
f 4828/4828/4828 2859/2859/2859 4829/4829/4829
f 4829/4829/4829 2859/2859/2859 2856/2856/2856
f 4829/4829/4829 2856/2856/2856 4832/4832/4832
f 4832/4832/4832 2856/2856/2856 2853/2853/2853
f 4832/4832/4832 2853/2853/2853 4833/4833/4833
f 4833/4833/4833 2853/2853/2853 2851/2851/2851
f 4833/4833/4833 2851/2851/2851 4836/4836/4836
f 4836/4836/4836 2851/2851/2851 2848/2848/2848
f 4810/4810/4810 2806/2806/2806 5849/5849/5849
f 5849/5849/5849 2806/2806/2806 2803/2803/2803
f 5849/5849/5849 2803/2803/2803 5850/5850/5850
f 5850/5850/5850 2803/2803/2803 2801/2801/2801
f 5850/5850/5850 2801/2801/2801 5851/5851/5851
f 5851/5851/5851 2801/2801/2801 2799/2799/2799
f 5851/5851/5851 2799/2799/2799 2796/2796/2796
f 2796/2796/2796 4752/4752/4752 5851/5851/5851
f 5851/5851/5851 4752/4752/4752 4818/4818/4818
f 5851/5851/5851 4818/4818/4818 5850/5850/5850
f 5850/5850/5850 4818/4818/4818 4815/4815/4815
f 5850/5850/5850 4815/4815/4815 5849/5849/5849
f 5849/5849/5849 4815/4815/4815 4813/4813/4813
f 5849/5849/5849 4813/4813/4813 4810/4810/4810
f 4801/4801/4801 2815/2815/2815 4805/4805/4805
f 4805/4805/4805 2815/2815/2815 2813/2813/2813
f 4805/4805/4805 2813/2813/2813 4807/4807/4807
f 4807/4807/4807 2813/2813/2813 2811/2811/2811
f 4807/4807/4807 2811/2811/2811 4808/4808/4808
f 4808/4808/4808 2811/2811/2811 2809/2809/2809
f 4808/4808/4808 2809/2809/2809 4812/4812/4812
f 4812/4812/4812 2809/2809/2809 2805/2805/2805
f 4793/4793/4793 2824/2824/2824 5852/5852/5852
f 5852/5852/5852 2824/2824/2824 2822/2822/2822
f 5852/5852/5852 2822/2822/2822 5853/5853/5853
f 5853/5853/5853 2822/2822/2822 2819/2819/2819
f 5853/5853/5853 2819/2819/2819 5854/5854/5854
f 5854/5854/5854 2819/2819/2819 2817/2817/2817
f 5854/5854/5854 2817/2817/2817 2816/2816/2816
f 2816/2816/2816 4802/4802/4802 5854/5854/5854
f 5854/5854/5854 4802/4802/4802 4799/4799/4799
f 5854/5854/5854 4799/4799/4799 5853/5853/5853
f 5853/5853/5853 4799/4799/4799 4798/4798/4798
f 5853/5853/5853 4798/4798/4798 5852/5852/5852
f 5852/5852/5852 4798/4798/4798 4796/4796/4796
f 5852/5852/5852 4796/4796/4796 4793/4793/4793
f 4914/4914/4914 2976/2976/2976 4915/4915/4915
f 4915/4915/4915 2976/2976/2976 2973/2973/2973
f 4915/4915/4915 2973/2973/2973 4917/4917/4917
f 4917/4917/4917 2973/2973/2973 2972/2972/2972
f 4917/4917/4917 2972/2972/2972 4920/4920/4920
f 4920/4920/4920 2972/2972/2972 2969/2969/2969
f 4920/4920/4920 2969/2969/2969 4923/4923/4923
f 4923/4923/4923 2969/2969/2969 2966/2966/2966
f 4904/4904/4904 2918/2918/2918 4907/4907/4907
f 4907/4907/4907 2918/2918/2918 2983/2983/2983
f 4907/4907/4907 2983/2983/2983 2981/2981/2981
f 4907/4907/4907 2981/2981/2981 4908/4908/4908
f 4908/4908/4908 2981/2981/2981 2979/2979/2979
f 4908/4908/4908 2979/2979/2979 4910/4910/4910
f 4910/4910/4910 2979/2979/2979 4912/4912/4912
f 4912/4912/4912 2979/2979/2979 2977/2977/2977
f 4895/4895/4895 2925/2925/2925 4897/4897/4897
f 4897/4897/4897 2925/2925/2925 2924/2924/2924
f 4897/4897/4897 2924/2924/2924 4899/4899/4899
f 4899/4899/4899 2924/2924/2924 2922/2922/2922
f 4899/4899/4899 2922/2922/2922 4902/4902/4902
f 4902/4902/4902 2922/2922/2922 2919/2919/2919
f 4902/4902/4902 2919/2919/2919 4905/4905/4905
f 4905/4905/4905 2919/2919/2919 2916/2916/2916
f 4879/4879/4879 2874/2874/2874 5855/5855/5855
f 5855/5855/5855 2874/2874/2874 2872/2872/2872
f 5855/5855/5855 2872/2872/2872 5856/5856/5856
f 5856/5856/5856 2872/2872/2872 2870/2870/2870
f 5856/5856/5856 2870/2870/2870 5857/5857/5857
f 5857/5857/5857 2870/2870/2870 2867/2867/2867
f 5857/5857/5857 2867/2867/2867 2866/2866/2866
f 2866/2866/2866 4820/4820/4820 5857/5857/5857
f 5857/5857/5857 4820/4820/4820 4885/4885/4885
f 5857/5857/5857 4885/4885/4885 5856/5856/5856
f 5856/5856/5856 4885/4885/4885 4884/4884/4884
f 5856/5856/5856 4884/4884/4884 5855/5855/5855
f 5855/5855/5855 4884/4884/4884 4882/4882/4882
f 5855/5855/5855 4882/4882/4882 4879/4879/4879
f 4871/4871/4871 2882/2882/2882 4872/4872/4872
f 4872/4872/4872 2882/2882/2882 2880/2880/2880
f 4872/4872/4872 2880/2880/2880 4874/4874/4874
f 4874/4874/4874 2880/2880/2880 2878/2878/2878
f 4874/4874/4874 2878/2878/2878 4876/4876/4876
f 4876/4876/4876 2878/2878/2878 2876/2876/2876
f 4876/4876/4876 2876/2876/2876 4880/4880/4880
f 4880/4880/4880 2876/2876/2876 2875/2875/2875
f 4860/4860/4860 2891/2891/2891 5858/5858/5858
f 5858/5858/5858 2891/2891/2891 2889/2889/2889
f 5858/5858/5858 2889/2889/2889 5859/5859/5859
f 5859/5859/5859 2889/2889/2889 2888/2888/2888
f 5859/5859/5859 2888/2888/2888 5860/5860/5860
f 5860/5860/5860 2888/2888/2888 2886/2886/2886
f 5860/5860/5860 2886/2886/2886 2883/2883/2883
f 2883/2883/2883 4869/4869/4869 5860/5860/5860
f 5860/5860/5860 4869/4869/4869 4867/4867/4867
f 5860/5860/5860 4867/4867/4867 5859/5859/5859
f 5859/5859/5859 4867/4867/4867 4866/4866/4866
f 5859/5859/5859 4866/4866/4866 5858/5858/5858
f 5858/5858/5858 4866/4866/4866 4863/4863/4863
f 5858/5858/5858 4863/4863/4863 4860/4860/4860
f 4980/4980/4980 3045/3045/3045 4984/4984/4984
f 4984/4984/4984 3045/3045/3045 3042/3042/3042
f 4984/4984/4984 3042/3042/3042 4985/4985/4985
f 4985/4985/4985 3042/3042/3042 3039/3039/3039
f 4985/4985/4985 3039/3039/3039 4988/4988/4988
f 4988/4988/4988 3039/3039/3039 3037/3037/3037
f 4988/4988/4988 3037/3037/3037 4989/4989/4989
f 4989/4989/4989 3037/3037/3037 3035/3035/3035
f 4971/4971/4971 2986/2986/2986 4974/4974/4974
f 4974/4974/4974 2986/2986/2986 3050/3050/3050
f 4974/4974/4974 3050/3050/3050 3049/3049/3049
f 4974/4974/4974 3049/3049/3049 4977/4977/4977
f 4977/4977/4977 3049/3049/3049 3047/3047/3047
f 4977/4977/4977 3047/3047/3047 4978/4978/4978
f 4978/4978/4978 3047/3047/3047 4981/4981/4981
f 4981/4981/4981 3047/3047/3047 3043/3043/3043
f 4962/4962/4962 2994/2994/2994 4966/4966/4966
f 4966/4966/4966 2994/2994/2994 2992/2992/2992
f 4966/4966/4966 2992/2992/2992 4968/4968/4968
f 4968/4968/4968 2992/2992/2992 2989/2989/2989
f 4968/4968/4968 2989/2989/2989 4970/4970/4970
f 4970/4970/4970 2989/2989/2989 2988/2988/2988
f 4970/4970/4970 2988/2988/2988 4973/4973/4973
f 4973/4973/4973 2988/2988/2988 2985/2985/2985
f 4948/4948/4948 2941/2941/2941 5861/5861/5861
f 5861/5861/5861 2941/2941/2941 2940/2940/2940
f 5861/5861/5861 2940/2940/2940 5862/5862/5862
f 5862/5862/5862 2940/2940/2940 2937/2937/2937
f 5862/5862/5862 2937/2937/2937 5863/5863/5863
f 5863/5863/5863 2937/2937/2937 2935/2935/2935
f 5863/5863/5863 2935/2935/2935 2934/2934/2934
f 2934/2934/2934 4888/4888/4888 5863/5863/5863
f 5863/5863/5863 4888/4888/4888 4953/4953/4953
f 5863/5863/5863 4953/4953/4953 5862/5862/5862
f 5862/5862/5862 4953/4953/4953 4952/4952/4952
f 5862/5862/5862 4952/4952/4952 5861/5861/5861
f 5861/5861/5861 4952/4952/4952 4950/4950/4950
f 5861/5861/5861 4950/4950/4950 4948/4948/4948
f 4939/4939/4939 2952/2952/2952 4941/4941/4941
f 4941/4941/4941 2952/2952/2952 2948/2948/2948
f 4941/4941/4941 2948/2948/2948 4943/4943/4943
f 4943/4943/4943 2948/2948/2948 2946/2946/2946
f 4943/4943/4943 2946/2946/2946 4944/4944/4944
f 4944/4944/4944 2946/2946/2946 2945/2945/2945
f 4944/4944/4944 2945/2945/2945 4946/4946/4946
f 4946/4946/4946 2945/2945/2945 2942/2942/2942
f 4930/4930/4930 2961/2961/2961 5864/5864/5864
f 5864/5864/5864 2961/2961/2961 2957/2957/2957
f 5864/5864/5864 2957/2957/2957 5865/5865/5865
f 5865/5865/5865 2957/2957/2957 2956/2956/2956
f 5865/5865/5865 2956/2956/2956 5866/5866/5866
f 5866/5866/5866 2956/2956/2956 2953/2953/2953
f 5866/5866/5866 2953/2953/2953 2951/2951/2951
f 2951/2951/2951 4938/4938/4938 5866/5866/5866
f 5866/5866/5866 4938/4938/4938 4936/4936/4936
f 5866/5866/5866 4936/4936/4936 5865/5865/5865
f 5865/5865/5865 4936/4936/4936 4934/4934/4934
f 5865/5865/5865 4934/4934/4934 5864/5864/5864
f 5864/5864/5864 4934/4934/4934 4932/4932/4932
f 5864/5864/5864 4932/4932/4932 4930/4930/4930
f 5049/5049/5049 3113/3113/3113 5051/5051/5051
f 5051/5051/5051 3113/3113/3113 3110/3110/3110
f 5051/5051/5051 3110/3110/3110 5054/5054/5054
f 5054/5054/5054 3110/3110/3110 3107/3107/3107
f 5054/5054/5054 3107/3107/3107 5056/5056/5056
f 5056/5056/5056 3107/3107/3107 3106/3106/3106
f 5056/5056/5056 3106/3106/3106 5057/5057/5057
f 5057/5057/5057 3106/3106/3106 3104/3104/3104
f 5039/5039/5039 3054/3054/3054 5042/5042/5042
f 5042/5042/5042 3054/3054/3054 3119/3119/3119
f 5042/5042/5042 3119/3119/3119 3116/3116/3116
f 5042/5042/5042 3116/3116/3116 5045/5045/5045
f 5045/5045/5045 3116/3116/3116 3114/3114/3114
f 5045/5045/5045 3114/3114/3114 5046/5046/5046
f 5046/5046/5046 3114/3114/3114 5050/5050/5050
f 5050/5050/5050 3114/3114/3114 3111/3111/3111
f 5031/5031/5031 3061/3061/3061 5034/5034/5034
f 5034/5034/5034 3061/3061/3061 3059/3059/3059
f 5034/5034/5034 3059/3059/3059 5036/5036/5036
f 5036/5036/5036 3059/3059/3059 3057/3057/3057
f 5036/5036/5036 3057/3057/3057 5038/5038/5038
f 5038/5038/5038 3057/3057/3057 3055/3055/3055
f 5038/5038/5038 3055/3055/3055 5041/5041/5041
f 5041/5041/5041 3055/3055/3055 3053/3053/3053
f 5014/5014/5014 3011/3011/3011 5867/5867/5867
f 5867/5867/5867 3011/3011/3011 3008/3008/3008
f 5867/5867/5867 3008/3008/3008 5868/5868/5868
f 5868/5868/5868 3008/3008/3008 3006/3006/3006
f 5868/5868/5868 3006/3006/3006 5869/5869/5869
f 5869/5869/5869 3006/3006/3006 3004/3004/3004
f 5869/5869/5869 3004/3004/3004 3000/3000/3000
f 3000/3000/3000 4957/4957/4957 5869/5869/5869
f 5869/5869/5869 4957/4957/4957 5021/5021/5021
f 5869/5869/5869 5021/5021/5021 5868/5868/5868
f 5868/5868/5868 5021/5021/5021 5019/5019/5019
f 5868/5868/5868 5019/5019/5019 5867/5867/5867
f 5867/5867/5867 5019/5019/5019 5017/5017/5017
f 5867/5867/5867 5017/5017/5017 5014/5014/5014
f 5006/5006/5006 3020/3020/3020 5009/5009/5009
f 5009/5009/5009 3020/3020/3020 3017/3017/3017
f 5009/5009/5009 3017/3017/3017 5011/5011/5011
f 5011/5011/5011 3017/3017/3017 3014/3014/3014
f 5011/5011/5011 3014/3014/3014 5012/5012/5012
f 5012/5012/5012 3014/3014/3014 3012/3012/3012
f 5012/5012/5012 3012/3012/3012 5015/5015/5015
f 5015/5015/5015 3012/3012/3012 3010/3010/3010
f 4997/4997/4997 3028/3028/3028 5870/5870/5870
f 5870/5870/5870 3028/3028/3028 3025/3025/3025
f 5870/5870/5870 3025/3025/3025 5871/5871/5871
f 5871/5871/5871 3025/3025/3025 3023/3023/3023
f 5871/5871/5871 3023/3023/3023 5872/5872/5872
f 5872/5872/5872 3023/3023/3023 3021/3021/3021
f 5872/5872/5872 3021/3021/3021 3019/3019/3019
f 3019/3019/3019 5007/5007/5007 5872/5872/5872
f 5872/5872/5872 5007/5007/5007 5003/5003/5003
f 5872/5872/5872 5003/5003/5003 5871/5871/5871
f 5871/5871/5871 5003/5003/5003 5002/5002/5002
f 5871/5871/5871 5002/5002/5002 5870/5870/5870
f 5870/5870/5870 5002/5002/5002 5000/5000/5000
f 5870/5870/5870 5000/5000/5000 4997/4997/4997
f 3062/3062/3062 5032/5032/5032 3064/3064/3064
f 3064/3064/3064 5032/5032/5032 5028/5028/5028
f 3064/3064/3064 5028/5028/5028 3067/3067/3067
f 3067/3067/3067 5028/5028/5028 5027/5027/5027
f 3067/3067/3067 5027/5027/5027 3069/3069/3069
f 3069/3069/3069 5027/5027/5027 5024/5024/5024
f 2995/2995/2995 4964/4964/4964 2997/2997/2997
f 2997/2997/2997 4964/4964/4964 4961/4961/4961
f 2997/2997/2997 4961/4961/4961 2998/2998/2998
f 2998/2998/2998 4961/4961/4961 4958/4958/4958
f 2998/2998/2998 4958/4958/4958 3001/3001/3001
f 3001/3001/3001 4958/4958/4958 4955/4955/4955
f 2926/2926/2926 4894/4894/4894 2928/2928/2928
f 2928/2928/2928 4894/4894/4894 4892/4892/4892
f 2928/2928/2928 4892/4892/4892 2930/2930/2930
f 2930/2930/2930 4892/4892/4892 4891/4891/4891
f 2930/2930/2930 4891/4891/4891 2932/2932/2932
f 2932/2932/2932 4891/4891/4891 4887/4887/4887
f 2858/2858/2858 4826/4826/4826 2861/2861/2861
f 2861/2861/2861 4826/4826/4826 4825/4825/4825
f 2861/2861/2861 4825/4825/4825 2862/2862/2862
f 2862/2862/2862 4825/4825/4825 4823/4823/4823
f 2862/2862/2862 4823/4823/4823 2865/2865/2865
f 2865/2865/2865 4823/4823/4823 4819/4819/4819
f 2789/2789/2789 4759/4759/4759 2792/2792/2792
f 2792/2792/2792 4759/4759/4759 4757/4757/4757
f 2792/2792/2792 4757/4757/4757 2794/2794/2794
f 2794/2794/2794 4757/4757/4757 4755/4755/4755
f 2794/2794/2794 4755/4755/4755 2797/2797/2797
f 2797/2797/2797 4755/4755/4755 4753/4753/4753
f 2722/2722/2722 4692/4692/4692 2725/2725/2725
f 2725/2725/2725 4692/4692/4692 4688/4688/4688
f 2725/2725/2725 4688/4688/4688 2727/2727/2727
f 2727/2727/2727 4688/4688/4688 4686/4686/4686
f 2727/2727/2727 4686/4686/4686 2729/2729/2729
f 2729/2729/2729 4686/4686/4686 4684/4684/4684
f 2653/2653/2653 4622/4622/4622 2656/2656/2656
f 2656/2656/2656 4622/4622/4622 4620/4620/4620
f 2656/2656/2656 4620/4620/4620 2658/2658/2658
f 2658/2658/2658 4620/4620/4620 4618/4618/4618
f 2658/2658/2658 4618/4618/4618 2662/2662/2662
f 2662/2662/2662 4618/4618/4618 4615/4615/4615
f 2587/2587/2587 4556/4556/4556 2588/2588/2588
f 2588/2588/2588 4556/4556/4556 4553/4553/4553
f 2588/2588/2588 4553/4553/4553 2590/2590/2590
f 2590/2590/2590 4553/4553/4553 4551/4551/4551
f 2590/2590/2590 4551/4551/4551 2593/2593/2593
f 2593/2593/2593 4551/4551/4551 4547/4547/4547
f 2519/2519/2519 4487/4487/4487 2520/2520/2520
f 2520/2520/2520 4487/4487/4487 4484/4484/4484
f 2520/2520/2520 4484/4484/4484 2523/2523/2523
f 2523/2523/2523 4484/4484/4484 4482/4482/4482
f 2523/2523/2523 4482/4482/4482 2525/2525/2525
f 2525/2525/2525 4482/4482/4482 4480/4480/4480
f 2450/2450/2450 4420/4420/4420 2452/2452/2452
f 2452/2452/2452 4420/4420/4420 4417/4417/4417
f 2452/2452/2452 4417/4417/4417 2455/2455/2455
f 2455/2455/2455 4417/4417/4417 4414/4414/4414
f 2455/2455/2455 4414/4414/4414 2458/2458/2458
f 2458/2458/2458 4414/4414/4414 4412/4412/4412
f 2382/2382/2382 4351/4351/4351 2385/2385/2385
f 2385/2385/2385 4351/4351/4351 4348/4348/4348
f 2385/2385/2385 4348/4348/4348 2387/2387/2387
f 2387/2387/2387 4348/4348/4348 4346/4346/4346
f 2387/2387/2387 4346/4346/4346 2389/2389/2389
f 2389/2389/2389 4346/4346/4346 4344/4344/4344
f 2313/2313/2313 4282/4282/4282 2316/2316/2316
f 2316/2316/2316 4282/4282/4282 4281/4281/4281
f 2316/2316/2316 4281/4281/4281 2319/2319/2319
f 2319/2319/2319 4281/4281/4281 4278/4278/4278
f 2319/2319/2319 4278/4278/4278 2320/2320/2320
f 2320/2320/2320 4278/4278/4278 4276/4276/4276
f 2245/2245/2245 4214/4214/4214 2248/2248/2248
f 2248/2248/2248 4214/4214/4214 4212/4212/4212
f 2248/2248/2248 4212/4212/4212 2250/2250/2250
f 2250/2250/2250 4212/4212/4212 4211/4211/4211
f 2250/2250/2250 4211/4211/4211 2252/2252/2252
f 2252/2252/2252 4211/4211/4211 4208/4208/4208
f 2177/2177/2177 4148/4148/4148 2181/2181/2181
f 2181/2181/2181 4148/4148/4148 4144/4144/4144
f 2181/2181/2181 4144/4144/4144 2182/2182/2182
f 2182/2182/2182 4144/4144/4144 4143/4143/4143
f 2182/2182/2182 4143/4143/4143 2186/2186/2186
f 2186/2186/2186 4143/4143/4143 4139/4139/4139
f 2111/2111/2111 4079/4079/4079 2112/2112/2112
f 2112/2112/2112 4079/4079/4079 4077/4077/4077
f 2112/2112/2112 4077/4077/4077 2114/2114/2114
f 2114/2114/2114 4077/4077/4077 4075/4075/4075
f 2114/2114/2114 4075/4075/4075 2116/2116/2116
f 2116/2116/2116 4075/4075/4075 4072/4072/4072
f 2042/2042/2042 4011/4011/4011 2045/2045/2045
f 2045/2045/2045 4011/4011/4011 4008/4008/4008
f 2045/2045/2045 4008/4008/4008 2047/2047/2047
f 2047/2047/2047 4008/4008/4008 4006/4006/4006
f 2047/2047/2047 4006/4006/4006 2049/2049/2049
f 2049/2049/2049 4006/4006/4006 4004/4004/4004
f 1973/1973/1973 3943/3943/3943 1976/1976/1976
f 1976/1976/1976 3943/3943/3943 3941/3941/3941
f 1976/1976/1976 3941/3941/3941 1978/1978/1978
f 1978/1978/1978 3941/3941/3941 3939/3939/3939
f 1978/1978/1978 3939/3939/3939 1981/1981/1981
f 1981/1981/1981 3939/3939/3939 3936/3936/3936
f 1907/1907/1907 3876/3876/3876 1908/1908/1908
f 1908/1908/1908 3876/3876/3876 3873/3873/3873
f 1908/1908/1908 3873/3873/3873 1910/1910/1910
f 1910/1910/1910 3873/3873/3873 3871/3871/3871
f 1910/1910/1910 3871/3871/3871 1912/1912/1912
f 1912/1912/1912 3871/3871/3871 3869/3869/3869
f 1838/1838/1838 3806/3806/3806 1841/1841/1841
f 1841/1841/1841 3806/3806/3806 3805/3805/3805
f 1841/1841/1841 3805/3805/3805 1842/1842/1842
f 1842/1842/1842 3805/3805/3805 3802/3802/3802
f 1842/1842/1842 3802/3802/3802 1844/1844/1844
f 1844/1844/1844 3802/3802/3802 3799/3799/3799
f 1769/1769/1769 3739/3739/3739 1773/1773/1773
f 1773/1773/1773 3739/3739/3739 3737/3737/3737
f 1773/1773/1773 3737/3737/3737 1774/1774/1774
f 1774/1774/1774 3737/3737/3737 3735/3735/3735
f 1774/1774/1774 3735/3735/3735 1778/1778/1778
f 1778/1778/1778 3735/3735/3735 3733/3733/3733
f 1701/1701/1701 3671/3671/3671 1704/1704/1704
f 1704/1704/1704 3671/3671/3671 3668/3668/3668
f 1704/1704/1704 3668/3668/3668 1706/1706/1706
f 1706/1706/1706 3668/3668/3668 3666/3666/3666
f 1706/1706/1706 3666/3666/3666 1710/1710/1710
f 1710/1710/1710 3666/3666/3666 3664/3664/3664
f 1634/1634/1634 3603/3603/3603 1636/1636/1636
f 1636/1636/1636 3603/3603/3603 3600/3600/3600
f 1636/1636/1636 3600/3600/3600 1639/1639/1639
f 1639/1639/1639 3600/3600/3600 3598/3598/3598
f 1639/1639/1639 3598/3598/3598 1641/1641/1641
f 1641/1641/1641 3598/3598/3598 3596/3596/3596
f 1567/1567/1567 3534/3534/3534 1568/1568/1568
f 1568/1568/1568 3534/3534/3534 3532/3532/3532
f 1568/1568/1568 3532/3532/3532 1570/1570/1570
f 1570/1570/1570 3532/3532/3532 3531/3531/3531
f 1570/1570/1570 3531/3531/3531 1574/1574/1574
f 1574/1574/1574 3531/3531/3531 3527/3527/3527
f 1499/1499/1499 3466/3466/3466 1501/1501/1501
f 1501/1501/1501 3466/3466/3466 3464/3464/3464
f 1501/1501/1501 3464/3464/3464 1502/1502/1502
f 1502/1502/1502 3464/3464/3464 3463/3463/3463
f 1502/1502/1502 3463/3463/3463 1506/1506/1506
f 1506/1506/1506 3463/3463/3463 3461/3461/3461
f 1431/1431/1431 3400/3400/3400 1432/1432/1432
f 1432/1432/1432 3400/3400/3400 3396/3396/3396
f 1432/1432/1432 3396/3396/3396 1434/1434/1434
f 1434/1434/1434 3396/3396/3396 3394/3394/3394
f 1434/1434/1434 3394/3394/3394 1438/1438/1438
f 1438/1438/1438 3394/3394/3394 3392/3392/3392
f 1362/1362/1362 3330/3330/3330 1365/1365/1365
f 1365/1365/1365 3330/3330/3330 3329/3329/3329
f 1365/1365/1365 3329/3329/3329 1366/1366/1366
f 1366/1366/1366 3329/3329/3329 3327/3327/3327
f 1366/1366/1366 3327/3327/3327 1370/1370/1370
f 1370/1370/1370 3327/3327/3327 3323/3323/3323
f 1295/1295/1295 3263/3263/3263 1296/1296/1296
f 1296/1296/1296 3263/3263/3263 3261/3261/3261
f 1296/1296/1296 3261/3261/3261 1299/1299/1299
f 1299/1299/1299 3261/3261/3261 3259/3259/3259
f 1299/1299/1299 3259/3259/3259 1301/1301/1301
f 1301/1301/1301 3259/3259/3259 3255/3255/3255
f 5102/5102/5102 1224/1224/1224 5103/5103/5103
f 5103/5103/5103 1224/1224/1224 1221/1221/1221
f 5103/5103/5103 1221/1221/1221 5106/5106/5106
f 5106/5106/5106 1221/1221/1221 1219/1219/1219
f 5106/5106/5106 1219/1219/1219 5109/5109/5109
f 5109/5109/5109 1219/1219/1219 1216/1216/1216
f 5059/5059/5059 3103/3103/3103 5060/5060/5060
f 5060/5060/5060 3103/3103/3103 3100/3100/3100
f 5060/5060/5060 3100/3100/3100 5063/5063/5063
f 5063/5063/5063 3100/3100/3100 3099/3099/3099
f 5063/5063/5063 3099/3099/3099 5066/5066/5066
f 5066/5066/5066 3099/3099/3099 3095/3095/3095
f 4991/4991/4991 3036/3036/3036 4992/4992/4992
f 4992/4992/4992 3036/3036/3036 3033/3033/3033
f 4992/4992/4992 3033/3033/3033 4994/4994/4994
f 4994/4994/4994 3033/3033/3033 3030/3030/3030
f 4994/4994/4994 3030/3030/3030 4996/4996/4996
f 4996/4996/4996 3030/3030/3030 3027/3027/3027
f 4921/4921/4921 2967/2967/2967 4924/4924/4924
f 4924/4924/4924 2967/2967/2967 2965/2965/2965
f 4924/4924/4924 2965/2965/2965 4926/4926/4926
f 4926/4926/4926 2965/2965/2965 2963/2963/2963
f 4926/4926/4926 2963/2963/2963 4929/4929/4929
f 4929/4929/4929 2963/2963/2963 2959/2959/2959
f 4855/4855/4855 2898/2898/2898 4857/4857/4857
f 4857/4857/4857 2898/2898/2898 2897/2897/2897
f 4857/4857/4857 2897/2897/2897 4859/4859/4859
f 4859/4859/4859 2897/2897/2897 2894/2894/2894
f 4859/4859/4859 2894/2894/2894 4861/4861/4861
f 4861/4861/4861 2894/2894/2894 2892/2892/2892
f 4785/4785/4785 2832/2832/2832 4788/4788/4788
f 4788/4788/4788 2832/2832/2832 2829/2829/2829
f 4788/4788/4788 2829/2829/2829 4791/4791/4791
f 4791/4791/4791 2829/2829/2829 2826/2826/2826
f 4791/4791/4791 2826/2826/2826 4794/4794/4794
f 4794/4794/4794 2826/2826/2826 2825/2825/2825
f 4719/4719/4719 2762/2762/2762 4720/4720/4720
f 4720/4720/4720 2762/2762/2762 2760/2760/2760
f 4720/4720/4720 2760/2760/2760 4723/4723/4723
f 4723/4723/4723 2760/2760/2760 2758/2758/2758
f 4723/4723/4723 2758/2758/2758 4724/4724/4724
f 4724/4724/4724 2758/2758/2758 2755/2755/2755
f 4649/4649/4649 2696/2696/2696 4652/4652/4652
f 4652/4652/4652 2696/2696/2696 2692/2692/2692
f 4652/4652/4652 2692/2692/2692 4654/4654/4654
f 4654/4654/4654 2692/2692/2692 2690/2690/2690
f 4654/4654/4654 2690/2690/2690 4656/4656/4656
f 4656/4656/4656 2690/2690/2690 2688/2688/2688
f 4581/4581/4581 2627/2627/2627 4584/4584/4584
f 4584/4584/4584 2627/2627/2627 2624/2624/2624
f 4584/4584/4584 2624/2624/2624 4586/4586/4586
f 4586/4586/4586 2624/2624/2624 2622/2622/2622
f 4586/4586/4586 2622/2622/2622 4588/4588/4588
f 4588/4588/4588 2622/2622/2622 2619/2619/2619
f 4513/4513/4513 2558/2558/2558 4516/4516/4516
f 4516/4516/4516 2558/2558/2558 2556/2556/2556
f 4516/4516/4516 2556/2556/2556 4518/4518/4518
f 4518/4518/4518 2556/2556/2556 2555/2555/2555
f 4518/4518/4518 2555/2555/2555 4522/4522/4522
f 4522/4522/4522 2555/2555/2555 2551/2551/2551
f 4447/4447/4447 2492/2492/2492 4448/4448/4448
f 4448/4448/4448 2492/2492/2492 2488/2488/2488
f 4448/4448/4448 2488/2488/2488 4451/4451/4451
f 4451/4451/4451 2488/2488/2488 2486/2486/2486
f 4451/4451/4451 2486/2486/2486 4454/4454/4454
f 4454/4454/4454 2486/2486/2486 2483/2483/2483
f 4377/4377/4377 2423/2423/2423 4381/4381/4381
f 4381/4381/4381 2423/2423/2423 2420/2420/2420
f 4381/4381/4381 2420/2420/2420 4382/4382/4382
f 4382/4382/4382 2420/2420/2420 2419/2419/2419
f 4382/4382/4382 2419/2419/2419 4386/4386/4386
f 4386/4386/4386 2419/2419/2419 2415/2415/2415
f 4309/4309/4309 2354/2354/2354 4312/4312/4312
f 4312/4312/4312 2354/2354/2354 2353/2353/2353
f 4312/4312/4312 2353/2353/2353 4315/4315/4315
f 4315/4315/4315 2353/2353/2353 2351/2351/2351
f 4315/4315/4315 2351/2351/2351 4318/4318/4318
f 4318/4318/4318 2351/2351/2351 2349/2349/2349
f 4243/4243/4243 2288/2288/2288 4245/4245/4245
f 4245/4245/4245 2288/2288/2288 2284/2284/2284
f 4245/4245/4245 2284/2284/2284 4247/4247/4247
f 4247/4247/4247 2284/2284/2284 2283/2283/2283
f 4247/4247/4247 2283/2283/2283 4248/4248/4248
f 4248/4248/4248 2283/2283/2283 2279/2279/2279
f 4174/4174/4174 2218/2218/2218 4177/4177/4177
f 4177/4177/4177 2218/2218/2218 2216/2216/2216
f 4177/4177/4177 2216/2216/2216 4179/4179/4179
f 4179/4179/4179 2216/2216/2216 2214/2214/2214
f 4179/4179/4179 2214/2214/2214 4181/4181/4181
f 4181/4181/4181 2214/2214/2214 2212/2212/2212
f 4106/4106/4106 2151/2151/2151 4108/4108/4108
f 4108/4108/4108 2151/2151/2151 2149/2149/2149
f 4108/4108/4108 2149/2149/2149 4111/4111/4111
f 4111/4111/4111 2149/2149/2149 2146/2146/2146
f 4111/4111/4111 2146/2146/2146 4114/4114/4114
f 4114/4114/4114 2146/2146/2146 2144/2144/2144
f 4037/4037/4037 2083/2083/2083 4040/4040/4040
f 4040/4040/4040 2083/2083/2083 2081/2081/2081
f 4040/4040/4040 2081/2081/2081 4043/4043/4043
f 4043/4043/4043 2081/2081/2081 2078/2078/2078
f 4043/4043/4043 2078/2078/2078 4046/4046/4046
f 4046/4046/4046 2078/2078/2078 2076/2076/2076
f 3970/3970/3970 2015/2015/2015 3973/3973/3973
f 3973/3973/3973 2015/2015/2015 2012/2012/2012
f 3973/3973/3973 2012/2012/2012 3974/3974/3974
f 3974/3974/3974 2012/2012/2012 2010/2010/2010
f 3974/3974/3974 2010/2010/2010 3976/3976/3976
f 3976/3976/3976 2010/2010/2010 2009/2009/2009
f 3901/3901/3901 1947/1947/1947 3904/3904/3904
f 3904/3904/3904 1947/1947/1947 1944/1944/1944
f 3904/3904/3904 1944/1944/1944 3906/3906/3906
f 3906/3906/3906 1944/1944/1944 1943/1943/1943
f 3906/3906/3906 1943/1943/1943 3908/3908/3908
f 3908/3908/3908 1943/1943/1943 1941/1941/1941
f 3835/3835/3835 1880/1880/1880 3836/3836/3836
f 3836/3836/3836 1880/1880/1880 1877/1877/1877
f 3836/3836/3836 1877/1877/1877 3838/3838/3838
f 3838/3838/3838 1877/1877/1877 1874/1874/1874
f 3838/3838/3838 1874/1874/1874 3842/3842/3842
f 3842/3842/3842 1874/1874/1874 1872/1872/1872
f 3766/3766/3766 1812/1812/1812 3768/3768/3768
f 3768/3768/3768 1812/1812/1812 1808/1808/1808
f 3768/3768/3768 1808/1808/1808 3771/3771/3771
f 3771/3771/3771 1808/1808/1808 1806/1806/1806
f 3771/3771/3771 1806/1806/1806 3774/3774/3774
f 3774/3774/3774 1806/1806/1806 1803/1803/1803
f 3697/3697/3697 1744/1744/1744 3701/3701/3701
f 3701/3701/3701 1744/1744/1744 1741/1741/1741
f 3701/3701/3701 1741/1741/1741 3702/3702/3702
f 3702/3702/3702 1741/1741/1741 1738/1738/1738
f 3702/3702/3702 1738/1738/1738 3706/3706/3706
f 3706/3706/3706 1738/1738/1738 1737/1737/1737
f 3631/3631/3631 1676/1676/1676 3633/3633/3633
f 3633/3633/3633 1676/1676/1676 1672/1672/1672
f 3633/3633/3633 1672/1672/1672 3634/3634/3634
f 3634/3634/3634 1672/1672/1672 1671/1671/1671
f 3634/3634/3634 1671/1671/1671 3637/3637/3637
f 3637/3637/3637 1671/1671/1671 1667/1667/1667
f 3561/3561/3561 1608/1608/1608 3564/3564/3564
f 3564/3564/3564 1608/1608/1608 1605/1605/1605
f 3564/3564/3564 1605/1605/1605 3566/3566/3566
f 3566/3566/3566 1605/1605/1605 1603/1603/1603
f 3566/3566/3566 1603/1603/1603 3569/3569/3569
f 3569/3569/3569 1603/1603/1603 1599/1599/1599
f 3493/3493/3493 1539/1539/1539 3497/3497/3497
f 3497/3497/3497 1539/1539/1539 1537/1537/1537
f 3497/3497/3497 1537/1537/1537 3499/3499/3499
f 3499/3499/3499 1537/1537/1537 1534/1534/1534
f 3499/3499/3499 1534/1534/1534 3500/3500/3500
f 3500/3500/3500 1534/1534/1534 1533/1533/1533
f 3426/3426/3426 1471/1471/1471 3428/3428/3428
f 3428/3428/3428 1471/1471/1471 1468/1468/1468
f 3428/3428/3428 1468/1468/1468 3430/3430/3430
f 3430/3430/3430 1468/1468/1468 1466/1466/1466
f 3430/3430/3430 1466/1466/1466 3432/3432/3432
f 3432/3432/3432 1466/1466/1466 1464/1464/1464
f 3357/3357/3357 1404/1404/1404 3361/3361/3361
f 3361/3361/3361 1404/1404/1404 1401/1401/1401
f 3361/3361/3361 1401/1401/1401 3363/3363/3363
f 3363/3363/3363 1401/1401/1401 1399/1399/1399
f 3363/3363/3363 1399/1399/1399 3365/3365/3365
f 3365/3365/3365 1399/1399/1399 1395/1395/1395
f 1250/1250/1250 5142/5142/5142 1253/1253/1253
f 1253/1253/1253 5142/5142/5142 5139/5139/5139
f 1253/1253/1253 5139/5139/5139 1255/1255/1255
f 1255/1255/1255 5139/5139/5139 5137/5137/5137
f 1255/1255/1255 5137/5137/5137 1258/1258/1258
f 1258/1258/1258 5137/5137/5137 5135/5135/5135
f 3291/3291/3291 1335/1335/1335 3292/3292/3292
f 3292/3292/3292 1335/1335/1335 1333/1333/1333
f 3292/3292/3292 1333/1333/1333 3295/3295/3295
f 3295/3295/3295 1333/1333/1333 1331/1331/1331
f 3295/3295/3295 1331/1331/1331 3296/3296/3296
f 3296/3296/3296 1331/1331/1331 1329/1329/1329
f 5125/5125/5125 1268/1268/1268 5129/5129/5129
f 5129/5129/5129 1268/1268/1268 1264/1264/1264
f 5129/5129/5129 1264/1264/1264 5130/5130/5130
f 5130/5130/5130 1264/1264/1264 1263/1263/1263
f 5130/5130/5130 1263/1263/1263 5132/5132/5132
f 5132/5132/5132 1263/1263/1263 1261/1261/1261
f 5132/5132/5132 1261/1261/1261 5134/5134/5134
f 5134/5134/5134 1261/1261/1261 1257/1257/1257
f 5118/5118/5118 1275/1275/1275 5120/5120/5120
f 5120/5120/5120 1275/1275/1275 1273/1273/1273
f 5120/5120/5120 1273/1273/1273 1271/1271/1271
f 5120/5120/5120 1271/1271/1271 5121/5121/5121
f 5121/5121/5121 1271/1271/1271 1269/1269/1269
f 5121/5121/5121 1269/1269/1269 5124/5124/5124
f 5124/5124/5124 1269/1269/1269 5126/5126/5126
f 5126/5126/5126 1269/1269/1269 1266/1266/1266
f 5107/5107/5107 1217/1217/1217 5110/5110/5110
f 5110/5110/5110 1217/1217/1217 1283/1283/1283
f 5110/5110/5110 1283/1283/1283 5112/5112/5112
f 5112/5112/5112 1283/1283/1283 1281/1281/1281
f 5112/5112/5112 1281/1281/1281 5115/5115/5115
f 5115/5115/5115 1281/1281/1281 1278/1278/1278
f 5115/5115/5115 1278/1278/1278 5117/5117/5117
f 5117/5117/5117 1278/1278/1278 1276/1276/1276
f 5083/5083/5083 3079/3079/3079 5873/5873/5873
f 5873/5873/5873 3079/3079/3079 3076/3076/3076
f 5873/5873/5873 3076/3076/3076 5874/5874/5874
f 5874/5874/5874 3076/3076/3076 3074/3074/3074
f 5874/5874/5874 3074/3074/3074 5875/5875/5875
f 5875/5875/5875 3074/3074/3074 3071/3071/3071
f 5875/5875/5875 3071/3071/3071 3070/3070/3070
f 3070/3070/3070 5025/5025/5025 5875/5875/5875
f 5875/5875/5875 5025/5025/5025 5089/5089/5089
f 5875/5875/5875 5089/5089/5089 5874/5874/5874
f 5874/5874/5874 5089/5089/5089 5088/5088/5088
f 5874/5874/5874 5088/5088/5088 5873/5873/5873
f 5873/5873/5873 5088/5088/5088 5085/5085/5085
f 5873/5873/5873 5085/5085/5085 5083/5083/5083
f 5074/5074/5074 3086/3086/3086 5077/5077/5077
f 5077/5077/5077 3086/3086/3086 3085/3085/3085
f 5077/5077/5077 3085/3085/3085 5079/5079/5079
f 5079/5079/5079 3085/3085/3085 3083/3083/3083
f 5079/5079/5079 3083/3083/3083 5080/5080/5080
f 5080/5080/5080 3083/3083/3083 3081/3081/3081
f 5080/5080/5080 3081/3081/3081 5082/5082/5082
f 5082/5082/5082 3081/3081/3081 3078/3078/3078
f 5065/5065/5065 3096/3096/3096 5876/5876/5876
f 5876/5876/5876 3096/3096/3096 3093/3093/3093
f 5876/5876/5876 3093/3093/3093 5877/5877/5877
f 5877/5877/5877 3093/3093/3093 3091/3091/3091
f 5877/5877/5877 3091/3091/3091 5878/5878/5878
f 5878/5878/5878 3091/3091/3091 3090/3090/3090
f 5878/5878/5878 3090/3090/3090 3088/3088/3088
f 3088/3088/3088 5075/5075/5075 5878/5878/5878
f 5878/5878/5878 5075/5075/5075 5072/5072/5072
f 5878/5878/5878 5072/5072/5072 5877/5877/5877
f 5877/5877/5877 5072/5072/5072 5070/5070/5070
f 5877/5877/5877 5070/5070/5070 5876/5876/5876
f 5876/5876/5876 5070/5070/5070 5068/5068/5068
f 5876/5876/5876 5068/5068/5068 5065/5065/5065
f 5295/5295/5295 5889/5889/5889 5161/5161/5161
f 5161/5161/5161 5889/5889/5889 5880/5880/5880
f 5162/5162/5162 5879/5879/5879 6224/6224/6224
f 6224/6224/6224 5879/5879/5879 5882/5882/5882
f 6224/6224/6224 5882/5882/5882 6225/6225/6225
f 6225/6225/6225 5882/5882/5882 5884/5884/5884
f 6225/6225/6225 5884/5884/5884 6226/6226/6226
f 6226/6226/6226 5884/5884/5884 5885/5885/5885
f 6226/6226/6226 5885/5885/5885 6227/6227/6227
f 6227/6227/6227 5885/5885/5885 5887/5887/5887
f 6227/6227/6227 5887/5887/5887 6228/6228/6228
f 6228/6228/6228 5887/5887/5887 5438/5438/5438
f 6228/6228/6228 5438/5438/5438 5572/5572/5572
f 5889/5889/5889 5295/5295/5295 5894/5894/5894
f 5894/5894/5894 5295/5295/5295 5294/5294/5294
f 5894/5894/5894 5294/5294/5294 5899/5899/5899
f 5899/5899/5899 5294/5294/5294 5292/5292/5292
f 5899/5899/5899 5292/5292/5292 5904/5904/5904
f 5904/5904/5904 5292/5292/5292 5290/5290/5290
f 5904/5904/5904 5290/5290/5290 5909/5909/5909
f 5909/5909/5909 5290/5290/5290 5287/5287/5287
f 5909/5909/5909 5287/5287/5287 5914/5914/5914
f 5914/5914/5914 5287/5287/5287 5286/5286/5286
f 5914/5914/5914 5286/5286/5286 5919/5919/5919
f 5919/5919/5919 5286/5286/5286 5284/5284/5284
f 5919/5919/5919 5284/5284/5284 5924/5924/5924
f 5924/5924/5924 5284/5284/5284 5281/5281/5281
f 5924/5924/5924 5281/5281/5281 5929/5929/5929
f 5929/5929/5929 5281/5281/5281 5280/5280/5280
f 5929/5929/5929 5280/5280/5280 5934/5934/5934
f 5934/5934/5934 5280/5280/5280 5278/5278/5278
f 5934/5934/5934 5278/5278/5278 5939/5939/5939
f 5939/5939/5939 5278/5278/5278 5276/5276/5276
f 5939/5939/5939 5276/5276/5276 5944/5944/5944
f 5944/5944/5944 5276/5276/5276 5274/5274/5274
f 5944/5944/5944 5274/5274/5274 5949/5949/5949
f 5949/5949/5949 5274/5274/5274 5272/5272/5272
f 5949/5949/5949 5272/5272/5272 5954/5954/5954
f 5954/5954/5954 5272/5272/5272 5269/5269/5269
f 5954/5954/5954 5269/5269/5269 5959/5959/5959
f 5959/5959/5959 5269/5269/5269 5267/5267/5267
f 5959/5959/5959 5267/5267/5267 5964/5964/5964
f 5964/5964/5964 5267/5267/5267 5266/5266/5266
f 5964/5964/5964 5266/5266/5266 5969/5969/5969
f 5969/5969/5969 5266/5266/5266 5264/5264/5264
f 5969/5969/5969 5264/5264/5264 5974/5974/5974
f 5974/5974/5974 5264/5264/5264 5261/5261/5261
f 5974/5974/5974 5261/5261/5261 5979/5979/5979
f 5979/5979/5979 5261/5261/5261 5259/5259/5259
f 5979/5979/5979 5259/5259/5259 5984/5984/5984
f 5984/5984/5984 5259/5259/5259 5257/5257/5257
f 5984/5984/5984 5257/5257/5257 5989/5989/5989
f 5989/5989/5989 5257/5257/5257 5255/5255/5255
f 5989/5989/5989 5255/5255/5255 5994/5994/5994
f 5994/5994/5994 5255/5255/5255 5253/5253/5253
f 5994/5994/5994 5253/5253/5253 5999/5999/5999
f 5999/5999/5999 5253/5253/5253 5251/5251/5251
f 5999/5999/5999 5251/5251/5251 6004/6004/6004
f 6004/6004/6004 5251/5251/5251 5249/5249/5249
f 6004/6004/6004 5249/5249/5249 6009/6009/6009
f 6009/6009/6009 5249/5249/5249 5248/5248/5248
f 6009/6009/6009 5248/5248/5248 6014/6014/6014
f 6014/6014/6014 5248/5248/5248 5246/5246/5246
f 6014/6014/6014 5246/5246/5246 6019/6019/6019
f 6019/6019/6019 5246/5246/5246 5244/5244/5244
f 6019/6019/6019 5244/5244/5244 6024/6024/6024
f 6024/6024/6024 5244/5244/5244 5241/5241/5241
f 6024/6024/6024 5241/5241/5241 6029/6029/6029
f 6029/6029/6029 5241/5241/5241 5239/5239/5239
f 6029/6029/6029 5239/5239/5239 6034/6034/6034
f 6034/6034/6034 5239/5239/5239 5237/5237/5237
f 6034/6034/6034 5237/5237/5237 6039/6039/6039
f 6039/6039/6039 5237/5237/5237 5236/5236/5236
f 6039/6039/6039 5236/5236/5236 6044/6044/6044
f 6044/6044/6044 5236/5236/5236 5234/5234/5234
f 6044/6044/6044 5234/5234/5234 6049/6049/6049
f 6049/6049/6049 5234/5234/5234 5231/5231/5231
f 6049/6049/6049 5231/5231/5231 6054/6054/6054
f 6054/6054/6054 5231/5231/5231 5229/5229/5229
f 6054/6054/6054 5229/5229/5229 6059/6059/6059
f 6059/6059/6059 5229/5229/5229 5227/5227/5227
f 6059/6059/6059 5227/5227/5227 6064/6064/6064
f 6064/6064/6064 5227/5227/5227 5226/5226/5226
f 6064/6064/6064 5226/5226/5226 6069/6069/6069
f 6069/6069/6069 5226/5226/5226 5224/5224/5224
f 6069/6069/6069 5224/5224/5224 6074/6074/6074
f 6074/6074/6074 5224/5224/5224 5222/5222/5222
f 6074/6074/6074 5222/5222/5222 6079/6079/6079
f 6079/6079/6079 5222/5222/5222 5219/5219/5219
f 6079/6079/6079 5219/5219/5219 6084/6084/6084
f 6084/6084/6084 5219/5219/5219 5217/5217/5217
f 6084/6084/6084 5217/5217/5217 6089/6089/6089
f 6089/6089/6089 5217/5217/5217 5216/5216/5216
f 6089/6089/6089 5216/5216/5216 6094/6094/6094
f 6094/6094/6094 5216/5216/5216 5213/5213/5213
f 6094/6094/6094 5213/5213/5213 6099/6099/6099
f 6099/6099/6099 5213/5213/5213 5212/5212/5212
f 6099/6099/6099 5212/5212/5212 6104/6104/6104
f 6104/6104/6104 5212/5212/5212 5210/5210/5210
f 6104/6104/6104 5210/5210/5210 6109/6109/6109
f 6109/6109/6109 5210/5210/5210 5208/5208/5208
f 6109/6109/6109 5208/5208/5208 6114/6114/6114
f 6114/6114/6114 5208/5208/5208 5206/5206/5206
f 6114/6114/6114 5206/5206/5206 6119/6119/6119
f 6119/6119/6119 5206/5206/5206 5203/5203/5203
f 6119/6119/6119 5203/5203/5203 6124/6124/6124
f 6124/6124/6124 5203/5203/5203 5202/5202/5202
f 6124/6124/6124 5202/5202/5202 6129/6129/6129
f 6129/6129/6129 5202/5202/5202 5200/5200/5200
f 6129/6129/6129 5200/5200/5200 6134/6134/6134
f 6134/6134/6134 5200/5200/5200 5197/5197/5197
f 6134/6134/6134 5197/5197/5197 6139/6139/6139
f 6139/6139/6139 5197/5197/5197 5195/5195/5195
f 6139/6139/6139 5195/5195/5195 6144/6144/6144
f 6144/6144/6144 5195/5195/5195 5193/5193/5193
f 6144/6144/6144 5193/5193/5193 6149/6149/6149
f 6149/6149/6149 5193/5193/5193 5192/5192/5192
f 6149/6149/6149 5192/5192/5192 6154/6154/6154
f 6154/6154/6154 5192/5192/5192 5190/5190/5190
f 6154/6154/6154 5190/5190/5190 6159/6159/6159
f 6159/6159/6159 5190/5190/5190 5188/5188/5188
f 6159/6159/6159 5188/5188/5188 6164/6164/6164
f 6164/6164/6164 5188/5188/5188 5185/5185/5185
f 6164/6164/6164 5185/5185/5185 6169/6169/6169
f 6169/6169/6169 5185/5185/5185 5184/5184/5184
f 6169/6169/6169 5184/5184/5184 6174/6174/6174
f 6174/6174/6174 5184/5184/5184 5182/5182/5182
f 6174/6174/6174 5182/5182/5182 6179/6179/6179
f 6179/6179/6179 5182/5182/5182 5179/5179/5179
f 6179/6179/6179 5179/5179/5179 6184/6184/6184
f 6184/6184/6184 5179/5179/5179 5178/5178/5178
f 6184/6184/6184 5178/5178/5178 6189/6189/6189
f 6189/6189/6189 5178/5178/5178 5175/5175/5175
f 6189/6189/6189 5175/5175/5175 6194/6194/6194
f 6194/6194/6194 5175/5175/5175 5173/5173/5173
f 6194/6194/6194 5173/5173/5173 6199/6199/6199
f 6199/6199/6199 5173/5173/5173 5171/5171/5171
f 6199/6199/6199 5171/5171/5171 6204/6204/6204
f 6204/6204/6204 5171/5171/5171 5170/5170/5170
f 6204/6204/6204 5170/5170/5170 6209/6209/6209
f 6209/6209/6209 5170/5170/5170 5168/5168/5168
f 6209/6209/6209 5168/5168/5168 6214/6214/6214
f 6214/6214/6214 5168/5168/5168 5166/5166/5166
f 6214/6214/6214 5166/5166/5166 6219/6219/6219
f 6219/6219/6219 5166/5166/5166 5163/5163/5163
f 6219/6219/6219 5163/5163/5163 6224/6224/6224
f 6224/6224/6224 5163/5163/5163 5162/5162/5162
f 6228/6228/6228 5572/5572/5572 6223/6223/6223
f 6223/6223/6223 5572/5572/5572 5570/5570/5570
f 6223/6223/6223 5570/5570/5570 6218/6218/6218
f 6218/6218/6218 5570/5570/5570 5567/5567/5567
f 6218/6218/6218 5567/5567/5567 6213/6213/6213
f 6213/6213/6213 5567/5567/5567 5566/5566/5566
f 6213/6213/6213 5566/5566/5566 6208/6208/6208
f 6208/6208/6208 5566/5566/5566 5564/5564/5564
f 6208/6208/6208 5564/5564/5564 6203/6203/6203
f 6203/6203/6203 5564/5564/5564 5561/5561/5561
f 6203/6203/6203 5561/5561/5561 6198/6198/6198
f 6198/6198/6198 5561/5561/5561 5560/5560/5560
f 6198/6198/6198 5560/5560/5560 6193/6193/6193
f 6193/6193/6193 5560/5560/5560 5558/5558/5558
f 6193/6193/6193 5558/5558/5558 6188/6188/6188
f 6188/6188/6188 5558/5558/5558 5556/5556/5556
f 6188/6188/6188 5556/5556/5556 6183/6183/6183
f 6183/6183/6183 5556/5556/5556 5553/5553/5553
f 6183/6183/6183 5553/5553/5553 6178/6178/6178
f 6178/6178/6178 5553/5553/5553 5551/5551/5551
f 6178/6178/6178 5551/5551/5551 6173/6173/6173
f 6173/6173/6173 5551/5551/5551 5550/5550/5550
f 6173/6173/6173 5550/5550/5550 6168/6168/6168
f 6168/6168/6168 5550/5550/5550 5547/5547/5547
f 6168/6168/6168 5547/5547/5547 6163/6163/6163
f 6163/6163/6163 5547/5547/5547 5545/5545/5545
f 6163/6163/6163 5545/5545/5545 6158/6158/6158
f 6158/6158/6158 5545/5545/5545 5544/5544/5544
f 6158/6158/6158 5544/5544/5544 6153/6153/6153
f 6153/6153/6153 5544/5544/5544 5542/5542/5542
f 6153/6153/6153 5542/5542/5542 6148/6148/6148
f 6148/6148/6148 5542/5542/5542 5539/5539/5539
f 6148/6148/6148 5539/5539/5539 6143/6143/6143
f 6143/6143/6143 5539/5539/5539 5538/5538/5538
f 6143/6143/6143 5538/5538/5538 6138/6138/6138
f 6138/6138/6138 5538/5538/5538 5536/5536/5536
f 6138/6138/6138 5536/5536/5536 6133/6133/6133
f 6133/6133/6133 5536/5536/5536 5533/5533/5533
f 6133/6133/6133 5533/5533/5533 6128/6128/6128
f 6128/6128/6128 5533/5533/5533 5532/5532/5532
f 6128/6128/6128 5532/5532/5532 6123/6123/6123
f 6123/6123/6123 5532/5532/5532 5530/5530/5530
f 6123/6123/6123 5530/5530/5530 6118/6118/6118
f 6118/6118/6118 5530/5530/5530 5527/5527/5527
f 6118/6118/6118 5527/5527/5527 6113/6113/6113
f 6113/6113/6113 5527/5527/5527 5526/5526/5526
f 6113/6113/6113 5526/5526/5526 6108/6108/6108
f 6108/6108/6108 5526/5526/5526 5524/5524/5524
f 6108/6108/6108 5524/5524/5524 6103/6103/6103
f 6103/6103/6103 5524/5524/5524 5521/5521/5521
f 6103/6103/6103 5521/5521/5521 6098/6098/6098
f 6098/6098/6098 5521/5521/5521 5519/5519/5519
f 6098/6098/6098 5519/5519/5519 6093/6093/6093
f 6093/6093/6093 5519/5519/5519 5517/5517/5517
f 6093/6093/6093 5517/5517/5517 6088/6088/6088
f 6088/6088/6088 5517/5517/5517 5515/5515/5515
f 6088/6088/6088 5515/5515/5515 6083/6083/6083
f 6083/6083/6083 5515/5515/5515 5514/5514/5514
f 6083/6083/6083 5514/5514/5514 6078/6078/6078
f 6078/6078/6078 5514/5514/5514 5511/5511/5511
f 6078/6078/6078 5511/5511/5511 6073/6073/6073
f 6073/6073/6073 5511/5511/5511 5509/5509/5509
f 6073/6073/6073 5509/5509/5509 6068/6068/6068
f 6068/6068/6068 5509/5509/5509 5507/5507/5507
f 6068/6068/6068 5507/5507/5507 6063/6063/6063
f 6063/6063/6063 5507/5507/5507 5505/5505/5505
f 6063/6063/6063 5505/5505/5505 6058/6058/6058
f 6058/6058/6058 5505/5505/5505 5503/5503/5503
f 6058/6058/6058 5503/5503/5503 6053/6053/6053
f 6053/6053/6053 5503/5503/5503 5501/5501/5501
f 6053/6053/6053 5501/5501/5501 6048/6048/6048
f 6048/6048/6048 5501/5501/5501 5499/5499/5499
f 6048/6048/6048 5499/5499/5499 6043/6043/6043
f 6043/6043/6043 5499/5499/5499 5498/5498/5498
f 6043/6043/6043 5498/5498/5498 6038/6038/6038
f 6038/6038/6038 5498/5498/5498 5496/5496/5496
f 6038/6038/6038 5496/5496/5496 6033/6033/6033
f 6033/6033/6033 5496/5496/5496 5494/5494/5494
f 6033/6033/6033 5494/5494/5494 6028/6028/6028
f 6028/6028/6028 5494/5494/5494 5492/5492/5492
f 6028/6028/6028 5492/5492/5492 6023/6023/6023
f 6023/6023/6023 5492/5492/5492 5489/5489/5489
f 6023/6023/6023 5489/5489/5489 6018/6018/6018
f 6018/6018/6018 5489/5489/5489 5488/5488/5488
f 6018/6018/6018 5488/5488/5488 6013/6013/6013
f 6013/6013/6013 5488/5488/5488 5485/5485/5485
f 6013/6013/6013 5485/5485/5485 6008/6008/6008
f 6008/6008/6008 5485/5485/5485 5483/5483/5483
f 6008/6008/6008 5483/5483/5483 6003/6003/6003
f 6003/6003/6003 5483/5483/5483 5481/5481/5481
f 6003/6003/6003 5481/5481/5481 5998/5998/5998
f 5998/5998/5998 5481/5481/5481 5480/5480/5480
f 5998/5998/5998 5480/5480/5480 5993/5993/5993
f 5993/5993/5993 5480/5480/5480 5478/5478/5478
f 5993/5993/5993 5478/5478/5478 5988/5988/5988
f 5988/5988/5988 5478/5478/5478 5476/5476/5476
f 5988/5988/5988 5476/5476/5476 5983/5983/5983
f 5983/5983/5983 5476/5476/5476 5473/5473/5473
f 5983/5983/5983 5473/5473/5473 5978/5978/5978
f 5978/5978/5978 5473/5473/5473 5471/5471/5471
f 5978/5978/5978 5471/5471/5471 5973/5973/5973
f 5973/5973/5973 5471/5471/5471 5470/5470/5470
f 5973/5973/5973 5470/5470/5470 5968/5968/5968
f 5968/5968/5968 5470/5470/5470 5467/5467/5467
f 5968/5968/5968 5467/5467/5467 5963/5963/5963
f 5963/5963/5963 5467/5467/5467 5465/5465/5465
f 5963/5963/5963 5465/5465/5465 5958/5958/5958
f 5958/5958/5958 5465/5465/5465 5463/5463/5463
f 5958/5958/5958 5463/5463/5463 5953/5953/5953
f 5953/5953/5953 5463/5463/5463 5461/5461/5461
f 5953/5953/5953 5461/5461/5461 5948/5948/5948
f 5948/5948/5948 5461/5461/5461 5459/5459/5459
f 5948/5948/5948 5459/5459/5459 5943/5943/5943
f 5943/5943/5943 5459/5459/5459 5458/5458/5458
f 5943/5943/5943 5458/5458/5458 5938/5938/5938
f 5938/5938/5938 5458/5458/5458 5456/5456/5456
f 5938/5938/5938 5456/5456/5456 5933/5933/5933
f 5933/5933/5933 5456/5456/5456 5453/5453/5453
f 5933/5933/5933 5453/5453/5453 5928/5928/5928
f 5928/5928/5928 5453/5453/5453 5451/5451/5451
f 5928/5928/5928 5451/5451/5451 5923/5923/5923
f 5923/5923/5923 5451/5451/5451 5449/5449/5449
f 5923/5923/5923 5449/5449/5449 5918/5918/5918
f 5918/5918/5918 5449/5449/5449 5447/5447/5447
f 5918/5918/5918 5447/5447/5447 5913/5913/5913
f 5913/5913/5913 5447/5447/5447 5445/5445/5445
f 5913/5913/5913 5445/5445/5445 5908/5908/5908
f 5908/5908/5908 5445/5445/5445 5443/5443/5443
f 5908/5908/5908 5443/5443/5443 5903/5903/5903
f 5903/5903/5903 5443/5443/5443 5441/5441/5441
f 5903/5903/5903 5441/5441/5441 5898/5898/5898
f 5898/5898/5898 5441/5441/5441 5439/5439/5439
f 5898/5898/5898 5439/5439/5439 5893/5893/5893
f 5893/5893/5893 5439/5439/5439 5437/5437/5437
f 5893/5893/5893 5437/5437/5437 5888/5888/5888
f 5881/5881/5881 5880/5880/5880 5890/5890/5890
f 5890/5890/5890 5880/5880/5880 5889/5889/5889
f 5890/5890/5890 5889/5889/5889 5895/5895/5895
f 5895/5895/5895 5889/5889/5889 5894/5894/5894
f 5895/5895/5895 5894/5894/5894 5900/5900/5900
f 5900/5900/5900 5894/5894/5894 5899/5899/5899
f 5900/5900/5900 5899/5899/5899 5905/5905/5905
f 5905/5905/5905 5899/5899/5899 5904/5904/5904
f 5905/5905/5905 5904/5904/5904 5910/5910/5910
f 5910/5910/5910 5904/5904/5904 5909/5909/5909
f 5910/5910/5910 5909/5909/5909 5915/5915/5915
f 5915/5915/5915 5909/5909/5909 5914/5914/5914
f 5915/5915/5915 5914/5914/5914 5920/5920/5920
f 5920/5920/5920 5914/5914/5914 5919/5919/5919
f 5920/5920/5920 5919/5919/5919 5925/5925/5925
f 5925/5925/5925 5919/5919/5919 5924/5924/5924
f 5925/5925/5925 5924/5924/5924 5930/5930/5930
f 5930/5930/5930 5924/5924/5924 5929/5929/5929
f 5930/5930/5930 5929/5929/5929 5935/5935/5935
f 5935/5935/5935 5929/5929/5929 5934/5934/5934
f 5935/5935/5935 5934/5934/5934 5940/5940/5940
f 5940/5940/5940 5934/5934/5934 5939/5939/5939
f 5940/5940/5940 5939/5939/5939 5945/5945/5945
f 5945/5945/5945 5939/5939/5939 5944/5944/5944
f 5945/5945/5945 5944/5944/5944 5950/5950/5950
f 5950/5950/5950 5944/5944/5944 5949/5949/5949
f 5950/5950/5950 5949/5949/5949 5955/5955/5955
f 5955/5955/5955 5949/5949/5949 5954/5954/5954
f 5955/5955/5955 5954/5954/5954 5960/5960/5960
f 5960/5960/5960 5954/5954/5954 5959/5959/5959
f 5960/5960/5960 5959/5959/5959 5965/5965/5965
f 5965/5965/5965 5959/5959/5959 5964/5964/5964
f 5965/5965/5965 5964/5964/5964 5970/5970/5970
f 5970/5970/5970 5964/5964/5964 5969/5969/5969
f 5970/5970/5970 5969/5969/5969 5975/5975/5975
f 5975/5975/5975 5969/5969/5969 5974/5974/5974
f 5975/5975/5975 5974/5974/5974 5980/5980/5980
f 5980/5980/5980 5974/5974/5974 5979/5979/5979
f 5980/5980/5980 5979/5979/5979 5985/5985/5985
f 5985/5985/5985 5979/5979/5979 5984/5984/5984
f 5985/5985/5985 5984/5984/5984 5990/5990/5990
f 5990/5990/5990 5984/5984/5984 5989/5989/5989
f 5990/5990/5990 5989/5989/5989 5995/5995/5995
f 5995/5995/5995 5989/5989/5989 5994/5994/5994
f 5995/5995/5995 5994/5994/5994 6000/6000/6000
f 6000/6000/6000 5994/5994/5994 5999/5999/5999
f 6000/6000/6000 5999/5999/5999 6005/6005/6005
f 6005/6005/6005 5999/5999/5999 6004/6004/6004
f 6005/6005/6005 6004/6004/6004 6010/6010/6010
f 6010/6010/6010 6004/6004/6004 6009/6009/6009
f 6010/6010/6010 6009/6009/6009 6015/6015/6015
f 6015/6015/6015 6009/6009/6009 6014/6014/6014
f 6015/6015/6015 6014/6014/6014 6020/6020/6020
f 6020/6020/6020 6014/6014/6014 6019/6019/6019
f 6020/6020/6020 6019/6019/6019 6025/6025/6025
f 6025/6025/6025 6019/6019/6019 6024/6024/6024
f 6025/6025/6025 6024/6024/6024 6030/6030/6030
f 6030/6030/6030 6024/6024/6024 6029/6029/6029
f 6030/6030/6030 6029/6029/6029 6035/6035/6035
f 6035/6035/6035 6029/6029/6029 6034/6034/6034
f 6035/6035/6035 6034/6034/6034 6040/6040/6040
f 6040/6040/6040 6034/6034/6034 6039/6039/6039
f 6040/6040/6040 6039/6039/6039 6045/6045/6045
f 6045/6045/6045 6039/6039/6039 6044/6044/6044
f 6045/6045/6045 6044/6044/6044 6050/6050/6050
f 6050/6050/6050 6044/6044/6044 6049/6049/6049
f 6050/6050/6050 6049/6049/6049 6055/6055/6055
f 6055/6055/6055 6049/6049/6049 6054/6054/6054
f 6055/6055/6055 6054/6054/6054 6060/6060/6060
f 6060/6060/6060 6054/6054/6054 6059/6059/6059
f 6060/6060/6060 6059/6059/6059 6065/6065/6065
f 6065/6065/6065 6059/6059/6059 6064/6064/6064
f 6065/6065/6065 6064/6064/6064 6070/6070/6070
f 6070/6070/6070 6064/6064/6064 6069/6069/6069
f 6070/6070/6070 6069/6069/6069 6075/6075/6075
f 6075/6075/6075 6069/6069/6069 6074/6074/6074
f 6075/6075/6075 6074/6074/6074 6080/6080/6080
f 6080/6080/6080 6074/6074/6074 6079/6079/6079
f 6080/6080/6080 6079/6079/6079 6085/6085/6085
f 6085/6085/6085 6079/6079/6079 6084/6084/6084
f 6085/6085/6085 6084/6084/6084 6090/6090/6090
f 6090/6090/6090 6084/6084/6084 6089/6089/6089
f 6090/6090/6090 6089/6089/6089 6095/6095/6095
f 6095/6095/6095 6089/6089/6089 6094/6094/6094
f 6095/6095/6095 6094/6094/6094 6100/6100/6100
f 6100/6100/6100 6094/6094/6094 6099/6099/6099
f 6100/6100/6100 6099/6099/6099 6105/6105/6105
f 6105/6105/6105 6099/6099/6099 6104/6104/6104
f 6105/6105/6105 6104/6104/6104 6110/6110/6110
f 6110/6110/6110 6104/6104/6104 6109/6109/6109
f 6110/6110/6110 6109/6109/6109 6115/6115/6115
f 6115/6115/6115 6109/6109/6109 6114/6114/6114
f 6115/6115/6115 6114/6114/6114 6120/6120/6120
f 6120/6120/6120 6114/6114/6114 6119/6119/6119
f 6120/6120/6120 6119/6119/6119 6125/6125/6125
f 6125/6125/6125 6119/6119/6119 6124/6124/6124
f 6125/6125/6125 6124/6124/6124 6130/6130/6130
f 6130/6130/6130 6124/6124/6124 6129/6129/6129
f 6130/6130/6130 6129/6129/6129 6135/6135/6135
f 6135/6135/6135 6129/6129/6129 6134/6134/6134
f 6135/6135/6135 6134/6134/6134 6140/6140/6140
f 6140/6140/6140 6134/6134/6134 6139/6139/6139
f 6140/6140/6140 6139/6139/6139 6145/6145/6145
f 6145/6145/6145 6139/6139/6139 6144/6144/6144
f 6145/6145/6145 6144/6144/6144 6150/6150/6150
f 6150/6150/6150 6144/6144/6144 6149/6149/6149
f 6150/6150/6150 6149/6149/6149 6155/6155/6155
f 6155/6155/6155 6149/6149/6149 6154/6154/6154
f 6155/6155/6155 6154/6154/6154 6160/6160/6160
f 6160/6160/6160 6154/6154/6154 6159/6159/6159
f 6160/6160/6160 6159/6159/6159 6165/6165/6165
f 6165/6165/6165 6159/6159/6159 6164/6164/6164
f 6165/6165/6165 6164/6164/6164 6170/6170/6170
f 6170/6170/6170 6164/6164/6164 6169/6169/6169
f 6170/6170/6170 6169/6169/6169 6175/6175/6175
f 6175/6175/6175 6169/6169/6169 6174/6174/6174
f 6175/6175/6175 6174/6174/6174 6180/6180/6180
f 6180/6180/6180 6174/6174/6174 6179/6179/6179
f 6180/6180/6180 6179/6179/6179 6185/6185/6185
f 6185/6185/6185 6179/6179/6179 6184/6184/6184
f 6185/6185/6185 6184/6184/6184 6190/6190/6190
f 6190/6190/6190 6184/6184/6184 6189/6189/6189
f 6190/6190/6190 6189/6189/6189 6195/6195/6195
f 6195/6195/6195 6189/6189/6189 6194/6194/6194
f 6195/6195/6195 6194/6194/6194 6200/6200/6200
f 6200/6200/6200 6194/6194/6194 6199/6199/6199
f 6200/6200/6200 6199/6199/6199 6205/6205/6205
f 6205/6205/6205 6199/6199/6199 6204/6204/6204
f 6205/6205/6205 6204/6204/6204 6210/6210/6210
f 6210/6210/6210 6204/6204/6204 6209/6209/6209
f 6210/6210/6210 6209/6209/6209 6215/6215/6215
f 6215/6215/6215 6209/6209/6209 6214/6214/6214
f 6215/6215/6215 6214/6214/6214 6220/6220/6220
f 6220/6220/6220 6214/6214/6214 6219/6219/6219
f 6220/6220/6220 6219/6219/6219 6225/6225/6225
f 6225/6225/6225 6219/6219/6219 6224/6224/6224
f 5883/5883/5883 5881/5881/5881 5891/5891/5891
f 5891/5891/5891 5881/5881/5881 5890/5890/5890
f 5891/5891/5891 5890/5890/5890 5896/5896/5896
f 5896/5896/5896 5890/5890/5890 5895/5895/5895
f 5896/5896/5896 5895/5895/5895 5901/5901/5901
f 5901/5901/5901 5895/5895/5895 5900/5900/5900
f 5901/5901/5901 5900/5900/5900 5906/5906/5906
f 5906/5906/5906 5900/5900/5900 5905/5905/5905
f 5906/5906/5906 5905/5905/5905 5911/5911/5911
f 5911/5911/5911 5905/5905/5905 5910/5910/5910
f 5911/5911/5911 5910/5910/5910 5916/5916/5916
f 5916/5916/5916 5910/5910/5910 5915/5915/5915
f 5916/5916/5916 5915/5915/5915 5921/5921/5921
f 5921/5921/5921 5915/5915/5915 5920/5920/5920
f 5921/5921/5921 5920/5920/5920 5926/5926/5926
f 5926/5926/5926 5920/5920/5920 5925/5925/5925
f 5926/5926/5926 5925/5925/5925 5931/5931/5931
f 5931/5931/5931 5925/5925/5925 5930/5930/5930
f 5931/5931/5931 5930/5930/5930 5936/5936/5936
f 5936/5936/5936 5930/5930/5930 5935/5935/5935
f 5936/5936/5936 5935/5935/5935 5941/5941/5941
f 5941/5941/5941 5935/5935/5935 5940/5940/5940
f 5941/5941/5941 5940/5940/5940 5946/5946/5946
f 5946/5946/5946 5940/5940/5940 5945/5945/5945
f 5946/5946/5946 5945/5945/5945 5951/5951/5951
f 5951/5951/5951 5945/5945/5945 5950/5950/5950
f 5951/5951/5951 5950/5950/5950 5956/5956/5956
f 5956/5956/5956 5950/5950/5950 5955/5955/5955
f 5956/5956/5956 5955/5955/5955 5961/5961/5961
f 5961/5961/5961 5955/5955/5955 5960/5960/5960
f 5961/5961/5961 5960/5960/5960 5966/5966/5966
f 5966/5966/5966 5960/5960/5960 5965/5965/5965
f 5966/5966/5966 5965/5965/5965 5971/5971/5971
f 5971/5971/5971 5965/5965/5965 5970/5970/5970
f 5971/5971/5971 5970/5970/5970 5976/5976/5976
f 5976/5976/5976 5970/5970/5970 5975/5975/5975
f 5976/5976/5976 5975/5975/5975 5981/5981/5981
f 5981/5981/5981 5975/5975/5975 5980/5980/5980
f 5981/5981/5981 5980/5980/5980 5986/5986/5986
f 5986/5986/5986 5980/5980/5980 5985/5985/5985
f 5986/5986/5986 5985/5985/5985 5991/5991/5991
f 5991/5991/5991 5985/5985/5985 5990/5990/5990
f 5991/5991/5991 5990/5990/5990 5996/5996/5996
f 5996/5996/5996 5990/5990/5990 5995/5995/5995
f 5996/5996/5996 5995/5995/5995 6001/6001/6001
f 6001/6001/6001 5995/5995/5995 6000/6000/6000
f 6001/6001/6001 6000/6000/6000 6006/6006/6006
f 6006/6006/6006 6000/6000/6000 6005/6005/6005
f 6006/6006/6006 6005/6005/6005 6011/6011/6011
f 6011/6011/6011 6005/6005/6005 6010/6010/6010
f 6011/6011/6011 6010/6010/6010 6016/6016/6016
f 6016/6016/6016 6010/6010/6010 6015/6015/6015
f 6016/6016/6016 6015/6015/6015 6021/6021/6021
f 6021/6021/6021 6015/6015/6015 6020/6020/6020
f 6021/6021/6021 6020/6020/6020 6026/6026/6026
f 6026/6026/6026 6020/6020/6020 6025/6025/6025
f 6026/6026/6026 6025/6025/6025 6031/6031/6031
f 6031/6031/6031 6025/6025/6025 6030/6030/6030
f 6031/6031/6031 6030/6030/6030 6036/6036/6036
f 6036/6036/6036 6030/6030/6030 6035/6035/6035
f 6036/6036/6036 6035/6035/6035 6041/6041/6041
f 6041/6041/6041 6035/6035/6035 6040/6040/6040
f 6041/6041/6041 6040/6040/6040 6046/6046/6046
f 6046/6046/6046 6040/6040/6040 6045/6045/6045
f 6046/6046/6046 6045/6045/6045 6051/6051/6051
f 6051/6051/6051 6045/6045/6045 6050/6050/6050
f 6051/6051/6051 6050/6050/6050 6056/6056/6056
f 6056/6056/6056 6050/6050/6050 6055/6055/6055
f 6056/6056/6056 6055/6055/6055 6061/6061/6061
f 6061/6061/6061 6055/6055/6055 6060/6060/6060
f 6061/6061/6061 6060/6060/6060 6066/6066/6066
f 6066/6066/6066 6060/6060/6060 6065/6065/6065
f 6066/6066/6066 6065/6065/6065 6071/6071/6071
f 6071/6071/6071 6065/6065/6065 6070/6070/6070
f 6071/6071/6071 6070/6070/6070 6076/6076/6076
f 6076/6076/6076 6070/6070/6070 6075/6075/6075
f 6076/6076/6076 6075/6075/6075 6081/6081/6081
f 6081/6081/6081 6075/6075/6075 6080/6080/6080
f 6081/6081/6081 6080/6080/6080 6086/6086/6086
f 6086/6086/6086 6080/6080/6080 6085/6085/6085
f 6086/6086/6086 6085/6085/6085 6091/6091/6091
f 6091/6091/6091 6085/6085/6085 6090/6090/6090
f 6091/6091/6091 6090/6090/6090 6096/6096/6096
f 6096/6096/6096 6090/6090/6090 6095/6095/6095
f 6096/6096/6096 6095/6095/6095 6101/6101/6101
f 6101/6101/6101 6095/6095/6095 6100/6100/6100
f 6101/6101/6101 6100/6100/6100 6106/6106/6106
f 6106/6106/6106 6100/6100/6100 6105/6105/6105
f 6106/6106/6106 6105/6105/6105 6111/6111/6111
f 6111/6111/6111 6105/6105/6105 6110/6110/6110
f 6111/6111/6111 6110/6110/6110 6116/6116/6116
f 6116/6116/6116 6110/6110/6110 6115/6115/6115
f 6116/6116/6116 6115/6115/6115 6121/6121/6121
f 6121/6121/6121 6115/6115/6115 6120/6120/6120
f 6121/6121/6121 6120/6120/6120 6126/6126/6126
f 6126/6126/6126 6120/6120/6120 6125/6125/6125
f 6126/6126/6126 6125/6125/6125 6131/6131/6131
f 6131/6131/6131 6125/6125/6125 6130/6130/6130
f 6131/6131/6131 6130/6130/6130 6136/6136/6136
f 6136/6136/6136 6130/6130/6130 6135/6135/6135
f 6136/6136/6136 6135/6135/6135 6141/6141/6141
f 6141/6141/6141 6135/6135/6135 6140/6140/6140
f 6141/6141/6141 6140/6140/6140 6146/6146/6146
f 6146/6146/6146 6140/6140/6140 6145/6145/6145
f 6146/6146/6146 6145/6145/6145 6151/6151/6151
f 6151/6151/6151 6145/6145/6145 6150/6150/6150
f 6151/6151/6151 6150/6150/6150 6156/6156/6156
f 6156/6156/6156 6150/6150/6150 6155/6155/6155
f 6156/6156/6156 6155/6155/6155 6161/6161/6161
f 6161/6161/6161 6155/6155/6155 6160/6160/6160
f 6161/6161/6161 6160/6160/6160 6166/6166/6166
f 6166/6166/6166 6160/6160/6160 6165/6165/6165
f 6166/6166/6166 6165/6165/6165 6171/6171/6171
f 6171/6171/6171 6165/6165/6165 6170/6170/6170
f 6171/6171/6171 6170/6170/6170 6176/6176/6176
f 6176/6176/6176 6170/6170/6170 6175/6175/6175
f 6176/6176/6176 6175/6175/6175 6181/6181/6181
f 6181/6181/6181 6175/6175/6175 6180/6180/6180
f 6181/6181/6181 6180/6180/6180 6186/6186/6186
f 6186/6186/6186 6180/6180/6180 6185/6185/6185
f 6186/6186/6186 6185/6185/6185 6191/6191/6191
f 6191/6191/6191 6185/6185/6185 6190/6190/6190
f 6191/6191/6191 6190/6190/6190 6196/6196/6196
f 6196/6196/6196 6190/6190/6190 6195/6195/6195
f 6196/6196/6196 6195/6195/6195 6201/6201/6201
f 6201/6201/6201 6195/6195/6195 6200/6200/6200
f 6201/6201/6201 6200/6200/6200 6206/6206/6206
f 6206/6206/6206 6200/6200/6200 6205/6205/6205
f 6206/6206/6206 6205/6205/6205 6211/6211/6211
f 6211/6211/6211 6205/6205/6205 6210/6210/6210
f 6211/6211/6211 6210/6210/6210 6216/6216/6216
f 6216/6216/6216 6210/6210/6210 6215/6215/6215
f 6216/6216/6216 6215/6215/6215 6221/6221/6221
f 6221/6221/6221 6215/6215/6215 6220/6220/6220
f 6221/6221/6221 6220/6220/6220 6226/6226/6226
f 6226/6226/6226 6220/6220/6220 6225/6225/6225
f 5893/5893/5893 5888/5888/5888 5886/5886/5886
f 5886/5886/5886 5883/5883/5883 5892/5892/5892
f 5892/5892/5892 5883/5883/5883 5891/5891/5891
f 5892/5892/5892 5891/5891/5891 5897/5897/5897
f 5897/5897/5897 5891/5891/5891 5896/5896/5896
f 5897/5897/5897 5896/5896/5896 5902/5902/5902
f 5902/5902/5902 5896/5896/5896 5901/5901/5901
f 5902/5902/5902 5901/5901/5901 5907/5907/5907
f 5907/5907/5907 5901/5901/5901 5906/5906/5906
f 5907/5907/5907 5906/5906/5906 5912/5912/5912
f 5912/5912/5912 5906/5906/5906 5911/5911/5911
f 5912/5912/5912 5911/5911/5911 5917/5917/5917
f 5917/5917/5917 5911/5911/5911 5916/5916/5916
f 5917/5917/5917 5916/5916/5916 5922/5922/5922
f 5922/5922/5922 5916/5916/5916 5921/5921/5921
f 5922/5922/5922 5921/5921/5921 5927/5927/5927
f 5927/5927/5927 5921/5921/5921 5926/5926/5926
f 5927/5927/5927 5926/5926/5926 5932/5932/5932
f 5932/5932/5932 5926/5926/5926 5931/5931/5931
f 5932/5932/5932 5931/5931/5931 5937/5937/5937
f 5937/5937/5937 5931/5931/5931 5936/5936/5936
f 5937/5937/5937 5936/5936/5936 5942/5942/5942
f 5942/5942/5942 5936/5936/5936 5941/5941/5941
f 5942/5942/5942 5941/5941/5941 5947/5947/5947
f 5947/5947/5947 5941/5941/5941 5946/5946/5946
f 5947/5947/5947 5946/5946/5946 5952/5952/5952
f 5952/5952/5952 5946/5946/5946 5951/5951/5951
f 5952/5952/5952 5951/5951/5951 5957/5957/5957
f 5957/5957/5957 5951/5951/5951 5956/5956/5956
f 5957/5957/5957 5956/5956/5956 5962/5962/5962
f 5962/5962/5962 5956/5956/5956 5961/5961/5961
f 5962/5962/5962 5961/5961/5961 5967/5967/5967
f 5967/5967/5967 5961/5961/5961 5966/5966/5966
f 5967/5967/5967 5966/5966/5966 5972/5972/5972
f 5972/5972/5972 5966/5966/5966 5971/5971/5971
f 5972/5972/5972 5971/5971/5971 5977/5977/5977
f 5977/5977/5977 5971/5971/5971 5976/5976/5976
f 5977/5977/5977 5976/5976/5976 5982/5982/5982
f 5982/5982/5982 5976/5976/5976 5981/5981/5981
f 5982/5982/5982 5981/5981/5981 5987/5987/5987
f 5987/5987/5987 5981/5981/5981 5986/5986/5986
f 5987/5987/5987 5986/5986/5986 5992/5992/5992
f 5992/5992/5992 5986/5986/5986 5991/5991/5991
f 5992/5992/5992 5991/5991/5991 5997/5997/5997
f 5997/5997/5997 5991/5991/5991 5996/5996/5996
f 5997/5997/5997 5996/5996/5996 6002/6002/6002
f 6002/6002/6002 5996/5996/5996 6001/6001/6001
f 6002/6002/6002 6001/6001/6001 6007/6007/6007
f 6007/6007/6007 6001/6001/6001 6006/6006/6006
f 6007/6007/6007 6006/6006/6006 6012/6012/6012
f 6012/6012/6012 6006/6006/6006 6011/6011/6011
f 6012/6012/6012 6011/6011/6011 6017/6017/6017
f 6017/6017/6017 6011/6011/6011 6016/6016/6016
f 6017/6017/6017 6016/6016/6016 6022/6022/6022
f 6022/6022/6022 6016/6016/6016 6021/6021/6021
f 6022/6022/6022 6021/6021/6021 6027/6027/6027
f 6027/6027/6027 6021/6021/6021 6026/6026/6026
f 6027/6027/6027 6026/6026/6026 6032/6032/6032
f 6032/6032/6032 6026/6026/6026 6031/6031/6031
f 6032/6032/6032 6031/6031/6031 6037/6037/6037
f 6037/6037/6037 6031/6031/6031 6036/6036/6036
f 6037/6037/6037 6036/6036/6036 6042/6042/6042
f 6042/6042/6042 6036/6036/6036 6041/6041/6041
f 6042/6042/6042 6041/6041/6041 6047/6047/6047
f 6047/6047/6047 6041/6041/6041 6046/6046/6046
f 6047/6047/6047 6046/6046/6046 6052/6052/6052
f 6052/6052/6052 6046/6046/6046 6051/6051/6051
f 6052/6052/6052 6051/6051/6051 6057/6057/6057
f 6057/6057/6057 6051/6051/6051 6056/6056/6056
f 6057/6057/6057 6056/6056/6056 6062/6062/6062
f 6062/6062/6062 6056/6056/6056 6061/6061/6061
f 6062/6062/6062 6061/6061/6061 6067/6067/6067
f 6067/6067/6067 6061/6061/6061 6066/6066/6066
f 6067/6067/6067 6066/6066/6066 6072/6072/6072
f 6072/6072/6072 6066/6066/6066 6071/6071/6071
f 6072/6072/6072 6071/6071/6071 6077/6077/6077
f 6077/6077/6077 6071/6071/6071 6076/6076/6076
f 6077/6077/6077 6076/6076/6076 6082/6082/6082
f 6082/6082/6082 6076/6076/6076 6081/6081/6081
f 6082/6082/6082 6081/6081/6081 6087/6087/6087
f 6087/6087/6087 6081/6081/6081 6086/6086/6086
f 6087/6087/6087 6086/6086/6086 6092/6092/6092
f 6092/6092/6092 6086/6086/6086 6091/6091/6091
f 6092/6092/6092 6091/6091/6091 6097/6097/6097
f 6097/6097/6097 6091/6091/6091 6096/6096/6096
f 6097/6097/6097 6096/6096/6096 6102/6102/6102
f 6102/6102/6102 6096/6096/6096 6101/6101/6101
f 6102/6102/6102 6101/6101/6101 6107/6107/6107
f 6107/6107/6107 6101/6101/6101 6106/6106/6106
f 6107/6107/6107 6106/6106/6106 6112/6112/6112
f 6112/6112/6112 6106/6106/6106 6111/6111/6111
f 6112/6112/6112 6111/6111/6111 6117/6117/6117
f 6117/6117/6117 6111/6111/6111 6116/6116/6116
f 6117/6117/6117 6116/6116/6116 6122/6122/6122
f 6122/6122/6122 6116/6116/6116 6121/6121/6121
f 6122/6122/6122 6121/6121/6121 6127/6127/6127
f 6127/6127/6127 6121/6121/6121 6126/6126/6126
f 6127/6127/6127 6126/6126/6126 6132/6132/6132
f 6132/6132/6132 6126/6126/6126 6131/6131/6131
f 6132/6132/6132 6131/6131/6131 6137/6137/6137
f 6137/6137/6137 6131/6131/6131 6136/6136/6136
f 6137/6137/6137 6136/6136/6136 6142/6142/6142
f 6142/6142/6142 6136/6136/6136 6141/6141/6141
f 6142/6142/6142 6141/6141/6141 6147/6147/6147
f 6147/6147/6147 6141/6141/6141 6146/6146/6146
f 6147/6147/6147 6146/6146/6146 6152/6152/6152
f 6152/6152/6152 6146/6146/6146 6151/6151/6151
f 6152/6152/6152 6151/6151/6151 6157/6157/6157
f 6157/6157/6157 6151/6151/6151 6156/6156/6156
f 6157/6157/6157 6156/6156/6156 6162/6162/6162
f 6162/6162/6162 6156/6156/6156 6161/6161/6161
f 6162/6162/6162 6161/6161/6161 6167/6167/6167
f 6167/6167/6167 6161/6161/6161 6166/6166/6166
f 6167/6167/6167 6166/6166/6166 6172/6172/6172
f 6172/6172/6172 6166/6166/6166 6171/6171/6171
f 6172/6172/6172 6171/6171/6171 6177/6177/6177
f 6177/6177/6177 6171/6171/6171 6176/6176/6176
f 6177/6177/6177 6176/6176/6176 6182/6182/6182
f 6182/6182/6182 6176/6176/6176 6181/6181/6181
f 6182/6182/6182 6181/6181/6181 6187/6187/6187
f 6187/6187/6187 6181/6181/6181 6186/6186/6186
f 6187/6187/6187 6186/6186/6186 6192/6192/6192
f 6192/6192/6192 6186/6186/6186 6191/6191/6191
f 6192/6192/6192 6191/6191/6191 6197/6197/6197
f 6197/6197/6197 6191/6191/6191 6196/6196/6196
f 6197/6197/6197 6196/6196/6196 6202/6202/6202
f 6202/6202/6202 6196/6196/6196 6201/6201/6201
f 6202/6202/6202 6201/6201/6201 6207/6207/6207
f 6207/6207/6207 6201/6201/6201 6206/6206/6206
f 6207/6207/6207 6206/6206/6206 6212/6212/6212
f 6212/6212/6212 6206/6206/6206 6211/6211/6211
f 6212/6212/6212 6211/6211/6211 6217/6217/6217
f 6217/6217/6217 6211/6211/6211 6216/6216/6216
f 6217/6217/6217 6216/6216/6216 6222/6222/6222
f 6222/6222/6222 6216/6216/6216 6221/6221/6221
f 6222/6222/6222 6221/6221/6221 6227/6227/6227
f 6227/6227/6227 6221/6221/6221 6226/6226/6226
f 5898/5898/5898 5893/5893/5893 5892/5892/5892
f 5892/5892/5892 5893/5893/5893 5886/5886/5886
f 5898/5898/5898 5892/5892/5892 5897/5897/5897
f 5903/5903/5903 5898/5898/5898 5897/5897/5897
f 5903/5903/5903 5897/5897/5897 5902/5902/5902
f 5908/5908/5908 5903/5903/5903 5902/5902/5902
f 5908/5908/5908 5902/5902/5902 5907/5907/5907
f 5913/5913/5913 5908/5908/5908 5907/5907/5907
f 5913/5913/5913 5907/5907/5907 5912/5912/5912
f 5918/5918/5918 5913/5913/5913 5912/5912/5912
f 5918/5918/5918 5912/5912/5912 5917/5917/5917
f 5923/5923/5923 5918/5918/5918 5917/5917/5917
f 5923/5923/5923 5917/5917/5917 5922/5922/5922
f 5928/5928/5928 5923/5923/5923 5922/5922/5922
f 5928/5928/5928 5922/5922/5922 5927/5927/5927
f 5933/5933/5933 5928/5928/5928 5927/5927/5927
f 5933/5933/5933 5927/5927/5927 5932/5932/5932
f 5938/5938/5938 5933/5933/5933 5932/5932/5932
f 5938/5938/5938 5932/5932/5932 5937/5937/5937
f 5943/5943/5943 5938/5938/5938 5937/5937/5937
f 5943/5943/5943 5937/5937/5937 5942/5942/5942
f 5948/5948/5948 5943/5943/5943 5942/5942/5942
f 5948/5948/5948 5942/5942/5942 5947/5947/5947
f 5953/5953/5953 5948/5948/5948 5947/5947/5947
f 5953/5953/5953 5947/5947/5947 5952/5952/5952
f 5958/5958/5958 5953/5953/5953 5952/5952/5952
f 5958/5958/5958 5952/5952/5952 5957/5957/5957
f 5963/5963/5963 5958/5958/5958 5957/5957/5957
f 5963/5963/5963 5957/5957/5957 5962/5962/5962
f 5968/5968/5968 5963/5963/5963 5962/5962/5962
f 5968/5968/5968 5962/5962/5962 5967/5967/5967
f 5973/5973/5973 5968/5968/5968 5967/5967/5967
f 5973/5973/5973 5967/5967/5967 5972/5972/5972
f 5978/5978/5978 5973/5973/5973 5972/5972/5972
f 5978/5978/5978 5972/5972/5972 5977/5977/5977
f 5983/5983/5983 5978/5978/5978 5977/5977/5977
f 5983/5983/5983 5977/5977/5977 5982/5982/5982
f 5988/5988/5988 5983/5983/5983 5982/5982/5982
f 5988/5988/5988 5982/5982/5982 5987/5987/5987
f 5993/5993/5993 5988/5988/5988 5987/5987/5987
f 5993/5993/5993 5987/5987/5987 5992/5992/5992
f 5998/5998/5998 5993/5993/5993 5992/5992/5992
f 5998/5998/5998 5992/5992/5992 5997/5997/5997
f 6003/6003/6003 5998/5998/5998 5997/5997/5997
f 6003/6003/6003 5997/5997/5997 6002/6002/6002
f 6008/6008/6008 6003/6003/6003 6002/6002/6002
f 6008/6008/6008 6002/6002/6002 6007/6007/6007
f 6013/6013/6013 6008/6008/6008 6007/6007/6007
f 6013/6013/6013 6007/6007/6007 6012/6012/6012
f 6018/6018/6018 6013/6013/6013 6012/6012/6012
f 6018/6018/6018 6012/6012/6012 6017/6017/6017
f 6023/6023/6023 6018/6018/6018 6017/6017/6017
f 6023/6023/6023 6017/6017/6017 6022/6022/6022
f 6028/6028/6028 6023/6023/6023 6022/6022/6022
f 6028/6028/6028 6022/6022/6022 6027/6027/6027
f 6033/6033/6033 6028/6028/6028 6027/6027/6027
f 6033/6033/6033 6027/6027/6027 6032/6032/6032
f 6038/6038/6038 6033/6033/6033 6032/6032/6032
f 6038/6038/6038 6032/6032/6032 6037/6037/6037
f 6043/6043/6043 6038/6038/6038 6037/6037/6037
f 6043/6043/6043 6037/6037/6037 6042/6042/6042
f 6048/6048/6048 6043/6043/6043 6042/6042/6042
f 6048/6048/6048 6042/6042/6042 6047/6047/6047
f 6053/6053/6053 6048/6048/6048 6047/6047/6047
f 6053/6053/6053 6047/6047/6047 6052/6052/6052
f 6058/6058/6058 6053/6053/6053 6052/6052/6052
f 6058/6058/6058 6052/6052/6052 6057/6057/6057
f 6063/6063/6063 6058/6058/6058 6057/6057/6057
f 6063/6063/6063 6057/6057/6057 6062/6062/6062
f 6068/6068/6068 6063/6063/6063 6062/6062/6062
f 6068/6068/6068 6062/6062/6062 6067/6067/6067
f 6073/6073/6073 6068/6068/6068 6067/6067/6067
f 6073/6073/6073 6067/6067/6067 6072/6072/6072
f 6078/6078/6078 6073/6073/6073 6072/6072/6072
f 6078/6078/6078 6072/6072/6072 6077/6077/6077
f 6083/6083/6083 6078/6078/6078 6077/6077/6077
f 6083/6083/6083 6077/6077/6077 6082/6082/6082
f 6088/6088/6088 6083/6083/6083 6082/6082/6082
f 6088/6088/6088 6082/6082/6082 6087/6087/6087
f 6093/6093/6093 6088/6088/6088 6087/6087/6087
f 6093/6093/6093 6087/6087/6087 6092/6092/6092
f 6098/6098/6098 6093/6093/6093 6092/6092/6092
f 6098/6098/6098 6092/6092/6092 6097/6097/6097
f 6103/6103/6103 6098/6098/6098 6097/6097/6097
f 6103/6103/6103 6097/6097/6097 6102/6102/6102
f 6108/6108/6108 6103/6103/6103 6102/6102/6102
f 6108/6108/6108 6102/6102/6102 6107/6107/6107
f 6113/6113/6113 6108/6108/6108 6107/6107/6107
f 6113/6113/6113 6107/6107/6107 6112/6112/6112
f 6118/6118/6118 6113/6113/6113 6112/6112/6112
f 6118/6118/6118 6112/6112/6112 6117/6117/6117
f 6123/6123/6123 6118/6118/6118 6117/6117/6117
f 6123/6123/6123 6117/6117/6117 6122/6122/6122
f 6128/6128/6128 6123/6123/6123 6122/6122/6122
f 6128/6128/6128 6122/6122/6122 6127/6127/6127
f 6133/6133/6133 6128/6128/6128 6127/6127/6127
f 6133/6133/6133 6127/6127/6127 6132/6132/6132
f 6138/6138/6138 6133/6133/6133 6132/6132/6132
f 6138/6138/6138 6132/6132/6132 6137/6137/6137
f 6143/6143/6143 6138/6138/6138 6137/6137/6137
f 6143/6143/6143 6137/6137/6137 6142/6142/6142
f 6148/6148/6148 6143/6143/6143 6142/6142/6142
f 6148/6148/6148 6142/6142/6142 6147/6147/6147
f 6153/6153/6153 6148/6148/6148 6147/6147/6147
f 6153/6153/6153 6147/6147/6147 6152/6152/6152
f 6158/6158/6158 6153/6153/6153 6152/6152/6152
f 6158/6158/6158 6152/6152/6152 6157/6157/6157
f 6163/6163/6163 6158/6158/6158 6157/6157/6157
f 6163/6163/6163 6157/6157/6157 6162/6162/6162
f 6168/6168/6168 6163/6163/6163 6162/6162/6162
f 6168/6168/6168 6162/6162/6162 6167/6167/6167
f 6173/6173/6173 6168/6168/6168 6167/6167/6167
f 6173/6173/6173 6167/6167/6167 6172/6172/6172
f 6178/6178/6178 6173/6173/6173 6172/6172/6172
f 6178/6178/6178 6172/6172/6172 6177/6177/6177
f 6183/6183/6183 6178/6178/6178 6177/6177/6177
f 6183/6183/6183 6177/6177/6177 6182/6182/6182
f 6188/6188/6188 6183/6183/6183 6182/6182/6182
f 6188/6188/6188 6182/6182/6182 6187/6187/6187
f 6193/6193/6193 6188/6188/6188 6187/6187/6187
f 6193/6193/6193 6187/6187/6187 6192/6192/6192
f 6198/6198/6198 6193/6193/6193 6192/6192/6192
f 6198/6198/6198 6192/6192/6192 6197/6197/6197
f 6203/6203/6203 6198/6198/6198 6197/6197/6197
f 6203/6203/6203 6197/6197/6197 6202/6202/6202
f 6208/6208/6208 6203/6203/6203 6202/6202/6202
f 6208/6208/6208 6202/6202/6202 6207/6207/6207
f 6213/6213/6213 6208/6208/6208 6207/6207/6207
f 6213/6213/6213 6207/6207/6207 6212/6212/6212
f 6218/6218/6218 6213/6213/6213 6212/6212/6212
f 6218/6218/6218 6212/6212/6212 6217/6217/6217
f 6223/6223/6223 6218/6218/6218 6217/6217/6217
f 6223/6223/6223 6217/6217/6217 6222/6222/6222
f 6228/6228/6228 6223/6223/6223 6222/6222/6222
f 6228/6228/6228 6222/6222/6222 6227/6227/6227

